2460399 openat(AT_FDCWD, "/home/u00134/bin/miniconda3/bin/../lib/glibc-hwcaps/x86-64-v4/libpthread.so.0", O_RDONLY|O_CLOEXEC) = -1 ENOENT (No such file or directory)
2460399 openat(AT_FDCWD, "/home/u00134/bin/miniconda3/bin/../lib/glibc-hwcaps/x86-64-v3/libpthread.so.0", O_RDONLY|O_CLOEXEC) = -1 ENOENT (No such file or directory)
2460399 openat(AT_FDCWD, "/home/u00134/bin/miniconda3/bin/../lib/glibc-hwcaps/x86-64-v2/libpthread.so.0", O_RDONLY|O_CLOEXEC) = -1 ENOENT (No such file or directory)
2460399 openat(AT_FDCWD, "/home/u00134/bin/miniconda3/bin/../lib/libpthread.so.0", O_RDONLY|O_CLOEXEC) = -1 ENOENT (No such file or directory)
2460399 openat(AT_FDCWD, "/etc/ld.so.cache", O_RDONLY|O_CLOEXEC) = 3
2460399 openat(AT_FDCWD, "/lib/x86_64-linux-gnu/libpthread.so.0", O_RDONLY|O_CLOEXEC) = 3
2460399 openat(AT_FDCWD, "/home/u00134/bin/miniconda3/bin/../lib/libdl.so.2", O_RDONLY|O_CLOEXEC) = -1 ENOENT (No such file or directory)
2460399 openat(AT_FDCWD, "/lib/x86_64-linux-gnu/libdl.so.2", O_RDONLY|O_CLOEXEC) = 3
2460399 openat(AT_FDCWD, "/home/u00134/bin/miniconda3/bin/../lib/libutil.so.1", O_RDONLY|O_CLOEXEC) = -1 ENOENT (No such file or directory)
2460399 openat(AT_FDCWD, "/lib/x86_64-linux-gnu/libutil.so.1", O_RDONLY|O_CLOEXEC) = 3
2460399 openat(AT_FDCWD, "/home/u00134/bin/miniconda3/bin/../lib/libm.so.6", O_RDONLY|O_CLOEXEC) = -1 ENOENT (No such file or directory)
2460399 openat(AT_FDCWD, "/lib/x86_64-linux-gnu/libm.so.6", O_RDONLY|O_CLOEXEC) = 3
2460399 openat(AT_FDCWD, "/home/u00134/bin/miniconda3/bin/../lib/libc.so.6", O_RDONLY|O_CLOEXEC) = -1 ENOENT (No such file or directory)
2460399 openat(AT_FDCWD, "/lib/x86_64-linux-gnu/libc.so.6", O_RDONLY|O_CLOEXEC) = 3
2460399 open("/proc/sys/vm/overcommit_memory", O_RDONLY) = 3
2460399 openat(AT_FDCWD, "/usr/lib/locale/locale-archive", O_RDONLY|O_CLOEXEC) = 3
2460399 openat(AT_FDCWD, "/usr/share/locale/locale.alias", O_RDONLY|O_CLOEXEC) = 3
2460399 openat(AT_FDCWD, "/usr/lib/locale/C.UTF-8/LC_CTYPE", O_RDONLY|O_CLOEXEC) = -1 ENOENT (No such file or directory)
2460399 openat(AT_FDCWD, "/usr/lib/locale/C.utf8/LC_CTYPE", O_RDONLY|O_CLOEXEC) = 3
2460399 openat(AT_FDCWD, "/usr/lib/x86_64-linux-gnu/gconv/gconv-modules.cache", O_RDONLY|O_CLOEXEC) = 3
2460399 openat(AT_FDCWD, "/home/u00134/bin/miniconda3/pyvenv.cfg", O_RDONLY) = -1 ENOENT (No such file or directory)
2460399 openat(AT_FDCWD, "/home/u00134/bin/miniconda3/bin/pyvenv.cfg", O_RDONLY) = -1 ENOENT (No such file or directory)
2460399 openat(AT_FDCWD, "/home/u00134/bin/miniconda3/bin/python._pth", O_RDONLY) = -1 ENOENT (No such file or directory)
2460399 openat(AT_FDCWD, "/home/u00134/bin/miniconda3/bin/python3.13._pth", O_RDONLY) = -1 ENOENT (No such file or directory)
2460399 openat(AT_FDCWD, "/home/u00134/bin/miniconda3/bin/pybuilddir.txt", O_RDONLY) = -1 ENOENT (No such file or directory)
2460399 openat(AT_FDCWD, "/etc/localtime", O_RDONLY|O_CLOEXEC) = 3
2460399 openat(AT_FDCWD, "/home/u00134/bin/miniconda3/lib/python3.13", O_RDONLY|O_NONBLOCK|O_CLOEXEC|O_DIRECTORY) = 3
2460399 openat(AT_FDCWD, "/home/u00134/bin/miniconda3/lib/python3.13/encodings/__pycache__/__init__.cpython-313.pyc", O_RDONLY|O_CLOEXEC) = 3
2460399 openat(AT_FDCWD, "/home/u00134/bin/miniconda3/lib/python3.13/encodings", O_RDONLY|O_NONBLOCK|O_CLOEXEC|O_DIRECTORY) = 3
2460399 openat(AT_FDCWD, "/home/u00134/bin/miniconda3/lib/python3.13/encodings/__pycache__/aliases.cpython-313.pyc", O_RDONLY|O_CLOEXEC) = 3
2460399 openat(AT_FDCWD, "/home/u00134/bin/miniconda3/lib/python3.13/encodings/__pycache__/utf_8.cpython-313.pyc", O_RDONLY|O_CLOEXEC) = 3
2460399 openat(AT_FDCWD, "/home/u00134/bin/miniconda3/lib/python3.13/site-packages", O_RDONLY|O_NONBLOCK|O_CLOEXEC|O_DIRECTORY) = 3
2460399 openat(AT_FDCWD, "/home/u00134/bin/miniconda3/lib/python3.13/site-packages/distutils-precedence.pth", O_RDONLY|O_CLOEXEC) = 3
2460399 openat(AT_FDCWD, "/home/u00134/bin/miniconda3/lib/python3.13/encodings/__pycache__/utf_8_sig.cpython-313.pyc", O_RDONLY|O_CLOEXEC) = 3
2460399 openat(AT_FDCWD, "/home/u00134/bin/miniconda3/lib/python3.13/lib-dynload", O_RDONLY|O_NONBLOCK|O_CLOEXEC|O_DIRECTORY) = 3
2460399 openat(AT_FDCWD, "/home/u00134/bin/miniconda3/lib/python3.13/site-packages", O_RDONLY|O_NONBLOCK|O_CLOEXEC|O_DIRECTORY) = 3
2460399 openat(AT_FDCWD, "/home/u00134/bin/miniconda3/lib/python3.13/site-packages/_distutils_hack/__pycache__/__init__.cpython-313.pyc", O_RDONLY|O_CLOEXEC) = 3
2460399 openat(AT_FDCWD, "/home/u00134/bin/miniconda3/lib/python3.13/__pycache__/sitecustomize.cpython-313.pyc", O_RDONLY|O_CLOEXEC) = 3
2460399 openat(AT_FDCWD, "/home/u00134/3dgs_line/hybrid_raster_extra_models_v1/artifacts/hybrid_raster_extra_models_v1/independent_review/verify_blocker.py", O_RDONLY|O_CLOEXEC) = 3
2460399 openat(AT_FDCWD, "/home/u00134/3dgs_line/hybrid_raster_extra_models_v1/artifacts/hybrid_raster_extra_models_v1/independent_review/verify_blocker.py", O_RDONLY) = 3
2460399 openat(AT_FDCWD, "/home/u00134/3dgs_line/hybrid_raster_extra_models_v1/artifacts/hybrid_raster_extra_models_v1/independent_review", O_RDONLY|O_NONBLOCK|O_CLOEXEC|O_DIRECTORY) = 3
2460399 openat(AT_FDCWD, "/home/u00134/bin/miniconda3/lib/python3.13/__pycache__/argparse.cpython-313.pyc", O_RDONLY|O_CLOEXEC) = 3
2460399 openat(AT_FDCWD, "/home/u00134/bin/miniconda3/lib/python3.13/re/__pycache__/__init__.cpython-313.pyc", O_RDONLY|O_CLOEXEC) = 3
2460399 openat(AT_FDCWD, "/home/u00134/bin/miniconda3/lib/python3.13/__pycache__/enum.cpython-313.pyc", O_RDONLY|O_CLOEXEC) = 3
2460399 openat(AT_FDCWD, "/home/u00134/bin/miniconda3/lib/python3.13/__pycache__/functools.cpython-313.pyc", O_RDONLY|O_CLOEXEC) = 3
2460399 openat(AT_FDCWD, "/home/u00134/bin/miniconda3/lib/python3.13/collections/__pycache__/__init__.cpython-313.pyc", O_RDONLY|O_CLOEXEC) = 3
2460399 openat(AT_FDCWD, "/home/u00134/bin/miniconda3/lib/python3.13/__pycache__/keyword.cpython-313.pyc", O_RDONLY|O_CLOEXEC) = 3
2460399 openat(AT_FDCWD, "/home/u00134/bin/miniconda3/lib/python3.13/__pycache__/operator.cpython-313.pyc", O_RDONLY|O_CLOEXEC) = 3
2460399 openat(AT_FDCWD, "/home/u00134/bin/miniconda3/lib/python3.13/__pycache__/reprlib.cpython-313.pyc", O_RDONLY|O_CLOEXEC) = 3
2460399 openat(AT_FDCWD, "/home/u00134/bin/miniconda3/lib/python3.13/__pycache__/types.cpython-313.pyc", O_RDONLY|O_CLOEXEC) = 3
2460399 openat(AT_FDCWD, "/home/u00134/bin/miniconda3/lib/python3.13/re", O_RDONLY|O_NONBLOCK|O_CLOEXEC|O_DIRECTORY) = 3
2460399 openat(AT_FDCWD, "/home/u00134/bin/miniconda3/lib/python3.13/re/__pycache__/_compiler.cpython-313.pyc", O_RDONLY|O_CLOEXEC) = 3
2460399 openat(AT_FDCWD, "/home/u00134/bin/miniconda3/lib/python3.13/re/__pycache__/_parser.cpython-313.pyc", O_RDONLY|O_CLOEXEC) = 3
2460399 openat(AT_FDCWD, "/home/u00134/bin/miniconda3/lib/python3.13/re/__pycache__/_constants.cpython-313.pyc", O_RDONLY|O_CLOEXEC) = 3
2460399 openat(AT_FDCWD, "/home/u00134/bin/miniconda3/lib/python3.13/re/__pycache__/_casefix.cpython-313.pyc", O_RDONLY|O_CLOEXEC) = 3
2460399 openat(AT_FDCWD, "/home/u00134/bin/miniconda3/lib/python3.13/__pycache__/copyreg.cpython-313.pyc", O_RDONLY|O_CLOEXEC) = 3
2460399 openat(AT_FDCWD, "/home/u00134/bin/miniconda3/lib/python3.13/__pycache__/gettext.cpython-313.pyc", O_RDONLY|O_CLOEXEC) = 3
2460399 openat(AT_FDCWD, "/home/u00134/bin/miniconda3/lib/python3.13/__pycache__/hashlib.cpython-313.pyc", O_RDONLY|O_CLOEXEC) = 3
2460399 openat(AT_FDCWD, "/home/u00134/bin/miniconda3/lib/python3.13/lib-dynload/_hashlib.cpython-313-x86_64-linux-gnu.so", O_RDONLY|O_CLOEXEC) = 3
2460399 openat(AT_FDCWD, "/home/u00134/bin/miniconda3/lib/python3.13/lib-dynload/../../glibc-hwcaps/x86-64-v4/libcrypto.so.3", O_RDONLY|O_CLOEXEC) = -1 ENOENT (No such file or directory)
2460399 openat(AT_FDCWD, "/home/u00134/bin/miniconda3/lib/python3.13/lib-dynload/../../glibc-hwcaps/x86-64-v3/libcrypto.so.3", O_RDONLY|O_CLOEXEC) = -1 ENOENT (No such file or directory)
2460399 openat(AT_FDCWD, "/home/u00134/bin/miniconda3/lib/python3.13/lib-dynload/../../glibc-hwcaps/x86-64-v2/libcrypto.so.3", O_RDONLY|O_CLOEXEC) = -1 ENOENT (No such file or directory)
2460399 openat(AT_FDCWD, "/home/u00134/bin/miniconda3/lib/python3.13/lib-dynload/../../libcrypto.so.3", O_RDONLY|O_CLOEXEC) = 3
2460399 openat(AT_FDCWD, "/home/u00134/bin/miniconda3/ssl/openssl.cnf", O_RDONLY) = 3
2460399 openat(AT_FDCWD, "/home/u00134/bin/miniconda3/lib/python3.13/lib-dynload/_blake2.cpython-313-x86_64-linux-gnu.so", O_RDONLY|O_CLOEXEC) = 3
2460399 openat(AT_FDCWD, "/home/u00134/bin/miniconda3/lib/python3.13/json/__pycache__/__init__.cpython-313.pyc", O_RDONLY|O_CLOEXEC) = 3
2460399 openat(AT_FDCWD, "/home/u00134/bin/miniconda3/lib/python3.13/json", O_RDONLY|O_NONBLOCK|O_CLOEXEC|O_DIRECTORY) = 3
2460399 openat(AT_FDCWD, "/home/u00134/bin/miniconda3/lib/python3.13/json/__pycache__/decoder.cpython-313.pyc", O_RDONLY|O_CLOEXEC) = 3
2460399 openat(AT_FDCWD, "/home/u00134/bin/miniconda3/lib/python3.13/json/__pycache__/scanner.cpython-313.pyc", O_RDONLY|O_CLOEXEC) = 3
2460399 openat(AT_FDCWD, "/home/u00134/bin/miniconda3/lib/python3.13/lib-dynload/_json.cpython-313-x86_64-linux-gnu.so", O_RDONLY|O_CLOEXEC) = 3
2460399 openat(AT_FDCWD, "/home/u00134/bin/miniconda3/lib/python3.13/json/__pycache__/encoder.cpython-313.pyc", O_RDONLY|O_CLOEXEC) = 3
2460399 openat(AT_FDCWD, "/home/u00134/bin/miniconda3/lib/python3.13/lib-dynload/math.cpython-313-x86_64-linux-gnu.so", O_RDONLY|O_CLOEXEC) = 3
2460399 openat(AT_FDCWD, "/home/u00134/bin/miniconda3/lib/python3.13/pathlib/__pycache__/__init__.cpython-313.pyc", O_RDONLY|O_CLOEXEC) = 3
2460399 openat(AT_FDCWD, "/home/u00134/bin/miniconda3/lib/python3.13/pathlib", O_RDONLY|O_NONBLOCK|O_CLOEXEC|O_DIRECTORY) = 3
2460399 openat(AT_FDCWD, "/home/u00134/bin/miniconda3/lib/python3.13/pathlib/__pycache__/_abc.cpython-313.pyc", O_RDONLY|O_CLOEXEC) = 3
2460399 openat(AT_FDCWD, "/home/u00134/bin/miniconda3/lib/python3.13/__pycache__/glob.cpython-313.pyc", O_RDONLY|O_CLOEXEC) = 3
2460399 openat(AT_FDCWD, "/home/u00134/bin/miniconda3/lib/python3.13/__pycache__/contextlib.cpython-313.pyc", O_RDONLY|O_CLOEXEC) = 3
2460399 openat(AT_FDCWD, "/home/u00134/bin/miniconda3/lib/python3.13/__pycache__/fnmatch.cpython-313.pyc", O_RDONLY|O_CLOEXEC) = 3
2460399 openat(AT_FDCWD, "/home/u00134/bin/miniconda3/lib/python3.13/pathlib/__pycache__/_local.cpython-313.pyc", O_RDONLY|O_CLOEXEC) = 3
2460399 openat(AT_FDCWD, "/home/u00134/bin/miniconda3/lib/python3.13/__pycache__/warnings.cpython-313.pyc", O_RDONLY|O_CLOEXEC) = 3
2460399 openat(AT_FDCWD, "/home/u00134/bin/miniconda3/lib/python3.13/lib-dynload/grp.cpython-313-x86_64-linux-gnu.so", O_RDONLY|O_CLOEXEC) = 3
2460399 openat(AT_FDCWD, "/home/u00134/bin/miniconda3/lib/python3.13/__pycache__/locale.cpython-313.pyc", O_RDONLY|O_CLOEXEC) = 3
2460399 openat(AT_FDCWD, "/home/u00134/bin/miniconda3/lib/python3.13/__pycache__/shutil.cpython-313.pyc", O_RDONLY|O_CLOEXEC) = 3
2460399 openat(AT_FDCWD, "/home/u00134/bin/miniconda3/lib/python3.13/lib-dynload/zlib.cpython-313-x86_64-linux-gnu.so", O_RDONLY|O_CLOEXEC) = 3
2460399 openat(AT_FDCWD, "/home/u00134/bin/miniconda3/lib/python3.13/lib-dynload/../../libz.so.1", O_RDONLY|O_CLOEXEC) = 3
2460399 openat(AT_FDCWD, "/home/u00134/bin/miniconda3/lib/python3.13/__pycache__/bz2.cpython-313.pyc", O_RDONLY|O_CLOEXEC) = 3
2460399 openat(AT_FDCWD, "/home/u00134/bin/miniconda3/lib/python3.13/__pycache__/_compression.cpython-313.pyc", O_RDONLY|O_CLOEXEC) = 3
2460399 openat(AT_FDCWD, "/home/u00134/bin/miniconda3/lib/python3.13/lib-dynload/_bz2.cpython-313-x86_64-linux-gnu.so", O_RDONLY|O_CLOEXEC) = 3
2460399 openat(AT_FDCWD, "/home/u00134/bin/miniconda3/lib/python3.13/lib-dynload/../../libbz2.so.1.0", O_RDONLY|O_CLOEXEC) = 3
2460399 openat(AT_FDCWD, "/home/u00134/bin/miniconda3/lib/python3.13/__pycache__/lzma.cpython-313.pyc", O_RDONLY|O_CLOEXEC) = 3
2460399 openat(AT_FDCWD, "/home/u00134/bin/miniconda3/lib/python3.13/lib-dynload/_lzma.cpython-313-x86_64-linux-gnu.so", O_RDONLY|O_CLOEXEC) = 3
2460399 openat(AT_FDCWD, "/home/u00134/bin/miniconda3/lib/python3.13/lib-dynload/../../liblzma.so.5", O_RDONLY|O_CLOEXEC) = 3
2460399 openat(AT_FDCWD, "artifacts/hybrid_raster_extra_models_v1/inventory/INVENTORY_DISCOVERY.json", O_RDONLY|O_CLOEXEC) = 3
2460399 openat(AT_FDCWD, "artifacts/hybrid_raster_extra_models_v1/INPUTS.json", O_RDONLY|O_CLOEXEC) = 3
2460399 openat(AT_FDCWD, "artifacts/hybrid_raster_extra_models_v1/inventory/INVENTORY_DISCOVERY.json", O_RDONLY|O_CLOEXEC) = 3
2460399 openat(AT_FDCWD, "/home/u00134/3dgs_line/hybrid_raster_extra_models_v1/artifacts/hybrid_raster_extra_models_v1/INHERITED_LOCK.json", O_RDONLY|O_CLOEXEC) = 3
2460399 openat(AT_FDCWD, "/home/u00134/3dgs_line/hybrid_raster_evidence_v2/out/hybrid_raster_evidence_v2/LOCK.json", O_RDONLY|O_CLOEXEC) = 3
2460399 openat(AT_FDCWD, "/home/u00134/cglib/outputs", O_RDONLY|O_NONBLOCK|O_CLOEXEC|O_DIRECTORY) = 3
2460399 openat(AT_FDCWD, "/home/u00134/cglib/outputs/cadpartA_static", O_RDONLY|O_NONBLOCK|O_CLOEXEC|O_DIRECTORY) = 3
2460399 openat(AT_FDCWD, "/home/u00134/cglib/outputs/exp_sweep", O_RDONLY|O_NONBLOCK|O_CLOEXEC|O_DIRECTORY) = 3
2460399 openat(AT_FDCWD, "/home/u00134/cglib/outputs/cadpart_static", O_RDONLY|O_NONBLOCK|O_CLOEXEC|O_DIRECTORY) = 3
2460399 openat(AT_FDCWD, "/home/u00134/cglib/outputs/cadpartB_static", O_RDONLY|O_NONBLOCK|O_CLOEXEC|O_DIRECTORY) = 3
2460399 openat(AT_FDCWD, "/home/u00134/cglib/outputs/gicosa_static", O_RDONLY|O_NONBLOCK|O_CLOEXEC|O_DIRECTORY) = 3
2460399 openat(AT_FDCWD, "/home/u00134/cglib/outputs/exp_ablation", O_RDONLY|O_NONBLOCK|O_CLOEXEC|O_DIRECTORY) = 3
2460399 openat(AT_FDCWD, "/home/u00134/cglib/outputs/exp_geom", O_RDONLY|O_NONBLOCK|O_CLOEXEC|O_DIRECTORY) = 3
2460399 openat(AT_FDCWD, "/home/u00134/cglib/outputs/deform_ficus", O_RDONLY|O_NONBLOCK|O_CLOEXEC|O_DIRECTORY) = 3
2460399 openat(AT_FDCWD, "/home/u00134/cglib/outputs/deform_demo", O_RDONLY|O_NONBLOCK|O_CLOEXEC|O_DIRECTORY) = 3
2460399 openat(AT_FDCWD, "/home/u00134/cglib/outputs/deform_demo/small", O_RDONLY|O_NONBLOCK|O_CLOEXEC|O_DIRECTORY) = 3
2460399 openat(AT_FDCWD, "/home/u00134/cglib/outputs/exp_compare", O_RDONLY|O_NONBLOCK|O_CLOEXEC|O_DIRECTORY) = 3
2460399 openat(AT_FDCWD, "/home/u00134/cglib/outputs/exp_csg", O_RDONLY|O_NONBLOCK|O_CLOEXEC|O_DIRECTORY) = 3
2460399 openat(AT_FDCWD, "/home/u00134/cglib/outputs/gcube_static", O_RDONLY|O_NONBLOCK|O_CLOEXEC|O_DIRECTORY) = 3
2460399 openat(AT_FDCWD, "/home/u00134/cglib/outputs/gprism_static", O_RDONLY|O_NONBLOCK|O_CLOEXEC|O_DIRECTORY) = 3
2460399 openat(AT_FDCWD, "/home/u00134/cglib/outputs/chair_static", O_RDONLY|O_NONBLOCK|O_CLOEXEC|O_DIRECTORY) = 3
2460399 openat(AT_FDCWD, "/home/u00134/cglib/outputs/lego_static", O_RDONLY|O_NONBLOCK|O_CLOEXEC|O_DIRECTORY) = 3
2460399 openat(AT_FDCWD, "/home/u00134/cglib/outputs/ui_demo", O_RDONLY|O_NONBLOCK|O_CLOEXEC|O_DIRECTORY) = 3
2460399 openat(AT_FDCWD, "/home/u00134/cglib/outputs/gstep_static", O_RDONLY|O_NONBLOCK|O_CLOEXEC|O_DIRECTORY) = 3
2460399 openat(AT_FDCWD, "/home/u00134/cglib/outputs/cadpartH_static", O_RDONLY|O_NONBLOCK|O_CLOEXEC|O_DIRECTORY) = 3
2460399 openat(AT_FDCWD, "/home/u00134/cglib/outputs/deform_smoke", O_RDONLY|O_NONBLOCK|O_CLOEXEC|O_DIRECTORY) = 3
2460399 openat(AT_FDCWD, "/home/u00134/cglib/outputs/exp_repair", O_RDONLY|O_NONBLOCK|O_CLOEXEC|O_DIRECTORY) = 3
2460399 openat(AT_FDCWD, "/home/u00134/cglib/outputs/ficus_static", O_RDONLY|O_NONBLOCK|O_CLOEXEC|O_DIRECTORY) = 3
2460399 openat(AT_FDCWD, "/home/u00134/cglib/outputs/deform_chair", O_RDONLY|O_NONBLOCK|O_CLOEXEC|O_DIRECTORY) = 3
2460399 openat(AT_FDCWD, "/home/u00134/cglib/logs", O_RDONLY|O_NONBLOCK|O_CLOEXEC|O_DIRECTORY) = 3
2460399 openat(AT_FDCWD, "/home/u00134/cglib/logs/gs_smoke_lego", O_RDONLY|O_NONBLOCK|O_CLOEXEC|O_DIRECTORY) = 3
2460399 openat(AT_FDCWD, "/home/u00134/cglib/data/full", O_RDONLY|O_NONBLOCK|O_CLOEXEC|O_DIRECTORY) = 3
2460399 openat(AT_FDCWD, "/home/u00134/cglib/data/full/drums", O_RDONLY|O_NONBLOCK|O_CLOEXEC|O_DIRECTORY) = 3
2460399 openat(AT_FDCWD, "/home/u00134/cglib/data/full/cadpart", O_RDONLY|O_NONBLOCK|O_CLOEXEC|O_DIRECTORY) = 3
2460399 openat(AT_FDCWD, "/home/u00134/cglib/data/full/cadpart/orbit", O_RDONLY|O_NONBLOCK|O_CLOEXEC|O_DIRECTORY) = 3
2460399 openat(AT_FDCWD, "/home/u00134/cglib/data/full/gicosa", O_RDONLY|O_NONBLOCK|O_CLOEXEC|O_DIRECTORY) = 3
2460399 openat(AT_FDCWD, "/home/u00134/cglib/data/full/gicosa/orbit", O_RDONLY|O_NONBLOCK|O_CLOEXEC|O_DIRECTORY) = 3
2460399 openat(AT_FDCWD, "/home/u00134/cglib/data/full/gprism", O_RDONLY|O_NONBLOCK|O_CLOEXEC|O_DIRECTORY) = 3
2460399 openat(AT_FDCWD, "/home/u00134/cglib/data/full/gprism/orbit", O_RDONLY|O_NONBLOCK|O_CLOEXEC|O_DIRECTORY) = 3
2460399 openat(AT_FDCWD, "/home/u00134/cglib/data/full/gstep", O_RDONLY|O_NONBLOCK|O_CLOEXEC|O_DIRECTORY) = 3
2460399 openat(AT_FDCWD, "/home/u00134/cglib/data/full/gstep/orbit", O_RDONLY|O_NONBLOCK|O_CLOEXEC|O_DIRECTORY) = 3
2460399 openat(AT_FDCWD, "/home/u00134/cglib/data/full/lego", O_RDONLY|O_NONBLOCK|O_CLOEXEC|O_DIRECTORY) = 3
2460399 openat(AT_FDCWD, "/home/u00134/cglib/data/full/gcube", O_RDONLY|O_NONBLOCK|O_CLOEXEC|O_DIRECTORY) = 3
2460399 openat(AT_FDCWD, "/home/u00134/cglib/data/full/gcube/orbit", O_RDONLY|O_NONBLOCK|O_CLOEXEC|O_DIRECTORY) = 3
2460399 openat(AT_FDCWD, "/home/u00134/cglib/data/full/ship", O_RDONLY|O_NONBLOCK|O_CLOEXEC|O_DIRECTORY) = 3
2460399 openat(AT_FDCWD, "/home/u00134/cglib/data/full/mic", O_RDONLY|O_NONBLOCK|O_CLOEXEC|O_DIRECTORY) = 3
2460399 openat(AT_FDCWD, "/home/u00134/cglib/data/full/hotdog", O_RDONLY|O_NONBLOCK|O_CLOEXEC|O_DIRECTORY) = 3
2460399 openat(AT_FDCWD, "/home/u00134/cglib/data/full/chair", O_RDONLY|O_NONBLOCK|O_CLOEXEC|O_DIRECTORY) = 3
2460399 openat(AT_FDCWD, "/home/u00134/cglib/data/full/materials", O_RDONLY|O_NONBLOCK|O_CLOEXEC|O_DIRECTORY) = 3
2460399 openat(AT_FDCWD, "/home/u00134/cglib/data/full/ficus", O_RDONLY|O_NONBLOCK|O_CLOEXEC|O_DIRECTORY) = 3
2460399 openat(AT_FDCWD, "/home/u00134/3dgs_line/tier1/out", O_RDONLY|O_NONBLOCK|O_CLOEXEC|O_DIRECTORY) = 3
2460399 openat(AT_FDCWD, "/home/u00134/3dgs_line/tier1/out/2dgs_gicosa", O_RDONLY|O_NONBLOCK|O_CLOEXEC|O_DIRECTORY) = 3
2460399 openat(AT_FDCWD, "/home/u00134/3dgs_line/tier1/out/2dgs_gicosa/point_cloud", O_RDONLY|O_NONBLOCK|O_CLOEXEC|O_DIRECTORY) = 3
2460399 openat(AT_FDCWD, "/home/u00134/3dgs_line/tier1/out/2dgs_gicosa/point_cloud/iteration_7000", O_RDONLY|O_NONBLOCK|O_CLOEXEC|O_DIRECTORY) = 3
2460399 openat(AT_FDCWD, "/home/u00134/3dgs_line/tier1/out/2dgs_gicosa/point_cloud/iteration_30000", O_RDONLY|O_NONBLOCK|O_CLOEXEC|O_DIRECTORY) = 3
2460399 openat(AT_FDCWD, "/home/u00134/3dgs_line/tier1/out/2dgs_gicosa/point_cloud/iteration_15000", O_RDONLY|O_NONBLOCK|O_CLOEXEC|O_DIRECTORY) = 3
2460399 openat(AT_FDCWD, "/home/u00134/3dgs_line/tier1/out/3dgs_field_visualization", O_RDONLY|O_NONBLOCK|O_CLOEXEC|O_DIRECTORY) = 3
2460399 openat(AT_FDCWD, "/home/u00134/3dgs_line/tier1/out/multiscene_foundation_corrected", O_RDONLY|O_NONBLOCK|O_CLOEXEC|O_DIRECTORY) = 3
2460399 openat(AT_FDCWD, "/home/u00134/3dgs_line/tier1/out/multiscene_foundation_corrected/local", O_RDONLY|O_NONBLOCK|O_CLOEXEC|O_DIRECTORY) = 3
2460399 openat(AT_FDCWD, "/home/u00134/3dgs_line/tier1/out/multiscene_foundation_corrected/local/lego", O_RDONLY|O_NONBLOCK|O_CLOEXEC|O_DIRECTORY) = 3
2460399 openat(AT_FDCWD, "/home/u00134/3dgs_line/tier1/out/multiscene_foundation_corrected/local/lego/layers", O_RDONLY|O_NONBLOCK|O_CLOEXEC|O_DIRECTORY) = 3
2460399 openat(AT_FDCWD, "/home/u00134/3dgs_line/tier1/out/multiscene_foundation_corrected/local/lego/layers/moment_split_01", O_RDONLY|O_NONBLOCK|O_CLOEXEC|O_DIRECTORY) = 3
2460399 openat(AT_FDCWD, "/home/u00134/3dgs_line/tier1/out/multiscene_foundation_corrected/local/lego/layers/redistribute_04", O_RDONLY|O_NONBLOCK|O_CLOEXEC|O_DIRECTORY) = 3
2460399 openat(AT_FDCWD, "/home/u00134/3dgs_line/tier1/out/multiscene_foundation_corrected/local/lego/layers/redistribute_01", O_RDONLY|O_NONBLOCK|O_CLOEXEC|O_DIRECTORY) = 3
2460399 openat(AT_FDCWD, "/home/u00134/3dgs_line/tier1/out/multiscene_foundation_corrected/local/lego/layers/seed_1729", O_RDONLY|O_NONBLOCK|O_CLOEXEC|O_DIRECTORY) = 3
2460399 openat(AT_FDCWD, "/home/u00134/3dgs_line/tier1/out/multiscene_foundation_corrected/local/lego/layers/moment_split_02", O_RDONLY|O_NONBLOCK|O_CLOEXEC|O_DIRECTORY) = 3
2460399 openat(AT_FDCWD, "/home/u00134/3dgs_line/tier1/out/multiscene_foundation_corrected/local/lego/layers/redistribute_00", O_RDONLY|O_NONBLOCK|O_CLOEXEC|O_DIRECTORY) = 3
2460399 openat(AT_FDCWD, "/home/u00134/3dgs_line/tier1/out/multiscene_foundation_corrected/local/lego/layers/moment_split_03", O_RDONLY|O_NONBLOCK|O_CLOEXEC|O_DIRECTORY) = 3
2460399 openat(AT_FDCWD, "/home/u00134/3dgs_line/tier1/out/multiscene_foundation_corrected/local/lego/layers/redistribute_03", O_RDONLY|O_NONBLOCK|O_CLOEXEC|O_DIRECTORY) = 3
2460399 openat(AT_FDCWD, "/home/u00134/3dgs_line/tier1/out/multiscene_foundation_corrected/local/lego/layers/redistribute_02", O_RDONLY|O_NONBLOCK|O_CLOEXEC|O_DIRECTORY) = 3
2460399 openat(AT_FDCWD, "/home/u00134/3dgs_line/tier1/out/multiscene_foundation_corrected/local/lego/layers/moment_split_00", O_RDONLY|O_NONBLOCK|O_CLOEXEC|O_DIRECTORY) = 3
2460399 openat(AT_FDCWD, "/home/u00134/3dgs_line/tier1/out/multiscene_foundation_corrected/local/lego/C", O_RDONLY|O_NONBLOCK|O_CLOEXEC|O_DIRECTORY) = 3
2460399 openat(AT_FDCWD, "/home/u00134/3dgs_line/tier1/out/multiscene_foundation_corrected/local/lego/C/gs_offset_-1_0", O_RDONLY|O_NONBLOCK|O_CLOEXEC|O_DIRECTORY) = 3
2460399 openat(AT_FDCWD, "/home/u00134/3dgs_line/tier1/out/multiscene_foundation_corrected/local/lego/C/gs_offset_0_1", O_RDONLY|O_NONBLOCK|O_CLOEXEC|O_DIRECTORY) = 3
2460399 openat(AT_FDCWD, "/home/u00134/3dgs_line/tier1/out/multiscene_foundation_corrected/local/lego/C/gs_native_queries", O_RDONLY|O_NONBLOCK|O_CLOEXEC|O_DIRECTORY) = 3
2460399 openat(AT_FDCWD, "/home/u00134/3dgs_line/tier1/out/multiscene_foundation_corrected/local/lego/C/no_gs", O_RDONLY|O_NONBLOCK|O_CLOEXEC|O_DIRECTORY) = 3
2460399 openat(AT_FDCWD, "/home/u00134/3dgs_line/tier1/out/multiscene_foundation_corrected/local/lego/C/gs", O_RDONLY|O_NONBLOCK|O_CLOEXEC|O_DIRECTORY) = 3
2460399 openat(AT_FDCWD, "/home/u00134/3dgs_line/tier1/out/multiscene_foundation_corrected/local/lego/C/no_gs_offset_1_0", O_RDONLY|O_NONBLOCK|O_CLOEXEC|O_DIRECTORY) = 3
2460399 openat(AT_FDCWD, "/home/u00134/3dgs_line/tier1/out/multiscene_foundation_corrected/local/lego/C/no_gs_offset_0_-1", O_RDONLY|O_NONBLOCK|O_CLOEXEC|O_DIRECTORY) = 3
2460399 openat(AT_FDCWD, "/home/u00134/3dgs_line/tier1/out/multiscene_foundation_corrected/local/lego/C/no_gs_offset_-1_0", O_RDONLY|O_NONBLOCK|O_CLOEXEC|O_DIRECTORY) = 3
2460399 openat(AT_FDCWD, "/home/u00134/3dgs_line/tier1/out/multiscene_foundation_corrected/local/lego/C/gs_offset_0_-1", O_RDONLY|O_NONBLOCK|O_CLOEXEC|O_DIRECTORY) = 3
2460399 openat(AT_FDCWD, "/home/u00134/3dgs_line/tier1/out/multiscene_foundation_corrected/local/lego/C/no_gs_offset_0_1", O_RDONLY|O_NONBLOCK|O_CLOEXEC|O_DIRECTORY) = 3
2460399 openat(AT_FDCWD, "/home/u00134/3dgs_line/tier1/out/multiscene_foundation_corrected/local/lego/C/no_gs_native_queries", O_RDONLY|O_NONBLOCK|O_CLOEXEC|O_DIRECTORY) = 3
2460399 openat(AT_FDCWD, "/home/u00134/3dgs_line/tier1/out/multiscene_foundation_corrected/local/lego/C/gs_offset_1_0", O_RDONLY|O_NONBLOCK|O_CLOEXEC|O_DIRECTORY) = 3
2460399 openat(AT_FDCWD, "/home/u00134/3dgs_line/tier1/out/multiscene_foundation_corrected/local/lego/F", O_RDONLY|O_NONBLOCK|O_CLOEXEC|O_DIRECTORY) = 3
2460399 openat(AT_FDCWD, "/home/u00134/3dgs_line/tier1/out/multiscene_foundation_corrected/local/lego/F/gs_loo_067", O_RDONLY|O_NONBLOCK|O_CLOEXEC|O_DIRECTORY) = 3
2460399 openat(AT_FDCWD, "/home/u00134/3dgs_line/tier1/out/multiscene_foundation_corrected/local/lego/F/gs_offset_-1_0", O_RDONLY|O_NONBLOCK|O_CLOEXEC|O_DIRECTORY) = 3
2460399 openat(AT_FDCWD, "/home/u00134/3dgs_line/tier1/out/multiscene_foundation_corrected/local/lego/F/gs_loo_001", O_RDONLY|O_NONBLOCK|O_CLOEXEC|O_DIRECTORY) = 3
2460399 openat(AT_FDCWD, "/home/u00134/3dgs_line/tier1/out/multiscene_foundation_corrected/local/lego/F/no_gs_loo_014", O_RDONLY|O_NONBLOCK|O_CLOEXEC|O_DIRECTORY) = 3
2460399 openat(AT_FDCWD, "/home/u00134/3dgs_line/tier1/out/multiscene_foundation_corrected/local/lego/F/gs_offset_0_1", O_RDONLY|O_NONBLOCK|O_CLOEXEC|O_DIRECTORY) = 3
2460399 openat(AT_FDCWD, "/home/u00134/3dgs_line/tier1/out/multiscene_foundation_corrected/local/lego/F/no_gs_loo_067", O_RDONLY|O_NONBLOCK|O_CLOEXEC|O_DIRECTORY) = 3
2460399 openat(AT_FDCWD, "/home/u00134/3dgs_line/tier1/out/multiscene_foundation_corrected/local/lego/F/no_gs_loo_053", O_RDONLY|O_NONBLOCK|O_CLOEXEC|O_DIRECTORY) = 3
2460399 openat(AT_FDCWD, "/home/u00134/3dgs_line/tier1/out/multiscene_foundation_corrected/local/lego/F/no_gs", O_RDONLY|O_NONBLOCK|O_CLOEXEC|O_DIRECTORY) = 3
2460399 openat(AT_FDCWD, "/home/u00134/3dgs_line/tier1/out/multiscene_foundation_corrected/local/lego/F/gs", O_RDONLY|O_NONBLOCK|O_CLOEXEC|O_DIRECTORY) = 3
2460399 openat(AT_FDCWD, "/home/u00134/3dgs_line/tier1/out/multiscene_foundation_corrected/local/lego/F/gs_loo_079", O_RDONLY|O_NONBLOCK|O_CLOEXEC|O_DIRECTORY) = 3
2460399 openat(AT_FDCWD, "/home/u00134/3dgs_line/tier1/out/multiscene_foundation_corrected/local/lego/F/no_gs_offset_1_0", O_RDONLY|O_NONBLOCK|O_CLOEXEC|O_DIRECTORY) = 3
2460399 openat(AT_FDCWD, "/home/u00134/3dgs_line/tier1/out/multiscene_foundation_corrected/local/lego/F/no_gs_loo_041", O_RDONLY|O_NONBLOCK|O_CLOEXEC|O_DIRECTORY) = 3
2460399 openat(AT_FDCWD, "/home/u00134/3dgs_line/tier1/out/multiscene_foundation_corrected/local/lego/F/shifted", O_RDONLY|O_NONBLOCK|O_CLOEXEC|O_DIRECTORY) = 3
2460399 openat(AT_FDCWD, "/home/u00134/3dgs_line/tier1/out/multiscene_foundation_corrected/local/lego/F/no_gs_loo_079", O_RDONLY|O_NONBLOCK|O_CLOEXEC|O_DIRECTORY) = 3
2460399 openat(AT_FDCWD, "/home/u00134/3dgs_line/tier1/out/multiscene_foundation_corrected/local/lego/F/no_gs_offset_0_-1", O_RDONLY|O_NONBLOCK|O_CLOEXEC|O_DIRECTORY) = 3
2460399 openat(AT_FDCWD, "/home/u00134/3dgs_line/tier1/out/multiscene_foundation_corrected/local/lego/F/no_gs_loo_001", O_RDONLY|O_NONBLOCK|O_CLOEXEC|O_DIRECTORY) = 3
2460399 openat(AT_FDCWD, "/home/u00134/3dgs_line/tier1/out/multiscene_foundation_corrected/local/lego/F/no_gs_offset_-1_0", O_RDONLY|O_NONBLOCK|O_CLOEXEC|O_DIRECTORY) = 3
2460399 openat(AT_FDCWD, "/home/u00134/3dgs_line/tier1/out/multiscene_foundation_corrected/local/lego/F/no_gs_loo_093", O_RDONLY|O_NONBLOCK|O_CLOEXEC|O_DIRECTORY) = 3
2460399 openat(AT_FDCWD, "/home/u00134/3dgs_line/tier1/out/multiscene_foundation_corrected/local/lego/F/control_completion", O_RDONLY|O_NONBLOCK|O_CLOEXEC|O_DIRECTORY) = 3
2460399 openat(AT_FDCWD, "/home/u00134/3dgs_line/tier1/out/multiscene_foundation_corrected/local/lego/F/no_gs_loo_027", O_RDONLY|O_NONBLOCK|O_CLOEXEC|O_DIRECTORY) = 3
2460399 openat(AT_FDCWD, "/home/u00134/3dgs_line/tier1/out/multiscene_foundation_corrected/local/lego/F/gs_loo_093", O_RDONLY|O_NONBLOCK|O_CLOEXEC|O_DIRECTORY) = 3
2460399 openat(AT_FDCWD, "/home/u00134/3dgs_line/tier1/out/multiscene_foundation_corrected/local/lego/F/gs_loo_053", O_RDONLY|O_NONBLOCK|O_CLOEXEC|O_DIRECTORY) = 3
2460399 openat(AT_FDCWD, "/home/u00134/3dgs_line/tier1/out/multiscene_foundation_corrected/local/lego/F/gs_offset_0_-1", O_RDONLY|O_NONBLOCK|O_CLOEXEC|O_DIRECTORY) = 3
2460399 openat(AT_FDCWD, "/home/u00134/3dgs_line/tier1/out/multiscene_foundation_corrected/local/lego/F/no_gs_offset_0_1", O_RDONLY|O_NONBLOCK|O_CLOEXEC|O_DIRECTORY) = 3
2460399 openat(AT_FDCWD, "/home/u00134/3dgs_line/tier1/out/multiscene_foundation_corrected/local/lego/F/gs_loo_014", O_RDONLY|O_NONBLOCK|O_CLOEXEC|O_DIRECTORY) = 3
2460399 openat(AT_FDCWD, "/home/u00134/3dgs_line/tier1/out/multiscene_foundation_corrected/local/lego/F/shifted_no_gs", O_RDONLY|O_NONBLOCK|O_CLOEXEC|O_DIRECTORY) = 3
2460399 openat(AT_FDCWD, "/home/u00134/3dgs_line/tier1/out/multiscene_foundation_corrected/local/lego/F/gs_loo_027", O_RDONLY|O_NONBLOCK|O_CLOEXEC|O_DIRECTORY) = 3
2460399 openat(AT_FDCWD, "/home/u00134/3dgs_line/tier1/out/multiscene_foundation_corrected/local/lego/F/gs_loo_041", O_RDONLY|O_NONBLOCK|O_CLOEXEC|O_DIRECTORY) = 3
2460399 openat(AT_FDCWD, "/home/u00134/3dgs_line/tier1/out/multiscene_foundation_corrected/local/lego/F/gs_offset_1_0", O_RDONLY|O_NONBLOCK|O_CLOEXEC|O_DIRECTORY) = 3
2460399 openat(AT_FDCWD, "/home/u00134/3dgs_line/tier1/out/multiscene_foundation_corrected/local/lego/attempt_00_thread_contention", O_RDONLY|O_NONBLOCK|O_CLOEXEC|O_DIRECTORY) = 3
2460399 openat(AT_FDCWD, "/home/u00134/3dgs_line/tier1/out/multiscene_foundation_corrected/local/lego/attempt_00_thread_contention/F", O_RDONLY|O_NONBLOCK|O_CLOEXEC|O_DIRECTORY) = 3
2460399 openat(AT_FDCWD, "/home/u00134/3dgs_line/tier1/out/multiscene_foundation_corrected/local/lego/attempt_00_thread_contention/F/gs", O_RDONLY|O_NONBLOCK|O_CLOEXEC|O_DIRECTORY) = 3
2460399 openat(AT_FDCWD, "/home/u00134/3dgs_line/tier1/out/multiscene_foundation_corrected/local/lego/attempt_01_serial", O_RDONLY|O_NONBLOCK|O_CLOEXEC|O_DIRECTORY) = 3
2460399 openat(AT_FDCWD, "/home/u00134/3dgs_line/tier1/out/multiscene_foundation_corrected/local/lego/attempt_01_serial/F", O_RDONLY|O_NONBLOCK|O_CLOEXEC|O_DIRECTORY) = 3
2460399 openat(AT_FDCWD, "/home/u00134/3dgs_line/tier1/out/multiscene_foundation_corrected/local/lego/attempt_01_serial/F/no_gs", O_RDONLY|O_NONBLOCK|O_CLOEXEC|O_DIRECTORY) = 3
2460399 openat(AT_FDCWD, "/home/u00134/3dgs_line/tier1/out/multiscene_foundation_corrected/local/lego/attempt_01_serial/F/gs", O_RDONLY|O_NONBLOCK|O_CLOEXEC|O_DIRECTORY) = 3
2460399 openat(AT_FDCWD, "/home/u00134/3dgs_line/tier1/out/multiscene_foundation_corrected/local/lego/attempt_01_serial/F/shifted", O_RDONLY|O_NONBLOCK|O_CLOEXEC|O_DIRECTORY) = 3
2460399 openat(AT_FDCWD, "/home/u00134/3dgs_line/tier1/out/multiscene_foundation_corrected/local/lego/repeats", O_RDONLY|O_NONBLOCK|O_CLOEXEC|O_DIRECTORY) = 3
2460399 openat(AT_FDCWD, "/home/u00134/3dgs_line/tier1/out/multiscene_foundation_corrected/local/lego/repeats/moment_split_01", O_RDONLY|O_NONBLOCK|O_CLOEXEC|O_DIRECTORY) = 3
2460399 openat(AT_FDCWD, "/home/u00134/3dgs_line/tier1/out/multiscene_foundation_corrected/local/lego/repeats/moment_split_01/gs_offset_-1_0", O_RDONLY|O_NONBLOCK|O_CLOEXEC|O_DIRECTORY) = 3
2460399 openat(AT_FDCWD, "/home/u00134/3dgs_line/tier1/out/multiscene_foundation_corrected/local/lego/repeats/moment_split_01/gs_offset_0_1", O_RDONLY|O_NONBLOCK|O_CLOEXEC|O_DIRECTORY) = 3
2460399 openat(AT_FDCWD, "/home/u00134/3dgs_line/tier1/out/multiscene_foundation_corrected/local/lego/repeats/moment_split_01/gs", O_RDONLY|O_NONBLOCK|O_CLOEXEC|O_DIRECTORY) = 3
2460399 openat(AT_FDCWD, "/home/u00134/3dgs_line/tier1/out/multiscene_foundation_corrected/local/lego/repeats/moment_split_01/gs_offset_0_-1", O_RDONLY|O_NONBLOCK|O_CLOEXEC|O_DIRECTORY) = 3
2460399 openat(AT_FDCWD, "/home/u00134/3dgs_line/tier1/out/multiscene_foundation_corrected/local/lego/repeats/moment_split_01/gs_offset_1_0", O_RDONLY|O_NONBLOCK|O_CLOEXEC|O_DIRECTORY) = 3
2460399 openat(AT_FDCWD, "/home/u00134/3dgs_line/tier1/out/multiscene_foundation_corrected/local/lego/repeats/redistribute_04", O_RDONLY|O_NONBLOCK|O_CLOEXEC|O_DIRECTORY) = 3
2460399 openat(AT_FDCWD, "/home/u00134/3dgs_line/tier1/out/multiscene_foundation_corrected/local/lego/repeats/redistribute_04/gs_offset_-1_0", O_RDONLY|O_NONBLOCK|O_CLOEXEC|O_DIRECTORY) = 3
2460399 openat(AT_FDCWD, "/home/u00134/3dgs_line/tier1/out/multiscene_foundation_corrected/local/lego/repeats/redistribute_04/gs_offset_0_1", O_RDONLY|O_NONBLOCK|O_CLOEXEC|O_DIRECTORY) = 3
2460399 openat(AT_FDCWD, "/home/u00134/3dgs_line/tier1/out/multiscene_foundation_corrected/local/lego/repeats/redistribute_04/gs", O_RDONLY|O_NONBLOCK|O_CLOEXEC|O_DIRECTORY) = 3
2460399 openat(AT_FDCWD, "/home/u00134/3dgs_line/tier1/out/multiscene_foundation_corrected/local/lego/repeats/redistribute_04/gs_offset_0_-1", O_RDONLY|O_NONBLOCK|O_CLOEXEC|O_DIRECTORY) = 3
2460399 openat(AT_FDCWD, "/home/u00134/3dgs_line/tier1/out/multiscene_foundation_corrected/local/lego/repeats/redistribute_04/gs_offset_1_0", O_RDONLY|O_NONBLOCK|O_CLOEXEC|O_DIRECTORY) = 3
2460399 openat(AT_FDCWD, "/home/u00134/3dgs_line/tier1/out/multiscene_foundation_corrected/local/lego/repeats/redistribute_01", O_RDONLY|O_NONBLOCK|O_CLOEXEC|O_DIRECTORY) = 3
2460399 openat(AT_FDCWD, "/home/u00134/3dgs_line/tier1/out/multiscene_foundation_corrected/local/lego/repeats/redistribute_01/gs_offset_-1_0", O_RDONLY|O_NONBLOCK|O_CLOEXEC|O_DIRECTORY) = 3
2460399 openat(AT_FDCWD, "/home/u00134/3dgs_line/tier1/out/multiscene_foundation_corrected/local/lego/repeats/redistribute_01/gs_offset_0_1", O_RDONLY|O_NONBLOCK|O_CLOEXEC|O_DIRECTORY) = 3
2460399 openat(AT_FDCWD, "/home/u00134/3dgs_line/tier1/out/multiscene_foundation_corrected/local/lego/repeats/redistribute_01/gs", O_RDONLY|O_NONBLOCK|O_CLOEXEC|O_DIRECTORY) = 3
2460399 openat(AT_FDCWD, "/home/u00134/3dgs_line/tier1/out/multiscene_foundation_corrected/local/lego/repeats/redistribute_01/gs_offset_0_-1", O_RDONLY|O_NONBLOCK|O_CLOEXEC|O_DIRECTORY) = 3
2460399 openat(AT_FDCWD, "/home/u00134/3dgs_line/tier1/out/multiscene_foundation_corrected/local/lego/repeats/redistribute_01/gs_offset_1_0", O_RDONLY|O_NONBLOCK|O_CLOEXEC|O_DIRECTORY) = 3
2460399 openat(AT_FDCWD, "/home/u00134/3dgs_line/tier1/out/multiscene_foundation_corrected/local/lego/repeats/moment_split_02", O_RDONLY|O_NONBLOCK|O_CLOEXEC|O_DIRECTORY) = 3
2460399 openat(AT_FDCWD, "/home/u00134/3dgs_line/tier1/out/multiscene_foundation_corrected/local/lego/repeats/moment_split_02/gs_offset_-1_0", O_RDONLY|O_NONBLOCK|O_CLOEXEC|O_DIRECTORY) = 3
2460399 openat(AT_FDCWD, "/home/u00134/3dgs_line/tier1/out/multiscene_foundation_corrected/local/lego/repeats/moment_split_02/gs_offset_0_1", O_RDONLY|O_NONBLOCK|O_CLOEXEC|O_DIRECTORY) = 3
2460399 openat(AT_FDCWD, "/home/u00134/3dgs_line/tier1/out/multiscene_foundation_corrected/local/lego/repeats/moment_split_02/gs", O_RDONLY|O_NONBLOCK|O_CLOEXEC|O_DIRECTORY) = 3
2460399 openat(AT_FDCWD, "/home/u00134/3dgs_line/tier1/out/multiscene_foundation_corrected/local/lego/repeats/moment_split_02/gs_offset_0_-1", O_RDONLY|O_NONBLOCK|O_CLOEXEC|O_DIRECTORY) = 3
2460399 openat(AT_FDCWD, "/home/u00134/3dgs_line/tier1/out/multiscene_foundation_corrected/local/lego/repeats/moment_split_02/gs_offset_1_0", O_RDONLY|O_NONBLOCK|O_CLOEXEC|O_DIRECTORY) = 3
2460399 openat(AT_FDCWD, "/home/u00134/3dgs_line/tier1/out/multiscene_foundation_corrected/local/lego/repeats/redistribute_00", O_RDONLY|O_NONBLOCK|O_CLOEXEC|O_DIRECTORY) = 3
2460399 openat(AT_FDCWD, "/home/u00134/3dgs_line/tier1/out/multiscene_foundation_corrected/local/lego/repeats/redistribute_00/gs_offset_-1_0", O_RDONLY|O_NONBLOCK|O_CLOEXEC|O_DIRECTORY) = 3
2460399 openat(AT_FDCWD, "/home/u00134/3dgs_line/tier1/out/multiscene_foundation_corrected/local/lego/repeats/redistribute_00/gs_offset_0_1", O_RDONLY|O_NONBLOCK|O_CLOEXEC|O_DIRECTORY) = 3
2460399 openat(AT_FDCWD, "/home/u00134/3dgs_line/tier1/out/multiscene_foundation_corrected/local/lego/repeats/redistribute_00/gs", O_RDONLY|O_NONBLOCK|O_CLOEXEC|O_DIRECTORY) = 3
2460399 openat(AT_FDCWD, "/home/u00134/3dgs_line/tier1/out/multiscene_foundation_corrected/local/lego/repeats/redistribute_00/gs_offset_0_-1", O_RDONLY|O_NONBLOCK|O_CLOEXEC|O_DIRECTORY) = 3
2460399 openat(AT_FDCWD, "/home/u00134/3dgs_line/tier1/out/multiscene_foundation_corrected/local/lego/repeats/redistribute_00/gs_offset_1_0", O_RDONLY|O_NONBLOCK|O_CLOEXEC|O_DIRECTORY) = 3
2460399 openat(AT_FDCWD, "/home/u00134/3dgs_line/tier1/out/multiscene_foundation_corrected/local/lego/repeats/moment_split_03", O_RDONLY|O_NONBLOCK|O_CLOEXEC|O_DIRECTORY) = 3
2460399 openat(AT_FDCWD, "/home/u00134/3dgs_line/tier1/out/multiscene_foundation_corrected/local/lego/repeats/moment_split_03/gs_offset_-1_0", O_RDONLY|O_NONBLOCK|O_CLOEXEC|O_DIRECTORY) = 3
2460399 openat(AT_FDCWD, "/home/u00134/3dgs_line/tier1/out/multiscene_foundation_corrected/local/lego/repeats/moment_split_03/gs_offset_0_1", O_RDONLY|O_NONBLOCK|O_CLOEXEC|O_DIRECTORY) = 3
2460399 openat(AT_FDCWD, "/home/u00134/3dgs_line/tier1/out/multiscene_foundation_corrected/local/lego/repeats/moment_split_03/gs", O_RDONLY|O_NONBLOCK|O_CLOEXEC|O_DIRECTORY) = 3
2460399 openat(AT_FDCWD, "/home/u00134/3dgs_line/tier1/out/multiscene_foundation_corrected/local/lego/repeats/moment_split_03/gs_offset_0_-1", O_RDONLY|O_NONBLOCK|O_CLOEXEC|O_DIRECTORY) = 3
2460399 openat(AT_FDCWD, "/home/u00134/3dgs_line/tier1/out/multiscene_foundation_corrected/local/lego/repeats/moment_split_03/gs_offset_1_0", O_RDONLY|O_NONBLOCK|O_CLOEXEC|O_DIRECTORY) = 3
2460399 openat(AT_FDCWD, "/home/u00134/3dgs_line/tier1/out/multiscene_foundation_corrected/local/lego/repeats/redistribute_03", O_RDONLY|O_NONBLOCK|O_CLOEXEC|O_DIRECTORY) = 3
2460399 openat(AT_FDCWD, "/home/u00134/3dgs_line/tier1/out/multiscene_foundation_corrected/local/lego/repeats/redistribute_03/gs_offset_-1_0", O_RDONLY|O_NONBLOCK|O_CLOEXEC|O_DIRECTORY) = 3
2460399 openat(AT_FDCWD, "/home/u00134/3dgs_line/tier1/out/multiscene_foundation_corrected/local/lego/repeats/redistribute_03/gs_offset_0_1", O_RDONLY|O_NONBLOCK|O_CLOEXEC|O_DIRECTORY) = 3
2460399 openat(AT_FDCWD, "/home/u00134/3dgs_line/tier1/out/multiscene_foundation_corrected/local/lego/repeats/redistribute_03/gs", O_RDONLY|O_NONBLOCK|O_CLOEXEC|O_DIRECTORY) = 3
2460399 openat(AT_FDCWD, "/home/u00134/3dgs_line/tier1/out/multiscene_foundation_corrected/local/lego/repeats/redistribute_03/gs_offset_0_-1", O_RDONLY|O_NONBLOCK|O_CLOEXEC|O_DIRECTORY) = 3
2460399 openat(AT_FDCWD, "/home/u00134/3dgs_line/tier1/out/multiscene_foundation_corrected/local/lego/repeats/redistribute_03/gs_offset_1_0", O_RDONLY|O_NONBLOCK|O_CLOEXEC|O_DIRECTORY) = 3
2460399 openat(AT_FDCWD, "/home/u00134/3dgs_line/tier1/out/multiscene_foundation_corrected/local/lego/repeats/redistribute_02", O_RDONLY|O_NONBLOCK|O_CLOEXEC|O_DIRECTORY) = 3
2460399 openat(AT_FDCWD, "/home/u00134/3dgs_line/tier1/out/multiscene_foundation_corrected/local/lego/repeats/redistribute_02/gs_offset_-1_0", O_RDONLY|O_NONBLOCK|O_CLOEXEC|O_DIRECTORY) = 3
2460399 openat(AT_FDCWD, "/home/u00134/3dgs_line/tier1/out/multiscene_foundation_corrected/local/lego/repeats/redistribute_02/gs_offset_0_1", O_RDONLY|O_NONBLOCK|O_CLOEXEC|O_DIRECTORY) = 3
2460399 openat(AT_FDCWD, "/home/u00134/3dgs_line/tier1/out/multiscene_foundation_corrected/local/lego/repeats/redistribute_02/gs", O_RDONLY|O_NONBLOCK|O_CLOEXEC|O_DIRECTORY) = 3
2460399 openat(AT_FDCWD, "/home/u00134/3dgs_line/tier1/out/multiscene_foundation_corrected/local/lego/repeats/redistribute_02/gs_offset_0_-1", O_RDONLY|O_NONBLOCK|O_CLOEXEC|O_DIRECTORY) = 3
2460399 openat(AT_FDCWD, "/home/u00134/3dgs_line/tier1/out/multiscene_foundation_corrected/local/lego/repeats/redistribute_02/gs_offset_1_0", O_RDONLY|O_NONBLOCK|O_CLOEXEC|O_DIRECTORY) = 3
2460399 openat(AT_FDCWD, "/home/u00134/3dgs_line/tier1/out/multiscene_foundation_corrected/local/lego/repeats/moment_split_00", O_RDONLY|O_NONBLOCK|O_CLOEXEC|O_DIRECTORY) = 3
2460399 openat(AT_FDCWD, "/home/u00134/3dgs_line/tier1/out/multiscene_foundation_corrected/local/lego/repeats/moment_split_00/gs_offset_-1_0", O_RDONLY|O_NONBLOCK|O_CLOEXEC|O_DIRECTORY) = 3
2460399 openat(AT_FDCWD, "/home/u00134/3dgs_line/tier1/out/multiscene_foundation_corrected/local/lego/repeats/moment_split_00/gs_offset_0_1", O_RDONLY|O_NONBLOCK|O_CLOEXEC|O_DIRECTORY) = 3
2460399 openat(AT_FDCWD, "/home/u00134/3dgs_line/tier1/out/multiscene_foundation_corrected/local/lego/repeats/moment_split_00/gs", O_RDONLY|O_NONBLOCK|O_CLOEXEC|O_DIRECTORY) = 3
2460399 openat(AT_FDCWD, "/home/u00134/3dgs_line/tier1/out/multiscene_foundation_corrected/local/lego/repeats/moment_split_00/gs_offset_0_-1", O_RDONLY|O_NONBLOCK|O_CLOEXEC|O_DIRECTORY) = 3
2460399 openat(AT_FDCWD, "/home/u00134/3dgs_line/tier1/out/multiscene_foundation_corrected/local/lego/repeats/moment_split_00/gs_offset_1_0", O_RDONLY|O_NONBLOCK|O_CLOEXEC|O_DIRECTORY) = 3
2460399 openat(AT_FDCWD, "/home/u00134/3dgs_line/tier1/out/multiscene_foundation_corrected/local/chair", O_RDONLY|O_NONBLOCK|O_CLOEXEC|O_DIRECTORY) = 3
2460399 openat(AT_FDCWD, "/home/u00134/3dgs_line/tier1/out/multiscene_foundation_corrected/local/chair/layers", O_RDONLY|O_NONBLOCK|O_CLOEXEC|O_DIRECTORY) = 3
2460399 openat(AT_FDCWD, "/home/u00134/3dgs_line/tier1/out/multiscene_foundation_corrected/local/chair/layers/moment_split_01", O_RDONLY|O_NONBLOCK|O_CLOEXEC|O_DIRECTORY) = 3
2460399 openat(AT_FDCWD, "/home/u00134/3dgs_line/tier1/out/multiscene_foundation_corrected/local/chair/layers/redistribute_04", O_RDONLY|O_NONBLOCK|O_CLOEXEC|O_DIRECTORY) = 3
2460399 openat(AT_FDCWD, "/home/u00134/3dgs_line/tier1/out/multiscene_foundation_corrected/local/chair/layers/seed_2718", O_RDONLY|O_NONBLOCK|O_CLOEXEC|O_DIRECTORY) = 3
2460399 openat(AT_FDCWD, "/home/u00134/3dgs_line/tier1/out/multiscene_foundation_corrected/local/chair/layers/redistribute_01", O_RDONLY|O_NONBLOCK|O_CLOEXEC|O_DIRECTORY) = 3
2460399 openat(AT_FDCWD, "/home/u00134/3dgs_line/tier1/out/multiscene_foundation_corrected/local/chair/layers/seed_1729", O_RDONLY|O_NONBLOCK|O_CLOEXEC|O_DIRECTORY) = 3
2460399 openat(AT_FDCWD, "/home/u00134/3dgs_line/tier1/out/multiscene_foundation_corrected/local/chair/layers/moment_split_02", O_RDONLY|O_NONBLOCK|O_CLOEXEC|O_DIRECTORY) = 3
2460399 openat(AT_FDCWD, "/home/u00134/3dgs_line/tier1/out/multiscene_foundation_corrected/local/chair/layers/redistribute_00", O_RDONLY|O_NONBLOCK|O_CLOEXEC|O_DIRECTORY) = 3
2460399 openat(AT_FDCWD, "/home/u00134/3dgs_line/tier1/out/multiscene_foundation_corrected/local/chair/layers/moment_split_03", O_RDONLY|O_NONBLOCK|O_CLOEXEC|O_DIRECTORY) = 3
2460399 openat(AT_FDCWD, "/home/u00134/3dgs_line/tier1/out/multiscene_foundation_corrected/local/chair/layers/redistribute_03", O_RDONLY|O_NONBLOCK|O_CLOEXEC|O_DIRECTORY) = 3
2460399 openat(AT_FDCWD, "/home/u00134/3dgs_line/tier1/out/multiscene_foundation_corrected/local/chair/layers/redistribute_02", O_RDONLY|O_NONBLOCK|O_CLOEXEC|O_DIRECTORY) = 3
2460399 openat(AT_FDCWD, "/home/u00134/3dgs_line/tier1/out/multiscene_foundation_corrected/local/chair/layers/moment_split_00", O_RDONLY|O_NONBLOCK|O_CLOEXEC|O_DIRECTORY) = 3
2460399 openat(AT_FDCWD, "/home/u00134/3dgs_line/tier1/out/multiscene_foundation_corrected/local/chair/C", O_RDONLY|O_NONBLOCK|O_CLOEXEC|O_DIRECTORY) = 3
2460399 openat(AT_FDCWD, "/home/u00134/3dgs_line/tier1/out/multiscene_foundation_corrected/local/chair/C/gs_offset_-1_0", O_RDONLY|O_NONBLOCK|O_CLOEXEC|O_DIRECTORY) = 3
2460399 openat(AT_FDCWD, "/home/u00134/3dgs_line/tier1/out/multiscene_foundation_corrected/local/chair/C/gs_offset_0_1", O_RDONLY|O_NONBLOCK|O_CLOEXEC|O_DIRECTORY) = 3
2460399 openat(AT_FDCWD, "/home/u00134/3dgs_line/tier1/out/multiscene_foundation_corrected/local/chair/C/gs_native_queries", O_RDONLY|O_NONBLOCK|O_CLOEXEC|O_DIRECTORY) = 3
2460399 openat(AT_FDCWD, "/home/u00134/3dgs_line/tier1/out/multiscene_foundation_corrected/local/chair/C/no_gs", O_RDONLY|O_NONBLOCK|O_CLOEXEC|O_DIRECTORY) = 3
2460399 openat(AT_FDCWD, "/home/u00134/3dgs_line/tier1/out/multiscene_foundation_corrected/local/chair/C/gs", O_RDONLY|O_NONBLOCK|O_CLOEXEC|O_DIRECTORY) = 3
2460399 openat(AT_FDCWD, "/home/u00134/3dgs_line/tier1/out/multiscene_foundation_corrected/local/chair/C/no_gs_offset_1_0", O_RDONLY|O_NONBLOCK|O_CLOEXEC|O_DIRECTORY) = 3
2460399 openat(AT_FDCWD, "/home/u00134/3dgs_line/tier1/out/multiscene_foundation_corrected/local/chair/C/no_gs_offset_0_-1", O_RDONLY|O_NONBLOCK|O_CLOEXEC|O_DIRECTORY) = 3
2460399 openat(AT_FDCWD, "/home/u00134/3dgs_line/tier1/out/multiscene_foundation_corrected/local/chair/C/no_gs_offset_-1_0", O_RDONLY|O_NONBLOCK|O_CLOEXEC|O_DIRECTORY) = 3
2460399 openat(AT_FDCWD, "/home/u00134/3dgs_line/tier1/out/multiscene_foundation_corrected/local/chair/C/gs_offset_0_-1", O_RDONLY|O_NONBLOCK|O_CLOEXEC|O_DIRECTORY) = 3
2460399 openat(AT_FDCWD, "/home/u00134/3dgs_line/tier1/out/multiscene_foundation_corrected/local/chair/C/no_gs_offset_0_1", O_RDONLY|O_NONBLOCK|O_CLOEXEC|O_DIRECTORY) = 3
2460399 openat(AT_FDCWD, "/home/u00134/3dgs_line/tier1/out/multiscene_foundation_corrected/local/chair/C/no_gs_native_queries", O_RDONLY|O_NONBLOCK|O_CLOEXEC|O_DIRECTORY) = 3
2460399 openat(AT_FDCWD, "/home/u00134/3dgs_line/tier1/out/multiscene_foundation_corrected/local/chair/C/gs_offset_1_0", O_RDONLY|O_NONBLOCK|O_CLOEXEC|O_DIRECTORY) = 3
2460399 openat(AT_FDCWD, "/home/u00134/3dgs_line/tier1/out/multiscene_foundation_corrected/local/chair/F", O_RDONLY|O_NONBLOCK|O_CLOEXEC|O_DIRECTORY) = 3
2460399 openat(AT_FDCWD, "/home/u00134/3dgs_line/tier1/out/multiscene_foundation_corrected/local/chair/F/gs_loo_067", O_RDONLY|O_NONBLOCK|O_CLOEXEC|O_DIRECTORY) = 3
2460399 openat(AT_FDCWD, "/home/u00134/3dgs_line/tier1/out/multiscene_foundation_corrected/local/chair/F/gs_offset_-1_0", O_RDONLY|O_NONBLOCK|O_CLOEXEC|O_DIRECTORY) = 3
2460399 openat(AT_FDCWD, "/home/u00134/3dgs_line/tier1/out/multiscene_foundation_corrected/local/chair/F/gs_loo_001", O_RDONLY|O_NONBLOCK|O_CLOEXEC|O_DIRECTORY) = 3
2460399 openat(AT_FDCWD, "/home/u00134/3dgs_line/tier1/out/multiscene_foundation_corrected/local/chair/F/no_gs_loo_014", O_RDONLY|O_NONBLOCK|O_CLOEXEC|O_DIRECTORY) = 3
2460399 openat(AT_FDCWD, "/home/u00134/3dgs_line/tier1/out/multiscene_foundation_corrected/local/chair/F/gs_offset_0_1", O_RDONLY|O_NONBLOCK|O_CLOEXEC|O_DIRECTORY) = 3
2460399 openat(AT_FDCWD, "/home/u00134/3dgs_line/tier1/out/multiscene_foundation_corrected/local/chair/F/no_gs_loo_067", O_RDONLY|O_NONBLOCK|O_CLOEXEC|O_DIRECTORY) = 3
2460399 openat(AT_FDCWD, "/home/u00134/3dgs_line/tier1/out/multiscene_foundation_corrected/local/chair/F/no_gs_loo_053", O_RDONLY|O_NONBLOCK|O_CLOEXEC|O_DIRECTORY) = 3
2460399 openat(AT_FDCWD, "/home/u00134/3dgs_line/tier1/out/multiscene_foundation_corrected/local/chair/F/no_gs", O_RDONLY|O_NONBLOCK|O_CLOEXEC|O_DIRECTORY) = 3
2460399 openat(AT_FDCWD, "/home/u00134/3dgs_line/tier1/out/multiscene_foundation_corrected/local/chair/F/gs", O_RDONLY|O_NONBLOCK|O_CLOEXEC|O_DIRECTORY) = 3
2460399 openat(AT_FDCWD, "/home/u00134/3dgs_line/tier1/out/multiscene_foundation_corrected/local/chair/F/gs_loo_079", O_RDONLY|O_NONBLOCK|O_CLOEXEC|O_DIRECTORY) = 3
2460399 openat(AT_FDCWD, "/home/u00134/3dgs_line/tier1/out/multiscene_foundation_corrected/local/chair/F/no_gs_offset_1_0", O_RDONLY|O_NONBLOCK|O_CLOEXEC|O_DIRECTORY) = 3
2460399 openat(AT_FDCWD, "/home/u00134/3dgs_line/tier1/out/multiscene_foundation_corrected/local/chair/F/no_gs_loo_041", O_RDONLY|O_NONBLOCK|O_CLOEXEC|O_DIRECTORY) = 3
2460399 openat(AT_FDCWD, "/home/u00134/3dgs_line/tier1/out/multiscene_foundation_corrected/local/chair/F/shifted", O_RDONLY|O_NONBLOCK|O_CLOEXEC|O_DIRECTORY) = 3
2460399 openat(AT_FDCWD, "/home/u00134/3dgs_line/tier1/out/multiscene_foundation_corrected/local/chair/F/no_gs_loo_079", O_RDONLY|O_NONBLOCK|O_CLOEXEC|O_DIRECTORY) = 3
2460399 openat(AT_FDCWD, "/home/u00134/3dgs_line/tier1/out/multiscene_foundation_corrected/local/chair/F/no_gs_offset_0_-1", O_RDONLY|O_NONBLOCK|O_CLOEXEC|O_DIRECTORY) = 3
2460399 openat(AT_FDCWD, "/home/u00134/3dgs_line/tier1/out/multiscene_foundation_corrected/local/chair/F/no_gs_loo_001", O_RDONLY|O_NONBLOCK|O_CLOEXEC|O_DIRECTORY) = 3
2460399 openat(AT_FDCWD, "/home/u00134/3dgs_line/tier1/out/multiscene_foundation_corrected/local/chair/F/no_gs_offset_-1_0", O_RDONLY|O_NONBLOCK|O_CLOEXEC|O_DIRECTORY) = 3
2460399 openat(AT_FDCWD, "/home/u00134/3dgs_line/tier1/out/multiscene_foundation_corrected/local/chair/F/no_gs_loo_093", O_RDONLY|O_NONBLOCK|O_CLOEXEC|O_DIRECTORY) = 3
2460399 openat(AT_FDCWD, "/home/u00134/3dgs_line/tier1/out/multiscene_foundation_corrected/local/chair/F/control_completion", O_RDONLY|O_NONBLOCK|O_CLOEXEC|O_DIRECTORY) = 3
2460399 openat(AT_FDCWD, "/home/u00134/3dgs_line/tier1/out/multiscene_foundation_corrected/local/chair/F/no_gs_loo_027", O_RDONLY|O_NONBLOCK|O_CLOEXEC|O_DIRECTORY) = 3
2460399 openat(AT_FDCWD, "/home/u00134/3dgs_line/tier1/out/multiscene_foundation_corrected/local/chair/F/gs_loo_093", O_RDONLY|O_NONBLOCK|O_CLOEXEC|O_DIRECTORY) = 3
2460399 openat(AT_FDCWD, "/home/u00134/3dgs_line/tier1/out/multiscene_foundation_corrected/local/chair/F/gs_loo_053", O_RDONLY|O_NONBLOCK|O_CLOEXEC|O_DIRECTORY) = 3
2460399 openat(AT_FDCWD, "/home/u00134/3dgs_line/tier1/out/multiscene_foundation_corrected/local/chair/F/gs_offset_0_-1", O_RDONLY|O_NONBLOCK|O_CLOEXEC|O_DIRECTORY) = 3
2460399 openat(AT_FDCWD, "/home/u00134/3dgs_line/tier1/out/multiscene_foundation_corrected/local/chair/F/no_gs_offset_0_1", O_RDONLY|O_NONBLOCK|O_CLOEXEC|O_DIRECTORY) = 3
2460399 openat(AT_FDCWD, "/home/u00134/3dgs_line/tier1/out/multiscene_foundation_corrected/local/chair/F/gs_loo_014", O_RDONLY|O_NONBLOCK|O_CLOEXEC|O_DIRECTORY) = 3
2460399 openat(AT_FDCWD, "/home/u00134/3dgs_line/tier1/out/multiscene_foundation_corrected/local/chair/F/shifted_no_gs", O_RDONLY|O_NONBLOCK|O_CLOEXEC|O_DIRECTORY) = 3
2460399 openat(AT_FDCWD, "/home/u00134/3dgs_line/tier1/out/multiscene_foundation_corrected/local/chair/F/gs_loo_027", O_RDONLY|O_NONBLOCK|O_CLOEXEC|O_DIRECTORY) = 3
2460399 openat(AT_FDCWD, "/home/u00134/3dgs_line/tier1/out/multiscene_foundation_corrected/local/chair/F/gs_loo_041", O_RDONLY|O_NONBLOCK|O_CLOEXEC|O_DIRECTORY) = 3
2460399 openat(AT_FDCWD, "/home/u00134/3dgs_line/tier1/out/multiscene_foundation_corrected/local/chair/F/gs_offset_1_0", O_RDONLY|O_NONBLOCK|O_CLOEXEC|O_DIRECTORY) = 3
2460399 openat(AT_FDCWD, "/home/u00134/3dgs_line/tier1/out/multiscene_foundation_corrected/local/chair/attempt_00_thread_contention", O_RDONLY|O_NONBLOCK|O_CLOEXEC|O_DIRECTORY) = 3
2460399 openat(AT_FDCWD, "/home/u00134/3dgs_line/tier1/out/multiscene_foundation_corrected/local/chair/attempt_00_thread_contention/F", O_RDONLY|O_NONBLOCK|O_CLOEXEC|O_DIRECTORY) = 3
2460399 openat(AT_FDCWD, "/home/u00134/3dgs_line/tier1/out/multiscene_foundation_corrected/local/chair/attempt_00_thread_contention/F/no_gs", O_RDONLY|O_NONBLOCK|O_CLOEXEC|O_DIRECTORY) = 3
2460399 openat(AT_FDCWD, "/home/u00134/3dgs_line/tier1/out/multiscene_foundation_corrected/local/chair/attempt_00_thread_contention/F/gs", O_RDONLY|O_NONBLOCK|O_CLOEXEC|O_DIRECTORY) = 3
2460399 openat(AT_FDCWD, "/home/u00134/3dgs_line/tier1/out/multiscene_foundation_corrected/local/chair/attempt_01_serial", O_RDONLY|O_NONBLOCK|O_CLOEXEC|O_DIRECTORY) = 3
2460399 openat(AT_FDCWD, "/home/u00134/3dgs_line/tier1/out/multiscene_foundation_corrected/local/chair/attempt_01_serial/F", O_RDONLY|O_NONBLOCK|O_CLOEXEC|O_DIRECTORY) = 3
2460399 openat(AT_FDCWD, "/home/u00134/3dgs_line/tier1/out/multiscene_foundation_corrected/local/chair/attempt_01_serial/F/no_gs", O_RDONLY|O_NONBLOCK|O_CLOEXEC|O_DIRECTORY) = 3
2460399 openat(AT_FDCWD, "/home/u00134/3dgs_line/tier1/out/multiscene_foundation_corrected/local/chair/attempt_01_serial/F/gs", O_RDONLY|O_NONBLOCK|O_CLOEXEC|O_DIRECTORY) = 3
2460399 openat(AT_FDCWD, "/home/u00134/3dgs_line/tier1/out/multiscene_foundation_corrected/local/chair/repeats", O_RDONLY|O_NONBLOCK|O_CLOEXEC|O_DIRECTORY) = 3
2460399 openat(AT_FDCWD, "/home/u00134/3dgs_line/tier1/out/multiscene_foundation_corrected/local/chair/repeats/moment_split_01", O_RDONLY|O_NONBLOCK|O_CLOEXEC|O_DIRECTORY) = 3
2460399 openat(AT_FDCWD, "/home/u00134/3dgs_line/tier1/out/multiscene_foundation_corrected/local/chair/repeats/moment_split_01/gs_offset_-1_0", O_RDONLY|O_NONBLOCK|O_CLOEXEC|O_DIRECTORY) = 3
2460399 openat(AT_FDCWD, "/home/u00134/3dgs_line/tier1/out/multiscene_foundation_corrected/local/chair/repeats/moment_split_01/gs_offset_0_1", O_RDONLY|O_NONBLOCK|O_CLOEXEC|O_DIRECTORY) = 3
2460399 openat(AT_FDCWD, "/home/u00134/3dgs_line/tier1/out/multiscene_foundation_corrected/local/chair/repeats/moment_split_01/gs", O_RDONLY|O_NONBLOCK|O_CLOEXEC|O_DIRECTORY) = 3
2460399 openat(AT_FDCWD, "/home/u00134/3dgs_line/tier1/out/multiscene_foundation_corrected/local/chair/repeats/moment_split_01/gs_offset_0_-1", O_RDONLY|O_NONBLOCK|O_CLOEXEC|O_DIRECTORY) = 3
2460399 openat(AT_FDCWD, "/home/u00134/3dgs_line/tier1/out/multiscene_foundation_corrected/local/chair/repeats/moment_split_01/gs_offset_1_0", O_RDONLY|O_NONBLOCK|O_CLOEXEC|O_DIRECTORY) = 3
2460399 openat(AT_FDCWD, "/home/u00134/3dgs_line/tier1/out/multiscene_foundation_corrected/local/chair/repeats/redistribute_04", O_RDONLY|O_NONBLOCK|O_CLOEXEC|O_DIRECTORY) = 3
2460399 openat(AT_FDCWD, "/home/u00134/3dgs_line/tier1/out/multiscene_foundation_corrected/local/chair/repeats/redistribute_04/gs_offset_-1_0", O_RDONLY|O_NONBLOCK|O_CLOEXEC|O_DIRECTORY) = 3
2460399 openat(AT_FDCWD, "/home/u00134/3dgs_line/tier1/out/multiscene_foundation_corrected/local/chair/repeats/redistribute_04/gs_offset_0_1", O_RDONLY|O_NONBLOCK|O_CLOEXEC|O_DIRECTORY) = 3
2460399 openat(AT_FDCWD, "/home/u00134/3dgs_line/tier1/out/multiscene_foundation_corrected/local/chair/repeats/redistribute_04/gs", O_RDONLY|O_NONBLOCK|O_CLOEXEC|O_DIRECTORY) = 3
2460399 openat(AT_FDCWD, "/home/u00134/3dgs_line/tier1/out/multiscene_foundation_corrected/local/chair/repeats/redistribute_04/gs_offset_0_-1", O_RDONLY|O_NONBLOCK|O_CLOEXEC|O_DIRECTORY) = 3
2460399 openat(AT_FDCWD, "/home/u00134/3dgs_line/tier1/out/multiscene_foundation_corrected/local/chair/repeats/redistribute_04/gs_offset_1_0", O_RDONLY|O_NONBLOCK|O_CLOEXEC|O_DIRECTORY) = 3
2460399 openat(AT_FDCWD, "/home/u00134/3dgs_line/tier1/out/multiscene_foundation_corrected/local/chair/repeats/seed_2718", O_RDONLY|O_NONBLOCK|O_CLOEXEC|O_DIRECTORY) = 3
2460399 openat(AT_FDCWD, "/home/u00134/3dgs_line/tier1/out/multiscene_foundation_corrected/local/chair/repeats/seed_2718/gs_offset_-1_0", O_RDONLY|O_NONBLOCK|O_CLOEXEC|O_DIRECTORY) = 3
2460399 openat(AT_FDCWD, "/home/u00134/3dgs_line/tier1/out/multiscene_foundation_corrected/local/chair/repeats/seed_2718/gs_offset_0_1", O_RDONLY|O_NONBLOCK|O_CLOEXEC|O_DIRECTORY) = 3
2460399 openat(AT_FDCWD, "/home/u00134/3dgs_line/tier1/out/multiscene_foundation_corrected/local/chair/repeats/seed_2718/gs", O_RDONLY|O_NONBLOCK|O_CLOEXEC|O_DIRECTORY) = 3
2460399 openat(AT_FDCWD, "/home/u00134/3dgs_line/tier1/out/multiscene_foundation_corrected/local/chair/repeats/seed_2718/gs_offset_0_-1", O_RDONLY|O_NONBLOCK|O_CLOEXEC|O_DIRECTORY) = 3
2460399 openat(AT_FDCWD, "/home/u00134/3dgs_line/tier1/out/multiscene_foundation_corrected/local/chair/repeats/seed_2718/gs_offset_1_0", O_RDONLY|O_NONBLOCK|O_CLOEXEC|O_DIRECTORY) = 3
2460399 openat(AT_FDCWD, "/home/u00134/3dgs_line/tier1/out/multiscene_foundation_corrected/local/chair/repeats/redistribute_01", O_RDONLY|O_NONBLOCK|O_CLOEXEC|O_DIRECTORY) = 3
2460399 openat(AT_FDCWD, "/home/u00134/3dgs_line/tier1/out/multiscene_foundation_corrected/local/chair/repeats/redistribute_01/gs_offset_-1_0", O_RDONLY|O_NONBLOCK|O_CLOEXEC|O_DIRECTORY) = 3
2460399 openat(AT_FDCWD, "/home/u00134/3dgs_line/tier1/out/multiscene_foundation_corrected/local/chair/repeats/redistribute_01/gs_offset_0_1", O_RDONLY|O_NONBLOCK|O_CLOEXEC|O_DIRECTORY) = 3
2460399 openat(AT_FDCWD, "/home/u00134/3dgs_line/tier1/out/multiscene_foundation_corrected/local/chair/repeats/redistribute_01/gs", O_RDONLY|O_NONBLOCK|O_CLOEXEC|O_DIRECTORY) = 3
2460399 openat(AT_FDCWD, "/home/u00134/3dgs_line/tier1/out/multiscene_foundation_corrected/local/chair/repeats/redistribute_01/gs_offset_0_-1", O_RDONLY|O_NONBLOCK|O_CLOEXEC|O_DIRECTORY) = 3
2460399 openat(AT_FDCWD, "/home/u00134/3dgs_line/tier1/out/multiscene_foundation_corrected/local/chair/repeats/redistribute_01/gs_offset_1_0", O_RDONLY|O_NONBLOCK|O_CLOEXEC|O_DIRECTORY) = 3
2460399 openat(AT_FDCWD, "/home/u00134/3dgs_line/tier1/out/multiscene_foundation_corrected/local/chair/repeats/moment_split_02", O_RDONLY|O_NONBLOCK|O_CLOEXEC|O_DIRECTORY) = 3
2460399 openat(AT_FDCWD, "/home/u00134/3dgs_line/tier1/out/multiscene_foundation_corrected/local/chair/repeats/moment_split_02/gs_offset_-1_0", O_RDONLY|O_NONBLOCK|O_CLOEXEC|O_DIRECTORY) = 3
2460399 openat(AT_FDCWD, "/home/u00134/3dgs_line/tier1/out/multiscene_foundation_corrected/local/chair/repeats/moment_split_02/gs_offset_0_1", O_RDONLY|O_NONBLOCK|O_CLOEXEC|O_DIRECTORY) = 3
2460399 openat(AT_FDCWD, "/home/u00134/3dgs_line/tier1/out/multiscene_foundation_corrected/local/chair/repeats/moment_split_02/gs", O_RDONLY|O_NONBLOCK|O_CLOEXEC|O_DIRECTORY) = 3
2460399 openat(AT_FDCWD, "/home/u00134/3dgs_line/tier1/out/multiscene_foundation_corrected/local/chair/repeats/moment_split_02/gs_offset_0_-1", O_RDONLY|O_NONBLOCK|O_CLOEXEC|O_DIRECTORY) = 3
2460399 openat(AT_FDCWD, "/home/u00134/3dgs_line/tier1/out/multiscene_foundation_corrected/local/chair/repeats/moment_split_02/gs_offset_1_0", O_RDONLY|O_NONBLOCK|O_CLOEXEC|O_DIRECTORY) = 3
2460399 openat(AT_FDCWD, "/home/u00134/3dgs_line/tier1/out/multiscene_foundation_corrected/local/chair/repeats/redistribute_00", O_RDONLY|O_NONBLOCK|O_CLOEXEC|O_DIRECTORY) = 3
2460399 openat(AT_FDCWD, "/home/u00134/3dgs_line/tier1/out/multiscene_foundation_corrected/local/chair/repeats/redistribute_00/gs_offset_-1_0", O_RDONLY|O_NONBLOCK|O_CLOEXEC|O_DIRECTORY) = 3
2460399 openat(AT_FDCWD, "/home/u00134/3dgs_line/tier1/out/multiscene_foundation_corrected/local/chair/repeats/redistribute_00/gs_offset_0_1", O_RDONLY|O_NONBLOCK|O_CLOEXEC|O_DIRECTORY) = 3
2460399 openat(AT_FDCWD, "/home/u00134/3dgs_line/tier1/out/multiscene_foundation_corrected/local/chair/repeats/redistribute_00/gs", O_RDONLY|O_NONBLOCK|O_CLOEXEC|O_DIRECTORY) = 3
2460399 openat(AT_FDCWD, "/home/u00134/3dgs_line/tier1/out/multiscene_foundation_corrected/local/chair/repeats/redistribute_00/gs_offset_0_-1", O_RDONLY|O_NONBLOCK|O_CLOEXEC|O_DIRECTORY) = 3
2460399 openat(AT_FDCWD, "/home/u00134/3dgs_line/tier1/out/multiscene_foundation_corrected/local/chair/repeats/redistribute_00/gs_offset_1_0", O_RDONLY|O_NONBLOCK|O_CLOEXEC|O_DIRECTORY) = 3
2460399 openat(AT_FDCWD, "/home/u00134/3dgs_line/tier1/out/multiscene_foundation_corrected/local/chair/repeats/moment_split_03", O_RDONLY|O_NONBLOCK|O_CLOEXEC|O_DIRECTORY) = 3
2460399 openat(AT_FDCWD, "/home/u00134/3dgs_line/tier1/out/multiscene_foundation_corrected/local/chair/repeats/moment_split_03/gs_offset_-1_0", O_RDONLY|O_NONBLOCK|O_CLOEXEC|O_DIRECTORY) = 3
2460399 openat(AT_FDCWD, "/home/u00134/3dgs_line/tier1/out/multiscene_foundation_corrected/local/chair/repeats/moment_split_03/gs_offset_0_1", O_RDONLY|O_NONBLOCK|O_CLOEXEC|O_DIRECTORY) = 3
2460399 openat(AT_FDCWD, "/home/u00134/3dgs_line/tier1/out/multiscene_foundation_corrected/local/chair/repeats/moment_split_03/gs", O_RDONLY|O_NONBLOCK|O_CLOEXEC|O_DIRECTORY) = 3
2460399 openat(AT_FDCWD, "/home/u00134/3dgs_line/tier1/out/multiscene_foundation_corrected/local/chair/repeats/moment_split_03/gs_offset_0_-1", O_RDONLY|O_NONBLOCK|O_CLOEXEC|O_DIRECTORY) = 3
2460399 openat(AT_FDCWD, "/home/u00134/3dgs_line/tier1/out/multiscene_foundation_corrected/local/chair/repeats/moment_split_03/gs_offset_1_0", O_RDONLY|O_NONBLOCK|O_CLOEXEC|O_DIRECTORY) = 3
2460399 openat(AT_FDCWD, "/home/u00134/3dgs_line/tier1/out/multiscene_foundation_corrected/local/chair/repeats/redistribute_03", O_RDONLY|O_NONBLOCK|O_CLOEXEC|O_DIRECTORY) = 3
2460399 openat(AT_FDCWD, "/home/u00134/3dgs_line/tier1/out/multiscene_foundation_corrected/local/chair/repeats/redistribute_03/gs_offset_-1_0", O_RDONLY|O_NONBLOCK|O_CLOEXEC|O_DIRECTORY) = 3
2460399 openat(AT_FDCWD, "/home/u00134/3dgs_line/tier1/out/multiscene_foundation_corrected/local/chair/repeats/redistribute_03/gs_offset_0_1", O_RDONLY|O_NONBLOCK|O_CLOEXEC|O_DIRECTORY) = 3
2460399 openat(AT_FDCWD, "/home/u00134/3dgs_line/tier1/out/multiscene_foundation_corrected/local/chair/repeats/redistribute_03/gs", O_RDONLY|O_NONBLOCK|O_CLOEXEC|O_DIRECTORY) = 3
2460399 openat(AT_FDCWD, "/home/u00134/3dgs_line/tier1/out/multiscene_foundation_corrected/local/chair/repeats/redistribute_03/gs_offset_0_-1", O_RDONLY|O_NONBLOCK|O_CLOEXEC|O_DIRECTORY) = 3
2460399 openat(AT_FDCWD, "/home/u00134/3dgs_line/tier1/out/multiscene_foundation_corrected/local/chair/repeats/redistribute_03/gs_offset_1_0", O_RDONLY|O_NONBLOCK|O_CLOEXEC|O_DIRECTORY) = 3
2460399 openat(AT_FDCWD, "/home/u00134/3dgs_line/tier1/out/multiscene_foundation_corrected/local/chair/repeats/redistribute_02", O_RDONLY|O_NONBLOCK|O_CLOEXEC|O_DIRECTORY) = 3
2460399 openat(AT_FDCWD, "/home/u00134/3dgs_line/tier1/out/multiscene_foundation_corrected/local/chair/repeats/redistribute_02/gs_offset_-1_0", O_RDONLY|O_NONBLOCK|O_CLOEXEC|O_DIRECTORY) = 3
2460399 openat(AT_FDCWD, "/home/u00134/3dgs_line/tier1/out/multiscene_foundation_corrected/local/chair/repeats/redistribute_02/gs_offset_0_1", O_RDONLY|O_NONBLOCK|O_CLOEXEC|O_DIRECTORY) = 3
2460399 openat(AT_FDCWD, "/home/u00134/3dgs_line/tier1/out/multiscene_foundation_corrected/local/chair/repeats/redistribute_02/gs", O_RDONLY|O_NONBLOCK|O_CLOEXEC|O_DIRECTORY) = 3
2460399 openat(AT_FDCWD, "/home/u00134/3dgs_line/tier1/out/multiscene_foundation_corrected/local/chair/repeats/redistribute_02/gs_offset_0_-1", O_RDONLY|O_NONBLOCK|O_CLOEXEC|O_DIRECTORY) = 3
2460399 openat(AT_FDCWD, "/home/u00134/3dgs_line/tier1/out/multiscene_foundation_corrected/local/chair/repeats/redistribute_02/gs_offset_1_0", O_RDONLY|O_NONBLOCK|O_CLOEXEC|O_DIRECTORY) = 3
2460399 openat(AT_FDCWD, "/home/u00134/3dgs_line/tier1/out/multiscene_foundation_corrected/local/chair/repeats/moment_split_00", O_RDONLY|O_NONBLOCK|O_CLOEXEC|O_DIRECTORY) = 3
2460399 openat(AT_FDCWD, "/home/u00134/3dgs_line/tier1/out/multiscene_foundation_corrected/local/chair/repeats/moment_split_00/gs_offset_-1_0", O_RDONLY|O_NONBLOCK|O_CLOEXEC|O_DIRECTORY) = 3
2460399 openat(AT_FDCWD, "/home/u00134/3dgs_line/tier1/out/multiscene_foundation_corrected/local/chair/repeats/moment_split_00/gs_offset_0_1", O_RDONLY|O_NONBLOCK|O_CLOEXEC|O_DIRECTORY) = 3
2460399 openat(AT_FDCWD, "/home/u00134/3dgs_line/tier1/out/multiscene_foundation_corrected/local/chair/repeats/moment_split_00/gs", O_RDONLY|O_NONBLOCK|O_CLOEXEC|O_DIRECTORY) = 3
2460399 openat(AT_FDCWD, "/home/u00134/3dgs_line/tier1/out/multiscene_foundation_corrected/local/chair/repeats/moment_split_00/gs_offset_0_-1", O_RDONLY|O_NONBLOCK|O_CLOEXEC|O_DIRECTORY) = 3
2460399 openat(AT_FDCWD, "/home/u00134/3dgs_line/tier1/out/multiscene_foundation_corrected/local/chair/repeats/moment_split_00/gs_offset_1_0", O_RDONLY|O_NONBLOCK|O_CLOEXEC|O_DIRECTORY) = 3
2460399 openat(AT_FDCWD, "/home/u00134/3dgs_line/tier1/out/multiscene_foundation_corrected/evaluation", O_RDONLY|O_NONBLOCK|O_CLOEXEC|O_DIRECTORY) = 3
2460399 openat(AT_FDCWD, "/home/u00134/3dgs_line/tier1/out/multiscene_foundation_corrected/evaluation/lego", O_RDONLY|O_NONBLOCK|O_CLOEXEC|O_DIRECTORY) = 3
2460399 openat(AT_FDCWD, "/home/u00134/3dgs_line/tier1/out/multiscene_foundation_corrected/evaluation/lego/machine", O_RDONLY|O_NONBLOCK|O_CLOEXEC|O_DIRECTORY) = 3
2460399 openat(AT_FDCWD, "/home/u00134/3dgs_line/tier1/out/multiscene_foundation_corrected/evaluation/lego/machine/prediction_rows", O_RDONLY|O_NONBLOCK|O_CLOEXEC|O_DIRECTORY) = 3
2460399 openat(AT_FDCWD, "/home/u00134/3dgs_line/tier1/out/multiscene_foundation_corrected/evaluation/lego/visual", O_RDONLY|O_NONBLOCK|O_CLOEXEC|O_DIRECTORY) = 3
2460399 openat(AT_FDCWD, "/home/u00134/3dgs_line/tier1/out/multiscene_foundation_corrected/evaluation/lego/visual/profiles", O_RDONLY|O_NONBLOCK|O_CLOEXEC|O_DIRECTORY) = 3
2460399 openat(AT_FDCWD, "/home/u00134/3dgs_line/tier1/out/multiscene_foundation_corrected/evaluation/lego/visual/prediction_rows", O_RDONLY|O_NONBLOCK|O_CLOEXEC|O_DIRECTORY) = 3
2460399 openat(AT_FDCWD, "/home/u00134/3dgs_line/tier1/out/multiscene_foundation_corrected/evaluation/lego/visual/native", O_RDONLY|O_NONBLOCK|O_CLOEXEC|O_DIRECTORY) = 3
2460399 openat(AT_FDCWD, "/home/u00134/3dgs_line/tier1/out/multiscene_foundation_corrected/evaluation/lego/visual/blinded_review", O_RDONLY|O_NONBLOCK|O_CLOEXEC|O_DIRECTORY) = 3
2460399 openat(AT_FDCWD, "/home/u00134/3dgs_line/tier1/out/multiscene_foundation_corrected/evaluation/lego/visual/.mplconfig", O_RDONLY|O_NONBLOCK|O_CLOEXEC|O_DIRECTORY) = 3
2460399 openat(AT_FDCWD, "/home/u00134/3dgs_line/tier1/out/multiscene_foundation_corrected/evaluation/lego/visual/full_resolution", O_RDONLY|O_NONBLOCK|O_CLOEXEC|O_DIRECTORY) = 3
2460399 openat(AT_FDCWD, "/home/u00134/3dgs_line/tier1/out/multiscene_foundation_corrected/evaluation/lego/visual/full_resolution/F__no_gs_loo_079", O_RDONLY|O_NONBLOCK|O_CLOEXEC|O_DIRECTORY) = 3
2460399 openat(AT_FDCWD, "/home/u00134/3dgs_line/tier1/out/multiscene_foundation_corrected/evaluation/lego/visual/full_resolution/repeats__moment_split_03__gs", O_RDONLY|O_NONBLOCK|O_CLOEXEC|O_DIRECTORY) = 3
2460399 openat(AT_FDCWD, "/home/u00134/3dgs_line/tier1/out/multiscene_foundation_corrected/evaluation/lego/visual/full_resolution/repeats__redistribute_02__gs_offset_0_1", O_RDONLY|O_NONBLOCK|O_CLOEXEC|O_DIRECTORY) = 3
2460399 openat(AT_FDCWD, "/home/u00134/3dgs_line/tier1/out/multiscene_foundation_corrected/evaluation/lego/visual/full_resolution/F__no_gs_loo_027", O_RDONLY|O_NONBLOCK|O_CLOEXEC|O_DIRECTORY) = 3
2460399 openat(AT_FDCWD, "/home/u00134/3dgs_line/tier1/out/multiscene_foundation_corrected/evaluation/lego/visual/full_resolution/repeats__moment_split_01__gs_offset_0_1", O_RDONLY|O_NONBLOCK|O_CLOEXEC|O_DIRECTORY) = 3
2460399 openat(AT_FDCWD, "/home/u00134/3dgs_line/tier1/out/multiscene_foundation_corrected/evaluation/lego/visual/full_resolution/repeats__redistribute_03__gs_offset_-1_0", O_RDONLY|O_NONBLOCK|O_CLOEXEC|O_DIRECTORY) = 3
2460399 openat(AT_FDCWD, "/home/u00134/3dgs_line/tier1/out/multiscene_foundation_corrected/evaluation/lego/visual/full_resolution/repeats__redistribute_03__gs_offset_1_0", O_RDONLY|O_NONBLOCK|O_CLOEXEC|O_DIRECTORY) = 3
2460399 openat(AT_FDCWD, "/home/u00134/3dgs_line/tier1/out/multiscene_foundation_corrected/evaluation/lego/visual/full_resolution/repeats__redistribute_04__gs_offset_1_0", O_RDONLY|O_NONBLOCK|O_CLOEXEC|O_DIRECTORY) = 3
2460399 openat(AT_FDCWD, "/home/u00134/3dgs_line/tier1/out/multiscene_foundation_corrected/evaluation/lego/visual/full_resolution/repeats__redistribute_00__gs_offset_-1_0", O_RDONLY|O_NONBLOCK|O_CLOEXEC|O_DIRECTORY) = 3
2460399 openat(AT_FDCWD, "/home/u00134/3dgs_line/tier1/out/multiscene_foundation_corrected/evaluation/lego/visual/full_resolution/repeats__moment_split_01__gs", O_RDONLY|O_NONBLOCK|O_CLOEXEC|O_DIRECTORY) = 3
2460399 openat(AT_FDCWD, "/home/u00134/3dgs_line/tier1/out/multiscene_foundation_corrected/evaluation/lego/visual/full_resolution/F__gs_loo_053", O_RDONLY|O_NONBLOCK|O_CLOEXEC|O_DIRECTORY) = 3
2460399 openat(AT_FDCWD, "/home/u00134/3dgs_line/tier1/out/multiscene_foundation_corrected/evaluation/lego/visual/full_resolution/repeats__redistribute_04__gs_offset_0_1", O_RDONLY|O_NONBLOCK|O_CLOEXEC|O_DIRECTORY) = 3
2460399 openat(AT_FDCWD, "/home/u00134/3dgs_line/tier1/out/multiscene_foundation_corrected/evaluation/lego/visual/full_resolution/repeats__redistribute_01__gs_offset_0_-1", O_RDONLY|O_NONBLOCK|O_CLOEXEC|O_DIRECTORY) = 3
2460399 openat(AT_FDCWD, "/home/u00134/3dgs_line/tier1/out/multiscene_foundation_corrected/evaluation/lego/visual/full_resolution/repeats__redistribute_00__gs_offset_0_-1", O_RDONLY|O_NONBLOCK|O_CLOEXEC|O_DIRECTORY) = 3
2460399 openat(AT_FDCWD, "/home/u00134/3dgs_line/tier1/out/multiscene_foundation_corrected/evaluation/lego/visual/full_resolution/C__no_gs_offset_0_-1", O_RDONLY|O_NONBLOCK|O_CLOEXEC|O_DIRECTORY) = 3
2460399 openat(AT_FDCWD, "/home/u00134/3dgs_line/tier1/out/multiscene_foundation_corrected/evaluation/lego/visual/full_resolution/F__gs_loo_027", O_RDONLY|O_NONBLOCK|O_CLOEXEC|O_DIRECTORY) = 3
2460399 openat(AT_FDCWD, "/home/u00134/3dgs_line/tier1/out/multiscene_foundation_corrected/evaluation/lego/visual/full_resolution/repeats__moment_split_03__gs_offset_1_0", O_RDONLY|O_NONBLOCK|O_CLOEXEC|O_DIRECTORY) = 3
2460399 openat(AT_FDCWD, "/home/u00134/3dgs_line/tier1/out/multiscene_foundation_corrected/evaluation/lego/visual/full_resolution/F__gs_offset_0_1", O_RDONLY|O_NONBLOCK|O_CLOEXEC|O_DIRECTORY) = 3
2460399 openat(AT_FDCWD, "/home/u00134/3dgs_line/tier1/out/multiscene_foundation_corrected/evaluation/lego/visual/full_resolution/repeats__redistribute_01__gs_offset_-1_0", O_RDONLY|O_NONBLOCK|O_CLOEXEC|O_DIRECTORY) = 3
2460399 openat(AT_FDCWD, "/home/u00134/3dgs_line/tier1/out/multiscene_foundation_corrected/evaluation/lego/visual/full_resolution/repeats__redistribute_03__gs_offset_0_1", O_RDONLY|O_NONBLOCK|O_CLOEXEC|O_DIRECTORY) = 3
2460399 openat(AT_FDCWD, "/home/u00134/3dgs_line/tier1/out/multiscene_foundation_corrected/evaluation/lego/visual/full_resolution/F__no_gs_offset_-1_0", O_RDONLY|O_NONBLOCK|O_CLOEXEC|O_DIRECTORY) = 3
2460399 openat(AT_FDCWD, "/home/u00134/3dgs_line/tier1/out/multiscene_foundation_corrected/evaluation/lego/visual/full_resolution/repeats__moment_split_01__gs_offset_-1_0", O_RDONLY|O_NONBLOCK|O_CLOEXEC|O_DIRECTORY) = 3
2460399 openat(AT_FDCWD, "/home/u00134/3dgs_line/tier1/out/multiscene_foundation_corrected/evaluation/lego/visual/full_resolution/F__no_gs_loo_093", O_RDONLY|O_NONBLOCK|O_CLOEXEC|O_DIRECTORY) = 3
2460399 openat(AT_FDCWD, "/home/u00134/3dgs_line/tier1/out/multiscene_foundation_corrected/evaluation/lego/visual/full_resolution/C__gs_offset_1_0", O_RDONLY|O_NONBLOCK|O_CLOEXEC|O_DIRECTORY) = 3
2460399 openat(AT_FDCWD, "/home/u00134/3dgs_line/tier1/out/multiscene_foundation_corrected/evaluation/lego/visual/full_resolution/repeats__redistribute_03__gs_offset_0_-1", O_RDONLY|O_NONBLOCK|O_CLOEXEC|O_DIRECTORY) = 3
2460399 openat(AT_FDCWD, "/home/u00134/3dgs_line/tier1/out/multiscene_foundation_corrected/evaluation/lego/visual/full_resolution/C__no_gs_offset_1_0", O_RDONLY|O_NONBLOCK|O_CLOEXEC|O_DIRECTORY) = 3
2460399 openat(AT_FDCWD, "/home/u00134/3dgs_line/tier1/out/multiscene_foundation_corrected/evaluation/lego/visual/full_resolution/repeats__redistribute_00__gs_offset_1_0", O_RDONLY|O_NONBLOCK|O_CLOEXEC|O_DIRECTORY) = 3
2460399 openat(AT_FDCWD, "/home/u00134/3dgs_line/tier1/out/multiscene_foundation_corrected/evaluation/lego/visual/full_resolution/F__no_gs_loo_001", O_RDONLY|O_NONBLOCK|O_CLOEXEC|O_DIRECTORY) = 3
2460399 openat(AT_FDCWD, "/home/u00134/3dgs_line/tier1/out/multiscene_foundation_corrected/evaluation/lego/visual/full_resolution/repeats__moment_split_00__gs_offset_0_-1", O_RDONLY|O_NONBLOCK|O_CLOEXEC|O_DIRECTORY) = 3
2460399 openat(AT_FDCWD, "/home/u00134/3dgs_line/tier1/out/multiscene_foundation_corrected/evaluation/lego/visual/full_resolution/repeats__moment_split_03__gs_offset_-1_0", O_RDONLY|O_NONBLOCK|O_CLOEXEC|O_DIRECTORY) = 3
2460399 openat(AT_FDCWD, "/home/u00134/3dgs_line/tier1/out/multiscene_foundation_corrected/evaluation/lego/visual/full_resolution/repeats__redistribute_02__gs_offset_1_0", O_RDONLY|O_NONBLOCK|O_CLOEXEC|O_DIRECTORY) = 3
2460399 openat(AT_FDCWD, "/home/u00134/3dgs_line/tier1/out/multiscene_foundation_corrected/evaluation/lego/visual/full_resolution/pca", O_RDONLY|O_NONBLOCK|O_CLOEXEC|O_DIRECTORY) = 3
2460399 openat(AT_FDCWD, "/home/u00134/3dgs_line/tier1/out/multiscene_foundation_corrected/evaluation/lego/visual/full_resolution/repeats__moment_split_00__gs_offset_-1_0", O_RDONLY|O_NONBLOCK|O_CLOEXEC|O_DIRECTORY) = 3
2460399 openat(AT_FDCWD, "/home/u00134/3dgs_line/tier1/out/multiscene_foundation_corrected/evaluation/lego/visual/full_resolution/repeats__moment_split_01__gs_offset_1_0", O_RDONLY|O_NONBLOCK|O_CLOEXEC|O_DIRECTORY) = 3
2460399 openat(AT_FDCWD, "/home/u00134/3dgs_line/tier1/out/multiscene_foundation_corrected/evaluation/lego/visual/full_resolution/F__no_gs", O_RDONLY|O_NONBLOCK|O_CLOEXEC|O_DIRECTORY) = 3
2460399 openat(AT_FDCWD, "/home/u00134/3dgs_line/tier1/out/multiscene_foundation_corrected/evaluation/lego/visual/full_resolution/F__gs_loo_093", O_RDONLY|O_NONBLOCK|O_CLOEXEC|O_DIRECTORY) = 3
2460399 openat(AT_FDCWD, "/home/u00134/3dgs_line/tier1/out/multiscene_foundation_corrected/evaluation/lego/visual/full_resolution/repeats__redistribute_01__gs_offset_0_1", O_RDONLY|O_NONBLOCK|O_CLOEXEC|O_DIRECTORY) = 3
2460399 openat(AT_FDCWD, "/home/u00134/3dgs_line/tier1/out/multiscene_foundation_corrected/evaluation/lego/visual/full_resolution/F__gs_loo_079", O_RDONLY|O_NONBLOCK|O_CLOEXEC|O_DIRECTORY) = 3
2460399 openat(AT_FDCWD, "/home/u00134/3dgs_line/tier1/out/multiscene_foundation_corrected/evaluation/lego/visual/full_resolution/C__gs_offset_-1_0", O_RDONLY|O_NONBLOCK|O_CLOEXEC|O_DIRECTORY) = 3
2460399 openat(AT_FDCWD, "/home/u00134/3dgs_line/tier1/out/multiscene_foundation_corrected/evaluation/lego/visual/full_resolution/F__no_gs_loo_014", O_RDONLY|O_NONBLOCK|O_CLOEXEC|O_DIRECTORY) = 3
2460399 openat(AT_FDCWD, "/home/u00134/3dgs_line/tier1/out/multiscene_foundation_corrected/evaluation/lego/visual/full_resolution/repeats__moment_split_02__gs", O_RDONLY|O_NONBLOCK|O_CLOEXEC|O_DIRECTORY) = 3
2460399 openat(AT_FDCWD, "/home/u00134/3dgs_line/tier1/out/multiscene_foundation_corrected/evaluation/lego/visual/full_resolution/C__gs_native_queries", O_RDONLY|O_NONBLOCK|O_CLOEXEC|O_DIRECTORY) = 3
2460399 openat(AT_FDCWD, "/home/u00134/3dgs_line/tier1/out/multiscene_foundation_corrected/evaluation/lego/visual/full_resolution/F__gs_loo_001", O_RDONLY|O_NONBLOCK|O_CLOEXEC|O_DIRECTORY) = 3
2460399 openat(AT_FDCWD, "/home/u00134/3dgs_line/tier1/out/multiscene_foundation_corrected/evaluation/lego/visual/full_resolution/F__no_gs_loo_067", O_RDONLY|O_NONBLOCK|O_CLOEXEC|O_DIRECTORY) = 3
2460399 openat(AT_FDCWD, "/home/u00134/3dgs_line/tier1/out/multiscene_foundation_corrected/evaluation/lego/visual/full_resolution/repeats__redistribute_02__gs", O_RDONLY|O_NONBLOCK|O_CLOEXEC|O_DIRECTORY) = 3
2460399 openat(AT_FDCWD, "/home/u00134/3dgs_line/tier1/out/multiscene_foundation_corrected/evaluation/lego/visual/full_resolution/repeats__redistribute_00__gs", O_RDONLY|O_NONBLOCK|O_CLOEXEC|O_DIRECTORY) = 3
2460399 openat(AT_FDCWD, "/home/u00134/3dgs_line/tier1/out/multiscene_foundation_corrected/evaluation/lego/visual/full_resolution/repeats__redistribute_01__gs", O_RDONLY|O_NONBLOCK|O_CLOEXEC|O_DIRECTORY) = 3
2460399 openat(AT_FDCWD, "/home/u00134/3dgs_line/tier1/out/multiscene_foundation_corrected/evaluation/lego/visual/full_resolution/repeats__redistribute_02__gs_offset_-1_0", O_RDONLY|O_NONBLOCK|O_CLOEXEC|O_DIRECTORY) = 3
2460399 openat(AT_FDCWD, "/home/u00134/3dgs_line/tier1/out/multiscene_foundation_corrected/evaluation/lego/visual/full_resolution/F__no_gs_offset_0_-1", O_RDONLY|O_NONBLOCK|O_CLOEXEC|O_DIRECTORY) = 3
2460399 openat(AT_FDCWD, "/home/u00134/3dgs_line/tier1/out/multiscene_foundation_corrected/evaluation/lego/visual/full_resolution/F__no_gs_offset_1_0", O_RDONLY|O_NONBLOCK|O_CLOEXEC|O_DIRECTORY) = 3
2460399 openat(AT_FDCWD, "/home/u00134/3dgs_line/tier1/out/multiscene_foundation_corrected/evaluation/lego/visual/full_resolution/C__gs_offset_0_-1", O_RDONLY|O_NONBLOCK|O_CLOEXEC|O_DIRECTORY) = 3
2460399 openat(AT_FDCWD, "/home/u00134/3dgs_line/tier1/out/multiscene_foundation_corrected/evaluation/lego/visual/full_resolution/C__gs", O_RDONLY|O_NONBLOCK|O_CLOEXEC|O_DIRECTORY) = 3
2460399 openat(AT_FDCWD, "/home/u00134/3dgs_line/tier1/out/multiscene_foundation_corrected/evaluation/lego/visual/full_resolution/C__gs_offset_0_1", O_RDONLY|O_NONBLOCK|O_CLOEXEC|O_DIRECTORY) = 3
2460399 openat(AT_FDCWD, "/home/u00134/3dgs_line/tier1/out/multiscene_foundation_corrected/evaluation/lego/visual/full_resolution/C__no_gs_offset_0_1", O_RDONLY|O_NONBLOCK|O_CLOEXEC|O_DIRECTORY) = 3
2460399 openat(AT_FDCWD, "/home/u00134/3dgs_line/tier1/out/multiscene_foundation_corrected/evaluation/lego/visual/full_resolution/F__gs_loo_041", O_RDONLY|O_NONBLOCK|O_CLOEXEC|O_DIRECTORY) = 3
2460399 openat(AT_FDCWD, "/home/u00134/3dgs_line/tier1/out/multiscene_foundation_corrected/evaluation/lego/visual/full_resolution/F__shifted", O_RDONLY|O_NONBLOCK|O_CLOEXEC|O_DIRECTORY) = 3
2460399 openat(AT_FDCWD, "/home/u00134/3dgs_line/tier1/out/multiscene_foundation_corrected/evaluation/lego/visual/full_resolution/repeats__moment_split_00__gs_offset_0_1", O_RDONLY|O_NONBLOCK|O_CLOEXEC|O_DIRECTORY) = 3
2460399 openat(AT_FDCWD, "/home/u00134/3dgs_line/tier1/out/multiscene_foundation_corrected/evaluation/lego/visual/full_resolution/F__gs_offset_0_-1", O_RDONLY|O_NONBLOCK|O_CLOEXEC|O_DIRECTORY) = 3
2460399 openat(AT_FDCWD, "/home/u00134/3dgs_line/tier1/out/multiscene_foundation_corrected/evaluation/lego/visual/full_resolution/F__no_gs_loo_041", O_RDONLY|O_NONBLOCK|O_CLOEXEC|O_DIRECTORY) = 3
2460399 openat(AT_FDCWD, "/home/u00134/3dgs_line/tier1/out/multiscene_foundation_corrected/evaluation/lego/visual/full_resolution/repeats__redistribute_03__gs", O_RDONLY|O_NONBLOCK|O_CLOEXEC|O_DIRECTORY) = 3
2460399 openat(AT_FDCWD, "/home/u00134/3dgs_line/tier1/out/multiscene_foundation_corrected/evaluation/lego/visual/full_resolution/repeats__redistribute_02__gs_offset_0_-1", O_RDONLY|O_NONBLOCK|O_CLOEXEC|O_DIRECTORY) = 3
2460399 openat(AT_FDCWD, "/home/u00134/3dgs_line/tier1/out/multiscene_foundation_corrected/evaluation/lego/visual/full_resolution/F__no_gs_offset_0_1", O_RDONLY|O_NONBLOCK|O_CLOEXEC|O_DIRECTORY) = 3
2460399 openat(AT_FDCWD, "/home/u00134/3dgs_line/tier1/out/multiscene_foundation_corrected/evaluation/lego/visual/full_resolution/C__no_gs_offset_-1_0", O_RDONLY|O_NONBLOCK|O_CLOEXEC|O_DIRECTORY) = 3
2460399 openat(AT_FDCWD, "/home/u00134/3dgs_line/tier1/out/multiscene_foundation_corrected/evaluation/lego/visual/full_resolution/F__gs_loo_067", O_RDONLY|O_NONBLOCK|O_CLOEXEC|O_DIRECTORY) = 3
2460399 openat(AT_FDCWD, "/home/u00134/3dgs_line/tier1/out/multiscene_foundation_corrected/evaluation/lego/visual/full_resolution/C__no_gs", O_RDONLY|O_NONBLOCK|O_CLOEXEC|O_DIRECTORY) = 3
2460399 openat(AT_FDCWD, "/home/u00134/3dgs_line/tier1/out/multiscene_foundation_corrected/evaluation/lego/visual/full_resolution/repeats__moment_split_03__gs_offset_0_-1", O_RDONLY|O_NONBLOCK|O_CLOEXEC|O_DIRECTORY) = 3
2460399 openat(AT_FDCWD, "/home/u00134/3dgs_line/tier1/out/multiscene_foundation_corrected/evaluation/lego/visual/full_resolution/repeats__redistribute_00__gs_offset_0_1", O_RDONLY|O_NONBLOCK|O_CLOEXEC|O_DIRECTORY) = 3
2460399 openat(AT_FDCWD, "/home/u00134/3dgs_line/tier1/out/multiscene_foundation_corrected/evaluation/lego/visual/full_resolution/repeats__moment_split_00__gs", O_RDONLY|O_NONBLOCK|O_CLOEXEC|O_DIRECTORY) = 3
2460399 openat(AT_FDCWD, "/home/u00134/3dgs_line/tier1/out/multiscene_foundation_corrected/evaluation/lego/visual/full_resolution/repeats__moment_split_02__gs_offset_0_-1", O_RDONLY|O_NONBLOCK|O_CLOEXEC|O_DIRECTORY) = 3
2460399 openat(AT_FDCWD, "/home/u00134/3dgs_line/tier1/out/multiscene_foundation_corrected/evaluation/lego/visual/full_resolution/repeats__redistribute_04__gs", O_RDONLY|O_NONBLOCK|O_CLOEXEC|O_DIRECTORY) = 3
2460399 openat(AT_FDCWD, "/home/u00134/3dgs_line/tier1/out/multiscene_foundation_corrected/evaluation/lego/visual/full_resolution/C__no_gs_native_queries", O_RDONLY|O_NONBLOCK|O_CLOEXEC|O_DIRECTORY) = 3
2460399 openat(AT_FDCWD, "/home/u00134/3dgs_line/tier1/out/multiscene_foundation_corrected/evaluation/lego/visual/full_resolution/repeats__moment_split_00__gs_offset_1_0", O_RDONLY|O_NONBLOCK|O_CLOEXEC|O_DIRECTORY) = 3
2460399 openat(AT_FDCWD, "/home/u00134/3dgs_line/tier1/out/multiscene_foundation_corrected/evaluation/lego/visual/full_resolution/F__gs", O_RDONLY|O_NONBLOCK|O_CLOEXEC|O_DIRECTORY) = 3
2460399 openat(AT_FDCWD, "/home/u00134/3dgs_line/tier1/out/multiscene_foundation_corrected/evaluation/lego/visual/full_resolution/F__gs_loo_014", O_RDONLY|O_NONBLOCK|O_CLOEXEC|O_DIRECTORY) = 3
2460399 openat(AT_FDCWD, "/home/u00134/3dgs_line/tier1/out/multiscene_foundation_corrected/evaluation/lego/visual/full_resolution/repeats__moment_split_03__gs_offset_0_1", O_RDONLY|O_NONBLOCK|O_CLOEXEC|O_DIRECTORY) = 3
2460399 openat(AT_FDCWD, "/home/u00134/3dgs_line/tier1/out/multiscene_foundation_corrected/evaluation/lego/visual/full_resolution/F__no_gs_loo_053", O_RDONLY|O_NONBLOCK|O_CLOEXEC|O_DIRECTORY) = 3
2460399 openat(AT_FDCWD, "/home/u00134/3dgs_line/tier1/out/multiscene_foundation_corrected/evaluation/lego/visual/full_resolution/random", O_RDONLY|O_NONBLOCK|O_CLOEXEC|O_DIRECTORY) = 3
2460399 openat(AT_FDCWD, "/home/u00134/3dgs_line/tier1/out/multiscene_foundation_corrected/evaluation/lego/visual/full_resolution/repeats__redistribute_01__gs_offset_1_0", O_RDONLY|O_NONBLOCK|O_CLOEXEC|O_DIRECTORY) = 3
2460399 openat(AT_FDCWD, "/home/u00134/3dgs_line/tier1/out/multiscene_foundation_corrected/evaluation/lego/visual/full_resolution/F__gs_offset_-1_0", O_RDONLY|O_NONBLOCK|O_CLOEXEC|O_DIRECTORY) = 3
2460399 openat(AT_FDCWD, "/home/u00134/3dgs_line/tier1/out/multiscene_foundation_corrected/evaluation/lego/visual/full_resolution/repeats__redistribute_04__gs_offset_-1_0", O_RDONLY|O_NONBLOCK|O_CLOEXEC|O_DIRECTORY) = 3
2460399 openat(AT_FDCWD, "/home/u00134/3dgs_line/tier1/out/multiscene_foundation_corrected/evaluation/lego/visual/full_resolution/repeats__moment_split_02__gs_offset_1_0", O_RDONLY|O_NONBLOCK|O_CLOEXEC|O_DIRECTORY) = 3
2460399 openat(AT_FDCWD, "/home/u00134/3dgs_line/tier1/out/multiscene_foundation_corrected/evaluation/lego/visual/full_resolution/repeats__moment_split_02__gs_offset_-1_0", O_RDONLY|O_NONBLOCK|O_CLOEXEC|O_DIRECTORY) = 3
2460399 openat(AT_FDCWD, "/home/u00134/3dgs_line/tier1/out/multiscene_foundation_corrected/evaluation/lego/visual/full_resolution/repeats__redistribute_04__gs_offset_0_-1", O_RDONLY|O_NONBLOCK|O_CLOEXEC|O_DIRECTORY) = 3
2460399 openat(AT_FDCWD, "/home/u00134/3dgs_line/tier1/out/multiscene_foundation_corrected/evaluation/lego/visual/full_resolution/F__shifted_no_gs", O_RDONLY|O_NONBLOCK|O_CLOEXEC|O_DIRECTORY) = 3
2460399 openat(AT_FDCWD, "/home/u00134/3dgs_line/tier1/out/multiscene_foundation_corrected/evaluation/lego/visual/full_resolution/repeats__moment_split_01__gs_offset_0_-1", O_RDONLY|O_NONBLOCK|O_CLOEXEC|O_DIRECTORY) = 3
2460399 openat(AT_FDCWD, "/home/u00134/3dgs_line/tier1/out/multiscene_foundation_corrected/evaluation/lego/visual/full_resolution/repeats__moment_split_02__gs_offset_0_1", O_RDONLY|O_NONBLOCK|O_CLOEXEC|O_DIRECTORY) = 3
2460399 openat(AT_FDCWD, "/home/u00134/3dgs_line/tier1/out/multiscene_foundation_corrected/evaluation/lego/visual/full_resolution/F__gs_offset_1_0", O_RDONLY|O_NONBLOCK|O_CLOEXEC|O_DIRECTORY) = 3
2460399 openat(AT_FDCWD, "/home/u00134/3dgs_line/tier1/out/multiscene_foundation_corrected/evaluation/lego/attempt_02_surface_aggregation", O_RDONLY|O_NONBLOCK|O_CLOEXEC|O_DIRECTORY) = 3
2460399 openat(AT_FDCWD, "/home/u00134/3dgs_line/tier1/out/multiscene_foundation_corrected/evaluation/lego/attempt_02_surface_aggregation/surface", O_RDONLY|O_NONBLOCK|O_CLOEXEC|O_DIRECTORY) = 3
2460399 openat(AT_FDCWD, "/home/u00134/3dgs_line/tier1/out/multiscene_foundation_corrected/evaluation/lego/surface", O_RDONLY|O_NONBLOCK|O_CLOEXEC|O_DIRECTORY) = 3
2460399 openat(AT_FDCWD, "/home/u00134/3dgs_line/tier1/out/multiscene_foundation_corrected/evaluation/chair", O_RDONLY|O_NONBLOCK|O_CLOEXEC|O_DIRECTORY) = 3
2460399 openat(AT_FDCWD, "/home/u00134/3dgs_line/tier1/out/multiscene_foundation_corrected/evaluation/chair/machine", O_RDONLY|O_NONBLOCK|O_CLOEXEC|O_DIRECTORY) = 3
2460399 openat(AT_FDCWD, "/home/u00134/3dgs_line/tier1/out/multiscene_foundation_corrected/evaluation/chair/machine/prediction_rows", O_RDONLY|O_NONBLOCK|O_CLOEXEC|O_DIRECTORY) = 3
2460399 openat(AT_FDCWD, "/home/u00134/3dgs_line/tier1/out/multiscene_foundation_corrected/evaluation/chair/visual", O_RDONLY|O_NONBLOCK|O_CLOEXEC|O_DIRECTORY) = 3
2460399 openat(AT_FDCWD, "/home/u00134/3dgs_line/tier1/out/multiscene_foundation_corrected/evaluation/chair/visual/profiles", O_RDONLY|O_NONBLOCK|O_CLOEXEC|O_DIRECTORY) = 3
2460399 openat(AT_FDCWD, "/home/u00134/3dgs_line/tier1/out/multiscene_foundation_corrected/evaluation/chair/visual/prediction_rows", O_RDONLY|O_NONBLOCK|O_CLOEXEC|O_DIRECTORY) = 3
2460399 openat(AT_FDCWD, "/home/u00134/3dgs_line/tier1/out/multiscene_foundation_corrected/evaluation/chair/visual/native", O_RDONLY|O_NONBLOCK|O_CLOEXEC|O_DIRECTORY) = 3
2460399 openat(AT_FDCWD, "/home/u00134/3dgs_line/tier1/out/multiscene_foundation_corrected/evaluation/chair/visual/blinded_review", O_RDONLY|O_NONBLOCK|O_CLOEXEC|O_DIRECTORY) = 3
2460399 openat(AT_FDCWD, "/home/u00134/3dgs_line/tier1/out/multiscene_foundation_corrected/evaluation/chair/visual/.mplconfig", O_RDONLY|O_NONBLOCK|O_CLOEXEC|O_DIRECTORY) = 3
2460399 openat(AT_FDCWD, "/home/u00134/3dgs_line/tier1/out/multiscene_foundation_corrected/evaluation/chair/visual/full_resolution", O_RDONLY|O_NONBLOCK|O_CLOEXEC|O_DIRECTORY) = 3
2460399 openat(AT_FDCWD, "/home/u00134/3dgs_line/tier1/out/multiscene_foundation_corrected/evaluation/chair/visual/full_resolution/F__no_gs_loo_079", O_RDONLY|O_NONBLOCK|O_CLOEXEC|O_DIRECTORY) = 3
2460399 openat(AT_FDCWD, "/home/u00134/3dgs_line/tier1/out/multiscene_foundation_corrected/evaluation/chair/visual/full_resolution/repeats__moment_split_03__gs", O_RDONLY|O_NONBLOCK|O_CLOEXEC|O_DIRECTORY) = 3
2460399 openat(AT_FDCWD, "/home/u00134/3dgs_line/tier1/out/multiscene_foundation_corrected/evaluation/chair/visual/full_resolution/repeats__redistribute_02__gs_offset_0_1", O_RDONLY|O_NONBLOCK|O_CLOEXEC|O_DIRECTORY) = 3
2460399 openat(AT_FDCWD, "/home/u00134/3dgs_line/tier1/out/multiscene_foundation_corrected/evaluation/chair/visual/full_resolution/F__no_gs_loo_027", O_RDONLY|O_NONBLOCK|O_CLOEXEC|O_DIRECTORY) = 3
2460399 openat(AT_FDCWD, "/home/u00134/3dgs_line/tier1/out/multiscene_foundation_corrected/evaluation/chair/visual/full_resolution/repeats__moment_split_01__gs_offset_0_1", O_RDONLY|O_NONBLOCK|O_CLOEXEC|O_DIRECTORY) = 3
2460399 openat(AT_FDCWD, "/home/u00134/3dgs_line/tier1/out/multiscene_foundation_corrected/evaluation/chair/visual/full_resolution/repeats__redistribute_03__gs_offset_-1_0", O_RDONLY|O_NONBLOCK|O_CLOEXEC|O_DIRECTORY) = 3
2460399 openat(AT_FDCWD, "/home/u00134/3dgs_line/tier1/out/multiscene_foundation_corrected/evaluation/chair/visual/full_resolution/repeats__redistribute_03__gs_offset_1_0", O_RDONLY|O_NONBLOCK|O_CLOEXEC|O_DIRECTORY) = 3
2460399 openat(AT_FDCWD, "/home/u00134/3dgs_line/tier1/out/multiscene_foundation_corrected/evaluation/chair/visual/full_resolution/repeats__redistribute_04__gs_offset_1_0", O_RDONLY|O_NONBLOCK|O_CLOEXEC|O_DIRECTORY) = 3
2460399 openat(AT_FDCWD, "/home/u00134/3dgs_line/tier1/out/multiscene_foundation_corrected/evaluation/chair/visual/full_resolution/repeats__redistribute_00__gs_offset_-1_0", O_RDONLY|O_NONBLOCK|O_CLOEXEC|O_DIRECTORY) = 3
2460399 openat(AT_FDCWD, "/home/u00134/3dgs_line/tier1/out/multiscene_foundation_corrected/evaluation/chair/visual/full_resolution/repeats__moment_split_01__gs", O_RDONLY|O_NONBLOCK|O_CLOEXEC|O_DIRECTORY) = 3
2460399 openat(AT_FDCWD, "/home/u00134/3dgs_line/tier1/out/multiscene_foundation_corrected/evaluation/chair/visual/full_resolution/F__gs_loo_053", O_RDONLY|O_NONBLOCK|O_CLOEXEC|O_DIRECTORY) = 3
2460399 openat(AT_FDCWD, "/home/u00134/3dgs_line/tier1/out/multiscene_foundation_corrected/evaluation/chair/visual/full_resolution/repeats__redistribute_04__gs_offset_0_1", O_RDONLY|O_NONBLOCK|O_CLOEXEC|O_DIRECTORY) = 3
2460399 openat(AT_FDCWD, "/home/u00134/3dgs_line/tier1/out/multiscene_foundation_corrected/evaluation/chair/visual/full_resolution/repeats__redistribute_01__gs_offset_0_-1", O_RDONLY|O_NONBLOCK|O_CLOEXEC|O_DIRECTORY) = 3
2460399 openat(AT_FDCWD, "/home/u00134/3dgs_line/tier1/out/multiscene_foundation_corrected/evaluation/chair/visual/full_resolution/repeats__redistribute_00__gs_offset_0_-1", O_RDONLY|O_NONBLOCK|O_CLOEXEC|O_DIRECTORY) = 3
2460399 openat(AT_FDCWD, "/home/u00134/3dgs_line/tier1/out/multiscene_foundation_corrected/evaluation/chair/visual/full_resolution/C__no_gs_offset_0_-1", O_RDONLY|O_NONBLOCK|O_CLOEXEC|O_DIRECTORY) = 3
2460399 openat(AT_FDCWD, "/home/u00134/3dgs_line/tier1/out/multiscene_foundation_corrected/evaluation/chair/visual/full_resolution/F__gs_loo_027", O_RDONLY|O_NONBLOCK|O_CLOEXEC|O_DIRECTORY) = 3
2460399 openat(AT_FDCWD, "/home/u00134/3dgs_line/tier1/out/multiscene_foundation_corrected/evaluation/chair/visual/full_resolution/repeats__moment_split_03__gs_offset_1_0", O_RDONLY|O_NONBLOCK|O_CLOEXEC|O_DIRECTORY) = 3
2460399 openat(AT_FDCWD, "/home/u00134/3dgs_line/tier1/out/multiscene_foundation_corrected/evaluation/chair/visual/full_resolution/F__gs_offset_0_1", O_RDONLY|O_NONBLOCK|O_CLOEXEC|O_DIRECTORY) = 3
2460399 openat(AT_FDCWD, "/home/u00134/3dgs_line/tier1/out/multiscene_foundation_corrected/evaluation/chair/visual/full_resolution/repeats__redistribute_01__gs_offset_-1_0", O_RDONLY|O_NONBLOCK|O_CLOEXEC|O_DIRECTORY) = 3
2460399 openat(AT_FDCWD, "/home/u00134/3dgs_line/tier1/out/multiscene_foundation_corrected/evaluation/chair/visual/full_resolution/repeats__redistribute_03__gs_offset_0_1", O_RDONLY|O_NONBLOCK|O_CLOEXEC|O_DIRECTORY) = 3
2460399 openat(AT_FDCWD, "/home/u00134/3dgs_line/tier1/out/multiscene_foundation_corrected/evaluation/chair/visual/full_resolution/F__no_gs_offset_-1_0", O_RDONLY|O_NONBLOCK|O_CLOEXEC|O_DIRECTORY) = 3
2460399 openat(AT_FDCWD, "/home/u00134/3dgs_line/tier1/out/multiscene_foundation_corrected/evaluation/chair/visual/full_resolution/repeats__moment_split_01__gs_offset_-1_0", O_RDONLY|O_NONBLOCK|O_CLOEXEC|O_DIRECTORY) = 3
2460399 openat(AT_FDCWD, "/home/u00134/3dgs_line/tier1/out/multiscene_foundation_corrected/evaluation/chair/visual/full_resolution/F__no_gs_loo_093", O_RDONLY|O_NONBLOCK|O_CLOEXEC|O_DIRECTORY) = 3
2460399 openat(AT_FDCWD, "/home/u00134/3dgs_line/tier1/out/multiscene_foundation_corrected/evaluation/chair/visual/full_resolution/C__gs_offset_1_0", O_RDONLY|O_NONBLOCK|O_CLOEXEC|O_DIRECTORY) = 3
2460399 openat(AT_FDCWD, "/home/u00134/3dgs_line/tier1/out/multiscene_foundation_corrected/evaluation/chair/visual/full_resolution/repeats__redistribute_03__gs_offset_0_-1", O_RDONLY|O_NONBLOCK|O_CLOEXEC|O_DIRECTORY) = 3
2460399 openat(AT_FDCWD, "/home/u00134/3dgs_line/tier1/out/multiscene_foundation_corrected/evaluation/chair/visual/full_resolution/C__no_gs_offset_1_0", O_RDONLY|O_NONBLOCK|O_CLOEXEC|O_DIRECTORY) = 3
2460399 openat(AT_FDCWD, "/home/u00134/3dgs_line/tier1/out/multiscene_foundation_corrected/evaluation/chair/visual/full_resolution/repeats__redistribute_00__gs_offset_1_0", O_RDONLY|O_NONBLOCK|O_CLOEXEC|O_DIRECTORY) = 3
2460399 openat(AT_FDCWD, "/home/u00134/3dgs_line/tier1/out/multiscene_foundation_corrected/evaluation/chair/visual/full_resolution/F__no_gs_loo_001", O_RDONLY|O_NONBLOCK|O_CLOEXEC|O_DIRECTORY) = 3
2460399 openat(AT_FDCWD, "/home/u00134/3dgs_line/tier1/out/multiscene_foundation_corrected/evaluation/chair/visual/full_resolution/repeats__moment_split_00__gs_offset_0_-1", O_RDONLY|O_NONBLOCK|O_CLOEXEC|O_DIRECTORY) = 3
2460399 openat(AT_FDCWD, "/home/u00134/3dgs_line/tier1/out/multiscene_foundation_corrected/evaluation/chair/visual/full_resolution/repeats__moment_split_03__gs_offset_-1_0", O_RDONLY|O_NONBLOCK|O_CLOEXEC|O_DIRECTORY) = 3
2460399 openat(AT_FDCWD, "/home/u00134/3dgs_line/tier1/out/multiscene_foundation_corrected/evaluation/chair/visual/full_resolution/repeats__redistribute_02__gs_offset_1_0", O_RDONLY|O_NONBLOCK|O_CLOEXEC|O_DIRECTORY) = 3
2460399 openat(AT_FDCWD, "/home/u00134/3dgs_line/tier1/out/multiscene_foundation_corrected/evaluation/chair/visual/full_resolution/pca", O_RDONLY|O_NONBLOCK|O_CLOEXEC|O_DIRECTORY) = 3
2460399 openat(AT_FDCWD, "/home/u00134/3dgs_line/tier1/out/multiscene_foundation_corrected/evaluation/chair/visual/full_resolution/repeats__moment_split_00__gs_offset_-1_0", O_RDONLY|O_NONBLOCK|O_CLOEXEC|O_DIRECTORY) = 3
2460399 openat(AT_FDCWD, "/home/u00134/3dgs_line/tier1/out/multiscene_foundation_corrected/evaluation/chair/visual/full_resolution/repeats__moment_split_01__gs_offset_1_0", O_RDONLY|O_NONBLOCK|O_CLOEXEC|O_DIRECTORY) = 3
2460399 openat(AT_FDCWD, "/home/u00134/3dgs_line/tier1/out/multiscene_foundation_corrected/evaluation/chair/visual/full_resolution/F__no_gs", O_RDONLY|O_NONBLOCK|O_CLOEXEC|O_DIRECTORY) = 3
2460399 openat(AT_FDCWD, "/home/u00134/3dgs_line/tier1/out/multiscene_foundation_corrected/evaluation/chair/visual/full_resolution/F__gs_loo_093", O_RDONLY|O_NONBLOCK|O_CLOEXEC|O_DIRECTORY) = 3
2460399 openat(AT_FDCWD, "/home/u00134/3dgs_line/tier1/out/multiscene_foundation_corrected/evaluation/chair/visual/full_resolution/repeats__redistribute_01__gs_offset_0_1", O_RDONLY|O_NONBLOCK|O_CLOEXEC|O_DIRECTORY) = 3
2460399 openat(AT_FDCWD, "/home/u00134/3dgs_line/tier1/out/multiscene_foundation_corrected/evaluation/chair/visual/full_resolution/F__gs_loo_079", O_RDONLY|O_NONBLOCK|O_CLOEXEC|O_DIRECTORY) = 3
2460399 openat(AT_FDCWD, "/home/u00134/3dgs_line/tier1/out/multiscene_foundation_corrected/evaluation/chair/visual/full_resolution/repeats__seed_2718__gs_offset_1_0", O_RDONLY|O_NONBLOCK|O_CLOEXEC|O_DIRECTORY) = 3
2460399 openat(AT_FDCWD, "/home/u00134/3dgs_line/tier1/out/multiscene_foundation_corrected/evaluation/chair/visual/full_resolution/C__gs_offset_-1_0", O_RDONLY|O_NONBLOCK|O_CLOEXEC|O_DIRECTORY) = 3
2460399 openat(AT_FDCWD, "/home/u00134/3dgs_line/tier1/out/multiscene_foundation_corrected/evaluation/chair/visual/full_resolution/F__no_gs_loo_014", O_RDONLY|O_NONBLOCK|O_CLOEXEC|O_DIRECTORY) = 3
2460399 openat(AT_FDCWD, "/home/u00134/3dgs_line/tier1/out/multiscene_foundation_corrected/evaluation/chair/visual/full_resolution/repeats__moment_split_02__gs", O_RDONLY|O_NONBLOCK|O_CLOEXEC|O_DIRECTORY) = 3
2460399 openat(AT_FDCWD, "/home/u00134/3dgs_line/tier1/out/multiscene_foundation_corrected/evaluation/chair/visual/full_resolution/C__gs_native_queries", O_RDONLY|O_NONBLOCK|O_CLOEXEC|O_DIRECTORY) = 3
2460399 openat(AT_FDCWD, "/home/u00134/3dgs_line/tier1/out/multiscene_foundation_corrected/evaluation/chair/visual/full_resolution/repeats__seed_2718__gs_offset_0_-1", O_RDONLY|O_NONBLOCK|O_CLOEXEC|O_DIRECTORY) = 3
2460399 openat(AT_FDCWD, "/home/u00134/3dgs_line/tier1/out/multiscene_foundation_corrected/evaluation/chair/visual/full_resolution/F__gs_loo_001", O_RDONLY|O_NONBLOCK|O_CLOEXEC|O_DIRECTORY) = 3
2460399 openat(AT_FDCWD, "/home/u00134/3dgs_line/tier1/out/multiscene_foundation_corrected/evaluation/chair/visual/full_resolution/F__no_gs_loo_067", O_RDONLY|O_NONBLOCK|O_CLOEXEC|O_DIRECTORY) = 3
2460399 openat(AT_FDCWD, "/home/u00134/3dgs_line/tier1/out/multiscene_foundation_corrected/evaluation/chair/visual/full_resolution/repeats__redistribute_02__gs", O_RDONLY|O_NONBLOCK|O_CLOEXEC|O_DIRECTORY) = 3
2460399 openat(AT_FDCWD, "/home/u00134/3dgs_line/tier1/out/multiscene_foundation_corrected/evaluation/chair/visual/full_resolution/repeats__redistribute_00__gs", O_RDONLY|O_NONBLOCK|O_CLOEXEC|O_DIRECTORY) = 3
2460399 openat(AT_FDCWD, "/home/u00134/3dgs_line/tier1/out/multiscene_foundation_corrected/evaluation/chair/visual/full_resolution/repeats__redistribute_01__gs", O_RDONLY|O_NONBLOCK|O_CLOEXEC|O_DIRECTORY) = 3
2460399 openat(AT_FDCWD, "/home/u00134/3dgs_line/tier1/out/multiscene_foundation_corrected/evaluation/chair/visual/full_resolution/repeats__redistribute_02__gs_offset_-1_0", O_RDONLY|O_NONBLOCK|O_CLOEXEC|O_DIRECTORY) = 3
2460399 openat(AT_FDCWD, "/home/u00134/3dgs_line/tier1/out/multiscene_foundation_corrected/evaluation/chair/visual/full_resolution/F__no_gs_offset_0_-1", O_RDONLY|O_NONBLOCK|O_CLOEXEC|O_DIRECTORY) = 3
2460399 openat(AT_FDCWD, "/home/u00134/3dgs_line/tier1/out/multiscene_foundation_corrected/evaluation/chair/visual/full_resolution/F__no_gs_offset_1_0", O_RDONLY|O_NONBLOCK|O_CLOEXEC|O_DIRECTORY) = 3
2460399 openat(AT_FDCWD, "/home/u00134/3dgs_line/tier1/out/multiscene_foundation_corrected/evaluation/chair/visual/full_resolution/C__gs_offset_0_-1", O_RDONLY|O_NONBLOCK|O_CLOEXEC|O_DIRECTORY) = 3
2460399 openat(AT_FDCWD, "/home/u00134/3dgs_line/tier1/out/multiscene_foundation_corrected/evaluation/chair/visual/full_resolution/C__gs", O_RDONLY|O_NONBLOCK|O_CLOEXEC|O_DIRECTORY) = 3
2460399 openat(AT_FDCWD, "/home/u00134/3dgs_line/tier1/out/multiscene_foundation_corrected/evaluation/chair/visual/full_resolution/C__gs_offset_0_1", O_RDONLY|O_NONBLOCK|O_CLOEXEC|O_DIRECTORY) = 3
2460399 openat(AT_FDCWD, "/home/u00134/3dgs_line/tier1/out/multiscene_foundation_corrected/evaluation/chair/visual/full_resolution/C__no_gs_offset_0_1", O_RDONLY|O_NONBLOCK|O_CLOEXEC|O_DIRECTORY) = 3
2460399 openat(AT_FDCWD, "/home/u00134/3dgs_line/tier1/out/multiscene_foundation_corrected/evaluation/chair/visual/full_resolution/F__gs_loo_041", O_RDONLY|O_NONBLOCK|O_CLOEXEC|O_DIRECTORY) = 3
2460399 openat(AT_FDCWD, "/home/u00134/3dgs_line/tier1/out/multiscene_foundation_corrected/evaluation/chair/visual/full_resolution/repeats__seed_2718__gs_offset_0_1", O_RDONLY|O_NONBLOCK|O_CLOEXEC|O_DIRECTORY) = 3
2460399 openat(AT_FDCWD, "/home/u00134/3dgs_line/tier1/out/multiscene_foundation_corrected/evaluation/chair/visual/full_resolution/F__shifted", O_RDONLY|O_NONBLOCK|O_CLOEXEC|O_DIRECTORY) = 3
2460399 openat(AT_FDCWD, "/home/u00134/3dgs_line/tier1/out/multiscene_foundation_corrected/evaluation/chair/visual/full_resolution/repeats__moment_split_00__gs_offset_0_1", O_RDONLY|O_NONBLOCK|O_CLOEXEC|O_DIRECTORY) = 3
2460399 openat(AT_FDCWD, "/home/u00134/3dgs_line/tier1/out/multiscene_foundation_corrected/evaluation/chair/visual/full_resolution/F__gs_offset_0_-1", O_RDONLY|O_NONBLOCK|O_CLOEXEC|O_DIRECTORY) = 3
2460399 openat(AT_FDCWD, "/home/u00134/3dgs_line/tier1/out/multiscene_foundation_corrected/evaluation/chair/visual/full_resolution/F__no_gs_loo_041", O_RDONLY|O_NONBLOCK|O_CLOEXEC|O_DIRECTORY) = 3
2460399 openat(AT_FDCWD, "/home/u00134/3dgs_line/tier1/out/multiscene_foundation_corrected/evaluation/chair/visual/full_resolution/repeats__redistribute_03__gs", O_RDONLY|O_NONBLOCK|O_CLOEXEC|O_DIRECTORY) = 3
2460399 openat(AT_FDCWD, "/home/u00134/3dgs_line/tier1/out/multiscene_foundation_corrected/evaluation/chair/visual/full_resolution/repeats__redistribute_02__gs_offset_0_-1", O_RDONLY|O_NONBLOCK|O_CLOEXEC|O_DIRECTORY) = 3
2460399 openat(AT_FDCWD, "/home/u00134/3dgs_line/tier1/out/multiscene_foundation_corrected/evaluation/chair/visual/full_resolution/F__no_gs_offset_0_1", O_RDONLY|O_NONBLOCK|O_CLOEXEC|O_DIRECTORY) = 3
2460399 openat(AT_FDCWD, "/home/u00134/3dgs_line/tier1/out/multiscene_foundation_corrected/evaluation/chair/visual/full_resolution/C__no_gs_offset_-1_0", O_RDONLY|O_NONBLOCK|O_CLOEXEC|O_DIRECTORY) = 3
2460399 openat(AT_FDCWD, "/home/u00134/3dgs_line/tier1/out/multiscene_foundation_corrected/evaluation/chair/visual/full_resolution/F__gs_loo_067", O_RDONLY|O_NONBLOCK|O_CLOEXEC|O_DIRECTORY) = 3
2460399 openat(AT_FDCWD, "/home/u00134/3dgs_line/tier1/out/multiscene_foundation_corrected/evaluation/chair/visual/full_resolution/C__no_gs", O_RDONLY|O_NONBLOCK|O_CLOEXEC|O_DIRECTORY) = 3
2460399 openat(AT_FDCWD, "/home/u00134/3dgs_line/tier1/out/multiscene_foundation_corrected/evaluation/chair/visual/full_resolution/repeats__moment_split_03__gs_offset_0_-1", O_RDONLY|O_NONBLOCK|O_CLOEXEC|O_DIRECTORY) = 3
2460399 openat(AT_FDCWD, "/home/u00134/3dgs_line/tier1/out/multiscene_foundation_corrected/evaluation/chair/visual/full_resolution/repeats__redistribute_00__gs_offset_0_1", O_RDONLY|O_NONBLOCK|O_CLOEXEC|O_DIRECTORY) = 3
2460399 openat(AT_FDCWD, "/home/u00134/3dgs_line/tier1/out/multiscene_foundation_corrected/evaluation/chair/visual/full_resolution/repeats__moment_split_00__gs", O_RDONLY|O_NONBLOCK|O_CLOEXEC|O_DIRECTORY) = 3
2460399 openat(AT_FDCWD, "/home/u00134/3dgs_line/tier1/out/multiscene_foundation_corrected/evaluation/chair/visual/full_resolution/repeats__seed_2718__gs_offset_-1_0", O_RDONLY|O_NONBLOCK|O_CLOEXEC|O_DIRECTORY) = 3
2460399 openat(AT_FDCWD, "/home/u00134/3dgs_line/tier1/out/multiscene_foundation_corrected/evaluation/chair/visual/full_resolution/repeats__moment_split_02__gs_offset_0_-1", O_RDONLY|O_NONBLOCK|O_CLOEXEC|O_DIRECTORY) = 3
2460399 openat(AT_FDCWD, "/home/u00134/3dgs_line/tier1/out/multiscene_foundation_corrected/evaluation/chair/visual/full_resolution/repeats__redistribute_04__gs", O_RDONLY|O_NONBLOCK|O_CLOEXEC|O_DIRECTORY) = 3
2460399 openat(AT_FDCWD, "/home/u00134/3dgs_line/tier1/out/multiscene_foundation_corrected/evaluation/chair/visual/full_resolution/C__no_gs_native_queries", O_RDONLY|O_NONBLOCK|O_CLOEXEC|O_DIRECTORY) = 3
2460399 openat(AT_FDCWD, "/home/u00134/3dgs_line/tier1/out/multiscene_foundation_corrected/evaluation/chair/visual/full_resolution/repeats__moment_split_00__gs_offset_1_0", O_RDONLY|O_NONBLOCK|O_CLOEXEC|O_DIRECTORY) = 3
2460399 openat(AT_FDCWD, "/home/u00134/3dgs_line/tier1/out/multiscene_foundation_corrected/evaluation/chair/visual/full_resolution/F__gs", O_RDONLY|O_NONBLOCK|O_CLOEXEC|O_DIRECTORY) = 3
2460399 openat(AT_FDCWD, "/home/u00134/3dgs_line/tier1/out/multiscene_foundation_corrected/evaluation/chair/visual/full_resolution/repeats__seed_2718__gs", O_RDONLY|O_NONBLOCK|O_CLOEXEC|O_DIRECTORY) = 3
2460399 openat(AT_FDCWD, "/home/u00134/3dgs_line/tier1/out/multiscene_foundation_corrected/evaluation/chair/visual/full_resolution/F__gs_loo_014", O_RDONLY|O_NONBLOCK|O_CLOEXEC|O_DIRECTORY) = 3
2460399 openat(AT_FDCWD, "/home/u00134/3dgs_line/tier1/out/multiscene_foundation_corrected/evaluation/chair/visual/full_resolution/repeats__moment_split_03__gs_offset_0_1", O_RDONLY|O_NONBLOCK|O_CLOEXEC|O_DIRECTORY) = 3
2460399 openat(AT_FDCWD, "/home/u00134/3dgs_line/tier1/out/multiscene_foundation_corrected/evaluation/chair/visual/full_resolution/F__no_gs_loo_053", O_RDONLY|O_NONBLOCK|O_CLOEXEC|O_DIRECTORY) = 3
2460399 openat(AT_FDCWD, "/home/u00134/3dgs_line/tier1/out/multiscene_foundation_corrected/evaluation/chair/visual/full_resolution/random", O_RDONLY|O_NONBLOCK|O_CLOEXEC|O_DIRECTORY) = 3
2460399 openat(AT_FDCWD, "/home/u00134/3dgs_line/tier1/out/multiscene_foundation_corrected/evaluation/chair/visual/full_resolution/repeats__redistribute_01__gs_offset_1_0", O_RDONLY|O_NONBLOCK|O_CLOEXEC|O_DIRECTORY) = 3
2460399 openat(AT_FDCWD, "/home/u00134/3dgs_line/tier1/out/multiscene_foundation_corrected/evaluation/chair/visual/full_resolution/F__gs_offset_-1_0", O_RDONLY|O_NONBLOCK|O_CLOEXEC|O_DIRECTORY) = 3
2460399 openat(AT_FDCWD, "/home/u00134/3dgs_line/tier1/out/multiscene_foundation_corrected/evaluation/chair/visual/full_resolution/repeats__redistribute_04__gs_offset_-1_0", O_RDONLY|O_NONBLOCK|O_CLOEXEC|O_DIRECTORY) = 3
2460399 openat(AT_FDCWD, "/home/u00134/3dgs_line/tier1/out/multiscene_foundation_corrected/evaluation/chair/visual/full_resolution/repeats__moment_split_02__gs_offset_1_0", O_RDONLY|O_NONBLOCK|O_CLOEXEC|O_DIRECTORY) = 3
2460399 openat(AT_FDCWD, "/home/u00134/3dgs_line/tier1/out/multiscene_foundation_corrected/evaluation/chair/visual/full_resolution/repeats__moment_split_02__gs_offset_-1_0", O_RDONLY|O_NONBLOCK|O_CLOEXEC|O_DIRECTORY) = 3
2460399 openat(AT_FDCWD, "/home/u00134/3dgs_line/tier1/out/multiscene_foundation_corrected/evaluation/chair/visual/full_resolution/repeats__redistribute_04__gs_offset_0_-1", O_RDONLY|O_NONBLOCK|O_CLOEXEC|O_DIRECTORY) = 3
2460399 openat(AT_FDCWD, "/home/u00134/3dgs_line/tier1/out/multiscene_foundation_corrected/evaluation/chair/visual/full_resolution/F__shifted_no_gs", O_RDONLY|O_NONBLOCK|O_CLOEXEC|O_DIRECTORY) = 3
2460399 openat(AT_FDCWD, "/home/u00134/3dgs_line/tier1/out/multiscene_foundation_corrected/evaluation/chair/visual/full_resolution/repeats__moment_split_01__gs_offset_0_-1", O_RDONLY|O_NONBLOCK|O_CLOEXEC|O_DIRECTORY) = 3
2460399 openat(AT_FDCWD, "/home/u00134/3dgs_line/tier1/out/multiscene_foundation_corrected/evaluation/chair/visual/full_resolution/repeats__moment_split_02__gs_offset_0_1", O_RDONLY|O_NONBLOCK|O_CLOEXEC|O_DIRECTORY) = 3
2460399 openat(AT_FDCWD, "/home/u00134/3dgs_line/tier1/out/multiscene_foundation_corrected/evaluation/chair/visual/full_resolution/F__gs_offset_1_0", O_RDONLY|O_NONBLOCK|O_CLOEXEC|O_DIRECTORY) = 3
2460399 openat(AT_FDCWD, "/home/u00134/3dgs_line/tier1/out/multiscene_foundation_corrected/evaluation/chair/attempt_02_surface_aggregation", O_RDONLY|O_NONBLOCK|O_CLOEXEC|O_DIRECTORY) = 3
2460399 openat(AT_FDCWD, "/home/u00134/3dgs_line/tier1/out/multiscene_foundation_corrected/evaluation/chair/attempt_02_surface_aggregation/surface", O_RDONLY|O_NONBLOCK|O_CLOEXEC|O_DIRECTORY) = 3
2460399 openat(AT_FDCWD, "/home/u00134/3dgs_line/tier1/out/multiscene_foundation_corrected/evaluation/chair/surface", O_RDONLY|O_NONBLOCK|O_CLOEXEC|O_DIRECTORY) = 3
2460399 openat(AT_FDCWD, "/home/u00134/3dgs_line/tier1/out/multiscene_foundation_corrected/quality", O_RDONLY|O_NONBLOCK|O_CLOEXEC|O_DIRECTORY) = 3
2460399 openat(AT_FDCWD, "/home/u00134/3dgs_line/tier1/out/multiscene_foundation_corrected/quality/drums", O_RDONLY|O_NONBLOCK|O_CLOEXEC|O_DIRECTORY) = 3
2460399 openat(AT_FDCWD, "/home/u00134/3dgs_line/tier1/out/multiscene_foundation_corrected/quality/drums/seed_2718", O_RDONLY|O_NONBLOCK|O_CLOEXEC|O_DIRECTORY) = 3
2460399 openat(AT_FDCWD, "/home/u00134/3dgs_line/tier1/out/multiscene_foundation_corrected/quality/drums/seed_2718/measurements", O_RDONLY|O_NONBLOCK|O_CLOEXEC|O_DIRECTORY) = 3
2460399 openat(AT_FDCWD, "/home/u00134/3dgs_line/tier1/out/multiscene_foundation_corrected/quality/drums/seed_2718/measurements/native", O_RDONLY|O_NONBLOCK|O_CLOEXEC|O_DIRECTORY) = 3
2460399 openat(AT_FDCWD, "/home/u00134/3dgs_line/tier1/out/multiscene_foundation_corrected/quality/drums/seed_2718/measurements/full_resolution", O_RDONLY|O_NONBLOCK|O_CLOEXEC|O_DIRECTORY) = 3
2460399 openat(AT_FDCWD, "/home/u00134/3dgs_line/tier1/out/multiscene_foundation_corrected/quality/drums/seed_1729", O_RDONLY|O_NONBLOCK|O_CLOEXEC|O_DIRECTORY) = 3
2460399 openat(AT_FDCWD, "/home/u00134/3dgs_line/tier1/out/multiscene_foundation_corrected/quality/drums/seed_1729/measurements", O_RDONLY|O_NONBLOCK|O_CLOEXEC|O_DIRECTORY) = 3
2460399 openat(AT_FDCWD, "/home/u00134/3dgs_line/tier1/out/multiscene_foundation_corrected/quality/drums/seed_1729/measurements/native", O_RDONLY|O_NONBLOCK|O_CLOEXEC|O_DIRECTORY) = 3
2460399 openat(AT_FDCWD, "/home/u00134/3dgs_line/tier1/out/multiscene_foundation_corrected/quality/drums/seed_1729/measurements/full_resolution", O_RDONLY|O_NONBLOCK|O_CLOEXEC|O_DIRECTORY) = 3
2460399 openat(AT_FDCWD, "/home/u00134/3dgs_line/tier1/out/multiscene_foundation_corrected/quality/lego", O_RDONLY|O_NONBLOCK|O_CLOEXEC|O_DIRECTORY) = 3
2460399 openat(AT_FDCWD, "/home/u00134/3dgs_line/tier1/out/multiscene_foundation_corrected/quality/lego/seed_2718", O_RDONLY|O_NONBLOCK|O_CLOEXEC|O_DIRECTORY) = 3
2460399 openat(AT_FDCWD, "/home/u00134/3dgs_line/tier1/out/multiscene_foundation_corrected/quality/lego/seed_2718/measurements", O_RDONLY|O_NONBLOCK|O_CLOEXEC|O_DIRECTORY) = 3
2460399 openat(AT_FDCWD, "/home/u00134/3dgs_line/tier1/out/multiscene_foundation_corrected/quality/lego/seed_2718/measurements/native", O_RDONLY|O_NONBLOCK|O_CLOEXEC|O_DIRECTORY) = 3
2460399 openat(AT_FDCWD, "/home/u00134/3dgs_line/tier1/out/multiscene_foundation_corrected/quality/lego/seed_2718/measurements/full_resolution", O_RDONLY|O_NONBLOCK|O_CLOEXEC|O_DIRECTORY) = 3
2460399 openat(AT_FDCWD, "/home/u00134/3dgs_line/tier1/out/multiscene_foundation_corrected/quality/lego/seed_1729", O_RDONLY|O_NONBLOCK|O_CLOEXEC|O_DIRECTORY) = 3
2460399 openat(AT_FDCWD, "/home/u00134/3dgs_line/tier1/out/multiscene_foundation_corrected/quality/lego/seed_1729/measurements", O_RDONLY|O_NONBLOCK|O_CLOEXEC|O_DIRECTORY) = 3
2460399 openat(AT_FDCWD, "/home/u00134/3dgs_line/tier1/out/multiscene_foundation_corrected/quality/lego/seed_1729/measurements/native", O_RDONLY|O_NONBLOCK|O_CLOEXEC|O_DIRECTORY) = 3
2460399 openat(AT_FDCWD, "/home/u00134/3dgs_line/tier1/out/multiscene_foundation_corrected/quality/lego/seed_1729/measurements/full_resolution", O_RDONLY|O_NONBLOCK|O_CLOEXEC|O_DIRECTORY) = 3
2460399 openat(AT_FDCWD, "/home/u00134/3dgs_line/tier1/out/multiscene_foundation_corrected/quality/chair", O_RDONLY|O_NONBLOCK|O_CLOEXEC|O_DIRECTORY) = 3
2460399 openat(AT_FDCWD, "/home/u00134/3dgs_line/tier1/out/multiscene_foundation_corrected/quality/chair/seed_2718", O_RDONLY|O_NONBLOCK|O_CLOEXEC|O_DIRECTORY) = 3
2460399 openat(AT_FDCWD, "/home/u00134/3dgs_line/tier1/out/multiscene_foundation_corrected/quality/chair/seed_2718/measurements", O_RDONLY|O_NONBLOCK|O_CLOEXEC|O_DIRECTORY) = 3
2460399 openat(AT_FDCWD, "/home/u00134/3dgs_line/tier1/out/multiscene_foundation_corrected/quality/chair/seed_2718/measurements/native", O_RDONLY|O_NONBLOCK|O_CLOEXEC|O_DIRECTORY) = 3
2460399 openat(AT_FDCWD, "/home/u00134/3dgs_line/tier1/out/multiscene_foundation_corrected/quality/chair/seed_2718/measurements/full_resolution", O_RDONLY|O_NONBLOCK|O_CLOEXEC|O_DIRECTORY) = 3
2460399 openat(AT_FDCWD, "/home/u00134/3dgs_line/tier1/out/multiscene_foundation_corrected/quality/chair/seed_1729", O_RDONLY|O_NONBLOCK|O_CLOEXEC|O_DIRECTORY) = 3
2460399 openat(AT_FDCWD, "/home/u00134/3dgs_line/tier1/out/multiscene_foundation_corrected/quality/chair/seed_1729/measurements", O_RDONLY|O_NONBLOCK|O_CLOEXEC|O_DIRECTORY) = 3
2460399 openat(AT_FDCWD, "/home/u00134/3dgs_line/tier1/out/multiscene_foundation_corrected/quality/chair/seed_1729/measurements/native", O_RDONLY|O_NONBLOCK|O_CLOEXEC|O_DIRECTORY) = 3
2460399 openat(AT_FDCWD, "/home/u00134/3dgs_line/tier1/out/multiscene_foundation_corrected/quality/chair/seed_1729/measurements/full_resolution", O_RDONLY|O_NONBLOCK|O_CLOEXEC|O_DIRECTORY) = 3
2460399 openat(AT_FDCWD, "/home/u00134/3dgs_line/tier1/out/multiscene_foundation_corrected/quality/ficus", O_RDONLY|O_NONBLOCK|O_CLOEXEC|O_DIRECTORY) = 3
2460399 openat(AT_FDCWD, "/home/u00134/3dgs_line/tier1/out/multiscene_foundation_corrected/quality/ficus/seed_2718", O_RDONLY|O_NONBLOCK|O_CLOEXEC|O_DIRECTORY) = 3
2460399 openat(AT_FDCWD, "/home/u00134/3dgs_line/tier1/out/multiscene_foundation_corrected/quality/ficus/seed_2718/measurements", O_RDONLY|O_NONBLOCK|O_CLOEXEC|O_DIRECTORY) = 3
2460399 openat(AT_FDCWD, "/home/u00134/3dgs_line/tier1/out/multiscene_foundation_corrected/quality/ficus/seed_2718/measurements/native", O_RDONLY|O_NONBLOCK|O_CLOEXEC|O_DIRECTORY) = 3
2460399 openat(AT_FDCWD, "/home/u00134/3dgs_line/tier1/out/multiscene_foundation_corrected/quality/ficus/seed_2718/measurements/full_resolution", O_RDONLY|O_NONBLOCK|O_CLOEXEC|O_DIRECTORY) = 3
2460399 openat(AT_FDCWD, "/home/u00134/3dgs_line/tier1/out/multiscene_foundation_corrected/quality/ficus/seed_1729", O_RDONLY|O_NONBLOCK|O_CLOEXEC|O_DIRECTORY) = 3
2460399 openat(AT_FDCWD, "/home/u00134/3dgs_line/tier1/out/multiscene_foundation_corrected/quality/ficus/seed_1729/measurements", O_RDONLY|O_NONBLOCK|O_CLOEXEC|O_DIRECTORY) = 3
2460399 openat(AT_FDCWD, "/home/u00134/3dgs_line/tier1/out/multiscene_foundation_corrected/quality/ficus/seed_1729/measurements/native", O_RDONLY|O_NONBLOCK|O_CLOEXEC|O_DIRECTORY) = 3
2460399 openat(AT_FDCWD, "/home/u00134/3dgs_line/tier1/out/multiscene_foundation_corrected/quality/ficus/seed_1729/measurements/full_resolution", O_RDONLY|O_NONBLOCK|O_CLOEXEC|O_DIRECTORY) = 3
2460399 openat(AT_FDCWD, "/home/u00134/3dgs_line/tier1/out/multiscene_foundation_corrected/controlled", O_RDONLY|O_NONBLOCK|O_CLOEXEC|O_DIRECTORY) = 3
2460399 openat(AT_FDCWD, "/home/u00134/3dgs_line/tier1/out/multiscene_foundation_corrected/controlled/drums", O_RDONLY|O_NONBLOCK|O_CLOEXEC|O_DIRECTORY) = 3
2460399 openat(AT_FDCWD, "/home/u00134/3dgs_line/tier1/out/multiscene_foundation_corrected/controlled/drums/measurements", O_RDONLY|O_NONBLOCK|O_CLOEXEC|O_DIRECTORY) = 3
2460399 openat(AT_FDCWD, "/home/u00134/3dgs_line/tier1/out/multiscene_foundation_corrected/controlled/drums/measurements/native", O_RDONLY|O_NONBLOCK|O_CLOEXEC|O_DIRECTORY) = 3
2460399 openat(AT_FDCWD, "/home/u00134/3dgs_line/tier1/out/multiscene_foundation_corrected/controlled/drums/measurements/full_resolution", O_RDONLY|O_NONBLOCK|O_CLOEXEC|O_DIRECTORY) = 3
2460399 openat(AT_FDCWD, "/home/u00134/3dgs_line/tier1/out/multiscene_foundation_corrected/controlled/lego", O_RDONLY|O_NONBLOCK|O_CLOEXEC|O_DIRECTORY) = 3
2460399 openat(AT_FDCWD, "/home/u00134/3dgs_line/tier1/out/multiscene_foundation_corrected/controlled/lego/measurements", O_RDONLY|O_NONBLOCK|O_CLOEXEC|O_DIRECTORY) = 3
2460399 openat(AT_FDCWD, "/home/u00134/3dgs_line/tier1/out/multiscene_foundation_corrected/controlled/lego/measurements/native", O_RDONLY|O_NONBLOCK|O_CLOEXEC|O_DIRECTORY) = 3
2460399 openat(AT_FDCWD, "/home/u00134/3dgs_line/tier1/out/multiscene_foundation_corrected/controlled/lego/measurements/full_resolution", O_RDONLY|O_NONBLOCK|O_CLOEXEC|O_DIRECTORY) = 3
2460399 openat(AT_FDCWD, "/home/u00134/3dgs_line/tier1/out/multiscene_foundation_corrected/controlled/chair", O_RDONLY|O_NONBLOCK|O_CLOEXEC|O_DIRECTORY) = 3
2460399 openat(AT_FDCWD, "/home/u00134/3dgs_line/tier1/out/multiscene_foundation_corrected/controlled/chair/measurements", O_RDONLY|O_NONBLOCK|O_CLOEXEC|O_DIRECTORY) = 3
2460399 openat(AT_FDCWD, "/home/u00134/3dgs_line/tier1/out/multiscene_foundation_corrected/controlled/chair/measurements/native", O_RDONLY|O_NONBLOCK|O_CLOEXEC|O_DIRECTORY) = 3
2460399 openat(AT_FDCWD, "/home/u00134/3dgs_line/tier1/out/multiscene_foundation_corrected/controlled/chair/measurements/full_resolution", O_RDONLY|O_NONBLOCK|O_CLOEXEC|O_DIRECTORY) = 3
2460399 openat(AT_FDCWD, "/home/u00134/3dgs_line/tier1/out/multiscene_foundation_corrected/controlled/ficus", O_RDONLY|O_NONBLOCK|O_CLOEXEC|O_DIRECTORY) = 3
2460399 openat(AT_FDCWD, "/home/u00134/3dgs_line/tier1/out/multiscene_foundation_corrected/controlled/ficus/measurements", O_RDONLY|O_NONBLOCK|O_CLOEXEC|O_DIRECTORY) = 3
2460399 openat(AT_FDCWD, "/home/u00134/3dgs_line/tier1/out/multiscene_foundation_corrected/controlled/ficus/measurements/native", O_RDONLY|O_NONBLOCK|O_CLOEXEC|O_DIRECTORY) = 3
2460399 openat(AT_FDCWD, "/home/u00134/3dgs_line/tier1/out/multiscene_foundation_corrected/controlled/ficus/measurements/full_resolution", O_RDONLY|O_NONBLOCK|O_CLOEXEC|O_DIRECTORY) = 3
2460399 openat(AT_FDCWD, "/home/u00134/3dgs_line/tier1/out/multiscene_foundation_corrected/tdd", O_RDONLY|O_NONBLOCK|O_CLOEXEC|O_DIRECTORY) = 3
2460399 openat(AT_FDCWD, "/home/u00134/3dgs_line/tier1/out/multiscene_foundation_corrected/setup", O_RDONLY|O_NONBLOCK|O_CLOEXEC|O_DIRECTORY) = 3
2460399 openat(AT_FDCWD, "/home/u00134/3dgs_line/tier1/out/multiscene_foundation_corrected/setup/attempt_02_surface_aggregation", O_RDONLY|O_NONBLOCK|O_CLOEXEC|O_DIRECTORY) = 3
2460399 openat(AT_FDCWD, "/home/u00134/3dgs_line/tier1/out/multiscene_foundation_corrected/setup/attempt_00_thread_contention", O_RDONLY|O_NONBLOCK|O_CLOEXEC|O_DIRECTORY) = 3
2460399 openat(AT_FDCWD, "/home/u00134/3dgs_line/tier1/out/multiscene_foundation_corrected/setup/attempt_01_serial", O_RDONLY|O_NONBLOCK|O_CLOEXEC|O_DIRECTORY) = 3
2460399 openat(AT_FDCWD, "/home/u00134/3dgs_line/tier1/out/multiscene_foundation_corrected/setup/source_versions", O_RDONLY|O_NONBLOCK|O_CLOEXEC|O_DIRECTORY) = 3
2460399 openat(AT_FDCWD, "/home/u00134/3dgs_line/tier1/out/multiscene_foundation_corrected/setup/build_verification", O_RDONLY|O_NONBLOCK|O_CLOEXEC|O_DIRECTORY) = 3
2460399 openat(AT_FDCWD, "/home/u00134/3dgs_line/tier1/out/multiscene_foundation_corrected/scenes", O_RDONLY|O_NONBLOCK|O_CLOEXEC|O_DIRECTORY) = 3
2460399 openat(AT_FDCWD, "/home/u00134/3dgs_line/tier1/out/multiscene_foundation_corrected/scenes/drums", O_RDONLY|O_NONBLOCK|O_CLOEXEC|O_DIRECTORY) = 3
2460399 openat(AT_FDCWD, "/home/u00134/3dgs_line/tier1/out/multiscene_foundation_corrected/scenes/lego", O_RDONLY|O_NONBLOCK|O_CLOEXEC|O_DIRECTORY) = 3
2460399 openat(AT_FDCWD, "/home/u00134/3dgs_line/tier1/out/multiscene_foundation_corrected/scenes/chair", O_RDONLY|O_NONBLOCK|O_CLOEXEC|O_DIRECTORY) = 3
2460399 openat(AT_FDCWD, "/home/u00134/3dgs_line/tier1/out/multiscene_foundation_corrected/scenes/ficus", O_RDONLY|O_NONBLOCK|O_CLOEXEC|O_DIRECTORY) = 3
2460399 openat(AT_FDCWD, "/home/u00134/3dgs_line/tier1/out/2dgs_chair_dist", O_RDONLY|O_NONBLOCK|O_CLOEXEC|O_DIRECTORY) = 3
2460399 openat(AT_FDCWD, "/home/u00134/3dgs_line/tier1/out/2dgs_chair_dist/point_cloud", O_RDONLY|O_NONBLOCK|O_CLOEXEC|O_DIRECTORY) = 3
2460399 openat(AT_FDCWD, "/home/u00134/3dgs_line/tier1/out/2dgs_chair_dist/point_cloud/iteration_7000", O_RDONLY|O_NONBLOCK|O_CLOEXEC|O_DIRECTORY) = 3
2460399 openat(AT_FDCWD, "/home/u00134/3dgs_line/tier1/out/2dgs_chair_dist/point_cloud/iteration_30000", O_RDONLY|O_NONBLOCK|O_CLOEXEC|O_DIRECTORY) = 3
2460399 openat(AT_FDCWD, "/home/u00134/3dgs_line/tier1/out/2dgs_chair_dist/point_cloud/iteration_15000", O_RDONLY|O_NONBLOCK|O_CLOEXEC|O_DIRECTORY) = 3
2460399 openat(AT_FDCWD, "/home/u00134/3dgs_line/tier1/out/curve_correspondence_foundation", O_RDONLY|O_NONBLOCK|O_CLOEXEC|O_DIRECTORY) = 3
2460399 openat(AT_FDCWD, "/home/u00134/3dgs_line/tier1/out/curve_correspondence_foundation/evaluation", O_RDONLY|O_NONBLOCK|O_CLOEXEC|O_DIRECTORY) = 3
2460399 openat(AT_FDCWD, "/home/u00134/3dgs_line/tier1/out/curve_correspondence_foundation/evaluation/lego", O_RDONLY|O_NONBLOCK|O_CLOEXEC|O_DIRECTORY) = 3
2460399 openat(AT_FDCWD, "/home/u00134/3dgs_line/tier1/out/curve_correspondence_foundation/evaluation/lego/visual", O_RDONLY|O_NONBLOCK|O_CLOEXEC|O_DIRECTORY) = 3
2460399 openat(AT_FDCWD, "/home/u00134/3dgs_line/tier1/out/curve_correspondence_foundation/evaluation/lego/visual/blinded_review", O_RDONLY|O_NONBLOCK|O_CLOEXEC|O_DIRECTORY) = 3
2460399 openat(AT_FDCWD, "/home/u00134/3dgs_line/tier1/out/curve_correspondence_foundation/evaluation/chair", O_RDONLY|O_NONBLOCK|O_CLOEXEC|O_DIRECTORY) = 3
2460399 openat(AT_FDCWD, "/home/u00134/3dgs_line/tier1/out/curve_correspondence_foundation/evaluation/chair/visual", O_RDONLY|O_NONBLOCK|O_CLOEXEC|O_DIRECTORY) = 3
2460399 openat(AT_FDCWD, "/home/u00134/3dgs_line/tier1/out/curve_correspondence_foundation/evaluation/chair/visual/blinded_review", O_RDONLY|O_NONBLOCK|O_CLOEXEC|O_DIRECTORY) = 3
2460399 openat(AT_FDCWD, "/home/u00134/3dgs_line/tier1/out/curve_correspondence_foundation/code", O_RDONLY|O_NONBLOCK|O_CLOEXEC|O_DIRECTORY) = 3
2460399 openat(AT_FDCWD, "/home/u00134/3dgs_line/tier1/out/curve_correspondence_foundation/visibility", O_RDONLY|O_NONBLOCK|O_CLOEXEC|O_DIRECTORY) = 3
2460399 openat(AT_FDCWD, "/home/u00134/3dgs_line/tier1/out/curve_correspondence_foundation/visibility/lego", O_RDONLY|O_NONBLOCK|O_CLOEXEC|O_DIRECTORY) = 3
2460399 openat(AT_FDCWD, "/home/u00134/3dgs_line/tier1/out/curve_correspondence_foundation/visibility/chair", O_RDONLY|O_NONBLOCK|O_CLOEXEC|O_DIRECTORY) = 3
2460399 openat(AT_FDCWD, "/home/u00134/3dgs_line/tier1/out/curve_correspondence_foundation/attempts", O_RDONLY|O_NONBLOCK|O_CLOEXEC|O_DIRECTORY) = 3
2460399 openat(AT_FDCWD, "/home/u00134/3dgs_line/tier1/out/curve_correspondence_foundation/attempts/evaluation_lego_00", O_RDONLY|O_NONBLOCK|O_CLOEXEC|O_DIRECTORY) = 3
2460399 openat(AT_FDCWD, "/home/u00134/3dgs_line/tier1/out/curve_correspondence_foundation/attempts/evaluation_lego_00/visual", O_RDONLY|O_NONBLOCK|O_CLOEXEC|O_DIRECTORY) = 3
2460399 openat(AT_FDCWD, "/home/u00134/3dgs_line/tier1/out/curve_correspondence_foundation/tests", O_RDONLY|O_NONBLOCK|O_CLOEXEC|O_DIRECTORY) = 3
2460399 openat(AT_FDCWD, "/home/u00134/3dgs_line/tier1/out/curve_correspondence_foundation/tdd", O_RDONLY|O_NONBLOCK|O_CLOEXEC|O_DIRECTORY) = 3
2460399 openat(AT_FDCWD, "/home/u00134/3dgs_line/tier1/out/curve_correspondence_foundation/setup", O_RDONLY|O_NONBLOCK|O_CLOEXEC|O_DIRECTORY) = 3
2460399 openat(AT_FDCWD, "/home/u00134/3dgs_line/tier1/out/curve_correspondence_foundation/setup/attempt_00", O_RDONLY|O_NONBLOCK|O_CLOEXEC|O_DIRECTORY) = 3
2460399 openat(AT_FDCWD, "/home/u00134/3dgs_line/tier1/out/curve_correspondence_foundation/setup/repository_suite", O_RDONLY|O_NONBLOCK|O_CLOEXEC|O_DIRECTORY) = 3
2460399 openat(AT_FDCWD, "/home/u00134/3dgs_line/tier1/out/curve_correspondence_foundation/setup/repository_suite/scripts", O_RDONLY|O_NONBLOCK|O_CLOEXEC|O_DIRECTORY) = 3
2460399 openat(AT_FDCWD, "/home/u00134/3dgs_line/tier1/out/curve_correspondence_foundation/setup/repository_suite/scripts/explore", O_RDONLY|O_NONBLOCK|O_CLOEXEC|O_DIRECTORY) = 3
2460399 openat(AT_FDCWD, "/home/u00134/3dgs_line/tier1/out/curve_correspondence_foundation/setup/repository_suite/scripts/explore/syn", O_RDONLY|O_NONBLOCK|O_CLOEXEC|O_DIRECTORY) = 3
2460399 openat(AT_FDCWD, "/home/u00134/3dgs_line/tier1/out/curve_correspondence_foundation/setup/repository_suite/out", O_RDONLY|O_NONBLOCK|O_CLOEXEC|O_DIRECTORY) = 3
2460399 openat(AT_FDCWD, "/home/u00134/3dgs_line/tier1/out/curve_correspondence_foundation/setup/repository_suite/out/point_feature_foundation", O_RDONLY|O_NONBLOCK|O_CLOEXEC|O_DIRECTORY) = 3
2460399 openat(AT_FDCWD, "/home/u00134/3dgs_line/tier1/out/curve_correspondence_foundation/setup/repository_suite/out/point_feature_foundation/setup", O_RDONLY|O_NONBLOCK|O_CLOEXEC|O_DIRECTORY) = 3
2460399 openat(AT_FDCWD, "/home/u00134/3dgs_line/tier1/out/curve_correspondence_foundation/setup/repository_suite/out/vrss", O_RDONLY|O_NONBLOCK|O_CLOEXEC|O_DIRECTORY) = 3
2460399 openat(AT_FDCWD, "/home/u00134/3dgs_line/tier1/out/curve_correspondence_foundation/setup/repository_suite/src", O_RDONLY|O_NONBLOCK|O_CLOEXEC|O_DIRECTORY) = 3
2460399 openat(AT_FDCWD, "/home/u00134/3dgs_line/tier1/out/curve_correspondence_foundation/setup/repository_suite/tmp", O_RDONLY|O_NONBLOCK|O_CLOEXEC|O_DIRECTORY) = 3
2460399 openat(AT_FDCWD, "/home/u00134/3dgs_line/tier1/out/curve_correspondence_foundation/setup/repository_suite/tests", O_RDONLY|O_NONBLOCK|O_CLOEXEC|O_DIRECTORY) = 3
2460399 openat(AT_FDCWD, "/home/u00134/3dgs_line/tier1/out/curve_correspondence_foundation/scenes", O_RDONLY|O_NONBLOCK|O_CLOEXEC|O_DIRECTORY) = 3
2460399 openat(AT_FDCWD, "/home/u00134/3dgs_line/tier1/out/curve_correspondence_foundation/scenes/lego", O_RDONLY|O_NONBLOCK|O_CLOEXEC|O_DIRECTORY) = 3
2460399 openat(AT_FDCWD, "/home/u00134/3dgs_line/tier1/out/curve_correspondence_foundation/scenes/lego/C", O_RDONLY|O_NONBLOCK|O_CLOEXEC|O_DIRECTORY) = 3
2460399 openat(AT_FDCWD, "/home/u00134/3dgs_line/tier1/out/curve_correspondence_foundation/scenes/lego/F", O_RDONLY|O_NONBLOCK|O_CLOEXEC|O_DIRECTORY) = 3
2460399 openat(AT_FDCWD, "/home/u00134/3dgs_line/tier1/out/curve_correspondence_foundation/scenes/lego/repeats", O_RDONLY|O_NONBLOCK|O_CLOEXEC|O_DIRECTORY) = 3
2460399 openat(AT_FDCWD, "/home/u00134/3dgs_line/tier1/out/curve_correspondence_foundation/scenes/lego/repeats/moment_split_01", O_RDONLY|O_NONBLOCK|O_CLOEXEC|O_DIRECTORY) = 3
2460399 openat(AT_FDCWD, "/home/u00134/3dgs_line/tier1/out/curve_correspondence_foundation/scenes/lego/repeats/redistribute_04", O_RDONLY|O_NONBLOCK|O_CLOEXEC|O_DIRECTORY) = 3
2460399 openat(AT_FDCWD, "/home/u00134/3dgs_line/tier1/out/curve_correspondence_foundation/scenes/lego/repeats/redistribute_01", O_RDONLY|O_NONBLOCK|O_CLOEXEC|O_DIRECTORY) = 3
2460399 openat(AT_FDCWD, "/home/u00134/3dgs_line/tier1/out/curve_correspondence_foundation/scenes/lego/repeats/moment_split_02", O_RDONLY|O_NONBLOCK|O_CLOEXEC|O_DIRECTORY) = 3
2460399 openat(AT_FDCWD, "/home/u00134/3dgs_line/tier1/out/curve_correspondence_foundation/scenes/lego/repeats/redistribute_00", O_RDONLY|O_NONBLOCK|O_CLOEXEC|O_DIRECTORY) = 3
2460399 openat(AT_FDCWD, "/home/u00134/3dgs_line/tier1/out/curve_correspondence_foundation/scenes/lego/repeats/moment_split_03", O_RDONLY|O_NONBLOCK|O_CLOEXEC|O_DIRECTORY) = 3
2460399 openat(AT_FDCWD, "/home/u00134/3dgs_line/tier1/out/curve_correspondence_foundation/scenes/lego/repeats/redistribute_03", O_RDONLY|O_NONBLOCK|O_CLOEXEC|O_DIRECTORY) = 3
2460399 openat(AT_FDCWD, "/home/u00134/3dgs_line/tier1/out/curve_correspondence_foundation/scenes/lego/repeats/redistribute_02", O_RDONLY|O_NONBLOCK|O_CLOEXEC|O_DIRECTORY) = 3
2460399 openat(AT_FDCWD, "/home/u00134/3dgs_line/tier1/out/curve_correspondence_foundation/scenes/lego/repeats/moment_split_00", O_RDONLY|O_NONBLOCK|O_CLOEXEC|O_DIRECTORY) = 3
2460399 openat(AT_FDCWD, "/home/u00134/3dgs_line/tier1/out/curve_correspondence_foundation/scenes/chair", O_RDONLY|O_NONBLOCK|O_CLOEXEC|O_DIRECTORY) = 3
2460399 openat(AT_FDCWD, "/home/u00134/3dgs_line/tier1/out/curve_correspondence_foundation/scenes/chair/C", O_RDONLY|O_NONBLOCK|O_CLOEXEC|O_DIRECTORY) = 3
2460399 openat(AT_FDCWD, "/home/u00134/3dgs_line/tier1/out/curve_correspondence_foundation/scenes/chair/F", O_RDONLY|O_NONBLOCK|O_CLOEXEC|O_DIRECTORY) = 3
2460399 openat(AT_FDCWD, "/home/u00134/3dgs_line/tier1/out/curve_correspondence_foundation/scenes/chair/repeats", O_RDONLY|O_NONBLOCK|O_CLOEXEC|O_DIRECTORY) = 3
2460399 openat(AT_FDCWD, "/home/u00134/3dgs_line/tier1/out/curve_correspondence_foundation/scenes/chair/repeats/moment_split_01", O_RDONLY|O_NONBLOCK|O_CLOEXEC|O_DIRECTORY) = 3
2460399 openat(AT_FDCWD, "/home/u00134/3dgs_line/tier1/out/curve_correspondence_foundation/scenes/chair/repeats/redistribute_04", O_RDONLY|O_NONBLOCK|O_CLOEXEC|O_DIRECTORY) = 3
2460399 openat(AT_FDCWD, "/home/u00134/3dgs_line/tier1/out/curve_correspondence_foundation/scenes/chair/repeats/seed_2718", O_RDONLY|O_NONBLOCK|O_CLOEXEC|O_DIRECTORY) = 3
2460399 openat(AT_FDCWD, "/home/u00134/3dgs_line/tier1/out/curve_correspondence_foundation/scenes/chair/repeats/redistribute_01", O_RDONLY|O_NONBLOCK|O_CLOEXEC|O_DIRECTORY) = 3
2460399 openat(AT_FDCWD, "/home/u00134/3dgs_line/tier1/out/curve_correspondence_foundation/scenes/chair/repeats/moment_split_02", O_RDONLY|O_NONBLOCK|O_CLOEXEC|O_DIRECTORY) = 3
2460399 openat(AT_FDCWD, "/home/u00134/3dgs_line/tier1/out/curve_correspondence_foundation/scenes/chair/repeats/redistribute_00", O_RDONLY|O_NONBLOCK|O_CLOEXEC|O_DIRECTORY) = 3
2460399 openat(AT_FDCWD, "/home/u00134/3dgs_line/tier1/out/curve_correspondence_foundation/scenes/chair/repeats/moment_split_03", O_RDONLY|O_NONBLOCK|O_CLOEXEC|O_DIRECTORY) = 3
2460399 openat(AT_FDCWD, "/home/u00134/3dgs_line/tier1/out/curve_correspondence_foundation/scenes/chair/repeats/redistribute_03", O_RDONLY|O_NONBLOCK|O_CLOEXEC|O_DIRECTORY) = 3
2460399 openat(AT_FDCWD, "/home/u00134/3dgs_line/tier1/out/curve_correspondence_foundation/scenes/chair/repeats/redistribute_02", O_RDONLY|O_NONBLOCK|O_CLOEXEC|O_DIRECTORY) = 3
2460399 openat(AT_FDCWD, "/home/u00134/3dgs_line/tier1/out/curve_correspondence_foundation/scenes/chair/repeats/moment_split_00", O_RDONLY|O_NONBLOCK|O_CLOEXEC|O_DIRECTORY) = 3
2460399 openat(AT_FDCWD, "/home/u00134/3dgs_line/tier1/out/multiscene_foundation", O_RDONLY|O_NONBLOCK|O_CLOEXEC|O_DIRECTORY) = 3
2460399 openat(AT_FDCWD, "/home/u00134/3dgs_line/tier1/out/multiscene_foundation/controlled", O_RDONLY|O_NONBLOCK|O_CLOEXEC|O_DIRECTORY) = 3
2460399 openat(AT_FDCWD, "/home/u00134/3dgs_line/tier1/out/multiscene_foundation/controlled/drums", O_RDONLY|O_NONBLOCK|O_CLOEXEC|O_DIRECTORY) = 3
2460399 openat(AT_FDCWD, "/home/u00134/3dgs_line/tier1/out/multiscene_foundation/controlled/drums/measurements", O_RDONLY|O_NONBLOCK|O_CLOEXEC|O_DIRECTORY) = 3
2460399 openat(AT_FDCWD, "/home/u00134/3dgs_line/tier1/out/multiscene_foundation/controlled/drums/measurements/native", O_RDONLY|O_NONBLOCK|O_CLOEXEC|O_DIRECTORY) = 3
2460399 openat(AT_FDCWD, "/home/u00134/3dgs_line/tier1/out/multiscene_foundation/controlled/drums/measurements/full_resolution", O_RDONLY|O_NONBLOCK|O_CLOEXEC|O_DIRECTORY) = 3
2460399 openat(AT_FDCWD, "/home/u00134/3dgs_line/tier1/out/multiscene_foundation/controlled/lego", O_RDONLY|O_NONBLOCK|O_CLOEXEC|O_DIRECTORY) = 3
2460399 openat(AT_FDCWD, "/home/u00134/3dgs_line/tier1/out/multiscene_foundation/controlled/lego/measurements", O_RDONLY|O_NONBLOCK|O_CLOEXEC|O_DIRECTORY) = 3
2460399 openat(AT_FDCWD, "/home/u00134/3dgs_line/tier1/out/multiscene_foundation/controlled/lego/measurements/native", O_RDONLY|O_NONBLOCK|O_CLOEXEC|O_DIRECTORY) = 3
2460399 openat(AT_FDCWD, "/home/u00134/3dgs_line/tier1/out/multiscene_foundation/controlled/lego/measurements/full_resolution", O_RDONLY|O_NONBLOCK|O_CLOEXEC|O_DIRECTORY) = 3
2460399 openat(AT_FDCWD, "/home/u00134/3dgs_line/tier1/out/multiscene_foundation/controlled/chair", O_RDONLY|O_NONBLOCK|O_CLOEXEC|O_DIRECTORY) = 3
2460399 openat(AT_FDCWD, "/home/u00134/3dgs_line/tier1/out/multiscene_foundation/controlled/chair/measurements", O_RDONLY|O_NONBLOCK|O_CLOEXEC|O_DIRECTORY) = 3
2460399 openat(AT_FDCWD, "/home/u00134/3dgs_line/tier1/out/multiscene_foundation/controlled/chair/measurements/native", O_RDONLY|O_NONBLOCK|O_CLOEXEC|O_DIRECTORY) = 3
2460399 openat(AT_FDCWD, "/home/u00134/3dgs_line/tier1/out/multiscene_foundation/controlled/chair/measurements/full_resolution", O_RDONLY|O_NONBLOCK|O_CLOEXEC|O_DIRECTORY) = 3
2460399 openat(AT_FDCWD, "/home/u00134/3dgs_line/tier1/out/multiscene_foundation/controlled/ficus", O_RDONLY|O_NONBLOCK|O_CLOEXEC|O_DIRECTORY) = 3
2460399 openat(AT_FDCWD, "/home/u00134/3dgs_line/tier1/out/multiscene_foundation/controlled/ficus/measurements", O_RDONLY|O_NONBLOCK|O_CLOEXEC|O_DIRECTORY) = 3
2460399 openat(AT_FDCWD, "/home/u00134/3dgs_line/tier1/out/multiscene_foundation/controlled/ficus/measurements/native", O_RDONLY|O_NONBLOCK|O_CLOEXEC|O_DIRECTORY) = 3
2460399 openat(AT_FDCWD, "/home/u00134/3dgs_line/tier1/out/multiscene_foundation/controlled/ficus/measurements/full_resolution", O_RDONLY|O_NONBLOCK|O_CLOEXEC|O_DIRECTORY) = 3
2460399 openat(AT_FDCWD, "/home/u00134/3dgs_line/tier1/out/multiscene_foundation/inputs", O_RDONLY|O_NONBLOCK|O_CLOEXEC|O_DIRECTORY) = 3
2460399 openat(AT_FDCWD, "/home/u00134/3dgs_line/tier1/out/multiscene_foundation/inputs/drums", O_RDONLY|O_NONBLOCK|O_CLOEXEC|O_DIRECTORY) = 3
2460399 openat(AT_FDCWD, "/home/u00134/3dgs_line/tier1/out/multiscene_foundation/inputs/drums/seed_2718", O_RDONLY|O_NONBLOCK|O_CLOEXEC|O_DIRECTORY) = 3
2460399 openat(AT_FDCWD, "/home/u00134/3dgs_line/tier1/out/multiscene_foundation/inputs/drums/seed_1729", O_RDONLY|O_NONBLOCK|O_CLOEXEC|O_DIRECTORY) = 3
2460399 openat(AT_FDCWD, "/home/u00134/3dgs_line/tier1/out/multiscene_foundation/inputs/lego", O_RDONLY|O_NONBLOCK|O_CLOEXEC|O_DIRECTORY) = 3
2460399 openat(AT_FDCWD, "/home/u00134/3dgs_line/tier1/out/multiscene_foundation/inputs/lego/seed_2718", O_RDONLY|O_NONBLOCK|O_CLOEXEC|O_DIRECTORY) = 3
2460399 openat(AT_FDCWD, "/home/u00134/3dgs_line/tier1/out/multiscene_foundation/inputs/lego/seed_1729", O_RDONLY|O_NONBLOCK|O_CLOEXEC|O_DIRECTORY) = 3
2460399 openat(AT_FDCWD, "/home/u00134/3dgs_line/tier1/out/multiscene_foundation/inputs/chair", O_RDONLY|O_NONBLOCK|O_CLOEXEC|O_DIRECTORY) = 3
2460399 openat(AT_FDCWD, "/home/u00134/3dgs_line/tier1/out/multiscene_foundation/inputs/chair/seed_2718", O_RDONLY|O_NONBLOCK|O_CLOEXEC|O_DIRECTORY) = 3
2460399 openat(AT_FDCWD, "/home/u00134/3dgs_line/tier1/out/multiscene_foundation/inputs/chair/seed_1729", O_RDONLY|O_NONBLOCK|O_CLOEXEC|O_DIRECTORY) = 3
2460399 openat(AT_FDCWD, "/home/u00134/3dgs_line/tier1/out/multiscene_foundation/inputs/ficus", O_RDONLY|O_NONBLOCK|O_CLOEXEC|O_DIRECTORY) = 3
2460399 openat(AT_FDCWD, "/home/u00134/3dgs_line/tier1/out/multiscene_foundation/inputs/ficus/seed_2718", O_RDONLY|O_NONBLOCK|O_CLOEXEC|O_DIRECTORY) = 3
2460399 openat(AT_FDCWD, "/home/u00134/3dgs_line/tier1/out/multiscene_foundation/inputs/ficus/seed_1729", O_RDONLY|O_NONBLOCK|O_CLOEXEC|O_DIRECTORY) = 3
2460399 openat(AT_FDCWD, "/home/u00134/3dgs_line/tier1/out/multiscene_foundation/diagnostics", O_RDONLY|O_NONBLOCK|O_CLOEXEC|O_DIRECTORY) = 3
2460399 openat(AT_FDCWD, "/home/u00134/3dgs_line/tier1/out/multiscene_foundation/diagnostics/resolution", O_RDONLY|O_NONBLOCK|O_CLOEXEC|O_DIRECTORY) = 3
2460399 openat(AT_FDCWD, "/home/u00134/3dgs_line/tier1/out/multiscene_foundation/diagnostics/resolution/drums", O_RDONLY|O_NONBLOCK|O_CLOEXEC|O_DIRECTORY) = 3
2460399 openat(AT_FDCWD, "/home/u00134/3dgs_line/tier1/out/multiscene_foundation/diagnostics/resolution/drums/seed_2718", O_RDONLY|O_NONBLOCK|O_CLOEXEC|O_DIRECTORY) = 3
2460399 openat(AT_FDCWD, "/home/u00134/3dgs_line/tier1/out/multiscene_foundation/diagnostics/resolution/drums/seed_2718/measurements", O_RDONLY|O_NONBLOCK|O_CLOEXEC|O_DIRECTORY) = 3
2460399 openat(AT_FDCWD, "/home/u00134/3dgs_line/tier1/out/multiscene_foundation/diagnostics/resolution/drums/seed_2718/measurements/full_resolution", O_RDONLY|O_NONBLOCK|O_CLOEXEC|O_DIRECTORY) = 3
2460399 openat(AT_FDCWD, "/home/u00134/3dgs_line/tier1/out/multiscene_foundation/diagnostics/resolution/drums/seed_1729", O_RDONLY|O_NONBLOCK|O_CLOEXEC|O_DIRECTORY) = 3
2460399 openat(AT_FDCWD, "/home/u00134/3dgs_line/tier1/out/multiscene_foundation/diagnostics/resolution/drums/seed_1729/measurements", O_RDONLY|O_NONBLOCK|O_CLOEXEC|O_DIRECTORY) = 3
2460399 openat(AT_FDCWD, "/home/u00134/3dgs_line/tier1/out/multiscene_foundation/diagnostics/resolution/drums/seed_1729/measurements/full_resolution", O_RDONLY|O_NONBLOCK|O_CLOEXEC|O_DIRECTORY) = 3
2460399 openat(AT_FDCWD, "/home/u00134/3dgs_line/tier1/out/multiscene_foundation/diagnostics/resolution/lego", O_RDONLY|O_NONBLOCK|O_CLOEXEC|O_DIRECTORY) = 3
2460399 openat(AT_FDCWD, "/home/u00134/3dgs_line/tier1/out/multiscene_foundation/diagnostics/resolution/lego/seed_2718", O_RDONLY|O_NONBLOCK|O_CLOEXEC|O_DIRECTORY) = 3
2460399 openat(AT_FDCWD, "/home/u00134/3dgs_line/tier1/out/multiscene_foundation/diagnostics/resolution/lego/seed_2718/measurements", O_RDONLY|O_NONBLOCK|O_CLOEXEC|O_DIRECTORY) = 3
2460399 openat(AT_FDCWD, "/home/u00134/3dgs_line/tier1/out/multiscene_foundation/diagnostics/resolution/lego/seed_2718/measurements/full_resolution", O_RDONLY|O_NONBLOCK|O_CLOEXEC|O_DIRECTORY) = 3
2460399 openat(AT_FDCWD, "/home/u00134/3dgs_line/tier1/out/multiscene_foundation/diagnostics/resolution/lego/seed_1729", O_RDONLY|O_NONBLOCK|O_CLOEXEC|O_DIRECTORY) = 3
2460399 openat(AT_FDCWD, "/home/u00134/3dgs_line/tier1/out/multiscene_foundation/diagnostics/resolution/lego/seed_1729/measurements", O_RDONLY|O_NONBLOCK|O_CLOEXEC|O_DIRECTORY) = 3
2460399 openat(AT_FDCWD, "/home/u00134/3dgs_line/tier1/out/multiscene_foundation/diagnostics/resolution/lego/seed_1729/measurements/full_resolution", O_RDONLY|O_NONBLOCK|O_CLOEXEC|O_DIRECTORY) = 3
2460399 openat(AT_FDCWD, "/home/u00134/3dgs_line/tier1/out/multiscene_foundation/diagnostics/resolution/chair", O_RDONLY|O_NONBLOCK|O_CLOEXEC|O_DIRECTORY) = 3
2460399 openat(AT_FDCWD, "/home/u00134/3dgs_line/tier1/out/multiscene_foundation/diagnostics/resolution/chair/seed_2718", O_RDONLY|O_NONBLOCK|O_CLOEXEC|O_DIRECTORY) = 3
2460399 openat(AT_FDCWD, "/home/u00134/3dgs_line/tier1/out/multiscene_foundation/diagnostics/resolution/chair/seed_2718/measurements", O_RDONLY|O_NONBLOCK|O_CLOEXEC|O_DIRECTORY) = 3
2460399 openat(AT_FDCWD, "/home/u00134/3dgs_line/tier1/out/multiscene_foundation/diagnostics/resolution/chair/seed_2718/measurements/full_resolution", O_RDONLY|O_NONBLOCK|O_CLOEXEC|O_DIRECTORY) = 3
2460399 openat(AT_FDCWD, "/home/u00134/3dgs_line/tier1/out/multiscene_foundation/diagnostics/resolution/chair/seed_1729", O_RDONLY|O_NONBLOCK|O_CLOEXEC|O_DIRECTORY) = 3
2460399 openat(AT_FDCWD, "/home/u00134/3dgs_line/tier1/out/multiscene_foundation/diagnostics/resolution/chair/seed_1729/measurements", O_RDONLY|O_NONBLOCK|O_CLOEXEC|O_DIRECTORY) = 3
2460399 openat(AT_FDCWD, "/home/u00134/3dgs_line/tier1/out/multiscene_foundation/diagnostics/resolution/chair/seed_1729/measurements/full_resolution", O_RDONLY|O_NONBLOCK|O_CLOEXEC|O_DIRECTORY) = 3
2460399 openat(AT_FDCWD, "/home/u00134/3dgs_line/tier1/out/multiscene_foundation/diagnostics/resolution/ficus", O_RDONLY|O_NONBLOCK|O_CLOEXEC|O_DIRECTORY) = 3
2460399 openat(AT_FDCWD, "/home/u00134/3dgs_line/tier1/out/multiscene_foundation/diagnostics/resolution/ficus/seed_2718", O_RDONLY|O_NONBLOCK|O_CLOEXEC|O_DIRECTORY) = 3
2460399 openat(AT_FDCWD, "/home/u00134/3dgs_line/tier1/out/multiscene_foundation/diagnostics/resolution/ficus/seed_2718/measurements", O_RDONLY|O_NONBLOCK|O_CLOEXEC|O_DIRECTORY) = 3
2460399 openat(AT_FDCWD, "/home/u00134/3dgs_line/tier1/out/multiscene_foundation/diagnostics/resolution/ficus/seed_2718/measurements/full_resolution", O_RDONLY|O_NONBLOCK|O_CLOEXEC|O_DIRECTORY) = 3
2460399 openat(AT_FDCWD, "/home/u00134/3dgs_line/tier1/out/multiscene_foundation/diagnostics/resolution/ficus/seed_1729", O_RDONLY|O_NONBLOCK|O_CLOEXEC|O_DIRECTORY) = 3
2460399 openat(AT_FDCWD, "/home/u00134/3dgs_line/tier1/out/multiscene_foundation/diagnostics/resolution/ficus/seed_1729/measurements", O_RDONLY|O_NONBLOCK|O_CLOEXEC|O_DIRECTORY) = 3
2460399 openat(AT_FDCWD, "/home/u00134/3dgs_line/tier1/out/multiscene_foundation/diagnostics/resolution/ficus/seed_1729/measurements/full_resolution", O_RDONLY|O_NONBLOCK|O_CLOEXEC|O_DIRECTORY) = 3
2460399 openat(AT_FDCWD, "/home/u00134/3dgs_line/tier1/out/multiscene_foundation/training", O_RDONLY|O_NONBLOCK|O_CLOEXEC|O_DIRECTORY) = 3
2460399 openat(AT_FDCWD, "/home/u00134/3dgs_line/tier1/out/multiscene_foundation/training/drums", O_RDONLY|O_NONBLOCK|O_CLOEXEC|O_DIRECTORY) = 3
2460399 openat(AT_FDCWD, "/home/u00134/3dgs_line/tier1/out/multiscene_foundation/training/drums/seed_2718", O_RDONLY|O_NONBLOCK|O_CLOEXEC|O_DIRECTORY) = 3
2460399 openat(AT_FDCWD, "/home/u00134/3dgs_line/tier1/out/multiscene_foundation/training/drums/seed_2718/quality", O_RDONLY|O_NONBLOCK|O_CLOEXEC|O_DIRECTORY) = 3
2460399 openat(AT_FDCWD, "/home/u00134/3dgs_line/tier1/out/multiscene_foundation/training/drums/seed_2718/quality/measurements", O_RDONLY|O_NONBLOCK|O_CLOEXEC|O_DIRECTORY) = 3
2460399 openat(AT_FDCWD, "/home/u00134/3dgs_line/tier1/out/multiscene_foundation/training/drums/seed_2718/quality/measurements/native", O_RDONLY|O_NONBLOCK|O_CLOEXEC|O_DIRECTORY) = 3
2460399 openat(AT_FDCWD, "/home/u00134/3dgs_line/tier1/out/multiscene_foundation/training/drums/seed_2718/quality/measurements/full_resolution", O_RDONLY|O_NONBLOCK|O_CLOEXEC|O_DIRECTORY) = 3
2460399 openat(AT_FDCWD, "/home/u00134/3dgs_line/tier1/out/multiscene_foundation/training/drums/seed_2718/attempt_00_runtime_init", O_RDONLY|O_NONBLOCK|O_CLOEXEC|O_DIRECTORY) = 3
2460399 openat(AT_FDCWD, "/home/u00134/3dgs_line/tier1/out/multiscene_foundation/training/drums/seed_2718/checkpoints", O_RDONLY|O_NONBLOCK|O_CLOEXEC|O_DIRECTORY) = 3
2460399 openat(AT_FDCWD, "/home/u00134/3dgs_line/tier1/out/multiscene_foundation/training/drums/seed_2718/checkpoints/point_cloud", O_RDONLY|O_NONBLOCK|O_CLOEXEC|O_DIRECTORY) = 3
2460399 openat(AT_FDCWD, "/home/u00134/3dgs_line/tier1/out/multiscene_foundation/training/drums/seed_2718/checkpoints/point_cloud/iteration_7000", O_RDONLY|O_NONBLOCK|O_CLOEXEC|O_DIRECTORY) = 3
2460399 openat(AT_FDCWD, "/home/u00134/3dgs_line/tier1/out/multiscene_foundation/training/drums/seed_2718/checkpoints/point_cloud/iteration_30000", O_RDONLY|O_NONBLOCK|O_CLOEXEC|O_DIRECTORY) = 3
2460399 openat(AT_FDCWD, "/home/u00134/3dgs_line/tier1/out/multiscene_foundation/training/drums/seed_1729", O_RDONLY|O_NONBLOCK|O_CLOEXEC|O_DIRECTORY) = 3
2460399 openat(AT_FDCWD, "/home/u00134/3dgs_line/tier1/out/multiscene_foundation/training/drums/seed_1729/quality", O_RDONLY|O_NONBLOCK|O_CLOEXEC|O_DIRECTORY) = 3
2460399 openat(AT_FDCWD, "/home/u00134/3dgs_line/tier1/out/multiscene_foundation/training/drums/seed_1729/quality/measurements", O_RDONLY|O_NONBLOCK|O_CLOEXEC|O_DIRECTORY) = 3
2460399 openat(AT_FDCWD, "/home/u00134/3dgs_line/tier1/out/multiscene_foundation/training/drums/seed_1729/quality/measurements/native", O_RDONLY|O_NONBLOCK|O_CLOEXEC|O_DIRECTORY) = 3
2460399 openat(AT_FDCWD, "/home/u00134/3dgs_line/tier1/out/multiscene_foundation/training/drums/seed_1729/quality/measurements/full_resolution", O_RDONLY|O_NONBLOCK|O_CLOEXEC|O_DIRECTORY) = 3
2460399 openat(AT_FDCWD, "/home/u00134/3dgs_line/tier1/out/multiscene_foundation/training/drums/seed_1729/attempt_00_runtime_init", O_RDONLY|O_NONBLOCK|O_CLOEXEC|O_DIRECTORY) = 3
2460399 openat(AT_FDCWD, "/home/u00134/3dgs_line/tier1/out/multiscene_foundation/training/drums/seed_1729/checkpoints", O_RDONLY|O_NONBLOCK|O_CLOEXEC|O_DIRECTORY) = 3
2460399 openat(AT_FDCWD, "/home/u00134/3dgs_line/tier1/out/multiscene_foundation/training/drums/seed_1729/checkpoints/point_cloud", O_RDONLY|O_NONBLOCK|O_CLOEXEC|O_DIRECTORY) = 3
2460399 openat(AT_FDCWD, "/home/u00134/3dgs_line/tier1/out/multiscene_foundation/training/drums/seed_1729/checkpoints/point_cloud/iteration_7000", O_RDONLY|O_NONBLOCK|O_CLOEXEC|O_DIRECTORY) = 3
2460399 openat(AT_FDCWD, "/home/u00134/3dgs_line/tier1/out/multiscene_foundation/training/drums/seed_1729/checkpoints/point_cloud/iteration_30000", O_RDONLY|O_NONBLOCK|O_CLOEXEC|O_DIRECTORY) = 3
2460399 openat(AT_FDCWD, "/home/u00134/3dgs_line/tier1/out/multiscene_foundation/training/lego", O_RDONLY|O_NONBLOCK|O_CLOEXEC|O_DIRECTORY) = 3
2460399 openat(AT_FDCWD, "/home/u00134/3dgs_line/tier1/out/multiscene_foundation/training/lego/seed_2718", O_RDONLY|O_NONBLOCK|O_CLOEXEC|O_DIRECTORY) = 3
2460399 openat(AT_FDCWD, "/home/u00134/3dgs_line/tier1/out/multiscene_foundation/training/lego/seed_2718/quality", O_RDONLY|O_NONBLOCK|O_CLOEXEC|O_DIRECTORY) = 3
2460399 openat(AT_FDCWD, "/home/u00134/3dgs_line/tier1/out/multiscene_foundation/training/lego/seed_2718/quality/measurements", O_RDONLY|O_NONBLOCK|O_CLOEXEC|O_DIRECTORY) = 3
2460399 openat(AT_FDCWD, "/home/u00134/3dgs_line/tier1/out/multiscene_foundation/training/lego/seed_2718/quality/measurements/native", O_RDONLY|O_NONBLOCK|O_CLOEXEC|O_DIRECTORY) = 3
2460399 openat(AT_FDCWD, "/home/u00134/3dgs_line/tier1/out/multiscene_foundation/training/lego/seed_2718/quality/measurements/full_resolution", O_RDONLY|O_NONBLOCK|O_CLOEXEC|O_DIRECTORY) = 3
2460399 openat(AT_FDCWD, "/home/u00134/3dgs_line/tier1/out/multiscene_foundation/training/lego/seed_2718/attempt_00_runtime_init", O_RDONLY|O_NONBLOCK|O_CLOEXEC|O_DIRECTORY) = 3
2460399 openat(AT_FDCWD, "/home/u00134/3dgs_line/tier1/out/multiscene_foundation/training/lego/seed_2718/checkpoints", O_RDONLY|O_NONBLOCK|O_CLOEXEC|O_DIRECTORY) = 3
2460399 openat(AT_FDCWD, "/home/u00134/3dgs_line/tier1/out/multiscene_foundation/training/lego/seed_2718/checkpoints/point_cloud", O_RDONLY|O_NONBLOCK|O_CLOEXEC|O_DIRECTORY) = 3
2460399 openat(AT_FDCWD, "/home/u00134/3dgs_line/tier1/out/multiscene_foundation/training/lego/seed_2718/checkpoints/point_cloud/iteration_7000", O_RDONLY|O_NONBLOCK|O_CLOEXEC|O_DIRECTORY) = 3
2460399 openat(AT_FDCWD, "/home/u00134/3dgs_line/tier1/out/multiscene_foundation/training/lego/seed_2718/checkpoints/point_cloud/iteration_30000", O_RDONLY|O_NONBLOCK|O_CLOEXEC|O_DIRECTORY) = 3
2460399 openat(AT_FDCWD, "/home/u00134/3dgs_line/tier1/out/multiscene_foundation/training/lego/seed_1729", O_RDONLY|O_NONBLOCK|O_CLOEXEC|O_DIRECTORY) = 3
2460399 openat(AT_FDCWD, "/home/u00134/3dgs_line/tier1/out/multiscene_foundation/training/lego/seed_1729/quality", O_RDONLY|O_NONBLOCK|O_CLOEXEC|O_DIRECTORY) = 3
2460399 openat(AT_FDCWD, "/home/u00134/3dgs_line/tier1/out/multiscene_foundation/training/lego/seed_1729/quality/measurements", O_RDONLY|O_NONBLOCK|O_CLOEXEC|O_DIRECTORY) = 3
2460399 openat(AT_FDCWD, "/home/u00134/3dgs_line/tier1/out/multiscene_foundation/training/lego/seed_1729/quality/measurements/native", O_RDONLY|O_NONBLOCK|O_CLOEXEC|O_DIRECTORY) = 3
2460399 openat(AT_FDCWD, "/home/u00134/3dgs_line/tier1/out/multiscene_foundation/training/lego/seed_1729/quality/measurements/full_resolution", O_RDONLY|O_NONBLOCK|O_CLOEXEC|O_DIRECTORY) = 3
2460399 openat(AT_FDCWD, "/home/u00134/3dgs_line/tier1/out/multiscene_foundation/training/lego/seed_1729/attempt_00_runtime_init", O_RDONLY|O_NONBLOCK|O_CLOEXEC|O_DIRECTORY) = 3
2460399 openat(AT_FDCWD, "/home/u00134/3dgs_line/tier1/out/multiscene_foundation/training/lego/seed_1729/checkpoints", O_RDONLY|O_NONBLOCK|O_CLOEXEC|O_DIRECTORY) = 3
2460399 openat(AT_FDCWD, "/home/u00134/3dgs_line/tier1/out/multiscene_foundation/training/lego/seed_1729/checkpoints/point_cloud", O_RDONLY|O_NONBLOCK|O_CLOEXEC|O_DIRECTORY) = 3
2460399 openat(AT_FDCWD, "/home/u00134/3dgs_line/tier1/out/multiscene_foundation/training/lego/seed_1729/checkpoints/point_cloud/iteration_7000", O_RDONLY|O_NONBLOCK|O_CLOEXEC|O_DIRECTORY) = 3
2460399 openat(AT_FDCWD, "/home/u00134/3dgs_line/tier1/out/multiscene_foundation/training/lego/seed_1729/checkpoints/point_cloud/iteration_30000", O_RDONLY|O_NONBLOCK|O_CLOEXEC|O_DIRECTORY) = 3
2460399 openat(AT_FDCWD, "/home/u00134/3dgs_line/tier1/out/multiscene_foundation/training/chair", O_RDONLY|O_NONBLOCK|O_CLOEXEC|O_DIRECTORY) = 3
2460399 openat(AT_FDCWD, "/home/u00134/3dgs_line/tier1/out/multiscene_foundation/training/chair/seed_2718", O_RDONLY|O_NONBLOCK|O_CLOEXEC|O_DIRECTORY) = 3
2460399 openat(AT_FDCWD, "/home/u00134/3dgs_line/tier1/out/multiscene_foundation/training/chair/seed_2718/quality", O_RDONLY|O_NONBLOCK|O_CLOEXEC|O_DIRECTORY) = 3
2460399 openat(AT_FDCWD, "/home/u00134/3dgs_line/tier1/out/multiscene_foundation/training/chair/seed_2718/quality/measurements", O_RDONLY|O_NONBLOCK|O_CLOEXEC|O_DIRECTORY) = 3
2460399 openat(AT_FDCWD, "/home/u00134/3dgs_line/tier1/out/multiscene_foundation/training/chair/seed_2718/quality/measurements/native", O_RDONLY|O_NONBLOCK|O_CLOEXEC|O_DIRECTORY) = 3
2460399 openat(AT_FDCWD, "/home/u00134/3dgs_line/tier1/out/multiscene_foundation/training/chair/seed_2718/quality/measurements/full_resolution", O_RDONLY|O_NONBLOCK|O_CLOEXEC|O_DIRECTORY) = 3
2460399 openat(AT_FDCWD, "/home/u00134/3dgs_line/tier1/out/multiscene_foundation/training/chair/seed_2718/attempt_00_runtime_init", O_RDONLY|O_NONBLOCK|O_CLOEXEC|O_DIRECTORY) = 3
2460399 openat(AT_FDCWD, "/home/u00134/3dgs_line/tier1/out/multiscene_foundation/training/chair/seed_2718/checkpoints", O_RDONLY|O_NONBLOCK|O_CLOEXEC|O_DIRECTORY) = 3
2460399 openat(AT_FDCWD, "/home/u00134/3dgs_line/tier1/out/multiscene_foundation/training/chair/seed_2718/checkpoints/point_cloud", O_RDONLY|O_NONBLOCK|O_CLOEXEC|O_DIRECTORY) = 3
2460399 openat(AT_FDCWD, "/home/u00134/3dgs_line/tier1/out/multiscene_foundation/training/chair/seed_2718/checkpoints/point_cloud/iteration_7000", O_RDONLY|O_NONBLOCK|O_CLOEXEC|O_DIRECTORY) = 3
2460399 openat(AT_FDCWD, "/home/u00134/3dgs_line/tier1/out/multiscene_foundation/training/chair/seed_2718/checkpoints/point_cloud/iteration_30000", O_RDONLY|O_NONBLOCK|O_CLOEXEC|O_DIRECTORY) = 3
2460399 openat(AT_FDCWD, "/home/u00134/3dgs_line/tier1/out/multiscene_foundation/training/chair/seed_1729", O_RDONLY|O_NONBLOCK|O_CLOEXEC|O_DIRECTORY) = 3
2460399 openat(AT_FDCWD, "/home/u00134/3dgs_line/tier1/out/multiscene_foundation/training/chair/seed_1729/quality", O_RDONLY|O_NONBLOCK|O_CLOEXEC|O_DIRECTORY) = 3
2460399 openat(AT_FDCWD, "/home/u00134/3dgs_line/tier1/out/multiscene_foundation/training/chair/seed_1729/quality/measurements", O_RDONLY|O_NONBLOCK|O_CLOEXEC|O_DIRECTORY) = 3
2460399 openat(AT_FDCWD, "/home/u00134/3dgs_line/tier1/out/multiscene_foundation/training/chair/seed_1729/quality/measurements/native", O_RDONLY|O_NONBLOCK|O_CLOEXEC|O_DIRECTORY) = 3
2460399 openat(AT_FDCWD, "/home/u00134/3dgs_line/tier1/out/multiscene_foundation/training/chair/seed_1729/quality/measurements/full_resolution", O_RDONLY|O_NONBLOCK|O_CLOEXEC|O_DIRECTORY) = 3
2460399 openat(AT_FDCWD, "/home/u00134/3dgs_line/tier1/out/multiscene_foundation/training/chair/seed_1729/attempt_00_runtime_init", O_RDONLY|O_NONBLOCK|O_CLOEXEC|O_DIRECTORY) = 3
2460399 openat(AT_FDCWD, "/home/u00134/3dgs_line/tier1/out/multiscene_foundation/training/chair/seed_1729/checkpoints", O_RDONLY|O_NONBLOCK|O_CLOEXEC|O_DIRECTORY) = 3
2460399 openat(AT_FDCWD, "/home/u00134/3dgs_line/tier1/out/multiscene_foundation/training/chair/seed_1729/checkpoints/point_cloud", O_RDONLY|O_NONBLOCK|O_CLOEXEC|O_DIRECTORY) = 3
2460399 openat(AT_FDCWD, "/home/u00134/3dgs_line/tier1/out/multiscene_foundation/training/chair/seed_1729/checkpoints/point_cloud/iteration_7000", O_RDONLY|O_NONBLOCK|O_CLOEXEC|O_DIRECTORY) = 3
2460399 openat(AT_FDCWD, "/home/u00134/3dgs_line/tier1/out/multiscene_foundation/training/chair/seed_1729/checkpoints/point_cloud/iteration_30000", O_RDONLY|O_NONBLOCK|O_CLOEXEC|O_DIRECTORY) = 3
2460399 openat(AT_FDCWD, "/home/u00134/3dgs_line/tier1/out/multiscene_foundation/training/ficus", O_RDONLY|O_NONBLOCK|O_CLOEXEC|O_DIRECTORY) = 3
2460399 openat(AT_FDCWD, "/home/u00134/3dgs_line/tier1/out/multiscene_foundation/training/ficus/seed_2718", O_RDONLY|O_NONBLOCK|O_CLOEXEC|O_DIRECTORY) = 3
2460399 openat(AT_FDCWD, "/home/u00134/3dgs_line/tier1/out/multiscene_foundation/training/ficus/seed_2718/quality", O_RDONLY|O_NONBLOCK|O_CLOEXEC|O_DIRECTORY) = 3
2460399 openat(AT_FDCWD, "/home/u00134/3dgs_line/tier1/out/multiscene_foundation/training/ficus/seed_2718/quality/measurements", O_RDONLY|O_NONBLOCK|O_CLOEXEC|O_DIRECTORY) = 3
2460399 openat(AT_FDCWD, "/home/u00134/3dgs_line/tier1/out/multiscene_foundation/training/ficus/seed_2718/quality/measurements/native", O_RDONLY|O_NONBLOCK|O_CLOEXEC|O_DIRECTORY) = 3
2460399 openat(AT_FDCWD, "/home/u00134/3dgs_line/tier1/out/multiscene_foundation/training/ficus/seed_2718/quality/measurements/full_resolution", O_RDONLY|O_NONBLOCK|O_CLOEXEC|O_DIRECTORY) = 3
2460399 openat(AT_FDCWD, "/home/u00134/3dgs_line/tier1/out/multiscene_foundation/training/ficus/seed_2718/attempt_00_runtime_init", O_RDONLY|O_NONBLOCK|O_CLOEXEC|O_DIRECTORY) = 3
2460399 openat(AT_FDCWD, "/home/u00134/3dgs_line/tier1/out/multiscene_foundation/training/ficus/seed_2718/checkpoints", O_RDONLY|O_NONBLOCK|O_CLOEXEC|O_DIRECTORY) = 3
2460399 openat(AT_FDCWD, "/home/u00134/3dgs_line/tier1/out/multiscene_foundation/training/ficus/seed_2718/checkpoints/point_cloud", O_RDONLY|O_NONBLOCK|O_CLOEXEC|O_DIRECTORY) = 3
2460399 openat(AT_FDCWD, "/home/u00134/3dgs_line/tier1/out/multiscene_foundation/training/ficus/seed_2718/checkpoints/point_cloud/iteration_7000", O_RDONLY|O_NONBLOCK|O_CLOEXEC|O_DIRECTORY) = 3
2460399 openat(AT_FDCWD, "/home/u00134/3dgs_line/tier1/out/multiscene_foundation/training/ficus/seed_2718/checkpoints/point_cloud/iteration_30000", O_RDONLY|O_NONBLOCK|O_CLOEXEC|O_DIRECTORY) = 3
2460399 openat(AT_FDCWD, "/home/u00134/3dgs_line/tier1/out/multiscene_foundation/training/ficus/seed_1729", O_RDONLY|O_NONBLOCK|O_CLOEXEC|O_DIRECTORY) = 3
2460399 openat(AT_FDCWD, "/home/u00134/3dgs_line/tier1/out/multiscene_foundation/training/ficus/seed_1729/quality", O_RDONLY|O_NONBLOCK|O_CLOEXEC|O_DIRECTORY) = 3
2460399 openat(AT_FDCWD, "/home/u00134/3dgs_line/tier1/out/multiscene_foundation/training/ficus/seed_1729/quality/measurements", O_RDONLY|O_NONBLOCK|O_CLOEXEC|O_DIRECTORY) = 3
2460399 openat(AT_FDCWD, "/home/u00134/3dgs_line/tier1/out/multiscene_foundation/training/ficus/seed_1729/quality/measurements/native", O_RDONLY|O_NONBLOCK|O_CLOEXEC|O_DIRECTORY) = 3
2460399 openat(AT_FDCWD, "/home/u00134/3dgs_line/tier1/out/multiscene_foundation/training/ficus/seed_1729/quality/measurements/full_resolution", O_RDONLY|O_NONBLOCK|O_CLOEXEC|O_DIRECTORY) = 3
2460399 openat(AT_FDCWD, "/home/u00134/3dgs_line/tier1/out/multiscene_foundation/training/ficus/seed_1729/attempt_00_runtime_init", O_RDONLY|O_NONBLOCK|O_CLOEXEC|O_DIRECTORY) = 3
2460399 openat(AT_FDCWD, "/home/u00134/3dgs_line/tier1/out/multiscene_foundation/training/ficus/seed_1729/checkpoints", O_RDONLY|O_NONBLOCK|O_CLOEXEC|O_DIRECTORY) = 3
2460399 openat(AT_FDCWD, "/home/u00134/3dgs_line/tier1/out/multiscene_foundation/training/ficus/seed_1729/checkpoints/point_cloud", O_RDONLY|O_NONBLOCK|O_CLOEXEC|O_DIRECTORY) = 3
2460399 openat(AT_FDCWD, "/home/u00134/3dgs_line/tier1/out/multiscene_foundation/training/ficus/seed_1729/checkpoints/point_cloud/iteration_7000", O_RDONLY|O_NONBLOCK|O_CLOEXEC|O_DIRECTORY) = 3
2460399 openat(AT_FDCWD, "/home/u00134/3dgs_line/tier1/out/multiscene_foundation/training/ficus/seed_1729/checkpoints/point_cloud/iteration_30000", O_RDONLY|O_NONBLOCK|O_CLOEXEC|O_DIRECTORY) = 3
2460399 openat(AT_FDCWD, "/home/u00134/3dgs_line/tier1/out/multiscene_foundation/tdd", O_RDONLY|O_NONBLOCK|O_CLOEXEC|O_DIRECTORY) = 3
2460399 openat(AT_FDCWD, "/home/u00134/3dgs_line/tier1/out/multiscene_foundation/setup", O_RDONLY|O_NONBLOCK|O_CLOEXEC|O_DIRECTORY) = 3
2460399 openat(AT_FDCWD, "/home/u00134/3dgs_line/tier1/out/multiscene_foundation/setup/attempt_00_runtime_init", O_RDONLY|O_NONBLOCK|O_CLOEXEC|O_DIRECTORY) = 3
2460399 openat(AT_FDCWD, "/home/u00134/3dgs_line/tier1/out/multiscene_foundation/setup/diagnostic", O_RDONLY|O_NONBLOCK|O_CLOEXEC|O_DIRECTORY) = 3
2460399 openat(AT_FDCWD, "/home/u00134/3dgs_line/tier1/out/multiscene_foundation/setup/routes", O_RDONLY|O_NONBLOCK|O_CLOEXEC|O_DIRECTORY) = 3
2460399 openat(AT_FDCWD, "/home/u00134/3dgs_line/tier1/out/multiscene_foundation/scenes", O_RDONLY|O_NONBLOCK|O_CLOEXEC|O_DIRECTORY) = 3
2460399 openat(AT_FDCWD, "/home/u00134/3dgs_line/tier1/out/multiscene_foundation/scenes/drums", O_RDONLY|O_NONBLOCK|O_CLOEXEC|O_DIRECTORY) = 3
2460399 openat(AT_FDCWD, "/home/u00134/3dgs_line/tier1/out/multiscene_foundation/scenes/lego", O_RDONLY|O_NONBLOCK|O_CLOEXEC|O_DIRECTORY) = 3
2460399 openat(AT_FDCWD, "/home/u00134/3dgs_line/tier1/out/multiscene_foundation/scenes/chair", O_RDONLY|O_NONBLOCK|O_CLOEXEC|O_DIRECTORY) = 3
2460399 openat(AT_FDCWD, "/home/u00134/3dgs_line/tier1/out/multiscene_foundation/scenes/ficus", O_RDONLY|O_NONBLOCK|O_CLOEXEC|O_DIRECTORY) = 3
2460399 openat(AT_FDCWD, "/home/u00134/3dgs_line/tier1/out/3dgs_gaussian_density", O_RDONLY|O_NONBLOCK|O_CLOEXEC|O_DIRECTORY) = 3
2460399 openat(AT_FDCWD, "/home/u00134/3dgs_line/tier1/out/3dgs_gaussian_density/determinism_rerun", O_RDONLY|O_NONBLOCK|O_CLOEXEC|O_DIRECTORY) = 3
2460399 openat(AT_FDCWD, "/home/u00134/3dgs_line/tier1/out/3dgs_gaussian_density/determinism_rerun/curated", O_RDONLY|O_NONBLOCK|O_CLOEXEC|O_DIRECTORY) = 3
2460399 openat(AT_FDCWD, "/home/u00134/3dgs_line/tier1/out/density_ridge_lines", O_RDONLY|O_NONBLOCK|O_CLOEXEC|O_DIRECTORY) = 3
2460399 openat(AT_FDCWD, "/home/u00134/3dgs_line/tier1/out/density_ridge_lines/determinism_rerun", O_RDONLY|O_NONBLOCK|O_CLOEXEC|O_DIRECTORY) = 3
2460399 openat(AT_FDCWD, "/home/u00134/3dgs_line/tier1/out/density_ridge_lines/determinism_rerun/curated", O_RDONLY|O_NONBLOCK|O_CLOEXEC|O_DIRECTORY) = 3
2460399 openat(AT_FDCWD, "/home/u00134/3dgs_line/tier1/out/2dgs_lego", O_RDONLY|O_NONBLOCK|O_CLOEXEC|O_DIRECTORY) = 3
2460399 openat(AT_FDCWD, "/home/u00134/3dgs_line/tier1/out/2dgs_lego/point_cloud", O_RDONLY|O_NONBLOCK|O_CLOEXEC|O_DIRECTORY) = 3
2460399 openat(AT_FDCWD, "/home/u00134/3dgs_line/tier1/out/2dgs_lego/point_cloud/iteration_7000", O_RDONLY|O_NONBLOCK|O_CLOEXEC|O_DIRECTORY) = 3
2460399 openat(AT_FDCWD, "/home/u00134/3dgs_line/tier1/out/2dgs_lego/point_cloud/iteration_30000", O_RDONLY|O_NONBLOCK|O_CLOEXEC|O_DIRECTORY) = 3
2460399 openat(AT_FDCWD, "/home/u00134/3dgs_line/tier1/out/2dgs_lego/point_cloud/iteration_15000", O_RDONLY|O_NONBLOCK|O_CLOEXEC|O_DIRECTORY) = 3
2460399 openat(AT_FDCWD, "/home/u00134/3dgs_line/tier1/out/stroke_organization", O_RDONLY|O_NONBLOCK|O_CLOEXEC|O_DIRECTORY) = 3
2460399 openat(AT_FDCWD, "/home/u00134/3dgs_line/tier1/out/stroke_organization/audit", O_RDONLY|O_NONBLOCK|O_CLOEXEC|O_DIRECTORY) = 3
2460399 openat(AT_FDCWD, "/home/u00134/3dgs_line/tier1/out/stroke_organization/render", O_RDONLY|O_NONBLOCK|O_CLOEXEC|O_DIRECTORY) = 3
2460399 openat(AT_FDCWD, "/home/u00134/3dgs_line/tier1/out/stroke_organization/paths", O_RDONLY|O_NONBLOCK|O_CLOEXEC|O_DIRECTORY) = 3
2460399 openat(AT_FDCWD, "/home/u00134/3dgs_line/tier1/out/stroke_organization/graph", O_RDONLY|O_NONBLOCK|O_CLOEXEC|O_DIRECTORY) = 3
2460399 openat(AT_FDCWD, "/home/u00134/3dgs_line/tier1/out/cmepi_backup", O_RDONLY|O_NONBLOCK|O_CLOEXEC|O_DIRECTORY) = 3
2460399 openat(AT_FDCWD, "/home/u00134/3dgs_line/tier1/out/cmepi_backup/preflight", O_RDONLY|O_NONBLOCK|O_CLOEXEC|O_DIRECTORY) = 3
2460399 openat(AT_FDCWD, "/home/u00134/3dgs_line/tier1/out/cmepi_backup/preflight/scripts", O_RDONLY|O_NONBLOCK|O_CLOEXEC|O_DIRECTORY) = 3
2460399 openat(AT_FDCWD, "/home/u00134/3dgs_line/tier1/out/cmepi_backup/preflight/scripts/explore", O_RDONLY|O_NONBLOCK|O_CLOEXEC|O_DIRECTORY) = 3
2460399 openat(AT_FDCWD, "/home/u00134/3dgs_line/tier1/out/cmepi_backup/preflight/scripts/explore/syn", O_RDONLY|O_NONBLOCK|O_CLOEXEC|O_DIRECTORY) = 3
2460399 openat(AT_FDCWD, "/home/u00134/3dgs_line/tier1/out/cmepi_backup/preflight/out", O_RDONLY|O_NONBLOCK|O_CLOEXEC|O_DIRECTORY) = 3
2460399 openat(AT_FDCWD, "/home/u00134/3dgs_line/tier1/out/cmepi_backup/vectors_predrift", O_RDONLY|O_NONBLOCK|O_CLOEXEC|O_DIRECTORY) = 3
2460399 openat(AT_FDCWD, "/home/u00134/3dgs_line/tier1/out/link", O_RDONLY|O_NONBLOCK|O_CLOEXEC|O_DIRECTORY) = 3
2460399 openat(AT_FDCWD, "/home/u00134/3dgs_line/tier1/out/3dgs_truck", O_RDONLY|O_NONBLOCK|O_CLOEXEC|O_DIRECTORY) = 3
2460399 openat(AT_FDCWD, "/home/u00134/3dgs_line/tier1/out/3dgs_truck/point_cloud", O_RDONLY|O_NONBLOCK|O_CLOEXEC|O_DIRECTORY) = 3
2460399 openat(AT_FDCWD, "/home/u00134/3dgs_line/tier1/out/3dgs_truck/point_cloud/iteration_7000", O_RDONLY|O_NONBLOCK|O_CLOEXEC|O_DIRECTORY) = 3
2460399 openat(AT_FDCWD, "/home/u00134/3dgs_line/tier1/out/3dgs_truck/point_cloud/iteration_30000", O_RDONLY|O_NONBLOCK|O_CLOEXEC|O_DIRECTORY) = 3
2460399 openat(AT_FDCWD, "/home/u00134/3dgs_line/tier1/out/logs", O_RDONLY|O_NONBLOCK|O_CLOEXEC|O_DIRECTORY) = 3
2460399 openat(AT_FDCWD, "/home/u00134/3dgs_line/tier1/out/topk_layered_probe", O_RDONLY|O_NONBLOCK|O_CLOEXEC|O_DIRECTORY) = 3
2460399 openat(AT_FDCWD, "/home/u00134/3dgs_line/tier1/out/topk_layered_probe/run", O_RDONLY|O_NONBLOCK|O_CLOEXEC|O_DIRECTORY) = 3
2460399 openat(AT_FDCWD, "/home/u00134/3dgs_line/tier1/out/topk_layered_probe/setup", O_RDONLY|O_NONBLOCK|O_CLOEXEC|O_DIRECTORY) = 3
2460399 openat(AT_FDCWD, "/home/u00134/3dgs_line/tier1/out/topk_layered_probe/rerun", O_RDONLY|O_NONBLOCK|O_CLOEXEC|O_DIRECTORY) = 3
2460399 openat(AT_FDCWD, "/home/u00134/3dgs_line/tier1/out/epi", O_RDONLY|O_NONBLOCK|O_CLOEXEC|O_DIRECTORY) = 3
2460399 openat(AT_FDCWD, "/home/u00134/3dgs_line/tier1/out/point_feature_foundation", O_RDONLY|O_NONBLOCK|O_CLOEXEC|O_DIRECTORY) = 3
2460399 openat(AT_FDCWD, "/home/u00134/3dgs_line/tier1/out/point_feature_foundation/evaluation", O_RDONLY|O_NONBLOCK|O_CLOEXEC|O_DIRECTORY) = 3
2460399 openat(AT_FDCWD, "/home/u00134/3dgs_line/tier1/out/point_feature_foundation/inputs", O_RDONLY|O_NONBLOCK|O_CLOEXEC|O_DIRECTORY) = 3
2460399 openat(AT_FDCWD, "/home/u00134/3dgs_line/tier1/out/point_feature_foundation/lego", O_RDONLY|O_NONBLOCK|O_CLOEXEC|O_DIRECTORY) = 3
2460399 openat(AT_FDCWD, "/home/u00134/3dgs_line/tier1/out/point_feature_foundation/lego/native", O_RDONLY|O_NONBLOCK|O_CLOEXEC|O_DIRECTORY) = 3
2460399 openat(AT_FDCWD, "/home/u00134/3dgs_line/tier1/out/point_feature_foundation/tdd", O_RDONLY|O_NONBLOCK|O_CLOEXEC|O_DIRECTORY) = 3
2460399 openat(AT_FDCWD, "/home/u00134/3dgs_line/tier1/out/point_feature_foundation/setup", O_RDONLY|O_NONBLOCK|O_CLOEXEC|O_DIRECTORY) = 3
2460399 openat(AT_FDCWD, "/home/u00134/3dgs_line/tier1/out/xy", O_RDONLY|O_NONBLOCK|O_CLOEXEC|O_DIRECTORY) = 3
2460399 openat(AT_FDCWD, "/home/u00134/3dgs_line/tier1/out/2dgs_truck", O_RDONLY|O_NONBLOCK|O_CLOEXEC|O_DIRECTORY) = 3
2460399 openat(AT_FDCWD, "/home/u00134/3dgs_line/tier1/out/2dgs_truck/point_cloud", O_RDONLY|O_NONBLOCK|O_CLOEXEC|O_DIRECTORY) = 3
2460399 openat(AT_FDCWD, "/home/u00134/3dgs_line/tier1/out/2dgs_truck/point_cloud/iteration_7000", O_RDONLY|O_NONBLOCK|O_CLOEXEC|O_DIRECTORY) = 3
2460399 openat(AT_FDCWD, "/home/u00134/3dgs_line/tier1/out/2dgs_truck/point_cloud/iteration_30000", O_RDONLY|O_NONBLOCK|O_CLOEXEC|O_DIRECTORY) = 3
2460399 openat(AT_FDCWD, "/home/u00134/3dgs_line/tier1/out/2dgs_truck/point_cloud/iteration_15000", O_RDONLY|O_NONBLOCK|O_CLOEXEC|O_DIRECTORY) = 3
2460399 openat(AT_FDCWD, "/home/u00134/3dgs_line/tier1/out/vrss", O_RDONLY|O_NONBLOCK|O_CLOEXEC|O_DIRECTORY) = 3
2460399 openat(AT_FDCWD, "/home/u00134/3dgs_line/tier1/out/vrss/chair_dev", O_RDONLY|O_NONBLOCK|O_CLOEXEC|O_DIRECTORY) = 3
2460399 openat(AT_FDCWD, "/home/u00134/3dgs_line/tier1/out/vrss/chair_dev/train_cache", O_RDONLY|O_NONBLOCK|O_CLOEXEC|O_DIRECTORY) = 3
2460399 openat(AT_FDCWD, "/home/u00134/3dgs_line/tier1/out/ship", O_RDONLY|O_NONBLOCK|O_CLOEXEC|O_DIRECTORY) = 3
2460399 openat(AT_FDCWD, "/home/u00134/3dgs_line/tier1/out/2dgs_chair", O_RDONLY|O_NONBLOCK|O_CLOEXEC|O_DIRECTORY) = 3
2460399 openat(AT_FDCWD, "/home/u00134/3dgs_line/tier1/out/2dgs_chair/point_cloud", O_RDONLY|O_NONBLOCK|O_CLOEXEC|O_DIRECTORY) = 3
2460399 openat(AT_FDCWD, "/home/u00134/3dgs_line/tier1/out/2dgs_chair/point_cloud/iteration_7000", O_RDONLY|O_NONBLOCK|O_CLOEXEC|O_DIRECTORY) = 3
2460399 openat(AT_FDCWD, "/home/u00134/3dgs_line/tier1/out/2dgs_chair/point_cloud/iteration_30000", O_RDONLY|O_NONBLOCK|O_CLOEXEC|O_DIRECTORY) = 3
2460399 openat(AT_FDCWD, "/home/u00134/3dgs_line/tier1/out/2dgs_chair/point_cloud/iteration_15000", O_RDONLY|O_NONBLOCK|O_CLOEXEC|O_DIRECTORY) = 3
2460399 openat(AT_FDCWD, "/home/u00134/3dgs_line/tier1/out/2dgs_ship", O_RDONLY|O_NONBLOCK|O_CLOEXEC|O_DIRECTORY) = 3
2460399 openat(AT_FDCWD, "/home/u00134/3dgs_line/tier1/out/2dgs_ship/point_cloud", O_RDONLY|O_NONBLOCK|O_CLOEXEC|O_DIRECTORY) = 3
2460399 openat(AT_FDCWD, "/home/u00134/3dgs_line/tier1/out/2dgs_ship/point_cloud/iteration_7000", O_RDONLY|O_NONBLOCK|O_CLOEXEC|O_DIRECTORY) = 3
2460399 openat(AT_FDCWD, "/home/u00134/3dgs_line/tier1/out/2dgs_ship/point_cloud/iteration_30000", O_RDONLY|O_NONBLOCK|O_CLOEXEC|O_DIRECTORY) = 3
2460399 openat(AT_FDCWD, "/home/u00134/3dgs_line/tier1/out/2dgs_ship/point_cloud/iteration_15000", O_RDONLY|O_NONBLOCK|O_CLOEXEC|O_DIRECTORY) = 3
2460399 openat(AT_FDCWD, "/home/u00134/3dgs_line/tier1/out/2dgs_chair_reporecipe", O_RDONLY|O_NONBLOCK|O_CLOEXEC|O_DIRECTORY) = 3
2460399 openat(AT_FDCWD, "/home/u00134/3dgs_line/tier1/out/2dgs_chair_reporecipe/point_cloud", O_RDONLY|O_NONBLOCK|O_CLOEXEC|O_DIRECTORY) = 3
2460399 openat(AT_FDCWD, "/home/u00134/3dgs_line/tier1/out/2dgs_chair_reporecipe/point_cloud/iteration_30000", O_RDONLY|O_NONBLOCK|O_CLOEXEC|O_DIRECTORY) = 3
2460399 openat(AT_FDCWD, "/home/u00134/3dgs_line/tier1/out/2dgs_cadpartA", O_RDONLY|O_NONBLOCK|O_CLOEXEC|O_DIRECTORY) = 3
2460399 openat(AT_FDCWD, "/home/u00134/3dgs_line/tier1/out/2dgs_cadpartA/point_cloud", O_RDONLY|O_NONBLOCK|O_CLOEXEC|O_DIRECTORY) = 3
2460399 openat(AT_FDCWD, "/home/u00134/3dgs_line/tier1/out/2dgs_cadpartA/point_cloud/iteration_7000", O_RDONLY|O_NONBLOCK|O_CLOEXEC|O_DIRECTORY) = 3
2460399 openat(AT_FDCWD, "/home/u00134/3dgs_line/tier1/out/2dgs_cadpartA/point_cloud/iteration_30000", O_RDONLY|O_NONBLOCK|O_CLOEXEC|O_DIRECTORY) = 3
2460399 openat(AT_FDCWD, "/home/u00134/3dgs_line/tier1/out/2dgs_cadpartA/point_cloud/iteration_15000", O_RDONLY|O_NONBLOCK|O_CLOEXEC|O_DIRECTORY) = 3
2460399 openat(AT_FDCWD, "/home/u00134/3dgs_line/tier1/out/gap_recovery", O_RDONLY|O_NONBLOCK|O_CLOEXEC|O_DIRECTORY) = 3
2460399 openat(AT_FDCWD, "/home/u00134/3dgs_line/tier1/out/gap_recovery/lego_dev", O_RDONLY|O_NONBLOCK|O_CLOEXEC|O_DIRECTORY) = 3
2460399 openat(AT_FDCWD, "/home/u00134/3dgs_line/tier1/out/gap_recovery/audit", O_RDONLY|O_NONBLOCK|O_CLOEXEC|O_DIRECTORY) = 3
2460399 openat(AT_FDCWD, "/home/u00134/3dgs_line/tier1/out/gap_recovery/audit/lego", O_RDONLY|O_NONBLOCK|O_CLOEXEC|O_DIRECTORY) = 3
2460399 openat(AT_FDCWD, "/home/u00134/3dgs_line/tier1/out/gap_recovery/audit/lego/train_cache", O_RDONLY|O_NONBLOCK|O_CLOEXEC|O_DIRECTORY) = 3
2460399 openat(AT_FDCWD, "/home/u00134/3dgs_line/tier1/out/gap_recovery/audit/cadpartA", O_RDONLY|O_NONBLOCK|O_CLOEXEC|O_DIRECTORY) = 3
2460399 openat(AT_FDCWD, "/home/u00134/3dgs_line/tier1/out/gap_recovery/audit/cadpartA/train_cache", O_RDONLY|O_NONBLOCK|O_CLOEXEC|O_DIRECTORY) = 3
2460399 openat(AT_FDCWD, "/home/u00134/3dgs_line/tier1/out/gap_recovery/audit/chair", O_RDONLY|O_NONBLOCK|O_CLOEXEC|O_DIRECTORY) = 3
2460399 openat(AT_FDCWD, "/home/u00134/3dgs_line/tier1/out/raster_state_candidates", O_RDONLY|O_NONBLOCK|O_CLOEXEC|O_DIRECTORY) = 3
2460399 openat(AT_FDCWD, "/home/u00134/3dgs_line/tier1/out/raster_state_candidates/lego", O_RDONLY|O_NONBLOCK|O_CLOEXEC|O_DIRECTORY) = 3
2460399 openat(AT_FDCWD, "/home/u00134/3dgs_line/tier1/out/raster_state_candidates/lego/step2", O_RDONLY|O_NONBLOCK|O_CLOEXEC|O_DIRECTORY) = 3
2460399 openat(AT_FDCWD, "/home/u00134/3dgs_line/tier1/out/raster_state_candidates/lego/train_cache", O_RDONLY|O_NONBLOCK|O_CLOEXEC|O_DIRECTORY) = 3
2460399 openat(AT_FDCWD, "/home/u00134/3dgs_line/tier1/out/raster_state_candidates/lego/step3", O_RDONLY|O_NONBLOCK|O_CLOEXEC|O_DIRECTORY) = 3
2460399 openat(AT_FDCWD, "/home/u00134/3dgs_line/tier1/out/raster_state_candidates/lego/diagnostics", O_RDONLY|O_NONBLOCK|O_CLOEXEC|O_DIRECTORY) = 3
2460399 openat(AT_FDCWD, "/home/u00134/3dgs_line/tier1/out/raster_state_candidates/lego/render", O_RDONLY|O_NONBLOCK|O_CLOEXEC|O_DIRECTORY) = 3
2460399 openat(AT_FDCWD, "/home/u00134/3dgs_line/tier1/out/raster_state_candidates/lego/step4_smoke", O_RDONLY|O_NONBLOCK|O_CLOEXEC|O_DIRECTORY) = 3
2460399 openat(AT_FDCWD, "/home/u00134/3dgs_line/tier1/out/raster_state_candidates/lego/step4_smoke/train_cache", O_RDONLY|O_NONBLOCK|O_CLOEXEC|O_DIRECTORY) = 3
2460399 openat(AT_FDCWD, "/home/u00134/3dgs_line/tier1/out/raster_state_candidates/lego/step1", O_RDONLY|O_NONBLOCK|O_CLOEXEC|O_DIRECTORY) = 3
2460399 openat(AT_FDCWD, "/home/u00134/3dgs_line/tier1/out/raster_state_candidates/lego/step4", O_RDONLY|O_NONBLOCK|O_CLOEXEC|O_DIRECTORY) = 3
2460399 openat(AT_FDCWD, "/home/u00134/3dgs_line/tier1/out/raster_state_candidates/chair_transfer", O_RDONLY|O_NONBLOCK|O_CLOEXEC|O_DIRECTORY) = 3
2460399 openat(AT_FDCWD, "/home/u00134/3dgs_line/tier1/out/raster_state_candidates/chair_transfer/step2", O_RDONLY|O_NONBLOCK|O_CLOEXEC|O_DIRECTORY) = 3
2460399 openat(AT_FDCWD, "/home/u00134/3dgs_line/tier1/out/raster_state_candidates/chair_transfer/step3", O_RDONLY|O_NONBLOCK|O_CLOEXEC|O_DIRECTORY) = 3
2460399 openat(AT_FDCWD, "/home/u00134/3dgs_line/tier1/out/raster_state_candidates/chair_transfer/step1", O_RDONLY|O_NONBLOCK|O_CLOEXEC|O_DIRECTORY) = 3
2460399 openat(AT_FDCWD, "/home/u00134/3dgs_line/tier1/out/featviz", O_RDONLY|O_NONBLOCK|O_CLOEXEC|O_DIRECTORY) = 3
2460399 openat(AT_FDCWD, "/home/u00134/3dgs_line/tier1/out/adaptive_mass_layered_probe", O_RDONLY|O_NONBLOCK|O_CLOEXEC|O_DIRECTORY) = 3
2460399 openat(AT_FDCWD, "/home/u00134/3dgs_line/tier1/out/adaptive_mass_layered_probe/g1_rerun", O_RDONLY|O_NONBLOCK|O_CLOEXEC|O_DIRECTORY) = 3
2460399 openat(AT_FDCWD, "/home/u00134/3dgs_line/tier1/out/adaptive_mass_layered_probe/g1_rerun/native", O_RDONLY|O_NONBLOCK|O_CLOEXEC|O_DIRECTORY) = 3
2460399 openat(AT_FDCWD, "/home/u00134/3dgs_line/tier1/out/adaptive_mass_layered_probe/g1_rerun/diagnostics", O_RDONLY|O_NONBLOCK|O_CLOEXEC|O_DIRECTORY) = 3
2460399 openat(AT_FDCWD, "/home/u00134/3dgs_line/tier1/out/adaptive_mass_layered_probe/g1_rerun/figures", O_RDONLY|O_NONBLOCK|O_CLOEXEC|O_DIRECTORY) = 3
2460399 openat(AT_FDCWD, "/home/u00134/3dgs_line/tier1/out/adaptive_mass_layered_probe/g1_rerun/final", O_RDONLY|O_NONBLOCK|O_CLOEXEC|O_DIRECTORY) = 3
2460399 openat(AT_FDCWD, "/home/u00134/3dgs_line/tier1/out/adaptive_mass_layered_probe/attempt_01_layer_tie", O_RDONLY|O_NONBLOCK|O_CLOEXEC|O_DIRECTORY) = 3
2460399 openat(AT_FDCWD, "/home/u00134/3dgs_line/tier1/out/adaptive_mass_layered_probe/attempt_01_layer_tie/g1_run", O_RDONLY|O_NONBLOCK|O_CLOEXEC|O_DIRECTORY) = 3
2460399 openat(AT_FDCWD, "/home/u00134/3dgs_line/tier1/out/adaptive_mass_layered_probe/attempt_01_layer_tie/g1_run/native", O_RDONLY|O_NONBLOCK|O_CLOEXEC|O_DIRECTORY) = 3
2460399 openat(AT_FDCWD, "/home/u00134/3dgs_line/tier1/out/adaptive_mass_layered_probe/inspection", O_RDONLY|O_NONBLOCK|O_CLOEXEC|O_DIRECTORY) = 3
2460399 openat(AT_FDCWD, "/home/u00134/3dgs_line/tier1/out/adaptive_mass_layered_probe/g1_run", O_RDONLY|O_NONBLOCK|O_CLOEXEC|O_DIRECTORY) = 3
2460399 openat(AT_FDCWD, "/home/u00134/3dgs_line/tier1/out/adaptive_mass_layered_probe/g1_run/native", O_RDONLY|O_NONBLOCK|O_CLOEXEC|O_DIRECTORY) = 3
2460399 openat(AT_FDCWD, "/home/u00134/3dgs_line/tier1/out/adaptive_mass_layered_probe/g1_run/diagnostics", O_RDONLY|O_NONBLOCK|O_CLOEXEC|O_DIRECTORY) = 3
2460399 openat(AT_FDCWD, "/home/u00134/3dgs_line/tier1/out/adaptive_mass_layered_probe/g1_run/figures", O_RDONLY|O_NONBLOCK|O_CLOEXEC|O_DIRECTORY) = 3
2460399 openat(AT_FDCWD, "/home/u00134/3dgs_line/tier1/out/adaptive_mass_layered_probe/g1_run/final", O_RDONLY|O_NONBLOCK|O_CLOEXEC|O_DIRECTORY) = 3
2460399 openat(AT_FDCWD, "/home/u00134/3dgs_line/tier1/out/adaptive_mass_layered_probe/run", O_RDONLY|O_NONBLOCK|O_CLOEXEC|O_DIRECTORY) = 3
2460399 openat(AT_FDCWD, "/home/u00134/3dgs_line/tier1/out/adaptive_mass_layered_probe/setup", O_RDONLY|O_NONBLOCK|O_CLOEXEC|O_DIRECTORY) = 3
2460399 openat(AT_FDCWD, "/home/u00134/3dgs_line/tier1/out/adaptive_mass_layered_probe/rerun", O_RDONLY|O_NONBLOCK|O_CLOEXEC|O_DIRECTORY) = 3
2460399 openat(AT_FDCWD, "/home/u00134/3dgs_line/tier1/out/density_ridge_threshold_sweep", O_RDONLY|O_NONBLOCK|O_CLOEXEC|O_DIRECTORY) = 3
2460399 openat(AT_FDCWD, "/home/u00134/3dgs_line/tier1/out/density_ridge_threshold_sweep/inspection", O_RDONLY|O_NONBLOCK|O_CLOEXEC|O_DIRECTORY) = 3
2460399 openat(AT_FDCWD, "/home/u00134/3dgs_line/tier1/out/density_ridge_threshold_sweep/determinism_rerun", O_RDONLY|O_NONBLOCK|O_CLOEXEC|O_DIRECTORY) = 3
2460399 openat(AT_FDCWD, "/home/u00134/3dgs_line/tier1/out/density_ridge_threshold_sweep/determinism_rerun/curated", O_RDONLY|O_NONBLOCK|O_CLOEXEC|O_DIRECTORY) = 3
2460399 openat(AT_FDCWD, "/home/u00134/3dgs_line/tier1/out/direct_curve_global_fit_probe", O_RDONLY|O_NONBLOCK|O_CLOEXEC|O_DIRECTORY) = 3
2460399 openat(AT_FDCWD, "/home/u00134/3dgs_line/tier1/out/direct_curve_global_fit_probe/review", O_RDONLY|O_NONBLOCK|O_CLOEXEC|O_DIRECTORY) = 3
2460399 openat(AT_FDCWD, "/home/u00134/3dgs_line/tier1/out/direct_curve_global_fit_probe/review/drums", O_RDONLY|O_NONBLOCK|O_CLOEXEC|O_DIRECTORY) = 3
2460399 openat(AT_FDCWD, "/home/u00134/3dgs_line/tier1/out/direct_curve_global_fit_probe/review/drums/arc0", O_RDONLY|O_NONBLOCK|O_CLOEXEC|O_DIRECTORY) = 3
2460399 openat(AT_FDCWD, "/home/u00134/3dgs_line/tier1/out/direct_curve_global_fit_probe/review/drums/arc1", O_RDONLY|O_NONBLOCK|O_CLOEXEC|O_DIRECTORY) = 3
2460399 openat(AT_FDCWD, "/home/u00134/3dgs_line/tier1/out/direct_curve_global_fit_probe/review/lego", O_RDONLY|O_NONBLOCK|O_CLOEXEC|O_DIRECTORY) = 3
2460399 openat(AT_FDCWD, "/home/u00134/3dgs_line/tier1/out/direct_curve_global_fit_probe/review/lego/arc0", O_RDONLY|O_NONBLOCK|O_CLOEXEC|O_DIRECTORY) = 3
2460399 openat(AT_FDCWD, "/home/u00134/3dgs_line/tier1/out/direct_curve_global_fit_probe/review/lego/arc1", O_RDONLY|O_NONBLOCK|O_CLOEXEC|O_DIRECTORY) = 3
2460399 openat(AT_FDCWD, "/home/u00134/3dgs_line/tier1/out/direct_curve_global_fit_probe/review/chair", O_RDONLY|O_NONBLOCK|O_CLOEXEC|O_DIRECTORY) = 3
2460399 openat(AT_FDCWD, "/home/u00134/3dgs_line/tier1/out/direct_curve_global_fit_probe/review/chair/arc0", O_RDONLY|O_NONBLOCK|O_CLOEXEC|O_DIRECTORY) = 3
2460399 openat(AT_FDCWD, "/home/u00134/3dgs_line/tier1/out/direct_curve_global_fit_probe/review/chair/arc1", O_RDONLY|O_NONBLOCK|O_CLOEXEC|O_DIRECTORY) = 3
2460399 openat(AT_FDCWD, "/home/u00134/3dgs_line/tier1/out/direct_curve_global_fit_probe/review/ficus", O_RDONLY|O_NONBLOCK|O_CLOEXEC|O_DIRECTORY) = 3
2460399 openat(AT_FDCWD, "/home/u00134/3dgs_line/tier1/out/direct_curve_global_fit_probe/review/ficus/arc0", O_RDONLY|O_NONBLOCK|O_CLOEXEC|O_DIRECTORY) = 3
2460399 openat(AT_FDCWD, "/home/u00134/3dgs_line/tier1/out/direct_curve_global_fit_probe/review/ficus/arc1", O_RDONLY|O_NONBLOCK|O_CLOEXEC|O_DIRECTORY) = 3
2460399 openat(AT_FDCWD, "/home/u00134/3dgs_line/tier1/out/direct_curve_global_fit_probe/engineering", O_RDONLY|O_NONBLOCK|O_CLOEXEC|O_DIRECTORY) = 3
2460399 openat(AT_FDCWD, "/home/u00134/3dgs_line/tier1/out/direct_curve_global_fit_probe/engineering/attempt_01_depth_scale", O_RDONLY|O_NONBLOCK|O_CLOEXEC|O_DIRECTORY) = 3
2460399 openat(AT_FDCWD, "/home/u00134/3dgs_line/tier1/out/direct_curve_global_fit_probe/engineering/attempt_01_depth_scale/lego", O_RDONLY|O_NONBLOCK|O_CLOEXEC|O_DIRECTORY) = 3
2460399 openat(AT_FDCWD, "/home/u00134/3dgs_line/tier1/out/direct_curve_global_fit_probe/engineering/attempt_01_depth_scale/lego/fit", O_RDONLY|O_NONBLOCK|O_CLOEXEC|O_DIRECTORY) = 3
2460399 openat(AT_FDCWD, "/home/u00134/3dgs_line/tier1/out/direct_curve_global_fit_probe/engineering/attempt_01_depth_scale/lego/fit/native", O_RDONLY|O_NONBLOCK|O_CLOEXEC|O_DIRECTORY) = 3
2460399 openat(AT_FDCWD, "/home/u00134/3dgs_line/tier1/out/direct_curve_global_fit_probe/engineering/attempt_01_depth_scale/chair", O_RDONLY|O_NONBLOCK|O_CLOEXEC|O_DIRECTORY) = 3
2460399 openat(AT_FDCWD, "/home/u00134/3dgs_line/tier1/out/direct_curve_global_fit_probe/engineering/attempt_01_depth_scale/chair/fit", O_RDONLY|O_NONBLOCK|O_CLOEXEC|O_DIRECTORY) = 3
2460399 openat(AT_FDCWD, "/home/u00134/3dgs_line/tier1/out/direct_curve_global_fit_probe/engineering/attempt_01_depth_scale/chair/fit/native", O_RDONLY|O_NONBLOCK|O_CLOEXEC|O_DIRECTORY) = 3
2460399 openat(AT_FDCWD, "/home/u00134/3dgs_line/tier1/out/direct_curve_global_fit_probe/engineering/resume_20260929", O_RDONLY|O_NONBLOCK|O_CLOEXEC|O_DIRECTORY) = 3
2460399 openat(AT_FDCWD, "/home/u00134/3dgs_line/tier1/out/direct_curve_global_fit_probe/engineering/resume_20260929/source", O_RDONLY|O_NONBLOCK|O_CLOEXEC|O_DIRECTORY) = 3
2460399 openat(AT_FDCWD, "/home/u00134/3dgs_line/tier1/out/direct_curve_global_fit_probe/engineering/resume_20260929/source/scripts", O_RDONLY|O_NONBLOCK|O_CLOEXEC|O_DIRECTORY) = 3
2460399 openat(AT_FDCWD, "/home/u00134/3dgs_line/tier1/out/direct_curve_global_fit_probe/engineering/resume_20260929/source/artifacts", O_RDONLY|O_NONBLOCK|O_CLOEXEC|O_DIRECTORY) = 3
2460399 openat(AT_FDCWD, "/home/u00134/3dgs_line/tier1/out/direct_curve_global_fit_probe/engineering/resume_20260929/source/artifacts/direct_curve_global_fit_probe", O_RDONLY|O_NONBLOCK|O_CLOEXEC|O_DIRECTORY) = 3
2460399 openat(AT_FDCWD, "/home/u00134/3dgs_line/tier1/out/direct_curve_global_fit_probe/engineering/resume_20260929/source/src", O_RDONLY|O_NONBLOCK|O_CLOEXEC|O_DIRECTORY) = 3
2460399 openat(AT_FDCWD, "/home/u00134/3dgs_line/tier1/out/direct_curve_global_fit_probe/engineering/resume_20260929/source/tests", O_RDONLY|O_NONBLOCK|O_CLOEXEC|O_DIRECTORY) = 3
2460399 openat(AT_FDCWD, "/home/u00134/3dgs_line/tier1/out/direct_curve_global_fit_probe/engineering/resume_20260929_v2", O_RDONLY|O_NONBLOCK|O_CLOEXEC|O_DIRECTORY) = 3
2460399 openat(AT_FDCWD, "/home/u00134/3dgs_line/tier1/out/direct_curve_global_fit_probe/engineering/resume_20260929_v2/run", O_RDONLY|O_NONBLOCK|O_CLOEXEC|O_DIRECTORY) = 3
2460399 openat(AT_FDCWD, "/home/u00134/3dgs_line/tier1/out/direct_curve_global_fit_probe/engineering/resume_20260929_v2/run/lego", O_RDONLY|O_NONBLOCK|O_CLOEXEC|O_DIRECTORY) = 3
2460399 openat(AT_FDCWD, "/home/u00134/3dgs_line/tier1/out/direct_curve_global_fit_probe/engineering/resume_20260929_v2/run/lego/evaluate_previous", O_RDONLY|O_NONBLOCK|O_CLOEXEC|O_DIRECTORY) = 3
2460399 openat(AT_FDCWD, "/home/u00134/3dgs_line/tier1/out/direct_curve_global_fit_probe/engineering/resume_20260929_v2/run/lego/evaluate_previous/arrays", O_RDONLY|O_NONBLOCK|O_CLOEXEC|O_DIRECTORY) = 3
2460399 openat(AT_FDCWD, "/home/u00134/3dgs_line/tier1/out/direct_curve_global_fit_probe/engineering/resume_20260929_v2/run/lego/evaluate_previous/native", O_RDONLY|O_NONBLOCK|O_CLOEXEC|O_DIRECTORY) = 3
2460399 openat(AT_FDCWD, "/home/u00134/3dgs_line/tier1/out/direct_curve_global_fit_probe/engineering/resume_20260929_v2/run/lego/evaluate_previous/ambiguity", O_RDONLY|O_NONBLOCK|O_CLOEXEC|O_DIRECTORY) = 3
2460399 openat(AT_FDCWD, "/home/u00134/3dgs_line/tier1/out/direct_curve_global_fit_probe/engineering/resume_20260929_v2/run/lego/evaluate_previous/videos", O_RDONLY|O_NONBLOCK|O_CLOEXEC|O_DIRECTORY) = 3
2460399 openat(AT_FDCWD, "/home/u00134/3dgs_line/tier1/out/direct_curve_global_fit_probe/engineering/resume_20260929_v2/run/lego/evaluate_previous/figures", O_RDONLY|O_NONBLOCK|O_CLOEXEC|O_DIRECTORY) = 3
2460399 openat(AT_FDCWD, "/home/u00134/3dgs_line/tier1/out/direct_curve_global_fit_probe/engineering/resume_20260929_v2/run/lego/evaluate_previous/metrics", O_RDONLY|O_NONBLOCK|O_CLOEXEC|O_DIRECTORY) = 3
2460399 openat(AT_FDCWD, "/home/u00134/3dgs_line/tier1/out/direct_curve_global_fit_probe/engineering/resume_20260929_v2/rerun", O_RDONLY|O_NONBLOCK|O_CLOEXEC|O_DIRECTORY) = 3
2460399 openat(AT_FDCWD, "/home/u00134/3dgs_line/tier1/out/direct_curve_global_fit_probe/engineering/resume_20260929_v2/rerun/lego", O_RDONLY|O_NONBLOCK|O_CLOEXEC|O_DIRECTORY) = 3
2460399 openat(AT_FDCWD, "/home/u00134/3dgs_line/tier1/out/direct_curve_global_fit_probe/engineering/resume_20260929_v2/rerun/lego/evaluate_previous", O_RDONLY|O_NONBLOCK|O_CLOEXEC|O_DIRECTORY) = 3
2460399 openat(AT_FDCWD, "/home/u00134/3dgs_line/tier1/out/direct_curve_global_fit_probe/engineering/resume_20260929_v2/rerun/lego/evaluate_previous/arrays", O_RDONLY|O_NONBLOCK|O_CLOEXEC|O_DIRECTORY) = 3
2460399 openat(AT_FDCWD, "/home/u00134/3dgs_line/tier1/out/direct_curve_global_fit_probe/engineering/resume_20260929_v2/rerun/lego/evaluate_previous/native", O_RDONLY|O_NONBLOCK|O_CLOEXEC|O_DIRECTORY) = 3
2460399 openat(AT_FDCWD, "/home/u00134/3dgs_line/tier1/out/direct_curve_global_fit_probe/engineering/resume_20260929_v2/rerun/lego/evaluate_previous/ambiguity", O_RDONLY|O_NONBLOCK|O_CLOEXEC|O_DIRECTORY) = 3
2460399 openat(AT_FDCWD, "/home/u00134/3dgs_line/tier1/out/direct_curve_global_fit_probe/engineering/resume_20260929_v2/rerun/lego/evaluate_previous/videos", O_RDONLY|O_NONBLOCK|O_CLOEXEC|O_DIRECTORY) = 3
2460399 openat(AT_FDCWD, "/home/u00134/3dgs_line/tier1/out/direct_curve_global_fit_probe/engineering/resume_20260929_v2/rerun/lego/evaluate_previous/figures", O_RDONLY|O_NONBLOCK|O_CLOEXEC|O_DIRECTORY) = 3
2460399 openat(AT_FDCWD, "/home/u00134/3dgs_line/tier1/out/direct_curve_global_fit_probe/engineering/resume_20260929_v2/rerun/lego/evaluate_previous/metrics", O_RDONLY|O_NONBLOCK|O_CLOEXEC|O_DIRECTORY) = 3
2460399 openat(AT_FDCWD, "/home/u00134/3dgs_line/tier1/out/direct_curve_global_fit_probe/engineering/calibration_lego_all_v1", O_RDONLY|O_NONBLOCK|O_CLOEXEC|O_DIRECTORY) = 3
2460399 openat(AT_FDCWD, "/home/u00134/3dgs_line/tier1/out/direct_curve_global_fit_probe/engineering/attempt_01_source", O_RDONLY|O_NONBLOCK|O_CLOEXEC|O_DIRECTORY) = 3
2460399 openat(AT_FDCWD, "/home/u00134/3dgs_line/tier1/out/direct_curve_global_fit_probe/run", O_RDONLY|O_NONBLOCK|O_CLOEXEC|O_DIRECTORY) = 3
2460399 openat(AT_FDCWD, "/home/u00134/3dgs_line/tier1/out/direct_curve_global_fit_probe/run/drums", O_RDONLY|O_NONBLOCK|O_CLOEXEC|O_DIRECTORY) = 3
2460399 openat(AT_FDCWD, "/home/u00134/3dgs_line/tier1/out/direct_curve_global_fit_probe/run/drums/fit", O_RDONLY|O_NONBLOCK|O_CLOEXEC|O_DIRECTORY) = 3
2460399 openat(AT_FDCWD, "/home/u00134/3dgs_line/tier1/out/direct_curve_global_fit_probe/run/drums/fit/native", O_RDONLY|O_NONBLOCK|O_CLOEXEC|O_DIRECTORY) = 3
2460399 openat(AT_FDCWD, "/home/u00134/3dgs_line/tier1/out/direct_curve_global_fit_probe/run/drums/evaluate", O_RDONLY|O_NONBLOCK|O_CLOEXEC|O_DIRECTORY) = 3
2460399 openat(AT_FDCWD, "/home/u00134/3dgs_line/tier1/out/direct_curve_global_fit_probe/run/drums/evaluate/arrays", O_RDONLY|O_NONBLOCK|O_CLOEXEC|O_DIRECTORY) = 3
2460399 openat(AT_FDCWD, "/home/u00134/3dgs_line/tier1/out/direct_curve_global_fit_probe/run/drums/evaluate/native", O_RDONLY|O_NONBLOCK|O_CLOEXEC|O_DIRECTORY) = 3
2460399 openat(AT_FDCWD, "/home/u00134/3dgs_line/tier1/out/direct_curve_global_fit_probe/run/drums/evaluate/ambiguity", O_RDONLY|O_NONBLOCK|O_CLOEXEC|O_DIRECTORY) = 3
2460399 openat(AT_FDCWD, "/home/u00134/3dgs_line/tier1/out/direct_curve_global_fit_probe/run/drums/evaluate/videos", O_RDONLY|O_NONBLOCK|O_CLOEXEC|O_DIRECTORY) = 3
2460399 openat(AT_FDCWD, "/home/u00134/3dgs_line/tier1/out/direct_curve_global_fit_probe/run/drums/evaluate/figures", O_RDONLY|O_NONBLOCK|O_CLOEXEC|O_DIRECTORY) = 3
2460399 openat(AT_FDCWD, "/home/u00134/3dgs_line/tier1/out/direct_curve_global_fit_probe/run/drums/evaluate/metrics", O_RDONLY|O_NONBLOCK|O_CLOEXEC|O_DIRECTORY) = 3
2460399 openat(AT_FDCWD, "/home/u00134/3dgs_line/tier1/out/direct_curve_global_fit_probe/run/lego", O_RDONLY|O_NONBLOCK|O_CLOEXEC|O_DIRECTORY) = 3
2460399 openat(AT_FDCWD, "/home/u00134/3dgs_line/tier1/out/direct_curve_global_fit_probe/run/lego/fit", O_RDONLY|O_NONBLOCK|O_CLOEXEC|O_DIRECTORY) = 3
2460399 openat(AT_FDCWD, "/home/u00134/3dgs_line/tier1/out/direct_curve_global_fit_probe/run/lego/fit/native", O_RDONLY|O_NONBLOCK|O_CLOEXEC|O_DIRECTORY) = 3
2460399 openat(AT_FDCWD, "/home/u00134/3dgs_line/tier1/out/direct_curve_global_fit_probe/run/lego/evaluate", O_RDONLY|O_NONBLOCK|O_CLOEXEC|O_DIRECTORY) = 3
2460399 openat(AT_FDCWD, "/home/u00134/3dgs_line/tier1/out/direct_curve_global_fit_probe/run/lego/evaluate/arrays", O_RDONLY|O_NONBLOCK|O_CLOEXEC|O_DIRECTORY) = 3
2460399 openat(AT_FDCWD, "/home/u00134/3dgs_line/tier1/out/direct_curve_global_fit_probe/run/lego/evaluate/native", O_RDONLY|O_NONBLOCK|O_CLOEXEC|O_DIRECTORY) = 3
2460399 openat(AT_FDCWD, "/home/u00134/3dgs_line/tier1/out/direct_curve_global_fit_probe/run/lego/evaluate/ambiguity", O_RDONLY|O_NONBLOCK|O_CLOEXEC|O_DIRECTORY) = 3
2460399 openat(AT_FDCWD, "/home/u00134/3dgs_line/tier1/out/direct_curve_global_fit_probe/run/lego/evaluate/videos", O_RDONLY|O_NONBLOCK|O_CLOEXEC|O_DIRECTORY) = 3
2460399 openat(AT_FDCWD, "/home/u00134/3dgs_line/tier1/out/direct_curve_global_fit_probe/run/lego/evaluate/figures", O_RDONLY|O_NONBLOCK|O_CLOEXEC|O_DIRECTORY) = 3
2460399 openat(AT_FDCWD, "/home/u00134/3dgs_line/tier1/out/direct_curve_global_fit_probe/run/lego/evaluate/metrics", O_RDONLY|O_NONBLOCK|O_CLOEXEC|O_DIRECTORY) = 3
2460399 openat(AT_FDCWD, "/home/u00134/3dgs_line/tier1/out/direct_curve_global_fit_probe/run/chair", O_RDONLY|O_NONBLOCK|O_CLOEXEC|O_DIRECTORY) = 3
2460399 openat(AT_FDCWD, "/home/u00134/3dgs_line/tier1/out/direct_curve_global_fit_probe/run/chair/fit", O_RDONLY|O_NONBLOCK|O_CLOEXEC|O_DIRECTORY) = 3
2460399 openat(AT_FDCWD, "/home/u00134/3dgs_line/tier1/out/direct_curve_global_fit_probe/run/chair/fit/native", O_RDONLY|O_NONBLOCK|O_CLOEXEC|O_DIRECTORY) = 3
2460399 openat(AT_FDCWD, "/home/u00134/3dgs_line/tier1/out/direct_curve_global_fit_probe/run/chair/evaluate", O_RDONLY|O_NONBLOCK|O_CLOEXEC|O_DIRECTORY) = 3
2460399 openat(AT_FDCWD, "/home/u00134/3dgs_line/tier1/out/direct_curve_global_fit_probe/run/chair/evaluate/arrays", O_RDONLY|O_NONBLOCK|O_CLOEXEC|O_DIRECTORY) = 3
2460399 openat(AT_FDCWD, "/home/u00134/3dgs_line/tier1/out/direct_curve_global_fit_probe/run/chair/evaluate/native", O_RDONLY|O_NONBLOCK|O_CLOEXEC|O_DIRECTORY) = 3
2460399 openat(AT_FDCWD, "/home/u00134/3dgs_line/tier1/out/direct_curve_global_fit_probe/run/chair/evaluate/ambiguity", O_RDONLY|O_NONBLOCK|O_CLOEXEC|O_DIRECTORY) = 3
2460399 openat(AT_FDCWD, "/home/u00134/3dgs_line/tier1/out/direct_curve_global_fit_probe/run/chair/evaluate/videos", O_RDONLY|O_NONBLOCK|O_CLOEXEC|O_DIRECTORY) = 3
2460399 openat(AT_FDCWD, "/home/u00134/3dgs_line/tier1/out/direct_curve_global_fit_probe/run/chair/evaluate/figures", O_RDONLY|O_NONBLOCK|O_CLOEXEC|O_DIRECTORY) = 3
2460399 openat(AT_FDCWD, "/home/u00134/3dgs_line/tier1/out/direct_curve_global_fit_probe/run/chair/evaluate/metrics", O_RDONLY|O_NONBLOCK|O_CLOEXEC|O_DIRECTORY) = 3
2460399 openat(AT_FDCWD, "/home/u00134/3dgs_line/tier1/out/direct_curve_global_fit_probe/run/ficus", O_RDONLY|O_NONBLOCK|O_CLOEXEC|O_DIRECTORY) = 3
2460399 openat(AT_FDCWD, "/home/u00134/3dgs_line/tier1/out/direct_curve_global_fit_probe/run/ficus/fit", O_RDONLY|O_NONBLOCK|O_CLOEXEC|O_DIRECTORY) = 3
2460399 openat(AT_FDCWD, "/home/u00134/3dgs_line/tier1/out/direct_curve_global_fit_probe/run/ficus/fit/native", O_RDONLY|O_NONBLOCK|O_CLOEXEC|O_DIRECTORY) = 3
2460399 openat(AT_FDCWD, "/home/u00134/3dgs_line/tier1/out/direct_curve_global_fit_probe/run/ficus/evaluate", O_RDONLY|O_NONBLOCK|O_CLOEXEC|O_DIRECTORY) = 3
2460399 openat(AT_FDCWD, "/home/u00134/3dgs_line/tier1/out/direct_curve_global_fit_probe/run/ficus/evaluate/arrays", O_RDONLY|O_NONBLOCK|O_CLOEXEC|O_DIRECTORY) = 3
2460399 openat(AT_FDCWD, "/home/u00134/3dgs_line/tier1/out/direct_curve_global_fit_probe/run/ficus/evaluate/native", O_RDONLY|O_NONBLOCK|O_CLOEXEC|O_DIRECTORY) = 3
2460399 openat(AT_FDCWD, "/home/u00134/3dgs_line/tier1/out/direct_curve_global_fit_probe/run/ficus/evaluate/ambiguity", O_RDONLY|O_NONBLOCK|O_CLOEXEC|O_DIRECTORY) = 3
2460399 openat(AT_FDCWD, "/home/u00134/3dgs_line/tier1/out/direct_curve_global_fit_probe/run/ficus/evaluate/videos", O_RDONLY|O_NONBLOCK|O_CLOEXEC|O_DIRECTORY) = 3
2460399 openat(AT_FDCWD, "/home/u00134/3dgs_line/tier1/out/direct_curve_global_fit_probe/run/ficus/evaluate/figures", O_RDONLY|O_NONBLOCK|O_CLOEXEC|O_DIRECTORY) = 3
2460399 openat(AT_FDCWD, "/home/u00134/3dgs_line/tier1/out/direct_curve_global_fit_probe/run/ficus/evaluate/metrics", O_RDONLY|O_NONBLOCK|O_CLOEXEC|O_DIRECTORY) = 3
2460399 openat(AT_FDCWD, "/home/u00134/3dgs_line/tier1/out/direct_curve_global_fit_probe/setup", O_RDONLY|O_NONBLOCK|O_CLOEXEC|O_DIRECTORY) = 3
2460399 openat(AT_FDCWD, "/home/u00134/3dgs_line/tier1/out/direct_curve_global_fit_probe/attempt_interrupted_quota", O_RDONLY|O_NONBLOCK|O_CLOEXEC|O_DIRECTORY) = 3
2460399 openat(AT_FDCWD, "/home/u00134/3dgs_line/tier1/out/direct_curve_global_fit_probe/attempt_interrupted_quota/run", O_RDONLY|O_NONBLOCK|O_CLOEXEC|O_DIRECTORY) = 3
2460399 openat(AT_FDCWD, "/home/u00134/3dgs_line/tier1/out/direct_curve_global_fit_probe/attempt_interrupted_quota/run/lego", O_RDONLY|O_NONBLOCK|O_CLOEXEC|O_DIRECTORY) = 3
2460399 openat(AT_FDCWD, "/home/u00134/3dgs_line/tier1/out/direct_curve_global_fit_probe/attempt_interrupted_quota/run/lego/fit", O_RDONLY|O_NONBLOCK|O_CLOEXEC|O_DIRECTORY) = 3
2460399 openat(AT_FDCWD, "/home/u00134/3dgs_line/tier1/out/direct_curve_global_fit_probe/attempt_interrupted_quota/run/lego/fit/native", O_RDONLY|O_NONBLOCK|O_CLOEXEC|O_DIRECTORY) = 3
2460399 openat(AT_FDCWD, "/home/u00134/3dgs_line/tier1/out/direct_curve_global_fit_probe/attempt_interrupted_quota/run/chair", O_RDONLY|O_NONBLOCK|O_CLOEXEC|O_DIRECTORY) = 3
2460399 openat(AT_FDCWD, "/home/u00134/3dgs_line/tier1/out/direct_curve_global_fit_probe/attempt_interrupted_quota/run/chair/fit", O_RDONLY|O_NONBLOCK|O_CLOEXEC|O_DIRECTORY) = 3
2460399 openat(AT_FDCWD, "/home/u00134/3dgs_line/tier1/out/direct_curve_global_fit_probe/attempt_interrupted_quota/run/chair/fit/native", O_RDONLY|O_NONBLOCK|O_CLOEXEC|O_DIRECTORY) = 3
2460399 openat(AT_FDCWD, "/home/u00134/3dgs_line/tier1/out/direct_curve_global_fit_probe/attempt_interrupted_quota/rerun", O_RDONLY|O_NONBLOCK|O_CLOEXEC|O_DIRECTORY) = 3
2460399 openat(AT_FDCWD, "/home/u00134/3dgs_line/tier1/out/direct_curve_global_fit_probe/attempt_interrupted_quota/rerun/lego", O_RDONLY|O_NONBLOCK|O_CLOEXEC|O_DIRECTORY) = 3
2460399 openat(AT_FDCWD, "/home/u00134/3dgs_line/tier1/out/direct_curve_global_fit_probe/attempt_interrupted_quota/rerun/lego/fit", O_RDONLY|O_NONBLOCK|O_CLOEXEC|O_DIRECTORY) = 3
2460399 openat(AT_FDCWD, "/home/u00134/3dgs_line/tier1/out/direct_curve_global_fit_probe/attempt_interrupted_quota/rerun/lego/fit/native", O_RDONLY|O_NONBLOCK|O_CLOEXEC|O_DIRECTORY) = 3
2460399 openat(AT_FDCWD, "/home/u00134/3dgs_line/tier1/out/direct_curve_global_fit_probe/attempt_interrupted_quota/rerun/chair", O_RDONLY|O_NONBLOCK|O_CLOEXEC|O_DIRECTORY) = 3
2460399 openat(AT_FDCWD, "/home/u00134/3dgs_line/tier1/out/direct_curve_global_fit_probe/attempt_interrupted_quota/rerun/chair/fit", O_RDONLY|O_NONBLOCK|O_CLOEXEC|O_DIRECTORY) = 3
2460399 openat(AT_FDCWD, "/home/u00134/3dgs_line/tier1/out/direct_curve_global_fit_probe/attempt_interrupted_quota/rerun/chair/fit/native", O_RDONLY|O_NONBLOCK|O_CLOEXEC|O_DIRECTORY) = 3
2460399 openat(AT_FDCWD, "/home/u00134/3dgs_line/tier1/out/direct_curve_global_fit_probe/scheduler", O_RDONLY|O_NONBLOCK|O_CLOEXEC|O_DIRECTORY) = 3
2460399 openat(AT_FDCWD, "/home/u00134/3dgs_line/tier1/out/direct_curve_global_fit_probe/scheduler/resume_20260929_v2", O_RDONLY|O_NONBLOCK|O_CLOEXEC|O_DIRECTORY) = 3
2460399 openat(AT_FDCWD, "/home/u00134/3dgs_line/tier1/out/direct_curve_global_fit_probe/scheduler/resume_20260929_v2/verification", O_RDONLY|O_NONBLOCK|O_CLOEXEC|O_DIRECTORY) = 3
2460399 openat(AT_FDCWD, "/home/u00134/3dgs_line/tier1/out/direct_curve_global_fit_probe/scheduler/resume_20260929_v2/run", O_RDONLY|O_NONBLOCK|O_CLOEXEC|O_DIRECTORY) = 3
2460399 openat(AT_FDCWD, "/home/u00134/3dgs_line/tier1/out/direct_curve_global_fit_probe/scheduler/resume_20260929_v2/run/jobs", O_RDONLY|O_NONBLOCK|O_CLOEXEC|O_DIRECTORY) = 3
2460399 openat(AT_FDCWD, "/home/u00134/3dgs_line/tier1/out/direct_curve_global_fit_probe/scheduler/resume_20260929_v2/run/jobs/chair_fit", O_RDONLY|O_NONBLOCK|O_CLOEXEC|O_DIRECTORY) = 3
2460399 openat(AT_FDCWD, "/home/u00134/3dgs_line/tier1/out/direct_curve_global_fit_probe/scheduler/resume_20260929_v2/run/jobs/drums_calibrate_F", O_RDONLY|O_NONBLOCK|O_CLOEXEC|O_DIRECTORY) = 3
2460399 openat(AT_FDCWD, "/home/u00134/3dgs_line/tier1/out/direct_curve_global_fit_probe/scheduler/resume_20260929_v2/run/jobs/chair_calibrate_all", O_RDONLY|O_NONBLOCK|O_CLOEXEC|O_DIRECTORY) = 3
2460399 openat(AT_FDCWD, "/home/u00134/3dgs_line/tier1/out/direct_curve_global_fit_probe/scheduler/resume_20260929_v2/run/jobs/chair_evaluate", O_RDONLY|O_NONBLOCK|O_CLOEXEC|O_DIRECTORY) = 3
2460399 openat(AT_FDCWD, "/home/u00134/3dgs_line/tier1/out/direct_curve_global_fit_probe/scheduler/resume_20260929_v2/run/jobs/lego_calibrate_all", O_RDONLY|O_NONBLOCK|O_CLOEXEC|O_DIRECTORY) = 3
2460399 openat(AT_FDCWD, "/home/u00134/3dgs_line/tier1/out/direct_curve_global_fit_probe/scheduler/resume_20260929_v2/run/jobs/ficus_evaluate", O_RDONLY|O_NONBLOCK|O_CLOEXEC|O_DIRECTORY) = 3
2460399 openat(AT_FDCWD, "/home/u00134/3dgs_line/tier1/out/direct_curve_global_fit_probe/scheduler/resume_20260929_v2/run/jobs/chair_calibrate_F", O_RDONLY|O_NONBLOCK|O_CLOEXEC|O_DIRECTORY) = 3
2460399 openat(AT_FDCWD, "/home/u00134/3dgs_line/tier1/out/direct_curve_global_fit_probe/scheduler/resume_20260929_v2/run/jobs/lego_evaluate", O_RDONLY|O_NONBLOCK|O_CLOEXEC|O_DIRECTORY) = 3
2460399 openat(AT_FDCWD, "/home/u00134/3dgs_line/tier1/out/direct_curve_global_fit_probe/scheduler/resume_20260929_v2/run/jobs/drums_calibrate_all", O_RDONLY|O_NONBLOCK|O_CLOEXEC|O_DIRECTORY) = 3
2460399 openat(AT_FDCWD, "/home/u00134/3dgs_line/tier1/out/direct_curve_global_fit_probe/scheduler/resume_20260929_v2/run/jobs/ficus_calibrate_F", O_RDONLY|O_NONBLOCK|O_CLOEXEC|O_DIRECTORY) = 3
2460399 openat(AT_FDCWD, "/home/u00134/3dgs_line/tier1/out/direct_curve_global_fit_probe/scheduler/resume_20260929_v2/run/jobs/drums_fit", O_RDONLY|O_NONBLOCK|O_CLOEXEC|O_DIRECTORY) = 3
2460399 openat(AT_FDCWD, "/home/u00134/3dgs_line/tier1/out/direct_curve_global_fit_probe/scheduler/resume_20260929_v2/run/jobs/ficus_calibrate_all", O_RDONLY|O_NONBLOCK|O_CLOEXEC|O_DIRECTORY) = 3
2460399 openat(AT_FDCWD, "/home/u00134/3dgs_line/tier1/out/direct_curve_global_fit_probe/scheduler/resume_20260929_v2/run/jobs/drums_evaluate", O_RDONLY|O_NONBLOCK|O_CLOEXEC|O_DIRECTORY) = 3
2460399 openat(AT_FDCWD, "/home/u00134/3dgs_line/tier1/out/direct_curve_global_fit_probe/scheduler/resume_20260929_v2/run/jobs/ficus_fit", O_RDONLY|O_NONBLOCK|O_CLOEXEC|O_DIRECTORY) = 3
2460399 openat(AT_FDCWD, "/home/u00134/3dgs_line/tier1/out/direct_curve_global_fit_probe/scheduler/resume_20260929_v2/run/calibration", O_RDONLY|O_NONBLOCK|O_CLOEXEC|O_DIRECTORY) = 3
2460399 openat(AT_FDCWD, "/home/u00134/3dgs_line/tier1/out/direct_curve_global_fit_probe/scheduler/resume_20260929_v2/run/calibration/lego_all", O_RDONLY|O_NONBLOCK|O_CLOEXEC|O_DIRECTORY) = 3
2460399 openat(AT_FDCWD, "/home/u00134/3dgs_line/tier1/out/direct_curve_global_fit_probe/scheduler/resume_20260929_v2/run/calibration/ficus_F", O_RDONLY|O_NONBLOCK|O_CLOEXEC|O_DIRECTORY) = 3
2460399 openat(AT_FDCWD, "/home/u00134/3dgs_line/tier1/out/direct_curve_global_fit_probe/scheduler/resume_20260929_v2/run/calibration/chair_F", O_RDONLY|O_NONBLOCK|O_CLOEXEC|O_DIRECTORY) = 3
2460399 openat(AT_FDCWD, "/home/u00134/3dgs_line/tier1/out/direct_curve_global_fit_probe/scheduler/resume_20260929_v2/run/calibration/drums_F", O_RDONLY|O_NONBLOCK|O_CLOEXEC|O_DIRECTORY) = 3
2460399 openat(AT_FDCWD, "/home/u00134/3dgs_line/tier1/out/direct_curve_global_fit_probe/scheduler/resume_20260929_v2/run/calibration/chair_all", O_RDONLY|O_NONBLOCK|O_CLOEXEC|O_DIRECTORY) = 3
2460399 openat(AT_FDCWD, "/home/u00134/3dgs_line/tier1/out/direct_curve_global_fit_probe/scheduler/resume_20260929_v2/run/calibration/ficus_all", O_RDONLY|O_NONBLOCK|O_CLOEXEC|O_DIRECTORY) = 3
2460399 openat(AT_FDCWD, "/home/u00134/3dgs_line/tier1/out/direct_curve_global_fit_probe/scheduler/resume_20260929_v2/run/calibration/drums_all", O_RDONLY|O_NONBLOCK|O_CLOEXEC|O_DIRECTORY) = 3
2460399 openat(AT_FDCWD, "/home/u00134/3dgs_line/tier1/out/direct_curve_global_fit_probe/scheduler/resume_20260929_v2/verification_v2", O_RDONLY|O_NONBLOCK|O_CLOEXEC|O_DIRECTORY) = 3
2460399 openat(AT_FDCWD, "/home/u00134/3dgs_line/tier1/out/direct_curve_global_fit_probe/scheduler/resume_20260929_v2/rerun", O_RDONLY|O_NONBLOCK|O_CLOEXEC|O_DIRECTORY) = 3
2460399 openat(AT_FDCWD, "/home/u00134/3dgs_line/tier1/out/direct_curve_global_fit_probe/scheduler/resume_20260929_v2/rerun/jobs", O_RDONLY|O_NONBLOCK|O_CLOEXEC|O_DIRECTORY) = 3
2460399 openat(AT_FDCWD, "/home/u00134/3dgs_line/tier1/out/direct_curve_global_fit_probe/scheduler/resume_20260929_v2/rerun/jobs/chair_fit", O_RDONLY|O_NONBLOCK|O_CLOEXEC|O_DIRECTORY) = 3
2460399 openat(AT_FDCWD, "/home/u00134/3dgs_line/tier1/out/direct_curve_global_fit_probe/scheduler/resume_20260929_v2/rerun/jobs/drums_calibrate_F", O_RDONLY|O_NONBLOCK|O_CLOEXEC|O_DIRECTORY) = 3
2460399 openat(AT_FDCWD, "/home/u00134/3dgs_line/tier1/out/direct_curve_global_fit_probe/scheduler/resume_20260929_v2/rerun/jobs/chair_calibrate_all", O_RDONLY|O_NONBLOCK|O_CLOEXEC|O_DIRECTORY) = 3
2460399 openat(AT_FDCWD, "/home/u00134/3dgs_line/tier1/out/direct_curve_global_fit_probe/scheduler/resume_20260929_v2/rerun/jobs/chair_evaluate", O_RDONLY|O_NONBLOCK|O_CLOEXEC|O_DIRECTORY) = 3
2460399 openat(AT_FDCWD, "/home/u00134/3dgs_line/tier1/out/direct_curve_global_fit_probe/scheduler/resume_20260929_v2/rerun/jobs/lego_calibrate_all", O_RDONLY|O_NONBLOCK|O_CLOEXEC|O_DIRECTORY) = 3
2460399 openat(AT_FDCWD, "/home/u00134/3dgs_line/tier1/out/direct_curve_global_fit_probe/scheduler/resume_20260929_v2/rerun/jobs/ficus_evaluate", O_RDONLY|O_NONBLOCK|O_CLOEXEC|O_DIRECTORY) = 3
2460399 openat(AT_FDCWD, "/home/u00134/3dgs_line/tier1/out/direct_curve_global_fit_probe/scheduler/resume_20260929_v2/rerun/jobs/chair_calibrate_F", O_RDONLY|O_NONBLOCK|O_CLOEXEC|O_DIRECTORY) = 3
2460399 openat(AT_FDCWD, "/home/u00134/3dgs_line/tier1/out/direct_curve_global_fit_probe/scheduler/resume_20260929_v2/rerun/jobs/lego_evaluate", O_RDONLY|O_NONBLOCK|O_CLOEXEC|O_DIRECTORY) = 3
2460399 openat(AT_FDCWD, "/home/u00134/3dgs_line/tier1/out/direct_curve_global_fit_probe/scheduler/resume_20260929_v2/rerun/jobs/drums_calibrate_all", O_RDONLY|O_NONBLOCK|O_CLOEXEC|O_DIRECTORY) = 3
2460399 openat(AT_FDCWD, "/home/u00134/3dgs_line/tier1/out/direct_curve_global_fit_probe/scheduler/resume_20260929_v2/rerun/jobs/ficus_calibrate_F", O_RDONLY|O_NONBLOCK|O_CLOEXEC|O_DIRECTORY) = 3
2460399 openat(AT_FDCWD, "/home/u00134/3dgs_line/tier1/out/direct_curve_global_fit_probe/scheduler/resume_20260929_v2/rerun/jobs/drums_fit", O_RDONLY|O_NONBLOCK|O_CLOEXEC|O_DIRECTORY) = 3
2460399 openat(AT_FDCWD, "/home/u00134/3dgs_line/tier1/out/direct_curve_global_fit_probe/scheduler/resume_20260929_v2/rerun/jobs/ficus_calibrate_all", O_RDONLY|O_NONBLOCK|O_CLOEXEC|O_DIRECTORY) = 3
2460399 openat(AT_FDCWD, "/home/u00134/3dgs_line/tier1/out/direct_curve_global_fit_probe/scheduler/resume_20260929_v2/rerun/jobs/drums_evaluate", O_RDONLY|O_NONBLOCK|O_CLOEXEC|O_DIRECTORY) = 3
2460399 openat(AT_FDCWD, "/home/u00134/3dgs_line/tier1/out/direct_curve_global_fit_probe/scheduler/resume_20260929_v2/rerun/jobs/ficus_fit", O_RDONLY|O_NONBLOCK|O_CLOEXEC|O_DIRECTORY) = 3
2460399 openat(AT_FDCWD, "/home/u00134/3dgs_line/tier1/out/direct_curve_global_fit_probe/scheduler/resume_20260929_v2/rerun/calibration", O_RDONLY|O_NONBLOCK|O_CLOEXEC|O_DIRECTORY) = 3
2460399 openat(AT_FDCWD, "/home/u00134/3dgs_line/tier1/out/direct_curve_global_fit_probe/scheduler/resume_20260929_v2/rerun/calibration/lego_all", O_RDONLY|O_NONBLOCK|O_CLOEXEC|O_DIRECTORY) = 3
2460399 openat(AT_FDCWD, "/home/u00134/3dgs_line/tier1/out/direct_curve_global_fit_probe/scheduler/resume_20260929_v2/rerun/calibration/ficus_F", O_RDONLY|O_NONBLOCK|O_CLOEXEC|O_DIRECTORY) = 3
2460399 openat(AT_FDCWD, "/home/u00134/3dgs_line/tier1/out/direct_curve_global_fit_probe/scheduler/resume_20260929_v2/rerun/calibration/chair_F", O_RDONLY|O_NONBLOCK|O_CLOEXEC|O_DIRECTORY) = 3
2460399 openat(AT_FDCWD, "/home/u00134/3dgs_line/tier1/out/direct_curve_global_fit_probe/scheduler/resume_20260929_v2/rerun/calibration/drums_F", O_RDONLY|O_NONBLOCK|O_CLOEXEC|O_DIRECTORY) = 3
2460399 openat(AT_FDCWD, "/home/u00134/3dgs_line/tier1/out/direct_curve_global_fit_probe/scheduler/resume_20260929_v2/rerun/calibration/chair_all", O_RDONLY|O_NONBLOCK|O_CLOEXEC|O_DIRECTORY) = 3
2460399 openat(AT_FDCWD, "/home/u00134/3dgs_line/tier1/out/direct_curve_global_fit_probe/scheduler/resume_20260929_v2/rerun/calibration/ficus_all", O_RDONLY|O_NONBLOCK|O_CLOEXEC|O_DIRECTORY) = 3
2460399 openat(AT_FDCWD, "/home/u00134/3dgs_line/tier1/out/direct_curve_global_fit_probe/scheduler/resume_20260929_v2/rerun/calibration/drums_all", O_RDONLY|O_NONBLOCK|O_CLOEXEC|O_DIRECTORY) = 3
2460399 openat(AT_FDCWD, "/home/u00134/3dgs_line/tier1/out/direct_curve_global_fit_probe/rerun", O_RDONLY|O_NONBLOCK|O_CLOEXEC|O_DIRECTORY) = 3
2460399 openat(AT_FDCWD, "/home/u00134/3dgs_line/tier1/out/direct_curve_global_fit_probe/rerun/drums", O_RDONLY|O_NONBLOCK|O_CLOEXEC|O_DIRECTORY) = 3
2460399 openat(AT_FDCWD, "/home/u00134/3dgs_line/tier1/out/direct_curve_global_fit_probe/rerun/drums/fit", O_RDONLY|O_NONBLOCK|O_CLOEXEC|O_DIRECTORY) = 3
2460399 openat(AT_FDCWD, "/home/u00134/3dgs_line/tier1/out/direct_curve_global_fit_probe/rerun/drums/fit/native", O_RDONLY|O_NONBLOCK|O_CLOEXEC|O_DIRECTORY) = 3
2460399 openat(AT_FDCWD, "/home/u00134/3dgs_line/tier1/out/direct_curve_global_fit_probe/rerun/drums/evaluate", O_RDONLY|O_NONBLOCK|O_CLOEXEC|O_DIRECTORY) = 3
2460399 openat(AT_FDCWD, "/home/u00134/3dgs_line/tier1/out/direct_curve_global_fit_probe/rerun/drums/evaluate/arrays", O_RDONLY|O_NONBLOCK|O_CLOEXEC|O_DIRECTORY) = 3
2460399 openat(AT_FDCWD, "/home/u00134/3dgs_line/tier1/out/direct_curve_global_fit_probe/rerun/drums/evaluate/native", O_RDONLY|O_NONBLOCK|O_CLOEXEC|O_DIRECTORY) = 3
2460399 openat(AT_FDCWD, "/home/u00134/3dgs_line/tier1/out/direct_curve_global_fit_probe/rerun/drums/evaluate/ambiguity", O_RDONLY|O_NONBLOCK|O_CLOEXEC|O_DIRECTORY) = 3
2460399 openat(AT_FDCWD, "/home/u00134/3dgs_line/tier1/out/direct_curve_global_fit_probe/rerun/drums/evaluate/videos", O_RDONLY|O_NONBLOCK|O_CLOEXEC|O_DIRECTORY) = 3
2460399 openat(AT_FDCWD, "/home/u00134/3dgs_line/tier1/out/direct_curve_global_fit_probe/rerun/drums/evaluate/figures", O_RDONLY|O_NONBLOCK|O_CLOEXEC|O_DIRECTORY) = 3
2460399 openat(AT_FDCWD, "/home/u00134/3dgs_line/tier1/out/direct_curve_global_fit_probe/rerun/drums/evaluate/metrics", O_RDONLY|O_NONBLOCK|O_CLOEXEC|O_DIRECTORY) = 3
2460399 openat(AT_FDCWD, "/home/u00134/3dgs_line/tier1/out/direct_curve_global_fit_probe/rerun/lego", O_RDONLY|O_NONBLOCK|O_CLOEXEC|O_DIRECTORY) = 3
2460399 openat(AT_FDCWD, "/home/u00134/3dgs_line/tier1/out/direct_curve_global_fit_probe/rerun/lego/fit", O_RDONLY|O_NONBLOCK|O_CLOEXEC|O_DIRECTORY) = 3
2460399 openat(AT_FDCWD, "/home/u00134/3dgs_line/tier1/out/direct_curve_global_fit_probe/rerun/lego/fit/native", O_RDONLY|O_NONBLOCK|O_CLOEXEC|O_DIRECTORY) = 3
2460399 openat(AT_FDCWD, "/home/u00134/3dgs_line/tier1/out/direct_curve_global_fit_probe/rerun/lego/evaluate", O_RDONLY|O_NONBLOCK|O_CLOEXEC|O_DIRECTORY) = 3
2460399 openat(AT_FDCWD, "/home/u00134/3dgs_line/tier1/out/direct_curve_global_fit_probe/rerun/lego/evaluate/arrays", O_RDONLY|O_NONBLOCK|O_CLOEXEC|O_DIRECTORY) = 3
2460399 openat(AT_FDCWD, "/home/u00134/3dgs_line/tier1/out/direct_curve_global_fit_probe/rerun/lego/evaluate/native", O_RDONLY|O_NONBLOCK|O_CLOEXEC|O_DIRECTORY) = 3
2460399 openat(AT_FDCWD, "/home/u00134/3dgs_line/tier1/out/direct_curve_global_fit_probe/rerun/lego/evaluate/ambiguity", O_RDONLY|O_NONBLOCK|O_CLOEXEC|O_DIRECTORY) = 3
2460399 openat(AT_FDCWD, "/home/u00134/3dgs_line/tier1/out/direct_curve_global_fit_probe/rerun/lego/evaluate/videos", O_RDONLY|O_NONBLOCK|O_CLOEXEC|O_DIRECTORY) = 3
2460399 openat(AT_FDCWD, "/home/u00134/3dgs_line/tier1/out/direct_curve_global_fit_probe/rerun/lego/evaluate/figures", O_RDONLY|O_NONBLOCK|O_CLOEXEC|O_DIRECTORY) = 3
2460399 openat(AT_FDCWD, "/home/u00134/3dgs_line/tier1/out/direct_curve_global_fit_probe/rerun/lego/evaluate/metrics", O_RDONLY|O_NONBLOCK|O_CLOEXEC|O_DIRECTORY) = 3
2460399 openat(AT_FDCWD, "/home/u00134/3dgs_line/tier1/out/direct_curve_global_fit_probe/rerun/chair", O_RDONLY|O_NONBLOCK|O_CLOEXEC|O_DIRECTORY) = 3
2460399 openat(AT_FDCWD, "/home/u00134/3dgs_line/tier1/out/direct_curve_global_fit_probe/rerun/chair/fit", O_RDONLY|O_NONBLOCK|O_CLOEXEC|O_DIRECTORY) = 3
2460399 openat(AT_FDCWD, "/home/u00134/3dgs_line/tier1/out/direct_curve_global_fit_probe/rerun/chair/fit/native", O_RDONLY|O_NONBLOCK|O_CLOEXEC|O_DIRECTORY) = 3
2460399 openat(AT_FDCWD, "/home/u00134/3dgs_line/tier1/out/direct_curve_global_fit_probe/rerun/chair/evaluate", O_RDONLY|O_NONBLOCK|O_CLOEXEC|O_DIRECTORY) = 3
2460399 openat(AT_FDCWD, "/home/u00134/3dgs_line/tier1/out/direct_curve_global_fit_probe/rerun/chair/evaluate/arrays", O_RDONLY|O_NONBLOCK|O_CLOEXEC|O_DIRECTORY) = 3
2460399 openat(AT_FDCWD, "/home/u00134/3dgs_line/tier1/out/direct_curve_global_fit_probe/rerun/chair/evaluate/native", O_RDONLY|O_NONBLOCK|O_CLOEXEC|O_DIRECTORY) = 3
2460399 openat(AT_FDCWD, "/home/u00134/3dgs_line/tier1/out/direct_curve_global_fit_probe/rerun/chair/evaluate/ambiguity", O_RDONLY|O_NONBLOCK|O_CLOEXEC|O_DIRECTORY) = 3
2460399 openat(AT_FDCWD, "/home/u00134/3dgs_line/tier1/out/direct_curve_global_fit_probe/rerun/chair/evaluate/videos", O_RDONLY|O_NONBLOCK|O_CLOEXEC|O_DIRECTORY) = 3
2460399 openat(AT_FDCWD, "/home/u00134/3dgs_line/tier1/out/direct_curve_global_fit_probe/rerun/chair/evaluate/figures", O_RDONLY|O_NONBLOCK|O_CLOEXEC|O_DIRECTORY) = 3
2460399 openat(AT_FDCWD, "/home/u00134/3dgs_line/tier1/out/direct_curve_global_fit_probe/rerun/chair/evaluate/metrics", O_RDONLY|O_NONBLOCK|O_CLOEXEC|O_DIRECTORY) = 3
2460399 openat(AT_FDCWD, "/home/u00134/3dgs_line/tier1/out/direct_curve_global_fit_probe/rerun/ficus", O_RDONLY|O_NONBLOCK|O_CLOEXEC|O_DIRECTORY) = 3
2460399 openat(AT_FDCWD, "/home/u00134/3dgs_line/tier1/out/direct_curve_global_fit_probe/rerun/ficus/fit", O_RDONLY|O_NONBLOCK|O_CLOEXEC|O_DIRECTORY) = 3
2460399 openat(AT_FDCWD, "/home/u00134/3dgs_line/tier1/out/direct_curve_global_fit_probe/rerun/ficus/fit/native", O_RDONLY|O_NONBLOCK|O_CLOEXEC|O_DIRECTORY) = 3
2460399 openat(AT_FDCWD, "/home/u00134/3dgs_line/tier1/out/direct_curve_global_fit_probe/rerun/ficus/evaluate", O_RDONLY|O_NONBLOCK|O_CLOEXEC|O_DIRECTORY) = 3
2460399 openat(AT_FDCWD, "/home/u00134/3dgs_line/tier1/out/direct_curve_global_fit_probe/rerun/ficus/evaluate/arrays", O_RDONLY|O_NONBLOCK|O_CLOEXEC|O_DIRECTORY) = 3
2460399 openat(AT_FDCWD, "/home/u00134/3dgs_line/tier1/out/direct_curve_global_fit_probe/rerun/ficus/evaluate/native", O_RDONLY|O_NONBLOCK|O_CLOEXEC|O_DIRECTORY) = 3
2460399 openat(AT_FDCWD, "/home/u00134/3dgs_line/tier1/out/direct_curve_global_fit_probe/rerun/ficus/evaluate/ambiguity", O_RDONLY|O_NONBLOCK|O_CLOEXEC|O_DIRECTORY) = 3
2460399 openat(AT_FDCWD, "/home/u00134/3dgs_line/tier1/out/direct_curve_global_fit_probe/rerun/ficus/evaluate/videos", O_RDONLY|O_NONBLOCK|O_CLOEXEC|O_DIRECTORY) = 3
2460399 openat(AT_FDCWD, "/home/u00134/3dgs_line/tier1/out/direct_curve_global_fit_probe/rerun/ficus/evaluate/figures", O_RDONLY|O_NONBLOCK|O_CLOEXEC|O_DIRECTORY) = 3
2460399 openat(AT_FDCWD, "/home/u00134/3dgs_line/tier1/out/direct_curve_global_fit_probe/rerun/ficus/evaluate/metrics", O_RDONLY|O_NONBLOCK|O_CLOEXEC|O_DIRECTORY) = 3
2460399 openat(AT_FDCWD, "/home/u00134/3dgs_line/FeatureLineRendering/real_3dgs/outputs", O_RDONLY|O_NONBLOCK|O_CLOEXEC|O_DIRECTORY) = 3
2460399 openat(AT_FDCWD, "/home/u00134/3dgs_line/FeatureLineRendering/real_3dgs/outputs/gbuffer", O_RDONLY|O_NONBLOCK|O_CLOEXEC|O_DIRECTORY) = 3
2460399 openat(AT_FDCWD, "/home/u00134/3dgs_line/FeatureLineRendering/real_3dgs/outputs/preview", O_RDONLY|O_NONBLOCK|O_CLOEXEC|O_DIRECTORY) = 3
2460399 openat(AT_FDCWD, "/home/u00134/3dgs_line/FeatureLineRendering/real_3dgs/outputs/fused", O_RDONLY|O_NONBLOCK|O_CLOEXEC|O_DIRECTORY) = 3
2460399 openat(AT_FDCWD, "/home/u00134/3dgs_line/FeatureLineRendering/real_3dgs/outputs/comparison", O_RDONLY|O_NONBLOCK|O_CLOEXEC|O_DIRECTORY) = 3
2460399 openat(AT_FDCWD, "/home/u00134/3dgs_line/FeatureLineRendering/tier1/out", O_RDONLY|O_NONBLOCK|O_CLOEXEC|O_DIRECTORY) = 3
2460399 openat(AT_FDCWD, "/home/u00134/3dgs_line/hybrid_raster_evidence_v2/out/hybrid_raster_evidence_v2/LOCK.json", O_RDONLY|O_CLOEXEC) = 3
2460399 openat(AT_FDCWD, "/home/u00134/3dgs_line/hybrid_raster_evidence_v2/out/hybrid_raster_evidence_v2/LOCK.json", O_RDONLY|O_CLOEXEC) = 3
2460399 openat(AT_FDCWD, "/home/u00134/3dgs_line/hybrid_raster_evidence_v2/scripts/run_hybrid_raster_evidence_v2.py", O_RDONLY|O_CLOEXEC) = 3
2460399 openat(AT_FDCWD, "/home/u00134/3dgs_line/hybrid_raster_extra_models_v1/scripts/run_hybrid_raster_evidence_v2.py", O_RDONLY|O_CLOEXEC) = 3
2460399 openat(AT_FDCWD, "/home/u00134/3dgs_line/hybrid_raster_evidence_v2/src/hao_mukai_source_2026.py", O_RDONLY|O_CLOEXEC) = 3
2460399 openat(AT_FDCWD, "/home/u00134/3dgs_line/hybrid_raster_extra_models_v1/src/hao_mukai_source_2026.py", O_RDONLY|O_CLOEXEC) = 3
2460399 openat(AT_FDCWD, "/home/u00134/3dgs_line/hybrid_raster_evidence_v2/src/hybrid_raster_evidence.py", O_RDONLY|O_CLOEXEC) = 3
2460399 openat(AT_FDCWD, "/home/u00134/3dgs_line/hybrid_raster_extra_models_v1/src/hybrid_raster_evidence.py", O_RDONLY|O_CLOEXEC) = 3
2460399 openat(AT_FDCWD, "/home/u00134/3dgs_line/hybrid_raster_evidence_v2/src/hybrid_raster_io.py", O_RDONLY|O_CLOEXEC) = 3
2460399 openat(AT_FDCWD, "/home/u00134/3dgs_line/hybrid_raster_extra_models_v1/src/hybrid_raster_io.py", O_RDONLY|O_CLOEXEC) = 3
2460399 openat(AT_FDCWD, "/home/u00134/3dgs_line/hybrid_raster_evidence_v2/src/hybrid_raster_native.py", O_RDONLY|O_CLOEXEC) = 3
2460399 openat(AT_FDCWD, "/home/u00134/3dgs_line/hybrid_raster_extra_models_v1/src/hybrid_raster_native.py", O_RDONLY|O_CLOEXEC) = 3
2460399 openat(AT_FDCWD, "/home/u00134/3dgs_line/hybrid_raster_evidence_v2/src/hybrid_raster_stage.py", O_RDONLY|O_CLOEXEC) = 3
2460399 openat(AT_FDCWD, "/home/u00134/3dgs_line/hybrid_raster_extra_models_v1/src/hybrid_raster_stage.py", O_RDONLY|O_CLOEXEC) = 3
2460399 openat(AT_FDCWD, "/home/u00134/3dgs_line/hybrid_raster_evidence_v2/out/hybrid_raster_evidence_v2/LOCK.json", O_RDONLY|O_CLOEXEC) = 3
2460399 openat(AT_FDCWD, "/home/u00134/3dgs_line/hybrid_raster_extra_models_v1/out/hybrid_raster_extra_models_v1", O_RDONLY|O_NONBLOCK|O_CLOEXEC|O_DIRECTORY) = 3
2460399 openat(AT_FDCWD, "/home/u00134/3dgs_line/hybrid_raster_extra_models_v1/out/hybrid_raster_extra_models_v1/tmp", O_RDONLY|O_NONBLOCK|O_CLOEXEC|O_DIRECTORY) = 3
2460399 openat(AT_FDCWD, "/home/u00134/3dgs_line/hybrid_raster_extra_models_v1/out/hybrid_raster_extra_models_v1/logs", O_RDONLY|O_NONBLOCK|O_CLOEXEC|O_DIRECTORY) = 3
2460399 openat(AT_FDCWD, "/home/u00134/3dgs_line/hybrid_raster_extra_models_v1/out/hybrid_raster_extra_models_v1/regression_sandbox", O_RDONLY|O_NONBLOCK|O_CLOEXEC|O_DIRECTORY) = 3
2460399 openat(AT_FDCWD, "/home/u00134/3dgs_line/hybrid_raster_extra_models_v1/out/hybrid_raster_extra_models_v1/regression_sandbox/out", O_RDONLY|O_NONBLOCK|O_CLOEXEC|O_DIRECTORY) = 3
2460399 openat(AT_FDCWD, "/home/u00134/3dgs_line/hybrid_raster_extra_models_v1/out/hybrid_raster_extra_models_v1/regression_sandbox/out/hybrid_raster_evidence_v2", O_RDONLY|O_NONBLOCK|O_CLOEXEC|O_DIRECTORY) = 3
2460399 openat(AT_FDCWD, "/home/u00134/3dgs_line/hybrid_raster_extra_models_v1/out/hybrid_raster_extra_models_v1/regression_sandbox/out/hybrid_raster_evidence_v2/tmp", O_RDONLY|O_NONBLOCK|O_CLOEXEC|O_DIRECTORY) = 3
2460399 openat(AT_FDCWD, "/home/u00134/3dgs_line/hybrid_raster_extra_models_v1/out/hybrid_raster_extra_models_v1/regression_sandbox/out/hybrid_raster_evidence_v2/test_tmp", O_RDONLY|O_NONBLOCK|O_CLOEXEC|O_DIRECTORY) = 3
2460399 openat(AT_FDCWD, "/home/u00134/3dgs_line/hybrid_raster_extra_models_v1/out/hybrid_raster_extra_models_v1/cache", O_RDONLY|O_NONBLOCK|O_CLOEXEC|O_DIRECTORY) = 3
2460399 openat(AT_FDCWD, "/home/u00134/3dgs_line/hybrid_raster_extra_models_v1/artifacts/hybrid_raster_extra_models_v1", O_RDONLY|O_NONBLOCK|O_CLOEXEC|O_DIRECTORY) = 3
2460399 openat(AT_FDCWD, "/home/u00134/3dgs_line/hybrid_raster_extra_models_v1/artifacts/hybrid_raster_extra_models_v1/independent_review", O_RDONLY|O_NONBLOCK|O_CLOEXEC|O_DIRECTORY) = 3
2460399 openat(AT_FDCWD, "/home/u00134/3dgs_line/hybrid_raster_extra_models_v1/artifacts/hybrid_raster_extra_models_v1/independent_review/logs", O_RDONLY|O_NONBLOCK|O_CLOEXEC|O_DIRECTORY) = 3
2460399 openat(AT_FDCWD, "/home/u00134/3dgs_line/hybrid_raster_extra_models_v1/artifacts/hybrid_raster_extra_models_v1/source_audit", O_RDONLY|O_NONBLOCK|O_CLOEXEC|O_DIRECTORY) = 3
2460399 openat(AT_FDCWD, "/home/u00134/3dgs_line/hybrid_raster_extra_models_v1/artifacts/hybrid_raster_extra_models_v1/inventory", O_RDONLY|O_NONBLOCK|O_CLOEXEC|O_DIRECTORY) = 3
2460399 openat(AT_FDCWD, "/home/u00134/3dgs_line/hybrid_raster_extra_models_v1/artifacts/hybrid_raster_extra_models_v1/logs", O_RDONLY|O_NONBLOCK|O_CLOEXEC|O_DIRECTORY) = 3
2460399 openat(AT_FDCWD, "artifacts/hybrid_raster_extra_models_v1/inventory/INVENTORY_DISCOVERY.json", O_RDONLY|O_CLOEXEC) = 3
2460399 openat(AT_FDCWD, "artifacts/hybrid_raster_extra_models_v1/INPUTS.json", O_RDONLY|O_CLOEXEC) = 3
2460399 openat(AT_FDCWD, "/home/u00134/cglib/data/full/hotdog/transforms_train.json", O_RDONLY|O_CLOEXEC) = 3
2460399 openat(AT_FDCWD, "/home/u00134/cglib/data/full/hotdog/transforms_train.json", O_RDONLY|O_CLOEXEC) = 3
2460399 openat(AT_FDCWD, "/home/u00134/cglib/data/full/materials/transforms_train.json", O_RDONLY|O_CLOEXEC) = 3
2460399 openat(AT_FDCWD, "/home/u00134/cglib/data/full/materials/transforms_train.json", O_RDONLY|O_CLOEXEC) = 3
2460399 openat(AT_FDCWD, "/home/u00134/cglib/data/full/mic/transforms_train.json", O_RDONLY|O_CLOEXEC) = 3
2460399 openat(AT_FDCWD, "/home/u00134/cglib/data/full/mic/transforms_train.json", O_RDONLY|O_CLOEXEC) = 3
2460399 openat(AT_FDCWD, "/home/u00134/cglib/data/full/ship/transforms_train.json", O_RDONLY|O_CLOEXEC) = 3
2460399 openat(AT_FDCWD, "/home/u00134/cglib/data/full/ship/transforms_train.json", O_RDONLY|O_CLOEXEC) = 3
2460399 openat(AT_FDCWD, "/home/u00134/3dgs_line/tier1/out/2dgs_ship/point_cloud/iteration_15000/point_cloud.ply", O_RDONLY|O_CLOEXEC) = 3
2460399 openat(AT_FDCWD, "/home/u00134/3dgs_line/tier1/out/2dgs_ship/point_cloud/iteration_15000/point_cloud.ply", O_RDONLY|O_CLOEXEC) = 3
2460399 openat(AT_FDCWD, "/home/u00134/3dgs_line/tier1/out/2dgs_ship/point_cloud/iteration_30000/point_cloud.ply", O_RDONLY|O_CLOEXEC) = 3
2460399 openat(AT_FDCWD, "/home/u00134/3dgs_line/tier1/out/2dgs_ship/point_cloud/iteration_30000/point_cloud.ply", O_RDONLY|O_CLOEXEC) = 3
2460399 openat(AT_FDCWD, "/home/u00134/3dgs_line/tier1/out/2dgs_ship/point_cloud/iteration_7000/point_cloud.ply", O_RDONLY|O_CLOEXEC) = 3
2460399 openat(AT_FDCWD, "/home/u00134/3dgs_line/tier1/out/2dgs_ship/point_cloud/iteration_7000/point_cloud.ply", O_RDONLY|O_CLOEXEC) = 3
2460399 openat(AT_FDCWD, "artifacts/hybrid_raster_extra_models_v1/independent_review/VERIFICATION.json", O_WRONLY|O_CREAT|O_TRUNC|O_CLOEXEC, 0666) = 3
2460399 +++ exited with 0 +++
