# Fixed lifted world-space thin curve tubes; no camera updates
g tubes
v -0.0608886965 0.633707106 1.03684294
v -0.0613121875 0.634656847 1.03433859
v -0.0624546856 0.636886597 1.03330123
v -0.0636469275 0.63909018 1.03433859
v -0.0641905218 0.63997668 1.03684294
v -0.0637670234 0.63902694 1.03934729
v -0.062624529 0.63679719 1.04038465
v -0.0614322834 0.634593606 1.03934729
v -0.0545444191 0.637048244 1.03703725
v -0.0549679101 0.637997985 1.0345329
v -0.0561104082 0.640227735 1.03349555
v -0.0573026538 0.642431319 1.0345329
v -0.0578462407 0.643317819 1.03703725
v -0.0574227497 0.642368078 1.0395416
v -0.0562802516 0.640138328 1.04057896
v -0.055088006 0.637934744 1.0395416
v -0.0535067841 0.637875617 1.03703725
v -0.0549512058 0.637785971 1.03474402
v -0.0571244173 0.639100492 1.03379416
v -0.0587533861 0.641049147 1.03474402
v -0.0588838756 0.642490447 1.03703725
v -0.0574394539 0.642580092 1.03933048
v -0.0552662425 0.641265571 1.04028034
v -0.0536372736 0.639316916 1.03933048
v -0.0496776886 0.642337143 1.03445101
v -0.0511221103 0.642247498 1.03215778
v -0.0532953218 0.643562019 1.03120792
v -0.0549242906 0.645510674 1.03215778
v -0.0550547801 0.646951973 1.03445101
v -0.0536103584 0.647041619 1.03674424
v -0.051437147 0.645727098 1.0376941
v -0.0498081781 0.643778443 1.03674424
v -0.0474101938 0.662196338 1.04560423
v -0.046428334 0.662552536 1.04310179
v -0.0440028645 0.663181663 1.04206526
v -0.0415545888 0.663715184 1.04310179
v -0.0405176766 0.663840592 1.04560423
v -0.0414995365 0.663484395 1.04810667
v -0.0439250059 0.662855268 1.0491432
v -0.0463732816 0.662321746 1.04810667
v -0.0449728146 0.651979029 1.04510629
v -0.0439909548 0.652335227 1.04260385
v -0.0415654853 0.652964354 1.04156733
v -0.0391172096 0.653497875 1.04260385
v -0.0380802974 0.653623283 1.04510629
v -0.0390621573 0.653267086 1.04760873
v -0.0414876267 0.652637959 1.04864526
v -0.0439359024 0.652104437 1.04760873
v -0.0450207442 0.652215302 1.04510629
v -0.0440535732 0.652722418 1.04262424
v -0.0416061096 0.653275669 1.04159617
v -0.0391120426 0.653550923 1.04262424
v -0.0380323678 0.65338701 1.04510629
v -0.0389995389 0.652879894 1.04758835
v -0.0414470024 0.652326643 1.04861641
v -0.0439410694 0.652051389 1.04758835
v -0.0440344885 0.6463328 1.04428875
v -0.0430673175 0.646839917 1.0418067
v -0.0406198539 0.647393167 1.04077864
v -0.0381257869 0.647668421 1.0418067
v -0.0370461121 0.647504508 1.04428875
v -0.0380132832 0.646997392 1.04677081
v -0.0404607467 0.646444142 1.04779887
v -0.0429548137 0.646168888 1.04677081
v -0.0405403003 0.645049632 1.04729867
v -0.0428461023 0.644764841 1.04590034
v -0.0438011996 0.645741761 1.043558
v -0.0428461023 0.647408068 1.04164374
v -0.0405403003 0.648787677 1.04127884
v -0.0382344984 0.649072468 1.04267716
v -0.037279401 0.648095548 1.04501951
v -0.0382344984 0.646429241 1.04693377
v -0.0372213051 0.638412595 1.04317725
v -0.039527107 0.638127804 1.04177892
v -0.0404822044 0.639104724 1.03943658
v -0.039527107 0.640771031 1.03752232
v -0.0372213051 0.64215064 1.03715742
v -0.0349155031 0.642435431 1.03855574
v -0.0339604057 0.641458511 1.04089808
v -0.0349155031 0.639792204 1.04281235
v -0.0347474292 0.63774538 1.04016733
v -0.0354896151 0.638471067 1.03766215
v -0.0372462012 0.640257359 1.03662455
v -0.0389882028 0.642057836 1.03766215
v -0.039695181 0.642817855 1.04016733
v -0.0389529951 0.642092168 1.04267251
v -0.037196409 0.640305877 1.04371011
v -0.0354544073 0.638505399 1.04267251
v -0.027401302 0.644910872 1.0400666
v -0.028143486 0.645636559 1.03756142
v -0.0299000703 0.64742285 1.03652382
v -0.0316420719 0.649223328 1.03756142
v -0.03234905 0.649983346 1.0400666
v -0.0316068679 0.64925766 1.04257178
v -0.0298502818 0.647471368 1.04360938
v -0.0281082802 0.645670891 1.04257178
v -0.0328406282 0.645508409 1.0400666
v -0.0314629599 0.645297527 1.03774047
v -0.029155191 0.646345854 1.03677702
v -0.027269179 0.648039281 1.03774047
v -0.0269097239 0.64938581 1.0400666
v -0.0282873921 0.649596691 1.04239273
v -0.030595161 0.648548365 1.04335618
v -0.0324811749 0.646854937 1.04239273
v -0.0309197493 0.642570257 1.04147065
v -0.0295420811 0.642359376 1.03914452
v -0.0272343121 0.643407702 1.03818107
v -0.0253483001 0.64510113 1.03914452
v -0.024988845 0.646447659 1.04147065
v -0.0263665132 0.64665854 1.04379678
v -0.0286742821 0.645610213 1.04476023
v -0.0305602942 0.643916786 1.04379678
v -0.0286184326 0.644508958 1.04495084
v -0.0283235442 0.642005801 1.04395068
v -0.0278123561 0.640968919 1.04149771
v -0.0273843147 0.642005801 1.039029
v -0.0272901617 0.644508958 1.03799045
v -0.0275850501 0.647012115 1.03899062
v -0.0280962382 0.648048997 1.04144359
v -0.0285242796 0.647012115 1.04391229
v -0.0231637936 0.644735634 1.04599178
v -0.0228689052 0.642232478 1.04499161
v -0.0223577172 0.641195595 1.04253864
v -0.0219296757 0.642232478 1.04006994
v -0.0218355227 0.644735634 1.03903139
v -0.0221304111 0.647238791 1.04003155
v -0.0226415992 0.648275673 1.04248452
v -0.0230696406 0.647238791 1.04495323
v -0.0224996582 0.642005503 1.04476964
v -0.0249975827 0.642683148 1.04396081
v -0.0260322578 0.644563079 1.04230297
v -0.0249975827 0.646544099 1.04076731
v -0.0224996582 0.647465765 1.04025352
v -0.0200017337 0.64678812 1.04106236
v -0.0189670585 0.64490819 1.0427202
v -0.0200017337 0.64292717 1.04425585
v -0.0217746869 0.635976911 1.03748083
v -0.0242726114 0.636654556 1.036672
v -0.0253072865 0.638534486 1.03501415
v -0.0242726114 0.640515506 1.0334785
v -0.0217746869 0.641437173 1.03296471
v -0.0192767624 0.640759528 1.03377354
v -0.0182420872 0.638879597 1.03543139
v -0.0192767624 0.636898577 1.03696704
v -0.0185462013 0.638707042 1.03668201
v -0.019429002 0.636206448 1.03611565
v -0.0216858741 0.635170639 1.03502631
v -0.0239947699 0.636206448 1.03405201
v -0.0250031725 0.638707042 1.03376353
v -0.0241203718 0.641207635 1.03432989
v -0.0218634997 0.642243445 1.03541923
v -0.0195546038 0.641207635 1.03639352
v -0.0159851275 0.639086187 1.03101587
v -0.0168679282 0.636585593 1.03044951
v -0.0191248003 0.635549784 1.02936018
v -0.0214336962 0.636585593 1.02838588
v -0.0224420987 0.639086187 1.02809739
v -0.021559298 0.641586781 1.02866375
v -0.0193024259 0.64262259 1.02975309
v -0.0169935301 0.641586781 1.03072739
v -0.0192136131 0.63745141 1.02641344
v -0.0216578823 0.638417602 1.02708054
v -0.0226703323 0.639775515 1.02919817
v -0.0216578823 0.640729547 1.03152573
v -0.0192136131 0.640720963 1.03269982
v -0.016769344 0.639754772 1.03203273
v -0.0157568939 0.638396859 1.02991509
v -0.016769344 0.637442827 1.02758753
v -0.018578805 0.63995707 1.02511024
v -0.0210230742 0.640923262 1.02577734
v -0.0220355242 0.642281175 1.02789497
v -0.0210230742 0.643235207 1.03022254
v -0.018578805 0.643226624 1.03139663
v -0.0161345359 0.642260432 1.03072953
v -0.0151220858 0.640902519 1.0286119
v -0.0161345359 0.639948487 1.02628434
v -0.00912091415 0.654758453 1.04286385
v -0.0116259698 0.654878676 1.04183269
v -0.0126635972 0.655106604 1.03933775
v -0.0116259698 0.655308664 1.03684056
v -0.00912091415 0.65536654 1.03580403
v -0.00661585853 0.655246317 1.03683519
v -0.0055782306 0.655018389 1.03933012
v -0.00661585853 0.654816329 1.04182732
v -0.009248171 0.644607246 1.04198956
v -0.0117532266 0.644727468 1.0409584
v -0.0127908541 0.644955397 1.03846347
v -0.0117532266 0.645157456 1.03596628
v -0.009248171 0.645215333 1.03492975
v -0.00674311537 0.64509511 1.03596091
v -0.00570548745 0.644867182 1.03845584
v -0.00674311537 0.644665122 1.04095304
v -0.00983306952 0.641416967 1.03845966
v -0.00955424737 0.642422438 1.03595674
v -0.00909613073 0.644885838 1.0349201
v -0.00872707646 0.647364199 1.03595674
v -0.00866327249 0.648405612 1.03845966
v -0.00894209463 0.647400141 1.04096258
v -0.00940021127 0.64493674 1.04199922
v -0.00976926554 0.642458379 1.04096258
v -0.00727381418 0.640988588 1.03857267
v -0.00699499249 0.641994059 1.03606975
v -0.00653687585 0.644457459 1.03503311
v -0.00616782205 0.646935821 1.03606975
v -0.00610401807 0.647977233 1.03857267
v -0.00638283975 0.646971762 1.04107559
v -0.0068409564 0.644508362 1.04211223
v -0.0072100102 0.642030001 1.04107559
v -0.00877590291 0.641619861 1.03857267
v -0.00871868618 0.64286232 1.03616309
v -0.00747245783 0.645054042 1.03516495
v -0.00576724112 0.646911263 1.03616309
v -0.00460192887 0.64734596 1.03857267
v -0.0046591456 0.646103501 1.04098225
v -0.00590537442 0.643911779 1.04198039
v -0.00761059113 0.642054558 1.04098225
v -0.00435906462 0.638400257 1.03701746
v -0.00430184789 0.639642715 1.03460789
v -0.00305561931 0.641834438 1.03360975
v -0.00135040237 0.643691659 1.03460789
v -0.000185090292 0.644126356 1.03701746
v -0.000242306895 0.642883897 1.03942704
v -0.00148853555 0.640692174 1.04042518
v -0.00319375237 0.638834953 1.03942704
v -0.00380234374 0.641263306 1.04021287
v -0.00250633294 0.638941109 1.03968298
v -0.00107309863 0.637979209 1.0375917
v -0.000342209707 0.638941109 1.035164
v -0.00074181112 0.641263306 1.03382206
v -0.0020378218 0.643585503 1.03435194
v -0.003471056 0.644547403 1.03644323
v -0.00420194492 0.643585503 1.03887093
v 0.00238849968 0.644041836 1.0431776
v 0.00368451048 0.641719639 1.04264772
v 0.00511774467 0.64075774 1.04055643
v 0.00584863359 0.641719639 1.03812873
v 0.00544903241 0.644041836 1.03678679
v 0.00415302161 0.646364033 1.03731668
v 0.00271978742 0.647325933 1.03940797
v 0.0019888985 0.646364033 1.04183567
v 0.00391876604 0.642132878 1.04296696
v 0.00154889666 0.642007589 1.04165494
v 0.000567264622 0.643073976 1.03936315
v 0.00154889666 0.644707263 1.03743398
v 0.00391876604 0.645950794 1.03699744
v 0.00628863554 0.646076083 1.03830945
v 0.00727026723 0.645009696 1.04060125
v 0.00628863554 0.64337641 1.04253042
v 0.00704150135 0.63445884 1.03805888
v 0.00467163185 0.634333551 1.03674686
v 0.00368999992 0.635399938 1.03445506
v 0.00467163185 0.637033224 1.0325259
v 0.00704150135 0.638276756 1.03208935
v 0.00941137038 0.638402045 1.03340137
v 0.010393003 0.637335658 1.03569317
v 0.00941137038 0.635702372 1.03762233
v 0.00963041652 0.633949101 1.03507411
v 0.00895789638 0.634749293 1.03257203
v 0.00716277724 0.636497617 1.03153563
v 0.00529661682 0.638169885 1.03257203
v 0.00445258571 0.638786495 1.03507411
v 0.00512510631 0.637986302 1.0375762
v 0.00692022545 0.636237979 1.0386126
v 0.00878638588 0.634565711 1.0375762
v 0.0171226952 0.641968668 1.0356251
v 0.016450176 0.64276886 1.03312302
v 0.0146550564 0.644517183 1.03208661
v 0.0127888955 0.646189451 1.03312302
v 0.0119448649 0.646806061 1.0356251
v 0.0126173859 0.646005869 1.03812718
v 0.0144125046 0.644257545 1.03916359
v 0.0162786655 0.642585278 1.03812718
v 0.0145337805 0.641682684 1.03791356
v 0.0120349536 0.642359078 1.03710639
v 0.0109999059 0.644223571 1.0354315
v 0.0120349536 0.646184027 1.03386998
v 0.0145337805 0.647092044 1.03333664
v 0.0170326084 0.646415651 1.03414381
v 0.0180676561 0.644551158 1.0358187
v 0.0170326084 0.642590702 1.03738022
v 0.0152514661 0.635221779 1.03027773
v 0.0127526391 0.635898173 1.02947056
v 0.0117175914 0.637762666 1.02779567
v 0.0127526391 0.639723122 1.02623415
v 0.0152514661 0.640631139 1.02570081
v 0.017750293 0.639954746 1.02650797
v 0.0187853407 0.638090253 1.02818286
v 0.017750293 0.636129797 1.02974439
v 0.0177254863 0.635390341 1.02798927
v 0.0175197981 0.636639416 1.02559125
v 0.0159853529 0.638642371 1.02459788
v 0.0140210064 0.640226007 1.02559125
v 0.0127774468 0.640462577 1.02798927
v 0.0129831331 0.639213502 1.03038728
v 0.0145175792 0.637210548 1.03138065
v 0.0164819248 0.635626912 1.03038728
v 0.0250465777 0.642532229 1.0310812
v 0.0248408914 0.643781304 1.02868319
v 0.0233064461 0.645784259 1.02768981
v 0.0213420987 0.647367895 1.02868319
v 0.0200985391 0.647604465 1.0310812
v 0.0203042254 0.646355391 1.03347921
v 0.0218386706 0.644352436 1.03447258
v 0.023803018 0.6427688 1.03347921
v 0.025997825 0.644162774 1.0310812
v 0.025018042 0.644516706 1.02857769
v 0.0226057284 0.645193815 1.02754056
v 0.0201739836 0.645797431 1.02857769
v 0.0191472918 0.645973921 1.0310812
v 0.0201270748 0.645619988 1.03358471
v 0.0225393884 0.64494288 1.03462183
v 0.0249711331 0.644339263 1.03358471
v 0.0271675047 0.648586869 1.03124893
v 0.0261877216 0.648940802 1.02874541
v 0.023775408 0.64961791 1.02770829
v 0.0213436633 0.650221527 1.02874541
v 0.0203169715 0.650398016 1.03124893
v 0.0212967545 0.650044084 1.03375244
v 0.0237090681 0.649366975 1.03478956
v 0.0261408128 0.648763359 1.03375244
v 0.0237422381 0.646561146 1.03323889
v 0.0212370548 0.647409379 1.03264081
v 0.0201993734 0.649477839 1.03122747
v 0.0212370548 0.651554883 1.02982664
v 0.0237422381 0.652423739 1.02925897
v 0.0262474213 0.651575506 1.02985704
v 0.0272851028 0.649507046 1.03127038
v 0.0262474213 0.647430003 1.03267121
v 0.023851173 0.638207674 1.02093375
v 0.0213459898 0.639055908 1.02033567
v 0.0203083083 0.641124368 1.01892233
v 0.0213459898 0.643201411 1.0175215
v 0.023851173 0.644070268 1.01695383
v 0.0263563562 0.643222034 1.0175519
v 0.0273940377 0.641153574 1.01896524
v 0.0263563562 0.639076531 1.02036607
v 0.0247338712 0.63770771 1.01894379
v 0.0239885636 0.638587475 1.01648951
v 0.0231627747 0.640961885 1.01547289
v 0.0227402411 0.643440008 1.01648951
v 0.0229684748 0.644570231 1.01894379
v 0.0237137824 0.643690467 1.02139807
v 0.0245395713 0.641316056 1.02241468
v 0.0249621049 0.638837934 1.02139807
v 0.0304333698 0.639173925 1.01773858
v 0.0296880621 0.640053689 1.0152843
v 0.0288622733 0.6424281 1.01426768
v 0.0284397397 0.644906223 1.0152843
v 0.0286679734 0.646036446 1.01773858
v 0.029413281 0.645156682 1.02019286
v 0.0302390698 0.642782271 1.02120948
v 0.0306616034 0.640304148 1.02019286
v 0.0321123898 0.6401577 1.01773858
v 0.0322862417 0.641841829 1.01562047
v 0.0308576338 0.643973172 1.01474309
v 0.0286634266 0.64530313 1.01562047
v 0.0269889552 0.645052671 1.01773858
v 0.0268151015 0.643368542 1.01985669
v 0.0282437094 0.641237199 1.02073407
v 0.0304379165 0.639907241 1.01985669
v 0.0397103913 0.64811033 1.02468538
v 0.0398842432 0.649794459 1.02256727
v 0.0384556353 0.651925802 1.02168989
v 0.0362614281 0.653255761 1.02256727
v 0.0345869549 0.653005302 1.02468538
v 0.034413103 0.651321173 1.02680349
v 0.0358417109 0.64918983 1.02768087
v 0.038035918 0.647859871 1.02680349
v 0.0367661044 0.650557816 1.02820766
v 0.0366849229 0.648060143 1.02715504
v 0.0368754007 0.647025526 1.0246557
v 0.037225958 0.648060143 1.02217376
v 0.0375312418 0.650557816 1.02116311
v 0.0376124233 0.653055489 1.02221572
v 0.0374219455 0.654090106 1.02471507
v 0.0370713882 0.653055489 1.027197
v 0.0419980884 0.650148273 1.02877593
v 0.0419169068 0.647650599 1.02772331
v 0.0421073847 0.646615982 1.02522397
v 0.0424579419 0.647650599 1.02274203
v 0.0427632257 0.650148273 1.02173138
v 0.0428444073 0.652645946 1.02278399
v 0.0426539294 0.653680563 1.02528334
v 0.0423033722 0.652645946 1.02776527
v 0.041586794 0.646695375 1.02525365
v 0.0418193117 0.647706747 1.02274835
v 0.042380657 0.650148273 1.02171063
v 0.0429420024 0.652589798 1.02274835
v 0.0431745201 0.65360117 1.02525365
v 0.0429420024 0.652589798 1.02775896
v 0.042380657 0.650148273 1.02879667
v 0.0418193117 0.647706747 1.02775896
v 0.0466099754 0.645540476 1.02525365
v 0.0468424931 0.646551847 1.02274835
v 0.0474038385 0.648993373 1.02171063
v 0.0479651839 0.651434898 1.02274835
v 0.0481977016 0.65244627 1.02525365
v 0.0479651839 0.651434898 1.02775896
v 0.0474038385 0.648993373 1.02879667
v 0.0468424931 0.646551847 1.02775896
v 0.0491294861 0.645899057 1.02525365
v 0.0487251058 0.646861732 1.02275109
v 0.0475467481 0.649073064 1.02171445
v 0.0462846756 0.651237726 1.02275109
v 0.0456781909 0.652087688 1.02525365
v 0.0460825711 0.651125014 1.02775621
v 0.0472609289 0.648913682 1.02879286
v 0.0485230014 0.64674902 1.02775621
v 0.0553402081 0.649362683 1.02558243
v 0.0549358279 0.650325358 1.02307987
v 0.0537574701 0.65253669 1.02204323
v 0.0524953976 0.654701352 1.02307987
v 0.0518889129 0.655551314 1.02558243
v 0.0522932932 0.65458864 1.02808499
v 0.0534716509 0.652377307 1.02912164
v 0.0547337234 0.650212646 1.02808499
v 0.0557777174 0.649651051 1.02558243
v 0.0547597446 0.650176585 1.02312469
v 0.0530709401 0.652037919 1.02210665
v 0.0517005809 0.654144764 1.02312469
v 0.0514514036 0.655262947 1.02558243
v 0.0524693765 0.654737413 1.02804017
v 0.054158181 0.652876079 1.02905822
v 0.0555285402 0.650769234 1.02804017
v 0.0590592548 0.652180851 1.02476418
v 0.058041282 0.652706385 1.02230644
v 0.0563524775 0.654567719 1.02128839
v 0.0549821183 0.656674564 1.02230644
v 0.0547329411 0.657792747 1.02476418
v 0.0557509139 0.657267213 1.02722192
v 0.0574397184 0.655405879 1.02823997
v 0.0588100776 0.653299034 1.02722192
v 0.0597530305 0.654986799 1.02685952
v 0.0594874322 0.652675211 1.02546704
v 0.0577038676 0.651717663 1.02366281
v 0.0554471239 0.652675211 1.02250373
v 0.0540391654 0.654986799 1.02266884
v 0.0543047637 0.657298386 1.02406132
v 0.0560883284 0.658255935 1.02586555
v 0.058345072 0.657298386 1.02702463
v 0.0628740713 0.657191634 1.02260411
v 0.062608473 0.654880047 1.02121162
v 0.0608249083 0.653922498 1.01940739
v 0.0585681647 0.654880047 1.01824832
v 0.0571602061 0.657191634 1.01841342
v 0.0574258044 0.659503222 1.01980591
v 0.0592093691 0.66046077 1.02161014
v 0.0614661127 0.659503222 1.02276921
v 0.0600171387 0.655109823 1.02337551
v 0.0575125255 0.655765355 1.02256918
v 0.0564750805 0.657256365 1.02055573
v 0.0575125255 0.658709466 1.01851487
v 0.0600171387 0.659273446 1.01764202
v 0.0625217482 0.658617914 1.01844835
v 0.0635591969 0.657126904 1.0204618
v 0.0625217482 0.655673802 1.02250266
v 0.0597094893 0.644088626 1.01537204
v 0.0572048761 0.644744158 1.01456571
v 0.0561674312 0.646235168 1.01255226
v 0.0572048761 0.64768827 1.0105114
v 0.0597094893 0.648252249 1.00963855
v 0.0622141026 0.647596717 1.01044488
v 0.0632515475 0.646105707 1.01245832
v 0.0622141026 0.644652605 1.01449919
v 0.058709912 0.642771423 1.01250529
v 0.0588960126 0.643798351 1.01000249
v 0.0595586374 0.646214783 1.00896585
v 0.0603096299 0.648605287 1.01000249
v 0.0607090667 0.649569452 1.01250529
v 0.0605229661 0.648542523 1.01500809
v 0.0598603413 0.646126091 1.01604474
v 0.0591093488 0.643735588 1.01500809
v 0.0636681616 0.641313314 1.0122757
v 0.0638542622 0.642340243 1.0097729
v 0.0645168871 0.644756675 1.00873625
v 0.0652678758 0.647147179 1.0097729
v 0.0656673163 0.648111343 1.0122757
v 0.0654812157 0.647084415 1.01477849
v 0.0648185909 0.644667983 1.01581514
v 0.0640676022 0.642277479 1.01477849
v 0.0641495809 0.644712329 1.01578057
v 0.0642399713 0.642207861 1.01474488
v 0.0645809472 0.641170442 1.01226282
v 0.0649727657 0.642207861 1.00978827
v 0.0651858971 0.644712329 1.00877082
v 0.0650955066 0.647216797 1.00980651
v 0.0647545308 0.648254216 1.01228857
v 0.0643627122 0.647216797 1.01476312
v 0.0694601089 0.644579351 1.01656568
v 0.0695504993 0.642074883 1.01552999
v 0.0698914751 0.641037464 1.01304793
v 0.0702832937 0.642074883 1.01057339
v 0.070496425 0.644579351 1.00955594
v 0.0704060346 0.647083819 1.01059163
v 0.0700650588 0.648121238 1.01307368
v 0.0696732402 0.647083819 1.01554823
v 0.0690901801 0.641149521 1.01306081
v 0.069301106 0.642166793 1.0105561
v 0.0699087083 0.644597352 1.00951862
v 0.0705570579 0.64701736 1.0105561
v 0.0708663538 0.648009181 1.01306081
v 0.0706554279 0.646991909 1.01556551
v 0.0700478256 0.64456135 1.01660299
v 0.0693994761 0.642141342 1.01556551
v 0.0740909651 0.63985467 1.01295602
v 0.074301891 0.640871942 1.01045132
v 0.0749094933 0.6433025 1.00941384
v 0.0755578429 0.645722508 1.01045132
v 0.0758671388 0.64671433 1.01295602
v 0.0756562129 0.645697057 1.01546073
v 0.0750486106 0.643266499 1.01649821
v 0.074400261 0.640846491 1.01546073
v 0.077081576 0.640432835 1.01295602
v 0.0760102347 0.640932202 1.01051557
v 0.0743348375 0.64280951 1.00950468
v 0.0730368122 0.644965053 1.01051557
v 0.0728765279 0.646136165 1.01295602
v 0.0739478692 0.645636797 1.01539648
v 0.0756232664 0.643759489 1.01640737
v 0.0769212916 0.641603947 1.01539648
v 0.0835587829 0.645208478 1.0110898
v 0.0824874416 0.645707846 1.00864935
v 0.0808120444 0.647585154 1.00763845
v 0.0795140192 0.649740696 1.00864935
v 0.0793537349 0.650911808 1.0110898
v 0.0804250762 0.65041244 1.01353025
v 0.0821004733 0.648535132 1.01454115
v 0.0833984986 0.64637959 1.01353025
v 0.0831299499 0.648060143 1.01421249
v 0.0824269652 0.645566523 1.01341188
v 0.0811553523 0.644533694 1.01125109
v 0.0800600052 0.645566523 1.00899577
v 0.0797825679 0.648060143 1.00796711
v 0.0804855525 0.650553763 1.00876772
v 0.0817571655 0.651586592 1.01092851
v 0.0828525126 0.650553763 1.01318383
v 0.0882666409 0.647495925 1.01145935
v 0.0875636563 0.645002306 1.01065874
v 0.0862920433 0.643969476 1.00849795
v 0.0851966962 0.645002306 1.00624263
v 0.084919259 0.647495925 1.00521398
v 0.0856222436 0.649989545 1.00601459
v 0.0868938565 0.651022375 1.00817537
v 0.0879892036 0.649989545 1.01043069
v 0.0885299146 0.647495925 1.01130331
v 0.0886097103 0.645112872 1.01001179
v 0.0875081196 0.64412576 1.00773919
v 0.0858704299 0.645112872 1.00581646
v 0.0846559852 0.647495925 1.00537002
v 0.0845761895 0.649878979 1.00666153
v 0.0856777802 0.650866091 1.00893414
v 0.08731547 0.649878979 1.01085687
v 0.0914389268 0.648622632 1.00940394
v 0.0915187225 0.646239579 1.00811243
v 0.0904171318 0.645252466 1.00583982
v 0.088779442 0.646239579 1.0039171
v 0.0875649974 0.648622632 1.00347066
v 0.0874852017 0.651005685 1.00476217
v 0.0885867923 0.651992798 1.00703478
v 0.0902244821 0.651005685 1.00895751
v 0.0895019621 0.645777524 1.00854862
v 0.0870334432 0.646356106 1.00758696
v 0.0860109478 0.648262441 1.00595188
v 0.0870334432 0.650379717 1.00460112
v 0.0895019621 0.651467741 1.00432599
v 0.091970481 0.650889158 1.00528765
v 0.0929929763 0.648982823 1.00692272
v 0.091970481 0.646865547 1.00827348
v 0.090897128 0.640975773 1.00207806
v 0.0884286091 0.641554356 1.00111639
v 0.0874061137 0.643460691 0.99948132
v 0.0884286091 0.645577967 0.99813056
v 0.090897128 0.64666599 0.997855365
v 0.0933656469 0.646087408 0.998817027
v 0.0943881422 0.644181073 1.00045216
v 0.0933656469 0.642063797 1.00180292
v 0.092080988 0.640481591 0.999966741
v 0.0914554372 0.64136076 0.997479022
v 0.0905028433 0.643681109 0.996448576
v 0.0897812098 0.646083295 0.997479022
v 0.089713268 0.647160172 0.999966741
v 0.0903388187 0.646281004 1.00245452
v 0.0912914127 0.643960655 1.00348496
v 0.0920130461 0.641558468 1.00245452
v 0.0979045853 0.642546177 0.999232054
v 0.0972790346 0.643425345 0.996744335
v 0.0963264406 0.645745695 0.99571389
v 0.0956048071 0.648147881 0.996744335
v 0.0955368653 0.649224758 0.999232054
v 0.096162416 0.64834559 1.00171983
v 0.09711501 0.64602524 1.00275028
v 0.0978366435 0.643623054 1.00171983
v 0.0967207253 0.644833326 0.995848954
v 0.0942786485 0.645675302 0.996673822
v 0.0932671055 0.64664042 0.998997271
v 0.0942786485 0.647163272 1.00145829
v 0.0967207253 0.646937609 1.00261521
v 0.0991628021 0.646095634 1.00179029
v 0.100174345 0.645130515 0.999466836
v 0.0991628021 0.644607663 0.99700582
v 0.0981456414 0.650777042 0.994000435
v 0.0957035646 0.651619017 0.994825304
v 0.0946920216 0.652584136 0.997148752
v 0.0957035646 0.653106987 0.999609768
v 0.0981456414 0.652881324 1.00076663
v 0.100587718 0.652039349 0.999941766
v 0.101599261 0.651074231 0.997618318
v 0.100587718 0.650551379 0.995157301
v 0.0981456414 0.649122179 0.999669313
v 0.095649749 0.649775505 0.99883455
v 0.0946159139 0.651631832 0.997149765
v 0.095649749 0.653603733 0.995601952
v 0.0981456414 0.654536188 0.995097756
v 0.100641534 0.653882861 0.995932519
v 0.101675369 0.652026534 0.997617304
v 0.100641534 0.650054634 0.999165118
v 0.0990596563 0.642318785 0.991612196
v 0.0965637639 0.642972112 0.990777433
v 0.0955299288 0.644828439 0.989092648
v 0.0965637639 0.646800339 0.987544835
v 0.0990596563 0.647732794 0.987040639
v 0.101555549 0.647079468 0.987875402
v 0.102589384 0.645223141 0.989560187
v 0.101555549 0.64325124 0.991108
v 0.0982658044 0.641572893 0.989326417
v 0.0984983221 0.642584264 0.986821175
v 0.0990596563 0.64502579 0.985783458
v 0.0996209905 0.647467315 0.986821175
v 0.0998535082 0.648478687 0.989326417
v 0.0996209905 0.647467315 0.99183166
v 0.0990596563 0.64502579 0.992869377
v 0.0984983221 0.642584264 0.99183166
v 0.103321746 0.640410483 0.989326417
v 0.103554264 0.641421854 0.986821175
v 0.104115598 0.64386338 0.985783458
v 0.104676932 0.646304905 0.986821175
v 0.10490945 0.647316277 0.989326417
v 0.104676932 0.646304905 0.99183166
v 0.104115598 0.64386338 0.992869377
v 0.103554264 0.641421854 0.99183166
v 0.101757333 0.641219318 0.989326417
v 0.10181091 0.642562032 0.98697114
v 0.10321454 0.644667029 0.985995531
v 0.105145998 0.64630127 0.98697114
v 0.106473863 0.646507442 0.989326417
v 0.106420286 0.645164728 0.991681695
v 0.105016656 0.643059731 0.992657304
v 0.103085198 0.64142549 0.991681695
v 0.106135614 0.63731432 0.987199843
v 0.106189191 0.638657033 0.984844565
v 0.107592821 0.640762031 0.983868957
v 0.10952428 0.642396271 0.984844565
v 0.110852145 0.642602444 0.987199843
v 0.110798568 0.64125973 0.98955512
v 0.109394938 0.639154732 0.990530729
v 0.107463479 0.637520492 0.98955512
v 0.110226586 0.636868 0.987199843
v 0.109826237 0.637833238 0.98469758
v 0.108645409 0.640043318 0.983661115
v 0.107375816 0.642203689 0.98469758
v 0.106761172 0.643048763 0.987199843
v 0.107161522 0.642083526 0.989702106
v 0.10834235 0.639873445 0.990738571
v 0.109611943 0.637713075 0.989702106
v 0.116394423 0.640326202 0.98754698
v 0.115994073 0.64129144 0.985044718
v 0.114813246 0.64350152 0.984008253
v 0.113543652 0.645661891 0.985044718
v 0.112929009 0.646506965 0.98754698
v 0.113329358 0.645541728 0.990049243
v 0.114510186 0.643331647 0.991085708
v 0.11577978 0.641171277 0.990049243
v 0.115758255 0.643416584 0.990915954
v 0.115726732 0.640929937 0.989834964
v 0.115071326 0.639899909 0.987413645
v 0.114175983 0.640929937 0.985070467
v 0.113565177 0.643416584 0.984178007
v 0.1135967 0.64590323 0.985258996
v 0.114252105 0.646933258 0.987680316
v 0.115147449 0.64590323 0.990023494
v 0.121245518 0.644123435 0.989129961
v 0.121213995 0.641636789 0.988048971
v 0.12055859 0.640606761 0.985627651
v 0.119663246 0.641636789 0.983284473
v 0.11905244 0.644123435 0.982392013
v 0.119083963 0.646610081 0.983473003
v 0.119739369 0.647640109 0.985894322
v 0.120634712 0.646610081 0.9882375
v 0.11797262 0.641327739 0.985760987
v 0.118009649 0.642613947 0.983374059
v 0.119299874 0.644784451 0.982385397
v 0.121087492 0.646567702 0.983374059
v 0.122325338 0.646919131 0.985760987
v 0.122288309 0.645632923 0.988147914
v 0.120998085 0.64346242 0.989136577
v 0.119210467 0.641679168 0.988147914
v 0.122467108 0.637828946 0.98394531
v 0.122504137 0.639115155 0.981558383
v 0.123794362 0.641285658 0.98056972
v 0.12558198 0.64306891 0.981558383
v 0.126819834 0.643420339 0.98394531
v 0.12678279 0.64213413 0.986332238
v 0.125492573 0.639963627 0.9873209
v 0.123704955 0.638180375 0.986332238
v 0.127262607 0.638238728 0.98394531
v 0.12658447 0.639035225 0.981443524
v 0.124769315 0.640762806 0.980407298
v 0.122880436 0.642409444 0.981443524
v 0.12202432 0.643010557 0.98394531
v 0.122702464 0.64221406 0.986447096
v 0.12451762 0.640486479 0.987483323
v 0.126406491 0.638839841 0.986447096
v 0.13085942 0.642187119 0.984227419
v 0.130181283 0.642983615 0.981725633
v 0.128366113 0.644711196 0.980689406
v 0.126477242 0.646357834 0.981725633
v 0.125621125 0.646958947 0.984227419
v 0.126299262 0.64616245 0.986729205
v 0.128114432 0.644434869 0.987765431
v 0.130003303 0.642788231 0.986729205
v 0.129678965 0.644573033 0.987465143
v 0.12924552 0.64206779 0.986522198
v 0.128223211 0.641030133 0.984234989
v 0.127210885 0.64206779 0.981943369
v 0.12680158 0.644573033 0.980989695
v 0.127235025 0.647078276 0.98193264
v 0.128257334 0.648115933 0.984219849
v 0.12926966 0.647078276 0.986511469
v 0.134989426 0.644542396 0.985105395
v 0.134555981 0.642037153 0.98416245
v 0.133533671 0.640999496 0.981875241
v 0.132521346 0.642037153 0.979583621
v 0.132112041 0.644542396 0.978629947
v 0.132545486 0.647047639 0.979572892
v 0.133567795 0.648085296 0.981860101
v 0.13458012 0.647047639 0.984151721
v 0.134704083 0.641192436 0.981867671
v 0.134065941 0.642070234 0.979382634
v 0.133126006 0.644396186 0.978353322
v 0.13243486 0.64680779 0.979382634
v 0.132397383 0.647892356 0.981867671
v 0.133035526 0.647014558 0.984352708
v 0.133975461 0.644688606 0.98538202
v 0.134666607 0.642277002 0.984352708
v 0.1404908 0.643184721 0.98108542
v 0.139852658 0.644062519 0.978600383
v 0.138912722 0.646388471 0.97757107
v 0.138221577 0.648800075 0.978600383
v 0.1381841 0.649884641 0.98108542
v 0.138822243 0.649006844 0.983570457
v 0.139762178 0.646680892 0.984599769
v 0.140453324 0.644269288 0.983570457
v 0.136933506 0.643932045 0.98108542
v 0.13698779 0.645294547 0.978741527
v 0.138418466 0.647383511 0.977770686
v 0.140387475 0.648975194 0.978741527
v 0.141741395 0.649137318 0.98108542
v 0.14168711 0.647774816 0.983429313
v 0.140256435 0.645685852 0.984400153
v 0.138287425 0.644094169 0.983429313
v 0.139123738 0.641909003 0.979960144
v 0.139178023 0.643271506 0.977616251
v 0.140608698 0.64536047 0.97664541
v 0.142577708 0.646952152 0.977616251
v 0.143931627 0.647114277 0.979960144
v 0.143877342 0.645751774 0.982304037
v 0.142446667 0.64366281 0.983274877
v 0.140477657 0.642071128 0.982304037
v 0.142722994 0.641176403 0.979960144
v 0.142101809 0.642056108 0.977471471
v 0.141144291 0.644374251 0.976440668
v 0.140411362 0.646772861 0.977471471
v 0.140332371 0.647846878 0.979960144
v 0.140953556 0.646967173 0.982448816
v 0.141911075 0.644649029 0.983479619
v 0.142644003 0.642250419 0.982448816
v 0.148524612 0.643255651 0.979246974
v 0.147903427 0.644135356 0.976758301
v 0.146945909 0.6464535 0.975727499
v 0.14621298 0.64885211 0.976758301
v 0.146133989 0.649926126 0.979246974
v 0.146755174 0.649046421 0.981735647
v 0.147712693 0.646728277 0.982766449
v 0.148445621 0.644329667 0.981735647
v 0.149045676 0.643491447 0.979246974
v 0.148637787 0.644451737 0.976744056
v 0.147463396 0.646665156 0.975707352
v 0.146210447 0.648835063 0.976744056
v 0.145612925 0.64969033 0.979246974
v 0.146020815 0.64873004 0.981749892
v 0.147195205 0.646516621 0.982786596
v 0.148448154 0.644346714 0.981749892
v 0.155134991 0.64686352 0.979548395
v 0.154727101 0.647823811 0.977045476
v 0.153552711 0.650037229 0.976008773
v 0.152299762 0.652207136 0.977045476
v 0.15170224 0.653062403 0.979548395
v 0.15211013 0.652102113 0.982051313
v 0.15328452 0.649888694 0.983088017
v 0.154537469 0.647718787 0.982051313
v 0.150437146 0.648048937 0.979548395
v 0.150673643 0.64960146 0.977337718
v 0.152518108 0.651365697 0.976422071
v 0.154890075 0.652308226 0.977337718
v 0.156400084 0.651876986 0.979548395
v 0.156163588 0.650324464 0.981759071
v 0.154319122 0.648560226 0.982674718
v 0.151947156 0.647617698 0.981759071
v 0.154363781 0.641932368 0.97567296
v 0.154600278 0.64348489 0.973462284
v 0.156444743 0.645249128 0.972546637
v 0.15881671 0.646191657 0.973462284
v 0.160326719 0.645760417 0.97567296
v 0.160090223 0.644207895 0.977883637
v 0.158245757 0.642443657 0.978799284
v 0.15587379 0.641501129 0.977883637
v 0.159901202 0.641392887 0.97567296
v 0.15916881 0.642128408 0.973167837
v 0.157368183 0.643870294 0.972130179
v 0.155554146 0.645598173 0.973167837
v 0.154789299 0.646299899 0.97567296
v 0.155521691 0.645564377 0.978178084
v 0.157322317 0.643822491 0.979215741
v 0.159136355 0.642094612 0.978178084
v 0.16338414 0.64502126 0.975719988
v 0.162651747 0.645756781 0.973214865
v 0.160851121 0.647498667 0.972177207
v 0.159037083 0.649226546 0.973214865
v 0.158272237 0.649928272 0.975719988
v 0.159004629 0.64919275 0.978225112
v 0.160805255 0.647450864 0.979262769
v 0.162619293 0.645722985 0.978225112
v 0.15799737 0.645344257 0.975719988
v 0.158161402 0.646852016 0.973472118
v 0.159887597 0.648724556 0.972540975
v 0.162164778 0.649864972 0.973472118
v 0.163659006 0.649605274 0.975719988
v 0.163494974 0.648097515 0.977967858
v 0.161768779 0.646224976 0.978899002
v 0.159491599 0.64508456 0.977967858
v 0.162096381 0.639897883 0.972366035
v 0.162260413 0.641405642 0.970118165
v 0.163986608 0.643278182 0.969187021
v 0.166263789 0.644418597 0.970118165
v 0.167758018 0.6441589 0.972366035
v 0.167593986 0.642651141 0.974613905
v 0.165867791 0.640778601 0.975545049
v 0.16359061 0.639638186 0.974613905
v 0.165945083 0.638634801 0.972366035
v 0.165250391 0.639509797 0.969895244
v 0.164366379 0.641860187 0.968871772
v 0.163810879 0.644309103 0.969895244
v 0.163909316 0.645421982 0.972366035
v 0.164604008 0.644546986 0.974836826
v 0.16548802 0.642196596 0.975860298
v 0.16604352 0.639747679 0.974836826
v 0.171655506 0.6403476 0.971367061
v 0.170960814 0.641222596 0.96889627
v 0.170076802 0.643572986 0.967872798
v 0.169521302 0.646021903 0.96889627
v 0.169619739 0.647134781 0.971367061
v 0.170314431 0.646259785 0.973837852
v 0.171198443 0.643909395 0.974861324
v 0.171753943 0.641460478 0.973837852
v 0.173340112 0.641450107 0.971367061
v 0.172705054 0.642305732 0.968873501
v 0.170858935 0.644002259 0.967840672
v 0.16888316 0.64554584 0.968873501
v 0.167935133 0.646032274 0.971367061
v 0.168570191 0.645176649 0.973860621
v 0.17041631 0.643480122 0.974893451
v 0.172392085 0.641936541 0.973860621
v 0.176945508 0.645702899 0.971908152
v 0.17631045 0.646558523 0.969414592
v 0.17446433 0.64825505 0.968381763
v 0.172488555 0.649798632 0.969414592
v 0.171540529 0.650285065 0.971908152
v 0.172175586 0.64942944 0.974401712
v 0.174021706 0.647732913 0.975434542
v 0.175997481 0.646189332 0.974401712
v 0.175583035 0.647993982 0.975187898
v 0.175264761 0.645489991 0.97419697
v 0.174347952 0.64445281 0.971865296
v 0.173369676 0.645489991 0.969558716
v 0.172903001 0.647993982 0.968628407
v 0.173221275 0.650497973 0.969619334
v 0.174138084 0.651535153 0.971951008
v 0.17511636 0.650497973 0.974257588
v 0.180948853 0.648179531 0.972995579
v 0.18063058 0.64567554 0.972004652
v 0.179713771 0.64463836 0.969672978
v 0.178735495 0.64567554 0.967366397
v 0.17826882 0.648179531 0.966436088
v 0.178587094 0.650683522 0.967427015
v 0.179503903 0.651720703 0.969758689
v 0.180482179 0.650683522 0.97206527
v 0.180779442 0.648179531 0.973059833
v 0.180660993 0.645685613 0.972001851
v 0.179926187 0.644652545 0.969604731
v 0.179005489 0.645685613 0.967272699
v 0.178438231 0.648179531 0.966371834
v 0.178556681 0.650673449 0.967429817
v 0.179291487 0.651706517 0.969826937
v 0.180212185 0.650673449 0.972158968
v 0.186224937 0.648729563 0.971153557
v 0.186106488 0.646235645 0.970095575
v 0.185371682 0.645202577 0.967698455
v 0.184450984 0.646235645 0.965366423
v 0.183883727 0.648729563 0.964465559
v 0.184002176 0.651223481 0.965523541
v 0.184736982 0.652256548 0.967920661
v 0.18565768 0.651223481 0.970252693
v 0.186224908 0.648729563 0.971153557
v 0.186106458 0.646235645 0.970095575
v 0.185371697 0.645202577 0.967698455
v 0.184451014 0.646235645 0.965366423
v 0.183883756 0.648729563 0.964465559
v 0.184002206 0.651223481 0.965523541
v 0.184736967 0.652256548 0.967920661
v 0.18565765 0.651223481 0.970252693
v 0.191670418 0.649279594 0.969247341
v 0.191551968 0.646785676 0.968189359
v 0.190817207 0.645752609 0.965792239
v 0.189896524 0.646785676 0.963460207
v 0.189329267 0.649279594 0.962559342
v 0.189447716 0.651773512 0.963617325
v 0.190182477 0.65280658 0.966014445
v 0.19110316 0.651773512 0.968346477
v 0.187951297 0.646818399 0.965903342
v 0.188023016 0.648237944 0.963594019
v 0.189545646 0.650267661 0.962637484
v 0.191627219 0.651718616 0.963594019
v 0.193048388 0.651740789 0.965903342
v 0.192976668 0.650321245 0.968212664
v 0.191454038 0.648291528 0.969169199
v 0.189372465 0.646840572 0.968212664
v 0.190125853 0.644566655 0.964586735
v 0.190197572 0.645986199 0.962277412
v 0.191720203 0.648015916 0.961320877
v 0.193801776 0.649466872 0.962277412
v 0.195222944 0.649489045 0.964586735
v 0.195151225 0.648069501 0.966896057
v 0.193628594 0.646039784 0.967852592
v 0.191547021 0.644588828 0.966896057
v 0.193844974 0.64702785 0.967930734
v 0.19372654 0.644533932 0.966872752
v 0.192991763 0.643500865 0.964475632
v 0.19207108 0.644533932 0.9621436
v 0.191503823 0.64702785 0.961242735
v 0.191622257 0.649521768 0.962300718
v 0.192357033 0.650554836 0.964697838
v 0.193277717 0.649521768 0.96702987
v 0.199294537 0.647578299 0.966023088
v 0.199176103 0.645084381 0.964965105
v 0.198441327 0.644051313 0.962567985
v 0.197520643 0.645084381 0.960235953
v 0.196953386 0.647578299 0.959335089
v 0.19707182 0.650072217 0.960393071
v 0.197806597 0.651105285 0.962790191
v 0.19872728 0.650072217 0.965122223
v 0.200227246 0.647578299 0.965530217
v 0.199080065 0.645161569 0.965086937
v 0.197372824 0.644160509 0.963233232
v 0.196105585 0.645161569 0.961054862
v 0.196020678 0.647578299 0.95982796
v 0.197167858 0.649995029 0.960271239
v 0.198875099 0.650996089 0.962124944
v 0.200142339 0.649995029 0.964303315
v 0.205215648 0.645885348 0.961850226
v 0.204068467 0.643468618 0.961406946
v 0.202361226 0.642467558 0.959553242
v 0.201093987 0.643468618 0.957374871
v 0.20100908 0.645885348 0.956147969
v 0.202156261 0.648302078 0.956591249
v 0.203863502 0.649303138 0.958444953
v 0.205130741 0.648302078 0.960623324
v 0.202318475 0.642432451 0.958999097
v 0.202550992 0.643443823 0.956493855
v 0.203112364 0.645885348 0.955456138
v 0.203673735 0.648326874 0.956493855
v 0.203906253 0.649338245 0.958999097
v 0.203673735 0.648326874 0.96150434
v 0.203112364 0.645885348 0.962542057
v 0.202550992 0.643443823 0.96150434
v 0.204848886 0.64185065 0.958999097
v 0.205081403 0.642862022 0.956493855
v 0.205642775 0.645303547 0.955456138
v 0.206204146 0.647745073 0.956493855
v 0.206436664 0.648756444 0.958999097
v 0.206204146 0.647745073 0.96150434
v 0.205642775 0.645303547 0.962542057
v 0.205081403 0.642862022 0.96150434
v 0.208163127 0.645303547 0.961489141
v 0.206691638 0.643025935 0.961502075
v 0.204605728 0.642082453 0.960048795
v 0.20312731 0.643025935 0.957980573
v 0.203122422 0.645303547 0.956509054
v 0.204593912 0.64758116 0.956496119
v 0.206679821 0.648524642 0.9579494
v 0.20815824 0.64758116 0.960017622
v 0.212885112 0.642225742 0.956709683
v 0.211413622 0.63994813 0.956722617
v 0.209327713 0.639004648 0.955269337
v 0.207849294 0.63994813 0.953201115
v 0.207844406 0.642225742 0.951729596
v 0.209315896 0.644503355 0.951716661
v 0.211401805 0.645446837 0.953169942
v 0.212880224 0.644503355 0.955238163
v 0.213174447 0.640067458 0.954219639
v 0.212592542 0.641013384 0.951745808
v 0.210705638 0.642669499 0.950721145
v 0.208619043 0.644065678 0.951745808
v 0.207555071 0.644384027 0.954219639
v 0.208136976 0.643438101 0.95669347
v 0.21002388 0.641781986 0.957718134
v 0.212110475 0.640385807 0.95669347
v 0.216832086 0.644829035 0.955179989
v 0.216250181 0.645774961 0.952706158
v 0.214363277 0.647431076 0.951681495
v 0.212276682 0.648827255 0.952706158
v 0.21121271 0.649145603 0.955179989
v 0.211794615 0.648199677 0.957653821
v 0.213681519 0.646543562 0.958678484
v 0.215768114 0.645147383 0.957653821
v 0.215192974 0.646987319 0.958523989
v 0.215074524 0.644493401 0.957466006
v 0.214339748 0.643460333 0.955068886
v 0.21341908 0.644493401 0.952736855
v 0.212851822 0.646987319 0.95183599
v 0.212970272 0.649481237 0.952893972
v 0.213705048 0.650514305 0.955291092
v 0.214625716 0.649481237 0.957623124
v 0.220648006 0.647538304 0.956614435
v 0.220529556 0.645044386 0.955556452
v 0.21979478 0.644011319 0.953159332
v 0.218874112 0.645044386 0.950827301
v 0.218306854 0.647538304 0.949926436
v 0.218425304 0.650032222 0.950984418
v 0.21916008 0.65106529 0.953381538
v 0.220080748 0.650032222 0.95571357
v 0.221994326 0.647538304 0.955763996
v 0.220525518 0.645258904 0.955772102
v 0.218442768 0.644314766 0.954314768
v 0.216966093 0.645258904 0.952245712
v 0.216960534 0.647538304 0.950776875
v 0.218429342 0.649817705 0.950768769
v 0.220512092 0.650761843 0.952226102
v 0.221988767 0.649817705 0.954295158
v 0.226738676 0.644464076 0.950975239
v 0.225269869 0.642184675 0.950983346
v 0.223187119 0.641240537 0.949526012
v 0.221710443 0.642184675 0.947456956
v 0.221704885 0.644464076 0.945988119
v 0.223173693 0.646743476 0.945980012
v 0.225256443 0.647687614 0.947437346
v 0.226733118 0.646743476 0.949506402
v 0.227037072 0.642313123 0.948481679
v 0.226455614 0.643261313 0.946008623
v 0.22456561 0.644914091 0.944984257
v 0.222474188 0.646303236 0.946008623
v 0.22140649 0.646615028 0.948481679
v 0.221987948 0.645666838 0.950954735
v 0.223877952 0.64401406 0.951979101
v 0.225969374 0.642624915 0.950954735
v 0.230672345 0.647071123 0.949451268
v 0.230090886 0.648019314 0.946978211
v 0.228200883 0.649672091 0.945953846
v 0.22610946 0.651061237 0.946978211
v 0.225041762 0.651373029 0.949451268
v 0.22562322 0.650424838 0.951924324
v 0.227513224 0.648772061 0.952948689
v 0.229604647 0.647382915 0.951924324
v 0.230371982 0.649222076 0.951946795
v 0.228904963 0.646941543 0.951951981
v 0.22682409 0.645996869 0.950492263
v 0.225348324 0.646941543 0.94842273
v 0.225342125 0.649222076 0.94695574
v 0.226809144 0.651502609 0.946950555
v 0.228890017 0.652447283 0.948410273
v 0.230365783 0.651502609 0.950479805
v 0.235129893 0.646150589 0.947151899
v 0.233662874 0.643870056 0.947157085
v 0.231582001 0.642925382 0.945697367
v 0.230106235 0.643870056 0.943627834
v 0.230100036 0.646150589 0.942160845
v 0.231567055 0.648431122 0.942155659
v 0.233647928 0.649375796 0.943615377
v 0.235123694 0.648431122 0.94568491
v 0.233785555 0.646150589 0.948000371
v 0.233667091 0.643656671 0.946942389
v 0.232932314 0.642623603 0.944545269
v 0.232011646 0.643656671 0.942213237
v 0.231444374 0.646150589 0.941312373
v 0.231562838 0.648644507 0.942370355
v 0.232297614 0.649677575 0.944767475
v 0.233218282 0.648644507 0.947099507
v 0.239249408 0.646702468 0.946087718
v 0.239130944 0.64420855 0.945029736
v 0.238396168 0.643175483 0.942632616
v 0.2374755 0.64420855 0.940300584
v 0.236908227 0.646702468 0.939399719
v 0.237026691 0.649196386 0.940457702
v 0.237761468 0.650229454 0.942854822
v 0.238682136 0.649196386 0.945186853
v 0.238078818 0.644591272 0.945589006
v 0.23558633 0.645006776 0.944605112
v 0.234553918 0.646415591 0.942530811
v 0.23558633 0.647992432 0.940581262
v 0.238078818 0.648813665 0.939898431
v 0.240571305 0.648398161 0.940882325
v 0.241603717 0.646989346 0.942956626
v 0.240571305 0.645412505 0.944906175
v 0.239138111 0.636197865 0.939361155
v 0.236645624 0.636613369 0.938377261
v 0.235613212 0.638022184 0.93630296
v 0.236645624 0.639599025 0.934353411
v 0.239138111 0.640420258 0.93367058
v 0.241630599 0.640004754 0.934654474
v 0.242663011 0.638595939 0.936728776
v 0.241630599 0.637019098 0.938678324
v 0.240893513 0.638309062 0.939593375
v 0.24009949 0.635824621 0.938851655
v 0.238742307 0.634795547 0.93674165
v 0.237616986 0.635824621 0.934499383
v 0.23738271 0.638309062 0.933438361
v 0.238176733 0.640793502 0.934180081
v 0.239533916 0.641822577 0.936290085
v 0.240659237 0.640793502 0.938532352
v 0.246127382 0.637527645 0.936608016
v 0.245333359 0.635043204 0.935866296
v 0.243976176 0.63401413 0.933756292
v 0.242850855 0.635043204 0.931514025
v 0.242616579 0.637527645 0.930453002
v 0.243410602 0.640012085 0.931194723
v 0.244767785 0.64104116 0.933304727
v 0.245893106 0.640012085 0.935546994
v 0.246821806 0.634968162 0.933530509
v 0.245989755 0.635608196 0.931030273
v 0.244210035 0.637372613 0.929994643
v 0.242525175 0.639227867 0.931030273
v 0.241922155 0.640087128 0.933530509
v 0.242754206 0.639447093 0.936030746
v 0.244533926 0.637682676 0.937066376
v 0.246218786 0.635827422 0.936030746
v 0.253453314 0.641315579 0.93294853
v 0.252621263 0.641955614 0.930448294
v 0.250841528 0.643720031 0.929412663
v 0.249156669 0.645575285 0.930448294
v 0.248553649 0.646434546 0.93294853
v 0.2493857 0.645794511 0.935448766
v 0.25116542 0.644030094 0.936484396
v 0.252850264 0.64217484 0.935448766
v 0.251003474 0.641811848 0.935828745
v 0.248567179 0.641941607 0.934645236
v 0.247558042 0.643203914 0.932467759
v 0.248567179 0.644859433 0.930571973
v 0.251003474 0.645938277 0.930068314
v 0.253439754 0.645808518 0.931251824
v 0.25444892 0.644546211 0.933429301
v 0.253439754 0.642890692 0.935325086
v 0.252636969 0.636269689 0.931858718
v 0.250200689 0.636399448 0.930675209
v 0.249191537 0.637661755 0.928497732
v 0.250200689 0.639317274 0.926601946
v 0.252636969 0.640396118 0.926098287
v 0.255073249 0.640266359 0.927281797
v 0.256082416 0.639004052 0.929459274
v 0.255073249 0.637348533 0.931355059
v 0.255222023 0.635910094 0.928978503
v 0.254488379 0.636644781 0.926473498
v 0.252670228 0.638368368 0.925435901
v 0.250832587 0.640071213 0.926473498
v 0.250051916 0.640755713 0.928978503
v 0.250785559 0.640021026 0.931483507
v 0.25260371 0.638297439 0.932521105
v 0.254441351 0.636594594 0.931483507
v 0.26200068 0.643142581 0.92911458
v 0.261267036 0.643877268 0.926609576
v 0.259448886 0.645600855 0.925571978
v 0.257611245 0.6473037 0.926609576
v 0.256830573 0.6479882 0.92911458
v 0.257564217 0.647253513 0.931619585
v 0.259382367 0.645529926 0.932657182
v 0.261220008 0.643827081 0.931619585
v 0.256663948 0.643333614 0.92911458
v 0.256778628 0.644839585 0.926862478
v 0.258437991 0.646770775 0.925929606
v 0.260670066 0.64799583 0.926862478
v 0.262167305 0.647797167 0.92911458
v 0.262052625 0.646291196 0.931366682
v 0.260393262 0.644360006 0.932299554
v 0.258161187 0.643134952 0.931366682
v 0.2588301 0.640662849 0.927438915
v 0.25894478 0.64216882 0.925186813
v 0.260604143 0.64410001 0.924253941
v 0.262836218 0.645325065 0.925186813
v 0.264333457 0.645126402 0.927438915
v 0.264218777 0.643620431 0.929691017
v 0.262559414 0.641689241 0.930623889
v 0.260327339 0.640464187 0.929691017
v 0.263518751 0.642894626 0.930405498
v 0.263598561 0.640511572 0.929114103
v 0.262496948 0.63952446 0.926841378
v 0.260859251 0.640511572 0.924918711
v 0.259644806 0.642894626 0.924472332
v 0.259564996 0.645277679 0.925763726
v 0.260666609 0.646264791 0.928036451
v 0.262304306 0.645277679 0.929959118
v 0.269396156 0.645171046 0.926567972
v 0.269475967 0.642787993 0.925276577
v 0.268374354 0.64180088 0.923003852
v 0.266736656 0.642787993 0.921081185
v 0.265522212 0.645171046 0.920634806
v 0.265442401 0.6475541 0.9219262
v 0.266544014 0.648541212 0.924198925
v 0.268181711 0.6475541 0.926121593
v 0.266665369 0.641718149 0.923601389
v 0.266897857 0.642729461 0.921096146
v 0.267459184 0.645171046 0.920058429
v 0.268020511 0.647612631 0.921096146
v 0.268252999 0.648623943 0.923601389
v 0.268020511 0.647612631 0.926106632
v 0.267459184 0.645171046 0.927144349
v 0.266897857 0.642729461 0.926106632
v 0.269207954 0.641133606 0.923601389
v 0.269440442 0.642144918 0.921096146
v 0.270001769 0.644586504 0.920058429
v 0.270563096 0.647028089 0.921096146
v 0.270795584 0.648039401 0.923601389
v 0.270563096 0.647028089 0.926106632
v 0.270001769 0.644586504 0.927144349
v 0.269440442 0.642144918 0.926106632
v 0.271172345 0.644586504 0.926945388
v 0.27105388 0.642092586 0.925887406
v 0.270319104 0.641059518 0.923490286
v 0.269398451 0.642092586 0.921158254
v 0.268831193 0.644586504 0.92025739
v 0.268949658 0.647080421 0.921315372
v 0.269684434 0.648113489 0.923712492
v 0.270605087 0.647080421 0.926044524
v 0.276653647 0.645140111 0.925026655
v 0.276535183 0.642646194 0.923968673
v 0.275800407 0.641613126 0.921571553
v 0.274879754 0.642646194 0.919239521
v 0.274312496 0.645140111 0.918338656
v 0.27443096 0.647634029 0.919396639
v 0.275165737 0.648667097 0.921793759
v 0.27608639 0.647634029 0.924125791
v 0.276653677 0.645140111 0.925026655
v 0.276535243 0.642646194 0.923968673
v 0.275800437 0.641613126 0.921571553
v 0.274879754 0.642646194 0.919239521
v 0.274312466 0.645140111 0.918338656
v 0.274430901 0.647634029 0.919396639
v 0.275165707 0.648667097 0.921793759
v 0.27608639 0.647634029 0.924125791
v 0.28213495 0.645693779 0.923107862
v 0.282016516 0.643199861 0.92204988
v 0.28128171 0.642166793 0.91965276
v 0.280361027 0.643199861 0.917320728
v 0.279793739 0.645693779 0.916419864
v 0.279912174 0.648187697 0.917477846
v 0.28064698 0.649220765 0.919874966
v 0.281567663 0.648187697 0.922206998
v 0.282901317 0.645693779 0.922730446
v 0.282981098 0.643310726 0.921439052
v 0.281879514 0.642323613 0.919166327
v 0.280241847 0.643310726 0.917243659
v 0.279027373 0.645693779 0.91679728
v 0.278947592 0.648076832 0.918088675
v 0.280049175 0.649063945 0.9203614
v 0.281686842 0.648076832 0.922284067
v 0.285840005 0.646831989 0.920811713
v 0.285919785 0.644448936 0.919520319
v 0.284818202 0.643461823 0.917247593
v 0.283180535 0.644448936 0.915324926
v 0.28196606 0.646831989 0.914878547
v 0.28188628 0.649215043 0.916169941
v 0.282987863 0.650202155 0.918442667
v 0.28462553 0.649215043 0.920365334
v 0.285073638 0.646831989 0.921189129
v 0.284955174 0.644338071 0.920131147
v 0.284220397 0.643305004 0.917734027
v 0.283299714 0.644338071 0.915401995
v 0.282732427 0.646831989 0.914501131
v 0.282850891 0.649325907 0.915559113
v 0.283585668 0.650358975 0.917956233
v 0.284506351 0.649325907 0.920288265
v 0.290554941 0.647385657 0.919270337
v 0.290436476 0.644891739 0.918212354
v 0.2897017 0.643858671 0.915815234
v 0.288781017 0.644891739 0.913483202
v 0.28821373 0.647385657 0.912582338
v 0.288332194 0.649879575 0.91364032
v 0.28906697 0.650912642 0.91603744
v 0.289987653 0.649879575 0.918369472
v 0.289384335 0.645304382 0.918793559
v 0.286950111 0.645434678 0.917605817
v 0.285941809 0.646707773 0.915434301
v 0.286950111 0.648378015 0.913550973
v 0.289384335 0.649466932 0.913059115
v 0.291818559 0.649336636 0.914246857
v 0.292826861 0.64806354 0.916418374
v 0.291818559 0.646393299 0.918301702
v 0.292793095 0.633966863 0.910563946
v 0.290358871 0.634097159 0.909376204
v 0.289350569 0.635370255 0.907204688
v 0.290358871 0.637040496 0.90532136
v 0.292793095 0.638129413 0.904829502
v 0.295227319 0.637999117 0.906017244
v 0.296235621 0.636726022 0.90818876
v 0.295227319 0.63505578 0.910072088
v 0.292793095 0.637774885 0.904603064
v 0.290433258 0.638003588 0.905919075
v 0.289455771 0.637086809 0.908276439
v 0.290433258 0.635561585 0.910294235
v 0.292793095 0.634321392 0.910790384
v 0.295152932 0.634092689 0.909474373
v 0.296130419 0.635009468 0.907117009
v 0.295152932 0.636534691 0.905099213
v 0.297408223 0.649081469 0.910913944
v 0.295048386 0.649310172 0.912229955
v 0.294070899 0.648393393 0.914587319
v 0.295048386 0.646868169 0.916605115
v 0.297408223 0.645627975 0.917101264
v 0.29976806 0.645399272 0.915785253
v 0.300745547 0.646316051 0.913427889
v 0.29976806 0.647841275 0.911410093
v 0.297408223 0.645272017 0.916873813
v 0.2949754 0.645398259 0.915682733
v 0.293967694 0.64667052 0.913510442
v 0.2949754 0.648343623 0.911629379
v 0.297408223 0.649437428 0.911141396
v 0.299841046 0.649311185 0.912332475
v 0.300848752 0.648038924 0.914504766
v 0.299841046 0.646365821 0.916385829
v 0.300853342 0.633934379 0.908635437
v 0.298420519 0.634060621 0.907444358
v 0.297412813 0.635332882 0.905272067
v 0.298420519 0.637005985 0.903391004
v 0.300853342 0.63809979 0.90290302
v 0.303286165 0.637973547 0.9040941
v 0.304293871 0.636701286 0.906266391
v 0.303286165 0.635028183 0.908147454
v 0.302023917 0.636017084 0.909113228
v 0.301905483 0.633523166 0.908055246
v 0.301170707 0.632490098 0.905658126
v 0.300250024 0.633523166 0.903326094
v 0.299682766 0.636017084 0.90242523
v 0.299801201 0.638511002 0.903483212
v 0.300535977 0.63954407 0.905880332
v 0.30145666 0.638511002 0.908212364
v 0.307530075 0.636573255 0.907185793
v 0.307411641 0.634079337 0.90612781
v 0.306676865 0.633046269 0.90373069
v 0.305756181 0.634079337 0.901398659
v 0.305188924 0.636573255 0.900497794
v 0.305307359 0.639067173 0.901555777
v 0.306042135 0.640100241 0.903952897
v 0.306962818 0.639067173 0.906284928
v 0.307530075 0.636573255 0.907185793
v 0.307411611 0.634079337 0.90612781
v 0.306676835 0.633046269 0.90373069
v 0.305756181 0.634079337 0.901398659
v 0.305188924 0.636573255 0.900497794
v 0.305307388 0.639067173 0.901555777
v 0.306042165 0.640100241 0.903952897
v 0.306962818 0.639067173 0.906284928
v 0.313036203 0.637129366 0.905258358
v 0.312917739 0.634635448 0.904200375
v 0.312182963 0.633602381 0.901803255
v 0.31126231 0.634635448 0.899471223
v 0.310695052 0.637129366 0.898570359
v 0.310813516 0.639623284 0.899628341
v 0.311548293 0.640656352 0.902025461
v 0.312468946 0.639623284 0.904357493
v 0.313036233 0.637129366 0.905258358
v 0.312917769 0.634635448 0.904200375
v 0.312182993 0.633602381 0.901803255
v 0.31126228 0.634635448 0.899471223
v 0.310695022 0.637129366 0.898570359
v 0.310813487 0.639623284 0.899628341
v 0.311548263 0.640656352 0.902025461
v 0.312468976 0.639623284 0.904357493
v 0.318542361 0.637685537 0.903330863
v 0.318423897 0.635191619 0.90227288
v 0.317689121 0.634158552 0.89987576
v 0.316768408 0.635191619 0.897543728
v 0.31620115 0.637685537 0.896642864
v 0.316319615 0.640179455 0.897700846
v 0.317054391 0.641212523 0.900097966
v 0.317975104 0.640179455 0.902429998
v 0.317371756 0.635710835 0.902928472
v 0.315153778 0.635322094 0.901417673
v 0.314235061 0.63631779 0.899068713
v 0.315153778 0.638114691 0.897257566
v 0.317371756 0.639660239 0.897045255
v 0.319589734 0.640048981 0.898556054
v 0.32050845 0.639053285 0.900905013
v 0.319589734 0.637256384 0.90271616
v 0.319500983 0.632344663 0.9006688
v 0.317283005 0.631955922 0.899158001
v 0.316364288 0.632951617 0.896809042
v 0.317283005 0.634748518 0.894997895
v 0.319500983 0.636294067 0.894785583
v 0.321718961 0.636682808 0.896296382
v 0.322637677 0.635687113 0.898645341
v 0.321718961 0.633890212 0.900456488
v 0.320671558 0.634319365 0.901071191
v 0.320553094 0.631825447 0.900013208
v 0.319818348 0.630792379 0.897616088
v 0.318897665 0.631825447 0.895284057
v 0.318330407 0.634319365 0.894383192
v 0.318448871 0.636813283 0.895441175
v 0.319183618 0.637846351 0.897838295
v 0.320104301 0.636813283 0.900170326
v 0.326184481 0.634876192 0.899141371
v 0.326066017 0.632382274 0.898083389
v 0.325331271 0.631349206 0.895686269
v 0.324410588 0.632382274 0.893354237
v 0.32384333 0.634876192 0.892453372
v 0.323961794 0.63737011 0.893511355
v 0.324696541 0.638403177 0.895908475
v 0.325617224 0.63737011 0.898240507
v 0.326184511 0.634876192 0.899141371
v 0.326066047 0.632382274 0.898083389
v 0.325331241 0.631349206 0.895686269
v 0.324410558 0.632382274 0.893354237
v 0.3238433 0.634876192 0.892453372
v 0.323961765 0.63737011 0.893511355
v 0.324696571 0.638403177 0.895908475
v 0.325617254 0.63737011 0.898240507
v 0.331697464 0.635433018 0.897211492
v 0.331579 0.6329391 0.89615351
v 0.330844194 0.631906033 0.89375639
v 0.329923511 0.6329391 0.891424358
v 0.329356253 0.635433018 0.890523493
v 0.329474717 0.637926936 0.891581476
v 0.330209523 0.638960004 0.893978596
v 0.331130207 0.637926936 0.896310627
v 0.330526859 0.633369923 0.896747828
v 0.328143239 0.633347273 0.895455122
v 0.327155918 0.634546459 0.893232465
v 0.328143239 0.63626492 0.891381741
v 0.330526859 0.637496114 0.890987158
v 0.332910478 0.637518764 0.892279863
v 0.333897799 0.636319578 0.894502521
v 0.332910478 0.634601116 0.896353245
v 0.332457691 0.628517926 0.89327246
v 0.330074072 0.628495276 0.891979754
v 0.329086751 0.629694462 0.889757097
v 0.330074072 0.631412923 0.887906373
v 0.332457691 0.632644117 0.88751179
v 0.334841311 0.632666767 0.888804495
v 0.335828632 0.631467581 0.891027153
v 0.334841311 0.629749119 0.892877877
v 0.333628297 0.630581021 0.893736124
v 0.333509833 0.628087103 0.892678142
v 0.332775056 0.627054036 0.890281022
v 0.331854343 0.628087103 0.88794899
v 0.331287086 0.630581021 0.887048125
v 0.33140555 0.633074939 0.888106108
v 0.332140326 0.634108007 0.890503228
v 0.333061039 0.633074939 0.892835259
v 0.339151651 0.631138921 0.891802609
v 0.339033186 0.628645003 0.890744627
v 0.33829841 0.627611935 0.888347507
v 0.337377697 0.628645003 0.886015475
v 0.33681044 0.631138921 0.88511461
v 0.336928904 0.633632839 0.886172593
v 0.33766368 0.634665906 0.888569713
v 0.338584393 0.633632839 0.890901744
v 0.339151621 0.631138921 0.891802609
v 0.339033186 0.628645003 0.890744627
v 0.33829841 0.627611935 0.888347507
v 0.337377727 0.628645003 0.886015475
v 0.33681047 0.631138921 0.88511461
v 0.336928904 0.633632839 0.886172593
v 0.33766368 0.634665906 0.888569713
v 0.338584363 0.633632839 0.890901744
v 0.344674975 0.63169682 0.889869153
v 0.34455654 0.629202902 0.888811171
v 0.343821764 0.628169835 0.886414051
v 0.342901081 0.629202902 0.884082019
v 0.342333823 0.63169682 0.883181155
v 0.342452258 0.634190738 0.884239137
v 0.343187034 0.635223806 0.886636257
v 0.344107717 0.634190738 0.888968289
v 0.346199512 0.629397035 0.886525154
v 0.345518172 0.630197227 0.884025455
v 0.343657196 0.631875873 0.882990003
v 0.341706723 0.633449614 0.884025455
v 0.340809286 0.633996606 0.886525154
v 0.341490626 0.633196414 0.889024854
v 0.343351603 0.631517768 0.890060306
v 0.345302075 0.629944026 0.889024854
v 0.349552721 0.63332665 0.886869133
v 0.34887138 0.634126842 0.884369433
v 0.347010404 0.635805488 0.883333981
v 0.345059931 0.637379229 0.884369433
v 0.344162494 0.637926221 0.886869133
v 0.344843835 0.637126029 0.889368832
v 0.346704811 0.635447383 0.890404284
v 0.348655283 0.633873641 0.889368832
v 0.34910515 0.635626435 0.889607966
v 0.347831428 0.633251071 0.889310837
v 0.34598726 0.632267118 0.887583375
v 0.344652921 0.633251071 0.885437548
v 0.344610065 0.635626435 0.884130299
v 0.345883787 0.6380018 0.884427428
v 0.347727954 0.638985753 0.88615489
v 0.349062294 0.6380018 0.888300717
v 0.354236543 0.633401632 0.885397017
v 0.352962822 0.631026268 0.885099888
v 0.351118654 0.630042315 0.883372426
v 0.349784315 0.631026268 0.881226599
v 0.349741459 0.633401632 0.87991935
v 0.35101518 0.635776997 0.880216479
v 0.352859348 0.63676095 0.881943941
v 0.354193687 0.635776997 0.884089768
v 0.354330689 0.633401632 0.885316968
v 0.352982223 0.631057143 0.885121822
v 0.351051927 0.630086005 0.883483529
v 0.349670559 0.631057143 0.881361723
v 0.349647313 0.633401632 0.879999399
v 0.350995779 0.635746121 0.880194545
v 0.352926075 0.63671726 0.881832838
v 0.354307443 0.635746121 0.883954644
v 0.359430075 0.630842447 0.880825698
v 0.358081609 0.628497958 0.880630553
v 0.356151313 0.62752682 0.87899226
v 0.354769945 0.628497958 0.876870453
v 0.354746699 0.630842447 0.87550813
v 0.356095165 0.633186936 0.875703275
v 0.358025461 0.634158075 0.877341568
v 0.359406829 0.633186936 0.879463375
v 0.356217951 0.627408087 0.878166914
v 0.356428862 0.628425121 0.875662088
v 0.3570261 0.630858243 0.87462455
v 0.357659817 0.633282065 0.875662088
v 0.357958823 0.634276807 0.878166914
v 0.357747912 0.633259773 0.88067174
v 0.357150674 0.630826652 0.881709278
v 0.356516957 0.628402829 0.88067174
v 0.358775735 0.626759827 0.878119051
v 0.358986646 0.627776861 0.875614226
v 0.359583884 0.630209982 0.874576688
v 0.360217601 0.632633805 0.875614226
v 0.360516608 0.633628547 0.878119051
v 0.360305697 0.632611513 0.880623877
v 0.359708458 0.630178392 0.881661415
v 0.359074742 0.627754569 0.880623877
v 0.360816747 0.630194187 0.881463051
v 0.360698313 0.627700269 0.880405068
v 0.359963536 0.626667202 0.878007948
v 0.359042853 0.627700269 0.875675917
v 0.358475596 0.630194187 0.874775052
v 0.35859403 0.632688105 0.875833035
v 0.359328806 0.633721173 0.878230155
v 0.36024949 0.632688105 0.880562186
v 0.366347879 0.630752861 0.879526854
v 0.366229445 0.628258944 0.878468871
v 0.365494668 0.627225876 0.876071751
v 0.364573985 0.628258944 0.873739719
v 0.364006728 0.630752861 0.872838855
v 0.364125162 0.633246779 0.873896837
v 0.364859939 0.634279847 0.876293957
v 0.365780622 0.633246779 0.878625989
v 0.367114305 0.630752861 0.879149437
v 0.367194116 0.628369808 0.877857983
v 0.366092473 0.627382696 0.875585318
v 0.364454746 0.628369808 0.873662651
v 0.363240302 0.630752861 0.873216271
v 0.363160491 0.633135915 0.874507725
v 0.364262134 0.634123027 0.876780391
v 0.365899861 0.633135915 0.878703058
v 0.370079726 0.631901443 0.87721318
v 0.370159537 0.62951839 0.875921726
v 0.369057894 0.628531277 0.873649061
v 0.367420167 0.62951839 0.871726394
v 0.366205722 0.631901443 0.871280015
v 0.366125911 0.634284496 0.872571468
v 0.367227554 0.635271609 0.874844134
v 0.368865281 0.634284496 0.876766801
v 0.3693133 0.631901443 0.877590597
v 0.369194865 0.629407525 0.876532614
v 0.368460089 0.628374457 0.874135494
v 0.367539406 0.629407525 0.871803463
v 0.366972148 0.631901443 0.870902598
v 0.367090583 0.634395361 0.87196058
v 0.367825359 0.635428429 0.8743577
v 0.368746042 0.634395361 0.876689732
v 0.374844432 0.632460117 0.875654399
v 0.374725997 0.629966199 0.874596417
v 0.373991221 0.628933132 0.872199297
v 0.373070538 0.629966199 0.869867265
v 0.372503281 0.632460117 0.868966401
v 0.372621715 0.634954035 0.870024383
v 0.373356491 0.635987103 0.872421503
v 0.374277174 0.634954035 0.874753535
v 0.375610828 0.632460117 0.875276983
v 0.375690639 0.630077064 0.873985589
v 0.374589026 0.629089952 0.871712863
v 0.372951329 0.630077064 0.869790196
v 0.371736884 0.632460117 0.869343817
v 0.371657073 0.634843171 0.870635211
v 0.372758687 0.635830283 0.872907937
v 0.374396384 0.634843171 0.874830604
v 0.38154164 0.634757221 0.871404588
v 0.38162145 0.632374167 0.870113194
v 0.380519837 0.631387055 0.867840469
v 0.37888214 0.632374167 0.865917802
v 0.377667695 0.634757221 0.865471423
v 0.377587885 0.637140274 0.866762817
v 0.378689498 0.638127387 0.869035542
v 0.380327195 0.637140274 0.870958209
v 0.378810883 0.631304324 0.868438005
v 0.37904337 0.632315636 0.865932763
v 0.379604667 0.634757221 0.864895046
v 0.380165964 0.637198806 0.865932763
v 0.380398452 0.638210118 0.868438005
v 0.380165964 0.637198806 0.870943248
v 0.379604667 0.634757221 0.871980965
v 0.37904337 0.632315636 0.870943248
v 0.381376624 0.630714476 0.868438005
v 0.381609112 0.631725788 0.865932763
v 0.382170409 0.634167373 0.864895046
v 0.382731706 0.636608958 0.865932763
v 0.382964194 0.63762027 0.868438005
v 0.382731706 0.636608958 0.870943248
v 0.382170409 0.634167373 0.871980965
v 0.381609112 0.631725788 0.870943248
v 0.38748765 0.61575371 0.853652477
v 0.387327969 0.613314748 0.852478206
v 0.3860237 0.612304449 0.850326121
v 0.384338856 0.613314748 0.848456979
v 0.383260429 0.61575371 0.847965598
v 0.38342011 0.618192673 0.849139869
v 0.384724379 0.619202971 0.851291955
v 0.386409223 0.618192673 0.853161097
v 0.390442282 0.61661768 0.851456225
v 0.390282601 0.614178717 0.850281954
v 0.388978332 0.613168418 0.848129869
v 0.387293488 0.614178717 0.846260726
v 0.386215061 0.61661768 0.845769346
v 0.386374742 0.619056642 0.846943617
v 0.387679011 0.620066941 0.849095702
v 0.389363855 0.619056642 0.850964844
v 0.24956876 -0.60455817 -0.158690035
v 0.248843551 -0.603681564 -0.161151484
v 0.247992113 -0.601317525 -0.162171051
v 0.24751319 -0.598850906 -0.161151484
v 0.24768734 -0.597726643 -0.158690035
v 0.248412549 -0.598603249 -0.156228587
v 0.249263987 -0.600967288 -0.15520902
v 0.24974291 -0.603433907 -0.156228587
v 0.258311659 -0.602150381 -0.160408407
v 0.257586449 -0.601273775 -0.162869856
v 0.256734997 -0.598909736 -0.163889423
v 0.256256104 -0.596443117 -0.162869856
v 0.256430238 -0.595318854 -0.160408407
v 0.257155448 -0.596195459 -0.157946959
v 0.258006901 -0.598559499 -0.156927392
v 0.258485794 -0.601026118 -0.157946959
v 0.259187728 -0.601776302 -0.160408407
v 0.258815438 -0.600789964 -0.162906736
v 0.257596999 -0.598599613 -0.163941577
v 0.25624612 -0.596488357 -0.162906736
v 0.255554169 -0.595692933 -0.160408407
v 0.25592646 -0.59667927 -0.157910079
v 0.257144898 -0.598869622 -0.156875238
v 0.258495778 -0.600980878 -0.157910079
v 0.268267632 -0.596352935 -0.15962024
v 0.267895341 -0.595366597 -0.162118569
v 0.266676903 -0.593176246 -0.16315341
v 0.265326023 -0.59106499 -0.162118569
v 0.264634073 -0.590269566 -0.15962024
v 0.265006363 -0.591255903 -0.157121912
v 0.266224802 -0.593446255 -0.156087071
v 0.267575681 -0.595557511 -0.157121912
v 0.267538577 -0.59331125 -0.156248391
v 0.267517626 -0.595796883 -0.157331988
v 0.26687175 -0.596826494 -0.15975602
v 0.26597932 -0.595796883 -0.162100509
v 0.265363127 -0.59331125 -0.16299209
v 0.265384078 -0.590825617 -0.161908492
v 0.266029954 -0.589796007 -0.159484461
v 0.266922385 -0.590825617 -0.157139972
v 0.276116788 -0.592177212 -0.15901567
v 0.276095837 -0.594662845 -0.160099268
v 0.275449961 -0.595692456 -0.162523299
v 0.274557531 -0.594662845 -0.164867789
v 0.273941338 -0.592177212 -0.16575937
v 0.273962289 -0.589691579 -0.164675772
v 0.274608165 -0.588661969 -0.162251741
v 0.275500596 -0.589691579 -0.159907252
v 0.274580359 -0.592177212 -0.158873096
v 0.274533868 -0.594676018 -0.159925163
v 0.274777472 -0.595711112 -0.162419647
v 0.275168449 -0.594676018 -0.164895311
v 0.275477767 -0.592177212 -0.165901944
v 0.275524259 -0.589678407 -0.164849877
v 0.275280654 -0.588643312 -0.162355393
v 0.274889678 -0.589678407 -0.159879729
v 0.278613746 -0.592469037 -0.158358127
v 0.278567255 -0.594967842 -0.159410194
v 0.278810859 -0.596002936 -0.161904678
v 0.279201835 -0.594967842 -0.164380342
v 0.279511154 -0.592469037 -0.165386975
v 0.279557645 -0.589970231 -0.164334908
v 0.279314041 -0.588935137 -0.161840424
v 0.278923064 -0.589970231 -0.15936476
v 0.28055346 -0.595682979 -0.161872551
v 0.280053169 -0.594771147 -0.164376825
v 0.278972507 -0.59251076 -0.165414125
v 0.277944535 -0.590225935 -0.164376825
v 0.27757144 -0.589255095 -0.161872551
v 0.278071731 -0.590166926 -0.159368277
v 0.279152393 -0.592427313 -0.158330977
v 0.280180365 -0.594712138 -0.159368277
v 0.289452583 -0.591554463 -0.162147179
v 0.288952291 -0.590642631 -0.164651453
v 0.287871629 -0.588382244 -0.165688753
v 0.286843657 -0.586097419 -0.164651453
v 0.286470562 -0.585126579 -0.162147179
v 0.286970854 -0.586038411 -0.159642905
v 0.288051516 -0.588298798 -0.158605605
v 0.289079487 -0.590583622 -0.159642905
v 0.289590478 -0.591486812 -0.162147179
v 0.289145887 -0.590548456 -0.164652169
v 0.288007528 -0.588316739 -0.165689766
v 0.286842257 -0.586098909 -0.164652169
v 0.286332667 -0.58519423 -0.162147179
v 0.286777258 -0.586132586 -0.15964219
v 0.287915617 -0.588364303 -0.158604592
v 0.289080888 -0.590582132 -0.15964219
v 0.298526376 -0.586860538 -0.162000179
v 0.298081785 -0.585922182 -0.164505169
v 0.296943426 -0.583690464 -0.165542766
v 0.295778155 -0.581472635 -0.164505169
v 0.295268565 -0.580567956 -0.162000179
v 0.295713156 -0.581506312 -0.15949519
v 0.296851516 -0.583738029 -0.158457592
v 0.298016787 -0.585955858 -0.15949519
v 0.296303004 -0.58720696 -0.162000179
v 0.296595216 -0.586204112 -0.164502561
v 0.297064513 -0.583742678 -0.165539086
v 0.297435939 -0.581264615 -0.164502561
v 0.297491938 -0.580221534 -0.162000179
v 0.297199726 -0.581224382 -0.159497797
v 0.296730429 -0.583685815 -0.158461273
v 0.296359003 -0.586163878 -0.159497797
v 0.300283372 -0.587884426 -0.161806867
v 0.300575584 -0.586881578 -0.164309248
v 0.301044881 -0.584420145 -0.165345773
v 0.301416308 -0.581942081 -0.164309248
v 0.301472306 -0.580899 -0.161806867
v 0.301180094 -0.581901848 -0.159304485
v 0.300710797 -0.584363282 -0.15826796
v 0.300339371 -0.586841345 -0.159304485
v 0.302500129 -0.587541401 -0.161806867
v 0.302052319 -0.586604834 -0.164311931
v 0.300916523 -0.584371805 -0.165349558
v 0.299758047 -0.582150459 -0.164311931
v 0.29925555 -0.581242025 -0.161806867
v 0.29970336 -0.582178593 -0.159301803
v 0.300839156 -0.584411621 -0.158264175
v 0.301997632 -0.586632967 -0.159301803
v 0.311408937 -0.582952797 -0.161683813
v 0.310961127 -0.58201623 -0.164188877
v 0.309825331 -0.579783201 -0.165226504
v 0.308666855 -0.577561855 -0.164188877
v 0.308164358 -0.576653421 -0.161683813
v 0.308612168 -0.577589989 -0.159178749
v 0.309747964 -0.579823017 -0.158141121
v 0.31090644 -0.582044363 -0.159178749
v 0.309096754 -0.583278239 -0.161683813
v 0.309360415 -0.582272649 -0.164188281
v 0.30987379 -0.579820395 -0.165225655
v 0.310336083 -0.577358067 -0.164188281
v 0.310476542 -0.57632798 -0.161683813
v 0.31021288 -0.57733357 -0.159179345
v 0.309699506 -0.579785824 -0.158141971
v 0.309237212 -0.582248151 -0.159179345
v 0.317024231 -0.58485204 -0.161481112
v 0.317287892 -0.58384645 -0.16398558
v 0.317801267 -0.581394196 -0.165022954
v 0.318263561 -0.578931868 -0.16398558
v 0.318404019 -0.577901781 -0.161481112
v 0.318140358 -0.578907371 -0.158976644
v 0.317626983 -0.581359625 -0.15793927
v 0.317164689 -0.583821952 -0.158976644
v 0.319991857 -0.58409065 -0.161481112
v 0.318991274 -0.583575726 -0.163948253
v 0.317242563 -0.581772685 -0.164970174
v 0.31577009 -0.579737842 -0.163948253
v 0.315436393 -0.57866317 -0.161481112
v 0.316436976 -0.579178095 -0.159013972
v 0.318185687 -0.580981135 -0.15799205
v 0.31965816 -0.583015978 -0.159013972
v 0.324780613 -0.58007133 -0.162584275
v 0.32378003 -0.579556406 -0.165051416
v 0.322031319 -0.577753365 -0.166073337
v 0.320558846 -0.575718522 -0.165051416
v 0.320225149 -0.57464385 -0.162584275
v 0.321225733 -0.575158775 -0.160117134
v 0.322974443 -0.576961815 -0.159095213
v 0.324446917 -0.578996658 -0.160117134
v 0.321931571 -0.580854177 -0.162584275
v 0.322231233 -0.579851687 -0.165085942
v 0.32269001 -0.577388167 -0.166122153
v 0.323039174 -0.574906766 -0.165085942
v 0.323074192 -0.573861003 -0.162584275
v 0.322774529 -0.574863493 -0.160082608
v 0.322315753 -0.577327013 -0.159046397
v 0.321966588 -0.579808414 -0.160082608
v 0.329878867 -0.582152665 -0.162152708
v 0.330178529 -0.581150174 -0.164654374
v 0.330637306 -0.578686655 -0.165690586
v 0.33098647 -0.576205254 -0.164654374
v 0.331021488 -0.57515949 -0.162152708
v 0.330721825 -0.576161981 -0.159651041
v 0.330263048 -0.5786255 -0.158614829
v 0.329913884 -0.581106901 -0.159651041
v 0.33259812 -0.581473708 -0.162152708
v 0.332326949 -0.580375552 -0.164617196
v 0.33095637 -0.578270197 -0.16563803
v 0.329289287 -0.576390862 -0.164617196
v 0.328302234 -0.575838447 -0.162152708
v 0.328573406 -0.576936603 -0.159688219
v 0.329943985 -0.579041958 -0.158667386
v 0.331611067 -0.580921292 -0.159688219
v 0.341678351 -0.574551582 -0.160067514
v 0.34140718 -0.573453426 -0.162532002
v 0.340036601 -0.571348071 -0.163552836
v 0.338369519 -0.569468737 -0.162532002
v 0.337382466 -0.568916321 -0.160067514
v 0.337653637 -0.570014477 -0.157603025
v 0.339024216 -0.572119832 -0.156582192
v 0.340691298 -0.573999166 -0.157603025
v 0.340964407 -0.574973762 -0.160067514
v 0.340438515 -0.574071705 -0.162570089
v 0.339380652 -0.571800232 -0.163606688
v 0.338410527 -0.569489956 -0.162570089
v 0.33809641 -0.568494141 -0.160067514
v 0.338622302 -0.569396198 -0.157564938
v 0.339680165 -0.571667671 -0.156528339
v 0.34065029 -0.573977947 -0.157564938
v 0.349737376 -0.571090639 -0.160511434
v 0.349211484 -0.570188582 -0.16301401
v 0.348153621 -0.567917109 -0.164050609
v 0.347183496 -0.565606833 -0.16301401
v 0.346869379 -0.564611018 -0.160511434
v 0.347395271 -0.565513074 -0.158008859
v 0.348453134 -0.567784548 -0.156972259
v 0.349423259 -0.570094824 -0.158008859
v 0.349746794 -0.571086407 -0.160511434
v 0.349224776 -0.570183039 -0.163014323
v 0.348163009 -0.567913473 -0.164051056
v 0.347183466 -0.56560719 -0.163014323
v 0.346859962 -0.56461525 -0.160511434
v 0.347381979 -0.565518618 -0.158008546
v 0.348443747 -0.567788184 -0.156971812
v 0.349423289 -0.570094466 -0.158008546
v 0.358507276 -0.567178309 -0.160928026
v 0.357985258 -0.566274941 -0.163430914
v 0.356923491 -0.564005375 -0.164467648
v 0.355943948 -0.561699092 -0.163430914
v 0.355620444 -0.560707152 -0.160928026
v 0.356142461 -0.56161052 -0.158425137
v 0.357204229 -0.563880086 -0.157388404
v 0.358183771 -0.566186368 -0.158425137
v 0.356269985 -0.567395627 -0.160928026
v 0.356502503 -0.566384256 -0.163433284
v 0.35706386 -0.56394273 -0.164470986
v 0.357625216 -0.561501205 -0.163433284
v 0.357857734 -0.560489833 -0.160928026
v 0.357625216 -0.561501205 -0.158422768
v 0.35706386 -0.56394273 -0.157385066
v 0.356502503 -0.566384256 -0.158422768
v 0.360204339 -0.568300188 -0.160928026
v 0.360436857 -0.567288816 -0.163433284
v 0.360998213 -0.564847291 -0.164470986
v 0.36155957 -0.562405765 -0.163433284
v 0.361792088 -0.561394393 -0.160928026
v 0.36155957 -0.562405765 -0.158422768
v 0.360998213 -0.564847291 -0.157385066
v 0.360436857 -0.567288816 -0.158422768
v 0.362805963 -0.56789434 -0.160928026
v 0.36242637 -0.566912949 -0.163427204
v 0.361210197 -0.564721525 -0.164462402
v 0.359869838 -0.562603772 -0.163427204
v 0.359190464 -0.561800241 -0.160928026
v 0.359570056 -0.562781632 -0.158428848
v 0.360786229 -0.564973056 -0.157393649
v 0.362126589 -0.567090809 -0.158428848
v 0.371662974 -0.562639713 -0.160209805
v 0.371283382 -0.561658323 -0.162708983
v 0.370067209 -0.559466898 -0.163744181
v 0.36872685 -0.557349145 -0.162708983
v 0.368047476 -0.556545615 -0.160209805
v 0.368427068 -0.557527006 -0.157710627
v 0.369643241 -0.55971843 -0.156675428
v 0.370983601 -0.561836183 -0.157710627
v 0.370728761 -0.563026249 -0.160209805
v 0.369976133 -0.562146962 -0.162662044
v 0.369152665 -0.559771419 -0.163677812
v 0.368740767 -0.55729115 -0.162662044
v 0.368981689 -0.556159079 -0.160209805
v 0.369734317 -0.557038367 -0.157757565
v 0.370557785 -0.55941391 -0.156741798
v 0.370969683 -0.561894178 -0.157757565
v 0.379309654 -0.56084317 -0.162060663
v 0.378557026 -0.559963882 -0.164512902
v 0.377733558 -0.557588339 -0.16552867
v 0.377321661 -0.55510807 -0.164512902
v 0.377562582 -0.553975999 -0.162060663
v 0.37831521 -0.554855287 -0.159608424
v 0.379138678 -0.55723083 -0.158592656
v 0.379550576 -0.559711099 -0.159608424
v 0.376825154 -0.560565114 -0.162060663
v 0.376847059 -0.559411168 -0.164514452
v 0.377799809 -0.557084739 -0.165530846
v 0.379125297 -0.554948568 -0.164514452
v 0.380047083 -0.554254055 -0.162060663
v 0.380025178 -0.555408001 -0.159606874
v 0.379072428 -0.55773443 -0.158590481
v 0.37774694 -0.559870601 -0.159606874
v 0.380666435 -0.562526166 -0.162948593
v 0.380688339 -0.561372221 -0.165402383
v 0.38164109 -0.559045792 -0.166418776
v 0.382966578 -0.556909621 -0.165402383
v 0.383888364 -0.556215107 -0.162948593
v 0.383866459 -0.557369053 -0.160494804
v 0.382913709 -0.559695482 -0.159478411
v 0.381588221 -0.561831653 -0.160494804
v 0.383943975 -0.562497139 -0.162948593
v 0.3835105 -0.561552286 -0.165453076
v 0.382354707 -0.55932945 -0.166490465
v 0.381153613 -0.557130694 -0.165453076
v 0.380610824 -0.556244135 -0.162948593
v 0.381044298 -0.557188988 -0.160444111
v 0.382200092 -0.559411824 -0.159406722
v 0.383401185 -0.561610579 -0.160444111
v 0.392717242 -0.557820559 -0.162702709
v 0.392283767 -0.556875706 -0.165207192
v 0.391127974 -0.55465287 -0.166244581
v 0.389926881 -0.552454114 -0.165207192
v 0.389384091 -0.551567554 -0.162702709
v 0.389817566 -0.552512407 -0.160198227
v 0.390973359 -0.554735243 -0.159160838
v 0.392174453 -0.556933999 -0.160198227
v 0.390436262 -0.554694057 -0.159213424
v 0.390576035 -0.557199001 -0.160242498
v 0.390993834 -0.558236539 -0.162712723
v 0.391444921 -0.557199001 -0.165177077
v 0.391665071 -0.554694057 -0.166191995
v 0.391525298 -0.552189112 -0.165162921
v 0.3911075 -0.551151574 -0.162692696
v 0.390656412 -0.552189112 -0.160228342
v 0.398414433 -0.554826021 -0.157808587
v 0.398554206 -0.557330966 -0.158837661
v 0.398972005 -0.558368504 -0.161307886
v 0.399423093 -0.557330966 -0.16377224
v 0.399643242 -0.554826021 -0.164787158
v 0.399503469 -0.552321076 -0.163758084
v 0.399085671 -0.551283538 -0.161287859
v 0.398634583 -0.552321076 -0.158823505
v 0.400310308 -0.558129132 -0.161297873
v 0.399719536 -0.557245255 -0.163792446
v 0.398724169 -0.554944217 -0.164825723
v 0.397907257 -0.552573979 -0.163792446
v 0.397747368 -0.551522911 -0.161297873
v 0.398338139 -0.552406788 -0.158803299
v 0.399333507 -0.554707825 -0.157770023
v 0.400150418 -0.557078063 -0.158803299
v 0.408953309 -0.554775953 -0.162156641
v 0.408362538 -0.553892076 -0.164651215
v 0.40736717 -0.551591039 -0.165684491
v 0.406550258 -0.5492208 -0.164651215
v 0.406390369 -0.548169732 -0.162156641
v 0.40698114 -0.549053609 -0.159662068
v 0.407976508 -0.551354647 -0.158628792
v 0.40879342 -0.553724885 -0.159662068
v 0.455179423 0.0324939191 0.331990063
v 0.456613928 0.0323232599 0.329695255
v 0.458859086 0.0335102566 0.328744709
v 0.460599661 0.0353595801 0.329695255
v 0.460816056 0.0367879197 0.331990063
v 0.459381551 0.036958579 0.334284872
v 0.457136393 0.0357715823 0.335235417
v 0.455395818 0.0339222588 0.334284872
v 0.457881033 0.0289475694 0.333942622
v 0.459315538 0.0287769139 0.331647813
v 0.461560696 0.0299639087 0.330697268
v 0.463301271 0.0318132304 0.331647813
v 0.463517666 0.0332415737 0.333942622
v 0.462083161 0.0334122293 0.336237431
v 0.459838003 0.0322252326 0.337187976
v 0.458097428 0.0303759109 0.336237431
v 0.457470268 0.0296366327 0.333942622
v 0.458447099 0.0299949013 0.331438512
v 0.460743248 0.0309973415 0.330401272
v 0.463013709 0.0320567377 0.331438512
v 0.463928431 0.0325525105 0.333942622
v 0.462951601 0.0321942419 0.336446732
v 0.460655451 0.0311918017 0.337483972
v 0.458384991 0.0301324036 0.336446732
v 0.462584347 0.0183098335 0.334316999
v 0.463561177 0.0186681021 0.331812888
v 0.465857327 0.0196705423 0.330775648
v 0.468127787 0.0207299404 0.331812888
v 0.46904251 0.0212257113 0.334316999
v 0.468065679 0.0208674427 0.336821109
v 0.465769529 0.0198650025 0.337858349
v 0.463499069 0.0188056044 0.336821109
v 0.464874804 0.0163514111 0.334316999
v 0.46506387 0.0173756238 0.331813335
v 0.465692043 0.0198011249 0.330776274
v 0.466391295 0.0222070888 0.331813335
v 0.466752052 0.0231841337 0.334316999
v 0.466562986 0.022159921 0.336820662
v 0.465934813 0.0197344199 0.337857723
v 0.465235561 0.017328456 0.336820662
v 0.468122393 0.0154591454 0.334197253
v 0.468311459 0.016483359 0.33169359
v 0.468939632 0.0189088602 0.330656528
v 0.469638884 0.021314824 0.33169359
v 0.469999641 0.0222918689 0.334197253
v 0.469810575 0.0212676562 0.336700916
v 0.469182402 0.0188421551 0.337737978
v 0.46848315 0.0164361913 0.336700916
v 0.465654075 0.0179032851 0.334197253
v 0.466494203 0.0187407844 0.331758827
v 0.468837947 0.0196572021 0.330748796
v 0.471312374 0.0201157145 0.331758827
v 0.472467959 0.0198477302 0.334197253
v 0.471627831 0.0190102309 0.336635679
v 0.469284087 0.0180938132 0.33764571
v 0.46680966 0.0176353008 0.336635679
v 0.470438242 0.00113815849 0.330087453
v 0.471278369 0.00197565788 0.327649027
v 0.473622113 0.00289207674 0.326638997
v 0.476096541 0.00335058919 0.327649027
v 0.477252126 0.00308260485 0.330087453
v 0.476411998 0.00224510534 0.332525879
v 0.474068254 0.00132868649 0.33353591
v 0.471593827 0.000870174146 0.332525879
v 0.473845184 0.000850586104 0.333398879
v 0.471384406 0.000780345115 0.33226189
v 0.470365107 0.00148922147 0.329851151
v 0.471384406 0.00256196503 0.327578843
v 0.473845184 0.00337017723 0.326776028
v 0.476305962 0.00344041805 0.327913016
v 0.477325261 0.00273154164 0.330323756
v 0.476305962 0.0016587982 0.332596064
v 0.47608608 -0.0101167513 0.329226464
v 0.473625302 -0.0101869926 0.328089476
v 0.472606003 -0.00947811641 0.325678736
v 0.473625302 -0.0084053725 0.323406428
v 0.47608608 -0.00759716053 0.322603613
v 0.478546858 -0.00752691925 0.323740602
v 0.479566157 -0.00823579542 0.326151341
v 0.478546858 -0.00930853933 0.328423649
v 0.47608608 -0.0100788856 0.32924062
v 0.473592728 -0.00949208997 0.328350693
v 0.472559959 -0.00853324123 0.32603398
v 0.473592728 -0.00776402 0.323647618
v 0.47608608 -0.00763502577 0.322589457
v 0.478579432 -0.00822182186 0.323479384
v 0.479612201 -0.0091806706 0.325796098
v 0.478579432 -0.00994989183 0.328182459
v 0.474130929 -0.0288425479 0.32234621
v 0.471637577 -0.0282557514 0.321456283
v 0.470604807 -0.0272969026 0.31913957
v 0.471637577 -0.0265276805 0.316753209
v 0.474130929 -0.0263986867 0.315695047
v 0.47662428 -0.0269854832 0.316584975
v 0.47765705 -0.027944332 0.318901688
v 0.47662428 -0.0287135541 0.321288049
v 0.474130929 -0.0251774415 0.32158646
v 0.47174111 -0.0264374148 0.321353316
v 0.470751226 -0.0283904932 0.319753706
v 0.47174111 -0.029892588 0.317724675
v 0.474130929 -0.0300637931 0.316454798
v 0.476520747 -0.0288038198 0.316687942
v 0.477510631 -0.0268507414 0.318287551
v 0.476520747 -0.0253486466 0.320316583
v 0.476399332 -0.0304002054 0.326559573
v 0.474009514 -0.0316601805 0.32632643
v 0.47301963 -0.0336132571 0.32472682
v 0.474009514 -0.0351153538 0.322697788
v 0.476399332 -0.0352865569 0.321427912
v 0.478789151 -0.0340265818 0.321661055
v 0.479779035 -0.0320735052 0.323260665
v 0.478789151 -0.0305714104 0.325289696
v 0.476399332 -0.0321497396 0.327468127
v 0.473921388 -0.0319912173 0.326378316
v 0.472894967 -0.0323318802 0.32389164
v 0.473921388 -0.0329721719 0.321464777
v 0.476399332 -0.0335370228 0.320519358
v 0.478877276 -0.033695545 0.321609169
v 0.479903698 -0.0333548822 0.324095845
v 0.478877276 -0.0327145904 0.326522708
v 0.475114554 -0.0406145416 0.329158068
v 0.47263661 -0.0404560193 0.328068256
v 0.471610188 -0.0407966822 0.32558158
v 0.47263661 -0.041436974 0.323154718
v 0.475114554 -0.0420018248 0.322209299
v 0.477592498 -0.0421603471 0.32329911
v 0.47861892 -0.0418196842 0.325785786
v 0.477592498 -0.0411793925 0.328212649
v 0.471601129 -0.0408517383 0.325683683
v 0.472648144 -0.040847186 0.323182315
v 0.475139946 -0.04111268 0.322146207
v 0.477616876 -0.0414926969 0.323182315
v 0.47862798 -0.0417646281 0.325683683
v 0.477580965 -0.0417691804 0.328185052
v 0.475089163 -0.0415036865 0.329221159
v 0.472612232 -0.0411236696 0.328185052
v 0.470128059 -0.052190572 0.32504645
v 0.471175075 -0.0521860197 0.322545081
v 0.473666877 -0.0524515137 0.321508974
v 0.476143807 -0.0528315306 0.322545081
v 0.477154911 -0.0531034619 0.32504645
v 0.476107895 -0.0531080142 0.327547818
v 0.473616093 -0.0528425202 0.328583926
v 0.471139163 -0.0524625033 0.327547818
v 0.470126808 -0.0522003397 0.32504645
v 0.471184075 -0.052112069 0.322550952
v 0.473680854 -0.0523371585 0.321517289
v 0.476154596 -0.0527437627 0.322550952
v 0.477156162 -0.0530936942 0.32504645
v 0.476098895 -0.0531819649 0.327541947
v 0.473602116 -0.0529568754 0.328575611
v 0.471128374 -0.0525502712 0.327541947
v 0.468613148 -0.0641106367 0.323983848
v 0.469670415 -0.0640223622 0.321488351
v 0.472167194 -0.0642474592 0.320454687
v 0.474640936 -0.0646540597 0.321488351
v 0.475642502 -0.0650039911 0.323983848
v 0.474585235 -0.0650922656 0.326479346
v 0.472088456 -0.0648671687 0.327513009
v 0.469614714 -0.0644605681 0.326479346
v 0.468625456 -0.0650919899 0.323983848
v 0.469634622 -0.064826414 0.321481019
v 0.472104311 -0.0644032061 0.320444316
v 0.474587739 -0.0640702695 0.321481019
v 0.475630194 -0.0640226379 0.323983848
v 0.474621028 -0.0642882138 0.326486677
v 0.472151339 -0.0647114217 0.327523381
v 0.469667912 -0.0650443584 0.326486677
v 0.470469952 -0.0771742985 0.323445529
v 0.471479118 -0.0769087225 0.3209427
v 0.473948807 -0.0764855146 0.319905996
v 0.476432234 -0.076152578 0.3209427
v 0.477474689 -0.0761049464 0.323445529
v 0.476465523 -0.0763705224 0.325948358
v 0.473995835 -0.0767937303 0.326985061
v 0.471512407 -0.0771266669 0.325948358
v 0.473972321 -0.0756310448 0.326841891
v 0.471495897 -0.0755632073 0.325739264
v 0.47047013 -0.0761259198 0.323292971
v 0.471495897 -0.0769895539 0.320936054
v 0.473972321 -0.0776482001 0.320049167
v 0.476448745 -0.0777160376 0.321151793
v 0.477474511 -0.0771533251 0.323598087
v 0.476448745 -0.076289691 0.325955003
v 0.473347813 -0.0795436352 0.328003764
v 0.470871389 -0.0794757977 0.326901138
v 0.469845623 -0.0800385103 0.324454844
v 0.470871389 -0.0809021443 0.322097927
v 0.473347813 -0.0815607905 0.32121104
v 0.475824237 -0.0816286281 0.322313666
v 0.476850003 -0.0810659155 0.32475996
v 0.475824237 -0.0802022815 0.327116877
v 0.472060949 -0.0838532001 0.324607402
v 0.472162038 -0.0827788338 0.322119713
v 0.47295776 -0.0804001465 0.321089268
v 0.473981947 -0.0781105384 0.322119713
v 0.474634677 -0.0772512257 0.324607402
v 0.474533588 -0.078325592 0.327095091
v 0.473737866 -0.0807042792 0.328125536
v 0.472713679 -0.0829938874 0.327095091
v 0.478646696 -0.0864206329 0.323766261
v 0.478747785 -0.0853462666 0.321278572
v 0.479543507 -0.0829675794 0.320248127
v 0.480567694 -0.0806779712 0.321278572
v 0.481220424 -0.0798186585 0.323766261
v 0.481119335 -0.0808930248 0.326253951
v 0.480323613 -0.0832717121 0.327284396
v 0.479299426 -0.0855613202 0.326253951
v 0.4768399 -0.0831196457 0.325493038
v 0.477861017 -0.0856137574 0.325193316
v 0.480096191 -0.0866468549 0.324057639
v 0.482236117 -0.0856137574 0.322751284
v 0.48302722 -0.0831196457 0.322039485
v 0.482006103 -0.0806255341 0.322339207
v 0.479770929 -0.0795924366 0.323474884
v 0.477631003 -0.0806255341 0.324781239
v 0.482888788 -0.0819455311 0.336330116
v 0.483909905 -0.0844396427 0.336030394
v 0.486145079 -0.0854727402 0.334894717
v 0.488285005 -0.0844396427 0.333588362
v 0.489076108 -0.0819455311 0.332876563
v 0.488054991 -0.0794514194 0.333176285
v 0.485819817 -0.0784183219 0.334311962
v 0.483679891 -0.0794514194 0.335618317
v 0.482744783 -0.0833842978 0.334603339
v 0.483718872 -0.0830209628 0.332098901
v 0.486018926 -0.0820276514 0.331061512
v 0.488297641 -0.0809862316 0.332098901
v 0.489220113 -0.0805067644 0.334603339
v 0.488246024 -0.0808700994 0.337107778
v 0.48594597 -0.0818634108 0.338145167
v 0.483667254 -0.0829048306 0.337107778
v 0.48537454 -0.089302063 0.33476764
v 0.486348629 -0.088938728 0.332263201
v 0.488648683 -0.0879454166 0.331225812
v 0.490927398 -0.0869039968 0.332263201
v 0.491849869 -0.0864245296 0.33476764
v 0.490875781 -0.0867878646 0.337272078
v 0.488575727 -0.087781176 0.338309467
v 0.486297011 -0.0888225958 0.337272078
v 0.486829787 -0.0878632963 0.33782959
v 0.488215059 -0.0901608244 0.337435275
v 0.489832997 -0.091112487 0.335478276
v 0.490735799 -0.0901608244 0.333104998
v 0.490394622 -0.0878632963 0.331705689
v 0.489009351 -0.0855657682 0.332100004
v 0.487391412 -0.0846141055 0.334057003
v 0.486488611 -0.0855657682 0.336430281
v 0.493757069 -0.0843786374 0.341862082
v 0.495142341 -0.0866761655 0.341467768
v 0.496760279 -0.0876278281 0.339510769
v 0.497663081 -0.0866761655 0.337137491
v 0.497321904 -0.0843786374 0.335738182
v 0.495936632 -0.0820811093 0.336132497
v 0.494318694 -0.0811294466 0.338089496
v 0.493415892 -0.0820811093 0.340462774
v 0.494340301 -0.0877124742 0.338800132
v 0.494463921 -0.086654149 0.336306572
v 0.495217621 -0.0842628628 0.335273713
v 0.496159852 -0.0819393918 0.336306572
v 0.496738672 -0.0810448006 0.338800132
v 0.496615052 -0.0821031258 0.341293693
v 0.495861351 -0.0844944119 0.342326552
v 0.494919121 -0.086817883 0.341293693
v 0.500925958 -0.0900813714 0.338121265
v 0.501049578 -0.0890230462 0.335627705
v 0.501803279 -0.08663176 0.334594846
v 0.502745509 -0.084308289 0.335627705
v 0.50332433 -0.0834136978 0.338121265
v 0.50320071 -0.084472023 0.340614825
v 0.502447009 -0.0868633091 0.341647685
v 0.501504779 -0.0891867802 0.340614825
v 0.499901414 -0.0895057172 0.338121265
v 0.499898076 -0.0881700665 0.335761368
v 0.501199305 -0.0860011131 0.334783852
v 0.503042936 -0.0842694044 0.335761368
v 0.504348874 -0.083989352 0.338121265
v 0.504352212 -0.0853250027 0.340481162
v 0.503050983 -0.0874939561 0.341458678
v 0.501207352 -0.0892256647 0.340481162
v 0.506343365 -0.0946994126 0.335172653
v 0.506340027 -0.0933637619 0.332812756
v 0.507641256 -0.0911948085 0.33183524
v 0.509484887 -0.0894630998 0.332812756
v 0.510790825 -0.0891830474 0.335172653
v 0.510794163 -0.0905186981 0.33753255
v 0.509492934 -0.0926876515 0.338510066
v 0.507649302 -0.0944193602 0.33753255
v 0.511393785 -0.0940771699 0.335172653
v 0.511124372 -0.0927124843 0.332844973
v 0.509356916 -0.0908960029 0.331880808
v 0.507126749 -0.0896918103 0.332844973
v 0.505740404 -0.0898052901 0.335172653
v 0.506009817 -0.0911699757 0.337500334
v 0.507777274 -0.092986457 0.338464499
v 0.510007441 -0.0941906497 0.337500334
v 0.519019902 -0.0839847103 0.340206891
v 0.518750489 -0.0826200247 0.337879211
v 0.516983032 -0.0808035433 0.336915046
v 0.514752865 -0.0795993507 0.337879211
v 0.51336652 -0.0797128305 0.340206891
v 0.513635933 -0.0810775161 0.342534572
v 0.51540339 -0.0828939974 0.343498737
v 0.517633557 -0.0840981901 0.342534572
v 0.51825279 -0.0980733857 0.327584594
v 0.515960217 -0.0977426022 0.328994513
v 0.515010655 -0.098675333 0.331357002
v 0.515960217 -0.100325197 0.333288163
v 0.51825279 -0.10172572 0.333656698
v 0.520545363 -0.102056503 0.33224678
v 0.521494925 -0.101123773 0.329884291
v 0.520545363 -0.0994739085 0.32795313
v 0.526101053 -0.0828104541 0.33676514
v 0.523808479 -0.0824796706 0.338175058
v 0.522858918 -0.0834124014 0.340537548
v 0.523808479 -0.0850622654 0.342468709
v 0.526101053 -0.0864627883 0.342837244
v 0.528393626 -0.0867935717 0.341427326
v 0.529343188 -0.085860841 0.339064837
v 0.528393626 -0.084210977 0.337133676
v 0.5246225 -0.0878563225 0.339801192
v 0.524683177 -0.0867422819 0.337329686
v 0.525574386 -0.0843947753 0.336305946
v 0.526774168 -0.0821889341 0.337329686
v 0.527579606 -0.0814169198 0.339801192
v 0.527518928 -0.0825309604 0.342272699
v 0.526627719 -0.084878467 0.343296438
v 0.525427938 -0.0870843083 0.342272699
v 0.531178653 -0.0908670202 0.338605016
v 0.531239331 -0.0897529796 0.33613351
v 0.532130539 -0.087405473 0.33510977
v 0.533330321 -0.0851996318 0.33613351
v 0.534135759 -0.0844276175 0.338605016
v 0.534075081 -0.0855416581 0.341076523
v 0.533183873 -0.0878891647 0.342100263
v 0.531984091 -0.0900950059 0.341076523
v 0.534362972 -0.0876473188 0.341710329
v 0.534758925 -0.0899347439 0.340308875
v 0.533923686 -0.0908822194 0.337909311
v 0.532346606 -0.0899347439 0.335917294
v 0.53095144 -0.0876473188 0.335499704
v 0.530555487 -0.0853598937 0.336901158
v 0.531390727 -0.0844124183 0.339300722
v 0.532967806 -0.0853598937 0.341292739
v 0.53821224 -0.085685581 0.339595884
v 0.538608193 -0.0879730061 0.33819443
v 0.537772954 -0.0889204815 0.335794866
v 0.536195874 -0.0879730061 0.333802849
v 0.534800708 -0.085685581 0.333385259
v 0.534404755 -0.0833981559 0.334786713
v 0.535239995 -0.0824506804 0.337186277
v 0.536817074 -0.0833981559 0.339178294
v 0.538440466 -0.0886541158 0.336490571
v 0.538055062 -0.0876666829 0.333994657
v 0.536762536 -0.085518755 0.332960814
v 0.535319984 -0.083468549 0.333994657
v 0.534572482 -0.0827170461 0.336490571
v 0.534957886 -0.083704479 0.338986486
v 0.536250412 -0.0858524069 0.340020329
v 0.537692964 -0.087902613 0.338986486
v 0.545744419 -0.0838955715 0.337245345
v 0.545359015 -0.0829081386 0.33474943
v 0.544066489 -0.0807602108 0.333715588
v 0.542623937 -0.0787100047 0.33474943
v 0.541876435 -0.0779585019 0.337245345
v 0.542261839 -0.0789459348 0.33974126
v 0.543554366 -0.0810938627 0.340775102
v 0.544996917 -0.0831440687 0.33974126
v 0.545015574 -0.0809270367 0.340577036
v 0.544854343 -0.0834239796 0.339531839
v 0.544081569 -0.0844582468 0.337147266
v 0.543150008 -0.0834239796 0.334820122
v 0.542605281 -0.0809270367 0.333913654
v 0.542766511 -0.0784300938 0.334958851
v 0.543539286 -0.0773958266 0.337343425
v 0.544470847 -0.0784300938 0.339670569
v 0.552142203 -0.0803081915 0.337999135
v 0.551980972 -0.0828051344 0.336953938
v 0.551208198 -0.0838394016 0.334569365
v 0.550276637 -0.0828051344 0.332242221
v 0.54973191 -0.0803081915 0.331335753
v 0.549893141 -0.0778112486 0.33238095
v 0.550665915 -0.0767769814 0.334765524
v 0.551597476 -0.0778112486 0.337092668
v 0.550937057 -0.0838062391 0.335229814
v 0.548439741 -0.0828132778 0.33486855
v 0.547405303 -0.0803528726 0.334389508
v 0.548439741 -0.0778662935 0.334073246
v 0.550937057 -0.0768101439 0.334105074
v 0.553434372 -0.0778031051 0.334466338
v 0.554468811 -0.0802635103 0.334945381
v 0.553434372 -0.0827500895 0.335261643
v 0.551737428 -0.0854000449 0.325315893
v 0.549240112 -0.0844070837 0.324954629
v 0.548205674 -0.0819466785 0.324475586
v 0.549240112 -0.0794600993 0.324159324
v 0.551737428 -0.0784039497 0.324191153
v 0.554234743 -0.079396911 0.324552417
v 0.555269182 -0.0818573162 0.325031459
v 0.554234743 -0.0843438953 0.325347722
v 0.554961681 -0.0833705887 0.324753523
v 0.554029942 -0.0829127654 0.322248459
v 0.55175525 -0.081862852 0.321210831
v 0.549470127 -0.0808358714 0.322248459
v 0.548513174 -0.0804334059 0.324753523
v 0.549444914 -0.0808912292 0.327258587
v 0.551719606 -0.0819411427 0.328296214
v 0.554004729 -0.0829681233 0.327258587
v 0.559539378 -0.0733203664 0.324887604
v 0.558607638 -0.0728625432 0.32238254
v 0.556332946 -0.0718126297 0.321344912
v 0.554047823 -0.0707856491 0.32238254
v 0.55309087 -0.0703831837 0.324887604
v 0.55402261 -0.0708410069 0.327392668
v 0.556297302 -0.0718909204 0.328430295
v 0.558582425 -0.072917901 0.327392668
v 0.556315124 -0.0704203099 0.32164669
v 0.553972542 -0.0700272396 0.322954744
v 0.553002238 -0.0707029477 0.325395018
v 0.553972542 -0.0720516294 0.327538073
v 0.556315124 -0.0732832402 0.328128517
v 0.558657706 -0.0736763105 0.326820463
v 0.55962801 -0.0730006024 0.324380189
v 0.558657706 -0.0716519207 0.322237134
v 0.560435593 -0.060477674 0.326038212
v 0.558093011 -0.0600845963 0.327346265
v 0.557122707 -0.0607603118 0.329786539
v 0.558093011 -0.0621089898 0.331929594
v 0.560435593 -0.0633405969 0.332520038
v 0.562778175 -0.0637336746 0.331211984
v 0.563748479 -0.0630579591 0.32877171
v 0.562778175 -0.0617092811 0.326628655
v 0.562999427 -0.0619091354 0.331724405
v 0.562154531 -0.0644106865 0.331106722
v 0.560302734 -0.0654468611 0.329418451
v 0.558528721 -0.0644106865 0.32764855
v 0.557871759 -0.0619091354 0.326833844
v 0.558716655 -0.0594075881 0.327451527
v 0.560568452 -0.0583714098 0.329139799
v 0.562342465 -0.0594075881 0.330909699
v 0.566751063 -0.0622049719 0.327790946
v 0.565906167 -0.0647065192 0.327173263
v 0.56405437 -0.0657426938 0.325484991
v 0.562280357 -0.0647065192 0.323715091
v 0.561623394 -0.0622049719 0.322900385
v 0.56246829 -0.0597034246 0.323518068
v 0.564320087 -0.0586672463 0.325206339
v 0.5660941 -0.0597034246 0.32697624
v 0.564187229 -0.0614938699 0.321874797
v 0.561701357 -0.0620069839 0.322828948
v 0.560671687 -0.06263607 0.325257331
v 0.561701357 -0.0630126297 0.32773748
v 0.564187229 -0.0629160702 0.328816533
v 0.5666731 -0.0624029599 0.327862382
v 0.56770277 -0.0617738701 0.325433999
v 0.5666731 -0.0613973141 0.32295385
v 0.562258244 -0.0463971347 0.324967772
v 0.559772372 -0.0469102487 0.325921923
v 0.558742702 -0.0475393385 0.328350306
v 0.559772372 -0.0479158945 0.330830455
v 0.562258244 -0.0478193387 0.331909508
v 0.564744115 -0.0473062247 0.330955356
v 0.565773785 -0.0466771349 0.328526974
v 0.564744115 -0.0463005789 0.326046824
v 0.5604918 -0.0434322692 0.321796238
v 0.557990611 -0.0424959548 0.321326703
v 0.556954563 -0.0401435792 0.320462942
v 0.557990611 -0.037753135 0.31971091
v 0.5604918 -0.0367249064 0.319511175
v 0.56299299 -0.0376612209 0.319980711
v 0.564029038 -0.0400135964 0.320844471
v 0.56299299 -0.0424040407 0.321596503
v 0.561215997 -0.047531113 0.309764951
v 0.558714807 -0.0465947986 0.309295416
v 0.557678759 -0.044242423 0.308431655
v 0.558714807 -0.0418519787 0.307679623
v 0.561215997 -0.0408237502 0.307479888
v 0.563717186 -0.0417600647 0.307949424
v 0.564753234 -0.0441124402 0.308813184
v 0.563717186 -0.0465028845 0.309565216
v 0.561215997 -0.0465502702 0.305991411
v 0.558824897 -0.0464104638 0.307262719
v 0.557834446 -0.0449625812 0.309330523
v 0.558824897 -0.043054767 0.310983539
v 0.561215997 -0.0418045931 0.311253428
v 0.563607097 -0.0419443995 0.309982121
v 0.564597547 -0.043392282 0.307914317
v 0.563607097 -0.0453000963 0.306261301
v 0.558950305 -0.0411691405 0.301138312
v 0.556559205 -0.0410293341 0.302409619
v 0.555568755 -0.0395814516 0.304477423
v 0.556559205 -0.0376736373 0.306130439
v 0.558950305 -0.0364234634 0.306400329
v 0.561341405 -0.0365632698 0.305129021
v 0.562331855 -0.0380111523 0.303061217
v 0.561341405 -0.0399189666 0.301408201
v 0.558950305 -0.0415012576 0.301481128
v 0.556473851 -0.0404644646 0.30186227
v 0.555448055 -0.0384504832 0.303360522
v 0.556473851 -0.0366390795 0.305098236
v 0.558950305 -0.0360913463 0.306057513
v 0.561426759 -0.0371281393 0.305676371
v 0.562452555 -0.0391421206 0.304178119
v 0.561426759 -0.0409535244 0.302440405
v 0.559972644 -0.0371826552 0.29637593
v 0.55749619 -0.0361458622 0.296757072
v 0.556470394 -0.0341318808 0.298255324
v 0.55749619 -0.0323204771 0.299993038
v 0.559972644 -0.0317727439 0.300952315
v 0.562449098 -0.0328095369 0.300571173
v 0.563474894 -0.0348235182 0.299072921
v 0.562449098 -0.036634922 0.297335207
v 0.559972644 -0.0353682749 0.295234919
v 0.557538688 -0.0356818214 0.296388477
v 0.556530535 -0.0352900103 0.298875093
v 0.557538688 -0.0344223566 0.30123812
v 0.559972644 -0.0335871242 0.302093327
v 0.5624066 -0.0332735777 0.300939769
v 0.563414752 -0.0336653888 0.298453152
v 0.5624066 -0.0345330425 0.296090126
v 0.557822287 -0.0268319901 0.293018013
v 0.555388331 -0.0271455366 0.294171572
v 0.554380178 -0.0267537236 0.296658188
v 0.555388331 -0.02588607 0.299021214
v 0.557822287 -0.0250508357 0.299876422
v 0.560256243 -0.0247372892 0.298722863
v 0.561264396 -0.0251291022 0.296236247
v 0.560256243 -0.0259967558 0.293873221
v 0.56420207 -0.0351052918 0.278664827
v 0.564329684 -0.0367660038 0.276524991
v 0.562862992 -0.0388675109 0.27563864
v 0.560661137 -0.0401787795 0.276524991
v 0.559013963 -0.039931681 0.278664827
v 0.558886349 -0.0382709689 0.280804664
v 0.560353041 -0.0361694619 0.281691015
v 0.562554896 -0.0348581932 0.280804664
v 0.56140554 -0.0320991874 0.276165009
v 0.561533153 -0.0337598994 0.274025172
v 0.560066462 -0.0358614065 0.273138821
v 0.557864606 -0.0371726751 0.274025172
v 0.556217432 -0.0369255766 0.276165009
v 0.556089818 -0.0352648646 0.278304845
v 0.55755651 -0.0331633575 0.279191196
v 0.559758365 -0.0318520889 0.278304845
v 0.558811486 -0.0338666849 0.272681385
v 0.556318521 -0.0338123664 0.273746848
v 0.555285871 -0.0341681056 0.276228815
v 0.556318521 -0.034725517 0.27867344
v 0.558811486 -0.0351580791 0.279648632
v 0.56130445 -0.0352123976 0.278583169
v 0.562337101 -0.0348566584 0.276101202
v 0.56130445 -0.034299247 0.273656577
v 0.560160935 -0.0205064993 0.27515772
v 0.557667971 -0.0204521772 0.276223183
v 0.55663532 -0.0208079163 0.27870515
v 0.557667971 -0.0213653296 0.281149775
v 0.560160935 -0.0217978898 0.282124966
v 0.562653899 -0.021852212 0.281059504
v 0.56368655 -0.0214964729 0.278577536
v 0.562653899 -0.0209390596 0.276132911
v 0.563570917 -0.0211521946 0.277679712
v 0.562501431 -0.0236438531 0.277710527
v 0.560060918 -0.0246759318 0.278286606
v 0.557678998 -0.0236438531 0.279070497
v 0.556750953 -0.0211521946 0.279602975
v 0.557820439 -0.018660536 0.279572159
v 0.560260952 -0.0176284574 0.27899608
v 0.562642872 -0.018660536 0.27821219
v 0.561139941 -0.0202153735 0.269059509
v 0.560070455 -0.022707032 0.269090325
v 0.557629943 -0.0237391107 0.269666404
v 0.555248022 -0.022707032 0.270450294
v 0.554319978 -0.0202153735 0.270982772
v 0.555389464 -0.0177237149 0.270951957
v 0.557829976 -0.0166916363 0.270375878
v 0.560211897 -0.0177237149 0.269591987
v 0.559665561 -0.00834844168 0.266619235
v 0.558639884 -0.00818609167 0.26411429
v 0.556154191 -0.00787327625 0.263076723
v 0.553664565 -0.00759324012 0.26411429
v 0.552629471 -0.00751002366 0.266619235
v 0.553655148 -0.0076723746 0.26912418
v 0.55614084 -0.00798518956 0.270161748
v 0.558630466 -0.00826522615 0.26912418
v 0.560917795 0.00216051145 0.266787589
v 0.559892118 0.00232286216 0.264282644
v 0.557406425 0.00263567688 0.263245076
v 0.554916799 0.00291571324 0.264282644
v 0.553881705 0.00299892947 0.266787589
v 0.554907382 0.00283657876 0.269292533
v 0.557393074 0.00252376404 0.270330101
v 0.5598827 0.00224372768 0.269292533
v 0.551101446 -0.496672034 -0.171539232
v 0.550415993 -0.495864838 -0.174035564
v 0.548500121 -0.494248241 -0.175069585
v 0.546476126 -0.492769212 -0.174035564
v 0.545529723 -0.492294133 -0.171539232
v 0.546215177 -0.493101329 -0.1690429
v 0.548131049 -0.494717926 -0.168008879
v 0.550155044 -0.496196955 -0.1690429
v 0.560306907 -0.484956205 -0.170278803
v 0.559621453 -0.484149009 -0.172775134
v 0.557705581 -0.482532412 -0.173809156
v 0.555681586 -0.481053382 -0.172775134
v 0.554735184 -0.480578303 -0.170278803
v 0.555420637 -0.481385499 -0.167782471
v 0.557336509 -0.483002096 -0.166748449
v 0.559360504 -0.484481126 -0.167782471
v 0.560020685 -0.48527813 -0.170278803
v 0.5591501 -0.484680533 -0.172776431
v 0.557325244 -0.482962161 -0.173810974
v 0.555615127 -0.481129616 -0.172776431
v 0.555021405 -0.480256379 -0.170278803
v 0.555891991 -0.480853975 -0.167781174
v 0.557716846 -0.482572347 -0.166746631
v 0.559426963 -0.484404892 -0.167781174
v 0.564566791 -0.480752409 -0.170780525
v 0.563696206 -0.480154812 -0.173278153
v 0.56187135 -0.47843644 -0.174312696
v 0.560161233 -0.476603895 -0.173278153
v 0.559567511 -0.475730658 -0.170780525
v 0.560438097 -0.476328254 -0.168282896
v 0.562262952 -0.478046626 -0.167248353
v 0.563973069 -0.479879171 -0.168282896
v 0.564642072 -0.480675131 -0.170780525
v 0.563823462 -0.480030507 -0.173284024
v 0.561976075 -0.478337914 -0.174320996
v 0.560181975 -0.476588875 -0.173284024
v 0.55949223 -0.475807935 -0.170780525
v 0.560310841 -0.476452559 -0.168277025
v 0.562158227 -0.478145152 -0.167240053
v 0.563952327 -0.479894191 -0.168277025
v 0.569189191 -0.475863934 -0.171028525
v 0.568370581 -0.475219309 -0.173532024
v 0.566523194 -0.473526716 -0.174568996
v 0.564729095 -0.471777678 -0.173532024
v 0.56403935 -0.470996737 -0.171028525
v 0.56485796 -0.471641362 -0.168525025
v 0.566705346 -0.473333955 -0.167488053
v 0.568499446 -0.475082994 -0.168525025
v 0.569840729 -0.474894077 -0.171028525
v 0.56893295 -0.474383324 -0.173532158
v 0.566666901 -0.473314315 -0.17456919
v 0.564370036 -0.472313255 -0.173532158
v 0.563387811 -0.471966594 -0.171028525
v 0.56429559 -0.472477347 -0.168524891
v 0.566561639 -0.473546356 -0.16748786
v 0.568858504 -0.474547416 -0.168524891
v 0.575094163 -0.463314205 -0.170570955
v 0.574186385 -0.462803453 -0.173074588
v 0.571920335 -0.461734444 -0.17411162
v 0.56962347 -0.460733384 -0.173074588
v 0.568641245 -0.460386723 -0.170570955
v 0.569549024 -0.460897475 -0.168067321
v 0.571815073 -0.461966485 -0.16703029
v 0.574111938 -0.462967545 -0.168067321
v 0.57494843 -0.463600278 -0.170570955
v 0.573852479 -0.463428676 -0.173045337
v 0.571593881 -0.462332577 -0.174070254
v 0.569495678 -0.46095407 -0.173045337
v 0.568786979 -0.460100651 -0.170570955
v 0.569882929 -0.460272253 -0.168096572
v 0.572141528 -0.461368352 -0.167071655
v 0.574239731 -0.462746859 -0.168096572
v 0.580115736 -0.454502761 -0.172228739
v 0.579019785 -0.45433116 -0.174703121
v 0.576761186 -0.45323506 -0.175728038
v 0.574662983 -0.451856554 -0.174703121
v 0.573954284 -0.451003134 -0.172228739
v 0.575050235 -0.451174736 -0.169754356
v 0.577308834 -0.452270836 -0.168729439
v 0.579407036 -0.453649342 -0.169754356
v 0.579315245 -0.455464631 -0.172228739
v 0.578291178 -0.454969913 -0.174690381
v 0.576531231 -0.453176558 -0.175710022
v 0.575066447 -0.451135039 -0.174690381
v 0.574754775 -0.450041264 -0.172228739
v 0.575778842 -0.450535983 -0.169767097
v 0.577538788 -0.452329338 -0.168747455
v 0.579003572 -0.454370856 -0.169767097
v 0.583803713 -0.451690316 -0.173337504
v 0.582779646 -0.451195598 -0.175799146
v 0.5810197 -0.449402243 -0.176818788
v 0.579554915 -0.447360724 -0.175799146
v 0.579243243 -0.446266949 -0.173337504
v 0.58026731 -0.446761668 -0.170875862
v 0.582027256 -0.448555022 -0.16985622
v 0.583492041 -0.450596541 -0.170875862
v 0.581523478 -0.449685842 -0.176809162
v 0.57904011 -0.449154854 -0.175858304
v 0.578011513 -0.448520631 -0.1734308
v 0.57904011 -0.448154718 -0.17094864
v 0.581523478 -0.448271424 -0.169865847
v 0.584006846 -0.448802412 -0.170816705
v 0.585035443 -0.449436635 -0.173244208
v 0.584006846 -0.449802548 -0.175726369
v 0.582826495 -0.440092206 -0.178763449
v 0.580343127 -0.439561218 -0.177812591
v 0.57931453 -0.438926995 -0.175385088
v 0.580343127 -0.438561082 -0.172902927
v 0.582826495 -0.438677788 -0.171820134
v 0.585309863 -0.439208776 -0.172770992
v 0.58633846 -0.439842999 -0.175198495
v 0.585309863 -0.440208912 -0.177680656
v 0.586126387 -0.440674692 -0.175291792
v 0.585296094 -0.43994835 -0.177768931
v 0.583019197 -0.438891977 -0.17879498
v 0.580629349 -0.438124418 -0.177768931
v 0.579526603 -0.438095301 -0.175291792
v 0.580356896 -0.438821644 -0.172814652
v 0.582633793 -0.439878017 -0.171788603
v 0.585023642 -0.440645576 -0.172814652
v 0.591360986 -0.427281171 -0.173118979
v 0.590530694 -0.426554829 -0.175596118
v 0.588253796 -0.425498456 -0.176622167
v 0.585863948 -0.424730897 -0.175596118
v 0.584761202 -0.42470178 -0.173118979
v 0.585591495 -0.425428122 -0.17064184
v 0.587868392 -0.426484495 -0.16961579
v 0.590258241 -0.427252054 -0.17064184
v 0.591576517 -0.426432133 -0.173118979
v 0.590513647 -0.426568449 -0.175609916
v 0.588014066 -0.426366776 -0.176641688
v 0.585542023 -0.425945252 -0.175609916
v 0.584545672 -0.425550818 -0.173118979
v 0.585608542 -0.425414503 -0.170628041
v 0.588108122 -0.425616175 -0.16959627
v 0.590580165 -0.426037699 -0.170628041
v 0.592886746 -0.415979773 -0.174250051
v 0.591823876 -0.416116089 -0.176740989
v 0.589324296 -0.415914416 -0.17777276
v 0.586852252 -0.415492892 -0.176740989
v 0.585855901 -0.415098459 -0.174250051
v 0.586918771 -0.414962143 -0.171759114
v 0.589418352 -0.415163815 -0.170727342
v 0.591890395 -0.415585339 -0.171759114
v 0.592888832 -0.415963024 -0.174250051
v 0.591840267 -0.415990919 -0.176750615
v 0.589345396 -0.415754169 -0.17778638
v 0.586865723 -0.415391445 -0.176750615
v 0.585853815 -0.415115207 -0.174250051
v 0.58690238 -0.415087312 -0.171749488
v 0.589397252 -0.415324062 -0.170713723
v 0.591876924 -0.415686786 -0.171749488
v 0.594206333 -0.405030549 -0.174924567
v 0.593157768 -0.405058444 -0.177425131
v 0.590662897 -0.404821694 -0.178460896
v 0.588183224 -0.40445897 -0.177425131
v 0.587171316 -0.404182732 -0.174924567
v 0.588219881 -0.404154837 -0.172424003
v 0.590714753 -0.404391587 -0.171388239
v 0.593194425 -0.404754311 -0.172424003
v 0.594207466 -0.405021191 -0.174924567
v 0.593166471 -0.40498814 -0.177428231
v 0.590674102 -0.404731601 -0.178465292
v 0.588190377 -0.404401869 -0.177428231
v 0.587170184 -0.40419209 -0.174924567
v 0.588211179 -0.404225141 -0.172420904
v 0.590703547 -0.404481679 -0.171383843
v 0.593187273 -0.404811412 -0.172420904
v 0.595527112 -0.393820375 -0.175325379
v 0.594486117 -0.393787324 -0.177829042
v 0.591993749 -0.393530786 -0.178866103
v 0.589510024 -0.393201053 -0.177829042
v 0.58848983 -0.392991275 -0.175325379
v 0.589530826 -0.393024325 -0.172821715
v 0.592023194 -0.393280864 -0.171784654
v 0.594506919 -0.393610597 -0.172821715
v 0.592008471 -0.39441666 -0.178721085
v 0.589527071 -0.393789947 -0.177824929
v 0.588499248 -0.392938256 -0.175464571
v 0.589527071 -0.392360449 -0.173022673
v 0.592008471 -0.39239499 -0.171929672
v 0.594489872 -0.393021703 -0.172825828
v 0.595517695 -0.393873394 -0.175186187
v 0.594489872 -0.394451201 -0.177628085
v 0.593269825 -0.38572064 -0.181309685
v 0.590788424 -0.385093927 -0.180413529
v 0.589760602 -0.384242237 -0.17805317
v 0.590788424 -0.383664429 -0.175611272
v 0.593269825 -0.38369897 -0.174518272
v 0.595751226 -0.384325683 -0.175414428
v 0.596779048 -0.385177374 -0.177774787
v 0.595751226 -0.385755181 -0.180216685
v 0.597582579 -0.524924695 -0.305106342
v 0.596084356 -0.525137722 -0.307356447
v 0.593842089 -0.523930788 -0.308288485
v 0.592169285 -0.522010803 -0.307356447
v 0.592045903 -0.520502508 -0.305106342
v 0.593544126 -0.520289481 -0.302856237
v 0.595786393 -0.521496415 -0.301924199
v 0.597459197 -0.5234164 -0.302856237
v 0.602815568 -0.518372834 -0.309211165
v 0.601317346 -0.518585861 -0.31146127
v 0.599075079 -0.517378926 -0.312393308
v 0.597402275 -0.515458941 -0.31146127
v 0.597278893 -0.513950646 -0.309211165
v 0.598777115 -0.513737619 -0.30696106
v 0.601019382 -0.514944553 -0.306029022
v 0.602692187 -0.516864538 -0.30696106
v 0.600047231 -0.519245505 -0.310955584
v 0.597568631 -0.518162787 -0.310761929
v 0.596542001 -0.515907943 -0.309659868
v 0.597568631 -0.513801694 -0.308294952
v 0.600047231 -0.513077974 -0.307466745
v 0.60252583 -0.514160693 -0.307660401
v 0.603552461 -0.516415536 -0.308762461
v 0.60252583 -0.518521786 -0.310127378
v 0.601255774 -0.515199482 -0.318108052
v 0.598777175 -0.514116764 -0.317914397
v 0.597750545 -0.51186192 -0.316812336
v 0.598777175 -0.509755671 -0.31544742
v 0.601255774 -0.509031951 -0.314619213
v 0.603734374 -0.51011467 -0.314812869
v 0.604761004 -0.512369514 -0.315914929
v 0.603734374 -0.514475763 -0.317279845
v 0.600800991 -0.488615602 -0.303879321
v 0.600880802 -0.490998656 -0.305170715
v 0.599779189 -0.491985768 -0.30744344
v 0.598141491 -0.490998656 -0.309366137
v 0.596927047 -0.488615602 -0.309812486
v 0.596847236 -0.486232549 -0.308521092
v 0.597948849 -0.485245436 -0.306248367
v 0.599586546 -0.486232549 -0.30432567
v 0.605353355 -0.486852407 -0.306851685
v 0.605433166 -0.489235461 -0.308143079
v 0.604331553 -0.490222573 -0.310415804
v 0.602693856 -0.489235461 -0.312338501
v 0.601479411 -0.486852407 -0.312784851
v 0.601399601 -0.484469354 -0.311493456
v 0.602501214 -0.483482242 -0.309220731
v 0.604138911 -0.484469354 -0.307298034
v 0.606651485 -0.488296986 -0.309818268
v 0.605763137 -0.487741351 -0.312319309
v 0.603500068 -0.486664951 -0.313355267
v 0.601188004 -0.485698372 -0.312319309
v 0.600181282 -0.485407829 -0.309818268
v 0.601069629 -0.485963464 -0.307317227
v 0.603332698 -0.487039864 -0.306281269
v 0.605644763 -0.488006443 -0.307317227
v 0.611939847 -0.47645402 -0.309065491
v 0.6110515 -0.475898385 -0.311566532
v 0.608788431 -0.474821985 -0.31260249
v 0.606476367 -0.473855406 -0.311566532
v 0.605469644 -0.473564863 -0.309065491
v 0.606357992 -0.474120498 -0.30656445
v 0.608621061 -0.475196898 -0.305528492
v 0.610933125 -0.476163477 -0.30656445
v 0.611829162 -0.476679921 -0.309065491
v 0.611289978 -0.4754875 -0.311440468
v 0.609236419 -0.474015027 -0.312424213
v 0.606871367 -0.47312507 -0.311440468
v 0.60558033 -0.473338962 -0.309065491
v 0.606119514 -0.474531382 -0.306690514
v 0.608173072 -0.476003855 -0.305706769
v 0.610538125 -0.476893812 -0.306690514
v 0.616476715 -0.467987269 -0.305756152
v 0.615937531 -0.466794848 -0.308131129
v 0.613883972 -0.465322375 -0.309114873
v 0.611518919 -0.464432418 -0.308131129
v 0.610227883 -0.46464631 -0.305756152
v 0.610767066 -0.46583873 -0.303381175
v 0.612820625 -0.467311203 -0.30239743
v 0.615185678 -0.46820116 -0.303381175
v 0.618208408 -0.484628052 -0.333934546
v 0.615730166 -0.483818144 -0.333189279
v 0.614703596 -0.482510984 -0.3310467
v 0.615730166 -0.481472224 -0.328761905
v 0.618208408 -0.481310397 -0.327673256
v 0.62068665 -0.482120305 -0.328418523
v 0.621713221 -0.483427465 -0.330561101
v 0.62068665 -0.484466225 -0.332845896
v 0.619466901 -0.477112859 -0.337916583
v 0.616988659 -0.476302952 -0.337171316
v 0.615962088 -0.474995792 -0.335028738
v 0.616988659 -0.473957032 -0.332743943
v 0.619466901 -0.473795205 -0.331655294
v 0.621945143 -0.474605113 -0.33240056
v 0.622971714 -0.475912273 -0.334543139
v 0.621945143 -0.476951033 -0.336827934
v 0.617090464 -0.447903097 -0.321211457
v 0.614614248 -0.446876854 -0.320801169
v 0.613588572 -0.444907486 -0.319244653
v 0.614614248 -0.443148643 -0.317453712
v 0.617090464 -0.442630589 -0.316477418
v 0.619566679 -0.443656832 -0.316887707
v 0.620592356 -0.445626199 -0.318444222
v 0.619566679 -0.447385043 -0.320235163
v 0.618310511 -0.442596346 -0.327121824
v 0.615834296 -0.441570103 -0.326711535
v 0.614808619 -0.439600736 -0.32515502
v 0.615834296 -0.437841892 -0.323364079
v 0.618310511 -0.437323838 -0.322387785
v 0.620786726 -0.438350081 -0.322798073
v 0.621812403 -0.440319449 -0.324354589
v 0.620786726 -0.442078292 -0.32614553
v 0.618310511 -0.443219393 -0.323365718
v 0.615808904 -0.442317873 -0.323897183
v 0.614772737 -0.440035194 -0.324931055
v 0.615808904 -0.437708527 -0.325861663
v 0.618310511 -0.436700791 -0.326143891
v 0.620812118 -0.437602311 -0.325612426
v 0.621848285 -0.43988499 -0.324578553
v 0.620812118 -0.442211658 -0.323647946
v 0.619357109 -0.450796813 -0.34114489
v 0.616855502 -0.449895293 -0.341676354
v 0.615819335 -0.447612613 -0.342710227
v 0.616855502 -0.445285946 -0.343640834
v 0.619357109 -0.44427821 -0.343923062
v 0.621858716 -0.445179731 -0.343391597
v 0.622894883 -0.44746241 -0.342357725
v 0.621858716 -0.449789077 -0.341427118
v 0.622876287 -0.447537512 -0.342123985
v 0.621871591 -0.450032592 -0.342467964
v 0.619394004 -0.451066107 -0.342850596
v 0.616894782 -0.450032592 -0.343047768
v 0.615837932 -0.447537512 -0.342943966
v 0.616842628 -0.445042431 -0.342599988
v 0.619320214 -0.444008917 -0.342217356
v 0.621819437 -0.445042431 -0.342020184
v 0.624043167 -0.446626604 -0.352140009
v 0.623038471 -0.449121684 -0.352483988
v 0.620560884 -0.450155199 -0.35286662
v 0.618061662 -0.449121684 -0.353063792
v 0.617004812 -0.446626604 -0.352959991
v 0.618009508 -0.444131523 -0.352616012
v 0.620487094 -0.443098009 -0.35223338
v 0.622986317 -0.444131523 -0.352036208
v 0.620523989 -0.445983171 -0.35603404
v 0.618028879 -0.445950121 -0.35497269
v 0.616995394 -0.446313351 -0.352492154
v 0.618028879 -0.446860045 -0.350045502
v 0.620523989 -0.447270036 -0.349065959
v 0.623019099 -0.447303087 -0.35012731
v 0.624052584 -0.446939856 -0.352607846
v 0.623019099 -0.446393162 -0.355054498
v 0.621869504 -0.431327254 -0.353327453
v 0.619374394 -0.431294203 -0.352266103
v 0.618340909 -0.431657434 -0.349785566
v 0.619374394 -0.432204127 -0.347338915
v 0.621869504 -0.432614118 -0.346359372
v 0.624364614 -0.432647169 -0.347420722
v 0.625398099 -0.432283938 -0.349901259
v 0.624364614 -0.431737244 -0.35234791
v 0.621869504 -0.435340494 -0.34874934
v 0.619369805 -0.434405029 -0.349228472
v 0.618334413 -0.432043552 -0.350067854
v 0.619369805 -0.429639399 -0.350775748
v 0.621869504 -0.428600878 -0.350937486
v 0.624369204 -0.429536343 -0.350458354
v 0.625404596 -0.431897819 -0.349618971
v 0.624369204 -0.434301972 -0.348911077
v 0.622963488 -0.440401763 -0.36433816
v 0.620463789 -0.439466298 -0.364817291
v 0.619428396 -0.437104821 -0.365656674
v 0.620463789 -0.434700668 -0.366364568
v 0.622963488 -0.433662146 -0.366526306
v 0.625463188 -0.434597611 -0.366047174
v 0.62649858 -0.436959088 -0.365207791
v 0.625463188 -0.439363241 -0.364499897
v 0.623746812 -0.471819043 -0.404680282
v 0.621247709 -0.470874161 -0.405143797
v 0.620212555 -0.468493044 -0.405926079
v 0.621247709 -0.466070592 -0.406568855
v 0.623746812 -0.465025783 -0.406695634
v 0.626245916 -0.465970665 -0.406232119
v 0.62728107 -0.468351781 -0.405449837
v 0.626245916 -0.470774233 -0.404807061
v 0.624870658 -0.476367414 -0.420011729
v 0.622371554 -0.475422531 -0.420475245
v 0.621336401 -0.473041415 -0.421257526
v 0.622371554 -0.470618963 -0.421900302
v 0.624870658 -0.469574153 -0.422027081
v 0.627369761 -0.470519036 -0.421563566
v 0.628404915 -0.472900152 -0.420781285
v 0.627369761 -0.475322604 -0.420138508
v 0.629336417 -0.488953203 -0.447913915
v 0.628374994 -0.491445303 -0.447446793
v 0.625946999 -0.492477596 -0.446820289
v 0.623474777 -0.491445303 -0.446401358
v 0.622406423 -0.488953203 -0.446435422
v 0.623367846 -0.486461103 -0.446902543
v 0.625795841 -0.48542881 -0.447529048
v 0.628268063 -0.486461103 -0.447947979
v 0.626474917 -0.49036324 -0.461326331
v 0.625513494 -0.49285534 -0.460859209
v 0.623085499 -0.493887633 -0.460232705
v 0.620613277 -0.49285534 -0.459813774
v 0.619544923 -0.49036324 -0.459847838
v 0.620506346 -0.48787114 -0.460314959
v 0.622934341 -0.486838847 -0.460941464
v 0.625406563 -0.48787114 -0.461360395
v 0.623958051 -0.420754164 -0.43915987
v 0.621496439 -0.421650112 -0.438459337
v 0.620476782 -0.422989845 -0.436333627
v 0.621496439 -0.423988491 -0.43402794
v 0.623958051 -0.42406109 -0.432892919
v 0.626419663 -0.423165143 -0.433593452
v 0.62743932 -0.421825409 -0.435719162
v 0.626419663 -0.420826763 -0.438024849
v 0.620756447 -0.405779958 -0.431258231
v 0.618294835 -0.406675905 -0.430557698
v 0.617275178 -0.408015639 -0.428431988
v 0.618294835 -0.409014285 -0.426126301
v 0.620756447 -0.409086883 -0.42499128
v 0.62321806 -0.408190936 -0.425691813
v 0.624237716 -0.406851202 -0.427817523
v 0.62321806 -0.405852556 -0.43012321
v 0.632854998 -0.482801735 -0.523684442
v 0.632982612 -0.48446244 -0.525824249
v 0.63151592 -0.486563981 -0.526710629
v 0.629314065 -0.487875253 -0.525824249
v 0.627666891 -0.487628162 -0.523684442
v 0.627539277 -0.485967457 -0.521544635
v 0.629005969 -0.483865917 -0.520658255
v 0.631207824 -0.482554644 -0.521544635
v 0.629426658 -0.479116499 -0.526749015
v 0.629554272 -0.480777204 -0.528888822
v 0.62808758 -0.482878745 -0.529775202
v 0.625885725 -0.484190017 -0.528888822
v 0.624238551 -0.483942926 -0.526749015
v 0.624110937 -0.482282221 -0.524609208
v 0.625577629 -0.480180681 -0.523722827
v 0.627779484 -0.478869408 -0.524609208
v 0.626832604 -0.483972877 -0.529314816
v 0.624442816 -0.483801693 -0.528044939
v 0.623452902 -0.482299596 -0.526015937
v 0.624442816 -0.480346501 -0.524416327
v 0.626832604 -0.479086548 -0.524183214
v 0.629222393 -0.479257733 -0.525453091
v 0.630212307 -0.480759829 -0.527482092
v 0.629222393 -0.482712924 -0.529081702
v 0.624036908 -0.477536052 -0.535443962
v 0.62164712 -0.477364868 -0.534174085
v 0.620657206 -0.475862771 -0.532145083
v 0.62164712 -0.473909676 -0.530545473
v 0.624036908 -0.472649723 -0.530312359
v 0.626426697 -0.472820908 -0.531582236
v 0.627416611 -0.474323004 -0.533611238
v 0.626426697 -0.4762761 -0.535210848
v 0.623090982 -0.283786148 -0.349132389
v 0.620590448 -0.282853842 -0.349613339
v 0.619554698 -0.280503571 -0.350483149
v 0.620590448 -0.278112113 -0.35123232
v 0.623090982 -0.277080327 -0.351421982
v 0.625591516 -0.278012633 -0.350941032
v 0.626627266 -0.280362904 -0.350071222
v 0.625591516 -0.282754362 -0.349322051
v 0.624148548 -0.289338499 -0.365394145
v 0.621648014 -0.288406193 -0.365875095
v 0.620612264 -0.286055923 -0.366744906
v 0.621648014 -0.283664465 -0.367494076
v 0.624148548 -0.282632679 -0.367683738
v 0.626649082 -0.283564985 -0.367202789
v 0.627684832 -0.285915256 -0.366332978
v 0.626649082 -0.288306713 -0.365583807
v 0.624249935 -0.240449131 -0.359985799
v 0.621749401 -0.240740493 -0.358978063
v 0.620713651 -0.241723359 -0.356672794
v 0.621749401 -0.242821991 -0.354420364
v 0.624249935 -0.243392825 -0.353540272
v 0.626750469 -0.243101463 -0.354548007
v 0.627786219 -0.242118597 -0.356853276
v 0.626750469 -0.241019964 -0.359105706
v 0.625625968 -0.220074952 -0.350680828
v 0.623125434 -0.220366314 -0.349673092
v 0.622089684 -0.22134918 -0.347367823
v 0.623125434 -0.222447813 -0.345115393
v 0.625625968 -0.223018646 -0.344235301
v 0.628126502 -0.222727284 -0.345243037
v 0.629162252 -0.221744418 -0.347548306
v 0.628126502 -0.220645785 -0.349800736
v 0.629111111 -0.220909268 -0.347458065
v 0.628028572 -0.220758528 -0.349939704
v 0.625538647 -0.22106953 -0.350967646
v 0.623099864 -0.221660122 -0.349939704
v 0.622140825 -0.22218433 -0.347458065
v 0.623223364 -0.22233507 -0.344976425
v 0.625713289 -0.222024068 -0.343948483
v 0.628152072 -0.221433476 -0.344976425
v 0.626603544 -0.207201332 -0.345531553
v 0.625521004 -0.207050592 -0.348013192
v 0.62303108 -0.207361594 -0.349041134
v 0.620592296 -0.207952186 -0.348013192
v 0.619633257 -0.208476394 -0.345531553
v 0.620715797 -0.208627135 -0.343049914
v 0.623205721 -0.208316132 -0.342021972
v 0.625644505 -0.20772554 -0.343049914
v 0.625086904 -0.207838863 -0.342585772
v 0.625126004 -0.210232183 -0.34386
v 0.623989105 -0.211223528 -0.346113384
v 0.62234211 -0.210232183 -0.348025948
v 0.621149898 -0.207838863 -0.348477334
v 0.621110797 -0.205445543 -0.347203106
v 0.622247696 -0.204454198 -0.344949722
v 0.623894691 -0.205445543 -0.343037158
v 0.629456937 -0.206212699 -0.345506042
v 0.629496038 -0.20860602 -0.34678027
v 0.628359139 -0.209597364 -0.349033654
v 0.626712143 -0.20860602 -0.350946218
v 0.625519931 -0.206212699 -0.351397604
v 0.625480831 -0.203819379 -0.350123376
v 0.62661773 -0.202828035 -0.347869992
v 0.628264725 -0.203819379 -0.345957428
v 0.627488434 -0.205330059 -0.351883084
v 0.625011683 -0.205953687 -0.350971997
v 0.623985827 -0.206729025 -0.348584652
v 0.625011683 -0.207201913 -0.346119463
v 0.627488434 -0.20709534 -0.345020562
v 0.629965186 -0.206471711 -0.345931649
v 0.630991042 -0.205696374 -0.348318994
v 0.629965186 -0.205223486 -0.350784183
v 0.625009596 -0.189558059 -0.347825974
v 0.622532845 -0.190181687 -0.346914887
v 0.621506989 -0.190957025 -0.344527543
v 0.622532845 -0.191429913 -0.342062354
v 0.625009596 -0.19132334 -0.340963453
v 0.627486348 -0.190699711 -0.34187454
v 0.628512204 -0.189924374 -0.344261885
v 0.627486348 -0.189451486 -0.346727073
v 0.628534734 -0.190440699 -0.344039679
v 0.627497733 -0.19294554 -0.344098836
v 0.625003219 -0.193983093 -0.344331294
v 0.62251246 -0.19294554 -0.344600916
v 0.621484458 -0.190440699 -0.344749749
v 0.62252146 -0.187935859 -0.344690591
v 0.625015974 -0.186898306 -0.344458133
v 0.627506733 -0.187935859 -0.344188511
v 0.6296435 -0.190639824 -0.355048984
v 0.628606498 -0.193144664 -0.355108142
v 0.626111984 -0.194182217 -0.3553406
v 0.623621225 -0.193144664 -0.355610222
v 0.622593224 -0.190639824 -0.355759054
v 0.623630226 -0.188134983 -0.355699897
v 0.62612474 -0.18709743 -0.355467439
v 0.628615499 -0.188134983 -0.355197817
v 0.626118362 -0.189483121 -0.358752847
v 0.623620212 -0.189643547 -0.357710391
v 0.622585475 -0.190387592 -0.355316907
v 0.623620212 -0.191279367 -0.352974445
v 0.626118362 -0.191796526 -0.352055192
v 0.628616512 -0.1916361 -0.353097647
v 0.629651248 -0.190892056 -0.355491132
v 0.628616512 -0.190000281 -0.357833594
v 0.627431035 -0.173057303 -0.353079289
v 0.624932885 -0.173217729 -0.352036834
v 0.623898149 -0.173961774 -0.34964335
v 0.624932885 -0.174853548 -0.347300887
v 0.627431035 -0.175370708 -0.346381634
v 0.629929185 -0.175210282 -0.34742409
v 0.630963922 -0.174466237 -0.349817574
v 0.629929185 -0.173574463 -0.352160037
v 0.62405014 -0.154969394 -0.365591586
v 0.621551156 -0.154003963 -0.366011202
v 0.620516002 -0.151588723 -0.366680682
v 0.621551156 -0.149138466 -0.367207855
v 0.62405014 -0.148088545 -0.36728394
v 0.626549125 -0.149053976 -0.366864324
v 0.627584279 -0.151469216 -0.366194844
v 0.626549125 -0.153919473 -0.365667671
v 0.625109613 -0.158544078 -0.38012591
v 0.622610629 -0.157578647 -0.380545527
v 0.621575475 -0.155163407 -0.381215006
v 0.622610629 -0.15271315 -0.381742179
v 0.625109613 -0.151663229 -0.381818265
v 0.627608597 -0.15262866 -0.381398648
v 0.628643751 -0.1550439 -0.380729169
v 0.627608597 -0.157494158 -0.380201995
v 0.626270235 -0.132479474 -0.369235933
v 0.625227749 -0.13498272 -0.369235754
v 0.622730017 -0.136019602 -0.369434595
v 0.620240271 -0.13498272 -0.369715989
v 0.619216979 -0.132479474 -0.369915128
v 0.620259464 -0.129976228 -0.369915307
v 0.622757196 -0.128939345 -0.369716465
v 0.625246942 -0.129976228 -0.369435072
v 0.62681663 -0.132707462 -0.374910325
v 0.625774145 -0.135210708 -0.374910146
v 0.623276412 -0.13624759 -0.375108987
v 0.620786667 -0.135210708 -0.375390381
v 0.619763374 -0.132707462 -0.37558952
v 0.62080586 -0.130204216 -0.375589699
v 0.623303592 -0.129167333 -0.375390857
v 0.625793338 -0.130204216 -0.375109464
v 0.623795509 -0.176447719 -0.435995162
v 0.621305287 -0.177116513 -0.43515563
v 0.620273829 -0.178229019 -0.432908088
v 0.621305287 -0.179133549 -0.430569053
v 0.623795509 -0.179300249 -0.429508746
v 0.626285732 -0.178631455 -0.430348277
v 0.62731719 -0.177518949 -0.432595819
v 0.626285732 -0.176614419 -0.434934855
v 0.621368408 -0.156273931 -0.427123368
v 0.618878186 -0.156942725 -0.426283836
v 0.617846727 -0.158055231 -0.424036294
v 0.618878186 -0.158959761 -0.421697259
v 0.621368408 -0.159126461 -0.420636952
v 0.623858631 -0.158457667 -0.421476483
v 0.624890089 -0.157345161 -0.423724025
v 0.623858631 -0.156440631 -0.426063061
v 0.621368408 -0.16033645 -0.42624718
v 0.618892193 -0.159310192 -0.425836921
v 0.617866516 -0.157340825 -0.424280405
v 0.618892193 -0.155581981 -0.422489434
v 0.621368408 -0.155063942 -0.42151314
v 0.623844624 -0.1560902 -0.421923399
v 0.6248703 -0.158059567 -0.423479915
v 0.623844624 -0.159818411 -0.425270885
v 0.622551441 -0.155190945 -0.431977957
v 0.620075226 -0.154164687 -0.431567699
v 0.619049549 -0.15219532 -0.430011183
v 0.620075226 -0.150436476 -0.428220212
v 0.622551441 -0.149918437 -0.427243918
v 0.625027657 -0.150944695 -0.427654177
v 0.626053333 -0.152914062 -0.429210693
v 0.625027657 -0.154672906 -0.431001663
v 0.624556065 -0.562532306 -0.858574986
v 0.624578714 -0.564715564 -0.86018306
v 0.623021483 -0.565619946 -0.862210453
v 0.62079668 -0.564715564 -0.863469601
v 0.619207501 -0.562532306 -0.863222837
v 0.619184852 -0.560349047 -0.861614764
v 0.620742083 -0.559444666 -0.859587371
v 0.622966886 -0.560349047 -0.858328223
v 0.630210459 -0.557681203 -0.865081787
v 0.630233109 -0.559864461 -0.866689861
v 0.628675878 -0.560768843 -0.868717253
v 0.626451075 -0.559864461 -0.869976401
v 0.624861896 -0.557681203 -0.869729638
v 0.624839246 -0.555497944 -0.868121564
v 0.626396477 -0.554593563 -0.866094172
v 0.62862128 -0.555497944 -0.864835024
v 0.630670547 -0.559332907 -0.867405713
v 0.629729509 -0.558892846 -0.869910479
v 0.627503633 -0.557743013 -0.870947957
v 0.625296772 -0.556557 -0.869910479
v 0.624401808 -0.556029499 -0.867405713
v 0.625342846 -0.55646956 -0.864900947
v 0.627568722 -0.557619393 -0.863863468
v 0.629775584 -0.558805406 -0.864900947
v 0.636379004 -0.548500061 -0.867647231
v 0.635437965 -0.54806 -0.870151997
v 0.63321209 -0.546910167 -0.871189475
v 0.631005228 -0.545724154 -0.870151997
v 0.630110264 -0.545196652 -0.867647231
v 0.631051302 -0.545636714 -0.865142465
v 0.633277178 -0.546786547 -0.864104986
v 0.63548404 -0.54797256 -0.865142465
v 0.636084795 -0.548966408 -0.867647231
v 0.634720802 -0.54905957 -0.869989038
v 0.632492065 -0.547857463 -0.870958984
v 0.630704224 -0.546064258 -0.869989038
v 0.630404472 -0.544730306 -0.867647231
v 0.631768465 -0.544637144 -0.865305424
v 0.633997202 -0.54583925 -0.864335477
v 0.635785043 -0.547632456 -0.865305424
v 0.64174974 -0.541370034 -0.871249199
v 0.640385747 -0.541463196 -0.873591006
v 0.63815701 -0.54026109 -0.874560952
v 0.636369169 -0.538467884 -0.873591006
v 0.636069417 -0.537133932 -0.871249199
v 0.63743341 -0.53704077 -0.868907392
v 0.639662147 -0.538242877 -0.867937446
v 0.641449988 -0.540036082 -0.868907392
v 0.641667247 -0.539251983 -0.869024813
v 0.640695572 -0.541743577 -0.86947304
v 0.638677657 -0.542775631 -0.870961666
v 0.63679564 -0.541743577 -0.872618794
v 0.63615191 -0.539251983 -0.873473585
v 0.637123585 -0.53676039 -0.873025358
v 0.6391415 -0.535728335 -0.871536732
v 0.641023517 -0.53676039 -0.869879603
v 0.646620929 -0.540079117 -0.875166059
v 0.645649254 -0.54257071 -0.875614285
v 0.643631339 -0.543602765 -0.877102911
v 0.641749322 -0.54257071 -0.87876004
v 0.641105592 -0.540079117 -0.87961483
v 0.642077267 -0.537587523 -0.879166603
v 0.644095182 -0.536555469 -0.877677977
v 0.645977199 -0.537587523 -0.876020849
v 0.643863261 -0.541448057 -0.880658269
v 0.641384244 -0.540713727 -0.879840791
v 0.640357375 -0.539607644 -0.877587974
v 0.641384244 -0.538777769 -0.875219405
v 0.643863261 -0.538710177 -0.87412262
v 0.646342278 -0.539444506 -0.874940097
v 0.647369146 -0.54055059 -0.877192914
v 0.646342278 -0.541380465 -0.879561484
v 0.645219505 -0.532868445 -0.884252429
v 0.642740488 -0.532134116 -0.883434951
v 0.641713619 -0.531028032 -0.881182134
v 0.642740488 -0.530198157 -0.878813565
v 0.645219505 -0.530130565 -0.87771678
v 0.647698522 -0.530864894 -0.878534257
v 0.64872539 -0.531970978 -0.880787075
v 0.647698522 -0.532800853 -0.883155644
v 0.647156477 -0.531499505 -0.878018022
v 0.647236288 -0.533882558 -0.879309416
v 0.646134675 -0.534869671 -0.881582141
v 0.644496977 -0.533882558 -0.883504868
v 0.643282533 -0.531499505 -0.883951187
v 0.643202722 -0.529116452 -0.882659793
v 0.644304335 -0.528129339 -0.880387068
v 0.645942032 -0.529116452 -0.878464341
v 0.652126551 -0.529574454 -0.881263137
v 0.652206361 -0.531957507 -0.882554531
v 0.651104748 -0.53294462 -0.884827256
v 0.649467051 -0.531957507 -0.886749983
v 0.648252606 -0.529574454 -0.887196302
v 0.648172796 -0.527191401 -0.885904908
v 0.649274409 -0.526204288 -0.883632183
v 0.650912106 -0.527191401 -0.881709456
v 0.652837873 -0.531928003 -0.88422972
v 0.652206123 -0.531076729 -0.886725605
v 0.650393128 -0.529345393 -0.887759387
v 0.648460865 -0.527748287 -0.886725605
v 0.647541285 -0.527220905 -0.88422972
v 0.648173034 -0.528072178 -0.881733835
v 0.649986029 -0.529803514 -0.880700052
v 0.651918292 -0.531400621 -0.881733835
v 0.662787139 -0.52073276 -0.882929564
v 0.66215539 -0.519881487 -0.885425448
v 0.660342395 -0.518150151 -0.886459231
v 0.658410132 -0.516553044 -0.885425448
v 0.657490551 -0.516025662 -0.882929564
v 0.658122301 -0.516876936 -0.880433679
v 0.659935296 -0.518608272 -0.879399896
v 0.661867559 -0.520205379 -0.880433679
v 0.660138845 -0.521015465 -0.885296583
v 0.65766263 -0.519989252 -0.884886265
v 0.656636953 -0.518019855 -0.883329749
v 0.65766263 -0.516261041 -0.881538808
v 0.660138845 -0.515742958 -0.880562544
v 0.662615061 -0.516769171 -0.880972862
v 0.663640738 -0.518738568 -0.882529378
v 0.662615061 -0.520497382 -0.884320319
v 0.660807252 -0.51810801 -0.888534725
v 0.658331037 -0.517081797 -0.888124406
v 0.65730536 -0.5151124 -0.886567891
v 0.658331037 -0.513353586 -0.88477695
v 0.660807252 -0.512835503 -0.883800685
v 0.663283467 -0.513861716 -0.884211004
v 0.664309144 -0.515831113 -0.885767519
v 0.663283467 -0.517589927 -0.88755846
v 0.663401306 -0.513058543 -0.886167705
v 0.663528919 -0.514719307 -0.888307512
v 0.662062228 -0.516820788 -0.889193892
v 0.659860373 -0.518132031 -0.888307512
v 0.658213198 -0.51788497 -0.886167705
v 0.658085585 -0.516224205 -0.884027898
v 0.659552276 -0.514122725 -0.883141518
v 0.661754131 -0.512811482 -0.884027898
v 0.659778833 -0.509164572 -0.889405906
v 0.659906447 -0.510825336 -0.891545713
v 0.658439755 -0.512926817 -0.892432094
v 0.6562379 -0.51423806 -0.891545713
v 0.654590726 -0.513990998 -0.889405906
v 0.654463112 -0.512330234 -0.887266099
v 0.655929804 -0.510228753 -0.886379719
v 0.658131659 -0.508917511 -0.887266099
v 0.660485446 -0.511577785 -0.890693665
v 0.659681261 -0.514042795 -0.88989979
v 0.657414675 -0.515063822 -0.888816595
v 0.655013442 -0.514042795 -0.88807863
v 0.653884113 -0.511577785 -0.888118148
v 0.654688299 -0.509112775 -0.888912022
v 0.656954885 -0.508091748 -0.889995217
v 0.659356117 -0.509112775 -0.890733182
v 0.656844854 -0.513395369 -0.90002507
v 0.656040668 -0.515860379 -0.899231195
v 0.653774083 -0.516881406 -0.898148
v 0.65137285 -0.515860379 -0.897410035
v 0.650243521 -0.513395369 -0.897449553
v 0.651047707 -0.510930359 -0.898243427
v 0.653314292 -0.509909332 -0.899326622
v 0.655715525 -0.510930359 -0.900064588
v 0.653544188 -0.51485014 -0.901967824
v 0.651142538 -0.515074134 -0.900728881
v 0.650147736 -0.514314771 -0.898323298
v 0.651142538 -0.51301676 -0.896160245
v 0.653544188 -0.511940598 -0.895506799
v 0.655945837 -0.511716604 -0.896745741
v 0.656940639 -0.512475967 -0.899151325
v 0.655945837 -0.513773978 -0.901314378
v 0.650594234 -0.505789578 -0.906048059
v 0.648192585 -0.506013572 -0.904809117
v 0.647197783 -0.505254209 -0.902403533
v 0.648192585 -0.503956199 -0.900240481
v 0.650594234 -0.502880037 -0.899587035
v 0.652995884 -0.502656043 -0.900825977
v 0.653990686 -0.503415406 -0.903231561
v 0.652995884 -0.504713416 -0.905394614
v 0.654067218 -0.504334807 -0.90351814
v 0.653081834 -0.506834865 -0.903155267
v 0.650639236 -0.507870436 -0.902594566
v 0.648170233 -0.506834865 -0.902164519
v 0.647121251 -0.504334807 -0.902116954
v 0.648106635 -0.50183475 -0.902479827
v 0.650549233 -0.500799179 -0.903040528
v 0.653018236 -0.50183475 -0.903470576
v 0.651071846 -0.505309284 -0.918367207
v 0.650086462 -0.507809341 -0.918004334
v 0.647643864 -0.508844912 -0.917443633
v 0.645174861 -0.507809341 -0.917013586
v 0.644125879 -0.505309284 -0.916966021
v 0.645111263 -0.502809227 -0.917328894
v 0.647553861 -0.501773655 -0.917889595
v 0.650022864 -0.502809227 -0.918319643
v 0.650867343 -0.503941953 -0.917666614
v 0.649724364 -0.50389868 -0.920125246
v 0.647336304 -0.504681706 -0.921143651
v 0.645102084 -0.505832374 -0.920125246
v 0.644330382 -0.506676614 -0.917666614
v 0.645473361 -0.506719887 -0.915207982
v 0.647861421 -0.505936861 -0.914189577
v 0.650095642 -0.504786193 -0.915207982
v 0.647261083 -0.495321602 -0.91583848
v 0.646118104 -0.495278358 -0.918297112
v 0.643730044 -0.496061414 -0.919315517
v 0.641495824 -0.497212082 -0.918297112
v 0.640724123 -0.498056322 -0.91583848
v 0.641867101 -0.498099566 -0.913379848
v 0.644255161 -0.497316509 -0.912361443
v 0.646489382 -0.496165842 -0.913379848
v 0.647184432 -0.496688962 -0.917376339
v 0.646265924 -0.499193937 -0.916891932
v 0.644015729 -0.500231504 -0.915790498
v 0.641752005 -0.499193937 -0.914717138
v 0.640800774 -0.496688962 -0.914300621
v 0.641719282 -0.494183987 -0.914785028
v 0.643969476 -0.49314639 -0.915886462
v 0.646233201 -0.494183987 -0.916959822
v 0.643526435 -0.496815711 -0.9249686
v 0.642607927 -0.499320686 -0.924484193
v 0.640357733 -0.500358284 -0.923382759
v 0.638094008 -0.499320686 -0.922309399
v 0.637142777 -0.496815711 -0.921892881
v 0.638061285 -0.494310737 -0.922377288
v 0.64031148 -0.493273139 -0.923478723
v 0.642575204 -0.494310737 -0.924552083
v 0.643219709 -0.494759351 -0.923430741
v 0.642019868 -0.494863838 -0.925860286
v 0.639832795 -0.496111691 -0.926866591
v 0.637939692 -0.497771949 -0.925860286
v 0.637449503 -0.498872072 -0.923430741
v 0.638649344 -0.498767585 -0.921001196
v 0.640836418 -0.497519732 -0.919994891
v 0.642729521 -0.495859474 -0.921001196
v 0.635339618 -0.483703345 -0.920014441
v 0.634139776 -0.483807832 -0.922443986
v 0.631952703 -0.485055685 -0.923450291
v 0.6300596 -0.486715943 -0.922443986
v 0.629569411 -0.487816066 -0.920014441
v 0.630769253 -0.487711579 -0.917584896
v 0.632956326 -0.486463726 -0.916578591
v 0.634849429 -0.484803468 -0.917584896
v 0.635080874 -0.483381689 -0.920014441
v 0.635154128 -0.485008687 -0.92218256
v 0.633646011 -0.487075597 -0.923080623
v 0.631439924 -0.4883717 -0.92218256
v 0.629828155 -0.488137722 -0.920014441
v 0.629754901 -0.486510724 -0.917846322
v 0.631263018 -0.484443814 -0.916948259
v 0.633469105 -0.483147711 -0.917846322
v 0.631454825 -0.479377002 -0.923142195
v 0.63152808 -0.481004 -0.925310314
v 0.630019963 -0.48307091 -0.926208377
v 0.627813876 -0.484367013 -0.925310314
v 0.626202106 -0.484133035 -0.923142195
v 0.626128852 -0.482506037 -0.920974076
v 0.627636969 -0.480439126 -0.920076013
v 0.629843056 -0.479143023 -0.920974076
v 0.630658686 -0.47872141 -0.923142195
v 0.630854011 -0.48005119 -0.925497293
v 0.629862845 -0.482379049 -0.926472843
v 0.628265679 -0.484341383 -0.925497293
v 0.626998246 -0.484788626 -0.923142195
v 0.626802921 -0.483458847 -0.920787096
v 0.627794087 -0.481130987 -0.919811547
v 0.629391253 -0.479168653 -0.920787096
v 0.622733831 -0.473940223 -0.926499128
v 0.622929156 -0.475270003 -0.928854227
v 0.62193799 -0.477597862 -0.929829776
v 0.620340824 -0.479560196 -0.928854227
v 0.619073391 -0.48000744 -0.926499128
v 0.618878067 -0.47867766 -0.92414403
v 0.619869232 -0.476349801 -0.92316848
v 0.621466398 -0.474387467 -0.92414403
v 0.623203278 -0.474278659 -0.926499128
v 0.622753501 -0.475259006 -0.928987026
v 0.621220112 -0.47724387 -0.930017591
v 0.619501293 -0.479070574 -0.928987026
v 0.618603945 -0.479669005 -0.926499128
v 0.619053721 -0.478688657 -0.92401123
v 0.620587111 -0.476703793 -0.922980666
v 0.62230593 -0.474877089 -0.92401123
v 0.615307808 -0.467541754 -0.927726388
v 0.614858031 -0.468522102 -0.930214286
v 0.613324642 -0.470506966 -0.93124485
v 0.611605823 -0.47233367 -0.930214286
v 0.610708475 -0.4729321 -0.927726388
v 0.611158252 -0.471951753 -0.92523849
v 0.612691641 -0.469966888 -0.924207926
v 0.61441046 -0.468140185 -0.92523849
v 0.608895361 -0.499635816 -0.962932348
v 0.60639745 -0.498640805 -0.963283539
v 0.605362713 -0.496178746 -0.963753521
v 0.60639745 -0.493691921 -0.964067042
v 0.608895361 -0.492637098 -0.964040399
v 0.611393273 -0.493632108 -0.963689208
v 0.61242801 -0.496094167 -0.963219225
v 0.611393273 -0.498580992 -0.962905705
v 0.610111535 -0.50211978 -0.978621304
v 0.607613623 -0.50112474 -0.978972495
v 0.606578887 -0.49866268 -0.979442477
v 0.607613623 -0.496175855 -0.979755998
v 0.610111535 -0.495121032 -0.979729354
v 0.612609446 -0.496116042 -0.979378164
v 0.613644183 -0.498578101 -0.978908181
v 0.612609446 -0.501064897 -0.978594661
v 0.613084137 -0.498620391 -0.981103122
v 0.611879051 -0.501049101 -0.981054127
v 0.609638572 -0.502055049 -0.979904592
v 0.607675195 -0.501049101 -0.97832787
v 0.607138932 -0.498620391 -0.977247536
v 0.608344018 -0.49619171 -0.977296531
v 0.610584497 -0.495185703 -0.978446066
v 0.612547874 -0.49619171 -0.980022788
v 0.605670571 -0.495172441 -0.992534578
v 0.604465485 -0.497601122 -0.992485583
v 0.602225006 -0.498607129 -0.991336048
v 0.600261629 -0.497601122 -0.989759326
v 0.599725366 -0.495172441 -0.988678992
v 0.600930452 -0.49274376 -0.988727987
v 0.603170931 -0.491737753 -0.989877522
v 0.605134308 -0.49274376 -0.991454244
v 0.602697968 -0.492805839 -0.993243396
v 0.600534439 -0.494438976 -0.993314862
v 0.599638283 -0.496501803 -0.99180001
v 0.600534439 -0.497785866 -0.989586174
v 0.602697968 -0.497539043 -0.987970173
v 0.604861498 -0.495905906 -0.987898707
v 0.605757654 -0.493843079 -0.989413559
v 0.604861498 -0.492559016 -0.991627395
v 0.5984357 -0.487372875 -0.988366783
v 0.596272171 -0.489006013 -0.988438249
v 0.595376015 -0.49106884 -0.986923397
v 0.596272171 -0.492352903 -0.984709561
v 0.5984357 -0.49210608 -0.98309356
v 0.600599229 -0.490472943 -0.983022094
v 0.601495385 -0.488410115 -0.984536946
v 0.600599229 -0.487126052 -0.986750782
v 0.600178182 -0.489739478 -0.98881501
v 0.598837912 -0.49205634 -0.988380253
v 0.597262025 -0.493016005 -0.986393094
v 0.596373677 -0.49205634 -0.984017611
v 0.596693218 -0.489739478 -0.982645333
v 0.598033488 -0.487422615 -0.983080089
v 0.599609375 -0.486462951 -0.985067248
v 0.600497723 -0.487422615 -0.987442732
v 0.592143714 -0.485943258 -0.993353248
v 0.590803444 -0.48826012 -0.992918491
v 0.589227557 -0.489219785 -0.990931332
v 0.58833921 -0.48826012 -0.988555849
v 0.58865875 -0.485943258 -0.987183571
v 0.58999902 -0.483626395 -0.987618327
v 0.591574907 -0.482666731 -0.989605486
v 0.592463255 -0.483626395 -0.99198097
v 0.591727495 -0.482657909 -0.990268409
v 0.590934634 -0.48345691 -0.992735386
v 0.589829266 -0.485712379 -0.993757248
v 0.589058995 -0.488103092 -0.992735386
v 0.589074969 -0.489228606 -0.990268409
v 0.58986783 -0.488429606 -0.987801433
v 0.590973198 -0.486174136 -0.986779571
v 0.591743469 -0.483783424 -0.987801433
v 0.583075166 -0.479165077 -0.988618851
v 0.582282305 -0.479964077 -0.991085827
v 0.581176937 -0.482219547 -0.992107689
v 0.580406666 -0.48461026 -0.991085827
v 0.58042264 -0.485735774 -0.988618851
v 0.581215501 -0.484936774 -0.986151874
v 0.582320869 -0.482681304 -0.985130012
v 0.58309114 -0.480290592 -0.986151874
v 0.580460131 -0.479150176 -0.988618851
v 0.580778122 -0.48014003 -0.991123259
v 0.581664801 -0.482483268 -0.992160678
v 0.582600713 -0.484807283 -0.991123259
v 0.583037674 -0.485750675 -0.988618851
v 0.582719684 -0.484760821 -0.986114442
v 0.581833005 -0.482417583 -0.985077024
v 0.580897093 -0.480093569 -0.986114442
v 0.571023941 -0.482835114 -0.988360524
v 0.571341932 -0.483824968 -0.990864933
v 0.572228611 -0.486168206 -0.991902351
v 0.573164523 -0.488492221 -0.990864933
v 0.573601484 -0.489435613 -0.988360524
v 0.573283494 -0.488445759 -0.985856116
v 0.572396815 -0.486102521 -0.984818697
v 0.571460903 -0.483778507 -0.985856116
v 0.573177755 -0.486135364 -0.991796255
v 0.572924435 -0.488640606 -0.99078995
v 0.572312713 -0.489678323 -0.988360524
v 0.57170105 -0.488640606 -0.985931098
v 0.57144767 -0.486135364 -0.984924793
v 0.57170099 -0.483630121 -0.985931098
v 0.572312713 -0.482592404 -0.988360524
v 0.572924376 -0.483630121 -0.99078995
v 0.568803191 -0.486135393 -0.992897689
v 0.568549871 -0.488640636 -0.991891384
v 0.567938149 -0.489678353 -0.989461958
v 0.567326486 -0.488640636 -0.987032533
v 0.567073107 -0.486135393 -0.986026227
v 0.567326427 -0.483630151 -0.987032533
v 0.567938149 -0.482592434 -0.989461958
v 0.568549812 -0.483630151 -0.991891384
v 0.567278147 0.0983259976 -0.375083387
v 0.56740576 0.096665293 -0.377223223
v 0.565939069 0.0945637748 -0.378109574
v 0.563737214 0.0932524949 -0.377223223
v 0.562090039 0.0934995711 -0.375083387
v 0.561962426 0.0951602757 -0.37294355
v 0.563429117 0.0972617939 -0.372057199
v 0.565630972 0.0985730737 -0.37294355
v 0.56422478 0.10160815 -0.377812743
v 0.564352393 0.0999474451 -0.37995258
v 0.562885702 0.0978459269 -0.380838931
v 0.560683846 0.096534647 -0.37995258
v 0.559036672 0.0967817232 -0.377812743
v 0.558909059 0.0984424278 -0.375672907
v 0.56037575 0.100543946 -0.374786556
v 0.562577605 0.101855226 -0.375672907
v 0.561630726 0.096751757 -0.380378574
v 0.559240937 0.0969229639 -0.379108697
v 0.558251023 0.0984250605 -0.377079666
v 0.559240937 0.100378133 -0.375480056
v 0.561630726 0.101638116 -0.375246912
v 0.564020514 0.101466909 -0.376516789
v 0.565010428 0.0999648124 -0.378545821
v 0.564020514 0.0980117396 -0.380145431
v 0.559140801 0.102484532 -0.385837317
v 0.556751013 0.102655739 -0.38456744
v 0.555761099 0.104157835 -0.382538408
v 0.556751013 0.106110908 -0.380938798
v 0.559140801 0.107370891 -0.380705655
v 0.56153059 0.107199684 -0.381975532
v 0.562520504 0.105697587 -0.384004563
v 0.56153059 0.103744514 -0.385604173
v 0.561734855 0.107340895 -0.383271486
v 0.561862469 0.105680175 -0.385411322
v 0.560395777 0.103578672 -0.386297643
v 0.558193922 0.102267422 -0.385411322
v 0.556546748 0.102514528 -0.383271486
v 0.556419134 0.104175247 -0.381131649
v 0.557885826 0.106276751 -0.380245328
v 0.560087681 0.107588001 -0.381131649
v 0.558681548 0.110623054 -0.386000872
v 0.558809161 0.108962335 -0.388140708
v 0.55734247 0.106860831 -0.389027029
v 0.555140615 0.105549581 -0.388140708
v 0.55349344 0.105796687 -0.386000872
v 0.553365827 0.107457407 -0.383861035
v 0.554832518 0.10955891 -0.382974714
v 0.557034373 0.11087016 -0.383861035
v 0.556087494 0.105766691 -0.388566703
v 0.553697705 0.105937898 -0.387296826
v 0.552707791 0.107439995 -0.385267794
v 0.553697705 0.109393068 -0.383668184
v 0.556087494 0.11065305 -0.383435041
v 0.558477283 0.110481843 -0.384704918
v 0.559467196 0.108979747 -0.386733949
v 0.558477283 0.107026674 -0.388333559
v 0.553597569 0.111499466 -0.394025445
v 0.551207781 0.111670673 -0.392755568
v 0.550217867 0.11317277 -0.390726537
v 0.551207781 0.115125842 -0.389126927
v 0.553597569 0.116385825 -0.388893783
v 0.555987358 0.116214618 -0.39016366
v 0.556977272 0.114712521 -0.392192692
v 0.555987358 0.112759449 -0.393792301
v 0.556191623 0.116355851 -0.391459614
v 0.556319237 0.114695147 -0.393599451
v 0.554852545 0.112593636 -0.394485801
v 0.55265069 0.111282356 -0.393599451
v 0.551003516 0.11152944 -0.391459614
v 0.550875902 0.113190144 -0.389319777
v 0.552342594 0.115291655 -0.388433427
v 0.554544449 0.116602935 -0.389319777
v 0.553138256 0.119638011 -0.39418897
v 0.55326587 0.117977306 -0.396328807
v 0.551799178 0.115875795 -0.397215158
v 0.549597323 0.114564516 -0.396328807
v 0.547950149 0.114811599 -0.39418897
v 0.547822535 0.116472304 -0.392049134
v 0.549289227 0.118573815 -0.391162783
v 0.551491082 0.119885094 -0.392049134
v 0.547742605 0.163387671 -0.346707731
v 0.547870219 0.161726952 -0.348847568
v 0.546403527 0.159625441 -0.349733919
v 0.544201672 0.158314183 -0.348847568
v 0.542554498 0.158561274 -0.346707731
v 0.542426884 0.160221994 -0.344567895
v 0.543893576 0.162323505 -0.343681544
v 0.546095431 0.163634762 -0.344567895
v 0.54473567 0.166619956 -0.349395633
v 0.544863284 0.164959237 -0.351535469
v 0.543396592 0.162857726 -0.35242182
v 0.541194737 0.161546469 -0.351535469
v 0.539547563 0.16179356 -0.349395633
v 0.539419949 0.163454279 -0.347255796
v 0.540886641 0.16555579 -0.346369445
v 0.543088496 0.166867048 -0.347255796
v 0.545570254 0.164206758 -0.350288391
v 0.544480801 0.161724463 -0.350354314
v 0.542021036 0.160696253 -0.349858671
v 0.539631963 0.161724463 -0.349091798
v 0.538712978 0.164206758 -0.348502874
v 0.539802432 0.166689053 -0.348436952
v 0.542262197 0.167717263 -0.348932594
v 0.54465127 0.166689053 -0.349699467
v 0.54292506 0.165637597 -0.360447347
v 0.541835606 0.163155302 -0.36051327
v 0.539375842 0.162127092 -0.360017627
v 0.536986768 0.163155302 -0.359250754
v 0.536067784 0.165637597 -0.35866183
v 0.537157238 0.168119892 -0.358595908
v 0.539617002 0.169148102 -0.35909155
v 0.542006075 0.168119892 -0.359858423
v 0.54279232 0.1669375 -0.359554589
v 0.541620314 0.167080641 -0.361995727
v 0.53920424 0.166378468 -0.36300689
v 0.536959291 0.165242299 -0.361995727
v 0.536200523 0.164337695 -0.359554589
v 0.53737253 0.164194554 -0.357113451
v 0.539788604 0.164896727 -0.356102288
v 0.542033553 0.166032895 -0.357113451
v 0.539965332 0.174105242 -0.357777089
v 0.538793325 0.174248382 -0.360218227
v 0.536377251 0.17354621 -0.36122939
v 0.534132302 0.172410041 -0.360218227
v 0.533373535 0.171505436 -0.357777089
v 0.534545541 0.171362296 -0.355335951
v 0.536961615 0.172064468 -0.354324788
v 0.539206564 0.173200637 -0.355335951
v 0.539316297 0.175160483 -0.357777089
v 0.539355099 0.173555806 -0.359962642
v 0.537820637 0.171511516 -0.360867918
v 0.535611868 0.170225129 -0.359962642
v 0.53402257 0.170450196 -0.357777089
v 0.533983767 0.172054872 -0.355591536
v 0.535518229 0.174099162 -0.35468626
v 0.537726998 0.17538555 -0.355591536
v 0.533315539 0.18190448 -0.362835199
v 0.533354342 0.180299804 -0.365020752
v 0.53181988 0.178255513 -0.365926027
v 0.529611111 0.176969126 -0.365020752
v 0.528021812 0.177194193 -0.362835199
v 0.52798301 0.178798869 -0.360649645
v 0.529517472 0.18084316 -0.35974437
v 0.531726241 0.182129547 -0.360649645
v 0.533301055 0.181920663 -0.362835199
v 0.533364475 0.180299789 -0.365008205
v 0.531848788 0.178239316 -0.365908265
v 0.529641747 0.176946238 -0.365008205
v 0.528036296 0.17717801 -0.362835199
v 0.527972877 0.178798884 -0.360662192
v 0.529488564 0.180859357 -0.359762132
v 0.531695604 0.182152435 -0.360662192
v 0.530299127 0.185253069 -0.36540854
v 0.530362546 0.183632195 -0.367581546
v 0.52884686 0.181571722 -0.368481606
v 0.526639819 0.180278644 -0.367581546
v 0.525034368 0.180510417 -0.36540854
v 0.524970949 0.18213129 -0.363235533
v 0.526486635 0.184191763 -0.362335473
v 0.528693676 0.185484841 -0.363235533
v 0.530823708 0.184489846 -0.36540854
v 0.529882491 0.184051365 -0.367913514
v 0.527643323 0.182927743 -0.368951112
v 0.525417864 0.181777164 -0.367913514
v 0.524509788 0.181273639 -0.36540854
v 0.525451005 0.181712121 -0.362903565
v 0.527690172 0.182835743 -0.361865968
v 0.529915631 0.183986321 -0.362903565
v 0.527942121 0.190146908 -0.365316033
v 0.527000904 0.189708427 -0.367821008
v 0.524761736 0.188584805 -0.368858606
v 0.522536278 0.187434226 -0.367821008
v 0.521628201 0.186930701 -0.365316033
v 0.522569418 0.187369183 -0.362811059
v 0.524808586 0.188492805 -0.361773461
v 0.527034044 0.189643383 -0.362811059
v 0.519779623 0.211120829 -0.351876408
v 0.517389834 0.211292028 -0.350606531
v 0.51639992 0.212794125 -0.348577499
v 0.517389834 0.214747205 -0.34697789
v 0.519779623 0.216007188 -0.346744746
v 0.522169411 0.215835989 -0.348014623
v 0.523159325 0.214333892 -0.350043654
v 0.522169411 0.212380812 -0.351643264
v 0.51734668 0.216722369 -0.357210189
v 0.514956892 0.216893569 -0.355940312
v 0.513966978 0.218395665 -0.353911281
v 0.514956892 0.220348746 -0.352311671
v 0.51734668 0.221608728 -0.352078527
v 0.519736469 0.221437529 -0.353348404
v 0.520726383 0.219935432 -0.355377436
v 0.519736469 0.217982352 -0.356977046
v 0.51734668 0.221101701 -0.357611507
v 0.514873981 0.220197365 -0.356962502
v 0.513849795 0.218688622 -0.354955554
v 0.514873981 0.217459247 -0.352766335
v 0.51734668 0.217229396 -0.351677209
v 0.519819379 0.218133733 -0.352326214
v 0.520843565 0.219642475 -0.354333162
v 0.519819379 0.220871851 -0.356522381
v 0.514892459 0.233722463 -0.349376082
v 0.51241976 0.232818127 -0.348727077
v 0.511395574 0.231309384 -0.346720129
v 0.51241976 0.230080009 -0.34453091
v 0.514892459 0.229850158 -0.343441784
v 0.517365158 0.230754495 -0.34409079
v 0.518389344 0.232263237 -0.346097738
v 0.517365158 0.233492613 -0.348286957
v 0.518125653 0.23323518 -0.346408933
v 0.517048001 0.233102351 -0.348893732
v 0.514707685 0.232198596 -0.349922955
v 0.51247561 0.231053337 -0.348893732
v 0.511659265 0.230337441 -0.346408933
v 0.512736917 0.23047027 -0.343924135
v 0.515077233 0.231374025 -0.342894912
v 0.517309308 0.232519284 -0.343924135
v 0.515327752 0.239478752 -0.345529288
v 0.5142501 0.239345923 -0.348014086
v 0.511909783 0.238442168 -0.34904331
v 0.509677708 0.237296909 -0.348014086
v 0.508861363 0.236581013 -0.345529288
v 0.509939015 0.236713842 -0.34304449
v 0.512279332 0.237617597 -0.342015266
v 0.514511406 0.238762856 -0.34304449
v 0.512094557 0.235586703 -0.348095119
v 0.509704769 0.235757902 -0.346825242
v 0.508714855 0.237259999 -0.344796211
v 0.509704769 0.239213079 -0.343196601
v 0.512094557 0.240473062 -0.342963457
v 0.514484346 0.240301862 -0.344233334
v 0.51547426 0.238799766 -0.346262366
v 0.514484346 0.236846685 -0.347861975
v 0.509672999 0.241162062 -0.353403986
v 0.507283211 0.241333261 -0.352134109
v 0.506293297 0.242835358 -0.350105077
v 0.507283211 0.244788438 -0.348505467
v 0.509672999 0.246048421 -0.348272324
v 0.512062788 0.245877221 -0.349542201
v 0.513052702 0.244375125 -0.351571232
v 0.512062788 0.242422044 -0.353170842
v 0.509672999 0.240911201 -0.353139162
v 0.507283568 0.241211236 -0.35189265
v 0.506293833 0.242913648 -0.350028425
v 0.507283568 0.245021194 -0.348638535
v 0.509672999 0.246299282 -0.348537147
v 0.51206243 0.245999247 -0.349783659
v 0.513052166 0.244296834 -0.351647884
v 0.51206243 0.242189288 -0.353037775
v 0.507220447 0.245965764 -0.359057069
v 0.504831016 0.246265799 -0.357810557
v 0.503841281 0.247968212 -0.355946332
v 0.504831016 0.250075758 -0.354556441
v 0.507220447 0.25135386 -0.354455054
v 0.509609878 0.25105381 -0.355701566
v 0.510599613 0.249351397 -0.35756579
v 0.509609878 0.247243851 -0.358955681
v 0.510131121 0.250679821 -0.356756061
v 0.509677351 0.249513581 -0.359161705
v 0.507784367 0.247847214 -0.360158145
v 0.505561054 0.24665685 -0.359161705
v 0.504309773 0.246639788 -0.356756061
v 0.504763544 0.247806028 -0.354350418
v 0.506656528 0.249472395 -0.353353977
v 0.50887984 0.250662774 -0.354350418
v 0.507221699 0.254872084 -0.358239651
v 0.506767929 0.253705829 -0.360645294
v 0.504874945 0.252039462 -0.361641735
v 0.502651632 0.250849098 -0.360645294
v 0.501400352 0.250832021 -0.358239651
v 0.501854122 0.251998276 -0.355834007
v 0.503747106 0.253664643 -0.354837567
v 0.505970418 0.254855007 -0.355834007
v 0.504311025 0.250176489 -0.360562146
v 0.501921713 0.250466406 -0.359313071
v 0.500931978 0.252153784 -0.357435226
v 0.501921713 0.254250199 -0.356028587
v 0.504311025 0.255527616 -0.355917156
v 0.506700337 0.255237699 -0.357166231
v 0.507690072 0.253550321 -0.359044075
v 0.506700337 0.251453906 -0.360450715
v 0.50186038 0.255272448 -0.366432816
v 0.499471039 0.255562365 -0.365183741
v 0.498481333 0.257249743 -0.363305897
v 0.499471039 0.259346157 -0.361899257
v 0.50186038 0.260623574 -0.361787826
v 0.504249692 0.260333657 -0.363036901
v 0.505239427 0.25864628 -0.364914745
v 0.504249692 0.256549865 -0.366321385
v 0.505041301 0.259508222 -0.364110321
v 0.504051685 0.259169459 -0.366612107
v 0.501778364 0.258115172 -0.367648393
v 0.499553144 0.256962955 -0.366612107
v 0.498679459 0.2563878 -0.364110321
v 0.499669105 0.256726563 -0.361608535
v 0.501942396 0.25778085 -0.360572249
v 0.504167616 0.258933067 -0.361608535
v 0.502231479 0.265236855 -0.363774568
v 0.501241803 0.264898092 -0.366276354
v 0.498968542 0.263843805 -0.36731264
v 0.496743292 0.262691587 -0.366276354
v 0.495869607 0.262116432 -0.363774568
v 0.496859252 0.262455195 -0.361272782
v 0.499132514 0.263509482 -0.360236496
v 0.501357734 0.2646617 -0.361272782
v 0.499050528 0.261233479 -0.366340399
v 0.496660709 0.261404663 -0.365070522
v 0.495670825 0.26290676 -0.36304149
v 0.496660709 0.264859855 -0.36144188
v 0.499050528 0.266119808 -0.361208737
v 0.501440346 0.265948623 -0.362478614
v 0.50243026 0.264446527 -0.364507645
v 0.501440346 0.262493432 -0.366107255
v 0.496631324 0.266803473 -0.371644139
v 0.494241506 0.266974658 -0.370374262
v 0.493251622 0.268476754 -0.368345231
v 0.494241506 0.27042985 -0.366745621
v 0.496631324 0.271689802 -0.366512477
v 0.499021143 0.271518618 -0.367782354
v 0.500011027 0.270016521 -0.369811386
v 0.499021143 0.268063426 -0.371410996
v 0.499070257 0.303093851 -0.342770487
v 0.49818024 0.302557468 -0.345275134
v 0.495979816 0.301359564 -0.346312582
v 0.493758023 0.300201833 -0.345275134
v 0.492816299 0.299762487 -0.342770487
v 0.493706316 0.30029887 -0.34026584
v 0.49590674 0.301496774 -0.339228392
v 0.498128533 0.302654505 -0.34026584
v 0.496272653 0.308345765 -0.342901081
v 0.495382637 0.307809383 -0.345405728
v 0.493182212 0.306611478 -0.346443176
v 0.490960419 0.305453748 -0.345405728
v 0.490018696 0.305014402 -0.342901081
v 0.490908712 0.305550784 -0.340396434
v 0.493109137 0.306748688 -0.339358985
v 0.49533093 0.307906419 -0.340396434
v 0.493145674 0.307959527 -0.346204966
v 0.490656316 0.307322055 -0.34533903
v 0.489625186 0.306308508 -0.343044966
v 0.490656316 0.305512637 -0.340666652
v 0.493145674 0.30540064 -0.339597195
v 0.495635033 0.306038111 -0.340463132
v 0.496666163 0.307051659 -0.342757195
v 0.495635033 0.30784753 -0.34513551
v 0.491368234 0.322604179 -0.340533704
v 0.488878876 0.321966708 -0.339667767
v 0.487847745 0.320953161 -0.337373704
v 0.488878876 0.32015729 -0.334995389
v 0.491368234 0.320045292 -0.333925933
v 0.493857592 0.320682764 -0.334791869
v 0.494888723 0.321696311 -0.337085932
v 0.493857592 0.322492182 -0.339464247
v 0.491368234 0.318881571 -0.339795649
v 0.488978416 0.319052756 -0.338525772
v 0.487988532 0.320554852 -0.336496741
v 0.488978416 0.322507948 -0.334897131
v 0.491368234 0.3237679 -0.334663987
v 0.493758053 0.323596716 -0.335933864
v 0.494747937 0.322094619 -0.337962896
v 0.493758053 0.320141524 -0.339562505
v 0.488984078 0.324370891 -0.345022559
v 0.48659426 0.324542075 -0.343752682
v 0.485604376 0.326044172 -0.341723651
v 0.48659426 0.327997267 -0.340124041
v 0.488984078 0.32925722 -0.339890897
v 0.491373897 0.329086035 -0.341160774
v 0.492363781 0.327583939 -0.343189806
v 0.491373897 0.325630844 -0.344789416
v 0.488984078 0.324177802 -0.344823718
v 0.486507863 0.325204045 -0.344413459
v 0.485482186 0.327173412 -0.342856973
v 0.486507863 0.328932285 -0.341066003
v 0.488984078 0.329450309 -0.340089738
v 0.491460294 0.328424066 -0.340499997
v 0.49248597 0.326454699 -0.342056483
v 0.491460294 0.324695826 -0.343847454
v 0.48952356 0.326524317 -0.347437173
v 0.487047344 0.32755056 -0.347026914
v 0.486021668 0.329519928 -0.345470428
v 0.487047344 0.331278801 -0.343679458
v 0.48952356 0.331796825 -0.342703193
v 0.491999775 0.330770582 -0.343113452
v 0.493025452 0.328801215 -0.344669938
v 0.491999775 0.327042341 -0.346460909
v 0.48952356 0.326717407 -0.347636014
v 0.487133741 0.326888591 -0.346366137
v 0.486143857 0.328390688 -0.344337106
v 0.487133741 0.330343783 -0.342737526
v 0.48952356 0.331603736 -0.342504352
v 0.491913378 0.331432551 -0.343774229
v 0.492903262 0.329930454 -0.345803261
v 0.491913378 0.327977359 -0.347402841
v 0.487139404 0.332206696 -0.352862924
v 0.484749585 0.332377881 -0.351593047
v 0.483759701 0.333879977 -0.349564016
v 0.484749585 0.335833073 -0.347964436
v 0.487139404 0.337093025 -0.347731262
v 0.489529222 0.336921841 -0.349001139
v 0.490519106 0.335419744 -0.351030171
v 0.489529222 0.333466649 -0.352629751
v 0.487461567 0.375928998 -0.311359704
v 0.484985352 0.376955241 -0.310949445
v 0.483959675 0.378924608 -0.309392929
v 0.484985352 0.380683482 -0.307601959
v 0.487461567 0.381201506 -0.306625664
v 0.489937782 0.380175263 -0.307035923
v 0.490963459 0.378205895 -0.308592439
v 0.489937782 0.376447022 -0.310383409
v 0.487992942 0.378240168 -0.31393376
v 0.485516727 0.379266411 -0.313523501
v 0.48449105 0.381235778 -0.311966985
v 0.485516727 0.382994652 -0.310176015
v 0.487992942 0.383512676 -0.309199721
v 0.490469158 0.382486433 -0.309609979
v 0.491494834 0.380517066 -0.311166495
v 0.490469158 0.378758192 -0.312957466
v 0.487992942 0.378240168 -0.31393373
v 0.485516727 0.379266411 -0.313523471
v 0.48449105 0.381235778 -0.311966985
v 0.485516727 0.382994652 -0.310176015
v 0.487992942 0.383512676 -0.30919975
v 0.490469158 0.382486433 -0.309610009
v 0.491494834 0.380517066 -0.311166495
v 0.490469158 0.378758192 -0.312957466
v 0.489055663 0.382862478 -0.319081843
v 0.486579448 0.383888721 -0.318671584
v 0.485553771 0.385858089 -0.317115098
v 0.486579448 0.387616962 -0.315324128
v 0.489055663 0.388134986 -0.314347863
v 0.491531879 0.387108743 -0.314758122
v 0.492557555 0.385139376 -0.316314608
v 0.491531879 0.383380502 -0.318105578
v 0.489055663 0.383055568 -0.319280684
v 0.486665845 0.383226752 -0.318010807
v 0.485675961 0.384728849 -0.315981776
v 0.486665845 0.386681944 -0.314382166
v 0.489055663 0.387941897 -0.314149022
v 0.491445482 0.387770712 -0.315418899
v 0.492435366 0.386268616 -0.317447931
v 0.491445482 0.384315521 -0.31904754
v 0.486707449 0.388462126 -0.324428797
v 0.484317631 0.388633311 -0.32315892
v 0.483327746 0.390135407 -0.321129888
v 0.484317631 0.392088503 -0.319530278
v 0.486707449 0.393348455 -0.319297135
v 0.489097267 0.393177271 -0.320567012
v 0.490087152 0.391675174 -0.322596043
v 0.489097267 0.389722079 -0.324195653
v 0.494113266 0.439175904 -0.272078454
v 0.493167669 0.436670721 -0.272506267
v 0.490870148 0.435633034 -0.273505151
v 0.488566577 0.436670721 -0.274489969
v 0.487606347 0.439175904 -0.274883866
v 0.488551944 0.441681087 -0.274456054
v 0.490849465 0.442718774 -0.27345717
v 0.493153036 0.441681087 -0.272472352
v 0.498253405 0.439253002 -0.28168118
v 0.497307807 0.436747819 -0.282108992
v 0.495010287 0.435710132 -0.283107877
v 0.492706716 0.436747819 -0.284092695
v 0.491746485 0.439253002 -0.284486592
v 0.492692083 0.441758186 -0.284058779
v 0.494989604 0.442795873 -0.283059895
v 0.497293174 0.441758186 -0.282075077
v 0.496936947 0.439253002 -0.280117303
v 0.497016728 0.436869949 -0.281408727
v 0.495915115 0.435882837 -0.283681422
v 0.494277418 0.436869949 -0.285604119
v 0.493062943 0.439253002 -0.286050469
v 0.492983162 0.441636056 -0.284759045
v 0.494084775 0.442623168 -0.282486349
v 0.495722473 0.441636056 -0.280563653
v 0.500816107 0.440755486 -0.282650143
v 0.500895917 0.438372433 -0.283941567
v 0.499794275 0.437385321 -0.286214262
v 0.498156577 0.438372433 -0.288136959
v 0.496942103 0.440755486 -0.288583308
v 0.496862322 0.44313854 -0.287291884
v 0.497963935 0.444125652 -0.285019189
v 0.499601632 0.44313854 -0.283096492
v 0.501553416 0.440755486 -0.28329277
v 0.501576006 0.438572198 -0.284900844
v 0.500018835 0.437667847 -0.286928266
v 0.497794002 0.438572198 -0.288187414
v 0.496204823 0.440755486 -0.287940681
v 0.496182203 0.442938775 -0.286332607
v 0.497739375 0.443843126 -0.284305185
v 0.499964207 0.442938775 -0.283046037
v 0.505955398 0.444532096 -0.28835839
v 0.505978048 0.442348808 -0.289966464
v 0.504420817 0.441444457 -0.291993886
v 0.502196014 0.442348808 -0.293253034
v 0.500606835 0.444532096 -0.293006301
v 0.500584185 0.446715385 -0.291398227
v 0.502141416 0.447619736 -0.289370805
v 0.504366219 0.446715385 -0.288111657
v 0.506813109 0.444532096 -0.290403694
v 0.505790293 0.442031264 -0.290633589
v 0.503297687 0.440995395 -0.290892035
v 0.500795305 0.442031264 -0.291027665
v 0.499749124 0.444532096 -0.290960997
v 0.50077194 0.447032928 -0.290731102
v 0.503264546 0.448068798 -0.290472656
v 0.505766928 0.447032928 -0.290337026
v 0.507599652 0.445126921 -0.300373584
v 0.506576836 0.442626089 -0.300603479
v 0.504084229 0.44159022 -0.300861925
v 0.501581848 0.442626089 -0.300997555
v 0.500535667 0.445126921 -0.300930887
v 0.501558483 0.447627753 -0.300700992
v 0.504051089 0.448663622 -0.300442547
v 0.506553471 0.447627753 -0.300306916
v 0.504067659 0.441679984 -0.301471531
v 0.501575649 0.442748994 -0.301481545
v 0.500543356 0.445210963 -0.301005751
v 0.501575649 0.4476237 -0.30032289
v 0.504067659 0.448573858 -0.29983294
v 0.50655967 0.447504848 -0.299822927
v 0.507591963 0.445042878 -0.300298721
v 0.50655967 0.442630142 -0.300981581
v 0.504946411 0.443650842 -0.309763193
v 0.5024544 0.444719851 -0.309773207
v 0.501422107 0.447181821 -0.309297413
v 0.5024544 0.449594557 -0.308614552
v 0.504946411 0.450544715 -0.308124602
v 0.507438421 0.449475706 -0.308114588
v 0.508470714 0.447013736 -0.308590382
v 0.507438421 0.444600999 -0.309273243
v 0.504946411 0.444461524 -0.311310917
v 0.502470195 0.445487767 -0.310900629
v 0.501444519 0.447457135 -0.309344143
v 0.502470195 0.449216008 -0.307553172
v 0.504946411 0.449734032 -0.306576878
v 0.507422626 0.448707789 -0.306987166
v 0.508448303 0.446738422 -0.308543652
v 0.507422626 0.444979548 -0.310334623
v 0.505994916 0.449021995 -0.316390127
v 0.503518701 0.450048238 -0.315979838
v 0.502493024 0.452017605 -0.314423352
v 0.503518701 0.453776479 -0.312632382
v 0.505994916 0.454294503 -0.311656088
v 0.508471131 0.45326826 -0.312066376
v 0.509496808 0.451298892 -0.313622862
v 0.508471131 0.449540019 -0.315413833
v 0.505994916 0.449021995 -0.316390127
v 0.503518701 0.450048238 -0.315979838
v 0.502493024 0.452017605 -0.314423352
v 0.503518701 0.453776479 -0.312632382
v 0.505994916 0.454294503 -0.311656088
v 0.508471131 0.45326826 -0.312066376
v 0.509496808 0.451298892 -0.313622862
v 0.508471131 0.449540019 -0.315413833
v 0.507043421 0.453582495 -0.321469367
v 0.504567206 0.454608738 -0.321059078
v 0.503541529 0.456578106 -0.319502592
v 0.504567206 0.458336979 -0.317711622
v 0.507043421 0.458855003 -0.316735327
v 0.509519637 0.45782876 -0.317145616
v 0.510545313 0.455859393 -0.318702102
v 0.509519637 0.454100519 -0.320493072
v 0.507043421 0.453582495 -0.321469367
v 0.504567206 0.454608738 -0.321059078
v 0.503541529 0.456578106 -0.319502592
v 0.504567206 0.458336979 -0.317711622
v 0.507043421 0.458855003 -0.316735327
v 0.509519637 0.45782876 -0.317145616
v 0.510545313 0.455859393 -0.318702102
v 0.509519637 0.454100519 -0.320493072
v 0.508091927 0.458142966 -0.326548576
v 0.505615711 0.459169209 -0.326138288
v 0.504590034 0.461138576 -0.324581802
v 0.505615711 0.46289745 -0.322790831
v 0.508091927 0.463415474 -0.321814537
v 0.510568142 0.462389231 -0.322224826
v 0.511593819 0.460419863 -0.323781312
v 0.510568142 0.45866099 -0.325572282
v 0.508091927 0.458142966 -0.326548547
v 0.505615711 0.459169209 -0.326138288
v 0.504590034 0.461138576 -0.324581802
v 0.505615711 0.46289745 -0.322790831
v 0.508091927 0.463415474 -0.321814567
v 0.510568142 0.462389231 -0.322224826
v 0.511593819 0.460419863 -0.323781312
v 0.510568142 0.45866099 -0.325572282
v 0.509140432 0.462703437 -0.331627786
v 0.506664217 0.46372968 -0.331217527
v 0.50563854 0.465699047 -0.329661041
v 0.506664217 0.46745792 -0.327870071
v 0.509140432 0.467975944 -0.326893806
v 0.511616647 0.466949701 -0.327304065
v 0.512642324 0.464980334 -0.328860551
v 0.511616647 0.463221461 -0.330651522
v 0.509140432 0.46213305 -0.330767423
v 0.506655395 0.463207394 -0.330613792
v 0.505626082 0.465530813 -0.329667598
v 0.506655395 0.467742294 -0.328483105
v 0.509140432 0.468546331 -0.32775417
v 0.511625469 0.467471987 -0.327907801
v 0.512654781 0.465148568 -0.328853995
v 0.511625469 0.462937087 -0.330038488
v 0.510102153 0.465330809 -0.337573379
v 0.507617116 0.466405153 -0.337419748
v 0.506587803 0.468728572 -0.336473554
v 0.507617116 0.470940053 -0.335289061
v 0.510102153 0.47174409 -0.334560126
v 0.51258719 0.470669746 -0.334713757
v 0.513616502 0.468346328 -0.335659951
v 0.51258719 0.466134846 -0.336844444
v 0.505537987 0.436573595 -0.387610316
v 0.503061771 0.437599838 -0.387200028
v 0.502036095 0.439569175 -0.385643512
v 0.503061771 0.441328049 -0.383852541
v 0.505537987 0.441846102 -0.382876277
v 0.508014202 0.44081986 -0.383286566
v 0.509039879 0.438850522 -0.384843081
v 0.508014202 0.437091649 -0.386634052
v 0.506070018 0.438887864 -0.3901878
v 0.503593802 0.439914107 -0.389777511
v 0.502568126 0.441883445 -0.388220996
v 0.503593802 0.443642318 -0.386430025
v 0.506070018 0.444160372 -0.385453761
v 0.508546233 0.443134129 -0.385864049
v 0.50957191 0.441164792 -0.387420565
v 0.508546233 0.439405918 -0.389211535
v 0.506070018 0.438887864 -0.3901878
v 0.503593802 0.439914107 -0.389777541
v 0.502568126 0.441883475 -0.388221025
v 0.503593802 0.443642348 -0.386430055
v 0.506070018 0.444160372 -0.385453761
v 0.508546233 0.443134129 -0.385864019
v 0.50957191 0.441164762 -0.387420535
v 0.508546233 0.439405888 -0.389211506
v 0.507134199 0.443516403 -0.395342827
v 0.504657984 0.444542646 -0.394932568
v 0.503632307 0.446512014 -0.393376052
v 0.504657984 0.448270887 -0.391585082
v 0.507134199 0.448788911 -0.390608788
v 0.509610415 0.447762668 -0.391019046
v 0.510636091 0.445793301 -0.392575562
v 0.509610415 0.444034427 -0.394366533
v 0.507134199 0.443516403 -0.395342827
v 0.504657984 0.444542646 -0.394932538
v 0.503632307 0.446512014 -0.393376023
v 0.504657984 0.448270857 -0.391585082
v 0.507134199 0.448788911 -0.390608788
v 0.509610415 0.447762668 -0.391019076
v 0.510636091 0.445793301 -0.392575592
v 0.509610415 0.444034457 -0.394366533
v 0.508198321 0.448144943 -0.400497854
v 0.505722106 0.449171185 -0.400087565
v 0.504696429 0.451140553 -0.398531049
v 0.505722106 0.452899396 -0.396740109
v 0.508198321 0.45341745 -0.395763814
v 0.510674536 0.452391207 -0.396174103
v 0.511700213 0.45042184 -0.397730619
v 0.510674536 0.448662996 -0.399521559
v 0.508198321 0.447296798 -0.398772359
v 0.505704463 0.448360592 -0.398819298
v 0.504671514 0.450842351 -0.398462921
v 0.505704463 0.453288257 -0.397912025
v 0.508198321 0.454265594 -0.397489309
v 0.510692179 0.453201801 -0.397442371
v 0.511725128 0.450720042 -0.397798747
v 0.510692179 0.448274136 -0.398349643
v 0.509073079 0.448951155 -0.407757819
v 0.50657922 0.450014949 -0.407804757
v 0.505546272 0.452496707 -0.407448381
v 0.50657922 0.454942614 -0.406897485
v 0.509073079 0.455919951 -0.406474769
v 0.511566937 0.454856157 -0.40642783
v 0.512599885 0.452374399 -0.406784207
v 0.511566937 0.449928492 -0.407335103
v 0.509073079 0.451827437 -0.410606682
v 0.506600261 0.45240128 -0.409653306
v 0.505575955 0.452995211 -0.407213807
v 0.506600261 0.453261286 -0.404717177
v 0.509073079 0.453043669 -0.403625906
v 0.511545897 0.452469826 -0.404579282
v 0.512570202 0.451875895 -0.407018781
v 0.511545897 0.45160982 -0.409515411
v 0.510326684 0.459430128 -0.411931276
v 0.507853866 0.460003972 -0.4109779
v 0.50682956 0.460597903 -0.408538401
v 0.507853866 0.460863978 -0.406041771
v 0.510326684 0.460646361 -0.4049505
v 0.512799501 0.460072517 -0.405903876
v 0.513823807 0.459478587 -0.408343375
v 0.512799501 0.459212512 -0.410840005
v 0.510326684 0.461542934 -0.411648452
v 0.507836163 0.461347908 -0.410593718
v 0.506804585 0.46038571 -0.408277899
v 0.507836163 0.459219962 -0.406057537
v 0.510326684 0.458533555 -0.405233324
v 0.512817204 0.458728582 -0.406288058
v 0.513848782 0.459690779 -0.408603877
v 0.512817204 0.460856527 -0.410824239
v 0.511948824 0.475020081 -0.405326188
v 0.509458303 0.474825054 -0.404271454
v 0.508426726 0.473862857 -0.401955634
v 0.509458303 0.472697109 -0.399735272
v 0.511948824 0.472010702 -0.398911059
v 0.514439344 0.472205728 -0.399965793
v 0.515470922 0.473167926 -0.402281612
v 0.514439344 0.474333674 -0.404501975
v 0.514779449 0.473515391 -0.399987876
v 0.514559686 0.471224129 -0.401421368
v 0.512810469 0.470275044 -0.403263301
v 0.510556579 0.471224129 -0.404434711
v 0.509118199 0.473515391 -0.40424937
v 0.509337962 0.475806653 -0.402815878
v 0.511087179 0.476755738 -0.400973946
v 0.513341069 0.475806653 -0.399802536
v 0.519207597 0.476771027 -0.405870497
v 0.518987834 0.474479765 -0.407303989
v 0.517238617 0.47353068 -0.409145921
v 0.514984727 0.474479765 -0.410317332
v 0.513546348 0.476771027 -0.410131991
v 0.51376611 0.479062289 -0.408698499
v 0.515515327 0.480011374 -0.406856567
v 0.517769217 0.479062289 -0.405685157
v 0.516376972 0.474134773 -0.410368264
v 0.513900757 0.475161016 -0.409957975
v 0.51287508 0.477130383 -0.408401489
v 0.513900757 0.478889257 -0.406610548
v 0.516376972 0.479407281 -0.405634224
v 0.518853188 0.478381038 -0.406044513
v 0.519878864 0.47641167 -0.407600999
v 0.518853188 0.474652797 -0.40939194
v 0.517437518 0.478747487 -0.415505677
v 0.514961302 0.47977373 -0.415095389
v 0.513935626 0.481743097 -0.413538903
v 0.514961302 0.483501971 -0.411747962
v 0.517437518 0.484019995 -0.410771638
v 0.519913733 0.482993752 -0.411181927
v 0.52093941 0.481024384 -0.412738413
v 0.519913733 0.479265511 -0.414529353
v 0.517437518 0.478298903 -0.41488117
v 0.514954984 0.479368031 -0.414663941
v 0.513926685 0.481617928 -0.413553238
v 0.514954984 0.483730644 -0.412199646
v 0.517437518 0.484468579 -0.411396146
v 0.519920051 0.483399451 -0.411613375
v 0.52094835 0.481149554 -0.412724078
v 0.519920051 0.479036838 -0.414077669
v 0.518438399 0.481928587 -0.421306938
v 0.515955865 0.482997715 -0.421089709
v 0.514927566 0.485247612 -0.419979006
v 0.515955865 0.487360328 -0.418625414
v 0.518438399 0.488098264 -0.417821914
v 0.520920932 0.487029135 -0.418039143
v 0.521949232 0.484779239 -0.419149846
v 0.520920932 0.482666522 -0.420503438
v 0.518438399 0.48317796 -0.422594875
v 0.516043246 0.483087301 -0.421326756
v 0.515051126 0.484124929 -0.419026285
v 0.516043246 0.485683054 -0.417041063
v 0.518438399 0.486848891 -0.416533977
v 0.520833552 0.486939549 -0.417802095
v 0.521825671 0.485901922 -0.420102566
v 0.520833552 0.484343797 -0.422087789
v 0.51615423 0.489548981 -0.42645365
v 0.513759077 0.489458323 -0.425185531
v 0.512766957 0.49049595 -0.42288506
v 0.513759077 0.492054075 -0.420899838
v 0.51615423 0.493219912 -0.420392752
v 0.518549383 0.493310571 -0.42166087
v 0.519541502 0.492272943 -0.423961341
v 0.518549383 0.490714818 -0.425946563
v 0.51615423 0.488748193 -0.42579022
v 0.513678014 0.489774436 -0.425379962
v 0.512652338 0.491743803 -0.423823446
v 0.513678014 0.493502676 -0.422032475
v 0.51615423 0.4940207 -0.421056181
v 0.518630445 0.492994457 -0.42146644
v 0.519656122 0.49102509 -0.423022956
v 0.518630445 0.489266217 -0.424813926
v 0.517214775 0.493360966 -0.430927664
v 0.51473856 0.494387209 -0.430517405
v 0.513712883 0.496356577 -0.42896089
v 0.51473856 0.49811545 -0.427169919
v 0.517214775 0.498633474 -0.426193625
v 0.51969099 0.497607231 -0.426603884
v 0.520716667 0.495637864 -0.428160399
v 0.51969099 0.49387899 -0.42995137
v 0.520150304 0.497980982 -0.428560644
v 0.519606829 0.496931881 -0.431001365
v 0.517662108 0.495335251 -0.432012349
v 0.515455365 0.494126409 -0.431001365
v 0.514279246 0.494013458 -0.428560644
v 0.514822721 0.49506256 -0.426119924
v 0.516767442 0.496659189 -0.425108939
v 0.518974185 0.497868031 -0.426119924
v 0.517343462 0.502134442 -0.429720968
v 0.516799986 0.501085341 -0.432161689
v 0.514855266 0.499488711 -0.433172673
v 0.512648523 0.49827987 -0.432161689
v 0.511472404 0.498166919 -0.429720968
v 0.512015879 0.49921602 -0.427280247
v 0.5139606 0.50081265 -0.426269263
v 0.516167343 0.502021492 -0.427280247
v 0.514407933 0.49668479 -0.430455893
v 0.511914849 0.497751087 -0.43048197
v 0.510882199 0.500223041 -0.430062264
v 0.511914849 0.502652586 -0.429442614
v 0.514407933 0.503616571 -0.428986043
v 0.516901016 0.502550244 -0.428959966
v 0.517933667 0.500078321 -0.429379672
v 0.516901016 0.497648746 -0.429999322
v 0.515296459 0.498547435 -0.439239919
v 0.512803376 0.499613732 -0.439265996
v 0.511770725 0.502085686 -0.43884629
v 0.512803376 0.504515231 -0.43822664
v 0.515296459 0.505479217 -0.437770069
v 0.517789543 0.504412889 -0.437743992
v 0.518822193 0.501940966 -0.438163698
v 0.517789543 0.499511391 -0.438783348
v 0.515296459 0.499569148 -0.441069841
v 0.512906671 0.499740839 -0.439800054
v 0.511916757 0.501243711 -0.437771618
v 0.512906671 0.503197432 -0.436172783
v 0.515296459 0.504457533 -0.435940146
v 0.517686248 0.504285812 -0.437209934
v 0.518676162 0.502782941 -0.439238369
v 0.517686248 0.50082922 -0.440837204
v 0.512951314 0.504966497 -0.446213275
v 0.510561526 0.505138218 -0.444943488
v 0.509571612 0.50664109 -0.442915052
v 0.510561526 0.508594811 -0.441316217
v 0.512951314 0.509854913 -0.44108358
v 0.515341103 0.509683192 -0.442353368
v 0.516331017 0.50818032 -0.444381803
v 0.515341103 0.506226599 -0.445980638
v 0.512951314 0.504149973 -0.445034146
v 0.510464787 0.505224526 -0.444909513
v 0.509434819 0.507579744 -0.44404614
v 0.510464787 0.509835899 -0.442949802
v 0.512951314 0.510671437 -0.442262709
v 0.515437841 0.509596884 -0.442387342
v 0.51646781 0.507241666 -0.443250716
v 0.515437841 0.504985511 -0.444347054
v 0.513914645 0.507215977 -0.452248663
v 0.511428118 0.508290529 -0.452124029
v 0.510398149 0.510645747 -0.451260656
v 0.511428118 0.512901902 -0.450164318
v 0.513914645 0.51373744 -0.449477226
v 0.516401172 0.512662888 -0.449601859
v 0.51743114 0.51030767 -0.450465232
v 0.516401172 0.508051515 -0.45156157
v 0.516578496 0.512812614 -0.450862944
v 0.516580403 0.511236548 -0.453069538
v 0.515020728 0.509215355 -0.453983516
v 0.512813151 0.507933021 -0.453069538
v 0.511250794 0.508140802 -0.450862944
v 0.511248887 0.509716868 -0.44865635
v 0.512808561 0.511738062 -0.447742373
v 0.515016139 0.513020396 -0.44865635
v 0.513712287 0.516081154 -0.453200072
v 0.513714194 0.514505088 -0.455406666
v 0.51215452 0.512483895 -0.456320643
v 0.509946942 0.51120156 -0.455406666
v 0.508384585 0.511409342 -0.453200072
v 0.508382678 0.512985408 -0.450993478
v 0.509942353 0.515006602 -0.450079501
v 0.51214993 0.516288936 -0.450993478
v 0.511161923 0.501145482 -0.480787456
v 0.508772135 0.501316726 -0.479517579
v 0.507782221 0.502818823 -0.477488548
v 0.508772135 0.504771888 -0.475888938
v 0.511161923 0.506031871 -0.475655794
v 0.513551712 0.505860627 -0.476925671
v 0.514541626 0.50435853 -0.478954703
v 0.513551712 0.502405465 -0.480554312
v 0.508800924 0.506581426 -0.485963553
v 0.506411135 0.50675267 -0.484693676
v 0.505421221 0.508254766 -0.482664645
v 0.506411135 0.510207832 -0.481065035
v 0.508800924 0.511467814 -0.480831891
v 0.511190712 0.51129657 -0.482101768
v 0.512180626 0.509794474 -0.4841308
v 0.511190712 0.507841408 -0.48573041
v 0.508800924 0.51039964 -0.486662954
v 0.506312788 0.510266185 -0.48559323
v 0.505282164 0.509405375 -0.483237386
v 0.506312788 0.508321583 -0.480975449
v 0.508800924 0.507649601 -0.48013249
v 0.51128906 0.507783055 -0.481202215
v 0.512319684 0.508643866 -0.483558059
v 0.51128906 0.509727657 -0.485819995
v 0.510365725 0.52268213 -0.481490612
v 0.507877588 0.522548676 -0.480420887
v 0.506846964 0.521687865 -0.478065044
v 0.507877588 0.520604074 -0.475803107
v 0.510365725 0.519932091 -0.474960148
v 0.512853861 0.520065546 -0.476029873
v 0.513884485 0.520926356 -0.478385717
v 0.512853861 0.522010148 -0.480647653
v 0.513820231 0.521307111 -0.479012221
v 0.512781382 0.518804789 -0.478900373
v 0.510327518 0.517768323 -0.478393137
v 0.507896006 0.518804789 -0.477787644
v 0.506911218 0.521307111 -0.477438539
v 0.507950068 0.523809433 -0.477550387
v 0.510403931 0.524845898 -0.478057623
v 0.512835443 0.523809433 -0.478663117
v 0.511147141 0.521892369 -0.490748167
v 0.510108292 0.519390047 -0.490636319
v 0.507654428 0.518353581 -0.490129083
v 0.505222917 0.519390047 -0.48952359
v 0.504238129 0.521892369 -0.489174485
v 0.505276978 0.524394691 -0.489286333
v 0.507730842 0.525431156 -0.489793569
v 0.510162354 0.524394691 -0.490399063
v 0.50736016 0.498411685 -0.541392565
v 0.504948139 0.498055339 -0.540205896
v 0.503949046 0.49849394 -0.537723422
v 0.504948139 0.499470562 -0.535399377
v 0.50736016 0.50041312 -0.534595132
v 0.509772182 0.500769436 -0.535781801
v 0.510771275 0.500330806 -0.538264275
v 0.509772182 0.499354213 -0.540588319
v 0.505117357 0.506077051 -0.543649554
v 0.502705336 0.505720735 -0.542462885
v 0.501706243 0.506159306 -0.539980412
v 0.502705336 0.507135928 -0.537656367
v 0.505117357 0.508078456 -0.536852121
v 0.507529378 0.508434772 -0.53803879
v 0.508528471 0.507996202 -0.540521264
v 0.507529378 0.507019579 -0.542845309
v 0.508651257 0.507077754 -0.539998055
v 0.507622957 0.504574299 -0.540166557
v 0.505126894 0.503537357 -0.540384471
v 0.502625227 0.504574299 -0.540524125
v 0.501583457 0.507077754 -0.540503621
v 0.502611756 0.509581208 -0.540335119
v 0.50510782 0.51061815 -0.540117204
v 0.507609487 0.509581208 -0.539977551
v 0.509048641 0.507288516 -0.545553088
v 0.508020341 0.504785061 -0.545721591
v 0.505524278 0.503748119 -0.545939505
v 0.503022611 0.504785061 -0.546079159
v 0.501980841 0.507288516 -0.546058655
v 0.50300914 0.50979197 -0.545890152
v 0.505505204 0.510828912 -0.545672238
v 0.508006871 0.50979197 -0.545532584
v 0.508933961 0.507288516 -0.546733975
v 0.507781446 0.504850507 -0.547018588
v 0.505301118 0.503840685 -0.546592891
v 0.5029459 0.504850507 -0.545706093
v 0.50209552 0.507288516 -0.544877768
v 0.503248036 0.509726524 -0.544593155
v 0.505728364 0.510736346 -0.545018852
v 0.508083582 0.509726524 -0.54590565
v 0.506332815 0.509637117 -0.556317151
v 0.505180299 0.507199109 -0.556601763
v 0.502699971 0.506189287 -0.556176066
v 0.500344753 0.507199109 -0.555289268
v 0.499494344 0.509637117 -0.554460943
v 0.500646889 0.512075126 -0.554176331
v 0.503127217 0.513084948 -0.554602027
v 0.505482435 0.512075126 -0.555488825
v 0.506385505 0.509637117 -0.556095004
v 0.505393922 0.507135093 -0.555763841
v 0.502949357 0.506098688 -0.555213153
v 0.500483871 0.507135093 -0.554765463
v 0.499441683 0.509637117 -0.554683089
v 0.500433266 0.512139142 -0.555014253
v 0.502877831 0.513175547 -0.55556494
v 0.505343318 0.512139142 -0.55601263
v 0.50356549 0.50891906 -0.569964468
v 0.502573907 0.506417036 -0.569633305
v 0.500129342 0.50538063 -0.569082618
v 0.497663856 0.506417036 -0.568634927
v 0.496621668 0.50891906 -0.568552554
v 0.497613281 0.511421084 -0.568883717
v 0.500057817 0.51245749 -0.569434404
v 0.502523303 0.511421084 -0.569882095
v 0.490612328 0.500896215 -0.601640821
v 0.488166124 0.502058744 -0.601507246
v 0.487152904 0.504478216 -0.602194726
v 0.488166124 0.506737351 -0.603300512
v 0.490612328 0.507512808 -0.604176879
v 0.493058532 0.506350279 -0.604310453
v 0.494071752 0.503930807 -0.603622973
v 0.493058532 0.501671672 -0.602517188
v 0.486980319 0.495016098 -0.616981864
v 0.484534115 0.496178627 -0.61684829
v 0.483520895 0.498598069 -0.61753577
v 0.484534115 0.500857234 -0.618641555
v 0.486980319 0.501632631 -0.619517922
v 0.489426523 0.500470102 -0.619651496
v 0.490439743 0.49805066 -0.618964016
v 0.489426523 0.495791525 -0.617858231
v 0.49046886 0.498324364 -0.618868411
v 0.489519179 0.495853364 -0.618280709
v 0.487082243 0.494829863 -0.617674947
v 0.484585613 0.495853364 -0.617406011
v 0.483491778 0.498324364 -0.617631376
v 0.484441459 0.500795364 -0.618219078
v 0.486878395 0.501818895 -0.61882484
v 0.489375025 0.500795364 -0.619093776
v 0.487404555 0.495391488 -0.636151254
v 0.486454874 0.492920488 -0.635563552
v 0.484017938 0.491896987 -0.63495779
v 0.481521308 0.492920488 -0.634688854
v 0.480427474 0.495391488 -0.634914219
v 0.481377155 0.497862488 -0.635501921
v 0.48381409 0.498885989 -0.636107683
v 0.48631072 0.497862488 -0.636376619
v 0.483916014 0.492755234 -0.637899756
v 0.481439799 0.493781477 -0.637489498
v 0.480414122 0.495750844 -0.635932982
v 0.481439799 0.497509718 -0.634142041
v 0.483916014 0.498027742 -0.633165717
v 0.48639223 0.497001499 -0.633575976
v 0.487417907 0.495032132 -0.635132492
v 0.48639223 0.493273258 -0.636923432
v 0.485016495 0.497541726 -0.643230677
v 0.48254028 0.498567969 -0.642820418
v 0.481514603 0.500537336 -0.641263902
v 0.48254028 0.502296209 -0.639472961
v 0.485016495 0.502814233 -0.638496637
v 0.48749271 0.501787961 -0.638906896
v 0.488518387 0.499818623 -0.640463412
v 0.48749271 0.49805975 -0.642254353
v 0.485016495 0.502814233 -0.638496637
v 0.48254028 0.502296209 -0.639472961
v 0.481514603 0.500537336 -0.641263902
v 0.48254028 0.498567969 -0.642820418
v 0.485016495 0.497541726 -0.643230677
v 0.48749271 0.49805975 -0.642254353
v 0.488518387 0.499818623 -0.640463412
v 0.48749271 0.501787961 -0.638906896
v 0.483916014 0.498027742 -0.633165717
v 0.481439799 0.497509718 -0.634142041
v 0.480414122 0.495750844 -0.635932982
v 0.481439799 0.493781477 -0.637489498
v 0.483916014 0.492755234 -0.637899756
v 0.48639223 0.493273258 -0.636923432
v 0.487417907 0.495032132 -0.635132492
v 0.48639223 0.497001499 -0.633575976
v 0.483916014 0.498658359 -0.636903882
v 0.481501698 0.497442663 -0.637119055
v 0.480501682 0.495025396 -0.636404991
v 0.481501698 0.492822587 -0.635179937
v 0.483916014 0.492124617 -0.634161592
v 0.48633033 0.493340313 -0.633946419
v 0.487330347 0.49575758 -0.634660482
v 0.48633033 0.497960389 -0.635885537
v 0.480340093 0.503653526 -0.625002623
v 0.477925777 0.50243783 -0.625217795
v 0.476925761 0.500020564 -0.624503732
v 0.477925777 0.497817755 -0.623278677
v 0.480340093 0.497119784 -0.622260332
v 0.482754409 0.498335481 -0.622045159
v 0.483754426 0.500752747 -0.622759223
v 0.482754409 0.502955556 -0.623984277
v 0.476053059 0.483663648 -0.676549375
v 0.475495577 0.482635528 -0.678995848
v 0.473545402 0.481047124 -0.680009246
v 0.471344978 0.479828835 -0.678995848
v 0.470183194 0.479694337 -0.676549375
v 0.470740676 0.480722457 -0.674102902
v 0.47269085 0.482310861 -0.673089504
v 0.474891275 0.48352915 -0.674102902
v 0.473129749 0.487986684 -0.677699924
v 0.472572267 0.486958563 -0.680146396
v 0.470622092 0.485370159 -0.681159794
v 0.468421668 0.48415187 -0.680146396
v 0.467259884 0.484017372 -0.677699924
v 0.467817366 0.485045493 -0.675253451
v 0.469767541 0.486633897 -0.674240053
v 0.471967965 0.487852186 -0.675253451
v 0.470194817 0.482534468 -0.676972866
v 0.467690289 0.483537793 -0.677244484
v 0.46665287 0.485984623 -0.677782893
v 0.467690289 0.488441676 -0.678272665
v 0.470194817 0.489469588 -0.678426981
v 0.472699344 0.488466263 -0.678155363
v 0.473736763 0.486019433 -0.677616954
v 0.472699344 0.48356238 -0.677127182
v 0.470622063 0.478870809 -0.694446564
v 0.468117535 0.479874134 -0.694718182
v 0.467080116 0.482320964 -0.695256591
v 0.468117535 0.484778017 -0.695746362
v 0.470622063 0.485805929 -0.695900679
v 0.47312659 0.484802604 -0.69562906
v 0.474164009 0.482355773 -0.695090652
v 0.47312659 0.479898721 -0.69460088
v 0.474093229 0.483048052 -0.695173621
v 0.473023385 0.483100176 -0.697664797
v 0.470546901 0.48270604 -0.698696673
v 0.468114436 0.482096553 -0.697664797
v 0.467150897 0.481628686 -0.695173621
v 0.468220741 0.481576562 -0.692682445
v 0.470697224 0.481970698 -0.691650569
v 0.47312969 0.482580185 -0.692682445
v 0.472002357 0.493274987 -0.694061697
v 0.470932513 0.493327111 -0.696552873
v 0.46845603 0.492932975 -0.697584748
v 0.466023564 0.492323488 -0.696552873
v 0.465060025 0.491855621 -0.694061697
v 0.466129869 0.491803497 -0.69157052
v 0.468606353 0.492197633 -0.690538645
v 0.471038818 0.49280712 -0.69157052
v 0.472067297 0.492565304 -0.693841279
v 0.471035391 0.490060806 -0.693966985
v 0.468536586 0.489023417 -0.694148183
v 0.466034621 0.490060806 -0.694278717
v 0.464995086 0.492565304 -0.694282115
v 0.466026992 0.495069802 -0.694156408
v 0.468525797 0.496107191 -0.69397521
v 0.471027762 0.495069802 -0.693844676
v 0.472809851 0.492857367 -0.705752611
v 0.471777946 0.490352869 -0.705878317
v 0.46927914 0.48931548 -0.706059515
v 0.466777176 0.490352869 -0.70619005
v 0.465737641 0.492857367 -0.706193447
v 0.466769546 0.495361865 -0.706067741
v 0.469268352 0.496399254 -0.705886543
v 0.471770316 0.495361865 -0.705756009
v 0.471322268 0.468210995 -0.752607226
v 0.470320284 0.465707064 -0.752889156
v 0.467957407 0.464669913 -0.75372231
v 0.465617746 0.465707064 -0.754618704
v 0.46467188 0.468210995 -0.755053163
v 0.465673864 0.470714927 -0.754771233
v 0.468036741 0.471752077 -0.753938079
v 0.470376402 0.470714927 -0.753041685
v 0.47571677 0.467797786 -0.764555812
v 0.474714786 0.465293854 -0.764837742
v 0.472351909 0.464256704 -0.765670896
v 0.470012248 0.465293854 -0.76656729
v 0.469066381 0.467797786 -0.767001748
v 0.470068365 0.470301718 -0.766719818
v 0.472431242 0.471338868 -0.765886664
v 0.474770904 0.470301718 -0.76499027
v 0.472391576 0.465161532 -0.7681458
v 0.46991536 0.466187775 -0.767735481
v 0.468889683 0.468157142 -0.766179025
v 0.46991536 0.469915986 -0.764388025
v 0.472391576 0.47043404 -0.76341176
v 0.474867791 0.469407797 -0.763822079
v 0.475893468 0.46743843 -0.765378535
v 0.474867791 0.465679586 -0.767169535
v 0.472956806 0.467620105 -0.770884037
v 0.470480591 0.468646348 -0.770473719
v 0.469454914 0.470615715 -0.768917263
v 0.470480591 0.472374558 -0.767126262
v 0.472956806 0.472892612 -0.766149998
v 0.475433022 0.471866369 -0.766560316
v 0.476458699 0.469897002 -0.768116772
v 0.475433022 0.468138158 -0.769907773
v 0.472956806 0.467620105 -0.770884037
v 0.470480591 0.468646348 -0.770473778
v 0.469454914 0.470615715 -0.768917263
v 0.470480591 0.472374588 -0.767126322
v 0.472956806 0.472892612 -0.766149998
v 0.475433022 0.471866369 -0.766560256
v 0.476458699 0.469897002 -0.768116772
v 0.475433022 0.468138129 -0.769907713
v 0.474087328 0.472537249 -0.776360512
v 0.471611112 0.473563492 -0.775950253
v 0.470585436 0.47553286 -0.774393737
v 0.471611112 0.477291733 -0.772602797
v 0.474087328 0.477809757 -0.771626472
v 0.476563543 0.476783514 -0.772036731
v 0.47758922 0.474814147 -0.773593247
v 0.476563543 0.473055273 -0.775384188
v 0.474087328 0.472537249 -0.776360512
v 0.471611112 0.473563492 -0.775950253
v 0.470585436 0.47553286 -0.774393737
v 0.471611112 0.477291733 -0.772602797
v 0.474087328 0.477809757 -0.771626472
v 0.476563543 0.476783514 -0.772036731
v 0.47758922 0.474814147 -0.773593247
v 0.476563543 0.473055273 -0.775384188
v 0.475217849 0.477454394 -0.781836987
v 0.472741634 0.478480637 -0.781426728
v 0.471715957 0.480450004 -0.779870212
v 0.472741634 0.482208878 -0.778079271
v 0.475217849 0.482726902 -0.777102947
v 0.477694064 0.481700659 -0.777513206
v 0.478719741 0.479731292 -0.779069722
v 0.477694064 0.477972418 -0.780860662
v 0.477716863 0.452046365 -0.830428839
v 0.475240648 0.453072608 -0.83001858
v 0.474214971 0.455041975 -0.828462064
v 0.475240648 0.456800818 -0.826671064
v 0.477716863 0.457318872 -0.825694799
v 0.480193079 0.456292629 -0.826105058
v 0.481218755 0.454323262 -0.827661574
v 0.480193079 0.452564418 -0.829452574
v 0.478861213 0.457023799 -0.835972428
v 0.476384997 0.458050042 -0.83556217
v 0.475359321 0.46001941 -0.834005654
v 0.476384997 0.461778253 -0.832214653
v 0.478861213 0.462296307 -0.831238389
v 0.481337428 0.461270064 -0.831648648
v 0.482363105 0.459300697 -0.833205163
v 0.481337428 0.457541853 -0.834996164
v 0.478861213 0.457023799 -0.835972428
v 0.476384997 0.458050042 -0.83556217
v 0.475359321 0.46001941 -0.834005654
v 0.476384997 0.461778283 -0.832214713
v 0.478861213 0.462296307 -0.831238389
v 0.481337428 0.461270064 -0.831648648
v 0.482363105 0.459300697 -0.833205163
v 0.481337428 0.457541823 -0.834996104
v 0.480005592 0.462001234 -0.841516078
v 0.477529377 0.463027477 -0.841105819
v 0.4765037 0.464996845 -0.839549303
v 0.477529377 0.466755718 -0.837758362
v 0.480005592 0.467273742 -0.836782038
v 0.482481807 0.466247499 -0.837192297
v 0.483507484 0.464278132 -0.838748813
v 0.482481807 0.462519258 -0.840539753
v 0.482679874 0.464637488 -0.836825132
v 0.482702494 0.4624542 -0.838433206
v 0.481145322 0.461549848 -0.840460598
v 0.47892049 0.4624542 -0.841719747
v 0.477331311 0.464637488 -0.841472983
v 0.477308691 0.466820776 -0.83986491
v 0.478865862 0.467725128 -0.837837517
v 0.481090695 0.466820776 -0.836578369
v 0.48749724 0.468770474 -0.842368722
v 0.48751986 0.466587186 -0.843976796
v 0.485962689 0.465682834 -0.846004188
v 0.483737856 0.466587186 -0.847263336
v 0.482148677 0.468770474 -0.847016573
v 0.482126057 0.470953763 -0.845408499
v 0.483683228 0.471858114 -0.843381107
v 0.485908061 0.470953763 -0.842121959
v 0.484822959 0.46613422 -0.847059667
v 0.482346743 0.467160463 -0.846649408
v 0.481321067 0.46912986 -0.845092893
v 0.482346743 0.470888704 -0.843301952
v 0.484822959 0.471406728 -0.842325628
v 0.487299174 0.470380485 -0.842735887
v 0.488324851 0.468411088 -0.844292402
v 0.487299174 0.466652244 -0.846083343
v 0.485395163 0.468622923 -0.849831462
v 0.482918948 0.469649166 -0.849421203
v 0.481893271 0.471618563 -0.847864687
v 0.482918948 0.473377407 -0.846073747
v 0.485395163 0.473895431 -0.845097423
v 0.487871379 0.472869188 -0.845507681
v 0.488897055 0.470899791 -0.847064197
v 0.487871379 0.469140947 -0.848855138
v 0.485395163 0.468622923 -0.849831462
v 0.482918948 0.469649166 -0.849421203
v 0.481893271 0.471618533 -0.847864687
v 0.482918948 0.473377377 -0.846073687
v 0.485395163 0.473895431 -0.845097423
v 0.487871379 0.472869188 -0.845507681
v 0.488897055 0.47089982 -0.847064197
v 0.487871379 0.469140977 -0.848855197
v 0.486539513 0.473600358 -0.855375051
v 0.484063298 0.474626601 -0.854964793
v 0.483037621 0.476595968 -0.853408277
v 0.484063298 0.478354812 -0.851617277
v 0.486539513 0.478872865 -0.850641012
v 0.489015728 0.477846622 -0.851051271
v 0.490041405 0.475877255 -0.852607787
v 0.489015728 0.474118412 -0.854398787
v 0.489213824 0.476236612 -0.850684106
v 0.489236414 0.474053323 -0.85229218
v 0.487679213 0.473148972 -0.854319572
v 0.48545441 0.474053323 -0.855578721
v 0.483865201 0.476236612 -0.855331957
v 0.483842611 0.4784199 -0.853723884
v 0.485399812 0.479324251 -0.851696491
v 0.487624615 0.4784199 -0.850437343
v 0.494031191 0.480369598 -0.856227756
v 0.494053781 0.478186309 -0.857835829
v 0.49249658 0.477281958 -0.859863222
v 0.490271777 0.478186309 -0.86112237
v 0.488682568 0.480369598 -0.860875607
v 0.488659978 0.482552886 -0.859267533
v 0.490217179 0.483457237 -0.85724014
v 0.492441982 0.482552886 -0.855980992
v 0.502720296 0.497351766 -0.840662479
v 0.502800107 0.494968712 -0.841953874
v 0.501698494 0.4939816 -0.844226599
v 0.500060797 0.494968712 -0.846149266
v 0.498846352 0.497351766 -0.846595645
v 0.498766571 0.499734819 -0.845304251
v 0.499868155 0.500721931 -0.843031526
v 0.501505852 0.499734819 -0.841108859
v 0.506941319 0.498986632 -0.843418479
v 0.507021129 0.496603578 -0.844709873
v 0.505919516 0.495616466 -0.846982598
v 0.504281819 0.496603578 -0.848905265
v 0.503067374 0.498986632 -0.849351645
v 0.502987564 0.501369715 -0.84806025
v 0.504089177 0.502356768 -0.845787525
v 0.505726874 0.501369715 -0.843864858
v 0.504210472 0.495533764 -0.846385062
v 0.50444299 0.496545076 -0.848890305
v 0.505004346 0.498986632 -0.849928021
v 0.505565703 0.501428187 -0.848890305
v 0.505798221 0.502439499 -0.846385062
v 0.505565703 0.501428187 -0.843879819
v 0.505004346 0.498986632 -0.842842102
v 0.50444299 0.496545076 -0.843879819
v 0.511514664 0.493854463 -0.846385062
v 0.511747181 0.494865775 -0.848890305
v 0.512308538 0.49730733 -0.849928021
v 0.512869895 0.499748886 -0.848890305
v 0.513102412 0.500760198 -0.846385062
v 0.512869895 0.499748886 -0.843879819
v 0.512308538 0.49730733 -0.842842102
v 0.511747181 0.494865775 -0.843879819
v 0.511514664 0.493854463 -0.846385062
v 0.511747181 0.494865775 -0.848890305
v 0.512308538 0.49730733 -0.849928021
v 0.512869895 0.499748886 -0.848890305
v 0.513102412 0.500760198 -0.846385062
v 0.512869895 0.499748886 -0.843879819
v 0.512308538 0.49730733 -0.842842102
v 0.511747181 0.494865775 -0.843879819
v 0.518818796 0.492175132 -0.846385062
v 0.519051313 0.493186444 -0.848890305
v 0.51961267 0.495627999 -0.849928021
v 0.520174026 0.498069555 -0.848890305
v 0.520406544 0.499080867 -0.846385062
v 0.520174026 0.498069555 -0.843879819
v 0.51961267 0.495627999 -0.842842102
v 0.519051313 0.493186444 -0.843879819
v 0.520783246 0.495627999 -0.843041062
v 0.520664811 0.493134052 -0.844099045
v 0.519930005 0.492101043 -0.846496165
v 0.519009352 0.493134052 -0.848828197
v 0.518442094 0.495627999 -0.849729061
v 0.518560529 0.498121947 -0.848671079
v 0.519295335 0.499154955 -0.846273959
v 0.520215988 0.498121947 -0.843941927
v 0.528656363 0.496423244 -0.845797122
v 0.528537929 0.493929297 -0.846855104
v 0.527803123 0.492896289 -0.849252224
v 0.52688247 0.493929297 -0.851584256
v 0.526315212 0.496423244 -0.85248512
v 0.526433647 0.498917192 -0.851427138
v 0.527168453 0.4999502 -0.849030018
v 0.528089106 0.498917192 -0.846697986
v 0.526691914 0.492970377 -0.849141121
v 0.526924431 0.493981689 -0.851646364
v 0.527485788 0.496423244 -0.852684081
v 0.528047144 0.4988648 -0.851646364
v 0.528279662 0.499876112 -0.849141121
v 0.528047144 0.4988648 -0.846635878
v 0.527485788 0.496423244 -0.845598161
v 0.526924431 0.493981689 -0.846635878
v 0.530344009 0.492130727 -0.849141121
v 0.530576527 0.493142039 -0.851646364
v 0.531137884 0.495583594 -0.852684081
v 0.53169924 0.498025149 -0.851646364
v 0.531931758 0.499036461 -0.849141121
v 0.53169924 0.498025149 -0.846635878
v 0.531137884 0.495583594 -0.845598161
v 0.530576527 0.493142039 -0.846635878
v 0.533074856 0.495583594 -0.846174538
v 0.533154666 0.493200541 -0.847465932
v 0.532053053 0.492213428 -0.849738657
v 0.530415356 0.493200541 -0.851661325
v 0.529200912 0.495583594 -0.852107704
v 0.529121101 0.497966647 -0.850816309
v 0.530222714 0.49895376 -0.848543584
v 0.531860411 0.497966647 -0.846620917
v 0.5415169 0.498853356 -0.851686597
v 0.541596711 0.496470302 -0.852977991
v 0.540495098 0.49548319 -0.855250716
v 0.5388574 0.496470302 -0.857173383
v 0.537642956 0.498853356 -0.857619762
v 0.537563145 0.501236439 -0.856328368
v 0.538664758 0.502223492 -0.854055643
v 0.540302455 0.501236439 -0.852132976
v 0.54225421 0.498853356 -0.852329254
v 0.542276859 0.496670067 -0.853937328
v 0.540719628 0.495765716 -0.85596472
v 0.538494825 0.496670067 -0.857223868
v 0.536905646 0.498853356 -0.856977105
v 0.536882997 0.501036644 -0.855369031
v 0.538440228 0.501940966 -0.853341639
v 0.54066503 0.501036644 -0.852082491
v 0.547044158 0.502962828 -0.857841313
v 0.547066808 0.500779569 -0.859449387
v 0.545509577 0.499875188 -0.861476779
v 0.543284774 0.500779569 -0.862735927
v 0.541695595 0.502962828 -0.862489164
v 0.541672945 0.505146086 -0.86088109
v 0.543230176 0.506050467 -0.858853698
v 0.545454979 0.505146086 -0.85759455
v 0.544369876 0.500326574 -0.862532258
v 0.541893661 0.501352847 -0.862121999
v 0.540867984 0.503322184 -0.860565484
v 0.541893661 0.505081058 -0.858774543
v 0.544369876 0.505599082 -0.857798219
v 0.546846092 0.504572809 -0.858208477
v 0.547871768 0.502603471 -0.859764993
v 0.546846092 0.500844598 -0.861555934
v 0.544938803 0.50280112 -0.865288258
v 0.542462587 0.503827393 -0.864877999
v 0.541436911 0.505796731 -0.863321483
v 0.542462587 0.507555604 -0.861530542
v 0.544938803 0.508073628 -0.860554218
v 0.547415018 0.507047355 -0.860964477
v 0.548440695 0.505078018 -0.862520993
v 0.547415018 0.503319144 -0.864311934
v 0.547613084 0.505437374 -0.860597312
v 0.547635734 0.503254116 -0.862205327
v 0.546078503 0.502349734 -0.864232779
v 0.5438537 0.503254116 -0.865491927
v 0.542264521 0.505437374 -0.865245163
v 0.542241871 0.507620633 -0.863637149
v 0.543799102 0.508525014 -0.861609697
v 0.546023905 0.507620633 -0.860350549
v 0.552403033 0.509546816 -0.866109371
v 0.552425683 0.507363558 -0.867717385
v 0.550868452 0.506459177 -0.869744837
v 0.548643649 0.507363558 -0.871003985
v 0.54705447 0.509546816 -0.870757222
v 0.54703182 0.511730075 -0.869149208
v 0.548589051 0.512634456 -0.867121756
v 0.550813854 0.511730075 -0.865862608
v 0.549728751 0.506910563 -0.870800316
v 0.547252536 0.507936835 -0.870390058
v 0.546226859 0.509906173 -0.868833542
v 0.547252536 0.511665046 -0.867042601
v 0.549728751 0.51218307 -0.866066277
v 0.552204967 0.511156797 -0.866476536
v 0.553230643 0.50918746 -0.868033051
v 0.552204967 0.507428586 -0.869823992
v 0.550866604 0.511859655 -0.876312375
v 0.548390388 0.512885928 -0.875902116
v 0.547364712 0.514855266 -0.874345601
v 0.548390388 0.516614139 -0.87255466
v 0.550866604 0.517132163 -0.871578336
v 0.553342819 0.51610589 -0.871988595
v 0.554368496 0.514136553 -0.87354511
v 0.553342819 0.512377679 -0.875336051
v 0.550866604 0.511859655 -0.876312375
v 0.548390388 0.512885928 -0.875902116
v 0.547364712 0.514855266 -0.874345601
v 0.548390388 0.516614139 -0.87255466
v 0.550866604 0.517132163 -0.871578336
v 0.553342819 0.51610589 -0.871988595
v 0.554368496 0.514136553 -0.87354511
v 0.553342819 0.512377679 -0.875336051
v 0.552004457 0.516808748 -0.881824434
v 0.549528241 0.517835021 -0.881414175
v 0.548502564 0.519804358 -0.879857659
v 0.549528241 0.521563232 -0.878066719
v 0.552004457 0.522081256 -0.877090394
v 0.554480672 0.521054983 -0.877500653
v 0.555506349 0.519085646 -0.879057169
v 0.554480672 0.517326772 -0.88084811
v 0.552004457 0.517001808 -0.882023215
v 0.549614668 0.517173052 -0.880753338
v 0.548624754 0.518675148 -0.878724337
v 0.549614668 0.520628214 -0.877124727
v 0.552004457 0.521888196 -0.876891613
v 0.554394245 0.521716952 -0.87816149
v 0.555384159 0.520214856 -0.880190492
v 0.554394245 0.51826179 -0.881790102
v 0.549490213 0.522790551 -0.887535274
v 0.547100425 0.522961795 -0.886265397
v 0.546110511 0.524463892 -0.884236395
v 0.547100425 0.526416957 -0.882636786
v 0.549490213 0.52767694 -0.882403672
v 0.551880002 0.527505696 -0.883673549
v 0.552869916 0.526003599 -0.88570255
v 0.551880002 0.524050534 -0.88730216
v 0.549490213 0.522597492 -0.887336493
v 0.547013998 0.523623765 -0.886926234
v 0.545988321 0.525593102 -0.885369718
v 0.547013998 0.527351975 -0.883578777
v 0.549490213 0.527869999 -0.882602453
v 0.551966429 0.526843727 -0.883012712
v 0.552992105 0.524874389 -0.884569228
v 0.551966429 0.523115516 -0.886360168
v 0.55005914 0.525072038 -0.890092492
v 0.547582924 0.526098311 -0.889682233
v 0.546557248 0.528067648 -0.888125718
v 0.547582924 0.529826522 -0.886334777
v 0.55005914 0.530344546 -0.885358453
v 0.552535355 0.529318273 -0.885768712
v 0.553561032 0.527348936 -0.887325227
v 0.552535355 0.525590062 -0.889116168
v 0.552920938 0.529797018 -0.887725472
v 0.551521122 0.529954731 -0.890042543
v 0.549264908 0.528796494 -0.891002297
v 0.547473907 0.527000844 -0.890042543
v 0.547197342 0.525619566 -0.887725472
v 0.548597157 0.525461853 -0.885408401
v 0.550853372 0.52662009 -0.884448647
v 0.552644372 0.52841574 -0.885408401
v 0.546428978 0.538691759 -0.883197963
v 0.545029163 0.538849473 -0.885515034
v 0.542772949 0.537691236 -0.886474788
v 0.540981948 0.535895586 -0.885515034
v 0.540705383 0.534514308 -0.883197963
v 0.542105198 0.534356594 -0.880880892
v 0.544361413 0.535514832 -0.879921138
v 0.546152413 0.537310481 -0.880880892
v 0.546161234 0.539016247 -0.883197963
v 0.546288848 0.537355483 -0.88533777
v 0.544822156 0.535254002 -0.886224151
v 0.542620301 0.533942759 -0.88533777
v 0.540973127 0.53418982 -0.883197963
v 0.540845513 0.535850585 -0.881058156
v 0.542312205 0.537952065 -0.880171776
v 0.54451406 0.539263308 -0.881058156
v 0.543084264 0.542323828 -0.885948479
v 0.543211877 0.540663064 -0.888088286
v 0.541745186 0.538561583 -0.888974667
v 0.539543331 0.53725034 -0.888088286
v 0.537896156 0.537497401 -0.885948479
v 0.537768543 0.539158165 -0.883808672
v 0.539235234 0.541259646 -0.882922292
v 0.541437089 0.542570889 -0.883808672
v 0.542349994 0.542926192 -0.885948479
v 0.542506635 0.54161042 -0.888314366
v 0.541482031 0.539298892 -0.889294326
v 0.539876461 0.537345767 -0.888314366
v 0.538630426 0.536895037 -0.885948479
v 0.538473785 0.538210809 -0.883582592
v 0.539498389 0.540522337 -0.882602632
v 0.541103959 0.542475462 -0.883582592
v 0.535628319 0.547071695 -0.888698936
v 0.53578496 0.545755923 -0.891064823
v 0.534760356 0.543444395 -0.892044783
v 0.533154786 0.54149127 -0.891064823
v 0.531908751 0.54104054 -0.888698936
v 0.53175211 0.542356312 -0.886333048
v 0.532776713 0.54466784 -0.885353088
v 0.534382284 0.546620965 -0.886333048
v 0.529604375 0.542744517 -0.910229623
v 0.529731989 0.541083813 -0.91236949
v 0.528265297 0.538982272 -0.913255811
v 0.526063442 0.53767103 -0.91236949
v 0.524416268 0.537918091 -0.910229623
v 0.524288654 0.539578795 -0.908089757
v 0.525755346 0.541680336 -0.907203436
v 0.527957201 0.542991579 -0.908089757
v 0.526513815 0.546066701 -0.912992239
v 0.526641428 0.544405997 -0.915132105
v 0.525174737 0.542304456 -0.916018426
v 0.522972882 0.540993214 -0.915132105
v 0.521325707 0.541240275 -0.912992239
v 0.521198094 0.54290098 -0.910852373
v 0.522664785 0.54500252 -0.909966052
v 0.524866641 0.546313763 -0.910852373
v 0.527117729 0.543653488 -0.914517224
v 0.526078761 0.541159511 -0.914285064
v 0.523775101 0.540126503 -0.913295567
v 0.521556199 0.541159511 -0.912128389
v 0.520721793 0.543653488 -0.911467254
v 0.521760762 0.546147466 -0.911699414
v 0.524064422 0.547180474 -0.912688911
v 0.526283324 0.546147466 -0.913856089
v 0.523867726 0.544372857 -0.921332479
v 0.522828758 0.541878879 -0.921100318
v 0.520525098 0.540845871 -0.920110822
v 0.518306196 0.541878879 -0.918943644
v 0.51747179 0.544372857 -0.918282509
v 0.518510759 0.546866834 -0.918514669
v 0.520814419 0.547899842 -0.919504166
v 0.523033321 0.546866834 -0.920671344
v 0.523103416 0.546947718 -0.919807494
v 0.522290707 0.546288013 -0.922308981
v 0.520528436 0.544506431 -0.923345089
v 0.518848956 0.542646587 -0.922308981
v 0.518236101 0.541797996 -0.919807494
v 0.51904881 0.5424577 -0.917306006
v 0.520811081 0.544239283 -0.916269898
v 0.522490561 0.546099126 -0.917306006
v 0.516478956 0.553208947 -0.919306517
v 0.515666246 0.552549243 -0.921808004
v 0.513903975 0.55076766 -0.922844112
v 0.512224495 0.548907816 -0.921808004
v 0.51161164 0.548059225 -0.919306517
v 0.51242435 0.548718929 -0.916805029
v 0.514186621 0.550500512 -0.915768921
v 0.515866101 0.552360356 -0.916805029
v 0.514045298 0.552786946 -0.922120392
v 0.511742115 0.551373541 -0.921895146
v 0.510788083 0.54952693 -0.920153558
v 0.511742115 0.548328936 -0.917915821
v 0.514045298 0.548481226 -0.916492641
v 0.516348481 0.549894631 -0.916717887
v 0.517302513 0.551741242 -0.918459475
v 0.516348481 0.552939236 -0.920697212
v 0.507792652 0.564390063 -0.913242877
v 0.505489469 0.562976658 -0.913017631
v 0.504535437 0.561130047 -0.911276042
v 0.505489469 0.559932053 -0.909038305
v 0.507792652 0.560084343 -0.907615125
v 0.510095835 0.561497748 -0.907840371
v 0.511049867 0.563344359 -0.909581959
v 0.510095835 0.564542353 -0.911819696
v 0.510386705 0.564650416 -0.910429001
v 0.510514319 0.562989712 -0.912568808
v 0.509047627 0.560888171 -0.913455188
v 0.506845772 0.559576929 -0.912568808
v 0.505198598 0.55982399 -0.910429001
v 0.505070984 0.561484694 -0.908289194
v 0.506537676 0.563586235 -0.907402813
v 0.508739531 0.564897478 -0.908289194
v 0.507305324 0.567962706 -0.913183451
v 0.507432938 0.566302001 -0.915323257
v 0.505966246 0.564200461 -0.916209638
v 0.503764391 0.562889218 -0.915323257
v 0.502117217 0.56313628 -0.913183451
v 0.501989603 0.564796984 -0.911043644
v 0.503456295 0.566898525 -0.910157263
v 0.50565815 0.568209767 -0.911043644
v 0.507276356 0.565549493 -0.91562742
v 0.507037222 0.563156784 -0.914374053
v 0.505435586 0.562165678 -0.912423253
v 0.503409684 0.563156784 -0.910917759
v 0.502146184 0.565549493 -0.910739481
v 0.502385318 0.567942202 -0.911992848
v 0.503986955 0.568933308 -0.913943648
v 0.506012857 0.567942202 -0.915449142
v 0.499607831 0.562099874 -0.923675835
v 0.499368727 0.559707165 -0.922422469
v 0.497767091 0.558716059 -0.920471668
v 0.495741159 0.559707165 -0.918966174
v 0.494477719 0.562099874 -0.918787897
v 0.494716823 0.564492583 -0.920041263
v 0.49631846 0.565483689 -0.921992064
v 0.498344392 0.564492583 -0.923497558
v 0.490046203 0.526812553 -0.988352835
v 0.488461971 0.524627864 -0.988618255
v 0.486221611 0.523722947 -0.987387359
v 0.484637529 0.524627864 -0.985381186
v 0.484637618 0.526812553 -0.983774841
v 0.48622185 0.528997242 -0.983509421
v 0.48846221 0.52990216 -0.984740317
v 0.490046293 0.528997242 -0.98674649
v 0.486859202 0.52958113 -0.992118061
v 0.485274971 0.527396441 -0.99238348
v 0.483034611 0.526491523 -0.991152585
v 0.481450528 0.527396441 -0.989146411
v 0.481450617 0.52958113 -0.987540066
v 0.483034849 0.531765819 -0.987274647
v 0.485275209 0.532670736 -0.988505542
v 0.486859292 0.531765819 -0.990511715
v 0.486014724 0.532596707 -0.989829063
v 0.486171335 0.531280935 -0.992194951
v 0.485146731 0.528969407 -0.993174911
v 0.483541161 0.527016282 -0.992194951
v 0.482295096 0.526565552 -0.989829063
v 0.482138485 0.527881324 -0.987463176
v 0.483163089 0.530192852 -0.986483216
v 0.484768659 0.532145977 -0.987463176
v 0.479152173 0.536829114 -0.992637157
v 0.479308784 0.535513341 -0.995003045
v 0.47828418 0.533201814 -0.995983005
v 0.47667861 0.531248689 -0.995003045
v 0.475432545 0.530797958 -0.992637157
v 0.475275934 0.532113731 -0.99027127
v 0.476300538 0.534425259 -0.98929131
v 0.477906108 0.536378384 -0.99027127
v 0.474787533 0.533813536 -0.995142817
v 0.475153983 0.531362653 -0.99404186
v 0.476773053 0.530347526 -0.992118001
v 0.478696346 0.531362653 -0.990498304
v 0.479797184 0.533813536 -0.990131497
v 0.479430735 0.53626442 -0.991232455
v 0.477811664 0.537279546 -0.993156314
v 0.475888371 0.53626442 -0.994776011
v 0.467025131 0.536138773 -0.987383008
v 0.46739158 0.53368789 -0.986282051
v 0.469010651 0.532672763 -0.984358191
v 0.470933944 0.53368789 -0.982738495
v 0.472034782 0.536138773 -0.982371688
v 0.471668333 0.538589656 -0.983472645
v 0.470049262 0.539604783 -0.985396504
v 0.468125969 0.538589656 -0.987016201
v 0.472172946 0.536138773 -0.987236798
v 0.471919179 0.533758461 -0.985962868
v 0.470265836 0.532772541 -0.984053075
v 0.468181401 0.533758461 -0.982626081
v 0.466886967 0.536138773 -0.982517898
v 0.467140734 0.538519084 -0.983791828
v 0.468794078 0.539505005 -0.985701621
v 0.470878512 0.538519084 -0.987128615
v 0.468220294 0.534190536 -0.99166441
v 0.467966527 0.531810224 -0.99039048
v 0.466313183 0.530824304 -0.988480687
v 0.464228749 0.531810224 -0.987053692
v 0.462934315 0.534190536 -0.98694551
v 0.463188082 0.536570847 -0.98821944
v 0.464841425 0.537556767 -0.990129232
v 0.466925859 0.536570847 -0.991556227
v 0.464064628 0.537394345 -0.98930496
v 0.465011716 0.536693931 -0.991747439
v 0.466290146 0.534527123 -0.992759109
v 0.467150986 0.532163084 -0.991747439
v 0.467089981 0.530986726 -0.98930496
v 0.466142893 0.53168714 -0.986862481
v 0.464864463 0.533853948 -0.985850811
v 0.464003623 0.536217988 -0.986862481
v 0.455771357 0.533478677 -0.991397977
v 0.456718445 0.532778263 -0.993840456
v 0.457996875 0.530611455 -0.994852126
v 0.458857715 0.528247416 -0.993840456
v 0.45879671 0.527071059 -0.991397977
v 0.457849622 0.527771473 -0.988955498
v 0.456571192 0.529938281 -0.987943828
v 0.455710351 0.53230232 -0.988955498
v 0.455589533 0.53338635 -0.991397977
v 0.455378383 0.53208971 -0.993770182
v 0.45628354 0.529730022 -0.994752765
v 0.457774788 0.527689457 -0.993770182
v 0.458978534 0.527163386 -0.991397977
v 0.459189683 0.528460026 -0.989025772
v 0.458284527 0.530819714 -0.988043189
v 0.456793278 0.532860279 -0.989025772
v 0.446847707 0.528625548 -0.988017738
v 0.446636558 0.527328908 -0.990389943
v 0.447541714 0.52496922 -0.991372526
v 0.449032962 0.522928655 -0.990389943
v 0.450236708 0.522402585 -0.988017738
v 0.450447857 0.523699224 -0.985645533
v 0.449542701 0.526058912 -0.98466295
v 0.448051453 0.528099477 -0.985645533
v 0.446678936 0.525514066 -0.99103117
v 0.447922885 0.523147106 -0.990580261
v 0.449529618 0.522166729 -0.988628268
v 0.450557947 0.523147106 -0.986318648
v 0.450405478 0.525514066 -0.985004306
v 0.44916153 0.527881026 -0.985455215
v 0.447554797 0.528861403 -0.987407207
v 0.446526468 0.527881026 -0.989716828
v 0.442361951 0.523753762 -0.988361895
v 0.4436059 0.521386802 -0.987910986
v 0.445212632 0.520406425 -0.985958993
v 0.446240962 0.521386802 -0.983649373
v 0.446088493 0.523753762 -0.982335031
v 0.444844544 0.526120722 -0.98278594
v 0.443237811 0.527101099 -0.984737933
v 0.442209482 0.526120722 -0.987047553
v 0.440199286 0.557590961 -0.924080312
v 0.44140175 0.55732739 -0.926496446
v 0.443369806 0.555753171 -0.927497268
v 0.44495061 0.55379039 -0.926496446
v 0.445218176 0.55258882 -0.924080312
v 0.444015712 0.552852392 -0.921664178
v 0.442047656 0.55442661 -0.920663357
v 0.440466851 0.556389391 -0.921664178
v 0.435675353 0.553051889 -0.925836623
v 0.436877817 0.552788317 -0.928252757
v 0.438845873 0.551214099 -0.929253578
v 0.440426677 0.549251318 -0.928252757
v 0.440694243 0.548049748 -0.925836623
v 0.439491779 0.54831332 -0.923420489
v 0.437523723 0.549887538 -0.922419667
v 0.435942918 0.551850319 -0.923420489
v 0.435510516 0.550550818 -0.928160548
v 0.437099695 0.54836756 -0.928407311
v 0.439324528 0.547463179 -0.927148163
v 0.440881699 0.54836756 -0.925120771
v 0.440859079 0.550550818 -0.923512697
v 0.4392699 0.552734077 -0.923265934
v 0.437045068 0.553638458 -0.924525082
v 0.435487896 0.552734077 -0.926552474
v 0.4306885 0.546413839 -0.922611594
v 0.432277679 0.54423058 -0.922858357
v 0.434502512 0.543326199 -0.921599209
v 0.436059684 0.54423058 -0.919571817
v 0.436037064 0.546413839 -0.917963743
v 0.434447885 0.548597097 -0.91771698
v 0.432223052 0.549501479 -0.918976128
v 0.43066588 0.548597097 -0.92100352
v 0.430291265 0.548179746 -0.920287669
v 0.43146947 0.548147023 -0.92272979
v 0.433756739 0.547099054 -0.923741341
v 0.435813248 0.545649707 -0.92272979
v 0.436434299 0.544647932 -0.920287669
v 0.435256094 0.544680655 -0.917845547
v 0.432968825 0.545728624 -0.916833997
v 0.430912316 0.54717797 -0.917845547
v 0.424951911 0.538892627 -0.922739387
v 0.426130116 0.538859904 -0.925181508
v 0.428417385 0.537811935 -0.926193058
v 0.430473894 0.536362588 -0.925181508
v 0.431094944 0.535360813 -0.922739387
v 0.429916739 0.535393536 -0.920297265
v 0.427629471 0.536441505 -0.919285715
v 0.425572962 0.537890851 -0.920297265
v 0.425574481 0.539687037 -0.922739387
v 0.426682562 0.539310932 -0.925185561
v 0.428576142 0.537655413 -0.926198781
v 0.430145919 0.535690129 -0.925185561
v 0.430472374 0.534566402 -0.922739387
v 0.429364294 0.534942508 -0.920293212
v 0.427470714 0.536598027 -0.919279993
v 0.425900936 0.538563311 -0.920293212
v 0.42104134 0.535351038 -0.924126267
v 0.42214942 0.534974933 -0.926572442
v 0.424043 0.533319414 -0.927585661
v 0.425612777 0.531354129 -0.926572442
v 0.425939232 0.530230403 -0.924126267
v 0.424831152 0.530606508 -0.921680093
v 0.422937572 0.532262027 -0.920666873
v 0.421367794 0.534227312 -0.921680093
v 0.420816004 0.53279072 -0.926450193
v 0.422405183 0.530607462 -0.926696956
v 0.424630016 0.529703081 -0.925437808
v 0.426187217 0.530607462 -0.923410416
v 0.426164567 0.53279072 -0.921802342
v 0.424575388 0.534973979 -0.921555579
v 0.422350556 0.53587836 -0.922814727
v 0.420793355 0.534973979 -0.924842119
v 0.415977895 0.528639913 -0.920882702
v 0.417567074 0.526456654 -0.921129465
v 0.419791907 0.525552273 -0.919870317
v 0.421349108 0.526456654 -0.917842925
v 0.421326458 0.528639913 -0.916234851
v 0.419737279 0.530823171 -0.915988088
v 0.417512447 0.531727552 -0.917247236
v 0.415955245 0.530823171 -0.919274628
v 0.418652177 0.531276166 -0.916191816
v 0.416175961 0.530758142 -0.917168081
v 0.415150285 0.528999269 -0.918959022
v 0.416175961 0.527029872 -0.920515478
v 0.418652177 0.526003659 -0.920925736
v 0.421128392 0.526521683 -0.919949472
v 0.422154069 0.528280556 -0.918158531
v 0.421128392 0.530249953 -0.916602075
v 0.418077528 0.528776765 -0.913408041
v 0.415601313 0.528258741 -0.914384305
v 0.414575636 0.526499867 -0.916175246
v 0.415601313 0.52453047 -0.917731702
v 0.418077528 0.523504257 -0.918141961
v 0.420553744 0.524022281 -0.917165697
v 0.421579421 0.525781155 -0.915374756
v 0.420553744 0.527750552 -0.9138183
v 0.415543973 0.528617144 -0.915775001
v 0.415392041 0.526977181 -0.917929232
v 0.416813225 0.52484715 -0.918821514
v 0.418975025 0.523474693 -0.917929232
v 0.420611084 0.523663878 -0.915775001
v 0.420763016 0.525303841 -0.91362077
v 0.419341832 0.527433872 -0.912728488
v 0.417180032 0.528806329 -0.91362077
v 0.410610855 0.523570657 -0.911585331
v 0.410458922 0.521930695 -0.913739562
v 0.411880106 0.519800663 -0.914631844
v 0.414041907 0.518428206 -0.913739562
v 0.415677965 0.518617392 -0.911585331
v 0.415829897 0.520257354 -0.9094311
v 0.414408714 0.522387385 -0.908538818
v 0.412246913 0.523759842 -0.9094311
v 0.41314441 0.524440706 -0.910422564
v 0.41065222 0.523544371 -0.911004424
v 0.409619927 0.521212578 -0.911926568
v 0.41065222 0.518811405 -0.912648857
v 0.41314441 0.517747343 -0.912748098
v 0.415636599 0.518643677 -0.912166238
v 0.416668892 0.520975471 -0.911244094
v 0.415636599 0.523376644 -0.910521805
v 0.412207335 0.521440327 -0.901786983
v 0.409715146 0.520543993 -0.902368844
v 0.408682853 0.518212199 -0.903290987
v 0.409715146 0.515811026 -0.904013276
v 0.412207335 0.514746964 -0.904112518
v 0.414699525 0.515643299 -0.903530657
v 0.415731817 0.517975092 -0.902608514
v 0.414699525 0.520376265 -0.901886225
v 0.409610242 0.520503581 -0.90294975
v 0.409596056 0.518962681 -0.90518105
v 0.411111504 0.516912699 -0.90610522
v 0.413268894 0.515554547 -0.90518105
v 0.414804429 0.515683711 -0.90294975
v 0.414818615 0.51722461 -0.900718451
v 0.413303167 0.519274592 -0.899794281
v 0.411145777 0.520632744 -0.900718451
v 0.404644281 0.515151918 -0.899222374
v 0.404630095 0.513611019 -0.901453674
v 0.406145543 0.511561036 -0.902377844
v 0.408302933 0.510202885 -0.901453674
v 0.409838468 0.510332048 -0.899222374
v 0.409852654 0.511872947 -0.896991074
v 0.408337206 0.51392293 -0.896066904
v 0.406179816 0.515281081 -0.896991074
v 0.407241374 0.516273916 -0.898942769
v 0.404740632 0.515251279 -0.899174333
v 0.403704792 0.512758732 -0.89943409
v 0.404740632 0.51025641 -0.899569809
v 0.407241374 0.50921005 -0.899501979
v 0.409742117 0.510232687 -0.899270415
v 0.410777956 0.512725234 -0.899010658
v 0.409742117 0.515227556 -0.898874938
v 0.406533062 0.515342891 -0.887183011
v 0.40403232 0.514320254 -0.887414575
v 0.40299648 0.511827707 -0.887674332
v 0.40403232 0.509325385 -0.887810051
v 0.406533062 0.508279026 -0.887742221
v 0.409033805 0.509301662 -0.887510657
v 0.410069644 0.511794209 -0.8872509
v 0.409033805 0.514296532 -0.88711518
v 0.403796852 0.514061689 -0.887462616
v 0.405263603 0.514211297 -0.889738441
v 0.407473981 0.512954831 -0.890681148
v 0.409133166 0.51102829 -0.889738441
v 0.409269273 0.509560227 -0.887462616
v 0.407802522 0.50941062 -0.885186791
v 0.405592144 0.510667086 -0.884244084
v 0.403932959 0.512593627 -0.885186791
v 0.399092168 0.508342206 -0.89087075
v 0.400558919 0.508491814 -0.893146574
v 0.402769297 0.507235348 -0.894089282
v 0.404428482 0.505308807 -0.893146574
v 0.404564589 0.503840744 -0.89087075
v 0.403097838 0.503691137 -0.888594925
v 0.40088746 0.504947603 -0.887652218
v 0.399228275 0.506874144 -0.888594925
v 0.401828378 0.509624064 -0.891141653
v 0.399324387 0.508583307 -0.891141295
v 0.398287177 0.506082892 -0.890982449
v 0.399324387 0.503587484 -0.890758216
v 0.401828378 0.502558887 -0.890599847
v 0.40433237 0.503599644 -0.890600204
v 0.40536958 0.506100059 -0.890759051
v 0.40433237 0.508595467 -0.890983284
v 0.401356637 0.510763884 -0.876277387
v 0.398852646 0.509723127 -0.87627703
v 0.397815436 0.507222712 -0.876118183
v 0.398852646 0.504727304 -0.87589395
v 0.401356637 0.503698707 -0.875735581
v 0.403860629 0.504739463 -0.875735939
v 0.404897839 0.507239878 -0.875894785
v 0.403860629 0.509735286 -0.876119018
v 0.398614198 0.509474397 -0.876006484
v 0.398947865 0.508243322 -0.878399432
v 0.400692552 0.506419361 -0.879390597
v 0.40282625 0.505071044 -0.878399432
v 0.404099077 0.504988194 -0.876006484
v 0.40376541 0.506219268 -0.873613536
v 0.402020723 0.50804323 -0.872622371
v 0.399887025 0.509391546 -0.873613536
v 0.393559426 0.503294408 -0.873531878
v 0.393893093 0.502063334 -0.875924826
v 0.39563778 0.500239372 -0.876915991
v 0.397771478 0.498891085 -0.875924826
v 0.399044305 0.498808205 -0.873531878
v 0.398710638 0.500039279 -0.87113893
v 0.396965951 0.501863241 -0.870147765
v 0.394832253 0.503211558 -0.87113893
v 0.396301866 0.50455147 -0.874080956
v 0.393796951 0.503519893 -0.873960793
v 0.392759383 0.501042306 -0.873589396
v 0.393796951 0.498569936 -0.873184323
v 0.396301866 0.497551143 -0.8729828
v 0.398806781 0.498582721 -0.873102963
v 0.399844348 0.501060307 -0.87347436
v 0.398806781 0.503532648 -0.873879433
v 0.396017313 0.50723356 -0.856983662
v 0.393512398 0.506201982 -0.856863499
v 0.39247483 0.503724396 -0.856492102
v 0.393512398 0.501252055 -0.856087029
v 0.396017313 0.500233233 -0.855885506
v 0.398522228 0.501264811 -0.856005669
v 0.399559796 0.503742397 -0.856377065
v 0.398522228 0.506214738 -0.856782138
v 0.393343002 0.503733397 -0.858758509
v 0.39493221 0.501550138 -0.859005272
v 0.397157013 0.500645757 -0.857746124
v 0.398714215 0.501550138 -0.855718732
v 0.398691624 0.503733397 -0.854110658
v 0.397102416 0.505916655 -0.853863895
v 0.394877613 0.506821036 -0.855123043
v 0.393320411 0.505916655 -0.857150435
v 0.388528466 0.499602854 -0.853218138
v 0.390117675 0.497419566 -0.853464901
v 0.392342478 0.496515214 -0.852205753
v 0.393899679 0.497419566 -0.850178361
v 0.393877089 0.499602854 -0.848570287
v 0.39228788 0.501786113 -0.848323524
v 0.390063077 0.502690494 -0.849582672
v 0.388505876 0.501786113 -0.851610065
v 0.391202778 0.503142715 -0.851043046
v 0.388699204 0.502102017 -0.851091087
v 0.387662202 0.4995974 -0.851023793
v 0.388699204 0.497095972 -0.850880623
v 0.391202778 0.496063024 -0.85074538
v 0.393706352 0.497103661 -0.850697339
v 0.394743353 0.499608308 -0.850764632
v 0.393706352 0.502109766 -0.850907803
v 0.390948802 0.503433943 -0.844115436
v 0.388445228 0.502393305 -0.844163477
v 0.387408227 0.499888659 -0.844096184
v 0.388445228 0.49738723 -0.843953013
v 0.390948802 0.496354282 -0.84381777
v 0.393452376 0.497394919 -0.843769729
v 0.394489378 0.499899566 -0.843837023
v 0.393452376 0.502400994 -0.843980193
v 0.390948802 0.502880573 -0.842060387
v 0.388465911 0.502185524 -0.842900157
v 0.387437463 0.500148177 -0.844364643
v 0.388465911 0.497961998 -0.845595956
v 0.390948802 0.496907651 -0.845872819
v 0.393431693 0.497602701 -0.84503305
v 0.394460142 0.499640048 -0.843568563
v 0.393431693 0.501826227 -0.842337251
v 0.38989082 0.498647928 -0.835429013
v 0.387407929 0.497952878 -0.836268783
v 0.38637948 0.495915532 -0.837733269
v 0.387407929 0.493729353 -0.838964581
v 0.38989082 0.492675006 -0.839241445
v 0.392373711 0.493370056 -0.838401675
v 0.393402159 0.495407403 -0.836937189
v 0.392373711 0.497593582 -0.835705876
v 0.387393683 0.498174816 -0.837335229
v 0.387163728 0.496483505 -0.839442313
v 0.388531268 0.494310677 -0.840315104
v 0.390695214 0.492929131 -0.839442313
v 0.392387956 0.493148118 -0.837335229
v 0.392617911 0.49483943 -0.835228145
v 0.391250372 0.497012258 -0.834355354
v 0.389086425 0.498393804 -0.835228145
v 0.38250035 0.493313015 -0.832898796
v 0.382270396 0.491621703 -0.835005879
v 0.383637935 0.489448875 -0.83587867
v 0.385801882 0.488067329 -0.835005879
v 0.387494624 0.488286316 -0.832898796
v 0.387724578 0.489977628 -0.830791712
v 0.386357039 0.492150456 -0.829918921
v 0.384193093 0.493532002 -0.830791712
v 0.384997487 0.494302064 -0.832364261
v 0.382498443 0.493302822 -0.832695007
v 0.381463289 0.490837246 -0.833145082
v 0.382498443 0.488349676 -0.833450913
v 0.384997487 0.487297267 -0.83343333
v 0.387496531 0.488296509 -0.833102584
v 0.388531685 0.490762085 -0.832652509
v 0.387496531 0.493249655 -0.832346678
v 0.384247631 0.492697358 -0.821849406
v 0.381748587 0.491698116 -0.822180152
v 0.380713433 0.48923254 -0.822630227
v 0.381748587 0.48674497 -0.822936058
v 0.384247631 0.485692561 -0.822918475
v 0.386746675 0.486691803 -0.822587729
v 0.387781829 0.489157379 -0.822137654
v 0.386746675 0.491644949 -0.821831822
v 0.381127238 0.490872949 -0.82238394
v 0.382388711 0.491027743 -0.824779332
v 0.384739101 0.490108907 -0.825771511
v 0.3868016 0.488654703 -0.824779332
v 0.387368023 0.487516969 -0.82238394
v 0.386106551 0.487362176 -0.819988549
v 0.383756161 0.488281012 -0.81899637
v 0.381693661 0.489735216 -0.819988549
v 0.375594109 0.480583549 -0.825962722
v 0.376855582 0.480738342 -0.828358114
v 0.379205972 0.479819506 -0.829350293
v 0.381268471 0.478365302 -0.828358114
v 0.381834894 0.477227569 -0.825962722
v 0.380573422 0.477072775 -0.823567331
v 0.378223032 0.477991611 -0.822575152
v 0.376160532 0.479445815 -0.823567331
v 0.378714502 0.482432157 -0.826302707
v 0.376210064 0.481393158 -0.826266348
v 0.375172675 0.478896946 -0.826052189
v 0.376210064 0.47640577 -0.825785577
v 0.378714502 0.47537896 -0.825622737
v 0.38121894 0.476417959 -0.825659096
v 0.382256329 0.478914171 -0.825873256
v 0.38121894 0.481405348 -0.826139867
v 0.37852335 0.483155131 -0.81880337
v 0.376018912 0.482116133 -0.818767011
v 0.374981523 0.47961992 -0.818552852
v 0.376018912 0.477128744 -0.81828624
v 0.37852335 0.476101935 -0.8181234
v 0.381027788 0.477140933 -0.818159759
v 0.382065177 0.479637146 -0.818373919
v 0.381027788 0.482128322 -0.81864053
v 0.37852335 0.483068377 -0.819311917
v 0.376018107 0.482061952 -0.819059014
v 0.37498039 0.479630053 -0.818457186
v 0.376018107 0.477197289 -0.817858994
v 0.37852335 0.476188689 -0.817614853
v 0.381028593 0.477195114 -0.817867756
v 0.382066309 0.479627013 -0.818469584
v 0.381028593 0.482059777 -0.819067776
v 0.378560722 0.488027662 -0.799207687
v 0.376055479 0.487021238 -0.798954785
v 0.375017762 0.484589338 -0.798352957
v 0.376055479 0.482156575 -0.797754765
v 0.378560722 0.481147975 -0.797510624
v 0.381065965 0.482154399 -0.797763526
v 0.382103682 0.484586298 -0.798365355
v 0.381065965 0.487019062 -0.798963547
v 0.378560722 0.488088995 -0.797816694
v 0.376061648 0.487090468 -0.798149407
v 0.375026494 0.484625906 -0.798604965
v 0.376061648 0.482139021 -0.798916578
v 0.378560722 0.481086642 -0.798901618
v 0.381059796 0.482085168 -0.798568904
v 0.382094949 0.484549731 -0.798113346
v 0.381059796 0.487036616 -0.797801733
v 0.377820581 0.486479044 -0.787425339
v 0.375321507 0.485480517 -0.787758052
v 0.374286354 0.483015954 -0.788213611
v 0.375321507 0.48052907 -0.788525224
v 0.377820581 0.47947669 -0.788510263
v 0.380319655 0.480475217 -0.78817755
v 0.381354809 0.48293978 -0.787721992
v 0.380319655 0.485426664 -0.787410378
v 0.377820581 0.486432463 -0.788754165
v 0.375315338 0.48541975 -0.788527668
v 0.374277622 0.482976645 -0.787973225
v 0.375315338 0.480534226 -0.787415564
v 0.377820581 0.479523271 -0.787181437
v 0.380325824 0.480535984 -0.787407935
v 0.381363541 0.482979089 -0.787962377
v 0.380325824 0.485421509 -0.788520038
v 0.377790034 0.490759194 -0.76974684
v 0.375284791 0.489746481 -0.769520342
v 0.374247074 0.487303376 -0.7689659
v 0.375284791 0.484860957 -0.768408239
v 0.377790034 0.483850002 -0.768174112
v 0.380295277 0.484862715 -0.768400609
v 0.381332994 0.48730582 -0.768955052
v 0.380295277 0.48974824 -0.769512713
v 0.378011227 0.496896237 -0.745508671
v 0.37552312 0.496087611 -0.746221781
v 0.374492526 0.493881941 -0.7474159
v 0.37552312 0.491571307 -0.748391569
v 0.378011227 0.490509242 -0.748577237
v 0.380499333 0.491317868 -0.747864127
v 0.381529927 0.493523538 -0.746670008
v 0.380499333 0.495834172 -0.745694339
v 0.37704587 0.493341267 -0.738109291
v 0.374557763 0.492532641 -0.738822401
v 0.373527169 0.490326971 -0.74001652
v 0.374557763 0.488016337 -0.740992188
v 0.37704587 0.486954272 -0.741177857
v 0.379533976 0.487762898 -0.740464747
v 0.38056457 0.489968568 -0.739270627
v 0.379533976 0.492279202 -0.738294959
v 0.37704587 0.493436784 -0.73832643
v 0.374554992 0.492573112 -0.738961041
v 0.373523235 0.490288675 -0.73999548
v 0.374554992 0.487921715 -0.740823746
v 0.37704587 0.486858755 -0.740960717
v 0.379536748 0.487722427 -0.740326107
v 0.380568504 0.490006864 -0.739291668
v 0.379536748 0.492373824 -0.738463402
v 0.376126528 0.490260512 -0.730395138
v 0.37363565 0.48939684 -0.731029749
v 0.372603893 0.487112403 -0.732064188
v 0.37363565 0.484745443 -0.732892454
v 0.376126528 0.483682483 -0.733029425
v 0.378617406 0.484546155 -0.732394814
v 0.379649162 0.486830592 -0.731360376
v 0.378617406 0.489197552 -0.73053211
v 0.376126528 0.490172565 -0.730193794
v 0.373638213 0.489359647 -0.730901301
v 0.372607529 0.487147778 -0.732083917
v 0.373638213 0.484832644 -0.733048797
v 0.376126528 0.48377043 -0.73323077
v 0.378614843 0.484583348 -0.732523263
v 0.379645526 0.486795217 -0.731340647
v 0.378614843 0.489110351 -0.730375767
v 0.375166655 0.486652762 -0.72277385
v 0.372678339 0.485839844 -0.723481357
v 0.371647656 0.483627975 -0.724663973
v 0.372678339 0.481312841 -0.725628853
v 0.375166655 0.480250627 -0.725810826
v 0.37765497 0.481063545 -0.725103319
v 0.378685653 0.483275414 -0.723920703
v 0.37765497 0.485590547 -0.722955823
v 0.375166655 0.48692283 -0.72500217
v 0.372661442 0.485903293 -0.724808216
v 0.371623755 0.483447641 -0.724312127
v 0.372661442 0.480994374 -0.723804414
v 0.375166655 0.479980558 -0.723582506
v 0.377671868 0.481000096 -0.72377646
v 0.378709555 0.483455747 -0.724272549
v 0.377671868 0.485909015 -0.724780262
v 0.375064313 0.49052012 -0.707410634
v 0.3725591 0.489500582 -0.70721668
v 0.371521413 0.48704493 -0.706720591
v 0.3725591 0.484591663 -0.706212878
v 0.375064313 0.483577847 -0.70599097
v 0.377569526 0.484597385 -0.706184924
v 0.378607213 0.487053037 -0.706681013
v 0.377569526 0.489506304 -0.707188725
v 0.375064313 0.490484148 -0.707568049
v 0.372559071 0.48947975 -0.70730716
v 0.371521354 0.487051427 -0.706691086
v 0.372559071 0.484621674 -0.706080675
v 0.375064313 0.483613819 -0.705833554
v 0.377569556 0.484618217 -0.706094444
v 0.378607273 0.48704654 -0.706710517
v 0.377569556 0.489476293 -0.707320929
v 0.37512061 0.49536562 -0.68823266
v 0.372615367 0.494361222 -0.687971771
v 0.37157765 0.491932899 -0.687355697
v 0.372615367 0.489503145 -0.686745286
v 0.37512061 0.48849529 -0.686498165
v 0.377625853 0.489499688 -0.686759055
v 0.37866357 0.491928011 -0.687375128
v 0.377625853 0.494357765 -0.687985539
v 0.37512061 0.495141476 -0.685868144
v 0.372632027 0.494322896 -0.686568081
v 0.371601224 0.492102861 -0.68773514
v 0.372632027 0.489781797 -0.688685596
v 0.37512061 0.488719434 -0.688862681
v 0.377609193 0.489538014 -0.688162744
v 0.378639996 0.491758049 -0.686995685
v 0.377609193 0.494079113 -0.686045229
v 0.374174505 0.491691947 -0.678470314
v 0.371685922 0.490873367 -0.679170251
v 0.370655119 0.488653332 -0.68033731
v 0.371685922 0.486332268 -0.681287766
v 0.374174505 0.485269904 -0.681464851
v 0.376663089 0.486088485 -0.680764914
v 0.377693892 0.488308519 -0.679597855
v 0.376663089 0.490629584 -0.678647399
v 0.374174505 0.491117179 -0.677600563
v 0.37169829 0.490599155 -0.678576887
v 0.370672613 0.488840282 -0.680367827
v 0.37169829 0.486870915 -0.681924343
v 0.374174505 0.485844672 -0.682334602
v 0.376650721 0.486362696 -0.681358278
v 0.377676398 0.488121569 -0.679567337
v 0.376650721 0.490090936 -0.678010821
v 0.373059511 0.486267507 -0.672199249
v 0.370583296 0.485749483 -0.673175573
v 0.369557619 0.48399061 -0.674966514
v 0.370583296 0.482021242 -0.67652303
v 0.373059511 0.480994999 -0.676933289
v 0.375535727 0.481513023 -0.675956964
v 0.376561403 0.483271897 -0.674166024
v 0.375535727 0.485241264 -0.672609508
v 0.377158731 0.492714107 -0.646536648
v 0.374695688 0.492827922 -0.647665143
v 0.373675436 0.492231965 -0.650105834
v 0.374695688 0.49127534 -0.652429044
v 0.377158731 0.490518451 -0.653273761
v 0.379621774 0.490404636 -0.652145267
v 0.380642027 0.491000593 -0.649704576
v 0.379621774 0.491957217 -0.647381365
v 0.375786752 0.48569721 -0.644249797
v 0.373323709 0.485811025 -0.645378292
v 0.372303456 0.485215068 -0.647818983
v 0.373323709 0.484258443 -0.650142193
v 0.375786752 0.483501554 -0.65098691
v 0.378249794 0.483387738 -0.649858415
v 0.379270047 0.483983696 -0.647417724
v 0.378249794 0.48494032 -0.645094514
v 0.375786752 0.487235636 -0.645251334
v 0.373310536 0.486717612 -0.646227658
v 0.372284859 0.484958738 -0.648018599
v 0.373310536 0.482989371 -0.649575114
v 0.375786752 0.481963128 -0.649985373
v 0.378262967 0.482481152 -0.649009049
v 0.379288644 0.484240025 -0.647218108
v 0.378262967 0.486209393 -0.645661592
v 0.374677062 0.48240906 -0.63987571
v 0.372200847 0.481891036 -0.640852034
v 0.37117517 0.480132163 -0.642642975
v 0.372200847 0.478162795 -0.644199491
v 0.374677062 0.477136552 -0.644609749
v 0.377153277 0.477654576 -0.643633425
v 0.378178954 0.47941345 -0.641842484
v 0.377153277 0.481382817 -0.640285969
v 0.379639953 0.496255249 -0.604019761
v 0.377176821 0.496398032 -0.605144858
v 0.376156569 0.495865703 -0.607600212
v 0.377176821 0.494970053 -0.609947562
v 0.379639953 0.494235784 -0.61081183
v 0.382103086 0.494093001 -0.609686732
v 0.383123338 0.49462533 -0.607231379
v 0.382103086 0.495520979 -0.604884028
v 0.378264159 0.489155382 -0.601908743
v 0.375801027 0.489298165 -0.603033841
v 0.374780774 0.488765836 -0.605489194
v 0.375801027 0.487870187 -0.607836545
v 0.378264159 0.487135917 -0.608700812
v 0.380727291 0.486993134 -0.607575715
v 0.381747544 0.487525463 -0.605120361
v 0.380727291 0.488421112 -0.602773011
v 0.380420536 0.485109091 -0.591727257
v 0.37794432 0.484591067 -0.592703581
v 0.376918644 0.482832193 -0.594494522
v 0.37794432 0.480862826 -0.596051037
v 0.380420536 0.479836583 -0.596461296
v 0.382896751 0.480354607 -0.595484972
v 0.383922428 0.482113481 -0.593694031
v 0.382896751 0.484082848 -0.592137516
v 0.379320532 0.480324715 -0.586398661
v 0.376844317 0.479806691 -0.587374985
v 0.37581864 0.478047818 -0.589165926
v 0.376844317 0.476078451 -0.590722442
v 0.379320532 0.475052208 -0.5911327
v 0.381796747 0.475570232 -0.590156376
v 0.382822424 0.477329105 -0.588365436
v 0.381796747 0.479298472 -0.58680892
v 0.379320532 0.481087685 -0.589764595
v 0.376815349 0.480097502 -0.589453578
v 0.375777692 0.477696151 -0.588739574
v 0.376815349 0.475290269 -0.588040888
v 0.379320532 0.474289238 -0.587766767
v 0.381825715 0.475279421 -0.588077784
v 0.382863373 0.477680773 -0.588791788
v 0.381825715 0.480086654 -0.589490473
v 0.379480094 0.48694247 -0.569841385
v 0.37697491 0.485952288 -0.569530368
v 0.375937253 0.483550936 -0.568816364
v 0.37697491 0.481145054 -0.568117678
v 0.379480094 0.480144024 -0.567843556
v 0.381985277 0.481134206 -0.568154573
v 0.383022934 0.483535558 -0.568868577
v 0.381985277 0.48594144 -0.569567263
v 0.386758506 0.522917628 -0.507617831
v 0.384253293 0.521901667 -0.507405877
v 0.383215606 0.519454956 -0.506867468
v 0.384253293 0.517010748 -0.506317914
v 0.386758506 0.516000748 -0.506079197
v 0.389263719 0.517016709 -0.506291151
v 0.390301406 0.51946342 -0.50682956
v 0.389263719 0.521907628 -0.507379115
v 0.386665314 0.526615024 -0.490996122
v 0.384160101 0.525599062 -0.490784168
v 0.383122414 0.523152351 -0.49024573
v 0.384160101 0.520708144 -0.489696205
v 0.386665314 0.519698143 -0.489457488
v 0.389170527 0.520714104 -0.489669442
v 0.390208215 0.523160815 -0.490207881
v 0.389170527 0.525605023 -0.490757406
v 0.384485811 0.525949836 -0.490226805
v 0.385029435 0.525057793 -0.492729187
v 0.386531323 0.523052037 -0.493765682
v 0.388111711 0.521107554 -0.492729187
v 0.388844818 0.520363331 -0.490226805
v 0.388301194 0.521255374 -0.487724423
v 0.386799306 0.52326113 -0.486687928
v 0.385218918 0.525205612 -0.487724423
v 0.38030225 0.522685528 -0.489971995
v 0.380845875 0.521793485 -0.492474377
v 0.382347763 0.519787729 -0.493510872
v 0.38392815 0.517843246 -0.492474377
v 0.384661257 0.517099023 -0.489971995
v 0.384117633 0.517991066 -0.487469614
v 0.382615745 0.519996822 -0.486433119
v 0.381035358 0.521941304 -0.487469614
v 0.382481754 0.523192883 -0.488684118
v 0.379990786 0.522323251 -0.489310116
v 0.37895897 0.520029545 -0.490323842
v 0.379990786 0.517655492 -0.491131455
v 0.382481754 0.516591668 -0.491259873
v 0.384972721 0.5174613 -0.490633875
v 0.386004537 0.519755006 -0.489620149
v 0.384972721 0.522129059 -0.488812536
v 0.381614208 0.520251393 -0.48114571
v 0.379123241 0.519381762 -0.481771708
v 0.378091425 0.517088056 -0.482785434
v 0.379123241 0.514714003 -0.483593047
v 0.381614208 0.513650179 -0.483721465
v 0.384105176 0.514519811 -0.483095467
v 0.385136992 0.516813517 -0.482081741
v 0.384105176 0.51918757 -0.481274128
v 0.379445285 0.525503933 -0.46171999
v 0.381034464 0.523320675 -0.461966723
v 0.383259296 0.522416294 -0.460707575
v 0.384816468 0.523320675 -0.458680153
v 0.384793848 0.525503933 -0.457072079
v 0.383204669 0.527687192 -0.456825346
v 0.380979836 0.528591573 -0.458084494
v 0.379422665 0.527687192 -0.460111916
v 0.374955565 0.521652043 -0.456553429
v 0.376544744 0.519468784 -0.456800163
v 0.378769577 0.518564403 -0.455541015
v 0.380326748 0.519468784 -0.453513592
v 0.380304128 0.521652043 -0.451905519
v 0.378714949 0.523835301 -0.451658785
v 0.376490116 0.524739683 -0.452917933
v 0.374932945 0.523835301 -0.454945356
v 0.377629846 0.524288297 -0.451862454
v 0.375153631 0.523770273 -0.452838749
v 0.374127954 0.522011399 -0.454629719
v 0.375153631 0.520042062 -0.456186205
v 0.377629846 0.519015789 -0.456596494
v 0.380106062 0.519533813 -0.455620199
v 0.381131738 0.521292686 -0.453829229
v 0.380106062 0.523262024 -0.452272743
v 0.376563311 0.519649386 -0.446695864
v 0.374087095 0.519131362 -0.447672158
v 0.373061419 0.517372489 -0.449463129
v 0.374087095 0.515403152 -0.451019615
v 0.376563311 0.514376879 -0.451429904
v 0.379039526 0.514894903 -0.450453609
v 0.380065203 0.516653776 -0.448662639
v 0.379039526 0.518623114 -0.447106153
v 0.376563311 0.520491302 -0.4497374
v 0.374058157 0.519468248 -0.449562132
v 0.3730205 0.517006993 -0.449094415
v 0.374058157 0.514549375 -0.44860822
v 0.376563311 0.513534963 -0.448388368
v 0.379068464 0.514558017 -0.448563635
v 0.380106121 0.517019272 -0.449031353
v 0.379068464 0.519476891 -0.449517548
v 0.37642172 0.523465514 -0.434400856
v 0.373916566 0.52244246 -0.434225589
v 0.372878909 0.519981205 -0.433757871
v 0.373916566 0.517523587 -0.433271676
v 0.37642172 0.516509175 -0.433051825
v 0.378926873 0.517532229 -0.433227092
v 0.37996453 0.519993484 -0.43369481
v 0.378926873 0.522451103 -0.434181005
v 0.374911219 0.539509535 -0.39845553
v 0.376236975 0.539883733 -0.400791228
v 0.378661543 0.539149821 -0.401758701
v 0.380764633 0.537737727 -0.400791228
v 0.381314307 0.536474586 -0.39845553
v 0.379988551 0.536100388 -0.396119833
v 0.377563983 0.5368343 -0.39515236
v 0.375460893 0.538246393 -0.396119833
v 0.369552791 0.528204501 -0.403308183
v 0.370878547 0.528578699 -0.40564388
v 0.373303115 0.527844787 -0.406611353
v 0.375406206 0.526432693 -0.40564388
v 0.37595588 0.525169551 -0.403308183
v 0.374630123 0.524795353 -0.400972486
v 0.372205555 0.525529265 -0.400005013
v 0.370102465 0.526941359 -0.400972486
v 0.369322687 0.526687026 -0.404189348
v 0.370204419 0.524231374 -0.403450698
v 0.372579843 0.523214221 -0.402628601
v 0.375057489 0.524231374 -0.402204573
v 0.376185983 0.526687026 -0.402427018
v 0.375304252 0.529142678 -0.403165668
v 0.372928828 0.530159831 -0.403987765
v 0.370451182 0.529142678 -0.404411793
v 0.365719169 0.529614389 -0.390155554
v 0.366600901 0.527158737 -0.389416903
v 0.368976325 0.526141584 -0.388594806
v 0.371453971 0.527158737 -0.388170779
v 0.372582465 0.529614389 -0.388393223
v 0.371700734 0.532070041 -0.389131874
v 0.36932531 0.533087194 -0.389953971
v 0.366847664 0.532070041 -0.390377998
v 0.369150817 0.532250643 -0.386907369
v 0.366674602 0.531732619 -0.387883663
v 0.365648925 0.529973745 -0.389674604
v 0.366674602 0.528004408 -0.391231149
v 0.369150817 0.526978135 -0.391641408
v 0.371627033 0.527496159 -0.390665114
v 0.372652709 0.529255033 -0.388874173
v 0.371627033 0.53122437 -0.387317628
v 0.368624151 0.529959857 -0.384356052
v 0.366147935 0.529441833 -0.385332346
v 0.365122259 0.52768296 -0.387123287
v 0.366147935 0.525713623 -0.388679832
v 0.368624151 0.52468735 -0.389090091
v 0.371100366 0.525205374 -0.388113797
v 0.372126043 0.526964247 -0.386322856
v 0.371100366 0.528933585 -0.38476631
v 0.366687179 0.527323604 -0.389689654
v 0.367901623 0.52494055 -0.389243305
v 0.36953932 0.523953438 -0.387320608
v 0.370640934 0.52494055 -0.385047913
v 0.370561123 0.527323604 -0.383756489
v 0.369346678 0.529706657 -0.384202838
v 0.367708981 0.530693769 -0.386125535
v 0.366607368 0.529706657 -0.38839823
v 0.358872235 0.524296701 -0.384587049
v 0.360086679 0.521913648 -0.3841407
v 0.361724377 0.520926535 -0.382218003
v 0.36282599 0.521913648 -0.379945308
v 0.362746179 0.524296701 -0.378653884
v 0.361531734 0.526679754 -0.379100233
v 0.359894037 0.527666867 -0.38102293
v 0.358792424 0.526679754 -0.383295625
v 0.362829268 0.524296701 -0.38453114
v 0.362749994 0.521870315 -0.383323014
v 0.36153385 0.520865321 -0.381117553
v 0.359893233 0.521870315 -0.379206687
v 0.358789146 0.524296701 -0.378709793
v 0.35886842 0.526723087 -0.37991792
v 0.360084563 0.527728081 -0.382123381
v 0.361725181 0.526723087 -0.384034246
v 0.359200209 0.523161173 -0.387049764
v 0.359120935 0.520734787 -0.385841638
v 0.357904792 0.519729793 -0.383636177
v 0.356264174 0.520734787 -0.381725311
v 0.355160087 0.523161173 -0.381228417
v 0.355239362 0.525587559 -0.382436544
v 0.356455505 0.526592553 -0.384642005
v 0.358096123 0.525587559 -0.38655287
v 0.353898019 0.523161173 -0.385473311
v 0.354575634 0.520771861 -0.384384632
v 0.35677892 0.519782186 -0.383152097
v 0.359217256 0.520771861 -0.382497758
v 0.360462278 0.523161173 -0.382804871
v 0.359784663 0.525550485 -0.383893549
v 0.357581377 0.52654016 -0.385126084
v 0.35514304 0.525550485 -0.385780424
v 0.347222418 0.528750539 -0.369051516
v 0.347900033 0.526361227 -0.367962837
v 0.350103319 0.525371552 -0.366730303
v 0.352541655 0.526361227 -0.366075963
v 0.353786677 0.528750539 -0.366383076
v 0.353109062 0.531139851 -0.367471755
v 0.350905776 0.532129526 -0.368704289
v 0.348467439 0.531139851 -0.369358629
v 0.350504547 0.525818348 -0.365728617
v 0.348166049 0.527181625 -0.365567327
v 0.347197384 0.529463947 -0.366665453
v 0.348166049 0.53132838 -0.368379742
v 0.350504547 0.53168273 -0.369705975
v 0.352843046 0.530319452 -0.369867265
v 0.353811711 0.528037131 -0.368769139
v 0.352843046 0.526172698 -0.36705485
v 0.34618026 0.519502401 -0.375041127
v 0.343841761 0.520865679 -0.374879837
v 0.342873096 0.523148 -0.375977963
v 0.343841761 0.525012434 -0.377692252
v 0.34618026 0.525366783 -0.379018486
v 0.348518759 0.524003506 -0.379179776
v 0.349487424 0.521721184 -0.37808165
v 0.348518759 0.519856751 -0.37636736
v 0.344486594 0.522434592 -0.380141735
v 0.344905764 0.519930899 -0.379188418
v 0.346071512 0.518893778 -0.376970619
v 0.347300977 0.519930899 -0.37478748
v 0.347873926 0.522434592 -0.373917878
v 0.347454756 0.524938285 -0.374871194
v 0.346289009 0.525975406 -0.377088994
v 0.345059544 0.524938285 -0.379272133
v 0.337337434 0.522719204 -0.376250803
v 0.337756604 0.520215511 -0.375297487
v 0.338922352 0.519178391 -0.373079687
v 0.340151817 0.520215511 -0.370896548
v 0.340724766 0.522719204 -0.370026946
v 0.340305597 0.525222898 -0.370980263
v 0.339139849 0.526260018 -0.373198062
v 0.337910384 0.525222898 -0.375381202
v 0.337685734 0.522719204 -0.376416475
v 0.338202268 0.520217478 -0.375506759
v 0.339204282 0.519181192 -0.373209953
v 0.340104878 0.520217478 -0.370871544
v 0.340376467 0.522719204 -0.369861275
v 0.339859933 0.525220931 -0.370770991
v 0.338857919 0.526257217 -0.373067796
v 0.337957323 0.525220931 -0.375406206
v 0.330444604 0.522305012 -0.3734442
v 0.330961138 0.519803286 -0.372534484
v 0.331963152 0.518766999 -0.370237678
v 0.332863748 0.519803286 -0.367899269
v 0.333135337 0.522305012 -0.366889
v 0.332618803 0.524806738 -0.367798716
v 0.331616789 0.525843024 -0.370095521
v 0.330716193 0.524806738 -0.372433931
v 0.33229813 0.522305012 -0.373672932
v 0.331867129 0.519816041 -0.372686833
v 0.331390947 0.518785059 -0.370224416
v 0.331148505 0.519816041 -0.367728144
v 0.331281811 0.522305012 -0.366660267
v 0.331712812 0.524793983 -0.367646366
v 0.332188994 0.525824964 -0.370108783
v 0.332431436 0.524793983 -0.372605056
v 0.325430363 0.523099899 -0.374668241
v 0.324999362 0.520610929 -0.373682141
v 0.324523181 0.519579947 -0.371219724
v 0.324280739 0.520610929 -0.368723452
v 0.324414045 0.523099899 -0.367655575
v 0.324845046 0.52558887 -0.368641675
v 0.325321227 0.526619852 -0.371104091
v 0.325563669 0.52558887 -0.373600364
v 0.322745562 0.523099899 -0.373957425
v 0.323061109 0.520628095 -0.372887939
v 0.324466854 0.519604266 -0.370807379
v 0.326139331 0.520628095 -0.368934482
v 0.327098846 0.523099899 -0.36836639
v 0.326783299 0.525571704 -0.369435877
v 0.325377554 0.526595533 -0.371516436
v 0.323705077 0.525571704 -0.373389333
v 0.315779179 0.524557471 -0.368533283
v 0.316094726 0.522085667 -0.367463797
v 0.317500472 0.521061838 -0.365383238
v 0.319172949 0.522085667 -0.36351034
v 0.320132464 0.524557471 -0.362942249
v 0.319816917 0.527029276 -0.364011735
v 0.318411171 0.528053105 -0.366092294
v 0.316738695 0.527029276 -0.367965192
v 0.319598645 0.524557471 -0.368876815
v 0.319472998 0.522084534 -0.367771357
v 0.318458587 0.521060228 -0.365474641
v 0.317149699 0.522084534 -0.363332063
v 0.316312999 0.524557471 -0.362598717
v 0.316438645 0.527030408 -0.363704175
v 0.317453057 0.528054714 -0.366000891
v 0.318761945 0.527030408 -0.368143469
v 0.316009134 0.523900092 -0.370755374
v 0.315883487 0.521427155 -0.369649917
v 0.314869076 0.520402849 -0.367353201
v 0.313560188 0.521427155 -0.365210623
v 0.312723488 0.523900092 -0.364477277
v 0.312849134 0.526373029 -0.365582734
v 0.313863546 0.527397335 -0.36787945
v 0.315172434 0.526373029 -0.370022029
v 0.314944953 0.523900092 -0.371111721
v 0.314534605 0.52140677 -0.370127827
v 0.31402564 0.520374 -0.367672712
v 0.313716263 0.52140677 -0.365184575
v 0.313787669 0.523900092 -0.36412093
v 0.314198017 0.526393414 -0.365104824
v 0.314706981 0.527426183 -0.36755994
v 0.315016359 0.526393414 -0.370048076
v 0.308054775 0.524583995 -0.372252345
v 0.307644427 0.522090673 -0.371268451
v 0.307135463 0.521057904 -0.368813336
v 0.306826085 0.522090673 -0.3663252
v 0.306897491 0.524583995 -0.365261555
v 0.307307839 0.527077317 -0.366245449
v 0.307816803 0.528110087 -0.368700564
v 0.308126181 0.527077317 -0.3711887
v 0.305257738 0.524583995 -0.371519417
v 0.305568367 0.52211678 -0.37043798
v 0.306996554 0.521094859 -0.368371814
v 0.308705688 0.52211678 -0.366531253
v 0.309694529 0.524583995 -0.365994483
v 0.309383899 0.52705121 -0.36707592
v 0.307955712 0.528073132 -0.369142085
v 0.306246579 0.52705121 -0.370982647
v 0.298324317 0.526151538 -0.365951508
v 0.298634946 0.523684323 -0.364870071
v 0.300063133 0.522662401 -0.362803906
v 0.301772267 0.523684323 -0.360963345
v 0.302761108 0.526151538 -0.360426575
v 0.302450478 0.528618753 -0.361508012
v 0.301022291 0.529640675 -0.363574177
v 0.299313158 0.528618753 -0.365414739
v 0.301451951 0.526151538 -0.366613328
v 0.301138937 0.523646772 -0.365622789
v 0.30047664 0.522609234 -0.363206595
v 0.299853057 0.523646772 -0.36078009
v 0.299633473 0.526151538 -0.359764755
v 0.299946487 0.528656304 -0.360755295
v 0.300608784 0.529693842 -0.363171488
v 0.301232368 0.528656304 -0.365597993
v 0.294475377 0.526290834 -0.368465811
v 0.294162363 0.523786068 -0.367475271
v 0.293500066 0.52274853 -0.365059078
v 0.292876482 0.523786068 -0.362632573
v 0.292656898 0.526290834 -0.361617237
v 0.292969912 0.5287956 -0.362607777
v 0.293632209 0.529833138 -0.365023971
v 0.294255793 0.5287956 -0.367450476
v 0.294600368 0.526290834 -0.368430167
v 0.294323593 0.52378571 -0.367429674
v 0.293603122 0.522748113 -0.365030229
v 0.292860985 0.52378571 -0.362637401
v 0.292531908 0.526290834 -0.361652881
v 0.292808682 0.528795958 -0.362653375
v 0.293529153 0.529833555 -0.365052819
v 0.29427129 0.528795958 -0.367445648
v 0.287580311 0.526210725 -0.370572716
v 0.287303537 0.523705602 -0.369572222
v 0.286583066 0.522668004 -0.367172778
v 0.285840929 0.523705602 -0.364779949
v 0.285511851 0.526210725 -0.363795429
v 0.285788625 0.528715849 -0.364795923
v 0.286509097 0.529753447 -0.367195368
v 0.287251234 0.528715849 -0.369588196
v 0.287339956 0.529663622 -0.367184073
v 0.287107438 0.528652251 -0.369689316
v 0.286546081 0.526210725 -0.370727032
v 0.285984725 0.5237692 -0.369689316
v 0.285752207 0.522757828 -0.367184073
v 0.285984725 0.5237692 -0.36467883
v 0.286546081 0.526210725 -0.363641113
v 0.287107438 0.528652251 -0.36467883
v 0.280576438 0.531218648 -0.367184073
v 0.28034392 0.530207276 -0.369689316
v 0.279782563 0.527765751 -0.370727032
v 0.279221207 0.525324225 -0.369689316
v 0.278988689 0.524312854 -0.367184073
v 0.279221207 0.525324225 -0.36467883
v 0.279782563 0.527765751 -0.363641113
v 0.28034392 0.530207276 -0.36467883
v 0.280576438 0.531218648 -0.367184073
v 0.28034392 0.530207276 -0.369689316
v 0.279782563 0.527765751 -0.370727032
v 0.279221207 0.525324225 -0.369689316
v 0.278988689 0.524312854 -0.367184073
v 0.279221207 0.525324225 -0.36467883
v 0.279782563 0.527765751 -0.363641113
v 0.28034392 0.530207276 -0.36467883
v 0.27381295 0.532773674 -0.367184073
v 0.273580432 0.531762302 -0.369689316
v 0.273019075 0.529320776 -0.370727032
v 0.272457719 0.526879251 -0.369689316
v 0.272225201 0.525867879 -0.367184073
v 0.272457719 0.526879251 -0.36467883
v 0.273019075 0.529320776 -0.363641113
v 0.273580432 0.531762302 -0.36467883
v 0.27381295 0.532773674 -0.367184073
v 0.273580432 0.531762302 -0.369689316
v 0.273019075 0.529320776 -0.370727032
v 0.272457719 0.526879251 -0.369689316
v 0.272225201 0.525867879 -0.367184073
v 0.272457719 0.526879251 -0.36467883
v 0.273019075 0.529320776 -0.363641113
v 0.273580432 0.531762302 -0.36467883
v 0.267049432 0.534328699 -0.367184073
v 0.266816914 0.533317327 -0.369689316
v 0.266255558 0.530875802 -0.370727032
v 0.265694201 0.528434277 -0.369689316
v 0.265461683 0.527422905 -0.367184073
v 0.265694201 0.528434277 -0.36467883
v 0.266255558 0.530875802 -0.363641113
v 0.266816914 0.533317327 -0.36467883
v 0.264060289 0.530875802 -0.369964987
v 0.26437822 0.528405011 -0.368893862
v 0.265795827 0.527381599 -0.36682117
v 0.267482758 0.528405011 -0.364961058
v 0.268450826 0.530875802 -0.364403158
v 0.268132895 0.533346593 -0.365474284
v 0.266715288 0.534370005 -0.367546976
v 0.265028358 0.533346593 -0.369407088
v 0.257150024 0.532351494 -0.36451
v 0.257467955 0.529880702 -0.363438874
v 0.258885562 0.528857291 -0.361366183
v 0.260572493 0.529880702 -0.359506071
v 0.261540562 0.532351494 -0.358948171
v 0.261222631 0.534822285 -0.360019296
v 0.259805024 0.535845697 -0.362091988
v 0.258118093 0.534822285 -0.3639521
v 0.259839505 0.535859823 -0.361729085
v 0.259969234 0.534793615 -0.36421895
v 0.259733468 0.532296836 -0.365250289
v 0.25927034 0.529832065 -0.36421895
v 0.258851081 0.528843164 -0.361729085
v 0.258721352 0.529909372 -0.359239221
v 0.258957118 0.532406151 -0.358207881
v 0.259420246 0.534870923 -0.359239221
v 0.256410003 0.536342919 -0.362114668
v 0.256539732 0.535276711 -0.364604533
v 0.256303966 0.532779932 -0.365635872
v 0.255840838 0.530315161 -0.364604533
v 0.255421579 0.52932626 -0.362114668
v 0.255291849 0.530392468 -0.359624803
v 0.255527616 0.532889247 -0.358593464
v 0.255990744 0.535354018 -0.359624803
v 0.256553799 0.536319613 -0.362114668
v 0.256510019 0.535272658 -0.364615679
v 0.256118149 0.532797515 -0.365651637
v 0.255607724 0.530344069 -0.364615679
v 0.255277783 0.529349566 -0.362114668
v 0.255321562 0.530396521 -0.359613657
v 0.255713433 0.532871664 -0.358577698
v 0.256223857 0.53532511 -0.359613657
v 0.249741763 0.537566721 -0.362517476
v 0.249697983 0.536519766 -0.365018487
v 0.249306113 0.534044623 -0.366054446
v 0.248795688 0.531591177 -0.365018487
v 0.248465717 0.530596673 -0.362517476
v 0.248509496 0.531643629 -0.360016465
v 0.248901367 0.534118772 -0.358980507
v 0.249411792 0.536572218 -0.360016465
v 0.249810636 0.53755343 -0.362517476
v 0.24968338 0.536520302 -0.365021408
v 0.249216586 0.53405875 -0.366058558
v 0.248683676 0.531610548 -0.365021408
v 0.248396844 0.530609965 -0.362517476
v 0.2485241 0.531643093 -0.360013545
v 0.248990893 0.534104645 -0.358976394
v 0.249523804 0.536552846 -0.360013545
v 0.243021011 0.5389359 -0.362742811
v 0.242893755 0.537902772 -0.365246743
v 0.242426962 0.53544122 -0.366283894
v 0.241894051 0.532993019 -0.365246743
v 0.241607219 0.531992435 -0.362742811
v 0.241734475 0.533025563 -0.36023888
v 0.242201269 0.535487115 -0.359201729
v 0.242734179 0.537935317 -0.36023888
v 0.243107975 0.538917065 -0.362742811
v 0.242875457 0.537905693 -0.365248054
v 0.242314115 0.535464168 -0.366285771
v 0.241752774 0.533022642 -0.365248054
v 0.241520256 0.532011271 -0.362742811
v 0.241752774 0.533022642 -0.360237569
v 0.242314115 0.535464168 -0.359199852
v 0.242875457 0.537905693 -0.360237569
v 0.236348584 0.540471137 -0.362742811
v 0.236116067 0.539459765 -0.365248054
v 0.235554725 0.537018239 -0.366285771
v 0.234993383 0.534576714 -0.365248054
v 0.234760866 0.533565342 -0.362742811
v 0.234993383 0.534576714 -0.360237569
v 0.235554725 0.537018239 -0.359199852
v 0.236116067 0.539459765 -0.360237569
v 0.236405239 0.540457606 -0.362742811
v 0.236104354 0.539463043 -0.365247488
v 0.235481516 0.537036359 -0.366284966
v 0.234901562 0.534599066 -0.365247488
v 0.234704211 0.533578873 -0.362742811
v 0.235005096 0.534573436 -0.360238135
v 0.235627934 0.53700012 -0.359200656
v 0.236207888 0.539437413 -0.360238135
v 0.229666665 0.542123973 -0.362595022
v 0.229365781 0.54112941 -0.365099698
v 0.228742942 0.538702726 -0.366137177
v 0.228162989 0.536265433 -0.365099698
v 0.227965638 0.53524524 -0.362595022
v 0.228266522 0.536239803 -0.360090345
v 0.228889361 0.538666487 -0.359052867
v 0.229469314 0.54110378 -0.360090345
v 0.229614273 0.54213649 -0.362595022
v 0.229376614 0.54112637 -0.365100265
v 0.228810638 0.538685858 -0.366137981
v 0.228247896 0.536244631 -0.365100265
v 0.228018031 0.535232723 -0.362595022
v 0.228255689 0.536242843 -0.360089779
v 0.228821665 0.538683355 -0.359052062
v 0.229384407 0.541124582 -0.360089779
v 0.22285679 0.543698907 -0.362583935
v 0.222619131 0.542688787 -0.365089178
v 0.222053155 0.540248275 -0.366126895
v 0.221490413 0.537807047 -0.365089178
v 0.221260548 0.536795139 -0.362583935
v 0.221498206 0.537805259 -0.360078692
v 0.222064182 0.540245771 -0.359040976
v 0.222626925 0.542686999 -0.360078692
v 0.222926736 0.543681979 -0.362583935
v 0.222604722 0.542693019 -0.365088224
v 0.221962824 0.540271223 -0.366125524
v 0.22137709 0.53783524 -0.365088224
v 0.221190602 0.536812067 -0.362583935
v 0.221512616 0.537801027 -0.360079646
v 0.222154513 0.540222824 -0.359042346
v 0.222740248 0.542658806 -0.360079646
v 0.216195822 0.545382977 -0.362390161
v 0.215873808 0.544394016 -0.36489445
v 0.21523191 0.54197222 -0.365931749
v 0.214646176 0.539536238 -0.36489445
v 0.214459687 0.538513064 -0.362390161
v 0.214781702 0.539502025 -0.359885871
v 0.215423599 0.541923821 -0.358848572
v 0.216009334 0.544359803 -0.359885871
v 0.216121614 0.545400918 -0.362390161
v 0.215889096 0.544389546 -0.364895403
v 0.215327755 0.54194802 -0.36593312
v 0.214766413 0.539506495 -0.364895403
v 0.214533895 0.538495123 -0.362390161
v 0.214766413 0.539506495 -0.359884918
v 0.215327755 0.54194802 -0.358847201
v 0.215889096 0.544389546 -0.359884918
v 0.209362999 0.546954811 -0.362390161
v 0.209130481 0.545943439 -0.364895403
v 0.208569139 0.543501914 -0.36593312
v 0.208007798 0.541060388 -0.364895403
v 0.20777528 0.540049016 -0.362390161
v 0.208007798 0.541060388 -0.359884918
v 0.208569139 0.543501914 -0.358847201
v 0.209130481 0.545943439 -0.359884918
v 0.209307611 0.54696703 -0.362390161
v 0.209142134 0.545941293 -0.364894867
v 0.208641008 0.543486595 -0.365932345
v 0.208097771 0.541040838 -0.364894867
v 0.207830667 0.540036798 -0.362390161
v 0.207996145 0.541062534 -0.359885454
v 0.208497271 0.543517232 -0.358847976
v 0.209040508 0.545962989 -0.359885454
v 0.202527508 0.548411965 -0.362533957
v 0.202362031 0.547386229 -0.365038663
v 0.201860905 0.544931531 -0.366076142
v 0.201317668 0.542485774 -0.365038663
v 0.201050565 0.541481733 -0.362533957
v 0.201216042 0.54250747 -0.36002925
v 0.201717168 0.544962168 -0.358991772
v 0.202260405 0.547407925 -0.36002925
v 0.204334065 0.544946849 -0.364998788
v 0.203525141 0.542443275 -0.364342421
v 0.201699227 0.541406214 -0.362626702
v 0.199925914 0.542443275 -0.360856622
v 0.199244007 0.544946849 -0.360069126
v 0.200052932 0.547450423 -0.360725492
v 0.201878846 0.548487484 -0.362441212
v 0.203652158 0.547450423 -0.364211291
v 0.197404534 0.54531002 -0.372153819
v 0.196595609 0.542806447 -0.371497452
v 0.194769695 0.541769385 -0.369781733
v 0.192996383 0.542806447 -0.368011653
v 0.192314476 0.54531002 -0.367224157
v 0.1931234 0.547813594 -0.367880523
v 0.194949314 0.548850656 -0.369596243
v 0.196722627 0.547813594 -0.371366322
v 0.195627853 0.54876864 -0.369688988
v 0.195426226 0.547750473 -0.372194111
v 0.194892615 0.545302689 -0.373231798
v 0.194339603 0.542859197 -0.372194111
v 0.194091156 0.541851401 -0.369688988
v 0.194292784 0.542869568 -0.367183864
v 0.194826394 0.545317352 -0.366146177
v 0.195379406 0.547760844 -0.367183864
v 0.188848674 0.55027467 -0.369755477
v 0.188647047 0.549256504 -0.3722606
v 0.188113436 0.54680872 -0.373298287
v 0.187560424 0.544365227 -0.3722606
v 0.187311977 0.543357432 -0.369755477
v 0.187513605 0.544375598 -0.367250353
v 0.188047215 0.546823382 -0.366212666
v 0.188600227 0.549266875 -0.367250353
v 0.1888742 0.550268948 -0.369755477
v 0.188641682 0.549257576 -0.37226072
v 0.188080326 0.546816051 -0.373298436
v 0.187518969 0.544374526 -0.37226072
v 0.187286451 0.543363154 -0.369755477
v 0.187518969 0.544374526 -0.367250234
v 0.188080326 0.546816051 -0.366212517
v 0.188641682 0.549257576 -0.367250234
v 0.182105079 0.551825285 -0.369755477
v 0.181872562 0.550813913 -0.37226072
v 0.181311205 0.548372388 -0.373298436
v 0.180749848 0.545930862 -0.37226072
v 0.180517331 0.544919491 -0.369755477
v 0.180749848 0.545930862 -0.367250234
v 0.181311205 0.548372388 -0.366212517
v 0.181872562 0.550813913 -0.367250234
v 0.182105049 0.551825285 -0.369755477
v 0.181872532 0.550813913 -0.37226072
v 0.181311205 0.548372388 -0.373298436
v 0.180749878 0.545930862 -0.37226072
v 0.180517361 0.544919491 -0.369755477
v 0.180749878 0.545930862 -0.367250234
v 0.181311205 0.548372388 -0.366212517
v 0.181872532 0.550813913 -0.367250234
v 0.175335914 0.553381562 -0.369755477
v 0.175103396 0.552370191 -0.37226072
v 0.174542069 0.549928665 -0.373298436
v 0.173980743 0.54748714 -0.37226072
v 0.173748225 0.546475768 -0.369755477
v 0.173980743 0.54748714 -0.367250234
v 0.174542069 0.549928665 -0.366212517
v 0.175103396 0.552370191 -0.367250234
v 0.175335914 0.553381562 -0.369755477
v 0.175103396 0.552370191 -0.37226072
v 0.174542069 0.549928665 -0.373298436
v 0.173980743 0.54748714 -0.37226072
v 0.173748225 0.546475768 -0.369755477
v 0.173980743 0.54748714 -0.367250234
v 0.174542069 0.549928665 -0.366212517
v 0.175103396 0.552370191 -0.367250234
v 0.168566793 0.55493784 -0.369755477
v 0.168334275 0.553926468 -0.37226072
v 0.167772949 0.551484942 -0.373298436
v 0.167211622 0.549043417 -0.37226072
v 0.166979104 0.548032045 -0.369755477
v 0.167211622 0.549043417 -0.367250234
v 0.167772949 0.551484942 -0.366212517
v 0.168334275 0.553926468 -0.367250234
v 0.168566823 0.55493784 -0.369755477
v 0.168334305 0.553926468 -0.37226072
v 0.167772949 0.551484942 -0.373298436
v 0.167211592 0.549043417 -0.37226072
v 0.166979074 0.548032045 -0.369755477
v 0.167211592 0.549043417 -0.367250234
v 0.167772949 0.551484942 -0.366212517
v 0.168334305 0.553926468 -0.367250234
v 0.161797702 0.556494176 -0.369755477
v 0.161565185 0.555482805 -0.37226072
v 0.161003828 0.553041279 -0.373298436
v 0.160442472 0.550599754 -0.37226072
v 0.160209954 0.549588382 -0.369755477
v 0.160442472 0.550599754 -0.367250234
v 0.161003828 0.553041279 -0.366212517
v 0.161565185 0.555482805 -0.367250234
v 0.161797673 0.556494176 -0.369755477
v 0.161565155 0.555482805 -0.37226072
v 0.161003828 0.553041279 -0.373298436
v 0.160442501 0.550599754 -0.37226072
v 0.160209984 0.549588382 -0.369755477
v 0.160442501 0.550599754 -0.367250234
v 0.161003828 0.553041279 -0.366212517
v 0.161565155 0.555482805 -0.367250234
v 0.155028552 0.558050454 -0.369755477
v 0.154796034 0.557039082 -0.37226072
v 0.154234707 0.554597557 -0.373298436
v 0.153673381 0.552156031 -0.37226072
v 0.153440863 0.55114466 -0.369755477
v 0.153673381 0.552156031 -0.367250234
v 0.154234707 0.554597557 -0.366212517
v 0.154796034 0.557039082 -0.367250234
v 0.155028582 0.558050454 -0.369755477
v 0.154796064 0.557039082 -0.37226072
v 0.154234707 0.554597557 -0.373298436
v 0.153673351 0.552156031 -0.37226072
v 0.153440833 0.55114466 -0.369755477
v 0.153673351 0.552156031 -0.367250234
v 0.154234707 0.554597557 -0.366212517
v 0.154796064 0.557039082 -0.367250234
v 0.148259461 0.559606791 -0.369755477
v 0.148026943 0.558595419 -0.37226072
v 0.147465587 0.556153893 -0.373298436
v 0.14690423 0.553712368 -0.37226072
v 0.146671712 0.552700996 -0.369755477
v 0.14690423 0.553712368 -0.367250234
v 0.147465587 0.556153893 -0.366212517
v 0.148026943 0.558595419 -0.367250234
v 0.145229816 0.556153893 -0.372503906
v 0.145556182 0.553684711 -0.371431708
v 0.147001043 0.552661896 -0.369377583
v 0.148718044 0.553684711 -0.36754483
v 0.149701357 0.556153893 -0.367007047
v 0.149374992 0.558623075 -0.368079245
v 0.14793013 0.559645891 -0.37013337
v 0.146213129 0.558623075 -0.371966124
v 0.138436198 0.557655692 -0.366977483
v 0.138762563 0.55518651 -0.365905285
v 0.140207425 0.554163694 -0.36385116
v 0.141924426 0.55518651 -0.362018406
v 0.142907739 0.557655692 -0.361480623
v 0.142581373 0.560124874 -0.362552822
v 0.141136512 0.56114769 -0.364606947
v 0.139419511 0.560124874 -0.3664397
v 0.141363576 0.561130464 -0.364229053
v 0.141254872 0.560094059 -0.366732478
v 0.140804708 0.557629287 -0.36776942
v 0.14027679 0.555179954 -0.366732478
v 0.139980361 0.55418092 -0.364229053
v 0.140089065 0.555217326 -0.361725628
v 0.140539229 0.557682097 -0.360688686
v 0.141067147 0.560131431 -0.361725628
v 0.134555474 0.562485516 -0.364494413
v 0.13444677 0.561449111 -0.366997838
v 0.133996606 0.558984339 -0.36803478
v 0.133468688 0.556535006 -0.366997838
v 0.133172259 0.555535972 -0.364494413
v 0.133280963 0.556572378 -0.361990988
v 0.133731127 0.559037149 -0.360954046
v 0.134259045 0.561486483 -0.361990988
v 0.134400129 0.559010744 -0.367996544
v 0.133978695 0.556519806 -0.367011279
v 0.133490011 0.55548805 -0.364551663
v 0.133220315 0.556519806 -0.36205852
v 0.133327603 0.559010744 -0.360992283
v 0.133749038 0.561501682 -0.361977547
v 0.134237722 0.562533438 -0.364437163
v 0.134507418 0.561501682 -0.366930306
v 0.127452314 0.559765399 -0.369060427
v 0.127030879 0.557274461 -0.368075162
v 0.126542196 0.556242704 -0.365615547
v 0.1262725 0.557274461 -0.363122404
v 0.126379788 0.559765399 -0.362056166
v 0.126801223 0.562256336 -0.363041431
v 0.127289906 0.563288093 -0.365501046
v 0.127559602 0.562256336 -0.367994189
v 0.127709001 0.559765399 -0.369011372
v 0.127362594 0.557262897 -0.368026197
v 0.126754612 0.556226313 -0.365595371
v 0.126241192 0.557262897 -0.363142818
v 0.126123101 0.559765399 -0.362105221
v 0.126469508 0.5622679 -0.363090396
v 0.12707749 0.563304484 -0.365521222
v 0.12759091 0.5622679 -0.367973775
v 0.120659024 0.560103953 -0.370630294
v 0.120312616 0.557601452 -0.369645119
v 0.119704634 0.556564867 -0.367214292
v 0.119191214 0.557601452 -0.36476174
v 0.119073123 0.560103953 -0.363724142
v 0.11941953 0.562606454 -0.364709318
v 0.120027512 0.563643038 -0.367140144
v 0.120540932 0.562606454 -0.369592696
v 0.120496616 0.563590348 -0.367177218
v 0.120461889 0.562542081 -0.369677842
v 0.120078146 0.560065627 -0.370713621
v 0.119570173 0.557611585 -0.369677842
v 0.11923553 0.556617558 -0.367177218
v 0.119270258 0.557665825 -0.364676595
v 0.119654 0.560142279 -0.363640815
v 0.120161973 0.562596321 -0.364676595
v 0.113652147 0.564828217 -0.367601097
v 0.11361742 0.56377995 -0.37010172
v 0.113233678 0.561303496 -0.3711375
v 0.112725705 0.558849454 -0.37010172
v 0.112391062 0.557855427 -0.367601097
v 0.112425789 0.558903694 -0.365100473
v 0.112809531 0.561380148 -0.364064693
v 0.113317505 0.56383419 -0.365100473
v 0.113906555 0.561341822 -0.371031761
v 0.11358729 0.558837354 -0.370042443
v 0.112936653 0.557799935 -0.367623001
v 0.112335779 0.558837354 -0.365190744
v 0.112136655 0.561341822 -0.364170432
v 0.112455919 0.56384629 -0.36515975
v 0.113106556 0.564883709 -0.367579192
v 0.113707431 0.56384629 -0.370011449
v 0.10680677 0.561523438 -0.372863173
v 0.106487505 0.55901897 -0.371873856
v 0.105836868 0.557981551 -0.369454414
v 0.105235994 0.55901897 -0.367022157
v 0.10503687 0.561523438 -0.366001844
v 0.105356134 0.564027905 -0.366991162
v 0.106006771 0.565065324 -0.369410604
v 0.106607646 0.564027905 -0.371842861
v 0.106715672 0.564976335 -0.369432509
v 0.106483154 0.563964963 -0.371937752
v 0.10592182 0.561523438 -0.372975469
v 0.105360486 0.559081912 -0.371937752
v 0.105127968 0.55807054 -0.369432509
v 0.105360486 0.559081912 -0.366927266
v 0.10592182 0.561523438 -0.365889549
v 0.106483154 0.563964963 -0.366927266
v 0.0999416709 0.566533744 -0.369432509
v 0.0997091532 0.565522373 -0.371937752
v 0.099147819 0.563080847 -0.372975469
v 0.0985864848 0.560639322 -0.371937752
v 0.0983539671 0.55962795 -0.369432509
v 0.0985864848 0.560639322 -0.366927266
v 0.099147819 0.563080847 -0.365889549
v 0.0997091532 0.565522373 -0.366927266
v 0.0999417007 0.566533744 -0.369432509
v 0.0997091755 0.565522373 -0.371937752
v 0.099147819 0.563080847 -0.372975469
v 0.0985864624 0.560639322 -0.371937752
v 0.0983539373 0.55962795 -0.369432509
v 0.0985864624 0.560639322 -0.366927266
v 0.099147819 0.563080847 -0.365889549
v 0.0997091755 0.565522373 -0.366927266
v 0.0931677073 0.568091214 -0.369432509
v 0.0929351822 0.567079842 -0.371937752
v 0.0923738256 0.564638317 -0.372975469
v 0.0918124691 0.562196791 -0.371937752
v 0.0915799439 0.56118542 -0.369432509
v 0.0918124691 0.562196791 -0.366927266
v 0.0923738256 0.564638317 -0.365889549
v 0.0929351822 0.567079842 -0.366927266
v 0.0891591832 0.564638317 -0.370922029
v 0.0898741782 0.562191725 -0.369996816
v 0.0920534283 0.561178267 -0.368741035
v 0.094420366 0.562191725 -0.367890328
v 0.095588468 0.564638317 -0.367942989
v 0.094873473 0.567084908 -0.368868202
v 0.0926942229 0.568098366 -0.370123982
v 0.0903272852 0.567084908 -0.37097469
v 0.0860261917 0.566279709 -0.364160478
v 0.0867411867 0.563833117 -0.363235265
v 0.0889204368 0.56281966 -0.361979485
v 0.0912873745 0.563833117 -0.361128777
v 0.0924554765 0.566279709 -0.361181438
v 0.0917404816 0.568726301 -0.362106651
v 0.0895612314 0.569739759 -0.363362432
v 0.0871942937 0.568726301 -0.364213139
v 0.0901762024 0.566279709 -0.366088212
v 0.0898726583 0.563774645 -0.365095437
v 0.0891989917 0.562736988 -0.362682402
v 0.0885498449 0.563774645 -0.360262692
v 0.0883054659 0.566279709 -0.359253705
v 0.08860901 0.568784773 -0.36024648
v 0.0892826766 0.569822431 -0.362659514
v 0.0899318233 0.568784773 -0.365079224
v 0.0830443054 0.566370249 -0.368040353
v 0.0827407613 0.563865185 -0.367047578
v 0.0820670947 0.562827528 -0.364634544
v 0.081417948 0.563865185 -0.362214833
v 0.081173569 0.566370249 -0.361205846
v 0.0814771131 0.568875313 -0.362198621
v 0.0821507797 0.56991297 -0.364611655
v 0.0827999264 0.568875313 -0.367031366
v 0.0831674859 0.566370249 -0.368004233
v 0.0828997046 0.563865364 -0.367000699
v 0.0821686983 0.562827826 -0.364604384
v 0.0814026892 0.563865364 -0.362219036
v 0.0810503885 0.566370249 -0.361241966
v 0.0813181698 0.568875134 -0.3622455
v 0.0820491761 0.569912672 -0.364641815
v 0.0828151852 0.568875134 -0.367027164
v 0.0759697482 0.566236913 -0.370257676
v 0.0757019669 0.563732028 -0.369254142
v 0.0749709606 0.56269449 -0.366857827
v 0.0742049515 0.563732028 -0.364472479
v 0.0738526508 0.566236913 -0.363495409
v 0.0741204321 0.568741798 -0.364498943
v 0.0748514384 0.569779336 -0.366895258
v 0.0756174475 0.568741798 -0.369280607
v 0.0757484511 0.566236913 -0.370319158
v 0.0754159465 0.56373328 -0.369332075
v 0.0747877732 0.562696218 -0.366906554
v 0.0742319003 0.56373328 -0.364463478
v 0.074073948 0.566236913 -0.363433927
v 0.0744064525 0.568740547 -0.36442101
v 0.0750346258 0.569777608 -0.366846532
v 0.0755904987 0.568740547 -0.369289607
v 0.0686418861 0.566499293 -0.372047484
v 0.0683093816 0.563995659 -0.371060401
v 0.0676812083 0.562958598 -0.36863488
v 0.0671253353 0.563995659 -0.366191804
v 0.066967383 0.566499293 -0.365162253
v 0.0672998875 0.569002926 -0.366149336
v 0.0679280609 0.570039988 -0.368574858
v 0.0684839338 0.569002926 -0.371017933
v 0.0691297725 0.566499293 -0.371890694
v 0.0689351559 0.564002752 -0.370850265
v 0.0680782944 0.562968671 -0.368494511
v 0.0670611262 0.564002752 -0.366203398
v 0.0664794967 0.566499293 -0.365319043
v 0.0666741133 0.568995833 -0.366359472
v 0.0675309747 0.570029914 -0.368715227
v 0.0685481429 0.568995833 -0.37100634
v 0.0617747642 0.565836489 -0.374856889
v 0.0615801476 0.563339949 -0.37381646
v 0.0607232898 0.562305868 -0.371460706
v 0.0597061254 0.563339949 -0.369169593
v 0.0591244958 0.565836489 -0.368285239
v 0.0593191124 0.56833303 -0.369325668
v 0.0601759702 0.569367111 -0.371681422
v 0.0611931346 0.56833303 -0.373972535
v 0.0577976219 0.565836489 -0.373920411
v 0.0581182539 0.563427508 -0.37271741
v 0.0598045699 0.562429667 -0.370842904
v 0.061868757 0.563427508 -0.369394928
v 0.0631016344 0.565836489 -0.369221717
v 0.0627810061 0.568245471 -0.370424718
v 0.0610946901 0.569243312 -0.372299224
v 0.059030503 0.568245471 -0.3737472
v 0.0514031947 0.568590045 -0.366702199
v 0.0517238267 0.566181064 -0.365499198
v 0.0534101427 0.565183222 -0.363624692
v 0.0554743297 0.566181064 -0.362176716
v 0.0567072108 0.568590045 -0.362003505
v 0.0563865788 0.570999026 -0.363206506
v 0.0547002628 0.571996868 -0.365081012
v 0.0526360758 0.570999026 -0.366528988
v 0.0547169894 0.568590045 -0.367833465
v 0.0543333068 0.566092253 -0.366850108
v 0.0537867174 0.565057635 -0.364403903
v 0.0533974022 0.566092253 -0.361927778
v 0.0533934161 0.568590045 -0.360872239
v 0.0537770987 0.571087837 -0.361855596
v 0.0543236881 0.572122455 -0.364301801
v 0.0547130033 0.571087837 -0.366777927
v 0.0476761013 0.569144547 -0.369172186
v 0.0472924188 0.566646755 -0.368188828
v 0.0467458293 0.565612137 -0.365742624
v 0.0463565141 0.566646755 -0.363266498
v 0.046352528 0.569144547 -0.362210959
v 0.0467362106 0.571642339 -0.363194317
v 0.0472828001 0.572676957 -0.365640521
v 0.0476721153 0.571642339 -0.368116647
v 0.0484569967 0.569144547 -0.368927509
v 0.0482930019 0.566655338 -0.36786446
v 0.0473799706 0.565624297 -0.365528554
v 0.0462527424 0.566655338 -0.363288164
v 0.0455716327 0.569144547 -0.362455636
v 0.0457356274 0.571633756 -0.363518685
v 0.0466486588 0.572664797 -0.365854591
v 0.047775887 0.571633756 -0.368094981
v 0.041011095 0.568217397 -0.37224713
v 0.0408471003 0.565728188 -0.371184081
v 0.0399340689 0.564697146 -0.368848175
v 0.0388068408 0.565728188 -0.366607785
v 0.0381257311 0.568217397 -0.365775257
v 0.0382897258 0.570706606 -0.366838306
v 0.0392027572 0.571737647 -0.369174212
v 0.0403299853 0.570706606 -0.371414602
v 0.0403622761 0.571670294 -0.369011194
v 0.0401297584 0.570658922 -0.371516436
v 0.039568413 0.568217397 -0.372554153
v 0.0390070677 0.565775871 -0.371516436
v 0.03877455 0.5647645 -0.369011194
v 0.0390070677 0.565775871 -0.366505951
v 0.039568413 0.568217397 -0.365468234
v 0.0401297584 0.570658922 -0.366505951
v 0.0335780159 0.573230088 -0.369011194
v 0.0333454981 0.572218716 -0.371516436
v 0.0327841528 0.569777191 -0.372554153
v 0.0322228074 0.567335665 -0.371516436
v 0.0319902897 0.566324294 -0.369011194
v 0.0322228074 0.567335665 -0.366505951
v 0.0327841528 0.569777191 -0.365468234
v 0.0333454981 0.572218716 -0.366505951
v 0.0295103341 0.569777191 -0.370365709
v 0.0302366521 0.567346931 -0.369406879
v 0.0324552618 0.566340268 -0.368216276
v 0.0348665304 0.567346931 -0.367491305
v 0.0360579714 0.569777191 -0.367656678
v 0.0353316553 0.572207451 -0.368615508
v 0.0331130438 0.573214114 -0.369806111
v 0.0307017751 0.572207451 -0.370531082
v 0.0265382025 0.571723104 -0.363182098
v 0.0272645205 0.569292843 -0.362223268
v 0.0294831302 0.56828618 -0.361032665
v 0.031894397 0.569292843 -0.360307693
v 0.033085838 0.571723104 -0.360473067
v 0.0323595218 0.574153364 -0.361431897
v 0.0301409122 0.575160027 -0.362622499
v 0.0277296435 0.574153364 -0.363347471
v 0.0304582175 0.571723104 -0.365311116
v 0.0300705731 0.569225967 -0.36432761
v 0.0295314714 0.568191648 -0.361879617
v 0.0291567128 0.569225967 -0.359401166
v 0.0291658249 0.571723104 -0.358344048
v 0.0295534693 0.57422024 -0.359327555
v 0.0300925709 0.57525456 -0.361775547
v 0.0304673295 0.57422024 -0.364253998
v 0.0234131552 0.572302043 -0.366617978
v 0.0230255108 0.569804907 -0.365634471
v 0.0224864092 0.568770587 -0.363186479
v 0.0221116506 0.569804907 -0.360708028
v 0.0221207626 0.572302043 -0.35965091
v 0.022508407 0.57479918 -0.360634416
v 0.0230475087 0.575833499 -0.363082409
v 0.0234222673 0.57479918 -0.365560859
v 0.0242044684 0.572302043 -0.366372675
v 0.02404055 0.569812655 -0.365310073
v 0.0231305789 0.568781495 -0.362973034
v 0.0220076032 0.569812655 -0.360730529
v 0.0213294495 0.572302043 -0.359896213
v 0.0214933679 0.574791431 -0.360958815
v 0.0224033389 0.575822592 -0.363295853
v 0.0235263146 0.574791431 -0.365538359
v 0.0167325754 0.571378231 -0.369689584
v 0.016568657 0.568888843 -0.368626982
v 0.0156586859 0.567857683 -0.366289943
v 0.0145357121 0.568888843 -0.364047438
v 0.0138575574 0.571378231 -0.363213122
v 0.0140214767 0.573867619 -0.364275724
v 0.0149314478 0.574898779 -0.366612762
v 0.0160544217 0.573867619 -0.368855268
v 0.0166521631 0.571378231 -0.369724095
v 0.0164682455 0.568883657 -0.36867696
v 0.0155970948 0.567850411 -0.366326123
v 0.0145490197 0.568883657 -0.3640486
v 0.0139379697 0.571378231 -0.363178611
v 0.0141218882 0.573872805 -0.364225745
v 0.014993039 0.574906051 -0.366576582
v 0.0160411131 0.573872805 -0.368854105
v 0.00921506714 0.570632041 -0.372808009
v 0.00903114863 0.568137467 -0.371760875
v 0.00815999787 0.56710422 -0.369410038
v 0.0071119233 0.568137467 -0.367132515
v 0.00650087278 0.570632041 -0.366262525
v 0.00668479176 0.573126614 -0.36730966
v 0.00755594205 0.574159861 -0.369660497
v 0.00860401709 0.573126614 -0.37193802
v 0.00490796985 0.570632041 -0.371497422
v 0.00528365979 0.568287075 -0.370188534
v 0.00716734538 0.567315817 -0.368496954
v 0.00945558958 0.568287075 -0.36741361
v 0.0108079696 0.570632041 -0.367573112
v 0.0104322806 0.572977006 -0.368882
v 0.00854859501 0.573948264 -0.37057358
v 0.00626035035 0.572977006 -0.371656924
v -0.00104394427 0.574673295 -0.362549037
v -0.000668254623 0.572328329 -0.361240149
v 0.00121543114 0.571357071 -0.359548569
v 0.00350367534 0.572328329 -0.358465225
v 0.0048560556 0.574673295 -0.358624727
v 0.00448036613 0.577018261 -0.359933615
v 0.00259668031 0.577989519 -0.361625195
v 0.000308436021 0.577018261 -0.362708539
v 0.00387809006 0.574673295 -0.363530278
v 0.00381115172 0.572244644 -0.362326056
v 0.00262823398 0.571238637 -0.360103041
v 0.00102227414 0.572244644 -0.358163446
v -6.59785364e-05 0.574673295 -0.357643485
v 9.5972257e-07 0.577101946 -0.358847708
v 0.00118387735 0.578107953 -0.361070722
v 0.00278983731 0.577101946 -0.363010317
v -0.00404823292 0.572258592 -0.368840784
v -0.0041151708 0.569829941 -0.367636561
v -0.00529808877 0.568823934 -0.365413547
v -0.00690404885 0.569829941 -0.363473952
v -0.00799230114 0.572258592 -0.362953991
v -0.00792536326 0.574687243 -0.364158213
v -0.00674244529 0.57569325 -0.366381228
v -0.00513648521 0.574687243 -0.368320823
v -0.0040770527 0.572258592 -0.368859887
v -0.00414703134 0.56982553 -0.367664784
v -0.00531432591 0.568817675 -0.365434349
v -0.00689515145 0.56982553 -0.363475144
v -0.00796348136 0.572258592 -0.362934887
v -0.00789350271 0.574691653 -0.36412999
v -0.00672620814 0.575699508 -0.366360426
v -0.0051453826 0.574691653 -0.368319631
v -0.0120021263 0.569933116 -0.374058217
v -0.012072105 0.567500055 -0.372863114
v -0.0132393995 0.5664922 -0.370632678
v -0.0148202255 0.567500055 -0.368673474
v -0.015888555 0.569933116 -0.368133217
v -0.0158185773 0.572366178 -0.36932832
v -0.0146512827 0.573374033 -0.371558756
v -0.0130704567 0.572366178 -0.37351796
v -0.0131514752 0.573386014 -0.371095717
v -0.0133839929 0.572374642 -0.37360096
v -0.0139453411 0.569933116 -0.374638677
v -0.0145066893 0.567491591 -0.37360096
v -0.014739207 0.566480219 -0.371095717
v -0.0145066893 0.567491591 -0.368590474
v -0.0139453411 0.569933116 -0.367552757
v -0.0133839929 0.572374642 -0.368590474
v -0.0199515279 0.574949443 -0.371095717
v -0.0201840457 0.573938072 -0.37360096
v -0.0207453929 0.571496546 -0.374638677
v -0.0213067401 0.569055021 -0.37360096
v -0.0215392578 0.568043649 -0.371095717
v -0.0213067401 0.569055021 -0.368590474
v -0.0207453929 0.571496546 -0.367552757
v -0.0201840457 0.573938072 -0.368590474
v -0.0225219689 0.571496546 -0.374161065
v -0.0221016631 0.568993986 -0.373205274
v -0.020886872 0.567957342 -0.371013731
v -0.0195892043 0.568993986 -0.368870199
v -0.0189688168 0.571496546 -0.368030369
v -0.0193891227 0.573999107 -0.36898616
v -0.0206039138 0.575035751 -0.371177703
v -0.0219015814 0.573999107 -0.373321235
v -0.0295190122 0.571870208 -0.370105803
v -0.0290987063 0.569367647 -0.369150013
v -0.0278839152 0.568331003 -0.366958469
v -0.0265862476 0.569367647 -0.364814937
v -0.0259658601 0.571870208 -0.363975108
v -0.026386166 0.574372768 -0.364930898
v -0.0276009571 0.575409412 -0.367122442
v -0.0288986247 0.574372768 -0.369265974
v -0.0270182136 0.571870208 -0.370508611
v -0.0273813028 0.569369733 -0.36952433
v -0.0279559381 0.568333983 -0.36708504
v -0.0284055062 0.569369733 -0.364619642
v -0.0284666587 0.571870208 -0.363572299
v -0.0281035695 0.574370682 -0.364556581
v -0.0275289342 0.575406432 -0.366995871
v -0.0270793661 0.574370682 -0.369461268
v -0.0341509357 0.572319627 -0.371998072
v -0.0345140249 0.569819152 -0.37101379
v -0.0350886583 0.568783402 -0.3685745
v -0.0355382301 0.569819152 -0.366109103
v -0.0355993807 0.572319627 -0.36506176
v -0.0352362916 0.574820101 -0.366046041
v -0.0346616581 0.575855851 -0.368485332
v -0.0342120863 0.574820101 -0.370950729
v -0.0369298942 0.572319627 -0.371416211
v -0.0365626328 0.569830954 -0.370403856
v -0.0352068692 0.568800151 -0.368293762
v -0.0336567983 0.569830954 -0.366322041
v -0.0328204222 0.572319627 -0.36564362
v -0.0331876837 0.5748083 -0.366655976
v -0.0345434472 0.575839102 -0.368766069
v -0.0360935181 0.5748083 -0.370737791
v -0.0437391624 0.573286653 -0.366568714
v -0.0433719009 0.57079798 -0.365556359
v -0.0420161374 0.569767177 -0.363446265
v -0.0404660664 0.57079798 -0.361474544
v -0.0396296903 0.573286653 -0.360796124
v -0.0399969518 0.575775325 -0.361808479
v -0.0413527153 0.576806128 -0.363918573
v -0.0429027863 0.575775325 -0.365890294
v -0.0407331884 0.573286653 -0.367095292
v -0.0410274155 0.570781469 -0.366100043
v -0.0417065099 0.569743752 -0.363688588
v -0.0423726663 0.570781469 -0.361273497
v -0.0426356643 0.573286653 -0.360269547
v -0.0423414372 0.575791836 -0.361264795
v -0.0416623428 0.576829553 -0.36367625
v -0.0409961864 0.575791836 -0.366091341
v -0.0443625599 0.573311031 -0.368106872
v -0.0446567871 0.570805848 -0.367111623
v -0.0453358814 0.569768131 -0.364700168
v -0.0460020378 0.570805848 -0.362285078
v -0.0462650359 0.573311031 -0.361281127
v -0.0459708087 0.575816214 -0.362276375
v -0.0452917144 0.576853931 -0.36468783
v -0.044625558 0.575816214 -0.367102921
v -0.0446891636 0.573311031 -0.368181467
v -0.04508131 0.570814788 -0.367197484
v -0.0456096418 0.569780827 -0.364746988
v -0.0459646732 0.570814788 -0.362265468
v -0.0459384322 0.573311031 -0.361206532
v -0.0455462858 0.575807273 -0.362190515
v -0.045017954 0.576841235 -0.364641011
v -0.0446629226 0.575807273 -0.367122531
v -0.051780317 0.573924363 -0.369451553
v -0.0521724634 0.57142812 -0.368467569
v -0.0527007952 0.570394158 -0.366017073
v -0.0530558266 0.57142812 -0.363535553
v -0.0530295856 0.573924363 -0.362476617
v -0.0526374392 0.576420605 -0.3634606
v -0.0521091074 0.577454567 -0.365911096
v -0.051754076 0.576420605 -0.368392617
v -0.0531260371 0.573924363 -0.369432896
v -0.0524520092 0.571464121 -0.368513107
v -0.0517504141 0.570445061 -0.366100162
v -0.0514322408 0.571464121 -0.363607496
v -0.0516838655 0.573924363 -0.362495273
v -0.0523578934 0.576384604 -0.363415062
v -0.0530594885 0.577403665 -0.365828007
v -0.0533776619 0.576384604 -0.368320674
v -0.0606882498 0.572440267 -0.367860883
v -0.0600142218 0.569980025 -0.366941094
v -0.0593126267 0.568960965 -0.364528149
v -0.0589944534 0.569980025 -0.362035483
v -0.0592460781 0.572440267 -0.36092326
v -0.0599201061 0.574900508 -0.36184305
v -0.0606217012 0.575919569 -0.364255995
v -0.0609398745 0.574900508 -0.366748661
v -0.0581870303 0.572440267 -0.367455363
v -0.0582749061 0.569985688 -0.366306216
v -0.0593540817 0.568969011 -0.364035785
v -0.060792394 0.569985688 -0.36197409
v -0.0617472976 0.572440267 -0.361328781
v -0.0616594218 0.574894845 -0.362477928
v -0.0605802462 0.575911522 -0.364748359
v -0.0591419339 0.574894845 -0.366810054
v -0.0660712123 0.570577562 -0.372037023
v -0.0661590919 0.568122983 -0.370887876
v -0.0672382712 0.567106307 -0.368617445
v -0.0686765835 0.568122983 -0.36655575
v -0.0696314871 0.570577562 -0.365910441
v -0.0695436075 0.573032141 -0.367059588
v -0.0684644282 0.574048817 -0.369330019
v -0.067026116 0.573032141 -0.371391714
v -0.0711425394 0.570577562 -0.370285451
v -0.0704013631 0.568145633 -0.369342268
v -0.0681664199 0.567138314 -0.368183196
v -0.0657469109 0.568145633 -0.367487222
v -0.06456016 0.570577562 -0.367662013
v -0.0653013363 0.573009491 -0.368605196
v -0.0675362796 0.574016809 -0.369764268
v -0.0699557886 0.573009491 -0.370460242
v -0.0739915371 0.572481632 -0.363137156
v -0.0732503608 0.570049703 -0.362193972
v -0.0710154176 0.569042385 -0.3610349
v -0.0685959086 0.570049703 -0.360338926
v -0.0674091578 0.572481632 -0.360513717
v -0.0681503341 0.574913561 -0.361456901
v -0.0703852773 0.57592088 -0.362615973
v -0.0728047863 0.574913561 -0.363311946
v -0.0689240023 0.572481632 -0.364890903
v -0.0690110102 0.570026934 -0.363741994
v -0.0700876117 0.569010198 -0.361470371
v -0.0715231448 0.570026934 -0.359406739
v -0.0724766925 0.572481632 -0.358759969
v -0.0723896846 0.57493633 -0.359908879
v -0.0713130832 0.575953066 -0.362180501
v -0.06987755 0.57493633 -0.364244133
v -0.0768240765 0.570618987 -0.369468749
v -0.0769110844 0.568164289 -0.368319839
v -0.0779876858 0.567147553 -0.366048217
v -0.079423219 0.568164289 -0.363984585
v -0.0803767666 0.570618987 -0.363337815
v -0.0802897587 0.573073685 -0.364486724
v -0.0792131573 0.574090421 -0.366758347
v -0.0777776241 0.573073685 -0.368821979
v -0.076445654 0.570618987 -0.369215667
v -0.0764944255 0.568223536 -0.36794576
v -0.0777768567 0.567231357 -0.365772277
v -0.0795417279 0.568223536 -0.363968432
v -0.0807551891 0.570618987 -0.363590896
v -0.0807064176 0.573014438 -0.364860803
v -0.0794239864 0.574006617 -0.367034286
v -0.0776591152 0.573014438 -0.368838131
v -0.0848086476 0.567392409 -0.375623137
v -0.0848574191 0.564996958 -0.37435323
v -0.0861398503 0.564004779 -0.372179747
v -0.0879047215 0.564996958 -0.370375901
v -0.0891181827 0.567392409 -0.369998366
v -0.0890694112 0.56978786 -0.371268272
v -0.08778698 0.570780039 -0.373441756
v -0.0860221088 0.56978786 -0.375245601
v -0.0888681188 0.567392409 -0.375798166
v -0.0884714723 0.564894438 -0.374820381
v -0.0871914253 0.563859761 -0.372665375
v -0.0857778117 0.564894438 -0.370595545
v -0.0850587115 0.567392409 -0.369823337
v -0.085455358 0.56989038 -0.370801121
v -0.086735405 0.570925057 -0.372956127
v -0.0881490186 0.56989038 -0.375025958
v -0.0957785845 0.568019748 -0.37139222
v -0.0953819379 0.565521777 -0.370414436
v -0.0941018909 0.5644871 -0.36825943
v -0.0926882774 0.565521777 -0.366189599
v -0.0919691771 0.568019748 -0.365417391
v -0.0923658237 0.570517719 -0.366395175
v -0.0936458707 0.571552396 -0.368550181
v -0.0950594842 0.570517719 -0.370620012
v -0.0924046114 0.568019748 -0.371628761
v -0.092552945 0.565533757 -0.370555967
v -0.0934750587 0.564504027 -0.368223041
v -0.0946308002 0.565533757 -0.365996599
v -0.0953431502 0.568019748 -0.36518085
v -0.0951948166 0.570505738 -0.366253644
v -0.0942727029 0.571535468 -0.36858657
v -0.0931169614 0.570505738 -0.370813012
v -0.100091532 0.566966653 -0.375131965
v -0.100239865 0.564480662 -0.37405917
v -0.101161979 0.563450933 -0.371726245
v -0.102317721 0.564480662 -0.369499803
v -0.103030071 0.566966653 -0.368684053
v -0.102881737 0.569452643 -0.369756848
v -0.101959623 0.570482373 -0.372089773
v -0.100803882 0.569452643 -0.374316216
v -0.104813881 0.566966653 -0.373311579
v -0.104071848 0.564518571 -0.372411966
v -0.101858877 0.563504517 -0.371217161
v -0.0994713008 0.564518571 -0.370427012
v -0.0983077213 0.566966653 -0.370504439
v -0.0990497544 0.569414735 -0.371404052
v -0.101262726 0.570428789 -0.372598857
v -0.103650302 0.569414735 -0.373389006
v -0.107725412 0.568563879 -0.366563499
v -0.106983379 0.566115797 -0.365663886
v -0.104770407 0.565101743 -0.364469081
v -0.102382831 0.566115797 -0.363678932
v -0.101219252 0.568563879 -0.363756359
v -0.101961285 0.571011961 -0.364655972
v -0.104174256 0.572026014 -0.365850776
v -0.106561832 0.571011961 -0.366640925
v -0.103185326 0.568563879 -0.368460864
v -0.103378974 0.566066384 -0.367422581
v -0.104213096 0.565031886 -0.365058869
v -0.105199076 0.566066384 -0.362754345
v -0.105759338 0.568563879 -0.361858994
v -0.10556569 0.571061373 -0.362897277
v -0.104731567 0.572095871 -0.365260988
v -0.103745587 0.571061373 -0.367565513
v -0.110744402 0.567924738 -0.371408075
v -0.11093805 0.565427244 -0.370369792
v -0.111772172 0.564392745 -0.36800608
v -0.112758152 0.565427244 -0.365701556
v -0.113318413 0.567924738 -0.364806205
v -0.113124765 0.570422232 -0.365844488
v -0.112290643 0.57145673 -0.3682082
v -0.111304663 0.570422232 -0.370512724
v -0.114301793 0.567924738 -0.370827049
v -0.113959163 0.5654549 -0.369761318
v -0.112487286 0.564431906 -0.367726594
v -0.110748358 0.5654549 -0.365914792
v -0.109761022 0.567924738 -0.365387231
v -0.110103652 0.570394576 -0.366452962
v -0.111575529 0.57141757 -0.368487686
v -0.113314457 0.570394576 -0.370299488
v -0.120915778 0.569389462 -0.365306169
v -0.120573148 0.566919625 -0.364240438
v -0.119101271 0.56589663 -0.362205714
v -0.117362343 0.566919625 -0.360393912
v -0.116375007 0.569389462 -0.359866351
v -0.116717637 0.5718593 -0.360932082
v -0.118189514 0.572882295 -0.362966806
v -0.119928442 0.5718593 -0.364778608
v -0.116989776 0.569389462 -0.365718603
v -0.117094353 0.566921413 -0.364600122
v -0.118107505 0.565899134 -0.362301946
v -0.119435742 0.566921413 -0.360170335
v -0.120301008 0.569389462 -0.359453917
v -0.120196432 0.571857512 -0.360572398
v -0.11918328 0.572879791 -0.362870574
v -0.117855042 0.571857512 -0.365002185
v -0.12487445 0.567834914 -0.3698861
v -0.124979027 0.565366864 -0.368767619
v -0.125992179 0.564344585 -0.366469443
v -0.127320424 0.565366864 -0.364337832
v -0.128185675 0.567834914 -0.363621414
v -0.128081113 0.570302963 -0.364739895
v -0.127067953 0.571325243 -0.367038071
v -0.125739709 0.570302963 -0.369169682
v -0.128956303 0.567834914 -0.369335592
v -0.128623962 0.56538403 -0.368223906
v -0.127065048 0.564368844 -0.366251022
v -0.125192747 0.56538403 -0.364572614
v -0.124103829 0.567834914 -0.364171922
v -0.12443617 0.570285797 -0.365283608
v -0.125995085 0.571300983 -0.367256492
v -0.127867386 0.570285797 -0.3689349
v -0.135417327 0.569712818 -0.363263965
v -0.135084987 0.567261934 -0.362152278
v -0.133526072 0.566246748 -0.360179394
v -0.131653771 0.567261934 -0.358500987
v -0.130564854 0.569712818 -0.358100295
v -0.130897194 0.572163701 -0.359211981
v -0.132456109 0.573178887 -0.361184865
v -0.13432841 0.572163701 -0.362863272
v -0.131382495 0.569712818 -0.363838851
v -0.131495222 0.567240059 -0.362731636
v -0.132484213 0.566215813 -0.360423833
v -0.133770138 0.567240059 -0.358267337
v -0.134599686 0.569712818 -0.357525408
v -0.134486958 0.572185576 -0.358632624
v -0.133497968 0.573209822 -0.360940427
v -0.132212043 0.572185576 -0.363096923
v -0.13924706 0.568276882 -0.367846459
v -0.139359787 0.565804124 -0.366739243
v -0.140348777 0.564779878 -0.364431441
v -0.141634703 0.565804124 -0.362274945
v -0.14246425 0.568276882 -0.361533016
v -0.142351523 0.57074964 -0.362640232
v -0.141362533 0.571773887 -0.364948034
v -0.140076607 0.57074964 -0.36710453
v -0.144164175 0.568276882 -0.365957111
v -0.143412426 0.565846384 -0.365018666
v -0.141162962 0.564839661 -0.363887519
v -0.138733476 0.565846384 -0.363226295
v -0.137547135 0.568276882 -0.363422364
v -0.138298884 0.570707381 -0.364360809
v -0.140548348 0.571714103 -0.365491956
v -0.142977834 0.570707381 -0.366153181
v -0.146910742 0.570195854 -0.358787179
v -0.146158993 0.567765355 -0.357848734
v -0.143909529 0.566758633 -0.356717587
v -0.141480044 0.567765355 -0.356056362
v -0.140293702 0.570195854 -0.356252432
v -0.141045451 0.572626352 -0.357190877
v -0.143294916 0.573633075 -0.358322024
v -0.145724401 0.572626352 -0.358983248
v -0.141843721 0.570195854 -0.360595554
v -0.141926289 0.567740619 -0.35944742
v -0.142990604 0.566723645 -0.357170135
v -0.144413188 0.567740619 -0.355097651
v -0.145360723 0.570195854 -0.354444057
v -0.145278156 0.572651088 -0.355592191
v -0.14421384 0.573668063 -0.357869476
v -0.142791256 0.572651088 -0.359941959
v -0.149876058 0.568318486 -0.365187913
v -0.149958625 0.565863252 -0.364039779
v -0.151022941 0.564846277 -0.361762494
v -0.152445525 0.565863252 -0.359690011
v -0.15339306 0.568318486 -0.359036416
v -0.153310493 0.570773721 -0.36018455
v -0.152246177 0.571790695 -0.362461835
v -0.150823593 0.570773721 -0.364534318
v -0.153715894 0.568318486 -0.364979327
v -0.153347358 0.565831006 -0.363964558
v -0.151975498 0.56480068 -0.361864686
v -0.150403917 0.565831006 -0.359909773
v -0.149553224 0.568318486 -0.359245002
v -0.14992176 0.570805967 -0.360259771
v -0.15129362 0.571836293 -0.362359643
v -0.152865201 0.570805967 -0.364314556
v -0.160461456 0.569316745 -0.360082597
v -0.16009292 0.566829264 -0.359067827
v -0.15872106 0.565798938 -0.356967956
v -0.157149479 0.566829264 -0.355013043
v -0.156298786 0.569316745 -0.354348272
v -0.156667322 0.571804225 -0.355363041
v -0.158039182 0.572834551 -0.357462913
v -0.159610763 0.571804225 -0.359417826
v -0.15682821 0.569316745 -0.360400409
v -0.156950489 0.56683892 -0.35930565
v -0.157910228 0.565812528 -0.356986463
v -0.159145221 0.56683892 -0.354801416
v -0.159932032 0.569316745 -0.35403046
v -0.159809753 0.571794569 -0.355125219
v -0.158850014 0.572820961 -0.357444406
v -0.157615021 0.571794569 -0.359629452
v -0.164682075 0.568013549 -0.364227265
v -0.164804354 0.565535724 -0.363132507
v -0.165764093 0.564509332 -0.36081332
v -0.166999087 0.565535724 -0.358628273
v -0.167785898 0.568013549 -0.357857317
v -0.167663619 0.570491374 -0.358952075
v -0.16670388 0.571517766 -0.361271262
v -0.165468886 0.570491374 -0.363456309
v -0.169458106 0.568013549 -0.362511188
v -0.168708771 0.565552831 -0.36165297
v -0.166509748 0.564533591 -0.360437006
v -0.164149195 0.565552831 -0.359575629
v -0.163009867 0.568013549 -0.359573394
v -0.163759202 0.570474267 -0.360431612
v -0.165958226 0.571493506 -0.361647576
v -0.168318778 0.570474267 -0.362508953
v -0.172375053 0.569358289 -0.356108725
v -0.171625718 0.566897571 -0.355250508
v -0.169426695 0.565878332 -0.354034543
v -0.167066142 0.566897571 -0.353173167
v -0.165926814 0.569358289 -0.353170931
v -0.166676149 0.571819007 -0.354029149
v -0.168875173 0.572838247 -0.355245113
v -0.171235725 0.571819007 -0.35610649
v -0.183095157 0.558043718 -0.37435025
v -0.182761103 0.55559516 -0.373233885
v -0.181188405 0.554580986 -0.371271461
v -0.179298326 0.55559516 -0.369612515
v -0.17819804 0.558043718 -0.36922884
v -0.178532094 0.560492277 -0.370345205
v -0.180104792 0.56150645 -0.372307628
v -0.18199487 0.560492277 -0.373966575
v -0.189517602 0.559967458 -0.368209064
v -0.189183548 0.557518899 -0.367092699
v -0.18761085 0.556504726 -0.365130275
v -0.185720772 0.557518899 -0.363471329
v -0.184620485 0.559967458 -0.363087654
v -0.184954539 0.562416017 -0.364204019
v -0.186527237 0.56343019 -0.366166443
v -0.188417315 0.562416017 -0.367825389
v -0.185166568 0.559967458 -0.368637204
v -0.185223073 0.557533562 -0.367443055
v -0.186360925 0.55652535 -0.365197629
v -0.187913582 0.557533562 -0.363216221
v -0.188971519 0.559967458 -0.362659514
v -0.188915014 0.562401354 -0.363853663
v -0.187777162 0.563409567 -0.366099089
v -0.186224505 0.562401354 -0.368080497
v -0.193491071 0.55756104 -0.373935997
v -0.193547577 0.555127144 -0.372741848
v -0.194685429 0.554118931 -0.370496422
v -0.196238086 0.555127144 -0.368515015
v -0.197296023 0.55756104 -0.367958307
v -0.197239518 0.559994936 -0.369152457
v -0.196101665 0.561003149 -0.371397883
v -0.194549009 0.559994936 -0.37337929
v -0.196705252 0.55756104 -0.374238342
v -0.196172163 0.555060923 -0.373333722
v -0.195182979 0.554025352 -0.371031076
v -0.194317147 0.555060923 -0.368679255
v -0.194081843 0.55756104 -0.367655963
v -0.194614932 0.560061157 -0.368560582
v -0.195604116 0.561096728 -0.370863229
v -0.196469948 0.560061157 -0.37321505
v -0.204017729 0.557056367 -0.371323973
v -0.20348464 0.554556251 -0.370419353
v -0.202495456 0.553520679 -0.368116707
v -0.201629624 0.554556251 -0.365764886
v -0.20139432 0.557056367 -0.364741594
v -0.201927409 0.559556484 -0.365646213
v -0.202916592 0.560592055 -0.36794886
v -0.203782424 0.559556484 -0.37030068
v -0.204699457 0.557056367 -0.370961756
v -0.204315037 0.554562747 -0.369968116
v -0.202988088 0.553529859 -0.367840827
v -0.201495901 0.554562747 -0.365825951
v -0.200712591 0.557056367 -0.365103811
v -0.201097012 0.559549987 -0.36609745
v -0.20242396 0.560582876 -0.36822474
v -0.203916147 0.559549987 -0.370239615
v -0.211522058 0.557854831 -0.366318345
v -0.211137637 0.555361211 -0.365324706
v -0.209810689 0.554328322 -0.363197416
v -0.208318502 0.555361211 -0.361182541
v -0.207535192 0.557854831 -0.360460401
v -0.207919613 0.560348451 -0.36145404
v -0.209246561 0.56138134 -0.36358133
v -0.210738748 0.560348451 -0.365596205
v -0.207915485 0.557854831 -0.3665438
v -0.208018646 0.555384159 -0.365431011
v -0.209006339 0.554360747 -0.363122284
v -0.210299984 0.555384159 -0.36096999
v -0.211141765 0.557854831 -0.360234946
v -0.211038604 0.560325503 -0.361347735
v -0.210050911 0.561348915 -0.363656461
v -0.208757266 0.560325503 -0.365808755
v -0.211928532 0.557098091 -0.368596047
v -0.212031692 0.554627419 -0.367483258
v -0.213019386 0.553604007 -0.365174532
v -0.21431303 0.554627419 -0.363022238
v -0.215154812 0.557098091 -0.362287194
v -0.215051651 0.559568763 -0.363399982
v -0.214063957 0.560592175 -0.365708709
v -0.212770313 0.559568763 -0.367861003
v -0.215304226 0.557098091 -0.368515044
v -0.214875132 0.554594874 -0.367564887
v -0.213664904 0.553557992 -0.365370959
v -0.212382481 0.554594874 -0.363218397
v -0.211779118 0.557098091 -0.362368196
v -0.212208211 0.559601307 -0.363318354
v -0.213418439 0.560638189 -0.365512282
v -0.214700863 0.559601307 -0.367664844
v -0.222299829 0.557421684 -0.364503175
v -0.221870735 0.554918468 -0.363553017
v -0.220660508 0.553881586 -0.36135909
v -0.219378084 0.554918468 -0.359206527
v -0.218774721 0.557421684 -0.358356327
v -0.219203815 0.559924901 -0.359306484
v -0.220414042 0.560961783 -0.361500412
v -0.221696466 0.559924901 -0.363652974
v -0.221800953 0.557421684 -0.364739686
v -0.221256196 0.554923415 -0.363836914
v -0.220290288 0.553888619 -0.361524045
v -0.21946907 0.554923415 -0.359155953
v -0.219273597 0.557421684 -0.358119816
v -0.219818354 0.559919953 -0.359022588
v -0.220784262 0.56095475 -0.361335456
v -0.22160548 0.559919953 -0.363703549
v -0.229138553 0.556833982 -0.361938298
v -0.228593796 0.554335713 -0.361035526
v -0.227627888 0.553300917 -0.358722657
v -0.22680667 0.554335713 -0.356354564
v -0.226611197 0.556833982 -0.355318427
v -0.227155954 0.559332252 -0.356221199
v -0.228121862 0.560367048 -0.358534068
v -0.22894308 0.559332252 -0.36090216
v -0.226693302 0.556833982 -0.361968488
v -0.226904646 0.554332793 -0.360942543
v -0.227684349 0.553296804 -0.35856095
v -0.228575662 0.554332793 -0.356218874
v -0.229056448 0.556833982 -0.355288237
v -0.228845105 0.559335172 -0.356314182
v -0.228065401 0.560371161 -0.358695775
v -0.227174088 0.559335172 -0.36103785
v -0.230517149 0.55660224 -0.363321185
v -0.230728492 0.55410105 -0.36229524
v -0.231508195 0.553065062 -0.359913647
v -0.232399508 0.55410105 -0.357571572
v -0.232880294 0.55660224 -0.356640935
v -0.232668951 0.559103429 -0.35766688
v -0.231889248 0.560139418 -0.360048473
v -0.230997935 0.559103429 -0.362390548
v -0.233246729 0.55660224 -0.363167942
v -0.232769698 0.554097116 -0.362246007
v -0.231665313 0.553059459 -0.359997302
v -0.230580494 0.554097116 -0.357739061
v -0.230150715 0.55660224 -0.356794178
v -0.230627745 0.559107363 -0.357716113
v -0.23173213 0.56014502 -0.359964818
v -0.232816949 0.559107363 -0.362223059
v -0.240390927 0.556518972 -0.3596977
v -0.239913896 0.554013848 -0.358775765
v -0.238809511 0.552976191 -0.35652706
v -0.237724692 0.554013848 -0.354268819
v -0.237294912 0.556518972 -0.353323936
v -0.237771943 0.559024096 -0.354245871
v -0.238876328 0.560061753 -0.356494576
v -0.239961147 0.559024096 -0.358752817
v -0.240049899 0.556518972 -0.359841853
v -0.239491418 0.554023206 -0.358940482
v -0.238553047 0.552989423 -0.356615841
v -0.23778449 0.554023206 -0.354229689
v -0.23763594 0.556518972 -0.353179783
v -0.238194421 0.559014738 -0.354081154
v -0.239132792 0.560048521 -0.356405795
v -0.239901349 0.559014738 -0.358791947
v -0.247424945 0.555833757 -0.357169539
v -0.246866465 0.553337991 -0.356268167
v -0.245928094 0.552304208 -0.353943527
v -0.245159537 0.553337991 -0.351557374
v -0.245010987 0.555833757 -0.350507468
v -0.245569468 0.558329523 -0.351408839
v -0.246507838 0.559363306 -0.35373348
v -0.247276396 0.558329523 -0.356119633
v -0.244900361 0.555833757 -0.357127339
v -0.245070696 0.553339303 -0.356077701
v -0.245913088 0.552306056 -0.353716373
v -0.246934071 0.553339303 -0.351426572
v -0.247535571 0.555833757 -0.350549668
v -0.247365236 0.558328211 -0.351599306
v -0.246522844 0.559361458 -0.353960633
v -0.245501861 0.558328211 -0.356250435
v -0.248794749 0.555443168 -0.35868755
v -0.248965085 0.552948713 -0.357637912
v -0.249807477 0.551915467 -0.355276585
v -0.250828475 0.552948713 -0.352986783
v -0.251429975 0.555443168 -0.352109879
v -0.251259625 0.557937622 -0.353159517
v -0.250417233 0.558970869 -0.355520844
v -0.24939625 0.557937622 -0.357810646
v -0.252250969 0.558267891 -0.355398715
v -0.250708759 0.5581339 -0.357625097
v -0.248817191 0.556423783 -0.3585473
v -0.2476843 0.554139197 -0.357625097
v -0.24797374 0.552618444 -0.355398715
v -0.249515951 0.552752435 -0.353172332
v -0.251407534 0.554462552 -0.352250129
v -0.25254041 0.556747139 -0.353172332
v -0.262389272 0.550592065 -0.361959666
v -0.260847062 0.550458074 -0.364186049
v -0.258955479 0.548747957 -0.365108252
v -0.257822603 0.54646337 -0.364186049
v -0.258112043 0.544942617 -0.361959666
v -0.259654254 0.545076609 -0.359733284
v -0.261545837 0.546786726 -0.35881108
v -0.262678713 0.549071312 -0.359733284
v -0.261000007 0.551230133 -0.361959666
v -0.26119256 0.550126731 -0.364429206
v -0.260833383 0.547641218 -0.365452111
v -0.260132819 0.545229614 -0.364429206
v -0.259501308 0.54430455 -0.361959666
v -0.259308755 0.545407951 -0.359490126
v -0.259667933 0.547893465 -0.358467221
v -0.260368496 0.550305068 -0.359490126
v -0.268797845 0.549542665 -0.36059767
v -0.268990397 0.548439264 -0.36306721
v -0.26863122 0.545953751 -0.364090115
v -0.267930657 0.543542147 -0.36306721
v -0.267299145 0.542617083 -0.36059767
v -0.267106593 0.543720484 -0.35812813
v -0.26746577 0.546205997 -0.357105225
v -0.268166333 0.548617601 -0.35812813
v -0.2692191 0.546079874 -0.363941669
v -0.268651843 0.543585956 -0.363040775
v -0.26773113 0.542552888 -0.360708773
v -0.266996354 0.543585956 -0.358311653
v -0.26687789 0.546079874 -0.357253671
v -0.267445147 0.548573792 -0.358154565
v -0.26836586 0.54960686 -0.360486567
v -0.269100636 0.548573792 -0.362883687
v -0.276646852 0.54532963 -0.361341506
v -0.276079595 0.542835712 -0.360440612
v -0.275158882 0.541802645 -0.35810861
v -0.274424106 0.542835712 -0.35571149
v -0.274305642 0.54532963 -0.354653507
v -0.274872899 0.547823548 -0.355554402
v -0.275793612 0.548856616 -0.357886404
v -0.276528388 0.547823548 -0.360283524
v -0.273608357 0.54532963 -0.361008078
v -0.273655713 0.542894423 -0.359816253
v -0.274769485 0.541885674 -0.357558995
v -0.276297271 0.542894423 -0.355558634
v -0.277344137 0.54532963 -0.354986936
v -0.277296782 0.547764838 -0.356178761
v -0.276183009 0.548773587 -0.358436018
v -0.274655223 0.547764838 -0.36043638
v -0.277859062 0.544121504 -0.363645375
v -0.277906418 0.541686296 -0.36245355
v -0.27902019 0.540677547 -0.360196292
v -0.280547976 0.541686296 -0.358195931
v -0.281594843 0.544121504 -0.357624233
v -0.281547487 0.546556711 -0.358816057
v -0.280433714 0.54756546 -0.361073315
v -0.278905928 0.546556711 -0.363073677
v -0.281209141 0.544121504 -0.363852829
v -0.280716449 0.541617095 -0.362937272
v -0.279644132 0.540579736 -0.360672951
v -0.278620332 0.541617095 -0.358386278
v -0.278244764 0.544121504 -0.357416779
v -0.278737456 0.546625912 -0.358332336
v -0.279809773 0.547663271 -0.360596657
v -0.280833572 0.546625912 -0.362883329
v -0.288421631 0.54391706 -0.360530853
v -0.287928939 0.541412652 -0.359615296
v -0.286856622 0.540375292 -0.357350975
v -0.285832822 0.541412652 -0.355064303
v -0.285457253 0.54391706 -0.354094803
v -0.285949945 0.546421468 -0.35501036
v -0.287022263 0.547458827 -0.357274681
v -0.288046062 0.546421468 -0.359561354
v -0.288297445 0.54391706 -0.360585183
v -0.287775248 0.541415453 -0.359678388
v -0.28676343 0.540379226 -0.357385874
v -0.285854727 0.541415453 -0.355050564
v -0.28558144 0.54391706 -0.354040474
v -0.286103636 0.546418667 -0.354947269
v -0.287115455 0.547454894 -0.357239783
v -0.288024157 0.546418667 -0.359575093
v -0.295597017 0.543491364 -0.357555896
v -0.295074821 0.540989757 -0.356649101
v -0.294063002 0.53995353 -0.354356587
v -0.293154299 0.540989757 -0.352021277
v -0.292881012 0.543491364 -0.351011187
v -0.293403208 0.54599297 -0.351917982
v -0.294415027 0.547029197 -0.354210496
v -0.29532373 0.54599297 -0.356545806
v -0.291897774 0.543491364 -0.356942683
v -0.291920155 0.541147172 -0.355579823
v -0.293300927 0.540176213 -0.3534576
v -0.295231193 0.541147172 -0.351819187
v -0.296580255 0.543491364 -0.351624399
v -0.296557873 0.545835555 -0.35298726
v -0.295177102 0.546806514 -0.355109483
v -0.293246835 0.545835555 -0.356747895
v -0.296649128 0.541104615 -0.361126006
v -0.29667151 0.538760424 -0.359763145
v -0.298052281 0.537789464 -0.357640922
v -0.299982548 0.538760424 -0.35600251
v -0.301331609 0.541104615 -0.355807722
v -0.301309228 0.543448806 -0.357170582
v -0.299928457 0.544419765 -0.359292805
v -0.29799819 0.543448806 -0.360931218
v -0.30101952 0.541104615 -0.361371189
v -0.300639451 0.538613021 -0.360370815
v -0.299293369 0.537580967 -0.358255148
v -0.297769785 0.538613021 -0.356263489
v -0.296961218 0.541104615 -0.355562538
v -0.297341287 0.543596208 -0.356562912
v -0.298687369 0.544628263 -0.358678579
v -0.300210953 0.543596208 -0.360670239
v -0.307792157 0.541971326 -0.356639355
v -0.307412088 0.539479733 -0.355638981
v -0.306066006 0.538447678 -0.353523314
v -0.304542422 0.539479733 -0.351531655
v -0.303733855 0.541971326 -0.350830704
v -0.304113925 0.544462919 -0.351831079
v -0.305460006 0.545494974 -0.353946745
v -0.30698359 0.544462919 -0.355938405
v -0.306968629 0.541971326 -0.357066542
v -0.306409746 0.53947562 -0.35616523
v -0.305472016 0.538441896 -0.353840321
v -0.304704756 0.53947562 -0.351453751
v -0.304557383 0.541971326 -0.350403517
v -0.305116266 0.544467032 -0.351304829
v -0.306053996 0.545500755 -0.353629738
v -0.306821257 0.544467032 -0.356016308
v -0.31437993 0.54128027 -0.354384542
v -0.313821048 0.538784564 -0.35348323
v -0.312883317 0.53775084 -0.351158321
v -0.312116057 0.538784564 -0.348771751
v -0.311968684 0.54128027 -0.347721517
v -0.312527567 0.543775976 -0.348622829
v -0.313465297 0.544809699 -0.350947738
v -0.314232558 0.543775976 -0.353334308
v -0.325474888 0.53334564 -0.369104683
v -0.327908486 0.532171905 -0.369335294
v -0.32891652 0.529720008 -0.368765026
v -0.327908486 0.527426183 -0.367727995
v -0.325474888 0.526634157 -0.36683166
v -0.32304129 0.527807891 -0.36660105
v -0.322033256 0.530259788 -0.367171317
v -0.32304129 0.532553613 -0.368208349
v -0.327636153 0.536181688 -0.360730857
v -0.330069751 0.535007954 -0.360961467
v -0.331077784 0.532556057 -0.3603912
v -0.330069751 0.530262232 -0.359354168
v -0.327636153 0.529470205 -0.358457834
v -0.325202554 0.53064394 -0.358227223
v -0.324194521 0.533095837 -0.358797491
v -0.325202554 0.535389662 -0.359834522
v -0.325551093 0.532825947 -0.362458795
v -0.325568736 0.530430496 -0.361188143
v -0.326797456 0.529438257 -0.358983845
v -0.328517467 0.530430496 -0.357137203
v -0.329721212 0.532825947 -0.356729895
v -0.329703569 0.535221398 -0.358000547
v -0.328474849 0.536213636 -0.360204846
v -0.326754838 0.535221398 -0.362051487
v -0.334604383 0.52939707 -0.369048774
v -0.334622025 0.527001619 -0.367778122
v -0.335850745 0.526009381 -0.365573823
v -0.337570757 0.527001619 -0.363727182
v -0.338774502 0.52939707 -0.363319874
v -0.338756859 0.531792521 -0.364590526
v -0.337528139 0.53278476 -0.366794825
v -0.335808128 0.531792521 -0.368641466
v -0.338606477 0.52939707 -0.369163841
v -0.338206053 0.526899159 -0.368187517
v -0.336917222 0.525864482 -0.366037756
v -0.335494965 0.526899159 -0.363973856
v -0.334772408 0.52939707 -0.363204807
v -0.335172832 0.531894982 -0.364181131
v -0.336461663 0.532929659 -0.366330892
v -0.337883919 0.531894982 -0.368394792
v -0.345494419 0.530025065 -0.364732087
v -0.345093995 0.527527153 -0.363755763
v -0.343805164 0.526492476 -0.361606002
v -0.342382908 0.527527153 -0.359542102
v -0.341660351 0.530025065 -0.358773053
v -0.342060775 0.532522976 -0.359749377
v -0.343349606 0.533557653 -0.361899137
v -0.344771862 0.532522976 -0.363963038
v -0.341286093 0.530025065 -0.364454895
v -0.341299862 0.527672708 -0.363106042
v -0.342647761 0.526698351 -0.360964358
v -0.344540209 0.527672708 -0.359284371
v -0.345868677 0.530025065 -0.359050244
v -0.345854908 0.532377422 -0.360399097
v -0.344507009 0.533351779 -0.362540781
v -0.342614561 0.532377422 -0.364220768
v -0.350892931 0.525410533 -0.372600436
v -0.3509067 0.523058176 -0.371251583
v -0.352254599 0.522083819 -0.369109899
v -0.354147047 0.523058176 -0.367429912
v -0.355475515 0.525410533 -0.367195785
v -0.355461746 0.52776289 -0.368544638
v -0.354113847 0.528737247 -0.370686322
v -0.3522214 0.52776289 -0.372366309
v -0.356559157 0.525410533 -0.370976239
v -0.355773836 0.522995889 -0.370024443
v -0.353471547 0.521995723 -0.368998677
v -0.351000935 0.522995889 -0.368499756
v -0.349809289 0.525410533 -0.368819982
v -0.35059461 0.527825177 -0.369771779
v -0.352896899 0.528825343 -0.370797545
v -0.355367512 0.527825177 -0.371296465
v -0.358962119 0.52759403 -0.363454014
v -0.358176798 0.525179386 -0.362502217
v -0.355874509 0.52417922 -0.361476451
v -0.353403896 0.525179386 -0.36097753
v -0.35221225 0.52759403 -0.361297756
v -0.352997571 0.530008674 -0.362249553
v -0.35529986 0.53100884 -0.363275319
v -0.357770473 0.530008674 -0.36377424
v -0.353828549 0.52759403 -0.365451574
v -0.353882521 0.52514571 -0.364287049
v -0.35493505 0.524131596 -0.362002999
v -0.356369585 0.52514571 -0.3599374
v -0.357345819 0.52759403 -0.359300196
v -0.357291847 0.53004235 -0.360464722
v -0.356239319 0.531056464 -0.362748772
v -0.354804784 0.53004235 -0.364814371
v -0.362396151 0.525452793 -0.370350391
v -0.362450123 0.523004472 -0.369185865
v -0.363502651 0.521990359 -0.366901815
v -0.364937186 0.523004472 -0.364836216
v -0.365913421 0.525452793 -0.364199013
v -0.365859449 0.527901113 -0.365363538
v -0.36480692 0.528915226 -0.367647588
v -0.363372386 0.527901113 -0.369713187
v -0.36653465 0.525452793 -0.369899362
v -0.366192192 0.522993684 -0.368809074
v -0.36465627 0.5219751 -0.366820008
v -0.362826556 0.522993684 -0.365097284
v -0.361774921 0.525452793 -0.364650041
v -0.36211738 0.527911901 -0.365740329
v -0.363653302 0.528930485 -0.367729396
v -0.365483016 0.527911901 -0.369452119
v -0.372957885 0.527140498 -0.364075184
v -0.372615427 0.524681389 -0.362984896
v -0.371079504 0.523662806 -0.360995829
v -0.369249791 0.524681389 -0.359273106
v -0.368198156 0.527140498 -0.358825862
v -0.368540615 0.529599607 -0.359916151
v -0.370076537 0.530618191 -0.361905217
v -0.371906251 0.529599607 -0.36362794
v -0.368390918 0.527140498 -0.364237845
v -0.368400246 0.52476722 -0.362926126
v -0.369685292 0.523784161 -0.36075002
v -0.37149328 0.52476722 -0.358984262
v -0.372765124 0.527140498 -0.358663201
v -0.372755796 0.529513776 -0.359974921
v -0.371470749 0.530496836 -0.362151027
v -0.369662762 0.529513776 -0.363916785
v -0.377831727 0.523083329 -0.371645689
v -0.377841055 0.520710051 -0.37033397
v -0.379126102 0.519726992 -0.368157864
v -0.380934089 0.520710051 -0.366392106
v -0.382205933 0.523083329 -0.366071045
v -0.382196605 0.525456607 -0.367382765
v -0.380911559 0.526439667 -0.369558871
v -0.379103571 0.525456607 -0.371324629
v -0.379302293 0.523083329 -0.372328103
v -0.379647225 0.520581901 -0.371339738
v -0.380209833 0.519545734 -0.368897825
v -0.380660564 0.520581901 -0.366432786
v -0.380735368 0.523083329 -0.365388632
v -0.380390435 0.525584757 -0.366376996
v -0.379827827 0.526620924 -0.368818909
v -0.379377097 0.525584757 -0.371283948
v -0.386788666 0.523504794 -0.373874098
v -0.387133598 0.521003366 -0.372885734
v -0.387696207 0.519967198 -0.370443821
v -0.388146937 0.521003366 -0.367978781
v -0.388221741 0.523504794 -0.366934627
v -0.387876809 0.526006222 -0.367922992
v -0.3873142 0.527042389 -0.370364904
v -0.38686347 0.526006222 -0.372829944
v -0.385850161 0.523504794 -0.373537004
v -0.385922641 0.521043301 -0.372401655
v -0.386922151 0.520023763 -0.370096326
v -0.388263226 0.521043301 -0.36797145
v -0.389160246 0.523504794 -0.367271721
v -0.389087766 0.525966287 -0.368407071
v -0.388088256 0.526985824 -0.370712399
v -0.386747181 0.525966287 -0.372837275
v -0.394348294 0.52168411 -0.378026754
v -0.394420773 0.519222617 -0.376891404
v -0.395420283 0.51820308 -0.374586076
v -0.396761358 0.519222617 -0.3724612
v -0.397658378 0.52168411 -0.371761471
v -0.397585899 0.524145603 -0.37289682
v -0.396586388 0.525165141 -0.375202149
v -0.395245314 0.524145603 -0.377327025
v -0.395152509 0.525123417 -0.374894112
v -0.395450771 0.524128199 -0.377398849
v -0.396072716 0.521701276 -0.378436357
v -0.39665401 0.519264281 -0.377398849
v -0.396854162 0.518244803 -0.374894112
v -0.396555901 0.519240022 -0.372389376
v -0.395933956 0.521666944 -0.371351868
v -0.395352662 0.52410394 -0.372389376
v -0.402078718 0.526836872 -0.374750167
v -0.40237698 0.525841653 -0.377254903
v -0.402998924 0.523414731 -0.378292412
v -0.403580219 0.520977736 -0.377254903
v -0.403780371 0.519958258 -0.374750167
v -0.403482109 0.520953476 -0.372245431
v -0.402860165 0.523380399 -0.371207923
v -0.40227887 0.525817394 -0.372245431
v -0.402193785 0.523397565 -0.378215879
v -0.402532429 0.520895481 -0.377226949
v -0.403103679 0.519859076 -0.374787152
v -0.403572947 0.520895481 -0.372325659
v -0.403665304 0.523397565 -0.371284455
v -0.40332666 0.525899649 -0.372273386
v -0.402755409 0.526936054 -0.374713182
v -0.402286142 0.525899649 -0.377174675
v -0.409721822 0.523784757 -0.379814029
v -0.410060465 0.521282673 -0.378825098
v -0.410631716 0.520246267 -0.376385301
v -0.411100984 0.521282673 -0.373923808
v -0.411193341 0.523784757 -0.372882605
v -0.410854697 0.52628684 -0.373871535
v -0.410283446 0.527323246 -0.376311332
v -0.409814179 0.52628684 -0.378772825
v -0.40896681 0.523784757 -0.379562378
v -0.409076959 0.521305501 -0.378469557
v -0.409995854 0.520278573 -0.376134157
v -0.411185205 0.521305501 -0.373924196
v -0.411948353 0.523784757 -0.373134255
v -0.411838204 0.526264012 -0.374227077
v -0.410919309 0.52729094 -0.376562476
v -0.409729958 0.526264012 -0.378772438
v -0.417289436 0.52245295 -0.383422643
v -0.417399585 0.519973695 -0.382329822
v -0.41831848 0.518946767 -0.379994422
v -0.419507831 0.519973695 -0.377784461
v -0.420270979 0.52245295 -0.37699452
v -0.42016083 0.524932206 -0.378087342
v -0.419241935 0.525959134 -0.380422741
v -0.418052584 0.524932206 -0.382632703
v -0.415942103 0.52245295 -0.382329345
v -0.417074889 0.519998848 -0.382111698
v -0.419206619 0.518982351 -0.380779237
v -0.421088576 0.519998848 -0.379112482
v -0.421618313 0.52245295 -0.378087819
v -0.420485526 0.524907053 -0.378305465
v -0.418353796 0.52592355 -0.379637927
v -0.416471839 0.524907053 -0.381304681
v -0.419748634 0.523758233 -0.387423426
v -0.42088142 0.521304131 -0.38720578
v -0.423013151 0.520287633 -0.385873318
v -0.424895108 0.521304131 -0.384206563
v -0.425424844 0.523758233 -0.3831819
v -0.424292058 0.526212335 -0.383399546
v -0.422160327 0.527228832 -0.384732008
v -0.42027837 0.526212335 -0.386398762
v -0.453135639 0.456369072 -0.482741863
v -0.455640167 0.457366377 -0.482448876
v -0.456677586 0.459733725 -0.481628805
v -0.455640167 0.462084413 -0.480762064
v -0.453135639 0.463041395 -0.480356365
v -0.450631112 0.46204409 -0.480649352
v -0.449593693 0.459676743 -0.481469423
v -0.450631112 0.457326055 -0.482336164
v -0.452930778 0.459255248 -0.490814626
v -0.455435306 0.460252553 -0.49052164
v -0.456472725 0.462619901 -0.489701569
v -0.455435306 0.464970589 -0.488834828
v -0.452930778 0.465927571 -0.488429129
v -0.450426251 0.464930266 -0.488722116
v -0.449388832 0.462562919 -0.489542186
v -0.450426251 0.460212231 -0.490408927
v -0.452930778 0.45912376 -0.488895267
v -0.455404133 0.460221142 -0.488718063
v -0.456428617 0.462706983 -0.489070266
v -0.455404133 0.465125144 -0.489745617
v -0.452930778 0.466059059 -0.490348488
v -0.450457424 0.464961678 -0.490525693
v -0.449432939 0.462475836 -0.490173489
v -0.450457424 0.460057676 -0.489498138
v -0.455656886 0.455653876 -0.505455196
v -0.45813024 0.456751257 -0.505277932
v -0.459154725 0.459237099 -0.505630195
v -0.45813024 0.461655259 -0.506305516
v -0.455656886 0.462589175 -0.506908357
v -0.453183532 0.461491793 -0.507085621
v -0.452159047 0.459005952 -0.506733358
v -0.453183532 0.456587791 -0.506058037
v -0.455656886 0.458025813 -0.509551048
v -0.458063364 0.459009141 -0.508779645
v -0.459060162 0.460058272 -0.506486416
v -0.458063364 0.460558683 -0.50401473
v -0.455656886 0.460217237 -0.502812505
v -0.453250408 0.45923391 -0.503583908
v -0.45225361 0.458184779 -0.505877137
v -0.453250408 0.457684368 -0.508348823
v -0.453459322 0.465246052 -0.511899114
v -0.4558658 0.466229379 -0.51112771
v -0.456862599 0.46727851 -0.508834481
v -0.4558658 0.467778921 -0.506362796
v -0.453459322 0.467437476 -0.50516057
v -0.451052845 0.466454148 -0.505931973
v -0.450056046 0.465405017 -0.508225203
v -0.451052845 0.464904606 -0.510696888
v -0.453459322 0.462836832 -0.508012116
v -0.455939919 0.463812172 -0.50851059
v -0.456967413 0.466269314 -0.509020329
v -0.455939919 0.468768895 -0.509242773
v -0.453459322 0.469846696 -0.509047568
v -0.450978726 0.468871355 -0.508549094
v -0.449951231 0.466414213 -0.508039355
v -0.450978726 0.463914633 -0.507816911
v -0.451517284 0.460828871 -0.521605611
v -0.45399788 0.461804211 -0.522104084
v -0.455025375 0.464261353 -0.522613823
v -0.45399788 0.466760933 -0.522836268
v -0.451517284 0.467838734 -0.522641063
v -0.449036688 0.466863394 -0.522142589
v -0.448009193 0.464406252 -0.52163285
v -0.449036688 0.461906672 -0.521410406
v -0.444792897 0.460571915 -0.55378449
v -0.445545048 0.45811519 -0.554651558
v -0.447756201 0.45709756 -0.555846751
v -0.450131088 0.45811519 -0.556669831
v -0.451278538 0.460571915 -0.556638718
v -0.450526386 0.46302864 -0.555771649
v -0.448315233 0.46404627 -0.554576457
v -0.445940346 0.46302864 -0.553753376
v -0.441038698 0.462433368 -0.562314928
v -0.441790849 0.459976643 -0.563181996
v -0.444002002 0.458959013 -0.564377189
v -0.44637689 0.459976643 -0.565200269
v -0.447524339 0.462433368 -0.565169156
v -0.446772188 0.464890093 -0.564302087
v -0.444561034 0.465907723 -0.563106894
v -0.442186147 0.464890093 -0.562283814
v -0.446984619 0.446242332 -0.589509249
v -0.449460834 0.447268605 -0.58909899
v -0.450486511 0.449237943 -0.587542474
v -0.449460834 0.450996816 -0.585751534
v -0.446984619 0.45151484 -0.584775209
v -0.444508404 0.450488567 -0.585185468
v -0.443482727 0.44851923 -0.586741984
v -0.444508404 0.446760356 -0.588532925
v -0.445842057 0.45121181 -0.595043957
v -0.448318273 0.452238083 -0.594633698
v -0.44934395 0.45420742 -0.593077183
v -0.448318273 0.455966294 -0.591286242
v -0.445842057 0.456484318 -0.590309918
v -0.443365842 0.455458045 -0.590720177
v -0.442340165 0.453488708 -0.592276692
v -0.443365842 0.451729834 -0.594067633
v -0.445842057 0.450398833 -0.591867447
v -0.44834131 0.451369464 -0.592273414
v -0.449376523 0.453792006 -0.592915773
v -0.44834131 0.456247419 -0.593418241
v -0.445842057 0.457297295 -0.593486428
v -0.443342805 0.456326663 -0.593080461
v -0.442307591 0.453904122 -0.592438102
v -0.443342805 0.451448709 -0.591935635
v -0.444666982 0.446530312 -0.608350694
v -0.447166234 0.447500944 -0.608756661
v -0.448201448 0.449923486 -0.609399021
v -0.447166234 0.452378899 -0.609901488
v -0.444666982 0.453428775 -0.609969676
v -0.442167729 0.452458143 -0.609563708
v -0.441132516 0.450035602 -0.608921349
v -0.442167729 0.447580189 -0.608418882
v -0.444666982 0.446503878 -0.608472943
v -0.447159946 0.447473794 -0.608917475
v -0.448192537 0.449911535 -0.609504163
v -0.447159946 0.452389121 -0.609889328
v -0.444666982 0.45345521 -0.609847426
v -0.442174017 0.452485293 -0.609402895
v -0.441141427 0.450047553 -0.608816206
v -0.442174017 0.447569966 -0.608431041
v -0.44310227 0.443452001 -0.623907685
v -0.445595235 0.444421917 -0.624352217
v -0.446627825 0.446859658 -0.624938905
v -0.445595235 0.449337244 -0.62532407
v -0.44310227 0.450403333 -0.625282168
v -0.440609306 0.449433416 -0.624837637
v -0.439576715 0.446995676 -0.624250948
v -0.440609306 0.444518089 -0.623865783
v -0.439770758 0.445721984 -0.624594927
v -0.440476269 0.446821958 -0.626970947
v -0.442720056 0.447983831 -0.627955139
v -0.445187718 0.448527038 -0.626970947
v -0.446433783 0.448133349 -0.624594927
v -0.445728272 0.447033376 -0.622218907
v -0.443484485 0.445871502 -0.621234715
v -0.441016823 0.445328295 -0.622218907
v -0.43536368 0.4578996 -0.62026602
v -0.436069191 0.458999574 -0.62264204
v -0.438312978 0.460161448 -0.623626232
v -0.44078064 0.460704654 -0.62264204
v -0.442026705 0.460310966 -0.62026602
v -0.441321194 0.459210992 -0.61789
v -0.439077407 0.458049119 -0.616905808
v -0.436609745 0.457505912 -0.61789
v -0.438695192 0.455857158 -0.618851006
v -0.441193819 0.456735849 -0.619432271
v -0.442228794 0.459002495 -0.620501935
v -0.441193819 0.461329371 -0.621433437
v -0.438695192 0.462353408 -0.621681035
v -0.436196566 0.461474717 -0.62109977
v -0.435161591 0.459208071 -0.620030105
v -0.436196566 0.456881195 -0.619098604
v -0.437687695 0.450331956 -0.631533921
v -0.440186322 0.451210648 -0.632115185
v -0.441221297 0.453477293 -0.63318485
v -0.440186322 0.455804169 -0.634116352
v -0.437687695 0.456828207 -0.634363949
v -0.435189068 0.455949515 -0.633782685
v -0.434154093 0.45368287 -0.63271302
v -0.435189068 0.451355994 -0.631781518
v -0.437687695 0.450943828 -0.635315955
v -0.44016391 0.451970071 -0.634905696
v -0.441189587 0.453939438 -0.63334918
v -0.44016391 0.455698311 -0.631558239
v -0.437687695 0.456216335 -0.630581915
v -0.43521148 0.455190092 -0.630992174
v -0.434185803 0.453220725 -0.63254869
v -0.43521148 0.451461852 -0.634339631
v -0.436538011 0.455944389 -0.640885293
v -0.439014226 0.456970632 -0.640475035
v -0.440039903 0.458939999 -0.638918519
v -0.439014226 0.460698873 -0.637127578
v -0.436538011 0.461216897 -0.636151254
v -0.434061795 0.460190654 -0.636561513
v -0.433036119 0.458221287 -0.638118029
v -0.434061795 0.456462413 -0.639908969
v -0.435065448 0.446736932 -0.664883137
v -0.436209023 0.446551114 -0.667334855
v -0.438665569 0.44708693 -0.668350399
v -0.44099614 0.448030502 -0.667334855
v -0.441835463 0.448829114 -0.664883137
v -0.440691888 0.449014932 -0.662431419
v -0.438235343 0.448479116 -0.661415875
v -0.435904771 0.447535545 -0.662431419
v -0.432650626 0.454550862 -0.666601717
v -0.4337942 0.454365045 -0.669053435
v -0.436250746 0.454900861 -0.670068979
v -0.438581318 0.455844432 -0.669053435
v -0.43942064 0.456643045 -0.666601717
v -0.438277066 0.456828862 -0.66415
v -0.43582052 0.456293046 -0.663134456
v -0.433489949 0.455349475 -0.66415
v -0.436035633 0.4529607 -0.668968737
v -0.438511848 0.453986943 -0.668558478
v -0.439537525 0.45595631 -0.667001963
v -0.438511848 0.457715183 -0.665211022
v -0.436035633 0.458233207 -0.664234698
v -0.433559418 0.457206964 -0.664644957
v -0.432533741 0.455237597 -0.666201472
v -0.433559418 0.453478724 -0.667992413
v -0.434880197 0.457986295 -0.674565971
v -0.437356412 0.459012538 -0.674155712
v -0.438382089 0.460981905 -0.672599196
v -0.437356412 0.462740779 -0.670808256
v -0.434880197 0.463258803 -0.669831932
v -0.432403982 0.46223256 -0.67024219
v -0.431378305 0.460263193 -0.671798706
v -0.432403982 0.458504319 -0.673589647
v -0.437183857 0.446278691 -0.702493072
v -0.439660072 0.447304934 -0.702082813
v -0.440685749 0.449274302 -0.700526297
v -0.439660072 0.451033175 -0.698735356
v -0.437183857 0.451551199 -0.697759032
v -0.434707642 0.450524956 -0.698169291
v -0.433681965 0.448555589 -0.699725807
v -0.434707642 0.446796715 -0.701516747
v -0.436602354 0.448807955 -0.705310047
v -0.439078569 0.449834198 -0.704899788
v -0.440104246 0.451803565 -0.703343272
v -0.439078569 0.453562438 -0.701552331
v -0.436602354 0.454080462 -0.700576007
v -0.434126139 0.453054219 -0.700986266
v -0.433100462 0.451084852 -0.702542782
v -0.434126139 0.449325979 -0.704333723
v -0.436602354 0.448807955 -0.705310047
v -0.439078569 0.449834198 -0.704899788
v -0.440104246 0.451803565 -0.703343272
v -0.439078569 0.453562438 -0.701552331
v -0.436602354 0.454080462 -0.700576007
v -0.434126139 0.453054219 -0.700986266
v -0.433100462 0.451084852 -0.702542782
v -0.434126139 0.449325979 -0.704333723
v -0.435439318 0.453866452 -0.710943937
v -0.437915534 0.454892695 -0.710533679
v -0.438941211 0.456862062 -0.708977163
v -0.437915534 0.458620936 -0.707186222
v -0.435439318 0.45913896 -0.706209898
v -0.432963103 0.458112717 -0.706620157
v -0.431937426 0.456143349 -0.708176672
v -0.432963103 0.454384476 -0.709967613
v -0.435439318 0.454075843 -0.711158156
v -0.43790555 0.455107599 -0.710703909
v -0.438927084 0.456956565 -0.709003627
v -0.43790555 0.458539695 -0.707053423
v -0.435439318 0.458929569 -0.705995679
v -0.432973087 0.457897812 -0.706449926
v -0.431951553 0.456048846 -0.708150208
v -0.432973087 0.454465717 -0.710100412
v -0.434107929 0.459506482 -0.71626395
v -0.436574161 0.460538238 -0.715809703
v -0.437595695 0.462387204 -0.714109421
v -0.436574161 0.463970333 -0.712159216
v -0.434107929 0.464360207 -0.711101472
v -0.431641698 0.463328451 -0.711555719
v -0.430620164 0.461479485 -0.713256001
v -0.431641698 0.459896356 -0.715206206
v -0.43221131 0.451683134 -0.740275204
v -0.433225393 0.449183166 -0.740001559
v -0.435708731 0.448147655 -0.739664137
v -0.438206613 0.449183166 -0.739460528
v -0.439255804 0.451683134 -0.739510119
v -0.43824172 0.454183102 -0.739783764
v -0.435758382 0.455218613 -0.740121186
v -0.4332605 0.454183102 -0.740324795
v -0.433761597 0.450749576 -0.75454849
v -0.43477568 0.448249608 -0.754274845
v -0.437259018 0.447214097 -0.753937423
v -0.4397569 0.448249608 -0.753733814
v -0.440806091 0.450749576 -0.753783405
v -0.439792007 0.453249544 -0.75405705
v -0.437308669 0.454285055 -0.754394472
v -0.434810787 0.453249544 -0.754598081
v -0.437283844 0.448113322 -0.756532967
v -0.439760059 0.449139565 -0.756122708
v -0.440785736 0.451108932 -0.754566193
v -0.439760059 0.452867806 -0.752775252
v -0.437283844 0.45338583 -0.751798928
v -0.434807628 0.452359587 -0.752209187
v -0.433781952 0.45039022 -0.753765702
v -0.434807628 0.448631346 -0.755556643
v -0.436111182 0.453213811 -0.762213647
v -0.438587397 0.454240054 -0.761803389
v -0.439613074 0.456209421 -0.760246873
v -0.438587397 0.457968295 -0.758455932
v -0.436111182 0.458486319 -0.757479608
v -0.433634967 0.457460076 -0.757889867
v -0.43260929 0.455490708 -0.759446383
v -0.433634967 0.453731835 -0.761237323
v -0.436111182 0.453213811 -0.762213647
v -0.438587397 0.454240054 -0.761803389
v -0.439613074 0.456209421 -0.760246873
v -0.438587397 0.457968295 -0.758455932
v -0.436111182 0.458486319 -0.757479608
v -0.433634967 0.457460076 -0.757889867
v -0.43260929 0.455490708 -0.759446383
v -0.433634967 0.453731835 -0.761237323
v -0.43493852 0.4583143 -0.767894328
v -0.437414736 0.459340543 -0.767484069
v -0.438440412 0.46130991 -0.765927553
v -0.437414736 0.463068783 -0.764136612
v -0.43493852 0.463586807 -0.763160288
v -0.432462305 0.462560564 -0.763570547
v -0.431436628 0.460591197 -0.765127063
v -0.432462305 0.458832324 -0.766918004
v -0.431421578 0.460950553 -0.765955806
v -0.432420015 0.45845902 -0.765570462
v -0.434893757 0.457426995 -0.765159845
v -0.437393725 0.45845902 -0.764964461
v -0.438455462 0.460950553 -0.76509881
v -0.437457025 0.463442087 -0.765484154
v -0.434983283 0.464474112 -0.765894771
v -0.432483315 0.463442087 -0.766090155
v -0.433299124 0.459319562 -0.78136605
v -0.434297562 0.456828028 -0.780980706
v -0.436771303 0.455796003 -0.78057009
v -0.439271271 0.456828028 -0.780374706
v -0.440333009 0.459319562 -0.780509055
v -0.439334571 0.461811095 -0.780894399
v -0.43686083 0.46284312 -0.781305015
v -0.434360862 0.461811095 -0.781500399
v -0.436816067 0.456683308 -0.783304572
v -0.439292282 0.457709551 -0.782894313
v -0.440317959 0.459678918 -0.781337798
v -0.439292282 0.461437792 -0.779546857
v -0.436816067 0.461955816 -0.778570533
v -0.434339851 0.460929573 -0.778980792
v -0.433314174 0.458960205 -0.780537307
v -0.434339851 0.457201332 -0.782328248
v -0.435640156 0.461797982 -0.789001048
v -0.438116372 0.462824225 -0.788590789
v -0.439142048 0.464793593 -0.787034273
v -0.438116372 0.466552466 -0.785243332
v -0.435640156 0.46707049 -0.784267008
v -0.433163941 0.466044247 -0.784677267
v -0.432138264 0.46407488 -0.786233783
v -0.433163941 0.462316006 -0.788024724
v -0.435640156 0.461893529 -0.789103329
v -0.438024491 0.462101817 -0.787828684
v -0.43901214 0.463676393 -0.78585428
v -0.438024491 0.465694934 -0.784336627
v -0.435640156 0.466974944 -0.784164727
v -0.433255821 0.466766655 -0.785439372
v -0.432268173 0.46519208 -0.787413776
v -0.433255821 0.463173538 -0.788931429
v -0.438322663 0.467691243 -0.7950688
v -0.440706998 0.467899531 -0.793794155
v -0.441694647 0.469474107 -0.791819751
v -0.440706998 0.471492648 -0.790302098
v -0.438322663 0.472772658 -0.790130198
v -0.435938329 0.472564369 -0.791404843
v -0.43495068 0.470989794 -0.793379247
v -0.435938329 0.468971252 -0.794896901
v -0.438322663 0.467595696 -0.794966519
v -0.440798879 0.468621939 -0.79455626
v -0.441824555 0.470591307 -0.792999744
v -0.440798879 0.47235018 -0.791208804
v -0.438322663 0.472868204 -0.79023248
v -0.435846448 0.471841961 -0.790642738
v -0.434820771 0.469872594 -0.792199254
v -0.435846448 0.46811372 -0.793990195
v -0.437146664 0.472710758 -0.800663412
v -0.439622879 0.473737001 -0.800253153
v -0.440648556 0.475706369 -0.798696637
v -0.439622879 0.477465242 -0.796905696
v -0.437146664 0.477983266 -0.795929372
v -0.434670448 0.476957023 -0.796339631
v -0.433644772 0.474987656 -0.797896147
v -0.434670448 0.473228782 -0.799687088
v -0.445434958 0.461781323 -0.837300718
v -0.447940201 0.461177528 -0.836456716
v -0.448977888 0.459732354 -0.83441031
v -0.447940201 0.458292425 -0.832360208
v -0.445434958 0.457701206 -0.831507385
v -0.442929715 0.458305001 -0.832351387
v -0.441892028 0.459750175 -0.834397793
v -0.442929715 0.461190104 -0.836447895
v -0.445473939 0.472157329 -0.829993129
v -0.447979182 0.471553534 -0.829149127
v -0.449016869 0.47010836 -0.827102721
v -0.447979182 0.468668431 -0.825052619
v -0.445473939 0.468077213 -0.824199796
v -0.442968696 0.468681008 -0.825043797
v -0.441931009 0.470126182 -0.827090204
v -0.442968696 0.471566111 -0.829140306
v -0.441958278 0.470117271 -0.82753551
v -0.442954123 0.467626989 -0.827135623
v -0.445426017 0.466595471 -0.826712787
v -0.447926015 0.467626989 -0.826514721
v -0.4489896 0.470117271 -0.826657414
v -0.447993755 0.472607553 -0.827057302
v -0.445521861 0.473639071 -0.827480137
v -0.443021864 0.472607553 -0.827678204
v -0.443947107 0.468355119 -0.843461931
v -0.444942951 0.465864837 -0.843062043
v -0.447414845 0.464833319 -0.842639208
v -0.449914843 0.465864837 -0.842441142
v -0.450978428 0.468355119 -0.842583835
v -0.449982584 0.470845401 -0.842983723
v -0.447510689 0.471876919 -0.843406558
v -0.445010692 0.470845401 -0.843604624
v -0.447462767 0.469512641 -0.846371412
v -0.449965924 0.46927017 -0.845357299
v -0.451002777 0.468491673 -0.842975676
v -0.449965924 0.467633188 -0.84062171
v -0.447462767 0.467197597 -0.839674354
v -0.444959611 0.467440069 -0.840688467
v -0.443922758 0.468218565 -0.84307009
v -0.444959611 0.469077051 -0.845424056
v -0.446904629 0.48243624 -0.841903985
v -0.449407786 0.482193768 -0.840889871
v -0.450444639 0.481415272 -0.838508248
v -0.449407786 0.480556786 -0.836154282
v -0.446904629 0.480121195 -0.835206926
v -0.444401473 0.480363667 -0.836221039
v -0.44336462 0.481142163 -0.838602662
v -0.444401473 0.482000649 -0.840956628
v -0.446904629 0.477799207 -0.837887943
v -0.449382305 0.478888184 -0.837719381
v -0.450408578 0.481377482 -0.83804059
v -0.449382305 0.483808935 -0.838663399
v -0.446904629 0.484758228 -0.839222968
v -0.444426954 0.483669251 -0.83939153
v -0.443400681 0.481179953 -0.83907032
v -0.444426954 0.4787485 -0.838447511
v -0.449758261 0.474205762 -0.856619716
v -0.452235937 0.475294739 -0.856451154
v -0.45326221 0.477784038 -0.856772363
v -0.452235937 0.48021549 -0.857395172
v -0.449758261 0.481164783 -0.857954741
v -0.447280586 0.480075806 -0.858123302
v -0.446254313 0.477586508 -0.857802093
v -0.447280586 0.475155056 -0.857179284
v -0.449758261 0.479951471 -0.860010624
v -0.452260077 0.479388624 -0.859129012
v -0.453296363 0.477827966 -0.857168496
v -0.452260077 0.476183742 -0.855277538
v -0.449758261 0.475419074 -0.854563832
v -0.447256446 0.475981921 -0.855445445
v -0.44622016 0.477542579 -0.857405961
v -0.447256446 0.479186803 -0.859296918
v -0.448926657 0.492134213 -0.849873126
v -0.451428473 0.491571367 -0.848991513
v -0.452464759 0.490010709 -0.847030997
v -0.451428473 0.488366485 -0.84514004
v -0.448926657 0.487601817 -0.844426334
v -0.446424842 0.488164663 -0.845307946
v -0.445388556 0.489725322 -0.847268462
v -0.446424842 0.491369545 -0.84915942
v -0.448926657 0.48742485 -0.849715531
v -0.451316476 0.487596035 -0.848445654
v -0.45230636 0.489098132 -0.846416652
v -0.451316476 0.491051227 -0.844817042
v -0.448926657 0.49231118 -0.844583929
v -0.446536839 0.492139995 -0.845853806
v -0.445546955 0.490637898 -0.847882807
v -0.446536839 0.488684803 -0.849482417
v -0.451540083 0.493441969 -0.855445027
v -0.453929901 0.493613154 -0.85417515
v -0.454919785 0.49511525 -0.852146149
v -0.453929901 0.497068346 -0.850546539
v -0.451540083 0.498328298 -0.850313425
v -0.449150264 0.498157114 -0.851583302
v -0.44816038 0.496655017 -0.853612304
v -0.449150264 0.494701922 -0.855211914
v -0.451540083 0.492403477 -0.852223039
v -0.45401755 0.493492126 -0.852049589
v -0.455043763 0.495982587 -0.852362156
v -0.45401755 0.498415947 -0.852977633
v -0.451540083 0.49936679 -0.853535414
v -0.449062616 0.498278141 -0.853708863
v -0.448036402 0.49578768 -0.853396297
v -0.449062616 0.493354321 -0.852780819
v -0.454410553 0.48886314 -0.871006906
v -0.45688802 0.489951789 -0.870833457
v -0.457914233 0.49244225 -0.871146023
v -0.45688802 0.49487561 -0.871761501
v -0.454410553 0.495826453 -0.872319281
v -0.451933086 0.494737804 -0.872492731
v -0.450906873 0.492247343 -0.872180164
v -0.451933086 0.489813983 -0.871564686
v -0.451007038 0.493329018 -0.871663094
v -0.45216018 0.493581176 -0.874104381
v -0.454631567 0.493109077 -0.875115573
v -0.456973493 0.492189288 -0.874104381
v -0.457814068 0.491360575 -0.871663094
v -0.456660926 0.491108418 -0.869221807
v -0.454189539 0.491580516 -0.868210614
v -0.451847613 0.492500305 -0.869221807
v -0.452852607 0.499711186 -0.870132089
v -0.454005748 0.499963343 -0.872573376
v -0.456477135 0.499491245 -0.873584569
v -0.458819062 0.498571455 -0.872573376
v -0.459659636 0.497742742 -0.870132089
v -0.458506495 0.497490585 -0.867690802
v -0.456035107 0.497962683 -0.866679609
v -0.453693181 0.498882473 -0.867690802
v -0.452929735 0.498726964 -0.871351779
v -0.453898102 0.496221781 -0.870978415
v -0.456247777 0.495184094 -0.87010932
v -0.458602339 0.496221781 -0.869253516
v -0.459582508 0.498726964 -0.868912399
v -0.458614141 0.501232147 -0.869285762
v -0.456264466 0.502269864 -0.870154858
v -0.453909904 0.501232147 -0.871010661
v -0.458442062 0.498617291 -0.886385262
v -0.459410429 0.496112108 -0.886011899
v -0.461760104 0.495074421 -0.885142803
v -0.464114666 0.496112108 -0.884287
v -0.465094835 0.498617291 -0.883945882
v -0.464126468 0.501122475 -0.884319246
v -0.461776793 0.502160192 -0.885188341
v -0.459422231 0.501122475 -0.886044145
v -0.461768448 0.496077895 -0.887636185
v -0.464152962 0.496285826 -0.886361837
v -0.465140641 0.497859508 -0.884386718
v -0.464152962 0.499877095 -0.882867813
v -0.461768448 0.501156688 -0.88269496
v -0.459383935 0.500948727 -0.883969307
v -0.458396256 0.499375075 -0.885944426
v -0.459383935 0.497357488 -0.887463331
v -0.464479923 0.501945436 -0.893667102
v -0.466864437 0.502153397 -0.892392755
v -0.467852116 0.503727078 -0.890417635
v -0.466864437 0.505744636 -0.88889873
v -0.464479923 0.507024229 -0.888725877
v -0.46209541 0.506816268 -0.890000224
v -0.461107731 0.505242586 -0.891975343
v -0.46209541 0.503225029 -0.893494248
v -0.461795092 0.506796598 -0.891196489
v -0.461802185 0.505214453 -0.893398762
v -0.463377833 0.503204882 -0.894310951
v -0.46559909 0.501945138 -0.893398762
v -0.467164755 0.502173066 -0.891196489
v -0.467157662 0.503755212 -0.888994217
v -0.465582013 0.505764782 -0.888082027
v -0.463360757 0.507024527 -0.888994217
v -0.464930862 0.510438383 -0.893802762
v -0.464937955 0.508856237 -0.896005034
v -0.466513604 0.506846666 -0.896917224
v -0.46873486 0.505586922 -0.896005034
v -0.470300525 0.50581485 -0.893802762
v -0.470293432 0.507396996 -0.89160049
v -0.468717784 0.509406567 -0.8906883
v -0.466496527 0.510666311 -0.89160049
v -0.467615694 0.50558722 -0.896273434
v -0.470000178 0.505795121 -0.894999027
v -0.470987886 0.507368803 -0.893023849
v -0.470000178 0.509386361 -0.891505003
v -0.467615694 0.510666013 -0.89133209
v -0.46523121 0.510458112 -0.892606497
v -0.464243501 0.50888443 -0.894581676
v -0.46523121 0.506866872 -0.896100521
v -0.470327586 0.511455476 -0.902304947
v -0.47271207 0.511663377 -0.90103054
v -0.473699778 0.513237059 -0.899055362
v -0.47271207 0.515254617 -0.897536516
v -0.470327586 0.516534269 -0.897363603
v -0.467943102 0.516326368 -0.89863801
v -0.466955394 0.514752686 -0.900613189
v -0.467943102 0.512735128 -0.902132034
v -0.470327586 0.510768831 -0.901298881
v -0.472677499 0.511354685 -0.900079131
v -0.473650843 0.51348716 -0.898715973
v -0.472677499 0.515917003 -0.89800787
v -0.470327586 0.517220914 -0.89836967
v -0.467977673 0.51663506 -0.899589419
v -0.467004329 0.514502585 -0.900952578
v -0.467977673 0.512072742 -0.901660681
v -0.473925382 0.514793217 -0.910163164
v -0.476275295 0.515379071 -0.908943415
v -0.477248639 0.517511547 -0.907580256
v -0.476275295 0.51994139 -0.906872153
v -0.473925382 0.521245301 -0.907233953
v -0.471575469 0.520659447 -0.908453703
v -0.470602125 0.518526971 -0.909816861
v -0.471575469 0.516097128 -0.910524964
v -0.470647424 0.519363701 -0.908698559
v -0.471643806 0.519058406 -0.911202013
v -0.473976701 0.518144369 -0.912238955
v -0.476279527 0.517157078 -0.911202013
v -0.477203339 0.516674817 -0.908698559
v -0.476206958 0.516980112 -0.906195104
v -0.473874062 0.517894149 -0.905158162
v -0.471571237 0.51888144 -0.906195104
v -0.472897321 0.524849296 -0.908472061
v -0.473893702 0.524544001 -0.910975516
v -0.476226598 0.523629963 -0.912012458
v -0.478529423 0.522642672 -0.910975516
v -0.479453236 0.522160411 -0.908472061
v -0.478456855 0.522465706 -0.905968606
v -0.476123959 0.523379743 -0.904931664
v -0.473821133 0.524367034 -0.905968606
v -0.476175278 0.520279467 -0.909938157
v -0.478525102 0.520864666 -0.908717871
v -0.479498416 0.522996485 -0.90735364
v -0.478525102 0.52542609 -0.906644523
v -0.476175278 0.526730239 -0.907005966
v -0.473825455 0.526145041 -0.908226252
v -0.472852141 0.524013221 -0.909590483
v -0.473825455 0.521583617 -0.910299599
v -0.479778051 0.524312019 -0.918809831
v -0.482127875 0.524897218 -0.917589545
v -0.483101189 0.527029037 -0.916225314
v -0.482127875 0.529458642 -0.915516198
v -0.479778051 0.530762792 -0.91587764
v -0.477428228 0.530177593 -0.917097926
v -0.476454914 0.528045774 -0.918462157
v -0.477428228 0.525616169 -0.919171274
v -0.477184027 0.529950619 -0.917343736
v -0.477056384 0.528289914 -0.919483542
v -0.478523076 0.526188374 -0.920369923
v -0.480724901 0.524877131 -0.919483542
v -0.482372075 0.525124192 -0.917343736
v -0.482499719 0.526784897 -0.915203929
v -0.481033027 0.528886437 -0.914317548
v -0.478831202 0.53019768 -0.915203929
v -0.480407804 0.533415973 -0.920225441
v -0.480280161 0.531755269 -0.922365248
v -0.481746852 0.529653728 -0.923251629
v -0.483948678 0.528342485 -0.922365248
v -0.485595852 0.528589547 -0.920225441
v -0.485723495 0.530250251 -0.918085635
v -0.484256804 0.532351792 -0.917199254
v -0.482054979 0.533663034 -0.918085635
v -0.498077661 0.508084059 -0.966058612
v -0.500579774 0.509095073 -0.965793133
v -0.50161618 0.511569977 -0.965400875
v -0.500579774 0.514059007 -0.965111613
v -0.498077661 0.515104175 -0.965094805
v -0.495575547 0.514093161 -0.965360284
v -0.494539142 0.511618257 -0.965752542
v -0.495575547 0.509129226 -0.966041803
v -0.498661011 0.509665787 -0.977579594
v -0.501163125 0.510676801 -0.977314115
v -0.502199531 0.513151705 -0.976921856
v -0.501163125 0.515640736 -0.976632595
v -0.498661011 0.516685903 -0.976615787
v -0.496158898 0.515674889 -0.976881266
v -0.495122492 0.513199985 -0.977273524
v -0.496158898 0.510710955 -0.977562785
v -0.496066988 0.515589058 -0.97709769
v -0.495939344 0.513928354 -0.979237497
v -0.497406006 0.511826813 -0.980123878
v -0.499607861 0.510515511 -0.979237497
v -0.501255035 0.510762632 -0.97709769
v -0.501382649 0.512423337 -0.974957883
v -0.499916017 0.514524877 -0.974071503
v -0.497714162 0.515836179 -0.974957883
v -0.49933067 0.519097269 -0.980015099
v -0.499203026 0.517436564 -0.982154906
v -0.500669718 0.515335023 -0.983041286
v -0.502871513 0.514023721 -0.982154906
v -0.504518688 0.514270842 -0.980015099
v -0.504646361 0.515931547 -0.977875292
v -0.503179669 0.518033087 -0.976988912
v -0.500977874 0.519344389 -0.977875292
v -0.498829782 0.516684055 -0.98173964
v -0.499648094 0.514185369 -0.9810763
v -0.501800001 0.513150394 -0.979791343
v -0.504024982 0.514185369 -0.978637457
v -0.505019605 0.516684055 -0.978290558
v -0.504201293 0.519182742 -0.978953898
v -0.502049387 0.520217717 -0.980238855
v -0.499824405 0.519182742 -0.981392741
v -0.504221559 0.515881181 -0.991415977
v -0.505039871 0.513382494 -0.990752637
v -0.507191777 0.512347519 -0.98946768
v -0.509416759 0.513382494 -0.988313794
v -0.510411382 0.515881181 -0.987966895
v -0.50959307 0.518379867 -0.988630235
v -0.507441163 0.519414842 -0.989915192
v -0.505216181 0.518379867 -0.991069078
v -0.504767776 0.518342197 -0.989691436
v -0.505549788 0.517658174 -0.992196143
v -0.507366717 0.515933216 -0.993233681
v -0.509154201 0.514177799 -0.992196143
v -0.509865165 0.513420165 -0.989691436
v -0.509083152 0.514104187 -0.98718673
v -0.507266223 0.515829146 -0.986149192
v -0.50547874 0.517584562 -0.98718673
v -0.510927916 0.524721801 -0.989510298
v -0.511709929 0.524037778 -0.992015004
v -0.513526857 0.52231282 -0.993052542
v -0.515314341 0.520557404 -0.992015004
v -0.516025305 0.519799769 -0.989510298
v -0.515243292 0.520483792 -0.987005591
v -0.513426363 0.52220875 -0.985968053
v -0.51163888 0.523964167 -0.987005591
v -0.510882556 0.524673939 -0.989510298
v -0.510754943 0.523013234 -0.991650105
v -0.512221634 0.520911753 -0.992536485
v -0.51442349 0.519600511 -0.991650105
v -0.516070664 0.519847631 -0.989510298
v -0.516198277 0.521508336 -0.987370491
v -0.514731586 0.523609817 -0.98648411
v -0.512529731 0.52492106 -0.987370491
v -0.514149427 0.528185666 -0.992430568
v -0.514021814 0.526524961 -0.994570374
v -0.515488505 0.52442348 -0.995456755
v -0.517690361 0.523112237 -0.994570374
v -0.519337535 0.523359358 -0.992430568
v -0.519465148 0.525020063 -0.990290761
v -0.517998457 0.527121544 -0.98940438
v -0.515796602 0.528432786 -0.990290761
v -0.514240921 0.528280497 -0.992430568
v -0.51496166 0.52753365 -0.994935751
v -0.516726136 0.525755167 -0.995973468
v -0.518500745 0.523986876 -0.994935751
v -0.519246042 0.523264527 -0.992430568
v -0.518525302 0.524011374 -0.989925385
v -0.516760826 0.525789857 -0.988887668
v -0.514986217 0.527558148 -0.989925385
v -0.52046591 0.534492016 -0.992491484
v -0.52118665 0.53374517 -0.994996667
v -0.522951126 0.531966686 -0.996034384
v -0.524725735 0.530198395 -0.994996667
v -0.525471032 0.529476047 -0.992491484
v -0.524750292 0.530222893 -0.9899863
v -0.522985816 0.532001376 -0.988948584
v -0.521211207 0.533769667 -0.9899863
v -0.522105396 0.535420239 -0.992491484
v -0.522429049 0.534431636 -0.994995654
v -0.523068666 0.532009184 -0.996032953
v -0.523649573 0.52957207 -0.994995654
v -0.523831546 0.528547823 -0.992491484
v -0.523507893 0.529536426 -0.989987314
v -0.522868276 0.531958878 -0.988950014
v -0.522287369 0.534395993 -0.989987314
v -0.52976501 0.537344038 -0.992261112
v -0.530088663 0.536355436 -0.994765282
v -0.530728281 0.533932984 -0.995802581
v -0.531309187 0.531495869 -0.994765282
v -0.53149116 0.530471623 -0.992261112
v -0.531167507 0.531460226 -0.989756942
v -0.53052789 0.533882678 -0.988719642
v -0.529946983 0.536319792 -0.989756942
v -0.532464266 0.533907831 -0.995291114
v -0.531994343 0.53140384 -0.994362533
v -0.530724108 0.530366659 -0.992202938
v -0.529397607 0.53140384 -0.990077436
v -0.528791904 0.533907831 -0.98923111
v -0.529261827 0.536411822 -0.99015969
v -0.530532062 0.537449002 -0.992319286
v -0.531858563 0.536411822 -0.994444788
v -0.540222764 0.534195483 -0.990589499
v -0.539752841 0.531691492 -0.989660919
v -0.538482606 0.530654311 -0.987501323
v -0.537156105 0.531691492 -0.985375822
v -0.536550403 0.534195483 -0.984529495
v -0.537020326 0.536699474 -0.985458076
v -0.53829056 0.537736654 -0.987617671
v -0.539617062 0.536699474 -0.989743173
v -0.525811255 0.57397306 -0.925527811
v -0.527055502 0.573452711 -0.927880287
v -0.528532624 0.57139802 -0.928854704
v -0.529377222 0.569012582 -0.927880287
v -0.529094636 0.56769383 -0.925527811
v -0.527850389 0.568214178 -0.923175335
v -0.526373267 0.570268869 -0.922200918
v -0.525528669 0.572654307 -0.923175335
v -0.529161751 0.575725019 -0.924143195
v -0.530405998 0.57520467 -0.926495671
v -0.531883121 0.573149979 -0.927470088
v -0.532727718 0.570764542 -0.926495671
v -0.532445133 0.569445789 -0.924143195
v -0.531200886 0.569966137 -0.921790719
v -0.529723763 0.572020829 -0.920816302
v -0.528879166 0.574406266 -0.921790719
v -0.530803442 0.575825453 -0.925576627
v -0.533199668 0.574580729 -0.925825298
v -0.534192204 0.572167158 -0.925088584
v -0.533199668 0.569998622 -0.923798084
v -0.530803442 0.569345355 -0.922709763
v -0.528407216 0.570590079 -0.922461092
v -0.52741468 0.57300365 -0.923197806
v -0.528407216 0.575172186 -0.924488306
v -0.535402477 0.581924975 -0.911789715
v -0.537798703 0.580680251 -0.912038386
v -0.538791239 0.57826668 -0.911301672
v -0.537798703 0.576098144 -0.910011172
v -0.535402477 0.575444877 -0.908922851
v -0.533006251 0.576689601 -0.908674181
v -0.532013714 0.579103172 -0.909410894
v -0.533006251 0.581271708 -0.910701394
v -0.537339449 0.578684926 -0.913322866
v -0.536125004 0.576301873 -0.912876487
v -0.534487307 0.57531476 -0.91095382
v -0.533385694 0.576301873 -0.908681095
v -0.533465505 0.578684926 -0.9073897
v -0.534679949 0.581067979 -0.90783608
v -0.536317647 0.582055092 -0.909758747
v -0.53741926 0.581067979 -0.912031472
v -0.541720331 0.576988161 -0.910462439
v -0.540505886 0.574605107 -0.91001606
v -0.538868189 0.573617995 -0.908093393
v -0.537766576 0.574605107 -0.905820668
v -0.537846386 0.576988161 -0.904529274
v -0.539060831 0.579371214 -0.904975653
v -0.540698528 0.580358326 -0.90689832
v -0.541800141 0.579371214 -0.909171045
v -0.54200834 0.579745293 -0.907495856
v -0.540840149 0.579354584 -0.909911573
v -0.539052904 0.577577651 -0.910912216
v -0.537693501 0.575455427 -0.909911573
v -0.537558377 0.574231029 -0.907495856
v -0.538726568 0.574621737 -0.90508014
v -0.540513813 0.576398671 -0.904079497
v -0.541873217 0.578520894 -0.90508014
v -0.548048675 0.574870765 -0.90962851
v -0.546880484 0.574480057 -0.912044227
v -0.545093238 0.572703123 -0.91304487
v -0.543733835 0.5705809 -0.912044227
v -0.543598711 0.569356501 -0.90962851
v -0.544766903 0.56974721 -0.907212794
v -0.546554148 0.571524143 -0.906212151
v -0.547913551 0.573646367 -0.907212794
v -0.547342598 0.575314522 -0.90962851
v -0.546230257 0.574693739 -0.912022352
v -0.544879735 0.572561562 -0.913013875
v -0.544082224 0.570167005 -0.912022352
v -0.544304788 0.568912745 -0.90962851
v -0.54541713 0.569533527 -0.907234669
v -0.546767652 0.571665704 -0.906243145
v -0.547565162 0.574060261 -0.907234669
v -0.55766505 0.570416272 -0.91315484
v -0.556552708 0.569795489 -0.915548682
v -0.555202186 0.567663312 -0.916540205
v -0.554404676 0.565268755 -0.915548682
v -0.55462724 0.564014494 -0.91315484
v -0.555739582 0.564635277 -0.910760999
v -0.557090104 0.566767454 -0.909769475
v -0.557887614 0.569162011 -0.910760999
v -0.55731672 0.567215383 -0.91649884
v -0.556749463 0.564721465 -0.915597975
v -0.55582875 0.563688397 -0.913265944
v -0.555094004 0.564721465 -0.910868824
v -0.554975569 0.567215383 -0.909810841
v -0.555542827 0.569709301 -0.910711706
v -0.55646354 0.570742369 -0.913043737
v -0.557198286 0.569709301 -0.915440857
v -0.565513551 0.566387415 -0.913629472
v -0.564946294 0.563893497 -0.912728608
v -0.564025581 0.562860429 -0.910396576
v -0.563290834 0.563893497 -0.907999456
v -0.5631724 0.566387415 -0.906941473
v -0.563739657 0.568881333 -0.907842338
v -0.56466037 0.569914401 -0.91017437
v -0.565395117 0.568881333 -0.91257149
v -0.566076815 0.569477141 -0.910285473
v -0.566007018 0.568326354 -0.912739873
v -0.564962447 0.566039801 -0.91375649
v -0.563555002 0.563956857 -0.912739873
v -0.562609136 0.563297689 -0.910285473
v -0.562678933 0.564448476 -0.907831073
v -0.563723505 0.566735029 -0.906814456
v -0.565130949 0.568817973 -0.907831073
v -0.571048379 0.566687286 -0.909118831
v -0.570978582 0.565536499 -0.911573231
v -0.569934011 0.563249946 -0.912589848
v -0.568526566 0.561167002 -0.911573231
v -0.5675807 0.560507834 -0.909118831
v -0.567650497 0.561658621 -0.906664431
v -0.568695068 0.563945174 -0.905647814
v -0.570102513 0.566028118 -0.906664431
v -0.572513759 0.56359756 -0.910641134
v -0.571299732 0.561176658 -0.91077739
v -0.568922818 0.560173929 -0.909942091
v -0.566775322 0.561176658 -0.90862453
v -0.56611532 0.56359756 -0.907596529
v -0.567329347 0.566018462 -0.907460272
v -0.569706261 0.567021191 -0.908295572
v -0.571853757 0.566018462 -0.909613132
v -0.576561034 0.561089098 -0.902135491
v -0.575347006 0.558668196 -0.902271748
v -0.572970092 0.557665467 -0.901436448
v -0.570822597 0.558668196 -0.900118887
v -0.570162594 0.561089098 -0.899090886
v -0.571376622 0.563510001 -0.89895463
v -0.573753536 0.56451273 -0.899789929
v -0.575901031 0.563510001 -0.90110749
v -0.576181293 0.563234627 -0.900613189
v -0.574784636 0.56335634 -0.902934372
v -0.572554588 0.562149882 -0.903895795
v -0.570797324 0.560322106 -0.902934372
v -0.570542336 0.55894357 -0.900613189
v -0.571938992 0.558821857 -0.898292005
v -0.57416904 0.560028315 -0.897330582
v -0.575926304 0.561856091 -0.898292005
v -0.585206628 0.551374257 -0.906665444
v -0.583809972 0.551495969 -0.908986628
v -0.581579924 0.550289512 -0.909948051
v -0.579822659 0.548461735 -0.908986628
v -0.579567671 0.547083199 -0.906665444
v -0.580964327 0.546961486 -0.904344261
v -0.583194375 0.548167944 -0.903382838
v -0.584951639 0.54999572 -0.904344261
v -0.584201694 0.552271724 -0.906665444
v -0.583948731 0.551214397 -0.909149647
v -0.582781017 0.548993886 -0.910178602
v -0.581382573 0.546910942 -0.909149647
v -0.580572605 0.546185732 -0.906665444
v -0.580825567 0.547243059 -0.904181242
v -0.581993282 0.54946357 -0.903152287
v -0.583391726 0.551546514 -0.904181242
v -0.589331448 0.549212813 -0.905885875
v -0.589078486 0.548155487 -0.908370078
v -0.587910771 0.545934975 -0.909399033
v -0.586512327 0.543852031 -0.908370078
v -0.58570236 0.543126822 -0.905885875
v -0.585955322 0.544184148 -0.903401673
v -0.587123036 0.54640466 -0.902372718
v -0.588521481 0.548487604 -0.903401673
v -0.591046154 0.546169817 -0.905574739
v -0.590028405 0.543671131 -0.905846357
v -0.587539434 0.542636156 -0.906141102
v -0.585037231 0.543671131 -0.906286359
v -0.583987653 0.546169817 -0.906197011
v -0.585005403 0.548668504 -0.905925393
v -0.587494373 0.549703479 -0.905630648
v -0.589996576 0.548668504 -0.905485392
v -0.589956224 0.545269847 -0.893211246
v -0.588938475 0.542771161 -0.893482864
v -0.586449504 0.541736186 -0.893777609
v -0.583947301 0.542771161 -0.893922865
v -0.582897723 0.545269847 -0.893833518
v -0.583915472 0.547768533 -0.8935619
v -0.586404443 0.548803508 -0.893267155
v -0.588906646 0.547768533 -0.893121898
v -0.586426973 0.548656046 -0.892480195
v -0.588932216 0.547661245 -0.892775655
v -0.589969933 0.545265615 -0.893508554
v -0.588932216 0.542872429 -0.894249558
v -0.586426973 0.541883647 -0.894564569
v -0.583921731 0.542878449 -0.894269109
v -0.582884014 0.545274079 -0.89353621
v -0.583921731 0.547667265 -0.892795205
v -0.586387336 0.545795739 -0.883186698
v -0.588892579 0.544800937 -0.883482158
v -0.589930296 0.542405307 -0.884215057
v -0.588892579 0.540012121 -0.884956062
v -0.586387336 0.53902334 -0.885271072
v -0.583882093 0.540018141 -0.884975612
v -0.582844377 0.542413771 -0.884242713
v -0.583882093 0.544806957 -0.883501709
v -0.586387336 0.541027963 -0.880966425
v -0.588734388 0.542239428 -0.881580293
v -0.58970654 0.543550491 -0.88374573
v -0.588734388 0.544193268 -0.88619417
v -0.586387336 0.543791115 -0.887491345
v -0.584040284 0.542579651 -0.886877477
v -0.583068132 0.541268587 -0.88471204
v -0.584040284 0.540625811 -0.882263601
v -0.591369212 0.528738856 -0.886170566
v -0.593716264 0.529950321 -0.886784434
v -0.594688416 0.531261384 -0.888949871
v -0.593716264 0.531904161 -0.891398311
v -0.591369212 0.531502008 -0.892695487
v -0.58902216 0.530290544 -0.892081618
v -0.588050008 0.52897948 -0.889916182
v -0.58902216 0.528336704 -0.887467742
v -0.594664097 0.531422853 -0.889433026
v -0.593425095 0.531734467 -0.891824841
v -0.590981781 0.531100631 -0.89281559
v -0.588765383 0.529892564 -0.891824841
v -0.588074327 0.528818011 -0.889433026
v -0.589313328 0.528506398 -0.887041211
v -0.591756642 0.529140234 -0.886050463
v -0.593973041 0.530348301 -0.887041211
v -0.59918952 0.51997453 -0.893268824
v -0.597950518 0.520286143 -0.895660639
v -0.595507205 0.519652307 -0.896651387
v -0.593290806 0.51844424 -0.895660639
v -0.59259975 0.517369688 -0.893268824
v -0.593838751 0.517058074 -0.890877008
v -0.596282065 0.51769191 -0.88988626
v -0.598498464 0.518899977 -0.890877008
v -0.595894635 0.521308362 -0.890901804
v -0.59837085 0.520790339 -0.891878068
v -0.599396527 0.519031465 -0.893669069
v -0.59837085 0.517062068 -0.895225585
v -0.595894635 0.516035855 -0.895635843
v -0.593418419 0.516553879 -0.894659579
v -0.592392743 0.518312752 -0.892868578
v -0.593418419 0.520282149 -0.891312063
v -0.596490741 0.518715501 -0.888014019
v -0.598966956 0.518197477 -0.888990283
v -0.599992633 0.516438603 -0.890781283
v -0.598966956 0.514469206 -0.892337799
v -0.596490741 0.513442993 -0.892748058
v -0.594014525 0.513961017 -0.891771793
v -0.592988849 0.515719891 -0.889980793
v -0.594014525 0.517689288 -0.888424277
v -0.596490741 0.518842399 -0.888163507
v -0.598860085 0.517523706 -0.888178229
v -0.599841535 0.515358806 -0.889483392
v -0.598860085 0.513615966 -0.891314328
v -0.596490741 0.513316095 -0.892598569
v -0.594121397 0.514634788 -0.892583847
v -0.593139946 0.516799688 -0.891278684
v -0.594121397 0.518542528 -0.889447749
v -0.593515575 0.513421297 -0.881408572
v -0.595884919 0.512102604 -0.881423295
v -0.596866369 0.509937704 -0.882728457
v -0.595884919 0.508194864 -0.884559393
v -0.593515575 0.507894993 -0.885843635
v -0.591146231 0.509213686 -0.885828912
v -0.590164781 0.511378586 -0.884523749
v -0.591146231 0.513121426 -0.882692814
v -0.596109629 0.508244932 -0.883626103
v -0.594462454 0.50799787 -0.88576591
v -0.592260599 0.509309113 -0.886652291
v -0.590793908 0.511410654 -0.88576591
v -0.590921521 0.513071358 -0.883626103
v -0.592568696 0.513318419 -0.881486297
v -0.594770551 0.512007177 -0.880599916
v -0.596237242 0.509905636 -0.881486297
v -0.592879891 0.5047732 -0.880739093
v -0.591232717 0.504526138 -0.8828789
v -0.589030862 0.505837381 -0.88376528
v -0.58756417 0.507938921 -0.8828789
v -0.587691784 0.509599626 -0.880739093
v -0.589338958 0.509846687 -0.878599286
v -0.591540813 0.508535445 -0.877712905
v -0.593007505 0.506433904 -0.878599286
v -0.593141854 0.505089819 -0.880739093
v -0.591736555 0.504929066 -0.883052588
v -0.589481413 0.506090641 -0.884010911
v -0.587697506 0.507894039 -0.883052588
v -0.587429821 0.509283006 -0.880739093
v -0.58883512 0.50944376 -0.878425598
v -0.591090262 0.508282185 -0.877467275
v -0.592874169 0.506478786 -0.878425598
v -0.587248921 0.497062206 -0.876601636
v -0.585843623 0.496901423 -0.878915131
v -0.583588481 0.498062968 -0.879873455
v -0.581804574 0.499866426 -0.878915131
v -0.581536889 0.501255333 -0.876601636
v -0.582942188 0.501416087 -0.874288142
v -0.58519733 0.500254571 -0.873329818
v -0.586981237 0.498451114 -0.874288142
v -0.586680174 0.49915877 -0.873895943
v -0.585454643 0.496761471 -0.874218702
v -0.583607197 0.495768487 -0.875937402
v -0.582219958 0.496761471 -0.878045201
v -0.582105637 0.49915877 -0.87930733
v -0.583331168 0.501556039 -0.878984571
v -0.585178614 0.502549052 -0.877265871
v -0.586565852 0.501556039 -0.875158072
v -0.581276655 0.501306057 -0.869328022
v -0.580051124 0.498908758 -0.869650781
v -0.578203678 0.497915775 -0.871369481
v -0.57681644 0.498908758 -0.87347728
v -0.576702118 0.501306057 -0.874739408
v -0.577927649 0.503703356 -0.874416649
v -0.579775095 0.50469631 -0.872697949
v -0.581162333 0.503703356 -0.87059015
v -0.578989387 0.499248356 -0.869149566
v -0.581438839 0.499422908 -0.870299757
v -0.58245337 0.500700593 -0.87246567
v -0.581438839 0.502332926 -0.874378562
v -0.578989387 0.503363729 -0.874917865
v -0.576539934 0.503189206 -0.873767674
v -0.575525403 0.501911521 -0.87160176
v -0.576539934 0.500279188 -0.869688869
v -0.575847864 0.487337559 -0.877647281
v -0.578297317 0.487512112 -0.878797472
v -0.579311848 0.488789797 -0.880963385
v -0.578297317 0.490422159 -0.882876277
v -0.575847864 0.491452962 -0.88341558
v -0.573398411 0.49127841 -0.882265389
v -0.572383881 0.490000725 -0.880099475
v -0.573398411 0.488368362 -0.878186584
v -0.574540138 0.486102462 -0.88053143
v -0.57454586 0.487216741 -0.883003592
v -0.575314283 0.489607155 -0.884027541
v -0.576395273 0.491873443 -0.883003592
v -0.57715559 0.49268806 -0.88053143
v -0.577149868 0.491573781 -0.878059268
v -0.576381445 0.489183366 -0.87703532
v -0.575300455 0.486917078 -0.878059268
v -0.564694524 0.490012556 -0.878791809
v -0.564700246 0.491126835 -0.881263971
v -0.565468669 0.49351725 -0.88228792
v -0.566549659 0.495783538 -0.881263971
v -0.567309976 0.496598154 -0.878791809
v -0.567304254 0.495483875 -0.876319647
v -0.56653583 0.493093461 -0.875295699
v -0.565454841 0.490827173 -0.876319647
v -0.551591635 0.503995538 -0.855072081
v -0.551671445 0.505139649 -0.857529283
v -0.550953627 0.507548332 -0.858547091
v -0.54985863 0.509810686 -0.857529283
v -0.54902792 0.510601401 -0.855072081
v -0.548948109 0.50945729 -0.85261488
v -0.549665928 0.507048607 -0.851597071
v -0.550760925 0.504786253 -0.85261488
v -0.544491887 0.501240134 -0.856585622
v -0.544571698 0.502384245 -0.859042823
v -0.543853879 0.504792929 -0.860060632
v -0.542758882 0.507055283 -0.859042823
v -0.541928172 0.507845998 -0.856585622
v -0.541848361 0.506701887 -0.85412842
v -0.54256618 0.504293203 -0.853110611
v -0.543661177 0.502030849 -0.85412842
v -0.54321003 0.50248903 -0.85369885
v -0.545714974 0.503121674 -0.854522288
v -0.546752572 0.504586995 -0.856554329
v -0.545714974 0.506026566 -0.858604789
v -0.54321003 0.506597102 -0.859472394
v -0.540705085 0.505964458 -0.858648956
v -0.539667487 0.504499137 -0.856616914
v -0.540705085 0.503059566 -0.854566455
v -0.543400705 0.492284626 -0.860959709
v -0.54590565 0.492917329 -0.861783147
v -0.546943247 0.49438265 -0.863815188
v -0.54590565 0.495822191 -0.865865648
v -0.543400705 0.496392757 -0.866733253
v -0.54089576 0.495760053 -0.865909815
v -0.539858162 0.494294733 -0.863877773
v -0.54089576 0.492855191 -0.861827314
v -0.546710014 0.494338691 -0.862581193
v -0.545738041 0.491833448 -0.862944663
v -0.543396831 0.490795761 -0.863836408
v -0.541057944 0.491833448 -0.864734054
v -0.540091395 0.494338691 -0.865111768
v -0.541063368 0.496843934 -0.864748299
v -0.543404579 0.497881621 -0.863856554
v -0.545743465 0.496843934 -0.862958908
v -0.541021466 0.494387239 -0.847703278
v -0.540049493 0.491881996 -0.848066747
v -0.537708282 0.490844309 -0.848958492
v -0.535369396 0.491881996 -0.849856138
v -0.534402847 0.494387239 -0.850233853
v -0.53537482 0.496892482 -0.849870384
v -0.537716031 0.497930169 -0.848978639
v -0.540054917 0.496892482 -0.848080993
v -0.540285885 0.494387239 -0.846533716
v -0.540388882 0.492214262 -0.848152578
v -0.538923919 0.491314203 -0.850249469
v -0.536749125 0.492214262 -0.851595998
v -0.535138428 0.494387239 -0.851403415
v -0.535035431 0.496560216 -0.849784553
v -0.536500394 0.497460276 -0.847687662
v -0.538675189 0.496560216 -0.846341133
v -0.536799669 0.491476566 -0.842848659
v -0.536902666 0.489303589 -0.844467521
v -0.535437703 0.488403529 -0.846564412
v -0.533262908 0.489303589 -0.847910941
v -0.531652212 0.491476566 -0.847718358
v -0.531549215 0.493649542 -0.846099496
v -0.533014178 0.494549602 -0.844002604
v -0.535188973 0.493649542 -0.842656076
v -0.537536204 0.491476566 -0.844020665
v -0.536557734 0.488971442 -0.844367146
v -0.534213305 0.487933785 -0.845250428
v -0.531876326 0.488971442 -0.84615314
v -0.530915678 0.491476566 -0.846546352
v -0.531894147 0.493981689 -0.84619987
v -0.534238577 0.495019346 -0.845316589
v -0.536575556 0.493981689 -0.844413877
v -0.531834841 0.491636276 -0.829076231
v -0.530856371 0.489131153 -0.829422712
v -0.528511941 0.488093495 -0.830305994
v -0.526174963 0.489131153 -0.831208706
v -0.525214314 0.491636276 -0.831601918
v -0.526192784 0.4941414 -0.831255436
v -0.528537214 0.495179057 -0.830372155
v -0.530874193 0.4941414 -0.829469442
v -0.528524578 0.494000942 -0.827700734
v -0.530986726 0.493652821 -0.828782201
v -0.532006621 0.492123455 -0.830775738
v -0.530986726 0.490308702 -0.832513452
v -0.528524578 0.489271611 -0.832977414
v -0.526062429 0.489619732 -0.831895947
v -0.525042534 0.491149098 -0.829902411
v -0.526062429 0.49296385 -0.828164697
v -0.52994144 0.488385141 -0.822667539
v -0.532403588 0.48803702 -0.823749006
v -0.533423483 0.486507654 -0.825742543
v -0.532403588 0.484692901 -0.827480257
v -0.52994144 0.48365581 -0.827944219
v -0.527479291 0.484003931 -0.826862752
v -0.526459396 0.485533297 -0.824869215
v -0.527479291 0.48734805 -0.823131502
v -0.53325969 0.486020476 -0.824064195
v -0.532185912 0.483532161 -0.824155629
v -0.529797375 0.482501447 -0.824920833
v -0.527493179 0.483532161 -0.825911641
v -0.526623189 0.486020476 -0.826547563
v -0.527696967 0.488508791 -0.82645613
v -0.530085504 0.489539504 -0.825690925
v -0.5323897 0.488508791 -0.824700117
v -0.526564896 0.488252133 -0.806173027
v -0.525491118 0.485763818 -0.80626446
v -0.523102582 0.484733105 -0.807029665
v -0.520798385 0.485763818 -0.808020473
v -0.519928396 0.488252133 -0.808656394
v -0.521002173 0.490740448 -0.808564961
v -0.52339071 0.491771162 -0.807799757
v -0.525694907 0.490740448 -0.806808949
v -0.523246646 0.491768658 -0.806982815
v -0.525747478 0.49072054 -0.806961358
v -0.526783347 0.488226444 -0.807205439
v -0.525747478 0.485747397 -0.807572126
v -0.523246646 0.484735608 -0.807846606
v -0.520745814 0.485783726 -0.807868063
v -0.519709945 0.488277823 -0.807623982
v -0.520745814 0.490756869 -0.807257295
v -0.522572875 0.490390867 -0.795764327
v -0.525073707 0.489342749 -0.795742869
v -0.526109576 0.486848652 -0.79598695
v -0.525073707 0.484369606 -0.796353638
v -0.522572875 0.483357817 -0.796628118
v -0.520072043 0.484405935 -0.796649575
v -0.519036174 0.486900032 -0.796405494
v -0.520072043 0.489379078 -0.796038806
v -0.522572875 0.489569724 -0.793896794
v -0.525052071 0.489014119 -0.794844389
v -0.526078999 0.487205058 -0.796583891
v -0.525052071 0.485202283 -0.798096299
v -0.522572875 0.48417896 -0.79849565
v -0.520093679 0.484734565 -0.797548056
v -0.519066751 0.486543626 -0.795808554
v -0.520093679 0.488546401 -0.794296145
v -0.523694038 0.484562993 -0.788028002
v -0.526173234 0.484007388 -0.788975596
v -0.527200162 0.482198328 -0.790715098
v -0.526173234 0.480195552 -0.792227507
v -0.523694038 0.47917223 -0.792626858
v -0.521214843 0.479727834 -0.791679263
v -0.520187914 0.481536895 -0.789939761
v -0.521214843 0.483539671 -0.788427353
v -0.523694038 0.485395938 -0.790005624
v -0.526193082 0.484346479 -0.789924085
v -0.527228177 0.481844932 -0.790078819
v -0.526193082 0.479356676 -0.790379226
v -0.523694038 0.478339285 -0.790649235
v -0.521194994 0.479388744 -0.790730774
v -0.5201599 0.481890291 -0.790576041
v -0.521194994 0.484378546 -0.790275633
v -0.522869945 0.484336138 -0.778385937
v -0.525368989 0.483286679 -0.778304398
v -0.526404083 0.480785131 -0.778459132
v -0.525368989 0.478296876 -0.778759539
v -0.522869945 0.477279484 -0.779029548
v -0.520370901 0.478328943 -0.779111087
v -0.519335806 0.480830491 -0.778956354
v -0.520370901 0.483318746 -0.778655946
v -0.522869945 0.484226376 -0.77963835
v -0.525331616 0.483347297 -0.778916836
v -0.526351273 0.480980664 -0.778072834
v -0.525331616 0.478512734 -0.777600765
v -0.522869945 0.477389246 -0.777777135
v -0.520408273 0.478268325 -0.77849865
v -0.519388616 0.480634958 -0.779342651
v -0.520408273 0.483102888 -0.77981472
v -0.518622041 0.490129799 -0.757952988
v -0.521083713 0.48925072 -0.757231474
v -0.522103369 0.486884087 -0.756387472
v -0.521083713 0.484416157 -0.755915403
v -0.518622041 0.483292669 -0.756091774
v -0.516160369 0.484171748 -0.756813288
v -0.515140712 0.48653838 -0.75765729
v -0.516160369 0.489006311 -0.758129358
v -0.518622041 0.490241557 -0.756723404
v -0.521120667 0.489192188 -0.756629467
v -0.522155643 0.486689508 -0.756765664
v -0.521120667 0.484199554 -0.757052243
v -0.518622041 0.48318091 -0.757321358
v -0.516123414 0.48423028 -0.757415295
v -0.515088439 0.48673296 -0.757279098
v -0.516123414 0.489222914 -0.756992519
v -0.517772853 0.489258826 -0.745118201
v -0.52027148 0.488209456 -0.745024264
v -0.521306455 0.485706776 -0.74516046
v -0.52027148 0.483216822 -0.74544704
v -0.517772853 0.482198179 -0.745716155
v -0.515274227 0.483247548 -0.745810091
v -0.514239252 0.485750228 -0.745673895
v -0.515274227 0.488240182 -0.745387316
v -0.520801187 0.485728502 -0.7472561
v -0.519461572 0.48337993 -0.747462928
v -0.517132699 0.482407123 -0.746471345
v -0.515178859 0.48337993 -0.744862258
v -0.51474452 0.485728502 -0.743578255
v -0.516084135 0.488077074 -0.743371427
v -0.518413007 0.489049882 -0.74436301
v -0.520366848 0.488077074 -0.745972097
v -0.525183797 0.482593089 -0.740038753
v -0.523844182 0.480244517 -0.740245581
v -0.52151531 0.47927171 -0.739253998
v -0.51956147 0.480244517 -0.737644911
v -0.519127131 0.482593089 -0.736360908
v -0.520466745 0.484941661 -0.736154079
v -0.522795618 0.485914469 -0.737145662
v -0.524749458 0.484941661 -0.738754749
v -0.522155464 0.486048758 -0.738981485
v -0.524622619 0.485132635 -0.73832798
v -0.525644541 0.482728899 -0.737599432
v -0.524622619 0.48024559 -0.737222612
v -0.522155464 0.479137421 -0.737418175
v -0.519688308 0.480053544 -0.73807168
v -0.518666387 0.48245728 -0.738800228
v -0.519688308 0.484940588 -0.739177048
v -0.52041775 0.488221765 -0.729374588
v -0.522884905 0.487305641 -0.728721082
v -0.523906827 0.484901905 -0.727992535
v -0.522884905 0.482418597 -0.727615714
v -0.52041775 0.481310427 -0.727811277
v -0.517950594 0.482226551 -0.728464782
v -0.516928673 0.484630287 -0.72919333
v -0.517950594 0.487113595 -0.72957015
v -0.52353853 0.484766096 -0.730270267
v -0.522273839 0.48237282 -0.730431318
v -0.519921899 0.481381506 -0.729515493
v -0.517860413 0.48237282 -0.728059232
v -0.51729697 0.484766096 -0.726915598
v -0.518561661 0.487159371 -0.726754546
v -0.520913601 0.488150686 -0.727670372
v -0.522975087 0.487159371 -0.729126632
v -0.527712107 0.482038021 -0.722505093
v -0.526447415 0.479644746 -0.722666144
v -0.524095476 0.478653431 -0.721750319
v -0.522033989 0.479644746 -0.720294058
v -0.521470547 0.482038021 -0.719150424
v -0.522735238 0.484431297 -0.718989372
v -0.525087178 0.485422611 -0.719905198
v -0.527148664 0.484431297 -0.721361458
v -0.507619619 0.520187616 -0.657942295
v -0.507836223 0.518906653 -0.660322487
v -0.506971121 0.516533315 -0.661308408
v -0.505531132 0.514457881 -0.660322487
v -0.504359722 0.513896108 -0.657942295
v -0.504143119 0.515177071 -0.655562103
v -0.505008221 0.517550409 -0.654576182
v -0.506448209 0.519625843 -0.655562103
v -0.512236536 0.517795444 -0.656234741
v -0.512453139 0.51651448 -0.658614933
v -0.511588037 0.514141142 -0.659600854
v -0.510148048 0.512065709 -0.658614933
v -0.508976638 0.511503935 -0.656234741
v -0.508760035 0.512784898 -0.653854549
v -0.509625137 0.515158236 -0.652868629
v -0.511065125 0.51723367 -0.653854549
v -0.507341683 0.530049026 -0.628959775
v -0.509846628 0.529086113 -0.628570795
v -0.510884166 0.52679503 -0.627557218
v -0.509846628 0.524517775 -0.626512766
v -0.507341683 0.523588479 -0.62604928
v -0.504836738 0.524551392 -0.62643826
v -0.5037992 0.526842475 -0.627451837
v -0.504836738 0.52911973 -0.628496289
v -0.507593691 0.536391735 -0.614880621
v -0.510098636 0.535428822 -0.614491642
v -0.511136174 0.533137739 -0.613478065
v -0.510098636 0.530860484 -0.612433612
v -0.507593691 0.529931188 -0.611970127
v -0.505088747 0.530894101 -0.612359107
v -0.504051208 0.533185184 -0.613372684
v -0.505088747 0.535462439 -0.614417136
v -0.505328894 0.533161461 -0.616149962
v -0.505396783 0.530778885 -0.614857018
v -0.506751597 0.529791951 -0.612725377
v -0.508599699 0.530778885 -0.611003816
v -0.509858489 0.533161461 -0.610700786
v -0.509790599 0.535544038 -0.61199373
v -0.508435786 0.536530972 -0.614125371
v -0.506587684 0.535544038 -0.615846932
v -0.515622318 0.528811514 -0.624706209
v -0.515690207 0.526428938 -0.623413265
v -0.517045021 0.525442004 -0.621281624
v -0.518893123 0.526428938 -0.619560063
v -0.520151913 0.528811514 -0.619257033
v -0.520084023 0.531194091 -0.620549977
v -0.51872921 0.532181025 -0.622681618
v -0.516881108 0.531194091 -0.624403179
v -0.519824088 0.528811514 -0.624948204
v -0.518609643 0.526428461 -0.624501824
v -0.516971946 0.525441349 -0.622579157
v -0.515870333 0.526428461 -0.620306492
v -0.515950143 0.528811514 -0.619015038
v -0.517164588 0.531194568 -0.619461417
v -0.518802285 0.53218168 -0.621384084
v -0.519903898 0.531194568 -0.62365675
v -0.524040163 0.527178526 -0.622195363
v -0.522825718 0.524795473 -0.621748984
v -0.521188021 0.52380836 -0.619826317
v -0.520086408 0.524795473 -0.617553651
v -0.520166218 0.527178526 -0.616262197
v -0.521380663 0.529561579 -0.616708577
v -0.52301836 0.530548692 -0.618631244
v -0.524119973 0.529561579 -0.620903909
v -0.52210319 0.530573368 -0.620242476
v -0.524608314 0.529586852 -0.61991936
v -0.525645912 0.527189612 -0.619191647
v -0.524608314 0.524785876 -0.618485689
v -0.52210319 0.523783684 -0.618215084
v -0.519598067 0.5247702 -0.618538201
v -0.518560469 0.527167439 -0.619265914
v -0.519598067 0.529571176 -0.619971871
v -0.521879792 0.536416709 -0.600673854
v -0.524384916 0.535430193 -0.600350738
v -0.525422513 0.533032954 -0.599623024
v -0.524384916 0.530629218 -0.598917067
v -0.521879792 0.529627025 -0.598646462
v -0.519374669 0.530613542 -0.598969579
v -0.518337071 0.533010781 -0.599697292
v -0.519374669 0.535414517 -0.600403249
v -0.524800003 0.533021867 -0.601666391
v -0.523931444 0.530516744 -0.601098001
v -0.521861076 0.529479086 -0.599687397
v -0.519801676 0.530516744 -0.59826082
v -0.518959582 0.533021867 -0.597653925
v -0.519828141 0.535526991 -0.598222315
v -0.521898508 0.536564648 -0.599632919
v -0.523957908 0.535526991 -0.601059496
v -0.528205752 0.532965779 -0.596709013
v -0.527337193 0.530460656 -0.596140623
v -0.525266826 0.529422998 -0.59473002
v -0.523207426 0.530460656 -0.593303442
v -0.522365332 0.532965779 -0.592696548
v -0.523233891 0.535470903 -0.593264937
v -0.525304258 0.53650856 -0.594675541
v -0.527363658 0.535470903 -0.596102118
v -0.525285542 0.536125422 -0.596305668
v -0.527710557 0.534915388 -0.596397161
v -0.528715014 0.532563329 -0.595496118
v -0.527710557 0.530447006 -0.594130337
v -0.525285542 0.529806137 -0.593099892
v -0.522860527 0.531016171 -0.593008399
v -0.52185607 0.53336823 -0.593909442
v -0.522860527 0.535484552 -0.595275223
v -0.529221892 0.542991161 -0.582771838
v -0.531646907 0.541781127 -0.582863331
v -0.532651365 0.539429069 -0.581962287
v -0.531646907 0.537312746 -0.580596507
v -0.529221892 0.536671877 -0.579566061
v -0.526796877 0.537881911 -0.579474568
v -0.52579242 0.54023397 -0.580375612
v -0.526796877 0.542350292 -0.581741393
v -0.529221892 0.543249369 -0.58210218
v -0.531727076 0.542243004 -0.581848204
v -0.532764733 0.539824069 -0.581196308
v -0.531727076 0.537409484 -0.580528378
v -0.529221892 0.53641367 -0.58023572
v -0.526716709 0.537420034 -0.580489695
v -0.525679052 0.53983897 -0.581141591
v -0.526716709 0.542253554 -0.581809521
v -0.529372513 0.548203349 -0.56395936
v -0.531877697 0.547196984 -0.563705385
v -0.532915354 0.544778049 -0.563053489
v -0.531877697 0.542363465 -0.562385559
v -0.529372513 0.54136765 -0.5620929
v -0.52686733 0.542374015 -0.562346876
v -0.525829673 0.54479295 -0.562998772
v -0.52686733 0.547207534 -0.563666701
v -0.532830715 0.5447855 -0.56379658
v -0.531828046 0.542280674 -0.563525081
v -0.529386938 0.541243136 -0.56296128
v -0.526937425 0.542280674 -0.562435508
v -0.525914311 0.5447855 -0.562255681
v -0.526916981 0.547290325 -0.56252718
v -0.529358089 0.548327863 -0.56309098
v -0.531807601 0.547290325 -0.563616753
v -0.535376549 0.545005083 -0.552369297
v -0.534373879 0.542500257 -0.552097797
v -0.531932771 0.541462719 -0.551533997
v -0.529483259 0.542500257 -0.551008224
v -0.528460145 0.545005083 -0.550828397
v -0.529462814 0.547509909 -0.551099896
v -0.531903923 0.548547447 -0.551663697
v -0.534353435 0.547509909 -0.552189469
v -0.533466101 0.548192084 -0.551598847
v -0.533842921 0.54685545 -0.553927958
v -0.53309232 0.544434905 -0.554892659
v -0.53165406 0.542348385 -0.553927958
v -0.530370593 0.541818082 -0.551598847
v -0.529993773 0.543154716 -0.549269736
v -0.530744374 0.545575261 -0.548305035
v -0.532182634 0.547661781 -0.549269736
v -0.537902832 0.546037376 -0.54964453
v -0.538279653 0.544700742 -0.551973641
v -0.537529051 0.542280197 -0.552938342
v -0.536090791 0.540193677 -0.551973641
v -0.534807324 0.539663374 -0.54964453
v -0.534430504 0.541000009 -0.547315419
v -0.535181105 0.543420553 -0.546350718
v -0.536619365 0.545507073 -0.547315419
v -0.539234042 0.542850375 -0.551709473
v -0.537780702 0.540574372 -0.551955342
v -0.535492182 0.539631605 -0.55084759
v -0.533709168 0.540574372 -0.549035072
v -0.533476114 0.542850375 -0.547579587
v -0.534929454 0.545126379 -0.547333717
v -0.537217975 0.546069145 -0.54844147
v -0.539000988 0.545126379 -0.550253987
v -0.543674469 0.539346039 -0.545518517
v -0.542221129 0.537070036 -0.545764387
v -0.539932609 0.536127269 -0.544656634
v -0.538149595 0.537070036 -0.542844117
v -0.537916541 0.539346039 -0.541388631
v -0.539369881 0.541622043 -0.541142762
v -0.541658401 0.542564809 -0.542250514
v -0.543441415 0.541622043 -0.544063032
v -0.543451071 0.541691363 -0.543453574
v -0.541787922 0.54200691 -0.545571983
v -0.53954345 0.540763676 -0.546449423
v -0.538032413 0.53869009 -0.545571983
v -0.538139939 0.537000716 -0.543453574
v -0.539803088 0.536685169 -0.541335166
v -0.54204756 0.537928402 -0.540457726
v -0.543558598 0.540001988 -0.541335166
v -0.551422238 0.532665908 -0.551055849
v -0.54975909 0.532981455 -0.553174257
v -0.547514617 0.531738222 -0.554051697
v -0.54600358 0.529664636 -0.553174257
v -0.546111107 0.527975261 -0.551055849
v -0.547774255 0.527659714 -0.54893744
v -0.550018728 0.528902948 -0.54806
v -0.551529765 0.530976534 -0.54893744
v -0.551440954 0.530320585 -0.553379774
v -0.549851775 0.528137267 -0.553626537
v -0.547626972 0.527232945 -0.552367389
v -0.546069741 0.528137267 -0.550339997
v -0.546092391 0.530320585 -0.548731923
v -0.54768157 0.532503903 -0.54848516
v -0.549906373 0.533408225 -0.549744308
v -0.551463604 0.532503903 -0.5517717
v -0.556174636 0.526259422 -0.547932446
v -0.554585457 0.524076104 -0.548179209
v -0.552360654 0.523171782 -0.546920061
v -0.550803423 0.524076104 -0.544892669
v -0.550826073 0.526259422 -0.543284595
v -0.552415252 0.52844274 -0.543037832
v -0.554640055 0.529347062 -0.54429698
v -0.556197286 0.52844274 -0.546324372
v -0.565524459 0.512903452 -0.564707041
v -0.568027079 0.511866033 -0.564589798
v -0.569063723 0.509411991 -0.564083815
v -0.568027079 0.50697875 -0.563485563
v -0.565524459 0.505991697 -0.563145399
v -0.563021839 0.507029116 -0.563262641
v -0.561985195 0.509483159 -0.563768625
v -0.563021839 0.511916399 -0.564366877
v -0.566280842 0.516555071 -0.548545241
v -0.568783462 0.515517652 -0.548427999
v -0.569820106 0.51306361 -0.547922015
v -0.568783462 0.510630369 -0.547323763
v -0.566280842 0.509643316 -0.5469836
v -0.563778222 0.510680735 -0.547100842
v -0.562741578 0.513134778 -0.547606826
v -0.563778222 0.515568018 -0.548205078
v -0.551185906 0.547971487 -0.475090355
v -0.551309943 0.545491576 -0.474000454
v -0.552251637 0.544464409 -0.471674293
v -0.553459466 0.545491576 -0.469474465
v -0.554225743 0.547971487 -0.468689591
v -0.554101706 0.550451398 -0.469779491
v -0.553160012 0.551478565 -0.472105652
v -0.551952183 0.550451398 -0.474305481
v -0.559864163 0.546594203 -0.479211867
v -0.559988201 0.544114292 -0.478121966
v -0.560929894 0.543087125 -0.475795805
v -0.562137723 0.544114292 -0.473595977
v -0.562904 0.546594203 -0.472811103
v -0.562779963 0.549074113 -0.473901004
v -0.561838269 0.55010128 -0.476227164
v -0.560630441 0.549074113 -0.478426993
v -0.563975036 0.549010694 -0.476011485
v -0.563649654 0.547838151 -0.478434771
v -0.561997175 0.545936882 -0.479438514
v -0.559985518 0.54442066 -0.478434771
v -0.558793128 0.544177711 -0.476011485
v -0.559118509 0.545350254 -0.473588198
v -0.560770988 0.547251523 -0.472584456
v -0.562782645 0.548767745 -0.473588198
v -0.569835544 0.542727172 -0.473757833
v -0.569510162 0.54155463 -0.47618112
v -0.567857683 0.539653361 -0.477184862
v -0.565846026 0.538137138 -0.47618112
v -0.564653635 0.537894189 -0.473757833
v -0.564979017 0.539066732 -0.471334547
v -0.566631496 0.540968001 -0.470330805
v -0.568643153 0.542484224 -0.471334547
v -0.567244589 0.54368341 -0.47267276
v -0.569749832 0.542693913 -0.472985476
v -0.570787549 0.540308356 -0.473750651
v -0.569749832 0.53792417 -0.474519998
v -0.567244589 0.536937952 -0.474842906
v -0.564739347 0.537927449 -0.47453019
v -0.56370163 0.540313005 -0.473765016
v -0.564739347 0.542697191 -0.472995669
v -0.567235291 0.54234767 -0.46852091
v -0.569740534 0.541358173 -0.468833625
v -0.570778251 0.538972616 -0.4695988
v -0.569740534 0.53658843 -0.470368147
v -0.567235291 0.535602212 -0.470691055
v -0.564730048 0.536591709 -0.470378339
v -0.563692331 0.538977265 -0.469613165
v -0.564730048 0.541361451 -0.468843818
v -0.567235291 0.540189981 -0.466277897
v -0.569635212 0.540509284 -0.467499167
v -0.570629299 0.539929807 -0.46995458
v -0.569635212 0.538790941 -0.472205788
v -0.567235291 0.5377599 -0.472934067
v -0.56483537 0.537440598 -0.471712798
v -0.563841283 0.538020074 -0.469257385
v -0.56483537 0.53915894 -0.467006177
v -0.569440961 0.533272028 -0.46375221
v -0.571840882 0.53359133 -0.46497348
v -0.572834969 0.533011854 -0.467428893
v -0.571840882 0.531872988 -0.469680101
v -0.569440961 0.530841947 -0.47040838
v -0.567041039 0.530522645 -0.469187111
v -0.566046953 0.531102121 -0.466731697
v -0.567041039 0.532240987 -0.464480489
v -0.569440961 0.534131169 -0.464207947
v -0.571885586 0.533967793 -0.46536997
v -0.572898149 0.532685161 -0.467533886
v -0.571885586 0.53103447 -0.469432086
v -0.569440961 0.529982805 -0.469952643
v -0.566996336 0.530146182 -0.468790621
v -0.565983772 0.531428814 -0.466626704
v -0.566996336 0.533079505 -0.464728504
v -0.571026921 0.528393984 -0.460065037
v -0.573471546 0.528230608 -0.461227059
v -0.57448411 0.526947975 -0.463390976
v -0.573471546 0.525297284 -0.465289176
v -0.571026921 0.52424562 -0.465809733
v -0.568582296 0.524408996 -0.46464771
v -0.567569733 0.525691628 -0.462483793
v -0.568582296 0.527342319 -0.460585594
v -0.571026921 0.528956056 -0.460570365
v -0.573503137 0.528438032 -0.461546659
v -0.574528813 0.526679158 -0.46333763
v -0.573503137 0.524709821 -0.464894116
v -0.571026921 0.523683548 -0.465304404
v -0.568550706 0.524201572 -0.46432811
v -0.567525029 0.525960445 -0.46253714
v -0.568550706 0.527929783 -0.460980654
v -0.572136879 0.524128258 -0.45519343
v -0.574613094 0.523610234 -0.456169724
v -0.575638771 0.521851361 -0.457960695
v -0.574613094 0.519882023 -0.459517181
v -0.572136879 0.518855751 -0.459927469
v -0.569660664 0.519373775 -0.458951175
v -0.568634987 0.521132648 -0.457160205
v -0.569660664 0.523101985 -0.455603719
v -0.572136879 0.524730265 -0.456122994
v -0.574640274 0.523820817 -0.456631869
v -0.575677216 0.521547139 -0.457684666
v -0.574640274 0.519241214 -0.458664715
v -0.572136879 0.518253744 -0.458997905
v -0.569633484 0.519163191 -0.458489031
v -0.568596542 0.52143687 -0.457436234
v -0.569633484 0.523742795 -0.456456184
v -0.572448909 0.52143234 -0.448693454
v -0.574952304 0.520522892 -0.449202329
v -0.575989246 0.518249214 -0.450255126
v -0.574952304 0.515943289 -0.451235175
v -0.572448909 0.514955819 -0.451568365
v -0.569945514 0.515865266 -0.45105949
v -0.568908572 0.518138945 -0.450006694
v -0.569945514 0.52044487 -0.449026644
v -0.575765252 0.51944083 -0.45013091
v -0.574699104 0.519327939 -0.452621609
v -0.572314799 0.518550873 -0.453653306
v -0.570009053 0.517564774 -0.452621609
v -0.569132566 0.516947329 -0.45013091
v -0.570198715 0.51706022 -0.44764021
v -0.57258302 0.517837286 -0.446608514
v -0.574888766 0.518823385 -0.44764021
v -0.579404891 0.509759247 -0.451250106
v -0.578338742 0.509646356 -0.453740805
v -0.575954437 0.50886929 -0.454772502
v -0.573648691 0.507883191 -0.453740805
v -0.572772205 0.507265747 -0.451250106
v -0.573838353 0.507378638 -0.448759407
v -0.576222658 0.508155704 -0.44772771
v -0.578528404 0.509141803 -0.448759407
v -0.573152721 0.519003212 -0.428355813
v -0.572025836 0.518761098 -0.430810302
v -0.56992203 0.517385066 -0.431827009
v -0.56807369 0.515681148 -0.430810302
v -0.567563593 0.514647543 -0.428355813
v -0.568690479 0.514889657 -0.425901324
v -0.570794284 0.51626569 -0.424884617
v -0.572642624 0.517969608 -0.425901324
v -0.580925286 0.509029448 -0.430940539
v -0.5797984 0.508787334 -0.433395028
v -0.577694595 0.507411301 -0.434411734
v -0.575846255 0.505707383 -0.433395028
v -0.575336158 0.504673779 -0.430940539
v -0.576463044 0.504915893 -0.428486049
v -0.578566849 0.506291926 -0.427469343
v -0.580415189 0.507995844 -0.428486049
v -0.578130722 0.509662271 -0.428783476
v -0.580492377 0.508330047 -0.428752095
v -0.581470609 0.506131828 -0.43000266
v -0.580492377 0.504355252 -0.43180263
v -0.578130722 0.504040956 -0.433097601
v -0.575769067 0.50537318 -0.433128983
v -0.574790835 0.507571399 -0.431878418
v -0.575769067 0.509347975 -0.430078447
v -0.575290918 0.504777968 -0.42241925
v -0.577652574 0.503445745 -0.422387868
v -0.578630805 0.501247525 -0.423638433
v -0.577652574 0.499470919 -0.425438404
v -0.575290918 0.499156684 -0.426733375
v -0.572929263 0.500488877 -0.426764756
v -0.571951032 0.502687097 -0.425514191
v -0.572929263 0.504463673 -0.423714221
v -0.57838136 0.501967311 -0.4263089
v -0.577092111 0.499588341 -0.426486492
v -0.574747801 0.498602927 -0.425545096
v -0.572721601 0.499588341 -0.424036235
v -0.572200477 0.501967311 -0.422843724
v -0.573489726 0.504346251 -0.422666132
v -0.575834036 0.505331695 -0.423607528
v -0.577860236 0.504346251 -0.42511639
v -0.582360923 0.49928084 -0.419210583
v -0.581071675 0.49690187 -0.419388175
v -0.578727365 0.495916456 -0.418446779
v -0.576701164 0.49690187 -0.416937917
v -0.576180041 0.49928084 -0.415745407
v -0.577469289 0.501659811 -0.415567815
v -0.5798136 0.502645195 -0.416509211
v -0.5818398 0.501659811 -0.418018073
v -0.579270482 0.497826755 -0.414247185
v -0.581771314 0.498117089 -0.415254474
v -0.582807183 0.499089152 -0.417564273
v -0.581771314 0.500173509 -0.419823527
v -0.579270482 0.500734925 -0.420708805
v -0.57676965 0.500444591 -0.419701517
v -0.575733781 0.499472529 -0.417391717
v -0.57676965 0.498388201 -0.415132463
v -0.578748643 0.489820749 -0.417850465
v -0.581249475 0.490111083 -0.418857753
v -0.582285345 0.491083145 -0.421167552
v -0.581249475 0.492167473 -0.423426807
v -0.578748643 0.492728919 -0.424312085
v -0.576247811 0.492438585 -0.423304796
v -0.575211942 0.491466522 -0.420994997
v -0.576247811 0.490382195 -0.418735743
v -0.578748643 0.492840737 -0.417903125
v -0.581165791 0.492972732 -0.419125021
v -0.582167029 0.492110163 -0.421492845
v -0.581165791 0.49075824 -0.423619568
v -0.578748643 0.48970893 -0.424259424
v -0.576331496 0.489576936 -0.423037529
v -0.575330257 0.490439504 -0.420669705
v -0.576331496 0.491791427 -0.418542981
v -0.580718935 0.486352682 -0.414706409
v -0.583136082 0.486484677 -0.415928304
v -0.584137321 0.485622108 -0.418296129
v -0.583136082 0.484270185 -0.420422852
v -0.580718935 0.483220875 -0.421062708
v -0.578301787 0.483088881 -0.419840813
v -0.577300549 0.483951449 -0.417472988
v -0.578301787 0.485303372 -0.415346265
v -0.580718935 0.487810522 -0.416038066
v -0.583063364 0.48646459 -0.415825129
v -0.584034443 0.484135836 -0.416818589
v -0.583063364 0.482188374 -0.418436468
v -0.580718935 0.481763035 -0.419731051
v -0.578374505 0.483108968 -0.419943988
v -0.577403426 0.485437721 -0.418950528
v -0.578374505 0.487385184 -0.417332649
v -0.577587485 0.483478278 -0.408943743
v -0.579931915 0.482132345 -0.408730805
v -0.580902994 0.479803592 -0.409724265
v -0.579931915 0.477856129 -0.411342144
v -0.577587485 0.477430791 -0.412636727
v -0.575243056 0.478776723 -0.412849665
v -0.574271977 0.481105477 -0.411856204
v -0.575243056 0.483052939 -0.410238326
v -0.577587485 0.482996225 -0.408321947
v -0.580058455 0.482539415 -0.409341097
v -0.581081986 0.480861336 -0.411209136
v -0.580058455 0.478944927 -0.412831783
v -0.577587485 0.477912843 -0.413258523
v -0.575116515 0.478369653 -0.412239373
v -0.574092984 0.480047733 -0.410371333
v -0.575116515 0.481964141 -0.408748686
v -0.578187108 0.480496228 -0.405747592
v -0.580658078 0.480039418 -0.406766742
v -0.581681609 0.478361338 -0.408634782
v -0.580658078 0.47644493 -0.410257429
v -0.578187108 0.475412846 -0.410684168
v -0.575716138 0.475869656 -0.409665018
v -0.574692607 0.477547735 -0.407796979
v -0.575716138 0.479464144 -0.406174332
v -0.560943961 0.497690111 -0.356910557
v -0.559895754 0.49518925 -0.356905967
v -0.55740571 0.494153351 -0.357188433
v -0.554932535 0.49518925 -0.357592493
v -0.553924918 0.497690111 -0.357881457
v -0.554973125 0.500190973 -0.357886046
v -0.557463169 0.501226842 -0.35760358
v -0.559936345 0.500190973 -0.35719952
v -0.55923003 0.498431236 -0.344520003
v -0.558181822 0.495930374 -0.344515413
v -0.555691779 0.494894475 -0.344797879
v -0.553218603 0.495930374 -0.345201939
v -0.552210987 0.498431236 -0.345490903
v -0.553259194 0.500932097 -0.345495492
v -0.555749238 0.501967967 -0.345213026
v -0.558222413 0.500932097 -0.344808966
v -0.562176228 0.490874827 -0.333956242
v -0.564652443 0.490356773 -0.334932536
v -0.56567812 0.4885979 -0.336723477
v -0.564652443 0.486628562 -0.338279992
v -0.562176228 0.485602319 -0.338690281
v -0.559700012 0.486120373 -0.337713987
v -0.558674335 0.487879246 -0.335923046
v -0.559700012 0.489848584 -0.33436653
v -0.562722981 0.488496572 -0.331307471
v -0.565199196 0.487978518 -0.332283765
v -0.566224873 0.486219645 -0.334074706
v -0.565199196 0.484250307 -0.335631222
v -0.562722981 0.483224064 -0.33604151
v -0.560246766 0.483742118 -0.335065216
v -0.559221089 0.485500991 -0.333274275
v -0.560246766 0.487470329 -0.331717759
v -0.562722981 0.488361716 -0.331165373
v -0.565191746 0.487930745 -0.332201034
v -0.566214323 0.486286938 -0.334099799
v -0.565191746 0.484393239 -0.335749447
v -0.562722981 0.48335892 -0.336183608
v -0.560254216 0.483789891 -0.335147947
v -0.559231639 0.485433698 -0.333249182
v -0.560254216 0.487327397 -0.331599534
v -0.563941538 0.483360142 -0.326179177
v -0.566410303 0.48292917 -0.327214837
v -0.56743288 0.481285363 -0.329113603
v -0.566410303 0.479391664 -0.330763251
v -0.563941538 0.478357345 -0.331197411
v -0.561472774 0.478788316 -0.33016175
v -0.560450196 0.480432123 -0.328262985
v -0.561472774 0.482325822 -0.326613337
v -0.567317367 0.479783326 -0.328688294
v -0.566372871 0.480237395 -0.331189275
v -0.564004183 0.481055439 -0.332225233
v -0.561598778 0.481758267 -0.331189275
v -0.56056571 0.48193416 -0.328688294
v -0.561510205 0.481480092 -0.326187313
v -0.563878894 0.480662048 -0.325151354
v -0.566284299 0.47995922 -0.326187313
v -0.565551579 0.474240422 -0.329027802
v -0.564607084 0.47469449 -0.331528783
v -0.562238395 0.475512534 -0.332564741
v -0.55983299 0.476215363 -0.331528783
v -0.558799922 0.476391256 -0.329027802
v -0.559744418 0.475937188 -0.326526821
v -0.562113106 0.475119144 -0.325490862
v -0.564518511 0.474416316 -0.326526821
v -0.565438867 0.475315839 -0.327647716
v -0.564436078 0.472813487 -0.327940732
v -0.562109232 0.471776992 -0.328870535
v -0.559821367 0.472813487 -0.329892457
v -0.558912635 0.475315839 -0.330407888
v -0.559915423 0.477818191 -0.330114871
v -0.56224227 0.478854686 -0.329185069
v -0.564530134 0.477818191 -0.328163147
v -0.559852242 0.476007849 -0.314438373
v -0.558849454 0.473505497 -0.314731389
v -0.556522608 0.472469002 -0.315661192
v -0.554234743 0.473505497 -0.316683114
v -0.553326011 0.476007849 -0.317198545
v -0.554328799 0.478510201 -0.316905528
v -0.556655645 0.479546696 -0.315975726
v -0.55894351 0.478510201 -0.314953804
v -0.556589127 0.478707582 -0.313524127
v -0.559068739 0.478148311 -0.314468473
v -0.560095847 0.476335198 -0.316203654
v -0.559068739 0.474330306 -0.317713171
v -0.556589127 0.473308116 -0.318112791
v -0.554109514 0.473867387 -0.317168444
v -0.553082407 0.4756805 -0.315433264
v -0.554109514 0.477685392 -0.313923746
v -0.557618976 0.474081069 -0.308080107
v -0.560098588 0.473521799 -0.309024453
v -0.561125696 0.471708685 -0.310759634
v -0.560098588 0.469703794 -0.312269151
v -0.557618976 0.468681604 -0.312668771
v -0.555139363 0.469240874 -0.311724424
v -0.554112256 0.471053988 -0.309989244
v -0.555139363 0.473058879 -0.308479726
v -0.560444832 0.473518431 -0.310374439
v -0.559298873 0.473313391 -0.312823474
v -0.557168841 0.471976578 -0.313837916
v -0.555302501 0.470291078 -0.312823474
v -0.554793119 0.469244242 -0.310374439
v -0.555939078 0.469449282 -0.307925403
v -0.55806911 0.470786095 -0.306910962
v -0.559935451 0.472471595 -0.307925403
v -0.568312943 0.46311456 -0.313185066
v -0.567166984 0.46290952 -0.315634102
v -0.565036952 0.461572707 -0.316648543
v -0.563170612 0.459887207 -0.315634102
v -0.562661231 0.45884037 -0.313185066
v -0.563807189 0.45904541 -0.31073603
v -0.565937221 0.460382223 -0.309721589
v -0.567803562 0.462067723 -0.31073603
v -0.568812668 0.46219933 -0.313185066
v -0.56778723 0.461981356 -0.315685868
v -0.565414369 0.461175323 -0.316721737
v -0.563084126 0.460253388 -0.315685868
v -0.562161505 0.459755599 -0.313185066
v -0.563186944 0.459973574 -0.310684264
v -0.565559804 0.460779607 -0.309648395
v -0.567890048 0.461701542 -0.310684264
v -0.570554316 0.457459033 -0.313486069
v -0.569528878 0.457241058 -0.315986872
v -0.567156017 0.456435025 -0.317022741
v -0.564825773 0.45551309 -0.315986872
v -0.563903153 0.455015302 -0.313486069
v -0.564928591 0.455233276 -0.310985267
v -0.567301452 0.45603931 -0.309949398
v -0.569631696 0.456961244 -0.310985267
v -0.570481241 0.456237167 -0.312081158
v -0.5696944 0.453767061 -0.312876493
v -0.567463219 0.452743888 -0.314028889
v -0.56509465 0.453767061 -0.314863294
v -0.563976228 0.456237167 -0.314890981
v -0.564763069 0.458707273 -0.314095646
v -0.56699425 0.459730446 -0.31294325
v -0.569362819 0.458707273 -0.312108845
v -0.566176176 0.454399496 -0.302114397
v -0.565389335 0.45192939 -0.302909732
v -0.563158154 0.450906217 -0.304062128
v -0.560789585 0.45192939 -0.304896533
v -0.559671164 0.454399496 -0.30492422
v -0.560458004 0.456869602 -0.304128885
v -0.562689185 0.457892776 -0.302976489
v -0.565057755 0.456869602 -0.302142084
v -0.56292367 0.456027895 -0.30037275
v -0.565369904 0.455070883 -0.301045895
v -0.566383183 0.45372057 -0.303167939
v -0.565369904 0.452767968 -0.305495799
v -0.56292367 0.452771097 -0.306665868
v -0.560477436 0.45372811 -0.305992723
v -0.559464157 0.455078423 -0.303870678
v -0.560477436 0.456031024 -0.301542819
v -0.561196387 0.449085772 -0.29678005
v -0.563642621 0.44812876 -0.297453195
v -0.5646559 0.446778446 -0.299575239
v -0.563642621 0.445825845 -0.301903099
v -0.561196387 0.445828974 -0.303073168
v -0.558750153 0.446785986 -0.302400023
v -0.557736874 0.4481363 -0.300277978
v -0.558750153 0.449088901 -0.297950119
v -0.525204122 0.51635313 -0.192404926
v -0.527659237 0.515476942 -0.191658095
v -0.528676212 0.51310724 -0.190819368
v -0.527659237 0.510632157 -0.190380052
v -0.525204122 0.509501576 -0.190597504
v -0.522749007 0.510377765 -0.191344336
v -0.521732032 0.512747467 -0.192183062
v -0.522749007 0.515222549 -0.192622378
v -0.52185595 0.520558059 -0.176464915
v -0.524311066 0.519681871 -0.175718084
v -0.52532804 0.517312169 -0.174879357
v -0.524311066 0.514837086 -0.174440041
v -0.52185595 0.513706505 -0.174657494
v -0.519400835 0.514582694 -0.175404325
v -0.518383861 0.516952395 -0.176243052
v -0.519400835 0.519427478 -0.176682368
v -0.524756312 0.519167066 -0.175561205
v -0.523411214 0.519277513 -0.177913144
v -0.521155059 0.518131316 -0.178887352
v -0.519309461 0.51639992 -0.177913144
v -0.518955588 0.515097499 -0.175561205
v -0.520300686 0.514987051 -0.173209265
v -0.522556841 0.516133249 -0.172235057
v -0.52440244 0.517864645 -0.173209265
v -0.533628047 0.506521344 -0.181228921
v -0.532282948 0.506631792 -0.18358086
v -0.530026793 0.505485594 -0.184555069
v -0.528181195 0.503754199 -0.18358086
v -0.527827322 0.502451777 -0.181228921
v -0.529172421 0.50234133 -0.178876981
v -0.531428576 0.503487527 -0.177902773
v -0.533274174 0.505218923 -0.178876981
v -0.530727684 0.508013725 -0.180894971
v -0.533224583 0.506961405 -0.18078956
v -0.534258842 0.504459321 -0.180941522
v -0.533224583 0.501973212 -0.181261837
v -0.530727684 0.500959396 -0.181562871
v -0.528230786 0.502011716 -0.181668282
v -0.527196527 0.5045138 -0.18151632
v -0.528230786 0.50699991 -0.181196004
v -0.530331671 0.507557154 -0.176072612
v -0.532828569 0.506504834 -0.175967202
v -0.533862829 0.50400275 -0.176119164
v -0.532828569 0.50151664 -0.176439479
v -0.530331671 0.500502825 -0.176740512
v -0.527834773 0.501555145 -0.176845923
v -0.526800513 0.504057229 -0.176693961
v -0.527834773 0.506543338 -0.176373646
v -0.525532067 0.512774169 -0.141424447
v -0.523942888 0.510590911 -0.141671166
v -0.521718085 0.50968653 -0.140412033
v -0.520160854 0.510590911 -0.13838461
v -0.520183504 0.512774169 -0.136776537
v -0.521772683 0.514957428 -0.136529818
v -0.523997486 0.515861809 -0.137788951
v -0.525554717 0.514957428 -0.139816374
v -0.529954195 0.508980274 -0.136335671
v -0.528365016 0.506797016 -0.136582389
v -0.526140213 0.505892634 -0.135323256
v -0.524582982 0.506797016 -0.133295834
v -0.524605632 0.508980274 -0.13168776
v -0.526194811 0.511163533 -0.131441042
v -0.528419614 0.512067914 -0.132700175
v -0.529976845 0.511163533 -0.134727597
v -0.530794263 0.508980274 -0.133562386
v -0.529755235 0.506476164 -0.13361828
v -0.527266204 0.505438983 -0.133904651
v -0.524785221 0.506476164 -0.13425374
v -0.523765564 0.508980274 -0.134461045
v -0.524804592 0.511484385 -0.134405151
v -0.527293622 0.512521565 -0.13411878
v -0.529774606 0.511484385 -0.133769691
v -0.529391289 0.509317458 -0.122589394
v -0.528352261 0.506813347 -0.122645296
v -0.52586323 0.505776167 -0.122931659
v -0.523382246 0.506813347 -0.123280749
v -0.52236259 0.509317458 -0.123488069
v -0.523401618 0.511821568 -0.123432167
v -0.525890648 0.512858748 -0.123145804
v -0.528371632 0.511821568 -0.122796714
v -0.525876939 0.511953712 -0.120671727
v -0.528353155 0.511435688 -0.121648021
v -0.529378831 0.509676814 -0.123438977
v -0.528353155 0.507707477 -0.12499547
v -0.525876939 0.506681204 -0.125405729
v -0.523400724 0.507199228 -0.124429442
v -0.522375047 0.508958101 -0.122638486
v -0.523400724 0.510927439 -0.121081993
v -0.526925266 0.507394075 -0.115593418
v -0.529401481 0.506876051 -0.116569713
v -0.530427158 0.505117178 -0.118360668
v -0.529401481 0.50314784 -0.119917162
v -0.526925266 0.502121568 -0.120327428
v -0.52444905 0.502639592 -0.119351134
v -0.523423374 0.504398465 -0.117560178
v -0.52444905 0.506367803 -0.116003685
v -0.526925266 0.507616162 -0.115866974
v -0.529413104 0.50695312 -0.11671795
v -0.530443609 0.505004168 -0.11829675
v -0.529413104 0.502910852 -0.119678535
v -0.526925266 0.501899481 -0.120053872
v -0.524437428 0.502562523 -0.119202897
v -0.523406923 0.504511476 -0.117624097
v -0.524437428 0.506604791 -0.116242312
v -0.527749598 0.503505409 -0.110254273
v -0.530237436 0.502842367 -0.111105248
v -0.531267941 0.500893414 -0.112684049
v -0.530237436 0.498800099 -0.114065833
v -0.527749598 0.497788727 -0.114441171
v -0.52526176 0.49845174 -0.113590196
v -0.524231255 0.500400722 -0.112011395
v -0.52526176 0.502494037 -0.110629611
v -0.522892833 0.511027575 -0.0914960355
v -0.5253914 0.510210335 -0.0921612382
v -0.526426315 0.508059084 -0.0934473723
v -0.5253914 0.505833983 -0.0946010351
v -0.522892833 0.504838467 -0.0949464291
v -0.520394266 0.505655706 -0.0942812264
v -0.51935935 0.507806957 -0.0929950923
v -0.520394266 0.510032058 -0.0918414295
v -0.52341944 0.507528007 -0.0852187276
v -0.525918007 0.506710768 -0.0858839303
v -0.526952922 0.504559517 -0.0871700644
v -0.525918007 0.502334416 -0.0883237273
v -0.52341944 0.501338899 -0.0886691213
v -0.520920873 0.502156138 -0.0880039185
v -0.519885957 0.504307389 -0.0867177844
v -0.520920873 0.50653249 -0.0855641216
v -0.52341944 0.507777333 -0.0857730657
v -0.525924623 0.506805182 -0.0861366689
v -0.52696228 0.504443705 -0.0869731531
v -0.525924623 0.502076209 -0.0877925158
v -0.52341944 0.501089573 -0.0881147832
v -0.520914257 0.502061725 -0.0877511799
v -0.519876599 0.504423201 -0.0869146958
v -0.520914257 0.506790698 -0.0860953331
v -0.523487568 0.505201638 -0.0784170479
v -0.525992751 0.504229486 -0.0787806511
v -0.527030408 0.50186801 -0.0796171352
v -0.525992751 0.499500513 -0.0804364979
v -0.523487568 0.498513848 -0.0807587653
v -0.520982385 0.499486029 -0.0803951621
v -0.519944727 0.501847506 -0.079558678
v -0.520982385 0.504215002 -0.0787393153
v -0.523487568 0.505273283 -0.078646265
v -0.525992453 0.504261613 -0.0788812116
v -0.527029991 0.501841843 -0.0795301273
v -0.525992453 0.499431342 -0.0802128986
v -0.523487568 0.498442233 -0.0805295482
v -0.520982683 0.499453872 -0.0802946016
v -0.519945145 0.501873672 -0.0796456859
v -0.520982683 0.504284143 -0.0789629146
v -0.523350179 0.503114998 -0.070817627
v -0.525855064 0.502103329 -0.0710525736
v -0.526892602 0.499683529 -0.0717014894
v -0.525855064 0.497273028 -0.0723842606
v -0.523350179 0.496283919 -0.0727009103
v -0.520845294 0.497295558 -0.0724659637
v -0.519807756 0.499715358 -0.0718170479
v -0.520845294 0.502125859 -0.0711342767
v -0.523350179 0.502363443 -0.0694235042
v -0.525827885 0.501827359 -0.0703861713
v -0.526854217 0.500044823 -0.0721531808
v -0.525827885 0.498059958 -0.0736894384
v -0.523350179 0.497035474 -0.0740950331
v -0.520872474 0.497571498 -0.0731323659
v -0.519846141 0.499354064 -0.0713653564
v -0.520872474 0.501338959 -0.0698290989
v -0.52436471 0.497889817 -0.0643212944
v -0.526842415 0.497353792 -0.0652839616
v -0.527868748 0.495571226 -0.0670509711
v -0.526842415 0.493586361 -0.0685872287
v -0.52436471 0.492561877 -0.0689928234
v -0.521887004 0.493097901 -0.0680301562
v -0.520860672 0.494880468 -0.0662631467
v -0.521887004 0.496865332 -0.0647268891
v -0.52436471 0.497862101 -0.0642900467
v -0.526840925 0.497344077 -0.065266341
v -0.527866602 0.495585203 -0.0670572966
v -0.526840925 0.493615836 -0.0686137974
v -0.52436471 0.492589593 -0.0690240711
v -0.521888494 0.493107617 -0.0680477768
v -0.520862818 0.49486649 -0.0662568212
v -0.521888494 0.496835858 -0.0647003204
v -0.525405288 0.493336141 -0.0592492707
v -0.527881503 0.492818117 -0.060225565
v -0.52890718 0.491059244 -0.0620165244
v -0.527881503 0.489089876 -0.0635730252
v -0.525405288 0.488063633 -0.0639832914
v -0.522929072 0.488581657 -0.0630069971
v -0.521903396 0.490340531 -0.0612160414
v -0.522929072 0.492309898 -0.0596595407
v -0.516223431 0.50197643 -0.0380484723
v -0.518699646 0.501458347 -0.0390247516
v -0.519725323 0.499699503 -0.0408156998
v -0.518699646 0.497730136 -0.0423722044
v -0.516223431 0.496703893 -0.0427824818
v -0.513747215 0.497221947 -0.0418062024
v -0.512721539 0.49898079 -0.0400152542
v -0.513747215 0.500950158 -0.0384587497
v -0.517257929 0.497476697 -0.0330369137
v -0.519734144 0.496958643 -0.0340131931
v -0.520759821 0.4951998 -0.0358041413
v -0.519734144 0.493230432 -0.0373606458
v -0.517257929 0.492204189 -0.0377709232
v -0.514781713 0.492722243 -0.0367946438
v -0.513756037 0.494481087 -0.0350036956
v -0.514781713 0.496450454 -0.0334471911
v -0.517257929 0.497476697 -0.0330369063
v -0.519734144 0.496958673 -0.0340132043
v -0.520759821 0.4951998 -0.0358041637
v -0.519734144 0.493230432 -0.0373606645
v -0.517257929 0.492204189 -0.0377709307
v -0.514781713 0.492722213 -0.0367946327
v -0.513756037 0.494481087 -0.0350036733
v -0.514781713 0.496450454 -0.0334471725
v -0.518292487 0.492976964 -0.0280253422
v -0.520768702 0.49245894 -0.0290016402
v -0.521794379 0.490700066 -0.0307925977
v -0.520768702 0.488730699 -0.0323490985
v -0.518292487 0.487704456 -0.0327593647
v -0.515816271 0.48822248 -0.0317830704
v -0.514790595 0.489981353 -0.029992111
v -0.515816271 0.491950721 -0.0284356084
v -0.518292487 0.493416071 -0.0286331624
v -0.520790219 0.492611527 -0.0293166079
v -0.521824837 0.490476757 -0.0306302104
v -0.520790219 0.488262326 -0.0318044797
v -0.518292487 0.487265348 -0.0321515463
v -0.515794754 0.488069892 -0.0314681008
v -0.514760137 0.490204662 -0.0301544983
v -0.515794754 0.492419094 -0.0289802272
v -0.518841445 0.489902377 -0.0224906523
v -0.521339178 0.489097834 -0.0231740978
v -0.522373796 0.486963063 -0.0244877003
v -0.521339178 0.484748632 -0.0256619714
v -0.518841445 0.483751655 -0.0260090362
v -0.516343713 0.484556198 -0.0253255907
v -0.515309095 0.486690968 -0.0240119882
v -0.516343713 0.4889054 -0.0228377171
v -0.510052562 0.499374449 -0.00665194867
v -0.512557805 0.498394638 -0.00699394103
v -0.513595462 0.496021539 -0.00779687986
v -0.512557805 0.493645281 -0.00859041419
v -0.510052562 0.49265784 -0.00890970323
v -0.507547319 0.493637651 -0.00856771041
v -0.506509662 0.496010751 -0.00776477158
v -0.507547319 0.498387009 -0.00697123678
v -0.510089338 0.496923298 0.000639996375
v -0.512594581 0.495943487 0.000298003812
v -0.513632238 0.493570387 -0.000504935102
v -0.512594581 0.491194129 -0.00129846961
v -0.510089338 0.490206689 -0.00161775807
v -0.507584095 0.4911865 -0.00127576548
v -0.506546438 0.493559599 -0.000472826592
v -0.507584095 0.495935857 0.000320707972
v -0.505703449 0.509426892 0.0228124671
v -0.505935967 0.50841552 0.0203072168
v -0.506497324 0.505973995 0.0192695074
v -0.50705868 0.503532469 0.0203072168
v -0.507291198 0.502521098 0.0228124671
v -0.50705868 0.503532469 0.0253177173
v -0.506497324 0.505973995 0.0263554268
v -0.505935967 0.50841552 0.0253177173
v -0.512258053 0.510933936 0.0228124671
v -0.512490571 0.509922564 0.0203072168
v -0.513051927 0.507481039 0.0192695074
v -0.513613284 0.505039513 0.0203072168
v -0.513845801 0.504028141 0.0228124671
v -0.513613284 0.505039513 0.0253177173
v -0.513051927 0.507481039 0.0263554268
v -0.512490571 0.509922564 0.0253177173
v -0.516204596 0.507481039 0.0211959053
v -0.515451968 0.505003929 0.0220024437
v -0.513293445 0.503977835 0.0232834835
v -0.510993421 0.505003929 0.0242886078
v -0.509899259 0.507481039 0.0244290289
v -0.510651886 0.509958148 0.0236224905
v -0.512810409 0.510984242 0.0223414507
v -0.515110433 0.509958148 0.0213363264
v -0.518833876 0.508351743 0.0263235979
v -0.518081248 0.505874634 0.0271301363
v -0.515922725 0.50484854 0.0284111761
v -0.513622701 0.505874634 0.0294163004
v -0.512528539 0.508351743 0.0295567214
v -0.513281167 0.510828853 0.0287501831
v -0.515439689 0.511854947 0.0274691433
v -0.517739713 0.510828853 0.026464019
v -0.516851783 0.508351743 0.0245961659
v -0.516284525 0.505857825 0.0254970435
v -0.515363872 0.504824758 0.0278290659
v -0.514629066 0.505857825 0.0302261654
v -0.514510632 0.508351743 0.0312841535
v -0.515077889 0.510845661 0.0303832758
v -0.515998542 0.511878729 0.0280512534
v -0.516733348 0.510845661 0.0256541539
v -0.523910046 0.507638812 0.0270669553
v -0.523342788 0.505144894 0.027967833
v -0.522422135 0.504111826 0.0302998554
v -0.521687329 0.505144894 0.0326969549
v -0.521568894 0.507638812 0.0337549411
v -0.522136152 0.51013273 0.0328540653
v -0.523056805 0.511165798 0.0305220429
v -0.523791611 0.51013273 0.0281249434
v -0.524688601 0.507638812 0.0274523422
v -0.523478806 0.505253255 0.0278979708
v -0.521835923 0.50426513 0.0298156682
v -0.52072227 0.505253255 0.0320820734
v -0.520790339 0.507638812 0.0333695561
v -0.522000134 0.510024369 0.0329239294
v -0.523643017 0.511012495 0.03100623
v -0.52475667 0.510024369 0.0287398249
v -0.528465152 0.506188333 0.0299403667
v -0.527255356 0.503802776 0.0303859953
v -0.525612473 0.502814651 0.0323036909
v -0.52449882 0.503802776 0.0345700979
v -0.524566889 0.506188333 0.0358575806
v -0.525776684 0.50857389 0.0354119539
v -0.527419567 0.509562016 0.0334942564
v -0.52853322 0.50857389 0.0312278494
v -0.530042529 0.506188333 0.0332399644
v -0.529025078 0.503688216 0.0329806469
v -0.526537836 0.502652645 0.0326734856
v -0.524037838 0.503688216 0.0324984118
v -0.522989511 0.506188333 0.032557983
v -0.524006963 0.50868845 0.0328173004
v -0.526494205 0.509724021 0.0331244618
v -0.528994203 0.50868845 0.0332995355
v -0.529145837 0.505591393 0.042513486
v -0.528128386 0.503091276 0.0422541685
v -0.525641143 0.502055705 0.0419470072
v -0.523141146 0.503091276 0.0417719334
v -0.522092819 0.505591393 0.0418315046
v -0.523110271 0.508091509 0.042090822
v -0.525597513 0.50912708 0.0423979834
v -0.52809751 0.508091509 0.0425730571
v -0.525619328 0.508034587 0.044738315
v -0.528009117 0.506774604 0.0445051678
v -0.528999031 0.504821539 0.0429055728
v -0.528009117 0.503319442 0.0408765487
v -0.525619328 0.503148198 0.0396066755
v -0.523229539 0.504408181 0.0398398228
v -0.522239625 0.506361246 0.0414394177
v -0.523229539 0.507863343 0.0434684418
v -0.523368955 0.502853334 0.0496719144
v -0.525758743 0.501593351 0.0494387671
v -0.526748657 0.499640256 0.0478391722
v -0.525758743 0.49813816 0.0458101481
v -0.523368955 0.497966945 0.0445402749
v -0.520979166 0.499226928 0.0447734222
v -0.519989252 0.501179993 0.0463730171
v -0.520979166 0.50268209 0.0484020412
v -0.519132078 0.512022257 0.0677186027
v -0.518247545 0.509520948 0.0682790205
v -0.516292512 0.50848484 0.0698466226
v -0.514412165 0.509520948 0.0715031177
v -0.513708055 0.512022257 0.0722781643
v -0.514592588 0.514523566 0.0717177466
v -0.51654762 0.515559673 0.0701501444
v -0.518427968 0.514523566 0.0684936494
v -0.522298396 0.511746466 0.0714852735
v -0.521413863 0.509245157 0.0720456913
v -0.51945883 0.50820905 0.0736132935
v -0.517578483 0.509245157 0.0752697885
v -0.516874373 0.511746466 0.0760448352
v -0.517758906 0.514247775 0.0754844174
v -0.519713938 0.515283883 0.0739168152
v -0.521594286 0.514247775 0.0722603202
v -0.522572696 0.511746466 0.0718586147
v -0.521787524 0.509246767 0.0725572407
v -0.519712985 0.508211315 0.0739633888
v -0.517564297 0.509246767 0.0752533525
v -0.516600072 0.511746466 0.075671494
v -0.517385244 0.514246166 0.074972868
v -0.519459784 0.515281618 0.0735667199
v -0.521608472 0.514246166 0.0722767562
v -0.525422394 0.512098968 0.0763224661
v -0.524637222 0.509599268 0.0770210922
v -0.522562683 0.508563817 0.0784272403
v -0.520413995 0.509599268 0.079717204
v -0.51944977 0.512098968 0.0801353455
v -0.520234942 0.514598668 0.0794367194
v -0.522309482 0.51563412 0.0780305713
v -0.52445817 0.514598668 0.0767406076
v -0.522436082 0.515408218 0.0769634768
v -0.524939954 0.51446861 0.0774115399
v -0.525977075 0.51214087 0.078338407
v -0.524939954 0.509788573 0.0792011321
v -0.522436082 0.508789718 0.0794943348
v -0.51993221 0.509729326 0.0790462717
v -0.51889509 0.512057066 0.0781194046
v -0.51993221 0.514409363 0.0772566795
v -0.521883845 0.521365702 0.0925430804
v -0.524387717 0.520426095 0.0929911435
v -0.525424838 0.518098354 0.0939180106
v -0.524387717 0.515746057 0.0947807357
v -0.521883845 0.514747202 0.0950739384
v -0.519379973 0.51568681 0.0946258754
v -0.518342853 0.51801455 0.0936990082
v -0.519379973 0.520366848 0.0928362831
v -0.524150968 0.518056452 0.0910858959
v -0.523072898 0.515609801 0.0915385485
v -0.521298289 0.514596403 0.0933209062
v -0.519866705 0.515609801 0.0953888968
v -0.519616723 0.518056452 0.0965311229
v -0.520694792 0.520503104 0.0960784703
v -0.522469401 0.521516502 0.0942961127
v -0.523900986 0.520503104 0.0922281221
v -0.531175017 0.516043484 0.0969348997
v -0.530096948 0.513596833 0.0973875523
v -0.528322339 0.512583435 0.09916991
v -0.526890755 0.513596833 0.101237901
v -0.526640773 0.516043484 0.102380127
v -0.527718842 0.518490136 0.101927474
v -0.529493451 0.519503534 0.100145116
v -0.530925035 0.518490136 0.0980771258
v -0.528907895 0.519308269 0.0982813239
v -0.531335175 0.518592954 0.0992559493
v -0.532340527 0.516384184 0.100465797
v -0.531335175 0.513975859 0.101202168
v -0.528907895 0.512778699 0.101033702
v -0.526480615 0.513494015 0.100059077
v -0.525475264 0.515702784 0.0988492295
v -0.526480615 0.51811111 0.0981128588
v -0.526382565 0.523146927 0.107387878
v -0.528809845 0.522431612 0.108362503
v -0.529815197 0.520222843 0.109572351
v -0.528809845 0.517814517 0.110308722
v -0.526382565 0.516617358 0.110140257
v -0.523955286 0.517332673 0.109165631
v -0.522949934 0.519541442 0.107955784
v -0.523955286 0.521949768 0.107219413
v -0.526382565 0.523207784 0.107542388
v -0.528887212 0.522253096 0.107952885
v -0.529924631 0.519909501 0.108838566
v -0.528887212 0.517549872 0.1096806
v -0.526382565 0.516556501 0.109985746
v -0.523877919 0.517511189 0.109575249
v -0.5228405 0.519854784 0.108689569
v -0.523877919 0.522214413 0.107847534
v -0.526027083 0.528678536 0.122434914
v -0.52853173 0.527723849 0.122845411
v -0.529569149 0.525380254 0.123731092
v -0.52853173 0.523020625 0.124573126
v -0.526027083 0.522027254 0.124878272
v -0.523522437 0.522981942 0.124467775
v -0.522485018 0.525325537 0.123582095
v -0.523522437 0.527685165 0.12274006
v -0.528369784 0.525352895 0.120998718
v -0.527325332 0.522893608 0.121461377
v -0.525520384 0.521874905 0.123209961
v -0.524012208 0.522893608 0.12522018
v -0.523684382 0.525352895 0.126314461
v -0.524728835 0.527812183 0.12585181
v -0.526533782 0.528830886 0.124103226
v -0.528041959 0.527812183 0.122093014
v -0.531800985 0.524464607 0.12402305
v -0.530756533 0.52200532 0.124485709
v -0.528951585 0.520986617 0.126234293
v -0.527443409 0.52200532 0.128244504
v -0.527115583 0.524464607 0.129338801
v -0.528160036 0.526923895 0.12887615
v -0.529964983 0.527942598 0.127127558
v -0.53147316 0.526923895 0.125117347
v -0.529458284 0.527791977 0.127897918
v -0.531963408 0.526825964 0.127518147
v -0.533001065 0.524476647 0.126647949
v -0.531963408 0.522120297 0.125797078
v -0.529458284 0.521137238 0.125463933
v -0.526953161 0.52210325 0.125843704
v -0.525915504 0.524452567 0.126713902
v -0.526953161 0.526808918 0.127564773
v -0.529530644 0.525283754 0.134755701
v -0.532035768 0.524317741 0.13437593
v -0.533073425 0.521968424 0.133505732
v -0.532035768 0.519612074 0.132654861
v -0.529530644 0.518629014 0.132321715
v -0.527025521 0.519595027 0.132701486
v -0.525987864 0.521944344 0.133571684
v -0.527025521 0.524300694 0.134422556
v -0.529530644 0.525178313 0.132064968
v -0.53202647 0.524324894 0.132693931
v -0.533060312 0.522083998 0.133817747
v -0.53202647 0.519768417 0.134778112
v -0.529530644 0.518734455 0.135012448
v -0.527034819 0.519587874 0.134383485
v -0.526000977 0.521828771 0.133259669
v -0.527034819 0.524144351 0.132299304
v -0.527850986 0.533215106 0.149635062
v -0.530346811 0.532361686 0.150264025
v -0.531380653 0.53012079 0.151387841
v -0.530346811 0.527805209 0.152348205
v -0.527850986 0.526771247 0.152582541
v -0.52535516 0.527624667 0.151953578
v -0.524321318 0.529865563 0.150829762
v -0.52535516 0.532181144 0.149869397
v -0.527850986 0.533372998 0.15004611
v -0.53029269 0.532551289 0.150892273
v -0.531304061 0.530230999 0.151865274
v -0.53029269 0.527771473 0.152395144
v -0.527850986 0.526613355 0.152171493
v -0.525409281 0.527435064 0.15132533
v -0.52439791 0.529755354 0.150352329
v -0.525409281 0.53221488 0.149822459
v -0.524364173 0.53792721 0.164530471
v -0.526805878 0.537105501 0.165376633
v -0.527817249 0.534785211 0.166349635
v -0.526805878 0.532325685 0.166879505
v -0.524364173 0.531167567 0.166655853
v -0.521922469 0.531989276 0.165809691
v -0.520911098 0.534309566 0.16483669
v -0.521922469 0.536769092 0.164306819
v -0.527038455 0.534547389 0.163269207
v -0.525449276 0.53236413 0.163022488
v -0.523224473 0.531459749 0.164281622
v -0.521667242 0.53236413 0.166309044
v -0.521689892 0.534547389 0.167917117
v -0.523279071 0.536730647 0.168163836
v -0.525503874 0.537635028 0.166904703
v -0.527061105 0.536730647 0.164877281
v -0.531205416 0.530972421 0.168064341
v -0.529616237 0.528789163 0.167817622
v -0.527391434 0.527884781 0.169076756
v -0.525834203 0.528789163 0.171104178
v -0.525856853 0.530972421 0.172712252
v -0.527446032 0.53315568 0.17295897
v -0.529670835 0.534060061 0.171699837
v -0.531228065 0.53315568 0.169672415
v -0.528531134 0.534343302 0.171479046
v -0.531036317 0.533351719 0.171172783
v -0.532074034 0.530966401 0.170406967
v -0.531036317 0.528584599 0.169630229
v -0.528531134 0.52760154 0.169297546
v -0.526025951 0.528593123 0.16960381
v -0.524988234 0.530978441 0.170369625
v -0.526025951 0.533360243 0.171146363
v -0.528490365 0.53207761 0.178480998
v -0.530995548 0.531086028 0.178174734
v -0.532033265 0.528700709 0.177408919
v -0.530995548 0.526318908 0.176632181
v -0.528490365 0.525335848 0.176299497
v -0.525985181 0.526327431 0.176605761
v -0.524947464 0.528712749 0.177371576
v -0.525985181 0.531094551 0.178148314
v -0.520658433 0.548850358 0.208946407
v -0.51963371 0.546345592 0.208775133
v -0.517148137 0.545308113 0.208461002
v -0.514657736 0.546345592 0.208188027
v -0.513621271 0.548850358 0.208116114
v -0.514645994 0.551355124 0.208287388
v -0.517131567 0.552392602 0.208601519
v -0.519621968 0.551355124 0.208874494
v -0.519582808 0.548667014 0.218062967
v -0.518558085 0.546162248 0.217891693
v -0.516072512 0.545124769 0.217577562
v -0.51358211 0.546162248 0.217304587
v -0.512545645 0.548667014 0.217232674
v -0.513570368 0.55117178 0.217403948
v -0.516055942 0.552209258 0.21771808
v -0.518546343 0.55117178 0.217991054
v -0.519587636 0.548667014 0.218019739
v -0.518569648 0.546165347 0.217777908
v -0.516084075 0.54512912 0.217459872
v -0.513586819 0.546165347 0.217251927
v -0.512540817 0.548667014 0.217275903
v -0.513558805 0.55116868 0.217517734
v -0.516044378 0.552204907 0.217835769
v -0.518541634 0.55116868 0.218043715
v -0.518661261 0.548195601 0.226795763
v -0.517643273 0.545693934 0.226553932
v -0.5151577 0.544657707 0.226235896
v -0.512660444 0.545693934 0.226027951
v -0.511614442 0.548195601 0.226051927
v -0.51263243 0.550697267 0.226293758
v -0.515118003 0.551733494 0.226611793
v -0.517615259 0.550697267 0.226819739
v -0.515137851 0.550831854 0.228790849
v -0.517614067 0.55031383 0.227814555
v -0.518639743 0.548554957 0.226023614
v -0.517614067 0.54658556 0.224467114
v -0.515137851 0.545559347 0.22405684
v -0.512661636 0.546077371 0.225033134
v -0.511635959 0.547836244 0.226824075
v -0.512661636 0.549805641 0.228380576
v -0.516113341 0.546588898 0.23351647
v -0.518589556 0.546070874 0.232540175
v -0.519615233 0.544312 0.230749235
v -0.518589556 0.542342603 0.229192734
v -0.516113341 0.54131639 0.22878246
v -0.513637125 0.541834414 0.229758754
v -0.512611449 0.543593287 0.231549695
v -0.513637125 0.545562685 0.233106196
v -0.516113341 0.546588898 0.233516484
v -0.518589556 0.546070874 0.23254019
v -0.519615233 0.544312 0.230749235
v -0.518589556 0.542342663 0.229192734
v -0.516113341 0.54131639 0.228782445
v -0.513637125 0.541834414 0.229758739
v -0.512611449 0.543593287 0.231549695
v -0.513637125 0.545562625 0.233106196
v -0.51708883 0.542345881 0.238242105
v -0.519565046 0.541827857 0.23726581
v -0.520590723 0.540068984 0.235474855
v -0.519565046 0.538099647 0.233918354
v -0.51708883 0.537073374 0.233508065
v -0.514612615 0.537591398 0.23448436
v -0.513586938 0.539350271 0.236275315
v -0.514612615 0.541319609 0.237831816
v -0.520583928 0.539709628 0.236455545
v -0.519515932 0.537218988 0.236552238
v -0.517026186 0.536187351 0.236252248
v -0.514573157 0.537218988 0.235731333
v -0.513593733 0.539709628 0.235294625
v -0.514661729 0.542200267 0.235197932
v -0.517151475 0.543231905 0.235497922
v -0.519604504 0.542200267 0.236018836
v -0.518851757 0.540857255 0.246885285
v -0.517783761 0.538366616 0.246981978
v -0.515294015 0.537334979 0.246681988
v -0.512840986 0.538366616 0.246161073
v -0.511861563 0.540857255 0.245724365
v -0.512929559 0.543347895 0.245627671
v -0.515419304 0.544379532 0.245927662
v -0.517872334 0.543347895 0.246448576
v -0.503040373 0.560985267 0.281776875
v -0.50519979 0.562623918 0.281706452
v -0.506094217 0.564545572 0.2800152
v -0.50519979 0.565624535 0.277693808
v -0.503040373 0.56522876 0.276102096
v -0.500880957 0.563590109 0.276172519
v -0.499986529 0.561668456 0.277863771
v -0.500880957 0.560589492 0.280185163
v -0.512162745 0.548564851 0.272489101
v -0.514322162 0.550203502 0.272418678
v -0.515216589 0.552125156 0.270727426
v -0.514322162 0.553204119 0.268406034
v -0.512162745 0.552808344 0.266814321
v -0.510003328 0.551169693 0.266884744
v -0.509108901 0.54924804 0.268575996
v -0.510003328 0.548169076 0.270897388
v -0.512162745 0.553952098 0.268277317
v -0.514587462 0.55324012 0.269260615
v -0.5155918 0.551032305 0.270473033
v -0.514587462 0.548621953 0.271204323
v -0.512162745 0.547421098 0.271026105
v -0.509738028 0.548133075 0.270042807
v -0.50873369 0.550340891 0.268830389
v -0.509738028 0.552751243 0.268099099
v -0.507572591 0.560804248 0.28455767
v -0.509997308 0.56009227 0.285540968
v -0.511001647 0.557884455 0.286753386
v -0.509997308 0.555474102 0.287484676
v -0.507572591 0.554273248 0.287306458
v -0.505147874 0.554985225 0.28632316
v -0.504143536 0.557193041 0.285110742
v -0.505147874 0.559603393 0.284379452
v -0.500895202 0.574073493 0.310026497
v -0.499366969 0.571847081 0.309780002
v -0.497115195 0.570924878 0.310976744
v -0.495458931 0.571847081 0.312915683
v -0.495368421 0.574073493 0.314461023
v -0.496896654 0.576299906 0.314707518
v -0.499148428 0.577222109 0.313510776
v -0.500804663 0.576299906 0.311571836
v -0.504794598 0.570858836 0.314886361
v -0.503266394 0.568632424 0.314639866
v -0.50101459 0.567710221 0.315836608
v -0.499358326 0.568632424 0.317775548
v -0.499267817 0.570858836 0.319320887
v -0.50079602 0.573085248 0.319567382
v -0.503047824 0.574007452 0.31837064
v -0.504704058 0.573085248 0.316431701
v -0.504903555 0.570858836 0.315029472
v -0.503455758 0.568577826 0.314797074
v -0.501173496 0.567633033 0.315915823
v -0.499393642 0.568577826 0.317730367
v -0.499158859 0.570858836 0.319177777
v -0.500606656 0.573139846 0.319410175
v -0.502888918 0.57408464 0.318291426
v -0.504668772 0.573139846 0.316476882
v -0.508645356 0.567955911 0.320211232
v -0.507197559 0.565674901 0.319978833
v -0.504915297 0.564730108 0.321097583
v -0.503135443 0.565674901 0.322912127
v -0.50290066 0.567955911 0.324359536
v -0.504348457 0.570236921 0.324591935
v -0.506630719 0.571181715 0.323473185
v -0.508410573 0.570236921 0.321658641
v -0.505773008 0.570592165 0.324652404
v -0.508249223 0.570074081 0.323676139
v -0.5092749 0.568315268 0.321885169
v -0.508249223 0.56634593 0.320328653
v -0.505773008 0.565319657 0.319918364
v -0.503296793 0.565837741 0.320894629
v -0.502271116 0.567596555 0.322685599
v -0.503296793 0.569565892 0.324242115
v -0.506249726 0.568518579 0.326961815
v -0.508725941 0.568000495 0.325985551
v -0.509751618 0.566241682 0.32419458
v -0.508725941 0.564272344 0.322638065
v -0.506249726 0.563246071 0.322227776
v -0.50377351 0.563764155 0.323204041
v -0.502747834 0.565522969 0.324995011
v -0.50377351 0.567492306 0.326551527
v -0.509774804 0.565882325 0.324950397
v -0.508760154 0.563383341 0.324669749
v -0.506274879 0.562348247 0.324345171
v -0.503774941 0.563383341 0.324166834
v -0.502724648 0.565882325 0.324239194
v -0.503739297 0.56838131 0.324519843
v -0.506224573 0.569416404 0.32484442
v -0.508724511 0.56838131 0.325022757
v -0.50893867 0.565290928 0.33323881
v -0.50792402 0.562791944 0.332958162
v -0.505438745 0.561756849 0.332633585
v -0.502938807 0.562791944 0.332455248
v -0.501888514 0.565290928 0.332527608
v -0.502903163 0.567789912 0.332808256
v -0.505388439 0.568825006 0.333132833
v -0.507888377 0.567789912 0.33331117
v -0.507938802 0.567776084 0.332883209
v -0.507975698 0.566259205 0.330635816
v -0.506511748 0.564175069 0.329704911
v -0.504404545 0.562744617 0.330635816
v -0.502888381 0.562805772 0.332883209
v -0.502851486 0.56432265 0.335130602
v -0.504315436 0.566406786 0.336061507
v -0.506422639 0.567837238 0.335130602
v -0.512601972 0.563037813 0.336157948
v -0.512638867 0.561520934 0.333910555
v -0.511174917 0.559436798 0.332979649
v -0.509067714 0.558006346 0.333910555
v -0.507551551 0.558067501 0.336157948
v -0.507514656 0.559584379 0.338405341
v -0.508978605 0.561668515 0.339336246
v -0.511085808 0.563098967 0.338405341
v -0.513056517 0.560552657 0.334241301
v -0.51169461 0.558216274 0.334042132
v -0.50938493 0.557248533 0.335082382
v -0.507480562 0.558216274 0.336752683
v -0.507097006 0.560552657 0.338074595
v -0.508458912 0.56288904 0.338273764
v -0.510768592 0.563856781 0.337233514
v -0.512672961 0.56288904 0.335563213
v -0.516614377 0.558007121 0.339772671
v -0.515252471 0.555670738 0.339573503
v -0.512942791 0.554702997 0.340613753
v -0.511038423 0.555670738 0.342284054
v -0.510654867 0.558007121 0.343605965
v -0.512016773 0.560343504 0.343805134
v -0.514326453 0.561311245 0.342764884
v -0.516230822 0.560343504 0.341094583
v -0.502636135 0.584729552 0.37168026
v -0.501347363 0.582348824 0.371525019
v -0.499017209 0.581362665 0.372500271
v -0.497010708 0.582348824 0.374034703
v -0.496503204 0.584729552 0.375229537
v -0.497792006 0.587110281 0.375384778
v -0.50012213 0.58809644 0.374409527
v -0.502128661 0.587110281 0.372875094
v -0.505984545 0.582539618 0.377466112
v -0.504695714 0.580158889 0.377310872
v -0.502365589 0.57917273 0.378286123
v -0.500359058 0.580158889 0.379820555
v -0.499851584 0.582539618 0.38101539
v -0.501140416 0.584920347 0.38117063
v -0.50347054 0.585906506 0.380195379
v -0.505477071 0.584920347 0.378660947
v -0.502918065 0.585894883 0.380378664
v -0.505423307 0.584910214 0.380051106
v -0.506461024 0.582536876 0.379248857
v -0.505423307 0.580165148 0.37844184
v -0.502918065 0.579184353 0.378102839
v -0.500412822 0.580169022 0.378430396
v -0.499375105 0.58254236 0.379232645
v -0.500412822 0.584914088 0.380039662
v -0.502901554 0.58369875 0.386854112
v -0.505406797 0.582714081 0.386526555
v -0.506444514 0.580340743 0.385724306
v -0.505406797 0.577969015 0.384917289
v -0.502901554 0.57698822 0.384578288
v -0.500396311 0.577972889 0.384905845
v -0.499358594 0.580346227 0.385708094
v -0.500396311 0.582717955 0.386515111
v -0.506074369 0.580343485 0.384139597
v -0.504878938 0.577910662 0.384065777
v -0.502525151 0.576902986 0.384958744
v -0.500391841 0.577910662 0.386295408
v -0.499728709 0.580343485 0.387292802
v -0.50092417 0.582776308 0.387366623
v -0.503277957 0.583783984 0.386473656
v -0.505411267 0.582776308 0.385136992
v -0.509178638 0.57862848 0.39038685
v -0.507983208 0.576195657 0.390313029
v -0.50562942 0.575187981 0.391205996
v -0.50349611 0.576195657 0.39254266
v -0.502833009 0.57862848 0.393540055
v -0.50402844 0.581061304 0.393613875
v -0.506382227 0.58206898 0.392720908
v -0.508515537 0.581061304 0.391384244
v -0.508959234 0.57862848 0.390006453
v -0.507576168 0.576305389 0.389797837
v -0.505273223 0.575343132 0.390857816
v -0.503399372 0.576305389 0.392565459
v -0.503052413 0.57862848 0.393920451
v -0.50443548 0.580951571 0.394129068
v -0.506738424 0.581913829 0.393069088
v -0.508612275 0.580951571 0.391361445
v -0.512505054 0.57603687 0.395357698
v -0.511121988 0.573713779 0.395149082
v -0.508819044 0.572751522 0.396209061
v -0.506945193 0.573713779 0.397916704
v -0.506598234 0.57603687 0.399271697
v -0.5079813 0.578359962 0.399480313
v -0.510284245 0.579322219 0.398420334
v -0.512158096 0.578359962 0.396712691
v -0.509551644 0.579235196 0.395790517
v -0.511964381 0.578588605 0.396845847
v -0.512963772 0.576447248 0.398175836
v -0.511964381 0.574065447 0.39900136
v -0.509551644 0.572838545 0.398838878
v -0.507138908 0.573485136 0.397783548
v -0.506139517 0.575626493 0.396453559
v -0.507138908 0.578008294 0.395628035
v -0.506974936 0.583200276 0.404110849
v -0.509387672 0.582553685 0.405166179
v -0.510387063 0.580412328 0.406496167
v -0.509387672 0.578030527 0.407321692
v -0.506974936 0.576803625 0.407159209
v -0.504562199 0.577450216 0.406103879
v -0.503562808 0.579591572 0.404773891
v -0.504562199 0.581973374 0.403948367
v -0.509399831 0.582585096 0.405635029
v -0.509709537 0.580871046 0.403556734
v -0.508417368 0.578647912 0.402695894
v -0.506280243 0.577217937 0.403556734
v -0.50455004 0.577418804 0.405635029
v -0.504240334 0.579132855 0.407713324
v -0.505532503 0.581355989 0.408574164
v -0.507669628 0.582785964 0.407713324
v -0.513648093 0.578597069 0.409557164
v -0.513957798 0.576883018 0.407478869
v -0.512665629 0.574659884 0.406618029
v -0.510528505 0.573229909 0.407478869
v -0.508798301 0.573430777 0.409557164
v -0.508488595 0.575144827 0.411635458
v -0.509780765 0.577367961 0.412496299
v -0.511917889 0.578797936 0.411635458
v -0.514714301 0.576013923 0.410161167
v -0.51364553 0.573523402 0.410251677
v -0.511157751 0.572491825 0.409935355
v -0.508708358 0.573523402 0.409397483
v -0.507732093 0.576013923 0.40895316
v -0.508800864 0.578504443 0.40886265
v -0.511288643 0.579536021 0.409178972
v -0.513738036 0.578504443 0.409716845
v -0.513040423 0.577083886 0.419836015
v -0.511971653 0.574593365 0.419926524
v -0.509483874 0.573561788 0.419610202
v -0.507034481 0.574593365 0.41907233
v -0.506058216 0.577083886 0.418628007
v -0.507126987 0.579574406 0.418537498
v -0.509614766 0.580605984 0.418853819
v -0.512064159 0.579574406 0.419391692
v -0.511903524 0.579731584 0.419232011
v -0.510966122 0.579176486 0.416748822
v -0.509198785 0.577395558 0.415720254
v -0.507636786 0.575432062 0.416748822
v -0.507195115 0.574436188 0.419232011
v -0.508132517 0.574991286 0.4217152
v -0.509899855 0.576772213 0.422743767
v -0.511461854 0.578735709 0.4217152
v -0.516983628 0.575214684 0.418324023
v -0.516046226 0.574659586 0.415840834
v -0.514278889 0.572878659 0.414812267
v -0.512716889 0.570915163 0.415840834
v -0.512275219 0.569919288 0.418324023
v -0.513212621 0.570474386 0.420807213
v -0.514979959 0.572255313 0.42183578
v -0.516541958 0.57421881 0.420807213
v -0.518150449 0.572566986 0.418717474
v -0.51713407 0.57006532 0.418468952
v -0.514650464 0.569029093 0.418135554
v -0.512154579 0.57006532 0.417912543
v -0.511108398 0.572566986 0.417930573
v -0.512124777 0.575068653 0.418179095
v -0.514608383 0.576104879 0.418512493
v -0.517104268 0.575068653 0.418735504
v -0.517240942 0.572127938 0.426857054
v -0.516224563 0.569626272 0.426608533
v -0.513740957 0.568590045 0.426275134
v -0.511245072 0.569626272 0.426052123
v -0.510198891 0.572127938 0.426070154
v -0.51121527 0.574629605 0.426318675
v -0.513698876 0.575665832 0.426652074
v -0.516194761 0.574629605 0.426875085
v -0.513719916 0.575275123 0.424836397
v -0.516209602 0.574481487 0.425560921
v -0.517240822 0.572309196 0.426814198
v -0.516209602 0.570030749 0.427862138
v -0.513719916 0.568980753 0.428090811
v -0.51123023 0.569774389 0.427366287
v -0.51019901 0.571946681 0.426113009
v -0.51123023 0.574225128 0.42506507
v -0.511683524 0.583618343 0.440973014
v -0.51417321 0.582824707 0.441697538
v -0.51520443 0.580652416 0.442950815
v -0.51417321 0.578373969 0.443998754
v -0.511683524 0.577323973 0.444227427
v -0.509193838 0.578117609 0.443502903
v -0.508162618 0.5802899 0.442249626
v -0.509193838 0.582568347 0.441201687
v -0.51474613 0.580471158 0.440818936
v -0.513455153 0.578091621 0.440663278
v -0.511126339 0.577105999 0.441642255
v -0.509123981 0.578091621 0.443182409
v -0.508620918 0.580471158 0.444381505
v -0.509911895 0.582850695 0.444537163
v -0.512240708 0.583836317 0.443558186
v -0.514243066 0.582850695 0.442018032
v -0.518048584 0.578308046 0.446496934
v -0.516757607 0.575928509 0.446341276
v -0.514428794 0.574942887 0.447320253
v -0.512426436 0.575928509 0.448860407
v -0.511923373 0.578308046 0.450059503
v -0.51321435 0.580687582 0.450215161
v -0.515543163 0.581673205 0.449236184
v -0.517545521 0.580687582 0.44769603
v -0.508509696 0.592594147 0.467845738
v -0.507295251 0.590211093 0.468292087
v -0.505657554 0.589223981 0.470214784
v -0.504555941 0.590211093 0.472487509
v -0.504635751 0.592594147 0.473778903
v -0.505850196 0.5949772 0.473332554
v -0.507487893 0.595964313 0.471409857
v -0.508589506 0.5949772 0.469137132
v -0.511926889 0.591270626 0.470076919
v -0.510712445 0.588887572 0.470523268
v -0.509074748 0.58790046 0.472445965
v -0.507973135 0.588887572 0.47471869
v -0.508052945 0.591270626 0.476010084
v -0.50926739 0.593653679 0.475563735
v -0.510905087 0.594640791 0.473641038
v -0.5120067 0.593653679 0.471368313
v -0.509989917 0.594526529 0.474440575
v -0.512494326 0.593598902 0.473970771
v -0.513531625 0.591307402 0.47295782
v -0.512494326 0.588994384 0.471995026
v -0.509989917 0.588014722 0.471646428
v -0.507485509 0.588942349 0.472116232
v -0.506448209 0.59123385 0.473129183
v -0.507485509 0.593546867 0.474091977
v -0.510159075 0.591992915 0.480345219
v -0.512663484 0.591065288 0.479875416
v -0.513700783 0.588773787 0.478862464
v -0.512663484 0.586460769 0.477899671
v -0.510159075 0.585481107 0.477551073
v -0.507654667 0.586408734 0.478020877
v -0.506617367 0.588700235 0.479033828
v -0.507654667 0.591013253 0.479996622
v -0.512833357 0.588737011 0.476624221
v -0.511244178 0.586553693 0.476377487
v -0.509019375 0.585649371 0.477636606
v -0.507462144 0.586553693 0.479664028
v -0.507484794 0.588737011 0.481272072
v -0.509073973 0.590920329 0.481518805
v -0.511298776 0.591824651 0.480259687
v -0.512856007 0.590920329 0.478232265
v -0.516708672 0.585412264 0.481083781
v -0.515119493 0.583228946 0.480837047
v -0.51289469 0.582324624 0.482096165
v -0.511337459 0.583228946 0.484123588
v -0.511360109 0.585412264 0.485731632
v -0.512949288 0.587595582 0.485978365
v -0.515174091 0.588499904 0.484719247
v -0.516731322 0.587595582 0.482691824
v -0.517212987 0.585412264 0.481842786
v -0.516024351 0.582975864 0.481777787
v -0.513670027 0.581966698 0.482667565
v -0.511529088 0.582975864 0.483990908
v -0.510855794 0.585412264 0.484972626
v -0.51204443 0.587848663 0.485037625
v -0.514398754 0.58885783 0.484147847
v -0.516539693 0.587848663 0.482824504
v -0.520219922 0.583782315 0.487950355
v -0.519031286 0.581345916 0.487885356
v -0.516676962 0.58033675 0.488775134
v -0.514536023 0.581345916 0.490098476
v -0.513862729 0.583782315 0.491080195
v -0.515051365 0.586218715 0.491145194
v -0.517405689 0.587227881 0.490255415
v -0.519546628 0.586218715 0.488932073
v -0.517041326 0.586831391 0.487710863
v -0.519433916 0.586316586 0.488878548
v -0.520425022 0.584317267 0.490419239
v -0.519433916 0.582004607 0.491430372
v -0.517041326 0.58073324 0.491319686
v -0.514648736 0.581248045 0.490152001
v -0.513657629 0.583247364 0.488611311
v -0.514648736 0.585560024 0.487600178
v -0.513507485 0.592629075 0.497507691
v -0.515900075 0.59211427 0.498675376
v -0.516891181 0.590114951 0.500216067
v -0.515900075 0.587802291 0.5012272
v -0.513507485 0.586530924 0.501116514
v -0.511114895 0.587045729 0.499948829
v -0.510123789 0.589045048 0.498408139
v -0.511114895 0.591357708 0.497397006
v -0.505510926 0.614347041 0.536472499
v -0.504742265 0.613636851 0.533970892
v -0.503094673 0.611748755 0.532934725
v -0.501533329 0.609788716 0.533970892
v -0.500972748 0.608905017 0.536472499
v -0.501741409 0.609615207 0.538974106
v -0.503389001 0.611503303 0.540010273
v -0.504950345 0.613463342 0.538974106
v -0.510216534 0.610423028 0.53614068
v -0.509447873 0.609712839 0.533639073
v -0.507800281 0.607824743 0.532602906
v -0.506238937 0.605864704 0.533639073
v -0.505678356 0.604981005 0.53614068
v -0.506447017 0.605691195 0.538642287
v -0.508094609 0.607579291 0.539678454
v -0.509655952 0.60953933 0.538642287
v -0.511418283 0.607702017 0.536851823
v -0.51031518 0.605234146 0.537065804
v -0.507825077 0.604211867 0.536737859
v -0.505406678 0.605234146 0.536060095
v -0.504476607 0.607702017 0.535429537
v -0.50557971 0.610169888 0.535215557
v -0.508069813 0.611192167 0.535543501
v -0.510488212 0.610169888 0.536221266
v -0.509399831 0.609458506 0.546703398
v -0.508296728 0.606990635 0.546917379
v -0.505806625 0.605968356 0.546589434
v -0.503388226 0.606990635 0.54591167
v -0.502458155 0.609458506 0.545281112
v -0.503561258 0.611926377 0.545067132
v -0.506051362 0.612948656 0.545395076
v -0.50846976 0.611926377 0.546072841
v -0.508603275 0.609458506 0.54366833
v -0.507014096 0.607275248 0.543421566
v -0.504789233 0.606370866 0.544680715
v -0.503232062 0.607275248 0.546708107
v -0.503254712 0.609458506 0.548316181
v -0.504843891 0.611641765 0.548562944
v -0.507068753 0.612546146 0.547303796
v -0.508625925 0.611641765 0.545276403
v -0.512408435 0.6061939 0.548047125
v -0.510819256 0.604010642 0.547800362
v -0.508594394 0.60310626 0.54905951
v -0.507037222 0.604010642 0.551086903
v -0.507059872 0.6061939 0.552694976
v -0.508649051 0.608377159 0.55294174
v -0.510873914 0.60928154 0.551682591
v -0.512431085 0.608377159 0.549655199
v -0.512433767 0.608488321 0.550371051
v -0.511921108 0.607489228 0.547902882
v -0.510127366 0.605731308 0.546880484
v -0.508103251 0.604244351 0.547902882
v -0.50703454 0.603899479 0.550371051
v -0.5075472 0.604898572 0.55283922
v -0.509340942 0.606656492 0.553861618
v -0.511365056 0.608143449 0.55283922
v -0.517824948 0.602145076 0.551819026
v -0.517312288 0.601145983 0.549350858
v -0.515518546 0.599388063 0.548328459
v -0.513494432 0.597901106 0.549350858
v -0.512425721 0.597556233 0.551819026
v -0.51293838 0.598555326 0.554287195
v -0.514732122 0.600313246 0.555309594
v -0.516756237 0.601800203 0.554287195
v -0.518515527 0.599850655 0.550789773
v -0.517504811 0.597346127 0.551032901
v -0.5151003 0.596308768 0.551736534
v -0.512710392 0.597346127 0.552488506
v -0.511735141 0.599850655 0.552848279
v -0.512745857 0.602355182 0.552605152
v -0.515150368 0.603392541 0.551901519
v -0.517540276 0.602355182 0.551149547
v -0.520734727 0.599664748 0.558099449
v -0.519724011 0.59716022 0.558342576
v -0.5173195 0.596122861 0.559046209
v -0.514929593 0.59716022 0.559798181
v -0.513954341 0.599664748 0.560157955
v -0.514965057 0.602169275 0.559914827
v -0.517369568 0.603206635 0.559211195
v -0.519759476 0.602169275 0.558459222
v -0.517344534 0.603161275 0.559700489
v -0.519842803 0.602106988 0.559717655
v -0.5208776 0.599622071 0.55938977
v -0.519842803 0.597162127 0.558908999
v -0.517344534 0.59616822 0.558556914
v -0.514846265 0.597222507 0.558539748
v -0.513811469 0.599707425 0.558867633
v -0.514846265 0.602167368 0.559348404
v -0.5170784 0.60258764 0.563208222
v -0.519576669 0.601533353 0.563225389
v -0.520611465 0.599048436 0.562897503
v -0.519576669 0.596588492 0.562416732
v -0.5170784 0.595594585 0.562064648
v -0.514580131 0.596648872 0.562047482
v -0.513545334 0.59913379 0.562375367
v -0.514580131 0.601593733 0.562856138
v -0.5170784 0.602518082 0.561737299
v -0.519518971 0.601657927 0.562547803
v -0.520529866 0.599294126 0.563410223
v -0.519518971 0.596811414 0.563819349
v -0.5170784 0.595664144 0.563535571
v -0.514637828 0.596524298 0.562725067
v -0.513626933 0.598888099 0.561862648
v -0.514637828 0.601370811 0.561453521
v -0.514504433 0.605336428 0.572479248
v -0.516945004 0.604476273 0.573289752
v -0.517955899 0.602112472 0.574152172
v -0.516945004 0.59962976 0.574561298
v -0.514504433 0.59848249 0.57427752
v -0.512063861 0.599342644 0.573467016
v -0.511052966 0.601706445 0.572604597
v -0.512063861 0.604189157 0.57219547
v -0.50839299 0.62301898 0.598322749
v -0.506803811 0.620835721 0.598075986
v -0.504579008 0.61993134 0.599335134
v -0.503021777 0.620835721 0.601362526
v -0.503044426 0.62301898 0.6029706
v -0.504633605 0.625202239 0.603217363
v -0.506858408 0.62610662 0.601958215
v -0.508415639 0.625202239 0.599930823
v -0.512144327 0.619800568 0.602639675
v -0.510555148 0.617617309 0.602392912
v -0.508330345 0.616712928 0.60365206
v -0.506773114 0.617617309 0.605679452
v -0.506795764 0.619800568 0.607287526
v -0.508384943 0.621983826 0.607534289
v -0.510609746 0.622888207 0.606275141
v -0.512166977 0.621983826 0.604247749
v -0.509470046 0.622436821 0.60733062
v -0.511946261 0.621918797 0.606354296
v -0.512971938 0.620159984 0.604563355
v -0.511946261 0.618190587 0.60300684
v -0.509470046 0.617164314 0.602596581
v -0.50699383 0.617682338 0.603572905
v -0.505968153 0.619441152 0.605363846
v -0.50699383 0.621410549 0.606920362
v -0.50991565 0.620498836 0.609489024
v -0.512391865 0.619980812 0.6085127
v -0.513417542 0.618221998 0.606721759
v -0.512391865 0.616252601 0.605165243
v -0.50991565 0.615226328 0.604754984
v -0.507439435 0.615744352 0.605731308
v -0.506413758 0.617503166 0.607522249
v -0.507439435 0.619472563 0.609078765
v -0.512656629 0.617862582 0.604877055
v -0.511113226 0.61564666 0.604630411
v -0.508868337 0.614728808 0.605843306
v -0.507236958 0.61564666 0.607805192
v -0.507174671 0.617862582 0.609366953
v -0.508718073 0.620078504 0.609613597
v -0.510962963 0.620996356 0.608400702
v -0.512594342 0.620078504 0.606438816
v -0.516320825 0.614812493 0.60935086
v -0.514777422 0.612596571 0.609104216
v -0.512532532 0.61167872 0.610317111
v -0.510901153 0.612596571 0.612278998
v -0.510838866 0.614812493 0.613840759
v -0.512382269 0.617028415 0.614087403
v -0.514627159 0.617946267 0.612874508
v -0.516258538 0.617028415 0.610912621
v -0.517075837 0.614812493 0.612170696
v -0.516027391 0.61231178 0.612151384
v -0.513545156 0.611275971 0.611806691
v -0.511083245 0.61231178 0.611338437
v -0.510083854 0.614812493 0.611020923
v -0.5111323 0.617313206 0.611040235
v -0.513614535 0.618349016 0.611384928
v -0.516076446 0.617313206 0.611853182
v -0.51569587 0.615326405 0.620562911
v -0.514647424 0.612825692 0.620543599
v -0.512165189 0.611789882 0.620198905
v -0.509703279 0.612825692 0.619730651
v -0.508703887 0.615326405 0.619413137
v -0.509752333 0.617827117 0.619432449
v -0.512234569 0.618862927 0.619777143
v -0.514696479 0.617827117 0.620245397
v -0.514922738 0.617593288 0.619988024
v -0.51433897 0.616672516 0.617505133
v -0.512502193 0.614963293 0.616476715
v -0.510488331 0.61346674 0.617505133
v -0.509477019 0.613059521 0.619988024
v -0.510060787 0.613980293 0.622470915
v -0.511897564 0.615689516 0.623499334
v -0.513911426 0.617186069 0.622470915
v -0.520430923 0.610977113 0.6211465
v -0.519847155 0.610056341 0.618663609
v -0.518010378 0.608347118 0.61763519
v -0.515996516 0.606850564 0.618663609
v -0.514985204 0.606443346 0.6211465
v -0.515568972 0.607364118 0.623629391
v -0.517405748 0.609073341 0.62465781
v -0.519419611 0.610569894 0.623629391
v -0.514393866 0.616697907 0.63342905
v -0.513179421 0.614314854 0.63387543
v -0.511541724 0.613327742 0.635798097
v -0.510440111 0.614314854 0.638070822
v -0.510519922 0.616697907 0.639362216
v -0.511734366 0.619080961 0.638915837
v -0.513372064 0.620068073 0.63699317
v -0.514473677 0.619080961 0.634720445
v -0.517680764 0.615424812 0.635575175
v -0.51646632 0.613041759 0.636021554
v -0.514828622 0.612054646 0.637944221
v -0.513727009 0.613041759 0.640216947
v -0.51380682 0.615424812 0.641508341
v -0.515021265 0.617807865 0.641061962
v -0.516658962 0.618794978 0.639139295
v -0.517760575 0.617807865 0.63686657
v -0.519249201 0.615424812 0.639056146
v -0.518218219 0.612919748 0.638934791
v -0.515737712 0.611882091 0.638583243
v -0.513260782 0.612919748 0.638207376
v -0.512238383 0.615424812 0.63802737
v -0.513269365 0.617929876 0.638148725
v -0.515749872 0.618967533 0.638500273
v -0.518226802 0.617929876 0.63887614
v -0.518088102 0.615519464 0.64696902
v -0.517057121 0.6130144 0.646847665
v -0.514576614 0.611976743 0.646496117
v -0.512099683 0.6130144 0.64612025
v -0.511077285 0.615519464 0.645940244
v -0.512108266 0.618024528 0.646061599
v -0.514588773 0.619062185 0.646413147
v -0.517065704 0.618024528 0.646789014
v -0.507999599 0.631952882 0.667441368
v -0.506690025 0.629584134 0.667276442
v -0.504368484 0.628602982 0.668276846
v -0.502394855 0.629584134 0.669856548
v -0.501925409 0.631952882 0.671090126
v -0.503234982 0.63432163 0.671255052
v -0.505556524 0.635302782 0.670254648
v -0.507530153 0.63432163 0.668674946
v -0.511135221 0.629855871 0.672661304
v -0.509825647 0.627487123 0.672496378
v -0.507504106 0.626505971 0.673496783
v -0.505530477 0.627487123 0.675076485
v -0.50506103 0.629855871 0.676310062
v -0.506370604 0.632224619 0.676474988
v -0.508692145 0.633205771 0.675474584
v -0.510665774 0.632224619 0.673894882
v -0.511564136 0.629855871 0.675220191
v -0.51045996 0.627387702 0.675425053
v -0.50797224 0.626365304 0.675079644
v -0.505558312 0.627387702 0.674386322
v -0.504632115 0.629855871 0.673751175
v -0.505736291 0.63232404 0.673546314
v -0.50822401 0.633346438 0.673891723
v -0.510637939 0.63232404 0.674585044
v -0.509618402 0.631488442 0.684401989
v -0.508514225 0.629020274 0.68460685
v -0.506026506 0.627997875 0.684261441
v -0.503612578 0.629020274 0.68356812
v -0.502686381 0.631488442 0.682932973
v -0.503790557 0.633956611 0.682728112
v -0.506278276 0.63497901 0.683073521
v -0.508692205 0.633956611 0.683766842
v -0.508297682 0.6343081 0.683667481
v -0.507781684 0.633396745 0.681166232
v -0.506311297 0.631367564 0.680130124
v -0.504747808 0.629409194 0.681166232
v -0.504007101 0.628668785 0.683667481
v -0.504523098 0.62958014 0.68616873
v -0.505993485 0.631609321 0.687204838
v -0.507556975 0.633567691 0.68616873
v -0.512580872 0.631049335 0.683971226
v -0.512064874 0.63013798 0.681469977
v -0.510594487 0.628108799 0.680433869
v -0.509030998 0.626150429 0.681469977
v -0.508290291 0.62541002 0.683971226
v -0.508806288 0.626321375 0.686472476
v -0.510276675 0.628350556 0.687508583
v -0.511840165 0.630308926 0.686472476
v -0.510435581 0.631464183 0.682525396
v -0.512841702 0.630801558 0.683585823
v -0.51383841 0.628632307 0.684871972
v -0.512841702 0.6262272 0.6856305
v -0.510435581 0.624995172 0.685417056
v -0.508029461 0.625657797 0.68435663
v -0.507032752 0.627827048 0.683070481
v -0.508029461 0.630232155 0.682311952
v -0.506353021 0.637209892 0.695379615
v -0.508759141 0.636547267 0.696440041
v -0.50975585 0.634378016 0.69772619
v -0.508759141 0.631972909 0.698484719
v -0.506353021 0.630740881 0.698271275
v -0.5039469 0.631403506 0.697210848
v -0.502950191 0.633572757 0.695924699
v -0.5039469 0.635977864 0.695166171
v -0.506353021 0.637080491 0.698531568
v -0.508853495 0.636245608 0.697896123
v -0.509889185 0.634080887 0.696633458
v -0.508853495 0.631854355 0.695483267
v -0.506353021 0.630870283 0.695119321
v -0.503852546 0.631705165 0.695754766
v -0.502816856 0.633869886 0.697017431
v -0.503852546 0.636096418 0.698167622
v -0.506713808 0.634275496 0.703636527
v -0.509214282 0.633440614 0.703001082
v -0.510249972 0.631275892 0.701738417
v -0.509214282 0.629049361 0.700588226
v -0.506713808 0.628065288 0.70022428
v -0.504213333 0.62890017 0.700859725
v -0.503177643 0.631064892 0.70212239
v -0.504213333 0.633291423 0.703272581
v -0.509388089 0.631170392 0.699606478
v -0.50779891 0.628987134 0.699359715
v -0.505574107 0.628082752 0.700618863
v -0.504016876 0.628987134 0.702646255
v -0.504039526 0.631170392 0.704254329
v -0.505628705 0.633353651 0.704501092
v -0.507853508 0.634258032 0.703241944
v -0.509410739 0.633353651 0.701214552
v -0.513053954 0.628025293 0.703824997
v -0.511464775 0.625842035 0.703578234
v -0.509239972 0.624937654 0.704837382
v -0.507682741 0.625842035 0.706864774
v -0.50770539 0.628025293 0.708472848
v -0.509294569 0.630208552 0.708719611
v -0.511519372 0.631112933 0.707460463
v -0.513076603 0.630208552 0.705433071
v -0.513841867 0.628025293 0.706901133
v -0.512731969 0.625560999 0.707121849
v -0.510244191 0.624540269 0.706772566
v -0.507835746 0.625560999 0.706058025
v -0.506917477 0.628025293 0.705396712
v -0.508027375 0.630489588 0.705175996
v -0.510515153 0.631510317 0.705525279
v -0.512923598 0.630489588 0.70623982
v -0.511859596 0.629735112 0.716024756
v -0.510749698 0.627270818 0.716245472
v -0.508261919 0.626250088 0.715896189
v -0.505853474 0.627270818 0.715181649
v -0.504935205 0.629735112 0.714520335
v -0.506045103 0.632199407 0.714299619
v -0.508532882 0.633220136 0.714648902
v -0.510941327 0.632199407 0.715363443
v -0.500823319 0.645549238 0.735219836
v -0.503328562 0.644584239 0.734838068
v -0.504366219 0.642245889 0.733938932
v -0.503328562 0.639904022 0.733049035
v -0.500823319 0.63893038 0.732689738
v -0.498318106 0.63989538 0.733071506
v -0.497280389 0.642233729 0.733970642
v -0.498318106 0.644575596 0.734860539
v -0.500852108 0.643407345 0.74082309
v -0.503357351 0.642442346 0.740441322
v -0.504395008 0.640103996 0.739542186
v -0.503357351 0.637762129 0.738652289
v -0.500852108 0.636788487 0.738292992
v -0.498346895 0.637753487 0.73867476
v -0.497309178 0.640091836 0.739573896
v -0.498346895 0.642433703 0.740463793
v -0.500852108 0.64273417 0.741925061
v -0.503328323 0.642216146 0.740948737
v -0.504354 0.640457273 0.739157796
v -0.503328323 0.638487875 0.73760134
v -0.500852108 0.637461662 0.737191021
v -0.498375893 0.637979686 0.738167346
v -0.497350216 0.63973856 0.739958286
v -0.498375893 0.641707957 0.741514742
v -0.501713932 0.638985574 0.746100068
v -0.504190147 0.63846755 0.745123744
v -0.505215824 0.636708677 0.743332803
v -0.504190147 0.63473928 0.741776347
v -0.501713932 0.633713067 0.741366029
v -0.499237716 0.634231091 0.742342353
v -0.498212039 0.635989964 0.744133294
v -0.499237716 0.637959361 0.74568975
v -0.501713932 0.639563441 0.742242336
v -0.504116833 0.638920248 0.743322015
v -0.505112112 0.636771083 0.744642437
v -0.504116833 0.634374857 0.745430171
v -0.501713932 0.6331352 0.745223761
v -0.49931106 0.633778393 0.744144082
v -0.498315752 0.635927558 0.74282366
v -0.49931106 0.638323784 0.742035925
v -0.49761346 0.645412028 0.754852474
v -0.500016332 0.644768834 0.755932152
v -0.50101167 0.642619669 0.757252574
v -0.500016332 0.640223444 0.758040309
v -0.49761346 0.638983786 0.757833898
v -0.495210588 0.63962698 0.75675422
v -0.49421528 0.641776145 0.755433798
v -0.495210588 0.64417237 0.754646063
v -0.49761346 0.645043373 0.758454084
v -0.500101805 0.644383192 0.757602274
v -0.501132488 0.642442942 0.756012857
v -0.500101805 0.640359104 0.754616976
v -0.49761346 0.639352441 0.754232287
v -0.495125145 0.640012622 0.755084097
v -0.494094461 0.641952872 0.756673515
v -0.495125145 0.64403671 0.758069396
v -0.498268515 0.641703904 0.762955666
v -0.50075686 0.641043723 0.762103856
v -0.501787543 0.639103472 0.760514438
v -0.50075686 0.637019634 0.759118557
v -0.498268515 0.636012971 0.758733869
v -0.4957802 0.636673152 0.759585679
v -0.494749516 0.638613403 0.761175096
v -0.4957802 0.640697241 0.762570977
v -0.501375914 0.638858438 0.762546718
v -0.500024319 0.636527836 0.762854218
v -0.497644216 0.635562479 0.761984646
v -0.495629787 0.636527836 0.760447323
v -0.495161086 0.638858438 0.759142816
v -0.496512681 0.641189039 0.758835316
v -0.498892814 0.642154396 0.759704888
v -0.500907242 0.641189039 0.761242211
v -0.49420172 0.644747436 0.775645614
v -0.492850125 0.642416835 0.775953114
v -0.490469992 0.641451478 0.775083542
v -0.488455564 0.642416835 0.773546219
v -0.487986863 0.644747436 0.772241712
v -0.489338458 0.647078037 0.771934211
v -0.49171859 0.648043394 0.772803783
v -0.493733019 0.647078037 0.774341106
v -0.491094291 0.647960126 0.775437355
v -0.493598074 0.647055268 0.774922192
v -0.494635165 0.644798517 0.773833811
v -0.493598074 0.642511845 0.772809803
v -0.491094291 0.641534746 0.77244997
v -0.488590509 0.642439604 0.772965133
v -0.487553418 0.644696355 0.774053514
v -0.488590509 0.646983027 0.775077522
v -0.491292238 0.645521045 0.780683517
v -0.493796021 0.644616187 0.780168355
v -0.494833112 0.642359436 0.779079974
v -0.493796021 0.640072763 0.778055966
v -0.491292238 0.639095664 0.777696133
v -0.488788456 0.640000522 0.778211296
v -0.487751365 0.642257273 0.779299676
v -0.488788456 0.644543946 0.780323684
v -0.49415496 0.642308354 0.781277239
v -0.492728174 0.640010715 0.781472683
v -0.490460217 0.639059007 0.780330837
v -0.488679677 0.640010715 0.778520644
v -0.488429517 0.642308354 0.777102411
v -0.489856303 0.644605994 0.776906967
v -0.492124259 0.645557702 0.778048813
v -0.493904799 0.644605994 0.779859006
v -0.48838523 0.646564305 0.789189935
v -0.486958444 0.644266665 0.789385378
v -0.484690487 0.643314958 0.788243532
v -0.482909948 0.644266665 0.786433339
v -0.482659787 0.646564305 0.785015106
v -0.484086573 0.648861945 0.784819663
v -0.48635453 0.649813652 0.785961509
v -0.48813507 0.648861945 0.787771702
v -0.488650978 0.646564305 0.78876543
v -0.487551808 0.64408952 0.788622439
v -0.485263884 0.643064439 0.787589073
v -0.483127475 0.64408952 0.786270738
v -0.48239404 0.646564305 0.78543961
v -0.483493209 0.64903909 0.785582602
v -0.485781133 0.65006417 0.786615968
v -0.487917542 0.64903909 0.787934303
v -0.483712107 0.648221076 0.798057199
v -0.482612938 0.645746291 0.797914207
v -0.480325013 0.64472121 0.796880841
v -0.478188604 0.645746291 0.795562506
v -0.477455169 0.648221076 0.794731379
v -0.478554338 0.65069586 0.79487437
v -0.480842263 0.651720941 0.795907736
v -0.482978672 0.65069586 0.797226071
v -0.49969551 0.616477072 0.77534759
v -0.498879552 0.615678728 0.772887945
v -0.4965882 0.614646852 0.771869063
v -0.494163692 0.613985896 0.772887945
v -0.493026286 0.614082992 0.77534759
v -0.493842244 0.614881337 0.777807236
v -0.496133596 0.615913212 0.778826118
v -0.498558104 0.616574168 0.777807236
v -0.502185881 0.609539568 0.776773155
v -0.501369894 0.608741224 0.774313509
v -0.499078542 0.607709348 0.773294628
v -0.496654034 0.607048392 0.774313509
v -0.495516628 0.607145488 0.776773155
v -0.496332586 0.607943833 0.7792328
v -0.498623937 0.608975708 0.780251682
v -0.501048446 0.609636664 0.7792328
v -0.501688361 0.608342528 0.778895199
v -0.500323772 0.606001079 0.778987169
v -0.498096555 0.605031192 0.777782142
v -0.496311426 0.606001079 0.775986075
v -0.496014088 0.608342528 0.77465111
v -0.497378707 0.610683978 0.77455914
v -0.499605924 0.611653864 0.775764167
v -0.501391053 0.610683978 0.777560234
v -0.49635908 0.611728191 0.786020339
v -0.494994462 0.609386742 0.786112309
v -0.492767245 0.608416855 0.784907281
v -0.490982115 0.609386742 0.783111215
v -0.490684777 0.611728191 0.781776249
v -0.492049396 0.614069641 0.781684279
v -0.494276613 0.615039527 0.782889307
v -0.496061742 0.614069641 0.784685373
v -0.493521929 0.614364445 0.786265314
v -0.495998144 0.613846421 0.78528899
v -0.497023821 0.612087548 0.783498049
v -0.495998144 0.61011821 0.781941533
v -0.493521929 0.609091938 0.781531274
v -0.491045713 0.609609962 0.782507598
v -0.490020037 0.611368835 0.784298539
v -0.491045713 0.613338172 0.785855055
v -0.494380802 0.610628784 0.790425897
v -0.496857017 0.61011076 0.789449573
v -0.497882694 0.608351886 0.787658632
v -0.496857017 0.606382549 0.786102116
v -0.494380802 0.605356276 0.785691857
v -0.491904587 0.6058743 0.786668181
v -0.49087891 0.607633173 0.788459122
v -0.491904587 0.609602511 0.790015638
v -0.497483104 0.60799253 0.789770067
v -0.496117949 0.605672419 0.790096521
v -0.493735194 0.604711413 0.789229333
v -0.49173063 0.605672419 0.787676513
v -0.491278499 0.60799253 0.786347687
v -0.492643654 0.610312641 0.786021233
v -0.49502641 0.611273646 0.786888421
v -0.497030973 0.610312641 0.788441241
v -0.490313441 0.614040017 0.802768171
v -0.488948286 0.611719906 0.803094625
v -0.48656553 0.610758901 0.802227437
v -0.484560966 0.611719906 0.800674617
v -0.484108835 0.614040017 0.799345791
v -0.48547399 0.616360128 0.799019337
v -0.487856746 0.617321134 0.799886525
v -0.48986131 0.616360128 0.801439345
v -0.489833444 0.614040017 0.803439438
v -0.489364892 0.61157465 0.802411973
v -0.487634689 0.610553503 0.800590813
v -0.485656381 0.61157465 0.799042702
v -0.484588832 0.614040017 0.798674524
v -0.485057384 0.616505384 0.799701989
v -0.486787587 0.617526531 0.801523149
v -0.488765895 0.616505384 0.80307126
v -0.486686945 0.613194704 0.806902707
v -0.486218393 0.610729337 0.805875242
v -0.484488189 0.60970819 0.804054081
v -0.482509881 0.610729337 0.80250597
v -0.481442332 0.613194704 0.802137792
v -0.481910884 0.615660071 0.803165257
v -0.483641088 0.616681218 0.804986417
v -0.485619396 0.615660071 0.806534529
v -0.487186641 0.613194704 0.806195259
v -0.486034483 0.610740423 0.806147814
v -0.483728409 0.609723866 0.805146933
v -0.481619298 0.610740423 0.803778946
v -0.480942637 0.613194704 0.80284524
v -0.482094795 0.615648985 0.802892685
v -0.484400868 0.616665542 0.803893566
v -0.486509979 0.615648985 0.805261552
v -0.481979221 0.615451634 0.81590122
v -0.480827063 0.612997353 0.815853775
v -0.478520989 0.611980796 0.814852893
v -0.476411879 0.612997353 0.813484907
v -0.475735217 0.615451634 0.8125512
v -0.476887375 0.617905915 0.812598646
v -0.479193449 0.618922472 0.813599527
v -0.481302559 0.617905915 0.814967513
v -0.478857219 0.618619442 0.815812826
v -0.481151491 0.617240965 0.81624788
v -0.482101798 0.614814341 0.81549865
v -0.481151491 0.612760961 0.814004064
v -0.478857219 0.612283826 0.812639594
v -0.476562947 0.613662302 0.81220454
v -0.47561264 0.616088927 0.81295377
v -0.476562947 0.618142307 0.814448357
v -0.476175517 0.615881443 0.821279466
v -0.478469789 0.614502966 0.82171452
v -0.479420096 0.612076342 0.82096529
v -0.478469789 0.610022962 0.819470704
v -0.476175517 0.609545827 0.818106234
v -0.473881245 0.610924304 0.81767118
v -0.472930938 0.613350928 0.81842041
v -0.473881245 0.615404308 0.819914997
v -0.479025602 0.612713635 0.82179749
v -0.477597415 0.610416174 0.821984649
v -0.475336283 0.609464526 0.820829332
v -0.473566771 0.610416174 0.819008231
v -0.473325431 0.612713635 0.81758821
v -0.474753618 0.615011096 0.817401052
v -0.47701475 0.615962744 0.818556368
v -0.478784263 0.615011096 0.820377469
v -0.473438412 0.616803288 0.829363585
v -0.472010225 0.614505827 0.829550743
v -0.469749093 0.61355418 0.828395426
v -0.46797958 0.614505827 0.826574326
v -0.467738241 0.616803288 0.825154305
v -0.469166428 0.619100749 0.824967146
v -0.47142756 0.620052397 0.826122463
v -0.473197073 0.619100749 0.827943563
v -0.47295323 0.616803288 0.829897106
v -0.471741289 0.614397049 0.829589903
v -0.469853967 0.61340034 0.827917278
v -0.468396813 0.614397049 0.82585901
v -0.468223423 0.616803288 0.824620783
v -0.469435364 0.619209528 0.824927986
v -0.471322685 0.620206237 0.826600611
v -0.47277984 0.619209528 0.828658879
v -0.464818358 0.619969547 0.837189496
v -0.463606417 0.617563307 0.836882293
v -0.461719096 0.616566598 0.835209668
v -0.460261941 0.617563307 0.8331514
v -0.460088551 0.619969547 0.831913173
v -0.461300492 0.622375786 0.832220376
v -0.463187814 0.623372495 0.833893001
v -0.464644969 0.622375786 0.835951269
v -0.464987725 0.619969547 0.837027252
v -0.464890867 0.617640734 0.835641444
v -0.46336621 0.616676152 0.833617091
v -0.46130687 0.617640734 0.832139969
v -0.459919184 0.619969547 0.832075417
v -0.460016042 0.62229836 0.833461225
v -0.461540699 0.623262942 0.835485578
v -0.463600039 0.62229836 0.8369627
v -0.462244362 0.618412673 0.839835286
v -0.462147504 0.61608386 0.838449478
v -0.460622847 0.615119278 0.836425126
v -0.458563507 0.61608386 0.834948003
v -0.457175821 0.618412673 0.834883451
v -0.457272679 0.620741487 0.836269259
v -0.458797336 0.621706069 0.838293612
v -0.460856676 0.620741487 0.839770734
v -0.462361604 0.618412673 0.839709282
v -0.461757809 0.615921021 0.838826001
v -0.4599545 0.614888906 0.837083578
v -0.458007991 0.615921021 0.835502744
v -0.457058579 0.618412673 0.835009456
v -0.457662374 0.620904326 0.835892737
v -0.459465683 0.62193644 0.837635159
v -0.461412191 0.620904326 0.839215994
v -0.455856204 0.617386997 0.847049713
v -0.455252409 0.614895344 0.846166432
v -0.4534491 0.61386323 0.844424009
v -0.451502591 0.614895344 0.842843175
v -0.450553179 0.617386997 0.842349887
v -0.451156974 0.61987865 0.843233168
v -0.452960283 0.620910764 0.844975591
v -0.454906791 0.61987865 0.846556425
v -0.455586582 0.617386997 0.847322583
v -0.454342037 0.614993155 0.847051084
v -0.452431202 0.614001632 0.845402241
v -0.450973511 0.614993155 0.843341887
v -0.4508228 0.617386997 0.842077017
v -0.452067345 0.619780838 0.842348516
v -0.453978181 0.620772362 0.843997359
v -0.455435872 0.619780838 0.846057713
v -0.447412342 0.620794892 0.854746044
v -0.446167797 0.618401051 0.854474545
v -0.444256961 0.617409527 0.852825701
v -0.44279927 0.618401051 0.850765347
v -0.44264856 0.620794892 0.849500477
v -0.443893105 0.623188734 0.849771976
v -0.44580394 0.624180257 0.85142082
v -0.447261631 0.623188734 0.853481174
v -0.446800977 0.620794892 0.855192125
v -0.44535628 0.61852926 0.854827583
v -0.443720698 0.617590785 0.852878928
v -0.442852348 0.61852926 0.85048759
v -0.443259925 0.620794892 0.849054396
v -0.444704622 0.623060524 0.849418938
v -0.446340203 0.623999 0.851367593
v -0.447208554 0.623060524 0.853758931
v -0.442706525 0.623025715 0.857554376
v -0.441261828 0.620760083 0.857189834
v -0.439626247 0.619821608 0.855241179
v -0.438757896 0.620760083 0.852849841
v -0.439165473 0.623025715 0.851416647
v -0.44061017 0.625291348 0.851781189
v -0.442245752 0.626229823 0.853729844
v -0.443114102 0.625291348 0.856121182
v -0.443323791 0.623025715 0.85710299
v -0.442070901 0.620635092 0.856841266
v -0.440153241 0.61964488 0.855199575
v -0.43869409 0.620635092 0.853139639
v -0.438548207 0.623025715 0.851868033
v -0.439801097 0.625416338 0.852129757
v -0.441718757 0.62640655 0.853771448
v -0.443177909 0.625416338 0.855831385
v -0.435180843 0.626480043 0.864531398
v -0.433927953 0.62408942 0.864269674
v -0.432010293 0.623099208 0.862627983
v -0.430551142 0.62408942 0.860568047
v -0.430405259 0.626480043 0.859296441
v -0.431658149 0.628870666 0.859558165
v -0.433575809 0.629860878 0.861199856
v -0.435034961 0.628870666 0.863259792
v -0.435433775 0.626480043 0.864275932
v -0.434888631 0.623998284 0.863328874
v -0.4331159 0.622970343 0.861552954
v -0.431154072 0.623998284 0.859988511
v -0.430152327 0.626480043 0.859551907
v -0.430697471 0.628961802 0.860498965
v -0.432470202 0.629989743 0.862274885
v -0.43443203 0.628961802 0.863839328
v -0.43229419 0.625830233 0.86778599
v -0.431749046 0.623348475 0.866838932
v -0.429976314 0.622320533 0.865063012
v -0.428014487 0.623348475 0.863498569
v -0.427012742 0.625830233 0.863061965
v -0.427557886 0.628311992 0.864009023
v -0.429330617 0.629339933 0.865784943
v -0.431292444 0.628311992 0.867349386
v -0.431245178 0.622664928 0.865423977
v -0.429921657 0.623160899 0.863109827
v -0.428441018 0.625220537 0.862151265
v -0.427670628 0.627637327 0.863109827
v -0.428061754 0.628995538 0.865423977
v -0.429385275 0.628499568 0.867738128
v -0.430865914 0.626439929 0.86869669
v -0.431636304 0.624023139 0.867738128
v -0.426065475 0.620060205 0.867828131
v -0.424741954 0.620556176 0.86551398
v -0.423261315 0.622615814 0.864555418
v -0.422490925 0.625032604 0.86551398
v -0.42288205 0.626390815 0.867828131
v -0.424205571 0.625894845 0.870142281
v -0.42568621 0.623835206 0.871100843
v -0.4264566 0.621418417 0.870142281
v -0.426253587 0.62322551 0.870891571
v -0.424795628 0.620966554 0.870538533
v -0.423149109 0.62003088 0.868597746
v -0.422278583 0.620966554 0.86620611
v -0.422693938 0.62322551 0.86476469
v -0.424151897 0.625484467 0.865117729
v -0.425798416 0.62642014 0.867058516
v -0.426668942 0.625484467 0.869450152
v -0.418131053 0.62773031 0.87561059
v -0.416673094 0.625471354 0.875257552
v -0.415026575 0.62453568 0.873316765
v -0.414156049 0.625471354 0.870925128
v -0.414571404 0.62773031 0.869483709
v -0.416029364 0.629989266 0.869836748
v -0.417675883 0.63092494 0.871777534
v -0.418546408 0.629989266 0.874169171
v -0.418910593 0.62773031 0.874997079
v -0.418723881 0.625361025 0.87369144
v -0.417147279 0.624379575 0.871715546
v -0.415104389 0.625361025 0.870226741
v -0.413791865 0.62773031 0.87009722
v -0.413978577 0.630099595 0.87140286
v -0.415555179 0.631081045 0.873378754
v -0.417598069 0.630099595 0.874867558
v -0.41614151 0.626354456 0.877889872
v -0.415954798 0.623985171 0.876584232
v -0.414378196 0.623003721 0.874608338
v -0.412335306 0.623985171 0.873119533
v -0.411022782 0.626354456 0.872990012
v -0.411209494 0.628723741 0.874295652
v -0.412786096 0.629705191 0.876271546
v -0.414828986 0.628723741 0.877760351
v -0.41437602 0.622901559 0.875439942
v -0.414143503 0.62391293 0.872934699
v -0.413582146 0.626354456 0.871896982
v -0.41302079 0.628795981 0.872934699
v -0.412788272 0.629807353 0.875439942
v -0.41302079 0.628795981 0.877945185
v -0.413582146 0.626354456 0.878982902
v -0.414143503 0.62391293 0.877945185
v -0.409013033 0.621668518 0.875439942
v -0.408780515 0.622679889 0.872934699
v -0.408219159 0.625121415 0.871896982
v -0.407657802 0.62756294 0.872934699
v -0.407425284 0.628574312 0.875439942
v -0.407657802 0.62756294 0.877945185
v -0.408219159 0.625121415 0.878982902
v -0.408780515 0.622679889 0.877945185
v -0.410160869 0.625121415 0.878403425
v -0.409782112 0.622626483 0.877411008
v -0.408487767 0.621593058 0.875263929
v -0.407036096 0.622626483 0.873219967
v -0.406277448 0.625121415 0.872476459
v -0.406656206 0.627616346 0.873468876
v -0.40795055 0.628649771 0.875615954
v -0.409402221 0.627616346 0.877659917
v -0.404090583 0.624460876 0.882380724
v -0.403711826 0.621965945 0.881388307
v -0.402417481 0.620932519 0.879241228
v -0.40096581 0.621965945 0.877197266
v -0.400207162 0.624460876 0.876453757
v -0.40058592 0.626955807 0.877446175
v -0.401880264 0.627989233 0.879593253
v -0.403331935 0.626955807 0.881637216
v -0.404051185 0.624460876 0.882406175
v -0.402498782 0.622250736 0.882164121
v -0.400741428 0.621335268 0.880312979
v -0.399808526 0.622250736 0.877937138
v -0.400246561 0.624460876 0.876428306
v -0.401798964 0.626671016 0.876670361
v -0.403556317 0.627586484 0.878521502
v -0.404489219 0.626671016 0.880897343
v -0.395619065 0.62979579 0.887772739
v -0.394066662 0.627585649 0.887530684
v -0.392309308 0.626670182 0.885679543
v -0.391376406 0.627585649 0.883303702
v -0.39181444 0.62979579 0.88179487
v -0.393366843 0.63200593 0.882036924
v -0.395124197 0.632921398 0.883888066
v -0.396057099 0.63200593 0.886263907
v -0.395810306 0.62979579 0.887642086
v -0.395117015 0.627292514 0.88686353
v -0.393603504 0.626255631 0.884866774
v -0.392156303 0.627292514 0.882821381
v -0.391623199 0.62979579 0.881925523
v -0.39231649 0.632299066 0.882704079
v -0.393830001 0.633335948 0.884700835
v -0.395277202 0.632299066 0.886746228
v -0.389322191 0.630114734 0.892394364
v -0.3886289 0.627611458 0.891615808
v -0.387115389 0.626574576 0.889619052
v -0.385668188 0.627611458 0.887573659
v -0.385135084 0.630114734 0.886677802
v -0.385828376 0.63261801 0.887456357
v -0.387341887 0.633654892 0.889453113
v -0.388789088 0.63261801 0.891498506
v -0.388132542 0.630114734 0.8929618
v -0.387569398 0.627628565 0.892037153
v -0.386806637 0.626598775 0.889647424
v -0.386291087 0.627628565 0.887192488
v -0.386324733 0.630114734 0.886110365
v -0.386887878 0.632600904 0.887035012
v -0.387650639 0.633630693 0.889424741
v -0.388166189 0.632600904 0.891879678
v -0.381858319 0.630920231 0.894617319
v -0.381295174 0.628434062 0.893692672
v -0.380532414 0.627404273 0.891302943
v -0.380016863 0.628434062 0.888848007
v -0.38005051 0.630920231 0.887765884
v -0.380613655 0.633406401 0.888690531
v -0.381376415 0.63443619 0.89108026
v -0.381891966 0.633406401 0.893535197
v -0.381496072 0.627418935 0.891191602
v -0.381202102 0.628423512 0.888690114
v -0.380763054 0.630890608 0.887653947
v -0.380436093 0.633375108 0.888690114
v -0.380412757 0.634421527 0.891191602
v -0.380706728 0.633416951 0.893693089
v -0.381145775 0.630949855 0.894729257
v -0.381472737 0.628465354 0.893693089
v -0.375994772 0.6265679 0.891496301
v -0.375700802 0.627572477 0.888994813
v -0.375261754 0.630039573 0.887958646
v -0.374934793 0.632524073 0.888994813
v -0.374911457 0.633570492 0.891496301
v -0.375205427 0.632565916 0.893997788
v -0.375644475 0.63009882 0.895033956
v -0.375971437 0.627614319 0.893997788
v -0.378047138 0.627655983 0.891496301
v -0.376399964 0.627408922 0.889356494
v -0.374198139 0.628720164 0.888470113
v -0.372731447 0.630821705 0.889356494
v -0.372859091 0.632482409 0.891496301
v -0.374506265 0.632729471 0.893636107
v -0.37670809 0.631418228 0.894522488
v -0.378174782 0.629316688 0.893636107
v -0.375798047 0.625238359 0.893506765
v -0.374150872 0.624991298 0.891366959
v -0.371949047 0.62630254 0.890480578
v -0.370482355 0.628404081 0.891366959
v -0.370609999 0.630064785 0.893506765
v -0.372257173 0.630311847 0.895646572
v -0.374458998 0.629000604 0.896532953
v -0.37592569 0.626899064 0.895646572
v -0.373899609 0.624177575 0.893506765
v -0.373643339 0.625184536 0.891002059
v -0.373129696 0.627636671 0.88996464
v -0.372659624 0.630097568 0.891002059
v -0.372508436 0.631125569 0.893506765
v -0.372764707 0.630118608 0.896011472
v -0.37327835 0.627666473 0.897048891
v -0.373748422 0.625205576 0.896011472
v -0.368505299 0.623097479 0.893624485
v -0.368249029 0.62410444 0.891119778
v -0.367735386 0.626556575 0.890082359
v -0.367265314 0.629017472 0.891119778
v -0.367114127 0.630045474 0.893624485
v -0.367370397 0.629038513 0.896129191
v -0.36788404 0.626586378 0.89716661
v -0.368354112 0.624125481 0.896129191
v -0.368781596 0.626571476 0.897031546
v -0.368134707 0.624094725 0.89613694
v -0.367297471 0.62306881 0.893770576
v -0.366760284 0.624094725 0.891318679
v -0.366837829 0.626571476 0.890217423
v -0.367484719 0.629048228 0.89111203
v -0.368321955 0.630074143 0.893478394
v -0.368859142 0.629048228 0.89593029
v -0.362443626 0.627573788 0.898839474
v -0.361796737 0.625097036 0.897944868
v -0.3609595 0.624071121 0.895578504
v -0.360422313 0.625097036 0.893126607
v -0.360499859 0.627573788 0.892025352
v -0.361146748 0.63005054 0.892919958
v -0.361983985 0.631076455 0.895286322
v -0.362521172 0.63005054 0.897738218
v -0.362460911 0.627573788 0.898834467
v -0.361793369 0.625099659 0.897947907
v -0.360937387 0.624074817 0.895587802
v -0.360394448 0.625099659 0.893136621
v -0.360482574 0.627573788 0.892030358
v -0.361150116 0.630047917 0.892916918
v -0.362006098 0.63107276 0.895277023
v -0.362549037 0.630047917 0.897728205
v -0.356112331 0.628625274 0.900680363
v -0.355444789 0.626151145 0.899793804
v -0.354588807 0.625126302 0.897433698
v -0.354045868 0.626151145 0.894982517
v -0.354133993 0.628625274 0.893876255
v -0.354801536 0.631099403 0.894762814
v -0.355657518 0.632124245 0.89712292
v -0.356200457 0.631099403 0.899574101
v -0.356084943 0.628625274 0.900688231
v -0.355450153 0.626147032 0.899789095
v -0.354623824 0.625120521 0.897419155
v -0.354090005 0.626147032 0.894966722
v -0.354161382 0.628625274 0.893868387
v -0.354796171 0.631103516 0.894767523
v -0.3556225 0.632130027 0.897137463
v -0.356156319 0.631103516 0.899589896
v -0.349785179 0.629594207 0.902465105
v -0.349150389 0.627115965 0.901565969
v -0.34832406 0.626089454 0.899196029
v -0.347790241 0.627115965 0.896743596
v -0.347861618 0.629594207 0.895645261
v -0.348496407 0.632072449 0.896544397
v -0.349322736 0.63309896 0.898914337
v -0.349856555 0.632072449 0.90136677
v -0.351655394 0.627465248 0.899055183
v -0.350773007 0.628018439 0.89655149
v -0.348748595 0.629494667 0.895514429
v -0.346767992 0.631029248 0.89655149
v -0.345991403 0.631723166 0.899055183
v -0.34687379 0.631169975 0.901558876
v -0.348898202 0.629693747 0.902595937
v -0.350878805 0.628159165 0.901558876
v -0.347734779 0.622249901 0.899284601
v -0.346852392 0.622803092 0.896780908
v -0.34482798 0.62427932 0.895743847
v -0.342847377 0.625813901 0.896780908
v -0.342070788 0.626507819 0.899284601
v -0.342953175 0.625954628 0.901788294
v -0.344977587 0.6244784 0.902825356
v -0.34695819 0.622943819 0.901788294
v -0.34675464 0.62437886 0.902305067
v -0.345232308 0.622152865 0.90202117
v -0.343516946 0.621230841 0.900134265
v -0.342613399 0.622152865 0.897749603
v -0.343050927 0.62437886 0.896264136
v -0.344573259 0.626604855 0.896548033
v -0.346288621 0.627526879 0.898434937
v -0.347192168 0.626604855 0.9008196
v -0.338747352 0.62922889 0.907214403
v -0.33722502 0.627002895 0.906930506
v -0.335509658 0.626080871 0.905043602
v -0.334606111 0.627002895 0.902658939
v -0.335043639 0.62922889 0.901173472
v -0.336565971 0.631454885 0.901457369
v -0.338281333 0.632376909 0.903344274
v -0.33918488 0.631454885 0.905728936
v -0.328765959 0.637904823 0.914139211
v -0.327118784 0.637657702 0.911999404
v -0.324916929 0.638968945 0.911113024
v -0.323450238 0.641070426 0.911999404
v -0.323577851 0.64273113 0.914139211
v -0.325225025 0.642978251 0.916279018
v -0.327426881 0.641667008 0.917165399
v -0.328893572 0.639565527 0.916279018
v -0.326539695 0.635511696 0.916129291
v -0.324892521 0.635264575 0.913989484
v -0.322690666 0.636575818 0.913103104
v -0.321223974 0.638677299 0.913989484
v -0.321351588 0.640338004 0.916129291
v -0.322998762 0.640585124 0.918269098
v -0.325200617 0.639273882 0.919155478
v -0.326667309 0.637172401 0.918269098
v -0.325831145 0.63792485 0.919128835
v -0.325584263 0.635445714 0.918058336
v -0.324377477 0.634418786 0.915857852
v -0.32291773 0.635445714 0.913816333
v -0.322060138 0.63792485 0.913129747
v -0.32230702 0.640403986 0.914200246
v -0.323513806 0.641430914 0.916400731
v -0.324973553 0.640403986 0.918442249
v -0.320089787 0.636938274 0.922737837
v -0.319842905 0.634459138 0.921667337
v -0.318636119 0.633432209 0.919466853
v -0.317176372 0.634459138 0.917425334
v -0.31631878 0.636938274 0.916738749
v -0.316565663 0.63941741 0.917809248
v -0.317772448 0.640444338 0.920009732
v -0.319232196 0.63941741 0.922051251
v -0.320570648 0.636938274 0.922375143
v -0.319378465 0.634524465 0.922050714
v -0.317498446 0.633524597 0.920371711
v -0.316031903 0.634524465 0.918321669
v -0.31583792 0.636938274 0.917101443
v -0.317030102 0.639352083 0.917425871
v -0.318910122 0.640351951 0.919104874
v -0.320376664 0.639352083 0.921154916
v -0.313223898 0.639680743 0.92896831
v -0.312031716 0.637266934 0.928643882
v -0.310151696 0.636267066 0.926964879
v -0.308685154 0.637266934 0.924914837
v -0.30849117 0.639680743 0.923694611
v -0.309683353 0.642094553 0.924019039
v -0.311563373 0.64309442 0.925698042
v -0.313029915 0.642094553 0.927748084
v -0.313451588 0.63726759 0.92633146
v -0.311804414 0.637020469 0.924191654
v -0.309602559 0.638331711 0.923305273
v -0.308135867 0.640433192 0.924191654
v -0.308263481 0.642093897 0.92633146
v -0.309910655 0.642341018 0.928471267
v -0.31211251 0.641029775 0.929357648
v -0.313579202 0.638928294 0.928471267
v -0.311232984 0.634882689 0.928314686
v -0.30958581 0.634635568 0.926174879
v -0.307383955 0.63594681 0.925288498
v -0.305917263 0.638048291 0.926174879
v -0.306044877 0.639708996 0.928314686
v -0.307692051 0.639956117 0.930454493
v -0.309893906 0.638644874 0.931340873
v -0.311360598 0.636543393 0.930454493
v -0.309216738 0.637295842 0.9318102
v -0.309054673 0.634790599 0.930785239
v -0.308649093 0.633752882 0.928313017
v -0.308237553 0.634790599 0.925841808
v -0.308061123 0.637295842 0.924819171
v -0.308223188 0.639801085 0.925844133
v -0.308628768 0.640838802 0.928316355
v -0.309040308 0.639801085 0.930787563
v -0.303449005 0.637278855 0.932763577
v -0.30328694 0.634773612 0.931738615
v -0.30288136 0.633735895 0.929266393
v -0.30246982 0.634773612 0.926795185
v -0.30229339 0.637278855 0.925772548
v -0.302455455 0.639784098 0.926797509
v -0.302861035 0.640821815 0.929269731
v -0.303272575 0.639784098 0.93174094
v -0.304731011 0.634263277 0.929268062
v -0.303484917 0.634713948 0.926902175
v -0.301879346 0.636667132 0.925922215
v -0.300854772 0.63897866 0.926902175
v -0.301011384 0.640294433 0.929268062
v -0.302257478 0.639843762 0.931633949
v -0.303863049 0.637890577 0.932613909
v -0.304887623 0.63557905 0.931633949
v -0.299886942 0.631275773 0.931250274
v -0.298640847 0.631726444 0.928884387
v -0.297035277 0.633679628 0.927904427
v -0.296010703 0.635991156 0.928884387
v -0.296167314 0.637306929 0.931250274
v -0.297413409 0.636856258 0.933616161
v -0.299018979 0.634903073 0.934596121
v -0.300043553 0.632591546 0.933616161
v -0.298027128 0.637186944 0.929208636
v -0.300228387 0.637028098 0.930784225
v -0.301140189 0.635266125 0.932632744
v -0.300228387 0.63293314 0.933671474
v -0.298027128 0.631395757 0.933291912
v -0.295825869 0.631554604 0.931716323
v -0.294914067 0.633316576 0.929867804
v -0.295825869 0.635649562 0.928829074
v -0.29214114 0.643428922 0.938061476
v -0.294342399 0.643270075 0.939637065
v -0.295254201 0.641508102 0.941485584
v -0.294342399 0.639175117 0.942524314
v -0.29214114 0.637637734 0.942144752
v -0.28993988 0.637796581 0.940569162
v -0.289028078 0.639558554 0.938720644
v -0.28993988 0.641891539 0.937681913
v -0.293603212 0.640533328 0.943330348
v -0.29240334 0.638175666 0.942734718
v -0.291049868 0.637199044 0.940597534
v -0.290335655 0.638175666 0.938170731
v -0.290679067 0.640533328 0.93687588
v -0.291878939 0.64289099 0.937471509
v -0.293232411 0.643867612 0.939608693
v -0.293946624 0.64289099 0.942035496
v -0.286712229 0.643251598 0.94645226
v -0.285512358 0.640893936 0.945856631
v -0.284158885 0.639917314 0.943719447
v -0.283444673 0.640893936 0.941292644
v -0.283788085 0.643251598 0.939997792
v -0.284987956 0.64560926 0.940593421
v -0.286341429 0.646585882 0.942730606
v -0.287055641 0.64560926 0.945157409
v -0.286824137 0.643251598 0.946399152
v -0.287188441 0.640921891 0.945060194
v -0.286417335 0.639956832 0.942646265
v -0.284962475 0.640921891 0.940571308
v -0.283676177 0.643251598 0.9400509
v -0.283311874 0.645581305 0.941389859
v -0.284082979 0.646546364 0.943803787
v -0.285537839 0.645581305 0.945878744
v -0.281707615 0.640993357 0.948936343
v -0.282071918 0.63866365 0.947597384
v -0.281300813 0.637698591 0.945183456
v -0.279845953 0.63866365 0.943108499
v -0.278559655 0.640993357 0.942588091
v -0.278195351 0.643323064 0.94392705
v -0.278966457 0.644288123 0.946340978
v -0.280421317 0.643323064 0.948415935
v -0.281652272 0.640993357 0.948963225
v -0.280395865 0.638654709 0.94841069
v -0.278985858 0.637686014 0.946306765
v -0.278248191 0.638654709 0.943883836
v -0.278614998 0.640993357 0.942561209
v -0.279871404 0.643332005 0.943113744
v -0.281281412 0.644300699 0.945217669
v -0.282019079 0.643332005 0.947640598
v -0.27469331 0.643951952 0.952264726
v -0.273436904 0.641613305 0.951712191
v -0.272026896 0.64064461 0.949608266
v -0.271289229 0.641613305 0.947185338
v -0.271656036 0.643951952 0.94586271
v -0.272912443 0.6462906 0.946415246
v -0.27432245 0.647259295 0.94851917
v -0.275060117 0.6462906 0.950942099
v -0.276496649 0.642720282 0.949063718
v -0.275396973 0.642739296 0.946585119
v -0.272995472 0.643468618 0.945558429
v -0.270698965 0.644481122 0.946585119
v -0.269852698 0.645183623 0.949063718
v -0.270952374 0.645164609 0.951542318
v -0.273353875 0.644435287 0.952569008
v -0.275650382 0.643422782 0.951542318
v -0.274996132 0.638673127 0.949698448
v -0.273896456 0.638692141 0.947219849
v -0.271494955 0.639421463 0.946193159
v -0.269198447 0.640433967 0.947219849
v -0.268352181 0.641136467 0.949698448
v -0.269451857 0.641117454 0.952177048
v -0.271853358 0.640388131 0.953203738
v -0.274149865 0.639375627 0.952177048
v -0.27294445 0.639904797 0.95300585
v -0.271939009 0.637493193 0.952280402
v -0.270778418 0.636494219 0.950042486
v -0.270142525 0.637493193 0.947603047
v -0.270403862 0.639904797 0.946391046
v -0.271409303 0.642316401 0.947116494
v -0.272569895 0.643315375 0.94935441
v -0.273205787 0.642316401 0.951793849
v -0.266418397 0.641871631 0.955512345
v -0.265412956 0.639460027 0.954786897
v -0.264252365 0.638461053 0.952548981
v -0.263616472 0.639460027 0.950109541
v -0.263877809 0.641871631 0.948897541
v -0.26488325 0.644283235 0.949622989
v -0.266043842 0.645282209 0.951860905
v -0.266679734 0.644283235 0.954300344
v -0.267007917 0.638856053 0.952204943
v -0.265761852 0.639306784 0.949839056
v -0.264156282 0.641259909 0.948859096
v -0.263131678 0.643571436 0.949839056
v -0.263288289 0.644887209 0.952204943
v -0.264534354 0.644436479 0.95457083
v -0.266139925 0.642483354 0.95555079
v -0.267164528 0.640171826 0.95457083
v -0.262204349 0.635893524 0.954170525
v -0.260958284 0.636344254 0.951804638
v -0.259352714 0.638297379 0.950824678
v -0.25832811 0.640608907 0.951804638
v -0.258484721 0.641924679 0.954170525
v -0.259730786 0.641473949 0.956536412
v -0.261336356 0.639520824 0.957516372
v -0.26236096 0.637209296 0.956536412
v -0.258325011 0.63599807 0.954170525
v -0.257927865 0.637536585 0.95197314
v -0.258946359 0.639879107 0.951062977
v -0.260783911 0.641653419 0.95197314
v -0.26236406 0.641820133 0.954170525
v -0.262761205 0.640281618 0.95636791
v -0.261742711 0.637939095 0.957278073
v -0.259905159 0.636164784 0.95636791
v -0.250374317 0.641513884 0.959469497
v -0.249977157 0.643052399 0.957272112
v -0.250995666 0.645394921 0.956361949
v -0.252833217 0.647169232 0.957272112
v -0.254413366 0.647335947 0.959469497
v -0.254810512 0.645797431 0.961666882
v -0.253792018 0.643454909 0.962577045
v -0.251954466 0.641680598 0.961666882
v -0.254253626 0.641409338 0.959469497
v -0.253007561 0.641860008 0.95710361
v -0.251401991 0.643813193 0.95612365
v -0.250377417 0.646124721 0.95710361
v -0.250534058 0.647440493 0.959469497
v -0.251780123 0.646989822 0.961835384
v -0.253385693 0.645036638 0.962815344
v -0.254410267 0.64272511 0.961835384
v -0.249464378 0.638455689 0.961429238
v -0.248218313 0.63890636 0.959063351
v -0.246612743 0.640859544 0.958083391
v -0.245588183 0.643171072 0.959063351
v -0.24574481 0.644486845 0.961429238
v -0.246990874 0.644036174 0.963795125
v -0.248596445 0.642082989 0.964775085
v -0.249621004 0.639771461 0.963795125
v -0.248512581 0.641471267 0.964853883
v -0.247925952 0.638988078 0.963935852
v -0.247151077 0.63795954 0.961549461
v -0.246641874 0.638988078 0.959092677
v -0.246696606 0.641471267 0.958004594
v -0.247283235 0.643954456 0.958922625
v -0.24805811 0.644982994 0.961309016
v -0.248567313 0.643954456 0.9637658
v -0.242502496 0.642301977 0.966447353
v -0.241915867 0.639818788 0.965529323
v -0.241140991 0.63879025 0.963142931
v -0.240631789 0.639818788 0.960686147
v -0.240686521 0.642301977 0.959598064
v -0.24127315 0.644785166 0.960516095
v -0.242048025 0.645813704 0.962902486
v -0.242557228 0.644785166 0.965359271
v -0.243396431 0.642301977 0.966073215
v -0.243326709 0.639853835 0.964909196
v -0.242242277 0.638839841 0.962640047
v -0.240778401 0.639853835 0.960595131
v -0.239792585 0.642301977 0.959972203
v -0.239862308 0.644750118 0.961136222
v -0.24094674 0.645764112 0.963405371
v -0.242410615 0.644750118 0.965450287
v -0.237977386 0.640934289 0.969274223
v -0.237907663 0.638486147 0.968110204
v -0.236823231 0.637472153 0.965841055
v -0.235359356 0.638486147 0.963796139
v -0.23437354 0.640934289 0.963173211
v -0.234443262 0.64338243 0.96433723
v -0.235527694 0.644396424 0.966606379
v -0.236991569 0.64338243 0.968651295
v -0.23780179 0.640934289 0.969371378
v -0.23643887 0.638636351 0.968907535
v -0.234921634 0.637684524 0.96687156
v -0.234138891 0.638636351 0.964456081
v -0.234549135 0.640934289 0.963076055
v -0.235912055 0.643232226 0.963539898
v -0.237429291 0.644184053 0.965575874
v -0.238212034 0.643232226 0.967991352
v -0.234284684 0.642653525 0.971188605
v -0.232921764 0.640355587 0.970724761
v -0.231404528 0.63940376 0.968688786
v -0.230621785 0.640355587 0.966273308
v -0.231032029 0.642653525 0.964893281
v -0.232394949 0.644951463 0.965357125
v -0.233912185 0.645903289 0.9673931
v -0.234694928 0.644951463 0.969808578
v -0.234370768 0.642653525 0.97114259
v -0.232934579 0.640387118 0.970750153
v -0.231336594 0.639448404 0.968770683
v -0.230512872 0.640387118 0.966363728
v -0.230945945 0.642653525 0.964939296
v -0.232382134 0.644919932 0.965331733
v -0.233980119 0.645858645 0.967311203
v -0.234803841 0.644919932 0.969718158
v -0.227184042 0.646520615 0.975110352
v -0.225747854 0.644254208 0.974717915
v -0.224149868 0.643315494 0.972738445
v -0.223326147 0.644254208 0.97033149
v -0.223759219 0.646520615 0.968907058
v -0.225195408 0.648787022 0.969299495
v -0.226793393 0.649725735 0.971278965
v -0.227617115 0.648787022 0.97368592
v -0.22733146 0.643505037 0.972008705
v -0.22608541 0.643955767 0.969642818
v -0.224479809 0.645908892 0.968662858
v -0.223455206 0.64822042 0.969642818
v -0.223611802 0.649536192 0.972008705
v -0.224857852 0.649085462 0.974374592
v -0.226463452 0.647132337 0.975354552
v -0.227488056 0.644820809 0.974374592
v -0.222565576 0.640565693 0.97395885
v -0.221319526 0.641016424 0.971592963
v -0.219713926 0.642969549 0.970613003
v -0.218689322 0.645281076 0.971592963
v -0.218845919 0.646596849 0.97395885
v -0.220091969 0.646146119 0.976324737
v -0.221697569 0.644192994 0.977304697
v -0.222722173 0.641881466 0.976324737
v -0.221470043 0.640121758 0.97395885
v -0.22123079 0.64113158 0.971453667
v -0.220683962 0.643576443 0.97041595
v -0.220149904 0.646024108 0.971453667
v -0.219941452 0.647040784 0.97395885
v -0.220180705 0.646030962 0.976464033
v -0.220727533 0.643586099 0.97750175
v -0.221261591 0.641138434 0.976464033
v -0.216284841 0.638976216 0.973992288
v -0.216045588 0.639986038 0.971487105
v -0.21549876 0.642430902 0.970449388
v -0.214964703 0.644878566 0.971487105
v -0.21475625 0.645895243 0.973992288
v -0.214995503 0.644885421 0.976497471
v -0.215542331 0.642440557 0.977535188
v -0.216076389 0.639992893 0.976497471
v -0.216832697 0.64243573 0.977283299
v -0.215774417 0.640037835 0.97658813
v -0.214567423 0.639044583 0.974372327
v -0.213918746 0.640037835 0.971933901
v -0.214208394 0.64243573 0.970701277
v -0.215266675 0.644833624 0.971396446
v -0.216473669 0.645826876 0.973612249
v -0.217122346 0.644833624 0.976050675
v -0.210384861 0.644536078 0.979854107
v -0.20932658 0.642138183 0.979158938
v -0.208119586 0.641144931 0.976943135
v -0.207470909 0.642138183 0.974504709
v -0.207760558 0.644536078 0.973272085
v -0.208818838 0.646933973 0.973967254
v -0.210025832 0.647927225 0.976183057
v -0.210674509 0.646933973 0.978621483
v -0.209981889 0.644536078 0.979987442
v -0.209390655 0.642053485 0.979070723
v -0.208613187 0.641025186 0.976685107
v -0.208104894 0.642053485 0.974228024
v -0.20816353 0.644536078 0.97313875
v -0.208754763 0.647018671 0.974055469
v -0.209532231 0.64804697 0.976441085
v -0.210040525 0.647018671 0.978898168
v -0.204040632 0.645368516 0.981564879
v -0.203449398 0.642885923 0.98064816
v -0.20267193 0.641857624 0.978262544
v -0.202163637 0.642885923 0.975805461
v -0.202222273 0.645368516 0.974716187
v -0.202813506 0.64785111 0.975632906
v -0.203590974 0.648879409 0.978018522
v -0.204099268 0.64785111 0.980475605
v -0.205725476 0.642955303 0.978140533
v -0.204078287 0.642708182 0.976000726
v -0.201876462 0.644019485 0.975114346
v -0.200409785 0.646121025 0.976000726
v -0.200537428 0.64778173 0.978140533
v -0.202184618 0.648028851 0.98028034
v -0.204386443 0.646717548 0.98116672
v -0.205853119 0.644616008 0.98028034
v -0.203549013 0.640615761 0.980086088
v -0.201901823 0.64036864 0.977946281
v -0.199699998 0.641679943 0.977059901
v -0.198233321 0.643781483 0.977946281
v -0.198360965 0.645442188 0.980086088
v -0.200008154 0.645689309 0.982225895
v -0.202209979 0.644378006 0.983112276
v -0.203676656 0.642276466 0.982225895
v -0.201723397 0.643028975 0.983544707
v -0.201307222 0.640531361 0.982574165
v -0.200684711 0.639496863 0.98014611
v -0.200220525 0.640531361 0.977682948
v -0.20018658 0.643028975 0.976627469
v -0.200602755 0.645526588 0.977598011
v -0.201225266 0.646561086 0.980026066
v -0.201689452 0.645526588 0.982489228
v -0.195935711 0.643493712 0.984830558
v -0.195519537 0.640996099 0.983860016
v -0.194897026 0.6399616 0.981431961
v -0.19443284 0.640996099 0.978968799
v -0.194398895 0.643493712 0.97791332
v -0.194815069 0.645991325 0.978883862
v -0.19543758 0.647025824 0.981311917
v -0.195901766 0.645991325 0.983775079
v -0.19634749 0.643493712 0.984712541
v -0.195432529 0.641062319 0.983935237
v -0.194362208 0.64005518 0.981656373
v -0.193763509 0.641062319 0.979210854
v -0.193987116 0.643493712 0.978031337
v -0.194902077 0.645925105 0.978808641
v -0.195972398 0.646932244 0.981087506
v -0.196571097 0.645925105 0.983533025
v -0.190121323 0.645133436 0.986912131
v -0.189206362 0.642702043 0.986134827
v -0.188136041 0.641694903 0.983855963
v -0.187537342 0.642702043 0.981410444
v -0.187760949 0.645133436 0.980230927
v -0.18867591 0.647564828 0.981008232
v -0.189746231 0.648571968 0.983287096
v -0.19034493 0.647564828 0.985732615
v -0.190947339 0.645133436 0.98649174
v -0.190472707 0.642631948 0.985558808
v -0.189100906 0.641595781 0.983461738
v -0.187635511 0.642631948 0.981428981
v -0.186934933 0.645133436 0.980651319
v -0.187409565 0.647634923 0.981584251
v -0.188781366 0.648671091 0.983681321
v -0.190246761 0.647634923 0.985714078
v -0.185240507 0.644754052 0.990412354
v -0.184765875 0.642252564 0.989479423
v -0.183394074 0.641216397 0.987382352
v -0.181928679 0.642252564 0.985349596
v -0.181228101 0.644754052 0.984571934
v -0.181702733 0.64725554 0.985504866
v -0.183074534 0.648291707 0.987601936
v -0.184539929 0.64725554 0.989634693
v -0.183784798 0.644754052 0.990992069
v -0.183647737 0.642248929 0.989963174
v -0.183268502 0.641211271 0.98748678
v -0.182869226 0.642248929 0.985013545
v -0.182683811 0.644754052 0.983992219
v -0.182820871 0.647259176 0.985021114
v -0.183200106 0.648296833 0.987497509
v -0.183599383 0.647259176 0.989970744
v -0.17822209 0.644699037 0.991867006
v -0.178085029 0.642193913 0.99083811
v -0.177705795 0.641156256 0.988361716
v -0.177306518 0.642193913 0.985888481
v -0.177121103 0.644699037 0.984867156
v -0.177258164 0.647204161 0.985896051
v -0.177637398 0.648241818 0.988372445
v -0.178036675 0.647204161 0.99084568
v -0.178054929 0.644699037 0.991889238
v -0.178134367 0.642201245 0.99083674
v -0.177942723 0.641166568 0.988337576
v -0.177592248 0.642201245 0.985855699
v -0.177288264 0.644699037 0.984844923
v -0.177208826 0.647196829 0.985897422
v -0.17740047 0.648231506 0.988396585
v -0.177750945 0.647196829 0.990878463
v -0.172634169 0.644278049 0.992479205
v -0.172713608 0.641780257 0.991426706
v -0.172521964 0.64074558 0.988927543
v -0.172171488 0.641780257 0.986445665
v -0.171867505 0.644278049 0.98543489
v -0.171788067 0.646775842 0.986487389
v -0.17197971 0.647810519 0.988986552
v -0.172330186 0.646775842 0.99146843
v -0.172709346 0.644278049 0.992470205
v -0.172691569 0.641775548 0.991426051
v -0.172415614 0.640738964 0.98893553
v -0.172043145 0.641775548 0.986457646
v -0.171792328 0.644278049 0.98544389
v -0.171810105 0.64678055 0.986488044
v -0.17208606 0.647817135 0.988978565
v -0.172458529 0.64678055 0.991456449
v -0.167232543 0.64401871 0.993184984
v -0.167214766 0.641516209 0.99214083
v -0.166938812 0.640479624 0.989650309
v -0.166566342 0.641516209 0.987172425
v -0.166315526 0.64401871 0.986158669
v -0.166333303 0.646521211 0.987202823
v -0.166609257 0.647557795 0.989693344
v -0.166981727 0.646521211 0.992171228
v -0.169403613 0.64401871 0.992046237
v -0.167873666 0.641784668 0.992192209
v -0.165699556 0.640859246 0.990861773
v -0.164154872 0.641784668 0.988834262
v -0.164144456 0.64401871 0.987297416
v -0.165674403 0.646252751 0.987151444
v -0.167848513 0.647178173 0.988481879
v -0.169393197 0.646252751 0.990509391
v -0.161357522 0.650111139 1.00095701
v -0.159827575 0.647877097 1.00110304
v -0.157653466 0.646951675 0.999772549
v -0.156108782 0.647877097 0.997745037
v -0.156098366 0.650111139 0.996208191
v -0.157628313 0.652345181 0.996062219
v -0.159802422 0.653270602 0.997392654
v -0.161347106 0.652345181 0.999420166
v -0.161939666 0.650111139 1.00007844
v -0.160862148 0.647626936 0.999934077
v -0.158534437 0.646597922 0.998998106
v -0.156320095 0.647626936 0.997818708
v -0.155516222 0.650111139 0.997086823
v -0.15659374 0.652595341 0.997231126
v -0.15892145 0.653624356 0.998167098
v -0.161135793 0.652595341 0.999346495
v -0.158282414 0.651241243 1.00793111
v -0.157204896 0.648757041 1.00778675
v -0.154877186 0.647728026 1.00685072
v -0.152662843 0.648757041 1.00567138
v -0.151858971 0.651241243 1.00493944
v -0.152936488 0.653725445 1.0050838
v -0.155264199 0.65475446 1.00601983
v -0.157478541 0.653725445 1.00719917
v -0.156666145 0.651241243 1.00959873
v -0.155318394 0.648938239 1.00911617
v -0.153825536 0.647984266 1.00706327
v -0.153062075 0.648938239 1.00464249
v -0.15347524 0.651241243 1.00327182
v -0.15482299 0.653544247 1.00375438
v -0.156315848 0.654498219 1.00580728
v -0.157079309 0.653544247 1.00822806
v -0.153315231 0.652848184 1.01128876
v -0.151967481 0.65054518 1.0108062
v -0.150474623 0.649591208 1.0087533
v -0.149711162 0.65054518 1.00633252
v -0.150124326 0.652848184 1.00496185
v -0.151472077 0.655151188 1.00544441
v -0.152964935 0.656105161 1.00749731
v -0.153728396 0.655151188 1.00991809
v -0.153905466 0.652848184 1.01091373
v -0.153076738 0.650354385 1.01024485
v -0.151453122 0.649321437 1.00833428
v -0.149985701 0.650354385 1.0063014
v -0.149534091 0.652848184 1.00533688
v -0.150362819 0.655341983 1.00600576
v -0.151986435 0.656374931 1.00791633
v -0.153453857 0.655341983 1.00994921
v -0.147890136 0.653582454 1.01562881
v -0.147061408 0.651088655 1.01495993
v -0.145437792 0.650055707 1.01304936
v -0.14397037 0.651088655 1.01101649
v -0.143518761 0.653582454 1.01005197
v -0.144347489 0.656076252 1.01072085
v -0.145971105 0.657109201 1.01263142
v -0.147438526 0.656076252 1.01466429
v -0.145704448 0.65272069 1.01627696
v -0.14820601 0.65284121 1.01523733
v -0.149242193 0.653395951 1.01279366
v -0.14820601 0.654059947 1.01037729
v -0.145704448 0.654444218 1.00940382
v -0.143202886 0.654323697 1.01044345
v -0.142166704 0.653768957 1.01288712
v -0.143202886 0.653104961 1.01530349
v -0.14530386 0.645571887 1.01448429
v -0.147805423 0.645692408 1.01344466
v -0.148841605 0.646247149 1.01100099
v -0.147805423 0.646911144 1.00858462
v -0.14530386 0.647295415 1.00761116
v -0.142802298 0.647174895 1.00865078
v -0.141766116 0.646620154 1.01109445
v -0.142802298 0.645956159 1.01351082
v -0.145951226 0.646433651 1.01453102
v -0.145682946 0.64392966 1.01352537
v -0.145192608 0.64289248 1.01106834
v -0.144767433 0.64392966 1.00859928
v -0.144656494 0.646433651 1.00756443
v -0.144924775 0.648937643 1.00857008
v -0.145415112 0.649974823 1.0110271
v -0.145840287 0.648937643 1.01349616
v -0.140366882 0.646615148 1.01556885
v -0.140098602 0.644111156 1.0145632
v -0.139608264 0.643073976 1.01210618
v -0.139183089 0.644111156 1.00963712
v -0.13907215 0.646615148 1.00860226
v -0.13934043 0.649119139 1.00960791
v -0.139830768 0.650156319 1.01206493
v -0.140255943 0.649119139 1.014534
v -0.142441839 0.644347668 1.01208556
v -0.141529039 0.644873202 1.00958681
v -0.139556244 0.646419108 1.00855184
v -0.137679085 0.648079872 1.00958681
v -0.136997193 0.648882627 1.01208556
v -0.137909994 0.648357093 1.0145843
v -0.139882788 0.646811187 1.01561928
v -0.141759947 0.645150423 1.0145843
v -0.138427019 0.6395275 1.01253843
v -0.137514219 0.640053034 1.01003969
v -0.135541424 0.64159894 1.00900471
v -0.133664265 0.643259704 1.01003969
v -0.132982373 0.644062459 1.01253843
v -0.133895174 0.643536925 1.01503718
v -0.135867968 0.641991019 1.01607215
v -0.137745127 0.640330255 1.01503718
v -0.133652687 0.638906777 1.01253843
v -0.133905604 0.640000045 1.01006985
v -0.135212392 0.64214474 1.00904727
v -0.136807576 0.644084573 1.01006985
v -0.137756705 0.644683182 1.01253843
v -0.137503788 0.643589914 1.01500702
v -0.136197001 0.64144522 1.0160296
v -0.134601817 0.639505386 1.01500702
v -0.126572996 0.643936694 1.01404071
v -0.126825914 0.645029962 1.01157212
v -0.128132701 0.647174656 1.01054955
v -0.129727885 0.64911449 1.01157212
v -0.130677015 0.649713099 1.01404071
v -0.130424097 0.648619831 1.01650929
v -0.12911731 0.646475136 1.01753187
v -0.127522126 0.644535303 1.01650929
v -0.120820239 0.651601493 1.02445984
v -0.120587707 0.652612805 1.02195454
v -0.120026335 0.655054331 1.02091682
v -0.119464964 0.657495856 1.02195454
v -0.119232431 0.658507168 1.02445984
v -0.119464964 0.657495856 1.02696514
v -0.120026335 0.655054331 1.02800286
v -0.120587707 0.652612805 1.02696514
v -0.118287779 0.651019216 1.02445984
v -0.118055247 0.652030528 1.02195454
v -0.117493875 0.654472053 1.02091682
v -0.116932504 0.656913579 1.02195454
v -0.116699971 0.657924891 1.02445984
v -0.116932504 0.656913579 1.02696514
v -0.117493875 0.654472053 1.02800286
v -0.118055247 0.652030528 1.02696514
v -0.119550504 0.651587129 1.02445984
v -0.118374124 0.652022898 1.02205586
v -0.116682105 0.653893352 1.02105999
v -0.115465604 0.656102777 1.02205586
v -0.115437247 0.657356977 1.02445984
v -0.116613626 0.656921208 1.02686381
v -0.118305646 0.655050755 1.02785969
v -0.119522147 0.65284133 1.02686381
v -0.115005121 0.648346782 1.0260967
v -0.113828741 0.648782551 1.02369273
v -0.112136722 0.650653005 1.02269685
v -0.110920221 0.65286243 1.02369273
v -0.110891864 0.654116631 1.0260967
v -0.112068243 0.653680861 1.02850068
v -0.113760263 0.651810408 1.02949655
v -0.114976764 0.649600983 1.02850068
v -0.114226773 0.647927403 1.0260967
v -0.114092402 0.648988068 1.02360475
v -0.113287948 0.651363015 1.02257252
v -0.112284645 0.653661072 1.02360475
v -0.111670211 0.654536009 1.0260967
v -0.111804582 0.653475344 1.02858865
v -0.112609036 0.651100397 1.02962089
v -0.113612339 0.64880234 1.02858865
v -0.109402932 0.646061301 1.02556252
v -0.109268561 0.647121966 1.02307057
v -0.108464107 0.649496913 1.02203834
v -0.107460804 0.65179497 1.02307057
v -0.10684637 0.652669907 1.02556252
v -0.106980741 0.651609242 1.02805448
v -0.107785195 0.649234295 1.02908671
v -0.108788498 0.646936238 1.02805448
v -0.106679514 0.649365604 1.02879739
v -0.107112691 0.646860361 1.02785432
v -0.108138666 0.645822704 1.02556884
v -0.109156422 0.646860361 1.02327955
v -0.109569788 0.649365604 1.02232766
v -0.109136611 0.651870847 1.02327073
v -0.108110636 0.652908504 1.02555621
v -0.10709288 0.651870847 1.0278455
v -0.101415008 0.64934063 1.02644551
v -0.101848185 0.646835387 1.02550244
v -0.10287416 0.645797729 1.02321696
v -0.103891917 0.646835387 1.02092767
v -0.104305282 0.64934063 1.01997578
v -0.103872105 0.651845872 1.02091885
v -0.102846131 0.65288353 1.02320433
v -0.101828374 0.651845872 1.02549362
v -0.103881687 0.645948112 1.02321064
v -0.103697911 0.646976531 1.02070832
v -0.103023387 0.649389803 1.0196718
v -0.102253236 0.651774228 1.02070832
v -0.101838604 0.652733147 1.02321064
v -0.10202238 0.651704729 1.02571297
v -0.102696903 0.649291456 1.02674949
v -0.103467055 0.646907032 1.02571297
v -0.101403221 0.645201802 1.02308595
v -0.101219445 0.646230221 1.02058363
v -0.100544922 0.648643494 1.0195471
v -0.0997747704 0.651027918 1.02058363
v -0.0993601382 0.651986837 1.02308595
v -0.0995439142 0.650958419 1.02558827
v -0.100218438 0.648545146 1.0266248
v -0.100988589 0.646160722 1.02558827
v -0.0989887491 0.64859432 1.02634358
v -0.0993625894 0.646089315 1.02537489
v -0.1003334 0.645051777 1.02306533
v -0.101332486 0.646089315 1.02076781
v -0.101774611 0.64859432 1.01982832
v -0.10140077 0.651099324 1.02079701
v -0.10042996 0.652136862 1.02310658
v -0.099430874 0.651099324 1.0254041
v -0.093682982 0.648679852 1.02407491
v -0.0940568224 0.646174848 1.02310622
v -0.095027633 0.64513731 1.02079666
v -0.0960267186 0.646174848 1.01849914
v -0.0964688435 0.648679852 1.01755965
v -0.0960950032 0.651184857 1.01852834
v -0.0951241925 0.652222395 1.0208379
v -0.0941251069 0.651184857 1.02313542
v -0.0980149731 0.646701336 1.02081728
v -0.0977763757 0.648205161 1.0185734
v -0.0959558785 0.649987042 1.01764405
v -0.0936199129 0.651003182 1.0185734
v -0.0921368524 0.650658369 1.02081728
v -0.0923754498 0.649154544 1.02306116
v -0.0941959471 0.647372663 1.02399051
v -0.0965319127 0.646356523 1.02306116
v -0.0943730474 0.641291261 1.01757872
v -0.09413445 0.642795086 1.01533484
v -0.0923139527 0.644576967 1.01440549
v -0.0899779871 0.645593107 1.01533484
v -0.0884949267 0.645248294 1.01757872
v -0.0887335241 0.643744469 1.0198226
v -0.0905540213 0.641962588 1.02075195
v -0.0928899869 0.640946448 1.0198226
v -0.0867323354 0.659733057 1.03304219
v -0.0858043656 0.659204304 1.03054976
v -0.0834248364 0.658413708 1.02951729
v -0.0809876621 0.657824278 1.03054976
v -0.0799204931 0.657781363 1.03304219
v -0.0808484629 0.658310115 1.03553462
v -0.0832279921 0.659100711 1.03656709
v -0.0856651664 0.659690142 1.03553462
v -0.0888523832 0.652333498 1.03382254
v -0.0879244134 0.651804745 1.03133011
v -0.0855448842 0.651014149 1.03029764
v -0.0831077099 0.650424719 1.03133011
v -0.0820405409 0.650381804 1.03382254
v -0.0829685107 0.650910556 1.03631496
v -0.0853480399 0.651701152 1.03734744
v -0.0877852142 0.652290583 1.03631496
v -0.087643005 0.64857775 1.03382254
v -0.0865211785 0.649013877 1.03139269
v -0.0847698003 0.650822997 1.03038609
v -0.0834148005 0.65294528 1.03139269
v -0.0832499191 0.654137552 1.03382254
v -0.0843717456 0.653701425 1.03625238
v -0.0861231238 0.651892304 1.03725898
v -0.0874781236 0.649770021 1.03625238
v -0.0832003877 0.645067394 1.03524351
v -0.0820785612 0.645503521 1.03281367
v -0.080327183 0.647312641 1.03180707
v -0.0789721832 0.649434924 1.03281367
v -0.0788073018 0.650627196 1.03524351
v -0.0799291283 0.650191069 1.03767335
v -0.0816805065 0.648381948 1.03867996
v -0.0830355063 0.646259665 1.03767335
v -0.0834912211 0.647847295 1.03776646
v -0.0821611136 0.645488739 1.03762066
v -0.0801530927 0.644511819 1.03608227
v -0.0786434337 0.645488739 1.03405261
v -0.0785164684 0.647847295 1.03272057
v -0.0798465759 0.650205851 1.03286636
v -0.0818545967 0.651182771 1.03440475
v -0.0833642557 0.650205851 1.03643441
v -0.0767716467 0.651227057 1.04439116
v -0.0754415393 0.648868501 1.04424536
v -0.0734335184 0.647891581 1.04270697
v -0.0719238594 0.648868501 1.04067731
v -0.0717968941 0.651227057 1.03934526
v -0.0731270015 0.653585613 1.03949106
v -0.0751350224 0.654562533 1.04102945
v -0.0766446814 0.653585613 1.04305911
v -0.0753160045 0.647837639 1.04186821
v -0.0751335025 0.648866832 1.03936613
v -0.0744535401 0.651278555 1.03832972
v -0.073674418 0.653660178 1.03936613
v -0.0732525364 0.654616475 1.04186821
v -0.0734350383 0.653587282 1.04437029
v -0.0741150007 0.651175559 1.0454067
v -0.0748941228 0.648793936 1.04437029
v -0.0703919381 0.646338761 1.04161084
v -0.0702094361 0.647367954 1.03910875
v -0.0695294738 0.649779677 1.03807235
v -0.0687503517 0.6521613 1.03910875
v -0.06832847 0.653117597 1.04161084
v -0.068510972 0.652088404 1.04411292
v -0.0691909343 0.649676681 1.04514933
v -0.0699700564 0.647295058 1.04411292
v -0.069360204 0.648773015 1.04502261
v -0.0718626976 0.648939669 1.04399168
v -0.0728992671 0.6495682 1.04156601
v -0.0718626976 0.650290489 1.03916669
v -0.069360204 0.650683343 1.03819907
v -0.0668577105 0.650516689 1.03922999
v -0.065821141 0.649888158 1.04165566
v -0.0668577105 0.649165869 1.04405499
v -0.0689870119 0.641115963 1.04287887
v -0.0714895055 0.641282618 1.04184794
v -0.0725260749 0.641911149 1.03942227
v -0.0714895055 0.642633438 1.03702295
v -0.0689870119 0.643026292 1.03605533
v -0.0664845183 0.642859638 1.03708625
v -0.0654479489 0.642231107 1.03951192
v -0.0664845183 0.641508818 1.04191124
v -0.0719635561 0.640149474 1.0394671
v -0.0717004463 0.641655147 1.03722727
v -0.0698478445 0.643404484 1.03629947
v -0.06749098 0.644372761 1.03722727
v -0.0660104677 0.643992782 1.0394671
v -0.0662735775 0.642487109 1.04170692
v -0.0681261793 0.640737772 1.04263473
v -0.0704830438 0.639769495 1.04170692
v -0.0683512166 0.634554148 1.03613007
v -0.0680881068 0.636059821 1.03389025
v -0.066235505 0.637809157 1.03296244
v -0.0638786405 0.638777435 1.03389025
v -0.0623981282 0.638397455 1.03613007
v -0.062661238 0.636891782 1.03836989
v -0.0645138398 0.635142446 1.0392977
v -0.0668707043 0.634174168 1.03836989
v -0.0662386492 0.636475801 1.03956604
v -0.0656836852 0.63398999 1.03863561
v -0.0649477094 0.63296032 1.03623748
v -0.0644618422 0.63398999 1.0337764
v -0.0645106956 0.636475801 1.0326941
v -0.0650656596 0.638961613 1.03362453
v -0.0658016354 0.639991283 1.03602266
v -0.0662875026 0.638961613 1.03848374
v -0.0634035841 0.636841893 1.04027891
v -0.0628486201 0.634356081 1.03934848
v -0.0621126443 0.633326411 1.03695035
v -0.0616267771 0.634356081 1.03448927
v -0.0616756305 0.636841893 1.03340697
v -0.0622305907 0.639327705 1.0343374
v -0.0629665703 0.640357375 1.03673553
v -0.0634524375 0.639327705 1.03919661
f 1 2 10
f 1 10 9
f 2 3 11
f 2 11 10
f 3 4 12
f 3 12 11
f 4 5 13
f 4 13 12
f 5 6 14
f 5 14 13
f 6 7 15
f 6 15 14
f 7 8 16
f 7 16 15
f 8 1 9
f 8 9 16
f 1 3 2
f 9 10 11
f 1 4 3
f 9 11 12
f 1 5 4
f 9 12 13
f 1 6 5
f 9 13 14
f 1 7 6
f 9 14 15
f 1 8 7
f 9 15 16
f 17 18 26
f 17 26 25
f 18 19 27
f 18 27 26
f 19 20 28
f 19 28 27
f 20 21 29
f 20 29 28
f 21 22 30
f 21 30 29
f 22 23 31
f 22 31 30
f 23 24 32
f 23 32 31
f 24 17 25
f 24 25 32
f 17 19 18
f 25 26 27
f 17 20 19
f 25 27 28
f 17 21 20
f 25 28 29
f 17 22 21
f 25 29 30
f 17 23 22
f 25 30 31
f 17 24 23
f 25 31 32
f 33 34 42
f 33 42 41
f 34 35 43
f 34 43 42
f 35 36 44
f 35 44 43
f 36 37 45
f 36 45 44
f 37 38 46
f 37 46 45
f 38 39 47
f 38 47 46
f 39 40 48
f 39 48 47
f 40 33 41
f 40 41 48
f 33 35 34
f 41 42 43
f 33 36 35
f 41 43 44
f 33 37 36
f 41 44 45
f 33 38 37
f 41 45 46
f 33 39 38
f 41 46 47
f 33 40 39
f 41 47 48
f 49 50 58
f 49 58 57
f 50 51 59
f 50 59 58
f 51 52 60
f 51 60 59
f 52 53 61
f 52 61 60
f 53 54 62
f 53 62 61
f 54 55 63
f 54 63 62
f 55 56 64
f 55 64 63
f 56 49 57
f 56 57 64
f 49 51 50
f 57 58 59
f 49 52 51
f 57 59 60
f 49 53 52
f 57 60 61
f 49 54 53
f 57 61 62
f 49 55 54
f 57 62 63
f 49 56 55
f 57 63 64
f 65 66 74
f 65 74 73
f 66 67 75
f 66 75 74
f 67 68 76
f 67 76 75
f 68 69 77
f 68 77 76
f 69 70 78
f 69 78 77
f 70 71 79
f 70 79 78
f 71 72 80
f 71 80 79
f 72 65 73
f 72 73 80
f 65 67 66
f 73 74 75
f 65 68 67
f 73 75 76
f 65 69 68
f 73 76 77
f 65 70 69
f 73 77 78
f 65 71 70
f 73 78 79
f 65 72 71
f 73 79 80
f 81 82 90
f 81 90 89
f 82 83 91
f 82 91 90
f 83 84 92
f 83 92 91
f 84 85 93
f 84 93 92
f 85 86 94
f 85 94 93
f 86 87 95
f 86 95 94
f 87 88 96
f 87 96 95
f 88 81 89
f 88 89 96
f 81 83 82
f 89 90 91
f 81 84 83
f 89 91 92
f 81 85 84
f 89 92 93
f 81 86 85
f 89 93 94
f 81 87 86
f 89 94 95
f 81 88 87
f 89 95 96
f 97 98 106
f 97 106 105
f 98 99 107
f 98 107 106
f 99 100 108
f 99 108 107
f 100 101 109
f 100 109 108
f 101 102 110
f 101 110 109
f 102 103 111
f 102 111 110
f 103 104 112
f 103 112 111
f 104 97 105
f 104 105 112
f 97 99 98
f 105 106 107
f 97 100 99
f 105 107 108
f 97 101 100
f 105 108 109
f 97 102 101
f 105 109 110
f 97 103 102
f 105 110 111
f 97 104 103
f 105 111 112
f 113 114 122
f 113 122 121
f 114 115 123
f 114 123 122
f 115 116 124
f 115 124 123
f 116 117 125
f 116 125 124
f 117 118 126
f 117 126 125
f 118 119 127
f 118 127 126
f 119 120 128
f 119 128 127
f 120 113 121
f 120 121 128
f 113 115 114
f 121 122 123
f 113 116 115
f 121 123 124
f 113 117 116
f 121 124 125
f 113 118 117
f 121 125 126
f 113 119 118
f 121 126 127
f 113 120 119
f 121 127 128
f 129 130 138
f 129 138 137
f 130 131 139
f 130 139 138
f 131 132 140
f 131 140 139
f 132 133 141
f 132 141 140
f 133 134 142
f 133 142 141
f 134 135 143
f 134 143 142
f 135 136 144
f 135 144 143
f 136 129 137
f 136 137 144
f 129 131 130
f 137 138 139
f 129 132 131
f 137 139 140
f 129 133 132
f 137 140 141
f 129 134 133
f 137 141 142
f 129 135 134
f 137 142 143
f 129 136 135
f 137 143 144
f 145 146 154
f 145 154 153
f 146 147 155
f 146 155 154
f 147 148 156
f 147 156 155
f 148 149 157
f 148 157 156
f 149 150 158
f 149 158 157
f 150 151 159
f 150 159 158
f 151 152 160
f 151 160 159
f 152 145 153
f 152 153 160
f 145 147 146
f 153 154 155
f 145 148 147
f 153 155 156
f 145 149 148
f 153 156 157
f 145 150 149
f 153 157 158
f 145 151 150
f 153 158 159
f 145 152 151
f 153 159 160
f 161 162 170
f 161 170 169
f 162 163 171
f 162 171 170
f 163 164 172
f 163 172 171
f 164 165 173
f 164 173 172
f 165 166 174
f 165 174 173
f 166 167 175
f 166 175 174
f 167 168 176
f 167 176 175
f 168 161 169
f 168 169 176
f 161 163 162
f 169 170 171
f 161 164 163
f 169 171 172
f 161 165 164
f 169 172 173
f 161 166 165
f 169 173 174
f 161 167 166
f 169 174 175
f 161 168 167
f 169 175 176
f 177 178 186
f 177 186 185
f 178 179 187
f 178 187 186
f 179 180 188
f 179 188 187
f 180 181 189
f 180 189 188
f 181 182 190
f 181 190 189
f 182 183 191
f 182 191 190
f 183 184 192
f 183 192 191
f 184 177 185
f 184 185 192
f 177 179 178
f 185 186 187
f 177 180 179
f 185 187 188
f 177 181 180
f 185 188 189
f 177 182 181
f 185 189 190
f 177 183 182
f 185 190 191
f 177 184 183
f 185 191 192
f 193 194 202
f 193 202 201
f 194 195 203
f 194 203 202
f 195 196 204
f 195 204 203
f 196 197 205
f 196 205 204
f 197 198 206
f 197 206 205
f 198 199 207
f 198 207 206
f 199 200 208
f 199 208 207
f 200 193 201
f 200 201 208
f 193 195 194
f 201 202 203
f 193 196 195
f 201 203 204
f 193 197 196
f 201 204 205
f 193 198 197
f 201 205 206
f 193 199 198
f 201 206 207
f 193 200 199
f 201 207 208
f 209 210 218
f 209 218 217
f 210 211 219
f 210 219 218
f 211 212 220
f 211 220 219
f 212 213 221
f 212 221 220
f 213 214 222
f 213 222 221
f 214 215 223
f 214 223 222
f 215 216 224
f 215 224 223
f 216 209 217
f 216 217 224
f 209 211 210
f 217 218 219
f 209 212 211
f 217 219 220
f 209 213 212
f 217 220 221
f 209 214 213
f 217 221 222
f 209 215 214
f 217 222 223
f 209 216 215
f 217 223 224
f 225 226 234
f 225 234 233
f 226 227 235
f 226 235 234
f 227 228 236
f 227 236 235
f 228 229 237
f 228 237 236
f 229 230 238
f 229 238 237
f 230 231 239
f 230 239 238
f 231 232 240
f 231 240 239
f 232 225 233
f 232 233 240
f 225 227 226
f 233 234 235
f 225 228 227
f 233 235 236
f 225 229 228
f 233 236 237
f 225 230 229
f 233 237 238
f 225 231 230
f 233 238 239
f 225 232 231
f 233 239 240
f 241 242 250
f 241 250 249
f 242 243 251
f 242 251 250
f 243 244 252
f 243 252 251
f 244 245 253
f 244 253 252
f 245 246 254
f 245 254 253
f 246 247 255
f 246 255 254
f 247 248 256
f 247 256 255
f 248 241 249
f 248 249 256
f 241 243 242
f 249 250 251
f 241 244 243
f 249 251 252
f 241 245 244
f 249 252 253
f 241 246 245
f 249 253 254
f 241 247 246
f 249 254 255
f 241 248 247
f 249 255 256
f 257 258 266
f 257 266 265
f 258 259 267
f 258 267 266
f 259 260 268
f 259 268 267
f 260 261 269
f 260 269 268
f 261 262 270
f 261 270 269
f 262 263 271
f 262 271 270
f 263 264 272
f 263 272 271
f 264 257 265
f 264 265 272
f 257 259 258
f 265 266 267
f 257 260 259
f 265 267 268
f 257 261 260
f 265 268 269
f 257 262 261
f 265 269 270
f 257 263 262
f 265 270 271
f 257 264 263
f 265 271 272
f 273 274 282
f 273 282 281
f 274 275 283
f 274 283 282
f 275 276 284
f 275 284 283
f 276 277 285
f 276 285 284
f 277 278 286
f 277 286 285
f 278 279 287
f 278 287 286
f 279 280 288
f 279 288 287
f 280 273 281
f 280 281 288
f 273 275 274
f 281 282 283
f 273 276 275
f 281 283 284
f 273 277 276
f 281 284 285
f 273 278 277
f 281 285 286
f 273 279 278
f 281 286 287
f 273 280 279
f 281 287 288
f 289 290 298
f 289 298 297
f 290 291 299
f 290 299 298
f 291 292 300
f 291 300 299
f 292 293 301
f 292 301 300
f 293 294 302
f 293 302 301
f 294 295 303
f 294 303 302
f 295 296 304
f 295 304 303
f 296 289 297
f 296 297 304
f 289 291 290
f 297 298 299
f 289 292 291
f 297 299 300
f 289 293 292
f 297 300 301
f 289 294 293
f 297 301 302
f 289 295 294
f 297 302 303
f 289 296 295
f 297 303 304
f 305 306 314
f 305 314 313
f 306 307 315
f 306 315 314
f 307 308 316
f 307 316 315
f 308 309 317
f 308 317 316
f 309 310 318
f 309 318 317
f 310 311 319
f 310 319 318
f 311 312 320
f 311 320 319
f 312 305 313
f 312 313 320
f 305 307 306
f 313 314 315
f 305 308 307
f 313 315 316
f 305 309 308
f 313 316 317
f 305 310 309
f 313 317 318
f 305 311 310
f 313 318 319
f 305 312 311
f 313 319 320
f 321 322 330
f 321 330 329
f 322 323 331
f 322 331 330
f 323 324 332
f 323 332 331
f 324 325 333
f 324 333 332
f 325 326 334
f 325 334 333
f 326 327 335
f 326 335 334
f 327 328 336
f 327 336 335
f 328 321 329
f 328 329 336
f 321 323 322
f 329 330 331
f 321 324 323
f 329 331 332
f 321 325 324
f 329 332 333
f 321 326 325
f 329 333 334
f 321 327 326
f 329 334 335
f 321 328 327
f 329 335 336
f 337 338 346
f 337 346 345
f 338 339 347
f 338 347 346
f 339 340 348
f 339 348 347
f 340 341 349
f 340 349 348
f 341 342 350
f 341 350 349
f 342 343 351
f 342 351 350
f 343 344 352
f 343 352 351
f 344 337 345
f 344 345 352
f 337 339 338
f 345 346 347
f 337 340 339
f 345 347 348
f 337 341 340
f 345 348 349
f 337 342 341
f 345 349 350
f 337 343 342
f 345 350 351
f 337 344 343
f 345 351 352
f 353 354 362
f 353 362 361
f 354 355 363
f 354 363 362
f 355 356 364
f 355 364 363
f 356 357 365
f 356 365 364
f 357 358 366
f 357 366 365
f 358 359 367
f 358 367 366
f 359 360 368
f 359 368 367
f 360 353 361
f 360 361 368
f 353 355 354
f 361 362 363
f 353 356 355
f 361 363 364
f 353 357 356
f 361 364 365
f 353 358 357
f 361 365 366
f 353 359 358
f 361 366 367
f 353 360 359
f 361 367 368
f 369 370 378
f 369 378 377
f 370 371 379
f 370 379 378
f 371 372 380
f 371 380 379
f 372 373 381
f 372 381 380
f 373 374 382
f 373 382 381
f 374 375 383
f 374 383 382
f 375 376 384
f 375 384 383
f 376 369 377
f 376 377 384
f 369 371 370
f 377 378 379
f 369 372 371
f 377 379 380
f 369 373 372
f 377 380 381
f 369 374 373
f 377 381 382
f 369 375 374
f 377 382 383
f 369 376 375
f 377 383 384
f 385 386 394
f 385 394 393
f 386 387 395
f 386 395 394
f 387 388 396
f 387 396 395
f 388 389 397
f 388 397 396
f 389 390 398
f 389 398 397
f 390 391 399
f 390 399 398
f 391 392 400
f 391 400 399
f 392 385 393
f 392 393 400
f 385 387 386
f 393 394 395
f 385 388 387
f 393 395 396
f 385 389 388
f 393 396 397
f 385 390 389
f 393 397 398
f 385 391 390
f 393 398 399
f 385 392 391
f 393 399 400
f 401 402 410
f 401 410 409
f 402 403 411
f 402 411 410
f 403 404 412
f 403 412 411
f 404 405 413
f 404 413 412
f 405 406 414
f 405 414 413
f 406 407 415
f 406 415 414
f 407 408 416
f 407 416 415
f 408 401 409
f 408 409 416
f 401 403 402
f 409 410 411
f 401 404 403
f 409 411 412
f 401 405 404
f 409 412 413
f 401 406 405
f 409 413 414
f 401 407 406
f 409 414 415
f 401 408 407
f 409 415 416
f 417 418 426
f 417 426 425
f 418 419 427
f 418 427 426
f 419 420 428
f 419 428 427
f 420 421 429
f 420 429 428
f 421 422 430
f 421 430 429
f 422 423 431
f 422 431 430
f 423 424 432
f 423 432 431
f 424 417 425
f 424 425 432
f 417 419 418
f 425 426 427
f 417 420 419
f 425 427 428
f 417 421 420
f 425 428 429
f 417 422 421
f 425 429 430
f 417 423 422
f 425 430 431
f 417 424 423
f 425 431 432
f 433 434 442
f 433 442 441
f 434 435 443
f 434 443 442
f 435 436 444
f 435 444 443
f 436 437 445
f 436 445 444
f 437 438 446
f 437 446 445
f 438 439 447
f 438 447 446
f 439 440 448
f 439 448 447
f 440 433 441
f 440 441 448
f 433 435 434
f 441 442 443
f 433 436 435
f 441 443 444
f 433 437 436
f 441 444 445
f 433 438 437
f 441 445 446
f 433 439 438
f 441 446 447
f 433 440 439
f 441 447 448
f 449 450 458
f 449 458 457
f 450 451 459
f 450 459 458
f 451 452 460
f 451 460 459
f 452 453 461
f 452 461 460
f 453 454 462
f 453 462 461
f 454 455 463
f 454 463 462
f 455 456 464
f 455 464 463
f 456 449 457
f 456 457 464
f 449 451 450
f 457 458 459
f 449 452 451
f 457 459 460
f 449 453 452
f 457 460 461
f 449 454 453
f 457 461 462
f 449 455 454
f 457 462 463
f 449 456 455
f 457 463 464
f 465 466 474
f 465 474 473
f 466 467 475
f 466 475 474
f 467 468 476
f 467 476 475
f 468 469 477
f 468 477 476
f 469 470 478
f 469 478 477
f 470 471 479
f 470 479 478
f 471 472 480
f 471 480 479
f 472 465 473
f 472 473 480
f 465 467 466
f 473 474 475
f 465 468 467
f 473 475 476
f 465 469 468
f 473 476 477
f 465 470 469
f 473 477 478
f 465 471 470
f 473 478 479
f 465 472 471
f 473 479 480
f 481 482 490
f 481 490 489
f 482 483 491
f 482 491 490
f 483 484 492
f 483 492 491
f 484 485 493
f 484 493 492
f 485 486 494
f 485 494 493
f 486 487 495
f 486 495 494
f 487 488 496
f 487 496 495
f 488 481 489
f 488 489 496
f 481 483 482
f 489 490 491
f 481 484 483
f 489 491 492
f 481 485 484
f 489 492 493
f 481 486 485
f 489 493 494
f 481 487 486
f 489 494 495
f 481 488 487
f 489 495 496
f 497 498 506
f 497 506 505
f 498 499 507
f 498 507 506
f 499 500 508
f 499 508 507
f 500 501 509
f 500 509 508
f 501 502 510
f 501 510 509
f 502 503 511
f 502 511 510
f 503 504 512
f 503 512 511
f 504 497 505
f 504 505 512
f 497 499 498
f 505 506 507
f 497 500 499
f 505 507 508
f 497 501 500
f 505 508 509
f 497 502 501
f 505 509 510
f 497 503 502
f 505 510 511
f 497 504 503
f 505 511 512
f 513 514 522
f 513 522 521
f 514 515 523
f 514 523 522
f 515 516 524
f 515 524 523
f 516 517 525
f 516 525 524
f 517 518 526
f 517 526 525
f 518 519 527
f 518 527 526
f 519 520 528
f 519 528 527
f 520 513 521
f 520 521 528
f 513 515 514
f 521 522 523
f 513 516 515
f 521 523 524
f 513 517 516
f 521 524 525
f 513 518 517
f 521 525 526
f 513 519 518
f 521 526 527
f 513 520 519
f 521 527 528
f 529 530 538
f 529 538 537
f 530 531 539
f 530 539 538
f 531 532 540
f 531 540 539
f 532 533 541
f 532 541 540
f 533 534 542
f 533 542 541
f 534 535 543
f 534 543 542
f 535 536 544
f 535 544 543
f 536 529 537
f 536 537 544
f 529 531 530
f 537 538 539
f 529 532 531
f 537 539 540
f 529 533 532
f 537 540 541
f 529 534 533
f 537 541 542
f 529 535 534
f 537 542 543
f 529 536 535
f 537 543 544
f 545 546 554
f 545 554 553
f 546 547 555
f 546 555 554
f 547 548 556
f 547 556 555
f 548 549 557
f 548 557 556
f 549 550 558
f 549 558 557
f 550 551 559
f 550 559 558
f 551 552 560
f 551 560 559
f 552 545 553
f 552 553 560
f 545 547 546
f 553 554 555
f 545 548 547
f 553 555 556
f 545 549 548
f 553 556 557
f 545 550 549
f 553 557 558
f 545 551 550
f 553 558 559
f 545 552 551
f 553 559 560
f 561 562 570
f 561 570 569
f 562 563 571
f 562 571 570
f 563 564 572
f 563 572 571
f 564 565 573
f 564 573 572
f 565 566 574
f 565 574 573
f 566 567 575
f 566 575 574
f 567 568 576
f 567 576 575
f 568 561 569
f 568 569 576
f 561 563 562
f 569 570 571
f 561 564 563
f 569 571 572
f 561 565 564
f 569 572 573
f 561 566 565
f 569 573 574
f 561 567 566
f 569 574 575
f 561 568 567
f 569 575 576
f 577 578 586
f 577 586 585
f 578 579 587
f 578 587 586
f 579 580 588
f 579 588 587
f 580 581 589
f 580 589 588
f 581 582 590
f 581 590 589
f 582 583 591
f 582 591 590
f 583 584 592
f 583 592 591
f 584 577 585
f 584 585 592
f 577 579 578
f 585 586 587
f 577 580 579
f 585 587 588
f 577 581 580
f 585 588 589
f 577 582 581
f 585 589 590
f 577 583 582
f 585 590 591
f 577 584 583
f 585 591 592
f 593 594 602
f 593 602 601
f 594 595 603
f 594 603 602
f 595 596 604
f 595 604 603
f 596 597 605
f 596 605 604
f 597 598 606
f 597 606 605
f 598 599 607
f 598 607 606
f 599 600 608
f 599 608 607
f 600 593 601
f 600 601 608
f 593 595 594
f 601 602 603
f 593 596 595
f 601 603 604
f 593 597 596
f 601 604 605
f 593 598 597
f 601 605 606
f 593 599 598
f 601 606 607
f 593 600 599
f 601 607 608
f 609 610 618
f 609 618 617
f 610 611 619
f 610 619 618
f 611 612 620
f 611 620 619
f 612 613 621
f 612 621 620
f 613 614 622
f 613 622 621
f 614 615 623
f 614 623 622
f 615 616 624
f 615 624 623
f 616 609 617
f 616 617 624
f 609 611 610
f 617 618 619
f 609 612 611
f 617 619 620
f 609 613 612
f 617 620 621
f 609 614 613
f 617 621 622
f 609 615 614
f 617 622 623
f 609 616 615
f 617 623 624
f 625 626 634
f 625 634 633
f 626 627 635
f 626 635 634
f 627 628 636
f 627 636 635
f 628 629 637
f 628 637 636
f 629 630 638
f 629 638 637
f 630 631 639
f 630 639 638
f 631 632 640
f 631 640 639
f 632 625 633
f 632 633 640
f 625 627 626
f 633 634 635
f 625 628 627
f 633 635 636
f 625 629 628
f 633 636 637
f 625 630 629
f 633 637 638
f 625 631 630
f 633 638 639
f 625 632 631
f 633 639 640
f 641 642 650
f 641 650 649
f 642 643 651
f 642 651 650
f 643 644 652
f 643 652 651
f 644 645 653
f 644 653 652
f 645 646 654
f 645 654 653
f 646 647 655
f 646 655 654
f 647 648 656
f 647 656 655
f 648 641 649
f 648 649 656
f 641 643 642
f 649 650 651
f 641 644 643
f 649 651 652
f 641 645 644
f 649 652 653
f 641 646 645
f 649 653 654
f 641 647 646
f 649 654 655
f 641 648 647
f 649 655 656
f 657 658 666
f 657 666 665
f 658 659 667
f 658 667 666
f 659 660 668
f 659 668 667
f 660 661 669
f 660 669 668
f 661 662 670
f 661 670 669
f 662 663 671
f 662 671 670
f 663 664 672
f 663 672 671
f 664 657 665
f 664 665 672
f 657 659 658
f 665 666 667
f 657 660 659
f 665 667 668
f 657 661 660
f 665 668 669
f 657 662 661
f 665 669 670
f 657 663 662
f 665 670 671
f 657 664 663
f 665 671 672
f 673 674 682
f 673 682 681
f 674 675 683
f 674 683 682
f 675 676 684
f 675 684 683
f 676 677 685
f 676 685 684
f 677 678 686
f 677 686 685
f 678 679 687
f 678 687 686
f 679 680 688
f 679 688 687
f 680 673 681
f 680 681 688
f 673 675 674
f 681 682 683
f 673 676 675
f 681 683 684
f 673 677 676
f 681 684 685
f 673 678 677
f 681 685 686
f 673 679 678
f 681 686 687
f 673 680 679
f 681 687 688
f 689 690 698
f 689 698 697
f 690 691 699
f 690 699 698
f 691 692 700
f 691 700 699
f 692 693 701
f 692 701 700
f 693 694 702
f 693 702 701
f 694 695 703
f 694 703 702
f 695 696 704
f 695 704 703
f 696 689 697
f 696 697 704
f 689 691 690
f 697 698 699
f 689 692 691
f 697 699 700
f 689 693 692
f 697 700 701
f 689 694 693
f 697 701 702
f 689 695 694
f 697 702 703
f 689 696 695
f 697 703 704
f 705 706 714
f 705 714 713
f 706 707 715
f 706 715 714
f 707 708 716
f 707 716 715
f 708 709 717
f 708 717 716
f 709 710 718
f 709 718 717
f 710 711 719
f 710 719 718
f 711 712 720
f 711 720 719
f 712 705 713
f 712 713 720
f 705 707 706
f 713 714 715
f 705 708 707
f 713 715 716
f 705 709 708
f 713 716 717
f 705 710 709
f 713 717 718
f 705 711 710
f 713 718 719
f 705 712 711
f 713 719 720
f 721 722 730
f 721 730 729
f 722 723 731
f 722 731 730
f 723 724 732
f 723 732 731
f 724 725 733
f 724 733 732
f 725 726 734
f 725 734 733
f 726 727 735
f 726 735 734
f 727 728 736
f 727 736 735
f 728 721 729
f 728 729 736
f 721 723 722
f 729 730 731
f 721 724 723
f 729 731 732
f 721 725 724
f 729 732 733
f 721 726 725
f 729 733 734
f 721 727 726
f 729 734 735
f 721 728 727
f 729 735 736
f 737 738 746
f 737 746 745
f 738 739 747
f 738 747 746
f 739 740 748
f 739 748 747
f 740 741 749
f 740 749 748
f 741 742 750
f 741 750 749
f 742 743 751
f 742 751 750
f 743 744 752
f 743 752 751
f 744 737 745
f 744 745 752
f 737 739 738
f 745 746 747
f 737 740 739
f 745 747 748
f 737 741 740
f 745 748 749
f 737 742 741
f 745 749 750
f 737 743 742
f 745 750 751
f 737 744 743
f 745 751 752
f 753 754 762
f 753 762 761
f 754 755 763
f 754 763 762
f 755 756 764
f 755 764 763
f 756 757 765
f 756 765 764
f 757 758 766
f 757 766 765
f 758 759 767
f 758 767 766
f 759 760 768
f 759 768 767
f 760 753 761
f 760 761 768
f 753 755 754
f 761 762 763
f 753 756 755
f 761 763 764
f 753 757 756
f 761 764 765
f 753 758 757
f 761 765 766
f 753 759 758
f 761 766 767
f 753 760 759
f 761 767 768
f 769 770 778
f 769 778 777
f 770 771 779
f 770 779 778
f 771 772 780
f 771 780 779
f 772 773 781
f 772 781 780
f 773 774 782
f 773 782 781
f 774 775 783
f 774 783 782
f 775 776 784
f 775 784 783
f 776 769 777
f 776 777 784
f 769 771 770
f 777 778 779
f 769 772 771
f 777 779 780
f 769 773 772
f 777 780 781
f 769 774 773
f 777 781 782
f 769 775 774
f 777 782 783
f 769 776 775
f 777 783 784
f 785 786 794
f 785 794 793
f 786 787 795
f 786 795 794
f 787 788 796
f 787 796 795
f 788 789 797
f 788 797 796
f 789 790 798
f 789 798 797
f 790 791 799
f 790 799 798
f 791 792 800
f 791 800 799
f 792 785 793
f 792 793 800
f 785 787 786
f 793 794 795
f 785 788 787
f 793 795 796
f 785 789 788
f 793 796 797
f 785 790 789
f 793 797 798
f 785 791 790
f 793 798 799
f 785 792 791
f 793 799 800
f 801 802 810
f 801 810 809
f 802 803 811
f 802 811 810
f 803 804 812
f 803 812 811
f 804 805 813
f 804 813 812
f 805 806 814
f 805 814 813
f 806 807 815
f 806 815 814
f 807 808 816
f 807 816 815
f 808 801 809
f 808 809 816
f 801 803 802
f 809 810 811
f 801 804 803
f 809 811 812
f 801 805 804
f 809 812 813
f 801 806 805
f 809 813 814
f 801 807 806
f 809 814 815
f 801 808 807
f 809 815 816
f 817 818 826
f 817 826 825
f 818 819 827
f 818 827 826
f 819 820 828
f 819 828 827
f 820 821 829
f 820 829 828
f 821 822 830
f 821 830 829
f 822 823 831
f 822 831 830
f 823 824 832
f 823 832 831
f 824 817 825
f 824 825 832
f 817 819 818
f 825 826 827
f 817 820 819
f 825 827 828
f 817 821 820
f 825 828 829
f 817 822 821
f 825 829 830
f 817 823 822
f 825 830 831
f 817 824 823
f 825 831 832
f 833 834 842
f 833 842 841
f 834 835 843
f 834 843 842
f 835 836 844
f 835 844 843
f 836 837 845
f 836 845 844
f 837 838 846
f 837 846 845
f 838 839 847
f 838 847 846
f 839 840 848
f 839 848 847
f 840 833 841
f 840 841 848
f 833 835 834
f 841 842 843
f 833 836 835
f 841 843 844
f 833 837 836
f 841 844 845
f 833 838 837
f 841 845 846
f 833 839 838
f 841 846 847
f 833 840 839
f 841 847 848
f 849 850 858
f 849 858 857
f 850 851 859
f 850 859 858
f 851 852 860
f 851 860 859
f 852 853 861
f 852 861 860
f 853 854 862
f 853 862 861
f 854 855 863
f 854 863 862
f 855 856 864
f 855 864 863
f 856 849 857
f 856 857 864
f 849 851 850
f 857 858 859
f 849 852 851
f 857 859 860
f 849 853 852
f 857 860 861
f 849 854 853
f 857 861 862
f 849 855 854
f 857 862 863
f 849 856 855
f 857 863 864
f 865 866 874
f 865 874 873
f 866 867 875
f 866 875 874
f 867 868 876
f 867 876 875
f 868 869 877
f 868 877 876
f 869 870 878
f 869 878 877
f 870 871 879
f 870 879 878
f 871 872 880
f 871 880 879
f 872 865 873
f 872 873 880
f 865 867 866
f 873 874 875
f 865 868 867
f 873 875 876
f 865 869 868
f 873 876 877
f 865 870 869
f 873 877 878
f 865 871 870
f 873 878 879
f 865 872 871
f 873 879 880
f 881 882 890
f 881 890 889
f 882 883 891
f 882 891 890
f 883 884 892
f 883 892 891
f 884 885 893
f 884 893 892
f 885 886 894
f 885 894 893
f 886 887 895
f 886 895 894
f 887 888 896
f 887 896 895
f 888 881 889
f 888 889 896
f 881 883 882
f 889 890 891
f 881 884 883
f 889 891 892
f 881 885 884
f 889 892 893
f 881 886 885
f 889 893 894
f 881 887 886
f 889 894 895
f 881 888 887
f 889 895 896
f 897 898 906
f 897 906 905
f 898 899 907
f 898 907 906
f 899 900 908
f 899 908 907
f 900 901 909
f 900 909 908
f 901 902 910
f 901 910 909
f 902 903 911
f 902 911 910
f 903 904 912
f 903 912 911
f 904 897 905
f 904 905 912
f 897 899 898
f 905 906 907
f 897 900 899
f 905 907 908
f 897 901 900
f 905 908 909
f 897 902 901
f 905 909 910
f 897 903 902
f 905 910 911
f 897 904 903
f 905 911 912
f 913 914 922
f 913 922 921
f 914 915 923
f 914 923 922
f 915 916 924
f 915 924 923
f 916 917 925
f 916 925 924
f 917 918 926
f 917 926 925
f 918 919 927
f 918 927 926
f 919 920 928
f 919 928 927
f 920 913 921
f 920 921 928
f 913 915 914
f 921 922 923
f 913 916 915
f 921 923 924
f 913 917 916
f 921 924 925
f 913 918 917
f 921 925 926
f 913 919 918
f 921 926 927
f 913 920 919
f 921 927 928
f 929 930 938
f 929 938 937
f 930 931 939
f 930 939 938
f 931 932 940
f 931 940 939
f 932 933 941
f 932 941 940
f 933 934 942
f 933 942 941
f 934 935 943
f 934 943 942
f 935 936 944
f 935 944 943
f 936 929 937
f 936 937 944
f 929 931 930
f 937 938 939
f 929 932 931
f 937 939 940
f 929 933 932
f 937 940 941
f 929 934 933
f 937 941 942
f 929 935 934
f 937 942 943
f 929 936 935
f 937 943 944
f 945 946 954
f 945 954 953
f 946 947 955
f 946 955 954
f 947 948 956
f 947 956 955
f 948 949 957
f 948 957 956
f 949 950 958
f 949 958 957
f 950 951 959
f 950 959 958
f 951 952 960
f 951 960 959
f 952 945 953
f 952 953 960
f 945 947 946
f 953 954 955
f 945 948 947
f 953 955 956
f 945 949 948
f 953 956 957
f 945 950 949
f 953 957 958
f 945 951 950
f 953 958 959
f 945 952 951
f 953 959 960
f 961 962 970
f 961 970 969
f 962 963 971
f 962 971 970
f 963 964 972
f 963 972 971
f 964 965 973
f 964 973 972
f 965 966 974
f 965 974 973
f 966 967 975
f 966 975 974
f 967 968 976
f 967 976 975
f 968 961 969
f 968 969 976
f 961 963 962
f 969 970 971
f 961 964 963
f 969 971 972
f 961 965 964
f 969 972 973
f 961 966 965
f 969 973 974
f 961 967 966
f 969 974 975
f 961 968 967
f 969 975 976
f 977 978 986
f 977 986 985
f 978 979 987
f 978 987 986
f 979 980 988
f 979 988 987
f 980 981 989
f 980 989 988
f 981 982 990
f 981 990 989
f 982 983 991
f 982 991 990
f 983 984 992
f 983 992 991
f 984 977 985
f 984 985 992
f 977 979 978
f 985 986 987
f 977 980 979
f 985 987 988
f 977 981 980
f 985 988 989
f 977 982 981
f 985 989 990
f 977 983 982
f 985 990 991
f 977 984 983
f 985 991 992
f 993 994 1002
f 993 1002 1001
f 994 995 1003
f 994 1003 1002
f 995 996 1004
f 995 1004 1003
f 996 997 1005
f 996 1005 1004
f 997 998 1006
f 997 1006 1005
f 998 999 1007
f 998 1007 1006
f 999 1000 1008
f 999 1008 1007
f 1000 993 1001
f 1000 1001 1008
f 993 995 994
f 1001 1002 1003
f 993 996 995
f 1001 1003 1004
f 993 997 996
f 1001 1004 1005
f 993 998 997
f 1001 1005 1006
f 993 999 998
f 1001 1006 1007
f 993 1000 999
f 1001 1007 1008
f 1009 1010 1018
f 1009 1018 1017
f 1010 1011 1019
f 1010 1019 1018
f 1011 1012 1020
f 1011 1020 1019
f 1012 1013 1021
f 1012 1021 1020
f 1013 1014 1022
f 1013 1022 1021
f 1014 1015 1023
f 1014 1023 1022
f 1015 1016 1024
f 1015 1024 1023
f 1016 1009 1017
f 1016 1017 1024
f 1009 1011 1010
f 1017 1018 1019
f 1009 1012 1011
f 1017 1019 1020
f 1009 1013 1012
f 1017 1020 1021
f 1009 1014 1013
f 1017 1021 1022
f 1009 1015 1014
f 1017 1022 1023
f 1009 1016 1015
f 1017 1023 1024
f 1025 1026 1034
f 1025 1034 1033
f 1026 1027 1035
f 1026 1035 1034
f 1027 1028 1036
f 1027 1036 1035
f 1028 1029 1037
f 1028 1037 1036
f 1029 1030 1038
f 1029 1038 1037
f 1030 1031 1039
f 1030 1039 1038
f 1031 1032 1040
f 1031 1040 1039
f 1032 1025 1033
f 1032 1033 1040
f 1025 1027 1026
f 1033 1034 1035
f 1025 1028 1027
f 1033 1035 1036
f 1025 1029 1028
f 1033 1036 1037
f 1025 1030 1029
f 1033 1037 1038
f 1025 1031 1030
f 1033 1038 1039
f 1025 1032 1031
f 1033 1039 1040
f 1041 1042 1050
f 1041 1050 1049
f 1042 1043 1051
f 1042 1051 1050
f 1043 1044 1052
f 1043 1052 1051
f 1044 1045 1053
f 1044 1053 1052
f 1045 1046 1054
f 1045 1054 1053
f 1046 1047 1055
f 1046 1055 1054
f 1047 1048 1056
f 1047 1056 1055
f 1048 1041 1049
f 1048 1049 1056
f 1041 1043 1042
f 1049 1050 1051
f 1041 1044 1043
f 1049 1051 1052
f 1041 1045 1044
f 1049 1052 1053
f 1041 1046 1045
f 1049 1053 1054
f 1041 1047 1046
f 1049 1054 1055
f 1041 1048 1047
f 1049 1055 1056
f 1057 1058 1066
f 1057 1066 1065
f 1058 1059 1067
f 1058 1067 1066
f 1059 1060 1068
f 1059 1068 1067
f 1060 1061 1069
f 1060 1069 1068
f 1061 1062 1070
f 1061 1070 1069
f 1062 1063 1071
f 1062 1071 1070
f 1063 1064 1072
f 1063 1072 1071
f 1064 1057 1065
f 1064 1065 1072
f 1057 1059 1058
f 1065 1066 1067
f 1057 1060 1059
f 1065 1067 1068
f 1057 1061 1060
f 1065 1068 1069
f 1057 1062 1061
f 1065 1069 1070
f 1057 1063 1062
f 1065 1070 1071
f 1057 1064 1063
f 1065 1071 1072
f 1073 1074 1082
f 1073 1082 1081
f 1074 1075 1083
f 1074 1083 1082
f 1075 1076 1084
f 1075 1084 1083
f 1076 1077 1085
f 1076 1085 1084
f 1077 1078 1086
f 1077 1086 1085
f 1078 1079 1087
f 1078 1087 1086
f 1079 1080 1088
f 1079 1088 1087
f 1080 1073 1081
f 1080 1081 1088
f 1073 1075 1074
f 1081 1082 1083
f 1073 1076 1075
f 1081 1083 1084
f 1073 1077 1076
f 1081 1084 1085
f 1073 1078 1077
f 1081 1085 1086
f 1073 1079 1078
f 1081 1086 1087
f 1073 1080 1079
f 1081 1087 1088
f 1089 1090 1098
f 1089 1098 1097
f 1090 1091 1099
f 1090 1099 1098
f 1091 1092 1100
f 1091 1100 1099
f 1092 1093 1101
f 1092 1101 1100
f 1093 1094 1102
f 1093 1102 1101
f 1094 1095 1103
f 1094 1103 1102
f 1095 1096 1104
f 1095 1104 1103
f 1096 1089 1097
f 1096 1097 1104
f 1089 1091 1090
f 1097 1098 1099
f 1089 1092 1091
f 1097 1099 1100
f 1089 1093 1092
f 1097 1100 1101
f 1089 1094 1093
f 1097 1101 1102
f 1089 1095 1094
f 1097 1102 1103
f 1089 1096 1095
f 1097 1103 1104
f 1105 1106 1114
f 1105 1114 1113
f 1106 1107 1115
f 1106 1115 1114
f 1107 1108 1116
f 1107 1116 1115
f 1108 1109 1117
f 1108 1117 1116
f 1109 1110 1118
f 1109 1118 1117
f 1110 1111 1119
f 1110 1119 1118
f 1111 1112 1120
f 1111 1120 1119
f 1112 1105 1113
f 1112 1113 1120
f 1105 1107 1106
f 1113 1114 1115
f 1105 1108 1107
f 1113 1115 1116
f 1105 1109 1108
f 1113 1116 1117
f 1105 1110 1109
f 1113 1117 1118
f 1105 1111 1110
f 1113 1118 1119
f 1105 1112 1111
f 1113 1119 1120
f 1121 1122 1130
f 1121 1130 1129
f 1122 1123 1131
f 1122 1131 1130
f 1123 1124 1132
f 1123 1132 1131
f 1124 1125 1133
f 1124 1133 1132
f 1125 1126 1134
f 1125 1134 1133
f 1126 1127 1135
f 1126 1135 1134
f 1127 1128 1136
f 1127 1136 1135
f 1128 1121 1129
f 1128 1129 1136
f 1121 1123 1122
f 1129 1130 1131
f 1121 1124 1123
f 1129 1131 1132
f 1121 1125 1124
f 1129 1132 1133
f 1121 1126 1125
f 1129 1133 1134
f 1121 1127 1126
f 1129 1134 1135
f 1121 1128 1127
f 1129 1135 1136
f 1137 1138 1146
f 1137 1146 1145
f 1138 1139 1147
f 1138 1147 1146
f 1139 1140 1148
f 1139 1148 1147
f 1140 1141 1149
f 1140 1149 1148
f 1141 1142 1150
f 1141 1150 1149
f 1142 1143 1151
f 1142 1151 1150
f 1143 1144 1152
f 1143 1152 1151
f 1144 1137 1145
f 1144 1145 1152
f 1137 1139 1138
f 1145 1146 1147
f 1137 1140 1139
f 1145 1147 1148
f 1137 1141 1140
f 1145 1148 1149
f 1137 1142 1141
f 1145 1149 1150
f 1137 1143 1142
f 1145 1150 1151
f 1137 1144 1143
f 1145 1151 1152
f 1153 1154 1162
f 1153 1162 1161
f 1154 1155 1163
f 1154 1163 1162
f 1155 1156 1164
f 1155 1164 1163
f 1156 1157 1165
f 1156 1165 1164
f 1157 1158 1166
f 1157 1166 1165
f 1158 1159 1167
f 1158 1167 1166
f 1159 1160 1168
f 1159 1168 1167
f 1160 1153 1161
f 1160 1161 1168
f 1153 1155 1154
f 1161 1162 1163
f 1153 1156 1155
f 1161 1163 1164
f 1153 1157 1156
f 1161 1164 1165
f 1153 1158 1157
f 1161 1165 1166
f 1153 1159 1158
f 1161 1166 1167
f 1153 1160 1159
f 1161 1167 1168
f 1169 1170 1178
f 1169 1178 1177
f 1170 1171 1179
f 1170 1179 1178
f 1171 1172 1180
f 1171 1180 1179
f 1172 1173 1181
f 1172 1181 1180
f 1173 1174 1182
f 1173 1182 1181
f 1174 1175 1183
f 1174 1183 1182
f 1175 1176 1184
f 1175 1184 1183
f 1176 1169 1177
f 1176 1177 1184
f 1169 1171 1170
f 1177 1178 1179
f 1169 1172 1171
f 1177 1179 1180
f 1169 1173 1172
f 1177 1180 1181
f 1169 1174 1173
f 1177 1181 1182
f 1169 1175 1174
f 1177 1182 1183
f 1169 1176 1175
f 1177 1183 1184
f 1185 1186 1194
f 1185 1194 1193
f 1186 1187 1195
f 1186 1195 1194
f 1187 1188 1196
f 1187 1196 1195
f 1188 1189 1197
f 1188 1197 1196
f 1189 1190 1198
f 1189 1198 1197
f 1190 1191 1199
f 1190 1199 1198
f 1191 1192 1200
f 1191 1200 1199
f 1192 1185 1193
f 1192 1193 1200
f 1185 1187 1186
f 1193 1194 1195
f 1185 1188 1187
f 1193 1195 1196
f 1185 1189 1188
f 1193 1196 1197
f 1185 1190 1189
f 1193 1197 1198
f 1185 1191 1190
f 1193 1198 1199
f 1185 1192 1191
f 1193 1199 1200
f 1201 1202 1210
f 1201 1210 1209
f 1202 1203 1211
f 1202 1211 1210
f 1203 1204 1212
f 1203 1212 1211
f 1204 1205 1213
f 1204 1213 1212
f 1205 1206 1214
f 1205 1214 1213
f 1206 1207 1215
f 1206 1215 1214
f 1207 1208 1216
f 1207 1216 1215
f 1208 1201 1209
f 1208 1209 1216
f 1201 1203 1202
f 1209 1210 1211
f 1201 1204 1203
f 1209 1211 1212
f 1201 1205 1204
f 1209 1212 1213
f 1201 1206 1205
f 1209 1213 1214
f 1201 1207 1206
f 1209 1214 1215
f 1201 1208 1207
f 1209 1215 1216
f 1217 1218 1226
f 1217 1226 1225
f 1218 1219 1227
f 1218 1227 1226
f 1219 1220 1228
f 1219 1228 1227
f 1220 1221 1229
f 1220 1229 1228
f 1221 1222 1230
f 1221 1230 1229
f 1222 1223 1231
f 1222 1231 1230
f 1223 1224 1232
f 1223 1232 1231
f 1224 1217 1225
f 1224 1225 1232
f 1217 1219 1218
f 1225 1226 1227
f 1217 1220 1219
f 1225 1227 1228
f 1217 1221 1220
f 1225 1228 1229
f 1217 1222 1221
f 1225 1229 1230
f 1217 1223 1222
f 1225 1230 1231
f 1217 1224 1223
f 1225 1231 1232
f 1233 1234 1242
f 1233 1242 1241
f 1234 1235 1243
f 1234 1243 1242
f 1235 1236 1244
f 1235 1244 1243
f 1236 1237 1245
f 1236 1245 1244
f 1237 1238 1246
f 1237 1246 1245
f 1238 1239 1247
f 1238 1247 1246
f 1239 1240 1248
f 1239 1248 1247
f 1240 1233 1241
f 1240 1241 1248
f 1233 1235 1234
f 1241 1242 1243
f 1233 1236 1235
f 1241 1243 1244
f 1233 1237 1236
f 1241 1244 1245
f 1233 1238 1237
f 1241 1245 1246
f 1233 1239 1238
f 1241 1246 1247
f 1233 1240 1239
f 1241 1247 1248
f 1249 1250 1258
f 1249 1258 1257
f 1250 1251 1259
f 1250 1259 1258
f 1251 1252 1260
f 1251 1260 1259
f 1252 1253 1261
f 1252 1261 1260
f 1253 1254 1262
f 1253 1262 1261
f 1254 1255 1263
f 1254 1263 1262
f 1255 1256 1264
f 1255 1264 1263
f 1256 1249 1257
f 1256 1257 1264
f 1249 1251 1250
f 1257 1258 1259
f 1249 1252 1251
f 1257 1259 1260
f 1249 1253 1252
f 1257 1260 1261
f 1249 1254 1253
f 1257 1261 1262
f 1249 1255 1254
f 1257 1262 1263
f 1249 1256 1255
f 1257 1263 1264
f 1265 1266 1274
f 1265 1274 1273
f 1266 1267 1275
f 1266 1275 1274
f 1267 1268 1276
f 1267 1276 1275
f 1268 1269 1277
f 1268 1277 1276
f 1269 1270 1278
f 1269 1278 1277
f 1270 1271 1279
f 1270 1279 1278
f 1271 1272 1280
f 1271 1280 1279
f 1272 1265 1273
f 1272 1273 1280
f 1265 1267 1266
f 1273 1274 1275
f 1265 1268 1267
f 1273 1275 1276
f 1265 1269 1268
f 1273 1276 1277
f 1265 1270 1269
f 1273 1277 1278
f 1265 1271 1270
f 1273 1278 1279
f 1265 1272 1271
f 1273 1279 1280
f 1281 1282 1290
f 1281 1290 1289
f 1282 1283 1291
f 1282 1291 1290
f 1283 1284 1292
f 1283 1292 1291
f 1284 1285 1293
f 1284 1293 1292
f 1285 1286 1294
f 1285 1294 1293
f 1286 1287 1295
f 1286 1295 1294
f 1287 1288 1296
f 1287 1296 1295
f 1288 1281 1289
f 1288 1289 1296
f 1281 1283 1282
f 1289 1290 1291
f 1281 1284 1283
f 1289 1291 1292
f 1281 1285 1284
f 1289 1292 1293
f 1281 1286 1285
f 1289 1293 1294
f 1281 1287 1286
f 1289 1294 1295
f 1281 1288 1287
f 1289 1295 1296
f 1297 1298 1306
f 1297 1306 1305
f 1298 1299 1307
f 1298 1307 1306
f 1299 1300 1308
f 1299 1308 1307
f 1300 1301 1309
f 1300 1309 1308
f 1301 1302 1310
f 1301 1310 1309
f 1302 1303 1311
f 1302 1311 1310
f 1303 1304 1312
f 1303 1312 1311
f 1304 1297 1305
f 1304 1305 1312
f 1297 1299 1298
f 1305 1306 1307
f 1297 1300 1299
f 1305 1307 1308
f 1297 1301 1300
f 1305 1308 1309
f 1297 1302 1301
f 1305 1309 1310
f 1297 1303 1302
f 1305 1310 1311
f 1297 1304 1303
f 1305 1311 1312
f 1313 1314 1322
f 1313 1322 1321
f 1314 1315 1323
f 1314 1323 1322
f 1315 1316 1324
f 1315 1324 1323
f 1316 1317 1325
f 1316 1325 1324
f 1317 1318 1326
f 1317 1326 1325
f 1318 1319 1327
f 1318 1327 1326
f 1319 1320 1328
f 1319 1328 1327
f 1320 1313 1321
f 1320 1321 1328
f 1313 1315 1314
f 1321 1322 1323
f 1313 1316 1315
f 1321 1323 1324
f 1313 1317 1316
f 1321 1324 1325
f 1313 1318 1317
f 1321 1325 1326
f 1313 1319 1318
f 1321 1326 1327
f 1313 1320 1319
f 1321 1327 1328
f 1329 1330 1338
f 1329 1338 1337
f 1330 1331 1339
f 1330 1339 1338
f 1331 1332 1340
f 1331 1340 1339
f 1332 1333 1341
f 1332 1341 1340
f 1333 1334 1342
f 1333 1342 1341
f 1334 1335 1343
f 1334 1343 1342
f 1335 1336 1344
f 1335 1344 1343
f 1336 1329 1337
f 1336 1337 1344
f 1329 1331 1330
f 1337 1338 1339
f 1329 1332 1331
f 1337 1339 1340
f 1329 1333 1332
f 1337 1340 1341
f 1329 1334 1333
f 1337 1341 1342
f 1329 1335 1334
f 1337 1342 1343
f 1329 1336 1335
f 1337 1343 1344
f 1345 1346 1354
f 1345 1354 1353
f 1346 1347 1355
f 1346 1355 1354
f 1347 1348 1356
f 1347 1356 1355
f 1348 1349 1357
f 1348 1357 1356
f 1349 1350 1358
f 1349 1358 1357
f 1350 1351 1359
f 1350 1359 1358
f 1351 1352 1360
f 1351 1360 1359
f 1352 1345 1353
f 1352 1353 1360
f 1345 1347 1346
f 1353 1354 1355
f 1345 1348 1347
f 1353 1355 1356
f 1345 1349 1348
f 1353 1356 1357
f 1345 1350 1349
f 1353 1357 1358
f 1345 1351 1350
f 1353 1358 1359
f 1345 1352 1351
f 1353 1359 1360
f 1361 1362 1370
f 1361 1370 1369
f 1362 1363 1371
f 1362 1371 1370
f 1363 1364 1372
f 1363 1372 1371
f 1364 1365 1373
f 1364 1373 1372
f 1365 1366 1374
f 1365 1374 1373
f 1366 1367 1375
f 1366 1375 1374
f 1367 1368 1376
f 1367 1376 1375
f 1368 1361 1369
f 1368 1369 1376
f 1361 1363 1362
f 1369 1370 1371
f 1361 1364 1363
f 1369 1371 1372
f 1361 1365 1364
f 1369 1372 1373
f 1361 1366 1365
f 1369 1373 1374
f 1361 1367 1366
f 1369 1374 1375
f 1361 1368 1367
f 1369 1375 1376
f 1377 1378 1386
f 1377 1386 1385
f 1378 1379 1387
f 1378 1387 1386
f 1379 1380 1388
f 1379 1388 1387
f 1380 1381 1389
f 1380 1389 1388
f 1381 1382 1390
f 1381 1390 1389
f 1382 1383 1391
f 1382 1391 1390
f 1383 1384 1392
f 1383 1392 1391
f 1384 1377 1385
f 1384 1385 1392
f 1377 1379 1378
f 1385 1386 1387
f 1377 1380 1379
f 1385 1387 1388
f 1377 1381 1380
f 1385 1388 1389
f 1377 1382 1381
f 1385 1389 1390
f 1377 1383 1382
f 1385 1390 1391
f 1377 1384 1383
f 1385 1391 1392
f 1393 1394 1402
f 1393 1402 1401
f 1394 1395 1403
f 1394 1403 1402
f 1395 1396 1404
f 1395 1404 1403
f 1396 1397 1405
f 1396 1405 1404
f 1397 1398 1406
f 1397 1406 1405
f 1398 1399 1407
f 1398 1407 1406
f 1399 1400 1408
f 1399 1408 1407
f 1400 1393 1401
f 1400 1401 1408
f 1393 1395 1394
f 1401 1402 1403
f 1393 1396 1395
f 1401 1403 1404
f 1393 1397 1396
f 1401 1404 1405
f 1393 1398 1397
f 1401 1405 1406
f 1393 1399 1398
f 1401 1406 1407
f 1393 1400 1399
f 1401 1407 1408
f 1409 1410 1418
f 1409 1418 1417
f 1410 1411 1419
f 1410 1419 1418
f 1411 1412 1420
f 1411 1420 1419
f 1412 1413 1421
f 1412 1421 1420
f 1413 1414 1422
f 1413 1422 1421
f 1414 1415 1423
f 1414 1423 1422
f 1415 1416 1424
f 1415 1424 1423
f 1416 1409 1417
f 1416 1417 1424
f 1409 1411 1410
f 1417 1418 1419
f 1409 1412 1411
f 1417 1419 1420
f 1409 1413 1412
f 1417 1420 1421
f 1409 1414 1413
f 1417 1421 1422
f 1409 1415 1414
f 1417 1422 1423
f 1409 1416 1415
f 1417 1423 1424
f 1425 1426 1434
f 1425 1434 1433
f 1426 1427 1435
f 1426 1435 1434
f 1427 1428 1436
f 1427 1436 1435
f 1428 1429 1437
f 1428 1437 1436
f 1429 1430 1438
f 1429 1438 1437
f 1430 1431 1439
f 1430 1439 1438
f 1431 1432 1440
f 1431 1440 1439
f 1432 1425 1433
f 1432 1433 1440
f 1425 1427 1426
f 1433 1434 1435
f 1425 1428 1427
f 1433 1435 1436
f 1425 1429 1428
f 1433 1436 1437
f 1425 1430 1429
f 1433 1437 1438
f 1425 1431 1430
f 1433 1438 1439
f 1425 1432 1431
f 1433 1439 1440
f 1441 1442 1450
f 1441 1450 1449
f 1442 1443 1451
f 1442 1451 1450
f 1443 1444 1452
f 1443 1452 1451
f 1444 1445 1453
f 1444 1453 1452
f 1445 1446 1454
f 1445 1454 1453
f 1446 1447 1455
f 1446 1455 1454
f 1447 1448 1456
f 1447 1456 1455
f 1448 1441 1449
f 1448 1449 1456
f 1441 1443 1442
f 1449 1450 1451
f 1441 1444 1443
f 1449 1451 1452
f 1441 1445 1444
f 1449 1452 1453
f 1441 1446 1445
f 1449 1453 1454
f 1441 1447 1446
f 1449 1454 1455
f 1441 1448 1447
f 1449 1455 1456
f 1457 1458 1466
f 1457 1466 1465
f 1458 1459 1467
f 1458 1467 1466
f 1459 1460 1468
f 1459 1468 1467
f 1460 1461 1469
f 1460 1469 1468
f 1461 1462 1470
f 1461 1470 1469
f 1462 1463 1471
f 1462 1471 1470
f 1463 1464 1472
f 1463 1472 1471
f 1464 1457 1465
f 1464 1465 1472
f 1457 1459 1458
f 1465 1466 1467
f 1457 1460 1459
f 1465 1467 1468
f 1457 1461 1460
f 1465 1468 1469
f 1457 1462 1461
f 1465 1469 1470
f 1457 1463 1462
f 1465 1470 1471
f 1457 1464 1463
f 1465 1471 1472
f 1473 1474 1482
f 1473 1482 1481
f 1474 1475 1483
f 1474 1483 1482
f 1475 1476 1484
f 1475 1484 1483
f 1476 1477 1485
f 1476 1485 1484
f 1477 1478 1486
f 1477 1486 1485
f 1478 1479 1487
f 1478 1487 1486
f 1479 1480 1488
f 1479 1488 1487
f 1480 1473 1481
f 1480 1481 1488
f 1473 1475 1474
f 1481 1482 1483
f 1473 1476 1475
f 1481 1483 1484
f 1473 1477 1476
f 1481 1484 1485
f 1473 1478 1477
f 1481 1485 1486
f 1473 1479 1478
f 1481 1486 1487
f 1473 1480 1479
f 1481 1487 1488
f 1489 1490 1498
f 1489 1498 1497
f 1490 1491 1499
f 1490 1499 1498
f 1491 1492 1500
f 1491 1500 1499
f 1492 1493 1501
f 1492 1501 1500
f 1493 1494 1502
f 1493 1502 1501
f 1494 1495 1503
f 1494 1503 1502
f 1495 1496 1504
f 1495 1504 1503
f 1496 1489 1497
f 1496 1497 1504
f 1489 1491 1490
f 1497 1498 1499
f 1489 1492 1491
f 1497 1499 1500
f 1489 1493 1492
f 1497 1500 1501
f 1489 1494 1493
f 1497 1501 1502
f 1489 1495 1494
f 1497 1502 1503
f 1489 1496 1495
f 1497 1503 1504
f 1505 1506 1514
f 1505 1514 1513
f 1506 1507 1515
f 1506 1515 1514
f 1507 1508 1516
f 1507 1516 1515
f 1508 1509 1517
f 1508 1517 1516
f 1509 1510 1518
f 1509 1518 1517
f 1510 1511 1519
f 1510 1519 1518
f 1511 1512 1520
f 1511 1520 1519
f 1512 1505 1513
f 1512 1513 1520
f 1505 1507 1506
f 1513 1514 1515
f 1505 1508 1507
f 1513 1515 1516
f 1505 1509 1508
f 1513 1516 1517
f 1505 1510 1509
f 1513 1517 1518
f 1505 1511 1510
f 1513 1518 1519
f 1505 1512 1511
f 1513 1519 1520
f 1521 1522 1530
f 1521 1530 1529
f 1522 1523 1531
f 1522 1531 1530
f 1523 1524 1532
f 1523 1532 1531
f 1524 1525 1533
f 1524 1533 1532
f 1525 1526 1534
f 1525 1534 1533
f 1526 1527 1535
f 1526 1535 1534
f 1527 1528 1536
f 1527 1536 1535
f 1528 1521 1529
f 1528 1529 1536
f 1521 1523 1522
f 1529 1530 1531
f 1521 1524 1523
f 1529 1531 1532
f 1521 1525 1524
f 1529 1532 1533
f 1521 1526 1525
f 1529 1533 1534
f 1521 1527 1526
f 1529 1534 1535
f 1521 1528 1527
f 1529 1535 1536
f 1537 1538 1546
f 1537 1546 1545
f 1538 1539 1547
f 1538 1547 1546
f 1539 1540 1548
f 1539 1548 1547
f 1540 1541 1549
f 1540 1549 1548
f 1541 1542 1550
f 1541 1550 1549
f 1542 1543 1551
f 1542 1551 1550
f 1543 1544 1552
f 1543 1552 1551
f 1544 1537 1545
f 1544 1545 1552
f 1537 1539 1538
f 1545 1546 1547
f 1537 1540 1539
f 1545 1547 1548
f 1537 1541 1540
f 1545 1548 1549
f 1537 1542 1541
f 1545 1549 1550
f 1537 1543 1542
f 1545 1550 1551
f 1537 1544 1543
f 1545 1551 1552
f 1553 1554 1562
f 1553 1562 1561
f 1554 1555 1563
f 1554 1563 1562
f 1555 1556 1564
f 1555 1564 1563
f 1556 1557 1565
f 1556 1565 1564
f 1557 1558 1566
f 1557 1566 1565
f 1558 1559 1567
f 1558 1567 1566
f 1559 1560 1568
f 1559 1568 1567
f 1560 1553 1561
f 1560 1561 1568
f 1553 1555 1554
f 1561 1562 1563
f 1553 1556 1555
f 1561 1563 1564
f 1553 1557 1556
f 1561 1564 1565
f 1553 1558 1557
f 1561 1565 1566
f 1553 1559 1558
f 1561 1566 1567
f 1553 1560 1559
f 1561 1567 1568
f 1569 1570 1578
f 1569 1578 1577
f 1570 1571 1579
f 1570 1579 1578
f 1571 1572 1580
f 1571 1580 1579
f 1572 1573 1581
f 1572 1581 1580
f 1573 1574 1582
f 1573 1582 1581
f 1574 1575 1583
f 1574 1583 1582
f 1575 1576 1584
f 1575 1584 1583
f 1576 1569 1577
f 1576 1577 1584
f 1569 1571 1570
f 1577 1578 1579
f 1569 1572 1571
f 1577 1579 1580
f 1569 1573 1572
f 1577 1580 1581
f 1569 1574 1573
f 1577 1581 1582
f 1569 1575 1574
f 1577 1582 1583
f 1569 1576 1575
f 1577 1583 1584
f 1585 1586 1594
f 1585 1594 1593
f 1586 1587 1595
f 1586 1595 1594
f 1587 1588 1596
f 1587 1596 1595
f 1588 1589 1597
f 1588 1597 1596
f 1589 1590 1598
f 1589 1598 1597
f 1590 1591 1599
f 1590 1599 1598
f 1591 1592 1600
f 1591 1600 1599
f 1592 1585 1593
f 1592 1593 1600
f 1585 1587 1586
f 1593 1594 1595
f 1585 1588 1587
f 1593 1595 1596
f 1585 1589 1588
f 1593 1596 1597
f 1585 1590 1589
f 1593 1597 1598
f 1585 1591 1590
f 1593 1598 1599
f 1585 1592 1591
f 1593 1599 1600
f 1601 1602 1610
f 1601 1610 1609
f 1602 1603 1611
f 1602 1611 1610
f 1603 1604 1612
f 1603 1612 1611
f 1604 1605 1613
f 1604 1613 1612
f 1605 1606 1614
f 1605 1614 1613
f 1606 1607 1615
f 1606 1615 1614
f 1607 1608 1616
f 1607 1616 1615
f 1608 1601 1609
f 1608 1609 1616
f 1601 1603 1602
f 1609 1610 1611
f 1601 1604 1603
f 1609 1611 1612
f 1601 1605 1604
f 1609 1612 1613
f 1601 1606 1605
f 1609 1613 1614
f 1601 1607 1606
f 1609 1614 1615
f 1601 1608 1607
f 1609 1615 1616
f 1617 1618 1626
f 1617 1626 1625
f 1618 1619 1627
f 1618 1627 1626
f 1619 1620 1628
f 1619 1628 1627
f 1620 1621 1629
f 1620 1629 1628
f 1621 1622 1630
f 1621 1630 1629
f 1622 1623 1631
f 1622 1631 1630
f 1623 1624 1632
f 1623 1632 1631
f 1624 1617 1625
f 1624 1625 1632
f 1617 1619 1618
f 1625 1626 1627
f 1617 1620 1619
f 1625 1627 1628
f 1617 1621 1620
f 1625 1628 1629
f 1617 1622 1621
f 1625 1629 1630
f 1617 1623 1622
f 1625 1630 1631
f 1617 1624 1623
f 1625 1631 1632
f 1633 1634 1642
f 1633 1642 1641
f 1634 1635 1643
f 1634 1643 1642
f 1635 1636 1644
f 1635 1644 1643
f 1636 1637 1645
f 1636 1645 1644
f 1637 1638 1646
f 1637 1646 1645
f 1638 1639 1647
f 1638 1647 1646
f 1639 1640 1648
f 1639 1648 1647
f 1640 1633 1641
f 1640 1641 1648
f 1633 1635 1634
f 1641 1642 1643
f 1633 1636 1635
f 1641 1643 1644
f 1633 1637 1636
f 1641 1644 1645
f 1633 1638 1637
f 1641 1645 1646
f 1633 1639 1638
f 1641 1646 1647
f 1633 1640 1639
f 1641 1647 1648
f 1649 1650 1658
f 1649 1658 1657
f 1650 1651 1659
f 1650 1659 1658
f 1651 1652 1660
f 1651 1660 1659
f 1652 1653 1661
f 1652 1661 1660
f 1653 1654 1662
f 1653 1662 1661
f 1654 1655 1663
f 1654 1663 1662
f 1655 1656 1664
f 1655 1664 1663
f 1656 1649 1657
f 1656 1657 1664
f 1649 1651 1650
f 1657 1658 1659
f 1649 1652 1651
f 1657 1659 1660
f 1649 1653 1652
f 1657 1660 1661
f 1649 1654 1653
f 1657 1661 1662
f 1649 1655 1654
f 1657 1662 1663
f 1649 1656 1655
f 1657 1663 1664
f 1665 1666 1674
f 1665 1674 1673
f 1666 1667 1675
f 1666 1675 1674
f 1667 1668 1676
f 1667 1676 1675
f 1668 1669 1677
f 1668 1677 1676
f 1669 1670 1678
f 1669 1678 1677
f 1670 1671 1679
f 1670 1679 1678
f 1671 1672 1680
f 1671 1680 1679
f 1672 1665 1673
f 1672 1673 1680
f 1665 1667 1666
f 1673 1674 1675
f 1665 1668 1667
f 1673 1675 1676
f 1665 1669 1668
f 1673 1676 1677
f 1665 1670 1669
f 1673 1677 1678
f 1665 1671 1670
f 1673 1678 1679
f 1665 1672 1671
f 1673 1679 1680
f 1681 1682 1690
f 1681 1690 1689
f 1682 1683 1691
f 1682 1691 1690
f 1683 1684 1692
f 1683 1692 1691
f 1684 1685 1693
f 1684 1693 1692
f 1685 1686 1694
f 1685 1694 1693
f 1686 1687 1695
f 1686 1695 1694
f 1687 1688 1696
f 1687 1696 1695
f 1688 1681 1689
f 1688 1689 1696
f 1681 1683 1682
f 1689 1690 1691
f 1681 1684 1683
f 1689 1691 1692
f 1681 1685 1684
f 1689 1692 1693
f 1681 1686 1685
f 1689 1693 1694
f 1681 1687 1686
f 1689 1694 1695
f 1681 1688 1687
f 1689 1695 1696
f 1697 1698 1706
f 1697 1706 1705
f 1698 1699 1707
f 1698 1707 1706
f 1699 1700 1708
f 1699 1708 1707
f 1700 1701 1709
f 1700 1709 1708
f 1701 1702 1710
f 1701 1710 1709
f 1702 1703 1711
f 1702 1711 1710
f 1703 1704 1712
f 1703 1712 1711
f 1704 1697 1705
f 1704 1705 1712
f 1697 1699 1698
f 1705 1706 1707
f 1697 1700 1699
f 1705 1707 1708
f 1697 1701 1700
f 1705 1708 1709
f 1697 1702 1701
f 1705 1709 1710
f 1697 1703 1702
f 1705 1710 1711
f 1697 1704 1703
f 1705 1711 1712
f 1713 1714 1722
f 1713 1722 1721
f 1714 1715 1723
f 1714 1723 1722
f 1715 1716 1724
f 1715 1724 1723
f 1716 1717 1725
f 1716 1725 1724
f 1717 1718 1726
f 1717 1726 1725
f 1718 1719 1727
f 1718 1727 1726
f 1719 1720 1728
f 1719 1728 1727
f 1720 1713 1721
f 1720 1721 1728
f 1713 1715 1714
f 1721 1722 1723
f 1713 1716 1715
f 1721 1723 1724
f 1713 1717 1716
f 1721 1724 1725
f 1713 1718 1717
f 1721 1725 1726
f 1713 1719 1718
f 1721 1726 1727
f 1713 1720 1719
f 1721 1727 1728
f 1729 1730 1738
f 1729 1738 1737
f 1730 1731 1739
f 1730 1739 1738
f 1731 1732 1740
f 1731 1740 1739
f 1732 1733 1741
f 1732 1741 1740
f 1733 1734 1742
f 1733 1742 1741
f 1734 1735 1743
f 1734 1743 1742
f 1735 1736 1744
f 1735 1744 1743
f 1736 1729 1737
f 1736 1737 1744
f 1729 1731 1730
f 1737 1738 1739
f 1729 1732 1731
f 1737 1739 1740
f 1729 1733 1732
f 1737 1740 1741
f 1729 1734 1733
f 1737 1741 1742
f 1729 1735 1734
f 1737 1742 1743
f 1729 1736 1735
f 1737 1743 1744
f 1745 1746 1754
f 1745 1754 1753
f 1746 1747 1755
f 1746 1755 1754
f 1747 1748 1756
f 1747 1756 1755
f 1748 1749 1757
f 1748 1757 1756
f 1749 1750 1758
f 1749 1758 1757
f 1750 1751 1759
f 1750 1759 1758
f 1751 1752 1760
f 1751 1760 1759
f 1752 1745 1753
f 1752 1753 1760
f 1745 1747 1746
f 1753 1754 1755
f 1745 1748 1747
f 1753 1755 1756
f 1745 1749 1748
f 1753 1756 1757
f 1745 1750 1749
f 1753 1757 1758
f 1745 1751 1750
f 1753 1758 1759
f 1745 1752 1751
f 1753 1759 1760
f 1761 1762 1770
f 1761 1770 1769
f 1762 1763 1771
f 1762 1771 1770
f 1763 1764 1772
f 1763 1772 1771
f 1764 1765 1773
f 1764 1773 1772
f 1765 1766 1774
f 1765 1774 1773
f 1766 1767 1775
f 1766 1775 1774
f 1767 1768 1776
f 1767 1776 1775
f 1768 1761 1769
f 1768 1769 1776
f 1761 1763 1762
f 1769 1770 1771
f 1761 1764 1763
f 1769 1771 1772
f 1761 1765 1764
f 1769 1772 1773
f 1761 1766 1765
f 1769 1773 1774
f 1761 1767 1766
f 1769 1774 1775
f 1761 1768 1767
f 1769 1775 1776
f 1777 1778 1786
f 1777 1786 1785
f 1778 1779 1787
f 1778 1787 1786
f 1779 1780 1788
f 1779 1788 1787
f 1780 1781 1789
f 1780 1789 1788
f 1781 1782 1790
f 1781 1790 1789
f 1782 1783 1791
f 1782 1791 1790
f 1783 1784 1792
f 1783 1792 1791
f 1784 1777 1785
f 1784 1785 1792
f 1777 1779 1778
f 1785 1786 1787
f 1777 1780 1779
f 1785 1787 1788
f 1777 1781 1780
f 1785 1788 1789
f 1777 1782 1781
f 1785 1789 1790
f 1777 1783 1782
f 1785 1790 1791
f 1777 1784 1783
f 1785 1791 1792
f 1793 1794 1802
f 1793 1802 1801
f 1794 1795 1803
f 1794 1803 1802
f 1795 1796 1804
f 1795 1804 1803
f 1796 1797 1805
f 1796 1805 1804
f 1797 1798 1806
f 1797 1806 1805
f 1798 1799 1807
f 1798 1807 1806
f 1799 1800 1808
f 1799 1808 1807
f 1800 1793 1801
f 1800 1801 1808
f 1793 1795 1794
f 1801 1802 1803
f 1793 1796 1795
f 1801 1803 1804
f 1793 1797 1796
f 1801 1804 1805
f 1793 1798 1797
f 1801 1805 1806
f 1793 1799 1798
f 1801 1806 1807
f 1793 1800 1799
f 1801 1807 1808
f 1809 1810 1818
f 1809 1818 1817
f 1810 1811 1819
f 1810 1819 1818
f 1811 1812 1820
f 1811 1820 1819
f 1812 1813 1821
f 1812 1821 1820
f 1813 1814 1822
f 1813 1822 1821
f 1814 1815 1823
f 1814 1823 1822
f 1815 1816 1824
f 1815 1824 1823
f 1816 1809 1817
f 1816 1817 1824
f 1809 1811 1810
f 1817 1818 1819
f 1809 1812 1811
f 1817 1819 1820
f 1809 1813 1812
f 1817 1820 1821
f 1809 1814 1813
f 1817 1821 1822
f 1809 1815 1814
f 1817 1822 1823
f 1809 1816 1815
f 1817 1823 1824
f 1825 1826 1834
f 1825 1834 1833
f 1826 1827 1835
f 1826 1835 1834
f 1827 1828 1836
f 1827 1836 1835
f 1828 1829 1837
f 1828 1837 1836
f 1829 1830 1838
f 1829 1838 1837
f 1830 1831 1839
f 1830 1839 1838
f 1831 1832 1840
f 1831 1840 1839
f 1832 1825 1833
f 1832 1833 1840
f 1825 1827 1826
f 1833 1834 1835
f 1825 1828 1827
f 1833 1835 1836
f 1825 1829 1828
f 1833 1836 1837
f 1825 1830 1829
f 1833 1837 1838
f 1825 1831 1830
f 1833 1838 1839
f 1825 1832 1831
f 1833 1839 1840
f 1841 1842 1850
f 1841 1850 1849
f 1842 1843 1851
f 1842 1851 1850
f 1843 1844 1852
f 1843 1852 1851
f 1844 1845 1853
f 1844 1853 1852
f 1845 1846 1854
f 1845 1854 1853
f 1846 1847 1855
f 1846 1855 1854
f 1847 1848 1856
f 1847 1856 1855
f 1848 1841 1849
f 1848 1849 1856
f 1841 1843 1842
f 1849 1850 1851
f 1841 1844 1843
f 1849 1851 1852
f 1841 1845 1844
f 1849 1852 1853
f 1841 1846 1845
f 1849 1853 1854
f 1841 1847 1846
f 1849 1854 1855
f 1841 1848 1847
f 1849 1855 1856
f 1857 1858 1866
f 1857 1866 1865
f 1858 1859 1867
f 1858 1867 1866
f 1859 1860 1868
f 1859 1868 1867
f 1860 1861 1869
f 1860 1869 1868
f 1861 1862 1870
f 1861 1870 1869
f 1862 1863 1871
f 1862 1871 1870
f 1863 1864 1872
f 1863 1872 1871
f 1864 1857 1865
f 1864 1865 1872
f 1857 1859 1858
f 1865 1866 1867
f 1857 1860 1859
f 1865 1867 1868
f 1857 1861 1860
f 1865 1868 1869
f 1857 1862 1861
f 1865 1869 1870
f 1857 1863 1862
f 1865 1870 1871
f 1857 1864 1863
f 1865 1871 1872
f 1873 1874 1882
f 1873 1882 1881
f 1874 1875 1883
f 1874 1883 1882
f 1875 1876 1884
f 1875 1884 1883
f 1876 1877 1885
f 1876 1885 1884
f 1877 1878 1886
f 1877 1886 1885
f 1878 1879 1887
f 1878 1887 1886
f 1879 1880 1888
f 1879 1888 1887
f 1880 1873 1881
f 1880 1881 1888
f 1873 1875 1874
f 1881 1882 1883
f 1873 1876 1875
f 1881 1883 1884
f 1873 1877 1876
f 1881 1884 1885
f 1873 1878 1877
f 1881 1885 1886
f 1873 1879 1878
f 1881 1886 1887
f 1873 1880 1879
f 1881 1887 1888
f 1889 1890 1898
f 1889 1898 1897
f 1890 1891 1899
f 1890 1899 1898
f 1891 1892 1900
f 1891 1900 1899
f 1892 1893 1901
f 1892 1901 1900
f 1893 1894 1902
f 1893 1902 1901
f 1894 1895 1903
f 1894 1903 1902
f 1895 1896 1904
f 1895 1904 1903
f 1896 1889 1897
f 1896 1897 1904
f 1889 1891 1890
f 1897 1898 1899
f 1889 1892 1891
f 1897 1899 1900
f 1889 1893 1892
f 1897 1900 1901
f 1889 1894 1893
f 1897 1901 1902
f 1889 1895 1894
f 1897 1902 1903
f 1889 1896 1895
f 1897 1903 1904
f 1905 1906 1914
f 1905 1914 1913
f 1906 1907 1915
f 1906 1915 1914
f 1907 1908 1916
f 1907 1916 1915
f 1908 1909 1917
f 1908 1917 1916
f 1909 1910 1918
f 1909 1918 1917
f 1910 1911 1919
f 1910 1919 1918
f 1911 1912 1920
f 1911 1920 1919
f 1912 1905 1913
f 1912 1913 1920
f 1905 1907 1906
f 1913 1914 1915
f 1905 1908 1907
f 1913 1915 1916
f 1905 1909 1908
f 1913 1916 1917
f 1905 1910 1909
f 1913 1917 1918
f 1905 1911 1910
f 1913 1918 1919
f 1905 1912 1911
f 1913 1919 1920
f 1921 1922 1930
f 1921 1930 1929
f 1922 1923 1931
f 1922 1931 1930
f 1923 1924 1932
f 1923 1932 1931
f 1924 1925 1933
f 1924 1933 1932
f 1925 1926 1934
f 1925 1934 1933
f 1926 1927 1935
f 1926 1935 1934
f 1927 1928 1936
f 1927 1936 1935
f 1928 1921 1929
f 1928 1929 1936
f 1921 1923 1922
f 1929 1930 1931
f 1921 1924 1923
f 1929 1931 1932
f 1921 1925 1924
f 1929 1932 1933
f 1921 1926 1925
f 1929 1933 1934
f 1921 1927 1926
f 1929 1934 1935
f 1921 1928 1927
f 1929 1935 1936
f 1937 1938 1946
f 1937 1946 1945
f 1938 1939 1947
f 1938 1947 1946
f 1939 1940 1948
f 1939 1948 1947
f 1940 1941 1949
f 1940 1949 1948
f 1941 1942 1950
f 1941 1950 1949
f 1942 1943 1951
f 1942 1951 1950
f 1943 1944 1952
f 1943 1952 1951
f 1944 1937 1945
f 1944 1945 1952
f 1937 1939 1938
f 1945 1946 1947
f 1937 1940 1939
f 1945 1947 1948
f 1937 1941 1940
f 1945 1948 1949
f 1937 1942 1941
f 1945 1949 1950
f 1937 1943 1942
f 1945 1950 1951
f 1937 1944 1943
f 1945 1951 1952
f 1953 1954 1962
f 1953 1962 1961
f 1954 1955 1963
f 1954 1963 1962
f 1955 1956 1964
f 1955 1964 1963
f 1956 1957 1965
f 1956 1965 1964
f 1957 1958 1966
f 1957 1966 1965
f 1958 1959 1967
f 1958 1967 1966
f 1959 1960 1968
f 1959 1968 1967
f 1960 1953 1961
f 1960 1961 1968
f 1953 1955 1954
f 1961 1962 1963
f 1953 1956 1955
f 1961 1963 1964
f 1953 1957 1956
f 1961 1964 1965
f 1953 1958 1957
f 1961 1965 1966
f 1953 1959 1958
f 1961 1966 1967
f 1953 1960 1959
f 1961 1967 1968
f 1969 1970 1978
f 1969 1978 1977
f 1970 1971 1979
f 1970 1979 1978
f 1971 1972 1980
f 1971 1980 1979
f 1972 1973 1981
f 1972 1981 1980
f 1973 1974 1982
f 1973 1982 1981
f 1974 1975 1983
f 1974 1983 1982
f 1975 1976 1984
f 1975 1984 1983
f 1976 1969 1977
f 1976 1977 1984
f 1969 1971 1970
f 1977 1978 1979
f 1969 1972 1971
f 1977 1979 1980
f 1969 1973 1972
f 1977 1980 1981
f 1969 1974 1973
f 1977 1981 1982
f 1969 1975 1974
f 1977 1982 1983
f 1969 1976 1975
f 1977 1983 1984
f 1985 1986 1994
f 1985 1994 1993
f 1986 1987 1995
f 1986 1995 1994
f 1987 1988 1996
f 1987 1996 1995
f 1988 1989 1997
f 1988 1997 1996
f 1989 1990 1998
f 1989 1998 1997
f 1990 1991 1999
f 1990 1999 1998
f 1991 1992 2000
f 1991 2000 1999
f 1992 1985 1993
f 1992 1993 2000
f 1985 1987 1986
f 1993 1994 1995
f 1985 1988 1987
f 1993 1995 1996
f 1985 1989 1988
f 1993 1996 1997
f 1985 1990 1989
f 1993 1997 1998
f 1985 1991 1990
f 1993 1998 1999
f 1985 1992 1991
f 1993 1999 2000
f 2001 2002 2010
f 2001 2010 2009
f 2002 2003 2011
f 2002 2011 2010
f 2003 2004 2012
f 2003 2012 2011
f 2004 2005 2013
f 2004 2013 2012
f 2005 2006 2014
f 2005 2014 2013
f 2006 2007 2015
f 2006 2015 2014
f 2007 2008 2016
f 2007 2016 2015
f 2008 2001 2009
f 2008 2009 2016
f 2001 2003 2002
f 2009 2010 2011
f 2001 2004 2003
f 2009 2011 2012
f 2001 2005 2004
f 2009 2012 2013
f 2001 2006 2005
f 2009 2013 2014
f 2001 2007 2006
f 2009 2014 2015
f 2001 2008 2007
f 2009 2015 2016
f 2017 2018 2026
f 2017 2026 2025
f 2018 2019 2027
f 2018 2027 2026
f 2019 2020 2028
f 2019 2028 2027
f 2020 2021 2029
f 2020 2029 2028
f 2021 2022 2030
f 2021 2030 2029
f 2022 2023 2031
f 2022 2031 2030
f 2023 2024 2032
f 2023 2032 2031
f 2024 2017 2025
f 2024 2025 2032
f 2017 2019 2018
f 2025 2026 2027
f 2017 2020 2019
f 2025 2027 2028
f 2017 2021 2020
f 2025 2028 2029
f 2017 2022 2021
f 2025 2029 2030
f 2017 2023 2022
f 2025 2030 2031
f 2017 2024 2023
f 2025 2031 2032
f 2033 2034 2042
f 2033 2042 2041
f 2034 2035 2043
f 2034 2043 2042
f 2035 2036 2044
f 2035 2044 2043
f 2036 2037 2045
f 2036 2045 2044
f 2037 2038 2046
f 2037 2046 2045
f 2038 2039 2047
f 2038 2047 2046
f 2039 2040 2048
f 2039 2048 2047
f 2040 2033 2041
f 2040 2041 2048
f 2033 2035 2034
f 2041 2042 2043
f 2033 2036 2035
f 2041 2043 2044
f 2033 2037 2036
f 2041 2044 2045
f 2033 2038 2037
f 2041 2045 2046
f 2033 2039 2038
f 2041 2046 2047
f 2033 2040 2039
f 2041 2047 2048
f 2049 2050 2058
f 2049 2058 2057
f 2050 2051 2059
f 2050 2059 2058
f 2051 2052 2060
f 2051 2060 2059
f 2052 2053 2061
f 2052 2061 2060
f 2053 2054 2062
f 2053 2062 2061
f 2054 2055 2063
f 2054 2063 2062
f 2055 2056 2064
f 2055 2064 2063
f 2056 2049 2057
f 2056 2057 2064
f 2049 2051 2050
f 2057 2058 2059
f 2049 2052 2051
f 2057 2059 2060
f 2049 2053 2052
f 2057 2060 2061
f 2049 2054 2053
f 2057 2061 2062
f 2049 2055 2054
f 2057 2062 2063
f 2049 2056 2055
f 2057 2063 2064
f 2065 2066 2074
f 2065 2074 2073
f 2066 2067 2075
f 2066 2075 2074
f 2067 2068 2076
f 2067 2076 2075
f 2068 2069 2077
f 2068 2077 2076
f 2069 2070 2078
f 2069 2078 2077
f 2070 2071 2079
f 2070 2079 2078
f 2071 2072 2080
f 2071 2080 2079
f 2072 2065 2073
f 2072 2073 2080
f 2065 2067 2066
f 2073 2074 2075
f 2065 2068 2067
f 2073 2075 2076
f 2065 2069 2068
f 2073 2076 2077
f 2065 2070 2069
f 2073 2077 2078
f 2065 2071 2070
f 2073 2078 2079
f 2065 2072 2071
f 2073 2079 2080
f 2081 2082 2090
f 2081 2090 2089
f 2082 2083 2091
f 2082 2091 2090
f 2083 2084 2092
f 2083 2092 2091
f 2084 2085 2093
f 2084 2093 2092
f 2085 2086 2094
f 2085 2094 2093
f 2086 2087 2095
f 2086 2095 2094
f 2087 2088 2096
f 2087 2096 2095
f 2088 2081 2089
f 2088 2089 2096
f 2081 2083 2082
f 2089 2090 2091
f 2081 2084 2083
f 2089 2091 2092
f 2081 2085 2084
f 2089 2092 2093
f 2081 2086 2085
f 2089 2093 2094
f 2081 2087 2086
f 2089 2094 2095
f 2081 2088 2087
f 2089 2095 2096
f 2097 2098 2106
f 2097 2106 2105
f 2098 2099 2107
f 2098 2107 2106
f 2099 2100 2108
f 2099 2108 2107
f 2100 2101 2109
f 2100 2109 2108
f 2101 2102 2110
f 2101 2110 2109
f 2102 2103 2111
f 2102 2111 2110
f 2103 2104 2112
f 2103 2112 2111
f 2104 2097 2105
f 2104 2105 2112
f 2097 2099 2098
f 2105 2106 2107
f 2097 2100 2099
f 2105 2107 2108
f 2097 2101 2100
f 2105 2108 2109
f 2097 2102 2101
f 2105 2109 2110
f 2097 2103 2102
f 2105 2110 2111
f 2097 2104 2103
f 2105 2111 2112
f 2113 2114 2122
f 2113 2122 2121
f 2114 2115 2123
f 2114 2123 2122
f 2115 2116 2124
f 2115 2124 2123
f 2116 2117 2125
f 2116 2125 2124
f 2117 2118 2126
f 2117 2126 2125
f 2118 2119 2127
f 2118 2127 2126
f 2119 2120 2128
f 2119 2128 2127
f 2120 2113 2121
f 2120 2121 2128
f 2113 2115 2114
f 2121 2122 2123
f 2113 2116 2115
f 2121 2123 2124
f 2113 2117 2116
f 2121 2124 2125
f 2113 2118 2117
f 2121 2125 2126
f 2113 2119 2118
f 2121 2126 2127
f 2113 2120 2119
f 2121 2127 2128
f 2129 2130 2138
f 2129 2138 2137
f 2130 2131 2139
f 2130 2139 2138
f 2131 2132 2140
f 2131 2140 2139
f 2132 2133 2141
f 2132 2141 2140
f 2133 2134 2142
f 2133 2142 2141
f 2134 2135 2143
f 2134 2143 2142
f 2135 2136 2144
f 2135 2144 2143
f 2136 2129 2137
f 2136 2137 2144
f 2129 2131 2130
f 2137 2138 2139
f 2129 2132 2131
f 2137 2139 2140
f 2129 2133 2132
f 2137 2140 2141
f 2129 2134 2133
f 2137 2141 2142
f 2129 2135 2134
f 2137 2142 2143
f 2129 2136 2135
f 2137 2143 2144
f 2145 2146 2154
f 2145 2154 2153
f 2146 2147 2155
f 2146 2155 2154
f 2147 2148 2156
f 2147 2156 2155
f 2148 2149 2157
f 2148 2157 2156
f 2149 2150 2158
f 2149 2158 2157
f 2150 2151 2159
f 2150 2159 2158
f 2151 2152 2160
f 2151 2160 2159
f 2152 2145 2153
f 2152 2153 2160
f 2145 2147 2146
f 2153 2154 2155
f 2145 2148 2147
f 2153 2155 2156
f 2145 2149 2148
f 2153 2156 2157
f 2145 2150 2149
f 2153 2157 2158
f 2145 2151 2150
f 2153 2158 2159
f 2145 2152 2151
f 2153 2159 2160
f 2161 2162 2170
f 2161 2170 2169
f 2162 2163 2171
f 2162 2171 2170
f 2163 2164 2172
f 2163 2172 2171
f 2164 2165 2173
f 2164 2173 2172
f 2165 2166 2174
f 2165 2174 2173
f 2166 2167 2175
f 2166 2175 2174
f 2167 2168 2176
f 2167 2176 2175
f 2168 2161 2169
f 2168 2169 2176
f 2161 2163 2162
f 2169 2170 2171
f 2161 2164 2163
f 2169 2171 2172
f 2161 2165 2164
f 2169 2172 2173
f 2161 2166 2165
f 2169 2173 2174
f 2161 2167 2166
f 2169 2174 2175
f 2161 2168 2167
f 2169 2175 2176
f 2177 2178 2186
f 2177 2186 2185
f 2178 2179 2187
f 2178 2187 2186
f 2179 2180 2188
f 2179 2188 2187
f 2180 2181 2189
f 2180 2189 2188
f 2181 2182 2190
f 2181 2190 2189
f 2182 2183 2191
f 2182 2191 2190
f 2183 2184 2192
f 2183 2192 2191
f 2184 2177 2185
f 2184 2185 2192
f 2177 2179 2178
f 2185 2186 2187
f 2177 2180 2179
f 2185 2187 2188
f 2177 2181 2180
f 2185 2188 2189
f 2177 2182 2181
f 2185 2189 2190
f 2177 2183 2182
f 2185 2190 2191
f 2177 2184 2183
f 2185 2191 2192
f 2193 2194 2202
f 2193 2202 2201
f 2194 2195 2203
f 2194 2203 2202
f 2195 2196 2204
f 2195 2204 2203
f 2196 2197 2205
f 2196 2205 2204
f 2197 2198 2206
f 2197 2206 2205
f 2198 2199 2207
f 2198 2207 2206
f 2199 2200 2208
f 2199 2208 2207
f 2200 2193 2201
f 2200 2201 2208
f 2193 2195 2194
f 2201 2202 2203
f 2193 2196 2195
f 2201 2203 2204
f 2193 2197 2196
f 2201 2204 2205
f 2193 2198 2197
f 2201 2205 2206
f 2193 2199 2198
f 2201 2206 2207
f 2193 2200 2199
f 2201 2207 2208
f 2209 2210 2218
f 2209 2218 2217
f 2210 2211 2219
f 2210 2219 2218
f 2211 2212 2220
f 2211 2220 2219
f 2212 2213 2221
f 2212 2221 2220
f 2213 2214 2222
f 2213 2222 2221
f 2214 2215 2223
f 2214 2223 2222
f 2215 2216 2224
f 2215 2224 2223
f 2216 2209 2217
f 2216 2217 2224
f 2209 2211 2210
f 2217 2218 2219
f 2209 2212 2211
f 2217 2219 2220
f 2209 2213 2212
f 2217 2220 2221
f 2209 2214 2213
f 2217 2221 2222
f 2209 2215 2214
f 2217 2222 2223
f 2209 2216 2215
f 2217 2223 2224
f 2225 2226 2234
f 2225 2234 2233
f 2226 2227 2235
f 2226 2235 2234
f 2227 2228 2236
f 2227 2236 2235
f 2228 2229 2237
f 2228 2237 2236
f 2229 2230 2238
f 2229 2238 2237
f 2230 2231 2239
f 2230 2239 2238
f 2231 2232 2240
f 2231 2240 2239
f 2232 2225 2233
f 2232 2233 2240
f 2225 2227 2226
f 2233 2234 2235
f 2225 2228 2227
f 2233 2235 2236
f 2225 2229 2228
f 2233 2236 2237
f 2225 2230 2229
f 2233 2237 2238
f 2225 2231 2230
f 2233 2238 2239
f 2225 2232 2231
f 2233 2239 2240
f 2241 2242 2250
f 2241 2250 2249
f 2242 2243 2251
f 2242 2251 2250
f 2243 2244 2252
f 2243 2252 2251
f 2244 2245 2253
f 2244 2253 2252
f 2245 2246 2254
f 2245 2254 2253
f 2246 2247 2255
f 2246 2255 2254
f 2247 2248 2256
f 2247 2256 2255
f 2248 2241 2249
f 2248 2249 2256
f 2241 2243 2242
f 2249 2250 2251
f 2241 2244 2243
f 2249 2251 2252
f 2241 2245 2244
f 2249 2252 2253
f 2241 2246 2245
f 2249 2253 2254
f 2241 2247 2246
f 2249 2254 2255
f 2241 2248 2247
f 2249 2255 2256
f 2257 2258 2266
f 2257 2266 2265
f 2258 2259 2267
f 2258 2267 2266
f 2259 2260 2268
f 2259 2268 2267
f 2260 2261 2269
f 2260 2269 2268
f 2261 2262 2270
f 2261 2270 2269
f 2262 2263 2271
f 2262 2271 2270
f 2263 2264 2272
f 2263 2272 2271
f 2264 2257 2265
f 2264 2265 2272
f 2257 2259 2258
f 2265 2266 2267
f 2257 2260 2259
f 2265 2267 2268
f 2257 2261 2260
f 2265 2268 2269
f 2257 2262 2261
f 2265 2269 2270
f 2257 2263 2262
f 2265 2270 2271
f 2257 2264 2263
f 2265 2271 2272
f 2273 2274 2282
f 2273 2282 2281
f 2274 2275 2283
f 2274 2283 2282
f 2275 2276 2284
f 2275 2284 2283
f 2276 2277 2285
f 2276 2285 2284
f 2277 2278 2286
f 2277 2286 2285
f 2278 2279 2287
f 2278 2287 2286
f 2279 2280 2288
f 2279 2288 2287
f 2280 2273 2281
f 2280 2281 2288
f 2273 2275 2274
f 2281 2282 2283
f 2273 2276 2275
f 2281 2283 2284
f 2273 2277 2276
f 2281 2284 2285
f 2273 2278 2277
f 2281 2285 2286
f 2273 2279 2278
f 2281 2286 2287
f 2273 2280 2279
f 2281 2287 2288
f 2289 2290 2298
f 2289 2298 2297
f 2290 2291 2299
f 2290 2299 2298
f 2291 2292 2300
f 2291 2300 2299
f 2292 2293 2301
f 2292 2301 2300
f 2293 2294 2302
f 2293 2302 2301
f 2294 2295 2303
f 2294 2303 2302
f 2295 2296 2304
f 2295 2304 2303
f 2296 2289 2297
f 2296 2297 2304
f 2289 2291 2290
f 2297 2298 2299
f 2289 2292 2291
f 2297 2299 2300
f 2289 2293 2292
f 2297 2300 2301
f 2289 2294 2293
f 2297 2301 2302
f 2289 2295 2294
f 2297 2302 2303
f 2289 2296 2295
f 2297 2303 2304
f 2305 2306 2314
f 2305 2314 2313
f 2306 2307 2315
f 2306 2315 2314
f 2307 2308 2316
f 2307 2316 2315
f 2308 2309 2317
f 2308 2317 2316
f 2309 2310 2318
f 2309 2318 2317
f 2310 2311 2319
f 2310 2319 2318
f 2311 2312 2320
f 2311 2320 2319
f 2312 2305 2313
f 2312 2313 2320
f 2305 2307 2306
f 2313 2314 2315
f 2305 2308 2307
f 2313 2315 2316
f 2305 2309 2308
f 2313 2316 2317
f 2305 2310 2309
f 2313 2317 2318
f 2305 2311 2310
f 2313 2318 2319
f 2305 2312 2311
f 2313 2319 2320
f 2321 2322 2330
f 2321 2330 2329
f 2322 2323 2331
f 2322 2331 2330
f 2323 2324 2332
f 2323 2332 2331
f 2324 2325 2333
f 2324 2333 2332
f 2325 2326 2334
f 2325 2334 2333
f 2326 2327 2335
f 2326 2335 2334
f 2327 2328 2336
f 2327 2336 2335
f 2328 2321 2329
f 2328 2329 2336
f 2321 2323 2322
f 2329 2330 2331
f 2321 2324 2323
f 2329 2331 2332
f 2321 2325 2324
f 2329 2332 2333
f 2321 2326 2325
f 2329 2333 2334
f 2321 2327 2326
f 2329 2334 2335
f 2321 2328 2327
f 2329 2335 2336
f 2337 2338 2346
f 2337 2346 2345
f 2338 2339 2347
f 2338 2347 2346
f 2339 2340 2348
f 2339 2348 2347
f 2340 2341 2349
f 2340 2349 2348
f 2341 2342 2350
f 2341 2350 2349
f 2342 2343 2351
f 2342 2351 2350
f 2343 2344 2352
f 2343 2352 2351
f 2344 2337 2345
f 2344 2345 2352
f 2337 2339 2338
f 2345 2346 2347
f 2337 2340 2339
f 2345 2347 2348
f 2337 2341 2340
f 2345 2348 2349
f 2337 2342 2341
f 2345 2349 2350
f 2337 2343 2342
f 2345 2350 2351
f 2337 2344 2343
f 2345 2351 2352
f 2353 2354 2362
f 2353 2362 2361
f 2354 2355 2363
f 2354 2363 2362
f 2355 2356 2364
f 2355 2364 2363
f 2356 2357 2365
f 2356 2365 2364
f 2357 2358 2366
f 2357 2366 2365
f 2358 2359 2367
f 2358 2367 2366
f 2359 2360 2368
f 2359 2368 2367
f 2360 2353 2361
f 2360 2361 2368
f 2353 2355 2354
f 2361 2362 2363
f 2353 2356 2355
f 2361 2363 2364
f 2353 2357 2356
f 2361 2364 2365
f 2353 2358 2357
f 2361 2365 2366
f 2353 2359 2358
f 2361 2366 2367
f 2353 2360 2359
f 2361 2367 2368
f 2369 2370 2378
f 2369 2378 2377
f 2370 2371 2379
f 2370 2379 2378
f 2371 2372 2380
f 2371 2380 2379
f 2372 2373 2381
f 2372 2381 2380
f 2373 2374 2382
f 2373 2382 2381
f 2374 2375 2383
f 2374 2383 2382
f 2375 2376 2384
f 2375 2384 2383
f 2376 2369 2377
f 2376 2377 2384
f 2369 2371 2370
f 2377 2378 2379
f 2369 2372 2371
f 2377 2379 2380
f 2369 2373 2372
f 2377 2380 2381
f 2369 2374 2373
f 2377 2381 2382
f 2369 2375 2374
f 2377 2382 2383
f 2369 2376 2375
f 2377 2383 2384
f 2385 2386 2394
f 2385 2394 2393
f 2386 2387 2395
f 2386 2395 2394
f 2387 2388 2396
f 2387 2396 2395
f 2388 2389 2397
f 2388 2397 2396
f 2389 2390 2398
f 2389 2398 2397
f 2390 2391 2399
f 2390 2399 2398
f 2391 2392 2400
f 2391 2400 2399
f 2392 2385 2393
f 2392 2393 2400
f 2385 2387 2386
f 2393 2394 2395
f 2385 2388 2387
f 2393 2395 2396
f 2385 2389 2388
f 2393 2396 2397
f 2385 2390 2389
f 2393 2397 2398
f 2385 2391 2390
f 2393 2398 2399
f 2385 2392 2391
f 2393 2399 2400
f 2401 2402 2410
f 2401 2410 2409
f 2402 2403 2411
f 2402 2411 2410
f 2403 2404 2412
f 2403 2412 2411
f 2404 2405 2413
f 2404 2413 2412
f 2405 2406 2414
f 2405 2414 2413
f 2406 2407 2415
f 2406 2415 2414
f 2407 2408 2416
f 2407 2416 2415
f 2408 2401 2409
f 2408 2409 2416
f 2401 2403 2402
f 2409 2410 2411
f 2401 2404 2403
f 2409 2411 2412
f 2401 2405 2404
f 2409 2412 2413
f 2401 2406 2405
f 2409 2413 2414
f 2401 2407 2406
f 2409 2414 2415
f 2401 2408 2407
f 2409 2415 2416
f 2417 2418 2426
f 2417 2426 2425
f 2418 2419 2427
f 2418 2427 2426
f 2419 2420 2428
f 2419 2428 2427
f 2420 2421 2429
f 2420 2429 2428
f 2421 2422 2430
f 2421 2430 2429
f 2422 2423 2431
f 2422 2431 2430
f 2423 2424 2432
f 2423 2432 2431
f 2424 2417 2425
f 2424 2425 2432
f 2417 2419 2418
f 2425 2426 2427
f 2417 2420 2419
f 2425 2427 2428
f 2417 2421 2420
f 2425 2428 2429
f 2417 2422 2421
f 2425 2429 2430
f 2417 2423 2422
f 2425 2430 2431
f 2417 2424 2423
f 2425 2431 2432
f 2433 2434 2442
f 2433 2442 2441
f 2434 2435 2443
f 2434 2443 2442
f 2435 2436 2444
f 2435 2444 2443
f 2436 2437 2445
f 2436 2445 2444
f 2437 2438 2446
f 2437 2446 2445
f 2438 2439 2447
f 2438 2447 2446
f 2439 2440 2448
f 2439 2448 2447
f 2440 2433 2441
f 2440 2441 2448
f 2433 2435 2434
f 2441 2442 2443
f 2433 2436 2435
f 2441 2443 2444
f 2433 2437 2436
f 2441 2444 2445
f 2433 2438 2437
f 2441 2445 2446
f 2433 2439 2438
f 2441 2446 2447
f 2433 2440 2439
f 2441 2447 2448
f 2449 2450 2458
f 2449 2458 2457
f 2450 2451 2459
f 2450 2459 2458
f 2451 2452 2460
f 2451 2460 2459
f 2452 2453 2461
f 2452 2461 2460
f 2453 2454 2462
f 2453 2462 2461
f 2454 2455 2463
f 2454 2463 2462
f 2455 2456 2464
f 2455 2464 2463
f 2456 2449 2457
f 2456 2457 2464
f 2449 2451 2450
f 2457 2458 2459
f 2449 2452 2451
f 2457 2459 2460
f 2449 2453 2452
f 2457 2460 2461
f 2449 2454 2453
f 2457 2461 2462
f 2449 2455 2454
f 2457 2462 2463
f 2449 2456 2455
f 2457 2463 2464
f 2465 2466 2474
f 2465 2474 2473
f 2466 2467 2475
f 2466 2475 2474
f 2467 2468 2476
f 2467 2476 2475
f 2468 2469 2477
f 2468 2477 2476
f 2469 2470 2478
f 2469 2478 2477
f 2470 2471 2479
f 2470 2479 2478
f 2471 2472 2480
f 2471 2480 2479
f 2472 2465 2473
f 2472 2473 2480
f 2465 2467 2466
f 2473 2474 2475
f 2465 2468 2467
f 2473 2475 2476
f 2465 2469 2468
f 2473 2476 2477
f 2465 2470 2469
f 2473 2477 2478
f 2465 2471 2470
f 2473 2478 2479
f 2465 2472 2471
f 2473 2479 2480
f 2481 2482 2490
f 2481 2490 2489
f 2482 2483 2491
f 2482 2491 2490
f 2483 2484 2492
f 2483 2492 2491
f 2484 2485 2493
f 2484 2493 2492
f 2485 2486 2494
f 2485 2494 2493
f 2486 2487 2495
f 2486 2495 2494
f 2487 2488 2496
f 2487 2496 2495
f 2488 2481 2489
f 2488 2489 2496
f 2481 2483 2482
f 2489 2490 2491
f 2481 2484 2483
f 2489 2491 2492
f 2481 2485 2484
f 2489 2492 2493
f 2481 2486 2485
f 2489 2493 2494
f 2481 2487 2486
f 2489 2494 2495
f 2481 2488 2487
f 2489 2495 2496
f 2497 2498 2506
f 2497 2506 2505
f 2498 2499 2507
f 2498 2507 2506
f 2499 2500 2508
f 2499 2508 2507
f 2500 2501 2509
f 2500 2509 2508
f 2501 2502 2510
f 2501 2510 2509
f 2502 2503 2511
f 2502 2511 2510
f 2503 2504 2512
f 2503 2512 2511
f 2504 2497 2505
f 2504 2505 2512
f 2497 2499 2498
f 2505 2506 2507
f 2497 2500 2499
f 2505 2507 2508
f 2497 2501 2500
f 2505 2508 2509
f 2497 2502 2501
f 2505 2509 2510
f 2497 2503 2502
f 2505 2510 2511
f 2497 2504 2503
f 2505 2511 2512
f 2513 2514 2522
f 2513 2522 2521
f 2514 2515 2523
f 2514 2523 2522
f 2515 2516 2524
f 2515 2524 2523
f 2516 2517 2525
f 2516 2525 2524
f 2517 2518 2526
f 2517 2526 2525
f 2518 2519 2527
f 2518 2527 2526
f 2519 2520 2528
f 2519 2528 2527
f 2520 2513 2521
f 2520 2521 2528
f 2513 2515 2514
f 2521 2522 2523
f 2513 2516 2515
f 2521 2523 2524
f 2513 2517 2516
f 2521 2524 2525
f 2513 2518 2517
f 2521 2525 2526
f 2513 2519 2518
f 2521 2526 2527
f 2513 2520 2519
f 2521 2527 2528
f 2529 2530 2538
f 2529 2538 2537
f 2530 2531 2539
f 2530 2539 2538
f 2531 2532 2540
f 2531 2540 2539
f 2532 2533 2541
f 2532 2541 2540
f 2533 2534 2542
f 2533 2542 2541
f 2534 2535 2543
f 2534 2543 2542
f 2535 2536 2544
f 2535 2544 2543
f 2536 2529 2537
f 2536 2537 2544
f 2529 2531 2530
f 2537 2538 2539
f 2529 2532 2531
f 2537 2539 2540
f 2529 2533 2532
f 2537 2540 2541
f 2529 2534 2533
f 2537 2541 2542
f 2529 2535 2534
f 2537 2542 2543
f 2529 2536 2535
f 2537 2543 2544
f 2545 2546 2554
f 2545 2554 2553
f 2546 2547 2555
f 2546 2555 2554
f 2547 2548 2556
f 2547 2556 2555
f 2548 2549 2557
f 2548 2557 2556
f 2549 2550 2558
f 2549 2558 2557
f 2550 2551 2559
f 2550 2559 2558
f 2551 2552 2560
f 2551 2560 2559
f 2552 2545 2553
f 2552 2553 2560
f 2545 2547 2546
f 2553 2554 2555
f 2545 2548 2547
f 2553 2555 2556
f 2545 2549 2548
f 2553 2556 2557
f 2545 2550 2549
f 2553 2557 2558
f 2545 2551 2550
f 2553 2558 2559
f 2545 2552 2551
f 2553 2559 2560
f 2561 2562 2570
f 2561 2570 2569
f 2562 2563 2571
f 2562 2571 2570
f 2563 2564 2572
f 2563 2572 2571
f 2564 2565 2573
f 2564 2573 2572
f 2565 2566 2574
f 2565 2574 2573
f 2566 2567 2575
f 2566 2575 2574
f 2567 2568 2576
f 2567 2576 2575
f 2568 2561 2569
f 2568 2569 2576
f 2561 2563 2562
f 2569 2570 2571
f 2561 2564 2563
f 2569 2571 2572
f 2561 2565 2564
f 2569 2572 2573
f 2561 2566 2565
f 2569 2573 2574
f 2561 2567 2566
f 2569 2574 2575
f 2561 2568 2567
f 2569 2575 2576
f 2577 2578 2586
f 2577 2586 2585
f 2578 2579 2587
f 2578 2587 2586
f 2579 2580 2588
f 2579 2588 2587
f 2580 2581 2589
f 2580 2589 2588
f 2581 2582 2590
f 2581 2590 2589
f 2582 2583 2591
f 2582 2591 2590
f 2583 2584 2592
f 2583 2592 2591
f 2584 2577 2585
f 2584 2585 2592
f 2577 2579 2578
f 2585 2586 2587
f 2577 2580 2579
f 2585 2587 2588
f 2577 2581 2580
f 2585 2588 2589
f 2577 2582 2581
f 2585 2589 2590
f 2577 2583 2582
f 2585 2590 2591
f 2577 2584 2583
f 2585 2591 2592
f 2593 2594 2602
f 2593 2602 2601
f 2594 2595 2603
f 2594 2603 2602
f 2595 2596 2604
f 2595 2604 2603
f 2596 2597 2605
f 2596 2605 2604
f 2597 2598 2606
f 2597 2606 2605
f 2598 2599 2607
f 2598 2607 2606
f 2599 2600 2608
f 2599 2608 2607
f 2600 2593 2601
f 2600 2601 2608
f 2593 2595 2594
f 2601 2602 2603
f 2593 2596 2595
f 2601 2603 2604
f 2593 2597 2596
f 2601 2604 2605
f 2593 2598 2597
f 2601 2605 2606
f 2593 2599 2598
f 2601 2606 2607
f 2593 2600 2599
f 2601 2607 2608
f 2609 2610 2618
f 2609 2618 2617
f 2610 2611 2619
f 2610 2619 2618
f 2611 2612 2620
f 2611 2620 2619
f 2612 2613 2621
f 2612 2621 2620
f 2613 2614 2622
f 2613 2622 2621
f 2614 2615 2623
f 2614 2623 2622
f 2615 2616 2624
f 2615 2624 2623
f 2616 2609 2617
f 2616 2617 2624
f 2609 2611 2610
f 2617 2618 2619
f 2609 2612 2611
f 2617 2619 2620
f 2609 2613 2612
f 2617 2620 2621
f 2609 2614 2613
f 2617 2621 2622
f 2609 2615 2614
f 2617 2622 2623
f 2609 2616 2615
f 2617 2623 2624
f 2625 2626 2634
f 2625 2634 2633
f 2626 2627 2635
f 2626 2635 2634
f 2627 2628 2636
f 2627 2636 2635
f 2628 2629 2637
f 2628 2637 2636
f 2629 2630 2638
f 2629 2638 2637
f 2630 2631 2639
f 2630 2639 2638
f 2631 2632 2640
f 2631 2640 2639
f 2632 2625 2633
f 2632 2633 2640
f 2625 2627 2626
f 2633 2634 2635
f 2625 2628 2627
f 2633 2635 2636
f 2625 2629 2628
f 2633 2636 2637
f 2625 2630 2629
f 2633 2637 2638
f 2625 2631 2630
f 2633 2638 2639
f 2625 2632 2631
f 2633 2639 2640
f 2641 2642 2650
f 2641 2650 2649
f 2642 2643 2651
f 2642 2651 2650
f 2643 2644 2652
f 2643 2652 2651
f 2644 2645 2653
f 2644 2653 2652
f 2645 2646 2654
f 2645 2654 2653
f 2646 2647 2655
f 2646 2655 2654
f 2647 2648 2656
f 2647 2656 2655
f 2648 2641 2649
f 2648 2649 2656
f 2641 2643 2642
f 2649 2650 2651
f 2641 2644 2643
f 2649 2651 2652
f 2641 2645 2644
f 2649 2652 2653
f 2641 2646 2645
f 2649 2653 2654
f 2641 2647 2646
f 2649 2654 2655
f 2641 2648 2647
f 2649 2655 2656
f 2657 2658 2666
f 2657 2666 2665
f 2658 2659 2667
f 2658 2667 2666
f 2659 2660 2668
f 2659 2668 2667
f 2660 2661 2669
f 2660 2669 2668
f 2661 2662 2670
f 2661 2670 2669
f 2662 2663 2671
f 2662 2671 2670
f 2663 2664 2672
f 2663 2672 2671
f 2664 2657 2665
f 2664 2665 2672
f 2657 2659 2658
f 2665 2666 2667
f 2657 2660 2659
f 2665 2667 2668
f 2657 2661 2660
f 2665 2668 2669
f 2657 2662 2661
f 2665 2669 2670
f 2657 2663 2662
f 2665 2670 2671
f 2657 2664 2663
f 2665 2671 2672
f 2673 2674 2682
f 2673 2682 2681
f 2674 2675 2683
f 2674 2683 2682
f 2675 2676 2684
f 2675 2684 2683
f 2676 2677 2685
f 2676 2685 2684
f 2677 2678 2686
f 2677 2686 2685
f 2678 2679 2687
f 2678 2687 2686
f 2679 2680 2688
f 2679 2688 2687
f 2680 2673 2681
f 2680 2681 2688
f 2673 2675 2674
f 2681 2682 2683
f 2673 2676 2675
f 2681 2683 2684
f 2673 2677 2676
f 2681 2684 2685
f 2673 2678 2677
f 2681 2685 2686
f 2673 2679 2678
f 2681 2686 2687
f 2673 2680 2679
f 2681 2687 2688
f 2689 2690 2698
f 2689 2698 2697
f 2690 2691 2699
f 2690 2699 2698
f 2691 2692 2700
f 2691 2700 2699
f 2692 2693 2701
f 2692 2701 2700
f 2693 2694 2702
f 2693 2702 2701
f 2694 2695 2703
f 2694 2703 2702
f 2695 2696 2704
f 2695 2704 2703
f 2696 2689 2697
f 2696 2697 2704
f 2689 2691 2690
f 2697 2698 2699
f 2689 2692 2691
f 2697 2699 2700
f 2689 2693 2692
f 2697 2700 2701
f 2689 2694 2693
f 2697 2701 2702
f 2689 2695 2694
f 2697 2702 2703
f 2689 2696 2695
f 2697 2703 2704
f 2705 2706 2714
f 2705 2714 2713
f 2706 2707 2715
f 2706 2715 2714
f 2707 2708 2716
f 2707 2716 2715
f 2708 2709 2717
f 2708 2717 2716
f 2709 2710 2718
f 2709 2718 2717
f 2710 2711 2719
f 2710 2719 2718
f 2711 2712 2720
f 2711 2720 2719
f 2712 2705 2713
f 2712 2713 2720
f 2705 2707 2706
f 2713 2714 2715
f 2705 2708 2707
f 2713 2715 2716
f 2705 2709 2708
f 2713 2716 2717
f 2705 2710 2709
f 2713 2717 2718
f 2705 2711 2710
f 2713 2718 2719
f 2705 2712 2711
f 2713 2719 2720
f 2721 2722 2730
f 2721 2730 2729
f 2722 2723 2731
f 2722 2731 2730
f 2723 2724 2732
f 2723 2732 2731
f 2724 2725 2733
f 2724 2733 2732
f 2725 2726 2734
f 2725 2734 2733
f 2726 2727 2735
f 2726 2735 2734
f 2727 2728 2736
f 2727 2736 2735
f 2728 2721 2729
f 2728 2729 2736
f 2721 2723 2722
f 2729 2730 2731
f 2721 2724 2723
f 2729 2731 2732
f 2721 2725 2724
f 2729 2732 2733
f 2721 2726 2725
f 2729 2733 2734
f 2721 2727 2726
f 2729 2734 2735
f 2721 2728 2727
f 2729 2735 2736
f 2737 2738 2746
f 2737 2746 2745
f 2738 2739 2747
f 2738 2747 2746
f 2739 2740 2748
f 2739 2748 2747
f 2740 2741 2749
f 2740 2749 2748
f 2741 2742 2750
f 2741 2750 2749
f 2742 2743 2751
f 2742 2751 2750
f 2743 2744 2752
f 2743 2752 2751
f 2744 2737 2745
f 2744 2745 2752
f 2737 2739 2738
f 2745 2746 2747
f 2737 2740 2739
f 2745 2747 2748
f 2737 2741 2740
f 2745 2748 2749
f 2737 2742 2741
f 2745 2749 2750
f 2737 2743 2742
f 2745 2750 2751
f 2737 2744 2743
f 2745 2751 2752
f 2753 2754 2762
f 2753 2762 2761
f 2754 2755 2763
f 2754 2763 2762
f 2755 2756 2764
f 2755 2764 2763
f 2756 2757 2765
f 2756 2765 2764
f 2757 2758 2766
f 2757 2766 2765
f 2758 2759 2767
f 2758 2767 2766
f 2759 2760 2768
f 2759 2768 2767
f 2760 2753 2761
f 2760 2761 2768
f 2753 2755 2754
f 2761 2762 2763
f 2753 2756 2755
f 2761 2763 2764
f 2753 2757 2756
f 2761 2764 2765
f 2753 2758 2757
f 2761 2765 2766
f 2753 2759 2758
f 2761 2766 2767
f 2753 2760 2759
f 2761 2767 2768
f 2769 2770 2778
f 2769 2778 2777
f 2770 2771 2779
f 2770 2779 2778
f 2771 2772 2780
f 2771 2780 2779
f 2772 2773 2781
f 2772 2781 2780
f 2773 2774 2782
f 2773 2782 2781
f 2774 2775 2783
f 2774 2783 2782
f 2775 2776 2784
f 2775 2784 2783
f 2776 2769 2777
f 2776 2777 2784
f 2769 2771 2770
f 2777 2778 2779
f 2769 2772 2771
f 2777 2779 2780
f 2769 2773 2772
f 2777 2780 2781
f 2769 2774 2773
f 2777 2781 2782
f 2769 2775 2774
f 2777 2782 2783
f 2769 2776 2775
f 2777 2783 2784
f 2785 2786 2794
f 2785 2794 2793
f 2786 2787 2795
f 2786 2795 2794
f 2787 2788 2796
f 2787 2796 2795
f 2788 2789 2797
f 2788 2797 2796
f 2789 2790 2798
f 2789 2798 2797
f 2790 2791 2799
f 2790 2799 2798
f 2791 2792 2800
f 2791 2800 2799
f 2792 2785 2793
f 2792 2793 2800
f 2785 2787 2786
f 2793 2794 2795
f 2785 2788 2787
f 2793 2795 2796
f 2785 2789 2788
f 2793 2796 2797
f 2785 2790 2789
f 2793 2797 2798
f 2785 2791 2790
f 2793 2798 2799
f 2785 2792 2791
f 2793 2799 2800
f 2801 2802 2810
f 2801 2810 2809
f 2802 2803 2811
f 2802 2811 2810
f 2803 2804 2812
f 2803 2812 2811
f 2804 2805 2813
f 2804 2813 2812
f 2805 2806 2814
f 2805 2814 2813
f 2806 2807 2815
f 2806 2815 2814
f 2807 2808 2816
f 2807 2816 2815
f 2808 2801 2809
f 2808 2809 2816
f 2801 2803 2802
f 2809 2810 2811
f 2801 2804 2803
f 2809 2811 2812
f 2801 2805 2804
f 2809 2812 2813
f 2801 2806 2805
f 2809 2813 2814
f 2801 2807 2806
f 2809 2814 2815
f 2801 2808 2807
f 2809 2815 2816
f 2817 2818 2826
f 2817 2826 2825
f 2818 2819 2827
f 2818 2827 2826
f 2819 2820 2828
f 2819 2828 2827
f 2820 2821 2829
f 2820 2829 2828
f 2821 2822 2830
f 2821 2830 2829
f 2822 2823 2831
f 2822 2831 2830
f 2823 2824 2832
f 2823 2832 2831
f 2824 2817 2825
f 2824 2825 2832
f 2817 2819 2818
f 2825 2826 2827
f 2817 2820 2819
f 2825 2827 2828
f 2817 2821 2820
f 2825 2828 2829
f 2817 2822 2821
f 2825 2829 2830
f 2817 2823 2822
f 2825 2830 2831
f 2817 2824 2823
f 2825 2831 2832
f 2833 2834 2842
f 2833 2842 2841
f 2834 2835 2843
f 2834 2843 2842
f 2835 2836 2844
f 2835 2844 2843
f 2836 2837 2845
f 2836 2845 2844
f 2837 2838 2846
f 2837 2846 2845
f 2838 2839 2847
f 2838 2847 2846
f 2839 2840 2848
f 2839 2848 2847
f 2840 2833 2841
f 2840 2841 2848
f 2833 2835 2834
f 2841 2842 2843
f 2833 2836 2835
f 2841 2843 2844
f 2833 2837 2836
f 2841 2844 2845
f 2833 2838 2837
f 2841 2845 2846
f 2833 2839 2838
f 2841 2846 2847
f 2833 2840 2839
f 2841 2847 2848
f 2849 2850 2858
f 2849 2858 2857
f 2850 2851 2859
f 2850 2859 2858
f 2851 2852 2860
f 2851 2860 2859
f 2852 2853 2861
f 2852 2861 2860
f 2853 2854 2862
f 2853 2862 2861
f 2854 2855 2863
f 2854 2863 2862
f 2855 2856 2864
f 2855 2864 2863
f 2856 2849 2857
f 2856 2857 2864
f 2849 2851 2850
f 2857 2858 2859
f 2849 2852 2851
f 2857 2859 2860
f 2849 2853 2852
f 2857 2860 2861
f 2849 2854 2853
f 2857 2861 2862
f 2849 2855 2854
f 2857 2862 2863
f 2849 2856 2855
f 2857 2863 2864
f 2865 2866 2874
f 2865 2874 2873
f 2866 2867 2875
f 2866 2875 2874
f 2867 2868 2876
f 2867 2876 2875
f 2868 2869 2877
f 2868 2877 2876
f 2869 2870 2878
f 2869 2878 2877
f 2870 2871 2879
f 2870 2879 2878
f 2871 2872 2880
f 2871 2880 2879
f 2872 2865 2873
f 2872 2873 2880
f 2865 2867 2866
f 2873 2874 2875
f 2865 2868 2867
f 2873 2875 2876
f 2865 2869 2868
f 2873 2876 2877
f 2865 2870 2869
f 2873 2877 2878
f 2865 2871 2870
f 2873 2878 2879
f 2865 2872 2871
f 2873 2879 2880
f 2881 2882 2890
f 2881 2890 2889
f 2882 2883 2891
f 2882 2891 2890
f 2883 2884 2892
f 2883 2892 2891
f 2884 2885 2893
f 2884 2893 2892
f 2885 2886 2894
f 2885 2894 2893
f 2886 2887 2895
f 2886 2895 2894
f 2887 2888 2896
f 2887 2896 2895
f 2888 2881 2889
f 2888 2889 2896
f 2881 2883 2882
f 2889 2890 2891
f 2881 2884 2883
f 2889 2891 2892
f 2881 2885 2884
f 2889 2892 2893
f 2881 2886 2885
f 2889 2893 2894
f 2881 2887 2886
f 2889 2894 2895
f 2881 2888 2887
f 2889 2895 2896
f 2897 2898 2906
f 2897 2906 2905
f 2898 2899 2907
f 2898 2907 2906
f 2899 2900 2908
f 2899 2908 2907
f 2900 2901 2909
f 2900 2909 2908
f 2901 2902 2910
f 2901 2910 2909
f 2902 2903 2911
f 2902 2911 2910
f 2903 2904 2912
f 2903 2912 2911
f 2904 2897 2905
f 2904 2905 2912
f 2897 2899 2898
f 2905 2906 2907
f 2897 2900 2899
f 2905 2907 2908
f 2897 2901 2900
f 2905 2908 2909
f 2897 2902 2901
f 2905 2909 2910
f 2897 2903 2902
f 2905 2910 2911
f 2897 2904 2903
f 2905 2911 2912
f 2913 2914 2922
f 2913 2922 2921
f 2914 2915 2923
f 2914 2923 2922
f 2915 2916 2924
f 2915 2924 2923
f 2916 2917 2925
f 2916 2925 2924
f 2917 2918 2926
f 2917 2926 2925
f 2918 2919 2927
f 2918 2927 2926
f 2919 2920 2928
f 2919 2928 2927
f 2920 2913 2921
f 2920 2921 2928
f 2913 2915 2914
f 2921 2922 2923
f 2913 2916 2915
f 2921 2923 2924
f 2913 2917 2916
f 2921 2924 2925
f 2913 2918 2917
f 2921 2925 2926
f 2913 2919 2918
f 2921 2926 2927
f 2913 2920 2919
f 2921 2927 2928
f 2929 2930 2938
f 2929 2938 2937
f 2930 2931 2939
f 2930 2939 2938
f 2931 2932 2940
f 2931 2940 2939
f 2932 2933 2941
f 2932 2941 2940
f 2933 2934 2942
f 2933 2942 2941
f 2934 2935 2943
f 2934 2943 2942
f 2935 2936 2944
f 2935 2944 2943
f 2936 2929 2937
f 2936 2937 2944
f 2929 2931 2930
f 2937 2938 2939
f 2929 2932 2931
f 2937 2939 2940
f 2929 2933 2932
f 2937 2940 2941
f 2929 2934 2933
f 2937 2941 2942
f 2929 2935 2934
f 2937 2942 2943
f 2929 2936 2935
f 2937 2943 2944
f 2945 2946 2954
f 2945 2954 2953
f 2946 2947 2955
f 2946 2955 2954
f 2947 2948 2956
f 2947 2956 2955
f 2948 2949 2957
f 2948 2957 2956
f 2949 2950 2958
f 2949 2958 2957
f 2950 2951 2959
f 2950 2959 2958
f 2951 2952 2960
f 2951 2960 2959
f 2952 2945 2953
f 2952 2953 2960
f 2945 2947 2946
f 2953 2954 2955
f 2945 2948 2947
f 2953 2955 2956
f 2945 2949 2948
f 2953 2956 2957
f 2945 2950 2949
f 2953 2957 2958
f 2945 2951 2950
f 2953 2958 2959
f 2945 2952 2951
f 2953 2959 2960
f 2961 2962 2970
f 2961 2970 2969
f 2962 2963 2971
f 2962 2971 2970
f 2963 2964 2972
f 2963 2972 2971
f 2964 2965 2973
f 2964 2973 2972
f 2965 2966 2974
f 2965 2974 2973
f 2966 2967 2975
f 2966 2975 2974
f 2967 2968 2976
f 2967 2976 2975
f 2968 2961 2969
f 2968 2969 2976
f 2961 2963 2962
f 2969 2970 2971
f 2961 2964 2963
f 2969 2971 2972
f 2961 2965 2964
f 2969 2972 2973
f 2961 2966 2965
f 2969 2973 2974
f 2961 2967 2966
f 2969 2974 2975
f 2961 2968 2967
f 2969 2975 2976
f 2977 2978 2986
f 2977 2986 2985
f 2978 2979 2987
f 2978 2987 2986
f 2979 2980 2988
f 2979 2988 2987
f 2980 2981 2989
f 2980 2989 2988
f 2981 2982 2990
f 2981 2990 2989
f 2982 2983 2991
f 2982 2991 2990
f 2983 2984 2992
f 2983 2992 2991
f 2984 2977 2985
f 2984 2985 2992
f 2977 2979 2978
f 2985 2986 2987
f 2977 2980 2979
f 2985 2987 2988
f 2977 2981 2980
f 2985 2988 2989
f 2977 2982 2981
f 2985 2989 2990
f 2977 2983 2982
f 2985 2990 2991
f 2977 2984 2983
f 2985 2991 2992
f 2993 2994 3002
f 2993 3002 3001
f 2994 2995 3003
f 2994 3003 3002
f 2995 2996 3004
f 2995 3004 3003
f 2996 2997 3005
f 2996 3005 3004
f 2997 2998 3006
f 2997 3006 3005
f 2998 2999 3007
f 2998 3007 3006
f 2999 3000 3008
f 2999 3008 3007
f 3000 2993 3001
f 3000 3001 3008
f 2993 2995 2994
f 3001 3002 3003
f 2993 2996 2995
f 3001 3003 3004
f 2993 2997 2996
f 3001 3004 3005
f 2993 2998 2997
f 3001 3005 3006
f 2993 2999 2998
f 3001 3006 3007
f 2993 3000 2999
f 3001 3007 3008
f 3009 3010 3018
f 3009 3018 3017
f 3010 3011 3019
f 3010 3019 3018
f 3011 3012 3020
f 3011 3020 3019
f 3012 3013 3021
f 3012 3021 3020
f 3013 3014 3022
f 3013 3022 3021
f 3014 3015 3023
f 3014 3023 3022
f 3015 3016 3024
f 3015 3024 3023
f 3016 3009 3017
f 3016 3017 3024
f 3009 3011 3010
f 3017 3018 3019
f 3009 3012 3011
f 3017 3019 3020
f 3009 3013 3012
f 3017 3020 3021
f 3009 3014 3013
f 3017 3021 3022
f 3009 3015 3014
f 3017 3022 3023
f 3009 3016 3015
f 3017 3023 3024
f 3025 3026 3034
f 3025 3034 3033
f 3026 3027 3035
f 3026 3035 3034
f 3027 3028 3036
f 3027 3036 3035
f 3028 3029 3037
f 3028 3037 3036
f 3029 3030 3038
f 3029 3038 3037
f 3030 3031 3039
f 3030 3039 3038
f 3031 3032 3040
f 3031 3040 3039
f 3032 3025 3033
f 3032 3033 3040
f 3025 3027 3026
f 3033 3034 3035
f 3025 3028 3027
f 3033 3035 3036
f 3025 3029 3028
f 3033 3036 3037
f 3025 3030 3029
f 3033 3037 3038
f 3025 3031 3030
f 3033 3038 3039
f 3025 3032 3031
f 3033 3039 3040
f 3041 3042 3050
f 3041 3050 3049
f 3042 3043 3051
f 3042 3051 3050
f 3043 3044 3052
f 3043 3052 3051
f 3044 3045 3053
f 3044 3053 3052
f 3045 3046 3054
f 3045 3054 3053
f 3046 3047 3055
f 3046 3055 3054
f 3047 3048 3056
f 3047 3056 3055
f 3048 3041 3049
f 3048 3049 3056
f 3041 3043 3042
f 3049 3050 3051
f 3041 3044 3043
f 3049 3051 3052
f 3041 3045 3044
f 3049 3052 3053
f 3041 3046 3045
f 3049 3053 3054
f 3041 3047 3046
f 3049 3054 3055
f 3041 3048 3047
f 3049 3055 3056
f 3057 3058 3066
f 3057 3066 3065
f 3058 3059 3067
f 3058 3067 3066
f 3059 3060 3068
f 3059 3068 3067
f 3060 3061 3069
f 3060 3069 3068
f 3061 3062 3070
f 3061 3070 3069
f 3062 3063 3071
f 3062 3071 3070
f 3063 3064 3072
f 3063 3072 3071
f 3064 3057 3065
f 3064 3065 3072
f 3057 3059 3058
f 3065 3066 3067
f 3057 3060 3059
f 3065 3067 3068
f 3057 3061 3060
f 3065 3068 3069
f 3057 3062 3061
f 3065 3069 3070
f 3057 3063 3062
f 3065 3070 3071
f 3057 3064 3063
f 3065 3071 3072
f 3073 3074 3082
f 3073 3082 3081
f 3074 3075 3083
f 3074 3083 3082
f 3075 3076 3084
f 3075 3084 3083
f 3076 3077 3085
f 3076 3085 3084
f 3077 3078 3086
f 3077 3086 3085
f 3078 3079 3087
f 3078 3087 3086
f 3079 3080 3088
f 3079 3088 3087
f 3080 3073 3081
f 3080 3081 3088
f 3073 3075 3074
f 3081 3082 3083
f 3073 3076 3075
f 3081 3083 3084
f 3073 3077 3076
f 3081 3084 3085
f 3073 3078 3077
f 3081 3085 3086
f 3073 3079 3078
f 3081 3086 3087
f 3073 3080 3079
f 3081 3087 3088
f 3089 3090 3098
f 3089 3098 3097
f 3090 3091 3099
f 3090 3099 3098
f 3091 3092 3100
f 3091 3100 3099
f 3092 3093 3101
f 3092 3101 3100
f 3093 3094 3102
f 3093 3102 3101
f 3094 3095 3103
f 3094 3103 3102
f 3095 3096 3104
f 3095 3104 3103
f 3096 3089 3097
f 3096 3097 3104
f 3089 3091 3090
f 3097 3098 3099
f 3089 3092 3091
f 3097 3099 3100
f 3089 3093 3092
f 3097 3100 3101
f 3089 3094 3093
f 3097 3101 3102
f 3089 3095 3094
f 3097 3102 3103
f 3089 3096 3095
f 3097 3103 3104
f 3105 3106 3114
f 3105 3114 3113
f 3106 3107 3115
f 3106 3115 3114
f 3107 3108 3116
f 3107 3116 3115
f 3108 3109 3117
f 3108 3117 3116
f 3109 3110 3118
f 3109 3118 3117
f 3110 3111 3119
f 3110 3119 3118
f 3111 3112 3120
f 3111 3120 3119
f 3112 3105 3113
f 3112 3113 3120
f 3105 3107 3106
f 3113 3114 3115
f 3105 3108 3107
f 3113 3115 3116
f 3105 3109 3108
f 3113 3116 3117
f 3105 3110 3109
f 3113 3117 3118
f 3105 3111 3110
f 3113 3118 3119
f 3105 3112 3111
f 3113 3119 3120
f 3121 3122 3130
f 3121 3130 3129
f 3122 3123 3131
f 3122 3131 3130
f 3123 3124 3132
f 3123 3132 3131
f 3124 3125 3133
f 3124 3133 3132
f 3125 3126 3134
f 3125 3134 3133
f 3126 3127 3135
f 3126 3135 3134
f 3127 3128 3136
f 3127 3136 3135
f 3128 3121 3129
f 3128 3129 3136
f 3121 3123 3122
f 3129 3130 3131
f 3121 3124 3123
f 3129 3131 3132
f 3121 3125 3124
f 3129 3132 3133
f 3121 3126 3125
f 3129 3133 3134
f 3121 3127 3126
f 3129 3134 3135
f 3121 3128 3127
f 3129 3135 3136
f 3137 3138 3146
f 3137 3146 3145
f 3138 3139 3147
f 3138 3147 3146
f 3139 3140 3148
f 3139 3148 3147
f 3140 3141 3149
f 3140 3149 3148
f 3141 3142 3150
f 3141 3150 3149
f 3142 3143 3151
f 3142 3151 3150
f 3143 3144 3152
f 3143 3152 3151
f 3144 3137 3145
f 3144 3145 3152
f 3137 3139 3138
f 3145 3146 3147
f 3137 3140 3139
f 3145 3147 3148
f 3137 3141 3140
f 3145 3148 3149
f 3137 3142 3141
f 3145 3149 3150
f 3137 3143 3142
f 3145 3150 3151
f 3137 3144 3143
f 3145 3151 3152
f 3153 3154 3162
f 3153 3162 3161
f 3154 3155 3163
f 3154 3163 3162
f 3155 3156 3164
f 3155 3164 3163
f 3156 3157 3165
f 3156 3165 3164
f 3157 3158 3166
f 3157 3166 3165
f 3158 3159 3167
f 3158 3167 3166
f 3159 3160 3168
f 3159 3168 3167
f 3160 3153 3161
f 3160 3161 3168
f 3153 3155 3154
f 3161 3162 3163
f 3153 3156 3155
f 3161 3163 3164
f 3153 3157 3156
f 3161 3164 3165
f 3153 3158 3157
f 3161 3165 3166
f 3153 3159 3158
f 3161 3166 3167
f 3153 3160 3159
f 3161 3167 3168
f 3169 3170 3178
f 3169 3178 3177
f 3170 3171 3179
f 3170 3179 3178
f 3171 3172 3180
f 3171 3180 3179
f 3172 3173 3181
f 3172 3181 3180
f 3173 3174 3182
f 3173 3182 3181
f 3174 3175 3183
f 3174 3183 3182
f 3175 3176 3184
f 3175 3184 3183
f 3176 3169 3177
f 3176 3177 3184
f 3169 3171 3170
f 3177 3178 3179
f 3169 3172 3171
f 3177 3179 3180
f 3169 3173 3172
f 3177 3180 3181
f 3169 3174 3173
f 3177 3181 3182
f 3169 3175 3174
f 3177 3182 3183
f 3169 3176 3175
f 3177 3183 3184
f 3185 3186 3194
f 3185 3194 3193
f 3186 3187 3195
f 3186 3195 3194
f 3187 3188 3196
f 3187 3196 3195
f 3188 3189 3197
f 3188 3197 3196
f 3189 3190 3198
f 3189 3198 3197
f 3190 3191 3199
f 3190 3199 3198
f 3191 3192 3200
f 3191 3200 3199
f 3192 3185 3193
f 3192 3193 3200
f 3185 3187 3186
f 3193 3194 3195
f 3185 3188 3187
f 3193 3195 3196
f 3185 3189 3188
f 3193 3196 3197
f 3185 3190 3189
f 3193 3197 3198
f 3185 3191 3190
f 3193 3198 3199
f 3185 3192 3191
f 3193 3199 3200
f 3201 3202 3210
f 3201 3210 3209
f 3202 3203 3211
f 3202 3211 3210
f 3203 3204 3212
f 3203 3212 3211
f 3204 3205 3213
f 3204 3213 3212
f 3205 3206 3214
f 3205 3214 3213
f 3206 3207 3215
f 3206 3215 3214
f 3207 3208 3216
f 3207 3216 3215
f 3208 3201 3209
f 3208 3209 3216
f 3201 3203 3202
f 3209 3210 3211
f 3201 3204 3203
f 3209 3211 3212
f 3201 3205 3204
f 3209 3212 3213
f 3201 3206 3205
f 3209 3213 3214
f 3201 3207 3206
f 3209 3214 3215
f 3201 3208 3207
f 3209 3215 3216
f 3217 3218 3226
f 3217 3226 3225
f 3218 3219 3227
f 3218 3227 3226
f 3219 3220 3228
f 3219 3228 3227
f 3220 3221 3229
f 3220 3229 3228
f 3221 3222 3230
f 3221 3230 3229
f 3222 3223 3231
f 3222 3231 3230
f 3223 3224 3232
f 3223 3232 3231
f 3224 3217 3225
f 3224 3225 3232
f 3217 3219 3218
f 3225 3226 3227
f 3217 3220 3219
f 3225 3227 3228
f 3217 3221 3220
f 3225 3228 3229
f 3217 3222 3221
f 3225 3229 3230
f 3217 3223 3222
f 3225 3230 3231
f 3217 3224 3223
f 3225 3231 3232
f 3233 3234 3242
f 3233 3242 3241
f 3234 3235 3243
f 3234 3243 3242
f 3235 3236 3244
f 3235 3244 3243
f 3236 3237 3245
f 3236 3245 3244
f 3237 3238 3246
f 3237 3246 3245
f 3238 3239 3247
f 3238 3247 3246
f 3239 3240 3248
f 3239 3248 3247
f 3240 3233 3241
f 3240 3241 3248
f 3233 3235 3234
f 3241 3242 3243
f 3233 3236 3235
f 3241 3243 3244
f 3233 3237 3236
f 3241 3244 3245
f 3233 3238 3237
f 3241 3245 3246
f 3233 3239 3238
f 3241 3246 3247
f 3233 3240 3239
f 3241 3247 3248
f 3249 3250 3258
f 3249 3258 3257
f 3250 3251 3259
f 3250 3259 3258
f 3251 3252 3260
f 3251 3260 3259
f 3252 3253 3261
f 3252 3261 3260
f 3253 3254 3262
f 3253 3262 3261
f 3254 3255 3263
f 3254 3263 3262
f 3255 3256 3264
f 3255 3264 3263
f 3256 3249 3257
f 3256 3257 3264
f 3249 3251 3250
f 3257 3258 3259
f 3249 3252 3251
f 3257 3259 3260
f 3249 3253 3252
f 3257 3260 3261
f 3249 3254 3253
f 3257 3261 3262
f 3249 3255 3254
f 3257 3262 3263
f 3249 3256 3255
f 3257 3263 3264
f 3265 3266 3274
f 3265 3274 3273
f 3266 3267 3275
f 3266 3275 3274
f 3267 3268 3276
f 3267 3276 3275
f 3268 3269 3277
f 3268 3277 3276
f 3269 3270 3278
f 3269 3278 3277
f 3270 3271 3279
f 3270 3279 3278
f 3271 3272 3280
f 3271 3280 3279
f 3272 3265 3273
f 3272 3273 3280
f 3265 3267 3266
f 3273 3274 3275
f 3265 3268 3267
f 3273 3275 3276
f 3265 3269 3268
f 3273 3276 3277
f 3265 3270 3269
f 3273 3277 3278
f 3265 3271 3270
f 3273 3278 3279
f 3265 3272 3271
f 3273 3279 3280
f 3281 3282 3290
f 3281 3290 3289
f 3282 3283 3291
f 3282 3291 3290
f 3283 3284 3292
f 3283 3292 3291
f 3284 3285 3293
f 3284 3293 3292
f 3285 3286 3294
f 3285 3294 3293
f 3286 3287 3295
f 3286 3295 3294
f 3287 3288 3296
f 3287 3296 3295
f 3288 3281 3289
f 3288 3289 3296
f 3281 3283 3282
f 3289 3290 3291
f 3281 3284 3283
f 3289 3291 3292
f 3281 3285 3284
f 3289 3292 3293
f 3281 3286 3285
f 3289 3293 3294
f 3281 3287 3286
f 3289 3294 3295
f 3281 3288 3287
f 3289 3295 3296
f 3297 3298 3306
f 3297 3306 3305
f 3298 3299 3307
f 3298 3307 3306
f 3299 3300 3308
f 3299 3308 3307
f 3300 3301 3309
f 3300 3309 3308
f 3301 3302 3310
f 3301 3310 3309
f 3302 3303 3311
f 3302 3311 3310
f 3303 3304 3312
f 3303 3312 3311
f 3304 3297 3305
f 3304 3305 3312
f 3297 3299 3298
f 3305 3306 3307
f 3297 3300 3299
f 3305 3307 3308
f 3297 3301 3300
f 3305 3308 3309
f 3297 3302 3301
f 3305 3309 3310
f 3297 3303 3302
f 3305 3310 3311
f 3297 3304 3303
f 3305 3311 3312
f 3313 3314 3322
f 3313 3322 3321
f 3314 3315 3323
f 3314 3323 3322
f 3315 3316 3324
f 3315 3324 3323
f 3316 3317 3325
f 3316 3325 3324
f 3317 3318 3326
f 3317 3326 3325
f 3318 3319 3327
f 3318 3327 3326
f 3319 3320 3328
f 3319 3328 3327
f 3320 3313 3321
f 3320 3321 3328
f 3313 3315 3314
f 3321 3322 3323
f 3313 3316 3315
f 3321 3323 3324
f 3313 3317 3316
f 3321 3324 3325
f 3313 3318 3317
f 3321 3325 3326
f 3313 3319 3318
f 3321 3326 3327
f 3313 3320 3319
f 3321 3327 3328
f 3329 3330 3338
f 3329 3338 3337
f 3330 3331 3339
f 3330 3339 3338
f 3331 3332 3340
f 3331 3340 3339
f 3332 3333 3341
f 3332 3341 3340
f 3333 3334 3342
f 3333 3342 3341
f 3334 3335 3343
f 3334 3343 3342
f 3335 3336 3344
f 3335 3344 3343
f 3336 3329 3337
f 3336 3337 3344
f 3329 3331 3330
f 3337 3338 3339
f 3329 3332 3331
f 3337 3339 3340
f 3329 3333 3332
f 3337 3340 3341
f 3329 3334 3333
f 3337 3341 3342
f 3329 3335 3334
f 3337 3342 3343
f 3329 3336 3335
f 3337 3343 3344
f 3345 3346 3354
f 3345 3354 3353
f 3346 3347 3355
f 3346 3355 3354
f 3347 3348 3356
f 3347 3356 3355
f 3348 3349 3357
f 3348 3357 3356
f 3349 3350 3358
f 3349 3358 3357
f 3350 3351 3359
f 3350 3359 3358
f 3351 3352 3360
f 3351 3360 3359
f 3352 3345 3353
f 3352 3353 3360
f 3345 3347 3346
f 3353 3354 3355
f 3345 3348 3347
f 3353 3355 3356
f 3345 3349 3348
f 3353 3356 3357
f 3345 3350 3349
f 3353 3357 3358
f 3345 3351 3350
f 3353 3358 3359
f 3345 3352 3351
f 3353 3359 3360
f 3361 3362 3370
f 3361 3370 3369
f 3362 3363 3371
f 3362 3371 3370
f 3363 3364 3372
f 3363 3372 3371
f 3364 3365 3373
f 3364 3373 3372
f 3365 3366 3374
f 3365 3374 3373
f 3366 3367 3375
f 3366 3375 3374
f 3367 3368 3376
f 3367 3376 3375
f 3368 3361 3369
f 3368 3369 3376
f 3361 3363 3362
f 3369 3370 3371
f 3361 3364 3363
f 3369 3371 3372
f 3361 3365 3364
f 3369 3372 3373
f 3361 3366 3365
f 3369 3373 3374
f 3361 3367 3366
f 3369 3374 3375
f 3361 3368 3367
f 3369 3375 3376
f 3377 3378 3386
f 3377 3386 3385
f 3378 3379 3387
f 3378 3387 3386
f 3379 3380 3388
f 3379 3388 3387
f 3380 3381 3389
f 3380 3389 3388
f 3381 3382 3390
f 3381 3390 3389
f 3382 3383 3391
f 3382 3391 3390
f 3383 3384 3392
f 3383 3392 3391
f 3384 3377 3385
f 3384 3385 3392
f 3377 3379 3378
f 3385 3386 3387
f 3377 3380 3379
f 3385 3387 3388
f 3377 3381 3380
f 3385 3388 3389
f 3377 3382 3381
f 3385 3389 3390
f 3377 3383 3382
f 3385 3390 3391
f 3377 3384 3383
f 3385 3391 3392
f 3393 3394 3402
f 3393 3402 3401
f 3394 3395 3403
f 3394 3403 3402
f 3395 3396 3404
f 3395 3404 3403
f 3396 3397 3405
f 3396 3405 3404
f 3397 3398 3406
f 3397 3406 3405
f 3398 3399 3407
f 3398 3407 3406
f 3399 3400 3408
f 3399 3408 3407
f 3400 3393 3401
f 3400 3401 3408
f 3393 3395 3394
f 3401 3402 3403
f 3393 3396 3395
f 3401 3403 3404
f 3393 3397 3396
f 3401 3404 3405
f 3393 3398 3397
f 3401 3405 3406
f 3393 3399 3398
f 3401 3406 3407
f 3393 3400 3399
f 3401 3407 3408
f 3409 3410 3418
f 3409 3418 3417
f 3410 3411 3419
f 3410 3419 3418
f 3411 3412 3420
f 3411 3420 3419
f 3412 3413 3421
f 3412 3421 3420
f 3413 3414 3422
f 3413 3422 3421
f 3414 3415 3423
f 3414 3423 3422
f 3415 3416 3424
f 3415 3424 3423
f 3416 3409 3417
f 3416 3417 3424
f 3409 3411 3410
f 3417 3418 3419
f 3409 3412 3411
f 3417 3419 3420
f 3409 3413 3412
f 3417 3420 3421
f 3409 3414 3413
f 3417 3421 3422
f 3409 3415 3414
f 3417 3422 3423
f 3409 3416 3415
f 3417 3423 3424
f 3425 3426 3434
f 3425 3434 3433
f 3426 3427 3435
f 3426 3435 3434
f 3427 3428 3436
f 3427 3436 3435
f 3428 3429 3437
f 3428 3437 3436
f 3429 3430 3438
f 3429 3438 3437
f 3430 3431 3439
f 3430 3439 3438
f 3431 3432 3440
f 3431 3440 3439
f 3432 3425 3433
f 3432 3433 3440
f 3425 3427 3426
f 3433 3434 3435
f 3425 3428 3427
f 3433 3435 3436
f 3425 3429 3428
f 3433 3436 3437
f 3425 3430 3429
f 3433 3437 3438
f 3425 3431 3430
f 3433 3438 3439
f 3425 3432 3431
f 3433 3439 3440
f 3441 3442 3450
f 3441 3450 3449
f 3442 3443 3451
f 3442 3451 3450
f 3443 3444 3452
f 3443 3452 3451
f 3444 3445 3453
f 3444 3453 3452
f 3445 3446 3454
f 3445 3454 3453
f 3446 3447 3455
f 3446 3455 3454
f 3447 3448 3456
f 3447 3456 3455
f 3448 3441 3449
f 3448 3449 3456
f 3441 3443 3442
f 3449 3450 3451
f 3441 3444 3443
f 3449 3451 3452
f 3441 3445 3444
f 3449 3452 3453
f 3441 3446 3445
f 3449 3453 3454
f 3441 3447 3446
f 3449 3454 3455
f 3441 3448 3447
f 3449 3455 3456
f 3457 3458 3466
f 3457 3466 3465
f 3458 3459 3467
f 3458 3467 3466
f 3459 3460 3468
f 3459 3468 3467
f 3460 3461 3469
f 3460 3469 3468
f 3461 3462 3470
f 3461 3470 3469
f 3462 3463 3471
f 3462 3471 3470
f 3463 3464 3472
f 3463 3472 3471
f 3464 3457 3465
f 3464 3465 3472
f 3457 3459 3458
f 3465 3466 3467
f 3457 3460 3459
f 3465 3467 3468
f 3457 3461 3460
f 3465 3468 3469
f 3457 3462 3461
f 3465 3469 3470
f 3457 3463 3462
f 3465 3470 3471
f 3457 3464 3463
f 3465 3471 3472
f 3473 3474 3482
f 3473 3482 3481
f 3474 3475 3483
f 3474 3483 3482
f 3475 3476 3484
f 3475 3484 3483
f 3476 3477 3485
f 3476 3485 3484
f 3477 3478 3486
f 3477 3486 3485
f 3478 3479 3487
f 3478 3487 3486
f 3479 3480 3488
f 3479 3488 3487
f 3480 3473 3481
f 3480 3481 3488
f 3473 3475 3474
f 3481 3482 3483
f 3473 3476 3475
f 3481 3483 3484
f 3473 3477 3476
f 3481 3484 3485
f 3473 3478 3477
f 3481 3485 3486
f 3473 3479 3478
f 3481 3486 3487
f 3473 3480 3479
f 3481 3487 3488
f 3489 3490 3498
f 3489 3498 3497
f 3490 3491 3499
f 3490 3499 3498
f 3491 3492 3500
f 3491 3500 3499
f 3492 3493 3501
f 3492 3501 3500
f 3493 3494 3502
f 3493 3502 3501
f 3494 3495 3503
f 3494 3503 3502
f 3495 3496 3504
f 3495 3504 3503
f 3496 3489 3497
f 3496 3497 3504
f 3489 3491 3490
f 3497 3498 3499
f 3489 3492 3491
f 3497 3499 3500
f 3489 3493 3492
f 3497 3500 3501
f 3489 3494 3493
f 3497 3501 3502
f 3489 3495 3494
f 3497 3502 3503
f 3489 3496 3495
f 3497 3503 3504
f 3505 3506 3514
f 3505 3514 3513
f 3506 3507 3515
f 3506 3515 3514
f 3507 3508 3516
f 3507 3516 3515
f 3508 3509 3517
f 3508 3517 3516
f 3509 3510 3518
f 3509 3518 3517
f 3510 3511 3519
f 3510 3519 3518
f 3511 3512 3520
f 3511 3520 3519
f 3512 3505 3513
f 3512 3513 3520
f 3505 3507 3506
f 3513 3514 3515
f 3505 3508 3507
f 3513 3515 3516
f 3505 3509 3508
f 3513 3516 3517
f 3505 3510 3509
f 3513 3517 3518
f 3505 3511 3510
f 3513 3518 3519
f 3505 3512 3511
f 3513 3519 3520
f 3521 3522 3530
f 3521 3530 3529
f 3522 3523 3531
f 3522 3531 3530
f 3523 3524 3532
f 3523 3532 3531
f 3524 3525 3533
f 3524 3533 3532
f 3525 3526 3534
f 3525 3534 3533
f 3526 3527 3535
f 3526 3535 3534
f 3527 3528 3536
f 3527 3536 3535
f 3528 3521 3529
f 3528 3529 3536
f 3521 3523 3522
f 3529 3530 3531
f 3521 3524 3523
f 3529 3531 3532
f 3521 3525 3524
f 3529 3532 3533
f 3521 3526 3525
f 3529 3533 3534
f 3521 3527 3526
f 3529 3534 3535
f 3521 3528 3527
f 3529 3535 3536
f 3537 3538 3546
f 3537 3546 3545
f 3538 3539 3547
f 3538 3547 3546
f 3539 3540 3548
f 3539 3548 3547
f 3540 3541 3549
f 3540 3549 3548
f 3541 3542 3550
f 3541 3550 3549
f 3542 3543 3551
f 3542 3551 3550
f 3543 3544 3552
f 3543 3552 3551
f 3544 3537 3545
f 3544 3545 3552
f 3537 3539 3538
f 3545 3546 3547
f 3537 3540 3539
f 3545 3547 3548
f 3537 3541 3540
f 3545 3548 3549
f 3537 3542 3541
f 3545 3549 3550
f 3537 3543 3542
f 3545 3550 3551
f 3537 3544 3543
f 3545 3551 3552
f 3553 3554 3562
f 3553 3562 3561
f 3554 3555 3563
f 3554 3563 3562
f 3555 3556 3564
f 3555 3564 3563
f 3556 3557 3565
f 3556 3565 3564
f 3557 3558 3566
f 3557 3566 3565
f 3558 3559 3567
f 3558 3567 3566
f 3559 3560 3568
f 3559 3568 3567
f 3560 3553 3561
f 3560 3561 3568
f 3553 3555 3554
f 3561 3562 3563
f 3553 3556 3555
f 3561 3563 3564
f 3553 3557 3556
f 3561 3564 3565
f 3553 3558 3557
f 3561 3565 3566
f 3553 3559 3558
f 3561 3566 3567
f 3553 3560 3559
f 3561 3567 3568
f 3569 3570 3578
f 3569 3578 3577
f 3570 3571 3579
f 3570 3579 3578
f 3571 3572 3580
f 3571 3580 3579
f 3572 3573 3581
f 3572 3581 3580
f 3573 3574 3582
f 3573 3582 3581
f 3574 3575 3583
f 3574 3583 3582
f 3575 3576 3584
f 3575 3584 3583
f 3576 3569 3577
f 3576 3577 3584
f 3569 3571 3570
f 3577 3578 3579
f 3569 3572 3571
f 3577 3579 3580
f 3569 3573 3572
f 3577 3580 3581
f 3569 3574 3573
f 3577 3581 3582
f 3569 3575 3574
f 3577 3582 3583
f 3569 3576 3575
f 3577 3583 3584
f 3585 3586 3594
f 3585 3594 3593
f 3586 3587 3595
f 3586 3595 3594
f 3587 3588 3596
f 3587 3596 3595
f 3588 3589 3597
f 3588 3597 3596
f 3589 3590 3598
f 3589 3598 3597
f 3590 3591 3599
f 3590 3599 3598
f 3591 3592 3600
f 3591 3600 3599
f 3592 3585 3593
f 3592 3593 3600
f 3585 3587 3586
f 3593 3594 3595
f 3585 3588 3587
f 3593 3595 3596
f 3585 3589 3588
f 3593 3596 3597
f 3585 3590 3589
f 3593 3597 3598
f 3585 3591 3590
f 3593 3598 3599
f 3585 3592 3591
f 3593 3599 3600
f 3601 3602 3610
f 3601 3610 3609
f 3602 3603 3611
f 3602 3611 3610
f 3603 3604 3612
f 3603 3612 3611
f 3604 3605 3613
f 3604 3613 3612
f 3605 3606 3614
f 3605 3614 3613
f 3606 3607 3615
f 3606 3615 3614
f 3607 3608 3616
f 3607 3616 3615
f 3608 3601 3609
f 3608 3609 3616
f 3601 3603 3602
f 3609 3610 3611
f 3601 3604 3603
f 3609 3611 3612
f 3601 3605 3604
f 3609 3612 3613
f 3601 3606 3605
f 3609 3613 3614
f 3601 3607 3606
f 3609 3614 3615
f 3601 3608 3607
f 3609 3615 3616
f 3617 3618 3626
f 3617 3626 3625
f 3618 3619 3627
f 3618 3627 3626
f 3619 3620 3628
f 3619 3628 3627
f 3620 3621 3629
f 3620 3629 3628
f 3621 3622 3630
f 3621 3630 3629
f 3622 3623 3631
f 3622 3631 3630
f 3623 3624 3632
f 3623 3632 3631
f 3624 3617 3625
f 3624 3625 3632
f 3617 3619 3618
f 3625 3626 3627
f 3617 3620 3619
f 3625 3627 3628
f 3617 3621 3620
f 3625 3628 3629
f 3617 3622 3621
f 3625 3629 3630
f 3617 3623 3622
f 3625 3630 3631
f 3617 3624 3623
f 3625 3631 3632
f 3633 3634 3642
f 3633 3642 3641
f 3634 3635 3643
f 3634 3643 3642
f 3635 3636 3644
f 3635 3644 3643
f 3636 3637 3645
f 3636 3645 3644
f 3637 3638 3646
f 3637 3646 3645
f 3638 3639 3647
f 3638 3647 3646
f 3639 3640 3648
f 3639 3648 3647
f 3640 3633 3641
f 3640 3641 3648
f 3633 3635 3634
f 3641 3642 3643
f 3633 3636 3635
f 3641 3643 3644
f 3633 3637 3636
f 3641 3644 3645
f 3633 3638 3637
f 3641 3645 3646
f 3633 3639 3638
f 3641 3646 3647
f 3633 3640 3639
f 3641 3647 3648
f 3649 3650 3658
f 3649 3658 3657
f 3650 3651 3659
f 3650 3659 3658
f 3651 3652 3660
f 3651 3660 3659
f 3652 3653 3661
f 3652 3661 3660
f 3653 3654 3662
f 3653 3662 3661
f 3654 3655 3663
f 3654 3663 3662
f 3655 3656 3664
f 3655 3664 3663
f 3656 3649 3657
f 3656 3657 3664
f 3649 3651 3650
f 3657 3658 3659
f 3649 3652 3651
f 3657 3659 3660
f 3649 3653 3652
f 3657 3660 3661
f 3649 3654 3653
f 3657 3661 3662
f 3649 3655 3654
f 3657 3662 3663
f 3649 3656 3655
f 3657 3663 3664
f 3665 3666 3674
f 3665 3674 3673
f 3666 3667 3675
f 3666 3675 3674
f 3667 3668 3676
f 3667 3676 3675
f 3668 3669 3677
f 3668 3677 3676
f 3669 3670 3678
f 3669 3678 3677
f 3670 3671 3679
f 3670 3679 3678
f 3671 3672 3680
f 3671 3680 3679
f 3672 3665 3673
f 3672 3673 3680
f 3665 3667 3666
f 3673 3674 3675
f 3665 3668 3667
f 3673 3675 3676
f 3665 3669 3668
f 3673 3676 3677
f 3665 3670 3669
f 3673 3677 3678
f 3665 3671 3670
f 3673 3678 3679
f 3665 3672 3671
f 3673 3679 3680
f 3681 3682 3690
f 3681 3690 3689
f 3682 3683 3691
f 3682 3691 3690
f 3683 3684 3692
f 3683 3692 3691
f 3684 3685 3693
f 3684 3693 3692
f 3685 3686 3694
f 3685 3694 3693
f 3686 3687 3695
f 3686 3695 3694
f 3687 3688 3696
f 3687 3696 3695
f 3688 3681 3689
f 3688 3689 3696
f 3681 3683 3682
f 3689 3690 3691
f 3681 3684 3683
f 3689 3691 3692
f 3681 3685 3684
f 3689 3692 3693
f 3681 3686 3685
f 3689 3693 3694
f 3681 3687 3686
f 3689 3694 3695
f 3681 3688 3687
f 3689 3695 3696
f 3697 3698 3706
f 3697 3706 3705
f 3698 3699 3707
f 3698 3707 3706
f 3699 3700 3708
f 3699 3708 3707
f 3700 3701 3709
f 3700 3709 3708
f 3701 3702 3710
f 3701 3710 3709
f 3702 3703 3711
f 3702 3711 3710
f 3703 3704 3712
f 3703 3712 3711
f 3704 3697 3705
f 3704 3705 3712
f 3697 3699 3698
f 3705 3706 3707
f 3697 3700 3699
f 3705 3707 3708
f 3697 3701 3700
f 3705 3708 3709
f 3697 3702 3701
f 3705 3709 3710
f 3697 3703 3702
f 3705 3710 3711
f 3697 3704 3703
f 3705 3711 3712
f 3713 3714 3722
f 3713 3722 3721
f 3714 3715 3723
f 3714 3723 3722
f 3715 3716 3724
f 3715 3724 3723
f 3716 3717 3725
f 3716 3725 3724
f 3717 3718 3726
f 3717 3726 3725
f 3718 3719 3727
f 3718 3727 3726
f 3719 3720 3728
f 3719 3728 3727
f 3720 3713 3721
f 3720 3721 3728
f 3713 3715 3714
f 3721 3722 3723
f 3713 3716 3715
f 3721 3723 3724
f 3713 3717 3716
f 3721 3724 3725
f 3713 3718 3717
f 3721 3725 3726
f 3713 3719 3718
f 3721 3726 3727
f 3713 3720 3719
f 3721 3727 3728
f 3729 3730 3738
f 3729 3738 3737
f 3730 3731 3739
f 3730 3739 3738
f 3731 3732 3740
f 3731 3740 3739
f 3732 3733 3741
f 3732 3741 3740
f 3733 3734 3742
f 3733 3742 3741
f 3734 3735 3743
f 3734 3743 3742
f 3735 3736 3744
f 3735 3744 3743
f 3736 3729 3737
f 3736 3737 3744
f 3729 3731 3730
f 3737 3738 3739
f 3729 3732 3731
f 3737 3739 3740
f 3729 3733 3732
f 3737 3740 3741
f 3729 3734 3733
f 3737 3741 3742
f 3729 3735 3734
f 3737 3742 3743
f 3729 3736 3735
f 3737 3743 3744
f 3745 3746 3754
f 3745 3754 3753
f 3746 3747 3755
f 3746 3755 3754
f 3747 3748 3756
f 3747 3756 3755
f 3748 3749 3757
f 3748 3757 3756
f 3749 3750 3758
f 3749 3758 3757
f 3750 3751 3759
f 3750 3759 3758
f 3751 3752 3760
f 3751 3760 3759
f 3752 3745 3753
f 3752 3753 3760
f 3745 3747 3746
f 3753 3754 3755
f 3745 3748 3747
f 3753 3755 3756
f 3745 3749 3748
f 3753 3756 3757
f 3745 3750 3749
f 3753 3757 3758
f 3745 3751 3750
f 3753 3758 3759
f 3745 3752 3751
f 3753 3759 3760
f 3761 3762 3770
f 3761 3770 3769
f 3762 3763 3771
f 3762 3771 3770
f 3763 3764 3772
f 3763 3772 3771
f 3764 3765 3773
f 3764 3773 3772
f 3765 3766 3774
f 3765 3774 3773
f 3766 3767 3775
f 3766 3775 3774
f 3767 3768 3776
f 3767 3776 3775
f 3768 3761 3769
f 3768 3769 3776
f 3761 3763 3762
f 3769 3770 3771
f 3761 3764 3763
f 3769 3771 3772
f 3761 3765 3764
f 3769 3772 3773
f 3761 3766 3765
f 3769 3773 3774
f 3761 3767 3766
f 3769 3774 3775
f 3761 3768 3767
f 3769 3775 3776
f 3777 3778 3786
f 3777 3786 3785
f 3778 3779 3787
f 3778 3787 3786
f 3779 3780 3788
f 3779 3788 3787
f 3780 3781 3789
f 3780 3789 3788
f 3781 3782 3790
f 3781 3790 3789
f 3782 3783 3791
f 3782 3791 3790
f 3783 3784 3792
f 3783 3792 3791
f 3784 3777 3785
f 3784 3785 3792
f 3777 3779 3778
f 3785 3786 3787
f 3777 3780 3779
f 3785 3787 3788
f 3777 3781 3780
f 3785 3788 3789
f 3777 3782 3781
f 3785 3789 3790
f 3777 3783 3782
f 3785 3790 3791
f 3777 3784 3783
f 3785 3791 3792
f 3793 3794 3802
f 3793 3802 3801
f 3794 3795 3803
f 3794 3803 3802
f 3795 3796 3804
f 3795 3804 3803
f 3796 3797 3805
f 3796 3805 3804
f 3797 3798 3806
f 3797 3806 3805
f 3798 3799 3807
f 3798 3807 3806
f 3799 3800 3808
f 3799 3808 3807
f 3800 3793 3801
f 3800 3801 3808
f 3793 3795 3794
f 3801 3802 3803
f 3793 3796 3795
f 3801 3803 3804
f 3793 3797 3796
f 3801 3804 3805
f 3793 3798 3797
f 3801 3805 3806
f 3793 3799 3798
f 3801 3806 3807
f 3793 3800 3799
f 3801 3807 3808
f 3809 3810 3818
f 3809 3818 3817
f 3810 3811 3819
f 3810 3819 3818
f 3811 3812 3820
f 3811 3820 3819
f 3812 3813 3821
f 3812 3821 3820
f 3813 3814 3822
f 3813 3822 3821
f 3814 3815 3823
f 3814 3823 3822
f 3815 3816 3824
f 3815 3824 3823
f 3816 3809 3817
f 3816 3817 3824
f 3809 3811 3810
f 3817 3818 3819
f 3809 3812 3811
f 3817 3819 3820
f 3809 3813 3812
f 3817 3820 3821
f 3809 3814 3813
f 3817 3821 3822
f 3809 3815 3814
f 3817 3822 3823
f 3809 3816 3815
f 3817 3823 3824
f 3825 3826 3834
f 3825 3834 3833
f 3826 3827 3835
f 3826 3835 3834
f 3827 3828 3836
f 3827 3836 3835
f 3828 3829 3837
f 3828 3837 3836
f 3829 3830 3838
f 3829 3838 3837
f 3830 3831 3839
f 3830 3839 3838
f 3831 3832 3840
f 3831 3840 3839
f 3832 3825 3833
f 3832 3833 3840
f 3825 3827 3826
f 3833 3834 3835
f 3825 3828 3827
f 3833 3835 3836
f 3825 3829 3828
f 3833 3836 3837
f 3825 3830 3829
f 3833 3837 3838
f 3825 3831 3830
f 3833 3838 3839
f 3825 3832 3831
f 3833 3839 3840
f 3841 3842 3850
f 3841 3850 3849
f 3842 3843 3851
f 3842 3851 3850
f 3843 3844 3852
f 3843 3852 3851
f 3844 3845 3853
f 3844 3853 3852
f 3845 3846 3854
f 3845 3854 3853
f 3846 3847 3855
f 3846 3855 3854
f 3847 3848 3856
f 3847 3856 3855
f 3848 3841 3849
f 3848 3849 3856
f 3841 3843 3842
f 3849 3850 3851
f 3841 3844 3843
f 3849 3851 3852
f 3841 3845 3844
f 3849 3852 3853
f 3841 3846 3845
f 3849 3853 3854
f 3841 3847 3846
f 3849 3854 3855
f 3841 3848 3847
f 3849 3855 3856
f 3857 3858 3866
f 3857 3866 3865
f 3858 3859 3867
f 3858 3867 3866
f 3859 3860 3868
f 3859 3868 3867
f 3860 3861 3869
f 3860 3869 3868
f 3861 3862 3870
f 3861 3870 3869
f 3862 3863 3871
f 3862 3871 3870
f 3863 3864 3872
f 3863 3872 3871
f 3864 3857 3865
f 3864 3865 3872
f 3857 3859 3858
f 3865 3866 3867
f 3857 3860 3859
f 3865 3867 3868
f 3857 3861 3860
f 3865 3868 3869
f 3857 3862 3861
f 3865 3869 3870
f 3857 3863 3862
f 3865 3870 3871
f 3857 3864 3863
f 3865 3871 3872
f 3873 3874 3882
f 3873 3882 3881
f 3874 3875 3883
f 3874 3883 3882
f 3875 3876 3884
f 3875 3884 3883
f 3876 3877 3885
f 3876 3885 3884
f 3877 3878 3886
f 3877 3886 3885
f 3878 3879 3887
f 3878 3887 3886
f 3879 3880 3888
f 3879 3888 3887
f 3880 3873 3881
f 3880 3881 3888
f 3873 3875 3874
f 3881 3882 3883
f 3873 3876 3875
f 3881 3883 3884
f 3873 3877 3876
f 3881 3884 3885
f 3873 3878 3877
f 3881 3885 3886
f 3873 3879 3878
f 3881 3886 3887
f 3873 3880 3879
f 3881 3887 3888
f 3889 3890 3898
f 3889 3898 3897
f 3890 3891 3899
f 3890 3899 3898
f 3891 3892 3900
f 3891 3900 3899
f 3892 3893 3901
f 3892 3901 3900
f 3893 3894 3902
f 3893 3902 3901
f 3894 3895 3903
f 3894 3903 3902
f 3895 3896 3904
f 3895 3904 3903
f 3896 3889 3897
f 3896 3897 3904
f 3889 3891 3890
f 3897 3898 3899
f 3889 3892 3891
f 3897 3899 3900
f 3889 3893 3892
f 3897 3900 3901
f 3889 3894 3893
f 3897 3901 3902
f 3889 3895 3894
f 3897 3902 3903
f 3889 3896 3895
f 3897 3903 3904
f 3905 3906 3914
f 3905 3914 3913
f 3906 3907 3915
f 3906 3915 3914
f 3907 3908 3916
f 3907 3916 3915
f 3908 3909 3917
f 3908 3917 3916
f 3909 3910 3918
f 3909 3918 3917
f 3910 3911 3919
f 3910 3919 3918
f 3911 3912 3920
f 3911 3920 3919
f 3912 3905 3913
f 3912 3913 3920
f 3905 3907 3906
f 3913 3914 3915
f 3905 3908 3907
f 3913 3915 3916
f 3905 3909 3908
f 3913 3916 3917
f 3905 3910 3909
f 3913 3917 3918
f 3905 3911 3910
f 3913 3918 3919
f 3905 3912 3911
f 3913 3919 3920
f 3921 3922 3930
f 3921 3930 3929
f 3922 3923 3931
f 3922 3931 3930
f 3923 3924 3932
f 3923 3932 3931
f 3924 3925 3933
f 3924 3933 3932
f 3925 3926 3934
f 3925 3934 3933
f 3926 3927 3935
f 3926 3935 3934
f 3927 3928 3936
f 3927 3936 3935
f 3928 3921 3929
f 3928 3929 3936
f 3921 3923 3922
f 3929 3930 3931
f 3921 3924 3923
f 3929 3931 3932
f 3921 3925 3924
f 3929 3932 3933
f 3921 3926 3925
f 3929 3933 3934
f 3921 3927 3926
f 3929 3934 3935
f 3921 3928 3927
f 3929 3935 3936
f 3937 3938 3946
f 3937 3946 3945
f 3938 3939 3947
f 3938 3947 3946
f 3939 3940 3948
f 3939 3948 3947
f 3940 3941 3949
f 3940 3949 3948
f 3941 3942 3950
f 3941 3950 3949
f 3942 3943 3951
f 3942 3951 3950
f 3943 3944 3952
f 3943 3952 3951
f 3944 3937 3945
f 3944 3945 3952
f 3937 3939 3938
f 3945 3946 3947
f 3937 3940 3939
f 3945 3947 3948
f 3937 3941 3940
f 3945 3948 3949
f 3937 3942 3941
f 3945 3949 3950
f 3937 3943 3942
f 3945 3950 3951
f 3937 3944 3943
f 3945 3951 3952
f 3953 3954 3962
f 3953 3962 3961
f 3954 3955 3963
f 3954 3963 3962
f 3955 3956 3964
f 3955 3964 3963
f 3956 3957 3965
f 3956 3965 3964
f 3957 3958 3966
f 3957 3966 3965
f 3958 3959 3967
f 3958 3967 3966
f 3959 3960 3968
f 3959 3968 3967
f 3960 3953 3961
f 3960 3961 3968
f 3953 3955 3954
f 3961 3962 3963
f 3953 3956 3955
f 3961 3963 3964
f 3953 3957 3956
f 3961 3964 3965
f 3953 3958 3957
f 3961 3965 3966
f 3953 3959 3958
f 3961 3966 3967
f 3953 3960 3959
f 3961 3967 3968
f 3969 3970 3978
f 3969 3978 3977
f 3970 3971 3979
f 3970 3979 3978
f 3971 3972 3980
f 3971 3980 3979
f 3972 3973 3981
f 3972 3981 3980
f 3973 3974 3982
f 3973 3982 3981
f 3974 3975 3983
f 3974 3983 3982
f 3975 3976 3984
f 3975 3984 3983
f 3976 3969 3977
f 3976 3977 3984
f 3969 3971 3970
f 3977 3978 3979
f 3969 3972 3971
f 3977 3979 3980
f 3969 3973 3972
f 3977 3980 3981
f 3969 3974 3973
f 3977 3981 3982
f 3969 3975 3974
f 3977 3982 3983
f 3969 3976 3975
f 3977 3983 3984
f 3985 3986 3994
f 3985 3994 3993
f 3986 3987 3995
f 3986 3995 3994
f 3987 3988 3996
f 3987 3996 3995
f 3988 3989 3997
f 3988 3997 3996
f 3989 3990 3998
f 3989 3998 3997
f 3990 3991 3999
f 3990 3999 3998
f 3991 3992 4000
f 3991 4000 3999
f 3992 3985 3993
f 3992 3993 4000
f 3985 3987 3986
f 3993 3994 3995
f 3985 3988 3987
f 3993 3995 3996
f 3985 3989 3988
f 3993 3996 3997
f 3985 3990 3989
f 3993 3997 3998
f 3985 3991 3990
f 3993 3998 3999
f 3985 3992 3991
f 3993 3999 4000
f 4001 4002 4010
f 4001 4010 4009
f 4002 4003 4011
f 4002 4011 4010
f 4003 4004 4012
f 4003 4012 4011
f 4004 4005 4013
f 4004 4013 4012
f 4005 4006 4014
f 4005 4014 4013
f 4006 4007 4015
f 4006 4015 4014
f 4007 4008 4016
f 4007 4016 4015
f 4008 4001 4009
f 4008 4009 4016
f 4001 4003 4002
f 4009 4010 4011
f 4001 4004 4003
f 4009 4011 4012
f 4001 4005 4004
f 4009 4012 4013
f 4001 4006 4005
f 4009 4013 4014
f 4001 4007 4006
f 4009 4014 4015
f 4001 4008 4007
f 4009 4015 4016
f 4017 4018 4026
f 4017 4026 4025
f 4018 4019 4027
f 4018 4027 4026
f 4019 4020 4028
f 4019 4028 4027
f 4020 4021 4029
f 4020 4029 4028
f 4021 4022 4030
f 4021 4030 4029
f 4022 4023 4031
f 4022 4031 4030
f 4023 4024 4032
f 4023 4032 4031
f 4024 4017 4025
f 4024 4025 4032
f 4017 4019 4018
f 4025 4026 4027
f 4017 4020 4019
f 4025 4027 4028
f 4017 4021 4020
f 4025 4028 4029
f 4017 4022 4021
f 4025 4029 4030
f 4017 4023 4022
f 4025 4030 4031
f 4017 4024 4023
f 4025 4031 4032
f 4033 4034 4042
f 4033 4042 4041
f 4034 4035 4043
f 4034 4043 4042
f 4035 4036 4044
f 4035 4044 4043
f 4036 4037 4045
f 4036 4045 4044
f 4037 4038 4046
f 4037 4046 4045
f 4038 4039 4047
f 4038 4047 4046
f 4039 4040 4048
f 4039 4048 4047
f 4040 4033 4041
f 4040 4041 4048
f 4033 4035 4034
f 4041 4042 4043
f 4033 4036 4035
f 4041 4043 4044
f 4033 4037 4036
f 4041 4044 4045
f 4033 4038 4037
f 4041 4045 4046
f 4033 4039 4038
f 4041 4046 4047
f 4033 4040 4039
f 4041 4047 4048
f 4049 4050 4058
f 4049 4058 4057
f 4050 4051 4059
f 4050 4059 4058
f 4051 4052 4060
f 4051 4060 4059
f 4052 4053 4061
f 4052 4061 4060
f 4053 4054 4062
f 4053 4062 4061
f 4054 4055 4063
f 4054 4063 4062
f 4055 4056 4064
f 4055 4064 4063
f 4056 4049 4057
f 4056 4057 4064
f 4049 4051 4050
f 4057 4058 4059
f 4049 4052 4051
f 4057 4059 4060
f 4049 4053 4052
f 4057 4060 4061
f 4049 4054 4053
f 4057 4061 4062
f 4049 4055 4054
f 4057 4062 4063
f 4049 4056 4055
f 4057 4063 4064
f 4065 4066 4074
f 4065 4074 4073
f 4066 4067 4075
f 4066 4075 4074
f 4067 4068 4076
f 4067 4076 4075
f 4068 4069 4077
f 4068 4077 4076
f 4069 4070 4078
f 4069 4078 4077
f 4070 4071 4079
f 4070 4079 4078
f 4071 4072 4080
f 4071 4080 4079
f 4072 4065 4073
f 4072 4073 4080
f 4065 4067 4066
f 4073 4074 4075
f 4065 4068 4067
f 4073 4075 4076
f 4065 4069 4068
f 4073 4076 4077
f 4065 4070 4069
f 4073 4077 4078
f 4065 4071 4070
f 4073 4078 4079
f 4065 4072 4071
f 4073 4079 4080
f 4081 4082 4090
f 4081 4090 4089
f 4082 4083 4091
f 4082 4091 4090
f 4083 4084 4092
f 4083 4092 4091
f 4084 4085 4093
f 4084 4093 4092
f 4085 4086 4094
f 4085 4094 4093
f 4086 4087 4095
f 4086 4095 4094
f 4087 4088 4096
f 4087 4096 4095
f 4088 4081 4089
f 4088 4089 4096
f 4081 4083 4082
f 4089 4090 4091
f 4081 4084 4083
f 4089 4091 4092
f 4081 4085 4084
f 4089 4092 4093
f 4081 4086 4085
f 4089 4093 4094
f 4081 4087 4086
f 4089 4094 4095
f 4081 4088 4087
f 4089 4095 4096
f 4097 4098 4106
f 4097 4106 4105
f 4098 4099 4107
f 4098 4107 4106
f 4099 4100 4108
f 4099 4108 4107
f 4100 4101 4109
f 4100 4109 4108
f 4101 4102 4110
f 4101 4110 4109
f 4102 4103 4111
f 4102 4111 4110
f 4103 4104 4112
f 4103 4112 4111
f 4104 4097 4105
f 4104 4105 4112
f 4097 4099 4098
f 4105 4106 4107
f 4097 4100 4099
f 4105 4107 4108
f 4097 4101 4100
f 4105 4108 4109
f 4097 4102 4101
f 4105 4109 4110
f 4097 4103 4102
f 4105 4110 4111
f 4097 4104 4103
f 4105 4111 4112
f 4113 4114 4122
f 4113 4122 4121
f 4114 4115 4123
f 4114 4123 4122
f 4115 4116 4124
f 4115 4124 4123
f 4116 4117 4125
f 4116 4125 4124
f 4117 4118 4126
f 4117 4126 4125
f 4118 4119 4127
f 4118 4127 4126
f 4119 4120 4128
f 4119 4128 4127
f 4120 4113 4121
f 4120 4121 4128
f 4113 4115 4114
f 4121 4122 4123
f 4113 4116 4115
f 4121 4123 4124
f 4113 4117 4116
f 4121 4124 4125
f 4113 4118 4117
f 4121 4125 4126
f 4113 4119 4118
f 4121 4126 4127
f 4113 4120 4119
f 4121 4127 4128
f 4129 4130 4138
f 4129 4138 4137
f 4130 4131 4139
f 4130 4139 4138
f 4131 4132 4140
f 4131 4140 4139
f 4132 4133 4141
f 4132 4141 4140
f 4133 4134 4142
f 4133 4142 4141
f 4134 4135 4143
f 4134 4143 4142
f 4135 4136 4144
f 4135 4144 4143
f 4136 4129 4137
f 4136 4137 4144
f 4129 4131 4130
f 4137 4138 4139
f 4129 4132 4131
f 4137 4139 4140
f 4129 4133 4132
f 4137 4140 4141
f 4129 4134 4133
f 4137 4141 4142
f 4129 4135 4134
f 4137 4142 4143
f 4129 4136 4135
f 4137 4143 4144
f 4145 4146 4154
f 4145 4154 4153
f 4146 4147 4155
f 4146 4155 4154
f 4147 4148 4156
f 4147 4156 4155
f 4148 4149 4157
f 4148 4157 4156
f 4149 4150 4158
f 4149 4158 4157
f 4150 4151 4159
f 4150 4159 4158
f 4151 4152 4160
f 4151 4160 4159
f 4152 4145 4153
f 4152 4153 4160
f 4145 4147 4146
f 4153 4154 4155
f 4145 4148 4147
f 4153 4155 4156
f 4145 4149 4148
f 4153 4156 4157
f 4145 4150 4149
f 4153 4157 4158
f 4145 4151 4150
f 4153 4158 4159
f 4145 4152 4151
f 4153 4159 4160
f 4161 4162 4170
f 4161 4170 4169
f 4162 4163 4171
f 4162 4171 4170
f 4163 4164 4172
f 4163 4172 4171
f 4164 4165 4173
f 4164 4173 4172
f 4165 4166 4174
f 4165 4174 4173
f 4166 4167 4175
f 4166 4175 4174
f 4167 4168 4176
f 4167 4176 4175
f 4168 4161 4169
f 4168 4169 4176
f 4161 4163 4162
f 4169 4170 4171
f 4161 4164 4163
f 4169 4171 4172
f 4161 4165 4164
f 4169 4172 4173
f 4161 4166 4165
f 4169 4173 4174
f 4161 4167 4166
f 4169 4174 4175
f 4161 4168 4167
f 4169 4175 4176
f 4177 4178 4186
f 4177 4186 4185
f 4178 4179 4187
f 4178 4187 4186
f 4179 4180 4188
f 4179 4188 4187
f 4180 4181 4189
f 4180 4189 4188
f 4181 4182 4190
f 4181 4190 4189
f 4182 4183 4191
f 4182 4191 4190
f 4183 4184 4192
f 4183 4192 4191
f 4184 4177 4185
f 4184 4185 4192
f 4177 4179 4178
f 4185 4186 4187
f 4177 4180 4179
f 4185 4187 4188
f 4177 4181 4180
f 4185 4188 4189
f 4177 4182 4181
f 4185 4189 4190
f 4177 4183 4182
f 4185 4190 4191
f 4177 4184 4183
f 4185 4191 4192
f 4193 4194 4202
f 4193 4202 4201
f 4194 4195 4203
f 4194 4203 4202
f 4195 4196 4204
f 4195 4204 4203
f 4196 4197 4205
f 4196 4205 4204
f 4197 4198 4206
f 4197 4206 4205
f 4198 4199 4207
f 4198 4207 4206
f 4199 4200 4208
f 4199 4208 4207
f 4200 4193 4201
f 4200 4201 4208
f 4193 4195 4194
f 4201 4202 4203
f 4193 4196 4195
f 4201 4203 4204
f 4193 4197 4196
f 4201 4204 4205
f 4193 4198 4197
f 4201 4205 4206
f 4193 4199 4198
f 4201 4206 4207
f 4193 4200 4199
f 4201 4207 4208
f 4209 4210 4218
f 4209 4218 4217
f 4210 4211 4219
f 4210 4219 4218
f 4211 4212 4220
f 4211 4220 4219
f 4212 4213 4221
f 4212 4221 4220
f 4213 4214 4222
f 4213 4222 4221
f 4214 4215 4223
f 4214 4223 4222
f 4215 4216 4224
f 4215 4224 4223
f 4216 4209 4217
f 4216 4217 4224
f 4209 4211 4210
f 4217 4218 4219
f 4209 4212 4211
f 4217 4219 4220
f 4209 4213 4212
f 4217 4220 4221
f 4209 4214 4213
f 4217 4221 4222
f 4209 4215 4214
f 4217 4222 4223
f 4209 4216 4215
f 4217 4223 4224
f 4225 4226 4234
f 4225 4234 4233
f 4226 4227 4235
f 4226 4235 4234
f 4227 4228 4236
f 4227 4236 4235
f 4228 4229 4237
f 4228 4237 4236
f 4229 4230 4238
f 4229 4238 4237
f 4230 4231 4239
f 4230 4239 4238
f 4231 4232 4240
f 4231 4240 4239
f 4232 4225 4233
f 4232 4233 4240
f 4225 4227 4226
f 4233 4234 4235
f 4225 4228 4227
f 4233 4235 4236
f 4225 4229 4228
f 4233 4236 4237
f 4225 4230 4229
f 4233 4237 4238
f 4225 4231 4230
f 4233 4238 4239
f 4225 4232 4231
f 4233 4239 4240
f 4241 4242 4250
f 4241 4250 4249
f 4242 4243 4251
f 4242 4251 4250
f 4243 4244 4252
f 4243 4252 4251
f 4244 4245 4253
f 4244 4253 4252
f 4245 4246 4254
f 4245 4254 4253
f 4246 4247 4255
f 4246 4255 4254
f 4247 4248 4256
f 4247 4256 4255
f 4248 4241 4249
f 4248 4249 4256
f 4241 4243 4242
f 4249 4250 4251
f 4241 4244 4243
f 4249 4251 4252
f 4241 4245 4244
f 4249 4252 4253
f 4241 4246 4245
f 4249 4253 4254
f 4241 4247 4246
f 4249 4254 4255
f 4241 4248 4247
f 4249 4255 4256
f 4257 4258 4266
f 4257 4266 4265
f 4258 4259 4267
f 4258 4267 4266
f 4259 4260 4268
f 4259 4268 4267
f 4260 4261 4269
f 4260 4269 4268
f 4261 4262 4270
f 4261 4270 4269
f 4262 4263 4271
f 4262 4271 4270
f 4263 4264 4272
f 4263 4272 4271
f 4264 4257 4265
f 4264 4265 4272
f 4257 4259 4258
f 4265 4266 4267
f 4257 4260 4259
f 4265 4267 4268
f 4257 4261 4260
f 4265 4268 4269
f 4257 4262 4261
f 4265 4269 4270
f 4257 4263 4262
f 4265 4270 4271
f 4257 4264 4263
f 4265 4271 4272
f 4273 4274 4282
f 4273 4282 4281
f 4274 4275 4283
f 4274 4283 4282
f 4275 4276 4284
f 4275 4284 4283
f 4276 4277 4285
f 4276 4285 4284
f 4277 4278 4286
f 4277 4286 4285
f 4278 4279 4287
f 4278 4287 4286
f 4279 4280 4288
f 4279 4288 4287
f 4280 4273 4281
f 4280 4281 4288
f 4273 4275 4274
f 4281 4282 4283
f 4273 4276 4275
f 4281 4283 4284
f 4273 4277 4276
f 4281 4284 4285
f 4273 4278 4277
f 4281 4285 4286
f 4273 4279 4278
f 4281 4286 4287
f 4273 4280 4279
f 4281 4287 4288
f 4289 4290 4298
f 4289 4298 4297
f 4290 4291 4299
f 4290 4299 4298
f 4291 4292 4300
f 4291 4300 4299
f 4292 4293 4301
f 4292 4301 4300
f 4293 4294 4302
f 4293 4302 4301
f 4294 4295 4303
f 4294 4303 4302
f 4295 4296 4304
f 4295 4304 4303
f 4296 4289 4297
f 4296 4297 4304
f 4289 4291 4290
f 4297 4298 4299
f 4289 4292 4291
f 4297 4299 4300
f 4289 4293 4292
f 4297 4300 4301
f 4289 4294 4293
f 4297 4301 4302
f 4289 4295 4294
f 4297 4302 4303
f 4289 4296 4295
f 4297 4303 4304
f 4305 4306 4314
f 4305 4314 4313
f 4306 4307 4315
f 4306 4315 4314
f 4307 4308 4316
f 4307 4316 4315
f 4308 4309 4317
f 4308 4317 4316
f 4309 4310 4318
f 4309 4318 4317
f 4310 4311 4319
f 4310 4319 4318
f 4311 4312 4320
f 4311 4320 4319
f 4312 4305 4313
f 4312 4313 4320
f 4305 4307 4306
f 4313 4314 4315
f 4305 4308 4307
f 4313 4315 4316
f 4305 4309 4308
f 4313 4316 4317
f 4305 4310 4309
f 4313 4317 4318
f 4305 4311 4310
f 4313 4318 4319
f 4305 4312 4311
f 4313 4319 4320
f 4321 4322 4330
f 4321 4330 4329
f 4322 4323 4331
f 4322 4331 4330
f 4323 4324 4332
f 4323 4332 4331
f 4324 4325 4333
f 4324 4333 4332
f 4325 4326 4334
f 4325 4334 4333
f 4326 4327 4335
f 4326 4335 4334
f 4327 4328 4336
f 4327 4336 4335
f 4328 4321 4329
f 4328 4329 4336
f 4321 4323 4322
f 4329 4330 4331
f 4321 4324 4323
f 4329 4331 4332
f 4321 4325 4324
f 4329 4332 4333
f 4321 4326 4325
f 4329 4333 4334
f 4321 4327 4326
f 4329 4334 4335
f 4321 4328 4327
f 4329 4335 4336
f 4337 4338 4346
f 4337 4346 4345
f 4338 4339 4347
f 4338 4347 4346
f 4339 4340 4348
f 4339 4348 4347
f 4340 4341 4349
f 4340 4349 4348
f 4341 4342 4350
f 4341 4350 4349
f 4342 4343 4351
f 4342 4351 4350
f 4343 4344 4352
f 4343 4352 4351
f 4344 4337 4345
f 4344 4345 4352
f 4337 4339 4338
f 4345 4346 4347
f 4337 4340 4339
f 4345 4347 4348
f 4337 4341 4340
f 4345 4348 4349
f 4337 4342 4341
f 4345 4349 4350
f 4337 4343 4342
f 4345 4350 4351
f 4337 4344 4343
f 4345 4351 4352
f 4353 4354 4362
f 4353 4362 4361
f 4354 4355 4363
f 4354 4363 4362
f 4355 4356 4364
f 4355 4364 4363
f 4356 4357 4365
f 4356 4365 4364
f 4357 4358 4366
f 4357 4366 4365
f 4358 4359 4367
f 4358 4367 4366
f 4359 4360 4368
f 4359 4368 4367
f 4360 4353 4361
f 4360 4361 4368
f 4353 4355 4354
f 4361 4362 4363
f 4353 4356 4355
f 4361 4363 4364
f 4353 4357 4356
f 4361 4364 4365
f 4353 4358 4357
f 4361 4365 4366
f 4353 4359 4358
f 4361 4366 4367
f 4353 4360 4359
f 4361 4367 4368
f 4369 4370 4378
f 4369 4378 4377
f 4370 4371 4379
f 4370 4379 4378
f 4371 4372 4380
f 4371 4380 4379
f 4372 4373 4381
f 4372 4381 4380
f 4373 4374 4382
f 4373 4382 4381
f 4374 4375 4383
f 4374 4383 4382
f 4375 4376 4384
f 4375 4384 4383
f 4376 4369 4377
f 4376 4377 4384
f 4369 4371 4370
f 4377 4378 4379
f 4369 4372 4371
f 4377 4379 4380
f 4369 4373 4372
f 4377 4380 4381
f 4369 4374 4373
f 4377 4381 4382
f 4369 4375 4374
f 4377 4382 4383
f 4369 4376 4375
f 4377 4383 4384
f 4385 4386 4394
f 4385 4394 4393
f 4386 4387 4395
f 4386 4395 4394
f 4387 4388 4396
f 4387 4396 4395
f 4388 4389 4397
f 4388 4397 4396
f 4389 4390 4398
f 4389 4398 4397
f 4390 4391 4399
f 4390 4399 4398
f 4391 4392 4400
f 4391 4400 4399
f 4392 4385 4393
f 4392 4393 4400
f 4385 4387 4386
f 4393 4394 4395
f 4385 4388 4387
f 4393 4395 4396
f 4385 4389 4388
f 4393 4396 4397
f 4385 4390 4389
f 4393 4397 4398
f 4385 4391 4390
f 4393 4398 4399
f 4385 4392 4391
f 4393 4399 4400
f 4401 4402 4410
f 4401 4410 4409
f 4402 4403 4411
f 4402 4411 4410
f 4403 4404 4412
f 4403 4412 4411
f 4404 4405 4413
f 4404 4413 4412
f 4405 4406 4414
f 4405 4414 4413
f 4406 4407 4415
f 4406 4415 4414
f 4407 4408 4416
f 4407 4416 4415
f 4408 4401 4409
f 4408 4409 4416
f 4401 4403 4402
f 4409 4410 4411
f 4401 4404 4403
f 4409 4411 4412
f 4401 4405 4404
f 4409 4412 4413
f 4401 4406 4405
f 4409 4413 4414
f 4401 4407 4406
f 4409 4414 4415
f 4401 4408 4407
f 4409 4415 4416
f 4417 4418 4426
f 4417 4426 4425
f 4418 4419 4427
f 4418 4427 4426
f 4419 4420 4428
f 4419 4428 4427
f 4420 4421 4429
f 4420 4429 4428
f 4421 4422 4430
f 4421 4430 4429
f 4422 4423 4431
f 4422 4431 4430
f 4423 4424 4432
f 4423 4432 4431
f 4424 4417 4425
f 4424 4425 4432
f 4417 4419 4418
f 4425 4426 4427
f 4417 4420 4419
f 4425 4427 4428
f 4417 4421 4420
f 4425 4428 4429
f 4417 4422 4421
f 4425 4429 4430
f 4417 4423 4422
f 4425 4430 4431
f 4417 4424 4423
f 4425 4431 4432
f 4433 4434 4442
f 4433 4442 4441
f 4434 4435 4443
f 4434 4443 4442
f 4435 4436 4444
f 4435 4444 4443
f 4436 4437 4445
f 4436 4445 4444
f 4437 4438 4446
f 4437 4446 4445
f 4438 4439 4447
f 4438 4447 4446
f 4439 4440 4448
f 4439 4448 4447
f 4440 4433 4441
f 4440 4441 4448
f 4433 4435 4434
f 4441 4442 4443
f 4433 4436 4435
f 4441 4443 4444
f 4433 4437 4436
f 4441 4444 4445
f 4433 4438 4437
f 4441 4445 4446
f 4433 4439 4438
f 4441 4446 4447
f 4433 4440 4439
f 4441 4447 4448
f 4449 4450 4458
f 4449 4458 4457
f 4450 4451 4459
f 4450 4459 4458
f 4451 4452 4460
f 4451 4460 4459
f 4452 4453 4461
f 4452 4461 4460
f 4453 4454 4462
f 4453 4462 4461
f 4454 4455 4463
f 4454 4463 4462
f 4455 4456 4464
f 4455 4464 4463
f 4456 4449 4457
f 4456 4457 4464
f 4449 4451 4450
f 4457 4458 4459
f 4449 4452 4451
f 4457 4459 4460
f 4449 4453 4452
f 4457 4460 4461
f 4449 4454 4453
f 4457 4461 4462
f 4449 4455 4454
f 4457 4462 4463
f 4449 4456 4455
f 4457 4463 4464
f 4465 4466 4474
f 4465 4474 4473
f 4466 4467 4475
f 4466 4475 4474
f 4467 4468 4476
f 4467 4476 4475
f 4468 4469 4477
f 4468 4477 4476
f 4469 4470 4478
f 4469 4478 4477
f 4470 4471 4479
f 4470 4479 4478
f 4471 4472 4480
f 4471 4480 4479
f 4472 4465 4473
f 4472 4473 4480
f 4465 4467 4466
f 4473 4474 4475
f 4465 4468 4467
f 4473 4475 4476
f 4465 4469 4468
f 4473 4476 4477
f 4465 4470 4469
f 4473 4477 4478
f 4465 4471 4470
f 4473 4478 4479
f 4465 4472 4471
f 4473 4479 4480
f 4481 4482 4490
f 4481 4490 4489
f 4482 4483 4491
f 4482 4491 4490
f 4483 4484 4492
f 4483 4492 4491
f 4484 4485 4493
f 4484 4493 4492
f 4485 4486 4494
f 4485 4494 4493
f 4486 4487 4495
f 4486 4495 4494
f 4487 4488 4496
f 4487 4496 4495
f 4488 4481 4489
f 4488 4489 4496
f 4481 4483 4482
f 4489 4490 4491
f 4481 4484 4483
f 4489 4491 4492
f 4481 4485 4484
f 4489 4492 4493
f 4481 4486 4485
f 4489 4493 4494
f 4481 4487 4486
f 4489 4494 4495
f 4481 4488 4487
f 4489 4495 4496
f 4497 4498 4506
f 4497 4506 4505
f 4498 4499 4507
f 4498 4507 4506
f 4499 4500 4508
f 4499 4508 4507
f 4500 4501 4509
f 4500 4509 4508
f 4501 4502 4510
f 4501 4510 4509
f 4502 4503 4511
f 4502 4511 4510
f 4503 4504 4512
f 4503 4512 4511
f 4504 4497 4505
f 4504 4505 4512
f 4497 4499 4498
f 4505 4506 4507
f 4497 4500 4499
f 4505 4507 4508
f 4497 4501 4500
f 4505 4508 4509
f 4497 4502 4501
f 4505 4509 4510
f 4497 4503 4502
f 4505 4510 4511
f 4497 4504 4503
f 4505 4511 4512
f 4513 4514 4522
f 4513 4522 4521
f 4514 4515 4523
f 4514 4523 4522
f 4515 4516 4524
f 4515 4524 4523
f 4516 4517 4525
f 4516 4525 4524
f 4517 4518 4526
f 4517 4526 4525
f 4518 4519 4527
f 4518 4527 4526
f 4519 4520 4528
f 4519 4528 4527
f 4520 4513 4521
f 4520 4521 4528
f 4513 4515 4514
f 4521 4522 4523
f 4513 4516 4515
f 4521 4523 4524
f 4513 4517 4516
f 4521 4524 4525
f 4513 4518 4517
f 4521 4525 4526
f 4513 4519 4518
f 4521 4526 4527
f 4513 4520 4519
f 4521 4527 4528
f 4529 4530 4538
f 4529 4538 4537
f 4530 4531 4539
f 4530 4539 4538
f 4531 4532 4540
f 4531 4540 4539
f 4532 4533 4541
f 4532 4541 4540
f 4533 4534 4542
f 4533 4542 4541
f 4534 4535 4543
f 4534 4543 4542
f 4535 4536 4544
f 4535 4544 4543
f 4536 4529 4537
f 4536 4537 4544
f 4529 4531 4530
f 4537 4538 4539
f 4529 4532 4531
f 4537 4539 4540
f 4529 4533 4532
f 4537 4540 4541
f 4529 4534 4533
f 4537 4541 4542
f 4529 4535 4534
f 4537 4542 4543
f 4529 4536 4535
f 4537 4543 4544
f 4545 4546 4554
f 4545 4554 4553
f 4546 4547 4555
f 4546 4555 4554
f 4547 4548 4556
f 4547 4556 4555
f 4548 4549 4557
f 4548 4557 4556
f 4549 4550 4558
f 4549 4558 4557
f 4550 4551 4559
f 4550 4559 4558
f 4551 4552 4560
f 4551 4560 4559
f 4552 4545 4553
f 4552 4553 4560
f 4545 4547 4546
f 4553 4554 4555
f 4545 4548 4547
f 4553 4555 4556
f 4545 4549 4548
f 4553 4556 4557
f 4545 4550 4549
f 4553 4557 4558
f 4545 4551 4550
f 4553 4558 4559
f 4545 4552 4551
f 4553 4559 4560
f 4561 4562 4570
f 4561 4570 4569
f 4562 4563 4571
f 4562 4571 4570
f 4563 4564 4572
f 4563 4572 4571
f 4564 4565 4573
f 4564 4573 4572
f 4565 4566 4574
f 4565 4574 4573
f 4566 4567 4575
f 4566 4575 4574
f 4567 4568 4576
f 4567 4576 4575
f 4568 4561 4569
f 4568 4569 4576
f 4561 4563 4562
f 4569 4570 4571
f 4561 4564 4563
f 4569 4571 4572
f 4561 4565 4564
f 4569 4572 4573
f 4561 4566 4565
f 4569 4573 4574
f 4561 4567 4566
f 4569 4574 4575
f 4561 4568 4567
f 4569 4575 4576
f 4577 4578 4586
f 4577 4586 4585
f 4578 4579 4587
f 4578 4587 4586
f 4579 4580 4588
f 4579 4588 4587
f 4580 4581 4589
f 4580 4589 4588
f 4581 4582 4590
f 4581 4590 4589
f 4582 4583 4591
f 4582 4591 4590
f 4583 4584 4592
f 4583 4592 4591
f 4584 4577 4585
f 4584 4585 4592
f 4577 4579 4578
f 4585 4586 4587
f 4577 4580 4579
f 4585 4587 4588
f 4577 4581 4580
f 4585 4588 4589
f 4577 4582 4581
f 4585 4589 4590
f 4577 4583 4582
f 4585 4590 4591
f 4577 4584 4583
f 4585 4591 4592
f 4593 4594 4602
f 4593 4602 4601
f 4594 4595 4603
f 4594 4603 4602
f 4595 4596 4604
f 4595 4604 4603
f 4596 4597 4605
f 4596 4605 4604
f 4597 4598 4606
f 4597 4606 4605
f 4598 4599 4607
f 4598 4607 4606
f 4599 4600 4608
f 4599 4608 4607
f 4600 4593 4601
f 4600 4601 4608
f 4593 4595 4594
f 4601 4602 4603
f 4593 4596 4595
f 4601 4603 4604
f 4593 4597 4596
f 4601 4604 4605
f 4593 4598 4597
f 4601 4605 4606
f 4593 4599 4598
f 4601 4606 4607
f 4593 4600 4599
f 4601 4607 4608
f 4609 4610 4618
f 4609 4618 4617
f 4610 4611 4619
f 4610 4619 4618
f 4611 4612 4620
f 4611 4620 4619
f 4612 4613 4621
f 4612 4621 4620
f 4613 4614 4622
f 4613 4622 4621
f 4614 4615 4623
f 4614 4623 4622
f 4615 4616 4624
f 4615 4624 4623
f 4616 4609 4617
f 4616 4617 4624
f 4609 4611 4610
f 4617 4618 4619
f 4609 4612 4611
f 4617 4619 4620
f 4609 4613 4612
f 4617 4620 4621
f 4609 4614 4613
f 4617 4621 4622
f 4609 4615 4614
f 4617 4622 4623
f 4609 4616 4615
f 4617 4623 4624
f 4625 4626 4634
f 4625 4634 4633
f 4626 4627 4635
f 4626 4635 4634
f 4627 4628 4636
f 4627 4636 4635
f 4628 4629 4637
f 4628 4637 4636
f 4629 4630 4638
f 4629 4638 4637
f 4630 4631 4639
f 4630 4639 4638
f 4631 4632 4640
f 4631 4640 4639
f 4632 4625 4633
f 4632 4633 4640
f 4625 4627 4626
f 4633 4634 4635
f 4625 4628 4627
f 4633 4635 4636
f 4625 4629 4628
f 4633 4636 4637
f 4625 4630 4629
f 4633 4637 4638
f 4625 4631 4630
f 4633 4638 4639
f 4625 4632 4631
f 4633 4639 4640
f 4641 4642 4650
f 4641 4650 4649
f 4642 4643 4651
f 4642 4651 4650
f 4643 4644 4652
f 4643 4652 4651
f 4644 4645 4653
f 4644 4653 4652
f 4645 4646 4654
f 4645 4654 4653
f 4646 4647 4655
f 4646 4655 4654
f 4647 4648 4656
f 4647 4656 4655
f 4648 4641 4649
f 4648 4649 4656
f 4641 4643 4642
f 4649 4650 4651
f 4641 4644 4643
f 4649 4651 4652
f 4641 4645 4644
f 4649 4652 4653
f 4641 4646 4645
f 4649 4653 4654
f 4641 4647 4646
f 4649 4654 4655
f 4641 4648 4647
f 4649 4655 4656
f 4657 4658 4666
f 4657 4666 4665
f 4658 4659 4667
f 4658 4667 4666
f 4659 4660 4668
f 4659 4668 4667
f 4660 4661 4669
f 4660 4669 4668
f 4661 4662 4670
f 4661 4670 4669
f 4662 4663 4671
f 4662 4671 4670
f 4663 4664 4672
f 4663 4672 4671
f 4664 4657 4665
f 4664 4665 4672
f 4657 4659 4658
f 4665 4666 4667
f 4657 4660 4659
f 4665 4667 4668
f 4657 4661 4660
f 4665 4668 4669
f 4657 4662 4661
f 4665 4669 4670
f 4657 4663 4662
f 4665 4670 4671
f 4657 4664 4663
f 4665 4671 4672
f 4673 4674 4682
f 4673 4682 4681
f 4674 4675 4683
f 4674 4683 4682
f 4675 4676 4684
f 4675 4684 4683
f 4676 4677 4685
f 4676 4685 4684
f 4677 4678 4686
f 4677 4686 4685
f 4678 4679 4687
f 4678 4687 4686
f 4679 4680 4688
f 4679 4688 4687
f 4680 4673 4681
f 4680 4681 4688
f 4673 4675 4674
f 4681 4682 4683
f 4673 4676 4675
f 4681 4683 4684
f 4673 4677 4676
f 4681 4684 4685
f 4673 4678 4677
f 4681 4685 4686
f 4673 4679 4678
f 4681 4686 4687
f 4673 4680 4679
f 4681 4687 4688
f 4689 4690 4698
f 4689 4698 4697
f 4690 4691 4699
f 4690 4699 4698
f 4691 4692 4700
f 4691 4700 4699
f 4692 4693 4701
f 4692 4701 4700
f 4693 4694 4702
f 4693 4702 4701
f 4694 4695 4703
f 4694 4703 4702
f 4695 4696 4704
f 4695 4704 4703
f 4696 4689 4697
f 4696 4697 4704
f 4689 4691 4690
f 4697 4698 4699
f 4689 4692 4691
f 4697 4699 4700
f 4689 4693 4692
f 4697 4700 4701
f 4689 4694 4693
f 4697 4701 4702
f 4689 4695 4694
f 4697 4702 4703
f 4689 4696 4695
f 4697 4703 4704
f 4705 4706 4714
f 4705 4714 4713
f 4706 4707 4715
f 4706 4715 4714
f 4707 4708 4716
f 4707 4716 4715
f 4708 4709 4717
f 4708 4717 4716
f 4709 4710 4718
f 4709 4718 4717
f 4710 4711 4719
f 4710 4719 4718
f 4711 4712 4720
f 4711 4720 4719
f 4712 4705 4713
f 4712 4713 4720
f 4705 4707 4706
f 4713 4714 4715
f 4705 4708 4707
f 4713 4715 4716
f 4705 4709 4708
f 4713 4716 4717
f 4705 4710 4709
f 4713 4717 4718
f 4705 4711 4710
f 4713 4718 4719
f 4705 4712 4711
f 4713 4719 4720
f 4721 4722 4730
f 4721 4730 4729
f 4722 4723 4731
f 4722 4731 4730
f 4723 4724 4732
f 4723 4732 4731
f 4724 4725 4733
f 4724 4733 4732
f 4725 4726 4734
f 4725 4734 4733
f 4726 4727 4735
f 4726 4735 4734
f 4727 4728 4736
f 4727 4736 4735
f 4728 4721 4729
f 4728 4729 4736
f 4721 4723 4722
f 4729 4730 4731
f 4721 4724 4723
f 4729 4731 4732
f 4721 4725 4724
f 4729 4732 4733
f 4721 4726 4725
f 4729 4733 4734
f 4721 4727 4726
f 4729 4734 4735
f 4721 4728 4727
f 4729 4735 4736
f 4737 4738 4746
f 4737 4746 4745
f 4738 4739 4747
f 4738 4747 4746
f 4739 4740 4748
f 4739 4748 4747
f 4740 4741 4749
f 4740 4749 4748
f 4741 4742 4750
f 4741 4750 4749
f 4742 4743 4751
f 4742 4751 4750
f 4743 4744 4752
f 4743 4752 4751
f 4744 4737 4745
f 4744 4745 4752
f 4737 4739 4738
f 4745 4746 4747
f 4737 4740 4739
f 4745 4747 4748
f 4737 4741 4740
f 4745 4748 4749
f 4737 4742 4741
f 4745 4749 4750
f 4737 4743 4742
f 4745 4750 4751
f 4737 4744 4743
f 4745 4751 4752
f 4753 4754 4762
f 4753 4762 4761
f 4754 4755 4763
f 4754 4763 4762
f 4755 4756 4764
f 4755 4764 4763
f 4756 4757 4765
f 4756 4765 4764
f 4757 4758 4766
f 4757 4766 4765
f 4758 4759 4767
f 4758 4767 4766
f 4759 4760 4768
f 4759 4768 4767
f 4760 4753 4761
f 4760 4761 4768
f 4753 4755 4754
f 4761 4762 4763
f 4753 4756 4755
f 4761 4763 4764
f 4753 4757 4756
f 4761 4764 4765
f 4753 4758 4757
f 4761 4765 4766
f 4753 4759 4758
f 4761 4766 4767
f 4753 4760 4759
f 4761 4767 4768
f 4769 4770 4778
f 4769 4778 4777
f 4770 4771 4779
f 4770 4779 4778
f 4771 4772 4780
f 4771 4780 4779
f 4772 4773 4781
f 4772 4781 4780
f 4773 4774 4782
f 4773 4782 4781
f 4774 4775 4783
f 4774 4783 4782
f 4775 4776 4784
f 4775 4784 4783
f 4776 4769 4777
f 4776 4777 4784
f 4769 4771 4770
f 4777 4778 4779
f 4769 4772 4771
f 4777 4779 4780
f 4769 4773 4772
f 4777 4780 4781
f 4769 4774 4773
f 4777 4781 4782
f 4769 4775 4774
f 4777 4782 4783
f 4769 4776 4775
f 4777 4783 4784
f 4785 4786 4794
f 4785 4794 4793
f 4786 4787 4795
f 4786 4795 4794
f 4787 4788 4796
f 4787 4796 4795
f 4788 4789 4797
f 4788 4797 4796
f 4789 4790 4798
f 4789 4798 4797
f 4790 4791 4799
f 4790 4799 4798
f 4791 4792 4800
f 4791 4800 4799
f 4792 4785 4793
f 4792 4793 4800
f 4785 4787 4786
f 4793 4794 4795
f 4785 4788 4787
f 4793 4795 4796
f 4785 4789 4788
f 4793 4796 4797
f 4785 4790 4789
f 4793 4797 4798
f 4785 4791 4790
f 4793 4798 4799
f 4785 4792 4791
f 4793 4799 4800
f 4801 4802 4810
f 4801 4810 4809
f 4802 4803 4811
f 4802 4811 4810
f 4803 4804 4812
f 4803 4812 4811
f 4804 4805 4813
f 4804 4813 4812
f 4805 4806 4814
f 4805 4814 4813
f 4806 4807 4815
f 4806 4815 4814
f 4807 4808 4816
f 4807 4816 4815
f 4808 4801 4809
f 4808 4809 4816
f 4801 4803 4802
f 4809 4810 4811
f 4801 4804 4803
f 4809 4811 4812
f 4801 4805 4804
f 4809 4812 4813
f 4801 4806 4805
f 4809 4813 4814
f 4801 4807 4806
f 4809 4814 4815
f 4801 4808 4807
f 4809 4815 4816
f 4817 4818 4826
f 4817 4826 4825
f 4818 4819 4827
f 4818 4827 4826
f 4819 4820 4828
f 4819 4828 4827
f 4820 4821 4829
f 4820 4829 4828
f 4821 4822 4830
f 4821 4830 4829
f 4822 4823 4831
f 4822 4831 4830
f 4823 4824 4832
f 4823 4832 4831
f 4824 4817 4825
f 4824 4825 4832
f 4817 4819 4818
f 4825 4826 4827
f 4817 4820 4819
f 4825 4827 4828
f 4817 4821 4820
f 4825 4828 4829
f 4817 4822 4821
f 4825 4829 4830
f 4817 4823 4822
f 4825 4830 4831
f 4817 4824 4823
f 4825 4831 4832
f 4833 4834 4842
f 4833 4842 4841
f 4834 4835 4843
f 4834 4843 4842
f 4835 4836 4844
f 4835 4844 4843
f 4836 4837 4845
f 4836 4845 4844
f 4837 4838 4846
f 4837 4846 4845
f 4838 4839 4847
f 4838 4847 4846
f 4839 4840 4848
f 4839 4848 4847
f 4840 4833 4841
f 4840 4841 4848
f 4833 4835 4834
f 4841 4842 4843
f 4833 4836 4835
f 4841 4843 4844
f 4833 4837 4836
f 4841 4844 4845
f 4833 4838 4837
f 4841 4845 4846
f 4833 4839 4838
f 4841 4846 4847
f 4833 4840 4839
f 4841 4847 4848
f 4849 4850 4858
f 4849 4858 4857
f 4850 4851 4859
f 4850 4859 4858
f 4851 4852 4860
f 4851 4860 4859
f 4852 4853 4861
f 4852 4861 4860
f 4853 4854 4862
f 4853 4862 4861
f 4854 4855 4863
f 4854 4863 4862
f 4855 4856 4864
f 4855 4864 4863
f 4856 4849 4857
f 4856 4857 4864
f 4849 4851 4850
f 4857 4858 4859
f 4849 4852 4851
f 4857 4859 4860
f 4849 4853 4852
f 4857 4860 4861
f 4849 4854 4853
f 4857 4861 4862
f 4849 4855 4854
f 4857 4862 4863
f 4849 4856 4855
f 4857 4863 4864
f 4865 4866 4874
f 4865 4874 4873
f 4866 4867 4875
f 4866 4875 4874
f 4867 4868 4876
f 4867 4876 4875
f 4868 4869 4877
f 4868 4877 4876
f 4869 4870 4878
f 4869 4878 4877
f 4870 4871 4879
f 4870 4879 4878
f 4871 4872 4880
f 4871 4880 4879
f 4872 4865 4873
f 4872 4873 4880
f 4865 4867 4866
f 4873 4874 4875
f 4865 4868 4867
f 4873 4875 4876
f 4865 4869 4868
f 4873 4876 4877
f 4865 4870 4869
f 4873 4877 4878
f 4865 4871 4870
f 4873 4878 4879
f 4865 4872 4871
f 4873 4879 4880
f 4881 4882 4890
f 4881 4890 4889
f 4882 4883 4891
f 4882 4891 4890
f 4883 4884 4892
f 4883 4892 4891
f 4884 4885 4893
f 4884 4893 4892
f 4885 4886 4894
f 4885 4894 4893
f 4886 4887 4895
f 4886 4895 4894
f 4887 4888 4896
f 4887 4896 4895
f 4888 4881 4889
f 4888 4889 4896
f 4881 4883 4882
f 4889 4890 4891
f 4881 4884 4883
f 4889 4891 4892
f 4881 4885 4884
f 4889 4892 4893
f 4881 4886 4885
f 4889 4893 4894
f 4881 4887 4886
f 4889 4894 4895
f 4881 4888 4887
f 4889 4895 4896
f 4897 4898 4906
f 4897 4906 4905
f 4898 4899 4907
f 4898 4907 4906
f 4899 4900 4908
f 4899 4908 4907
f 4900 4901 4909
f 4900 4909 4908
f 4901 4902 4910
f 4901 4910 4909
f 4902 4903 4911
f 4902 4911 4910
f 4903 4904 4912
f 4903 4912 4911
f 4904 4897 4905
f 4904 4905 4912
f 4897 4899 4898
f 4905 4906 4907
f 4897 4900 4899
f 4905 4907 4908
f 4897 4901 4900
f 4905 4908 4909
f 4897 4902 4901
f 4905 4909 4910
f 4897 4903 4902
f 4905 4910 4911
f 4897 4904 4903
f 4905 4911 4912
f 4913 4914 4922
f 4913 4922 4921
f 4914 4915 4923
f 4914 4923 4922
f 4915 4916 4924
f 4915 4924 4923
f 4916 4917 4925
f 4916 4925 4924
f 4917 4918 4926
f 4917 4926 4925
f 4918 4919 4927
f 4918 4927 4926
f 4919 4920 4928
f 4919 4928 4927
f 4920 4913 4921
f 4920 4921 4928
f 4913 4915 4914
f 4921 4922 4923
f 4913 4916 4915
f 4921 4923 4924
f 4913 4917 4916
f 4921 4924 4925
f 4913 4918 4917
f 4921 4925 4926
f 4913 4919 4918
f 4921 4926 4927
f 4913 4920 4919
f 4921 4927 4928
f 4929 4930 4938
f 4929 4938 4937
f 4930 4931 4939
f 4930 4939 4938
f 4931 4932 4940
f 4931 4940 4939
f 4932 4933 4941
f 4932 4941 4940
f 4933 4934 4942
f 4933 4942 4941
f 4934 4935 4943
f 4934 4943 4942
f 4935 4936 4944
f 4935 4944 4943
f 4936 4929 4937
f 4936 4937 4944
f 4929 4931 4930
f 4937 4938 4939
f 4929 4932 4931
f 4937 4939 4940
f 4929 4933 4932
f 4937 4940 4941
f 4929 4934 4933
f 4937 4941 4942
f 4929 4935 4934
f 4937 4942 4943
f 4929 4936 4935
f 4937 4943 4944
f 4945 4946 4954
f 4945 4954 4953
f 4946 4947 4955
f 4946 4955 4954
f 4947 4948 4956
f 4947 4956 4955
f 4948 4949 4957
f 4948 4957 4956
f 4949 4950 4958
f 4949 4958 4957
f 4950 4951 4959
f 4950 4959 4958
f 4951 4952 4960
f 4951 4960 4959
f 4952 4945 4953
f 4952 4953 4960
f 4945 4947 4946
f 4953 4954 4955
f 4945 4948 4947
f 4953 4955 4956
f 4945 4949 4948
f 4953 4956 4957
f 4945 4950 4949
f 4953 4957 4958
f 4945 4951 4950
f 4953 4958 4959
f 4945 4952 4951
f 4953 4959 4960
f 4961 4962 4970
f 4961 4970 4969
f 4962 4963 4971
f 4962 4971 4970
f 4963 4964 4972
f 4963 4972 4971
f 4964 4965 4973
f 4964 4973 4972
f 4965 4966 4974
f 4965 4974 4973
f 4966 4967 4975
f 4966 4975 4974
f 4967 4968 4976
f 4967 4976 4975
f 4968 4961 4969
f 4968 4969 4976
f 4961 4963 4962
f 4969 4970 4971
f 4961 4964 4963
f 4969 4971 4972
f 4961 4965 4964
f 4969 4972 4973
f 4961 4966 4965
f 4969 4973 4974
f 4961 4967 4966
f 4969 4974 4975
f 4961 4968 4967
f 4969 4975 4976
f 4977 4978 4986
f 4977 4986 4985
f 4978 4979 4987
f 4978 4987 4986
f 4979 4980 4988
f 4979 4988 4987
f 4980 4981 4989
f 4980 4989 4988
f 4981 4982 4990
f 4981 4990 4989
f 4982 4983 4991
f 4982 4991 4990
f 4983 4984 4992
f 4983 4992 4991
f 4984 4977 4985
f 4984 4985 4992
f 4977 4979 4978
f 4985 4986 4987
f 4977 4980 4979
f 4985 4987 4988
f 4977 4981 4980
f 4985 4988 4989
f 4977 4982 4981
f 4985 4989 4990
f 4977 4983 4982
f 4985 4990 4991
f 4977 4984 4983
f 4985 4991 4992
f 4993 4994 5002
f 4993 5002 5001
f 4994 4995 5003
f 4994 5003 5002
f 4995 4996 5004
f 4995 5004 5003
f 4996 4997 5005
f 4996 5005 5004
f 4997 4998 5006
f 4997 5006 5005
f 4998 4999 5007
f 4998 5007 5006
f 4999 5000 5008
f 4999 5008 5007
f 5000 4993 5001
f 5000 5001 5008
f 4993 4995 4994
f 5001 5002 5003
f 4993 4996 4995
f 5001 5003 5004
f 4993 4997 4996
f 5001 5004 5005
f 4993 4998 4997
f 5001 5005 5006
f 4993 4999 4998
f 5001 5006 5007
f 4993 5000 4999
f 5001 5007 5008
f 5009 5010 5018
f 5009 5018 5017
f 5010 5011 5019
f 5010 5019 5018
f 5011 5012 5020
f 5011 5020 5019
f 5012 5013 5021
f 5012 5021 5020
f 5013 5014 5022
f 5013 5022 5021
f 5014 5015 5023
f 5014 5023 5022
f 5015 5016 5024
f 5015 5024 5023
f 5016 5009 5017
f 5016 5017 5024
f 5009 5011 5010
f 5017 5018 5019
f 5009 5012 5011
f 5017 5019 5020
f 5009 5013 5012
f 5017 5020 5021
f 5009 5014 5013
f 5017 5021 5022
f 5009 5015 5014
f 5017 5022 5023
f 5009 5016 5015
f 5017 5023 5024
f 5025 5026 5034
f 5025 5034 5033
f 5026 5027 5035
f 5026 5035 5034
f 5027 5028 5036
f 5027 5036 5035
f 5028 5029 5037
f 5028 5037 5036
f 5029 5030 5038
f 5029 5038 5037
f 5030 5031 5039
f 5030 5039 5038
f 5031 5032 5040
f 5031 5040 5039
f 5032 5025 5033
f 5032 5033 5040
f 5025 5027 5026
f 5033 5034 5035
f 5025 5028 5027
f 5033 5035 5036
f 5025 5029 5028
f 5033 5036 5037
f 5025 5030 5029
f 5033 5037 5038
f 5025 5031 5030
f 5033 5038 5039
f 5025 5032 5031
f 5033 5039 5040
f 5041 5042 5050
f 5041 5050 5049
f 5042 5043 5051
f 5042 5051 5050
f 5043 5044 5052
f 5043 5052 5051
f 5044 5045 5053
f 5044 5053 5052
f 5045 5046 5054
f 5045 5054 5053
f 5046 5047 5055
f 5046 5055 5054
f 5047 5048 5056
f 5047 5056 5055
f 5048 5041 5049
f 5048 5049 5056
f 5041 5043 5042
f 5049 5050 5051
f 5041 5044 5043
f 5049 5051 5052
f 5041 5045 5044
f 5049 5052 5053
f 5041 5046 5045
f 5049 5053 5054
f 5041 5047 5046
f 5049 5054 5055
f 5041 5048 5047
f 5049 5055 5056
f 5057 5058 5066
f 5057 5066 5065
f 5058 5059 5067
f 5058 5067 5066
f 5059 5060 5068
f 5059 5068 5067
f 5060 5061 5069
f 5060 5069 5068
f 5061 5062 5070
f 5061 5070 5069
f 5062 5063 5071
f 5062 5071 5070
f 5063 5064 5072
f 5063 5072 5071
f 5064 5057 5065
f 5064 5065 5072
f 5057 5059 5058
f 5065 5066 5067
f 5057 5060 5059
f 5065 5067 5068
f 5057 5061 5060
f 5065 5068 5069
f 5057 5062 5061
f 5065 5069 5070
f 5057 5063 5062
f 5065 5070 5071
f 5057 5064 5063
f 5065 5071 5072
f 5073 5074 5082
f 5073 5082 5081
f 5074 5075 5083
f 5074 5083 5082
f 5075 5076 5084
f 5075 5084 5083
f 5076 5077 5085
f 5076 5085 5084
f 5077 5078 5086
f 5077 5086 5085
f 5078 5079 5087
f 5078 5087 5086
f 5079 5080 5088
f 5079 5088 5087
f 5080 5073 5081
f 5080 5081 5088
f 5073 5075 5074
f 5081 5082 5083
f 5073 5076 5075
f 5081 5083 5084
f 5073 5077 5076
f 5081 5084 5085
f 5073 5078 5077
f 5081 5085 5086
f 5073 5079 5078
f 5081 5086 5087
f 5073 5080 5079
f 5081 5087 5088
f 5089 5090 5098
f 5089 5098 5097
f 5090 5091 5099
f 5090 5099 5098
f 5091 5092 5100
f 5091 5100 5099
f 5092 5093 5101
f 5092 5101 5100
f 5093 5094 5102
f 5093 5102 5101
f 5094 5095 5103
f 5094 5103 5102
f 5095 5096 5104
f 5095 5104 5103
f 5096 5089 5097
f 5096 5097 5104
f 5089 5091 5090
f 5097 5098 5099
f 5089 5092 5091
f 5097 5099 5100
f 5089 5093 5092
f 5097 5100 5101
f 5089 5094 5093
f 5097 5101 5102
f 5089 5095 5094
f 5097 5102 5103
f 5089 5096 5095
f 5097 5103 5104
f 5105 5106 5114
f 5105 5114 5113
f 5106 5107 5115
f 5106 5115 5114
f 5107 5108 5116
f 5107 5116 5115
f 5108 5109 5117
f 5108 5117 5116
f 5109 5110 5118
f 5109 5118 5117
f 5110 5111 5119
f 5110 5119 5118
f 5111 5112 5120
f 5111 5120 5119
f 5112 5105 5113
f 5112 5113 5120
f 5105 5107 5106
f 5113 5114 5115
f 5105 5108 5107
f 5113 5115 5116
f 5105 5109 5108
f 5113 5116 5117
f 5105 5110 5109
f 5113 5117 5118
f 5105 5111 5110
f 5113 5118 5119
f 5105 5112 5111
f 5113 5119 5120
f 5121 5122 5130
f 5121 5130 5129
f 5122 5123 5131
f 5122 5131 5130
f 5123 5124 5132
f 5123 5132 5131
f 5124 5125 5133
f 5124 5133 5132
f 5125 5126 5134
f 5125 5134 5133
f 5126 5127 5135
f 5126 5135 5134
f 5127 5128 5136
f 5127 5136 5135
f 5128 5121 5129
f 5128 5129 5136
f 5121 5123 5122
f 5129 5130 5131
f 5121 5124 5123
f 5129 5131 5132
f 5121 5125 5124
f 5129 5132 5133
f 5121 5126 5125
f 5129 5133 5134
f 5121 5127 5126
f 5129 5134 5135
f 5121 5128 5127
f 5129 5135 5136
f 5137 5138 5146
f 5137 5146 5145
f 5138 5139 5147
f 5138 5147 5146
f 5139 5140 5148
f 5139 5148 5147
f 5140 5141 5149
f 5140 5149 5148
f 5141 5142 5150
f 5141 5150 5149
f 5142 5143 5151
f 5142 5151 5150
f 5143 5144 5152
f 5143 5152 5151
f 5144 5137 5145
f 5144 5145 5152
f 5137 5139 5138
f 5145 5146 5147
f 5137 5140 5139
f 5145 5147 5148
f 5137 5141 5140
f 5145 5148 5149
f 5137 5142 5141
f 5145 5149 5150
f 5137 5143 5142
f 5145 5150 5151
f 5137 5144 5143
f 5145 5151 5152
f 5153 5154 5162
f 5153 5162 5161
f 5154 5155 5163
f 5154 5163 5162
f 5155 5156 5164
f 5155 5164 5163
f 5156 5157 5165
f 5156 5165 5164
f 5157 5158 5166
f 5157 5166 5165
f 5158 5159 5167
f 5158 5167 5166
f 5159 5160 5168
f 5159 5168 5167
f 5160 5153 5161
f 5160 5161 5168
f 5153 5155 5154
f 5161 5162 5163
f 5153 5156 5155
f 5161 5163 5164
f 5153 5157 5156
f 5161 5164 5165
f 5153 5158 5157
f 5161 5165 5166
f 5153 5159 5158
f 5161 5166 5167
f 5153 5160 5159
f 5161 5167 5168
f 5169 5170 5178
f 5169 5178 5177
f 5170 5171 5179
f 5170 5179 5178
f 5171 5172 5180
f 5171 5180 5179
f 5172 5173 5181
f 5172 5181 5180
f 5173 5174 5182
f 5173 5182 5181
f 5174 5175 5183
f 5174 5183 5182
f 5175 5176 5184
f 5175 5184 5183
f 5176 5169 5177
f 5176 5177 5184
f 5169 5171 5170
f 5177 5178 5179
f 5169 5172 5171
f 5177 5179 5180
f 5169 5173 5172
f 5177 5180 5181
f 5169 5174 5173
f 5177 5181 5182
f 5169 5175 5174
f 5177 5182 5183
f 5169 5176 5175
f 5177 5183 5184
f 5185 5186 5194
f 5185 5194 5193
f 5186 5187 5195
f 5186 5195 5194
f 5187 5188 5196
f 5187 5196 5195
f 5188 5189 5197
f 5188 5197 5196
f 5189 5190 5198
f 5189 5198 5197
f 5190 5191 5199
f 5190 5199 5198
f 5191 5192 5200
f 5191 5200 5199
f 5192 5185 5193
f 5192 5193 5200
f 5185 5187 5186
f 5193 5194 5195
f 5185 5188 5187
f 5193 5195 5196
f 5185 5189 5188
f 5193 5196 5197
f 5185 5190 5189
f 5193 5197 5198
f 5185 5191 5190
f 5193 5198 5199
f 5185 5192 5191
f 5193 5199 5200
f 5201 5202 5210
f 5201 5210 5209
f 5202 5203 5211
f 5202 5211 5210
f 5203 5204 5212
f 5203 5212 5211
f 5204 5205 5213
f 5204 5213 5212
f 5205 5206 5214
f 5205 5214 5213
f 5206 5207 5215
f 5206 5215 5214
f 5207 5208 5216
f 5207 5216 5215
f 5208 5201 5209
f 5208 5209 5216
f 5201 5203 5202
f 5209 5210 5211
f 5201 5204 5203
f 5209 5211 5212
f 5201 5205 5204
f 5209 5212 5213
f 5201 5206 5205
f 5209 5213 5214
f 5201 5207 5206
f 5209 5214 5215
f 5201 5208 5207
f 5209 5215 5216
f 5217 5218 5226
f 5217 5226 5225
f 5218 5219 5227
f 5218 5227 5226
f 5219 5220 5228
f 5219 5228 5227
f 5220 5221 5229
f 5220 5229 5228
f 5221 5222 5230
f 5221 5230 5229
f 5222 5223 5231
f 5222 5231 5230
f 5223 5224 5232
f 5223 5232 5231
f 5224 5217 5225
f 5224 5225 5232
f 5217 5219 5218
f 5225 5226 5227
f 5217 5220 5219
f 5225 5227 5228
f 5217 5221 5220
f 5225 5228 5229
f 5217 5222 5221
f 5225 5229 5230
f 5217 5223 5222
f 5225 5230 5231
f 5217 5224 5223
f 5225 5231 5232
f 5233 5234 5242
f 5233 5242 5241
f 5234 5235 5243
f 5234 5243 5242
f 5235 5236 5244
f 5235 5244 5243
f 5236 5237 5245
f 5236 5245 5244
f 5237 5238 5246
f 5237 5246 5245
f 5238 5239 5247
f 5238 5247 5246
f 5239 5240 5248
f 5239 5248 5247
f 5240 5233 5241
f 5240 5241 5248
f 5233 5235 5234
f 5241 5242 5243
f 5233 5236 5235
f 5241 5243 5244
f 5233 5237 5236
f 5241 5244 5245
f 5233 5238 5237
f 5241 5245 5246
f 5233 5239 5238
f 5241 5246 5247
f 5233 5240 5239
f 5241 5247 5248
f 5249 5250 5258
f 5249 5258 5257
f 5250 5251 5259
f 5250 5259 5258
f 5251 5252 5260
f 5251 5260 5259
f 5252 5253 5261
f 5252 5261 5260
f 5253 5254 5262
f 5253 5262 5261
f 5254 5255 5263
f 5254 5263 5262
f 5255 5256 5264
f 5255 5264 5263
f 5256 5249 5257
f 5256 5257 5264
f 5249 5251 5250
f 5257 5258 5259
f 5249 5252 5251
f 5257 5259 5260
f 5249 5253 5252
f 5257 5260 5261
f 5249 5254 5253
f 5257 5261 5262
f 5249 5255 5254
f 5257 5262 5263
f 5249 5256 5255
f 5257 5263 5264
f 5265 5266 5274
f 5265 5274 5273
f 5266 5267 5275
f 5266 5275 5274
f 5267 5268 5276
f 5267 5276 5275
f 5268 5269 5277
f 5268 5277 5276
f 5269 5270 5278
f 5269 5278 5277
f 5270 5271 5279
f 5270 5279 5278
f 5271 5272 5280
f 5271 5280 5279
f 5272 5265 5273
f 5272 5273 5280
f 5265 5267 5266
f 5273 5274 5275
f 5265 5268 5267
f 5273 5275 5276
f 5265 5269 5268
f 5273 5276 5277
f 5265 5270 5269
f 5273 5277 5278
f 5265 5271 5270
f 5273 5278 5279
f 5265 5272 5271
f 5273 5279 5280
f 5281 5282 5290
f 5281 5290 5289
f 5282 5283 5291
f 5282 5291 5290
f 5283 5284 5292
f 5283 5292 5291
f 5284 5285 5293
f 5284 5293 5292
f 5285 5286 5294
f 5285 5294 5293
f 5286 5287 5295
f 5286 5295 5294
f 5287 5288 5296
f 5287 5296 5295
f 5288 5281 5289
f 5288 5289 5296
f 5281 5283 5282
f 5289 5290 5291
f 5281 5284 5283
f 5289 5291 5292
f 5281 5285 5284
f 5289 5292 5293
f 5281 5286 5285
f 5289 5293 5294
f 5281 5287 5286
f 5289 5294 5295
f 5281 5288 5287
f 5289 5295 5296
f 5297 5298 5306
f 5297 5306 5305
f 5298 5299 5307
f 5298 5307 5306
f 5299 5300 5308
f 5299 5308 5307
f 5300 5301 5309
f 5300 5309 5308
f 5301 5302 5310
f 5301 5310 5309
f 5302 5303 5311
f 5302 5311 5310
f 5303 5304 5312
f 5303 5312 5311
f 5304 5297 5305
f 5304 5305 5312
f 5297 5299 5298
f 5305 5306 5307
f 5297 5300 5299
f 5305 5307 5308
f 5297 5301 5300
f 5305 5308 5309
f 5297 5302 5301
f 5305 5309 5310
f 5297 5303 5302
f 5305 5310 5311
f 5297 5304 5303
f 5305 5311 5312
f 5313 5314 5322
f 5313 5322 5321
f 5314 5315 5323
f 5314 5323 5322
f 5315 5316 5324
f 5315 5324 5323
f 5316 5317 5325
f 5316 5325 5324
f 5317 5318 5326
f 5317 5326 5325
f 5318 5319 5327
f 5318 5327 5326
f 5319 5320 5328
f 5319 5328 5327
f 5320 5313 5321
f 5320 5321 5328
f 5313 5315 5314
f 5321 5322 5323
f 5313 5316 5315
f 5321 5323 5324
f 5313 5317 5316
f 5321 5324 5325
f 5313 5318 5317
f 5321 5325 5326
f 5313 5319 5318
f 5321 5326 5327
f 5313 5320 5319
f 5321 5327 5328
f 5329 5330 5338
f 5329 5338 5337
f 5330 5331 5339
f 5330 5339 5338
f 5331 5332 5340
f 5331 5340 5339
f 5332 5333 5341
f 5332 5341 5340
f 5333 5334 5342
f 5333 5342 5341
f 5334 5335 5343
f 5334 5343 5342
f 5335 5336 5344
f 5335 5344 5343
f 5336 5329 5337
f 5336 5337 5344
f 5329 5331 5330
f 5337 5338 5339
f 5329 5332 5331
f 5337 5339 5340
f 5329 5333 5332
f 5337 5340 5341
f 5329 5334 5333
f 5337 5341 5342
f 5329 5335 5334
f 5337 5342 5343
f 5329 5336 5335
f 5337 5343 5344
f 5345 5346 5354
f 5345 5354 5353
f 5346 5347 5355
f 5346 5355 5354
f 5347 5348 5356
f 5347 5356 5355
f 5348 5349 5357
f 5348 5357 5356
f 5349 5350 5358
f 5349 5358 5357
f 5350 5351 5359
f 5350 5359 5358
f 5351 5352 5360
f 5351 5360 5359
f 5352 5345 5353
f 5352 5353 5360
f 5345 5347 5346
f 5353 5354 5355
f 5345 5348 5347
f 5353 5355 5356
f 5345 5349 5348
f 5353 5356 5357
f 5345 5350 5349
f 5353 5357 5358
f 5345 5351 5350
f 5353 5358 5359
f 5345 5352 5351
f 5353 5359 5360
f 5361 5362 5370
f 5361 5370 5369
f 5362 5363 5371
f 5362 5371 5370
f 5363 5364 5372
f 5363 5372 5371
f 5364 5365 5373
f 5364 5373 5372
f 5365 5366 5374
f 5365 5374 5373
f 5366 5367 5375
f 5366 5375 5374
f 5367 5368 5376
f 5367 5376 5375
f 5368 5361 5369
f 5368 5369 5376
f 5361 5363 5362
f 5369 5370 5371
f 5361 5364 5363
f 5369 5371 5372
f 5361 5365 5364
f 5369 5372 5373
f 5361 5366 5365
f 5369 5373 5374
f 5361 5367 5366
f 5369 5374 5375
f 5361 5368 5367
f 5369 5375 5376
f 5377 5378 5386
f 5377 5386 5385
f 5378 5379 5387
f 5378 5387 5386
f 5379 5380 5388
f 5379 5388 5387
f 5380 5381 5389
f 5380 5389 5388
f 5381 5382 5390
f 5381 5390 5389
f 5382 5383 5391
f 5382 5391 5390
f 5383 5384 5392
f 5383 5392 5391
f 5384 5377 5385
f 5384 5385 5392
f 5377 5379 5378
f 5385 5386 5387
f 5377 5380 5379
f 5385 5387 5388
f 5377 5381 5380
f 5385 5388 5389
f 5377 5382 5381
f 5385 5389 5390
f 5377 5383 5382
f 5385 5390 5391
f 5377 5384 5383
f 5385 5391 5392
f 5393 5394 5402
f 5393 5402 5401
f 5394 5395 5403
f 5394 5403 5402
f 5395 5396 5404
f 5395 5404 5403
f 5396 5397 5405
f 5396 5405 5404
f 5397 5398 5406
f 5397 5406 5405
f 5398 5399 5407
f 5398 5407 5406
f 5399 5400 5408
f 5399 5408 5407
f 5400 5393 5401
f 5400 5401 5408
f 5393 5395 5394
f 5401 5402 5403
f 5393 5396 5395
f 5401 5403 5404
f 5393 5397 5396
f 5401 5404 5405
f 5393 5398 5397
f 5401 5405 5406
f 5393 5399 5398
f 5401 5406 5407
f 5393 5400 5399
f 5401 5407 5408
f 5409 5410 5418
f 5409 5418 5417
f 5410 5411 5419
f 5410 5419 5418
f 5411 5412 5420
f 5411 5420 5419
f 5412 5413 5421
f 5412 5421 5420
f 5413 5414 5422
f 5413 5422 5421
f 5414 5415 5423
f 5414 5423 5422
f 5415 5416 5424
f 5415 5424 5423
f 5416 5409 5417
f 5416 5417 5424
f 5409 5411 5410
f 5417 5418 5419
f 5409 5412 5411
f 5417 5419 5420
f 5409 5413 5412
f 5417 5420 5421
f 5409 5414 5413
f 5417 5421 5422
f 5409 5415 5414
f 5417 5422 5423
f 5409 5416 5415
f 5417 5423 5424
f 5425 5426 5434
f 5425 5434 5433
f 5426 5427 5435
f 5426 5435 5434
f 5427 5428 5436
f 5427 5436 5435
f 5428 5429 5437
f 5428 5437 5436
f 5429 5430 5438
f 5429 5438 5437
f 5430 5431 5439
f 5430 5439 5438
f 5431 5432 5440
f 5431 5440 5439
f 5432 5425 5433
f 5432 5433 5440
f 5425 5427 5426
f 5433 5434 5435
f 5425 5428 5427
f 5433 5435 5436
f 5425 5429 5428
f 5433 5436 5437
f 5425 5430 5429
f 5433 5437 5438
f 5425 5431 5430
f 5433 5438 5439
f 5425 5432 5431
f 5433 5439 5440
f 5441 5442 5450
f 5441 5450 5449
f 5442 5443 5451
f 5442 5451 5450
f 5443 5444 5452
f 5443 5452 5451
f 5444 5445 5453
f 5444 5453 5452
f 5445 5446 5454
f 5445 5454 5453
f 5446 5447 5455
f 5446 5455 5454
f 5447 5448 5456
f 5447 5456 5455
f 5448 5441 5449
f 5448 5449 5456
f 5441 5443 5442
f 5449 5450 5451
f 5441 5444 5443
f 5449 5451 5452
f 5441 5445 5444
f 5449 5452 5453
f 5441 5446 5445
f 5449 5453 5454
f 5441 5447 5446
f 5449 5454 5455
f 5441 5448 5447
f 5449 5455 5456
f 5457 5458 5466
f 5457 5466 5465
f 5458 5459 5467
f 5458 5467 5466
f 5459 5460 5468
f 5459 5468 5467
f 5460 5461 5469
f 5460 5469 5468
f 5461 5462 5470
f 5461 5470 5469
f 5462 5463 5471
f 5462 5471 5470
f 5463 5464 5472
f 5463 5472 5471
f 5464 5457 5465
f 5464 5465 5472
f 5457 5459 5458
f 5465 5466 5467
f 5457 5460 5459
f 5465 5467 5468
f 5457 5461 5460
f 5465 5468 5469
f 5457 5462 5461
f 5465 5469 5470
f 5457 5463 5462
f 5465 5470 5471
f 5457 5464 5463
f 5465 5471 5472
f 5473 5474 5482
f 5473 5482 5481
f 5474 5475 5483
f 5474 5483 5482
f 5475 5476 5484
f 5475 5484 5483
f 5476 5477 5485
f 5476 5485 5484
f 5477 5478 5486
f 5477 5486 5485
f 5478 5479 5487
f 5478 5487 5486
f 5479 5480 5488
f 5479 5488 5487
f 5480 5473 5481
f 5480 5481 5488
f 5473 5475 5474
f 5481 5482 5483
f 5473 5476 5475
f 5481 5483 5484
f 5473 5477 5476
f 5481 5484 5485
f 5473 5478 5477
f 5481 5485 5486
f 5473 5479 5478
f 5481 5486 5487
f 5473 5480 5479
f 5481 5487 5488
f 5489 5490 5498
f 5489 5498 5497
f 5490 5491 5499
f 5490 5499 5498
f 5491 5492 5500
f 5491 5500 5499
f 5492 5493 5501
f 5492 5501 5500
f 5493 5494 5502
f 5493 5502 5501
f 5494 5495 5503
f 5494 5503 5502
f 5495 5496 5504
f 5495 5504 5503
f 5496 5489 5497
f 5496 5497 5504
f 5489 5491 5490
f 5497 5498 5499
f 5489 5492 5491
f 5497 5499 5500
f 5489 5493 5492
f 5497 5500 5501
f 5489 5494 5493
f 5497 5501 5502
f 5489 5495 5494
f 5497 5502 5503
f 5489 5496 5495
f 5497 5503 5504
f 5505 5506 5514
f 5505 5514 5513
f 5506 5507 5515
f 5506 5515 5514
f 5507 5508 5516
f 5507 5516 5515
f 5508 5509 5517
f 5508 5517 5516
f 5509 5510 5518
f 5509 5518 5517
f 5510 5511 5519
f 5510 5519 5518
f 5511 5512 5520
f 5511 5520 5519
f 5512 5505 5513
f 5512 5513 5520
f 5505 5507 5506
f 5513 5514 5515
f 5505 5508 5507
f 5513 5515 5516
f 5505 5509 5508
f 5513 5516 5517
f 5505 5510 5509
f 5513 5517 5518
f 5505 5511 5510
f 5513 5518 5519
f 5505 5512 5511
f 5513 5519 5520
f 5521 5522 5530
f 5521 5530 5529
f 5522 5523 5531
f 5522 5531 5530
f 5523 5524 5532
f 5523 5532 5531
f 5524 5525 5533
f 5524 5533 5532
f 5525 5526 5534
f 5525 5534 5533
f 5526 5527 5535
f 5526 5535 5534
f 5527 5528 5536
f 5527 5536 5535
f 5528 5521 5529
f 5528 5529 5536
f 5521 5523 5522
f 5529 5530 5531
f 5521 5524 5523
f 5529 5531 5532
f 5521 5525 5524
f 5529 5532 5533
f 5521 5526 5525
f 5529 5533 5534
f 5521 5527 5526
f 5529 5534 5535
f 5521 5528 5527
f 5529 5535 5536
f 5537 5538 5546
f 5537 5546 5545
f 5538 5539 5547
f 5538 5547 5546
f 5539 5540 5548
f 5539 5548 5547
f 5540 5541 5549
f 5540 5549 5548
f 5541 5542 5550
f 5541 5550 5549
f 5542 5543 5551
f 5542 5551 5550
f 5543 5544 5552
f 5543 5552 5551
f 5544 5537 5545
f 5544 5545 5552
f 5537 5539 5538
f 5545 5546 5547
f 5537 5540 5539
f 5545 5547 5548
f 5537 5541 5540
f 5545 5548 5549
f 5537 5542 5541
f 5545 5549 5550
f 5537 5543 5542
f 5545 5550 5551
f 5537 5544 5543
f 5545 5551 5552
f 5553 5554 5562
f 5553 5562 5561
f 5554 5555 5563
f 5554 5563 5562
f 5555 5556 5564
f 5555 5564 5563
f 5556 5557 5565
f 5556 5565 5564
f 5557 5558 5566
f 5557 5566 5565
f 5558 5559 5567
f 5558 5567 5566
f 5559 5560 5568
f 5559 5568 5567
f 5560 5553 5561
f 5560 5561 5568
f 5553 5555 5554
f 5561 5562 5563
f 5553 5556 5555
f 5561 5563 5564
f 5553 5557 5556
f 5561 5564 5565
f 5553 5558 5557
f 5561 5565 5566
f 5553 5559 5558
f 5561 5566 5567
f 5553 5560 5559
f 5561 5567 5568
f 5569 5570 5578
f 5569 5578 5577
f 5570 5571 5579
f 5570 5579 5578
f 5571 5572 5580
f 5571 5580 5579
f 5572 5573 5581
f 5572 5581 5580
f 5573 5574 5582
f 5573 5582 5581
f 5574 5575 5583
f 5574 5583 5582
f 5575 5576 5584
f 5575 5584 5583
f 5576 5569 5577
f 5576 5577 5584
f 5569 5571 5570
f 5577 5578 5579
f 5569 5572 5571
f 5577 5579 5580
f 5569 5573 5572
f 5577 5580 5581
f 5569 5574 5573
f 5577 5581 5582
f 5569 5575 5574
f 5577 5582 5583
f 5569 5576 5575
f 5577 5583 5584
f 5585 5586 5594
f 5585 5594 5593
f 5586 5587 5595
f 5586 5595 5594
f 5587 5588 5596
f 5587 5596 5595
f 5588 5589 5597
f 5588 5597 5596
f 5589 5590 5598
f 5589 5598 5597
f 5590 5591 5599
f 5590 5599 5598
f 5591 5592 5600
f 5591 5600 5599
f 5592 5585 5593
f 5592 5593 5600
f 5585 5587 5586
f 5593 5594 5595
f 5585 5588 5587
f 5593 5595 5596
f 5585 5589 5588
f 5593 5596 5597
f 5585 5590 5589
f 5593 5597 5598
f 5585 5591 5590
f 5593 5598 5599
f 5585 5592 5591
f 5593 5599 5600
f 5601 5602 5610
f 5601 5610 5609
f 5602 5603 5611
f 5602 5611 5610
f 5603 5604 5612
f 5603 5612 5611
f 5604 5605 5613
f 5604 5613 5612
f 5605 5606 5614
f 5605 5614 5613
f 5606 5607 5615
f 5606 5615 5614
f 5607 5608 5616
f 5607 5616 5615
f 5608 5601 5609
f 5608 5609 5616
f 5601 5603 5602
f 5609 5610 5611
f 5601 5604 5603
f 5609 5611 5612
f 5601 5605 5604
f 5609 5612 5613
f 5601 5606 5605
f 5609 5613 5614
f 5601 5607 5606
f 5609 5614 5615
f 5601 5608 5607
f 5609 5615 5616
f 5617 5618 5626
f 5617 5626 5625
f 5618 5619 5627
f 5618 5627 5626
f 5619 5620 5628
f 5619 5628 5627
f 5620 5621 5629
f 5620 5629 5628
f 5621 5622 5630
f 5621 5630 5629
f 5622 5623 5631
f 5622 5631 5630
f 5623 5624 5632
f 5623 5632 5631
f 5624 5617 5625
f 5624 5625 5632
f 5617 5619 5618
f 5625 5626 5627
f 5617 5620 5619
f 5625 5627 5628
f 5617 5621 5620
f 5625 5628 5629
f 5617 5622 5621
f 5625 5629 5630
f 5617 5623 5622
f 5625 5630 5631
f 5617 5624 5623
f 5625 5631 5632
f 5633 5634 5642
f 5633 5642 5641
f 5634 5635 5643
f 5634 5643 5642
f 5635 5636 5644
f 5635 5644 5643
f 5636 5637 5645
f 5636 5645 5644
f 5637 5638 5646
f 5637 5646 5645
f 5638 5639 5647
f 5638 5647 5646
f 5639 5640 5648
f 5639 5648 5647
f 5640 5633 5641
f 5640 5641 5648
f 5633 5635 5634
f 5641 5642 5643
f 5633 5636 5635
f 5641 5643 5644
f 5633 5637 5636
f 5641 5644 5645
f 5633 5638 5637
f 5641 5645 5646
f 5633 5639 5638
f 5641 5646 5647
f 5633 5640 5639
f 5641 5647 5648
f 5649 5650 5658
f 5649 5658 5657
f 5650 5651 5659
f 5650 5659 5658
f 5651 5652 5660
f 5651 5660 5659
f 5652 5653 5661
f 5652 5661 5660
f 5653 5654 5662
f 5653 5662 5661
f 5654 5655 5663
f 5654 5663 5662
f 5655 5656 5664
f 5655 5664 5663
f 5656 5649 5657
f 5656 5657 5664
f 5649 5651 5650
f 5657 5658 5659
f 5649 5652 5651
f 5657 5659 5660
f 5649 5653 5652
f 5657 5660 5661
f 5649 5654 5653
f 5657 5661 5662
f 5649 5655 5654
f 5657 5662 5663
f 5649 5656 5655
f 5657 5663 5664
f 5665 5666 5674
f 5665 5674 5673
f 5666 5667 5675
f 5666 5675 5674
f 5667 5668 5676
f 5667 5676 5675
f 5668 5669 5677
f 5668 5677 5676
f 5669 5670 5678
f 5669 5678 5677
f 5670 5671 5679
f 5670 5679 5678
f 5671 5672 5680
f 5671 5680 5679
f 5672 5665 5673
f 5672 5673 5680
f 5665 5667 5666
f 5673 5674 5675
f 5665 5668 5667
f 5673 5675 5676
f 5665 5669 5668
f 5673 5676 5677
f 5665 5670 5669
f 5673 5677 5678
f 5665 5671 5670
f 5673 5678 5679
f 5665 5672 5671
f 5673 5679 5680
f 5681 5682 5690
f 5681 5690 5689
f 5682 5683 5691
f 5682 5691 5690
f 5683 5684 5692
f 5683 5692 5691
f 5684 5685 5693
f 5684 5693 5692
f 5685 5686 5694
f 5685 5694 5693
f 5686 5687 5695
f 5686 5695 5694
f 5687 5688 5696
f 5687 5696 5695
f 5688 5681 5689
f 5688 5689 5696
f 5681 5683 5682
f 5689 5690 5691
f 5681 5684 5683
f 5689 5691 5692
f 5681 5685 5684
f 5689 5692 5693
f 5681 5686 5685
f 5689 5693 5694
f 5681 5687 5686
f 5689 5694 5695
f 5681 5688 5687
f 5689 5695 5696
f 5697 5698 5706
f 5697 5706 5705
f 5698 5699 5707
f 5698 5707 5706
f 5699 5700 5708
f 5699 5708 5707
f 5700 5701 5709
f 5700 5709 5708
f 5701 5702 5710
f 5701 5710 5709
f 5702 5703 5711
f 5702 5711 5710
f 5703 5704 5712
f 5703 5712 5711
f 5704 5697 5705
f 5704 5705 5712
f 5697 5699 5698
f 5705 5706 5707
f 5697 5700 5699
f 5705 5707 5708
f 5697 5701 5700
f 5705 5708 5709
f 5697 5702 5701
f 5705 5709 5710
f 5697 5703 5702
f 5705 5710 5711
f 5697 5704 5703
f 5705 5711 5712
f 5713 5714 5722
f 5713 5722 5721
f 5714 5715 5723
f 5714 5723 5722
f 5715 5716 5724
f 5715 5724 5723
f 5716 5717 5725
f 5716 5725 5724
f 5717 5718 5726
f 5717 5726 5725
f 5718 5719 5727
f 5718 5727 5726
f 5719 5720 5728
f 5719 5728 5727
f 5720 5713 5721
f 5720 5721 5728
f 5713 5715 5714
f 5721 5722 5723
f 5713 5716 5715
f 5721 5723 5724
f 5713 5717 5716
f 5721 5724 5725
f 5713 5718 5717
f 5721 5725 5726
f 5713 5719 5718
f 5721 5726 5727
f 5713 5720 5719
f 5721 5727 5728
f 5729 5730 5738
f 5729 5738 5737
f 5730 5731 5739
f 5730 5739 5738
f 5731 5732 5740
f 5731 5740 5739
f 5732 5733 5741
f 5732 5741 5740
f 5733 5734 5742
f 5733 5742 5741
f 5734 5735 5743
f 5734 5743 5742
f 5735 5736 5744
f 5735 5744 5743
f 5736 5729 5737
f 5736 5737 5744
f 5729 5731 5730
f 5737 5738 5739
f 5729 5732 5731
f 5737 5739 5740
f 5729 5733 5732
f 5737 5740 5741
f 5729 5734 5733
f 5737 5741 5742
f 5729 5735 5734
f 5737 5742 5743
f 5729 5736 5735
f 5737 5743 5744
f 5745 5746 5754
f 5745 5754 5753
f 5746 5747 5755
f 5746 5755 5754
f 5747 5748 5756
f 5747 5756 5755
f 5748 5749 5757
f 5748 5757 5756
f 5749 5750 5758
f 5749 5758 5757
f 5750 5751 5759
f 5750 5759 5758
f 5751 5752 5760
f 5751 5760 5759
f 5752 5745 5753
f 5752 5753 5760
f 5745 5747 5746
f 5753 5754 5755
f 5745 5748 5747
f 5753 5755 5756
f 5745 5749 5748
f 5753 5756 5757
f 5745 5750 5749
f 5753 5757 5758
f 5745 5751 5750
f 5753 5758 5759
f 5745 5752 5751
f 5753 5759 5760
f 5761 5762 5770
f 5761 5770 5769
f 5762 5763 5771
f 5762 5771 5770
f 5763 5764 5772
f 5763 5772 5771
f 5764 5765 5773
f 5764 5773 5772
f 5765 5766 5774
f 5765 5774 5773
f 5766 5767 5775
f 5766 5775 5774
f 5767 5768 5776
f 5767 5776 5775
f 5768 5761 5769
f 5768 5769 5776
f 5761 5763 5762
f 5769 5770 5771
f 5761 5764 5763
f 5769 5771 5772
f 5761 5765 5764
f 5769 5772 5773
f 5761 5766 5765
f 5769 5773 5774
f 5761 5767 5766
f 5769 5774 5775
f 5761 5768 5767
f 5769 5775 5776
f 5777 5778 5786
f 5777 5786 5785
f 5778 5779 5787
f 5778 5787 5786
f 5779 5780 5788
f 5779 5788 5787
f 5780 5781 5789
f 5780 5789 5788
f 5781 5782 5790
f 5781 5790 5789
f 5782 5783 5791
f 5782 5791 5790
f 5783 5784 5792
f 5783 5792 5791
f 5784 5777 5785
f 5784 5785 5792
f 5777 5779 5778
f 5785 5786 5787
f 5777 5780 5779
f 5785 5787 5788
f 5777 5781 5780
f 5785 5788 5789
f 5777 5782 5781
f 5785 5789 5790
f 5777 5783 5782
f 5785 5790 5791
f 5777 5784 5783
f 5785 5791 5792
f 5793 5794 5802
f 5793 5802 5801
f 5794 5795 5803
f 5794 5803 5802
f 5795 5796 5804
f 5795 5804 5803
f 5796 5797 5805
f 5796 5805 5804
f 5797 5798 5806
f 5797 5806 5805
f 5798 5799 5807
f 5798 5807 5806
f 5799 5800 5808
f 5799 5808 5807
f 5800 5793 5801
f 5800 5801 5808
f 5793 5795 5794
f 5801 5802 5803
f 5793 5796 5795
f 5801 5803 5804
f 5793 5797 5796
f 5801 5804 5805
f 5793 5798 5797
f 5801 5805 5806
f 5793 5799 5798
f 5801 5806 5807
f 5793 5800 5799
f 5801 5807 5808
f 5809 5810 5818
f 5809 5818 5817
f 5810 5811 5819
f 5810 5819 5818
f 5811 5812 5820
f 5811 5820 5819
f 5812 5813 5821
f 5812 5821 5820
f 5813 5814 5822
f 5813 5822 5821
f 5814 5815 5823
f 5814 5823 5822
f 5815 5816 5824
f 5815 5824 5823
f 5816 5809 5817
f 5816 5817 5824
f 5809 5811 5810
f 5817 5818 5819
f 5809 5812 5811
f 5817 5819 5820
f 5809 5813 5812
f 5817 5820 5821
f 5809 5814 5813
f 5817 5821 5822
f 5809 5815 5814
f 5817 5822 5823
f 5809 5816 5815
f 5817 5823 5824
f 5825 5826 5834
f 5825 5834 5833
f 5826 5827 5835
f 5826 5835 5834
f 5827 5828 5836
f 5827 5836 5835
f 5828 5829 5837
f 5828 5837 5836
f 5829 5830 5838
f 5829 5838 5837
f 5830 5831 5839
f 5830 5839 5838
f 5831 5832 5840
f 5831 5840 5839
f 5832 5825 5833
f 5832 5833 5840
f 5825 5827 5826
f 5833 5834 5835
f 5825 5828 5827
f 5833 5835 5836
f 5825 5829 5828
f 5833 5836 5837
f 5825 5830 5829
f 5833 5837 5838
f 5825 5831 5830
f 5833 5838 5839
f 5825 5832 5831
f 5833 5839 5840
f 5841 5842 5850
f 5841 5850 5849
f 5842 5843 5851
f 5842 5851 5850
f 5843 5844 5852
f 5843 5852 5851
f 5844 5845 5853
f 5844 5853 5852
f 5845 5846 5854
f 5845 5854 5853
f 5846 5847 5855
f 5846 5855 5854
f 5847 5848 5856
f 5847 5856 5855
f 5848 5841 5849
f 5848 5849 5856
f 5841 5843 5842
f 5849 5850 5851
f 5841 5844 5843
f 5849 5851 5852
f 5841 5845 5844
f 5849 5852 5853
f 5841 5846 5845
f 5849 5853 5854
f 5841 5847 5846
f 5849 5854 5855
f 5841 5848 5847
f 5849 5855 5856
f 5857 5858 5866
f 5857 5866 5865
f 5858 5859 5867
f 5858 5867 5866
f 5859 5860 5868
f 5859 5868 5867
f 5860 5861 5869
f 5860 5869 5868
f 5861 5862 5870
f 5861 5870 5869
f 5862 5863 5871
f 5862 5871 5870
f 5863 5864 5872
f 5863 5872 5871
f 5864 5857 5865
f 5864 5865 5872
f 5857 5859 5858
f 5865 5866 5867
f 5857 5860 5859
f 5865 5867 5868
f 5857 5861 5860
f 5865 5868 5869
f 5857 5862 5861
f 5865 5869 5870
f 5857 5863 5862
f 5865 5870 5871
f 5857 5864 5863
f 5865 5871 5872
f 5873 5874 5882
f 5873 5882 5881
f 5874 5875 5883
f 5874 5883 5882
f 5875 5876 5884
f 5875 5884 5883
f 5876 5877 5885
f 5876 5885 5884
f 5877 5878 5886
f 5877 5886 5885
f 5878 5879 5887
f 5878 5887 5886
f 5879 5880 5888
f 5879 5888 5887
f 5880 5873 5881
f 5880 5881 5888
f 5873 5875 5874
f 5881 5882 5883
f 5873 5876 5875
f 5881 5883 5884
f 5873 5877 5876
f 5881 5884 5885
f 5873 5878 5877
f 5881 5885 5886
f 5873 5879 5878
f 5881 5886 5887
f 5873 5880 5879
f 5881 5887 5888
f 5889 5890 5898
f 5889 5898 5897
f 5890 5891 5899
f 5890 5899 5898
f 5891 5892 5900
f 5891 5900 5899
f 5892 5893 5901
f 5892 5901 5900
f 5893 5894 5902
f 5893 5902 5901
f 5894 5895 5903
f 5894 5903 5902
f 5895 5896 5904
f 5895 5904 5903
f 5896 5889 5897
f 5896 5897 5904
f 5889 5891 5890
f 5897 5898 5899
f 5889 5892 5891
f 5897 5899 5900
f 5889 5893 5892
f 5897 5900 5901
f 5889 5894 5893
f 5897 5901 5902
f 5889 5895 5894
f 5897 5902 5903
f 5889 5896 5895
f 5897 5903 5904
f 5905 5906 5914
f 5905 5914 5913
f 5906 5907 5915
f 5906 5915 5914
f 5907 5908 5916
f 5907 5916 5915
f 5908 5909 5917
f 5908 5917 5916
f 5909 5910 5918
f 5909 5918 5917
f 5910 5911 5919
f 5910 5919 5918
f 5911 5912 5920
f 5911 5920 5919
f 5912 5905 5913
f 5912 5913 5920
f 5905 5907 5906
f 5913 5914 5915
f 5905 5908 5907
f 5913 5915 5916
f 5905 5909 5908
f 5913 5916 5917
f 5905 5910 5909
f 5913 5917 5918
f 5905 5911 5910
f 5913 5918 5919
f 5905 5912 5911
f 5913 5919 5920
f 5921 5922 5930
f 5921 5930 5929
f 5922 5923 5931
f 5922 5931 5930
f 5923 5924 5932
f 5923 5932 5931
f 5924 5925 5933
f 5924 5933 5932
f 5925 5926 5934
f 5925 5934 5933
f 5926 5927 5935
f 5926 5935 5934
f 5927 5928 5936
f 5927 5936 5935
f 5928 5921 5929
f 5928 5929 5936
f 5921 5923 5922
f 5929 5930 5931
f 5921 5924 5923
f 5929 5931 5932
f 5921 5925 5924
f 5929 5932 5933
f 5921 5926 5925
f 5929 5933 5934
f 5921 5927 5926
f 5929 5934 5935
f 5921 5928 5927
f 5929 5935 5936
f 5937 5938 5946
f 5937 5946 5945
f 5938 5939 5947
f 5938 5947 5946
f 5939 5940 5948
f 5939 5948 5947
f 5940 5941 5949
f 5940 5949 5948
f 5941 5942 5950
f 5941 5950 5949
f 5942 5943 5951
f 5942 5951 5950
f 5943 5944 5952
f 5943 5952 5951
f 5944 5937 5945
f 5944 5945 5952
f 5937 5939 5938
f 5945 5946 5947
f 5937 5940 5939
f 5945 5947 5948
f 5937 5941 5940
f 5945 5948 5949
f 5937 5942 5941
f 5945 5949 5950
f 5937 5943 5942
f 5945 5950 5951
f 5937 5944 5943
f 5945 5951 5952
f 5953 5954 5962
f 5953 5962 5961
f 5954 5955 5963
f 5954 5963 5962
f 5955 5956 5964
f 5955 5964 5963
f 5956 5957 5965
f 5956 5965 5964
f 5957 5958 5966
f 5957 5966 5965
f 5958 5959 5967
f 5958 5967 5966
f 5959 5960 5968
f 5959 5968 5967
f 5960 5953 5961
f 5960 5961 5968
f 5953 5955 5954
f 5961 5962 5963
f 5953 5956 5955
f 5961 5963 5964
f 5953 5957 5956
f 5961 5964 5965
f 5953 5958 5957
f 5961 5965 5966
f 5953 5959 5958
f 5961 5966 5967
f 5953 5960 5959
f 5961 5967 5968
f 5969 5970 5978
f 5969 5978 5977
f 5970 5971 5979
f 5970 5979 5978
f 5971 5972 5980
f 5971 5980 5979
f 5972 5973 5981
f 5972 5981 5980
f 5973 5974 5982
f 5973 5982 5981
f 5974 5975 5983
f 5974 5983 5982
f 5975 5976 5984
f 5975 5984 5983
f 5976 5969 5977
f 5976 5977 5984
f 5969 5971 5970
f 5977 5978 5979
f 5969 5972 5971
f 5977 5979 5980
f 5969 5973 5972
f 5977 5980 5981
f 5969 5974 5973
f 5977 5981 5982
f 5969 5975 5974
f 5977 5982 5983
f 5969 5976 5975
f 5977 5983 5984
f 5985 5986 5994
f 5985 5994 5993
f 5986 5987 5995
f 5986 5995 5994
f 5987 5988 5996
f 5987 5996 5995
f 5988 5989 5997
f 5988 5997 5996
f 5989 5990 5998
f 5989 5998 5997
f 5990 5991 5999
f 5990 5999 5998
f 5991 5992 6000
f 5991 6000 5999
f 5992 5985 5993
f 5992 5993 6000
f 5985 5987 5986
f 5993 5994 5995
f 5985 5988 5987
f 5993 5995 5996
f 5985 5989 5988
f 5993 5996 5997
f 5985 5990 5989
f 5993 5997 5998
f 5985 5991 5990
f 5993 5998 5999
f 5985 5992 5991
f 5993 5999 6000
f 6001 6002 6010
f 6001 6010 6009
f 6002 6003 6011
f 6002 6011 6010
f 6003 6004 6012
f 6003 6012 6011
f 6004 6005 6013
f 6004 6013 6012
f 6005 6006 6014
f 6005 6014 6013
f 6006 6007 6015
f 6006 6015 6014
f 6007 6008 6016
f 6007 6016 6015
f 6008 6001 6009
f 6008 6009 6016
f 6001 6003 6002
f 6009 6010 6011
f 6001 6004 6003
f 6009 6011 6012
f 6001 6005 6004
f 6009 6012 6013
f 6001 6006 6005
f 6009 6013 6014
f 6001 6007 6006
f 6009 6014 6015
f 6001 6008 6007
f 6009 6015 6016
f 6017 6018 6026
f 6017 6026 6025
f 6018 6019 6027
f 6018 6027 6026
f 6019 6020 6028
f 6019 6028 6027
f 6020 6021 6029
f 6020 6029 6028
f 6021 6022 6030
f 6021 6030 6029
f 6022 6023 6031
f 6022 6031 6030
f 6023 6024 6032
f 6023 6032 6031
f 6024 6017 6025
f 6024 6025 6032
f 6017 6019 6018
f 6025 6026 6027
f 6017 6020 6019
f 6025 6027 6028
f 6017 6021 6020
f 6025 6028 6029
f 6017 6022 6021
f 6025 6029 6030
f 6017 6023 6022
f 6025 6030 6031
f 6017 6024 6023
f 6025 6031 6032
f 6033 6034 6042
f 6033 6042 6041
f 6034 6035 6043
f 6034 6043 6042
f 6035 6036 6044
f 6035 6044 6043
f 6036 6037 6045
f 6036 6045 6044
f 6037 6038 6046
f 6037 6046 6045
f 6038 6039 6047
f 6038 6047 6046
f 6039 6040 6048
f 6039 6048 6047
f 6040 6033 6041
f 6040 6041 6048
f 6033 6035 6034
f 6041 6042 6043
f 6033 6036 6035
f 6041 6043 6044
f 6033 6037 6036
f 6041 6044 6045
f 6033 6038 6037
f 6041 6045 6046
f 6033 6039 6038
f 6041 6046 6047
f 6033 6040 6039
f 6041 6047 6048
f 6049 6050 6058
f 6049 6058 6057
f 6050 6051 6059
f 6050 6059 6058
f 6051 6052 6060
f 6051 6060 6059
f 6052 6053 6061
f 6052 6061 6060
f 6053 6054 6062
f 6053 6062 6061
f 6054 6055 6063
f 6054 6063 6062
f 6055 6056 6064
f 6055 6064 6063
f 6056 6049 6057
f 6056 6057 6064
f 6049 6051 6050
f 6057 6058 6059
f 6049 6052 6051
f 6057 6059 6060
f 6049 6053 6052
f 6057 6060 6061
f 6049 6054 6053
f 6057 6061 6062
f 6049 6055 6054
f 6057 6062 6063
f 6049 6056 6055
f 6057 6063 6064
f 6065 6066 6074
f 6065 6074 6073
f 6066 6067 6075
f 6066 6075 6074
f 6067 6068 6076
f 6067 6076 6075
f 6068 6069 6077
f 6068 6077 6076
f 6069 6070 6078
f 6069 6078 6077
f 6070 6071 6079
f 6070 6079 6078
f 6071 6072 6080
f 6071 6080 6079
f 6072 6065 6073
f 6072 6073 6080
f 6065 6067 6066
f 6073 6074 6075
f 6065 6068 6067
f 6073 6075 6076
f 6065 6069 6068
f 6073 6076 6077
f 6065 6070 6069
f 6073 6077 6078
f 6065 6071 6070
f 6073 6078 6079
f 6065 6072 6071
f 6073 6079 6080
f 6081 6082 6090
f 6081 6090 6089
f 6082 6083 6091
f 6082 6091 6090
f 6083 6084 6092
f 6083 6092 6091
f 6084 6085 6093
f 6084 6093 6092
f 6085 6086 6094
f 6085 6094 6093
f 6086 6087 6095
f 6086 6095 6094
f 6087 6088 6096
f 6087 6096 6095
f 6088 6081 6089
f 6088 6089 6096
f 6081 6083 6082
f 6089 6090 6091
f 6081 6084 6083
f 6089 6091 6092
f 6081 6085 6084
f 6089 6092 6093
f 6081 6086 6085
f 6089 6093 6094
f 6081 6087 6086
f 6089 6094 6095
f 6081 6088 6087
f 6089 6095 6096
f 6097 6098 6106
f 6097 6106 6105
f 6098 6099 6107
f 6098 6107 6106
f 6099 6100 6108
f 6099 6108 6107
f 6100 6101 6109
f 6100 6109 6108
f 6101 6102 6110
f 6101 6110 6109
f 6102 6103 6111
f 6102 6111 6110
f 6103 6104 6112
f 6103 6112 6111
f 6104 6097 6105
f 6104 6105 6112
f 6097 6099 6098
f 6105 6106 6107
f 6097 6100 6099
f 6105 6107 6108
f 6097 6101 6100
f 6105 6108 6109
f 6097 6102 6101
f 6105 6109 6110
f 6097 6103 6102
f 6105 6110 6111
f 6097 6104 6103
f 6105 6111 6112
f 6113 6114 6122
f 6113 6122 6121
f 6114 6115 6123
f 6114 6123 6122
f 6115 6116 6124
f 6115 6124 6123
f 6116 6117 6125
f 6116 6125 6124
f 6117 6118 6126
f 6117 6126 6125
f 6118 6119 6127
f 6118 6127 6126
f 6119 6120 6128
f 6119 6128 6127
f 6120 6113 6121
f 6120 6121 6128
f 6113 6115 6114
f 6121 6122 6123
f 6113 6116 6115
f 6121 6123 6124
f 6113 6117 6116
f 6121 6124 6125
f 6113 6118 6117
f 6121 6125 6126
f 6113 6119 6118
f 6121 6126 6127
f 6113 6120 6119
f 6121 6127 6128
f 6129 6130 6138
f 6129 6138 6137
f 6130 6131 6139
f 6130 6139 6138
f 6131 6132 6140
f 6131 6140 6139
f 6132 6133 6141
f 6132 6141 6140
f 6133 6134 6142
f 6133 6142 6141
f 6134 6135 6143
f 6134 6143 6142
f 6135 6136 6144
f 6135 6144 6143
f 6136 6129 6137
f 6136 6137 6144
f 6129 6131 6130
f 6137 6138 6139
f 6129 6132 6131
f 6137 6139 6140
f 6129 6133 6132
f 6137 6140 6141
f 6129 6134 6133
f 6137 6141 6142
f 6129 6135 6134
f 6137 6142 6143
f 6129 6136 6135
f 6137 6143 6144
f 6145 6146 6154
f 6145 6154 6153
f 6146 6147 6155
f 6146 6155 6154
f 6147 6148 6156
f 6147 6156 6155
f 6148 6149 6157
f 6148 6157 6156
f 6149 6150 6158
f 6149 6158 6157
f 6150 6151 6159
f 6150 6159 6158
f 6151 6152 6160
f 6151 6160 6159
f 6152 6145 6153
f 6152 6153 6160
f 6145 6147 6146
f 6153 6154 6155
f 6145 6148 6147
f 6153 6155 6156
f 6145 6149 6148
f 6153 6156 6157
f 6145 6150 6149
f 6153 6157 6158
f 6145 6151 6150
f 6153 6158 6159
f 6145 6152 6151
f 6153 6159 6160
f 6161 6162 6170
f 6161 6170 6169
f 6162 6163 6171
f 6162 6171 6170
f 6163 6164 6172
f 6163 6172 6171
f 6164 6165 6173
f 6164 6173 6172
f 6165 6166 6174
f 6165 6174 6173
f 6166 6167 6175
f 6166 6175 6174
f 6167 6168 6176
f 6167 6176 6175
f 6168 6161 6169
f 6168 6169 6176
f 6161 6163 6162
f 6169 6170 6171
f 6161 6164 6163
f 6169 6171 6172
f 6161 6165 6164
f 6169 6172 6173
f 6161 6166 6165
f 6169 6173 6174
f 6161 6167 6166
f 6169 6174 6175
f 6161 6168 6167
f 6169 6175 6176
f 6177 6178 6186
f 6177 6186 6185
f 6178 6179 6187
f 6178 6187 6186
f 6179 6180 6188
f 6179 6188 6187
f 6180 6181 6189
f 6180 6189 6188
f 6181 6182 6190
f 6181 6190 6189
f 6182 6183 6191
f 6182 6191 6190
f 6183 6184 6192
f 6183 6192 6191
f 6184 6177 6185
f 6184 6185 6192
f 6177 6179 6178
f 6185 6186 6187
f 6177 6180 6179
f 6185 6187 6188
f 6177 6181 6180
f 6185 6188 6189
f 6177 6182 6181
f 6185 6189 6190
f 6177 6183 6182
f 6185 6190 6191
f 6177 6184 6183
f 6185 6191 6192
f 6193 6194 6202
f 6193 6202 6201
f 6194 6195 6203
f 6194 6203 6202
f 6195 6196 6204
f 6195 6204 6203
f 6196 6197 6205
f 6196 6205 6204
f 6197 6198 6206
f 6197 6206 6205
f 6198 6199 6207
f 6198 6207 6206
f 6199 6200 6208
f 6199 6208 6207
f 6200 6193 6201
f 6200 6201 6208
f 6193 6195 6194
f 6201 6202 6203
f 6193 6196 6195
f 6201 6203 6204
f 6193 6197 6196
f 6201 6204 6205
f 6193 6198 6197
f 6201 6205 6206
f 6193 6199 6198
f 6201 6206 6207
f 6193 6200 6199
f 6201 6207 6208
f 6209 6210 6218
f 6209 6218 6217
f 6210 6211 6219
f 6210 6219 6218
f 6211 6212 6220
f 6211 6220 6219
f 6212 6213 6221
f 6212 6221 6220
f 6213 6214 6222
f 6213 6222 6221
f 6214 6215 6223
f 6214 6223 6222
f 6215 6216 6224
f 6215 6224 6223
f 6216 6209 6217
f 6216 6217 6224
f 6209 6211 6210
f 6217 6218 6219
f 6209 6212 6211
f 6217 6219 6220
f 6209 6213 6212
f 6217 6220 6221
f 6209 6214 6213
f 6217 6221 6222
f 6209 6215 6214
f 6217 6222 6223
f 6209 6216 6215
f 6217 6223 6224
f 6225 6226 6234
f 6225 6234 6233
f 6226 6227 6235
f 6226 6235 6234
f 6227 6228 6236
f 6227 6236 6235
f 6228 6229 6237
f 6228 6237 6236
f 6229 6230 6238
f 6229 6238 6237
f 6230 6231 6239
f 6230 6239 6238
f 6231 6232 6240
f 6231 6240 6239
f 6232 6225 6233
f 6232 6233 6240
f 6225 6227 6226
f 6233 6234 6235
f 6225 6228 6227
f 6233 6235 6236
f 6225 6229 6228
f 6233 6236 6237
f 6225 6230 6229
f 6233 6237 6238
f 6225 6231 6230
f 6233 6238 6239
f 6225 6232 6231
f 6233 6239 6240
f 6241 6242 6250
f 6241 6250 6249
f 6242 6243 6251
f 6242 6251 6250
f 6243 6244 6252
f 6243 6252 6251
f 6244 6245 6253
f 6244 6253 6252
f 6245 6246 6254
f 6245 6254 6253
f 6246 6247 6255
f 6246 6255 6254
f 6247 6248 6256
f 6247 6256 6255
f 6248 6241 6249
f 6248 6249 6256
f 6241 6243 6242
f 6249 6250 6251
f 6241 6244 6243
f 6249 6251 6252
f 6241 6245 6244
f 6249 6252 6253
f 6241 6246 6245
f 6249 6253 6254
f 6241 6247 6246
f 6249 6254 6255
f 6241 6248 6247
f 6249 6255 6256
f 6257 6258 6266
f 6257 6266 6265
f 6258 6259 6267
f 6258 6267 6266
f 6259 6260 6268
f 6259 6268 6267
f 6260 6261 6269
f 6260 6269 6268
f 6261 6262 6270
f 6261 6270 6269
f 6262 6263 6271
f 6262 6271 6270
f 6263 6264 6272
f 6263 6272 6271
f 6264 6257 6265
f 6264 6265 6272
f 6257 6259 6258
f 6265 6266 6267
f 6257 6260 6259
f 6265 6267 6268
f 6257 6261 6260
f 6265 6268 6269
f 6257 6262 6261
f 6265 6269 6270
f 6257 6263 6262
f 6265 6270 6271
f 6257 6264 6263
f 6265 6271 6272
f 6273 6274 6282
f 6273 6282 6281
f 6274 6275 6283
f 6274 6283 6282
f 6275 6276 6284
f 6275 6284 6283
f 6276 6277 6285
f 6276 6285 6284
f 6277 6278 6286
f 6277 6286 6285
f 6278 6279 6287
f 6278 6287 6286
f 6279 6280 6288
f 6279 6288 6287
f 6280 6273 6281
f 6280 6281 6288
f 6273 6275 6274
f 6281 6282 6283
f 6273 6276 6275
f 6281 6283 6284
f 6273 6277 6276
f 6281 6284 6285
f 6273 6278 6277
f 6281 6285 6286
f 6273 6279 6278
f 6281 6286 6287
f 6273 6280 6279
f 6281 6287 6288
f 6289 6290 6298
f 6289 6298 6297
f 6290 6291 6299
f 6290 6299 6298
f 6291 6292 6300
f 6291 6300 6299
f 6292 6293 6301
f 6292 6301 6300
f 6293 6294 6302
f 6293 6302 6301
f 6294 6295 6303
f 6294 6303 6302
f 6295 6296 6304
f 6295 6304 6303
f 6296 6289 6297
f 6296 6297 6304
f 6289 6291 6290
f 6297 6298 6299
f 6289 6292 6291
f 6297 6299 6300
f 6289 6293 6292
f 6297 6300 6301
f 6289 6294 6293
f 6297 6301 6302
f 6289 6295 6294
f 6297 6302 6303
f 6289 6296 6295
f 6297 6303 6304
f 6305 6306 6314
f 6305 6314 6313
f 6306 6307 6315
f 6306 6315 6314
f 6307 6308 6316
f 6307 6316 6315
f 6308 6309 6317
f 6308 6317 6316
f 6309 6310 6318
f 6309 6318 6317
f 6310 6311 6319
f 6310 6319 6318
f 6311 6312 6320
f 6311 6320 6319
f 6312 6305 6313
f 6312 6313 6320
f 6305 6307 6306
f 6313 6314 6315
f 6305 6308 6307
f 6313 6315 6316
f 6305 6309 6308
f 6313 6316 6317
f 6305 6310 6309
f 6313 6317 6318
f 6305 6311 6310
f 6313 6318 6319
f 6305 6312 6311
f 6313 6319 6320
f 6321 6322 6330
f 6321 6330 6329
f 6322 6323 6331
f 6322 6331 6330
f 6323 6324 6332
f 6323 6332 6331
f 6324 6325 6333
f 6324 6333 6332
f 6325 6326 6334
f 6325 6334 6333
f 6326 6327 6335
f 6326 6335 6334
f 6327 6328 6336
f 6327 6336 6335
f 6328 6321 6329
f 6328 6329 6336
f 6321 6323 6322
f 6329 6330 6331
f 6321 6324 6323
f 6329 6331 6332
f 6321 6325 6324
f 6329 6332 6333
f 6321 6326 6325
f 6329 6333 6334
f 6321 6327 6326
f 6329 6334 6335
f 6321 6328 6327
f 6329 6335 6336
f 6337 6338 6346
f 6337 6346 6345
f 6338 6339 6347
f 6338 6347 6346
f 6339 6340 6348
f 6339 6348 6347
f 6340 6341 6349
f 6340 6349 6348
f 6341 6342 6350
f 6341 6350 6349
f 6342 6343 6351
f 6342 6351 6350
f 6343 6344 6352
f 6343 6352 6351
f 6344 6337 6345
f 6344 6345 6352
f 6337 6339 6338
f 6345 6346 6347
f 6337 6340 6339
f 6345 6347 6348
f 6337 6341 6340
f 6345 6348 6349
f 6337 6342 6341
f 6345 6349 6350
f 6337 6343 6342
f 6345 6350 6351
f 6337 6344 6343
f 6345 6351 6352
f 6353 6354 6362
f 6353 6362 6361
f 6354 6355 6363
f 6354 6363 6362
f 6355 6356 6364
f 6355 6364 6363
f 6356 6357 6365
f 6356 6365 6364
f 6357 6358 6366
f 6357 6366 6365
f 6358 6359 6367
f 6358 6367 6366
f 6359 6360 6368
f 6359 6368 6367
f 6360 6353 6361
f 6360 6361 6368
f 6353 6355 6354
f 6361 6362 6363
f 6353 6356 6355
f 6361 6363 6364
f 6353 6357 6356
f 6361 6364 6365
f 6353 6358 6357
f 6361 6365 6366
f 6353 6359 6358
f 6361 6366 6367
f 6353 6360 6359
f 6361 6367 6368
f 6369 6370 6378
f 6369 6378 6377
f 6370 6371 6379
f 6370 6379 6378
f 6371 6372 6380
f 6371 6380 6379
f 6372 6373 6381
f 6372 6381 6380
f 6373 6374 6382
f 6373 6382 6381
f 6374 6375 6383
f 6374 6383 6382
f 6375 6376 6384
f 6375 6384 6383
f 6376 6369 6377
f 6376 6377 6384
f 6369 6371 6370
f 6377 6378 6379
f 6369 6372 6371
f 6377 6379 6380
f 6369 6373 6372
f 6377 6380 6381
f 6369 6374 6373
f 6377 6381 6382
f 6369 6375 6374
f 6377 6382 6383
f 6369 6376 6375
f 6377 6383 6384
f 6385 6386 6394
f 6385 6394 6393
f 6386 6387 6395
f 6386 6395 6394
f 6387 6388 6396
f 6387 6396 6395
f 6388 6389 6397
f 6388 6397 6396
f 6389 6390 6398
f 6389 6398 6397
f 6390 6391 6399
f 6390 6399 6398
f 6391 6392 6400
f 6391 6400 6399
f 6392 6385 6393
f 6392 6393 6400
f 6385 6387 6386
f 6393 6394 6395
f 6385 6388 6387
f 6393 6395 6396
f 6385 6389 6388
f 6393 6396 6397
f 6385 6390 6389
f 6393 6397 6398
f 6385 6391 6390
f 6393 6398 6399
f 6385 6392 6391
f 6393 6399 6400
f 6401 6402 6410
f 6401 6410 6409
f 6402 6403 6411
f 6402 6411 6410
f 6403 6404 6412
f 6403 6412 6411
f 6404 6405 6413
f 6404 6413 6412
f 6405 6406 6414
f 6405 6414 6413
f 6406 6407 6415
f 6406 6415 6414
f 6407 6408 6416
f 6407 6416 6415
f 6408 6401 6409
f 6408 6409 6416
f 6401 6403 6402
f 6409 6410 6411
f 6401 6404 6403
f 6409 6411 6412
f 6401 6405 6404
f 6409 6412 6413
f 6401 6406 6405
f 6409 6413 6414
f 6401 6407 6406
f 6409 6414 6415
f 6401 6408 6407
f 6409 6415 6416
f 6417 6418 6426
f 6417 6426 6425
f 6418 6419 6427
f 6418 6427 6426
f 6419 6420 6428
f 6419 6428 6427
f 6420 6421 6429
f 6420 6429 6428
f 6421 6422 6430
f 6421 6430 6429
f 6422 6423 6431
f 6422 6431 6430
f 6423 6424 6432
f 6423 6432 6431
f 6424 6417 6425
f 6424 6425 6432
f 6417 6419 6418
f 6425 6426 6427
f 6417 6420 6419
f 6425 6427 6428
f 6417 6421 6420
f 6425 6428 6429
f 6417 6422 6421
f 6425 6429 6430
f 6417 6423 6422
f 6425 6430 6431
f 6417 6424 6423
f 6425 6431 6432
f 6433 6434 6442
f 6433 6442 6441
f 6434 6435 6443
f 6434 6443 6442
f 6435 6436 6444
f 6435 6444 6443
f 6436 6437 6445
f 6436 6445 6444
f 6437 6438 6446
f 6437 6446 6445
f 6438 6439 6447
f 6438 6447 6446
f 6439 6440 6448
f 6439 6448 6447
f 6440 6433 6441
f 6440 6441 6448
f 6433 6435 6434
f 6441 6442 6443
f 6433 6436 6435
f 6441 6443 6444
f 6433 6437 6436
f 6441 6444 6445
f 6433 6438 6437
f 6441 6445 6446
f 6433 6439 6438
f 6441 6446 6447
f 6433 6440 6439
f 6441 6447 6448
f 6449 6450 6458
f 6449 6458 6457
f 6450 6451 6459
f 6450 6459 6458
f 6451 6452 6460
f 6451 6460 6459
f 6452 6453 6461
f 6452 6461 6460
f 6453 6454 6462
f 6453 6462 6461
f 6454 6455 6463
f 6454 6463 6462
f 6455 6456 6464
f 6455 6464 6463
f 6456 6449 6457
f 6456 6457 6464
f 6449 6451 6450
f 6457 6458 6459
f 6449 6452 6451
f 6457 6459 6460
f 6449 6453 6452
f 6457 6460 6461
f 6449 6454 6453
f 6457 6461 6462
f 6449 6455 6454
f 6457 6462 6463
f 6449 6456 6455
f 6457 6463 6464
f 6465 6466 6474
f 6465 6474 6473
f 6466 6467 6475
f 6466 6475 6474
f 6467 6468 6476
f 6467 6476 6475
f 6468 6469 6477
f 6468 6477 6476
f 6469 6470 6478
f 6469 6478 6477
f 6470 6471 6479
f 6470 6479 6478
f 6471 6472 6480
f 6471 6480 6479
f 6472 6465 6473
f 6472 6473 6480
f 6465 6467 6466
f 6473 6474 6475
f 6465 6468 6467
f 6473 6475 6476
f 6465 6469 6468
f 6473 6476 6477
f 6465 6470 6469
f 6473 6477 6478
f 6465 6471 6470
f 6473 6478 6479
f 6465 6472 6471
f 6473 6479 6480
f 6481 6482 6490
f 6481 6490 6489
f 6482 6483 6491
f 6482 6491 6490
f 6483 6484 6492
f 6483 6492 6491
f 6484 6485 6493
f 6484 6493 6492
f 6485 6486 6494
f 6485 6494 6493
f 6486 6487 6495
f 6486 6495 6494
f 6487 6488 6496
f 6487 6496 6495
f 6488 6481 6489
f 6488 6489 6496
f 6481 6483 6482
f 6489 6490 6491
f 6481 6484 6483
f 6489 6491 6492
f 6481 6485 6484
f 6489 6492 6493
f 6481 6486 6485
f 6489 6493 6494
f 6481 6487 6486
f 6489 6494 6495
f 6481 6488 6487
f 6489 6495 6496
f 6497 6498 6506
f 6497 6506 6505
f 6498 6499 6507
f 6498 6507 6506
f 6499 6500 6508
f 6499 6508 6507
f 6500 6501 6509
f 6500 6509 6508
f 6501 6502 6510
f 6501 6510 6509
f 6502 6503 6511
f 6502 6511 6510
f 6503 6504 6512
f 6503 6512 6511
f 6504 6497 6505
f 6504 6505 6512
f 6497 6499 6498
f 6505 6506 6507
f 6497 6500 6499
f 6505 6507 6508
f 6497 6501 6500
f 6505 6508 6509
f 6497 6502 6501
f 6505 6509 6510
f 6497 6503 6502
f 6505 6510 6511
f 6497 6504 6503
f 6505 6511 6512
f 6513 6514 6522
f 6513 6522 6521
f 6514 6515 6523
f 6514 6523 6522
f 6515 6516 6524
f 6515 6524 6523
f 6516 6517 6525
f 6516 6525 6524
f 6517 6518 6526
f 6517 6526 6525
f 6518 6519 6527
f 6518 6527 6526
f 6519 6520 6528
f 6519 6528 6527
f 6520 6513 6521
f 6520 6521 6528
f 6513 6515 6514
f 6521 6522 6523
f 6513 6516 6515
f 6521 6523 6524
f 6513 6517 6516
f 6521 6524 6525
f 6513 6518 6517
f 6521 6525 6526
f 6513 6519 6518
f 6521 6526 6527
f 6513 6520 6519
f 6521 6527 6528
f 6529 6530 6538
f 6529 6538 6537
f 6530 6531 6539
f 6530 6539 6538
f 6531 6532 6540
f 6531 6540 6539
f 6532 6533 6541
f 6532 6541 6540
f 6533 6534 6542
f 6533 6542 6541
f 6534 6535 6543
f 6534 6543 6542
f 6535 6536 6544
f 6535 6544 6543
f 6536 6529 6537
f 6536 6537 6544
f 6529 6531 6530
f 6537 6538 6539
f 6529 6532 6531
f 6537 6539 6540
f 6529 6533 6532
f 6537 6540 6541
f 6529 6534 6533
f 6537 6541 6542
f 6529 6535 6534
f 6537 6542 6543
f 6529 6536 6535
f 6537 6543 6544
f 6545 6546 6554
f 6545 6554 6553
f 6546 6547 6555
f 6546 6555 6554
f 6547 6548 6556
f 6547 6556 6555
f 6548 6549 6557
f 6548 6557 6556
f 6549 6550 6558
f 6549 6558 6557
f 6550 6551 6559
f 6550 6559 6558
f 6551 6552 6560
f 6551 6560 6559
f 6552 6545 6553
f 6552 6553 6560
f 6545 6547 6546
f 6553 6554 6555
f 6545 6548 6547
f 6553 6555 6556
f 6545 6549 6548
f 6553 6556 6557
f 6545 6550 6549
f 6553 6557 6558
f 6545 6551 6550
f 6553 6558 6559
f 6545 6552 6551
f 6553 6559 6560
f 6561 6562 6570
f 6561 6570 6569
f 6562 6563 6571
f 6562 6571 6570
f 6563 6564 6572
f 6563 6572 6571
f 6564 6565 6573
f 6564 6573 6572
f 6565 6566 6574
f 6565 6574 6573
f 6566 6567 6575
f 6566 6575 6574
f 6567 6568 6576
f 6567 6576 6575
f 6568 6561 6569
f 6568 6569 6576
f 6561 6563 6562
f 6569 6570 6571
f 6561 6564 6563
f 6569 6571 6572
f 6561 6565 6564
f 6569 6572 6573
f 6561 6566 6565
f 6569 6573 6574
f 6561 6567 6566
f 6569 6574 6575
f 6561 6568 6567
f 6569 6575 6576
f 6577 6578 6586
f 6577 6586 6585
f 6578 6579 6587
f 6578 6587 6586
f 6579 6580 6588
f 6579 6588 6587
f 6580 6581 6589
f 6580 6589 6588
f 6581 6582 6590
f 6581 6590 6589
f 6582 6583 6591
f 6582 6591 6590
f 6583 6584 6592
f 6583 6592 6591
f 6584 6577 6585
f 6584 6585 6592
f 6577 6579 6578
f 6585 6586 6587
f 6577 6580 6579
f 6585 6587 6588
f 6577 6581 6580
f 6585 6588 6589
f 6577 6582 6581
f 6585 6589 6590
f 6577 6583 6582
f 6585 6590 6591
f 6577 6584 6583
f 6585 6591 6592
f 6593 6594 6602
f 6593 6602 6601
f 6594 6595 6603
f 6594 6603 6602
f 6595 6596 6604
f 6595 6604 6603
f 6596 6597 6605
f 6596 6605 6604
f 6597 6598 6606
f 6597 6606 6605
f 6598 6599 6607
f 6598 6607 6606
f 6599 6600 6608
f 6599 6608 6607
f 6600 6593 6601
f 6600 6601 6608
f 6593 6595 6594
f 6601 6602 6603
f 6593 6596 6595
f 6601 6603 6604
f 6593 6597 6596
f 6601 6604 6605
f 6593 6598 6597
f 6601 6605 6606
f 6593 6599 6598
f 6601 6606 6607
f 6593 6600 6599
f 6601 6607 6608
f 6609 6610 6618
f 6609 6618 6617
f 6610 6611 6619
f 6610 6619 6618
f 6611 6612 6620
f 6611 6620 6619
f 6612 6613 6621
f 6612 6621 6620
f 6613 6614 6622
f 6613 6622 6621
f 6614 6615 6623
f 6614 6623 6622
f 6615 6616 6624
f 6615 6624 6623
f 6616 6609 6617
f 6616 6617 6624
f 6609 6611 6610
f 6617 6618 6619
f 6609 6612 6611
f 6617 6619 6620
f 6609 6613 6612
f 6617 6620 6621
f 6609 6614 6613
f 6617 6621 6622
f 6609 6615 6614
f 6617 6622 6623
f 6609 6616 6615
f 6617 6623 6624
f 6625 6626 6634
f 6625 6634 6633
f 6626 6627 6635
f 6626 6635 6634
f 6627 6628 6636
f 6627 6636 6635
f 6628 6629 6637
f 6628 6637 6636
f 6629 6630 6638
f 6629 6638 6637
f 6630 6631 6639
f 6630 6639 6638
f 6631 6632 6640
f 6631 6640 6639
f 6632 6625 6633
f 6632 6633 6640
f 6625 6627 6626
f 6633 6634 6635
f 6625 6628 6627
f 6633 6635 6636
f 6625 6629 6628
f 6633 6636 6637
f 6625 6630 6629
f 6633 6637 6638
f 6625 6631 6630
f 6633 6638 6639
f 6625 6632 6631
f 6633 6639 6640
f 6641 6642 6650
f 6641 6650 6649
f 6642 6643 6651
f 6642 6651 6650
f 6643 6644 6652
f 6643 6652 6651
f 6644 6645 6653
f 6644 6653 6652
f 6645 6646 6654
f 6645 6654 6653
f 6646 6647 6655
f 6646 6655 6654
f 6647 6648 6656
f 6647 6656 6655
f 6648 6641 6649
f 6648 6649 6656
f 6641 6643 6642
f 6649 6650 6651
f 6641 6644 6643
f 6649 6651 6652
f 6641 6645 6644
f 6649 6652 6653
f 6641 6646 6645
f 6649 6653 6654
f 6641 6647 6646
f 6649 6654 6655
f 6641 6648 6647
f 6649 6655 6656
f 6657 6658 6666
f 6657 6666 6665
f 6658 6659 6667
f 6658 6667 6666
f 6659 6660 6668
f 6659 6668 6667
f 6660 6661 6669
f 6660 6669 6668
f 6661 6662 6670
f 6661 6670 6669
f 6662 6663 6671
f 6662 6671 6670
f 6663 6664 6672
f 6663 6672 6671
f 6664 6657 6665
f 6664 6665 6672
f 6657 6659 6658
f 6665 6666 6667
f 6657 6660 6659
f 6665 6667 6668
f 6657 6661 6660
f 6665 6668 6669
f 6657 6662 6661
f 6665 6669 6670
f 6657 6663 6662
f 6665 6670 6671
f 6657 6664 6663
f 6665 6671 6672
f 6673 6674 6682
f 6673 6682 6681
f 6674 6675 6683
f 6674 6683 6682
f 6675 6676 6684
f 6675 6684 6683
f 6676 6677 6685
f 6676 6685 6684
f 6677 6678 6686
f 6677 6686 6685
f 6678 6679 6687
f 6678 6687 6686
f 6679 6680 6688
f 6679 6688 6687
f 6680 6673 6681
f 6680 6681 6688
f 6673 6675 6674
f 6681 6682 6683
f 6673 6676 6675
f 6681 6683 6684
f 6673 6677 6676
f 6681 6684 6685
f 6673 6678 6677
f 6681 6685 6686
f 6673 6679 6678
f 6681 6686 6687
f 6673 6680 6679
f 6681 6687 6688
f 6689 6690 6698
f 6689 6698 6697
f 6690 6691 6699
f 6690 6699 6698
f 6691 6692 6700
f 6691 6700 6699
f 6692 6693 6701
f 6692 6701 6700
f 6693 6694 6702
f 6693 6702 6701
f 6694 6695 6703
f 6694 6703 6702
f 6695 6696 6704
f 6695 6704 6703
f 6696 6689 6697
f 6696 6697 6704
f 6689 6691 6690
f 6697 6698 6699
f 6689 6692 6691
f 6697 6699 6700
f 6689 6693 6692
f 6697 6700 6701
f 6689 6694 6693
f 6697 6701 6702
f 6689 6695 6694
f 6697 6702 6703
f 6689 6696 6695
f 6697 6703 6704
f 6705 6706 6714
f 6705 6714 6713
f 6706 6707 6715
f 6706 6715 6714
f 6707 6708 6716
f 6707 6716 6715
f 6708 6709 6717
f 6708 6717 6716
f 6709 6710 6718
f 6709 6718 6717
f 6710 6711 6719
f 6710 6719 6718
f 6711 6712 6720
f 6711 6720 6719
f 6712 6705 6713
f 6712 6713 6720
f 6705 6707 6706
f 6713 6714 6715
f 6705 6708 6707
f 6713 6715 6716
f 6705 6709 6708
f 6713 6716 6717
f 6705 6710 6709
f 6713 6717 6718
f 6705 6711 6710
f 6713 6718 6719
f 6705 6712 6711
f 6713 6719 6720
f 6721 6722 6730
f 6721 6730 6729
f 6722 6723 6731
f 6722 6731 6730
f 6723 6724 6732
f 6723 6732 6731
f 6724 6725 6733
f 6724 6733 6732
f 6725 6726 6734
f 6725 6734 6733
f 6726 6727 6735
f 6726 6735 6734
f 6727 6728 6736
f 6727 6736 6735
f 6728 6721 6729
f 6728 6729 6736
f 6721 6723 6722
f 6729 6730 6731
f 6721 6724 6723
f 6729 6731 6732
f 6721 6725 6724
f 6729 6732 6733
f 6721 6726 6725
f 6729 6733 6734
f 6721 6727 6726
f 6729 6734 6735
f 6721 6728 6727
f 6729 6735 6736
f 6737 6738 6746
f 6737 6746 6745
f 6738 6739 6747
f 6738 6747 6746
f 6739 6740 6748
f 6739 6748 6747
f 6740 6741 6749
f 6740 6749 6748
f 6741 6742 6750
f 6741 6750 6749
f 6742 6743 6751
f 6742 6751 6750
f 6743 6744 6752
f 6743 6752 6751
f 6744 6737 6745
f 6744 6745 6752
f 6737 6739 6738
f 6745 6746 6747
f 6737 6740 6739
f 6745 6747 6748
f 6737 6741 6740
f 6745 6748 6749
f 6737 6742 6741
f 6745 6749 6750
f 6737 6743 6742
f 6745 6750 6751
f 6737 6744 6743
f 6745 6751 6752
f 6753 6754 6762
f 6753 6762 6761
f 6754 6755 6763
f 6754 6763 6762
f 6755 6756 6764
f 6755 6764 6763
f 6756 6757 6765
f 6756 6765 6764
f 6757 6758 6766
f 6757 6766 6765
f 6758 6759 6767
f 6758 6767 6766
f 6759 6760 6768
f 6759 6768 6767
f 6760 6753 6761
f 6760 6761 6768
f 6753 6755 6754
f 6761 6762 6763
f 6753 6756 6755
f 6761 6763 6764
f 6753 6757 6756
f 6761 6764 6765
f 6753 6758 6757
f 6761 6765 6766
f 6753 6759 6758
f 6761 6766 6767
f 6753 6760 6759
f 6761 6767 6768
f 6769 6770 6778
f 6769 6778 6777
f 6770 6771 6779
f 6770 6779 6778
f 6771 6772 6780
f 6771 6780 6779
f 6772 6773 6781
f 6772 6781 6780
f 6773 6774 6782
f 6773 6782 6781
f 6774 6775 6783
f 6774 6783 6782
f 6775 6776 6784
f 6775 6784 6783
f 6776 6769 6777
f 6776 6777 6784
f 6769 6771 6770
f 6777 6778 6779
f 6769 6772 6771
f 6777 6779 6780
f 6769 6773 6772
f 6777 6780 6781
f 6769 6774 6773
f 6777 6781 6782
f 6769 6775 6774
f 6777 6782 6783
f 6769 6776 6775
f 6777 6783 6784
f 6785 6786 6794
f 6785 6794 6793
f 6786 6787 6795
f 6786 6795 6794
f 6787 6788 6796
f 6787 6796 6795
f 6788 6789 6797
f 6788 6797 6796
f 6789 6790 6798
f 6789 6798 6797
f 6790 6791 6799
f 6790 6799 6798
f 6791 6792 6800
f 6791 6800 6799
f 6792 6785 6793
f 6792 6793 6800
f 6785 6787 6786
f 6793 6794 6795
f 6785 6788 6787
f 6793 6795 6796
f 6785 6789 6788
f 6793 6796 6797
f 6785 6790 6789
f 6793 6797 6798
f 6785 6791 6790
f 6793 6798 6799
f 6785 6792 6791
f 6793 6799 6800
f 6801 6802 6810
f 6801 6810 6809
f 6802 6803 6811
f 6802 6811 6810
f 6803 6804 6812
f 6803 6812 6811
f 6804 6805 6813
f 6804 6813 6812
f 6805 6806 6814
f 6805 6814 6813
f 6806 6807 6815
f 6806 6815 6814
f 6807 6808 6816
f 6807 6816 6815
f 6808 6801 6809
f 6808 6809 6816
f 6801 6803 6802
f 6809 6810 6811
f 6801 6804 6803
f 6809 6811 6812
f 6801 6805 6804
f 6809 6812 6813
f 6801 6806 6805
f 6809 6813 6814
f 6801 6807 6806
f 6809 6814 6815
f 6801 6808 6807
f 6809 6815 6816
f 6817 6818 6826
f 6817 6826 6825
f 6818 6819 6827
f 6818 6827 6826
f 6819 6820 6828
f 6819 6828 6827
f 6820 6821 6829
f 6820 6829 6828
f 6821 6822 6830
f 6821 6830 6829
f 6822 6823 6831
f 6822 6831 6830
f 6823 6824 6832
f 6823 6832 6831
f 6824 6817 6825
f 6824 6825 6832
f 6817 6819 6818
f 6825 6826 6827
f 6817 6820 6819
f 6825 6827 6828
f 6817 6821 6820
f 6825 6828 6829
f 6817 6822 6821
f 6825 6829 6830
f 6817 6823 6822
f 6825 6830 6831
f 6817 6824 6823
f 6825 6831 6832
f 6833 6834 6842
f 6833 6842 6841
f 6834 6835 6843
f 6834 6843 6842
f 6835 6836 6844
f 6835 6844 6843
f 6836 6837 6845
f 6836 6845 6844
f 6837 6838 6846
f 6837 6846 6845
f 6838 6839 6847
f 6838 6847 6846
f 6839 6840 6848
f 6839 6848 6847
f 6840 6833 6841
f 6840 6841 6848
f 6833 6835 6834
f 6841 6842 6843
f 6833 6836 6835
f 6841 6843 6844
f 6833 6837 6836
f 6841 6844 6845
f 6833 6838 6837
f 6841 6845 6846
f 6833 6839 6838
f 6841 6846 6847
f 6833 6840 6839
f 6841 6847 6848
f 6849 6850 6858
f 6849 6858 6857
f 6850 6851 6859
f 6850 6859 6858
f 6851 6852 6860
f 6851 6860 6859
f 6852 6853 6861
f 6852 6861 6860
f 6853 6854 6862
f 6853 6862 6861
f 6854 6855 6863
f 6854 6863 6862
f 6855 6856 6864
f 6855 6864 6863
f 6856 6849 6857
f 6856 6857 6864
f 6849 6851 6850
f 6857 6858 6859
f 6849 6852 6851
f 6857 6859 6860
f 6849 6853 6852
f 6857 6860 6861
f 6849 6854 6853
f 6857 6861 6862
f 6849 6855 6854
f 6857 6862 6863
f 6849 6856 6855
f 6857 6863 6864
f 6865 6866 6874
f 6865 6874 6873
f 6866 6867 6875
f 6866 6875 6874
f 6867 6868 6876
f 6867 6876 6875
f 6868 6869 6877
f 6868 6877 6876
f 6869 6870 6878
f 6869 6878 6877
f 6870 6871 6879
f 6870 6879 6878
f 6871 6872 6880
f 6871 6880 6879
f 6872 6865 6873
f 6872 6873 6880
f 6865 6867 6866
f 6873 6874 6875
f 6865 6868 6867
f 6873 6875 6876
f 6865 6869 6868
f 6873 6876 6877
f 6865 6870 6869
f 6873 6877 6878
f 6865 6871 6870
f 6873 6878 6879
f 6865 6872 6871
f 6873 6879 6880
f 6881 6882 6890
f 6881 6890 6889
f 6882 6883 6891
f 6882 6891 6890
f 6883 6884 6892
f 6883 6892 6891
f 6884 6885 6893
f 6884 6893 6892
f 6885 6886 6894
f 6885 6894 6893
f 6886 6887 6895
f 6886 6895 6894
f 6887 6888 6896
f 6887 6896 6895
f 6888 6881 6889
f 6888 6889 6896
f 6881 6883 6882
f 6889 6890 6891
f 6881 6884 6883
f 6889 6891 6892
f 6881 6885 6884
f 6889 6892 6893
f 6881 6886 6885
f 6889 6893 6894
f 6881 6887 6886
f 6889 6894 6895
f 6881 6888 6887
f 6889 6895 6896
f 6897 6898 6906
f 6897 6906 6905
f 6898 6899 6907
f 6898 6907 6906
f 6899 6900 6908
f 6899 6908 6907
f 6900 6901 6909
f 6900 6909 6908
f 6901 6902 6910
f 6901 6910 6909
f 6902 6903 6911
f 6902 6911 6910
f 6903 6904 6912
f 6903 6912 6911
f 6904 6897 6905
f 6904 6905 6912
f 6897 6899 6898
f 6905 6906 6907
f 6897 6900 6899
f 6905 6907 6908
f 6897 6901 6900
f 6905 6908 6909
f 6897 6902 6901
f 6905 6909 6910
f 6897 6903 6902
f 6905 6910 6911
f 6897 6904 6903
f 6905 6911 6912
f 6913 6914 6922
f 6913 6922 6921
f 6914 6915 6923
f 6914 6923 6922
f 6915 6916 6924
f 6915 6924 6923
f 6916 6917 6925
f 6916 6925 6924
f 6917 6918 6926
f 6917 6926 6925
f 6918 6919 6927
f 6918 6927 6926
f 6919 6920 6928
f 6919 6928 6927
f 6920 6913 6921
f 6920 6921 6928
f 6913 6915 6914
f 6921 6922 6923
f 6913 6916 6915
f 6921 6923 6924
f 6913 6917 6916
f 6921 6924 6925
f 6913 6918 6917
f 6921 6925 6926
f 6913 6919 6918
f 6921 6926 6927
f 6913 6920 6919
f 6921 6927 6928
f 6929 6930 6938
f 6929 6938 6937
f 6930 6931 6939
f 6930 6939 6938
f 6931 6932 6940
f 6931 6940 6939
f 6932 6933 6941
f 6932 6941 6940
f 6933 6934 6942
f 6933 6942 6941
f 6934 6935 6943
f 6934 6943 6942
f 6935 6936 6944
f 6935 6944 6943
f 6936 6929 6937
f 6936 6937 6944
f 6929 6931 6930
f 6937 6938 6939
f 6929 6932 6931
f 6937 6939 6940
f 6929 6933 6932
f 6937 6940 6941
f 6929 6934 6933
f 6937 6941 6942
f 6929 6935 6934
f 6937 6942 6943
f 6929 6936 6935
f 6937 6943 6944
f 6945 6946 6954
f 6945 6954 6953
f 6946 6947 6955
f 6946 6955 6954
f 6947 6948 6956
f 6947 6956 6955
f 6948 6949 6957
f 6948 6957 6956
f 6949 6950 6958
f 6949 6958 6957
f 6950 6951 6959
f 6950 6959 6958
f 6951 6952 6960
f 6951 6960 6959
f 6952 6945 6953
f 6952 6953 6960
f 6945 6947 6946
f 6953 6954 6955
f 6945 6948 6947
f 6953 6955 6956
f 6945 6949 6948
f 6953 6956 6957
f 6945 6950 6949
f 6953 6957 6958
f 6945 6951 6950
f 6953 6958 6959
f 6945 6952 6951
f 6953 6959 6960
f 6961 6962 6970
f 6961 6970 6969
f 6962 6963 6971
f 6962 6971 6970
f 6963 6964 6972
f 6963 6972 6971
f 6964 6965 6973
f 6964 6973 6972
f 6965 6966 6974
f 6965 6974 6973
f 6966 6967 6975
f 6966 6975 6974
f 6967 6968 6976
f 6967 6976 6975
f 6968 6961 6969
f 6968 6969 6976
f 6961 6963 6962
f 6969 6970 6971
f 6961 6964 6963
f 6969 6971 6972
f 6961 6965 6964
f 6969 6972 6973
f 6961 6966 6965
f 6969 6973 6974
f 6961 6967 6966
f 6969 6974 6975
f 6961 6968 6967
f 6969 6975 6976
f 6977 6978 6986
f 6977 6986 6985
f 6978 6979 6987
f 6978 6987 6986
f 6979 6980 6988
f 6979 6988 6987
f 6980 6981 6989
f 6980 6989 6988
f 6981 6982 6990
f 6981 6990 6989
f 6982 6983 6991
f 6982 6991 6990
f 6983 6984 6992
f 6983 6992 6991
f 6984 6977 6985
f 6984 6985 6992
f 6977 6979 6978
f 6985 6986 6987
f 6977 6980 6979
f 6985 6987 6988
f 6977 6981 6980
f 6985 6988 6989
f 6977 6982 6981
f 6985 6989 6990
f 6977 6983 6982
f 6985 6990 6991
f 6977 6984 6983
f 6985 6991 6992
f 6993 6994 7002
f 6993 7002 7001
f 6994 6995 7003
f 6994 7003 7002
f 6995 6996 7004
f 6995 7004 7003
f 6996 6997 7005
f 6996 7005 7004
f 6997 6998 7006
f 6997 7006 7005
f 6998 6999 7007
f 6998 7007 7006
f 6999 7000 7008
f 6999 7008 7007
f 7000 6993 7001
f 7000 7001 7008
f 6993 6995 6994
f 7001 7002 7003
f 6993 6996 6995
f 7001 7003 7004
f 6993 6997 6996
f 7001 7004 7005
f 6993 6998 6997
f 7001 7005 7006
f 6993 6999 6998
f 7001 7006 7007
f 6993 7000 6999
f 7001 7007 7008
f 7009 7010 7018
f 7009 7018 7017
f 7010 7011 7019
f 7010 7019 7018
f 7011 7012 7020
f 7011 7020 7019
f 7012 7013 7021
f 7012 7021 7020
f 7013 7014 7022
f 7013 7022 7021
f 7014 7015 7023
f 7014 7023 7022
f 7015 7016 7024
f 7015 7024 7023
f 7016 7009 7017
f 7016 7017 7024
f 7009 7011 7010
f 7017 7018 7019
f 7009 7012 7011
f 7017 7019 7020
f 7009 7013 7012
f 7017 7020 7021
f 7009 7014 7013
f 7017 7021 7022
f 7009 7015 7014
f 7017 7022 7023
f 7009 7016 7015
f 7017 7023 7024
f 7025 7026 7034
f 7025 7034 7033
f 7026 7027 7035
f 7026 7035 7034
f 7027 7028 7036
f 7027 7036 7035
f 7028 7029 7037
f 7028 7037 7036
f 7029 7030 7038
f 7029 7038 7037
f 7030 7031 7039
f 7030 7039 7038
f 7031 7032 7040
f 7031 7040 7039
f 7032 7025 7033
f 7032 7033 7040
f 7025 7027 7026
f 7033 7034 7035
f 7025 7028 7027
f 7033 7035 7036
f 7025 7029 7028
f 7033 7036 7037
f 7025 7030 7029
f 7033 7037 7038
f 7025 7031 7030
f 7033 7038 7039
f 7025 7032 7031
f 7033 7039 7040
f 7041 7042 7050
f 7041 7050 7049
f 7042 7043 7051
f 7042 7051 7050
f 7043 7044 7052
f 7043 7052 7051
f 7044 7045 7053
f 7044 7053 7052
f 7045 7046 7054
f 7045 7054 7053
f 7046 7047 7055
f 7046 7055 7054
f 7047 7048 7056
f 7047 7056 7055
f 7048 7041 7049
f 7048 7049 7056
f 7041 7043 7042
f 7049 7050 7051
f 7041 7044 7043
f 7049 7051 7052
f 7041 7045 7044
f 7049 7052 7053
f 7041 7046 7045
f 7049 7053 7054
f 7041 7047 7046
f 7049 7054 7055
f 7041 7048 7047
f 7049 7055 7056
f 7057 7058 7066
f 7057 7066 7065
f 7058 7059 7067
f 7058 7067 7066
f 7059 7060 7068
f 7059 7068 7067
f 7060 7061 7069
f 7060 7069 7068
f 7061 7062 7070
f 7061 7070 7069
f 7062 7063 7071
f 7062 7071 7070
f 7063 7064 7072
f 7063 7072 7071
f 7064 7057 7065
f 7064 7065 7072
f 7057 7059 7058
f 7065 7066 7067
f 7057 7060 7059
f 7065 7067 7068
f 7057 7061 7060
f 7065 7068 7069
f 7057 7062 7061
f 7065 7069 7070
f 7057 7063 7062
f 7065 7070 7071
f 7057 7064 7063
f 7065 7071 7072
f 7073 7074 7082
f 7073 7082 7081
f 7074 7075 7083
f 7074 7083 7082
f 7075 7076 7084
f 7075 7084 7083
f 7076 7077 7085
f 7076 7085 7084
f 7077 7078 7086
f 7077 7086 7085
f 7078 7079 7087
f 7078 7087 7086
f 7079 7080 7088
f 7079 7088 7087
f 7080 7073 7081
f 7080 7081 7088
f 7073 7075 7074
f 7081 7082 7083
f 7073 7076 7075
f 7081 7083 7084
f 7073 7077 7076
f 7081 7084 7085
f 7073 7078 7077
f 7081 7085 7086
f 7073 7079 7078
f 7081 7086 7087
f 7073 7080 7079
f 7081 7087 7088
f 7089 7090 7098
f 7089 7098 7097
f 7090 7091 7099
f 7090 7099 7098
f 7091 7092 7100
f 7091 7100 7099
f 7092 7093 7101
f 7092 7101 7100
f 7093 7094 7102
f 7093 7102 7101
f 7094 7095 7103
f 7094 7103 7102
f 7095 7096 7104
f 7095 7104 7103
f 7096 7089 7097
f 7096 7097 7104
f 7089 7091 7090
f 7097 7098 7099
f 7089 7092 7091
f 7097 7099 7100
f 7089 7093 7092
f 7097 7100 7101
f 7089 7094 7093
f 7097 7101 7102
f 7089 7095 7094
f 7097 7102 7103
f 7089 7096 7095
f 7097 7103 7104
f 7105 7106 7114
f 7105 7114 7113
f 7106 7107 7115
f 7106 7115 7114
f 7107 7108 7116
f 7107 7116 7115
f 7108 7109 7117
f 7108 7117 7116
f 7109 7110 7118
f 7109 7118 7117
f 7110 7111 7119
f 7110 7119 7118
f 7111 7112 7120
f 7111 7120 7119
f 7112 7105 7113
f 7112 7113 7120
f 7105 7107 7106
f 7113 7114 7115
f 7105 7108 7107
f 7113 7115 7116
f 7105 7109 7108
f 7113 7116 7117
f 7105 7110 7109
f 7113 7117 7118
f 7105 7111 7110
f 7113 7118 7119
f 7105 7112 7111
f 7113 7119 7120
f 7121 7122 7130
f 7121 7130 7129
f 7122 7123 7131
f 7122 7131 7130
f 7123 7124 7132
f 7123 7132 7131
f 7124 7125 7133
f 7124 7133 7132
f 7125 7126 7134
f 7125 7134 7133
f 7126 7127 7135
f 7126 7135 7134
f 7127 7128 7136
f 7127 7136 7135
f 7128 7121 7129
f 7128 7129 7136
f 7121 7123 7122
f 7129 7130 7131
f 7121 7124 7123
f 7129 7131 7132
f 7121 7125 7124
f 7129 7132 7133
f 7121 7126 7125
f 7129 7133 7134
f 7121 7127 7126
f 7129 7134 7135
f 7121 7128 7127
f 7129 7135 7136
f 7137 7138 7146
f 7137 7146 7145
f 7138 7139 7147
f 7138 7147 7146
f 7139 7140 7148
f 7139 7148 7147
f 7140 7141 7149
f 7140 7149 7148
f 7141 7142 7150
f 7141 7150 7149
f 7142 7143 7151
f 7142 7151 7150
f 7143 7144 7152
f 7143 7152 7151
f 7144 7137 7145
f 7144 7145 7152
f 7137 7139 7138
f 7145 7146 7147
f 7137 7140 7139
f 7145 7147 7148
f 7137 7141 7140
f 7145 7148 7149
f 7137 7142 7141
f 7145 7149 7150
f 7137 7143 7142
f 7145 7150 7151
f 7137 7144 7143
f 7145 7151 7152
f 7153 7154 7162
f 7153 7162 7161
f 7154 7155 7163
f 7154 7163 7162
f 7155 7156 7164
f 7155 7164 7163
f 7156 7157 7165
f 7156 7165 7164
f 7157 7158 7166
f 7157 7166 7165
f 7158 7159 7167
f 7158 7167 7166
f 7159 7160 7168
f 7159 7168 7167
f 7160 7153 7161
f 7160 7161 7168
f 7153 7155 7154
f 7161 7162 7163
f 7153 7156 7155
f 7161 7163 7164
f 7153 7157 7156
f 7161 7164 7165
f 7153 7158 7157
f 7161 7165 7166
f 7153 7159 7158
f 7161 7166 7167
f 7153 7160 7159
f 7161 7167 7168
f 7169 7170 7178
f 7169 7178 7177
f 7170 7171 7179
f 7170 7179 7178
f 7171 7172 7180
f 7171 7180 7179
f 7172 7173 7181
f 7172 7181 7180
f 7173 7174 7182
f 7173 7182 7181
f 7174 7175 7183
f 7174 7183 7182
f 7175 7176 7184
f 7175 7184 7183
f 7176 7169 7177
f 7176 7177 7184
f 7169 7171 7170
f 7177 7178 7179
f 7169 7172 7171
f 7177 7179 7180
f 7169 7173 7172
f 7177 7180 7181
f 7169 7174 7173
f 7177 7181 7182
f 7169 7175 7174
f 7177 7182 7183
f 7169 7176 7175
f 7177 7183 7184
f 7185 7186 7194
f 7185 7194 7193
f 7186 7187 7195
f 7186 7195 7194
f 7187 7188 7196
f 7187 7196 7195
f 7188 7189 7197
f 7188 7197 7196
f 7189 7190 7198
f 7189 7198 7197
f 7190 7191 7199
f 7190 7199 7198
f 7191 7192 7200
f 7191 7200 7199
f 7192 7185 7193
f 7192 7193 7200
f 7185 7187 7186
f 7193 7194 7195
f 7185 7188 7187
f 7193 7195 7196
f 7185 7189 7188
f 7193 7196 7197
f 7185 7190 7189
f 7193 7197 7198
f 7185 7191 7190
f 7193 7198 7199
f 7185 7192 7191
f 7193 7199 7200
f 7201 7202 7210
f 7201 7210 7209
f 7202 7203 7211
f 7202 7211 7210
f 7203 7204 7212
f 7203 7212 7211
f 7204 7205 7213
f 7204 7213 7212
f 7205 7206 7214
f 7205 7214 7213
f 7206 7207 7215
f 7206 7215 7214
f 7207 7208 7216
f 7207 7216 7215
f 7208 7201 7209
f 7208 7209 7216
f 7201 7203 7202
f 7209 7210 7211
f 7201 7204 7203
f 7209 7211 7212
f 7201 7205 7204
f 7209 7212 7213
f 7201 7206 7205
f 7209 7213 7214
f 7201 7207 7206
f 7209 7214 7215
f 7201 7208 7207
f 7209 7215 7216
f 7217 7218 7226
f 7217 7226 7225
f 7218 7219 7227
f 7218 7227 7226
f 7219 7220 7228
f 7219 7228 7227
f 7220 7221 7229
f 7220 7229 7228
f 7221 7222 7230
f 7221 7230 7229
f 7222 7223 7231
f 7222 7231 7230
f 7223 7224 7232
f 7223 7232 7231
f 7224 7217 7225
f 7224 7225 7232
f 7217 7219 7218
f 7225 7226 7227
f 7217 7220 7219
f 7225 7227 7228
f 7217 7221 7220
f 7225 7228 7229
f 7217 7222 7221
f 7225 7229 7230
f 7217 7223 7222
f 7225 7230 7231
f 7217 7224 7223
f 7225 7231 7232
f 7233 7234 7242
f 7233 7242 7241
f 7234 7235 7243
f 7234 7243 7242
f 7235 7236 7244
f 7235 7244 7243
f 7236 7237 7245
f 7236 7245 7244
f 7237 7238 7246
f 7237 7246 7245
f 7238 7239 7247
f 7238 7247 7246
f 7239 7240 7248
f 7239 7248 7247
f 7240 7233 7241
f 7240 7241 7248
f 7233 7235 7234
f 7241 7242 7243
f 7233 7236 7235
f 7241 7243 7244
f 7233 7237 7236
f 7241 7244 7245
f 7233 7238 7237
f 7241 7245 7246
f 7233 7239 7238
f 7241 7246 7247
f 7233 7240 7239
f 7241 7247 7248
f 7249 7250 7258
f 7249 7258 7257
f 7250 7251 7259
f 7250 7259 7258
f 7251 7252 7260
f 7251 7260 7259
f 7252 7253 7261
f 7252 7261 7260
f 7253 7254 7262
f 7253 7262 7261
f 7254 7255 7263
f 7254 7263 7262
f 7255 7256 7264
f 7255 7264 7263
f 7256 7249 7257
f 7256 7257 7264
f 7249 7251 7250
f 7257 7258 7259
f 7249 7252 7251
f 7257 7259 7260
f 7249 7253 7252
f 7257 7260 7261
f 7249 7254 7253
f 7257 7261 7262
f 7249 7255 7254
f 7257 7262 7263
f 7249 7256 7255
f 7257 7263 7264
f 7265 7266 7274
f 7265 7274 7273
f 7266 7267 7275
f 7266 7275 7274
f 7267 7268 7276
f 7267 7276 7275
f 7268 7269 7277
f 7268 7277 7276
f 7269 7270 7278
f 7269 7278 7277
f 7270 7271 7279
f 7270 7279 7278
f 7271 7272 7280
f 7271 7280 7279
f 7272 7265 7273
f 7272 7273 7280
f 7265 7267 7266
f 7273 7274 7275
f 7265 7268 7267
f 7273 7275 7276
f 7265 7269 7268
f 7273 7276 7277
f 7265 7270 7269
f 7273 7277 7278
f 7265 7271 7270
f 7273 7278 7279
f 7265 7272 7271
f 7273 7279 7280
f 7281 7282 7290
f 7281 7290 7289
f 7282 7283 7291
f 7282 7291 7290
f 7283 7284 7292
f 7283 7292 7291
f 7284 7285 7293
f 7284 7293 7292
f 7285 7286 7294
f 7285 7294 7293
f 7286 7287 7295
f 7286 7295 7294
f 7287 7288 7296
f 7287 7296 7295
f 7288 7281 7289
f 7288 7289 7296
f 7281 7283 7282
f 7289 7290 7291
f 7281 7284 7283
f 7289 7291 7292
f 7281 7285 7284
f 7289 7292 7293
f 7281 7286 7285
f 7289 7293 7294
f 7281 7287 7286
f 7289 7294 7295
f 7281 7288 7287
f 7289 7295 7296
f 7297 7298 7306
f 7297 7306 7305
f 7298 7299 7307
f 7298 7307 7306
f 7299 7300 7308
f 7299 7308 7307
f 7300 7301 7309
f 7300 7309 7308
f 7301 7302 7310
f 7301 7310 7309
f 7302 7303 7311
f 7302 7311 7310
f 7303 7304 7312
f 7303 7312 7311
f 7304 7297 7305
f 7304 7305 7312
f 7297 7299 7298
f 7305 7306 7307
f 7297 7300 7299
f 7305 7307 7308
f 7297 7301 7300
f 7305 7308 7309
f 7297 7302 7301
f 7305 7309 7310
f 7297 7303 7302
f 7305 7310 7311
f 7297 7304 7303
f 7305 7311 7312
f 7313 7314 7322
f 7313 7322 7321
f 7314 7315 7323
f 7314 7323 7322
f 7315 7316 7324
f 7315 7324 7323
f 7316 7317 7325
f 7316 7325 7324
f 7317 7318 7326
f 7317 7326 7325
f 7318 7319 7327
f 7318 7327 7326
f 7319 7320 7328
f 7319 7328 7327
f 7320 7313 7321
f 7320 7321 7328
f 7313 7315 7314
f 7321 7322 7323
f 7313 7316 7315
f 7321 7323 7324
f 7313 7317 7316
f 7321 7324 7325
f 7313 7318 7317
f 7321 7325 7326
f 7313 7319 7318
f 7321 7326 7327
f 7313 7320 7319
f 7321 7327 7328
f 7329 7330 7338
f 7329 7338 7337
f 7330 7331 7339
f 7330 7339 7338
f 7331 7332 7340
f 7331 7340 7339
f 7332 7333 7341
f 7332 7341 7340
f 7333 7334 7342
f 7333 7342 7341
f 7334 7335 7343
f 7334 7343 7342
f 7335 7336 7344
f 7335 7344 7343
f 7336 7329 7337
f 7336 7337 7344
f 7329 7331 7330
f 7337 7338 7339
f 7329 7332 7331
f 7337 7339 7340
f 7329 7333 7332
f 7337 7340 7341
f 7329 7334 7333
f 7337 7341 7342
f 7329 7335 7334
f 7337 7342 7343
f 7329 7336 7335
f 7337 7343 7344
f 7345 7346 7354
f 7345 7354 7353
f 7346 7347 7355
f 7346 7355 7354
f 7347 7348 7356
f 7347 7356 7355
f 7348 7349 7357
f 7348 7357 7356
f 7349 7350 7358
f 7349 7358 7357
f 7350 7351 7359
f 7350 7359 7358
f 7351 7352 7360
f 7351 7360 7359
f 7352 7345 7353
f 7352 7353 7360
f 7345 7347 7346
f 7353 7354 7355
f 7345 7348 7347
f 7353 7355 7356
f 7345 7349 7348
f 7353 7356 7357
f 7345 7350 7349
f 7353 7357 7358
f 7345 7351 7350
f 7353 7358 7359
f 7345 7352 7351
f 7353 7359 7360
f 7361 7362 7370
f 7361 7370 7369
f 7362 7363 7371
f 7362 7371 7370
f 7363 7364 7372
f 7363 7372 7371
f 7364 7365 7373
f 7364 7373 7372
f 7365 7366 7374
f 7365 7374 7373
f 7366 7367 7375
f 7366 7375 7374
f 7367 7368 7376
f 7367 7376 7375
f 7368 7361 7369
f 7368 7369 7376
f 7361 7363 7362
f 7369 7370 7371
f 7361 7364 7363
f 7369 7371 7372
f 7361 7365 7364
f 7369 7372 7373
f 7361 7366 7365
f 7369 7373 7374
f 7361 7367 7366
f 7369 7374 7375
f 7361 7368 7367
f 7369 7375 7376
f 7377 7378 7386
f 7377 7386 7385
f 7378 7379 7387
f 7378 7387 7386
f 7379 7380 7388
f 7379 7388 7387
f 7380 7381 7389
f 7380 7389 7388
f 7381 7382 7390
f 7381 7390 7389
f 7382 7383 7391
f 7382 7391 7390
f 7383 7384 7392
f 7383 7392 7391
f 7384 7377 7385
f 7384 7385 7392
f 7377 7379 7378
f 7385 7386 7387
f 7377 7380 7379
f 7385 7387 7388
f 7377 7381 7380
f 7385 7388 7389
f 7377 7382 7381
f 7385 7389 7390
f 7377 7383 7382
f 7385 7390 7391
f 7377 7384 7383
f 7385 7391 7392
f 7393 7394 7402
f 7393 7402 7401
f 7394 7395 7403
f 7394 7403 7402
f 7395 7396 7404
f 7395 7404 7403
f 7396 7397 7405
f 7396 7405 7404
f 7397 7398 7406
f 7397 7406 7405
f 7398 7399 7407
f 7398 7407 7406
f 7399 7400 7408
f 7399 7408 7407
f 7400 7393 7401
f 7400 7401 7408
f 7393 7395 7394
f 7401 7402 7403
f 7393 7396 7395
f 7401 7403 7404
f 7393 7397 7396
f 7401 7404 7405
f 7393 7398 7397
f 7401 7405 7406
f 7393 7399 7398
f 7401 7406 7407
f 7393 7400 7399
f 7401 7407 7408
f 7409 7410 7418
f 7409 7418 7417
f 7410 7411 7419
f 7410 7419 7418
f 7411 7412 7420
f 7411 7420 7419
f 7412 7413 7421
f 7412 7421 7420
f 7413 7414 7422
f 7413 7422 7421
f 7414 7415 7423
f 7414 7423 7422
f 7415 7416 7424
f 7415 7424 7423
f 7416 7409 7417
f 7416 7417 7424
f 7409 7411 7410
f 7417 7418 7419
f 7409 7412 7411
f 7417 7419 7420
f 7409 7413 7412
f 7417 7420 7421
f 7409 7414 7413
f 7417 7421 7422
f 7409 7415 7414
f 7417 7422 7423
f 7409 7416 7415
f 7417 7423 7424
f 7425 7426 7434
f 7425 7434 7433
f 7426 7427 7435
f 7426 7435 7434
f 7427 7428 7436
f 7427 7436 7435
f 7428 7429 7437
f 7428 7437 7436
f 7429 7430 7438
f 7429 7438 7437
f 7430 7431 7439
f 7430 7439 7438
f 7431 7432 7440
f 7431 7440 7439
f 7432 7425 7433
f 7432 7433 7440
f 7425 7427 7426
f 7433 7434 7435
f 7425 7428 7427
f 7433 7435 7436
f 7425 7429 7428
f 7433 7436 7437
f 7425 7430 7429
f 7433 7437 7438
f 7425 7431 7430
f 7433 7438 7439
f 7425 7432 7431
f 7433 7439 7440
f 7441 7442 7450
f 7441 7450 7449
f 7442 7443 7451
f 7442 7451 7450
f 7443 7444 7452
f 7443 7452 7451
f 7444 7445 7453
f 7444 7453 7452
f 7445 7446 7454
f 7445 7454 7453
f 7446 7447 7455
f 7446 7455 7454
f 7447 7448 7456
f 7447 7456 7455
f 7448 7441 7449
f 7448 7449 7456
f 7441 7443 7442
f 7449 7450 7451
f 7441 7444 7443
f 7449 7451 7452
f 7441 7445 7444
f 7449 7452 7453
f 7441 7446 7445
f 7449 7453 7454
f 7441 7447 7446
f 7449 7454 7455
f 7441 7448 7447
f 7449 7455 7456
f 7457 7458 7466
f 7457 7466 7465
f 7458 7459 7467
f 7458 7467 7466
f 7459 7460 7468
f 7459 7468 7467
f 7460 7461 7469
f 7460 7469 7468
f 7461 7462 7470
f 7461 7470 7469
f 7462 7463 7471
f 7462 7471 7470
f 7463 7464 7472
f 7463 7472 7471
f 7464 7457 7465
f 7464 7465 7472
f 7457 7459 7458
f 7465 7466 7467
f 7457 7460 7459
f 7465 7467 7468
f 7457 7461 7460
f 7465 7468 7469
f 7457 7462 7461
f 7465 7469 7470
f 7457 7463 7462
f 7465 7470 7471
f 7457 7464 7463
f 7465 7471 7472
f 7473 7474 7482
f 7473 7482 7481
f 7474 7475 7483
f 7474 7483 7482
f 7475 7476 7484
f 7475 7484 7483
f 7476 7477 7485
f 7476 7485 7484
f 7477 7478 7486
f 7477 7486 7485
f 7478 7479 7487
f 7478 7487 7486
f 7479 7480 7488
f 7479 7488 7487
f 7480 7473 7481
f 7480 7481 7488
f 7473 7475 7474
f 7481 7482 7483
f 7473 7476 7475
f 7481 7483 7484
f 7473 7477 7476
f 7481 7484 7485
f 7473 7478 7477
f 7481 7485 7486
f 7473 7479 7478
f 7481 7486 7487
f 7473 7480 7479
f 7481 7487 7488
f 7489 7490 7498
f 7489 7498 7497
f 7490 7491 7499
f 7490 7499 7498
f 7491 7492 7500
f 7491 7500 7499
f 7492 7493 7501
f 7492 7501 7500
f 7493 7494 7502
f 7493 7502 7501
f 7494 7495 7503
f 7494 7503 7502
f 7495 7496 7504
f 7495 7504 7503
f 7496 7489 7497
f 7496 7497 7504
f 7489 7491 7490
f 7497 7498 7499
f 7489 7492 7491
f 7497 7499 7500
f 7489 7493 7492
f 7497 7500 7501
f 7489 7494 7493
f 7497 7501 7502
f 7489 7495 7494
f 7497 7502 7503
f 7489 7496 7495
f 7497 7503 7504
f 7505 7506 7514
f 7505 7514 7513
f 7506 7507 7515
f 7506 7515 7514
f 7507 7508 7516
f 7507 7516 7515
f 7508 7509 7517
f 7508 7517 7516
f 7509 7510 7518
f 7509 7518 7517
f 7510 7511 7519
f 7510 7519 7518
f 7511 7512 7520
f 7511 7520 7519
f 7512 7505 7513
f 7512 7513 7520
f 7505 7507 7506
f 7513 7514 7515
f 7505 7508 7507
f 7513 7515 7516
f 7505 7509 7508
f 7513 7516 7517
f 7505 7510 7509
f 7513 7517 7518
f 7505 7511 7510
f 7513 7518 7519
f 7505 7512 7511
f 7513 7519 7520
f 7521 7522 7530
f 7521 7530 7529
f 7522 7523 7531
f 7522 7531 7530
f 7523 7524 7532
f 7523 7532 7531
f 7524 7525 7533
f 7524 7533 7532
f 7525 7526 7534
f 7525 7534 7533
f 7526 7527 7535
f 7526 7535 7534
f 7527 7528 7536
f 7527 7536 7535
f 7528 7521 7529
f 7528 7529 7536
f 7521 7523 7522
f 7529 7530 7531
f 7521 7524 7523
f 7529 7531 7532
f 7521 7525 7524
f 7529 7532 7533
f 7521 7526 7525
f 7529 7533 7534
f 7521 7527 7526
f 7529 7534 7535
f 7521 7528 7527
f 7529 7535 7536
f 7537 7538 7546
f 7537 7546 7545
f 7538 7539 7547
f 7538 7547 7546
f 7539 7540 7548
f 7539 7548 7547
f 7540 7541 7549
f 7540 7549 7548
f 7541 7542 7550
f 7541 7550 7549
f 7542 7543 7551
f 7542 7551 7550
f 7543 7544 7552
f 7543 7552 7551
f 7544 7537 7545
f 7544 7545 7552
f 7537 7539 7538
f 7545 7546 7547
f 7537 7540 7539
f 7545 7547 7548
f 7537 7541 7540
f 7545 7548 7549
f 7537 7542 7541
f 7545 7549 7550
f 7537 7543 7542
f 7545 7550 7551
f 7537 7544 7543
f 7545 7551 7552
f 7553 7554 7562
f 7553 7562 7561
f 7554 7555 7563
f 7554 7563 7562
f 7555 7556 7564
f 7555 7564 7563
f 7556 7557 7565
f 7556 7565 7564
f 7557 7558 7566
f 7557 7566 7565
f 7558 7559 7567
f 7558 7567 7566
f 7559 7560 7568
f 7559 7568 7567
f 7560 7553 7561
f 7560 7561 7568
f 7553 7555 7554
f 7561 7562 7563
f 7553 7556 7555
f 7561 7563 7564
f 7553 7557 7556
f 7561 7564 7565
f 7553 7558 7557
f 7561 7565 7566
f 7553 7559 7558
f 7561 7566 7567
f 7553 7560 7559
f 7561 7567 7568
f 7569 7570 7578
f 7569 7578 7577
f 7570 7571 7579
f 7570 7579 7578
f 7571 7572 7580
f 7571 7580 7579
f 7572 7573 7581
f 7572 7581 7580
f 7573 7574 7582
f 7573 7582 7581
f 7574 7575 7583
f 7574 7583 7582
f 7575 7576 7584
f 7575 7584 7583
f 7576 7569 7577
f 7576 7577 7584
f 7569 7571 7570
f 7577 7578 7579
f 7569 7572 7571
f 7577 7579 7580
f 7569 7573 7572
f 7577 7580 7581
f 7569 7574 7573
f 7577 7581 7582
f 7569 7575 7574
f 7577 7582 7583
f 7569 7576 7575
f 7577 7583 7584
f 7585 7586 7594
f 7585 7594 7593
f 7586 7587 7595
f 7586 7595 7594
f 7587 7588 7596
f 7587 7596 7595
f 7588 7589 7597
f 7588 7597 7596
f 7589 7590 7598
f 7589 7598 7597
f 7590 7591 7599
f 7590 7599 7598
f 7591 7592 7600
f 7591 7600 7599
f 7592 7585 7593
f 7592 7593 7600
f 7585 7587 7586
f 7593 7594 7595
f 7585 7588 7587
f 7593 7595 7596
f 7585 7589 7588
f 7593 7596 7597
f 7585 7590 7589
f 7593 7597 7598
f 7585 7591 7590
f 7593 7598 7599
f 7585 7592 7591
f 7593 7599 7600
f 7601 7602 7610
f 7601 7610 7609
f 7602 7603 7611
f 7602 7611 7610
f 7603 7604 7612
f 7603 7612 7611
f 7604 7605 7613
f 7604 7613 7612
f 7605 7606 7614
f 7605 7614 7613
f 7606 7607 7615
f 7606 7615 7614
f 7607 7608 7616
f 7607 7616 7615
f 7608 7601 7609
f 7608 7609 7616
f 7601 7603 7602
f 7609 7610 7611
f 7601 7604 7603
f 7609 7611 7612
f 7601 7605 7604
f 7609 7612 7613
f 7601 7606 7605
f 7609 7613 7614
f 7601 7607 7606
f 7609 7614 7615
f 7601 7608 7607
f 7609 7615 7616
f 7617 7618 7626
f 7617 7626 7625
f 7618 7619 7627
f 7618 7627 7626
f 7619 7620 7628
f 7619 7628 7627
f 7620 7621 7629
f 7620 7629 7628
f 7621 7622 7630
f 7621 7630 7629
f 7622 7623 7631
f 7622 7631 7630
f 7623 7624 7632
f 7623 7632 7631
f 7624 7617 7625
f 7624 7625 7632
f 7617 7619 7618
f 7625 7626 7627
f 7617 7620 7619
f 7625 7627 7628
f 7617 7621 7620
f 7625 7628 7629
f 7617 7622 7621
f 7625 7629 7630
f 7617 7623 7622
f 7625 7630 7631
f 7617 7624 7623
f 7625 7631 7632
f 7633 7634 7642
f 7633 7642 7641
f 7634 7635 7643
f 7634 7643 7642
f 7635 7636 7644
f 7635 7644 7643
f 7636 7637 7645
f 7636 7645 7644
f 7637 7638 7646
f 7637 7646 7645
f 7638 7639 7647
f 7638 7647 7646
f 7639 7640 7648
f 7639 7648 7647
f 7640 7633 7641
f 7640 7641 7648
f 7633 7635 7634
f 7641 7642 7643
f 7633 7636 7635
f 7641 7643 7644
f 7633 7637 7636
f 7641 7644 7645
f 7633 7638 7637
f 7641 7645 7646
f 7633 7639 7638
f 7641 7646 7647
f 7633 7640 7639
f 7641 7647 7648
f 7649 7650 7658
f 7649 7658 7657
f 7650 7651 7659
f 7650 7659 7658
f 7651 7652 7660
f 7651 7660 7659
f 7652 7653 7661
f 7652 7661 7660
f 7653 7654 7662
f 7653 7662 7661
f 7654 7655 7663
f 7654 7663 7662
f 7655 7656 7664
f 7655 7664 7663
f 7656 7649 7657
f 7656 7657 7664
f 7649 7651 7650
f 7657 7658 7659
f 7649 7652 7651
f 7657 7659 7660
f 7649 7653 7652
f 7657 7660 7661
f 7649 7654 7653
f 7657 7661 7662
f 7649 7655 7654
f 7657 7662 7663
f 7649 7656 7655
f 7657 7663 7664
f 7665 7666 7674
f 7665 7674 7673
f 7666 7667 7675
f 7666 7675 7674
f 7667 7668 7676
f 7667 7676 7675
f 7668 7669 7677
f 7668 7677 7676
f 7669 7670 7678
f 7669 7678 7677
f 7670 7671 7679
f 7670 7679 7678
f 7671 7672 7680
f 7671 7680 7679
f 7672 7665 7673
f 7672 7673 7680
f 7665 7667 7666
f 7673 7674 7675
f 7665 7668 7667
f 7673 7675 7676
f 7665 7669 7668
f 7673 7676 7677
f 7665 7670 7669
f 7673 7677 7678
f 7665 7671 7670
f 7673 7678 7679
f 7665 7672 7671
f 7673 7679 7680
f 7681 7682 7690
f 7681 7690 7689
f 7682 7683 7691
f 7682 7691 7690
f 7683 7684 7692
f 7683 7692 7691
f 7684 7685 7693
f 7684 7693 7692
f 7685 7686 7694
f 7685 7694 7693
f 7686 7687 7695
f 7686 7695 7694
f 7687 7688 7696
f 7687 7696 7695
f 7688 7681 7689
f 7688 7689 7696
f 7681 7683 7682
f 7689 7690 7691
f 7681 7684 7683
f 7689 7691 7692
f 7681 7685 7684
f 7689 7692 7693
f 7681 7686 7685
f 7689 7693 7694
f 7681 7687 7686
f 7689 7694 7695
f 7681 7688 7687
f 7689 7695 7696
f 7697 7698 7706
f 7697 7706 7705
f 7698 7699 7707
f 7698 7707 7706
f 7699 7700 7708
f 7699 7708 7707
f 7700 7701 7709
f 7700 7709 7708
f 7701 7702 7710
f 7701 7710 7709
f 7702 7703 7711
f 7702 7711 7710
f 7703 7704 7712
f 7703 7712 7711
f 7704 7697 7705
f 7704 7705 7712
f 7697 7699 7698
f 7705 7706 7707
f 7697 7700 7699
f 7705 7707 7708
f 7697 7701 7700
f 7705 7708 7709
f 7697 7702 7701
f 7705 7709 7710
f 7697 7703 7702
f 7705 7710 7711
f 7697 7704 7703
f 7705 7711 7712
f 7713 7714 7722
f 7713 7722 7721
f 7714 7715 7723
f 7714 7723 7722
f 7715 7716 7724
f 7715 7724 7723
f 7716 7717 7725
f 7716 7725 7724
f 7717 7718 7726
f 7717 7726 7725
f 7718 7719 7727
f 7718 7727 7726
f 7719 7720 7728
f 7719 7728 7727
f 7720 7713 7721
f 7720 7721 7728
f 7713 7715 7714
f 7721 7722 7723
f 7713 7716 7715
f 7721 7723 7724
f 7713 7717 7716
f 7721 7724 7725
f 7713 7718 7717
f 7721 7725 7726
f 7713 7719 7718
f 7721 7726 7727
f 7713 7720 7719
f 7721 7727 7728
f 7729 7730 7738
f 7729 7738 7737
f 7730 7731 7739
f 7730 7739 7738
f 7731 7732 7740
f 7731 7740 7739
f 7732 7733 7741
f 7732 7741 7740
f 7733 7734 7742
f 7733 7742 7741
f 7734 7735 7743
f 7734 7743 7742
f 7735 7736 7744
f 7735 7744 7743
f 7736 7729 7737
f 7736 7737 7744
f 7729 7731 7730
f 7737 7738 7739
f 7729 7732 7731
f 7737 7739 7740
f 7729 7733 7732
f 7737 7740 7741
f 7729 7734 7733
f 7737 7741 7742
f 7729 7735 7734
f 7737 7742 7743
f 7729 7736 7735
f 7737 7743 7744
f 7745 7746 7754
f 7745 7754 7753
f 7746 7747 7755
f 7746 7755 7754
f 7747 7748 7756
f 7747 7756 7755
f 7748 7749 7757
f 7748 7757 7756
f 7749 7750 7758
f 7749 7758 7757
f 7750 7751 7759
f 7750 7759 7758
f 7751 7752 7760
f 7751 7760 7759
f 7752 7745 7753
f 7752 7753 7760
f 7745 7747 7746
f 7753 7754 7755
f 7745 7748 7747
f 7753 7755 7756
f 7745 7749 7748
f 7753 7756 7757
f 7745 7750 7749
f 7753 7757 7758
f 7745 7751 7750
f 7753 7758 7759
f 7745 7752 7751
f 7753 7759 7760
f 7761 7762 7770
f 7761 7770 7769
f 7762 7763 7771
f 7762 7771 7770
f 7763 7764 7772
f 7763 7772 7771
f 7764 7765 7773
f 7764 7773 7772
f 7765 7766 7774
f 7765 7774 7773
f 7766 7767 7775
f 7766 7775 7774
f 7767 7768 7776
f 7767 7776 7775
f 7768 7761 7769
f 7768 7769 7776
f 7761 7763 7762
f 7769 7770 7771
f 7761 7764 7763
f 7769 7771 7772
f 7761 7765 7764
f 7769 7772 7773
f 7761 7766 7765
f 7769 7773 7774
f 7761 7767 7766
f 7769 7774 7775
f 7761 7768 7767
f 7769 7775 7776
f 7777 7778 7786
f 7777 7786 7785
f 7778 7779 7787
f 7778 7787 7786
f 7779 7780 7788
f 7779 7788 7787
f 7780 7781 7789
f 7780 7789 7788
f 7781 7782 7790
f 7781 7790 7789
f 7782 7783 7791
f 7782 7791 7790
f 7783 7784 7792
f 7783 7792 7791
f 7784 7777 7785
f 7784 7785 7792
f 7777 7779 7778
f 7785 7786 7787
f 7777 7780 7779
f 7785 7787 7788
f 7777 7781 7780
f 7785 7788 7789
f 7777 7782 7781
f 7785 7789 7790
f 7777 7783 7782
f 7785 7790 7791
f 7777 7784 7783
f 7785 7791 7792
f 7793 7794 7802
f 7793 7802 7801
f 7794 7795 7803
f 7794 7803 7802
f 7795 7796 7804
f 7795 7804 7803
f 7796 7797 7805
f 7796 7805 7804
f 7797 7798 7806
f 7797 7806 7805
f 7798 7799 7807
f 7798 7807 7806
f 7799 7800 7808
f 7799 7808 7807
f 7800 7793 7801
f 7800 7801 7808
f 7793 7795 7794
f 7801 7802 7803
f 7793 7796 7795
f 7801 7803 7804
f 7793 7797 7796
f 7801 7804 7805
f 7793 7798 7797
f 7801 7805 7806
f 7793 7799 7798
f 7801 7806 7807
f 7793 7800 7799
f 7801 7807 7808
f 7809 7810 7818
f 7809 7818 7817
f 7810 7811 7819
f 7810 7819 7818
f 7811 7812 7820
f 7811 7820 7819
f 7812 7813 7821
f 7812 7821 7820
f 7813 7814 7822
f 7813 7822 7821
f 7814 7815 7823
f 7814 7823 7822
f 7815 7816 7824
f 7815 7824 7823
f 7816 7809 7817
f 7816 7817 7824
f 7809 7811 7810
f 7817 7818 7819
f 7809 7812 7811
f 7817 7819 7820
f 7809 7813 7812
f 7817 7820 7821
f 7809 7814 7813
f 7817 7821 7822
f 7809 7815 7814
f 7817 7822 7823
f 7809 7816 7815
f 7817 7823 7824
f 7825 7826 7834
f 7825 7834 7833
f 7826 7827 7835
f 7826 7835 7834
f 7827 7828 7836
f 7827 7836 7835
f 7828 7829 7837
f 7828 7837 7836
f 7829 7830 7838
f 7829 7838 7837
f 7830 7831 7839
f 7830 7839 7838
f 7831 7832 7840
f 7831 7840 7839
f 7832 7825 7833
f 7832 7833 7840
f 7825 7827 7826
f 7833 7834 7835
f 7825 7828 7827
f 7833 7835 7836
f 7825 7829 7828
f 7833 7836 7837
f 7825 7830 7829
f 7833 7837 7838
f 7825 7831 7830
f 7833 7838 7839
f 7825 7832 7831
f 7833 7839 7840
f 7841 7842 7850
f 7841 7850 7849
f 7842 7843 7851
f 7842 7851 7850
f 7843 7844 7852
f 7843 7852 7851
f 7844 7845 7853
f 7844 7853 7852
f 7845 7846 7854
f 7845 7854 7853
f 7846 7847 7855
f 7846 7855 7854
f 7847 7848 7856
f 7847 7856 7855
f 7848 7841 7849
f 7848 7849 7856
f 7841 7843 7842
f 7849 7850 7851
f 7841 7844 7843
f 7849 7851 7852
f 7841 7845 7844
f 7849 7852 7853
f 7841 7846 7845
f 7849 7853 7854
f 7841 7847 7846
f 7849 7854 7855
f 7841 7848 7847
f 7849 7855 7856
f 7857 7858 7866
f 7857 7866 7865
f 7858 7859 7867
f 7858 7867 7866
f 7859 7860 7868
f 7859 7868 7867
f 7860 7861 7869
f 7860 7869 7868
f 7861 7862 7870
f 7861 7870 7869
f 7862 7863 7871
f 7862 7871 7870
f 7863 7864 7872
f 7863 7872 7871
f 7864 7857 7865
f 7864 7865 7872
f 7857 7859 7858
f 7865 7866 7867
f 7857 7860 7859
f 7865 7867 7868
f 7857 7861 7860
f 7865 7868 7869
f 7857 7862 7861
f 7865 7869 7870
f 7857 7863 7862
f 7865 7870 7871
f 7857 7864 7863
f 7865 7871 7872
f 7873 7874 7882
f 7873 7882 7881
f 7874 7875 7883
f 7874 7883 7882
f 7875 7876 7884
f 7875 7884 7883
f 7876 7877 7885
f 7876 7885 7884
f 7877 7878 7886
f 7877 7886 7885
f 7878 7879 7887
f 7878 7887 7886
f 7879 7880 7888
f 7879 7888 7887
f 7880 7873 7881
f 7880 7881 7888
f 7873 7875 7874
f 7881 7882 7883
f 7873 7876 7875
f 7881 7883 7884
f 7873 7877 7876
f 7881 7884 7885
f 7873 7878 7877
f 7881 7885 7886
f 7873 7879 7878
f 7881 7886 7887
f 7873 7880 7879
f 7881 7887 7888
f 7889 7890 7898
f 7889 7898 7897
f 7890 7891 7899
f 7890 7899 7898
f 7891 7892 7900
f 7891 7900 7899
f 7892 7893 7901
f 7892 7901 7900
f 7893 7894 7902
f 7893 7902 7901
f 7894 7895 7903
f 7894 7903 7902
f 7895 7896 7904
f 7895 7904 7903
f 7896 7889 7897
f 7896 7897 7904
f 7889 7891 7890
f 7897 7898 7899
f 7889 7892 7891
f 7897 7899 7900
f 7889 7893 7892
f 7897 7900 7901
f 7889 7894 7893
f 7897 7901 7902
f 7889 7895 7894
f 7897 7902 7903
f 7889 7896 7895
f 7897 7903 7904
f 7905 7906 7914
f 7905 7914 7913
f 7906 7907 7915
f 7906 7915 7914
f 7907 7908 7916
f 7907 7916 7915
f 7908 7909 7917
f 7908 7917 7916
f 7909 7910 7918
f 7909 7918 7917
f 7910 7911 7919
f 7910 7919 7918
f 7911 7912 7920
f 7911 7920 7919
f 7912 7905 7913
f 7912 7913 7920
f 7905 7907 7906
f 7913 7914 7915
f 7905 7908 7907
f 7913 7915 7916
f 7905 7909 7908
f 7913 7916 7917
f 7905 7910 7909
f 7913 7917 7918
f 7905 7911 7910
f 7913 7918 7919
f 7905 7912 7911
f 7913 7919 7920
f 7921 7922 7930
f 7921 7930 7929
f 7922 7923 7931
f 7922 7931 7930
f 7923 7924 7932
f 7923 7932 7931
f 7924 7925 7933
f 7924 7933 7932
f 7925 7926 7934
f 7925 7934 7933
f 7926 7927 7935
f 7926 7935 7934
f 7927 7928 7936
f 7927 7936 7935
f 7928 7921 7929
f 7928 7929 7936
f 7921 7923 7922
f 7929 7930 7931
f 7921 7924 7923
f 7929 7931 7932
f 7921 7925 7924
f 7929 7932 7933
f 7921 7926 7925
f 7929 7933 7934
f 7921 7927 7926
f 7929 7934 7935
f 7921 7928 7927
f 7929 7935 7936
f 7937 7938 7946
f 7937 7946 7945
f 7938 7939 7947
f 7938 7947 7946
f 7939 7940 7948
f 7939 7948 7947
f 7940 7941 7949
f 7940 7949 7948
f 7941 7942 7950
f 7941 7950 7949
f 7942 7943 7951
f 7942 7951 7950
f 7943 7944 7952
f 7943 7952 7951
f 7944 7937 7945
f 7944 7945 7952
f 7937 7939 7938
f 7945 7946 7947
f 7937 7940 7939
f 7945 7947 7948
f 7937 7941 7940
f 7945 7948 7949
f 7937 7942 7941
f 7945 7949 7950
f 7937 7943 7942
f 7945 7950 7951
f 7937 7944 7943
f 7945 7951 7952
f 7953 7954 7962
f 7953 7962 7961
f 7954 7955 7963
f 7954 7963 7962
f 7955 7956 7964
f 7955 7964 7963
f 7956 7957 7965
f 7956 7965 7964
f 7957 7958 7966
f 7957 7966 7965
f 7958 7959 7967
f 7958 7967 7966
f 7959 7960 7968
f 7959 7968 7967
f 7960 7953 7961
f 7960 7961 7968
f 7953 7955 7954
f 7961 7962 7963
f 7953 7956 7955
f 7961 7963 7964
f 7953 7957 7956
f 7961 7964 7965
f 7953 7958 7957
f 7961 7965 7966
f 7953 7959 7958
f 7961 7966 7967
f 7953 7960 7959
f 7961 7967 7968
f 7969 7970 7978
f 7969 7978 7977
f 7970 7971 7979
f 7970 7979 7978
f 7971 7972 7980
f 7971 7980 7979
f 7972 7973 7981
f 7972 7981 7980
f 7973 7974 7982
f 7973 7982 7981
f 7974 7975 7983
f 7974 7983 7982
f 7975 7976 7984
f 7975 7984 7983
f 7976 7969 7977
f 7976 7977 7984
f 7969 7971 7970
f 7977 7978 7979
f 7969 7972 7971
f 7977 7979 7980
f 7969 7973 7972
f 7977 7980 7981
f 7969 7974 7973
f 7977 7981 7982
f 7969 7975 7974
f 7977 7982 7983
f 7969 7976 7975
f 7977 7983 7984
f 7985 7986 7994
f 7985 7994 7993
f 7986 7987 7995
f 7986 7995 7994
f 7987 7988 7996
f 7987 7996 7995
f 7988 7989 7997
f 7988 7997 7996
f 7989 7990 7998
f 7989 7998 7997
f 7990 7991 7999
f 7990 7999 7998
f 7991 7992 8000
f 7991 8000 7999
f 7992 7985 7993
f 7992 7993 8000
f 7985 7987 7986
f 7993 7994 7995
f 7985 7988 7987
f 7993 7995 7996
f 7985 7989 7988
f 7993 7996 7997
f 7985 7990 7989
f 7993 7997 7998
f 7985 7991 7990
f 7993 7998 7999
f 7985 7992 7991
f 7993 7999 8000
f 8001 8002 8010
f 8001 8010 8009
f 8002 8003 8011
f 8002 8011 8010
f 8003 8004 8012
f 8003 8012 8011
f 8004 8005 8013
f 8004 8013 8012
f 8005 8006 8014
f 8005 8014 8013
f 8006 8007 8015
f 8006 8015 8014
f 8007 8008 8016
f 8007 8016 8015
f 8008 8001 8009
f 8008 8009 8016
f 8001 8003 8002
f 8009 8010 8011
f 8001 8004 8003
f 8009 8011 8012
f 8001 8005 8004
f 8009 8012 8013
f 8001 8006 8005
f 8009 8013 8014
f 8001 8007 8006
f 8009 8014 8015
f 8001 8008 8007
f 8009 8015 8016
f 8017 8018 8026
f 8017 8026 8025
f 8018 8019 8027
f 8018 8027 8026
f 8019 8020 8028
f 8019 8028 8027
f 8020 8021 8029
f 8020 8029 8028
f 8021 8022 8030
f 8021 8030 8029
f 8022 8023 8031
f 8022 8031 8030
f 8023 8024 8032
f 8023 8032 8031
f 8024 8017 8025
f 8024 8025 8032
f 8017 8019 8018
f 8025 8026 8027
f 8017 8020 8019
f 8025 8027 8028
f 8017 8021 8020
f 8025 8028 8029
f 8017 8022 8021
f 8025 8029 8030
f 8017 8023 8022
f 8025 8030 8031
f 8017 8024 8023
f 8025 8031 8032
f 8033 8034 8042
f 8033 8042 8041
f 8034 8035 8043
f 8034 8043 8042
f 8035 8036 8044
f 8035 8044 8043
f 8036 8037 8045
f 8036 8045 8044
f 8037 8038 8046
f 8037 8046 8045
f 8038 8039 8047
f 8038 8047 8046
f 8039 8040 8048
f 8039 8048 8047
f 8040 8033 8041
f 8040 8041 8048
f 8033 8035 8034
f 8041 8042 8043
f 8033 8036 8035
f 8041 8043 8044
f 8033 8037 8036
f 8041 8044 8045
f 8033 8038 8037
f 8041 8045 8046
f 8033 8039 8038
f 8041 8046 8047
f 8033 8040 8039
f 8041 8047 8048
f 8049 8050 8058
f 8049 8058 8057
f 8050 8051 8059
f 8050 8059 8058
f 8051 8052 8060
f 8051 8060 8059
f 8052 8053 8061
f 8052 8061 8060
f 8053 8054 8062
f 8053 8062 8061
f 8054 8055 8063
f 8054 8063 8062
f 8055 8056 8064
f 8055 8064 8063
f 8056 8049 8057
f 8056 8057 8064
f 8049 8051 8050
f 8057 8058 8059
f 8049 8052 8051
f 8057 8059 8060
f 8049 8053 8052
f 8057 8060 8061
f 8049 8054 8053
f 8057 8061 8062
f 8049 8055 8054
f 8057 8062 8063
f 8049 8056 8055
f 8057 8063 8064
f 8065 8066 8074
f 8065 8074 8073
f 8066 8067 8075
f 8066 8075 8074
f 8067 8068 8076
f 8067 8076 8075
f 8068 8069 8077
f 8068 8077 8076
f 8069 8070 8078
f 8069 8078 8077
f 8070 8071 8079
f 8070 8079 8078
f 8071 8072 8080
f 8071 8080 8079
f 8072 8065 8073
f 8072 8073 8080
f 8065 8067 8066
f 8073 8074 8075
f 8065 8068 8067
f 8073 8075 8076
f 8065 8069 8068
f 8073 8076 8077
f 8065 8070 8069
f 8073 8077 8078
f 8065 8071 8070
f 8073 8078 8079
f 8065 8072 8071
f 8073 8079 8080
f 8081 8082 8090
f 8081 8090 8089
f 8082 8083 8091
f 8082 8091 8090
f 8083 8084 8092
f 8083 8092 8091
f 8084 8085 8093
f 8084 8093 8092
f 8085 8086 8094
f 8085 8094 8093
f 8086 8087 8095
f 8086 8095 8094
f 8087 8088 8096
f 8087 8096 8095
f 8088 8081 8089
f 8088 8089 8096
f 8081 8083 8082
f 8089 8090 8091
f 8081 8084 8083
f 8089 8091 8092
f 8081 8085 8084
f 8089 8092 8093
f 8081 8086 8085
f 8089 8093 8094
f 8081 8087 8086
f 8089 8094 8095
f 8081 8088 8087
f 8089 8095 8096
f 8097 8098 8106
f 8097 8106 8105
f 8098 8099 8107
f 8098 8107 8106
f 8099 8100 8108
f 8099 8108 8107
f 8100 8101 8109
f 8100 8109 8108
f 8101 8102 8110
f 8101 8110 8109
f 8102 8103 8111
f 8102 8111 8110
f 8103 8104 8112
f 8103 8112 8111
f 8104 8097 8105
f 8104 8105 8112
f 8097 8099 8098
f 8105 8106 8107
f 8097 8100 8099
f 8105 8107 8108
f 8097 8101 8100
f 8105 8108 8109
f 8097 8102 8101
f 8105 8109 8110
f 8097 8103 8102
f 8105 8110 8111
f 8097 8104 8103
f 8105 8111 8112
f 8113 8114 8122
f 8113 8122 8121
f 8114 8115 8123
f 8114 8123 8122
f 8115 8116 8124
f 8115 8124 8123
f 8116 8117 8125
f 8116 8125 8124
f 8117 8118 8126
f 8117 8126 8125
f 8118 8119 8127
f 8118 8127 8126
f 8119 8120 8128
f 8119 8128 8127
f 8120 8113 8121
f 8120 8121 8128
f 8113 8115 8114
f 8121 8122 8123
f 8113 8116 8115
f 8121 8123 8124
f 8113 8117 8116
f 8121 8124 8125
f 8113 8118 8117
f 8121 8125 8126
f 8113 8119 8118
f 8121 8126 8127
f 8113 8120 8119
f 8121 8127 8128
f 8129 8130 8138
f 8129 8138 8137
f 8130 8131 8139
f 8130 8139 8138
f 8131 8132 8140
f 8131 8140 8139
f 8132 8133 8141
f 8132 8141 8140
f 8133 8134 8142
f 8133 8142 8141
f 8134 8135 8143
f 8134 8143 8142
f 8135 8136 8144
f 8135 8144 8143
f 8136 8129 8137
f 8136 8137 8144
f 8129 8131 8130
f 8137 8138 8139
f 8129 8132 8131
f 8137 8139 8140
f 8129 8133 8132
f 8137 8140 8141
f 8129 8134 8133
f 8137 8141 8142
f 8129 8135 8134
f 8137 8142 8143
f 8129 8136 8135
f 8137 8143 8144
f 8145 8146 8154
f 8145 8154 8153
f 8146 8147 8155
f 8146 8155 8154
f 8147 8148 8156
f 8147 8156 8155
f 8148 8149 8157
f 8148 8157 8156
f 8149 8150 8158
f 8149 8158 8157
f 8150 8151 8159
f 8150 8159 8158
f 8151 8152 8160
f 8151 8160 8159
f 8152 8145 8153
f 8152 8153 8160
f 8145 8147 8146
f 8153 8154 8155
f 8145 8148 8147
f 8153 8155 8156
f 8145 8149 8148
f 8153 8156 8157
f 8145 8150 8149
f 8153 8157 8158
f 8145 8151 8150
f 8153 8158 8159
f 8145 8152 8151
f 8153 8159 8160
f 8161 8162 8170
f 8161 8170 8169
f 8162 8163 8171
f 8162 8171 8170
f 8163 8164 8172
f 8163 8172 8171
f 8164 8165 8173
f 8164 8173 8172
f 8165 8166 8174
f 8165 8174 8173
f 8166 8167 8175
f 8166 8175 8174
f 8167 8168 8176
f 8167 8176 8175
f 8168 8161 8169
f 8168 8169 8176
f 8161 8163 8162
f 8169 8170 8171
f 8161 8164 8163
f 8169 8171 8172
f 8161 8165 8164
f 8169 8172 8173
f 8161 8166 8165
f 8169 8173 8174
f 8161 8167 8166
f 8169 8174 8175
f 8161 8168 8167
f 8169 8175 8176
f 8177 8178 8186
f 8177 8186 8185
f 8178 8179 8187
f 8178 8187 8186
f 8179 8180 8188
f 8179 8188 8187
f 8180 8181 8189
f 8180 8189 8188
f 8181 8182 8190
f 8181 8190 8189
f 8182 8183 8191
f 8182 8191 8190
f 8183 8184 8192
f 8183 8192 8191
f 8184 8177 8185
f 8184 8185 8192
f 8177 8179 8178
f 8185 8186 8187
f 8177 8180 8179
f 8185 8187 8188
f 8177 8181 8180
f 8185 8188 8189
f 8177 8182 8181
f 8185 8189 8190
f 8177 8183 8182
f 8185 8190 8191
f 8177 8184 8183
f 8185 8191 8192
f 8193 8194 8202
f 8193 8202 8201
f 8194 8195 8203
f 8194 8203 8202
f 8195 8196 8204
f 8195 8204 8203
f 8196 8197 8205
f 8196 8205 8204
f 8197 8198 8206
f 8197 8206 8205
f 8198 8199 8207
f 8198 8207 8206
f 8199 8200 8208
f 8199 8208 8207
f 8200 8193 8201
f 8200 8201 8208
f 8193 8195 8194
f 8201 8202 8203
f 8193 8196 8195
f 8201 8203 8204
f 8193 8197 8196
f 8201 8204 8205
f 8193 8198 8197
f 8201 8205 8206
f 8193 8199 8198
f 8201 8206 8207
f 8193 8200 8199
f 8201 8207 8208
f 8209 8210 8218
f 8209 8218 8217
f 8210 8211 8219
f 8210 8219 8218
f 8211 8212 8220
f 8211 8220 8219
f 8212 8213 8221
f 8212 8221 8220
f 8213 8214 8222
f 8213 8222 8221
f 8214 8215 8223
f 8214 8223 8222
f 8215 8216 8224
f 8215 8224 8223
f 8216 8209 8217
f 8216 8217 8224
f 8209 8211 8210
f 8217 8218 8219
f 8209 8212 8211
f 8217 8219 8220
f 8209 8213 8212
f 8217 8220 8221
f 8209 8214 8213
f 8217 8221 8222
f 8209 8215 8214
f 8217 8222 8223
f 8209 8216 8215
f 8217 8223 8224
f 8225 8226 8234
f 8225 8234 8233
f 8226 8227 8235
f 8226 8235 8234
f 8227 8228 8236
f 8227 8236 8235
f 8228 8229 8237
f 8228 8237 8236
f 8229 8230 8238
f 8229 8238 8237
f 8230 8231 8239
f 8230 8239 8238
f 8231 8232 8240
f 8231 8240 8239
f 8232 8225 8233
f 8232 8233 8240
f 8225 8227 8226
f 8233 8234 8235
f 8225 8228 8227
f 8233 8235 8236
f 8225 8229 8228
f 8233 8236 8237
f 8225 8230 8229
f 8233 8237 8238
f 8225 8231 8230
f 8233 8238 8239
f 8225 8232 8231
f 8233 8239 8240
f 8241 8242 8250
f 8241 8250 8249
f 8242 8243 8251
f 8242 8251 8250
f 8243 8244 8252
f 8243 8252 8251
f 8244 8245 8253
f 8244 8253 8252
f 8245 8246 8254
f 8245 8254 8253
f 8246 8247 8255
f 8246 8255 8254
f 8247 8248 8256
f 8247 8256 8255
f 8248 8241 8249
f 8248 8249 8256
f 8241 8243 8242
f 8249 8250 8251
f 8241 8244 8243
f 8249 8251 8252
f 8241 8245 8244
f 8249 8252 8253
f 8241 8246 8245
f 8249 8253 8254
f 8241 8247 8246
f 8249 8254 8255
f 8241 8248 8247
f 8249 8255 8256
f 8257 8258 8266
f 8257 8266 8265
f 8258 8259 8267
f 8258 8267 8266
f 8259 8260 8268
f 8259 8268 8267
f 8260 8261 8269
f 8260 8269 8268
f 8261 8262 8270
f 8261 8270 8269
f 8262 8263 8271
f 8262 8271 8270
f 8263 8264 8272
f 8263 8272 8271
f 8264 8257 8265
f 8264 8265 8272
f 8257 8259 8258
f 8265 8266 8267
f 8257 8260 8259
f 8265 8267 8268
f 8257 8261 8260
f 8265 8268 8269
f 8257 8262 8261
f 8265 8269 8270
f 8257 8263 8262
f 8265 8270 8271
f 8257 8264 8263
f 8265 8271 8272
f 8273 8274 8282
f 8273 8282 8281
f 8274 8275 8283
f 8274 8283 8282
f 8275 8276 8284
f 8275 8284 8283
f 8276 8277 8285
f 8276 8285 8284
f 8277 8278 8286
f 8277 8286 8285
f 8278 8279 8287
f 8278 8287 8286
f 8279 8280 8288
f 8279 8288 8287
f 8280 8273 8281
f 8280 8281 8288
f 8273 8275 8274
f 8281 8282 8283
f 8273 8276 8275
f 8281 8283 8284
f 8273 8277 8276
f 8281 8284 8285
f 8273 8278 8277
f 8281 8285 8286
f 8273 8279 8278
f 8281 8286 8287
f 8273 8280 8279
f 8281 8287 8288
f 8289 8290 8298
f 8289 8298 8297
f 8290 8291 8299
f 8290 8299 8298
f 8291 8292 8300
f 8291 8300 8299
f 8292 8293 8301
f 8292 8301 8300
f 8293 8294 8302
f 8293 8302 8301
f 8294 8295 8303
f 8294 8303 8302
f 8295 8296 8304
f 8295 8304 8303
f 8296 8289 8297
f 8296 8297 8304
f 8289 8291 8290
f 8297 8298 8299
f 8289 8292 8291
f 8297 8299 8300
f 8289 8293 8292
f 8297 8300 8301
f 8289 8294 8293
f 8297 8301 8302
f 8289 8295 8294
f 8297 8302 8303
f 8289 8296 8295
f 8297 8303 8304
f 8305 8306 8314
f 8305 8314 8313
f 8306 8307 8315
f 8306 8315 8314
f 8307 8308 8316
f 8307 8316 8315
f 8308 8309 8317
f 8308 8317 8316
f 8309 8310 8318
f 8309 8318 8317
f 8310 8311 8319
f 8310 8319 8318
f 8311 8312 8320
f 8311 8320 8319
f 8312 8305 8313
f 8312 8313 8320
f 8305 8307 8306
f 8313 8314 8315
f 8305 8308 8307
f 8313 8315 8316
f 8305 8309 8308
f 8313 8316 8317
f 8305 8310 8309
f 8313 8317 8318
f 8305 8311 8310
f 8313 8318 8319
f 8305 8312 8311
f 8313 8319 8320
f 8321 8322 8330
f 8321 8330 8329
f 8322 8323 8331
f 8322 8331 8330
f 8323 8324 8332
f 8323 8332 8331
f 8324 8325 8333
f 8324 8333 8332
f 8325 8326 8334
f 8325 8334 8333
f 8326 8327 8335
f 8326 8335 8334
f 8327 8328 8336
f 8327 8336 8335
f 8328 8321 8329
f 8328 8329 8336
f 8321 8323 8322
f 8329 8330 8331
f 8321 8324 8323
f 8329 8331 8332
f 8321 8325 8324
f 8329 8332 8333
f 8321 8326 8325
f 8329 8333 8334
f 8321 8327 8326
f 8329 8334 8335
f 8321 8328 8327
f 8329 8335 8336
f 8337 8338 8346
f 8337 8346 8345
f 8338 8339 8347
f 8338 8347 8346
f 8339 8340 8348
f 8339 8348 8347
f 8340 8341 8349
f 8340 8349 8348
f 8341 8342 8350
f 8341 8350 8349
f 8342 8343 8351
f 8342 8351 8350
f 8343 8344 8352
f 8343 8352 8351
f 8344 8337 8345
f 8344 8345 8352
f 8337 8339 8338
f 8345 8346 8347
f 8337 8340 8339
f 8345 8347 8348
f 8337 8341 8340
f 8345 8348 8349
f 8337 8342 8341
f 8345 8349 8350
f 8337 8343 8342
f 8345 8350 8351
f 8337 8344 8343
f 8345 8351 8352
f 8353 8354 8362
f 8353 8362 8361
f 8354 8355 8363
f 8354 8363 8362
f 8355 8356 8364
f 8355 8364 8363
f 8356 8357 8365
f 8356 8365 8364
f 8357 8358 8366
f 8357 8366 8365
f 8358 8359 8367
f 8358 8367 8366
f 8359 8360 8368
f 8359 8368 8367
f 8360 8353 8361
f 8360 8361 8368
f 8353 8355 8354
f 8361 8362 8363
f 8353 8356 8355
f 8361 8363 8364
f 8353 8357 8356
f 8361 8364 8365
f 8353 8358 8357
f 8361 8365 8366
f 8353 8359 8358
f 8361 8366 8367
f 8353 8360 8359
f 8361 8367 8368
f 8369 8370 8378
f 8369 8378 8377
f 8370 8371 8379
f 8370 8379 8378
f 8371 8372 8380
f 8371 8380 8379
f 8372 8373 8381
f 8372 8381 8380
f 8373 8374 8382
f 8373 8382 8381
f 8374 8375 8383
f 8374 8383 8382
f 8375 8376 8384
f 8375 8384 8383
f 8376 8369 8377
f 8376 8377 8384
f 8369 8371 8370
f 8377 8378 8379
f 8369 8372 8371
f 8377 8379 8380
f 8369 8373 8372
f 8377 8380 8381
f 8369 8374 8373
f 8377 8381 8382
f 8369 8375 8374
f 8377 8382 8383
f 8369 8376 8375
f 8377 8383 8384
f 8385 8386 8394
f 8385 8394 8393
f 8386 8387 8395
f 8386 8395 8394
f 8387 8388 8396
f 8387 8396 8395
f 8388 8389 8397
f 8388 8397 8396
f 8389 8390 8398
f 8389 8398 8397
f 8390 8391 8399
f 8390 8399 8398
f 8391 8392 8400
f 8391 8400 8399
f 8392 8385 8393
f 8392 8393 8400
f 8385 8387 8386
f 8393 8394 8395
f 8385 8388 8387
f 8393 8395 8396
f 8385 8389 8388
f 8393 8396 8397
f 8385 8390 8389
f 8393 8397 8398
f 8385 8391 8390
f 8393 8398 8399
f 8385 8392 8391
f 8393 8399 8400
f 8401 8402 8410
f 8401 8410 8409
f 8402 8403 8411
f 8402 8411 8410
f 8403 8404 8412
f 8403 8412 8411
f 8404 8405 8413
f 8404 8413 8412
f 8405 8406 8414
f 8405 8414 8413
f 8406 8407 8415
f 8406 8415 8414
f 8407 8408 8416
f 8407 8416 8415
f 8408 8401 8409
f 8408 8409 8416
f 8401 8403 8402
f 8409 8410 8411
f 8401 8404 8403
f 8409 8411 8412
f 8401 8405 8404
f 8409 8412 8413
f 8401 8406 8405
f 8409 8413 8414
f 8401 8407 8406
f 8409 8414 8415
f 8401 8408 8407
f 8409 8415 8416
f 8417 8418 8426
f 8417 8426 8425
f 8418 8419 8427
f 8418 8427 8426
f 8419 8420 8428
f 8419 8428 8427
f 8420 8421 8429
f 8420 8429 8428
f 8421 8422 8430
f 8421 8430 8429
f 8422 8423 8431
f 8422 8431 8430
f 8423 8424 8432
f 8423 8432 8431
f 8424 8417 8425
f 8424 8425 8432
f 8417 8419 8418
f 8425 8426 8427
f 8417 8420 8419
f 8425 8427 8428
f 8417 8421 8420
f 8425 8428 8429
f 8417 8422 8421
f 8425 8429 8430
f 8417 8423 8422
f 8425 8430 8431
f 8417 8424 8423
f 8425 8431 8432
f 8433 8434 8442
f 8433 8442 8441
f 8434 8435 8443
f 8434 8443 8442
f 8435 8436 8444
f 8435 8444 8443
f 8436 8437 8445
f 8436 8445 8444
f 8437 8438 8446
f 8437 8446 8445
f 8438 8439 8447
f 8438 8447 8446
f 8439 8440 8448
f 8439 8448 8447
f 8440 8433 8441
f 8440 8441 8448
f 8433 8435 8434
f 8441 8442 8443
f 8433 8436 8435
f 8441 8443 8444
f 8433 8437 8436
f 8441 8444 8445
f 8433 8438 8437
f 8441 8445 8446
f 8433 8439 8438
f 8441 8446 8447
f 8433 8440 8439
f 8441 8447 8448
f 8449 8450 8458
f 8449 8458 8457
f 8450 8451 8459
f 8450 8459 8458
f 8451 8452 8460
f 8451 8460 8459
f 8452 8453 8461
f 8452 8461 8460
f 8453 8454 8462
f 8453 8462 8461
f 8454 8455 8463
f 8454 8463 8462
f 8455 8456 8464
f 8455 8464 8463
f 8456 8449 8457
f 8456 8457 8464
f 8449 8451 8450
f 8457 8458 8459
f 8449 8452 8451
f 8457 8459 8460
f 8449 8453 8452
f 8457 8460 8461
f 8449 8454 8453
f 8457 8461 8462
f 8449 8455 8454
f 8457 8462 8463
f 8449 8456 8455
f 8457 8463 8464
f 8465 8466 8474
f 8465 8474 8473
f 8466 8467 8475
f 8466 8475 8474
f 8467 8468 8476
f 8467 8476 8475
f 8468 8469 8477
f 8468 8477 8476
f 8469 8470 8478
f 8469 8478 8477
f 8470 8471 8479
f 8470 8479 8478
f 8471 8472 8480
f 8471 8480 8479
f 8472 8465 8473
f 8472 8473 8480
f 8465 8467 8466
f 8473 8474 8475
f 8465 8468 8467
f 8473 8475 8476
f 8465 8469 8468
f 8473 8476 8477
f 8465 8470 8469
f 8473 8477 8478
f 8465 8471 8470
f 8473 8478 8479
f 8465 8472 8471
f 8473 8479 8480
f 8481 8482 8490
f 8481 8490 8489
f 8482 8483 8491
f 8482 8491 8490
f 8483 8484 8492
f 8483 8492 8491
f 8484 8485 8493
f 8484 8493 8492
f 8485 8486 8494
f 8485 8494 8493
f 8486 8487 8495
f 8486 8495 8494
f 8487 8488 8496
f 8487 8496 8495
f 8488 8481 8489
f 8488 8489 8496
f 8481 8483 8482
f 8489 8490 8491
f 8481 8484 8483
f 8489 8491 8492
f 8481 8485 8484
f 8489 8492 8493
f 8481 8486 8485
f 8489 8493 8494
f 8481 8487 8486
f 8489 8494 8495
f 8481 8488 8487
f 8489 8495 8496
f 8497 8498 8506
f 8497 8506 8505
f 8498 8499 8507
f 8498 8507 8506
f 8499 8500 8508
f 8499 8508 8507
f 8500 8501 8509
f 8500 8509 8508
f 8501 8502 8510
f 8501 8510 8509
f 8502 8503 8511
f 8502 8511 8510
f 8503 8504 8512
f 8503 8512 8511
f 8504 8497 8505
f 8504 8505 8512
f 8497 8499 8498
f 8505 8506 8507
f 8497 8500 8499
f 8505 8507 8508
f 8497 8501 8500
f 8505 8508 8509
f 8497 8502 8501
f 8505 8509 8510
f 8497 8503 8502
f 8505 8510 8511
f 8497 8504 8503
f 8505 8511 8512
f 8513 8514 8522
f 8513 8522 8521
f 8514 8515 8523
f 8514 8523 8522
f 8515 8516 8524
f 8515 8524 8523
f 8516 8517 8525
f 8516 8525 8524
f 8517 8518 8526
f 8517 8526 8525
f 8518 8519 8527
f 8518 8527 8526
f 8519 8520 8528
f 8519 8528 8527
f 8520 8513 8521
f 8520 8521 8528
f 8513 8515 8514
f 8521 8522 8523
f 8513 8516 8515
f 8521 8523 8524
f 8513 8517 8516
f 8521 8524 8525
f 8513 8518 8517
f 8521 8525 8526
f 8513 8519 8518
f 8521 8526 8527
f 8513 8520 8519
f 8521 8527 8528
f 8529 8530 8538
f 8529 8538 8537
f 8530 8531 8539
f 8530 8539 8538
f 8531 8532 8540
f 8531 8540 8539
f 8532 8533 8541
f 8532 8541 8540
f 8533 8534 8542
f 8533 8542 8541
f 8534 8535 8543
f 8534 8543 8542
f 8535 8536 8544
f 8535 8544 8543
f 8536 8529 8537
f 8536 8537 8544
f 8529 8531 8530
f 8537 8538 8539
f 8529 8532 8531
f 8537 8539 8540
f 8529 8533 8532
f 8537 8540 8541
f 8529 8534 8533
f 8537 8541 8542
f 8529 8535 8534
f 8537 8542 8543
f 8529 8536 8535
f 8537 8543 8544
f 8545 8546 8554
f 8545 8554 8553
f 8546 8547 8555
f 8546 8555 8554
f 8547 8548 8556
f 8547 8556 8555
f 8548 8549 8557
f 8548 8557 8556
f 8549 8550 8558
f 8549 8558 8557
f 8550 8551 8559
f 8550 8559 8558
f 8551 8552 8560
f 8551 8560 8559
f 8552 8545 8553
f 8552 8553 8560
f 8545 8547 8546
f 8553 8554 8555
f 8545 8548 8547
f 8553 8555 8556
f 8545 8549 8548
f 8553 8556 8557
f 8545 8550 8549
f 8553 8557 8558
f 8545 8551 8550
f 8553 8558 8559
f 8545 8552 8551
f 8553 8559 8560
f 8561 8562 8570
f 8561 8570 8569
f 8562 8563 8571
f 8562 8571 8570
f 8563 8564 8572
f 8563 8572 8571
f 8564 8565 8573
f 8564 8573 8572
f 8565 8566 8574
f 8565 8574 8573
f 8566 8567 8575
f 8566 8575 8574
f 8567 8568 8576
f 8567 8576 8575
f 8568 8561 8569
f 8568 8569 8576
f 8561 8563 8562
f 8569 8570 8571
f 8561 8564 8563
f 8569 8571 8572
f 8561 8565 8564
f 8569 8572 8573
f 8561 8566 8565
f 8569 8573 8574
f 8561 8567 8566
f 8569 8574 8575
f 8561 8568 8567
f 8569 8575 8576
f 8577 8578 8586
f 8577 8586 8585
f 8578 8579 8587
f 8578 8587 8586
f 8579 8580 8588
f 8579 8588 8587
f 8580 8581 8589
f 8580 8589 8588
f 8581 8582 8590
f 8581 8590 8589
f 8582 8583 8591
f 8582 8591 8590
f 8583 8584 8592
f 8583 8592 8591
f 8584 8577 8585
f 8584 8585 8592
f 8577 8579 8578
f 8585 8586 8587
f 8577 8580 8579
f 8585 8587 8588
f 8577 8581 8580
f 8585 8588 8589
f 8577 8582 8581
f 8585 8589 8590
f 8577 8583 8582
f 8585 8590 8591
f 8577 8584 8583
f 8585 8591 8592
f 8593 8594 8602
f 8593 8602 8601
f 8594 8595 8603
f 8594 8603 8602
f 8595 8596 8604
f 8595 8604 8603
f 8596 8597 8605
f 8596 8605 8604
f 8597 8598 8606
f 8597 8606 8605
f 8598 8599 8607
f 8598 8607 8606
f 8599 8600 8608
f 8599 8608 8607
f 8600 8593 8601
f 8600 8601 8608
f 8593 8595 8594
f 8601 8602 8603
f 8593 8596 8595
f 8601 8603 8604
f 8593 8597 8596
f 8601 8604 8605
f 8593 8598 8597
f 8601 8605 8606
f 8593 8599 8598
f 8601 8606 8607
f 8593 8600 8599
f 8601 8607 8608
f 8609 8610 8618
f 8609 8618 8617
f 8610 8611 8619
f 8610 8619 8618
f 8611 8612 8620
f 8611 8620 8619
f 8612 8613 8621
f 8612 8621 8620
f 8613 8614 8622
f 8613 8622 8621
f 8614 8615 8623
f 8614 8623 8622
f 8615 8616 8624
f 8615 8624 8623
f 8616 8609 8617
f 8616 8617 8624
f 8609 8611 8610
f 8617 8618 8619
f 8609 8612 8611
f 8617 8619 8620
f 8609 8613 8612
f 8617 8620 8621
f 8609 8614 8613
f 8617 8621 8622
f 8609 8615 8614
f 8617 8622 8623
f 8609 8616 8615
f 8617 8623 8624
f 8625 8626 8634
f 8625 8634 8633
f 8626 8627 8635
f 8626 8635 8634
f 8627 8628 8636
f 8627 8636 8635
f 8628 8629 8637
f 8628 8637 8636
f 8629 8630 8638
f 8629 8638 8637
f 8630 8631 8639
f 8630 8639 8638
f 8631 8632 8640
f 8631 8640 8639
f 8632 8625 8633
f 8632 8633 8640
f 8625 8627 8626
f 8633 8634 8635
f 8625 8628 8627
f 8633 8635 8636
f 8625 8629 8628
f 8633 8636 8637
f 8625 8630 8629
f 8633 8637 8638
f 8625 8631 8630
f 8633 8638 8639
f 8625 8632 8631
f 8633 8639 8640
f 8641 8642 8650
f 8641 8650 8649
f 8642 8643 8651
f 8642 8651 8650
f 8643 8644 8652
f 8643 8652 8651
f 8644 8645 8653
f 8644 8653 8652
f 8645 8646 8654
f 8645 8654 8653
f 8646 8647 8655
f 8646 8655 8654
f 8647 8648 8656
f 8647 8656 8655
f 8648 8641 8649
f 8648 8649 8656
f 8641 8643 8642
f 8649 8650 8651
f 8641 8644 8643
f 8649 8651 8652
f 8641 8645 8644
f 8649 8652 8653
f 8641 8646 8645
f 8649 8653 8654
f 8641 8647 8646
f 8649 8654 8655
f 8641 8648 8647
f 8649 8655 8656
f 8657 8658 8666
f 8657 8666 8665
f 8658 8659 8667
f 8658 8667 8666
f 8659 8660 8668
f 8659 8668 8667
f 8660 8661 8669
f 8660 8669 8668
f 8661 8662 8670
f 8661 8670 8669
f 8662 8663 8671
f 8662 8671 8670
f 8663 8664 8672
f 8663 8672 8671
f 8664 8657 8665
f 8664 8665 8672
f 8657 8659 8658
f 8665 8666 8667
f 8657 8660 8659
f 8665 8667 8668
f 8657 8661 8660
f 8665 8668 8669
f 8657 8662 8661
f 8665 8669 8670
f 8657 8663 8662
f 8665 8670 8671
f 8657 8664 8663
f 8665 8671 8672
f 8673 8674 8682
f 8673 8682 8681
f 8674 8675 8683
f 8674 8683 8682
f 8675 8676 8684
f 8675 8684 8683
f 8676 8677 8685
f 8676 8685 8684
f 8677 8678 8686
f 8677 8686 8685
f 8678 8679 8687
f 8678 8687 8686
f 8679 8680 8688
f 8679 8688 8687
f 8680 8673 8681
f 8680 8681 8688
f 8673 8675 8674
f 8681 8682 8683
f 8673 8676 8675
f 8681 8683 8684
f 8673 8677 8676
f 8681 8684 8685
f 8673 8678 8677
f 8681 8685 8686
f 8673 8679 8678
f 8681 8686 8687
f 8673 8680 8679
f 8681 8687 8688
f 8689 8690 8698
f 8689 8698 8697
f 8690 8691 8699
f 8690 8699 8698
f 8691 8692 8700
f 8691 8700 8699
f 8692 8693 8701
f 8692 8701 8700
f 8693 8694 8702
f 8693 8702 8701
f 8694 8695 8703
f 8694 8703 8702
f 8695 8696 8704
f 8695 8704 8703
f 8696 8689 8697
f 8696 8697 8704
f 8689 8691 8690
f 8697 8698 8699
f 8689 8692 8691
f 8697 8699 8700
f 8689 8693 8692
f 8697 8700 8701
f 8689 8694 8693
f 8697 8701 8702
f 8689 8695 8694
f 8697 8702 8703
f 8689 8696 8695
f 8697 8703 8704
f 8705 8706 8714
f 8705 8714 8713
f 8706 8707 8715
f 8706 8715 8714
f 8707 8708 8716
f 8707 8716 8715
f 8708 8709 8717
f 8708 8717 8716
f 8709 8710 8718
f 8709 8718 8717
f 8710 8711 8719
f 8710 8719 8718
f 8711 8712 8720
f 8711 8720 8719
f 8712 8705 8713
f 8712 8713 8720
f 8705 8707 8706
f 8713 8714 8715
f 8705 8708 8707
f 8713 8715 8716
f 8705 8709 8708
f 8713 8716 8717
f 8705 8710 8709
f 8713 8717 8718
f 8705 8711 8710
f 8713 8718 8719
f 8705 8712 8711
f 8713 8719 8720
f 8721 8722 8730
f 8721 8730 8729
f 8722 8723 8731
f 8722 8731 8730
f 8723 8724 8732
f 8723 8732 8731
f 8724 8725 8733
f 8724 8733 8732
f 8725 8726 8734
f 8725 8734 8733
f 8726 8727 8735
f 8726 8735 8734
f 8727 8728 8736
f 8727 8736 8735
f 8728 8721 8729
f 8728 8729 8736
f 8721 8723 8722
f 8729 8730 8731
f 8721 8724 8723
f 8729 8731 8732
f 8721 8725 8724
f 8729 8732 8733
f 8721 8726 8725
f 8729 8733 8734
f 8721 8727 8726
f 8729 8734 8735
f 8721 8728 8727
f 8729 8735 8736
f 8737 8738 8746
f 8737 8746 8745
f 8738 8739 8747
f 8738 8747 8746
f 8739 8740 8748
f 8739 8748 8747
f 8740 8741 8749
f 8740 8749 8748
f 8741 8742 8750
f 8741 8750 8749
f 8742 8743 8751
f 8742 8751 8750
f 8743 8744 8752
f 8743 8752 8751
f 8744 8737 8745
f 8744 8745 8752
f 8737 8739 8738
f 8745 8746 8747
f 8737 8740 8739
f 8745 8747 8748
f 8737 8741 8740
f 8745 8748 8749
f 8737 8742 8741
f 8745 8749 8750
f 8737 8743 8742
f 8745 8750 8751
f 8737 8744 8743
f 8745 8751 8752
f 8753 8754 8762
f 8753 8762 8761
f 8754 8755 8763
f 8754 8763 8762
f 8755 8756 8764
f 8755 8764 8763
f 8756 8757 8765
f 8756 8765 8764
f 8757 8758 8766
f 8757 8766 8765
f 8758 8759 8767
f 8758 8767 8766
f 8759 8760 8768
f 8759 8768 8767
f 8760 8753 8761
f 8760 8761 8768
f 8753 8755 8754
f 8761 8762 8763
f 8753 8756 8755
f 8761 8763 8764
f 8753 8757 8756
f 8761 8764 8765
f 8753 8758 8757
f 8761 8765 8766
f 8753 8759 8758
f 8761 8766 8767
f 8753 8760 8759
f 8761 8767 8768
f 8769 8770 8778
f 8769 8778 8777
f 8770 8771 8779
f 8770 8779 8778
f 8771 8772 8780
f 8771 8780 8779
f 8772 8773 8781
f 8772 8781 8780
f 8773 8774 8782
f 8773 8782 8781
f 8774 8775 8783
f 8774 8783 8782
f 8775 8776 8784
f 8775 8784 8783
f 8776 8769 8777
f 8776 8777 8784
f 8769 8771 8770
f 8777 8778 8779
f 8769 8772 8771
f 8777 8779 8780
f 8769 8773 8772
f 8777 8780 8781
f 8769 8774 8773
f 8777 8781 8782
f 8769 8775 8774
f 8777 8782 8783
f 8769 8776 8775
f 8777 8783 8784
f 8785 8786 8794
f 8785 8794 8793
f 8786 8787 8795
f 8786 8795 8794
f 8787 8788 8796
f 8787 8796 8795
f 8788 8789 8797
f 8788 8797 8796
f 8789 8790 8798
f 8789 8798 8797
f 8790 8791 8799
f 8790 8799 8798
f 8791 8792 8800
f 8791 8800 8799
f 8792 8785 8793
f 8792 8793 8800
f 8785 8787 8786
f 8793 8794 8795
f 8785 8788 8787
f 8793 8795 8796
f 8785 8789 8788
f 8793 8796 8797
f 8785 8790 8789
f 8793 8797 8798
f 8785 8791 8790
f 8793 8798 8799
f 8785 8792 8791
f 8793 8799 8800
f 8801 8802 8810
f 8801 8810 8809
f 8802 8803 8811
f 8802 8811 8810
f 8803 8804 8812
f 8803 8812 8811
f 8804 8805 8813
f 8804 8813 8812
f 8805 8806 8814
f 8805 8814 8813
f 8806 8807 8815
f 8806 8815 8814
f 8807 8808 8816
f 8807 8816 8815
f 8808 8801 8809
f 8808 8809 8816
f 8801 8803 8802
f 8809 8810 8811
f 8801 8804 8803
f 8809 8811 8812
f 8801 8805 8804
f 8809 8812 8813
f 8801 8806 8805
f 8809 8813 8814
f 8801 8807 8806
f 8809 8814 8815
f 8801 8808 8807
f 8809 8815 8816
f 8817 8818 8826
f 8817 8826 8825
f 8818 8819 8827
f 8818 8827 8826
f 8819 8820 8828
f 8819 8828 8827
f 8820 8821 8829
f 8820 8829 8828
f 8821 8822 8830
f 8821 8830 8829
f 8822 8823 8831
f 8822 8831 8830
f 8823 8824 8832
f 8823 8832 8831
f 8824 8817 8825
f 8824 8825 8832
f 8817 8819 8818
f 8825 8826 8827
f 8817 8820 8819
f 8825 8827 8828
f 8817 8821 8820
f 8825 8828 8829
f 8817 8822 8821
f 8825 8829 8830
f 8817 8823 8822
f 8825 8830 8831
f 8817 8824 8823
f 8825 8831 8832
f 8833 8834 8842
f 8833 8842 8841
f 8834 8835 8843
f 8834 8843 8842
f 8835 8836 8844
f 8835 8844 8843
f 8836 8837 8845
f 8836 8845 8844
f 8837 8838 8846
f 8837 8846 8845
f 8838 8839 8847
f 8838 8847 8846
f 8839 8840 8848
f 8839 8848 8847
f 8840 8833 8841
f 8840 8841 8848
f 8833 8835 8834
f 8841 8842 8843
f 8833 8836 8835
f 8841 8843 8844
f 8833 8837 8836
f 8841 8844 8845
f 8833 8838 8837
f 8841 8845 8846
f 8833 8839 8838
f 8841 8846 8847
f 8833 8840 8839
f 8841 8847 8848
f 8849 8850 8858
f 8849 8858 8857
f 8850 8851 8859
f 8850 8859 8858
f 8851 8852 8860
f 8851 8860 8859
f 8852 8853 8861
f 8852 8861 8860
f 8853 8854 8862
f 8853 8862 8861
f 8854 8855 8863
f 8854 8863 8862
f 8855 8856 8864
f 8855 8864 8863
f 8856 8849 8857
f 8856 8857 8864
f 8849 8851 8850
f 8857 8858 8859
f 8849 8852 8851
f 8857 8859 8860
f 8849 8853 8852
f 8857 8860 8861
f 8849 8854 8853
f 8857 8861 8862
f 8849 8855 8854
f 8857 8862 8863
f 8849 8856 8855
f 8857 8863 8864
f 8865 8866 8874
f 8865 8874 8873
f 8866 8867 8875
f 8866 8875 8874
f 8867 8868 8876
f 8867 8876 8875
f 8868 8869 8877
f 8868 8877 8876
f 8869 8870 8878
f 8869 8878 8877
f 8870 8871 8879
f 8870 8879 8878
f 8871 8872 8880
f 8871 8880 8879
f 8872 8865 8873
f 8872 8873 8880
f 8865 8867 8866
f 8873 8874 8875
f 8865 8868 8867
f 8873 8875 8876
f 8865 8869 8868
f 8873 8876 8877
f 8865 8870 8869
f 8873 8877 8878
f 8865 8871 8870
f 8873 8878 8879
f 8865 8872 8871
f 8873 8879 8880
f 8881 8882 8890
f 8881 8890 8889
f 8882 8883 8891
f 8882 8891 8890
f 8883 8884 8892
f 8883 8892 8891
f 8884 8885 8893
f 8884 8893 8892
f 8885 8886 8894
f 8885 8894 8893
f 8886 8887 8895
f 8886 8895 8894
f 8887 8888 8896
f 8887 8896 8895
f 8888 8881 8889
f 8888 8889 8896
f 8881 8883 8882
f 8889 8890 8891
f 8881 8884 8883
f 8889 8891 8892
f 8881 8885 8884
f 8889 8892 8893
f 8881 8886 8885
f 8889 8893 8894
f 8881 8887 8886
f 8889 8894 8895
f 8881 8888 8887
f 8889 8895 8896
f 8897 8898 8906
f 8897 8906 8905
f 8898 8899 8907
f 8898 8907 8906
f 8899 8900 8908
f 8899 8908 8907
f 8900 8901 8909
f 8900 8909 8908
f 8901 8902 8910
f 8901 8910 8909
f 8902 8903 8911
f 8902 8911 8910
f 8903 8904 8912
f 8903 8912 8911
f 8904 8897 8905
f 8904 8905 8912
f 8897 8899 8898
f 8905 8906 8907
f 8897 8900 8899
f 8905 8907 8908
f 8897 8901 8900
f 8905 8908 8909
f 8897 8902 8901
f 8905 8909 8910
f 8897 8903 8902
f 8905 8910 8911
f 8897 8904 8903
f 8905 8911 8912
f 8913 8914 8922
f 8913 8922 8921
f 8914 8915 8923
f 8914 8923 8922
f 8915 8916 8924
f 8915 8924 8923
f 8916 8917 8925
f 8916 8925 8924
f 8917 8918 8926
f 8917 8926 8925
f 8918 8919 8927
f 8918 8927 8926
f 8919 8920 8928
f 8919 8928 8927
f 8920 8913 8921
f 8920 8921 8928
f 8913 8915 8914
f 8921 8922 8923
f 8913 8916 8915
f 8921 8923 8924
f 8913 8917 8916
f 8921 8924 8925
f 8913 8918 8917
f 8921 8925 8926
f 8913 8919 8918
f 8921 8926 8927
f 8913 8920 8919
f 8921 8927 8928
f 8929 8930 8938
f 8929 8938 8937
f 8930 8931 8939
f 8930 8939 8938
f 8931 8932 8940
f 8931 8940 8939
f 8932 8933 8941
f 8932 8941 8940
f 8933 8934 8942
f 8933 8942 8941
f 8934 8935 8943
f 8934 8943 8942
f 8935 8936 8944
f 8935 8944 8943
f 8936 8929 8937
f 8936 8937 8944
f 8929 8931 8930
f 8937 8938 8939
f 8929 8932 8931
f 8937 8939 8940
f 8929 8933 8932
f 8937 8940 8941
f 8929 8934 8933
f 8937 8941 8942
f 8929 8935 8934
f 8937 8942 8943
f 8929 8936 8935
f 8937 8943 8944
f 8945 8946 8954
f 8945 8954 8953
f 8946 8947 8955
f 8946 8955 8954
f 8947 8948 8956
f 8947 8956 8955
f 8948 8949 8957
f 8948 8957 8956
f 8949 8950 8958
f 8949 8958 8957
f 8950 8951 8959
f 8950 8959 8958
f 8951 8952 8960
f 8951 8960 8959
f 8952 8945 8953
f 8952 8953 8960
f 8945 8947 8946
f 8953 8954 8955
f 8945 8948 8947
f 8953 8955 8956
f 8945 8949 8948
f 8953 8956 8957
f 8945 8950 8949
f 8953 8957 8958
f 8945 8951 8950
f 8953 8958 8959
f 8945 8952 8951
f 8953 8959 8960
f 8961 8962 8970
f 8961 8970 8969
f 8962 8963 8971
f 8962 8971 8970
f 8963 8964 8972
f 8963 8972 8971
f 8964 8965 8973
f 8964 8973 8972
f 8965 8966 8974
f 8965 8974 8973
f 8966 8967 8975
f 8966 8975 8974
f 8967 8968 8976
f 8967 8976 8975
f 8968 8961 8969
f 8968 8969 8976
f 8961 8963 8962
f 8969 8970 8971
f 8961 8964 8963
f 8969 8971 8972
f 8961 8965 8964
f 8969 8972 8973
f 8961 8966 8965
f 8969 8973 8974
f 8961 8967 8966
f 8969 8974 8975
f 8961 8968 8967
f 8969 8975 8976
f 8977 8978 8986
f 8977 8986 8985
f 8978 8979 8987
f 8978 8987 8986
f 8979 8980 8988
f 8979 8988 8987
f 8980 8981 8989
f 8980 8989 8988
f 8981 8982 8990
f 8981 8990 8989
f 8982 8983 8991
f 8982 8991 8990
f 8983 8984 8992
f 8983 8992 8991
f 8984 8977 8985
f 8984 8985 8992
f 8977 8979 8978
f 8985 8986 8987
f 8977 8980 8979
f 8985 8987 8988
f 8977 8981 8980
f 8985 8988 8989
f 8977 8982 8981
f 8985 8989 8990
f 8977 8983 8982
f 8985 8990 8991
f 8977 8984 8983
f 8985 8991 8992
f 8993 8994 9002
f 8993 9002 9001
f 8994 8995 9003
f 8994 9003 9002
f 8995 8996 9004
f 8995 9004 9003
f 8996 8997 9005
f 8996 9005 9004
f 8997 8998 9006
f 8997 9006 9005
f 8998 8999 9007
f 8998 9007 9006
f 8999 9000 9008
f 8999 9008 9007
f 9000 8993 9001
f 9000 9001 9008
f 8993 8995 8994
f 9001 9002 9003
f 8993 8996 8995
f 9001 9003 9004
f 8993 8997 8996
f 9001 9004 9005
f 8993 8998 8997
f 9001 9005 9006
f 8993 8999 8998
f 9001 9006 9007
f 8993 9000 8999
f 9001 9007 9008
f 9009 9010 9018
f 9009 9018 9017
f 9010 9011 9019
f 9010 9019 9018
f 9011 9012 9020
f 9011 9020 9019
f 9012 9013 9021
f 9012 9021 9020
f 9013 9014 9022
f 9013 9022 9021
f 9014 9015 9023
f 9014 9023 9022
f 9015 9016 9024
f 9015 9024 9023
f 9016 9009 9017
f 9016 9017 9024
f 9009 9011 9010
f 9017 9018 9019
f 9009 9012 9011
f 9017 9019 9020
f 9009 9013 9012
f 9017 9020 9021
f 9009 9014 9013
f 9017 9021 9022
f 9009 9015 9014
f 9017 9022 9023
f 9009 9016 9015
f 9017 9023 9024
f 9025 9026 9034
f 9025 9034 9033
f 9026 9027 9035
f 9026 9035 9034
f 9027 9028 9036
f 9027 9036 9035
f 9028 9029 9037
f 9028 9037 9036
f 9029 9030 9038
f 9029 9038 9037
f 9030 9031 9039
f 9030 9039 9038
f 9031 9032 9040
f 9031 9040 9039
f 9032 9025 9033
f 9032 9033 9040
f 9025 9027 9026
f 9033 9034 9035
f 9025 9028 9027
f 9033 9035 9036
f 9025 9029 9028
f 9033 9036 9037
f 9025 9030 9029
f 9033 9037 9038
f 9025 9031 9030
f 9033 9038 9039
f 9025 9032 9031
f 9033 9039 9040
f 9041 9042 9050
f 9041 9050 9049
f 9042 9043 9051
f 9042 9051 9050
f 9043 9044 9052
f 9043 9052 9051
f 9044 9045 9053
f 9044 9053 9052
f 9045 9046 9054
f 9045 9054 9053
f 9046 9047 9055
f 9046 9055 9054
f 9047 9048 9056
f 9047 9056 9055
f 9048 9041 9049
f 9048 9049 9056
f 9041 9043 9042
f 9049 9050 9051
f 9041 9044 9043
f 9049 9051 9052
f 9041 9045 9044
f 9049 9052 9053
f 9041 9046 9045
f 9049 9053 9054
f 9041 9047 9046
f 9049 9054 9055
f 9041 9048 9047
f 9049 9055 9056
f 9057 9058 9066
f 9057 9066 9065
f 9058 9059 9067
f 9058 9067 9066
f 9059 9060 9068
f 9059 9068 9067
f 9060 9061 9069
f 9060 9069 9068
f 9061 9062 9070
f 9061 9070 9069
f 9062 9063 9071
f 9062 9071 9070
f 9063 9064 9072
f 9063 9072 9071
f 9064 9057 9065
f 9064 9065 9072
f 9057 9059 9058
f 9065 9066 9067
f 9057 9060 9059
f 9065 9067 9068
f 9057 9061 9060
f 9065 9068 9069
f 9057 9062 9061
f 9065 9069 9070
f 9057 9063 9062
f 9065 9070 9071
f 9057 9064 9063
f 9065 9071 9072
f 9073 9074 9082
f 9073 9082 9081
f 9074 9075 9083
f 9074 9083 9082
f 9075 9076 9084
f 9075 9084 9083
f 9076 9077 9085
f 9076 9085 9084
f 9077 9078 9086
f 9077 9086 9085
f 9078 9079 9087
f 9078 9087 9086
f 9079 9080 9088
f 9079 9088 9087
f 9080 9073 9081
f 9080 9081 9088
f 9073 9075 9074
f 9081 9082 9083
f 9073 9076 9075
f 9081 9083 9084
f 9073 9077 9076
f 9081 9084 9085
f 9073 9078 9077
f 9081 9085 9086
f 9073 9079 9078
f 9081 9086 9087
f 9073 9080 9079
f 9081 9087 9088
f 9089 9090 9098
f 9089 9098 9097
f 9090 9091 9099
f 9090 9099 9098
f 9091 9092 9100
f 9091 9100 9099
f 9092 9093 9101
f 9092 9101 9100
f 9093 9094 9102
f 9093 9102 9101
f 9094 9095 9103
f 9094 9103 9102
f 9095 9096 9104
f 9095 9104 9103
f 9096 9089 9097
f 9096 9097 9104
f 9089 9091 9090
f 9097 9098 9099
f 9089 9092 9091
f 9097 9099 9100
f 9089 9093 9092
f 9097 9100 9101
f 9089 9094 9093
f 9097 9101 9102
f 9089 9095 9094
f 9097 9102 9103
f 9089 9096 9095
f 9097 9103 9104
f 9105 9106 9114
f 9105 9114 9113
f 9106 9107 9115
f 9106 9115 9114
f 9107 9108 9116
f 9107 9116 9115
f 9108 9109 9117
f 9108 9117 9116
f 9109 9110 9118
f 9109 9118 9117
f 9110 9111 9119
f 9110 9119 9118
f 9111 9112 9120
f 9111 9120 9119
f 9112 9105 9113
f 9112 9113 9120
f 9105 9107 9106
f 9113 9114 9115
f 9105 9108 9107
f 9113 9115 9116
f 9105 9109 9108
f 9113 9116 9117
f 9105 9110 9109
f 9113 9117 9118
f 9105 9111 9110
f 9113 9118 9119
f 9105 9112 9111
f 9113 9119 9120
f 9121 9122 9130
f 9121 9130 9129
f 9122 9123 9131
f 9122 9131 9130
f 9123 9124 9132
f 9123 9132 9131
f 9124 9125 9133
f 9124 9133 9132
f 9125 9126 9134
f 9125 9134 9133
f 9126 9127 9135
f 9126 9135 9134
f 9127 9128 9136
f 9127 9136 9135
f 9128 9121 9129
f 9128 9129 9136
f 9121 9123 9122
f 9129 9130 9131
f 9121 9124 9123
f 9129 9131 9132
f 9121 9125 9124
f 9129 9132 9133
f 9121 9126 9125
f 9129 9133 9134
f 9121 9127 9126
f 9129 9134 9135
f 9121 9128 9127
f 9129 9135 9136
f 9137 9138 9146
f 9137 9146 9145
f 9138 9139 9147
f 9138 9147 9146
f 9139 9140 9148
f 9139 9148 9147
f 9140 9141 9149
f 9140 9149 9148
f 9141 9142 9150
f 9141 9150 9149
f 9142 9143 9151
f 9142 9151 9150
f 9143 9144 9152
f 9143 9152 9151
f 9144 9137 9145
f 9144 9145 9152
f 9137 9139 9138
f 9145 9146 9147
f 9137 9140 9139
f 9145 9147 9148
f 9137 9141 9140
f 9145 9148 9149
f 9137 9142 9141
f 9145 9149 9150
f 9137 9143 9142
f 9145 9150 9151
f 9137 9144 9143
f 9145 9151 9152
f 9153 9154 9162
f 9153 9162 9161
f 9154 9155 9163
f 9154 9163 9162
f 9155 9156 9164
f 9155 9164 9163
f 9156 9157 9165
f 9156 9165 9164
f 9157 9158 9166
f 9157 9166 9165
f 9158 9159 9167
f 9158 9167 9166
f 9159 9160 9168
f 9159 9168 9167
f 9160 9153 9161
f 9160 9161 9168
f 9153 9155 9154
f 9161 9162 9163
f 9153 9156 9155
f 9161 9163 9164
f 9153 9157 9156
f 9161 9164 9165
f 9153 9158 9157
f 9161 9165 9166
f 9153 9159 9158
f 9161 9166 9167
f 9153 9160 9159
f 9161 9167 9168
f 9169 9170 9178
f 9169 9178 9177
f 9170 9171 9179
f 9170 9179 9178
f 9171 9172 9180
f 9171 9180 9179
f 9172 9173 9181
f 9172 9181 9180
f 9173 9174 9182
f 9173 9182 9181
f 9174 9175 9183
f 9174 9183 9182
f 9175 9176 9184
f 9175 9184 9183
f 9176 9169 9177
f 9176 9177 9184
f 9169 9171 9170
f 9177 9178 9179
f 9169 9172 9171
f 9177 9179 9180
f 9169 9173 9172
f 9177 9180 9181
f 9169 9174 9173
f 9177 9181 9182
f 9169 9175 9174
f 9177 9182 9183
f 9169 9176 9175
f 9177 9183 9184
f 9185 9186 9194
f 9185 9194 9193
f 9186 9187 9195
f 9186 9195 9194
f 9187 9188 9196
f 9187 9196 9195
f 9188 9189 9197
f 9188 9197 9196
f 9189 9190 9198
f 9189 9198 9197
f 9190 9191 9199
f 9190 9199 9198
f 9191 9192 9200
f 9191 9200 9199
f 9192 9185 9193
f 9192 9193 9200
f 9185 9187 9186
f 9193 9194 9195
f 9185 9188 9187
f 9193 9195 9196
f 9185 9189 9188
f 9193 9196 9197
f 9185 9190 9189
f 9193 9197 9198
f 9185 9191 9190
f 9193 9198 9199
f 9185 9192 9191
f 9193 9199 9200
f 9201 9202 9210
f 9201 9210 9209
f 9202 9203 9211
f 9202 9211 9210
f 9203 9204 9212
f 9203 9212 9211
f 9204 9205 9213
f 9204 9213 9212
f 9205 9206 9214
f 9205 9214 9213
f 9206 9207 9215
f 9206 9215 9214
f 9207 9208 9216
f 9207 9216 9215
f 9208 9201 9209
f 9208 9209 9216
f 9201 9203 9202
f 9209 9210 9211
f 9201 9204 9203
f 9209 9211 9212
f 9201 9205 9204
f 9209 9212 9213
f 9201 9206 9205
f 9209 9213 9214
f 9201 9207 9206
f 9209 9214 9215
f 9201 9208 9207
f 9209 9215 9216
f 9217 9218 9226
f 9217 9226 9225
f 9218 9219 9227
f 9218 9227 9226
f 9219 9220 9228
f 9219 9228 9227
f 9220 9221 9229
f 9220 9229 9228
f 9221 9222 9230
f 9221 9230 9229
f 9222 9223 9231
f 9222 9231 9230
f 9223 9224 9232
f 9223 9232 9231
f 9224 9217 9225
f 9224 9225 9232
f 9217 9219 9218
f 9225 9226 9227
f 9217 9220 9219
f 9225 9227 9228
f 9217 9221 9220
f 9225 9228 9229
f 9217 9222 9221
f 9225 9229 9230
f 9217 9223 9222
f 9225 9230 9231
f 9217 9224 9223
f 9225 9231 9232
f 9233 9234 9242
f 9233 9242 9241
f 9234 9235 9243
f 9234 9243 9242
f 9235 9236 9244
f 9235 9244 9243
f 9236 9237 9245
f 9236 9245 9244
f 9237 9238 9246
f 9237 9246 9245
f 9238 9239 9247
f 9238 9247 9246
f 9239 9240 9248
f 9239 9248 9247
f 9240 9233 9241
f 9240 9241 9248
f 9233 9235 9234
f 9241 9242 9243
f 9233 9236 9235
f 9241 9243 9244
f 9233 9237 9236
f 9241 9244 9245
f 9233 9238 9237
f 9241 9245 9246
f 9233 9239 9238
f 9241 9246 9247
f 9233 9240 9239
f 9241 9247 9248
f 9249 9250 9258
f 9249 9258 9257
f 9250 9251 9259
f 9250 9259 9258
f 9251 9252 9260
f 9251 9260 9259
f 9252 9253 9261
f 9252 9261 9260
f 9253 9254 9262
f 9253 9262 9261
f 9254 9255 9263
f 9254 9263 9262
f 9255 9256 9264
f 9255 9264 9263
f 9256 9249 9257
f 9256 9257 9264
f 9249 9251 9250
f 9257 9258 9259
f 9249 9252 9251
f 9257 9259 9260
f 9249 9253 9252
f 9257 9260 9261
f 9249 9254 9253
f 9257 9261 9262
f 9249 9255 9254
f 9257 9262 9263
f 9249 9256 9255
f 9257 9263 9264
f 9265 9266 9274
f 9265 9274 9273
f 9266 9267 9275
f 9266 9275 9274
f 9267 9268 9276
f 9267 9276 9275
f 9268 9269 9277
f 9268 9277 9276
f 9269 9270 9278
f 9269 9278 9277
f 9270 9271 9279
f 9270 9279 9278
f 9271 9272 9280
f 9271 9280 9279
f 9272 9265 9273
f 9272 9273 9280
f 9265 9267 9266
f 9273 9274 9275
f 9265 9268 9267
f 9273 9275 9276
f 9265 9269 9268
f 9273 9276 9277
f 9265 9270 9269
f 9273 9277 9278
f 9265 9271 9270
f 9273 9278 9279
f 9265 9272 9271
f 9273 9279 9280
f 9281 9282 9290
f 9281 9290 9289
f 9282 9283 9291
f 9282 9291 9290
f 9283 9284 9292
f 9283 9292 9291
f 9284 9285 9293
f 9284 9293 9292
f 9285 9286 9294
f 9285 9294 9293
f 9286 9287 9295
f 9286 9295 9294
f 9287 9288 9296
f 9287 9296 9295
f 9288 9281 9289
f 9288 9289 9296
f 9281 9283 9282
f 9289 9290 9291
f 9281 9284 9283
f 9289 9291 9292
f 9281 9285 9284
f 9289 9292 9293
f 9281 9286 9285
f 9289 9293 9294
f 9281 9287 9286
f 9289 9294 9295
f 9281 9288 9287
f 9289 9295 9296
f 9297 9298 9306
f 9297 9306 9305
f 9298 9299 9307
f 9298 9307 9306
f 9299 9300 9308
f 9299 9308 9307
f 9300 9301 9309
f 9300 9309 9308
f 9301 9302 9310
f 9301 9310 9309
f 9302 9303 9311
f 9302 9311 9310
f 9303 9304 9312
f 9303 9312 9311
f 9304 9297 9305
f 9304 9305 9312
f 9297 9299 9298
f 9305 9306 9307
f 9297 9300 9299
f 9305 9307 9308
f 9297 9301 9300
f 9305 9308 9309
f 9297 9302 9301
f 9305 9309 9310
f 9297 9303 9302
f 9305 9310 9311
f 9297 9304 9303
f 9305 9311 9312
f 9313 9314 9322
f 9313 9322 9321
f 9314 9315 9323
f 9314 9323 9322
f 9315 9316 9324
f 9315 9324 9323
f 9316 9317 9325
f 9316 9325 9324
f 9317 9318 9326
f 9317 9326 9325
f 9318 9319 9327
f 9318 9327 9326
f 9319 9320 9328
f 9319 9328 9327
f 9320 9313 9321
f 9320 9321 9328
f 9313 9315 9314
f 9321 9322 9323
f 9313 9316 9315
f 9321 9323 9324
f 9313 9317 9316
f 9321 9324 9325
f 9313 9318 9317
f 9321 9325 9326
f 9313 9319 9318
f 9321 9326 9327
f 9313 9320 9319
f 9321 9327 9328
f 9329 9330 9338
f 9329 9338 9337
f 9330 9331 9339
f 9330 9339 9338
f 9331 9332 9340
f 9331 9340 9339
f 9332 9333 9341
f 9332 9341 9340
f 9333 9334 9342
f 9333 9342 9341
f 9334 9335 9343
f 9334 9343 9342
f 9335 9336 9344
f 9335 9344 9343
f 9336 9329 9337
f 9336 9337 9344
f 9329 9331 9330
f 9337 9338 9339
f 9329 9332 9331
f 9337 9339 9340
f 9329 9333 9332
f 9337 9340 9341
f 9329 9334 9333
f 9337 9341 9342
f 9329 9335 9334
f 9337 9342 9343
f 9329 9336 9335
f 9337 9343 9344
f 9345 9346 9354
f 9345 9354 9353
f 9346 9347 9355
f 9346 9355 9354
f 9347 9348 9356
f 9347 9356 9355
f 9348 9349 9357
f 9348 9357 9356
f 9349 9350 9358
f 9349 9358 9357
f 9350 9351 9359
f 9350 9359 9358
f 9351 9352 9360
f 9351 9360 9359
f 9352 9345 9353
f 9352 9353 9360
f 9345 9347 9346
f 9353 9354 9355
f 9345 9348 9347
f 9353 9355 9356
f 9345 9349 9348
f 9353 9356 9357
f 9345 9350 9349
f 9353 9357 9358
f 9345 9351 9350
f 9353 9358 9359
f 9345 9352 9351
f 9353 9359 9360
f 9361 9362 9370
f 9361 9370 9369
f 9362 9363 9371
f 9362 9371 9370
f 9363 9364 9372
f 9363 9372 9371
f 9364 9365 9373
f 9364 9373 9372
f 9365 9366 9374
f 9365 9374 9373
f 9366 9367 9375
f 9366 9375 9374
f 9367 9368 9376
f 9367 9376 9375
f 9368 9361 9369
f 9368 9369 9376
f 9361 9363 9362
f 9369 9370 9371
f 9361 9364 9363
f 9369 9371 9372
f 9361 9365 9364
f 9369 9372 9373
f 9361 9366 9365
f 9369 9373 9374
f 9361 9367 9366
f 9369 9374 9375
f 9361 9368 9367
f 9369 9375 9376
f 9377 9378 9386
f 9377 9386 9385
f 9378 9379 9387
f 9378 9387 9386
f 9379 9380 9388
f 9379 9388 9387
f 9380 9381 9389
f 9380 9389 9388
f 9381 9382 9390
f 9381 9390 9389
f 9382 9383 9391
f 9382 9391 9390
f 9383 9384 9392
f 9383 9392 9391
f 9384 9377 9385
f 9384 9385 9392
f 9377 9379 9378
f 9385 9386 9387
f 9377 9380 9379
f 9385 9387 9388
f 9377 9381 9380
f 9385 9388 9389
f 9377 9382 9381
f 9385 9389 9390
f 9377 9383 9382
f 9385 9390 9391
f 9377 9384 9383
f 9385 9391 9392
f 9393 9394 9402
f 9393 9402 9401
f 9394 9395 9403
f 9394 9403 9402
f 9395 9396 9404
f 9395 9404 9403
f 9396 9397 9405
f 9396 9405 9404
f 9397 9398 9406
f 9397 9406 9405
f 9398 9399 9407
f 9398 9407 9406
f 9399 9400 9408
f 9399 9408 9407
f 9400 9393 9401
f 9400 9401 9408
f 9393 9395 9394
f 9401 9402 9403
f 9393 9396 9395
f 9401 9403 9404
f 9393 9397 9396
f 9401 9404 9405
f 9393 9398 9397
f 9401 9405 9406
f 9393 9399 9398
f 9401 9406 9407
f 9393 9400 9399
f 9401 9407 9408
f 9409 9410 9418
f 9409 9418 9417
f 9410 9411 9419
f 9410 9419 9418
f 9411 9412 9420
f 9411 9420 9419
f 9412 9413 9421
f 9412 9421 9420
f 9413 9414 9422
f 9413 9422 9421
f 9414 9415 9423
f 9414 9423 9422
f 9415 9416 9424
f 9415 9424 9423
f 9416 9409 9417
f 9416 9417 9424
f 9409 9411 9410
f 9417 9418 9419
f 9409 9412 9411
f 9417 9419 9420
f 9409 9413 9412
f 9417 9420 9421
f 9409 9414 9413
f 9417 9421 9422
f 9409 9415 9414
f 9417 9422 9423
f 9409 9416 9415
f 9417 9423 9424
f 9425 9426 9434
f 9425 9434 9433
f 9426 9427 9435
f 9426 9435 9434
f 9427 9428 9436
f 9427 9436 9435
f 9428 9429 9437
f 9428 9437 9436
f 9429 9430 9438
f 9429 9438 9437
f 9430 9431 9439
f 9430 9439 9438
f 9431 9432 9440
f 9431 9440 9439
f 9432 9425 9433
f 9432 9433 9440
f 9425 9427 9426
f 9433 9434 9435
f 9425 9428 9427
f 9433 9435 9436
f 9425 9429 9428
f 9433 9436 9437
f 9425 9430 9429
f 9433 9437 9438
f 9425 9431 9430
f 9433 9438 9439
f 9425 9432 9431
f 9433 9439 9440
f 9441 9442 9450
f 9441 9450 9449
f 9442 9443 9451
f 9442 9451 9450
f 9443 9444 9452
f 9443 9452 9451
f 9444 9445 9453
f 9444 9453 9452
f 9445 9446 9454
f 9445 9454 9453
f 9446 9447 9455
f 9446 9455 9454
f 9447 9448 9456
f 9447 9456 9455
f 9448 9441 9449
f 9448 9449 9456
f 9441 9443 9442
f 9449 9450 9451
f 9441 9444 9443
f 9449 9451 9452
f 9441 9445 9444
f 9449 9452 9453
f 9441 9446 9445
f 9449 9453 9454
f 9441 9447 9446
f 9449 9454 9455
f 9441 9448 9447
f 9449 9455 9456
f 9457 9458 9466
f 9457 9466 9465
f 9458 9459 9467
f 9458 9467 9466
f 9459 9460 9468
f 9459 9468 9467
f 9460 9461 9469
f 9460 9469 9468
f 9461 9462 9470
f 9461 9470 9469
f 9462 9463 9471
f 9462 9471 9470
f 9463 9464 9472
f 9463 9472 9471
f 9464 9457 9465
f 9464 9465 9472
f 9457 9459 9458
f 9465 9466 9467
f 9457 9460 9459
f 9465 9467 9468
f 9457 9461 9460
f 9465 9468 9469
f 9457 9462 9461
f 9465 9469 9470
f 9457 9463 9462
f 9465 9470 9471
f 9457 9464 9463
f 9465 9471 9472
f 9473 9474 9482
f 9473 9482 9481
f 9474 9475 9483
f 9474 9483 9482
f 9475 9476 9484
f 9475 9484 9483
f 9476 9477 9485
f 9476 9485 9484
f 9477 9478 9486
f 9477 9486 9485
f 9478 9479 9487
f 9478 9487 9486
f 9479 9480 9488
f 9479 9488 9487
f 9480 9473 9481
f 9480 9481 9488
f 9473 9475 9474
f 9481 9482 9483
f 9473 9476 9475
f 9481 9483 9484
f 9473 9477 9476
f 9481 9484 9485
f 9473 9478 9477
f 9481 9485 9486
f 9473 9479 9478
f 9481 9486 9487
f 9473 9480 9479
f 9481 9487 9488
f 9489 9490 9498
f 9489 9498 9497
f 9490 9491 9499
f 9490 9499 9498
f 9491 9492 9500
f 9491 9500 9499
f 9492 9493 9501
f 9492 9501 9500
f 9493 9494 9502
f 9493 9502 9501
f 9494 9495 9503
f 9494 9503 9502
f 9495 9496 9504
f 9495 9504 9503
f 9496 9489 9497
f 9496 9497 9504
f 9489 9491 9490
f 9497 9498 9499
f 9489 9492 9491
f 9497 9499 9500
f 9489 9493 9492
f 9497 9500 9501
f 9489 9494 9493
f 9497 9501 9502
f 9489 9495 9494
f 9497 9502 9503
f 9489 9496 9495
f 9497 9503 9504
f 9505 9506 9514
f 9505 9514 9513
f 9506 9507 9515
f 9506 9515 9514
f 9507 9508 9516
f 9507 9516 9515
f 9508 9509 9517
f 9508 9517 9516
f 9509 9510 9518
f 9509 9518 9517
f 9510 9511 9519
f 9510 9519 9518
f 9511 9512 9520
f 9511 9520 9519
f 9512 9505 9513
f 9512 9513 9520
f 9505 9507 9506
f 9513 9514 9515
f 9505 9508 9507
f 9513 9515 9516
f 9505 9509 9508
f 9513 9516 9517
f 9505 9510 9509
f 9513 9517 9518
f 9505 9511 9510
f 9513 9518 9519
f 9505 9512 9511
f 9513 9519 9520
f 9521 9522 9530
f 9521 9530 9529
f 9522 9523 9531
f 9522 9531 9530
f 9523 9524 9532
f 9523 9532 9531
f 9524 9525 9533
f 9524 9533 9532
f 9525 9526 9534
f 9525 9534 9533
f 9526 9527 9535
f 9526 9535 9534
f 9527 9528 9536
f 9527 9536 9535
f 9528 9521 9529
f 9528 9529 9536
f 9521 9523 9522
f 9529 9530 9531
f 9521 9524 9523
f 9529 9531 9532
f 9521 9525 9524
f 9529 9532 9533
f 9521 9526 9525
f 9529 9533 9534
f 9521 9527 9526
f 9529 9534 9535
f 9521 9528 9527
f 9529 9535 9536
f 9537 9538 9546
f 9537 9546 9545
f 9538 9539 9547
f 9538 9547 9546
f 9539 9540 9548
f 9539 9548 9547
f 9540 9541 9549
f 9540 9549 9548
f 9541 9542 9550
f 9541 9550 9549
f 9542 9543 9551
f 9542 9551 9550
f 9543 9544 9552
f 9543 9552 9551
f 9544 9537 9545
f 9544 9545 9552
f 9537 9539 9538
f 9545 9546 9547
f 9537 9540 9539
f 9545 9547 9548
f 9537 9541 9540
f 9545 9548 9549
f 9537 9542 9541
f 9545 9549 9550
f 9537 9543 9542
f 9545 9550 9551
f 9537 9544 9543
f 9545 9551 9552
f 9553 9554 9562
f 9553 9562 9561
f 9554 9555 9563
f 9554 9563 9562
f 9555 9556 9564
f 9555 9564 9563
f 9556 9557 9565
f 9556 9565 9564
f 9557 9558 9566
f 9557 9566 9565
f 9558 9559 9567
f 9558 9567 9566
f 9559 9560 9568
f 9559 9568 9567
f 9560 9553 9561
f 9560 9561 9568
f 9553 9555 9554
f 9561 9562 9563
f 9553 9556 9555
f 9561 9563 9564
f 9553 9557 9556
f 9561 9564 9565
f 9553 9558 9557
f 9561 9565 9566
f 9553 9559 9558
f 9561 9566 9567
f 9553 9560 9559
f 9561 9567 9568
f 9569 9570 9578
f 9569 9578 9577
f 9570 9571 9579
f 9570 9579 9578
f 9571 9572 9580
f 9571 9580 9579
f 9572 9573 9581
f 9572 9581 9580
f 9573 9574 9582
f 9573 9582 9581
f 9574 9575 9583
f 9574 9583 9582
f 9575 9576 9584
f 9575 9584 9583
f 9576 9569 9577
f 9576 9577 9584
f 9569 9571 9570
f 9577 9578 9579
f 9569 9572 9571
f 9577 9579 9580
f 9569 9573 9572
f 9577 9580 9581
f 9569 9574 9573
f 9577 9581 9582
f 9569 9575 9574
f 9577 9582 9583
f 9569 9576 9575
f 9577 9583 9584
f 9585 9586 9594
f 9585 9594 9593
f 9586 9587 9595
f 9586 9595 9594
f 9587 9588 9596
f 9587 9596 9595
f 9588 9589 9597
f 9588 9597 9596
f 9589 9590 9598
f 9589 9598 9597
f 9590 9591 9599
f 9590 9599 9598
f 9591 9592 9600
f 9591 9600 9599
f 9592 9585 9593
f 9592 9593 9600
f 9585 9587 9586
f 9593 9594 9595
f 9585 9588 9587
f 9593 9595 9596
f 9585 9589 9588
f 9593 9596 9597
f 9585 9590 9589
f 9593 9597 9598
f 9585 9591 9590
f 9593 9598 9599
f 9585 9592 9591
f 9593 9599 9600
f 9601 9602 9610
f 9601 9610 9609
f 9602 9603 9611
f 9602 9611 9610
f 9603 9604 9612
f 9603 9612 9611
f 9604 9605 9613
f 9604 9613 9612
f 9605 9606 9614
f 9605 9614 9613
f 9606 9607 9615
f 9606 9615 9614
f 9607 9608 9616
f 9607 9616 9615
f 9608 9601 9609
f 9608 9609 9616
f 9601 9603 9602
f 9609 9610 9611
f 9601 9604 9603
f 9609 9611 9612
f 9601 9605 9604
f 9609 9612 9613
f 9601 9606 9605
f 9609 9613 9614
f 9601 9607 9606
f 9609 9614 9615
f 9601 9608 9607
f 9609 9615 9616
f 9617 9618 9626
f 9617 9626 9625
f 9618 9619 9627
f 9618 9627 9626
f 9619 9620 9628
f 9619 9628 9627
f 9620 9621 9629
f 9620 9629 9628
f 9621 9622 9630
f 9621 9630 9629
f 9622 9623 9631
f 9622 9631 9630
f 9623 9624 9632
f 9623 9632 9631
f 9624 9617 9625
f 9624 9625 9632
f 9617 9619 9618
f 9625 9626 9627
f 9617 9620 9619
f 9625 9627 9628
f 9617 9621 9620
f 9625 9628 9629
f 9617 9622 9621
f 9625 9629 9630
f 9617 9623 9622
f 9625 9630 9631
f 9617 9624 9623
f 9625 9631 9632
f 9633 9634 9642
f 9633 9642 9641
f 9634 9635 9643
f 9634 9643 9642
f 9635 9636 9644
f 9635 9644 9643
f 9636 9637 9645
f 9636 9645 9644
f 9637 9638 9646
f 9637 9646 9645
f 9638 9639 9647
f 9638 9647 9646
f 9639 9640 9648
f 9639 9648 9647
f 9640 9633 9641
f 9640 9641 9648
f 9633 9635 9634
f 9641 9642 9643
f 9633 9636 9635
f 9641 9643 9644
f 9633 9637 9636
f 9641 9644 9645
f 9633 9638 9637
f 9641 9645 9646
f 9633 9639 9638
f 9641 9646 9647
f 9633 9640 9639
f 9641 9647 9648
f 9649 9650 9658
f 9649 9658 9657
f 9650 9651 9659
f 9650 9659 9658
f 9651 9652 9660
f 9651 9660 9659
f 9652 9653 9661
f 9652 9661 9660
f 9653 9654 9662
f 9653 9662 9661
f 9654 9655 9663
f 9654 9663 9662
f 9655 9656 9664
f 9655 9664 9663
f 9656 9649 9657
f 9656 9657 9664
f 9649 9651 9650
f 9657 9658 9659
f 9649 9652 9651
f 9657 9659 9660
f 9649 9653 9652
f 9657 9660 9661
f 9649 9654 9653
f 9657 9661 9662
f 9649 9655 9654
f 9657 9662 9663
f 9649 9656 9655
f 9657 9663 9664
f 9665 9666 9674
f 9665 9674 9673
f 9666 9667 9675
f 9666 9675 9674
f 9667 9668 9676
f 9667 9676 9675
f 9668 9669 9677
f 9668 9677 9676
f 9669 9670 9678
f 9669 9678 9677
f 9670 9671 9679
f 9670 9679 9678
f 9671 9672 9680
f 9671 9680 9679
f 9672 9665 9673
f 9672 9673 9680
f 9665 9667 9666
f 9673 9674 9675
f 9665 9668 9667
f 9673 9675 9676
f 9665 9669 9668
f 9673 9676 9677
f 9665 9670 9669
f 9673 9677 9678
f 9665 9671 9670
f 9673 9678 9679
f 9665 9672 9671
f 9673 9679 9680
f 9681 9682 9690
f 9681 9690 9689
f 9682 9683 9691
f 9682 9691 9690
f 9683 9684 9692
f 9683 9692 9691
f 9684 9685 9693
f 9684 9693 9692
f 9685 9686 9694
f 9685 9694 9693
f 9686 9687 9695
f 9686 9695 9694
f 9687 9688 9696
f 9687 9696 9695
f 9688 9681 9689
f 9688 9689 9696
f 9681 9683 9682
f 9689 9690 9691
f 9681 9684 9683
f 9689 9691 9692
f 9681 9685 9684
f 9689 9692 9693
f 9681 9686 9685
f 9689 9693 9694
f 9681 9687 9686
f 9689 9694 9695
f 9681 9688 9687
f 9689 9695 9696
f 9697 9698 9706
f 9697 9706 9705
f 9698 9699 9707
f 9698 9707 9706
f 9699 9700 9708
f 9699 9708 9707
f 9700 9701 9709
f 9700 9709 9708
f 9701 9702 9710
f 9701 9710 9709
f 9702 9703 9711
f 9702 9711 9710
f 9703 9704 9712
f 9703 9712 9711
f 9704 9697 9705
f 9704 9705 9712
f 9697 9699 9698
f 9705 9706 9707
f 9697 9700 9699
f 9705 9707 9708
f 9697 9701 9700
f 9705 9708 9709
f 9697 9702 9701
f 9705 9709 9710
f 9697 9703 9702
f 9705 9710 9711
f 9697 9704 9703
f 9705 9711 9712
f 9713 9714 9722
f 9713 9722 9721
f 9714 9715 9723
f 9714 9723 9722
f 9715 9716 9724
f 9715 9724 9723
f 9716 9717 9725
f 9716 9725 9724
f 9717 9718 9726
f 9717 9726 9725
f 9718 9719 9727
f 9718 9727 9726
f 9719 9720 9728
f 9719 9728 9727
f 9720 9713 9721
f 9720 9721 9728
f 9713 9715 9714
f 9721 9722 9723
f 9713 9716 9715
f 9721 9723 9724
f 9713 9717 9716
f 9721 9724 9725
f 9713 9718 9717
f 9721 9725 9726
f 9713 9719 9718
f 9721 9726 9727
f 9713 9720 9719
f 9721 9727 9728
f 9729 9730 9738
f 9729 9738 9737
f 9730 9731 9739
f 9730 9739 9738
f 9731 9732 9740
f 9731 9740 9739
f 9732 9733 9741
f 9732 9741 9740
f 9733 9734 9742
f 9733 9742 9741
f 9734 9735 9743
f 9734 9743 9742
f 9735 9736 9744
f 9735 9744 9743
f 9736 9729 9737
f 9736 9737 9744
f 9729 9731 9730
f 9737 9738 9739
f 9729 9732 9731
f 9737 9739 9740
f 9729 9733 9732
f 9737 9740 9741
f 9729 9734 9733
f 9737 9741 9742
f 9729 9735 9734
f 9737 9742 9743
f 9729 9736 9735
f 9737 9743 9744
f 9745 9746 9754
f 9745 9754 9753
f 9746 9747 9755
f 9746 9755 9754
f 9747 9748 9756
f 9747 9756 9755
f 9748 9749 9757
f 9748 9757 9756
f 9749 9750 9758
f 9749 9758 9757
f 9750 9751 9759
f 9750 9759 9758
f 9751 9752 9760
f 9751 9760 9759
f 9752 9745 9753
f 9752 9753 9760
f 9745 9747 9746
f 9753 9754 9755
f 9745 9748 9747
f 9753 9755 9756
f 9745 9749 9748
f 9753 9756 9757
f 9745 9750 9749
f 9753 9757 9758
f 9745 9751 9750
f 9753 9758 9759
f 9745 9752 9751
f 9753 9759 9760
f 9761 9762 9770
f 9761 9770 9769
f 9762 9763 9771
f 9762 9771 9770
f 9763 9764 9772
f 9763 9772 9771
f 9764 9765 9773
f 9764 9773 9772
f 9765 9766 9774
f 9765 9774 9773
f 9766 9767 9775
f 9766 9775 9774
f 9767 9768 9776
f 9767 9776 9775
f 9768 9761 9769
f 9768 9769 9776
f 9761 9763 9762
f 9769 9770 9771
f 9761 9764 9763
f 9769 9771 9772
f 9761 9765 9764
f 9769 9772 9773
f 9761 9766 9765
f 9769 9773 9774
f 9761 9767 9766
f 9769 9774 9775
f 9761 9768 9767
f 9769 9775 9776
f 9777 9778 9786
f 9777 9786 9785
f 9778 9779 9787
f 9778 9787 9786
f 9779 9780 9788
f 9779 9788 9787
f 9780 9781 9789
f 9780 9789 9788
f 9781 9782 9790
f 9781 9790 9789
f 9782 9783 9791
f 9782 9791 9790
f 9783 9784 9792
f 9783 9792 9791
f 9784 9777 9785
f 9784 9785 9792
f 9777 9779 9778
f 9785 9786 9787
f 9777 9780 9779
f 9785 9787 9788
f 9777 9781 9780
f 9785 9788 9789
f 9777 9782 9781
f 9785 9789 9790
f 9777 9783 9782
f 9785 9790 9791
f 9777 9784 9783
f 9785 9791 9792
f 9793 9794 9802
f 9793 9802 9801
f 9794 9795 9803
f 9794 9803 9802
f 9795 9796 9804
f 9795 9804 9803
f 9796 9797 9805
f 9796 9805 9804
f 9797 9798 9806
f 9797 9806 9805
f 9798 9799 9807
f 9798 9807 9806
f 9799 9800 9808
f 9799 9808 9807
f 9800 9793 9801
f 9800 9801 9808
f 9793 9795 9794
f 9801 9802 9803
f 9793 9796 9795
f 9801 9803 9804
f 9793 9797 9796
f 9801 9804 9805
f 9793 9798 9797
f 9801 9805 9806
f 9793 9799 9798
f 9801 9806 9807
f 9793 9800 9799
f 9801 9807 9808
f 9809 9810 9818
f 9809 9818 9817
f 9810 9811 9819
f 9810 9819 9818
f 9811 9812 9820
f 9811 9820 9819
f 9812 9813 9821
f 9812 9821 9820
f 9813 9814 9822
f 9813 9822 9821
f 9814 9815 9823
f 9814 9823 9822
f 9815 9816 9824
f 9815 9824 9823
f 9816 9809 9817
f 9816 9817 9824
f 9809 9811 9810
f 9817 9818 9819
f 9809 9812 9811
f 9817 9819 9820
f 9809 9813 9812
f 9817 9820 9821
f 9809 9814 9813
f 9817 9821 9822
f 9809 9815 9814
f 9817 9822 9823
f 9809 9816 9815
f 9817 9823 9824
f 9825 9826 9834
f 9825 9834 9833
f 9826 9827 9835
f 9826 9835 9834
f 9827 9828 9836
f 9827 9836 9835
f 9828 9829 9837
f 9828 9837 9836
f 9829 9830 9838
f 9829 9838 9837
f 9830 9831 9839
f 9830 9839 9838
f 9831 9832 9840
f 9831 9840 9839
f 9832 9825 9833
f 9832 9833 9840
f 9825 9827 9826
f 9833 9834 9835
f 9825 9828 9827
f 9833 9835 9836
f 9825 9829 9828
f 9833 9836 9837
f 9825 9830 9829
f 9833 9837 9838
f 9825 9831 9830
f 9833 9838 9839
f 9825 9832 9831
f 9833 9839 9840
f 9841 9842 9850
f 9841 9850 9849
f 9842 9843 9851
f 9842 9851 9850
f 9843 9844 9852
f 9843 9852 9851
f 9844 9845 9853
f 9844 9853 9852
f 9845 9846 9854
f 9845 9854 9853
f 9846 9847 9855
f 9846 9855 9854
f 9847 9848 9856
f 9847 9856 9855
f 9848 9841 9849
f 9848 9849 9856
f 9841 9843 9842
f 9849 9850 9851
f 9841 9844 9843
f 9849 9851 9852
f 9841 9845 9844
f 9849 9852 9853
f 9841 9846 9845
f 9849 9853 9854
f 9841 9847 9846
f 9849 9854 9855
f 9841 9848 9847
f 9849 9855 9856
f 9857 9858 9866
f 9857 9866 9865
f 9858 9859 9867
f 9858 9867 9866
f 9859 9860 9868
f 9859 9868 9867
f 9860 9861 9869
f 9860 9869 9868
f 9861 9862 9870
f 9861 9870 9869
f 9862 9863 9871
f 9862 9871 9870
f 9863 9864 9872
f 9863 9872 9871
f 9864 9857 9865
f 9864 9865 9872
f 9857 9859 9858
f 9865 9866 9867
f 9857 9860 9859
f 9865 9867 9868
f 9857 9861 9860
f 9865 9868 9869
f 9857 9862 9861
f 9865 9869 9870
f 9857 9863 9862
f 9865 9870 9871
f 9857 9864 9863
f 9865 9871 9872
f 9873 9874 9882
f 9873 9882 9881
f 9874 9875 9883
f 9874 9883 9882
f 9875 9876 9884
f 9875 9884 9883
f 9876 9877 9885
f 9876 9885 9884
f 9877 9878 9886
f 9877 9886 9885
f 9878 9879 9887
f 9878 9887 9886
f 9879 9880 9888
f 9879 9888 9887
f 9880 9873 9881
f 9880 9881 9888
f 9873 9875 9874
f 9881 9882 9883
f 9873 9876 9875
f 9881 9883 9884
f 9873 9877 9876
f 9881 9884 9885
f 9873 9878 9877
f 9881 9885 9886
f 9873 9879 9878
f 9881 9886 9887
f 9873 9880 9879
f 9881 9887 9888
f 9889 9890 9898
f 9889 9898 9897
f 9890 9891 9899
f 9890 9899 9898
f 9891 9892 9900
f 9891 9900 9899
f 9892 9893 9901
f 9892 9901 9900
f 9893 9894 9902
f 9893 9902 9901
f 9894 9895 9903
f 9894 9903 9902
f 9895 9896 9904
f 9895 9904 9903
f 9896 9889 9897
f 9896 9897 9904
f 9889 9891 9890
f 9897 9898 9899
f 9889 9892 9891
f 9897 9899 9900
f 9889 9893 9892
f 9897 9900 9901
f 9889 9894 9893
f 9897 9901 9902
f 9889 9895 9894
f 9897 9902 9903
f 9889 9896 9895
f 9897 9903 9904
f 9905 9906 9914
f 9905 9914 9913
f 9906 9907 9915
f 9906 9915 9914
f 9907 9908 9916
f 9907 9916 9915
f 9908 9909 9917
f 9908 9917 9916
f 9909 9910 9918
f 9909 9918 9917
f 9910 9911 9919
f 9910 9919 9918
f 9911 9912 9920
f 9911 9920 9919
f 9912 9905 9913
f 9912 9913 9920
f 9905 9907 9906
f 9913 9914 9915
f 9905 9908 9907
f 9913 9915 9916
f 9905 9909 9908
f 9913 9916 9917
f 9905 9910 9909
f 9913 9917 9918
f 9905 9911 9910
f 9913 9918 9919
f 9905 9912 9911
f 9913 9919 9920
f 9921 9922 9930
f 9921 9930 9929
f 9922 9923 9931
f 9922 9931 9930
f 9923 9924 9932
f 9923 9932 9931
f 9924 9925 9933
f 9924 9933 9932
f 9925 9926 9934
f 9925 9934 9933
f 9926 9927 9935
f 9926 9935 9934
f 9927 9928 9936
f 9927 9936 9935
f 9928 9921 9929
f 9928 9929 9936
f 9921 9923 9922
f 9929 9930 9931
f 9921 9924 9923
f 9929 9931 9932
f 9921 9925 9924
f 9929 9932 9933
f 9921 9926 9925
f 9929 9933 9934
f 9921 9927 9926
f 9929 9934 9935
f 9921 9928 9927
f 9929 9935 9936
f 9937 9938 9946
f 9937 9946 9945
f 9938 9939 9947
f 9938 9947 9946
f 9939 9940 9948
f 9939 9948 9947
f 9940 9941 9949
f 9940 9949 9948
f 9941 9942 9950
f 9941 9950 9949
f 9942 9943 9951
f 9942 9951 9950
f 9943 9944 9952
f 9943 9952 9951
f 9944 9937 9945
f 9944 9945 9952
f 9937 9939 9938
f 9945 9946 9947
f 9937 9940 9939
f 9945 9947 9948
f 9937 9941 9940
f 9945 9948 9949
f 9937 9942 9941
f 9945 9949 9950
f 9937 9943 9942
f 9945 9950 9951
f 9937 9944 9943
f 9945 9951 9952
f 9953 9954 9962
f 9953 9962 9961
f 9954 9955 9963
f 9954 9963 9962
f 9955 9956 9964
f 9955 9964 9963
f 9956 9957 9965
f 9956 9965 9964
f 9957 9958 9966
f 9957 9966 9965
f 9958 9959 9967
f 9958 9967 9966
f 9959 9960 9968
f 9959 9968 9967
f 9960 9953 9961
f 9960 9961 9968
f 9953 9955 9954
f 9961 9962 9963
f 9953 9956 9955
f 9961 9963 9964
f 9953 9957 9956
f 9961 9964 9965
f 9953 9958 9957
f 9961 9965 9966
f 9953 9959 9958
f 9961 9966 9967
f 9953 9960 9959
f 9961 9967 9968
f 9969 9970 9978
f 9969 9978 9977
f 9970 9971 9979
f 9970 9979 9978
f 9971 9972 9980
f 9971 9980 9979
f 9972 9973 9981
f 9972 9981 9980
f 9973 9974 9982
f 9973 9982 9981
f 9974 9975 9983
f 9974 9983 9982
f 9975 9976 9984
f 9975 9984 9983
f 9976 9969 9977
f 9976 9977 9984
f 9969 9971 9970
f 9977 9978 9979
f 9969 9972 9971
f 9977 9979 9980
f 9969 9973 9972
f 9977 9980 9981
f 9969 9974 9973
f 9977 9981 9982
f 9969 9975 9974
f 9977 9982 9983
f 9969 9976 9975
f 9977 9983 9984
f 9985 9986 9994
f 9985 9994 9993
f 9986 9987 9995
f 9986 9995 9994
f 9987 9988 9996
f 9987 9996 9995
f 9988 9989 9997
f 9988 9997 9996
f 9989 9990 9998
f 9989 9998 9997
f 9990 9991 9999
f 9990 9999 9998
f 9991 9992 10000
f 9991 10000 9999
f 9992 9985 9993
f 9992 9993 10000
f 9985 9987 9986
f 9993 9994 9995
f 9985 9988 9987
f 9993 9995 9996
f 9985 9989 9988
f 9993 9996 9997
f 9985 9990 9989
f 9993 9997 9998
f 9985 9991 9990
f 9993 9998 9999
f 9985 9992 9991
f 9993 9999 10000
f 10001 10002 10010
f 10001 10010 10009
f 10002 10003 10011
f 10002 10011 10010
f 10003 10004 10012
f 10003 10012 10011
f 10004 10005 10013
f 10004 10013 10012
f 10005 10006 10014
f 10005 10014 10013
f 10006 10007 10015
f 10006 10015 10014
f 10007 10008 10016
f 10007 10016 10015
f 10008 10001 10009
f 10008 10009 10016
f 10001 10003 10002
f 10009 10010 10011
f 10001 10004 10003
f 10009 10011 10012
f 10001 10005 10004
f 10009 10012 10013
f 10001 10006 10005
f 10009 10013 10014
f 10001 10007 10006
f 10009 10014 10015
f 10001 10008 10007
f 10009 10015 10016
f 10017 10018 10026
f 10017 10026 10025
f 10018 10019 10027
f 10018 10027 10026
f 10019 10020 10028
f 10019 10028 10027
f 10020 10021 10029
f 10020 10029 10028
f 10021 10022 10030
f 10021 10030 10029
f 10022 10023 10031
f 10022 10031 10030
f 10023 10024 10032
f 10023 10032 10031
f 10024 10017 10025
f 10024 10025 10032
f 10017 10019 10018
f 10025 10026 10027
f 10017 10020 10019
f 10025 10027 10028
f 10017 10021 10020
f 10025 10028 10029
f 10017 10022 10021
f 10025 10029 10030
f 10017 10023 10022
f 10025 10030 10031
f 10017 10024 10023
f 10025 10031 10032
f 10033 10034 10042
f 10033 10042 10041
f 10034 10035 10043
f 10034 10043 10042
f 10035 10036 10044
f 10035 10044 10043
f 10036 10037 10045
f 10036 10045 10044
f 10037 10038 10046
f 10037 10046 10045
f 10038 10039 10047
f 10038 10047 10046
f 10039 10040 10048
f 10039 10048 10047
f 10040 10033 10041
f 10040 10041 10048
f 10033 10035 10034
f 10041 10042 10043
f 10033 10036 10035
f 10041 10043 10044
f 10033 10037 10036
f 10041 10044 10045
f 10033 10038 10037
f 10041 10045 10046
f 10033 10039 10038
f 10041 10046 10047
f 10033 10040 10039
f 10041 10047 10048
f 10049 10050 10058
f 10049 10058 10057
f 10050 10051 10059
f 10050 10059 10058
f 10051 10052 10060
f 10051 10060 10059
f 10052 10053 10061
f 10052 10061 10060
f 10053 10054 10062
f 10053 10062 10061
f 10054 10055 10063
f 10054 10063 10062
f 10055 10056 10064
f 10055 10064 10063
f 10056 10049 10057
f 10056 10057 10064
f 10049 10051 10050
f 10057 10058 10059
f 10049 10052 10051
f 10057 10059 10060
f 10049 10053 10052
f 10057 10060 10061
f 10049 10054 10053
f 10057 10061 10062
f 10049 10055 10054
f 10057 10062 10063
f 10049 10056 10055
f 10057 10063 10064
f 10065 10066 10074
f 10065 10074 10073
f 10066 10067 10075
f 10066 10075 10074
f 10067 10068 10076
f 10067 10076 10075
f 10068 10069 10077
f 10068 10077 10076
f 10069 10070 10078
f 10069 10078 10077
f 10070 10071 10079
f 10070 10079 10078
f 10071 10072 10080
f 10071 10080 10079
f 10072 10065 10073
f 10072 10073 10080
f 10065 10067 10066
f 10073 10074 10075
f 10065 10068 10067
f 10073 10075 10076
f 10065 10069 10068
f 10073 10076 10077
f 10065 10070 10069
f 10073 10077 10078
f 10065 10071 10070
f 10073 10078 10079
f 10065 10072 10071
f 10073 10079 10080
f 10081 10082 10090
f 10081 10090 10089
f 10082 10083 10091
f 10082 10091 10090
f 10083 10084 10092
f 10083 10092 10091
f 10084 10085 10093
f 10084 10093 10092
f 10085 10086 10094
f 10085 10094 10093
f 10086 10087 10095
f 10086 10095 10094
f 10087 10088 10096
f 10087 10096 10095
f 10088 10081 10089
f 10088 10089 10096
f 10081 10083 10082
f 10089 10090 10091
f 10081 10084 10083
f 10089 10091 10092
f 10081 10085 10084
f 10089 10092 10093
f 10081 10086 10085
f 10089 10093 10094
f 10081 10087 10086
f 10089 10094 10095
f 10081 10088 10087
f 10089 10095 10096
f 10097 10098 10106
f 10097 10106 10105
f 10098 10099 10107
f 10098 10107 10106
f 10099 10100 10108
f 10099 10108 10107
f 10100 10101 10109
f 10100 10109 10108
f 10101 10102 10110
f 10101 10110 10109
f 10102 10103 10111
f 10102 10111 10110
f 10103 10104 10112
f 10103 10112 10111
f 10104 10097 10105
f 10104 10105 10112
f 10097 10099 10098
f 10105 10106 10107
f 10097 10100 10099
f 10105 10107 10108
f 10097 10101 10100
f 10105 10108 10109
f 10097 10102 10101
f 10105 10109 10110
f 10097 10103 10102
f 10105 10110 10111
f 10097 10104 10103
f 10105 10111 10112
f 10113 10114 10122
f 10113 10122 10121
f 10114 10115 10123
f 10114 10123 10122
f 10115 10116 10124
f 10115 10124 10123
f 10116 10117 10125
f 10116 10125 10124
f 10117 10118 10126
f 10117 10126 10125
f 10118 10119 10127
f 10118 10127 10126
f 10119 10120 10128
f 10119 10128 10127
f 10120 10113 10121
f 10120 10121 10128
f 10113 10115 10114
f 10121 10122 10123
f 10113 10116 10115
f 10121 10123 10124
f 10113 10117 10116
f 10121 10124 10125
f 10113 10118 10117
f 10121 10125 10126
f 10113 10119 10118
f 10121 10126 10127
f 10113 10120 10119
f 10121 10127 10128
f 10129 10130 10138
f 10129 10138 10137
f 10130 10131 10139
f 10130 10139 10138
f 10131 10132 10140
f 10131 10140 10139
f 10132 10133 10141
f 10132 10141 10140
f 10133 10134 10142
f 10133 10142 10141
f 10134 10135 10143
f 10134 10143 10142
f 10135 10136 10144
f 10135 10144 10143
f 10136 10129 10137
f 10136 10137 10144
f 10129 10131 10130
f 10137 10138 10139
f 10129 10132 10131
f 10137 10139 10140
f 10129 10133 10132
f 10137 10140 10141
f 10129 10134 10133
f 10137 10141 10142
f 10129 10135 10134
f 10137 10142 10143
f 10129 10136 10135
f 10137 10143 10144
f 10145 10146 10154
f 10145 10154 10153
f 10146 10147 10155
f 10146 10155 10154
f 10147 10148 10156
f 10147 10156 10155
f 10148 10149 10157
f 10148 10157 10156
f 10149 10150 10158
f 10149 10158 10157
f 10150 10151 10159
f 10150 10159 10158
f 10151 10152 10160
f 10151 10160 10159
f 10152 10145 10153
f 10152 10153 10160
f 10145 10147 10146
f 10153 10154 10155
f 10145 10148 10147
f 10153 10155 10156
f 10145 10149 10148
f 10153 10156 10157
f 10145 10150 10149
f 10153 10157 10158
f 10145 10151 10150
f 10153 10158 10159
f 10145 10152 10151
f 10153 10159 10160
f 10161 10162 10170
f 10161 10170 10169
f 10162 10163 10171
f 10162 10171 10170
f 10163 10164 10172
f 10163 10172 10171
f 10164 10165 10173
f 10164 10173 10172
f 10165 10166 10174
f 10165 10174 10173
f 10166 10167 10175
f 10166 10175 10174
f 10167 10168 10176
f 10167 10176 10175
f 10168 10161 10169
f 10168 10169 10176
f 10161 10163 10162
f 10169 10170 10171
f 10161 10164 10163
f 10169 10171 10172
f 10161 10165 10164
f 10169 10172 10173
f 10161 10166 10165
f 10169 10173 10174
f 10161 10167 10166
f 10169 10174 10175
f 10161 10168 10167
f 10169 10175 10176
f 10177 10178 10186
f 10177 10186 10185
f 10178 10179 10187
f 10178 10187 10186
f 10179 10180 10188
f 10179 10188 10187
f 10180 10181 10189
f 10180 10189 10188
f 10181 10182 10190
f 10181 10190 10189
f 10182 10183 10191
f 10182 10191 10190
f 10183 10184 10192
f 10183 10192 10191
f 10184 10177 10185
f 10184 10185 10192
f 10177 10179 10178
f 10185 10186 10187
f 10177 10180 10179
f 10185 10187 10188
f 10177 10181 10180
f 10185 10188 10189
f 10177 10182 10181
f 10185 10189 10190
f 10177 10183 10182
f 10185 10190 10191
f 10177 10184 10183
f 10185 10191 10192
f 10193 10194 10202
f 10193 10202 10201
f 10194 10195 10203
f 10194 10203 10202
f 10195 10196 10204
f 10195 10204 10203
f 10196 10197 10205
f 10196 10205 10204
f 10197 10198 10206
f 10197 10206 10205
f 10198 10199 10207
f 10198 10207 10206
f 10199 10200 10208
f 10199 10208 10207
f 10200 10193 10201
f 10200 10201 10208
f 10193 10195 10194
f 10201 10202 10203
f 10193 10196 10195
f 10201 10203 10204
f 10193 10197 10196
f 10201 10204 10205
f 10193 10198 10197
f 10201 10205 10206
f 10193 10199 10198
f 10201 10206 10207
f 10193 10200 10199
f 10201 10207 10208
f 10209 10210 10218
f 10209 10218 10217
f 10210 10211 10219
f 10210 10219 10218
f 10211 10212 10220
f 10211 10220 10219
f 10212 10213 10221
f 10212 10221 10220
f 10213 10214 10222
f 10213 10222 10221
f 10214 10215 10223
f 10214 10223 10222
f 10215 10216 10224
f 10215 10224 10223
f 10216 10209 10217
f 10216 10217 10224
f 10209 10211 10210
f 10217 10218 10219
f 10209 10212 10211
f 10217 10219 10220
f 10209 10213 10212
f 10217 10220 10221
f 10209 10214 10213
f 10217 10221 10222
f 10209 10215 10214
f 10217 10222 10223
f 10209 10216 10215
f 10217 10223 10224
f 10225 10226 10234
f 10225 10234 10233
f 10226 10227 10235
f 10226 10235 10234
f 10227 10228 10236
f 10227 10236 10235
f 10228 10229 10237
f 10228 10237 10236
f 10229 10230 10238
f 10229 10238 10237
f 10230 10231 10239
f 10230 10239 10238
f 10231 10232 10240
f 10231 10240 10239
f 10232 10225 10233
f 10232 10233 10240
f 10225 10227 10226
f 10233 10234 10235
f 10225 10228 10227
f 10233 10235 10236
f 10225 10229 10228
f 10233 10236 10237
f 10225 10230 10229
f 10233 10237 10238
f 10225 10231 10230
f 10233 10238 10239
f 10225 10232 10231
f 10233 10239 10240
f 10241 10242 10250
f 10241 10250 10249
f 10242 10243 10251
f 10242 10251 10250
f 10243 10244 10252
f 10243 10252 10251
f 10244 10245 10253
f 10244 10253 10252
f 10245 10246 10254
f 10245 10254 10253
f 10246 10247 10255
f 10246 10255 10254
f 10247 10248 10256
f 10247 10256 10255
f 10248 10241 10249
f 10248 10249 10256
f 10241 10243 10242
f 10249 10250 10251
f 10241 10244 10243
f 10249 10251 10252
f 10241 10245 10244
f 10249 10252 10253
f 10241 10246 10245
f 10249 10253 10254
f 10241 10247 10246
f 10249 10254 10255
f 10241 10248 10247
f 10249 10255 10256
f 10257 10258 10266
f 10257 10266 10265
f 10258 10259 10267
f 10258 10267 10266
f 10259 10260 10268
f 10259 10268 10267
f 10260 10261 10269
f 10260 10269 10268
f 10261 10262 10270
f 10261 10270 10269
f 10262 10263 10271
f 10262 10271 10270
f 10263 10264 10272
f 10263 10272 10271
f 10264 10257 10265
f 10264 10265 10272
f 10257 10259 10258
f 10265 10266 10267
f 10257 10260 10259
f 10265 10267 10268
f 10257 10261 10260
f 10265 10268 10269
f 10257 10262 10261
f 10265 10269 10270
f 10257 10263 10262
f 10265 10270 10271
f 10257 10264 10263
f 10265 10271 10272
f 10273 10274 10282
f 10273 10282 10281
f 10274 10275 10283
f 10274 10283 10282
f 10275 10276 10284
f 10275 10284 10283
f 10276 10277 10285
f 10276 10285 10284
f 10277 10278 10286
f 10277 10286 10285
f 10278 10279 10287
f 10278 10287 10286
f 10279 10280 10288
f 10279 10288 10287
f 10280 10273 10281
f 10280 10281 10288
f 10273 10275 10274
f 10281 10282 10283
f 10273 10276 10275
f 10281 10283 10284
f 10273 10277 10276
f 10281 10284 10285
f 10273 10278 10277
f 10281 10285 10286
f 10273 10279 10278
f 10281 10286 10287
f 10273 10280 10279
f 10281 10287 10288
f 10289 10290 10298
f 10289 10298 10297
f 10290 10291 10299
f 10290 10299 10298
f 10291 10292 10300
f 10291 10300 10299
f 10292 10293 10301
f 10292 10301 10300
f 10293 10294 10302
f 10293 10302 10301
f 10294 10295 10303
f 10294 10303 10302
f 10295 10296 10304
f 10295 10304 10303
f 10296 10289 10297
f 10296 10297 10304
f 10289 10291 10290
f 10297 10298 10299
f 10289 10292 10291
f 10297 10299 10300
f 10289 10293 10292
f 10297 10300 10301
f 10289 10294 10293
f 10297 10301 10302
f 10289 10295 10294
f 10297 10302 10303
f 10289 10296 10295
f 10297 10303 10304
f 10305 10306 10314
f 10305 10314 10313
f 10306 10307 10315
f 10306 10315 10314
f 10307 10308 10316
f 10307 10316 10315
f 10308 10309 10317
f 10308 10317 10316
f 10309 10310 10318
f 10309 10318 10317
f 10310 10311 10319
f 10310 10319 10318
f 10311 10312 10320
f 10311 10320 10319
f 10312 10305 10313
f 10312 10313 10320
f 10305 10307 10306
f 10313 10314 10315
f 10305 10308 10307
f 10313 10315 10316
f 10305 10309 10308
f 10313 10316 10317
f 10305 10310 10309
f 10313 10317 10318
f 10305 10311 10310
f 10313 10318 10319
f 10305 10312 10311
f 10313 10319 10320
f 10321 10322 10330
f 10321 10330 10329
f 10322 10323 10331
f 10322 10331 10330
f 10323 10324 10332
f 10323 10332 10331
f 10324 10325 10333
f 10324 10333 10332
f 10325 10326 10334
f 10325 10334 10333
f 10326 10327 10335
f 10326 10335 10334
f 10327 10328 10336
f 10327 10336 10335
f 10328 10321 10329
f 10328 10329 10336
f 10321 10323 10322
f 10329 10330 10331
f 10321 10324 10323
f 10329 10331 10332
f 10321 10325 10324
f 10329 10332 10333
f 10321 10326 10325
f 10329 10333 10334
f 10321 10327 10326
f 10329 10334 10335
f 10321 10328 10327
f 10329 10335 10336
f 10337 10338 10346
f 10337 10346 10345
f 10338 10339 10347
f 10338 10347 10346
f 10339 10340 10348
f 10339 10348 10347
f 10340 10341 10349
f 10340 10349 10348
f 10341 10342 10350
f 10341 10350 10349
f 10342 10343 10351
f 10342 10351 10350
f 10343 10344 10352
f 10343 10352 10351
f 10344 10337 10345
f 10344 10345 10352
f 10337 10339 10338
f 10345 10346 10347
f 10337 10340 10339
f 10345 10347 10348
f 10337 10341 10340
f 10345 10348 10349
f 10337 10342 10341
f 10345 10349 10350
f 10337 10343 10342
f 10345 10350 10351
f 10337 10344 10343
f 10345 10351 10352
f 10353 10354 10362
f 10353 10362 10361
f 10354 10355 10363
f 10354 10363 10362
f 10355 10356 10364
f 10355 10364 10363
f 10356 10357 10365
f 10356 10365 10364
f 10357 10358 10366
f 10357 10366 10365
f 10358 10359 10367
f 10358 10367 10366
f 10359 10360 10368
f 10359 10368 10367
f 10360 10353 10361
f 10360 10361 10368
f 10353 10355 10354
f 10361 10362 10363
f 10353 10356 10355
f 10361 10363 10364
f 10353 10357 10356
f 10361 10364 10365
f 10353 10358 10357
f 10361 10365 10366
f 10353 10359 10358
f 10361 10366 10367
f 10353 10360 10359
f 10361 10367 10368
f 10369 10370 10378
f 10369 10378 10377
f 10370 10371 10379
f 10370 10379 10378
f 10371 10372 10380
f 10371 10380 10379
f 10372 10373 10381
f 10372 10381 10380
f 10373 10374 10382
f 10373 10382 10381
f 10374 10375 10383
f 10374 10383 10382
f 10375 10376 10384
f 10375 10384 10383
f 10376 10369 10377
f 10376 10377 10384
f 10369 10371 10370
f 10377 10378 10379
f 10369 10372 10371
f 10377 10379 10380
f 10369 10373 10372
f 10377 10380 10381
f 10369 10374 10373
f 10377 10381 10382
f 10369 10375 10374
f 10377 10382 10383
f 10369 10376 10375
f 10377 10383 10384
f 10385 10386 10394
f 10385 10394 10393
f 10386 10387 10395
f 10386 10395 10394
f 10387 10388 10396
f 10387 10396 10395
f 10388 10389 10397
f 10388 10397 10396
f 10389 10390 10398
f 10389 10398 10397
f 10390 10391 10399
f 10390 10399 10398
f 10391 10392 10400
f 10391 10400 10399
f 10392 10385 10393
f 10392 10393 10400
f 10385 10387 10386
f 10393 10394 10395
f 10385 10388 10387
f 10393 10395 10396
f 10385 10389 10388
f 10393 10396 10397
f 10385 10390 10389
f 10393 10397 10398
f 10385 10391 10390
f 10393 10398 10399
f 10385 10392 10391
f 10393 10399 10400
f 10401 10402 10410
f 10401 10410 10409
f 10402 10403 10411
f 10402 10411 10410
f 10403 10404 10412
f 10403 10412 10411
f 10404 10405 10413
f 10404 10413 10412
f 10405 10406 10414
f 10405 10414 10413
f 10406 10407 10415
f 10406 10415 10414
f 10407 10408 10416
f 10407 10416 10415
f 10408 10401 10409
f 10408 10409 10416
f 10401 10403 10402
f 10409 10410 10411
f 10401 10404 10403
f 10409 10411 10412
f 10401 10405 10404
f 10409 10412 10413
f 10401 10406 10405
f 10409 10413 10414
f 10401 10407 10406
f 10409 10414 10415
f 10401 10408 10407
f 10409 10415 10416
f 10417 10418 10426
f 10417 10426 10425
f 10418 10419 10427
f 10418 10427 10426
f 10419 10420 10428
f 10419 10428 10427
f 10420 10421 10429
f 10420 10429 10428
f 10421 10422 10430
f 10421 10430 10429
f 10422 10423 10431
f 10422 10431 10430
f 10423 10424 10432
f 10423 10432 10431
f 10424 10417 10425
f 10424 10425 10432
f 10417 10419 10418
f 10425 10426 10427
f 10417 10420 10419
f 10425 10427 10428
f 10417 10421 10420
f 10425 10428 10429
f 10417 10422 10421
f 10425 10429 10430
f 10417 10423 10422
f 10425 10430 10431
f 10417 10424 10423
f 10425 10431 10432
f 10433 10434 10442
f 10433 10442 10441
f 10434 10435 10443
f 10434 10443 10442
f 10435 10436 10444
f 10435 10444 10443
f 10436 10437 10445
f 10436 10445 10444
f 10437 10438 10446
f 10437 10446 10445
f 10438 10439 10447
f 10438 10447 10446
f 10439 10440 10448
f 10439 10448 10447
f 10440 10433 10441
f 10440 10441 10448
f 10433 10435 10434
f 10441 10442 10443
f 10433 10436 10435
f 10441 10443 10444
f 10433 10437 10436
f 10441 10444 10445
f 10433 10438 10437
f 10441 10445 10446
f 10433 10439 10438
f 10441 10446 10447
f 10433 10440 10439
f 10441 10447 10448
f 10449 10450 10458
f 10449 10458 10457
f 10450 10451 10459
f 10450 10459 10458
f 10451 10452 10460
f 10451 10460 10459
f 10452 10453 10461
f 10452 10461 10460
f 10453 10454 10462
f 10453 10462 10461
f 10454 10455 10463
f 10454 10463 10462
f 10455 10456 10464
f 10455 10464 10463
f 10456 10449 10457
f 10456 10457 10464
f 10449 10451 10450
f 10457 10458 10459
f 10449 10452 10451
f 10457 10459 10460
f 10449 10453 10452
f 10457 10460 10461
f 10449 10454 10453
f 10457 10461 10462
f 10449 10455 10454
f 10457 10462 10463
f 10449 10456 10455
f 10457 10463 10464
f 10465 10466 10474
f 10465 10474 10473
f 10466 10467 10475
f 10466 10475 10474
f 10467 10468 10476
f 10467 10476 10475
f 10468 10469 10477
f 10468 10477 10476
f 10469 10470 10478
f 10469 10478 10477
f 10470 10471 10479
f 10470 10479 10478
f 10471 10472 10480
f 10471 10480 10479
f 10472 10465 10473
f 10472 10473 10480
f 10465 10467 10466
f 10473 10474 10475
f 10465 10468 10467
f 10473 10475 10476
f 10465 10469 10468
f 10473 10476 10477
f 10465 10470 10469
f 10473 10477 10478
f 10465 10471 10470
f 10473 10478 10479
f 10465 10472 10471
f 10473 10479 10480
f 10481 10482 10490
f 10481 10490 10489
f 10482 10483 10491
f 10482 10491 10490
f 10483 10484 10492
f 10483 10492 10491
f 10484 10485 10493
f 10484 10493 10492
f 10485 10486 10494
f 10485 10494 10493
f 10486 10487 10495
f 10486 10495 10494
f 10487 10488 10496
f 10487 10496 10495
f 10488 10481 10489
f 10488 10489 10496
f 10481 10483 10482
f 10489 10490 10491
f 10481 10484 10483
f 10489 10491 10492
f 10481 10485 10484
f 10489 10492 10493
f 10481 10486 10485
f 10489 10493 10494
f 10481 10487 10486
f 10489 10494 10495
f 10481 10488 10487
f 10489 10495 10496
f 10497 10498 10506
f 10497 10506 10505
f 10498 10499 10507
f 10498 10507 10506
f 10499 10500 10508
f 10499 10508 10507
f 10500 10501 10509
f 10500 10509 10508
f 10501 10502 10510
f 10501 10510 10509
f 10502 10503 10511
f 10502 10511 10510
f 10503 10504 10512
f 10503 10512 10511
f 10504 10497 10505
f 10504 10505 10512
f 10497 10499 10498
f 10505 10506 10507
f 10497 10500 10499
f 10505 10507 10508
f 10497 10501 10500
f 10505 10508 10509
f 10497 10502 10501
f 10505 10509 10510
f 10497 10503 10502
f 10505 10510 10511
f 10497 10504 10503
f 10505 10511 10512
f 10513 10514 10522
f 10513 10522 10521
f 10514 10515 10523
f 10514 10523 10522
f 10515 10516 10524
f 10515 10524 10523
f 10516 10517 10525
f 10516 10525 10524
f 10517 10518 10526
f 10517 10526 10525
f 10518 10519 10527
f 10518 10527 10526
f 10519 10520 10528
f 10519 10528 10527
f 10520 10513 10521
f 10520 10521 10528
f 10513 10515 10514
f 10521 10522 10523
f 10513 10516 10515
f 10521 10523 10524
f 10513 10517 10516
f 10521 10524 10525
f 10513 10518 10517
f 10521 10525 10526
f 10513 10519 10518
f 10521 10526 10527
f 10513 10520 10519
f 10521 10527 10528
f 10529 10530 10538
f 10529 10538 10537
f 10530 10531 10539
f 10530 10539 10538
f 10531 10532 10540
f 10531 10540 10539
f 10532 10533 10541
f 10532 10541 10540
f 10533 10534 10542
f 10533 10542 10541
f 10534 10535 10543
f 10534 10543 10542
f 10535 10536 10544
f 10535 10544 10543
f 10536 10529 10537
f 10536 10537 10544
f 10529 10531 10530
f 10537 10538 10539
f 10529 10532 10531
f 10537 10539 10540
f 10529 10533 10532
f 10537 10540 10541
f 10529 10534 10533
f 10537 10541 10542
f 10529 10535 10534
f 10537 10542 10543
f 10529 10536 10535
f 10537 10543 10544
f 10545 10546 10554
f 10545 10554 10553
f 10546 10547 10555
f 10546 10555 10554
f 10547 10548 10556
f 10547 10556 10555
f 10548 10549 10557
f 10548 10557 10556
f 10549 10550 10558
f 10549 10558 10557
f 10550 10551 10559
f 10550 10559 10558
f 10551 10552 10560
f 10551 10560 10559
f 10552 10545 10553
f 10552 10553 10560
f 10545 10547 10546
f 10553 10554 10555
f 10545 10548 10547
f 10553 10555 10556
f 10545 10549 10548
f 10553 10556 10557
f 10545 10550 10549
f 10553 10557 10558
f 10545 10551 10550
f 10553 10558 10559
f 10545 10552 10551
f 10553 10559 10560
f 10561 10562 10570
f 10561 10570 10569
f 10562 10563 10571
f 10562 10571 10570
f 10563 10564 10572
f 10563 10572 10571
f 10564 10565 10573
f 10564 10573 10572
f 10565 10566 10574
f 10565 10574 10573
f 10566 10567 10575
f 10566 10575 10574
f 10567 10568 10576
f 10567 10576 10575
f 10568 10561 10569
f 10568 10569 10576
f 10561 10563 10562
f 10569 10570 10571
f 10561 10564 10563
f 10569 10571 10572
f 10561 10565 10564
f 10569 10572 10573
f 10561 10566 10565
f 10569 10573 10574
f 10561 10567 10566
f 10569 10574 10575
f 10561 10568 10567
f 10569 10575 10576
f 10577 10578 10586
f 10577 10586 10585
f 10578 10579 10587
f 10578 10587 10586
f 10579 10580 10588
f 10579 10588 10587
f 10580 10581 10589
f 10580 10589 10588
f 10581 10582 10590
f 10581 10590 10589
f 10582 10583 10591
f 10582 10591 10590
f 10583 10584 10592
f 10583 10592 10591
f 10584 10577 10585
f 10584 10585 10592
f 10577 10579 10578
f 10585 10586 10587
f 10577 10580 10579
f 10585 10587 10588
f 10577 10581 10580
f 10585 10588 10589
f 10577 10582 10581
f 10585 10589 10590
f 10577 10583 10582
f 10585 10590 10591
f 10577 10584 10583
f 10585 10591 10592
f 10593 10594 10602
f 10593 10602 10601
f 10594 10595 10603
f 10594 10603 10602
f 10595 10596 10604
f 10595 10604 10603
f 10596 10597 10605
f 10596 10605 10604
f 10597 10598 10606
f 10597 10606 10605
f 10598 10599 10607
f 10598 10607 10606
f 10599 10600 10608
f 10599 10608 10607
f 10600 10593 10601
f 10600 10601 10608
f 10593 10595 10594
f 10601 10602 10603
f 10593 10596 10595
f 10601 10603 10604
f 10593 10597 10596
f 10601 10604 10605
f 10593 10598 10597
f 10601 10605 10606
f 10593 10599 10598
f 10601 10606 10607
f 10593 10600 10599
f 10601 10607 10608
f 10609 10610 10618
f 10609 10618 10617
f 10610 10611 10619
f 10610 10619 10618
f 10611 10612 10620
f 10611 10620 10619
f 10612 10613 10621
f 10612 10621 10620
f 10613 10614 10622
f 10613 10622 10621
f 10614 10615 10623
f 10614 10623 10622
f 10615 10616 10624
f 10615 10624 10623
f 10616 10609 10617
f 10616 10617 10624
f 10609 10611 10610
f 10617 10618 10619
f 10609 10612 10611
f 10617 10619 10620
f 10609 10613 10612
f 10617 10620 10621
f 10609 10614 10613
f 10617 10621 10622
f 10609 10615 10614
f 10617 10622 10623
f 10609 10616 10615
f 10617 10623 10624
f 10625 10626 10634
f 10625 10634 10633
f 10626 10627 10635
f 10626 10635 10634
f 10627 10628 10636
f 10627 10636 10635
f 10628 10629 10637
f 10628 10637 10636
f 10629 10630 10638
f 10629 10638 10637
f 10630 10631 10639
f 10630 10639 10638
f 10631 10632 10640
f 10631 10640 10639
f 10632 10625 10633
f 10632 10633 10640
f 10625 10627 10626
f 10633 10634 10635
f 10625 10628 10627
f 10633 10635 10636
f 10625 10629 10628
f 10633 10636 10637
f 10625 10630 10629
f 10633 10637 10638
f 10625 10631 10630
f 10633 10638 10639
f 10625 10632 10631
f 10633 10639 10640
f 10641 10642 10650
f 10641 10650 10649
f 10642 10643 10651
f 10642 10651 10650
f 10643 10644 10652
f 10643 10652 10651
f 10644 10645 10653
f 10644 10653 10652
f 10645 10646 10654
f 10645 10654 10653
f 10646 10647 10655
f 10646 10655 10654
f 10647 10648 10656
f 10647 10656 10655
f 10648 10641 10649
f 10648 10649 10656
f 10641 10643 10642
f 10649 10650 10651
f 10641 10644 10643
f 10649 10651 10652
f 10641 10645 10644
f 10649 10652 10653
f 10641 10646 10645
f 10649 10653 10654
f 10641 10647 10646
f 10649 10654 10655
f 10641 10648 10647
f 10649 10655 10656
f 10657 10658 10666
f 10657 10666 10665
f 10658 10659 10667
f 10658 10667 10666
f 10659 10660 10668
f 10659 10668 10667
f 10660 10661 10669
f 10660 10669 10668
f 10661 10662 10670
f 10661 10670 10669
f 10662 10663 10671
f 10662 10671 10670
f 10663 10664 10672
f 10663 10672 10671
f 10664 10657 10665
f 10664 10665 10672
f 10657 10659 10658
f 10665 10666 10667
f 10657 10660 10659
f 10665 10667 10668
f 10657 10661 10660
f 10665 10668 10669
f 10657 10662 10661
f 10665 10669 10670
f 10657 10663 10662
f 10665 10670 10671
f 10657 10664 10663
f 10665 10671 10672
f 10673 10674 10682
f 10673 10682 10681
f 10674 10675 10683
f 10674 10683 10682
f 10675 10676 10684
f 10675 10684 10683
f 10676 10677 10685
f 10676 10685 10684
f 10677 10678 10686
f 10677 10686 10685
f 10678 10679 10687
f 10678 10687 10686
f 10679 10680 10688
f 10679 10688 10687
f 10680 10673 10681
f 10680 10681 10688
f 10673 10675 10674
f 10681 10682 10683
f 10673 10676 10675
f 10681 10683 10684
f 10673 10677 10676
f 10681 10684 10685
f 10673 10678 10677
f 10681 10685 10686
f 10673 10679 10678
f 10681 10686 10687
f 10673 10680 10679
f 10681 10687 10688
f 10689 10690 10698
f 10689 10698 10697
f 10690 10691 10699
f 10690 10699 10698
f 10691 10692 10700
f 10691 10700 10699
f 10692 10693 10701
f 10692 10701 10700
f 10693 10694 10702
f 10693 10702 10701
f 10694 10695 10703
f 10694 10703 10702
f 10695 10696 10704
f 10695 10704 10703
f 10696 10689 10697
f 10696 10697 10704
f 10689 10691 10690
f 10697 10698 10699
f 10689 10692 10691
f 10697 10699 10700
f 10689 10693 10692
f 10697 10700 10701
f 10689 10694 10693
f 10697 10701 10702
f 10689 10695 10694
f 10697 10702 10703
f 10689 10696 10695
f 10697 10703 10704
f 10705 10706 10714
f 10705 10714 10713
f 10706 10707 10715
f 10706 10715 10714
f 10707 10708 10716
f 10707 10716 10715
f 10708 10709 10717
f 10708 10717 10716
f 10709 10710 10718
f 10709 10718 10717
f 10710 10711 10719
f 10710 10719 10718
f 10711 10712 10720
f 10711 10720 10719
f 10712 10705 10713
f 10712 10713 10720
f 10705 10707 10706
f 10713 10714 10715
f 10705 10708 10707
f 10713 10715 10716
f 10705 10709 10708
f 10713 10716 10717
f 10705 10710 10709
f 10713 10717 10718
f 10705 10711 10710
f 10713 10718 10719
f 10705 10712 10711
f 10713 10719 10720
f 10721 10722 10730
f 10721 10730 10729
f 10722 10723 10731
f 10722 10731 10730
f 10723 10724 10732
f 10723 10732 10731
f 10724 10725 10733
f 10724 10733 10732
f 10725 10726 10734
f 10725 10734 10733
f 10726 10727 10735
f 10726 10735 10734
f 10727 10728 10736
f 10727 10736 10735
f 10728 10721 10729
f 10728 10729 10736
f 10721 10723 10722
f 10729 10730 10731
f 10721 10724 10723
f 10729 10731 10732
f 10721 10725 10724
f 10729 10732 10733
f 10721 10726 10725
f 10729 10733 10734
f 10721 10727 10726
f 10729 10734 10735
f 10721 10728 10727
f 10729 10735 10736
f 10737 10738 10746
f 10737 10746 10745
f 10738 10739 10747
f 10738 10747 10746
f 10739 10740 10748
f 10739 10748 10747
f 10740 10741 10749
f 10740 10749 10748
f 10741 10742 10750
f 10741 10750 10749
f 10742 10743 10751
f 10742 10751 10750
f 10743 10744 10752
f 10743 10752 10751
f 10744 10737 10745
f 10744 10745 10752
f 10737 10739 10738
f 10745 10746 10747
f 10737 10740 10739
f 10745 10747 10748
f 10737 10741 10740
f 10745 10748 10749
f 10737 10742 10741
f 10745 10749 10750
f 10737 10743 10742
f 10745 10750 10751
f 10737 10744 10743
f 10745 10751 10752
f 10753 10754 10762
f 10753 10762 10761
f 10754 10755 10763
f 10754 10763 10762
f 10755 10756 10764
f 10755 10764 10763
f 10756 10757 10765
f 10756 10765 10764
f 10757 10758 10766
f 10757 10766 10765
f 10758 10759 10767
f 10758 10767 10766
f 10759 10760 10768
f 10759 10768 10767
f 10760 10753 10761
f 10760 10761 10768
f 10753 10755 10754
f 10761 10762 10763
f 10753 10756 10755
f 10761 10763 10764
f 10753 10757 10756
f 10761 10764 10765
f 10753 10758 10757
f 10761 10765 10766
f 10753 10759 10758
f 10761 10766 10767
f 10753 10760 10759
f 10761 10767 10768
f 10769 10770 10778
f 10769 10778 10777
f 10770 10771 10779
f 10770 10779 10778
f 10771 10772 10780
f 10771 10780 10779
f 10772 10773 10781
f 10772 10781 10780
f 10773 10774 10782
f 10773 10782 10781
f 10774 10775 10783
f 10774 10783 10782
f 10775 10776 10784
f 10775 10784 10783
f 10776 10769 10777
f 10776 10777 10784
f 10769 10771 10770
f 10777 10778 10779
f 10769 10772 10771
f 10777 10779 10780
f 10769 10773 10772
f 10777 10780 10781
f 10769 10774 10773
f 10777 10781 10782
f 10769 10775 10774
f 10777 10782 10783
f 10769 10776 10775
f 10777 10783 10784
f 10785 10786 10794
f 10785 10794 10793
f 10786 10787 10795
f 10786 10795 10794
f 10787 10788 10796
f 10787 10796 10795
f 10788 10789 10797
f 10788 10797 10796
f 10789 10790 10798
f 10789 10798 10797
f 10790 10791 10799
f 10790 10799 10798
f 10791 10792 10800
f 10791 10800 10799
f 10792 10785 10793
f 10792 10793 10800
f 10785 10787 10786
f 10793 10794 10795
f 10785 10788 10787
f 10793 10795 10796
f 10785 10789 10788
f 10793 10796 10797
f 10785 10790 10789
f 10793 10797 10798
f 10785 10791 10790
f 10793 10798 10799
f 10785 10792 10791
f 10793 10799 10800
f 10801 10802 10810
f 10801 10810 10809
f 10802 10803 10811
f 10802 10811 10810
f 10803 10804 10812
f 10803 10812 10811
f 10804 10805 10813
f 10804 10813 10812
f 10805 10806 10814
f 10805 10814 10813
f 10806 10807 10815
f 10806 10815 10814
f 10807 10808 10816
f 10807 10816 10815
f 10808 10801 10809
f 10808 10809 10816
f 10801 10803 10802
f 10809 10810 10811
f 10801 10804 10803
f 10809 10811 10812
f 10801 10805 10804
f 10809 10812 10813
f 10801 10806 10805
f 10809 10813 10814
f 10801 10807 10806
f 10809 10814 10815
f 10801 10808 10807
f 10809 10815 10816
f 10817 10818 10826
f 10817 10826 10825
f 10818 10819 10827
f 10818 10827 10826
f 10819 10820 10828
f 10819 10828 10827
f 10820 10821 10829
f 10820 10829 10828
f 10821 10822 10830
f 10821 10830 10829
f 10822 10823 10831
f 10822 10831 10830
f 10823 10824 10832
f 10823 10832 10831
f 10824 10817 10825
f 10824 10825 10832
f 10817 10819 10818
f 10825 10826 10827
f 10817 10820 10819
f 10825 10827 10828
f 10817 10821 10820
f 10825 10828 10829
f 10817 10822 10821
f 10825 10829 10830
f 10817 10823 10822
f 10825 10830 10831
f 10817 10824 10823
f 10825 10831 10832
f 10833 10834 10842
f 10833 10842 10841
f 10834 10835 10843
f 10834 10843 10842
f 10835 10836 10844
f 10835 10844 10843
f 10836 10837 10845
f 10836 10845 10844
f 10837 10838 10846
f 10837 10846 10845
f 10838 10839 10847
f 10838 10847 10846
f 10839 10840 10848
f 10839 10848 10847
f 10840 10833 10841
f 10840 10841 10848
f 10833 10835 10834
f 10841 10842 10843
f 10833 10836 10835
f 10841 10843 10844
f 10833 10837 10836
f 10841 10844 10845
f 10833 10838 10837
f 10841 10845 10846
f 10833 10839 10838
f 10841 10846 10847
f 10833 10840 10839
f 10841 10847 10848
f 10849 10850 10858
f 10849 10858 10857
f 10850 10851 10859
f 10850 10859 10858
f 10851 10852 10860
f 10851 10860 10859
f 10852 10853 10861
f 10852 10861 10860
f 10853 10854 10862
f 10853 10862 10861
f 10854 10855 10863
f 10854 10863 10862
f 10855 10856 10864
f 10855 10864 10863
f 10856 10849 10857
f 10856 10857 10864
f 10849 10851 10850
f 10857 10858 10859
f 10849 10852 10851
f 10857 10859 10860
f 10849 10853 10852
f 10857 10860 10861
f 10849 10854 10853
f 10857 10861 10862
f 10849 10855 10854
f 10857 10862 10863
f 10849 10856 10855
f 10857 10863 10864
f 10865 10866 10874
f 10865 10874 10873
f 10866 10867 10875
f 10866 10875 10874
f 10867 10868 10876
f 10867 10876 10875
f 10868 10869 10877
f 10868 10877 10876
f 10869 10870 10878
f 10869 10878 10877
f 10870 10871 10879
f 10870 10879 10878
f 10871 10872 10880
f 10871 10880 10879
f 10872 10865 10873
f 10872 10873 10880
f 10865 10867 10866
f 10873 10874 10875
f 10865 10868 10867
f 10873 10875 10876
f 10865 10869 10868
f 10873 10876 10877
f 10865 10870 10869
f 10873 10877 10878
f 10865 10871 10870
f 10873 10878 10879
f 10865 10872 10871
f 10873 10879 10880
f 10881 10882 10890
f 10881 10890 10889
f 10882 10883 10891
f 10882 10891 10890
f 10883 10884 10892
f 10883 10892 10891
f 10884 10885 10893
f 10884 10893 10892
f 10885 10886 10894
f 10885 10894 10893
f 10886 10887 10895
f 10886 10895 10894
f 10887 10888 10896
f 10887 10896 10895
f 10888 10881 10889
f 10888 10889 10896
f 10881 10883 10882
f 10889 10890 10891
f 10881 10884 10883
f 10889 10891 10892
f 10881 10885 10884
f 10889 10892 10893
f 10881 10886 10885
f 10889 10893 10894
f 10881 10887 10886
f 10889 10894 10895
f 10881 10888 10887
f 10889 10895 10896
f 10897 10898 10906
f 10897 10906 10905
f 10898 10899 10907
f 10898 10907 10906
f 10899 10900 10908
f 10899 10908 10907
f 10900 10901 10909
f 10900 10909 10908
f 10901 10902 10910
f 10901 10910 10909
f 10902 10903 10911
f 10902 10911 10910
f 10903 10904 10912
f 10903 10912 10911
f 10904 10897 10905
f 10904 10905 10912
f 10897 10899 10898
f 10905 10906 10907
f 10897 10900 10899
f 10905 10907 10908
f 10897 10901 10900
f 10905 10908 10909
f 10897 10902 10901
f 10905 10909 10910
f 10897 10903 10902
f 10905 10910 10911
f 10897 10904 10903
f 10905 10911 10912
f 10913 10914 10922
f 10913 10922 10921
f 10914 10915 10923
f 10914 10923 10922
f 10915 10916 10924
f 10915 10924 10923
f 10916 10917 10925
f 10916 10925 10924
f 10917 10918 10926
f 10917 10926 10925
f 10918 10919 10927
f 10918 10927 10926
f 10919 10920 10928
f 10919 10928 10927
f 10920 10913 10921
f 10920 10921 10928
f 10913 10915 10914
f 10921 10922 10923
f 10913 10916 10915
f 10921 10923 10924
f 10913 10917 10916
f 10921 10924 10925
f 10913 10918 10917
f 10921 10925 10926
f 10913 10919 10918
f 10921 10926 10927
f 10913 10920 10919
f 10921 10927 10928
f 10929 10930 10938
f 10929 10938 10937
f 10930 10931 10939
f 10930 10939 10938
f 10931 10932 10940
f 10931 10940 10939
f 10932 10933 10941
f 10932 10941 10940
f 10933 10934 10942
f 10933 10942 10941
f 10934 10935 10943
f 10934 10943 10942
f 10935 10936 10944
f 10935 10944 10943
f 10936 10929 10937
f 10936 10937 10944
f 10929 10931 10930
f 10937 10938 10939
f 10929 10932 10931
f 10937 10939 10940
f 10929 10933 10932
f 10937 10940 10941
f 10929 10934 10933
f 10937 10941 10942
f 10929 10935 10934
f 10937 10942 10943
f 10929 10936 10935
f 10937 10943 10944
f 10945 10946 10954
f 10945 10954 10953
f 10946 10947 10955
f 10946 10955 10954
f 10947 10948 10956
f 10947 10956 10955
f 10948 10949 10957
f 10948 10957 10956
f 10949 10950 10958
f 10949 10958 10957
f 10950 10951 10959
f 10950 10959 10958
f 10951 10952 10960
f 10951 10960 10959
f 10952 10945 10953
f 10952 10953 10960
f 10945 10947 10946
f 10953 10954 10955
f 10945 10948 10947
f 10953 10955 10956
f 10945 10949 10948
f 10953 10956 10957
f 10945 10950 10949
f 10953 10957 10958
f 10945 10951 10950
f 10953 10958 10959
f 10945 10952 10951
f 10953 10959 10960
f 10961 10962 10970
f 10961 10970 10969
f 10962 10963 10971
f 10962 10971 10970
f 10963 10964 10972
f 10963 10972 10971
f 10964 10965 10973
f 10964 10973 10972
f 10965 10966 10974
f 10965 10974 10973
f 10966 10967 10975
f 10966 10975 10974
f 10967 10968 10976
f 10967 10976 10975
f 10968 10961 10969
f 10968 10969 10976
f 10961 10963 10962
f 10969 10970 10971
f 10961 10964 10963
f 10969 10971 10972
f 10961 10965 10964
f 10969 10972 10973
f 10961 10966 10965
f 10969 10973 10974
f 10961 10967 10966
f 10969 10974 10975
f 10961 10968 10967
f 10969 10975 10976
f 10977 10978 10986
f 10977 10986 10985
f 10978 10979 10987
f 10978 10987 10986
f 10979 10980 10988
f 10979 10988 10987
f 10980 10981 10989
f 10980 10989 10988
f 10981 10982 10990
f 10981 10990 10989
f 10982 10983 10991
f 10982 10991 10990
f 10983 10984 10992
f 10983 10992 10991
f 10984 10977 10985
f 10984 10985 10992
f 10977 10979 10978
f 10985 10986 10987
f 10977 10980 10979
f 10985 10987 10988
f 10977 10981 10980
f 10985 10988 10989
f 10977 10982 10981
f 10985 10989 10990
f 10977 10983 10982
f 10985 10990 10991
f 10977 10984 10983
f 10985 10991 10992
f 10993 10994 11002
f 10993 11002 11001
f 10994 10995 11003
f 10994 11003 11002
f 10995 10996 11004
f 10995 11004 11003
f 10996 10997 11005
f 10996 11005 11004
f 10997 10998 11006
f 10997 11006 11005
f 10998 10999 11007
f 10998 11007 11006
f 10999 11000 11008
f 10999 11008 11007
f 11000 10993 11001
f 11000 11001 11008
f 10993 10995 10994
f 11001 11002 11003
f 10993 10996 10995
f 11001 11003 11004
f 10993 10997 10996
f 11001 11004 11005
f 10993 10998 10997
f 11001 11005 11006
f 10993 10999 10998
f 11001 11006 11007
f 10993 11000 10999
f 11001 11007 11008
f 11009 11010 11018
f 11009 11018 11017
f 11010 11011 11019
f 11010 11019 11018
f 11011 11012 11020
f 11011 11020 11019
f 11012 11013 11021
f 11012 11021 11020
f 11013 11014 11022
f 11013 11022 11021
f 11014 11015 11023
f 11014 11023 11022
f 11015 11016 11024
f 11015 11024 11023
f 11016 11009 11017
f 11016 11017 11024
f 11009 11011 11010
f 11017 11018 11019
f 11009 11012 11011
f 11017 11019 11020
f 11009 11013 11012
f 11017 11020 11021
f 11009 11014 11013
f 11017 11021 11022
f 11009 11015 11014
f 11017 11022 11023
f 11009 11016 11015
f 11017 11023 11024
f 11025 11026 11034
f 11025 11034 11033
f 11026 11027 11035
f 11026 11035 11034
f 11027 11028 11036
f 11027 11036 11035
f 11028 11029 11037
f 11028 11037 11036
f 11029 11030 11038
f 11029 11038 11037
f 11030 11031 11039
f 11030 11039 11038
f 11031 11032 11040
f 11031 11040 11039
f 11032 11025 11033
f 11032 11033 11040
f 11025 11027 11026
f 11033 11034 11035
f 11025 11028 11027
f 11033 11035 11036
f 11025 11029 11028
f 11033 11036 11037
f 11025 11030 11029
f 11033 11037 11038
f 11025 11031 11030
f 11033 11038 11039
f 11025 11032 11031
f 11033 11039 11040
f 11041 11042 11050
f 11041 11050 11049
f 11042 11043 11051
f 11042 11051 11050
f 11043 11044 11052
f 11043 11052 11051
f 11044 11045 11053
f 11044 11053 11052
f 11045 11046 11054
f 11045 11054 11053
f 11046 11047 11055
f 11046 11055 11054
f 11047 11048 11056
f 11047 11056 11055
f 11048 11041 11049
f 11048 11049 11056
f 11041 11043 11042
f 11049 11050 11051
f 11041 11044 11043
f 11049 11051 11052
f 11041 11045 11044
f 11049 11052 11053
f 11041 11046 11045
f 11049 11053 11054
f 11041 11047 11046
f 11049 11054 11055
f 11041 11048 11047
f 11049 11055 11056
f 11057 11058 11066
f 11057 11066 11065
f 11058 11059 11067
f 11058 11067 11066
f 11059 11060 11068
f 11059 11068 11067
f 11060 11061 11069
f 11060 11069 11068
f 11061 11062 11070
f 11061 11070 11069
f 11062 11063 11071
f 11062 11071 11070
f 11063 11064 11072
f 11063 11072 11071
f 11064 11057 11065
f 11064 11065 11072
f 11057 11059 11058
f 11065 11066 11067
f 11057 11060 11059
f 11065 11067 11068
f 11057 11061 11060
f 11065 11068 11069
f 11057 11062 11061
f 11065 11069 11070
f 11057 11063 11062
f 11065 11070 11071
f 11057 11064 11063
f 11065 11071 11072
f 11073 11074 11082
f 11073 11082 11081
f 11074 11075 11083
f 11074 11083 11082
f 11075 11076 11084
f 11075 11084 11083
f 11076 11077 11085
f 11076 11085 11084
f 11077 11078 11086
f 11077 11086 11085
f 11078 11079 11087
f 11078 11087 11086
f 11079 11080 11088
f 11079 11088 11087
f 11080 11073 11081
f 11080 11081 11088
f 11073 11075 11074
f 11081 11082 11083
f 11073 11076 11075
f 11081 11083 11084
f 11073 11077 11076
f 11081 11084 11085
f 11073 11078 11077
f 11081 11085 11086
f 11073 11079 11078
f 11081 11086 11087
f 11073 11080 11079
f 11081 11087 11088
f 11089 11090 11098
f 11089 11098 11097
f 11090 11091 11099
f 11090 11099 11098
f 11091 11092 11100
f 11091 11100 11099
f 11092 11093 11101
f 11092 11101 11100
f 11093 11094 11102
f 11093 11102 11101
f 11094 11095 11103
f 11094 11103 11102
f 11095 11096 11104
f 11095 11104 11103
f 11096 11089 11097
f 11096 11097 11104
f 11089 11091 11090
f 11097 11098 11099
f 11089 11092 11091
f 11097 11099 11100
f 11089 11093 11092
f 11097 11100 11101
f 11089 11094 11093
f 11097 11101 11102
f 11089 11095 11094
f 11097 11102 11103
f 11089 11096 11095
f 11097 11103 11104
f 11105 11106 11114
f 11105 11114 11113
f 11106 11107 11115
f 11106 11115 11114
f 11107 11108 11116
f 11107 11116 11115
f 11108 11109 11117
f 11108 11117 11116
f 11109 11110 11118
f 11109 11118 11117
f 11110 11111 11119
f 11110 11119 11118
f 11111 11112 11120
f 11111 11120 11119
f 11112 11105 11113
f 11112 11113 11120
f 11105 11107 11106
f 11113 11114 11115
f 11105 11108 11107
f 11113 11115 11116
f 11105 11109 11108
f 11113 11116 11117
f 11105 11110 11109
f 11113 11117 11118
f 11105 11111 11110
f 11113 11118 11119
f 11105 11112 11111
f 11113 11119 11120
f 11121 11122 11130
f 11121 11130 11129
f 11122 11123 11131
f 11122 11131 11130
f 11123 11124 11132
f 11123 11132 11131
f 11124 11125 11133
f 11124 11133 11132
f 11125 11126 11134
f 11125 11134 11133
f 11126 11127 11135
f 11126 11135 11134
f 11127 11128 11136
f 11127 11136 11135
f 11128 11121 11129
f 11128 11129 11136
f 11121 11123 11122
f 11129 11130 11131
f 11121 11124 11123
f 11129 11131 11132
f 11121 11125 11124
f 11129 11132 11133
f 11121 11126 11125
f 11129 11133 11134
f 11121 11127 11126
f 11129 11134 11135
f 11121 11128 11127
f 11129 11135 11136
f 11137 11138 11146
f 11137 11146 11145
f 11138 11139 11147
f 11138 11147 11146
f 11139 11140 11148
f 11139 11148 11147
f 11140 11141 11149
f 11140 11149 11148
f 11141 11142 11150
f 11141 11150 11149
f 11142 11143 11151
f 11142 11151 11150
f 11143 11144 11152
f 11143 11152 11151
f 11144 11137 11145
f 11144 11145 11152
f 11137 11139 11138
f 11145 11146 11147
f 11137 11140 11139
f 11145 11147 11148
f 11137 11141 11140
f 11145 11148 11149
f 11137 11142 11141
f 11145 11149 11150
f 11137 11143 11142
f 11145 11150 11151
f 11137 11144 11143
f 11145 11151 11152
f 11153 11154 11162
f 11153 11162 11161
f 11154 11155 11163
f 11154 11163 11162
f 11155 11156 11164
f 11155 11164 11163
f 11156 11157 11165
f 11156 11165 11164
f 11157 11158 11166
f 11157 11166 11165
f 11158 11159 11167
f 11158 11167 11166
f 11159 11160 11168
f 11159 11168 11167
f 11160 11153 11161
f 11160 11161 11168
f 11153 11155 11154
f 11161 11162 11163
f 11153 11156 11155
f 11161 11163 11164
f 11153 11157 11156
f 11161 11164 11165
f 11153 11158 11157
f 11161 11165 11166
f 11153 11159 11158
f 11161 11166 11167
f 11153 11160 11159
f 11161 11167 11168
f 11169 11170 11178
f 11169 11178 11177
f 11170 11171 11179
f 11170 11179 11178
f 11171 11172 11180
f 11171 11180 11179
f 11172 11173 11181
f 11172 11181 11180
f 11173 11174 11182
f 11173 11182 11181
f 11174 11175 11183
f 11174 11183 11182
f 11175 11176 11184
f 11175 11184 11183
f 11176 11169 11177
f 11176 11177 11184
f 11169 11171 11170
f 11177 11178 11179
f 11169 11172 11171
f 11177 11179 11180
f 11169 11173 11172
f 11177 11180 11181
f 11169 11174 11173
f 11177 11181 11182
f 11169 11175 11174
f 11177 11182 11183
f 11169 11176 11175
f 11177 11183 11184
f 11185 11186 11194
f 11185 11194 11193
f 11186 11187 11195
f 11186 11195 11194
f 11187 11188 11196
f 11187 11196 11195
f 11188 11189 11197
f 11188 11197 11196
f 11189 11190 11198
f 11189 11198 11197
f 11190 11191 11199
f 11190 11199 11198
f 11191 11192 11200
f 11191 11200 11199
f 11192 11185 11193
f 11192 11193 11200
f 11185 11187 11186
f 11193 11194 11195
f 11185 11188 11187
f 11193 11195 11196
f 11185 11189 11188
f 11193 11196 11197
f 11185 11190 11189
f 11193 11197 11198
f 11185 11191 11190
f 11193 11198 11199
f 11185 11192 11191
f 11193 11199 11200
f 11201 11202 11210
f 11201 11210 11209
f 11202 11203 11211
f 11202 11211 11210
f 11203 11204 11212
f 11203 11212 11211
f 11204 11205 11213
f 11204 11213 11212
f 11205 11206 11214
f 11205 11214 11213
f 11206 11207 11215
f 11206 11215 11214
f 11207 11208 11216
f 11207 11216 11215
f 11208 11201 11209
f 11208 11209 11216
f 11201 11203 11202
f 11209 11210 11211
f 11201 11204 11203
f 11209 11211 11212
f 11201 11205 11204
f 11209 11212 11213
f 11201 11206 11205
f 11209 11213 11214
f 11201 11207 11206
f 11209 11214 11215
f 11201 11208 11207
f 11209 11215 11216
f 11217 11218 11226
f 11217 11226 11225
f 11218 11219 11227
f 11218 11227 11226
f 11219 11220 11228
f 11219 11228 11227
f 11220 11221 11229
f 11220 11229 11228
f 11221 11222 11230
f 11221 11230 11229
f 11222 11223 11231
f 11222 11231 11230
f 11223 11224 11232
f 11223 11232 11231
f 11224 11217 11225
f 11224 11225 11232
f 11217 11219 11218
f 11225 11226 11227
f 11217 11220 11219
f 11225 11227 11228
f 11217 11221 11220
f 11225 11228 11229
f 11217 11222 11221
f 11225 11229 11230
f 11217 11223 11222
f 11225 11230 11231
f 11217 11224 11223
f 11225 11231 11232
f 11233 11234 11242
f 11233 11242 11241
f 11234 11235 11243
f 11234 11243 11242
f 11235 11236 11244
f 11235 11244 11243
f 11236 11237 11245
f 11236 11245 11244
f 11237 11238 11246
f 11237 11246 11245
f 11238 11239 11247
f 11238 11247 11246
f 11239 11240 11248
f 11239 11248 11247
f 11240 11233 11241
f 11240 11241 11248
f 11233 11235 11234
f 11241 11242 11243
f 11233 11236 11235
f 11241 11243 11244
f 11233 11237 11236
f 11241 11244 11245
f 11233 11238 11237
f 11241 11245 11246
f 11233 11239 11238
f 11241 11246 11247
f 11233 11240 11239
f 11241 11247 11248
f 11249 11250 11258
f 11249 11258 11257
f 11250 11251 11259
f 11250 11259 11258
f 11251 11252 11260
f 11251 11260 11259
f 11252 11253 11261
f 11252 11261 11260
f 11253 11254 11262
f 11253 11262 11261
f 11254 11255 11263
f 11254 11263 11262
f 11255 11256 11264
f 11255 11264 11263
f 11256 11249 11257
f 11256 11257 11264
f 11249 11251 11250
f 11257 11258 11259
f 11249 11252 11251
f 11257 11259 11260
f 11249 11253 11252
f 11257 11260 11261
f 11249 11254 11253
f 11257 11261 11262
f 11249 11255 11254
f 11257 11262 11263
f 11249 11256 11255
f 11257 11263 11264
f 11265 11266 11274
f 11265 11274 11273
f 11266 11267 11275
f 11266 11275 11274
f 11267 11268 11276
f 11267 11276 11275
f 11268 11269 11277
f 11268 11277 11276
f 11269 11270 11278
f 11269 11278 11277
f 11270 11271 11279
f 11270 11279 11278
f 11271 11272 11280
f 11271 11280 11279
f 11272 11265 11273
f 11272 11273 11280
f 11265 11267 11266
f 11273 11274 11275
f 11265 11268 11267
f 11273 11275 11276
f 11265 11269 11268
f 11273 11276 11277
f 11265 11270 11269
f 11273 11277 11278
f 11265 11271 11270
f 11273 11278 11279
f 11265 11272 11271
f 11273 11279 11280
f 11281 11282 11290
f 11281 11290 11289
f 11282 11283 11291
f 11282 11291 11290
f 11283 11284 11292
f 11283 11292 11291
f 11284 11285 11293
f 11284 11293 11292
f 11285 11286 11294
f 11285 11294 11293
f 11286 11287 11295
f 11286 11295 11294
f 11287 11288 11296
f 11287 11296 11295
f 11288 11281 11289
f 11288 11289 11296
f 11281 11283 11282
f 11289 11290 11291
f 11281 11284 11283
f 11289 11291 11292
f 11281 11285 11284
f 11289 11292 11293
f 11281 11286 11285
f 11289 11293 11294
f 11281 11287 11286
f 11289 11294 11295
f 11281 11288 11287
f 11289 11295 11296
f 11297 11298 11306
f 11297 11306 11305
f 11298 11299 11307
f 11298 11307 11306
f 11299 11300 11308
f 11299 11308 11307
f 11300 11301 11309
f 11300 11309 11308
f 11301 11302 11310
f 11301 11310 11309
f 11302 11303 11311
f 11302 11311 11310
f 11303 11304 11312
f 11303 11312 11311
f 11304 11297 11305
f 11304 11305 11312
f 11297 11299 11298
f 11305 11306 11307
f 11297 11300 11299
f 11305 11307 11308
f 11297 11301 11300
f 11305 11308 11309
f 11297 11302 11301
f 11305 11309 11310
f 11297 11303 11302
f 11305 11310 11311
f 11297 11304 11303
f 11305 11311 11312
f 11313 11314 11322
f 11313 11322 11321
f 11314 11315 11323
f 11314 11323 11322
f 11315 11316 11324
f 11315 11324 11323
f 11316 11317 11325
f 11316 11325 11324
f 11317 11318 11326
f 11317 11326 11325
f 11318 11319 11327
f 11318 11327 11326
f 11319 11320 11328
f 11319 11328 11327
f 11320 11313 11321
f 11320 11321 11328
f 11313 11315 11314
f 11321 11322 11323
f 11313 11316 11315
f 11321 11323 11324
f 11313 11317 11316
f 11321 11324 11325
f 11313 11318 11317
f 11321 11325 11326
f 11313 11319 11318
f 11321 11326 11327
f 11313 11320 11319
f 11321 11327 11328
f 11329 11330 11338
f 11329 11338 11337
f 11330 11331 11339
f 11330 11339 11338
f 11331 11332 11340
f 11331 11340 11339
f 11332 11333 11341
f 11332 11341 11340
f 11333 11334 11342
f 11333 11342 11341
f 11334 11335 11343
f 11334 11343 11342
f 11335 11336 11344
f 11335 11344 11343
f 11336 11329 11337
f 11336 11337 11344
f 11329 11331 11330
f 11337 11338 11339
f 11329 11332 11331
f 11337 11339 11340
f 11329 11333 11332
f 11337 11340 11341
f 11329 11334 11333
f 11337 11341 11342
f 11329 11335 11334
f 11337 11342 11343
f 11329 11336 11335
f 11337 11343 11344
f 11345 11346 11354
f 11345 11354 11353
f 11346 11347 11355
f 11346 11355 11354
f 11347 11348 11356
f 11347 11356 11355
f 11348 11349 11357
f 11348 11357 11356
f 11349 11350 11358
f 11349 11358 11357
f 11350 11351 11359
f 11350 11359 11358
f 11351 11352 11360
f 11351 11360 11359
f 11352 11345 11353
f 11352 11353 11360
f 11345 11347 11346
f 11353 11354 11355
f 11345 11348 11347
f 11353 11355 11356
f 11345 11349 11348
f 11353 11356 11357
f 11345 11350 11349
f 11353 11357 11358
f 11345 11351 11350
f 11353 11358 11359
f 11345 11352 11351
f 11353 11359 11360
f 11361 11362 11370
f 11361 11370 11369
f 11362 11363 11371
f 11362 11371 11370
f 11363 11364 11372
f 11363 11372 11371
f 11364 11365 11373
f 11364 11373 11372
f 11365 11366 11374
f 11365 11374 11373
f 11366 11367 11375
f 11366 11375 11374
f 11367 11368 11376
f 11367 11376 11375
f 11368 11361 11369
f 11368 11369 11376
f 11361 11363 11362
f 11369 11370 11371
f 11361 11364 11363
f 11369 11371 11372
f 11361 11365 11364
f 11369 11372 11373
f 11361 11366 11365
f 11369 11373 11374
f 11361 11367 11366
f 11369 11374 11375
f 11361 11368 11367
f 11369 11375 11376
f 11377 11378 11386
f 11377 11386 11385
f 11378 11379 11387
f 11378 11387 11386
f 11379 11380 11388
f 11379 11388 11387
f 11380 11381 11389
f 11380 11389 11388
f 11381 11382 11390
f 11381 11390 11389
f 11382 11383 11391
f 11382 11391 11390
f 11383 11384 11392
f 11383 11392 11391
f 11384 11377 11385
f 11384 11385 11392
f 11377 11379 11378
f 11385 11386 11387
f 11377 11380 11379
f 11385 11387 11388
f 11377 11381 11380
f 11385 11388 11389
f 11377 11382 11381
f 11385 11389 11390
f 11377 11383 11382
f 11385 11390 11391
f 11377 11384 11383
f 11385 11391 11392
f 11393 11394 11402
f 11393 11402 11401
f 11394 11395 11403
f 11394 11403 11402
f 11395 11396 11404
f 11395 11404 11403
f 11396 11397 11405
f 11396 11405 11404
f 11397 11398 11406
f 11397 11406 11405
f 11398 11399 11407
f 11398 11407 11406
f 11399 11400 11408
f 11399 11408 11407
f 11400 11393 11401
f 11400 11401 11408
f 11393 11395 11394
f 11401 11402 11403
f 11393 11396 11395
f 11401 11403 11404
f 11393 11397 11396
f 11401 11404 11405
f 11393 11398 11397
f 11401 11405 11406
f 11393 11399 11398
f 11401 11406 11407
f 11393 11400 11399
f 11401 11407 11408
f 11409 11410 11418
f 11409 11418 11417
f 11410 11411 11419
f 11410 11419 11418
f 11411 11412 11420
f 11411 11420 11419
f 11412 11413 11421
f 11412 11421 11420
f 11413 11414 11422
f 11413 11422 11421
f 11414 11415 11423
f 11414 11423 11422
f 11415 11416 11424
f 11415 11424 11423
f 11416 11409 11417
f 11416 11417 11424
f 11409 11411 11410
f 11417 11418 11419
f 11409 11412 11411
f 11417 11419 11420
f 11409 11413 11412
f 11417 11420 11421
f 11409 11414 11413
f 11417 11421 11422
f 11409 11415 11414
f 11417 11422 11423
f 11409 11416 11415
f 11417 11423 11424
f 11425 11426 11434
f 11425 11434 11433
f 11426 11427 11435
f 11426 11435 11434
f 11427 11428 11436
f 11427 11436 11435
f 11428 11429 11437
f 11428 11437 11436
f 11429 11430 11438
f 11429 11438 11437
f 11430 11431 11439
f 11430 11439 11438
f 11431 11432 11440
f 11431 11440 11439
f 11432 11425 11433
f 11432 11433 11440
f 11425 11427 11426
f 11433 11434 11435
f 11425 11428 11427
f 11433 11435 11436
f 11425 11429 11428
f 11433 11436 11437
f 11425 11430 11429
f 11433 11437 11438
f 11425 11431 11430
f 11433 11438 11439
f 11425 11432 11431
f 11433 11439 11440
f 11441 11442 11450
f 11441 11450 11449
f 11442 11443 11451
f 11442 11451 11450
f 11443 11444 11452
f 11443 11452 11451
f 11444 11445 11453
f 11444 11453 11452
f 11445 11446 11454
f 11445 11454 11453
f 11446 11447 11455
f 11446 11455 11454
f 11447 11448 11456
f 11447 11456 11455
f 11448 11441 11449
f 11448 11449 11456
f 11441 11443 11442
f 11449 11450 11451
f 11441 11444 11443
f 11449 11451 11452
f 11441 11445 11444
f 11449 11452 11453
f 11441 11446 11445
f 11449 11453 11454
f 11441 11447 11446
f 11449 11454 11455
f 11441 11448 11447
f 11449 11455 11456
f 11457 11458 11466
f 11457 11466 11465
f 11458 11459 11467
f 11458 11467 11466
f 11459 11460 11468
f 11459 11468 11467
f 11460 11461 11469
f 11460 11469 11468
f 11461 11462 11470
f 11461 11470 11469
f 11462 11463 11471
f 11462 11471 11470
f 11463 11464 11472
f 11463 11472 11471
f 11464 11457 11465
f 11464 11465 11472
f 11457 11459 11458
f 11465 11466 11467
f 11457 11460 11459
f 11465 11467 11468
f 11457 11461 11460
f 11465 11468 11469
f 11457 11462 11461
f 11465 11469 11470
f 11457 11463 11462
f 11465 11470 11471
f 11457 11464 11463
f 11465 11471 11472
f 11473 11474 11482
f 11473 11482 11481
f 11474 11475 11483
f 11474 11483 11482
f 11475 11476 11484
f 11475 11484 11483
f 11476 11477 11485
f 11476 11485 11484
f 11477 11478 11486
f 11477 11486 11485
f 11478 11479 11487
f 11478 11487 11486
f 11479 11480 11488
f 11479 11488 11487
f 11480 11473 11481
f 11480 11481 11488
f 11473 11475 11474
f 11481 11482 11483
f 11473 11476 11475
f 11481 11483 11484
f 11473 11477 11476
f 11481 11484 11485
f 11473 11478 11477
f 11481 11485 11486
f 11473 11479 11478
f 11481 11486 11487
f 11473 11480 11479
f 11481 11487 11488
f 11489 11490 11498
f 11489 11498 11497
f 11490 11491 11499
f 11490 11499 11498
f 11491 11492 11500
f 11491 11500 11499
f 11492 11493 11501
f 11492 11501 11500
f 11493 11494 11502
f 11493 11502 11501
f 11494 11495 11503
f 11494 11503 11502
f 11495 11496 11504
f 11495 11504 11503
f 11496 11489 11497
f 11496 11497 11504
f 11489 11491 11490
f 11497 11498 11499
f 11489 11492 11491
f 11497 11499 11500
f 11489 11493 11492
f 11497 11500 11501
f 11489 11494 11493
f 11497 11501 11502
f 11489 11495 11494
f 11497 11502 11503
f 11489 11496 11495
f 11497 11503 11504
f 11505 11506 11514
f 11505 11514 11513
f 11506 11507 11515
f 11506 11515 11514
f 11507 11508 11516
f 11507 11516 11515
f 11508 11509 11517
f 11508 11517 11516
f 11509 11510 11518
f 11509 11518 11517
f 11510 11511 11519
f 11510 11519 11518
f 11511 11512 11520
f 11511 11520 11519
f 11512 11505 11513
f 11512 11513 11520
f 11505 11507 11506
f 11513 11514 11515
f 11505 11508 11507
f 11513 11515 11516
f 11505 11509 11508
f 11513 11516 11517
f 11505 11510 11509
f 11513 11517 11518
f 11505 11511 11510
f 11513 11518 11519
f 11505 11512 11511
f 11513 11519 11520
f 11521 11522 11530
f 11521 11530 11529
f 11522 11523 11531
f 11522 11531 11530
f 11523 11524 11532
f 11523 11532 11531
f 11524 11525 11533
f 11524 11533 11532
f 11525 11526 11534
f 11525 11534 11533
f 11526 11527 11535
f 11526 11535 11534
f 11527 11528 11536
f 11527 11536 11535
f 11528 11521 11529
f 11528 11529 11536
f 11521 11523 11522
f 11529 11530 11531
f 11521 11524 11523
f 11529 11531 11532
f 11521 11525 11524
f 11529 11532 11533
f 11521 11526 11525
f 11529 11533 11534
f 11521 11527 11526
f 11529 11534 11535
f 11521 11528 11527
f 11529 11535 11536
f 11537 11538 11546
f 11537 11546 11545
f 11538 11539 11547
f 11538 11547 11546
f 11539 11540 11548
f 11539 11548 11547
f 11540 11541 11549
f 11540 11549 11548
f 11541 11542 11550
f 11541 11550 11549
f 11542 11543 11551
f 11542 11551 11550
f 11543 11544 11552
f 11543 11552 11551
f 11544 11537 11545
f 11544 11545 11552
f 11537 11539 11538
f 11545 11546 11547
f 11537 11540 11539
f 11545 11547 11548
f 11537 11541 11540
f 11545 11548 11549
f 11537 11542 11541
f 11545 11549 11550
f 11537 11543 11542
f 11545 11550 11551
f 11537 11544 11543
f 11545 11551 11552
f 11553 11554 11562
f 11553 11562 11561
f 11554 11555 11563
f 11554 11563 11562
f 11555 11556 11564
f 11555 11564 11563
f 11556 11557 11565
f 11556 11565 11564
f 11557 11558 11566
f 11557 11566 11565
f 11558 11559 11567
f 11558 11567 11566
f 11559 11560 11568
f 11559 11568 11567
f 11560 11553 11561
f 11560 11561 11568
f 11553 11555 11554
f 11561 11562 11563
f 11553 11556 11555
f 11561 11563 11564
f 11553 11557 11556
f 11561 11564 11565
f 11553 11558 11557
f 11561 11565 11566
f 11553 11559 11558
f 11561 11566 11567
f 11553 11560 11559
f 11561 11567 11568
f 11569 11570 11578
f 11569 11578 11577
f 11570 11571 11579
f 11570 11579 11578
f 11571 11572 11580
f 11571 11580 11579
f 11572 11573 11581
f 11572 11581 11580
f 11573 11574 11582
f 11573 11582 11581
f 11574 11575 11583
f 11574 11583 11582
f 11575 11576 11584
f 11575 11584 11583
f 11576 11569 11577
f 11576 11577 11584
f 11569 11571 11570
f 11577 11578 11579
f 11569 11572 11571
f 11577 11579 11580
f 11569 11573 11572
f 11577 11580 11581
f 11569 11574 11573
f 11577 11581 11582
f 11569 11575 11574
f 11577 11582 11583
f 11569 11576 11575
f 11577 11583 11584
f 11585 11586 11594
f 11585 11594 11593
f 11586 11587 11595
f 11586 11595 11594
f 11587 11588 11596
f 11587 11596 11595
f 11588 11589 11597
f 11588 11597 11596
f 11589 11590 11598
f 11589 11598 11597
f 11590 11591 11599
f 11590 11599 11598
f 11591 11592 11600
f 11591 11600 11599
f 11592 11585 11593
f 11592 11593 11600
f 11585 11587 11586
f 11593 11594 11595
f 11585 11588 11587
f 11593 11595 11596
f 11585 11589 11588
f 11593 11596 11597
f 11585 11590 11589
f 11593 11597 11598
f 11585 11591 11590
f 11593 11598 11599
f 11585 11592 11591
f 11593 11599 11600
f 11601 11602 11610
f 11601 11610 11609
f 11602 11603 11611
f 11602 11611 11610
f 11603 11604 11612
f 11603 11612 11611
f 11604 11605 11613
f 11604 11613 11612
f 11605 11606 11614
f 11605 11614 11613
f 11606 11607 11615
f 11606 11615 11614
f 11607 11608 11616
f 11607 11616 11615
f 11608 11601 11609
f 11608 11609 11616
f 11601 11603 11602
f 11609 11610 11611
f 11601 11604 11603
f 11609 11611 11612
f 11601 11605 11604
f 11609 11612 11613
f 11601 11606 11605
f 11609 11613 11614
f 11601 11607 11606
f 11609 11614 11615
f 11601 11608 11607
f 11609 11615 11616
f 11617 11618 11626
f 11617 11626 11625
f 11618 11619 11627
f 11618 11627 11626
f 11619 11620 11628
f 11619 11628 11627
f 11620 11621 11629
f 11620 11629 11628
f 11621 11622 11630
f 11621 11630 11629
f 11622 11623 11631
f 11622 11631 11630
f 11623 11624 11632
f 11623 11632 11631
f 11624 11617 11625
f 11624 11625 11632
f 11617 11619 11618
f 11625 11626 11627
f 11617 11620 11619
f 11625 11627 11628
f 11617 11621 11620
f 11625 11628 11629
f 11617 11622 11621
f 11625 11629 11630
f 11617 11623 11622
f 11625 11630 11631
f 11617 11624 11623
f 11625 11631 11632
f 11633 11634 11642
f 11633 11642 11641
f 11634 11635 11643
f 11634 11643 11642
f 11635 11636 11644
f 11635 11644 11643
f 11636 11637 11645
f 11636 11645 11644
f 11637 11638 11646
f 11637 11646 11645
f 11638 11639 11647
f 11638 11647 11646
f 11639 11640 11648
f 11639 11648 11647
f 11640 11633 11641
f 11640 11641 11648
f 11633 11635 11634
f 11641 11642 11643
f 11633 11636 11635
f 11641 11643 11644
f 11633 11637 11636
f 11641 11644 11645
f 11633 11638 11637
f 11641 11645 11646
f 11633 11639 11638
f 11641 11646 11647
f 11633 11640 11639
f 11641 11647 11648
f 11649 11650 11658
f 11649 11658 11657
f 11650 11651 11659
f 11650 11659 11658
f 11651 11652 11660
f 11651 11660 11659
f 11652 11653 11661
f 11652 11661 11660
f 11653 11654 11662
f 11653 11662 11661
f 11654 11655 11663
f 11654 11663 11662
f 11655 11656 11664
f 11655 11664 11663
f 11656 11649 11657
f 11656 11657 11664
f 11649 11651 11650
f 11657 11658 11659
f 11649 11652 11651
f 11657 11659 11660
f 11649 11653 11652
f 11657 11660 11661
f 11649 11654 11653
f 11657 11661 11662
f 11649 11655 11654
f 11657 11662 11663
f 11649 11656 11655
f 11657 11663 11664
f 11665 11666 11674
f 11665 11674 11673
f 11666 11667 11675
f 11666 11675 11674
f 11667 11668 11676
f 11667 11676 11675
f 11668 11669 11677
f 11668 11677 11676
f 11669 11670 11678
f 11669 11678 11677
f 11670 11671 11679
f 11670 11679 11678
f 11671 11672 11680
f 11671 11680 11679
f 11672 11665 11673
f 11672 11673 11680
f 11665 11667 11666
f 11673 11674 11675
f 11665 11668 11667
f 11673 11675 11676
f 11665 11669 11668
f 11673 11676 11677
f 11665 11670 11669
f 11673 11677 11678
f 11665 11671 11670
f 11673 11678 11679
f 11665 11672 11671
f 11673 11679 11680
f 11681 11682 11690
f 11681 11690 11689
f 11682 11683 11691
f 11682 11691 11690
f 11683 11684 11692
f 11683 11692 11691
f 11684 11685 11693
f 11684 11693 11692
f 11685 11686 11694
f 11685 11694 11693
f 11686 11687 11695
f 11686 11695 11694
f 11687 11688 11696
f 11687 11696 11695
f 11688 11681 11689
f 11688 11689 11696
f 11681 11683 11682
f 11689 11690 11691
f 11681 11684 11683
f 11689 11691 11692
f 11681 11685 11684
f 11689 11692 11693
f 11681 11686 11685
f 11689 11693 11694
f 11681 11687 11686
f 11689 11694 11695
f 11681 11688 11687
f 11689 11695 11696
f 11697 11698 11706
f 11697 11706 11705
f 11698 11699 11707
f 11698 11707 11706
f 11699 11700 11708
f 11699 11708 11707
f 11700 11701 11709
f 11700 11709 11708
f 11701 11702 11710
f 11701 11710 11709
f 11702 11703 11711
f 11702 11711 11710
f 11703 11704 11712
f 11703 11712 11711
f 11704 11697 11705
f 11704 11705 11712
f 11697 11699 11698
f 11705 11706 11707
f 11697 11700 11699
f 11705 11707 11708
f 11697 11701 11700
f 11705 11708 11709
f 11697 11702 11701
f 11705 11709 11710
f 11697 11703 11702
f 11705 11710 11711
f 11697 11704 11703
f 11705 11711 11712
f 11713 11714 11722
f 11713 11722 11721
f 11714 11715 11723
f 11714 11723 11722
f 11715 11716 11724
f 11715 11724 11723
f 11716 11717 11725
f 11716 11725 11724
f 11717 11718 11726
f 11717 11726 11725
f 11718 11719 11727
f 11718 11727 11726
f 11719 11720 11728
f 11719 11728 11727
f 11720 11713 11721
f 11720 11721 11728
f 11713 11715 11714
f 11721 11722 11723
f 11713 11716 11715
f 11721 11723 11724
f 11713 11717 11716
f 11721 11724 11725
f 11713 11718 11717
f 11721 11725 11726
f 11713 11719 11718
f 11721 11726 11727
f 11713 11720 11719
f 11721 11727 11728
f 11729 11730 11738
f 11729 11738 11737
f 11730 11731 11739
f 11730 11739 11738
f 11731 11732 11740
f 11731 11740 11739
f 11732 11733 11741
f 11732 11741 11740
f 11733 11734 11742
f 11733 11742 11741
f 11734 11735 11743
f 11734 11743 11742
f 11735 11736 11744
f 11735 11744 11743
f 11736 11729 11737
f 11736 11737 11744
f 11729 11731 11730
f 11737 11738 11739
f 11729 11732 11731
f 11737 11739 11740
f 11729 11733 11732
f 11737 11740 11741
f 11729 11734 11733
f 11737 11741 11742
f 11729 11735 11734
f 11737 11742 11743
f 11729 11736 11735
f 11737 11743 11744
f 11745 11746 11754
f 11745 11754 11753
f 11746 11747 11755
f 11746 11755 11754
f 11747 11748 11756
f 11747 11756 11755
f 11748 11749 11757
f 11748 11757 11756
f 11749 11750 11758
f 11749 11758 11757
f 11750 11751 11759
f 11750 11759 11758
f 11751 11752 11760
f 11751 11760 11759
f 11752 11745 11753
f 11752 11753 11760
f 11745 11747 11746
f 11753 11754 11755
f 11745 11748 11747
f 11753 11755 11756
f 11745 11749 11748
f 11753 11756 11757
f 11745 11750 11749
f 11753 11757 11758
f 11745 11751 11750
f 11753 11758 11759
f 11745 11752 11751
f 11753 11759 11760
f 11761 11762 11770
f 11761 11770 11769
f 11762 11763 11771
f 11762 11771 11770
f 11763 11764 11772
f 11763 11772 11771
f 11764 11765 11773
f 11764 11773 11772
f 11765 11766 11774
f 11765 11774 11773
f 11766 11767 11775
f 11766 11775 11774
f 11767 11768 11776
f 11767 11776 11775
f 11768 11761 11769
f 11768 11769 11776
f 11761 11763 11762
f 11769 11770 11771
f 11761 11764 11763
f 11769 11771 11772
f 11761 11765 11764
f 11769 11772 11773
f 11761 11766 11765
f 11769 11773 11774
f 11761 11767 11766
f 11769 11774 11775
f 11761 11768 11767
f 11769 11775 11776
f 11777 11778 11786
f 11777 11786 11785
f 11778 11779 11787
f 11778 11787 11786
f 11779 11780 11788
f 11779 11788 11787
f 11780 11781 11789
f 11780 11789 11788
f 11781 11782 11790
f 11781 11790 11789
f 11782 11783 11791
f 11782 11791 11790
f 11783 11784 11792
f 11783 11792 11791
f 11784 11777 11785
f 11784 11785 11792
f 11777 11779 11778
f 11785 11786 11787
f 11777 11780 11779
f 11785 11787 11788
f 11777 11781 11780
f 11785 11788 11789
f 11777 11782 11781
f 11785 11789 11790
f 11777 11783 11782
f 11785 11790 11791
f 11777 11784 11783
f 11785 11791 11792
f 11793 11794 11802
f 11793 11802 11801
f 11794 11795 11803
f 11794 11803 11802
f 11795 11796 11804
f 11795 11804 11803
f 11796 11797 11805
f 11796 11805 11804
f 11797 11798 11806
f 11797 11806 11805
f 11798 11799 11807
f 11798 11807 11806
f 11799 11800 11808
f 11799 11808 11807
f 11800 11793 11801
f 11800 11801 11808
f 11793 11795 11794
f 11801 11802 11803
f 11793 11796 11795
f 11801 11803 11804
f 11793 11797 11796
f 11801 11804 11805
f 11793 11798 11797
f 11801 11805 11806
f 11793 11799 11798
f 11801 11806 11807
f 11793 11800 11799
f 11801 11807 11808
f 11809 11810 11818
f 11809 11818 11817
f 11810 11811 11819
f 11810 11819 11818
f 11811 11812 11820
f 11811 11820 11819
f 11812 11813 11821
f 11812 11821 11820
f 11813 11814 11822
f 11813 11822 11821
f 11814 11815 11823
f 11814 11823 11822
f 11815 11816 11824
f 11815 11824 11823
f 11816 11809 11817
f 11816 11817 11824
f 11809 11811 11810
f 11817 11818 11819
f 11809 11812 11811
f 11817 11819 11820
f 11809 11813 11812
f 11817 11820 11821
f 11809 11814 11813
f 11817 11821 11822
f 11809 11815 11814
f 11817 11822 11823
f 11809 11816 11815
f 11817 11823 11824
f 11825 11826 11834
f 11825 11834 11833
f 11826 11827 11835
f 11826 11835 11834
f 11827 11828 11836
f 11827 11836 11835
f 11828 11829 11837
f 11828 11837 11836
f 11829 11830 11838
f 11829 11838 11837
f 11830 11831 11839
f 11830 11839 11838
f 11831 11832 11840
f 11831 11840 11839
f 11832 11825 11833
f 11832 11833 11840
f 11825 11827 11826
f 11833 11834 11835
f 11825 11828 11827
f 11833 11835 11836
f 11825 11829 11828
f 11833 11836 11837
f 11825 11830 11829
f 11833 11837 11838
f 11825 11831 11830
f 11833 11838 11839
f 11825 11832 11831
f 11833 11839 11840
f 11841 11842 11850
f 11841 11850 11849
f 11842 11843 11851
f 11842 11851 11850
f 11843 11844 11852
f 11843 11852 11851
f 11844 11845 11853
f 11844 11853 11852
f 11845 11846 11854
f 11845 11854 11853
f 11846 11847 11855
f 11846 11855 11854
f 11847 11848 11856
f 11847 11856 11855
f 11848 11841 11849
f 11848 11849 11856
f 11841 11843 11842
f 11849 11850 11851
f 11841 11844 11843
f 11849 11851 11852
f 11841 11845 11844
f 11849 11852 11853
f 11841 11846 11845
f 11849 11853 11854
f 11841 11847 11846
f 11849 11854 11855
f 11841 11848 11847
f 11849 11855 11856
f 11857 11858 11866
f 11857 11866 11865
f 11858 11859 11867
f 11858 11867 11866
f 11859 11860 11868
f 11859 11868 11867
f 11860 11861 11869
f 11860 11869 11868
f 11861 11862 11870
f 11861 11870 11869
f 11862 11863 11871
f 11862 11871 11870
f 11863 11864 11872
f 11863 11872 11871
f 11864 11857 11865
f 11864 11865 11872
f 11857 11859 11858
f 11865 11866 11867
f 11857 11860 11859
f 11865 11867 11868
f 11857 11861 11860
f 11865 11868 11869
f 11857 11862 11861
f 11865 11869 11870
f 11857 11863 11862
f 11865 11870 11871
f 11857 11864 11863
f 11865 11871 11872
f 11873 11874 11882
f 11873 11882 11881
f 11874 11875 11883
f 11874 11883 11882
f 11875 11876 11884
f 11875 11884 11883
f 11876 11877 11885
f 11876 11885 11884
f 11877 11878 11886
f 11877 11886 11885
f 11878 11879 11887
f 11878 11887 11886
f 11879 11880 11888
f 11879 11888 11887
f 11880 11873 11881
f 11880 11881 11888
f 11873 11875 11874
f 11881 11882 11883
f 11873 11876 11875
f 11881 11883 11884
f 11873 11877 11876
f 11881 11884 11885
f 11873 11878 11877
f 11881 11885 11886
f 11873 11879 11878
f 11881 11886 11887
f 11873 11880 11879
f 11881 11887 11888
f 11889 11890 11898
f 11889 11898 11897
f 11890 11891 11899
f 11890 11899 11898
f 11891 11892 11900
f 11891 11900 11899
f 11892 11893 11901
f 11892 11901 11900
f 11893 11894 11902
f 11893 11902 11901
f 11894 11895 11903
f 11894 11903 11902
f 11895 11896 11904
f 11895 11904 11903
f 11896 11889 11897
f 11896 11897 11904
f 11889 11891 11890
f 11897 11898 11899
f 11889 11892 11891
f 11897 11899 11900
f 11889 11893 11892
f 11897 11900 11901
f 11889 11894 11893
f 11897 11901 11902
f 11889 11895 11894
f 11897 11902 11903
f 11889 11896 11895
f 11897 11903 11904
f 11905 11906 11914
f 11905 11914 11913
f 11906 11907 11915
f 11906 11915 11914
f 11907 11908 11916
f 11907 11916 11915
f 11908 11909 11917
f 11908 11917 11916
f 11909 11910 11918
f 11909 11918 11917
f 11910 11911 11919
f 11910 11919 11918
f 11911 11912 11920
f 11911 11920 11919
f 11912 11905 11913
f 11912 11913 11920
f 11905 11907 11906
f 11913 11914 11915
f 11905 11908 11907
f 11913 11915 11916
f 11905 11909 11908
f 11913 11916 11917
f 11905 11910 11909
f 11913 11917 11918
f 11905 11911 11910
f 11913 11918 11919
f 11905 11912 11911
f 11913 11919 11920
f 11921 11922 11930
f 11921 11930 11929
f 11922 11923 11931
f 11922 11931 11930
f 11923 11924 11932
f 11923 11932 11931
f 11924 11925 11933
f 11924 11933 11932
f 11925 11926 11934
f 11925 11934 11933
f 11926 11927 11935
f 11926 11935 11934
f 11927 11928 11936
f 11927 11936 11935
f 11928 11921 11929
f 11928 11929 11936
f 11921 11923 11922
f 11929 11930 11931
f 11921 11924 11923
f 11929 11931 11932
f 11921 11925 11924
f 11929 11932 11933
f 11921 11926 11925
f 11929 11933 11934
f 11921 11927 11926
f 11929 11934 11935
f 11921 11928 11927
f 11929 11935 11936
f 11937 11938 11946
f 11937 11946 11945
f 11938 11939 11947
f 11938 11947 11946
f 11939 11940 11948
f 11939 11948 11947
f 11940 11941 11949
f 11940 11949 11948
f 11941 11942 11950
f 11941 11950 11949
f 11942 11943 11951
f 11942 11951 11950
f 11943 11944 11952
f 11943 11952 11951
f 11944 11937 11945
f 11944 11945 11952
f 11937 11939 11938
f 11945 11946 11947
f 11937 11940 11939
f 11945 11947 11948
f 11937 11941 11940
f 11945 11948 11949
f 11937 11942 11941
f 11945 11949 11950
f 11937 11943 11942
f 11945 11950 11951
f 11937 11944 11943
f 11945 11951 11952
f 11953 11954 11962
f 11953 11962 11961
f 11954 11955 11963
f 11954 11963 11962
f 11955 11956 11964
f 11955 11964 11963
f 11956 11957 11965
f 11956 11965 11964
f 11957 11958 11966
f 11957 11966 11965
f 11958 11959 11967
f 11958 11967 11966
f 11959 11960 11968
f 11959 11968 11967
f 11960 11953 11961
f 11960 11961 11968
f 11953 11955 11954
f 11961 11962 11963
f 11953 11956 11955
f 11961 11963 11964
f 11953 11957 11956
f 11961 11964 11965
f 11953 11958 11957
f 11961 11965 11966
f 11953 11959 11958
f 11961 11966 11967
f 11953 11960 11959
f 11961 11967 11968
f 11969 11970 11978
f 11969 11978 11977
f 11970 11971 11979
f 11970 11979 11978
f 11971 11972 11980
f 11971 11980 11979
f 11972 11973 11981
f 11972 11981 11980
f 11973 11974 11982
f 11973 11982 11981
f 11974 11975 11983
f 11974 11983 11982
f 11975 11976 11984
f 11975 11984 11983
f 11976 11969 11977
f 11976 11977 11984
f 11969 11971 11970
f 11977 11978 11979
f 11969 11972 11971
f 11977 11979 11980
f 11969 11973 11972
f 11977 11980 11981
f 11969 11974 11973
f 11977 11981 11982
f 11969 11975 11974
f 11977 11982 11983
f 11969 11976 11975
f 11977 11983 11984
f 11985 11986 11994
f 11985 11994 11993
f 11986 11987 11995
f 11986 11995 11994
f 11987 11988 11996
f 11987 11996 11995
f 11988 11989 11997
f 11988 11997 11996
f 11989 11990 11998
f 11989 11998 11997
f 11990 11991 11999
f 11990 11999 11998
f 11991 11992 12000
f 11991 12000 11999
f 11992 11985 11993
f 11992 11993 12000
f 11985 11987 11986
f 11993 11994 11995
f 11985 11988 11987
f 11993 11995 11996
f 11985 11989 11988
f 11993 11996 11997
f 11985 11990 11989
f 11993 11997 11998
f 11985 11991 11990
f 11993 11998 11999
f 11985 11992 11991
f 11993 11999 12000
f 12001 12002 12010
f 12001 12010 12009
f 12002 12003 12011
f 12002 12011 12010
f 12003 12004 12012
f 12003 12012 12011
f 12004 12005 12013
f 12004 12013 12012
f 12005 12006 12014
f 12005 12014 12013
f 12006 12007 12015
f 12006 12015 12014
f 12007 12008 12016
f 12007 12016 12015
f 12008 12001 12009
f 12008 12009 12016
f 12001 12003 12002
f 12009 12010 12011
f 12001 12004 12003
f 12009 12011 12012
f 12001 12005 12004
f 12009 12012 12013
f 12001 12006 12005
f 12009 12013 12014
f 12001 12007 12006
f 12009 12014 12015
f 12001 12008 12007
f 12009 12015 12016
f 12017 12018 12026
f 12017 12026 12025
f 12018 12019 12027
f 12018 12027 12026
f 12019 12020 12028
f 12019 12028 12027
f 12020 12021 12029
f 12020 12029 12028
f 12021 12022 12030
f 12021 12030 12029
f 12022 12023 12031
f 12022 12031 12030
f 12023 12024 12032
f 12023 12032 12031
f 12024 12017 12025
f 12024 12025 12032
f 12017 12019 12018
f 12025 12026 12027
f 12017 12020 12019
f 12025 12027 12028
f 12017 12021 12020
f 12025 12028 12029
f 12017 12022 12021
f 12025 12029 12030
f 12017 12023 12022
f 12025 12030 12031
f 12017 12024 12023
f 12025 12031 12032
f 12033 12034 12042
f 12033 12042 12041
f 12034 12035 12043
f 12034 12043 12042
f 12035 12036 12044
f 12035 12044 12043
f 12036 12037 12045
f 12036 12045 12044
f 12037 12038 12046
f 12037 12046 12045
f 12038 12039 12047
f 12038 12047 12046
f 12039 12040 12048
f 12039 12048 12047
f 12040 12033 12041
f 12040 12041 12048
f 12033 12035 12034
f 12041 12042 12043
f 12033 12036 12035
f 12041 12043 12044
f 12033 12037 12036
f 12041 12044 12045
f 12033 12038 12037
f 12041 12045 12046
f 12033 12039 12038
f 12041 12046 12047
f 12033 12040 12039
f 12041 12047 12048
f 12049 12050 12058
f 12049 12058 12057
f 12050 12051 12059
f 12050 12059 12058
f 12051 12052 12060
f 12051 12060 12059
f 12052 12053 12061
f 12052 12061 12060
f 12053 12054 12062
f 12053 12062 12061
f 12054 12055 12063
f 12054 12063 12062
f 12055 12056 12064
f 12055 12064 12063
f 12056 12049 12057
f 12056 12057 12064
f 12049 12051 12050
f 12057 12058 12059
f 12049 12052 12051
f 12057 12059 12060
f 12049 12053 12052
f 12057 12060 12061
f 12049 12054 12053
f 12057 12061 12062
f 12049 12055 12054
f 12057 12062 12063
f 12049 12056 12055
f 12057 12063 12064
f 12065 12066 12074
f 12065 12074 12073
f 12066 12067 12075
f 12066 12075 12074
f 12067 12068 12076
f 12067 12076 12075
f 12068 12069 12077
f 12068 12077 12076
f 12069 12070 12078
f 12069 12078 12077
f 12070 12071 12079
f 12070 12079 12078
f 12071 12072 12080
f 12071 12080 12079
f 12072 12065 12073
f 12072 12073 12080
f 12065 12067 12066
f 12073 12074 12075
f 12065 12068 12067
f 12073 12075 12076
f 12065 12069 12068
f 12073 12076 12077
f 12065 12070 12069
f 12073 12077 12078
f 12065 12071 12070
f 12073 12078 12079
f 12065 12072 12071
f 12073 12079 12080
f 12081 12082 12090
f 12081 12090 12089
f 12082 12083 12091
f 12082 12091 12090
f 12083 12084 12092
f 12083 12092 12091
f 12084 12085 12093
f 12084 12093 12092
f 12085 12086 12094
f 12085 12094 12093
f 12086 12087 12095
f 12086 12095 12094
f 12087 12088 12096
f 12087 12096 12095
f 12088 12081 12089
f 12088 12089 12096
f 12081 12083 12082
f 12089 12090 12091
f 12081 12084 12083
f 12089 12091 12092
f 12081 12085 12084
f 12089 12092 12093
f 12081 12086 12085
f 12089 12093 12094
f 12081 12087 12086
f 12089 12094 12095
f 12081 12088 12087
f 12089 12095 12096
f 12097 12098 12106
f 12097 12106 12105
f 12098 12099 12107
f 12098 12107 12106
f 12099 12100 12108
f 12099 12108 12107
f 12100 12101 12109
f 12100 12109 12108
f 12101 12102 12110
f 12101 12110 12109
f 12102 12103 12111
f 12102 12111 12110
f 12103 12104 12112
f 12103 12112 12111
f 12104 12097 12105
f 12104 12105 12112
f 12097 12099 12098
f 12105 12106 12107
f 12097 12100 12099
f 12105 12107 12108
f 12097 12101 12100
f 12105 12108 12109
f 12097 12102 12101
f 12105 12109 12110
f 12097 12103 12102
f 12105 12110 12111
f 12097 12104 12103
f 12105 12111 12112
f 12113 12114 12122
f 12113 12122 12121
f 12114 12115 12123
f 12114 12123 12122
f 12115 12116 12124
f 12115 12124 12123
f 12116 12117 12125
f 12116 12125 12124
f 12117 12118 12126
f 12117 12126 12125
f 12118 12119 12127
f 12118 12127 12126
f 12119 12120 12128
f 12119 12128 12127
f 12120 12113 12121
f 12120 12121 12128
f 12113 12115 12114
f 12121 12122 12123
f 12113 12116 12115
f 12121 12123 12124
f 12113 12117 12116
f 12121 12124 12125
f 12113 12118 12117
f 12121 12125 12126
f 12113 12119 12118
f 12121 12126 12127
f 12113 12120 12119
f 12121 12127 12128
f 12129 12130 12138
f 12129 12138 12137
f 12130 12131 12139
f 12130 12139 12138
f 12131 12132 12140
f 12131 12140 12139
f 12132 12133 12141
f 12132 12141 12140
f 12133 12134 12142
f 12133 12142 12141
f 12134 12135 12143
f 12134 12143 12142
f 12135 12136 12144
f 12135 12144 12143
f 12136 12129 12137
f 12136 12137 12144
f 12129 12131 12130
f 12137 12138 12139
f 12129 12132 12131
f 12137 12139 12140
f 12129 12133 12132
f 12137 12140 12141
f 12129 12134 12133
f 12137 12141 12142
f 12129 12135 12134
f 12137 12142 12143
f 12129 12136 12135
f 12137 12143 12144
f 12145 12146 12154
f 12145 12154 12153
f 12146 12147 12155
f 12146 12155 12154
f 12147 12148 12156
f 12147 12156 12155
f 12148 12149 12157
f 12148 12157 12156
f 12149 12150 12158
f 12149 12158 12157
f 12150 12151 12159
f 12150 12159 12158
f 12151 12152 12160
f 12151 12160 12159
f 12152 12145 12153
f 12152 12153 12160
f 12145 12147 12146
f 12153 12154 12155
f 12145 12148 12147
f 12153 12155 12156
f 12145 12149 12148
f 12153 12156 12157
f 12145 12150 12149
f 12153 12157 12158
f 12145 12151 12150
f 12153 12158 12159
f 12145 12152 12151
f 12153 12159 12160
f 12161 12162 12170
f 12161 12170 12169
f 12162 12163 12171
f 12162 12171 12170
f 12163 12164 12172
f 12163 12172 12171
f 12164 12165 12173
f 12164 12173 12172
f 12165 12166 12174
f 12165 12174 12173
f 12166 12167 12175
f 12166 12175 12174
f 12167 12168 12176
f 12167 12176 12175
f 12168 12161 12169
f 12168 12169 12176
f 12161 12163 12162
f 12169 12170 12171
f 12161 12164 12163
f 12169 12171 12172
f 12161 12165 12164
f 12169 12172 12173
f 12161 12166 12165
f 12169 12173 12174
f 12161 12167 12166
f 12169 12174 12175
f 12161 12168 12167
f 12169 12175 12176
f 12177 12178 12186
f 12177 12186 12185
f 12178 12179 12187
f 12178 12187 12186
f 12179 12180 12188
f 12179 12188 12187
f 12180 12181 12189
f 12180 12189 12188
f 12181 12182 12190
f 12181 12190 12189
f 12182 12183 12191
f 12182 12191 12190
f 12183 12184 12192
f 12183 12192 12191
f 12184 12177 12185
f 12184 12185 12192
f 12177 12179 12178
f 12185 12186 12187
f 12177 12180 12179
f 12185 12187 12188
f 12177 12181 12180
f 12185 12188 12189
f 12177 12182 12181
f 12185 12189 12190
f 12177 12183 12182
f 12185 12190 12191
f 12177 12184 12183
f 12185 12191 12192
f 12193 12194 12202
f 12193 12202 12201
f 12194 12195 12203
f 12194 12203 12202
f 12195 12196 12204
f 12195 12204 12203
f 12196 12197 12205
f 12196 12205 12204
f 12197 12198 12206
f 12197 12206 12205
f 12198 12199 12207
f 12198 12207 12206
f 12199 12200 12208
f 12199 12208 12207
f 12200 12193 12201
f 12200 12201 12208
f 12193 12195 12194
f 12201 12202 12203
f 12193 12196 12195
f 12201 12203 12204
f 12193 12197 12196
f 12201 12204 12205
f 12193 12198 12197
f 12201 12205 12206
f 12193 12199 12198
f 12201 12206 12207
f 12193 12200 12199
f 12201 12207 12208
f 12209 12210 12218
f 12209 12218 12217
f 12210 12211 12219
f 12210 12219 12218
f 12211 12212 12220
f 12211 12220 12219
f 12212 12213 12221
f 12212 12221 12220
f 12213 12214 12222
f 12213 12222 12221
f 12214 12215 12223
f 12214 12223 12222
f 12215 12216 12224
f 12215 12224 12223
f 12216 12209 12217
f 12216 12217 12224
f 12209 12211 12210
f 12217 12218 12219
f 12209 12212 12211
f 12217 12219 12220
f 12209 12213 12212
f 12217 12220 12221
f 12209 12214 12213
f 12217 12221 12222
f 12209 12215 12214
f 12217 12222 12223
f 12209 12216 12215
f 12217 12223 12224
f 12225 12226 12234
f 12225 12234 12233
f 12226 12227 12235
f 12226 12235 12234
f 12227 12228 12236
f 12227 12236 12235
f 12228 12229 12237
f 12228 12237 12236
f 12229 12230 12238
f 12229 12238 12237
f 12230 12231 12239
f 12230 12239 12238
f 12231 12232 12240
f 12231 12240 12239
f 12232 12225 12233
f 12232 12233 12240
f 12225 12227 12226
f 12233 12234 12235
f 12225 12228 12227
f 12233 12235 12236
f 12225 12229 12228
f 12233 12236 12237
f 12225 12230 12229
f 12233 12237 12238
f 12225 12231 12230
f 12233 12238 12239
f 12225 12232 12231
f 12233 12239 12240
f 12241 12242 12250
f 12241 12250 12249
f 12242 12243 12251
f 12242 12251 12250
f 12243 12244 12252
f 12243 12252 12251
f 12244 12245 12253
f 12244 12253 12252
f 12245 12246 12254
f 12245 12254 12253
f 12246 12247 12255
f 12246 12255 12254
f 12247 12248 12256
f 12247 12256 12255
f 12248 12241 12249
f 12248 12249 12256
f 12241 12243 12242
f 12249 12250 12251
f 12241 12244 12243
f 12249 12251 12252
f 12241 12245 12244
f 12249 12252 12253
f 12241 12246 12245
f 12249 12253 12254
f 12241 12247 12246
f 12249 12254 12255
f 12241 12248 12247
f 12249 12255 12256
f 12257 12258 12266
f 12257 12266 12265
f 12258 12259 12267
f 12258 12267 12266
f 12259 12260 12268
f 12259 12268 12267
f 12260 12261 12269
f 12260 12269 12268
f 12261 12262 12270
f 12261 12270 12269
f 12262 12263 12271
f 12262 12271 12270
f 12263 12264 12272
f 12263 12272 12271
f 12264 12257 12265
f 12264 12265 12272
f 12257 12259 12258
f 12265 12266 12267
f 12257 12260 12259
f 12265 12267 12268
f 12257 12261 12260
f 12265 12268 12269
f 12257 12262 12261
f 12265 12269 12270
f 12257 12263 12262
f 12265 12270 12271
f 12257 12264 12263
f 12265 12271 12272
f 12273 12274 12282
f 12273 12282 12281
f 12274 12275 12283
f 12274 12283 12282
f 12275 12276 12284
f 12275 12284 12283
f 12276 12277 12285
f 12276 12285 12284
f 12277 12278 12286
f 12277 12286 12285
f 12278 12279 12287
f 12278 12287 12286
f 12279 12280 12288
f 12279 12288 12287
f 12280 12273 12281
f 12280 12281 12288
f 12273 12275 12274
f 12281 12282 12283
f 12273 12276 12275
f 12281 12283 12284
f 12273 12277 12276
f 12281 12284 12285
f 12273 12278 12277
f 12281 12285 12286
f 12273 12279 12278
f 12281 12286 12287
f 12273 12280 12279
f 12281 12287 12288
f 12289 12290 12298
f 12289 12298 12297
f 12290 12291 12299
f 12290 12299 12298
f 12291 12292 12300
f 12291 12300 12299
f 12292 12293 12301
f 12292 12301 12300
f 12293 12294 12302
f 12293 12302 12301
f 12294 12295 12303
f 12294 12303 12302
f 12295 12296 12304
f 12295 12304 12303
f 12296 12289 12297
f 12296 12297 12304
f 12289 12291 12290
f 12297 12298 12299
f 12289 12292 12291
f 12297 12299 12300
f 12289 12293 12292
f 12297 12300 12301
f 12289 12294 12293
f 12297 12301 12302
f 12289 12295 12294
f 12297 12302 12303
f 12289 12296 12295
f 12297 12303 12304
f 12305 12306 12314
f 12305 12314 12313
f 12306 12307 12315
f 12306 12315 12314
f 12307 12308 12316
f 12307 12316 12315
f 12308 12309 12317
f 12308 12317 12316
f 12309 12310 12318
f 12309 12318 12317
f 12310 12311 12319
f 12310 12319 12318
f 12311 12312 12320
f 12311 12320 12319
f 12312 12305 12313
f 12312 12313 12320
f 12305 12307 12306
f 12313 12314 12315
f 12305 12308 12307
f 12313 12315 12316
f 12305 12309 12308
f 12313 12316 12317
f 12305 12310 12309
f 12313 12317 12318
f 12305 12311 12310
f 12313 12318 12319
f 12305 12312 12311
f 12313 12319 12320
f 12321 12322 12330
f 12321 12330 12329
f 12322 12323 12331
f 12322 12331 12330
f 12323 12324 12332
f 12323 12332 12331
f 12324 12325 12333
f 12324 12333 12332
f 12325 12326 12334
f 12325 12334 12333
f 12326 12327 12335
f 12326 12335 12334
f 12327 12328 12336
f 12327 12336 12335
f 12328 12321 12329
f 12328 12329 12336
f 12321 12323 12322
f 12329 12330 12331
f 12321 12324 12323
f 12329 12331 12332
f 12321 12325 12324
f 12329 12332 12333
f 12321 12326 12325
f 12329 12333 12334
f 12321 12327 12326
f 12329 12334 12335
f 12321 12328 12327
f 12329 12335 12336
f 12337 12338 12346
f 12337 12346 12345
f 12338 12339 12347
f 12338 12347 12346
f 12339 12340 12348
f 12339 12348 12347
f 12340 12341 12349
f 12340 12349 12348
f 12341 12342 12350
f 12341 12350 12349
f 12342 12343 12351
f 12342 12351 12350
f 12343 12344 12352
f 12343 12352 12351
f 12344 12337 12345
f 12344 12345 12352
f 12337 12339 12338
f 12345 12346 12347
f 12337 12340 12339
f 12345 12347 12348
f 12337 12341 12340
f 12345 12348 12349
f 12337 12342 12341
f 12345 12349 12350
f 12337 12343 12342
f 12345 12350 12351
f 12337 12344 12343
f 12345 12351 12352
f 12353 12354 12362
f 12353 12362 12361
f 12354 12355 12363
f 12354 12363 12362
f 12355 12356 12364
f 12355 12364 12363
f 12356 12357 12365
f 12356 12365 12364
f 12357 12358 12366
f 12357 12366 12365
f 12358 12359 12367
f 12358 12367 12366
f 12359 12360 12368
f 12359 12368 12367
f 12360 12353 12361
f 12360 12361 12368
f 12353 12355 12354
f 12361 12362 12363
f 12353 12356 12355
f 12361 12363 12364
f 12353 12357 12356
f 12361 12364 12365
f 12353 12358 12357
f 12361 12365 12366
f 12353 12359 12358
f 12361 12366 12367
f 12353 12360 12359
f 12361 12367 12368
f 12369 12370 12378
f 12369 12378 12377
f 12370 12371 12379
f 12370 12379 12378
f 12371 12372 12380
f 12371 12380 12379
f 12372 12373 12381
f 12372 12381 12380
f 12373 12374 12382
f 12373 12382 12381
f 12374 12375 12383
f 12374 12383 12382
f 12375 12376 12384
f 12375 12384 12383
f 12376 12369 12377
f 12376 12377 12384
f 12369 12371 12370
f 12377 12378 12379
f 12369 12372 12371
f 12377 12379 12380
f 12369 12373 12372
f 12377 12380 12381
f 12369 12374 12373
f 12377 12381 12382
f 12369 12375 12374
f 12377 12382 12383
f 12369 12376 12375
f 12377 12383 12384
f 12385 12386 12394
f 12385 12394 12393
f 12386 12387 12395
f 12386 12395 12394
f 12387 12388 12396
f 12387 12396 12395
f 12388 12389 12397
f 12388 12397 12396
f 12389 12390 12398
f 12389 12398 12397
f 12390 12391 12399
f 12390 12399 12398
f 12391 12392 12400
f 12391 12400 12399
f 12392 12385 12393
f 12392 12393 12400
f 12385 12387 12386
f 12393 12394 12395
f 12385 12388 12387
f 12393 12395 12396
f 12385 12389 12388
f 12393 12396 12397
f 12385 12390 12389
f 12393 12397 12398
f 12385 12391 12390
f 12393 12398 12399
f 12385 12392 12391
f 12393 12399 12400
f 12401 12402 12410
f 12401 12410 12409
f 12402 12403 12411
f 12402 12411 12410
f 12403 12404 12412
f 12403 12412 12411
f 12404 12405 12413
f 12404 12413 12412
f 12405 12406 12414
f 12405 12414 12413
f 12406 12407 12415
f 12406 12415 12414
f 12407 12408 12416
f 12407 12416 12415
f 12408 12401 12409
f 12408 12409 12416
f 12401 12403 12402
f 12409 12410 12411
f 12401 12404 12403
f 12409 12411 12412
f 12401 12405 12404
f 12409 12412 12413
f 12401 12406 12405
f 12409 12413 12414
f 12401 12407 12406
f 12409 12414 12415
f 12401 12408 12407
f 12409 12415 12416
f 12417 12418 12426
f 12417 12426 12425
f 12418 12419 12427
f 12418 12427 12426
f 12419 12420 12428
f 12419 12428 12427
f 12420 12421 12429
f 12420 12429 12428
f 12421 12422 12430
f 12421 12430 12429
f 12422 12423 12431
f 12422 12431 12430
f 12423 12424 12432
f 12423 12432 12431
f 12424 12417 12425
f 12424 12425 12432
f 12417 12419 12418
f 12425 12426 12427
f 12417 12420 12419
f 12425 12427 12428
f 12417 12421 12420
f 12425 12428 12429
f 12417 12422 12421
f 12425 12429 12430
f 12417 12423 12422
f 12425 12430 12431
f 12417 12424 12423
f 12425 12431 12432
f 12433 12434 12442
f 12433 12442 12441
f 12434 12435 12443
f 12434 12443 12442
f 12435 12436 12444
f 12435 12444 12443
f 12436 12437 12445
f 12436 12445 12444
f 12437 12438 12446
f 12437 12446 12445
f 12438 12439 12447
f 12438 12447 12446
f 12439 12440 12448
f 12439 12448 12447
f 12440 12433 12441
f 12440 12441 12448
f 12433 12435 12434
f 12441 12442 12443
f 12433 12436 12435
f 12441 12443 12444
f 12433 12437 12436
f 12441 12444 12445
f 12433 12438 12437
f 12441 12445 12446
f 12433 12439 12438
f 12441 12446 12447
f 12433 12440 12439
f 12441 12447 12448
f 12449 12450 12458
f 12449 12458 12457
f 12450 12451 12459
f 12450 12459 12458
f 12451 12452 12460
f 12451 12460 12459
f 12452 12453 12461
f 12452 12461 12460
f 12453 12454 12462
f 12453 12462 12461
f 12454 12455 12463
f 12454 12463 12462
f 12455 12456 12464
f 12455 12464 12463
f 12456 12449 12457
f 12456 12457 12464
f 12449 12451 12450
f 12457 12458 12459
f 12449 12452 12451
f 12457 12459 12460
f 12449 12453 12452
f 12457 12460 12461
f 12449 12454 12453
f 12457 12461 12462
f 12449 12455 12454
f 12457 12462 12463
f 12449 12456 12455
f 12457 12463 12464
f 12465 12466 12474
f 12465 12474 12473
f 12466 12467 12475
f 12466 12475 12474
f 12467 12468 12476
f 12467 12476 12475
f 12468 12469 12477
f 12468 12477 12476
f 12469 12470 12478
f 12469 12478 12477
f 12470 12471 12479
f 12470 12479 12478
f 12471 12472 12480
f 12471 12480 12479
f 12472 12465 12473
f 12472 12473 12480
f 12465 12467 12466
f 12473 12474 12475
f 12465 12468 12467
f 12473 12475 12476
f 12465 12469 12468
f 12473 12476 12477
f 12465 12470 12469
f 12473 12477 12478
f 12465 12471 12470
f 12473 12478 12479
f 12465 12472 12471
f 12473 12479 12480
f 12481 12482 12490
f 12481 12490 12489
f 12482 12483 12491
f 12482 12491 12490
f 12483 12484 12492
f 12483 12492 12491
f 12484 12485 12493
f 12484 12493 12492
f 12485 12486 12494
f 12485 12494 12493
f 12486 12487 12495
f 12486 12495 12494
f 12487 12488 12496
f 12487 12496 12495
f 12488 12481 12489
f 12488 12489 12496
f 12481 12483 12482
f 12489 12490 12491
f 12481 12484 12483
f 12489 12491 12492
f 12481 12485 12484
f 12489 12492 12493
f 12481 12486 12485
f 12489 12493 12494
f 12481 12487 12486
f 12489 12494 12495
f 12481 12488 12487
f 12489 12495 12496
f 12497 12498 12506
f 12497 12506 12505
f 12498 12499 12507
f 12498 12507 12506
f 12499 12500 12508
f 12499 12508 12507
f 12500 12501 12509
f 12500 12509 12508
f 12501 12502 12510
f 12501 12510 12509
f 12502 12503 12511
f 12502 12511 12510
f 12503 12504 12512
f 12503 12512 12511
f 12504 12497 12505
f 12504 12505 12512
f 12497 12499 12498
f 12505 12506 12507
f 12497 12500 12499
f 12505 12507 12508
f 12497 12501 12500
f 12505 12508 12509
f 12497 12502 12501
f 12505 12509 12510
f 12497 12503 12502
f 12505 12510 12511
f 12497 12504 12503
f 12505 12511 12512
f 12513 12514 12522
f 12513 12522 12521
f 12514 12515 12523
f 12514 12523 12522
f 12515 12516 12524
f 12515 12524 12523
f 12516 12517 12525
f 12516 12525 12524
f 12517 12518 12526
f 12517 12526 12525
f 12518 12519 12527
f 12518 12527 12526
f 12519 12520 12528
f 12519 12528 12527
f 12520 12513 12521
f 12520 12521 12528
f 12513 12515 12514
f 12521 12522 12523
f 12513 12516 12515
f 12521 12523 12524
f 12513 12517 12516
f 12521 12524 12525
f 12513 12518 12517
f 12521 12525 12526
f 12513 12519 12518
f 12521 12526 12527
f 12513 12520 12519
f 12521 12527 12528
f 12529 12530 12538
f 12529 12538 12537
f 12530 12531 12539
f 12530 12539 12538
f 12531 12532 12540
f 12531 12540 12539
f 12532 12533 12541
f 12532 12541 12540
f 12533 12534 12542
f 12533 12542 12541
f 12534 12535 12543
f 12534 12543 12542
f 12535 12536 12544
f 12535 12544 12543
f 12536 12529 12537
f 12536 12537 12544
f 12529 12531 12530
f 12537 12538 12539
f 12529 12532 12531
f 12537 12539 12540
f 12529 12533 12532
f 12537 12540 12541
f 12529 12534 12533
f 12537 12541 12542
f 12529 12535 12534
f 12537 12542 12543
f 12529 12536 12535
f 12537 12543 12544
f 12545 12546 12554
f 12545 12554 12553
f 12546 12547 12555
f 12546 12555 12554
f 12547 12548 12556
f 12547 12556 12555
f 12548 12549 12557
f 12548 12557 12556
f 12549 12550 12558
f 12549 12558 12557
f 12550 12551 12559
f 12550 12559 12558
f 12551 12552 12560
f 12551 12560 12559
f 12552 12545 12553
f 12552 12553 12560
f 12545 12547 12546
f 12553 12554 12555
f 12545 12548 12547
f 12553 12555 12556
f 12545 12549 12548
f 12553 12556 12557
f 12545 12550 12549
f 12553 12557 12558
f 12545 12551 12550
f 12553 12558 12559
f 12545 12552 12551
f 12553 12559 12560
f 12561 12562 12570
f 12561 12570 12569
f 12562 12563 12571
f 12562 12571 12570
f 12563 12564 12572
f 12563 12572 12571
f 12564 12565 12573
f 12564 12573 12572
f 12565 12566 12574
f 12565 12574 12573
f 12566 12567 12575
f 12566 12575 12574
f 12567 12568 12576
f 12567 12576 12575
f 12568 12561 12569
f 12568 12569 12576
f 12561 12563 12562
f 12569 12570 12571
f 12561 12564 12563
f 12569 12571 12572
f 12561 12565 12564
f 12569 12572 12573
f 12561 12566 12565
f 12569 12573 12574
f 12561 12567 12566
f 12569 12574 12575
f 12561 12568 12567
f 12569 12575 12576
f 12577 12578 12586
f 12577 12586 12585
f 12578 12579 12587
f 12578 12587 12586
f 12579 12580 12588
f 12579 12588 12587
f 12580 12581 12589
f 12580 12589 12588
f 12581 12582 12590
f 12581 12590 12589
f 12582 12583 12591
f 12582 12591 12590
f 12583 12584 12592
f 12583 12592 12591
f 12584 12577 12585
f 12584 12585 12592
f 12577 12579 12578
f 12585 12586 12587
f 12577 12580 12579
f 12585 12587 12588
f 12577 12581 12580
f 12585 12588 12589
f 12577 12582 12581
f 12585 12589 12590
f 12577 12583 12582
f 12585 12590 12591
f 12577 12584 12583
f 12585 12591 12592
f 12593 12594 12602
f 12593 12602 12601
f 12594 12595 12603
f 12594 12603 12602
f 12595 12596 12604
f 12595 12604 12603
f 12596 12597 12605
f 12596 12605 12604
f 12597 12598 12606
f 12597 12606 12605
f 12598 12599 12607
f 12598 12607 12606
f 12599 12600 12608
f 12599 12608 12607
f 12600 12593 12601
f 12600 12601 12608
f 12593 12595 12594
f 12601 12602 12603
f 12593 12596 12595
f 12601 12603 12604
f 12593 12597 12596
f 12601 12604 12605
f 12593 12598 12597
f 12601 12605 12606
f 12593 12599 12598
f 12601 12606 12607
f 12593 12600 12599
f 12601 12607 12608
f 12609 12610 12618
f 12609 12618 12617
f 12610 12611 12619
f 12610 12619 12618
f 12611 12612 12620
f 12611 12620 12619
f 12612 12613 12621
f 12612 12621 12620
f 12613 12614 12622
f 12613 12622 12621
f 12614 12615 12623
f 12614 12623 12622
f 12615 12616 12624
f 12615 12624 12623
f 12616 12609 12617
f 12616 12617 12624
f 12609 12611 12610
f 12617 12618 12619
f 12609 12612 12611
f 12617 12619 12620
f 12609 12613 12612
f 12617 12620 12621
f 12609 12614 12613
f 12617 12621 12622
f 12609 12615 12614
f 12617 12622 12623
f 12609 12616 12615
f 12617 12623 12624
f 12625 12626 12634
f 12625 12634 12633
f 12626 12627 12635
f 12626 12635 12634
f 12627 12628 12636
f 12627 12636 12635
f 12628 12629 12637
f 12628 12637 12636
f 12629 12630 12638
f 12629 12638 12637
f 12630 12631 12639
f 12630 12639 12638
f 12631 12632 12640
f 12631 12640 12639
f 12632 12625 12633
f 12632 12633 12640
f 12625 12627 12626
f 12633 12634 12635
f 12625 12628 12627
f 12633 12635 12636
f 12625 12629 12628
f 12633 12636 12637
f 12625 12630 12629
f 12633 12637 12638
f 12625 12631 12630
f 12633 12638 12639
f 12625 12632 12631
f 12633 12639 12640
f 12641 12642 12650
f 12641 12650 12649
f 12642 12643 12651
f 12642 12651 12650
f 12643 12644 12652
f 12643 12652 12651
f 12644 12645 12653
f 12644 12653 12652
f 12645 12646 12654
f 12645 12654 12653
f 12646 12647 12655
f 12646 12655 12654
f 12647 12648 12656
f 12647 12656 12655
f 12648 12641 12649
f 12648 12649 12656
f 12641 12643 12642
f 12649 12650 12651
f 12641 12644 12643
f 12649 12651 12652
f 12641 12645 12644
f 12649 12652 12653
f 12641 12646 12645
f 12649 12653 12654
f 12641 12647 12646
f 12649 12654 12655
f 12641 12648 12647
f 12649 12655 12656
f 12657 12658 12666
f 12657 12666 12665
f 12658 12659 12667
f 12658 12667 12666
f 12659 12660 12668
f 12659 12668 12667
f 12660 12661 12669
f 12660 12669 12668
f 12661 12662 12670
f 12661 12670 12669
f 12662 12663 12671
f 12662 12671 12670
f 12663 12664 12672
f 12663 12672 12671
f 12664 12657 12665
f 12664 12665 12672
f 12657 12659 12658
f 12665 12666 12667
f 12657 12660 12659
f 12665 12667 12668
f 12657 12661 12660
f 12665 12668 12669
f 12657 12662 12661
f 12665 12669 12670
f 12657 12663 12662
f 12665 12670 12671
f 12657 12664 12663
f 12665 12671 12672
