# Fixed world centers; Z up; paths immutable
v 0.377114087 -0.549671888 0.999548972
v 0.375248969 -0.549382865 0.992820024
v 0.35013622 -0.533157349 0.991560757
v 0.358179182 -0.532411516 0.986421645
v 0.362490743 -0.530324161 0.982092857
v 0.363781273 -0.527339876 0.974856198
v 0.360923469 -0.526692629 0.968349874
v 0.350944817 -0.523522019 0.963457346
v 0.372399926 -0.531492293 0.951401949
v 0.371414423 -0.531510711 0.944428146
v 0.374623984 -0.528998852 0.940277398
v 0.37524274 -0.52574712 0.933109641
v 0.353475481 -0.514614224 0.931192994
v 0.35247153 -0.510624886 0.928029478
v 0.361789256 -0.510247767 0.922421932
v 0.363898784 -0.507511258 0.914894223
v 0.360684216 -0.506739736 0.908426642
v 0.352465451 -0.504220724 0.903172135
v 0.369197905 -0.51041615 0.891840994
v 0.375088513 -0.508976579 0.883313537
v 0.175875008 -0.435921699 0.932545185
v 0.140935168 -0.416396916 0.944963217
v 0.154881597 -0.413810998 0.94537425
v 0.157538131 -0.410946041 0.948355615
v 0.162187502 -0.404988229 0.954480231
v 0.166730553 -0.402912915 0.953579009
v 0.249842137 -0.42355445 0.937457263
v 0.249918476 -0.416188031 0.937832654
v 0.248718068 -0.41223979 0.93481344
v 0.249336615 -0.405205786 0.931553841
v 0.248601004 -0.401412874 0.92842263
v 0.249170199 -0.394499362 0.921662092
v 0.248764962 -0.394505233 0.918246865
v 0.246131912 -0.393916517 0.911860049
v 0.246966183 -0.39447102 0.904608488
v 0.247127056 -0.398505658 0.897304475
v 0.18469137 -0.381777763 0.905806482
v 0.168402985 -0.372883409 0.906662047
v 0.174472585 -0.375170499 0.898171425
v 0.171891183 -0.374595255 0.8918733
v 0.158207938 -0.366716713 0.888661802
v 0.160558507 -0.364000857 0.884784937
v 0.164840534 -0.358280629 0.880609274
v 0.164116174 -0.354545683 0.877525926
v 0.16339542 -0.347311914 0.871167302
v 0.161119491 -0.34307453 0.868493915
v 0.158270657 -0.334906876 0.869674802
v 0.154888168 -0.334068835 0.863602877
v 0.163339764 -0.336910605 0.857855499
v 0.163656265 -0.329996407 0.851205885
v 0.162930682 -0.326255172 0.848117352
v 0.162239909 -0.319013506 0.841733634
v 0.161733717 -0.315340787 0.838584542
v 0.161071375 -0.311618537 0.835477889
v 0.160480276 -0.304403096 0.829062045
v 0.159754306 -0.300659925 0.825971901
v 0.158410877 -0.293207169 0.819761515
v 0.157684892 -0.289463878 0.816671252
v 0.156958893 -0.285720557 0.813581049
v 0.157188296 -0.278748602 0.806926847
v 0.156461969 -0.275003582 0.803835213
v 0.157406986 -0.268240452 0.796969831
v 0.157336518 -0.264691323 0.793688834
v 0.156542107 -0.257393032 0.787310958
v 0.15788731 -0.254264444 0.783619106
v 0.159010693 -0.251065671 0.779987633
v 0.159561187 -0.244067699 0.776754379
v 0.162396148 -0.237572894 0.779947937
v 0.158867091 -0.232997999 0.777661145
v 0.161469847 -0.233926252 0.769813001
v 0.159448311 -0.229872942 0.763538837
v 0.163220242 -0.223801792 0.759352505
v 0.165032849 -0.220777795 0.755498052
v 0.164303109 -0.217015147 0.752391875
v 0.164532751 -0.209974051 0.74567616
v 0.205357224 -0.214274675 0.737606704
v 0.203169018 -0.213582218 0.741855502
v 0.206129536 -0.21062763 0.748416126
v 0.212322652 -0.208588511 0.754029393
v 0.216069907 -0.209580973 0.756530464
v 0.224086106 -0.204448372 0.758275807
v 0.199935511 -0.190395474 0.765748858
v 0.220202953 -0.192268655 0.767289698
v 0.235654652 -0.19283396 0.766678214
v 0.250330687 -0.18948479 0.766551435
v 0.248515144 -0.185367748 0.763702989
v 0.248676702 -0.178120643 0.760525942
v 0.250784397 -0.171351552 0.760395646
v 0.249589413 -0.167407051 0.757370651
v 0.249378681 -0.160060108 0.754301012
v 0.248841599 -0.15262787 0.751326442
v 0.251118243 -0.145901904 0.751145959
v 0.250072122 -0.142000228 0.748079538
v 0.248908043 -0.134408623 0.745288849
v 0.241667211 -0.125253931 0.744275868
v 0.245891914 -0.122690551 0.743282676
v 0.247362405 -0.119440421 0.739484549
v 0.248681664 -0.123487867 0.731622517
v 0.248383299 -0.127128363 0.724219859
v 0.245531887 -0.130114779 0.717565954
v 0.246299222 -0.130343527 0.713703632
v 0.243995368 -0.133476913 0.706874013
v 0.246519223 -0.134196475 0.698822439
v 0.243143812 -0.137025967 0.695949197
v 0.245582834 -0.137729198 0.687897444
v 0.241358951 -0.14037475 0.681625247
v 0.237373546 -0.143082559 0.675279796
v 0.240366772 -0.143906564 0.670681179
v 0.238424078 -0.147158518 0.663684905
v 0.240507066 -0.147784993 0.655671477
v 0.29223299 -0.161525667 0.631850779
v 0.290736914 -0.161169231 0.628586233
v 0.275580913 -0.16098243 0.625689924
v 0.289488137 -0.160955846 0.617748439
v 0.291848302 -0.154141024 0.610026717
v 0.291088045 -0.15022096 0.606790602
v 0.2895675 -0.142380819 0.600318313
v 0.288807213 -0.138460755 0.597082138
v 0.288046956 -0.134540692 0.593846023
v 0.282631457 -0.12568137 0.592421949
v 0.283239961 -0.122114874 0.588738918
v 0.29212755 -0.124421693 0.578253984
v 0.290928125 -0.116646864 0.571659684
v 0.290166199 -0.11271818 0.568416476
v 0.291876286 -0.109408528 0.564342856
v 0.290852636 -0.101670548 0.557682872
v 0.290090114 -0.0977387801 0.554437041
v 0.287590653 -0.0933893397 0.547987521
v 0.286951751 -0.0894880444 0.544699609
v 0.285426676 -0.0816245005 0.538208008
v 0.284731686 -0.0777091086 0.534938931
v 0.286183476 -0.0705613717 0.527416706
v 0.285420299 -0.0666264221 0.524168313
v 0.287179887 -0.0632931888 0.520041883
v 0.286831975 -0.0556970015 0.513128042
v 0.286094695 -0.0517644696 0.509867072
v 0.286727726 -0.0443914495 0.502601743
v 0.288547367 -0.04105125 0.498434484
v 0.284129471 -0.0325131081 0.496776134
v 0.291371405 -0.0304456428 0.498341143
v 0.283546716 -0.0248694737 0.493762732
v 0.276871204 -0.0270663593 0.4920111
v 0.289946467 -0.0225209519 0.480284363
v 0.250491232 -0.00980644394 0.490922272
v 0.248993859 -0.00201780349 0.48826617
v 0.247979715 0.00565696461 0.485438347
v 0.250133365 0.00888837967 0.484966189
v 0.249076843 0.0165695753 0.482154369
v 0.248817042 0.0240728557 0.479055643
v 0.25029552 0.0274568424 0.478826046
v 0.250271857 0.0349089727 0.475641549
v 0.249449477 0.0425304882 0.472748131
v 0.249537066 0.0499567129 0.469524086
v 0.251172155 0.0533118956 0.469235748
v 0.250326902 0.0609333999 0.466352284
v 0.249569505 0.0648386627 0.463128358
v 0.251326442 0.0718663111 0.463103801
v 0.250202388 0.0795379654 0.460325032
v 0.244099945 0.0845814124 0.455261916
v 0.229048416 0.0840041563 0.45671314
v 0.21611546 0.0830779672 0.453612655
v 0.248770744 0.0765464529 0.433783114
v 0.242774576 0.0741269737 0.431882232
v 0.244977683 0.0700847805 0.423058599
v 0.249204606 0.0693272948 0.413761735
v 0.239951685 0.0675770044 0.413109511
v 0.235887989 0.0648159981 0.406639427
v 0.252010316 0.061577294 0.392717987
v 0.224698409 0.0636414886 0.395214379
v 0.216714323 0.0617049336 0.390280336
v 0.24222444 0.0564145073 0.376458794
v 0.238139629 0.0536391586 0.369955122
v 0.234054819 0.0508638136 0.363451451
v 0.238495246 0.0499722324 0.357800663
v 0.234403789 0.0471923687 0.351286411
v 0.226109669 0.0453085601 0.346455127
v 0.248783916 0.0405614078 0.329518676
v 0.22036916 0.0429277793 0.336709559
v 0.216737315 0.0400531963 0.330018073
v 0.240880504 0.0349392742 0.312340021
v 0.231796741 0.0331762731 0.311760753
v 0.227065593 0.0305184778 0.305472046
v 0.243332103 0.0270612072 0.29085812
v 0.227623627 0.0267438367 0.293047816
v 0.242561519 0.0235572625 0.278910071
v 0.233435243 0.021839872 0.274414539
v 0.221280426 0.0207989998 0.271217048
v 0.231118098 0.0149118025 0.258742005
v 0.237329021 0.0135696419 0.252116054
v 0.0974445418 0.0482116714 0.304158807
v 0.102847777 0.0506492853 0.306065947
v 0.0999442562 0.0586269312 0.304158807
v 0.110130787 0.063738957 0.300528347
v 0.115233205 0.0700540915 0.29132995
v 0.119044133 0.0729102716 0.290057153
v 0.120719001 0.079888761 0.290057153
v 0.121828735 0.0869847015 0.29029876
v 0.0915737748 0.100533269 0.303944319
v 0.103954613 0.105207168 0.30321312
v 0.105618663 0.112140559 0.30321312
v 0.107282713 0.119073957 0.30321312
v 0.107368954 0.126386032 0.300038636
v 0.108200975 0.129852727 0.300038636
v 0.121893995 0.134516016 0.291049361
v 0.116512425 0.139273062 0.289847255
v 0.120099224 0.145856097 0.289025843
v 0.119773827 0.153188646 0.289879322
v 0.0947979093 0.165055275 0.305104375
v 0.104357198 0.170484424 0.301733583
v 0.10601598 0.177395865 0.301733583
v 0.107674763 0.184307307 0.301733583
v -0.0498609953 0.219627589 0.376852602
v -0.0513661914 0.219807416 0.381145507
v -0.0461767949 0.21525152 0.385930598
v -0.0462349765 0.215084121 0.3932558
v -0.0490161479 0.215409428 0.401701927
v -0.0460199863 0.214690328 0.407730073
v -0.0430238247 0.213971242 0.413758218
v -0.0427246317 0.213740245 0.420892358
v -0.0426689498 0.213553622 0.428114533
v -0.0385276526 0.212627441 0.433666021
v -0.0405462533 0.212816924 0.441709697
v -0.0278499182 0.213864461 0.440521985
v -0.0515477136 0.217956126 0.457244813
v -0.040864218 0.212523371 0.456247985
v -0.0400347672 0.21219787 0.463104516
v -0.0383922271 0.21172516 0.469630569
v -0.0383528844 0.211543381 0.476781696
v -0.0480042398 0.216519728 0.488018662
v -0.0458619371 0.215956599 0.494305164
v -0.0481010228 0.216184616 0.502284229
v -0.0451408289 0.215474159 0.508240044
v -0.048159916 0.215843901 0.516485691
v -0.0332240574 0.212969646 0.517867506
v -0.0248209704 0.214768037 0.518519163
v -0.032196302 0.222792521 0.525455236
v -0.029042054 0.225439385 0.531635463
v -0.0274438988 0.231939122 0.531621695
v -0.0206764359 0.234052926 0.53290993
v -0.0173821133 0.24026987 0.532260835
v -0.0194845628 0.247515067 0.530097306
v -0.0215100702 0.254632145 0.531445682
v -0.0313694999 0.259771436 0.531916261
v -0.0152063211 0.260680437 0.519030511
v -0.0201310273 0.26838237 0.517942846
v -0.0248283893 0.272647291 0.516480207
v -0.0258961413 0.273049444 0.509796917
v -0.0249207858 0.273118973 0.502320349
v -0.0264531691 0.273597419 0.495796978
v -0.0366089419 0.272098154 0.492315143
v -0.0389225557 0.272702962 0.48610124
v -0.0343852453 0.272186786 0.477193534
v -0.0341113172 0.272368968 0.469938308
v -0.0370835923 0.273082316 0.463958234
v -0.034697324 0.272919893 0.455839992
v -0.0369706675 0.270006806 0.452845305
v -0.0258759838 0.271821409 0.441512793
v -0.0287347566 0.272517473 0.435447991
v -0.0304501019 0.273026943 0.428918034
v -0.0334396623 0.273744434 0.42290318
v -0.0288713127 0.27322948 0.413785785
v -0.0318674147 0.27394855 0.407757759
v -0.0312203411 0.274074018 0.400218904
v -0.040988408 0.272478521 0.396676779
v -0.0403558537 0.272488922 0.392774731
v 0.241640896 0.230239362 0.267389327
v 0.246863693 0.236799672 0.265914738
v 0.247146353 0.244158432 0.266514331
v 0.238704473 0.253014416 0.266836941
v 0.241863176 0.259902507 0.266226888
v 0.245737955 0.266686887 0.265316606
v 0.248121053 0.273704886 0.265033484
v 0.249830127 0.280825883 0.265033484
v 0.249914795 0.288185567 0.265714914
v 0.243735865 0.292923033 0.264731973
v 0.24572818 0.299989402 0.264611572
v 0.248143375 0.306996882 0.264313668
v -0.168631315 0.369141251 0.446689188
v -0.174543947 0.373087376 0.45295611
v 0.14078635 0.328590363 0.329163849
v 0.143921003 0.327838033 0.335470617
v 0.143222734 0.331178874 0.343689352
v 0.144740626 0.334363282 0.347195864
v 0.154490829 0.332694829 0.350797683
v 0.164055422 0.338341117 0.351377189
v 0.159365565 0.346097231 0.353951991
v 0.130498841 0.356704801 0.373839557
v 0.132590532 0.356260449 0.376748174
v -0.173636436 0.393426448 0.506544828
v 0.135130584 0.351738214 0.390388489
v 0.142920926 0.350364596 0.394777983
v 0.141192645 0.353953153 0.399526536
v 0.148786917 0.352609515 0.404009223
v 0.157053396 0.354704469 0.408568412
v 0.163688332 0.36055097 0.414099932
v 0.155204892 0.365349889 0.413986266
v 0.137934595 0.374417961 0.425062865
v 0.126642138 0.379172772 0.433460772
v 0.123860642 0.382656068 0.442225575
v -0.173330888 0.416561753 0.563199401
v -0.131761968 0.408052623 0.546976089
v -0.127978563 0.404173344 0.548658609
v -0.130142078 0.404135406 0.55631727
v -0.129585147 0.403747141 0.562926054
v -0.131546035 0.403684676 0.570473194
v -0.132929519 0.403548449 0.577784717
v -0.131117374 0.402999461 0.583889306
v -0.128426149 0.402336836 0.589664102
v -0.127368152 0.401885897 0.596039891
v -0.127025843 0.40152812 0.60267067
v -0.128848508 0.404662222 0.610352397
v -0.127789423 0.404210865 0.61669749
v -0.130432129 0.40423736 0.624369025
v -0.129733533 0.403833538 0.630821705
v -0.129346818 0.403470427 0.637376964
v -0.12986432 0.403224647 0.644242942
v -0.128062472 0.402679384 0.650278509
v -0.126371086 0.402148664 0.656348825
v -0.126736283 0.401884586 0.663130939
v -0.126906395 0.401595801 0.669832945
v -0.112490118 0.402613372 0.671756446
v -0.0971121117 0.400474995 0.66980207
v -0.0886161402 0.402280271 0.673829556
v -0.0779174715 0.403974473 0.6737836
v -0.0615994669 0.404812217 0.67520839
v -0.0333766975 0.404178649 0.67268312
v -0.0149990786 0.401542783 0.673292458
v -0.00416939007 0.403296798 0.673327565
v 0.015816506 0.403764158 0.673751831
v 0.0197376143 0.406233698 0.679528952
v 0.036304269 0.404026181 0.677499115
v 0.0660543889 0.403354317 0.674884319
v 0.0845524147 0.404090941 0.67602098
v 0.113572024 0.403584868 0.673827648
v 0.118953563 0.406307638 0.672347426
v 0.0934580043 0.415863872 0.684513569
v 0.0970871374 0.418599188 0.687051773
v 0.104426794 0.424438059 0.68520385
v 0.105990112 0.430951774 0.68520385
v 0.106584653 0.437573224 0.685513377
v 0.104208484 0.444516033 0.686771333
v 0.0940553397 0.452671707 0.683625996
v 0.116243951 0.453834713 0.673284829
v 0.117978215 0.460347652 0.673231065
v 0.119948819 0.466836959 0.673101366
v 0.182117835 0.463436455 0.660404086
v 0.184685349 0.469975948 0.660092592
v 0.105892286 0.484509408 0.685774863
v 0.108919628 0.490861475 0.685305834
v 0.110478766 0.497357756 0.685305834
v 0.103365161 0.504875124 0.684633851
v 0.101113752 0.508394539 0.685603142
v 0.0926014483 0.515997648 0.685393631
v 0.123358622 0.516788721 0.672317743
v 0.124923229 0.5233078 0.672317743
v 0.125386968 0.529920578 0.672671556
v 0.138541281 0.531905591 0.672166944
v 0.156791404 0.529902458 0.673288345
v 0.183561504 0.530545115 0.672021925
v 0.183083817 0.537319362 0.672674537
v 0.157473445 0.542517722 0.684496164
v 0.166356266 0.548250914 0.685667276
v 0.167931214 0.554813087 0.685667276
v 0.171853766 0.561197996 0.684930205
v 0.172144011 0.567859054 0.685333669
v 0.158407018 0.575773597 0.686676204
v 0.158695102 0.579330206 0.683369339
v 0.181616575 0.58465457 0.673149347
v 0.183789492 0.591196775 0.672961771
v 0.184776008 0.597818613 0.673149347
v 0.157302499 0.605981827 0.68578589
v 0.158085793 0.609245479 0.68578589
v -0.00642747432 0.625362694 0.744656384
v -0.00375340483 0.624945939 0.74711442
v 0.00714171818 0.630360067 0.747484028
v 0.0171065889 0.635855436 0.748158932
v -0.0105716698 0.64033407 0.760240197
v 0.00424963748 0.642127395 0.762465298
v 0.00980980415 0.648128331 0.761217892
v 0.0136967069 0.654231489 0.760484576
v 0.0111943344 0.660666227 0.761709809
v 0.0126884962 0.666891813 0.761709809
v 0.00458837627 0.670699596 0.761141896
v -0.00146033987 0.674669743 0.756678939
v 0.0168033298 0.680398285 0.748203635
v 0.010490424 0.684105277 0.747100532
v -0.00649779616 0.685404241 0.745821714
v 0.168730408 0.6816203 0.684401453
v 0.167441338 0.688255131 0.685298145
v 0.169049308 0.694766521 0.685284078
v 0.166039199 0.701450229 0.686719954
v 0.158615172 0.705302 0.685858667
v 0.176763132 0.708542109 0.673476934
v 0.18428643 0.71487236 0.67159164
v 0.185856044 0.721412241 0.67159164
v 0.185228452 0.728017747 0.67228651
v 0.157689154 0.735057533 0.684922218
v 0.1669662 0.737752438 0.685683012
v 0.168916985 0.744236588 0.685559869
v 0.171203285 0.750714123 0.685331523
v 0.172297642 0.757220447 0.685477316
v 0.164374188 0.764231384 0.6850214
v 0.152571574 0.768038273 0.685557246
v 0.186187968 0.770999491 0.6717453
v 0.186550364 0.777541399 0.672125697
v 0.183469325 0.784463465 0.670142829
v 0.167424351 0.781772673 0.671542406
v 0.147626922 0.782736063 0.670987368
v 0.117269322 0.787067413 0.674141347
v 0.117992245 0.793487489 0.674403608
v 0.091975525 0.79985255 0.68663615
v 0.103401169 0.802593887 0.686602473
v 0.105618663 0.808961868 0.68638283
v 0.110153571 0.815317929 0.685423672
v 0.102763981 0.822078884 0.684892654
v 0.10382013 0.828446865 0.685043573
v 0.0960931629 0.831988752 0.684387684
v 0.1280009 0.838698089 0.671244204
v 0.184370905 0.845220387 0.65362066
v 0.185932621 0.851727366 0.65362066
v 0.186677054 0.858229756 0.6538831
v 0.100093782 0.863729894 0.685547531
v 0.101024739 0.866904795 0.68549335
v 0.102548145 0.873252153 0.68549335
v 0.104018144 0.879598916 0.685510397
v 0.105541527 0.885946214 0.685510397
v 0.0983386934 0.892528892 0.684937298
v 0.090592742 0.895927191 0.684306622
v 0.123397119 0.903187573 0.67087239
v 0.119362161 0.90945667 0.672664225
v 0.103460275 0.909891248 0.671041548
v 0.0802835077 0.910172701 0.671837032
v 0.0608638451 0.910522699 0.671478152
v 0.0426970087 0.910891712 0.670768976
v 0.0237215571 0.911237359 0.67038548
v 0.00507179927 0.908132076 0.673013866
v -0.0117337015 0.908524215 0.67201376
v -0.0263287686 0.908955932 0.67032367
v -0.0564557575 0.909059882 0.673928738
v -0.0644577742 0.909616768 0.670116544
v -0.0839414373 0.909928024 0.670249283
v -0.103435501 0.910231948 0.670449317
v -0.12149439 0.910559773 0.670217276
v -0.125966221 0.908191323 0.665070832
v -0.12557447 0.908913374 0.658479989
v -0.126001999 0.909619272 0.652165174
v -0.124061465 0.910377264 0.645004511
v -0.128867194 0.907995701 0.639966428
v -0.128609449 0.908358753 0.636629879
v -0.125618115 0.909138441 0.629060149
v -0.122053422 0.909932852 0.621261716
v -0.12425074 0.910605192 0.615525782
v -0.127727911 0.908242643 0.609989583
v -0.130479574 0.908903062 0.604453385
v -0.131905362 0.909591854 0.598429084
v -0.127193719 0.91041398 0.590128362
v -0.133171186 0.907993078 0.585504591
v -0.131969348 0.908738494 0.578477204
v -0.132313907 0.909452558 0.572015762
v -0.125716299 0.91031754 0.562920749
v -0.133337498 0.907853305 0.558914304
v -0.130601242 0.908271849 0.554561734
v -0.126263171 0.909087479 0.546266794
v -0.128017917 0.902983308 0.546378314
v -0.127096459 0.896927357 0.545464039
v -0.175517485 0.890433252 0.560190618
v -0.175169215 0.89114058 0.553485036
v -0.172772616 0.888876617 0.545690119
v 0.144750953 0.890864015 0.418393523
v 0.142224655 0.88423425 0.418759167
v -0.183932126 0.877743781 0.539022505
v -0.205123335 0.874842882 0.543766379
v -0.193393826 0.875664115 0.532568097
v -0.159835219 0.882813811 0.513226271
v -0.151885316 0.885959923 0.510362148
v -0.159759551 0.889229536 0.510440886
v -0.168640092 0.889798164 0.507312536
v -0.172931954 0.890437186 0.502365828
v -0.174167529 0.891124785 0.496191591
v -0.176176116 0.888774812 0.490029037
v 0.18431811 0.898472846 0.33667317
v 0.183593124 0.902210951 0.333587229
v 0.163255021 0.902640164 0.334506869
v 0.160201848 0.903372943 0.328364015
v 0.166547254 0.907624245 0.318658471
v 0.16261977 0.914232194 0.32095477
v 0.149928525 0.914761603 0.318819255
v 0.146880865 0.915493071 0.312687516
v 0.143040076 0.916207373 0.306889266
v 0.140892133 0.913626909 0.300039321
v 0.139367923 0.913992703 0.296972692
v 0.144117266 0.911152661 0.290899783
v 0.13583836 0.904319167 0.293733537
v 0.244596407 0.907129705 0.239856541
v 0.250302106 0.910677552 0.237774462
v 0.239942193 0.911290467 0.23453708
v 0.219362289 0.90827775 0.235379145
v 0.199535415 0.908706784 0.236322209
v 0.193990499 0.909406543 0.231117994
v 0.202138528 0.910374761 0.21993567
v 0.194473758 0.907625139 0.215293556
v 0.193092272 0.908406615 0.208255708
v 0.189973697 0.909155071 0.201981276
v 0.197815567 0.910118759 0.190821514
v 0.194687694 0.910869479 0.184528396
v -0.14393802 0.901406348 0.332337528
v -0.163838387 0.901759923 0.334313005
v -0.160651162 0.902555823 0.325897992
v 0.208267495 0.916621566 0.159476429
v 0.22305949 0.916524768 0.15666689
v 0.21298553 0.915489197 0.168968931
v 0.225466818 0.922233045 0.167983994
v 0.225266829 0.925257266 0.172322899
v 0.248579234 0.92497164 0.169684142
v 0.254419416 0.924273074 0.174873799
v 0.247408569 0.9267326 0.186111733
v 0.240504235 0.933457851 0.189890563
v 0.240960926 0.94119817 0.18268308
v 0.249720007 0.944467247 0.183053374
v 0.228050664 0.950702727 0.193354398
v 0.215524688 0.954160035 0.195407107
v 0.214784697 0.957975566 0.19225727
v 0.191524133 0.958068907 0.194922686
v 0.191218838 0.958908796 0.18740043
v 0.211361229 0.963845193 0.171046138
v 0.21062021 0.96766603 0.167891905
v 0.20371522 0.968285263 0.163289025
v 0.193848059 0.965391159 0.159673586
v 0.192926198 0.96621865 0.152374312
v 0.194893435 0.967148721 0.143740118
v 0.198300451 0.968132079 0.134420812
v 0.195903271 0.965060294 0.131262988
v 0.18933852 0.961847842 0.130035907
v 0.10031078 0.956344724 0.163324326
v 0.0974229276 0.957085669 0.15707998
v 0.0953889489 0.957855284 0.150433809
v 0.0980688483 0.958784521 0.141559064
v 0.0809775069 0.955295682 0.145447716
v 0.0779212564 0.956029236 0.139298677
v 0.199280232 0.967373788 0.0784980506
v 0.188693479 0.970868409 0.0800121874
v 0.182439461 0.971511841 0.0751573816
v 0.179290429 0.972267628 0.0688216686
v 0.170732662 0.972823739 0.0651003346
v 0.168113232 0.973597944 0.0585190915
v 0.167559609 0.974449575 0.0509281904
v 0.170035705 0.971984327 0.041435007
v 0.16838865 0.968926549 0.0378900468
v -0.163156241 0.954304576 0.196752235
v -0.17197004 0.95790273 0.194291681
v -0.194020331 0.954397202 0.201254144
v -0.204766393 0.954798758 0.199458838
v -0.209247708 0.955421388 0.194566205
v -0.223546073 0.955688655 0.194609433
v -0.231491148 0.956181407 0.191499025
v 0.17052424 0.975133061 -0.0187766533
v 0.166511878 0.97887522 -0.0203150772
v 0.16818428 0.98584342 -0.0203150772
v 0.169856668 0.992811561 -0.0203150772
v 0.17152907 0.999779701 -0.020315079
v 0.173670083 1.00676954 -0.0205523707
v 0.164292887 1.01366341 -0.018942995
v 0.174548954 1.02104414 -0.0232968256
v 0.166654214 1.02751493 -0.0184487887
v 0.176749602 1.03491735 -0.0227174871
v 0.163753778 1.03468263 -0.0201143529
v 0.157491431 1.03527308 -0.0248911753
v 0.150835946 1.03241956 -0.0298790876
v 0.613136768 1.06152284 -0.270626664
v 0.613233984 1.0697639 -0.274204493
v 0.625498831 1.07871771 -0.284046084
v 0.627350509 1.08655345 -0.284030944
v 0.629108667 1.09438324 -0.283967793
v 0.612725019 1.10104811 -0.274578273
v 0.616373241 1.10842443 -0.271005869
v 0.61730957 1.11232567 -0.271005869
v 0.616809368 1.11996508 -0.269790024
v 0.611653268 1.12781739 -0.270664155
v 0.608519614 1.13197196 -0.273049295
v 0.62743485 1.1415695 -0.286306292
v 0.62995261 1.14943743 -0.286636353
v 0.612263083 1.14921868 -0.286491901
v 0.598753512 1.14931083 -0.288455933
v 0.579599738 1.14896584 -0.287433267
v 0.572941184 1.1457721 -0.293371201
v 0.573117316 1.14634216 -0.297932386
v 0.574205279 1.14753973 -0.307455301
v 0.560544848 1.1476115 -0.309193045
v 0.547341049 1.14771283 -0.311128676
v 0.521703243 1.14685059 -0.306385756
v 0.505338907 1.14669335 -0.306514233
v 0.496088892 1.14708102 -0.310413808
v 0.48441419 1.14727676 -0.312977552
v 0.45844084 1.14635015 -0.307746798
v 0.44088313 1.14607131 -0.307000339
v 0.427731454 1.1461314 -0.308601022
v 0.420062512 1.1466192 -0.313169718
v 0.391118824 1.14541793 -0.305985838
v 0.377380848 1.14541221 -0.307107657
v 0.365396053 1.14554071 -0.309157759
v 0.35602951 1.14587402 -0.312630773
v 0.329794616 1.1484673 -0.306124806
v 0.320989817 1.1488291 -0.309820324
v 0.308817774 1.14891195 -0.311588794
v 0.293679357 1.14874601 -0.31163466
v 0.273610413 1.14816666 -0.308818936
v 0.258100867 1.14795506 -0.308533818
v 0.245017111 1.14793801 -0.309585601
v 0.23380506 1.14807141 -0.311671376
v 0.216238096 1.14766884 -0.310043722
v 0.20120059 1.14747036 -0.309819937
v 0.186816245 1.14732003 -0.309923053
v 0.176074609 1.14747119 -0.312107861
v 0.115320832 1.14682615 -0.284361869
v 0.0935963243 1.14600182 -0.279880792
v 0.0867501795 1.14645112 -0.284126967
v 0.0586732738 1.14505947 -0.275731057
v 0.0448039696 1.14488792 -0.275701165
v 0.041651357 1.14564455 -0.282044083
v 0.032232821 1.14585304 -0.284617096
v 0.0126824444 1.14516854 -0.281041354
v -0.00108871551 1.14498329 -0.280892909
v -0.0123010222 1.14501798 -0.282252043
v -0.0235617496 1.14504361 -0.283543587
v -0.0356054679 1.14832711 -0.283815235
v -0.0371552296 1.14869905 -0.286933273
v -0.0507921316 1.14849079 -0.286670268
v -0.0608534142 1.14860046 -0.288571209
v -0.0650895387 1.14592218 -0.294564754
v -0.064829722 1.14696419 -0.302854866
v -0.0679162145 1.14770496 -0.309064746
v -0.0902916044 1.14669263 -0.303146183
v -0.0989415422 1.14692032 -0.30579859
v -0.112683803 1.14667892 -0.305198044
v -0.134873286 1.14565575 -0.299174368
v -0.144024104 1.14582169 -0.301382095
v -0.153370366 1.14596581 -0.303435206
v -0.174816132 1.14498484 -0.297676027
v -0.19076024 1.14450419 -0.295379668
v -0.193757579 1.14522362 -0.301410168
v -0.197266847 1.145895 -0.307107687
v -0.227819532 1.14402688 -0.295147896
v -0.238050342 1.14405632 -0.296370357
v -0.250062615 1.14391291 -0.296385825
v -0.253019512 1.14462256 -0.302334934
v -0.256675899 1.1452657 -0.307820618
v -0.270984977 1.14489186 -0.306218535
v -0.293132752 1.14376068 -0.299328625
v -0.300660133 1.14715922 -0.301622719
v -0.307397276 1.14699745 -0.301023692
v -0.310315788 1.14769781 -0.306895614
v -0.318581402 1.14787543 -0.309153289
v -0.336314529 1.14712071 -0.304961711
v -0.364361376 1.14534175 -0.29367438
v -0.367238224 1.14603221 -0.299462438
v -0.370115042 1.14672267 -0.305250496
v -0.378086358 1.14690697 -0.307531863
v -0.387351871 1.14695907 -0.30889374
v -0.405129671 1.14615607 -0.304321885
v -0.412299216 1.14640772 -0.307056904
v -0.427085131 1.14589024 -0.304451436
v -0.442791283 1.14527237 -0.301141024
v -0.44795996 1.14571333 -0.305177599
v -0.45233357 1.14623344 -0.309763551
v -0.466405988 1.14576447 -0.307470858
v -0.474529773 1.14589632 -0.309350401
v -0.482580632 1.14603221 -0.311254978
v -0.498886257 1.14531589 -0.307222307
v -0.507299662 1.14540505 -0.308792025
v -0.514835894 1.14558136 -0.310965568
v -0.525567114 1.14542294 -0.310802728
v -0.534356654 1.14842391 -0.311479717
v -0.580418885 1.14743936 -0.284973472
v -0.588978231 1.14747012 -0.286189198
v -0.598120749 1.14743471 -0.286947072
v -0.606588423 1.14746761 -0.288168609
v -0.618045449 1.1471746 -0.287152082
v -0.628226638 1.14701378 -0.287036091
v -0.634725511 1.1472472 -0.289620638
v -0.634150445 1.14824736 -0.297466338
v -0.636842072 1.14889336 -0.302881777
v -0.638096631 1.14634609 -0.306190759
v -0.634910405 1.14763033 -0.316035628
v -0.637608409 1.14827788 -0.321463794
v -0.635528982 1.14655542 -0.331055939
v -0.63058883 1.1451329 -0.342857361
v -0.633497179 1.14239049 -0.344945282
v -0.635872662 1.13633657 -0.344222933
v -0.636355639 1.13048065 -0.344945282
v -0.634982347 1.12725234 -0.34277758
v -0.634640455 1.12147188 -0.344129205
v -0.636070907 1.11551178 -0.344129205
v -0.637501359 1.10955167 -0.344129205
v -0.636575639 1.1033591 -0.342163056
v -0.635129035 1.09765887 -0.344359189
v -0.63376677 1.09193945 -0.346493185
v -0.634723008 1.08556247 -0.343085319
v -0.63510555 1.07967925 -0.34388712
v -0.636539459 1.07370484 -0.34388712
v -0.637973368 1.06773043 -0.34388712
v -0.637330711 1.06441689 -0.341151685
v -0.63876462 1.05844247 -0.341151685
v -0.640198529 1.05246806 -0.341151685
v -0.638799131 1.04627514 -0.339539945
v -0.638530374 1.04041874 -0.340839416
v -0.637854517 1.03458333 -0.342450947
v -0.63528049 1.02886641 -0.345513582
v -0.638623953 1.02527964 -0.339728177
v -0.638417959 1.01939881 -0.340981305
v -0.637512922 1.0135541 -0.342769235
v -0.63895148 1.00756025 -0.342769235
v -0.63911438 1.00123382 -0.339957505
v -0.640464604 0.99524492 -0.340024889
v -0.638746381 0.989418983 -0.342435122
v -0.639255643 0.983068466 -0.339356244
v -0.637887895 0.977206171 -0.341498375
v -0.634175837 0.971441925 -0.345432073
v -0.634718359 0.965465784 -0.346120566
v -0.636129081 0.962038279 -0.341795594
v -0.635978401 0.956090391 -0.343011796
v -0.636959851 0.950091243 -0.343365043
v -0.63840425 0.944072902 -0.343365043
v -0.638479114 0.937725842 -0.340609521
v -0.639923573 0.931707501 -0.340609521
v -0.641367972 0.925689161 -0.340609521
v -0.641442835 0.91934216 -0.337853998
v -0.642165065 0.91633296 -0.337853998
v -0.642879188 0.910333276 -0.338411361
v -0.643186212 0.904340029 -0.339280128
v -0.642965198 0.897995055 -0.336748451
v -0.64259553 0.892006755 -0.338133514
v -0.63743192 0.886092186 -0.343179643
v -0.641920328 0.879656494 -0.337048948
v -0.637574732 0.873698175 -0.341468215
v -0.635713398 0.867689312 -0.343995899
v -0.636311233 0.861645758 -0.344648331
v -0.639125586 0.858263969 -0.339234889
v -0.638296485 0.85223043 -0.340974182
v -0.638565481 0.846183896 -0.341877162
v -0.640018106 0.840131402 -0.341877162
v -0.640754282 0.833749235 -0.338601947
v -0.641546011 0.827695787 -0.339105994
v -0.642998636 0.821643293 -0.339105994
v -0.64290452 0.815258861 -0.336463988
v -0.642894924 0.812225878 -0.337025315
v -0.642117739 0.806146741 -0.338727266
v -0.634731948 0.799970806 -0.345476478
v -0.638660908 0.793620348 -0.339755297
v -0.637287021 0.787500799 -0.341914922
v -0.636219144 0.78137511 -0.343843102
v -0.637678683 0.775293887 -0.343843102
v -0.639207482 0.771971464 -0.339394212
v -0.638484061 0.765839934 -0.341058791
v -0.6399436 0.759758711 -0.341058791
v -0.641403079 0.753677547 -0.341058791
v -0.641478717 0.747264206 -0.338274509
v -0.642931223 0.741182745 -0.338279873
v -0.641781271 0.735007465 -0.340272307
v -0.64042908 0.728533506 -0.33857438
v -0.638320744 0.722299218 -0.341298163
v -0.633033633 0.715914011 -0.346451312
v -0.640475094 0.709798813 -0.338037461
v -0.63953054 0.706673741 -0.339315653
v -0.635309994 0.700300395 -0.343652964
v -0.636769116 0.694188118 -0.343658894
v -0.638592303 0.687834144 -0.339528412
v -0.638312042 0.681630433 -0.340860516
v -0.639778912 0.675518453 -0.340860516
v -0.641245842 0.669406533 -0.340860516
v -0.640588403 0.666016757 -0.338062137
v -0.642055273 0.659904778 -0.338062137
v -0.643522203 0.653792858 -0.338062137
v -0.64181143 0.647468746 -0.340488702
v -0.642468035 0.641055822 -0.337244481
v -0.640545607 0.634696782 -0.339831769
v -0.631994367 0.627836287 -0.347482532
v -0.636909842 0.621720493 -0.340978682
v -0.635879278 0.615389585 -0.342888325
v -0.63440448 0.609012127 -0.345139056
v -0.635879934 0.602864444 -0.345139056
v -0.635835171 0.599506259 -0.341854244
v -0.636694193 0.593307137 -0.342324317
v -0.638169646 0.587159455 -0.342324317
v -0.6396451 0.581011772 -0.342324317
v -0.639721572 0.574528337 -0.339509577
v -0.641197085 0.568380654 -0.339509577
v -0.642672539 0.562232971 -0.339509577
v -0.642570019 0.555731773 -0.336831331
v -0.643287122 0.552655697 -0.336847097
v -0.643611968 0.546389818 -0.337725252
v -0.63374126 0.539052963 -0.346389085
v -0.641277313 0.533337414 -0.337873548
v -0.635351419 0.526371062 -0.343522608
v -0.634984553 0.519990325 -0.344933987
v -0.635494828 0.513700902 -0.345676929
v -0.63737464 0.510564506 -0.340906322
v -0.636313498 0.50409162 -0.34284687
v -0.637796998 0.4979105 -0.34284687
v -0.639280498 0.491729349 -0.34284687
v -0.639357388 0.485210627 -0.340016812
v -0.640840888 0.479029506 -0.340016812
v -0.642324388 0.472848386 -0.340016812
v -0.642089605 0.466289043 -0.337424457
v -0.640872717 0.459749043 -0.339485019
v -0.63558507 0.452647865 -0.344655484
v -0.63081938 0.445587873 -0.349432677
v -0.637226999 0.443119019 -0.341189981
v -0.635436952 0.436457694 -0.343691438
v -0.633134484 0.429708451 -0.346586674
v -0.634626389 0.423492461 -0.346586674
v -0.635072708 0.416991353 -0.343459129
v -0.63619554 0.410721004 -0.343740642
v -0.637687445 0.404505044 -0.343740642
v -0.637387514 0.401113987 -0.340613484
v -0.638510644 0.394841582 -0.340894639
v -0.640002549 0.388625592 -0.340894639
v -0.641494393 0.382409632 -0.340894639
v -0.641571701 0.375854135 -0.338048637
v -0.643063605 0.369638175 -0.338048637
v -0.644555449 0.363422185 -0.338048637
v -0.643172085 0.356619895 -0.336316437
v -0.64443177 0.350360841 -0.336494178
v -0.639384985 0.343006462 -0.341485977
v -0.63578099 0.335875899 -0.345381171
v -0.638861775 0.333076298 -0.339660287
v -0.635987818 0.326055914 -0.342995077
v -0.635881722 0.319518 -0.344220489
v -0.637381732 0.313268006 -0.344220489
v -0.637459457 0.306676626 -0.34135887
v -0.638959527 0.300426632 -0.34135887
v -0.640459538 0.294176608 -0.34135887
v -0.640537262 0.287585258 -0.338497281
v -0.641287267 0.284460247 -0.338497281
v -0.642787337 0.278210253 -0.338497281
v -0.633901834 0.269895792 -0.346427649
v -0.636850834 0.263857752 -0.341366172
v -0.635485351 0.257007569 -0.343555599
v -0.636886477 0.250713289 -0.343635321
v -0.632154882 0.243142799 -0.348399371
v -0.638470054 0.237824574 -0.340763181
v -0.633741915 0.230225906 -0.345520943
v -0.635250807 0.223939136 -0.345520943
v -0.635585546 0.217364773 -0.342446834
v -0.636083424 0.214165628 -0.342642516
v -0.637592256 0.207878873 -0.342642516
v -0.639101148 0.201592103 -0.342642516
v -0.639179289 0.19496198 -0.339764118
v -0.640688181 0.18867521 -0.339764118
v -0.641144931 0.182146385 -0.34056735
v -0.641729057 0.175631389 -0.337302119
v -0.641841829 0.172337487 -0.337791651
v -0.640308559 0.165330261 -0.34011355
v -0.640565515 0.15873535 -0.341071099
v -0.638233185 0.151512459 -0.340025276
v -0.63584882 0.144261464 -0.342998683
v -0.63736397 0.137948647 -0.342998683
v -0.638879061 0.131635815 -0.342998683
v -0.638200045 0.128134608 -0.340108305
v -0.639715135 0.121821783 -0.340108305
v -0.641230226 0.115508959 -0.340108305
v -0.639052749 0.108251445 -0.342928529
v -0.640725315 0.101996712 -0.33881864
v -0.639099061 0.094860509 -0.341216892
v -0.634175837 0.086842753 -0.34613511
v -0.635060906 0.0803716481 -0.342618078
v -0.635775983 0.0738190562 -0.3432329
v -0.637297332 0.0674803108 -0.3432329
v -0.638818681 0.0611415654 -0.3432329
v -0.638136864 0.0576259866 -0.34033066
v -0.639658153 0.0512872413 -0.34033066
v -0.641179502 0.0449484959 -0.34033066
v -0.642700851 0.0386097506 -0.34033066
v -0.642779648 0.0319247991 -0.337428451
v -0.64314872 0.0252572522 -0.338307887
v -0.637087882 0.0167341381 -0.344098359
v -0.638079822 0.0136919096 -0.339909524
v -0.637929976 0.0068495553 -0.341187239
v -0.634302139 -0.00102217018 -0.345120877
v -0.635830879 -0.00739187468 -0.345120877
v -0.635910094 -0.0141094746 -0.342204481
v -0.637438893 -0.0204791799 -0.342204481
v -0.638967633 -0.0268488843 -0.342204481
v -0.639046848 -0.0335664824 -0.339288086
v -0.640575647 -0.0399361886 -0.339288086
v -0.642104387 -0.0463058911 -0.339288086
v -0.633619666 -0.0558075644 -0.346935391
v -0.636963785 -0.0580870286 -0.340934604
v -0.634466231 -0.0657448545 -0.344008744
v -0.636000395 -0.0721369609 -0.344008744
v -0.637534499 -0.0785290748 -0.344008744
v -0.637614012 -0.0852703005 -0.341082066
v -0.639148176 -0.0916624144 -0.341082066
v -0.64068228 -0.0980545208 -0.341082066
v -0.640761793 -0.104795754 -0.338155419
v -0.641528904 -0.107991807 -0.338155419
v -0.63718015 -0.116351068 -0.34264493
v -0.635878563 -0.123712555 -0.344812572
v -0.637252808 -0.130035371 -0.340889841
v -0.637497187 -0.136886135 -0.341876954
v -0.635791063 -0.144414261 -0.344354063
v -0.637331665 -0.150833249 -0.344354063
v -0.636641204 -0.15439333 -0.341415107
v -0.638181806 -0.160812333 -0.341415107
v -0.639722407 -0.167231321 -0.341415107
v -0.641263008 -0.173650309 -0.341415107
v -0.641342819 -0.180419892 -0.338476121
v -0.63746053 -0.188790083 -0.342614919
v -0.633544028 -0.19719927 -0.346784383
v -0.637391448 -0.202620983 -0.340961188
v -0.635170639 -0.210438251 -0.343834162
v -0.636717141 -0.216881797 -0.343834162
v -0.636797249 -0.223677248 -0.34088397
v -0.6375705 -0.226899013 -0.34088397
v -0.639117002 -0.233342543 -0.34088397
v -0.640663445 -0.239786074 -0.34088397
v -0.640743613 -0.24658154 -0.337933779
v -0.642290115 -0.253025085 -0.337933779
v -0.63759172 -0.261875659 -0.342700362
v -0.63676554 -0.269255042 -0.344514906
v -0.63754946 -0.272264063 -0.340427995
v -0.637621522 -0.279302627 -0.341555774
v -0.639172673 -0.285765678 -0.341555774
v -0.633423865 -0.295123309 -0.347130865
v -0.635820687 -0.301032841 -0.3423976
v -0.633617401 -0.309015334 -0.345264703
v -0.635173321 -0.315498233 -0.345264703
v -0.635253966 -0.322335184 -0.342296511
v -0.636809886 -0.328818053 -0.342296511
v -0.638365805 -0.335300952 -0.342296511
v -0.639921725 -0.341783822 -0.342296511
v -0.63922441 -0.345379353 -0.339328289
v -0.64078033 -0.351862222 -0.339328289
v -0.642336249 -0.358345091 -0.339328289
v -0.639999151 -0.366203278 -0.338203251
v -0.637114823 -0.374578804 -0.34159109
v -0.637638032 -0.381520271 -0.342382103
v -0.630224764 -0.391878933 -0.349234253
v -0.637476265 -0.392067492 -0.340185374
v -0.634619415 -0.400486112 -0.343555063
v -0.632653594 -0.408538401 -0.346248418
v -0.634218752 -0.415059716 -0.346248418
v -0.634299874 -0.421937227 -0.343262613
v -0.635865033 -0.428458542 -0.343262613
v -0.637430191 -0.434979856 -0.343262613
v -0.637511313 -0.441857368 -0.340276778
v -0.639076412 -0.448378682 -0.340276778
v -0.64064157 -0.454900026 -0.340276778
v -0.642206728 -0.461421341 -0.340276778
v -0.641505301 -0.46503818 -0.337290972
v -0.6430704 -0.471559495 -0.337290972
v -0.644635558 -0.478080809 -0.337290972
v -0.63806957 -0.488382518 -0.343500644
v -0.63815093 -0.4952797 -0.340506285
v -0.636939645 -0.503126442 -0.34262833
v -0.638283551 -0.509780169 -0.342801839
v -0.639200449 -0.516287804 -0.339167297
v -0.63915062 -0.519958019 -0.339804322
v -0.637380362 -0.528104603 -0.342354238
v -0.634376645 -0.536861956 -0.345848739
v -0.635437131 -0.543312132 -0.342096567
v -0.636033952 -0.550350666 -0.342842907
v -0.637609601 -0.55691576 -0.342842907
v -0.63918525 -0.563480794 -0.342842907
v -0.638479114 -0.567121923 -0.339837044
v -0.640054762 -0.573686957 -0.339837044
v -0.638601422 -0.581759751 -0.342149258
v -0.635693729 -0.590575814 -0.345574826
v -0.635775566 -0.597517729 -0.342561036
v -0.637355387 -0.604100108 -0.342561036
v -0.638935208 -0.610682487 -0.342561036
v -0.639017045 -0.617624402 -0.339547276
v -0.635939598 -0.626595974 -0.343100667
v -0.636791945 -0.633565485 -0.343657941
v -0.635969579 -0.641406715 -0.345495105
v -0.637665391 -0.643817961 -0.340638489
v -0.637170434 -0.651497245 -0.342223793
v -0.635649681 -0.659725487 -0.344593972
v -0.637178779 -0.665930629 -0.340465903
v -0.634725928 -0.674672544 -0.343545943
v -0.633120716 -0.682984412 -0.345982403
v -0.634709656 -0.68960464 -0.345982403
v -0.636201799 -0.692094862 -0.341270745
v -0.635586441 -0.699896574 -0.342951298
v -0.637175322 -0.706516802 -0.342951298
v -0.638764203 -0.713137031 -0.342951298
v -0.638846517 -0.720118821 -0.339920193
v -0.640435398 -0.726739049 -0.339920193
v -0.642024338 -0.733359277 -0.339920193
v -0.641718864 -0.740555942 -0.337184757
v -0.641804695 -0.748013914 -0.33833161
v -0.63875097 -0.757235825 -0.341876119
v -0.635787368 -0.76643163 -0.345355719
v -0.636972129 -0.772818565 -0.341472298
v -0.63666755 -0.776763678 -0.342312813
v -0.63826263 -0.783409715 -0.342312813
v -0.636989415 -0.791693687 -0.344503492
v -0.637315929 -0.798569918 -0.341271579
v -0.635437906 -0.807224095 -0.343923151
v -0.6334849 -0.815940082 -0.346634924
v -0.636705399 -0.821148932 -0.341189295
v -0.635646284 -0.825562418 -0.342606813
v -0.635968566 -0.832975686 -0.343581706
v -0.63756907 -0.839644253 -0.343581706
v -0.63765198 -0.846677005 -0.340528488
v -0.639252484 -0.853345573 -0.340528488
v -0.640852988 -0.860014141 -0.340528488
v -0.642453432 -0.866682649 -0.340528488
v -0.641006708 -0.870818555 -0.338031471
v -0.639793992 -0.879183471 -0.340178221
v -0.637402356 -0.888276696 -0.343227416
v -0.638813913 -0.894521117 -0.339153349
v -0.638771713 -0.902208686 -0.34040907
v -0.63671273 -0.911141098 -0.343205422
v -0.638319671 -0.917836607 -0.343205422
v -0.638402939 -0.92489785 -0.340139836
v -0.64000994 -0.931593418 -0.340139836
v -0.640604496 -0.93892014 -0.34091273
v -0.640024006 -0.946399391 -0.338352144
v -0.638856947 -0.950985551 -0.339855283
v -0.634368062 -0.961531341 -0.34450832
v -0.635198653 -0.968744516 -0.345105231
v -0.636152565 -0.975279033 -0.341364801
v -0.63689518 -0.982552171 -0.34202832
v -0.638508081 -0.989272475 -0.34202832
v -0.640120983 -0.99599278 -0.34202832
v -0.639398098 -0.999719977 -0.338951379
v -0.641011 -1.00644028 -0.338951379
v -0.639448106 -1.01522481 -0.34137553
v -0.633143067 -1.02712166 -0.34742415
v -0.639972508 -1.02981699 -0.339190543
v -0.63484621 -1.04098308 -0.344335228
v -0.63646543 -1.04772961 -0.344335228
v -0.636948407 -1.05457997 -0.340941995
v -0.638168514 -1.06159115 -0.341246337
v -0.639787734 -1.06833768 -0.341246337
v -0.641406894 -1.07508409 -0.341246337
v -0.640103996 -1.0792141 -0.338597566
v -0.638012648 -1.08846796 -0.341428727
v -0.636657953 -1.09724271 -0.343700796
v -0.638281286 -1.10400641 -0.343700796
v -0.637678504 -1.11160898 -0.341127962
v -0.636347651 -1.12040138 -0.343382835
v -0.635223687 -1.12906778 -0.34548229
v -0.634494543 -1.1328274 -0.342378527
v -0.63503325 -1.13571084 -0.338309884
v -0.636943638 -1.13694537 -0.32893461
v -0.636215866 -1.14069784 -0.325836778
v -0.634705663 -1.14034998 -0.318457901
v -0.638120532 -1.13659441 -0.307389438
v -0.636900067 -1.13998365 -0.300432593
v -0.635376215 -1.13964975 -0.293104589
v -0.633439541 -1.13960314 -0.286092162
v -0.62287122 -1.13765478 -0.284270495
v -0.614076316 -1.13907921 -0.285933256
v -0.611581922 -1.13616288 -0.282939643
v -0.601238608 -1.1339829 -0.280871838
v -0.604848206 -1.12690067 -0.273408234
v -0.577621877 -1.13613594 -0.283591837
v -0.591267586 -1.122944 -0.273075491
v -0.591866374 -1.11465812 -0.271456987
v -0.590239048 -1.10787773 -0.271456987
v -0.536514938 -1.13523412 -0.304973036
v -0.518724144 -1.13772821 -0.308026761
v -0.51339668 -1.13657832 -0.306954563
v -0.508602977 -1.13506603 -0.30548963
v -0.498022646 -1.13267303 -0.303245723
v -0.494873405 -1.1300565 -0.300583452
v -0.484045595 -1.12777781 -0.29846561
v -0.475071639 -1.12894654 -0.299912363
v -0.463340998 -1.13188863 -0.303284854
v -0.439885706 -1.13768208 -0.309934884
v -0.437435448 -1.13454235 -0.306707144
v -0.432534903 -1.12826264 -0.300251633
v -0.424366206 -1.12879062 -0.30100733
v -0.421261609 -1.12606061 -0.298225105
v -0.406328648 -1.12615001 -0.298689246
v -0.397569537 -1.12699282 -0.29978931
v -0.375558347 -1.13557458 -0.305604458
v -0.367852688 -1.13569415 -0.30591464
v -0.348146051 -1.13858712 -0.309416145
v -0.350708038 -1.13221025 -0.302679628
v -0.340445578 -1.12910986 -0.299680799
v -0.326167583 -1.13324523 -0.304352432
v -0.299384236 -1.14031065 -0.312391371
v -0.296463877 -1.13731897 -0.309330016
v -0.290409476 -1.13625944 -0.308366358
v -0.288616419 -1.12777603 -0.299529433
v -0.281404555 -1.1274091 -0.299318552
v -0.259344667 -1.13128686 -0.303907424
v -0.245157465 -1.13510728 -0.30824706
v -0.236145213 -1.1357547 -0.309141248
v -0.231323898 -1.13323653 -0.302791178
v -0.222575441 -1.12886846 -0.298424691
v -0.209859461 -1.13168418 -0.301665604
v -0.197885484 -1.13402569 -0.304393113
v -0.175223291 -1.1378597 -0.308930039
v -0.166793153 -1.1380136 -0.309286833
v -0.160989121 -1.13173008 -0.302848279
v -0.158394665 -1.12840545 -0.299430579
v -0.148073763 -1.1296289 -0.300950021
v -0.125063226 -1.13339579 -0.305424869
v -0.122448914 -1.13004565 -0.301981032
v -0.105970316 -1.12988615 -0.302196741
v -0.103347287 -1.12652493 -0.2987414
v -0.0937560573 -1.12719488 -0.299664885
v -0.0897842348 -1.12460196 -0.297044605
v -0.06495969 -1.13775933 -0.303463727
v -0.0621030666 -1.13824034 -0.296114564
v -0.0622267276 -1.13700497 -0.286924154
v -0.05019328 -1.13843429 -0.284681022
v -0.0381083041 -1.13552594 -0.281864524
v -0.0299492702 -1.13526404 -0.281735688
v -0.0328005925 -1.12872458 -0.274872631
v -0.00472269533 -1.1348089 -0.281706661
v -0.00111576123 -1.1319139 -0.278754473
v 0.0168292802 -1.1321435 -0.279310316
v 0.0213982612 -1.12976456 -0.27691263
v 0.0365871191 -1.13275349 -0.276277453
v 0.0539461598 -1.13747895 -0.281489998
v 0.039949242 -1.12090266 -0.272023469
v 0.0376966484 -1.11089182 -0.269571841
v 0.0395522714 -1.10316026 -0.269571841
v 0.120415784 -1.1375699 -0.307274222
v 0.126392141 -1.13581622 -0.305571139
v 0.135254413 -1.13562441 -0.305562347
v 0.158524171 -1.13819277 -0.308749139
v 0.161289379 -1.1346494 -0.305106521
v 0.173994407 -1.13141811 -0.302004933
v 0.196520984 -1.13845694 -0.309846818
v 0.213290438 -1.13728964 -0.308989763
v 0.217275053 -1.13434267 -0.305996627
v 0.217820972 -1.1295681 -0.301019579
v 0.226557627 -1.12407219 -0.295465976
v 0.238157943 -1.12512505 -0.296816945
v 0.267596364 -1.13499403 -0.303546399
v 0.270417184 -1.13137937 -0.299830526
v 0.282275289 -1.12738812 -0.295909643
v 0.294891387 -1.12885416 -0.297703236
v 0.316660672 -1.12991726 -0.299266785
v 0.342766881 -1.13826311 -0.308525711
v 0.347212553 -1.13540959 -0.305638492
v 0.352939308 -1.12807119 -0.2980946
v 0.360529423 -1.12681329 -0.296939164
v 0.399536908 -1.13635182 -0.307712287
v 0.406696826 -1.13480687 -0.306248039
v 0.408354372 -1.13047278 -0.30175668
v 0.425177902 -1.12859821 -0.3001495
v 0.447031349 -1.13437152 -0.306633413
v 0.455831736 -1.12837684 -0.300556719
v 0.475470692 -1.1329459 -0.305737078
v 0.49465993 -1.13675606 -0.305718184
v 0.503450513 -1.13587761 -0.304977506
v 0.513940692 -1.13058925 -0.29966858
v 0.533088505 -1.1347518 -0.304396331
v 0.543888271 -1.13479054 -0.304653019
v 0.569977105 -1.13698995 -0.307471067
v 0.57168299 -1.13685846 -0.298461795
v 0.574449718 -1.14202976 -0.290555477
v 0.574405611 -1.13674259 -0.285053313
v 0.586123288 -1.13716137 -0.285677314
v 0.601835132 -1.13420951 -0.282858104
v 0.600114644 -1.12811244 -0.276486218
v 0.600760102 -1.12316144 -0.2713449
v 0.612506151 -1.11872554 -0.271379232
v 0.614112556 -1.10990059 -0.271143556
v 0.612986922 -1.09978783 -0.26950711
v 0.607921124 -1.09306765 -0.271316439
v 0.625144243 -1.09203351 -0.28406173
v 0.627074778 -1.08334172 -0.283989787
v 0.62516588 -1.07286823 -0.281943202
v 0.610987782 -1.05674589 -0.273591578
v 0.618343115 -1.05016625 -0.271374345
v 0.616765678 -1.04467535 -0.270037681
v 0.609139919 -1.03209412 -0.26999855
v 0.629015803 -1.03202987 -0.284090519
v 0.631296515 -1.02351606 -0.284200579
v 0.63127172 -1.01396537 -0.283125907
v 0.606362164 -0.993302107 -0.269271851
v 0.615015924 -0.987687111 -0.272660643
v 0.609525383 -0.975785136 -0.268789023
v 0.606775641 -0.965512812 -0.2712349
v 0.629534602 -0.970781982 -0.282403529
v 0.625797987 -0.96004653 -0.284356803
v 0.627857149 -0.951466799 -0.284356803
v 0.608471215 -0.93361938 -0.27332741
v 0.616731882 -0.927385509 -0.271609396
v 0.614903986 -0.921890616 -0.270146489
v 0.616953194 -0.913352549 -0.270146489
v 0.609204412 -0.901016712 -0.270022869
v 0.627414882 -0.899668217 -0.283236593
v 0.630196273 -0.891413987 -0.283610374
v 0.63013649 -0.881970704 -0.2825239
v 0.613443315 -0.86563307 -0.272895902
v 0.61592567 -0.857296348 -0.273120821
v 0.616628587 -0.848227143 -0.272432476
v 0.616734505 -0.839246333 -0.276331425
v 0.630215108 -0.840061307 -0.282733709
v 0.62728107 -0.829822063 -0.2850793
v 0.629717529 -0.821443081 -0.285278916
v 0.601461351 -0.800772071 -0.269693077
v 0.613176286 -0.80049938 -0.270312339
v 0.618543327 -0.793329418 -0.272019267
v 0.60663867 -0.779625714 -0.269740939
v 0.605886519 -0.77035284 -0.273179263
v 0.588724673 -0.754100919 -0.258461148
v 0.599910021 -0.758177042 -0.259346932
v 0.618091881 -0.75542599 -0.257881761
v 0.625221908 -0.753270388 -0.256128818
v 0.602980196 -0.735458851 -0.243801177
v 0.604719937 -0.726919234 -0.243657142
v 0.617787421 -0.727025568 -0.244928941
v 0.608774543 -0.714659452 -0.244174197
v 0.597595513 -0.701517463 -0.242301941
v 0.594558775 -0.695535123 -0.235431388
v 0.606364131 -0.690281153 -0.230750978
v 0.620768011 -0.690804362 -0.232674226
v 0.625042617 -0.683203101 -0.233805493
v 0.626359463 -0.674505293 -0.233449683
v 0.628465712 -0.666098833 -0.233490601
v 0.630816162 -0.657780647 -0.233654082
v 0.63284111 -0.64934361 -0.233654082
v -0.129830405 -0.370173156 0.15720886
v -0.12909162 -0.373982459 0.160353556
v -0.13191472 -0.372588813 0.169592544
v -0.131130055 -0.376219034 0.176617652
v -0.130392909 -0.380019873 0.17975536
v -0.127273828 -0.380768478 0.18603079
v -0.127201796 -0.384135395 0.193391934
v -0.127362683 -0.38760668 0.196964681
v -0.131101251 -0.385857821 0.206556678
v -0.128811374 -0.390020609 0.212813526
v -0.126521483 -0.394183367 0.21907036
v -0.127074331 -0.39730227 0.226686373
v -0.128018618 -0.39675805 0.231003568
v -0.128295973 -0.399970472 0.238467649
v -0.126011461 -0.404123485 0.244709805
v -0.126744851 -0.403652608 0.248908013
v -0.126175523 -0.407168686 0.255950123
v -0.123053141 -0.407921135 0.262173891
v -0.101391017 -0.408079356 0.260545015
v -0.0990126356 -0.405031651 0.263678074
v -0.0832815915 -0.406861573 0.260642081
v -0.0728641003 -0.406531364 0.263960689
v -0.0712121874 -0.399648547 0.263960689
v -0.069362998 -0.392649263 0.267739117
v -0.0737859011 -0.383597881 0.270520061
v -0.0703423768 -0.377187639 0.273558497
v -0.0697505176 -0.373671174 0.273664534
v -0.0813962892 -0.362124264 0.279728681
v -0.0651958734 -0.360032499 0.280800909
v -0.0636338294 -0.360407412 0.283943683
v -0.0538631491 -0.359754145 0.287607729
v 0.0655351356 -0.401008278 0.24181962
v 0.0651191846 -0.404538125 0.245601788
v 0.0685384572 -0.405379027 0.25202632
v -0.254637659 -0.299174815 0.402280301
v -0.254717976 -0.305985689 0.405237168
v -0.255444884 -0.309231788 0.405215919
v -0.255270839 -0.316133469 0.40806067
v -0.255554885 -0.312188178 0.415729105
v -0.257786155 -0.311225682 0.420301229
v -0.255762309 -0.308111995 0.426933527
v -0.232928902 -0.319379658 0.423875928
v -0.237392679 -0.32113567 0.429073483
v -0.24121289 -0.319433123 0.437907398
v -0.238406911 -0.320091128 0.443877429
v -0.238657013 -0.316161305 0.451476544
v -0.236415431 -0.313288867 0.454429418
v -0.228525117 -0.312242717 0.458571136
v -0.218359932 -0.312150151 0.458195508
v -0.194423616 -0.327299058 0.45468381
v -0.193722516 -0.330913961 0.457668036
v -0.192320347 -0.338143796 0.463636518
v -0.191619247 -0.341758728 0.466620743
v -0.193018511 -0.347981185 0.473745495
v -0.194908291 -0.350658953 0.477793783
v -0.19487609 -0.354026496 0.481047422
v -0.193476483 -0.361243069 0.487004936
v -0.19277668 -0.364851326 0.489983678
v -0.191377074 -0.372067899 0.495941192
v -0.193691939 -0.374567598 0.500140369
v -0.195433989 -0.377272397 0.50410229
v -0.194036692 -0.384477019 0.510049939
v -0.193338051 -0.388079345 0.513023734
v -0.191940755 -0.395283967 0.518971384
v -0.191242114 -0.398886293 0.521945238
v -0.190950021 -0.405674428 0.528330505
v -0.190622136 -0.40913552 0.531449676
v -0.189923808 -0.412736237 0.534422159
v -0.188991696 -0.419760674 0.540549278
v -0.195339456 -0.420670003 0.546276569
v -0.196337804 -0.426936746 0.553138614
v -0.252919346 -0.408688486 0.574855447
v -0.254793257 -0.41491732 0.574990451
v -0.253979474 -0.421758741 0.581031561
v -0.254322588 -0.421409428 0.584635854
v -0.256152302 -0.423738122 0.591979563
v -0.192563429 -0.448098242 0.574600577
v -0.191171736 -0.455273986 0.580524385
v -0.192474246 -0.458076656 0.584244013
v -0.192165464 -0.461510062 0.587350368
v -0.191306636 -0.468470037 0.593469977
v -0.193668976 -0.47084108 0.597576678
v -0.192716092 -0.477829784 0.603652656
v -0.192021593 -0.481410682 0.606608808
v -0.19132711 -0.48499158 0.6095649
v -0.189938113 -0.492153376 0.615477204
v -0.191690177 -0.494746029 0.619334817
v -0.190302223 -0.501902521 0.62524271
v -0.191223934 -0.504823267 0.628787279
v -0.190642506 -0.511646748 0.634985268
v -0.191198736 -0.514710069 0.638390243
v -0.190505534 -0.518284321 0.641340911
v -0.189144984 -0.525422215 0.647251606
v -0.18712689 -0.52246058 0.650281787
v -0.127028599 -0.55029726 0.635524511
v -0.148488402 -0.544764519 0.64640826
v -0.16143243 -0.547065914 0.643455207
v -0.163690731 -0.549959779 0.64048034
v -0.179624245 -0.550694346 0.64215064
v -0.198554322 -0.546562433 0.645214915
v -0.210126549 -0.549298167 0.641898453
v -0.21235992 -0.552160025 0.638956428
v -0.239167899 -0.544573665 0.645007133
v -0.244541958 -0.549580395 0.642965496
v -0.257808059 -0.55145973 0.640394568
v -0.273911059 -0.548303127 0.642634213
v -0.2761105 -0.551121533 0.639736891
v -0.296174556 -0.549952865 0.639802456
v -0.311541528 -0.550481081 0.641582012
v -0.321045101 -0.55006808 0.641467333
v -0.332225144 -0.548901618 0.642002821
v -0.340560973 -0.552695572 0.637807667
v -0.364599109 -0.549214721 0.643007755
v -0.379633278 -0.546240568 0.645099998
v -0.38203764 -0.548869729 0.642377555
v -0.381480545 -0.555947304 0.64159596
v -0.381418258 -0.559392273 0.641287863
v -0.363989145 -0.574401021 0.630639017
v -0.379455596 -0.574870586 0.629272163
v -0.358814925 -0.588003337 0.617580295
v -0.363479972 -0.592787385 0.618812561
v -0.365298569 -0.598865926 0.618938565
v -0.368766248 -0.601038516 0.616596222
v -0.368843645 -0.607602656 0.619446039
v -0.368505329 -0.614679277 0.618732393
v -0.380107015 -0.615540624 0.629450381
v -0.379856825 -0.618785143 0.632451177
v -0.380928427 -0.62518245 0.632290006
v -0.382416934 -0.631384552 0.632290006
v -0.381749809 -0.634824336 0.635129631
v -0.359200984 -0.652801991 0.622437
v -0.364572942 -0.657203436 0.623936534
v -0.366482466 -0.66325134 0.624095678
v -0.368586868 -0.669203281 0.624330521
v -0.368432224 -0.676248074 0.623689294
v -0.367760301 -0.679712415 0.626549244
v -0.345973372 -0.696971595 0.620969296
v -0.35034591 -0.70257467 0.615209281
v -0.357315004 -0.703024149 0.614192545
v -0.364783525 -0.703215599 0.613382339
v -0.358024955 -0.714309037 0.603270233
v -0.362068027 -0.719340682 0.604266524
v -0.366488844 -0.72454381 0.601972342
v -0.367663532 -0.727475166 0.60213834
v -0.369564593 -0.733560681 0.602293551
v -0.369093448 -0.740464151 0.604953647
v -0.363590539 -0.749924898 0.605636835
v -0.37993744 -0.74475497 0.615193784
v -0.381498367 -0.747088253 0.618934095
v -0.3807666 -0.754487932 0.618060291
v -0.382269204 -0.760748625 0.618060291
v -0.361274153 -0.778630674 0.609249234
v -0.362787634 -0.784936726 0.609249234
v -0.368042648 -0.789696097 0.607268751
v -0.369540364 -0.796005189 0.607262969
v -0.368928254 -0.803013682 0.609877169
v -0.362679005 -0.813000321 0.610285759
v -0.379964203 -0.807003677 0.620192111
v -0.381507158 -0.809311032 0.62393111
v -0.382425666 -0.815898478 0.623702168
v -0.38230291 -0.823044956 0.623067141
v -0.359477729 -0.842381537 0.61357671
v -0.362740844 -0.847770035 0.614257336
v -0.3663674 -0.853387296 0.611623406
v -0.36868313 -0.85927707 0.611936033
v -0.368761748 -0.865944386 0.614830554
v -0.365884513 -0.874231219 0.616572678
v -0.382768363 -0.868099272 0.626300216
v -0.387313217 -0.868717611 0.631206453
v -0.383601725 -0.877881587 0.629181206
v -0.381958932 -0.885922372 0.627957106
v -0.359327823 -0.905664206 0.618579566
v -0.363335907 -0.910622776 0.619545102
v -0.366553992 -0.916477323 0.616739511
v -0.367962033 -0.922416687 0.620160341
v -0.369483531 -0.928756177 0.620160341
v -0.363557011 -0.938854039 0.620731294
v -0.382931918 -0.930960119 0.631406724
v -0.38225311 -0.934460282 0.634296238
v -0.382096112 -0.941728234 0.633650303
v -0.382837147 -0.948487759 0.633350909
v -0.382259518 -0.955527246 0.635989606
v -0.382627904 -0.954346895 0.643018186
v -0.381883353 -0.953809977 0.649608135
v -0.381715477 -0.952942193 0.656407237
v -0.379410118 -0.950202227 0.659248531
v -0.365921974 -0.95387429 0.657877982
v -0.354249477 -0.952871978 0.657501817
v -0.34993571 -0.947643399 0.659900844
v -0.335901767 -0.951527238 0.658394516
v -0.325831234 -0.94951272 0.65867424
v -0.323812127 -0.943404257 0.658493221
v -0.322280049 -0.937020779 0.658493221
v -0.325709641 -0.928330421 0.656876564
v -0.324713469 -0.925270796 0.656790614
v -0.255620569 -0.955900133 0.635194361
v -0.255389929 -0.95509702 0.6421628
v -0.254765034 -0.954513848 0.648974895
v -0.254568368 -0.95369494 0.655932844
v -0.252472222 -0.950713575 0.658964753
v -0.239046812 -0.9502877 0.658178508
v -0.228264987 -0.952059388 0.658089042
v -0.214835748 -0.951095402 0.660884798
v -0.214049786 -0.947820604 0.660884798
v -0.197080761 -0.949174345 0.65891844
v -0.197259992 -0.941647232 0.65954572
v -0.200308055 -0.93302983 0.657655597
v -0.199394897 -0.929813206 0.657610893
v -0.197818577 -0.92324543 0.657610893
v -0.12898083 -0.955385029 0.640510738
v -0.127061427 -0.955514729 0.647042274
v -0.127818584 -0.954218686 0.654508412
v -0.12016356 -0.953629851 0.659303963
v -0.106801637 -0.952714384 0.658813596
v -0.0972789377 -0.953518331 0.659398258
v -0.0882694349 -0.950237334 0.660455883
v -0.0773959607 -0.951707363 0.660607874
v -0.0695182234 -0.948215008 0.658456802
v -0.0691151842 -0.940809131 0.658876777
v -0.0735938698 -0.931308806 0.657350242
v -0.073402904 -0.923811734 0.657843232
v -0.382863134 -0.760441542 0.76797533
v -0.384542376 -0.751927853 0.775626123
v -0.383056551 -0.752309203 0.778401136
v -0.383798927 -0.744302332 0.785702527
v -0.380717754 -0.741688848 0.791452587
v -0.381064206 -0.737711072 0.795080543
v -0.38319391 -0.732837915 0.799297214
v -0.380948424 -0.729814351 0.805306375
v -0.382122308 -0.725439489 0.809187472
v -0.382054687 -0.721332908 0.815896451
v -0.385422051 -0.715517104 0.823709071
v -0.384038895 -0.712447524 0.826727211
v -0.385712743 -0.707502067 0.833955109
v -0.384778112 -0.704218805 0.837108433
v -0.382007211 -0.701495707 0.84288764
v -0.382545561 -0.693755984 0.849942744
v -0.381168514 -0.694086492 0.852713287
v -0.382847309 -0.685810924 0.86010021
v -0.382373929 -0.685699165 0.863147259
v -0.382721245 -0.678103983 0.870086968
v -0.383849621 -0.677213907 0.873621047
v -0.38503167 -0.669241786 0.880787134
v -0.384087831 -0.665674508 0.887061417
v -0.384607881 -0.661738753 0.890605688
v -0.383886427 -0.65807724 0.896928251
v -0.384736955 -0.653995514 0.900557816
v -0.382583797 -0.651033878 0.906432152
v -0.384044826 -0.646672666 0.910229504
v -0.381443053 -0.64393419 0.915957034
v -0.382975787 -0.639552712 0.919759512
v -0.382340699 -0.63588953 0.926050127
v -0.380767226 -0.632677257 0.932056665
v -0.381805539 -0.628552079 0.935688376
v -0.382260144 -0.624396563 0.9422611
v -0.382480353 -0.620671034 0.945641518
v -0.382725358 -0.613327205 0.952332258
v -0.381373584 -0.613651633 0.955051959
v -0.382243812 -0.606038094 0.961895287
v -0.382735938 -0.601912558 0.968414009
v -0.381495297 -0.598896444 0.971353114
v -0.380299479 -0.595564067 0.977384686
v -0.382383049 -0.591025293 0.981230974
v -0.380569935 -0.587989151 0.987074494
v -0.380183935 -0.584596217 0.990231454
v -0.379602402 -0.581006169 0.996395409
v -0.365145862 -0.580740154 0.995956004
v -0.363991231 -0.577981234 0.995836794
v -0.344197273 -0.579770684 0.997084558
v -0.342541546 -0.577218652 0.99683392
v -0.328896046 -0.576450229 0.996679842
v -0.321325868 -0.573209465 0.995053887
v -0.308798701 -0.571862221 0.9952268
v -0.291994423 -0.57235831 0.994297206
v -0.283624589 -0.572432041 0.995415568
v -0.267921418 -0.572356343 0.994824827
v -0.271937102 -0.567252934 0.996060908
v -0.244092703 -0.572122395 0.995496809
v -0.231427163 -0.570595384 0.995763958
v -0.232672766 -0.56668222 0.996273518
v -0.201831639 -0.572638392 0.995084524
v -0.203103244 -0.568695128 0.995597959
v -0.176719606 -0.572612822 0.995643973
v -0.175975233 -0.569511354 0.995643973
v -0.165387556 -0.566894591 0.996546149
v -0.135338396 -0.572167814 0.995806396
v -0.134834841 -0.568930984 0.995868504
v -0.122074597 -0.567108452 0.99628979
v -0.105557933 -0.570272088 0.995613456
v -0.0916737318 -0.568831682 0.995803654
v -0.0757909343 -0.568167865 0.995526016
v -0.0651043579 -0.568819046 0.996360362
v -0.0425554477 -0.570791781 0.99450779
v -0.0341370106 -0.570461094 0.995938361
v -0.0234336592 -0.567515612 0.997015774
v -0.00414045528 -0.56800127 0.996043026
v 0.0127604008 -0.571016192 0.995491147
v 0.0250085108 -0.568566799 0.996264935
v 0.0436834954 -0.572217107 0.995345652
v 0.0515920743 -0.567962646 0.99719137
v 0.0726009905 -0.572461724 0.995777428
v 0.0876126662 -0.570939183 0.99599278
v 0.104257286 -0.57000649 0.995851994
v 0.121656753 -0.572950304 0.995378554
v 0.131291449 -0.569192231 0.99691689
v 0.152744621 -0.569973767 0.995747149
v 0.166972533 -0.571574092 0.996086895
v 0.183805197 -0.57046479 0.996040344
v 0.20114094 -0.569490731 0.995907903
v 0.212490425 -0.569892943 0.996974468
v 0.231930345 -0.569622517 0.996420681
v 0.25267759 -0.57351321 0.9954229
v 0.268259495 -0.571674466 0.995798588
v 0.315797031 -0.585493207 0.988914549
v 0.319799662 -0.582773685 0.995287359
v 0.329921871 -0.578740954 0.996967614
v 0.342475772 -0.579381287 0.99794805
v 0.362574935 -0.578961074 0.997491479
v 0.366622776 -0.576625884 0.996795118
v 0.377210736 -0.572845459 0.994862139
v 0.349505842 -0.555139601 1.00124264
v 0.365533084 -0.553134024 1.00168633
v 0.367797941 -0.550139606 1.00137889
v 0.202814251 0.921870172 0.111346565
v -0.174339563 0.906704128 0.290158749
v 0.00738063315 0.907994211 0.197727859
v 0.00122690538 0.90864867 0.193188697
v -0.00734033808 0.909252107 0.189802811
v -0.0129542882 0.909914374 0.185039639
v 0.194524452 0.91850847 0.0791381076
v 0.213508189 0.921982408 0.0744481608
v 0.1917606 0.924523056 0.089107126
v 0.194918782 0.923765123 0.0954612494
v 0.198076978 0.923007131 0.101815373
v 0.20123516 0.922249138 0.108169504
v -0.231666043 0.745501459 0.368938029
v -0.231742412 0.739026606 0.371749043
v 0.30079487 0.719983757 0.124267414
v 0.305490345 0.720519483 0.114115871
v 0.432851404 0.720671833 0.0526316762
v 0.436917275 0.728015542 0.0515928157
v -0.232010514 0.752584934 0.359430343
v -0.23158969 0.751976311 0.366127014
v -0.230929285 0.748571217 0.368938029
v -0.235173836 0.488962024 0.495411485
v -0.20437403 0.479315758 0.482128143
v -0.206524625 0.476559937 0.479295135
v -0.208936915 0.474014997 0.473153472
v -0.187313989 0.468783647 0.456981361
v -0.184029728 0.46859923 0.452158749
v 0.246676177 0.420930952 0.264239907
v 0.249909237 0.427828401 0.26359418
v 0.250704527 0.434994191 0.26397261
v 0.246125996 0.442940295 0.26270017
v 0.237781927 0.444037259 0.262310326
v 0.250657231 0.443110615 0.249042064
v 0.24977769 0.443636924 0.241565347
v 0.233459771 0.442170829 0.240324944
v 0.241060883 0.441794455 0.229210064
v 0.242957667 0.442025155 0.220515981
v 0.122665368 0.458711803 0.265248686
v 0.11617025 0.463116288 0.264612526
v 0.117814884 0.469968766 0.264612526
v 0.107382432 0.477811038 0.273666859
v 0.252069414 0.466745287 0.21520631
v 0.253812522 0.46611768 0.22234486
v 0.252591133 0.465784967 0.230747536
v 0.255727172 0.465019822 0.237273365
v 0.257220089 0.464418381 0.244496047
v 0.254851669 0.467821836 0.253700137
v 0.255491644 0.467304468 0.261256635
v 0.263620526 0.466046333 0.265672207
v -0.230774432 0.514598191 0.47910288
v -0.235961154 0.511779964 0.484338909
v -0.235680446 0.505282819 0.486995965
v -0.235021427 0.501884818 0.489801139
v -0.235097632 0.495423436 0.492606312
v -0.235832855 0.492360026 0.492606312
v 0.206417054 -0.0514224358 0.341202676
v -0.0147235105 -0.00531417783 0.429896325
v -0.0494734533 -0.000397547788 0.439974874
v -0.0574418716 -0.00197214633 0.435596883
v -0.0708806813 -0.00218612957 0.437116772
v -0.100859322 0.00169229112 0.441831827
v -0.194680929 0.0315693207 0.477503955
v -0.195986032 0.0352525823 0.474843949
v -0.19597958 0.0419855006 0.471958637
v 0.18490921 -0.0425026231 0.319020122
v 0.186524287 -0.0428902544 0.322269619
v 0.206130549 -0.0475875027 0.322067231
v 0.208063006 -0.0518216155 0.324855298
v 0.208830059 -0.0557766147 0.328120291
v 0.204797834 -0.0510338135 0.337944865
v 0.19786346 0.00663748756 0.369196892
v 0.192830846 0.000317167607 0.37438944
v 0.228910565 -0.0153789204 0.355501175
v 0.242380649 -0.0146592557 0.342637897
v 0.241780743 -0.0107293585 0.339293748
v 0.241011038 -0.0067606885 0.336017489
v 0.245366976 -0.000196803478 0.334958196
v 0.191015854 0.0193983819 0.361329854
v 0.193378612 0.0151031287 0.367785811
v 0.194136962 0.0111929402 0.37101382
v 0.129952937 -0.173868775 0.386154979
v 0.147419855 -0.186267108 0.378489465
v 0.183367044 -0.192719772 0.356624842
v 0.177638099 -0.191178396 0.355022639
v 0.182834551 -0.185100734 0.349701464
v 0.180030674 -0.180585653 0.347266734
v 0.132107303 -0.159744725 0.371231407
v 0.13011691 -0.162820444 0.379403591
v 0.130040109 -0.16647777 0.382946223
v 0.130793944 -0.170364663 0.386154979
v 0.204532877 -0.0247900616 0.383229941
v 0.108283415 -0.00959695037 0.420391083
v 0.0668727383 -0.00343906973 0.432615906
v 0.045981776 -0.00565582048 0.432780921
v 0.0560257509 -0.00804879051 0.425069511
v 0.221736208 -0.0400293469 0.352066368
v 0.187787011 -0.0245530605 0.370173454
v 0.189392343 -0.0249383468 0.373403281
v 0.190212607 -0.0214262027 0.381141335
v 0.195054844 -0.022567058 0.383092791
v -0.30104506 -0.155788124 0.566401541
v -0.210857183 -0.190636113 0.533425331
v -0.203624636 -0.1965601 0.523232341
v -0.206528619 -0.199307352 0.517058074
v -0.205853552 -0.199631035 0.513268411
v -0.211088642 -0.201643586 0.50802815
v -0.207528695 -0.202996626 0.499530107
v -0.148290545 -0.218487859 0.468559474
v -0.147506073 -0.215219289 0.468559474
v -0.14729014 -0.211992338 0.461584806
v -0.149754658 -0.207921639 0.455706716
v -0.152659237 -0.203607038 0.45362246
v -0.134185657 -0.206051007 0.439043045
v -0.134893164 -0.202403009 0.43603152
v -0.135339558 -0.195405275 0.429602772
v -0.131215826 -0.193239033 0.424562097
v -0.152786523 -0.179689869 0.430654377
v -0.145515665 -0.17496255 0.424626172
v -0.146221355 -0.17132397 0.421622425
v -0.146427467 -0.167835623 0.418407083
v -0.148626432 -0.163838133 0.412398636
v -0.156334266 -0.158195093 0.408746421
v -0.136634395 -0.160636023 0.396999806
v -0.136995673 -0.153637677 0.390509516
v -0.136792973 -0.150249794 0.387097359
v -0.14357993 -0.141364366 0.383386552
v -0.14748019 -0.13670513 0.385420054
v -0.147398412 -0.129771173 0.382409722
v -0.144768015 -0.127087131 0.377946109
v -0.0689072385 -0.141770616 0.345616728
v -0.0718342885 -0.133752495 0.347592473
v -0.0702218041 -0.127033949 0.347592473
v -0.0625323951 -0.121955603 0.348696947
v 0.0612517223 -0.152830303 0.299272746
v 0.0873929486 -0.167545751 0.291146249
v 0.0774636418 -0.172091842 0.302484453
v 0.0790553987 -0.172473878 0.30568701
v 0.0813995451 -0.176735282 0.312092096
v -0.294598013 -0.0698200837 0.479318708
v -0.293925434 -0.0732879788 0.482181579
v -0.295010179 -0.0795262605 0.488930702
v -0.294338107 -0.0829915181 0.491791397
v -0.294551164 -0.0894702673 0.498164028
v -0.296124905 -0.0922800824 0.501960218
v -0.294365644 -0.0959850326 0.507812679
v -0.293967009 -0.0993659049 0.510782599
v -0.292633504 -0.106284291 0.516499698
v -0.292229116 -0.109665744 0.519466102
v -0.293334484 -0.112597883 0.523051441
v -0.296628445 -0.118127115 0.530654013
v -0.295958698 -0.12158037 0.533504784
v -0.294619232 -0.128486872 0.539206326
v -0.293949485 -0.131940126 0.542057097
v -0.292610019 -0.138846636 0.547758639
v -0.29307726 -0.141951516 0.551065922
v -0.292407751 -0.145403549 0.553915679
v -0.307852 -0.147211924 0.562906444
v -0.299387366 -0.153268099 0.555814981
v -0.300683558 -0.156102866 0.559445977
v -0.301563919 -0.155727491 0.563204408
v -0.18852593 -0.301825911 0.518871546
v -0.188606367 -0.308645487 0.521832228
v -0.139043316 -0.333130747 0.497894853
v -0.138211608 -0.33002311 0.494271845
v -0.136002988 -0.323987246 0.486797631
v -0.221353933 -0.29110989 0.517881811
v -0.259239286 -0.271017641 0.537235796
v -0.188763902 -0.298396975 0.515728116
v 0.210333318 0.508942902 0.484584957
v -0.0761848465 0.527982593 0.588567078
v -0.0709910467 0.527939081 0.579862177
v -0.0700988099 0.528286755 0.572712302
v -0.0729666352 0.52897507 0.566942394
v -0.0682785138 0.528981745 0.558354259
v -0.0808384866 0.527113318 0.559340119
v -0.0824918747 0.527690768 0.553119123
v -0.0956807286 0.529316425 0.55125463
v -0.113549575 0.528169692 0.550925374
v -0.125795469 0.526526392 0.548506498
v -0.127214715 0.526866972 0.545651019
v -0.129005507 0.520658135 0.545763791
v -0.127636343 0.513942242 0.548065424
v -0.129133672 0.507703543 0.548065424
v -0.196901053 0.508486748 0.566772878
v -0.198293954 0.508821011 0.563970447
v -0.198750779 0.506120622 0.55717653
v -0.20088017 0.503391981 0.554371476
v -0.191561669 0.499682069 0.543735564
v -0.194476604 0.497214377 0.537858605
v -0.209443599 0.496000826 0.536746979
v -0.202151015 0.495431364 0.530494392
v -0.216603786 0.497314602 0.529512823
v -0.224257275 0.504754186 0.526442289
v -0.219101623 0.507364094 0.524671376
v -0.219025493 0.513819516 0.521868765
v -0.221901581 0.517431736 0.519958258
v -0.21960777 0.523669839 0.516263604
v -0.221568346 0.53031683 0.514283776
v -0.225850642 0.53404671 0.512950361
v -0.225844041 0.540083349 0.516898811
v -0.225891709 0.543414474 0.513857067
v -0.222309873 0.543508887 0.505678535
v -0.219514668 0.546594858 0.501469672
v -0.219438478 0.553054094 0.498665422
v -0.219362304 0.55951333 0.495861202
v -0.220160365 0.562921882 0.493114114
v -0.22008419 0.56938082 0.490309983
v -0.220008016 0.575839758 0.487505883
v -0.219273061 0.578902006 0.487505883
v 0.283751845 0.546302497 0.281028867
v 0.172520086 0.558125377 0.33093679
v 0.296034604 0.556172967 0.277021855
v 0.297072977 0.563302219 0.277293742
v 0.292649001 0.570814252 0.279810548
v 0.162266299 0.583217323 0.337498695
v 0.162745357 0.590383768 0.334213912
v 0.312054783 0.584442914 0.265401155
v 0.312907368 0.587995231 0.265401155
v 0.173594475 0.604090691 0.32356292
v 0.169500753 0.61073339 0.33345753
v 0.168766648 0.614518523 0.330332786
v 0.28897664 0.611050844 0.277370274
v 0.298075855 0.617378712 0.278214246
v 0.300019205 0.624425888 0.278112143
v 0.294048578 0.632202208 0.277372122
v 0.290357828 0.63596952 0.279238671
v 0.299182713 0.642947018 0.27241236
v 0.310331464 0.64984405 0.264611304
v 0.31404686 0.656826973 0.263778627
v 0.313736081 0.664001346 0.264608532
v 0.281090915 0.672583699 0.27877757
v 0.291645974 0.675359666 0.278649747
v 0.296751142 0.682249367 0.277244091
v 0.29843989 0.689285755 0.277244091
v 0.296975225 0.696439743 0.278539836
v 0.289467961 0.704122663 0.278447866
v 0.313010812 0.707180321 0.265208572
v 0.308218151 0.714785457 0.263993531
v 0.301758498 0.718875468 0.263127267
v 0.292091578 0.71984601 0.259370297
v 0.308767438 0.71999824 0.244614154
v 0.258947074 0.718689024 0.257392585
v 0.265105397 0.718825102 0.250928789
v 0.263329685 0.719545007 0.243925512
v 0.303094417 0.718965292 0.219225734
v 0.305958003 0.719549179 0.210139364
v 0.304909825 0.720256269 0.202709854
v 0.260395259 0.718766093 0.21368894
v 0.258472204 0.719492674 0.206709802
v -0.219583064 0.738234937 0.407812238
v -0.22080563 0.741650999 0.405252069
v -0.220579132 0.748110056 0.402380288
v -0.220502898 0.754573524 0.39957422
v -0.221162125 0.757972658 0.396768153
v -0.221029803 0.764434874 0.393937349
v -0.211198926 0.770085394 0.393682569
v -0.219441772 0.773026049 0.401043296
v -0.22149989 0.776447892 0.398854852
v -0.225767016 0.780215323 0.394228756
v -0.220814586 0.783514202 0.388947815
v 0.195662677 0.783190429 0.209368661
v 0.203518227 0.782366037 0.213618353
v 0.197660863 0.785205901 0.224238411
v 0.200797185 0.784453154 0.230548561
v 0.204173341 0.783696949 0.236754969
v 0.225120082 0.782680452 0.235399082
v 0.229102701 0.785386384 0.241740018
v 0.243311688 0.784829319 0.239512935
v 0.245461613 0.791771531 0.239306957
v -0.199547708 0.802738965 0.436766237
v -0.198156521 0.802405119 0.439565241
v -0.195374131 0.801737309 0.44516331
v -0.192591727 0.801069498 0.450761348
v -0.189809337 0.800401747 0.456359416
v -0.205139846 0.802989662 0.469787806
v -0.200999573 0.802310944 0.474785984
v -0.197734654 0.801641226 0.480149865
v -0.190058753 0.800922215 0.483710051
v -0.182657242 0.800204396 0.487401992
v -0.207680658 0.802890301 0.504548669
v 0.212234512 0.794310451 0.341561228
v 0.212967709 0.790529966 0.344682097
v 0.212670267 0.786763728 0.348216712
v 0.213616118 0.779560983 0.350923866
v 0.214899108 0.772348225 0.353497952
v 0.211548001 0.76522094 0.357923001
v 0.209613502 0.761837423 0.358368695
v 0.207978889 0.755026698 0.358368695
v 0.224186629 0.750887692 0.355323672
v 0.21376662 0.747032106 0.366624773
v 0.213719696 0.743271828 0.370053887
v 0.21577841 0.736026406 0.372328103
v 0.213303238 0.732336104 0.376713037
v 0.213268414 0.725150049 0.379812539
v 0.213183686 0.717965424 0.382931709
v 0.212374911 0.714238465 0.386653751
v 0.212290198 0.70705682 0.38977161
v 0.213473827 0.699827969 0.392395556
v 0.212929472 0.69641155 0.392289191
v 0.21562393 0.689115465 0.394328147
v 0.214310318 0.681670189 0.401646644
v 0.213492796 0.678263903 0.401646644
v 0.213408053 0.671079278 0.404765815
v 0.214140847 0.66730094 0.407884955
v 0.214013219 0.660118341 0.411020607
v 0.214443475 0.656354845 0.414255708
v 0.214358747 0.649170876 0.417374581
v 0.214274019 0.641986907 0.420493454
v 0.214189291 0.634802938 0.423612326
v 0.214922011 0.631024957 0.426731169
v 0.214837283 0.623840988 0.429850042
v 0.214019835 0.620434999 0.429850042
v 0.213935107 0.61325103 0.432968915
v 0.213850379 0.606067061 0.436087787
v 0.214583099 0.602289081 0.43920666
v 0.214498371 0.595105112 0.442325503
v 0.214737356 0.591359913 0.445629478
v 0.215146363 0.584143162 0.448563248
v 0.21456793 0.576993942 0.451866388
v 0.213755101 0.573326707 0.455560267
v 0.213670418 0.566146731 0.458677411
v 0.213585734 0.558966696 0.461794555
v 0.213905215 0.55547601 0.46137321
v 0.214233369 0.548010767 0.468028873
v 0.213416383 0.544606686 0.468028873
v 0.213331699 0.537426651 0.471146017
v 0.213200703 0.53025049 0.474280179
v 0.212073937 0.523639798 0.470405251
v 0.211256489 0.52023387 0.470405251
v 0.209686145 0.519890964 0.478355139
v 0.210417941 0.516117752 0.481470048
v 0.211149737 0.512344539 0.484584957
v -0.134672821 0.620542109 0.624061584
v -0.191462904 0.617857993 0.647281945
v -0.186201528 0.611373425 0.644866526
v -0.138230547 0.601859152 0.627062082
v 0.224783257 0.56967032 0.492022574
v 0.224052131 0.573440135 0.488910466
v 0.225058421 0.58054477 0.485463619
v 0.221889585 0.584481776 0.483238131
v 0.224038422 0.591510475 0.479374021
v 0.224624828 0.598647594 0.476077914
v 0.224709392 0.605818033 0.472964942
v 0.226810217 0.609138608 0.472494066
v 0.22357887 0.616788149 0.466917127
v 0.225200504 0.620140076 0.466620386
v 0.225684583 0.62728852 0.463359714
v 0.225769177 0.63446033 0.460246116
v 0.224412769 0.638265491 0.457364202
v 0.224497348 0.645436108 0.45425114
v 0.223420411 0.649224639 0.451266795
v 0.223850548 0.656377733 0.448024988
v 0.223935127 0.66354835 0.444911927
v 0.222380087 0.667357147 0.442107797
v 0.222515464 0.67452389 0.438976318
v 0.223372906 0.681660593 0.435572714
v 0.225183487 0.685019314 0.435198039
v 0.226522893 0.692142725 0.431610465
v 0.224536523 0.69596386 0.428970248
v 0.225875705 0.703090966 0.425380528
v 0.225960329 0.710265934 0.422265589
v 0.224924281 0.714049339 0.419266522
v 0.225172982 0.721218526 0.416089177
v 0.222984731 0.725035846 0.41353178
v 0.223307431 0.73220098 0.410326838
v 0.223945975 0.739358664 0.407000065
v 0.221023545 0.743186891 0.404729903
v 0.222517923 0.750322878 0.401073068
v 0.224047914 0.757463574 0.397400141
v 0.22539939 0.760854065 0.397193134
v 0.229357511 0.767957211 0.392576069
v 0.223271742 0.771142244 0.398962766
v 0.224775687 0.777940035 0.39901185
v 0.214720383 0.778792977 0.395493716
v 0.229640618 0.785739005 0.386612922
v 0.222831756 0.793356597 0.382467061
v -0.186313629 0.800959766 0.546078205
v -0.183561444 0.800299227 0.551615477
v -0.194356978 0.803127706 0.559374571
v -0.191615522 0.80246973 0.564890265
v -0.127279833 0.798065841 0.546536028
v -0.128752768 0.791928709 0.546536028
v -0.127558276 0.78543669 0.548860013
v -0.131801963 0.784876704 0.557159126
v -0.131382689 0.784245133 0.563665807
v -0.128596216 0.783576369 0.569272041
v -0.125809759 0.782907605 0.574878275
v -0.137685001 0.785539508 0.586218059
v -0.13629815 0.785206616 0.589008331
v -0.133524418 0.784540951 0.594588935
v -0.130750701 0.783875227 0.600169539
v -0.127976969 0.783209503 0.605750144
v -0.128154173 0.785647929 0.61266917
v -0.123326898 0.784950733 0.617500186
v -0.127472237 0.781652391 0.622020245
v -0.128932104 0.775569737 0.622020245
v -0.189097479 0.77038002 0.646434605
v -0.188856199 0.764368832 0.645831406
v -0.131927505 0.756989479 0.624805272
v -0.128869802 0.75079 0.623176992
v -0.12617512 0.744584143 0.621678293
v -0.126710087 0.738458335 0.621343255
v -0.190763086 0.737048864 0.647420764
v -0.189128101 0.730966806 0.646315277
v -0.137621999 0.723170102 0.62724787
v -0.131373733 0.716808259 0.624470472
v -0.13191013 0.710674822 0.624136209
v -0.133374184 0.704574764 0.624136209
v -0.192067444 0.700578272 0.648019373
v -0.188797161 0.694380343 0.646324456
v -0.190083742 0.688371241 0.646269023
v -0.137842208 0.67984128 0.626929164
v -0.132381618 0.673402429 0.624433339
v -0.132925734 0.667242885 0.624100566
v -0.133732662 0.661093771 0.623862267
v -0.19082047 0.657753289 0.647181571
v -0.187997356 0.65150106 0.645645499
v -0.137761652 0.642472267 0.627028823
v -0.131536216 0.635896385 0.624256432
v -0.133006915 0.62976867 0.624256432
v -0.133937344 0.623606443 0.624061584
v -0.187009603 -0.349081457 0.563484848
v -0.188616931 -0.355332315 0.567024469
v -0.133990422 -0.375433177 0.538897395
v -0.135483235 -0.375074923 0.535893917
v -0.135899499 -0.368156135 0.529499829
v -0.134291649 -0.365169287 0.529180706
v -0.188399896 -0.338766009 0.550832033
v -0.186022297 -0.342774987 0.556659579
v -0.187703431 -0.345503986 0.560531557
v 0.19481793 -0.237740383 0.532897115
v 0.193873316 -0.244884342 0.536410093
v 0.232695475 -0.263970435 0.518313944
v 0.248175085 -0.264916509 0.505471408
v 0.250006527 -0.261728227 0.501282811
v 0.249239549 -0.257773578 0.498018146
v 0.241282105 -0.247912928 0.497636467
v 0.190995395 -0.225699514 0.520040631
v 0.194086954 -0.230186895 0.526199162
v 0.194905162 -0.230344504 0.529686213
v 0.192926154 -0.233439073 0.533862472
v 0.132024124 -0.442512155 0.563609481
v 0.108974271 -0.441697985 0.574837565
v 0.118395977 -0.449183255 0.56377703
v 0.106464572 -0.448874503 0.563957274
v 0.087048538 -0.44979459 0.562800705
v 0.0772641152 -0.450202942 0.562274277
v 0.0640584752 -0.453089297 0.562693596
v -0.0679375455 -0.41234839 0.609363198
v -0.152819857 -0.385040432 0.635994256
v -0.132150456 -0.389450163 0.621834278
v -0.132849813 -0.385844231 0.618857443
v -0.129083782 -0.380504161 0.611023545
v -0.129526421 -0.376985848 0.607948005
v -0.153446466 -0.361668289 0.610248148
v -0.15059863 -0.359176427 0.60948813
v -0.146376789 -0.353826046 0.605001688
v -0.14707388 -0.350231797 0.602034569
v -0.151168212 -0.345602334 0.596812963
v -0.151391119 -0.342344761 0.590156019
v -0.152088195 -0.338750482 0.58718884
v -0.134330168 -0.341806889 0.573766232
v -0.135031417 -0.338191152 0.570781291
v -0.136433914 -0.330959678 0.564811468
v -0.137135163 -0.327343911 0.561826587
v -0.15243201 -0.315157205 0.564692795
v -0.146667257 -0.310264796 0.559553862
v -0.147366479 -0.30665952 0.556577563
v -0.148301929 -0.302973598 0.553691804
v -0.302509546 -0.243635803 0.613370955
v -0.302749485 -0.243274882 0.620211899
v -0.316319078 -0.238395274 0.632090509
v -0.315583169 -0.235177174 0.635441363
v -0.316925585 -0.231126562 0.642913163
v -0.241188228 -0.256358445 0.621302485
v -0.240014881 -0.253217906 0.624558568
v -0.23614046 -0.254244596 0.629940093
v 0.128709331 -0.380142182 0.502131104
v 0.130212858 -0.387894601 0.508530974
v 0.130964622 -0.39177081 0.511730909
v 0.1301236 -0.395104647 0.515511215
v 0.122194245 -0.399623036 0.525327086
v 0.122943722 -0.403487444 0.528517246
v 0.125278816 -0.407732427 0.534897685
v 0.126028299 -0.411596835 0.538087845
v 0.127527252 -0.41932565 0.544468284
v 0.128276736 -0.423190057 0.547658443
v 0.129775688 -0.430918902 0.554038882
v 0.130525172 -0.43478331 0.557229042
v 0.131274641 -0.438647717 0.560419261
v 0.194595143 -0.217753917 0.594357312
v 0.194508612 -0.225090146 0.597542286
v 0.218729988 -0.239646673 0.585101128
v 0.240541458 -0.242291883 0.574268878
v 0.247330502 -0.240636662 0.56470257
v 0.247084707 -0.236864462 0.561291099
v 0.24669829 -0.229273796 0.558216512
v 0.190479413 -0.205718115 0.581715465
v 0.192810506 -0.209955797 0.588084936
v 0.191198438 -0.209426969 0.592347801
v 0.191945985 -0.213281393 0.595529795
v 0.271577567 -0.171681553 0.581136525
v 0.246518478 -0.172384456 0.592671931
v 0.237368107 -0.173740238 0.587953925
v 0.23135376 -0.175939634 0.582201838
v 0.237205669 -0.177585155 0.576480329
v 0.233167917 -0.180328518 0.57005161
v 0.253695101 -0.18604818 0.555517733
v 0.23664704 -0.185189977 0.557284474
v 0.253928423 -0.190043896 0.543777347
v 0.248406351 -0.192409009 0.537801147
v 0.243837014 -0.195034593 0.531498551
v 0.249778897 -0.196795881 0.52180618
v 0.240108341 -0.19795306 0.521097541
v 0.245103553 -0.199461266 0.511707723
v 0.235278919 -0.200631246 0.50726074
v 0.229167119 -0.202827826 0.501507401
v 0.234214291 -0.20430389 0.495873839
v 0.228363335 -0.206576407 0.490022808
v 0.226058975 -0.209844872 0.482889295
v 0.245307803 -0.215406477 0.468175113
v 0.229599431 -0.214840159 0.469763517
v 0.250965238 -0.221025363 0.454177409
v 0.244196758 -0.223067373 0.448610812
v 0.238898158 -0.225522831 0.442506969
v 0.238457829 -0.225470662 0.43879053
v 0.174294308 -0.207320482 0.455173016
v 0.171093524 -0.206552267 0.448733181
v 0.188290715 -0.204049975 0.435175061
v 0.188381091 -0.200369686 0.43161422
v 0.186925188 -0.192545414 0.425114989
v 0.171719149 -0.184591502 0.42742911
v 0.171806753 -0.177164316 0.424204648
v 0.172651872 -0.173643053 0.424204648
v 0.171136826 -0.165831223 0.417755723
v 0.168042064 -0.161340058 0.411592543
v 0.165705919 -0.160755083 0.408654958
v 0.185904548 -0.162604243 0.39336428
v 0.185816079 -0.158858344 0.389856547
v 0.184437022 -0.151039019 0.383311957
v 0.183126599 -0.146962702 0.380285263
v 0.159802884 -0.133264393 0.386331886
v 0.17117548 -0.1288203 0.378621429
v 0.170416042 -0.124904521 0.375388831
v 0.17060107 -0.121236138 0.371778816
v 0.168234318 -0.116933644 0.36531195
v 0.184711725 -0.117529169 0.3512384
v 0.183118746 -0.113377452 0.348323911
v -0.109460533 -0.0306677632 0.470933378
v -0.10570731 -0.0281177126 0.476909101
v -0.103177726 -0.0287413262 0.479479015
v -0.0965388194 -0.026925372 0.484308809
v -0.0440664515 -0.0332375988 0.467697799
v -0.0433808602 -0.0298605077 0.475000829
v -0.0418738239 -0.0302222054 0.478032947
v -0.0353212319 -0.0283221565 0.483023673
v 0.0177764855 -0.0344871841 0.466558635
v 0.0192259438 -0.0312729366 0.469982117
v 0.0217716135 -0.0283207409 0.476647824
v 0.0233006943 -0.0286877286 0.479724258
v 0.03216362 -0.0272894967 0.48396042
v 0.0810065269 -0.0320570655 0.469573647
v 0.081897907 -0.0286590476 0.476966321
v 0.0864777714 -0.0297658723 0.478935897
v 0.0991330966 -0.0292120874 0.481885165
v 0.145378038 -0.0330632403 0.468840271
v 0.142865509 -0.0288112238 0.473847389
v 0.149062857 -0.0302940216 0.479032695
v 0.159583911 -0.0254899934 0.4832443
v 0.209218487 -0.0335292853 0.468978345
v 0.206115991 -0.0291075855 0.474227309
v 0.274285734 -0.0488742627 0.456540883
v 0.27505219 -0.0528261438 0.459803283
v 0.271186799 -0.0594375357 0.460590631
v 0.284634382 -0.0664252713 0.463092715
v 0.276309013 -0.0606689304 0.474124104
v 0.27664718 -0.0645147264 0.477537513
v 0.277134329 -0.072158061 0.484429717
v 0.277118385 -0.0759152249 0.487967134
v 0.276024401 -0.083165206 0.495415211
v 0.276789129 -0.0871082991 0.498670369
v 0.275467485 -0.090537101 0.502663493
v 0.275372595 -0.0980154946 0.509741426
v 0.276136577 -0.101954699 0.512993395
v 0.277664542 -0.109833114 0.519497275
v 0.278428525 -0.113772318 0.522749186
v 0.279192507 -0.117711522 0.526001155
v 0.279259503 -0.125216737 0.533009529
v 0.276521802 -0.128256544 0.537466049
v 0.277514368 -0.135986745 0.544144094
v 0.278149068 -0.13988696 0.547435045
v 0.278807551 -0.143760219 0.554512858
v 0.277144402 -0.147057727 0.558580101
v 0.274366409 -0.153895736 0.55515492
v 0.272199333 -0.157050878 0.559391797
v 0.270326972 -0.156477422 0.56759131
v 0.270278901 -0.160184056 0.571100056
v 0.272359252 -0.168174386 0.577385783
v -0.167691141 -0.310299039 0.792001605
v -0.167068928 -0.3171691 0.794659376
v 0.174853519 -0.436330408 0.680309653
v 0.157654479 -0.426779866 0.682330668
v 0.117729917 -0.409570873 0.687960207
v 0.119878083 -0.406611085 0.687538266
v 0.199392557 -0.426454186 0.662804484
v -0.1690429 -0.3033292 0.78624779
v -0.168367013 -0.306814104 0.789124727
v -0.162144974 -0.341636658 0.814743221
v 0.367990166 -0.537205994 0.655583739
v 0.128033921 -0.455772996 0.721449673
v 0.158751026 -0.463191926 0.70861125
v 0.183522493 -0.4646658 0.697812796
v 0.158806428 -0.45233947 0.702071726
v -0.163601622 -0.33137992 0.805933416
v -0.162733331 -0.338181794 0.811838567
v 0.19875668 -0.429519087 0.757716477
v 0.380817056 -0.49990955 0.704057157
v 0.376018226 -0.502350807 0.701403618
v 0.365939587 -0.50705111 0.696252942
v -0.155146122 -0.325493872 0.846800745
v -0.156493768 -0.318545222 0.841064394
v -0.157167599 -0.315070897 0.838196218
v 0.209951624 -0.434510678 0.72893703
v 0.208392456 -0.433810532 0.733055234
v 0.199578255 -0.430453539 0.742958307
v 0.197498128 -0.429412425 0.750835001
v 0.197184309 -0.42914173 0.754552901
v 0.153579786 -0.35660702 0.83112973
v 0.150776982 -0.362973481 0.831455231
v 0.209587887 -0.386212379 0.811448753
v 0.223801449 -0.387476355 0.800561845
v 0.220661923 -0.386722833 0.794245303
v 0.217522398 -0.385969341 0.7879287
v 0.212791413 -0.384690493 0.782064497
v 0.208505824 -0.383558482 0.776079059
v 0.205339313 -0.38279587 0.769775569
v 0.225060016 -0.385851651 0.75707376
v 0.223482057 -0.385472924 0.753898978
v 0.219766542 -0.38453114 0.747713447
v 0.209713712 -0.381501049 0.743399262
v 0.205302149 -0.380329192 0.737437248
v 0.201474309 -0.379349589 0.731305718
v 0.227994293 -0.38461569 0.716298282
v 0.224821806 -0.38385427 0.7099154
v 0.214910373 -0.380876571 0.705586076
v 0.208198413 -0.378950298 0.700302184
v 0.200615361 -0.376736909 0.695301235
v 0.193595991 -0.374708325 0.690142691
v 0.22506547 -0.381572992 0.67322731
v -0.156102121 -0.256738275 0.785734892
v -0.156778336 -0.253251642 0.782856584
v -0.156980783 -0.246652469 0.776734948
v -0.167442665 -0.239990979 0.776970506
v -0.157512322 -0.236318514 0.777621627
v -0.157921761 -0.232919201 0.774659932
v -0.157069653 -0.233425662 0.767717421
v -0.157746345 -0.229936585 0.764837027
v -0.156328738 -0.223840714 0.758181632
v -0.156080082 -0.220642641 0.754999042
v -0.156757519 -0.21714969 0.752115548
v -0.156679183 -0.21050778 0.749231994
v -0.19881466 -0.190472081 0.766742349
v -0.197836459 -0.184199527 0.763604701
v -0.196053788 -0.18141304 0.763267457
v -0.196446612 -0.174712494 0.76057452
v -0.196783721 -0.168030858 0.757864177
v -0.195153147 -0.165192723 0.757574916
v -0.195546091 -0.158494502 0.754882812
v -0.195883334 -0.151814893 0.752173185
v -0.193190694 -0.145958364 0.751778722
v -0.19504407 -0.142158002 0.749322355
v 0.205244914 -0.253545344 0.625443816
v 0.206828937 -0.253925502 0.628630757
v 0.212588742 -0.251722276 0.634435415
v 0.218618363 -0.249678746 0.63645786
v 0.188673541 -0.23342149 0.650338829
v 0.14309743 -0.219993606 0.672252357
v 0.147807464 -0.22485514 0.677723408
v 0.127236128 -0.218686506 0.691452324
v 0.124936864 -0.221476376 0.699093997
v 0.125671789 -0.21798946 0.702699482
v 0.132776633 -0.223609835 0.703806579
v 0.145008624 -0.230666205 0.70692277
v 0.145470738 -0.227001205 0.714208305
v 0.146201074 -0.230766907 0.717316985
v 0.148219153 -0.238463178 0.723364174
v 0.148949608 -0.242229462 0.726473331
v 0.150410503 -0.249762028 0.732691705
v 0.149352565 -0.252992392 0.736340582
v 0.150082648 -0.256756812 0.739448249
v 0.146738842 -0.263025284 0.739964426
v 0.145924717 -0.266417414 0.739964426
v 0.140349463 -0.264528513 0.748767912
v 0.150122538 -0.267299294 0.752976835
v 0.15085189 -0.271059901 0.756081343
v 0.148193508 -0.277319461 0.763502479
v 0.149996579 -0.281510144 0.762732208
v 0.14883779 -0.288218617 0.769704461
v 0.149566308 -0.291974992 0.772805452
v 0.151023358 -0.29948774 0.779007494
v 0.151751876 -0.303244084 0.782108486
v 0.152480409 -0.307000458 0.785209477
v 0.149517268 -0.313115656 0.792676926
v 0.14854911 -0.316329658 0.796258092
v 0.150003701 -0.32382977 0.802449703
v 0.150731012 -0.327579826 0.805545509
v 0.152185604 -0.335079968 0.811737061
v 0.1529129 -0.338830024 0.814832866
v 0.152768075 -0.342297584 0.818172038
v 0.152126372 -0.349112988 0.824943185
v 0.152853087 -0.352860004 0.828036487
v 0.14218013 -0.387928575 0.863548815
v 0.358952284 -0.468774766 0.805136502
v 0.363949358 -0.46693182 0.796619296
v 0.363142848 -0.466818929 0.793127775
v 0.356288463 -0.464818567 0.787566781
v 0.344904542 -0.461283445 0.783261478
v 0.372045815 -0.470798582 0.768351257
v 0.367415518 -0.469552547 0.762156665
v 0.350618213 -0.471754074 0.762623012
v 0.244845703 -0.439617962 0.788285255
v 0.376933992 -0.481222332 0.744001567
v 0.370760918 -0.47555235 0.73846674
v 0.3717058 -0.480102569 0.730416954
v 0.212235823 -0.429590106 0.772160053
v 0.207117602 -0.428160101 0.76639384
v 0.228289917 -0.431967616 0.753230453
v 0.226706341 -0.431587547 0.750044346
v 0.223539203 -0.430827409 0.743672192
v 0.21772559 -0.429163128 0.738082707
v 0.208127514 -0.426205039 0.733630359
v 0.227392063 -0.429334342 0.720804691
v 0.22203882 -0.42783007 0.715067089
v -0.154464245 -0.29637599 0.822240531
v -0.155139148 -0.292896092 0.819367766
v -0.15648894 -0.285936356 0.813622296
v -0.157163844 -0.282456487 0.810749531
v -0.156763569 -0.2793369 0.807545483
v -0.157102644 -0.272711754 0.801484704
v -0.157475173 -0.269330263 0.798516035
v 0.198024362 -0.383373618 0.695586801
v 0.193451762 -0.381572723 0.704315364
v 0.192890137 -0.381100327 0.711790442
v 0.193569779 -0.381039143 0.718874812
v 0.208248362 -0.389497876 0.717832863
v 0.210910305 -0.390091151 0.724338055
v 0.208100066 -0.388869673 0.732472122
v 0.204311237 -0.387324661 0.740872443
v 0.202269867 -0.386360019 0.748731554
v 0.202559039 -0.38616854 0.755889475
v 0.21012257 -0.392117888 0.760684729
v 0.208217695 -0.391194761 0.768468857
v 0.211358711 -0.39194864 0.774788439
v 0.204371437 -0.389338821 0.783988416
v 0.203499749 -0.388761133 0.791421711
v 0.202001706 -0.38797614 0.799015105
v 0.203097463 -0.388052702 0.80586803
v 0.206227273 -0.392509848 0.81192255
v 0.207163379 -0.392531633 0.818809271
v 0.208775401 -0.392778635 0.82550317
v 0.145491838 -0.375080615 0.849552512
v 0.146216363 -0.378816426 0.852636516
v 0.145751342 -0.382153124 0.856040716
v 0.146475643 -0.385887712 0.859123707
g path_000000
l 2 1 1544 1543 1542
g path_000001
l 3 4 5 6 7 8
g path_000002
l 9 10 11 12
g path_000003
l 13 14 15 16 17 18 19 20
g path_000004
l 22 23 24 25 26
g path_000005
l 27 28 29 30 31 32 33 34 35 36
g path_000006
l 37 38 39 40 41 42 43 44 45 46 47 48 49 50 51 52 53 54 55 56 57 58 59 60 61 62 63 64 65 66 67 68 69 70 71 72 73 74 75
g path_000007
l 76 77 78 79 80 81
g path_000008
l 82 83 84 85 86 87 88 89 90 91 92 93 94 95 96 97 98 99 100 101 102 103 104 105 106 107 108 109 110
g path_000009
l 111 112 113 114 115 116 117 118 119 120 121 122 123 124 125 126 127 128 129 130 131 132 133 134 135 136 137 138 139 140 141 142 143
g path_000010
l 144 145 146 147 148 149 150 151 152 153 154 155 156 157 158 159 160 161
g path_000011
l 162 163 164 165 166 167 168
g path_000012
l 169 170
g path_000013
l 171 172 173 174 175 176
g path_000014
l 178 179
g path_000015
l 180 181 182 183 184 185 186 187 188 189
g path_000016
l 190 191 192 193 194 195 196 197
g path_000017
l 198 199 200 201 202 203 204 205 206 207
g path_000018
l 208 209 210 211
g path_000019
l 212 213 214 215 216 217 218 219 220 221 222 223
g path_000020
l 224 225 226 227 228 229 230 231 232 233 234 235 236 237 238 239 240 241 242 243
g path_000021
l 244 245 246 247 248 249 250 251 252 253 254 255 256 257 258 259 260 261 262 263 264 265
g path_000022
l 266 267 268 269 270 271 272 273 274 275 276 277
g path_000023
l 278 279
g path_000024
l 280 281 282 283 284 285 286
g path_000025
l 287 288
g path_000026
l 290 291 292 293 294 295 296
g path_000027
l 297 298 299
g path_000028
l 301 302 303 304 305 306 307 308 309 310 311 312 313 314 315 316 317 318 319 320 321 322 323 324 325
g path_000029
l 326 327 328
g path_000030
l 329 330 331
g path_000031
l 332 333
g path_000032
l 334 335
g path_000033
l 336 337 338 339 340 341 342
g path_000034
l 343 344 345
g path_000035
l 346 347
g path_000036
l 348 349 350 351 352 353
g path_000037
l 354 355 356 357 358
g path_000038
l 359 360
g path_000039
l 361 362 363 364 365 366 367
g path_000040
l 368 369 370
g path_000041
l 371 372
g path_000042
l 373 374 375 376
g path_000043
l 377 378 379 380 381 382 383 384
g path_000044
l 385 386 387
g path_000045
l 388 389 390 391 392
g path_000046
l 393 394 395 396
g path_000047
l 397 398 399 400 401 402 403
g path_000048
l 404 405 406 407 408
g path_000049
l 409 410
g path_000050
l 411 412 413 414 415 416 417
g path_000051
l 419 420 421
g path_000052
l 422 423 424 425 426 427 428
g path_000053
l 429 430 431
g path_000054
l 432 433 434 435 436 437 438
g path_000055
l 439 440
g path_000056
l 442 443 444 445 446 447 448 449 450 451 452 453 454 455 456 457 458 459 460 461 462 463 464 465
g path_000057
l 466 467 468
g path_000058
l 469 470
g path_000059
l 472 473
g path_000060
l 474 475 476 477 478 479 480
g path_000061
l 481 482 483 484 485 486 487 488 489 490 491 492 493
g path_000062
l 494 495 496 497 498 499 500 501 502 503 504 505
g path_000063
l 507 508
g path_000064
l 509 510 511 512 513
g path_000065
l 514 515 516 517 518 519
g path_000066
l 520 521 522
g path_000067
l 523 524
g path_000068
l 525 526 527 528 529 530 531 532 533
g path_000069
l 534 535 536 537 538 539
g path_000070
l 540 541 542 543 544 545 546 547 548
g path_000071
l 549 550
g path_000072
l 551 552 553 554 555
g path_000073
l 556 557 558 559 560 561 562 563 564 565 566 567 568
g path_000074
l 569 570 571 572 573 574 575 576 577 578 579
g path_000075
l 580 581 582 583 584 585 586 587 588 589
g path_000076
l 590 591 592 593
g path_000077
l 594 595 596 597
g path_000078
l 598 599 600 601
g path_000079
l 602 603 604 605 606 607 608 609 610 611 612 613
g path_000080
l 615 616
g path_000081
l 617 618 619 620 621 622 623 624 625 626 627 628 629 630 631
g path_000082
l 632 633 634
g path_000083
l 635 636 637
g path_000084
l 638 639 640 641
g path_000085
l 642 643 644 645 646 647
g path_000086
l 648 649 650 651 652 653
g path_000087
l 654 655 656 657 658 659 660 661 662 663 664 665 666 667 668 669 670 671 672
g path_000088
l 673 674 675 676 677 678 679 680 681 682 683 684 685 686 687 688 689 690 691 692 693 694 695 696 697 698 699 700 701 702 703 704 705 706 707 708 709 710 711 712 713 714 715 716 717 718 719 720 721 722 723 724 725 726 727 728 729 730 731 732 733 734 735 736 737 738 739 740 741 742 743 744 745 746 747 748 749 750 751 752 753 754 755 756 757 758 759 760 761 762 763 764 765 766 767 768 769 770 771 772 773 774 775 776 777 778 779 780 781 782 783 784 785 786 787 788 789 790 791 792 793 794 795 796 797 798 799 800 801 802 803 804 805 806 807 808 809 810 811 812 813 814 815 816 817 818 819 820 821 822 823 824 825 826 827 828 829 830 831 832 833 834 835 836 837 838 839 840 841 842 843 844 845 846 847 848 849 850 851 852 853 854 855 856 857 858 859 860 861 862 863 864 865 866 867 868 869 870 871 872 873 874 875 876 877 878 879 880 881 882 883 884 885 886 887 888 889 890 891 892 893 894 895 896 897 898 899 900 901 902 903 904 905 906 907 908 909 910 911 912 913 914 915 916 917 918 919 920 921 922 923 924 925 926 927 928 929 930 931 932 933 934 935 936 937 938 939 940 941 942 943 944 945 946 947 948 949 950 951 952 953 954 955 956 957 958 959 960 961 962 963 964 965 966 967 968 969 970 971 972 973 974 975 976 977 978 979 980 981 982 983 984 985 986 987 988 989 990 991 992 993 994 995 996 997 998 999 1000 1001 1002 1003 1004 1005 1006 1007 1008 1009 1010 1011 1012 1013 1014 1015 1016 1017 1018 1019 1020 1021 1022 1023 1024 1025 1026 1027 1028 1029 1030 1031 1032 1033 1034 1035 1036 1037 1038 1039 1040 1041 1042 1043 1044 1045 1046 1047 1048 1049 1050 1051 1052 1053 1054 1055 1056 1057
g path_000089
l 1059 1060 1061
g path_000090
l 1062 1063 1064 1065 1066 1067 1068 1069 1070
g path_000091
l 1071 1072 1073 1074 1075 1076 1077
g path_000092
l 1078 1079 1080 1081 1082 1083
g path_000093
l 1084 1085 1086 1087 1088
g path_000094
l 1089 1090 1091 1092 1093 1094 1095
g path_000095
l 1096 1097 1098 1099 1100
g path_000096
l 1101 1102 1103 1104 1105 1106
g path_000097
l 1107 1108 1109 1110 1111 1112 1113
g path_000098
l 1114 1115 1116 1117 1118 1119 1120 1121 1122
g path_000099
l 1123 1124 1125 1126 1127 1128
g path_000100
l 1129 1130 1131 1132 1133 1134
g path_000101
l 1135 1136 1137 1138 1139
g path_000102
l 1140 1141 1142 1143
g path_000103
l 1144 1145 1146 1147 1148 1149 1150 1151 1152 1153 1154 1155 1156 1157 1158 1159 1160 1161 1162 1163 1164 1165 1166 1167 1168 1169 1170 1171 1172 1173 1174 1175 1176 1177
g path_000104
l 1178 1179 1180 1181 1182 1183 1184
g path_000105
l 1185 1186 1187 1188 1189 1190 1191 1192 1193 1194 1195 1196 1197 1198 1199
g path_000106
l 1200 1201 1202 1203 1204
g path_000107
l 1205 1206 1207 1208
g path_000108
l 1209 1210 1211 1212 1213 1214 1215 1216 1217 1218 1219 1220 1221
g path_000109
l 1222 1223 1224 1225 1226 1227 1228 1229 1230 1231 1232 1233 1234 1235 1236 1237 1238 1239
g path_000110
l 1240 1241 1242 1243 1244 1245 1246 1247 1248 1249 1250 1251 1252
g path_000111
l 1253 1254 1255
g path_000112
l 1256 1257 1258 1259 1260 1261 1262
g path_000113
l 1263 1264 1265 1266 1267 1268 1269 1270
g path_000114
l 1271 1272 1273 1274 1275 1276 1277 1278 1279 1280 1281 1282 1283 1284 1285 1286 1287 1288 1289 1290 1291 1292
g path_000115
l 1293 1294 1295 1296 1297
g path_000116
l 1298 1299 1300 1301 1302 1303 1304 1305 1306 1307 1308 1309 1310 1311 1312 1313 1314 1315
g path_000117
l 1317 1318 1319 1320 1321 1322 1323
g path_000118
l 1324 1325 1326 1327 1328
g path_000119
l 1329 1330 1331 1332 1333
g path_000120
l 1334 1335 1336 1337 1338
g path_000121
l 1339 1340
g path_000122
l 1341 1342 1343 1344 1345 1346 1347 1348 1349 1350 1351
g path_000123
l 1352 1353 1354 1355 1356 1357
g path_000124
l 1358 1359 1360 1361 1362 1363 1364 1365 1366 1367 1368
g path_000125
l 1369 1370 1371 1372
g path_000126
l 1373 1374 1375 1376 1377 1378
g path_000127
l 1379 1380 1381 1382
g path_000128
l 1383 1384 1385 1386 1387 1388
g path_000129
l 1389 1390 1391 1392
g path_000130
l 1393 1394 1395 1396 1397 1398
g path_000131
l 1399 1400 1401 1402 1403 1404 1405 1406 1407 1408 1409 1410 1411 1412 1413 1414 1415 1416
g path_000132
l 1417 1418 1419 1420 1421 1422 1423 1424 1425 1426 1427 1428 1429 1430
g path_000133
l 1431 1432 1433 1434 1435 1436 1437 1438 1439 1440 1441 1442
g path_000134
l 1443 1444 1445 1446 1447 1448 1449 1450 1451 1452 1453 1454 1455 1456 1457 1458 1459 1460 1461 1462 1463 1464 1465 1466 1467 1468 1469 1470 1471 1472 1473 1474 1475 1476 1477 1478 1479 1480 1481 1482 1483 1484 1485 1486 1487 1488 1489
g path_000135
l 1490 1491 1492 1493 1494 1495 1496 1497 1498
g path_000136
l 1499 1500 1501
g path_000137
l 1502 1503
g path_000138
l 1504 1505 1506
g path_000139
l 1507 1508 1509 1510 1511 1512 1513
g path_000140
l 1514 1515 1516 1517 1518 1519 1520 1521
g path_000141
l 1522 1523 1524 1525 1526
g path_000142
l 1527 1528 1529 1530 1531 1532 1533 1534
g path_000143
l 1535 1536 1537 1538 1539 1540 1541
g path_000144
l 1545 1556 1555 1554 1553
g path_000145
l 1547 1548 1549 1550
g path_000146
l 1551 1552
g path_000147
l 1558 1557 1565 1564 1563
g path_000148
l 1559 1560
g path_000149
l 1561 1562
g path_000150
l 1566 1599 1598 1597 1596 1595 1594
g path_000151
l 1567 1568 1569
g path_000152
l 1570 1571
g path_000153
l 1572 1573 1574 1575 1576 1577 1578 1579 1580 1581
g path_000154
l 1582 1583 1584 1585
g path_000155
l 1586 1587 1588 1589 1590 1591 1592 1593
g path_000156
l 1600 1614 1613 1612 1611 1610 1609
g path_000157
l 1602 1603 1604
g path_000158
l 1606 1607 1608
g path_000159
l 1616 1615 1624 1623 1622
g path_000160
l 1617 1618 1619 1620 1621
g path_000161
l 1625 1634 1633 1632 1631
g path_000162
l 1627 1628 1629 1630
g path_000163
l 1635 1644 1643 1642 1641
g path_000164
l 1637 1638 1639
g path_000165
l 1645 1704 1703 1702 1701 1700 1699 1698 1697 1696 1695 1694 1693 1692 1691 1690 1689 1688 1687 1686 1685 1684 1683
g path_000166
l 1646 1647 1648 1649 1650 1651
g path_000167
l 1652 1653 1654 1655 1656
g path_000168
l 1657 1658 1659 1660
g path_000169
l 1661 1662 1663 1664 1665 1666
g path_000170
l 1667 1668 1669 1670 1671 1672 1673
g path_000171
l 1674 1675 1676 1677
g path_000172
l 1679 1680 1681 1682
g path_000173
l 1706 1705 1712
g path_000174
l 1707 1708 1709
g path_000175
l 1713 1876 1875 1874 1873 1872 1871 1870 1869 1868 1867 1866 1865 1864 1863 1862 1861 1860 1859 1858 1857 1856 1855 1854 1853 1852 1851 1850 1849 1848 1847 1846 1845 1844 1843 1842 1841 1840 1839 1838 1837 1836 1835 1834 1833 1832 1831 1830 1829 1828 1827 1826 1825
g path_000176
l 1714 1715 1716 1717 1718 1719 1720 1721 1722 1723 1724 1725 1726 1727
g path_000177
l 1728 1729 1730 1731 1732 1733 1734 1735 1736 1737 1738 1739 1740 1741 1742 1743 1744 1745 1746 1747 1748 1749 1750 1751 1752 1753
g path_000178
l 1756 1757 1758
g path_000179
l 1759 1760
g path_000180
l 1761 1762
g path_000181
l 1763 1764 1765
g path_000182
l 1766 1767 1768 1769 1770 1771 1772 1773 1774
g path_000183
l 1775 1776 1777 1778 1779 1780
g path_000184
l 1781 1782 1783 1784
g path_000185
l 1786 1787 1788
g path_000186
l 1789 1790 1791
g path_000187
l 1792 1793
g path_000188
l 1794 1795 1796 1797 1798 1799 1800 1801 1802 1803 1804
g path_000189
l 1805 1806 1807 1808 1809 1810 1811 1812 1813
g path_000190
l 1814 1815 1816 1817 1818
g path_000191
l 1819 1820 1821 1822 1823
g path_000192
l 1877 1965 1964 1963 1962
g path_000193
l 1878 1879
g path_000194
l 1881 1882 1883 1884 1885 1886 1887 1888 1889 1890 1891 1892 1893 1894 1895 1896 1897 1898 1899 1900 1901 1902 1903 1904 1905 1906 1907 1908 1909 1910 1911 1912 1913 1914 1915 1916 1917 1918 1919 1920
g path_000195
l 1921 1922 1923 1924
g path_000196
l 1925 1926 1927 1928 1929 1930 1931 1932 1933 1934 1935 1936 1937 1938 1939 1940
g path_000197
l 1941 1942
g path_000198
l 1943 1944 1945 1946
g path_000199
l 1947 1948
g path_000200
l 1949 1950 1951 1952
g path_000201
l 1953 1954 1955
g path_000202
l 1956 1957 1958 1959
g path_000203
l 1960 1961
g path_000204
l 1967 1966 1974 1973 1972
g path_000205
l 1968 1969 1970 1971
g path_000206
l 1976 1975 1985 1984 1983 1982
g path_000207
l 1977 1978 1979 1980 1981
g path_000208
l 1986 2034 2033 2032 2031 2030 2029 2028 2027 2026 2025 2024 2023 2022
g path_000209
l 1987 1988 1989 1990 1991 1992
g path_000210
l 1995 1996 1997 1998
g path_000211
l 1999 2000 2001 2002 2003 2004 2005
g path_000212
l 2006 2007 2008 2009 2010 2011 2012 2013
g path_000213
l 2014 2015 2016 2017 2018
g path_000214
l 2019 2020 2021
g path_000215
l 2036 2035 2045 2044 2043 2042
g path_000216
l 2038 2039 2040 2041
g path_000217
l 2046 2142 2141 2140 2139 2138 2137 2136 2135 2134 2133 2132 2131 2130 2129 2128 2127 2126 2125 2124 2123 2122 2121 2120 2119 2118 2117 2116
g path_000218
l 2047 2048 2049 2050 2051
g path_000219
l 2052 2053
g path_000220
l 2054 2055 2056 2057 2058 2059 2060 2061 2062 2063 2064
g path_000221
l 2065 2066
g path_000222
l 2067 2068 2069 2070
g path_000223
l 2071 2072
g path_000224
l 2073 2074 2075 2076 2077 2078 2079 2080 2081
g path_000225
l 2082 2083 2084 2085
g path_000226
l 2086 2087 2088 2089 2090 2091 2092
g path_000227
l 2093 2094 2095 2096
g path_000228
l 2097 2098 2099 2100
g path_000229
l 2101 2102 2103 2104 2105
g path_000230
l 2106 2107 2108 2109
g path_000231
l 2110 2111 2112 2113
g path_000232
l 2114 2115
g path_000233
l 2144 2143 2151 2150
g path_000234
l 2145 2146
g path_000235
l 2147 2148
g path_000236
l 2152 2159 2158
g path_000237
l 2160 2171 2170 2169 2168 2167
g path_000238
l 2161 2162 2163
g path_000239
l 2164 2165 2166
g path_000240
l 2173 2172 2255 2254 2253 2252 2251 2250 2249 2248 2247 2246 2245 2244 2243 2242 2241 2240 2239 2238 2237 2236 2235 2234 2233 2232 2231 2230 2229 2228 2227 2226 2225 2224 2223
g path_000241
l 2174 2175 2176 2177 2178 2179 2180
g path_000242
l 2181 2182 2183 2184 2185 2186
g path_000243
l 2187 2188 2189 2190 2191 2192
g path_000244
l 2194 2195 2196 2197 2198 2199 2200 2201 2202 2203 2204 2205
g path_000245
l 2206 2207 2208 2209 2210 2211 2212 2213 2214 2215
g path_000246
l 2216 2217 2218 2219
g path_000247
l 2221 2222
g path_000248
l 2256 2308 2307 2306 2305
g path_000249
l 2257 2258 2259 2260 2261
g path_000250
l 2262 2263 2264
g path_000251
l 2266 2267 2268
g path_000252
l 2269 2270
g path_000253
l 2271 2272 2273 2274 2275
g path_000254
l 2276 2277
g path_000255
l 2278 2279 2280 2281 2282 2283 2284
g path_000256
l 2285 2286 2287 2288 2289 2290 2291 2292 2293 2294 2295 2296 2297 2298 2299 2300 2301 2302 2303 2304
