# Fixed lifted world-space thin curve tubes; no camera updates
g tubes
v -0.604033947 -0.503758907 -0.168324396
v -0.604142666 -0.506238222 -0.169417188
v -0.603706002 -0.50726521 -0.171888575
v -0.60297972 -0.506238222 -0.174290866
v -0.602389216 -0.503758907 -0.175216809
v -0.602280498 -0.501279593 -0.174124017
v -0.602717161 -0.500252604 -0.17165263
v -0.603443444 -0.501279593 -0.169250339
v -0.594224334 -0.50522089 -0.165983617
v -0.594333053 -0.507700205 -0.167076409
v -0.593896389 -0.508727193 -0.169547796
v -0.593170106 -0.507700205 -0.171950087
v -0.592579603 -0.50522089 -0.17287603
v -0.592470884 -0.502741575 -0.171783239
v -0.592907548 -0.501714587 -0.169311851
v -0.593633831 -0.502741575 -0.166909561
v -0.595855951 -0.50777638 -0.169429824
v -0.595137179 -0.507027924 -0.171935081
v -0.593401968 -0.50522089 -0.172972783
v -0.591666758 -0.503413856 -0.171935081
v -0.590947986 -0.502665401 -0.169429824
v -0.591666758 -0.503413856 -0.166924566
v -0.593401968 -0.50522089 -0.165886864
v -0.595137179 -0.507027924 -0.166924566
v -0.590079546 -0.513323307 -0.169429824
v -0.589360774 -0.512574852 -0.171935081
v -0.587625563 -0.510767817 -0.172972783
v -0.585890353 -0.508960783 -0.171935081
v -0.58517158 -0.508212328 -0.169429824
v -0.585890353 -0.508960783 -0.166924566
v -0.587625563 -0.510767817 -0.165886864
v -0.589360774 -0.512574852 -0.166924566
v -0.588547289 -0.510767817 -0.16600886
v -0.58858794 -0.513252318 -0.167094529
v -0.588064849 -0.514281452 -0.169548184
v -0.587284386 -0.513252318 -0.171932504
v -0.586703837 -0.510767817 -0.172850788
v -0.586663187 -0.508283317 -0.171765119
v -0.587186277 -0.507254183 -0.169311464
v -0.58796674 -0.508283317 -0.166927144
v -0.578634024 -0.51209712 -0.163337857
v -0.578674674 -0.514581621 -0.164423525
v -0.578151584 -0.515610754 -0.16687718
v -0.57737112 -0.514581621 -0.1692615
v -0.576790571 -0.51209712 -0.170179784
v -0.576749921 -0.50961262 -0.169094115
v -0.577273011 -0.508583486 -0.16664046
v -0.578053474 -0.50961262 -0.164256141
v -0.580488861 -0.514297843 -0.16675882
v -0.580058277 -0.51317054 -0.169187158
v -0.578253388 -0.511414409 -0.170193017
v -0.576131582 -0.510058224 -0.169187158
v -0.574935734 -0.509896398 -0.16675882
v -0.575366318 -0.5110237 -0.164330482
v -0.577171206 -0.512779832 -0.163324624
v -0.579293013 -0.514136016 -0.164330482
v -0.575490832 -0.520603657 -0.168799907
v -0.575060248 -0.519476354 -0.171228245
v -0.57325536 -0.517720222 -0.172234103
v -0.571133554 -0.516364038 -0.171228245
v -0.569937706 -0.516202211 -0.168799907
v -0.57036829 -0.517329514 -0.166371569
v -0.572173178 -0.519085646 -0.165365711
v -0.574294984 -0.52044183 -0.166371569
v -0.572313249 -0.521923125 -0.168799907
v -0.572152913 -0.520860434 -0.171289504
v -0.572321415 -0.518358171 -0.172320738
v -0.572720051 -0.515882134 -0.171289504
v -0.573115289 -0.514882743 -0.168799907
v -0.573275626 -0.515945435 -0.16631031
v -0.573107123 -0.518447697 -0.165279076
v -0.572708488 -0.520923734 -0.16631031
v -0.5660429 -0.521208763 -0.168091163
v -0.565882564 -0.520146072 -0.17058076
v -0.566051066 -0.517643809 -0.171611995
v -0.566449702 -0.515167773 -0.17058076
v -0.56684494 -0.514168382 -0.168091163
v -0.567005277 -0.515231073 -0.165601566
v -0.566836774 -0.517733335 -0.164570332
v -0.566438138 -0.520209372 -0.165601566
v -0.568768144 -0.520362616 -0.168091163
v -0.567911625 -0.519732177 -0.170585573
v -0.566195369 -0.517904639 -0.171618789
v -0.564624667 -0.515950501 -0.170585573
v -0.564119697 -0.515014529 -0.168091163
v -0.564976215 -0.515644968 -0.165596753
v -0.566692472 -0.517472506 -0.164563537
v -0.568263173 -0.519426644 -0.165596753
v -0.562716365 -0.525622606 -0.167342588
v -0.561859846 -0.524992168 -0.169836998
v -0.56014359 -0.52316463 -0.170870215
v -0.558572888 -0.521210492 -0.169836998
v -0.558067918 -0.52027452 -0.167342588
v -0.558924437 -0.520904958 -0.164848179
v -0.560640693 -0.522732496 -0.163814962
v -0.562211394 -0.524686635 -0.164848179
v -0.561440825 -0.526332736 -0.167342588
v -0.561367512 -0.525269091 -0.169835851
v -0.560722828 -0.522846103 -0.17086859
v -0.559884429 -0.520483136 -0.169835851
v -0.559343457 -0.51956439 -0.167342588
v -0.559416771 -0.520628035 -0.164849326
v -0.560061455 -0.523051023 -0.163816586
v -0.560899854 -0.52541399 -0.164849326
v -0.552890122 -0.528982401 -0.168221474
v -0.552816808 -0.527918756 -0.170714736
v -0.552172124 -0.525495768 -0.171747476
v -0.551333725 -0.523132801 -0.170714736
v -0.550792754 -0.522214055 -0.168221474
v -0.550866067 -0.5232777 -0.165728211
v -0.551510751 -0.525700688 -0.164695472
v -0.55234915 -0.528063655 -0.165728211
v -0.552475095 -0.525598228 -0.164735645
v -0.552707791 -0.528067172 -0.165832654
v -0.552432954 -0.529089808 -0.168329
v -0.551811635 -0.528067172 -0.17076236
v -0.551207781 -0.525598228 -0.171707302
v -0.550975084 -0.523129284 -0.170610294
v -0.551249921 -0.522106647 -0.168113947
v -0.55187124 -0.523129284 -0.165680587
v -0.542958319 -0.52726382 -0.16300565
v -0.543191016 -0.529732764 -0.164102659
v -0.542916179 -0.530755401 -0.166599005
v -0.54229486 -0.529732764 -0.169032365
v -0.541691005 -0.52726382 -0.169977307
v -0.541458309 -0.524794877 -0.168880299
v -0.541733146 -0.52377224 -0.166383952
v -0.542354465 -0.524794877 -0.163950592
v -0.544778585 -0.529819369 -0.166491479
v -0.544059873 -0.529070854 -0.168996736
v -0.542324662 -0.52726382 -0.170034438
v -0.540589452 -0.525456786 -0.168996736
v -0.539870739 -0.524708271 -0.166491479
v -0.540589452 -0.525456786 -0.163986221
v -0.542324662 -0.52726382 -0.162948519
v -0.544059873 -0.529070854 -0.163986221
v -0.541896343 -0.532587051 -0.166491479
v -0.54117763 -0.531838536 -0.168996736
v -0.53944242 -0.530031502 -0.170034438
v -0.53770721 -0.528224468 -0.168996736
v -0.536988497 -0.527475953 -0.166491479
v -0.53770721 -0.528224468 -0.163986221
v -0.53944242 -0.530031502 -0.162948519
v -0.54117763 -0.531838536 -0.163986221
v -0.540151179 -0.533502877 -0.166491479
v -0.539656997 -0.532544613 -0.1689796
v -0.539037108 -0.530114233 -0.170010209
v -0.538654685 -0.527635396 -0.1689796
v -0.538733661 -0.526560128 -0.166491479
v -0.539227843 -0.527518392 -0.164003357
v -0.539847732 -0.529948771 -0.162972748
v -0.540230155 -0.532427609 -0.164003357
v -0.530877531 -0.535396278 -0.165378749
v -0.530383348 -0.534438014 -0.167866871
v -0.52976346 -0.532007635 -0.16889748
v -0.529381037 -0.529528797 -0.167866871
v -0.529460013 -0.528453529 -0.165378749
v -0.529954195 -0.529411793 -0.162890628
v -0.530574083 -0.531842172 -0.161860019
v -0.530956507 -0.53432101 -0.162890628
v -0.532808721 -0.53428781 -0.165378749
v -0.53227216 -0.533331335 -0.16785875
v -0.530503452 -0.531551003 -0.168885991
v -0.528538704 -0.529989719 -0.16785875
v -0.527528822 -0.529561996 -0.165378749
v -0.528065383 -0.530518472 -0.162898749
v -0.529834092 -0.532298803 -0.161871508
v -0.53179884 -0.533860087 -0.162898749
v -0.527467966 -0.540254772 -0.166524485
v -0.526931405 -0.539298296 -0.169004485
v -0.525162697 -0.537517965 -0.170031726
v -0.523197949 -0.535956681 -0.169004485
v -0.522188067 -0.535528958 -0.166524485
v -0.522724628 -0.536485434 -0.164044484
v -0.524493337 -0.538265765 -0.163017243
v -0.526458085 -0.539827049 -0.164044484
v -0.525957942 -0.541249812 -0.166524485
v -0.525980651 -0.540147305 -0.169001788
v -0.525328219 -0.537723541 -0.170027927
v -0.52438271 -0.535398424 -0.169001788
v -0.523698092 -0.534533918 -0.166524485
v -0.523675382 -0.535636425 -0.164047182
v -0.524327815 -0.538060188 -0.163021043
v -0.525273323 -0.540385306 -0.164047182
v -0.517586589 -0.544066668 -0.167854965
v -0.517609298 -0.54296416 -0.170332268
v -0.516956866 -0.540540397 -0.171358407
v -0.516011357 -0.53821528 -0.170332268
v -0.515326738 -0.537350774 -0.167854965
v -0.515304029 -0.538453281 -0.165377662
v -0.515956461 -0.540877044 -0.164351523
v -0.51690197 -0.543202162 -0.165377662
v -0.517923772 -0.540708721 -0.164630041
v -0.517013907 -0.543157816 -0.165356159
v -0.515777588 -0.544172227 -0.167546034
v -0.51493907 -0.543157816 -0.169916883
v -0.514989555 -0.540708721 -0.171079889
v -0.51589942 -0.538259625 -0.17035377
v -0.517135739 -0.537245214 -0.168163896
v -0.517974257 -0.538259625 -0.165793046
v -0.510769546 -0.53901577 -0.161375359
v -0.509859681 -0.541464865 -0.162101477
v -0.508623362 -0.542479277 -0.164291352
v -0.507784843 -0.541464865 -0.166662201
v -0.507835329 -0.53901577 -0.167825207
v -0.508745193 -0.536566675 -0.167099088
v -0.509981513 -0.535552263 -0.164909214
v -0.510820031 -0.536566675 -0.162538365
v -0.511716783 -0.541608751 -0.164600283
v -0.51095593 -0.540899277 -0.167104453
v -0.509226501 -0.539086461 -0.168141723
v -0.507541537 -0.53723222 -0.167104453
v -0.506888092 -0.536422789 -0.164600283
v -0.507648945 -0.537132263 -0.162096113
v -0.509378374 -0.538945079 -0.161058843
v -0.511063337 -0.54079932 -0.162096113
v -0.505876422 -0.547046781 -0.164366543
v -0.505115569 -0.546337306 -0.166870713
v -0.50338614 -0.544524491 -0.167907983
v -0.501701176 -0.54267025 -0.166870713
v -0.50104773 -0.541860819 -0.164366543
v -0.501808584 -0.542570293 -0.161862373
v -0.503538013 -0.544383109 -0.160825104
v -0.505222976 -0.54623735 -0.161862373
v -0.504493594 -0.547843277 -0.164366543
v -0.504400194 -0.546787024 -0.166862279
v -0.503757238 -0.544363976 -0.167896047
v -0.50294137 -0.541993558 -0.166862279
v -0.502430558 -0.541064322 -0.164366543
v -0.502523959 -0.542120576 -0.161870807
v -0.503166914 -0.544543624 -0.160837039
v -0.503982782 -0.546914041 -0.161870807
v -0.495935917 -0.550447643 -0.165148422
v -0.495842487 -0.549391389 -0.167644158
v -0.495199531 -0.546968341 -0.168677926
v -0.494383693 -0.544597924 -0.167644158
v -0.493872881 -0.543668687 -0.165148422
v -0.493966311 -0.544724941 -0.162652686
v -0.494609267 -0.547147989 -0.161618918
v -0.495425105 -0.549518406 -0.162652686
v -0.494501382 -0.550578117 -0.165148422
v -0.494357944 -0.549517214 -0.167639807
v -0.494534612 -0.547015846 -0.168671772
v -0.494927883 -0.544539213 -0.167639807
v -0.495307416 -0.543538213 -0.165148422
v -0.495450854 -0.544599116 -0.162657037
v -0.495274186 -0.547100484 -0.161625072
v -0.494880915 -0.549577117 -0.162657037
v -0.488307774 -0.549869001 -0.164489865
v -0.488164335 -0.548808098 -0.16698125
v -0.488341004 -0.546306729 -0.168013215
v -0.488734275 -0.543830097 -0.16698125
v -0.489113808 -0.542829096 -0.164489865
v -0.489257246 -0.543889999 -0.161998481
v -0.489080578 -0.546391368 -0.160966516
v -0.488687307 -0.548868001 -0.161998481
v -0.489671677 -0.549759209 -0.164489865
v -0.48949188 -0.548731744 -0.166992888
v -0.488854527 -0.546308517 -0.168029681
v -0.488132983 -0.543909073 -0.166992888
v -0.487749904 -0.542938888 -0.164489865
v -0.487929702 -0.543966353 -0.161986843
v -0.488567054 -0.54638958 -0.16095005
v -0.489288598 -0.548789024 -0.161986843
v -0.480979145 -0.552208483 -0.164870888
v -0.480799347 -0.551181018 -0.167373911
v -0.480161995 -0.548757792 -0.168410704
v -0.479440451 -0.546358347 -0.167373911
v -0.479057372 -0.545388162 -0.164870888
v -0.479237169 -0.546415627 -0.162367865
v -0.479874521 -0.548838854 -0.161331072
v -0.480596066 -0.551238298 -0.162367865
v -0.482598215 -0.551226556 -0.164870888
v -0.482007951 -0.550339639 -0.167364493
v -0.480252117 -0.548549831 -0.168397382
v -0.478359312 -0.546905577 -0.167364493
v -0.477438301 -0.546370089 -0.164870888
v -0.478028566 -0.547257006 -0.162377283
v -0.479784399 -0.549046814 -0.161344394
v -0.481677204 -0.550691068 -0.162377283
v -0.477121502 -0.55704546 -0.165644109
v -0.476531237 -0.556158543 -0.168137714
v -0.474775404 -0.554368734 -0.169170603
v -0.472882599 -0.552724481 -0.168137714
v -0.471961588 -0.552188993 -0.165644109
v -0.472551852 -0.55307591 -0.163150504
v -0.474307686 -0.554865718 -0.162117615
v -0.476200491 -0.556509972 -0.163150504
v -0.47553274 -0.558018684 -0.165644109
v -0.475390553 -0.556979299 -0.168144599
v -0.474751025 -0.554556191 -0.169180349
v -0.473988801 -0.552168846 -0.168144599
v -0.473550349 -0.551215768 -0.165644109
v -0.473692536 -0.552255154 -0.16314362
v -0.474332064 -0.554678261 -0.16210787
v -0.475094289 -0.557065606 -0.16314362
v -0.466905117 -0.560532749 -0.166198581
v -0.46676293 -0.559493363 -0.168699071
v -0.466123402 -0.557070255 -0.169734821
v -0.465361178 -0.55468291 -0.168699071
v -0.464922726 -0.553729832 -0.166198581
v -0.465064913 -0.554769218 -0.163698092
v -0.465704441 -0.557192326 -0.162662342
v -0.466466665 -0.55957967 -0.163698092
v -0.465530157 -0.560653389 -0.166198581
v -0.465425134 -0.559598088 -0.168694273
v -0.465606451 -0.557097793 -0.169728011
v -0.465967894 -0.554617107 -0.168694273
v -0.466297686 -0.553609192 -0.166198581
v -0.466402709 -0.554664493 -0.16370289
v -0.466221392 -0.557164788 -0.162669152
v -0.46585995 -0.559645474 -0.16370289
v -0.459396958 -0.559985101 -0.165657952
v -0.459291935 -0.558929801 -0.168153644
v -0.459473252 -0.556429505 -0.169187382
v -0.459834695 -0.55394882 -0.168153644
v -0.460164487 -0.552940905 -0.165657952
v -0.460269511 -0.553996205 -0.163162261
v -0.460088193 -0.556496501 -0.162128523
v -0.459726751 -0.558977187 -0.163162261
v -0.460413337 -0.556463003 -0.16217193
v -0.460645199 -0.558932126 -0.163268656
v -0.46037066 -0.559954882 -0.165765002
v -0.459750533 -0.558932126 -0.168198645
v -0.459148109 -0.556463003 -0.169143975
v -0.458916247 -0.553993881 -0.168047249
v -0.459190786 -0.552971125 -0.165550902
v -0.459810913 -0.553993881 -0.16311726
v -0.451007187 -0.558104455 -0.160465002
v -0.451239049 -0.560573578 -0.161561728
v -0.45096451 -0.561596334 -0.164058074
v -0.450344384 -0.560573578 -0.166491717
v -0.44974196 -0.558104455 -0.167437047
v -0.449510098 -0.555635333 -0.166340321
v -0.449784636 -0.554612577 -0.163843974
v -0.450404763 -0.555635333 -0.161410332
v -0.453012258 -0.560469866 -0.163951024
v -0.452477664 -0.559511721 -0.166430801
v -0.450711071 -0.557729244 -0.167457953
v -0.448747396 -0.55616653 -0.166430801
v -0.447736889 -0.555739045 -0.163951024
v -0.448271483 -0.55669719 -0.161471248
v -0.450038075 -0.558479667 -0.160444096
v -0.45200175 -0.560042381 -0.161471248
v -0.447667748 -0.566429615 -0.165101543
v -0.447133154 -0.56547147 -0.16758132
v -0.445366561 -0.563688993 -0.168608472
v -0.443402886 -0.562126279 -0.16758132
v -0.442392379 -0.561698794 -0.165101543
v -0.442926973 -0.562656939 -0.162621766
v -0.444693565 -0.564439416 -0.161594614
v -0.44665724 -0.566002131 -0.162621766
v -0.444195598 -0.564064205 -0.161658257
v -0.444461584 -0.566569328 -0.162661538
v -0.445060551 -0.567607045 -0.165094152
v -0.445641667 -0.566569328 -0.167531088
v -0.445864528 -0.564064205 -0.168544829
v -0.445598543 -0.561559081 -0.167541549
v -0.444999576 -0.560521364 -0.165108934
v -0.44441846 -0.561559081 -0.162671998
v -0.438722163 -0.564114094 -0.162984699
v -0.438988149 -0.566619217 -0.163987979
v -0.439587116 -0.567656934 -0.166420594
v -0.440168232 -0.566619217 -0.16885753
v -0.440391093 -0.564114094 -0.169871271
v -0.440125108 -0.56160897 -0.16886799
v -0.439526141 -0.560571253 -0.166435376
v -0.438945025 -0.56160897 -0.16399844
v -0.440556675 -0.564114094 -0.16302909
v -0.440540075 -0.566602707 -0.164105907
v -0.439947397 -0.567633569 -0.166542962
v -0.439125806 -0.566602707 -0.168912664
v -0.438556582 -0.564114094 -0.16982688
v -0.438573182 -0.561625481 -0.168750063
v -0.43916586 -0.560594618 -0.166313007
v -0.439987451 -0.561625481 -0.163943306
v -0.430767983 -0.565295041 -0.160148978
v -0.430751383 -0.567783654 -0.161225796
v -0.430158705 -0.568814516 -0.163662851
v -0.429337114 -0.567783654 -0.166032553
v -0.42876789 -0.565295041 -0.166946769
v -0.42878449 -0.562806427 -0.165869951
v -0.429377168 -0.561775565 -0.163432896
v -0.430198759 -0.562806427 -0.161063194
v -0.430429757 -0.568775654 -0.163547873
v -0.429881096 -0.567823648 -0.16602695
v -0.429266125 -0.565390468 -0.167053819
v -0.428945124 -0.562901378 -0.16602695
v -0.429106116 -0.561814427 -0.163547873
v -0.429654777 -0.562766433 -0.161068797
v -0.430269748 -0.565199614 -0.160041928
v -0.430590749 -0.567688704 -0.161068797
v -0.421173334 -0.570535719 -0.162175119
v -0.420624673 -0.569583714 -0.164654195
v -0.420009702 -0.567150533 -0.165681064
v -0.419688702 -0.564661443 -0.164654195
v -0.419849694 -0.563574493 -0.162175119
v -0.420398355 -0.564526498 -0.159696043
v -0.421013325 -0.566959679 -0.158669174
v -0.421334326 -0.569448769 -0.159696043
v -0.423284501 -0.569260359 -0.162175119
v -0.422863066 -0.568123102 -0.164600447
v -0.421064079 -0.566360235 -0.165605053
v -0.418941438 -0.565004468 -0.164600447
v -0.417738527 -0.564849854 -0.162175119
v -0.418159962 -0.56598711 -0.159749791
v -0.419958949 -0.567749977 -0.158745185
v -0.42208159 -0.569105744 -0.159749791
v -0.420772225 -0.572419465 -0.163219839
v -0.42035079 -0.571282208 -0.165645167
v -0.418551803 -0.569519341 -0.166649774
v -0.416429162 -0.568163574 -0.165645167
v -0.415226251 -0.568008959 -0.163219839
v -0.415647686 -0.569146216 -0.160794511
v -0.417446673 -0.570909083 -0.159789905
v -0.419569314 -0.57226485 -0.160794511
v -0.419135273 -0.573570073 -0.163219839
v -0.419165105 -0.572464466 -0.165695682
v -0.418511957 -0.570040643 -0.16672121
v -0.417558461 -0.567718506 -0.165695682
v -0.416863203 -0.566858351 -0.163219839
v -0.416833371 -0.567963958 -0.160743997
v -0.417486519 -0.570387781 -0.159718469
v -0.418440014 -0.572709918 -0.160743997
v -0.410813063 -0.576387346 -0.16457814
v -0.410842896 -0.575281739 -0.167053983
v -0.410189748 -0.572857916 -0.16807951
v -0.409236252 -0.570535779 -0.167053983
v -0.408540994 -0.569675624 -0.16457814
v -0.408511162 -0.570781231 -0.162102297
v -0.40916431 -0.573205054 -0.161076769
v -0.410117805 -0.575527191 -0.162102297
v -0.410413146 -0.576497138 -0.16457814
v -0.409955919 -0.57553339 -0.167071179
v -0.409335315 -0.573104084 -0.168103829
v -0.408914894 -0.570632219 -0.167071179
v -0.408940911 -0.569565833 -0.16457814
v -0.409398139 -0.57052958 -0.162085101
v -0.410018742 -0.572958887 -0.161052451
v -0.410439163 -0.575430751 -0.162085101
v -0.40132603 -0.578427315 -0.16365768
v -0.400868803 -0.577463567 -0.166150719
v -0.4002482 -0.575034261 -0.167183369
v -0.399827778 -0.572562397 -0.166150719
v -0.399853796 -0.57149601 -0.16365768
v -0.400311023 -0.572459757 -0.161164641
v -0.400931627 -0.574889064 -0.160131991
v -0.401352048 -0.577360928 -0.161164641
v -0.40140745 -0.578409016 -0.16365768
v -0.401050925 -0.577427089 -0.166160047
v -0.400424361 -0.575000942 -0.167196557
v -0.399894774 -0.572551787 -0.166160047
v -0.399772376 -0.571514308 -0.16365768
v -0.400128901 -0.572496235 -0.161155313
v -0.400755465 -0.574922383 -0.160118803
v -0.401285052 -0.577371538 -0.161155313
v -0.392490238 -0.580523729 -0.163217068
v -0.392133713 -0.579541802 -0.165719435
v -0.391507149 -0.577115655 -0.166755944
v -0.390977561 -0.5746665 -0.165719435
v -0.390855163 -0.573629022 -0.163217068
v -0.391211689 -0.574610949 -0.160714701
v -0.391838253 -0.577037096 -0.159678191
v -0.39236784 -0.579486251 -0.160714701
v -0.394630075 -0.579027414 -0.163217068
v -0.394309759 -0.577628493 -0.165517852
v -0.3924447 -0.575906157 -0.166470855
v -0.39012742 -0.574869335 -0.165517852
v -0.388715327 -0.575125337 -0.163217068
v -0.389035642 -0.576524258 -0.160916284
v -0.390900701 -0.578246593 -0.15996328
v -0.393217981 -0.579283416 -0.160916284
v -0.392356455 -0.582473755 -0.164995983
v -0.39203614 -0.581074834 -0.167296767
v -0.390171081 -0.579352498 -0.168249771
v -0.387853801 -0.578315675 -0.167296767
v -0.386441708 -0.578571677 -0.164995983
v -0.386762023 -0.579970598 -0.162695199
v -0.388627082 -0.581692934 -0.161742195
v -0.390944362 -0.582729757 -0.162695199
v -0.3900567 -0.584004104 -0.164995983
v -0.389504373 -0.583052397 -0.167474344
v -0.388890386 -0.580618799 -0.168500915
v -0.388574362 -0.578128934 -0.167474344
v -0.388741463 -0.577041328 -0.164995983
v -0.38929379 -0.577993035 -0.162517622
v -0.389907777 -0.580426633 -0.161491051
v -0.390223801 -0.582916498 -0.162517622
v -0.380832016 -0.585746586 -0.163609341
v -0.38027969 -0.584794879 -0.166087702
v -0.379665703 -0.582361281 -0.167114273
v -0.379349679 -0.579871416 -0.166087702
v -0.37951678 -0.57878381 -0.163609341
v -0.380069107 -0.579735518 -0.16113098
v -0.380683094 -0.582169116 -0.160104409
v -0.380999118 -0.58465898 -0.16113098
v -0.379715651 -0.582265198 -0.160096198
v -0.379772037 -0.584769189 -0.161135361
v -0.3800641 -0.585806429 -0.163623735
v -0.380420804 -0.584769189 -0.166103691
v -0.380633146 -0.582265198 -0.167122483
v -0.38057676 -0.579761207 -0.166083321
v -0.380284697 -0.578723967 -0.163594946
v -0.379927993 -0.579761207 -0.161114991
v -0.374064624 -0.582086205 -0.160834104
v -0.37412101 -0.584590197 -0.161873266
v -0.374413073 -0.585627437 -0.164361641
v -0.374769777 -0.584590197 -0.166841596
v -0.374982119 -0.582086205 -0.167860389
v -0.374925733 -0.579582214 -0.166821226
v -0.37463367 -0.578544974 -0.164332852
v -0.374276966 -0.579582214 -0.161852896
v -0.375400513 -0.585518897 -0.164347246
v -0.375118077 -0.584519982 -0.166852355
v -0.374487251 -0.582095444 -0.167890012
v -0.373877615 -0.579665482 -0.166852355
v -0.37364623 -0.578653514 -0.164347246
v -0.373928666 -0.579652429 -0.161842138
v -0.374559492 -0.582076967 -0.16080448
v -0.375169128 -0.584506929 -0.161842138
v -0.366615027 -0.587763846 -0.164251864
v -0.366332591 -0.586764932 -0.166756973
v -0.365701765 -0.584340394 -0.16779463
v -0.365092129 -0.581910431 -0.166756973
v -0.364860743 -0.580898464 -0.164251864
v -0.36514318 -0.581897378 -0.161746755
v -0.365774006 -0.584321916 -0.160709098
v -0.366383642 -0.586751878 -0.161746755
v -0.368231595 -0.586847901 -0.164251864
v -0.367555976 -0.586056471 -0.16675593
v -0.365815341 -0.584254384 -0.16779314
v -0.364029348 -0.582497299 -0.16675593
v -0.363244176 -0.581814408 -0.164251864
v -0.363919795 -0.582605839 -0.161747798
v -0.365660429 -0.584407926 -0.160710588
v -0.367446423 -0.586165011 -0.161747798
v -0.362584651 -0.592443168 -0.16449663
v -0.361909032 -0.591651738 -0.167000696
v -0.360168397 -0.589849651 -0.168037906
v -0.358382404 -0.588092566 -0.167000696
v -0.357597232 -0.587409675 -0.16449663
v -0.358272851 -0.588201106 -0.161992565
v -0.360013485 -0.590003192 -0.160955355
v -0.361799479 -0.591760278 -0.161992565
v -0.361212164 -0.593287289 -0.16449663
v -0.361224949 -0.592189074 -0.16697593
v -0.360573441 -0.589765429 -0.168002889
v -0.359639287 -0.58743608 -0.16697593
v -0.358969718 -0.586565554 -0.16449663
v -0.358956933 -0.58766377 -0.162017331
v -0.359608442 -0.590087414 -0.160990372
v -0.360542595 -0.592416763 -0.162017331
v -0.35287714 -0.596067965 -0.165771291
v -0.352889925 -0.594969749 -0.168250591
v -0.352238417 -0.592546105 -0.169277549
v -0.351304263 -0.590216756 -0.168250591
v -0.350634694 -0.58934623 -0.165771291
v -0.350621909 -0.590444446 -0.163291991
v -0.351273417 -0.59286809 -0.162265033
v -0.352207571 -0.595197439 -0.163291991
v -0.353357106 -0.592707098 -0.162610799
v -0.352371663 -0.59514451 -0.163274825
v -0.351025492 -0.596154153 -0.165401235
v -0.350107223 -0.59514451 -0.167744428
v -0.350154728 -0.592707098 -0.168931782
v -0.351140171 -0.590269685 -0.168267757
v -0.352486342 -0.589260042 -0.166141346
v -0.353404611 -0.590269685 -0.163798153
v -0.346330822 -0.590836108 -0.15905109
v -0.345345378 -0.59327352 -0.159715116
v -0.343999207 -0.594283164 -0.161841527
v -0.343080938 -0.59327352 -0.164184719
v -0.343128443 -0.590836108 -0.165372074
v -0.344113886 -0.588398695 -0.164708048
v -0.345460057 -0.587389052 -0.162581638
v -0.346378326 -0.588398695 -0.160238445
v -0.345772237 -0.594222188 -0.162211582
v -0.345692515 -0.593160927 -0.164705679
v -0.345048755 -0.590737879 -0.165738776
v -0.344218045 -0.58837229 -0.164705679
v -0.343687028 -0.587450027 -0.162211582
v -0.343766749 -0.588511288 -0.159717485
v -0.344410509 -0.590934336 -0.158684388
v -0.345241219 -0.593299925 -0.159717485
v -0.337308854 -0.596828103 -0.163049892
v -0.337229133 -0.595766842 -0.165543988
v -0.336585373 -0.593343794 -0.166577086
v -0.335754663 -0.590978205 -0.165543988
v -0.335223645 -0.590055943 -0.163049892
v -0.335303366 -0.591117203 -0.160555795
v -0.335947126 -0.593540251 -0.159522697
v -0.336777836 -0.59590584 -0.160555795
v -0.337365955 -0.596809983 -0.163049892
v -0.337353766 -0.595722377 -0.165533841
v -0.336704522 -0.593298912 -0.166562721
v -0.335798532 -0.590959311 -0.165533841
v -0.335166544 -0.590074062 -0.163049892
v -0.335178733 -0.591161668 -0.160565943
v -0.335827976 -0.593585134 -0.159537062
v -0.336733967 -0.595924735 -0.160565943
v -0.329004973 -0.599539995 -0.16420424
v -0.328992784 -0.598452389 -0.166688189
v -0.32834354 -0.596028924 -0.167717069
v -0.32743755 -0.593689322 -0.166688189
v -0.326805562 -0.592804074 -0.16420424
v -0.326817751 -0.59389168 -0.161720291
v -0.327466995 -0.596315145 -0.16069141
v -0.328372985 -0.598654747 -0.161720291
v -0.33035925 -0.598727524 -0.16420424
v -0.329640508 -0.597979009 -0.166709498
v -0.327905267 -0.596172035 -0.1677472
v -0.326170027 -0.59436506 -0.166709498
v -0.325451285 -0.593616545 -0.16420424
v -0.326170027 -0.59436506 -0.161698982
v -0.327905267 -0.596172035 -0.16066128
v -0.329640508 -0.597979009 -0.161698982
v -0.327499807 -0.601473391 -0.16420424
v -0.326781064 -0.600724876 -0.166709498
v -0.325045824 -0.598917902 -0.1677472
v -0.323310584 -0.597110927 -0.166709498
v -0.322591841 -0.596362412 -0.16420424
v -0.323310584 -0.597110927 -0.161698982
v -0.325045824 -0.598917902 -0.16066128
v -0.326781064 -0.600724876 -0.161698982
v -0.325688332 -0.602402091 -0.16420424
v -0.325118601 -0.601451993 -0.166679263
v -0.324506253 -0.599017382 -0.167704463
v -0.324209988 -0.596524537 -0.166679263
v -0.324403316 -0.595433712 -0.16420424
v -0.324973047 -0.59638381 -0.161729217
v -0.325585395 -0.598818421 -0.160704017
v -0.32588166 -0.601311266 -0.161729217
v -0.316505313 -0.604095459 -0.162740499
v -0.315935582 -0.603145361 -0.165215522
v -0.315323234 -0.60071075 -0.166240722
v -0.315026969 -0.598217905 -0.165215522
v -0.315220296 -0.59712708 -0.162740499
v -0.315790027 -0.598077178 -0.160265476
v -0.316402376 -0.600511789 -0.159240276
v -0.316698641 -0.603004634 -0.160265476
v -0.316999048 -0.603967071 -0.162740499
v -0.317029059 -0.602861345 -0.165216297
v -0.316375881 -0.600437522 -0.16624181
v -0.315422148 -0.598115504 -0.165216297
v -0.314726561 -0.597255468 -0.162740499
v -0.31469655 -0.598361194 -0.160264701
v -0.315349728 -0.600785017 -0.159239188
v -0.316303462 -0.603107035 -0.160264701
v -0.308707803 -0.60677439 -0.164094776
v -0.308737814 -0.605668664 -0.166570574
v -0.308084637 -0.603244841 -0.167596087
v -0.307130903 -0.600922823 -0.166570574
v -0.306435317 -0.600062788 -0.164094776
v -0.306405306 -0.601168513 -0.161618978
v -0.307058483 -0.603592336 -0.160593465
v -0.308012217 -0.605914354 -0.161618978
v -0.310025543 -0.605974078 -0.164094776
v -0.309306771 -0.605225623 -0.166600034
v -0.30757156 -0.603418589 -0.167637736
v -0.30583635 -0.601611555 -0.166600034
v -0.305117577 -0.600863099 -0.164094776
v -0.30583635 -0.601611555 -0.161589518
v -0.30757156 -0.603418589 -0.160551816
v -0.309306771 -0.605225623 -0.161589518
v -0.307168067 -0.608718038 -0.164094776
v -0.306449294 -0.607969582 -0.166600034
v -0.304714084 -0.606162548 -0.167637736
v -0.302978873 -0.604355514 -0.166600034
v -0.302260101 -0.603607059 -0.164094776
v -0.302978873 -0.604355514 -0.161589518
v -0.304714084 -0.606162548 -0.160551816
v -0.306449294 -0.607969582 -0.161589518
v -0.305525154 -0.606162548 -0.160645902
v -0.305635363 -0.60864222 -0.161737844
v -0.305205911 -0.609669268 -0.164210439
v -0.304488361 -0.60864222 -0.166615278
v -0.303903013 -0.606162548 -0.16754365
v -0.303792804 -0.603682876 -0.166451707
v -0.304222256 -0.602655828 -0.163979113
v -0.304939806 -0.603682876 -0.161574274
v -0.296131998 -0.607552826 -0.158436924
v -0.296242207 -0.610032499 -0.159528866
v -0.295812756 -0.611059546 -0.162001461
v -0.295095205 -0.610032499 -0.1644063
v -0.294509858 -0.607552826 -0.165334672
v -0.294399649 -0.605073154 -0.16424273
v -0.2948291 -0.604046106 -0.161770135
v -0.295546651 -0.605073154 -0.159365296
v -0.296136349 -0.611000657 -0.161885798
v -0.295778692 -0.610018909 -0.164388075
v -0.295152873 -0.607592583 -0.165424541
v -0.294625491 -0.605142951 -0.164388075
v -0.294505507 -0.604104996 -0.161885798
v -0.294863164 -0.605086744 -0.15938352
v -0.295488983 -0.60751307 -0.158347055
v -0.296016365 -0.609962702 -0.15938352
v -0.287300825 -0.613090277 -0.161442727
v -0.286943167 -0.612108529 -0.163945004
v -0.286317348 -0.609682202 -0.16498147
v -0.285789967 -0.607232571 -0.163945004
v -0.285669982 -0.606194615 -0.161442727
v -0.28602764 -0.607176363 -0.158940449
v -0.286653459 -0.60960269 -0.157903984
v -0.287180841 -0.612052321 -0.158940449
v -0.286202043 -0.613174081 -0.161442727
v -0.286292523 -0.612140298 -0.16394797
v -0.286495984 -0.609643281 -0.164985672
v -0.286693245 -0.607145846 -0.16394797
v -0.286768764 -0.606110811 -0.161442727
v -0.286678284 -0.607144594 -0.158937484
v -0.286474824 -0.609641612 -0.157899782
v -0.286277562 -0.612139046 -0.158937484
v -0.280367345 -0.612705946 -0.161460266
v -0.280457824 -0.611672163 -0.163965508
v -0.280661285 -0.609175146 -0.16500321
v -0.280858546 -0.606677711 -0.163965508
v -0.280934066 -0.605642676 -0.161460266
v -0.280843586 -0.606676459 -0.158955023
v -0.280640125 -0.609173477 -0.157917321
v -0.280442864 -0.611670911 -0.158955023
v -0.281585515 -0.612591743 -0.161460266
v -0.28137508 -0.611573458 -0.163964659
v -0.280740291 -0.609149814 -0.165002003
v -0.280053049 -0.606740534 -0.163964659
v -0.279715896 -0.605756879 -0.161460266
v -0.27992633 -0.606775165 -0.158955872
v -0.280561119 -0.609198809 -0.157918528
v -0.281248361 -0.611608088 -0.158955872
v -0.27296862 -0.614948869 -0.161694571
v -0.272758186 -0.613930583 -0.164198965
v -0.272123396 -0.611506939 -0.165236309
v -0.271436155 -0.60909766 -0.164198965
v -0.271099001 -0.608114004 -0.161694571
v -0.271309435 -0.60913229 -0.159190178
v -0.271944225 -0.611555934 -0.158152834
v -0.272631466 -0.613965213 -0.159190178
v -0.273052335 -0.614924848 -0.161694571
v -0.272943914 -0.613873959 -0.164191961
v -0.27230233 -0.611450851 -0.165226415
v -0.271503478 -0.60907495 -0.164191961
v -0.271015286 -0.608138025 -0.161694571
v -0.271123707 -0.609188914 -0.159197181
v -0.271765292 -0.611612022 -0.158162728
v -0.272564143 -0.613987923 -0.159197181
v -0.264581054 -0.617467523 -0.162396684
v -0.264472634 -0.616416633 -0.164894074
v -0.263831049 -0.613993526 -0.165928528
v -0.263032198 -0.611617625 -0.164894074
v -0.262544006 -0.610680699 -0.162396684
v -0.262652427 -0.611731589 -0.159899294
v -0.263294011 -0.614154696 -0.158864841
v -0.264092863 -0.616530597 -0.159899294
v -0.266204298 -0.616434991 -0.162396684
v -0.265684009 -0.615459859 -0.164872885
v -0.263921022 -0.613672972 -0.165898561
v -0.261948019 -0.612121105 -0.164872885
v -0.260920763 -0.611713231 -0.162396684
v -0.261441052 -0.612688363 -0.159920484
v -0.263204038 -0.61447525 -0.158894807
v -0.265177041 -0.616027117 -0.159920484
v -0.263537496 -0.619419098 -0.163011506
v -0.263017207 -0.618443966 -0.165487707
v -0.261254221 -0.616657078 -0.166513383
v -0.259281218 -0.615105212 -0.165487707
v -0.258253962 -0.614697337 -0.163011506
v -0.258774251 -0.615672469 -0.160535306
v -0.260537237 -0.617459357 -0.159509629
v -0.26251024 -0.619011223 -0.160535306
v -0.262025625 -0.620416164 -0.163011506
v -0.262048364 -0.619313657 -0.165488809
v -0.261395901 -0.616889894 -0.166514948
v -0.260450453 -0.614564776 -0.165488809
v -0.259765834 -0.613700271 -0.163011506
v -0.259743094 -0.614802778 -0.160534203
v -0.260395557 -0.617226541 -0.159508064
v -0.261341006 -0.619551659 -0.160534203
v -0.253739506 -0.623204291 -0.164328441
v -0.253762245 -0.622101784 -0.166805744
v -0.253109783 -0.61967802 -0.167831883
v -0.252164334 -0.617352903 -0.166805744
v -0.251479715 -0.616488397 -0.164328441
v -0.251456976 -0.617590904 -0.161851138
v -0.252109438 -0.620014668 -0.160824999
v -0.253054887 -0.622339785 -0.161851138
v -0.253739536 -0.623204291 -0.164328441
v -0.253762245 -0.622101784 -0.166805744
v -0.253109783 -0.61967802 -0.167831883
v -0.252164334 -0.617352903 -0.166805744
v -0.251479685 -0.616488397 -0.164328441
v -0.251456976 -0.617590904 -0.161851138
v -0.252109438 -0.620014668 -0.160824999
v -0.253054887 -0.622339785 -0.161851138
v -0.245453387 -0.625992477 -0.165645376
v -0.245476127 -0.62488997 -0.168122679
v -0.24482365 -0.622466207 -0.169148818
v -0.243878186 -0.620141089 -0.168122679
v -0.243193567 -0.619276583 -0.165645376
v -0.243170828 -0.62037909 -0.163168073
v -0.243823305 -0.622802854 -0.162141934
v -0.244768769 -0.625127971 -0.163168073
v -0.244061515 -0.62263453 -0.162112117
v -0.244003236 -0.625136137 -0.163156986
v -0.244132563 -0.626172304 -0.165659532
v -0.244373709 -0.625136137 -0.168153778
v -0.24458544 -0.62263453 -0.169178635
v -0.244643718 -0.620132923 -0.168133765
v -0.244514391 -0.619096756 -0.16563122
v -0.244273245 -0.620132923 -0.163136974
v -0.238363832 -0.622325361 -0.16253455
v -0.238305554 -0.624826968 -0.163579419
v -0.238434881 -0.625863135 -0.166081965
v -0.238676026 -0.624826968 -0.168576211
v -0.238887757 -0.622325361 -0.169601068
v -0.238946036 -0.619823754 -0.168556198
v -0.238816708 -0.618787587 -0.166053653
v -0.238575563 -0.619823754 -0.163559407
v -0.239281729 -0.625807047 -0.166067809
v -0.238728136 -0.624855399 -0.168545917
v -0.238114595 -0.622421682 -0.169572368
v -0.237800509 -0.619931519 -0.168545917
v -0.23796986 -0.618843675 -0.166067809
v -0.238523453 -0.619795322 -0.163589701
v -0.239136994 -0.62222904 -0.162563249
v -0.239451081 -0.624719203 -0.163589701
v -0.230211943 -0.627515733 -0.164697886
v -0.22965835 -0.626564085 -0.167175993
v -0.22904481 -0.624130368 -0.168202445
v -0.228730723 -0.621640205 -0.167175993
v -0.228900075 -0.620552361 -0.164697886
v -0.229453668 -0.621504009 -0.162219778
v -0.230067208 -0.623937726 -0.161193326
v -0.230381295 -0.626427889 -0.162219778
v -0.230542585 -0.627436876 -0.164697886
v -0.230395481 -0.6263991 -0.167198777
v -0.229756624 -0.623975873 -0.168234676
v -0.229000255 -0.62158674 -0.167198777
v -0.228569433 -0.620631218 -0.164697886
v -0.228716537 -0.621668994 -0.162196994
v -0.229355395 -0.624092221 -0.161161095
v -0.230111763 -0.626481354 -0.162196994
v -0.222033933 -0.629903793 -0.165221095
v -0.221886829 -0.628866017 -0.167721987
v -0.221247971 -0.62644279 -0.168757886
v -0.220491603 -0.624053657 -0.167721987
v -0.220060781 -0.623098135 -0.165221095
v -0.220207885 -0.624135911 -0.162720203
v -0.220846742 -0.626559138 -0.161684304
v -0.22160311 -0.628948271 -0.162720203
v -0.223718047 -0.628829062 -0.165221095
v -0.223228052 -0.627811909 -0.167686552
v -0.221460626 -0.626026869 -0.168707788
v -0.219451115 -0.624519527 -0.167686552
v -0.218376666 -0.624172866 -0.165221095
v -0.218866661 -0.62519002 -0.162755638
v -0.220634088 -0.62697506 -0.161734402
v -0.222643599 -0.628482401 -0.162755638
v -0.221078977 -0.631856501 -0.165945545
v -0.220588982 -0.630839348 -0.168411002
v -0.218821555 -0.629054308 -0.169432238
v -0.216812044 -0.627546966 -0.168411002
v -0.215737596 -0.627200305 -0.165945545
v -0.216227591 -0.628217459 -0.163480088
v -0.217995018 -0.630002499 -0.162458852
v -0.220004529 -0.63150984 -0.163480088
v -0.219176501 -0.632987082 -0.165945545
v -0.218760535 -0.63201648 -0.168443143
v -0.218138233 -0.629588366 -0.169477686
v -0.217674121 -0.627125144 -0.168443143
v -0.217640072 -0.626069725 -0.165945545
v -0.218056038 -0.627040327 -0.163447946
v -0.21867834 -0.629468441 -0.162413403
v -0.219142452 -0.631931663 -0.163447946
v -0.210315734 -0.634955168 -0.165234655
v -0.209899768 -0.633984566 -0.167732254
v -0.209277466 -0.631556451 -0.168766797
v -0.208813354 -0.62909323 -0.167732254
v -0.208779305 -0.62803781 -0.165234655
v -0.209195271 -0.629008412 -0.162737057
v -0.209817573 -0.631436527 -0.161702514
v -0.210281685 -0.633899748 -0.162737057
v -0.210195571 -0.631496489 -0.161751464
v -0.210415259 -0.633966863 -0.162847862
v -0.210126638 -0.634990156 -0.165342405
v -0.209498793 -0.633966863 -0.167773828
v -0.208899468 -0.631496489 -0.168717846
v -0.20867978 -0.629026115 -0.167621449
v -0.208968401 -0.628002822 -0.165126905
v -0.209596246 -0.629026115 -0.162695482
v -0.201061815 -0.633062959 -0.160052136
v -0.201281503 -0.635533333 -0.161148533
v -0.200992882 -0.636556625 -0.163643077
v -0.200365037 -0.635533333 -0.166074499
v -0.199765712 -0.633062959 -0.167018518
v -0.199546024 -0.630592585 -0.16592212
v -0.199834645 -0.629569292 -0.163427576
v -0.20046249 -0.630592585 -0.160996154
v -0.201034784 -0.633062959 -0.160047218
v -0.201272443 -0.635531723 -0.161143556
v -0.201007098 -0.636554301 -0.163640961
v -0.200394183 -0.635531723 -0.166076481
v -0.199792743 -0.633062959 -0.167023435
v -0.199555084 -0.630594194 -0.165927097
v -0.199820429 -0.629571617 -0.163429692
v -0.200433344 -0.630594194 -0.160994172
v -0.191936672 -0.634658158 -0.158427402
v -0.19217433 -0.637126923 -0.15952374
v -0.191908985 -0.6381495 -0.162021145
v -0.191296071 -0.637126923 -0.164456666
v -0.19069463 -0.634658158 -0.165403619
v -0.190456972 -0.632189393 -0.164307281
v -0.190722317 -0.631166816 -0.161809877
v -0.191335231 -0.632189393 -0.159374356
v -0.190856993 -0.638171315 -0.161915511
v -0.190687522 -0.637102664 -0.164401963
v -0.190886006 -0.63460207 -0.165431872
v -0.19133617 -0.632134318 -0.164401963
v -0.191774309 -0.631145 -0.161915511
v -0.19194378 -0.632213652 -0.159429058
v -0.191745296 -0.634714246 -0.15839915
v -0.191295132 -0.637181997 -0.159429058
v -0.184859291 -0.637388289 -0.1611702
v -0.18468982 -0.636319637 -0.163656652
v -0.184888303 -0.633819044 -0.164686561
v -0.185338467 -0.631351292 -0.163656652
v -0.185776606 -0.630361974 -0.1611702
v -0.185946077 -0.631430626 -0.158683747
v -0.185747594 -0.63393122 -0.157653838
v -0.18529743 -0.636398971 -0.158683747
v -0.186272249 -0.63728714 -0.1611702
v -0.186085716 -0.636261761 -0.163673595
v -0.185449451 -0.633838356 -0.164710522
v -0.184736148 -0.631436467 -0.163673595
v -0.184363648 -0.630463123 -0.1611702
v -0.184550181 -0.631488502 -0.158666804
v -0.185186446 -0.633911908 -0.157629877
v -0.185899749 -0.636313796 -0.158666804
v -0.177743509 -0.639672518 -0.161511764
v -0.177556977 -0.638647139 -0.164015159
v -0.176920712 -0.636223733 -0.165052086
v -0.176207408 -0.633821845 -0.164015159
v -0.175834909 -0.632848501 -0.161511764
v -0.176021442 -0.63387388 -0.159008369
v -0.176657706 -0.636297286 -0.157971442
v -0.17737101 -0.638699174 -0.159008369
v -0.179243177 -0.638815999 -0.161511764
v -0.17852442 -0.638067544 -0.164017022
v -0.176789209 -0.636260509 -0.165054724
v -0.175053999 -0.634453475 -0.164017022
v -0.174335241 -0.63370502 -0.161511764
v -0.175053999 -0.634453475 -0.159006506
v -0.176789209 -0.636260509 -0.157968804
v -0.17852442 -0.638067544 -0.159006506
v -0.176401749 -0.641544521 -0.161511764
v -0.175682992 -0.640796065 -0.164017022
v -0.173947781 -0.638989031 -0.165054724
v -0.172212571 -0.637181997 -0.164017022
v -0.171493813 -0.636433542 -0.161511764
v -0.172212571 -0.637181997 -0.159006506
v -0.173947781 -0.638989031 -0.157968804
v -0.175682992 -0.640796065 -0.159006506
v -0.174919143 -0.642396212 -0.161511764
v -0.174753711 -0.641364336 -0.164013952
v -0.174116179 -0.63894105 -0.165050387
v -0.173380002 -0.636545837 -0.164013952
v -0.172976419 -0.635581851 -0.161511764
v -0.173141852 -0.636613727 -0.159009576
v -0.173779383 -0.639037013 -0.15797314
v -0.17451556 -0.641432226 -0.159009576
v -0.166421756 -0.644818723 -0.161948994
v -0.166256323 -0.643786848 -0.164451182
v -0.165618792 -0.641363561 -0.165487617
v -0.164882615 -0.638968349 -0.164451182
v -0.164479032 -0.638004363 -0.161948994
v -0.164644465 -0.639036238 -0.159446806
v -0.165281996 -0.641459525 -0.15841037
v -0.166018173 -0.643854737 -0.159446806
v -0.164615944 -0.641411543 -0.158505708
v -0.16488193 -0.643916667 -0.159508988
v -0.165480897 -0.644954383 -0.161941603
v -0.166062012 -0.643916667 -0.164378539
v -0.166284844 -0.641411543 -0.16539228
v -0.166018859 -0.638906419 -0.164388999
v -0.165419891 -0.637868702 -0.161956385
v -0.164838776 -0.638906419 -0.159519449
v -0.159202993 -0.641460896 -0.159817487
v -0.159468979 -0.643966019 -0.160820767
v -0.160067946 -0.645003736 -0.163253382
v -0.160649061 -0.643966019 -0.165690318
v -0.160871893 -0.641460896 -0.166704059
v -0.160605907 -0.638955772 -0.165700778
v -0.16000694 -0.637918055 -0.163268164
v -0.159425825 -0.638955772 -0.160831228
v -0.160673946 -0.644946218 -0.163260773
v -0.160097063 -0.643996716 -0.16573438
v -0.159485251 -0.641561747 -0.166758984
v -0.159196913 -0.639067709 -0.16573438
v -0.15940094 -0.637975574 -0.163260773
v -0.159977823 -0.638925076 -0.160787165
v -0.160589635 -0.641360044 -0.159762561
v -0.160877973 -0.643854082 -0.160787165
v -0.151661336 -0.64659214 -0.161790699
v -0.151084453 -0.645642638 -0.164264306
v -0.150472641 -0.643207669 -0.16528891
v -0.150184304 -0.640713632 -0.164264306
v -0.15038833 -0.639621496 -0.161790699
v -0.150965214 -0.640570998 -0.159317091
v -0.151577026 -0.643005967 -0.158292487
v -0.151865363 -0.645500004 -0.159317091
v -0.15192844 -0.646532595 -0.161790699
v -0.151679546 -0.645525038 -0.164295897
v -0.151047125 -0.643100917 -0.165333584
v -0.150401652 -0.640680254 -0.164295897
v -0.150121227 -0.639681041 -0.161790699
v -0.150370121 -0.640688598 -0.159285501
v -0.151002541 -0.643112719 -0.158247814
v -0.151648015 -0.645533383 -0.159285501
v -0.143341392 -0.648797572 -0.161848485
v -0.143092498 -0.647790015 -0.164353684
v -0.142460078 -0.645365894 -0.165391371
v -0.141814604 -0.64294523 -0.164353684
v -0.141534179 -0.641946018 -0.161848485
v -0.141783074 -0.642953575 -0.159343287
v -0.142415494 -0.645377696 -0.1583056
v -0.143060967 -0.647798359 -0.159343287
v -0.141603336 -0.645371795 -0.1584052
v -0.141869307 -0.647876918 -0.15940848
v -0.142468289 -0.648914635 -0.161841094
v -0.143049404 -0.647876918 -0.16427803
v -0.143272236 -0.645371795 -0.165291771
v -0.143006265 -0.642866671 -0.164288491
v -0.142407283 -0.641828954 -0.161855876
v -0.141826168 -0.642866671 -0.159418941
v -0.136195883 -0.645421088 -0.159715652
v -0.136461854 -0.647926211 -0.160718933
v -0.137060836 -0.648963928 -0.163151547
v -0.137641951 -0.647926211 -0.165588483
v -0.137864783 -0.645421088 -0.166602224
v -0.137598813 -0.642915964 -0.165598944
v -0.136999831 -0.641878247 -0.163166329
v -0.136418715 -0.642915964 -0.160729393
v -0.137651816 -0.648909092 -0.163158938
v -0.137056217 -0.647961199 -0.165628716
v -0.136445463 -0.645525277 -0.166651741
v -0.136177316 -0.643028378 -0.165628716
v -0.136408851 -0.641933084 -0.163158938
v -0.13700445 -0.642880976 -0.16068916
v -0.137615204 -0.645316899 -0.159666136
v -0.13788335 -0.647813797 -0.16068916
v -0.128640935 -0.650514603 -0.161602154
v -0.128045335 -0.64956671 -0.164071932
v -0.127434582 -0.647130787 -0.165094957
v -0.127166435 -0.644633889 -0.164071932
v -0.127397969 -0.643538594 -0.161602154
v -0.127993569 -0.644486487 -0.159132376
v -0.128604323 -0.64692241 -0.158109352
v -0.128872469 -0.649419308 -0.159132376
v -0.127185002 -0.647026598 -0.158158869
v -0.127450988 -0.649531722 -0.159162149
v -0.128049985 -0.650569439 -0.161594763
v -0.128631085 -0.649531722 -0.164031699
v -0.128853902 -0.647026598 -0.16504544
v -0.128587916 -0.644521475 -0.16404216
v -0.12798892 -0.643483758 -0.161609545
v -0.127407819 -0.644521475 -0.159172609
v -0.121781468 -0.647075891 -0.159468368
v -0.122047454 -0.649581015 -0.160471648
v -0.122646444 -0.650618732 -0.162904263
v -0.123227552 -0.649581015 -0.165341198
v -0.123450369 -0.647075891 -0.166354939
v -0.123184383 -0.644570768 -0.165351659
v -0.122585393 -0.643533051 -0.162919044
v -0.122004285 -0.644570768 -0.160482109
v -0.12365976 -0.650461614 -0.162911654
v -0.123581424 -0.649399817 -0.165405571
v -0.1229375 -0.646976769 -0.166438594
v -0.122105204 -0.644611716 -0.165405571
v -0.121572077 -0.643690169 -0.162911654
v -0.121650413 -0.644751966 -0.160417736
v -0.122294337 -0.647175014 -0.159384713
v -0.123126633 -0.649540067 -0.160417736
v -0.11529544 -0.653040409 -0.163746804
v -0.115217105 -0.651978612 -0.166240722
v -0.114573181 -0.649555564 -0.167273745
v -0.113740884 -0.647190511 -0.166240722
v -0.113207757 -0.646268964 -0.163746804
v -0.113286093 -0.647330761 -0.161252886
v -0.113930017 -0.649753809 -0.160219863
v -0.114762314 -0.652118862 -0.161252886
v -0.114967681 -0.653124511 -0.163746804
v -0.114485793 -0.6521644 -0.166236594
v -0.113866717 -0.649734139 -0.167267904
v -0.113473102 -0.647257328 -0.166236594
v -0.113535516 -0.646184862 -0.163746804
v -0.114017405 -0.647144973 -0.161257014
v -0.114636481 -0.649575233 -0.160225704
v -0.115030095 -0.652052045 -0.161257014
v -0.106123999 -0.654949605 -0.162738949
v -0.10564211 -0.653989494 -0.165228739
v -0.105023034 -0.651559234 -0.166260049
v -0.10462942 -0.649082422 -0.165228739
v -0.104691833 -0.648009956 -0.162738949
v -0.105173722 -0.648970068 -0.160249159
v -0.105792798 -0.651400328 -0.159217849
v -0.106186412 -0.653877139 -0.160249159
v -0.106402047 -0.651479781 -0.159338325
v -0.105662815 -0.653941154 -0.160203353
v -0.104774266 -0.654960692 -0.162553713
v -0.104256898 -0.653941154 -0.165012568
v -0.104413785 -0.651479781 -0.166139573
v -0.105153017 -0.649018407 -0.165274546
v -0.106041566 -0.647998869 -0.162924185
v -0.106558934 -0.649018407 -0.16046533
v -0.100190707 -0.650252461 -0.157522514
v -0.0994514748 -0.652713835 -0.158387542
v -0.0985629261 -0.653733373 -0.160737902
v -0.0980455577 -0.652713835 -0.163196757
v -0.0982024446 -0.650252461 -0.164323762
v -0.0989416763 -0.647791088 -0.163458735
v -0.0998302251 -0.64677155 -0.161108375
v -0.100347593 -0.647791088 -0.158649519
v -0.100260898 -0.653631806 -0.160923138
v -0.100206859 -0.65256083 -0.163413778
v -0.0995610133 -0.650137663 -0.16444543
v -0.0987016782 -0.647781789 -0.163413778
v -0.0981322527 -0.646873116 -0.160923138
v -0.0981862918 -0.647944093 -0.158432499
v -0.0988321379 -0.65036726 -0.157400846
v -0.0996914729 -0.652723134 -0.158432499
v -0.0919407234 -0.656252265 -0.161869377
v -0.0918866843 -0.655181289 -0.164360017
v -0.0912408382 -0.652758121 -0.165391669
v -0.0903815031 -0.650402248 -0.164360017
v -0.0898120776 -0.649493575 -0.161869377
v -0.0898661166 -0.650564551 -0.159378737
v -0.0905119628 -0.652987719 -0.158347085
v -0.0913712978 -0.655343592 -0.159378737
v -0.0900419503 -0.65287292 -0.158426091
v -0.0903079212 -0.655378044 -0.159429371
v -0.0909069031 -0.656415761 -0.161861986
v -0.0914880112 -0.655378044 -0.164298922
v -0.0917108506 -0.65287292 -0.165312663
v -0.0914448798 -0.650367796 -0.164309382
v -0.0908458978 -0.64933008 -0.161876768
v -0.0902647898 -0.650367796 -0.159439832
v -0.0846469626 -0.652922094 -0.159733519
v -0.0849129334 -0.655427217 -0.160736799
v -0.0855119154 -0.656464934 -0.163169414
v -0.0860930234 -0.655427217 -0.16560635
v -0.0863158628 -0.652922094 -0.166620091
v -0.086049892 -0.65041697 -0.16561681
v -0.08545091 -0.649379253 -0.163184196
v -0.084869802 -0.65041697 -0.16074726
v -0.0866874307 -0.656253457 -0.163176805
v -0.086795941 -0.655110598 -0.165633455
v -0.0861344188 -0.652685702 -0.16665104
v -0.085090369 -0.650399268 -0.165633455
v -0.0842753947 -0.649590731 -0.163176805
v -0.0841668844 -0.65073359 -0.160720155
v -0.0848284066 -0.653158486 -0.159702569
v -0.0858724564 -0.65544492 -0.160720155
v -0.0785674527 -0.659193039 -0.16490303
v -0.078675963 -0.658050179 -0.16735968
v -0.0780144408 -0.655625284 -0.168377265
v -0.076970391 -0.65333885 -0.16735968
v -0.0761554167 -0.652530313 -0.16490303
v -0.0760469064 -0.653673172 -0.16244638
v -0.0767084286 -0.656098068 -0.161428794
v -0.0777524784 -0.658384502 -0.16244638
v -0.0783419907 -0.655861676 -0.161498457
v -0.0776077509 -0.658323348 -0.162366882
v -0.0767292231 -0.659343004 -0.164720953
v -0.0762210414 -0.658323348 -0.167181671
v -0.0763808787 -0.655861676 -0.168307602
v -0.0771151185 -0.653400004 -0.167439178
v -0.0779936463 -0.652380347 -0.165085107
v -0.078501828 -0.653400004 -0.162624389
v -0.0721670464 -0.654647291 -0.159720004
v -0.0714328066 -0.657108963 -0.160588428
v -0.0705542788 -0.658128619 -0.162942499
v -0.070046097 -0.657108963 -0.165403217
v -0.0702059343 -0.654647291 -0.166529149
v -0.0709401742 -0.652185619 -0.165660724
v -0.0718187019 -0.651165962 -0.163306653
v -0.0723268837 -0.652185619 -0.160845935
v -0.0708946958 -0.654647291 -0.159593657
v -0.07084883 -0.657149076 -0.16063869
v -0.0710007623 -0.658185363 -0.163139924
v -0.0712614879 -0.657149076 -0.165632173
v -0.0714782849 -0.654647291 -0.166655496
v -0.0715241507 -0.652145505 -0.165610462
v -0.0713722184 -0.651109219 -0.163109228
v -0.0711114928 -0.652145505 -0.160616979
v -0.0596907288 -0.654055119 -0.16051954
v -0.0596448593 -0.656556904 -0.161564574
v -0.0597967878 -0.657593191 -0.164065808
v -0.0600575171 -0.656556904 -0.166558057
v -0.0602743104 -0.654055119 -0.167581379
v -0.0603201799 -0.651553333 -0.166536346
v -0.0601682514 -0.650517046 -0.164035112
v -0.0599075221 -0.651553333 -0.161542863
v -0.0608750209 -0.654055119 -0.160621762
v -0.0601843074 -0.656520784 -0.161514252
v -0.0593753904 -0.657542109 -0.163892418
v -0.0589221194 -0.656520784 -0.166363165
v -0.0590900183 -0.654055119 -0.167479157
v -0.0597807318 -0.651589453 -0.166586667
v -0.0605896488 -0.650568128 -0.164208502
v -0.0610429198 -0.651589453 -0.161737755
v -0.0547671095 -0.65291959 -0.159031853
v -0.0540763959 -0.655385256 -0.159924343
v -0.0532674789 -0.656406581 -0.162302509
v -0.052814208 -0.655385256 -0.164773256
v -0.0529821068 -0.65291959 -0.165889248
v -0.0536728203 -0.650453925 -0.164996758
v -0.0544817373 -0.6494326 -0.162618592
v -0.0549350083 -0.650453925 -0.160147846
v -0.055193983 -0.65620774 -0.162460551
v -0.0554226674 -0.654997826 -0.164876536
v -0.0547445193 -0.652570546 -0.165877268
v -0.0535567887 -0.65034771 -0.164876536
v -0.0525552332 -0.649631441 -0.162460551
v -0.0523265488 -0.650841355 -0.160044566
v -0.053004697 -0.653268635 -0.159043834
v -0.0541924275 -0.655491471 -0.160044566
v -0.0472400822 -0.659399271 -0.164811701
v -0.0474687666 -0.658189356 -0.167227685
v -0.0467906184 -0.655762076 -0.168228418
v -0.0456028879 -0.65353924 -0.167227685
v -0.0446013324 -0.652822971 -0.164811701
v -0.044372648 -0.654032886 -0.162395716
v -0.0450507961 -0.656460166 -0.161394984
v -0.0462385267 -0.658683002 -0.162395716
v -0.0467474759 -0.656111121 -0.161366552
v -0.0460890122 -0.658579528 -0.162275717
v -0.0453319587 -0.659601986 -0.164670408
v -0.0449197851 -0.658579528 -0.167147875
v -0.0450939387 -0.656111121 -0.168256849
v -0.0457524024 -0.653642714 -0.167347685
v -0.0465094559 -0.652620256 -0.164952993
v -0.0469216295 -0.653642714 -0.162475526
v -0.0406856984 -0.655029893 -0.159911841
v -0.0400272347 -0.6574983 -0.160821006
v -0.0392701812 -0.658520758 -0.163215697
v -0.0388580076 -0.6574983 -0.165693164
v -0.0390321612 -0.655029893 -0.166802138
v -0.0396906249 -0.652561486 -0.165892974
v -0.0404476784 -0.651539028 -0.163498282
v -0.040859852 -0.652561486 -0.161020815
v -0.0409254432 -0.658408523 -0.16335699
v -0.0408734195 -0.657336771 -0.165847316
v -0.0402271226 -0.654913664 -0.166878849
v -0.0393651463 -0.652558684 -0.165847316
v -0.0387924165 -0.651651263 -0.16335699
v -0.0388444401 -0.652723014 -0.160866663
v -0.039490737 -0.655146122 -0.15983513
v -0.0403527133 -0.657501101 -0.160866663
v -0.0326325335 -0.661026299 -0.164310366
v -0.0325805098 -0.659954548 -0.166800693
v -0.0319342129 -0.65753144 -0.167832226
v -0.0310722347 -0.655176461 -0.166800693
v -0.0304995086 -0.65426904 -0.164310366
v -0.0305515286 -0.655340791 -0.161820039
v -0.0311978254 -0.657763898 -0.160788506
v -0.0320598036 -0.660118878 -0.161820039
v -0.0312455893 -0.661176085 -0.164310366
v -0.0313039571 -0.660139441 -0.16681537
v -0.0315158367 -0.657643139 -0.167852968
v -0.0317571163 -0.65514946 -0.16681537
v -0.0318864509 -0.654119253 -0.164310366
v -0.0318280831 -0.655155897 -0.161805362
v -0.0316162035 -0.657652199 -0.160767764
v -0.0313749239 -0.660145879 -0.161805362
v -0.019816732 -0.66013819 -0.164147139
v -0.0198750999 -0.659101546 -0.166652143
v -0.0200869814 -0.656605244 -0.167689741
v -0.0203282572 -0.654111564 -0.166652143
v -0.0204575937 -0.653081357 -0.164147139
v -0.0203992259 -0.654118001 -0.161642134
v -0.0201873444 -0.656614304 -0.160604537
v -0.0199460685 -0.659107983 -0.161642134
v -0.021542199 -0.656609774 -0.160894692
v -0.0206094291 -0.659049809 -0.161622137
v -0.0194000117 -0.660060525 -0.163828701
v -0.0186224096 -0.659049809 -0.166221797
v -0.0187321268 -0.656609774 -0.167399585
v -0.0196648967 -0.654169738 -0.16667214
v -0.020874314 -0.653159022 -0.164465576
v -0.0216519162 -0.654169738 -0.16207248
v -0.0152006811 -0.655002296 -0.158155203
v -0.0142679121 -0.657442331 -0.158882648
v -0.0130584957 -0.658453047 -0.161089212
v -0.0122808916 -0.657442331 -0.163482308
v -0.0123906108 -0.655002296 -0.164660096
v -0.0133233797 -0.652562261 -0.163932651
v -0.0145327961 -0.651551545 -0.161726087
v -0.0153104002 -0.652562261 -0.159332991
v -0.0130687784 -0.655002296 -0.15794006
v -0.0132729784 -0.657507539 -0.158957511
v -0.0137833506 -0.658545256 -0.161410227
v -0.0143009247 -0.657507539 -0.163861439
v -0.0145225134 -0.655002296 -0.164875239
v -0.0143183134 -0.652497053 -0.163857788
v -0.0138079412 -0.651459336 -0.161405072
v -0.0132903671 -0.652497053 -0.15895386
v -0.00765603362 -0.654982686 -0.159074664
v -0.00786023401 -0.657487929 -0.160092115
v -0.00837060623 -0.658525646 -0.162544832
v -0.00888818037 -0.657487929 -0.164996043
v -0.00910976902 -0.654982686 -0.166009843
v -0.00890556909 -0.652477443 -0.164992392
v -0.00839519687 -0.651439726 -0.162539676
v -0.00787762273 -0.652477443 -0.160088465
v -0.00765324058 -0.654982686 -0.159075245
v -0.00785902608 -0.657487929 -0.160092369
v -0.00837169029 -0.658525646 -0.162544608
v -0.00889092218 -0.657487929 -0.164995462
v -0.00911256205 -0.654982686 -0.166009262
v -0.00890677702 -0.652477443 -0.164992139
v -0.00839411281 -0.651439726 -0.162539899
v -0.00787488092 -0.652477443 -0.160089046
v 0.00316884951 -0.654946923 -0.161352843
v 0.00296306447 -0.657452166 -0.162369967
v 0.00245040026 -0.658489883 -0.164822206
v 0.00193116837 -0.657452166 -0.167273059
v 0.00170952803 -0.654946923 -0.16828686
v 0.00191531295 -0.65244168 -0.167269737
v 0.00242797728 -0.651403964 -0.164817497
v 0.00294720917 -0.65244168 -0.162366644
v 0.00327364984 -0.654946923 -0.161376566
v 0.00300766295 -0.657452047 -0.162379846
v 0.00240867143 -0.658489764 -0.164812461
v 0.00182755676 -0.657452047 -0.167249396
v 0.0016047277 -0.654946923 -0.168263137
v 0.00187071471 -0.6524418 -0.167259857
v 0.00246970612 -0.651404083 -0.164827242
v 0.0030508209 -0.6524418 -0.162390307
v 0.00864606723 -0.654995918 -0.16267854
v 0.00838007964 -0.657501042 -0.16368182
v 0.00778108882 -0.658538759 -0.166114435
v 0.0071999738 -0.657501042 -0.168551371
v 0.00697714463 -0.654995918 -0.169565111
v 0.00724313175 -0.652490795 -0.168561831
v 0.00784212351 -0.651453078 -0.166129217
v 0.00842323806 -0.652490795 -0.163692281
v 0.00692369975 -0.654995918 -0.162691936
v 0.00761370175 -0.657461464 -0.163585216
v 0.00841963384 -0.65848279 -0.165964425
v 0.00886939093 -0.657461464 -0.168435827
v 0.00869951211 -0.654995918 -0.169551715
v 0.00800951011 -0.652530372 -0.168658435
v 0.00720357848 -0.651509047 -0.166279227
v 0.00675382093 -0.652530372 -0.163807824
v 0.0189831164 -0.652752101 -0.159570083
v 0.0196731184 -0.655217648 -0.160463363
v 0.0204790495 -0.656238973 -0.162842572
v 0.0209288076 -0.655217648 -0.165313974
v 0.0207589287 -0.652752101 -0.166429862
v 0.0200689267 -0.650286555 -0.165536582
v 0.0192629956 -0.64926523 -0.163157374
v 0.0188132375 -0.650286555 -0.160685971
v 0.0203405395 -0.656263828 -0.162999973
v 0.0205069408 -0.65519464 -0.165486395
v 0.0203008298 -0.652694643 -0.166516289
v 0.0198429432 -0.650228322 -0.165486395
v 0.0194015056 -0.649240375 -0.162999973
v 0.0192351043 -0.650309563 -0.16051355
v 0.0194412153 -0.65280956 -0.159483656
v 0.0198991019 -0.655275881 -0.16051355
v 0.0261672456 -0.655484796 -0.162275031
v 0.0263336468 -0.654415607 -0.164761454
v 0.0261275358 -0.65191561 -0.165791348
v 0.0256696492 -0.649449289 -0.164761454
v 0.0252282117 -0.648461342 -0.162275031
v 0.0250618104 -0.64953053 -0.159788609
v 0.0252679214 -0.652030528 -0.158758715
v 0.025725808 -0.654496849 -0.159788609
v 0.0244668219 -0.651973069 -0.158952773
v 0.0253216624 -0.654422224 -0.159742698
v 0.0263967961 -0.655436695 -0.162016019
v 0.0270624273 -0.654422224 -0.164441079
v 0.0269286353 -0.651973069 -0.16559729
v 0.0260737948 -0.649523914 -0.164807364
v 0.0249986611 -0.648509443 -0.162534043
v 0.02433303 -0.649523914 -0.160108984
v 0.0306421369 -0.650555611 -0.156664804
v 0.0314969756 -0.653004766 -0.157454729
v 0.032572113 -0.654019237 -0.15972805
v 0.0332377404 -0.653004766 -0.16215311
v 0.0331039503 -0.650555611 -0.163309321
v 0.0322491117 -0.648106456 -0.162519395
v 0.0311739761 -0.647091985 -0.160246074
v 0.030508345 -0.648106456 -0.157821015
v 0.0323521569 -0.650555611 -0.156476647
v 0.0322907493 -0.653059602 -0.1575156
v 0.0319846608 -0.654096782 -0.160002291
v 0.031613186 -0.653059602 -0.162480071
v 0.0313939303 -0.650555611 -0.163497478
v 0.031455338 -0.64805162 -0.162458524
v 0.0317614265 -0.647014439 -0.159971833
v 0.0321329013 -0.64805162 -0.157494053
v 0.0433127098 -0.650203705 -0.157972574
v 0.0432513021 -0.652707696 -0.159011528
v 0.0429452136 -0.653744876 -0.161498219
v 0.0425737388 -0.652707696 -0.163975999
v 0.0423544832 -0.650203705 -0.164993405
v 0.0424158908 -0.647699714 -0.163954452
v 0.0427219793 -0.646662533 -0.161467761
v 0.0430934541 -0.647699714 -0.158989981
v 0.0434785783 -0.650203705 -0.157999232
v 0.0433215462 -0.652708769 -0.159025505
v 0.0428786762 -0.653746367 -0.161491334
v 0.0424094014 -0.652708769 -0.163952276
v 0.0421886146 -0.650203705 -0.164966747
v 0.0423456468 -0.647698641 -0.163940474
v 0.0427885167 -0.646661043 -0.161474645
v 0.0432577915 -0.647698641 -0.159013703
v 0.0488996208 -0.650132358 -0.159002885
v 0.0487425886 -0.652637422 -0.160029158
v 0.0482997186 -0.65367502 -0.162494987
v 0.0478304438 -0.652637422 -0.164955929
v 0.047609657 -0.650132358 -0.1659704
v 0.0477666892 -0.647627294 -0.164944127
v 0.0482095592 -0.646589696 -0.162478298
v 0.048678834 -0.647627294 -0.160017356
v 0.0486300476 -0.65365535 -0.162486643
v 0.0486554131 -0.65260911 -0.16498819
v 0.0484460108 -0.650111973 -0.166024372
v 0.0481245033 -0.647626817 -0.16498819
v 0.0478792302 -0.646609366 -0.162486643
v 0.0478538647 -0.647655606 -0.159985095
v 0.048063267 -0.650152743 -0.158948913
v 0.0483847745 -0.652637899 -0.159985095
v 0.0600476302 -0.6524387 -0.161862001
v 0.0600729957 -0.65139246 -0.164363548
v 0.0598635934 -0.648895323 -0.16539973
v 0.059542086 -0.646410167 -0.164363548
v 0.0592968129 -0.645392716 -0.161862001
v 0.0592714474 -0.646438956 -0.159360453
v 0.0594808497 -0.648936093 -0.158324271
v 0.0598023571 -0.651421249 -0.159360453
v 0.0601605922 -0.652424872 -0.161862001
v 0.060354609 -0.651350141 -0.164344028
v 0.0601488948 -0.648849368 -0.165372118
v 0.0596639514 -0.646387458 -0.164344028
v 0.0591838509 -0.645406544 -0.161862001
v 0.058989834 -0.646481276 -0.159379974
v 0.0591955483 -0.648982048 -0.158351883
v 0.0596804917 -0.651443958 -0.159379974
v 0.0659698397 -0.651616395 -0.16105783
v 0.0661638528 -0.650541663 -0.163539857
v 0.0659581423 -0.648040891 -0.164567947
v 0.0654731989 -0.64557898 -0.163539857
v 0.0649930984 -0.644598067 -0.16105783
v 0.0647990853 -0.645672798 -0.158575803
v 0.0650047958 -0.648173571 -0.157547712
v 0.0654897392 -0.650635481 -0.158575803
v 0.0658690631 -0.648107231 -0.157536134
v 0.0658603981 -0.650610268 -0.158579156
v 0.0656297505 -0.651647031 -0.161074147
v 0.0653122514 -0.650610268 -0.163559586
v 0.0650938749 -0.648107231 -0.164579526
v 0.06510254 -0.645604193 -0.163536504
v 0.0653331876 -0.64456743 -0.161041513
v 0.0656506866 -0.645604193 -0.158556074
v 0.0768627152 -0.647641122 -0.158746094
v 0.0768540502 -0.65014416 -0.159789115
v 0.0766234025 -0.651180923 -0.162284106
v 0.0763059035 -0.65014416 -0.164769545
v 0.076087527 -0.647641122 -0.165789485
v 0.076096192 -0.645138085 -0.164746463
v 0.0763268396 -0.644101322 -0.162251472
v 0.0766443387 -0.645138085 -0.159766033
v 0.0791562349 -0.64995718 -0.162267789
v 0.0785760209 -0.649041414 -0.164753318
v 0.0767651349 -0.647305429 -0.165782869
v 0.0747843608 -0.64576602 -0.164753318
v 0.0737940073 -0.645325065 -0.162267789
v 0.0743742213 -0.64624083 -0.159782261
v 0.0761851072 -0.647976816 -0.15875271
v 0.0781658813 -0.649516225 -0.159782261
v 0.0820965916 -0.646553397 -0.1617001
v 0.0815163776 -0.645637631 -0.164185628
v 0.0797054917 -0.643901646 -0.165215179
v 0.0777247176 -0.642362237 -0.164185628
v 0.076734364 -0.641921282 -0.1617001
v 0.077314578 -0.642837048 -0.159214571
v 0.079125464 -0.644573033 -0.15818502
v 0.0811062381 -0.646112442 -0.159214571
v 0.0797266811 -0.64776659 -0.1617001
v 0.0796552896 -0.646731138 -0.164205268
v 0.0794434249 -0.644234896 -0.165242955
v 0.0792151839 -0.641740024 -0.164205268
v 0.0791042745 -0.640708089 -0.1617001
v 0.079175666 -0.641743541 -0.159194931
v 0.0793875307 -0.644239783 -0.158157244
v 0.0796157718 -0.646734655 -0.159194931
v 0.0909814537 -0.646774173 -0.161610633
v 0.0909100622 -0.645738721 -0.164115801
v 0.0906981975 -0.643242478 -0.165153489
v 0.0904699564 -0.640747607 -0.164115801
v 0.0903590471 -0.639715672 -0.161610633
v 0.0904304385 -0.640751123 -0.159105465
v 0.0906423032 -0.643247366 -0.158067778
v 0.0908705443 -0.645742238 -0.159105465
v 0.0909308046 -0.643244922 -0.15807727
v 0.0909948424 -0.645746231 -0.159122512
v 0.0908687413 -0.646782279 -0.161625266
v 0.0906263664 -0.645746231 -0.164119452
v 0.0904096961 -0.643244922 -0.165143996
v 0.0903456584 -0.640743613 -0.164098755
v 0.0904717594 -0.639707565 -0.161596
v 0.0907141343 -0.640743613 -0.159101814
v 0.0964573547 -0.64293313 -0.158484802
v 0.0965213925 -0.645434439 -0.159530044
v 0.0963952914 -0.646470487 -0.162032798
v 0.0961529166 -0.645434439 -0.164526984
v 0.0959362462 -0.64293313 -0.165551528
v 0.0958722085 -0.640431821 -0.164506286
v 0.0959983096 -0.639395773 -0.162003532
v 0.0962406844 -0.640431821 -0.159509346
v 0.095238924 -0.64293313 -0.158607155
v 0.0959628448 -0.645395696 -0.159481704
v 0.096823819 -0.64641571 -0.161842093
v 0.0973174945 -0.645395696 -0.164305612
v 0.0971546769 -0.64293313 -0.165429175
v 0.0964307562 -0.640470564 -0.164554626
v 0.095569782 -0.63945055 -0.162194237
v 0.0950761065 -0.640470564 -0.159730718
v 0.101197809 -0.641775668 -0.156933784
v 0.10192173 -0.644238234 -0.157808334
v 0.102782704 -0.645258248 -0.160168722
v 0.103276379 -0.644238234 -0.162632242
v 0.103113562 -0.641775668 -0.163755804
v 0.102389641 -0.639313102 -0.162881255
v 0.101528667 -0.638293087 -0.160520867
v 0.101034991 -0.639313102 -0.158057347
v 0.103376277 -0.645101726 -0.160344794
v 0.102565482 -0.644293904 -0.162803069
v 0.10151463 -0.642010927 -0.163821325
v 0.100839309 -0.639590144 -0.162803069
v 0.100935094 -0.638449609 -0.160344794
v 0.101745889 -0.639257431 -0.15788652
v 0.102796741 -0.641540408 -0.156868264
v 0.103472061 -0.643961191 -0.15788652
v 0.111432344 -0.642145336 -0.162030339
v 0.110621549 -0.641337514 -0.164488614
v 0.109570697 -0.639054537 -0.16550687
v 0.108895376 -0.636633754 -0.164488614
v 0.108991161 -0.635493219 -0.162030339
v 0.109801956 -0.636301041 -0.159572065
v 0.110852808 -0.638584018 -0.158553809
v 0.111528128 -0.641004801 -0.159572065
v 0.10964153 -0.638819277 -0.158533573
v 0.110166371 -0.641298175 -0.159499392
v 0.110717796 -0.642324924 -0.161947817
v 0.110972784 -0.641298175 -0.164444581
v 0.110781975 -0.638819277 -0.165527105
v 0.110257134 -0.63634038 -0.164561287
v 0.109705709 -0.63531363 -0.162112862
v 0.10945072 -0.63634038 -0.159616098
v 0.121221468 -0.63710326 -0.156645223
v 0.121746309 -0.639582157 -0.157611042
v 0.122297734 -0.640608907 -0.160059467
v 0.122552723 -0.639582157 -0.162556231
v 0.122361913 -0.63710326 -0.163638756
v 0.121837072 -0.634624362 -0.162672937
v 0.121285647 -0.633597612 -0.160224512
v 0.121030658 -0.634624362 -0.157727748
v 0.124415025 -0.639484584 -0.16014199
v 0.123461008 -0.638991654 -0.162631959
v 0.121529117 -0.637392521 -0.163663343
v 0.119751044 -0.635623932 -0.162631959
v 0.119168356 -0.634721935 -0.16014199
v 0.120122373 -0.635214865 -0.15765202
v 0.122054264 -0.636813998 -0.156620637
v 0.123832338 -0.638582587 -0.15765202
v 0.127118424 -0.636506438 -0.160588205
v 0.126164392 -0.636013508 -0.163078174
v 0.124232508 -0.634414375 -0.164109558
v 0.122454435 -0.632645786 -0.163078174
v 0.121871747 -0.631743789 -0.160588205
v 0.122825764 -0.632236719 -0.158098236
v 0.124757655 -0.633835852 -0.157066852
v 0.126535729 -0.635604441 -0.158098236
v 0.124890529 -0.634125113 -0.157067388
v 0.124876656 -0.63662827 -0.158110052
v 0.124639258 -0.637665093 -0.160604402
v 0.124317408 -0.63662827 -0.163089246
v 0.124099635 -0.634125113 -0.164109021
v 0.124113508 -0.631621957 -0.163066357
v 0.124350905 -0.630585134 -0.160572007
v 0.124672756 -0.631621957 -0.158087164
v 0.135815069 -0.633674562 -0.158294395
v 0.135801196 -0.636177719 -0.159337059
v 0.135563806 -0.637214541 -0.161831409
v 0.135241956 -0.636177719 -0.164316252
v 0.135024175 -0.633674562 -0.165336028
v 0.135038048 -0.631171405 -0.164293364
v 0.135275438 -0.630134583 -0.161799014
v 0.135597289 -0.631171405 -0.15931417
v 0.136744082 -0.633674562 -0.158529118
v 0.136202708 -0.636174321 -0.159429744
v 0.135202602 -0.637209773 -0.161727741
v 0.134329632 -0.636174321 -0.164076969
v 0.134095162 -0.633674562 -0.165101305
v 0.134636536 -0.631174803 -0.164200678
v 0.135636643 -0.630139351 -0.161902681
v 0.136509612 -0.631174803 -0.159553453
v 0.141911015 -0.634043276 -0.160611659
v 0.141369641 -0.636543036 -0.161512285
v 0.140369534 -0.637578487 -0.163810283
v 0.139496565 -0.636543036 -0.166159511
v 0.139262095 -0.634043276 -0.167183846
v 0.139803469 -0.631543517 -0.16628322
v 0.140803576 -0.630508065 -0.163985223
v 0.141676545 -0.631543517 -0.161635995
v 0.142329752 -0.637127697 -0.163897753
v 0.142558143 -0.63580668 -0.166254833
v 0.141631603 -0.633452654 -0.167231157
v 0.14009288 -0.631444633 -0.166254833
v 0.138843358 -0.630958855 -0.163897753
v 0.138614967 -0.632279873 -0.161540672
v 0.139541507 -0.634633899 -0.160564348
v 0.14108023 -0.63664192 -0.161540672
v 0.151436672 -0.631980836 -0.160130724
v 0.151665062 -0.630659819 -0.162487805
v 0.150738522 -0.628305793 -0.163464129
v 0.149199799 -0.626297772 -0.162487805
v 0.147950277 -0.625811994 -0.160130724
v 0.147721887 -0.627133012 -0.157773644
v 0.148648426 -0.629487038 -0.15679732
v 0.15018715 -0.631495059 -0.157773644
v 0.148705155 -0.628896415 -0.156728402
v 0.149441555 -0.631358087 -0.157595098
v 0.150325522 -0.632377684 -0.159947127
v 0.150839239 -0.631358087 -0.162406713
v 0.150681794 -0.628896415 -0.163533047
v 0.149945393 -0.626434743 -0.162666351
v 0.149061427 -0.625415146 -0.160314322
v 0.148547709 -0.626434743 -0.157854736
v 0.154609814 -0.627733946 -0.155013204
v 0.155346215 -0.630195618 -0.1558799
v 0.156230181 -0.631215215 -0.158231929
v 0.156743899 -0.630195618 -0.160691515
v 0.156586453 -0.627733946 -0.161817849
v 0.155850053 -0.625272274 -0.160951152
v 0.154966086 -0.624252677 -0.158599123
v 0.154452369 -0.625272274 -0.156139538
v 0.156994715 -0.630990028 -0.158415526
v 0.156552851 -0.630050421 -0.160920516
v 0.155551717 -0.627753854 -0.161958128
v 0.154577777 -0.625445604 -0.160920516
v 0.154201552 -0.624477863 -0.158415526
v 0.154643416 -0.625417471 -0.155910537
v 0.155644551 -0.627714038 -0.154872924
v 0.156618491 -0.630022287 -0.155910537
v 0.165305898 -0.627425253 -0.158544451
v 0.164864033 -0.626485646 -0.161049441
v 0.163862899 -0.624189079 -0.162087053
v 0.162888959 -0.621880829 -0.161049441
v 0.162512735 -0.620913088 -0.158544451
v 0.162954599 -0.621852696 -0.156039461
v 0.163955733 -0.624149263 -0.155001849
v 0.164929673 -0.626457512 -0.156039461
v 0.164636657 -0.624169171 -0.155076951
v 0.16443193 -0.626674414 -0.156094298
v 0.163921058 -0.627712131 -0.15854691
v 0.163403302 -0.626674414 -0.160998076
v 0.163181975 -0.624169171 -0.162011951
v 0.163386703 -0.621663928 -0.160994604
v 0.163897574 -0.620626211 -0.158541992
v 0.16441533 -0.621663928 -0.156090826
v 0.16997847 -0.624150693 -0.156197459
v 0.169773743 -0.626655936 -0.157214805
v 0.169262871 -0.627693653 -0.159667417
v 0.168745115 -0.626655936 -0.162118584
v 0.168523788 -0.624150693 -0.163132459
v 0.168728516 -0.621645451 -0.162115112
v 0.169239387 -0.620607734 -0.1596625
v 0.169757143 -0.621645451 -0.157211334
v 0.170469567 -0.627477527 -0.159664959
v 0.169652283 -0.626671731 -0.162121758
v 0.168600008 -0.624389172 -0.163139403
v 0.167929158 -0.621966898 -0.162121758
v 0.168032691 -0.62082386 -0.159664959
v 0.168849975 -0.621629655 -0.15720816
v 0.16990225 -0.623912215 -0.156190515
v 0.1705731 -0.626334488 -0.15720816
v 0.178468227 -0.624548078 -0.161365002
v 0.177650943 -0.623742282 -0.163821802
v 0.176598668 -0.621459723 -0.164839447
v 0.175927818 -0.619037449 -0.163821802
v 0.176031351 -0.617894411 -0.161365002
v 0.176848635 -0.618700206 -0.158908203
v 0.17790091 -0.620982766 -0.157890558
v 0.178571761 -0.623405039 -0.158908203
v 0.17862165 -0.621221244 -0.158098415
v 0.178055152 -0.623720109 -0.158986017
v 0.177016869 -0.624755204 -0.161267176
v 0.176115036 -0.623720109 -0.16360566
v 0.175877929 -0.621221244 -0.16463159
v 0.176444426 -0.618722379 -0.163743988
v 0.177482709 -0.617687285 -0.161462829
v 0.178384542 -0.618722379 -0.159124345
v 0.183765367 -0.621620059 -0.160258621
v 0.183198869 -0.624118924 -0.161146224
v 0.182160586 -0.625154018 -0.163427383
v 0.181258753 -0.624118924 -0.165765867
v 0.181021646 -0.621620059 -0.166791797
v 0.181588143 -0.619121194 -0.165904194
v 0.182626426 -0.6180861 -0.163623035
v 0.183528259 -0.619121194 -0.161284551
v 0.183707669 -0.624910295 -0.163525209
v 0.183088839 -0.624040008 -0.166017771
v 0.182062685 -0.621752203 -0.167050213
v 0.181230322 -0.619386971 -0.166017771
v 0.181079343 -0.618329823 -0.163525209
v 0.181698173 -0.61920011 -0.161032647
v 0.182724327 -0.621487916 -0.160000205
v 0.183556691 -0.623853147 -0.161032647
v 0.191854969 -0.62165612 -0.164411798
v 0.191236138 -0.620785832 -0.16690436
v 0.190209985 -0.618498027 -0.167936802
v 0.189377621 -0.616132796 -0.16690436
v 0.189226642 -0.615075648 -0.164411798
v 0.189845473 -0.615945935 -0.161919236
v 0.190871626 -0.61823374 -0.160886794
v 0.19170399 -0.620598972 -0.161919236
v 0.1914756 -0.618365884 -0.160994381
v 0.191152602 -0.62087059 -0.161981866
v 0.190471232 -0.621908128 -0.164392769
v 0.189830616 -0.62087059 -0.166814819
v 0.189606011 -0.618365884 -0.167829216
v 0.189929008 -0.615861177 -0.16684173
v 0.190610379 -0.614823639 -0.164430827
v 0.191250995 -0.615861177 -0.162008777
v 0.202032477 -0.618588746 -0.163882092
v 0.201709479 -0.621093452 -0.164869577
v 0.201028109 -0.62213099 -0.16728048
v 0.200387493 -0.621093452 -0.16970253
v 0.200162888 -0.618588746 -0.170716926
v 0.200485885 -0.616084039 -0.169729441
v 0.201167256 -0.615046501 -0.167318538
v 0.201807871 -0.616084039 -0.164896488
v 0.203864247 -0.620802045 -0.167299509
v 0.203589827 -0.619483948 -0.169653311
v 0.201855555 -0.617641449 -0.170628294
v 0.199677318 -0.616353869 -0.169653311
v 0.198331118 -0.616375446 -0.167299509
v 0.198605537 -0.617693543 -0.164945707
v 0.200339809 -0.619536042 -0.163970724
v 0.202518046 -0.620823622 -0.164945707
v 0.20695135 -0.61694324 -0.16549851
v 0.20667693 -0.615625143 -0.167852312
v 0.204942659 -0.613782644 -0.168827295
v 0.202764422 -0.612495065 -0.167852312
v 0.201418221 -0.612516642 -0.16549851
v 0.201692641 -0.613834739 -0.163144708
v 0.203426912 -0.615677238 -0.162169725
v 0.205605149 -0.616964817 -0.163144708
v 0.204481691 -0.618260443 -0.16549851
v 0.204396024 -0.617226243 -0.168003768
v 0.204186618 -0.614729762 -0.16904147
v 0.203976139 -0.6122334 -0.168003768
v 0.20388788 -0.611199439 -0.16549851
v 0.203973547 -0.612233639 -0.162993252
v 0.204182953 -0.61473012 -0.16195555
v 0.204393432 -0.617226481 -0.162993252
v 0.215553313 -0.617329359 -0.165492728
v 0.215467647 -0.616295159 -0.167997986
v 0.215258241 -0.613798678 -0.169035688
v 0.215047762 -0.611302316 -0.167997986
v 0.214959502 -0.610268354 -0.165492728
v 0.215045169 -0.611302555 -0.162987471
v 0.215254575 -0.613799036 -0.161949769
v 0.215465054 -0.616295397 -0.162987471
v 0.217845753 -0.616217077 -0.165492728
v 0.216681331 -0.615943551 -0.167926326
v 0.214682221 -0.614413679 -0.16893436
v 0.213019446 -0.612523675 -0.167926326
v 0.212667063 -0.611380637 -0.165492728
v 0.213831484 -0.611654162 -0.16305913
v 0.215830594 -0.613184035 -0.162051097
v 0.21749337 -0.615074039 -0.16305913
v 0.220428869 -0.613451183 -0.166417792
v 0.219264448 -0.613177657 -0.16885139
v 0.217265338 -0.611647785 -0.169859424
v 0.215602562 -0.609757781 -0.16885139
v 0.215250179 -0.608614743 -0.166417792
v 0.216414601 -0.608888268 -0.163984194
v 0.218413711 -0.610418141 -0.162976161
v 0.220076486 -0.612308145 -0.163984194
v 0.21712707 -0.611032963 -0.162947208
v 0.217721209 -0.613507092 -0.16388458
v 0.218384653 -0.614531934 -0.166305885
v 0.218728781 -0.613507092 -0.16879274
v 0.218551978 -0.611032963 -0.169888377
v 0.217957839 -0.608558834 -0.168951005
v 0.217294395 -0.607533991 -0.1665297
v 0.216950268 -0.608558834 -0.164042845
v 0.228596568 -0.609170735 -0.160592705
v 0.229190707 -0.611644864 -0.161530077
v 0.229854152 -0.612669706 -0.163951382
v 0.230198279 -0.611644864 -0.166438237
v 0.230021477 -0.609170735 -0.167533875
v 0.229427338 -0.606696606 -0.166596502
v 0.228763893 -0.605671763 -0.164175197
v 0.228419766 -0.606696606 -0.161688343
v 0.228567481 -0.609170735 -0.1605988
v 0.229176536 -0.611643732 -0.161529645
v 0.229863212 -0.612668097 -0.163944677
v 0.230225235 -0.611643732 -0.166429177
v 0.230050564 -0.609170735 -0.16752778
v 0.229441509 -0.606697738 -0.166596934
v 0.228754833 -0.605673373 -0.164181903
v 0.22839281 -0.606697738 -0.161697403
v 0.234300703 -0.608220637 -0.159371659
v 0.234909758 -0.610693634 -0.160302505
v 0.235596433 -0.611717999 -0.162717536
v 0.235958457 -0.610693634 -0.165202036
v 0.235783786 -0.608220637 -0.16630064
v 0.23517473 -0.60574764 -0.165369794
v 0.234488055 -0.604723275 -0.162954763
v 0.234126031 -0.60574764 -0.160470262
v 0.236563966 -0.611420155 -0.162836149
v 0.236375213 -0.610360861 -0.165325195
v 0.235405624 -0.608047783 -0.166356191
v 0.234223172 -0.605836034 -0.165325195
v 0.233520523 -0.605021119 -0.162836149
v 0.233709276 -0.606080413 -0.160347104
v 0.234678864 -0.60839349 -0.159316108
v 0.235861316 -0.61060524 -0.160347104
v 0.244996548 -0.607409537 -0.161768734
v 0.244807795 -0.606350243 -0.16425778
v 0.243838206 -0.604037166 -0.165288776
v 0.242655754 -0.601825416 -0.16425778
v 0.241953105 -0.601010501 -0.161768734
v 0.242141858 -0.602069795 -0.159279689
v 0.243111446 -0.604382873 -0.158248693
v 0.244293898 -0.606594622 -0.159279689
v 0.244112402 -0.604210019 -0.158283621
v 0.243958622 -0.606715024 -0.159310415
v 0.243521452 -0.607752681 -0.161777258
v 0.243056968 -0.606715024 -0.164239123
v 0.24283725 -0.604210019 -0.165253848
v 0.24299103 -0.601705015 -0.164227054
v 0.2434282 -0.600667357 -0.161760211
v 0.243892685 -0.601705015 -0.159298345
v 0.2494497 -0.604137421 -0.159260035
v 0.24929592 -0.606642425 -0.160286829
v 0.24885875 -0.607680082 -0.162753671
v 0.248394266 -0.606642425 -0.165215537
v 0.248174548 -0.604137421 -0.166230261
v 0.248328328 -0.601632416 -0.165203467
v 0.248765498 -0.600594759 -0.162736624
v 0.249229982 -0.601632416 -0.160274759
v 0.250191838 -0.607400715 -0.162745148
v 0.249706894 -0.606479108 -0.165248856
v 0.248697802 -0.60418576 -0.166285932
v 0.247755691 -0.6018641 -0.165248856
v 0.247432411 -0.600874126 -0.162745148
v 0.247917354 -0.601795733 -0.16024144
v 0.248926446 -0.604089081 -0.159204364
v 0.249868557 -0.606410742 -0.16024144
v 0.258369595 -0.603943169 -0.163056374
v 0.257884651 -0.603021562 -0.165560082
v 0.256875575 -0.600728214 -0.166597158
v 0.255933464 -0.598406553 -0.165560082
v 0.255610198 -0.59741658 -0.163056374
v 0.256095141 -0.598338187 -0.160552666
v 0.257104218 -0.600631535 -0.159515589
v 0.258046329 -0.602953196 -0.160552666
v 0.258772433 -0.600679874 -0.159994483
v 0.258703381 -0.603129685 -0.161155045
v 0.257630616 -0.604144394 -0.163429379
v 0.256182492 -0.603129685 -0.165485203
v 0.25520736 -0.600679874 -0.166118264
v 0.255276412 -0.598230064 -0.164957702
v 0.256349176 -0.597215354 -0.162683368
v 0.257797301 -0.598230064 -0.160627544
v 0.266261876 -0.598825395 -0.164354607
v 0.266192824 -0.601275206 -0.16551517
v 0.265120059 -0.602289915 -0.167789504
v 0.263671935 -0.601275206 -0.169845328
v 0.262696803 -0.598825395 -0.170478389
v 0.262765855 -0.596375585 -0.169317827
v 0.263838619 -0.595360875 -0.167043492
v 0.265286744 -0.596375585 -0.164987668
v 0.262403607 -0.598825395 -0.164545268
v 0.263578236 -0.601231098 -0.164976582
v 0.265280694 -0.602227569 -0.166837171
v 0.266513735 -0.601231098 -0.169037119
v 0.266555071 -0.598825395 -0.170287728
v 0.265380442 -0.596419692 -0.169856414
v 0.263677984 -0.595423222 -0.167995825
v 0.262444943 -0.596419692 -0.165795878
v 0.268651813 -0.596584499 -0.160028189
v 0.269826442 -0.598990202 -0.160459504
v 0.2715289 -0.599986672 -0.162320092
v 0.272761941 -0.598990202 -0.16452004
v 0.272803277 -0.596584499 -0.16577065
v 0.271628648 -0.594178796 -0.165339336
v 0.26992619 -0.593182325 -0.163478747
v 0.268693149 -0.594178796 -0.161278799
v 0.272122502 -0.599841297 -0.16289942
v 0.271668732 -0.598906755 -0.165404186
v 0.270663649 -0.596611857 -0.166441694
v 0.269695967 -0.594300985 -0.165404186
v 0.269332588 -0.593327701 -0.16289942
v 0.269786358 -0.594262242 -0.160394654
v 0.270791441 -0.59655714 -0.159357145
v 0.271759123 -0.598868012 -0.160394654
v 0.280297339 -0.596339822 -0.163073942
v 0.279843569 -0.595405281 -0.165578708
v 0.278838485 -0.593110383 -0.166616216
v 0.277870804 -0.59079951 -0.165578708
v 0.277507424 -0.589826226 -0.163073942
v 0.277961195 -0.590760767 -0.160569176
v 0.278966278 -0.593055665 -0.159531668
v 0.279933959 -0.595366538 -0.160569176
v 0.279393792 -0.593083024 -0.159565225
v 0.279323012 -0.595587194 -0.160603151
v 0.279005826 -0.596624434 -0.163088426
v 0.278628051 -0.595587194 -0.165565223
v 0.278410971 -0.593083024 -0.166582659
v 0.278481752 -0.590578854 -0.165544733
v 0.278798938 -0.589541614 -0.163059458
v 0.279176712 -0.590578854 -0.160582662
v 0.284752786 -0.592923403 -0.160315767
v 0.284682006 -0.595427573 -0.161353692
v 0.28436482 -0.596464813 -0.163838968
v 0.283987045 -0.595427573 -0.166315764
v 0.283769965 -0.592923403 -0.167333201
v 0.283840746 -0.590419233 -0.166295275
v 0.284157932 -0.589381993 -0.16381
v 0.284535706 -0.590419233 -0.161333203
v 0.285629332 -0.596191645 -0.163824484
v 0.285117894 -0.595280766 -0.166326851
v 0.284104735 -0.592988968 -0.167363375
v 0.283183306 -0.590658784 -0.166326851
v 0.282893419 -0.589655161 -0.163824484
v 0.283404857 -0.590566039 -0.161322117
v 0.284418017 -0.592857838 -0.160285592
v 0.285339445 -0.595188022 -0.161322117
v 0.293750107 -0.592792571 -0.164246932
v 0.29323867 -0.591881692 -0.166749299
v 0.29222551 -0.589589894 -0.167785823
v 0.291304082 -0.58725971 -0.166749299
v 0.291014194 -0.586256087 -0.164246932
v 0.291525632 -0.587166965 -0.161744565
v 0.292538792 -0.589458764 -0.16070804
v 0.29346022 -0.591788948 -0.161744565
v 0.293216616 -0.589524329 -0.160803646
v 0.29295063 -0.592029452 -0.161806926
v 0.292351633 -0.593067169 -0.164239541
v 0.291770548 -0.592029452 -0.166676477
v 0.291547686 -0.589524329 -0.167690217
v 0.291813672 -0.587019205 -0.166686937
v 0.292412668 -0.585981488 -0.164254323
v 0.292993754 -0.587019205 -0.161817387
v 0.298486173 -0.58957237 -0.162080675
v 0.298220187 -0.592077494 -0.163083956
v 0.297621191 -0.593115211 -0.16551657
v 0.297040105 -0.592077494 -0.167953506
v 0.296817243 -0.58957237 -0.168967247
v 0.297083229 -0.587067246 -0.167963967
v 0.297682226 -0.58602953 -0.165531352
v 0.298263311 -0.587067246 -0.163094416
v 0.299407423 -0.592649698 -0.165523961
v 0.299635023 -0.591325164 -0.16787912
v 0.298700839 -0.58897382 -0.168854669
v 0.297152102 -0.586973131 -0.16787912
v 0.295895994 -0.586495042 -0.165523961
v 0.295668393 -0.587819576 -0.163168803
v 0.296602577 -0.59017092 -0.162193254
v 0.298151314 -0.592171609 -0.163168803
v 0.308157802 -0.587657392 -0.161870524
v 0.308385402 -0.586332858 -0.164225683
v 0.307451218 -0.583981514 -0.165201232
v 0.305902481 -0.581980824 -0.164225683
v 0.304646373 -0.581502736 -0.161870524
v 0.304418772 -0.58282727 -0.159515366
v 0.305352956 -0.585178614 -0.158539817
v 0.306901693 -0.587179303 -0.159515366
v 0.307566226 -0.587926328 -0.161870524
v 0.306638628 -0.587150276 -0.164297551
v 0.30557245 -0.58486867 -0.165302873
v 0.304992288 -0.582418025 -0.164297551
v 0.305237949 -0.581233799 -0.161870524
v 0.306165546 -0.582009852 -0.159443498
v 0.307231724 -0.584291458 -0.158438176
v 0.307811886 -0.586742103 -0.159443498
v 0.315394282 -0.585202992 -0.16399163
v 0.314466685 -0.584426939 -0.166418657
v 0.313400507 -0.582145333 -0.167423978
v 0.312820345 -0.579694688 -0.166418657
v 0.313066006 -0.578510463 -0.16399163
v 0.313993603 -0.579286516 -0.161564603
v 0.315059781 -0.581568122 -0.160559282
v 0.315639943 -0.584018767 -0.161564603
v 0.313349664 -0.581856728 -0.160559818
v 0.314023376 -0.584324896 -0.161458284
v 0.314818233 -0.585347295 -0.163840741
v 0.315268576 -0.584324896 -0.166311592
v 0.315110624 -0.581856728 -0.167423442
v 0.314436913 -0.579388559 -0.166524976
v 0.313642055 -0.57836616 -0.164142519
v 0.313191712 -0.579388559 -0.161671668
v 0.319031 -0.580836535 -0.159102172
v 0.319704711 -0.583304703 -0.160000637
v 0.320499569 -0.584327102 -0.162383094
v 0.320949912 -0.583304703 -0.164853945
v 0.32079196 -0.580836535 -0.165965796
v 0.320118248 -0.578368366 -0.16506733
v 0.319323391 -0.577345967 -0.162684873
v 0.318873048 -0.578368366 -0.160214022
v 0.321284533 -0.584102631 -0.162533984
v 0.320782125 -0.583188176 -0.165036872
v 0.319769681 -0.580896139 -0.166073605
v 0.318840325 -0.578569233 -0.165036872
v 0.318538427 -0.577570438 -0.162533984
v 0.319040835 -0.578484893 -0.160031095
v 0.320053279 -0.58077693 -0.158994362
v 0.320982635 -0.583103836 -0.160031095
v 0.329368889 -0.580703974 -0.162915051
v 0.328866482 -0.579789519 -0.165417939
v 0.327854037 -0.577497482 -0.166454673
v 0.326924682 -0.575170577 -0.165417939
v 0.326622784 -0.574171782 -0.162915051
v 0.327125192 -0.575086236 -0.160412163
v 0.328137636 -0.577378273 -0.159375429
v 0.329066992 -0.579705179 -0.160412163
v 0.329626948 -0.577437878 -0.159769878
v 0.328926444 -0.579930544 -0.160575554
v 0.327680796 -0.580963016 -0.162751675
v 0.326619714 -0.579930544 -0.165023491
v 0.326364726 -0.577437878 -0.166060224
v 0.327065229 -0.574945211 -0.165254548
v 0.328310877 -0.57391274 -0.163078427
v 0.329371959 -0.574945211 -0.160806611
v 0.33467856 -0.578010738 -0.162389666
v 0.333978057 -0.580503404 -0.163195342
v 0.332732409 -0.581535876 -0.165371463
v 0.331671327 -0.580503404 -0.167643279
v 0.331416339 -0.578010738 -0.168680012
v 0.332116842 -0.575518072 -0.167874336
v 0.33336249 -0.5744856 -0.165698215
v 0.334423572 -0.575518072 -0.163426399
v 0.334548861 -0.581219852 -0.165534839
v 0.334311306 -0.580185294 -0.168030128
v 0.333333433 -0.577876925 -0.169063702
v 0.33218801 -0.575646937 -0.168030128
v 0.331546038 -0.574801624 -0.165534839
v 0.331783593 -0.575836182 -0.16303955
v 0.332761467 -0.57814455 -0.162005976
v 0.333906889 -0.580374539 -0.16303955
v 0.34280169 -0.577358723 -0.164719641
v 0.342564136 -0.576324165 -0.16721493
v 0.341586262 -0.574015796 -0.168248504
v 0.34044084 -0.571785808 -0.16721493
v 0.339798868 -0.570940495 -0.164719641
v 0.340036422 -0.571975052 -0.162224352
v 0.341014296 -0.574283421 -0.161190778
v 0.342159718 -0.57651341 -0.162224352
v 0.340821952 -0.574149609 -0.161209121
v 0.341287643 -0.576633215 -0.162192956
v 0.341760755 -0.577661932 -0.164656892
v 0.341964126 -0.576633215 -0.16715759
v 0.341778606 -0.574149609 -0.168230161
v 0.341312915 -0.571666002 -0.167246327
v 0.340839803 -0.570637286 -0.16478239
v 0.340636432 -0.571666002 -0.162281692
v 0.351916224 -0.572668135 -0.159697458
v 0.352381915 -0.575151742 -0.160681292
v 0.352855027 -0.576180458 -0.163145229
v 0.353058398 -0.575151742 -0.165645927
v 0.352872878 -0.572668135 -0.166718498
v 0.352407187 -0.570184529 -0.165734664
v 0.351934075 -0.569155812 -0.163270727
v 0.351730704 -0.570184529 -0.160770029
v 0.354950041 -0.575122118 -0.163207978
v 0.353623629 -0.575005233 -0.165570185
v 0.351577222 -0.573519289 -0.16654864
v 0.35000959 -0.571534753 -0.165570185
v 0.349839061 -0.570214152 -0.163207978
v 0.351165473 -0.570331037 -0.160845771
v 0.35321188 -0.571816981 -0.159867316
v 0.354779512 -0.573801517 -0.160845771
v 0.357442975 -0.572526038 -0.16447936
v 0.356116563 -0.572409153 -0.166841567
v 0.354070157 -0.570923209 -0.167820022
v 0.352502525 -0.568938673 -0.166841567
v 0.352331996 -0.567618072 -0.16447936
v 0.353658408 -0.567734957 -0.162117153
v 0.355704814 -0.569220901 -0.161138698
v 0.357272446 -0.571205437 -0.162117153
v 0.35525018 -0.573596418 -0.16447936
v 0.355281413 -0.572549999 -0.166980803
v 0.355081916 -0.570052028 -0.168016925
v 0.354768485 -0.567565799 -0.166980803
v 0.354524791 -0.566547692 -0.16447936
v 0.354493558 -0.567594111 -0.161977917
v 0.354693055 -0.570092082 -0.160941795
v 0.355006486 -0.572578311 -0.161977917
v 0.366190881 -0.572470486 -0.163871706
v 0.366222113 -0.571424067 -0.166373149
v 0.366022617 -0.568926096 -0.167409271
v 0.365709186 -0.566439867 -0.166373149
v 0.365465492 -0.56542176 -0.163871706
v 0.365434259 -0.566468179 -0.161370263
v 0.365633756 -0.56896615 -0.16033414
v 0.365947187 -0.571452379 -0.161370263
v 0.368523389 -0.57124579 -0.163871706
v 0.367812812 -0.57047987 -0.166374013
v 0.365939647 -0.56881547 -0.167410508
v 0.364001215 -0.567227662 -0.166374013
v 0.363132983 -0.566646457 -0.163871706
v 0.36384356 -0.567412376 -0.161369398
v 0.365716726 -0.569076777 -0.160332903
v 0.367655158 -0.570664585 -0.161369398
v 0.371222824 -0.568082035 -0.163669884
v 0.370512247 -0.567316115 -0.166172192
v 0.368639082 -0.565651715 -0.167208686
v 0.366700649 -0.564063907 -0.166172192
v 0.365832418 -0.563482702 -0.163669884
v 0.366542995 -0.564248621 -0.161167577
v 0.36841616 -0.565913022 -0.160131082
v 0.370354593 -0.56750083 -0.161167577
v 0.36920163 -0.565782368 -0.160191625
v 0.369026214 -0.568287492 -0.16121465
v 0.368558735 -0.569325209 -0.163675919
v 0.368073046 -0.568287492 -0.166133642
v 0.367853612 -0.565782368 -0.167148143
v 0.368029028 -0.563277245 -0.166125119
v 0.368496507 -0.562239528 -0.163663849
v 0.368982196 -0.563277245 -0.161206126
v 0.379750699 -0.565686226 -0.162235782
v 0.379575282 -0.56819135 -0.163258806
v 0.379107803 -0.569229066 -0.165720075
v 0.378622115 -0.56819135 -0.168177798
v 0.37840268 -0.565686226 -0.169192299
v 0.378578097 -0.563181102 -0.168169275
v 0.379045576 -0.562143385 -0.165708005
v 0.379531264 -0.563181102 -0.163250282
v 0.381843746 -0.567898929 -0.16571404
v 0.381425917 -0.566759825 -0.16813913
v 0.379631937 -0.564991891 -0.169143647
v 0.377512693 -0.563630641 -0.16813913
v 0.376309633 -0.563473523 -0.16571404
v 0.376727462 -0.564612627 -0.163288951
v 0.378521442 -0.56638056 -0.162284434
v 0.380640686 -0.567741811 -0.163288951
v 0.384671152 -0.564363122 -0.16454044
v 0.384253323 -0.563224018 -0.166965529
v 0.382459342 -0.561456084 -0.167970046
v 0.380340099 -0.560094833 -0.166965529
v 0.379137039 -0.559937716 -0.16454044
v 0.379554868 -0.56107682 -0.16211535
v 0.381348848 -0.562844753 -0.161110833
v 0.383468091 -0.564206004 -0.16211535
v 0.383335292 -0.565391421 -0.16454044
v 0.382950246 -0.564427078 -0.167045414
v 0.381952405 -0.56212908 -0.168083012
v 0.380926251 -0.5598436 -0.167045414
v 0.380472898 -0.558909416 -0.16454044
v 0.380857944 -0.55987376 -0.162035465
v 0.381855786 -0.562171757 -0.160997868
v 0.382881939 -0.564457238 -0.162035465
v 0.391423255 -0.561819911 -0.164408624
v 0.391038209 -0.560855567 -0.166913599
v 0.390040368 -0.55855757 -0.167951196
v 0.389014214 -0.556272089 -0.166913599
v 0.388560861 -0.555337906 -0.164408624
v 0.388945907 -0.556302249 -0.16190365
v 0.389943749 -0.558600247 -0.160866052
v 0.390969902 -0.560885727 -0.16190365
v 0.391204953 -0.561907768 -0.164408624
v 0.390371531 -0.561107039 -0.166861638
v 0.389315784 -0.558825314 -0.167877704
v 0.388656229 -0.556399286 -0.166861638
v 0.388779163 -0.555250049 -0.164408624
v 0.389612585 -0.556050777 -0.16195561
v 0.390668333 -0.558332503 -0.160939544
v 0.391327888 -0.560758531 -0.16195561
v 0.399032533 -0.559055746 -0.166137099
v 0.398199111 -0.558255017 -0.168590114
v 0.397143364 -0.555973291 -0.169606179
v 0.396483809 -0.553547263 -0.168590114
v 0.396606743 -0.552398026 -0.166137099
v 0.397440165 -0.553198755 -0.163684085
v 0.398495913 -0.55548048 -0.16266802
v 0.399155468 -0.557906508 -0.163684085
v 0.398251325 -0.555726886 -0.16262053
v 0.398212492 -0.558230579 -0.163661271
v 0.397943556 -0.55926764 -0.166152313
v 0.397602022 -0.558230579 -0.168634444
v 0.397387952 -0.555726886 -0.169653669
v 0.397426784 -0.553223193 -0.168612927
v 0.39769572 -0.552186131 -0.166121885
v 0.398037255 -0.553223193 -0.163639754
v 0.403564692 -0.555538118 -0.163272768
v 0.403525859 -0.558041811 -0.16431351
v 0.403256923 -0.559078872 -0.166804552
v 0.402915388 -0.558041811 -0.169286683
v 0.402701318 -0.555538118 -0.170305908
v 0.402740151 -0.553034425 -0.169265166
v 0.403009087 -0.551997364 -0.166774124
v 0.403350621 -0.553034425 -0.164291993
v 0.403456122 -0.559066296 -0.166789338
v 0.403429538 -0.558026671 -0.169293657
v 0.403229237 -0.555529296 -0.170330986
v 0.402972579 -0.553037047 -0.169293657
v 0.402809888 -0.55200994 -0.166789338
v 0.402836472 -0.553049564 -0.164285019
v 0.403036773 -0.555546939 -0.16324769
v 0.403293431 -0.558039188 -0.164285019
v 0.414286137 -0.558074474 -0.166492611
v 0.414259553 -0.55703485 -0.16899693
v 0.414059252 -0.554537475 -0.17003426
v 0.413802594 -0.552045226 -0.16899693
v 0.413639903 -0.551018119 -0.166492611
v 0.413666487 -0.552057743 -0.163988292
v 0.413866788 -0.554555118 -0.162950963
v 0.414123446 -0.557047367 -0.163988292
v 0.416598052 -0.556914687 -0.166492611
v 0.415599704 -0.556473076 -0.168974832
v 0.413642585 -0.554902792 -0.170002997
v 0.411873192 -0.553123713 -0.168974832
v 0.411327988 -0.552177906 -0.166492611
v 0.412326336 -0.552619517 -0.164010391
v 0.414283454 -0.554189801 -0.162982225
v 0.416052848 -0.555968881 -0.164010391
v 0.419177622 -0.554044664 -0.167019546
v 0.418179274 -0.553603053 -0.169501767
v 0.416222155 -0.552032769 -0.170529932
v 0.414452761 -0.550253689 -0.169501767
v 0.413907558 -0.549307883 -0.167019546
v 0.414905906 -0.549749494 -0.164537326
v 0.416863024 -0.551319778 -0.16350916
v 0.418632418 -0.553098857 -0.164537326
v 0.418127418 -0.554845035 -0.167019546
v 0.418047488 -0.553724706 -0.169487685
v 0.417086005 -0.551404476 -0.170510024
v 0.415806204 -0.54924345 -0.169487685
v 0.414957762 -0.548507512 -0.167019546
v 0.415037692 -0.549627841 -0.164551407
v 0.415999174 -0.551948071 -0.163529068
v 0.417278975 -0.554109097 -0.164551407
v 0.426363707 -0.550725698 -0.165416509
v 0.426283777 -0.54960537 -0.167884648
v 0.425322294 -0.54728514 -0.168906987
v 0.424042493 -0.545124114 -0.167884648
v 0.423194051 -0.544388175 -0.165416509
v 0.423273981 -0.545508504 -0.16294837
v 0.424235463 -0.547828734 -0.161926031
v 0.425515264 -0.54998976 -0.16294837
v 0.425418258 -0.547556937 -0.161931723
v 0.425261945 -0.550062001 -0.162958071
v 0.424822658 -0.551099598 -0.165424541
v 0.424357712 -0.550062001 -0.167886302
v 0.4241395 -0.547556937 -0.168901294
v 0.424295813 -0.545051873 -0.167874947
v 0.424735099 -0.544014275 -0.165408477
v 0.425200045 -0.545051873 -0.162946716
v 0.435934544 -0.547422588 -0.16386126
v 0.43577823 -0.549927652 -0.164887607
v 0.435338944 -0.55096525 -0.167354077
v 0.434873998 -0.549927652 -0.169815838
v 0.434655786 -0.547422588 -0.170830831
v 0.434812099 -0.544917524 -0.169804484
v 0.435251385 -0.543879926 -0.167338014
v 0.435716331 -0.544917524 -0.164876252
v 0.438117862 -0.549563825 -0.167346045
v 0.437850416 -0.548199356 -0.169674098
v 0.436086148 -0.546379864 -0.170638412
v 0.433858514 -0.545171201 -0.169674098
v 0.432472467 -0.545281351 -0.167346045
v 0.432739913 -0.54664582 -0.165017992
v 0.434504181 -0.548465312 -0.164053679
v 0.436731815 -0.549673975 -0.165017992
v 0.440989316 -0.545778513 -0.165457368
v 0.440721869 -0.544414043 -0.167785421
v 0.438957602 -0.542594552 -0.168749735
v 0.436729968 -0.541385889 -0.167785421
v 0.435343921 -0.541496038 -0.165457368
v 0.435611367 -0.542860508 -0.163129315
v 0.437375635 -0.544679999 -0.162165001
v 0.439603269 -0.545888662 -0.163129315
v 0.438679248 -0.543637276 -0.161951691
v 0.438594222 -0.546141684 -0.162988007
v 0.438258737 -0.547178984 -0.165470839
v 0.437869281 -0.546141684 -0.167945787
v 0.437653989 -0.543637276 -0.168963045
v 0.437739015 -0.541132867 -0.167926729
v 0.438074499 -0.540095568 -0.165443897
v 0.438463956 -0.541132867 -0.162968948
v 0.449230224 -0.543357015 -0.163494512
v 0.449145198 -0.545861423 -0.164530829
v 0.448809713 -0.546898723 -0.16701366
v 0.448420256 -0.545861423 -0.169488609
v 0.448204964 -0.543357015 -0.170505866
v 0.44828999 -0.540852606 -0.16946955
v 0.448625475 -0.539815307 -0.166986719
v 0.449014932 -0.540852606 -0.16451177
v 0.451217234 -0.54586786 -0.167000189
v 0.449694991 -0.545919061 -0.169243693
v 0.447600216 -0.544469416 -0.170172974
v 0.446159989 -0.542368174 -0.169243693
v 0.446217954 -0.540846169 -0.167000189
v 0.447740197 -0.540794969 -0.164756685
v 0.449834973 -0.542244613 -0.163827404
v 0.4512752 -0.544345856 -0.164756685
v 0.453642368 -0.543453574 -0.168700725
v 0.452120125 -0.543504775 -0.170944229
v 0.45002535 -0.54205513 -0.17187351
v 0.448585123 -0.539953887 -0.170944229
v 0.448643088 -0.538431883 -0.168700725
v 0.450165331 -0.538380682 -0.166457221
v 0.452260107 -0.539830327 -0.16552794
v 0.453700334 -0.54193157 -0.166457221
v 0.452838004 -0.544053793 -0.168700725
v 0.452953488 -0.542809069 -0.171107069
v 0.452008247 -0.540471077 -0.172103807
v 0.45055601 -0.538409412 -0.171107069
v 0.449447453 -0.537831664 -0.168700725
v 0.449331969 -0.539076388 -0.166294381
v 0.450277209 -0.54141438 -0.165297642
v 0.451729447 -0.543476045 -0.166294381
v 0.461156368 -0.539520919 -0.165956825
v 0.461271852 -0.538276196 -0.168363169
v 0.460326612 -0.535938203 -0.169359908
v 0.458874375 -0.533876538 -0.168363169
v 0.457765818 -0.53329879 -0.165956825
v 0.457650334 -0.534543514 -0.163550481
v 0.458595574 -0.536881506 -0.162553743
v 0.460047811 -0.538943172 -0.163550481
v 0.460790962 -0.536409855 -0.162672922
v 0.461031675 -0.538821042 -0.163889974
v 0.460352361 -0.539819837 -0.166317761
v 0.45915097 -0.538821042 -0.168534115
v 0.458131224 -0.536409855 -0.169240728
v 0.457890511 -0.533998668 -0.168023676
v 0.458569825 -0.532999873 -0.165595889
v 0.459771216 -0.533998668 -0.163379535
v 0.468408525 -0.534092307 -0.165757775
v 0.468649238 -0.536503494 -0.166974828
v 0.467969924 -0.537502289 -0.169402614
v 0.466768533 -0.536503494 -0.171618968
v 0.465748787 -0.534092307 -0.172325581
v 0.465508074 -0.53168112 -0.171108529
v 0.466187388 -0.530682325 -0.168680742
v 0.467388779 -0.53168112 -0.166464388
v 0.466576934 -0.534092307 -0.165534422
v 0.46704793 -0.536576092 -0.166515321
v 0.467536926 -0.537604868 -0.168976128
v 0.467757463 -0.536576092 -0.171475321
v 0.467580378 -0.534092307 -0.172548935
v 0.467109382 -0.531608522 -0.171568036
v 0.466620386 -0.530579746 -0.169107229
v 0.466399848 -0.531608522 -0.166608036
v 0.472021013 -0.533367515 -0.164755642
v 0.472492009 -0.5358513 -0.165736541
v 0.472981006 -0.536880076 -0.168197349
v 0.473201543 -0.5358513 -0.170696542
v 0.473024458 -0.533367515 -0.171770155
v 0.472553462 -0.530883729 -0.170789257
v 0.472064465 -0.529854953 -0.168328449
v 0.471843928 -0.530883729 -0.165829256
v 0.47408852 -0.536545694 -0.168262899
v 0.47396791 -0.535448313 -0.170739651
v 0.473000765 -0.533132017 -0.171765551
v 0.471753567 -0.530953646 -0.170739651
v 0.470956951 -0.530189335 -0.168262899
v 0.471077561 -0.531286716 -0.165786147
v 0.472044706 -0.533603013 -0.164760247
v 0.473291904 -0.535781384 -0.165786147
v 0.482210308 -0.532544374 -0.166885465
v 0.482089698 -0.531446993 -0.169362217
v 0.481122553 -0.529130697 -0.170388117
v 0.479875356 -0.526952326 -0.169362217
v 0.47907874 -0.526188016 -0.166885465
v 0.47919935 -0.527285397 -0.164408714
v 0.480166495 -0.529601693 -0.163382813
v 0.481413692 -0.531780064 -0.164408714
v 0.481660724 -0.529366195 -0.163491368
v 0.481293827 -0.531870425 -0.164464742
v 0.480546564 -0.532907665 -0.16685614
v 0.47985667 -0.531870425 -0.169264704
v 0.479628325 -0.529366195 -0.170279562
v 0.479995221 -0.526861966 -0.169306189
v 0.480742484 -0.525824726 -0.166914791
v 0.481432378 -0.526861966 -0.164506227
v 0.486829638 -0.529522002 -0.165038973
v 0.486462742 -0.532026231 -0.166012347
v 0.485715479 -0.533063471 -0.168403745
v 0.485025585 -0.532026231 -0.170812309
v 0.484797239 -0.529522002 -0.171827167
v 0.485164136 -0.527017772 -0.170853794
v 0.485911399 -0.525980532 -0.168462396
v 0.486601293 -0.527017772 -0.166053832
v 0.487067997 -0.532835424 -0.16843307
v 0.486315221 -0.532010853 -0.170904204
v 0.485268533 -0.529728353 -0.171927795
v 0.484540999 -0.527324975 -0.170904204
v 0.48455888 -0.52620858 -0.16843307
v 0.485311657 -0.52703315 -0.165961936
v 0.486358345 -0.52931565 -0.164938346
v 0.487085879 -0.531719029 -0.165961936
v 0.494865358 -0.529883087 -0.169823185
v 0.494112581 -0.529058516 -0.172294319
v 0.493065894 -0.526776016 -0.173317909
v 0.492338359 -0.524372637 -0.172294319
v 0.492356241 -0.523256242 -0.169823185
v 0.493109018 -0.524080813 -0.167352051
v 0.494155705 -0.526363313 -0.16632846
v 0.494883239 -0.528766692 -0.167352051
v 0.494875848 -0.529879093 -0.169823185
v 0.494144142 -0.529047847 -0.172298416
v 0.493099988 -0.526764929 -0.173323691
v 0.492355078 -0.52436763 -0.172298416
v 0.49234575 -0.523260236 -0.169823185
v 0.493077457 -0.524091482 -0.167347953
v 0.494121611 -0.5263744 -0.166322678
v 0.49486652 -0.528771698 -0.167347953
v 0.502677858 -0.526896715 -0.17112802
v 0.501946151 -0.526065469 -0.173603252
v 0.500901997 -0.523782551 -0.174628526
v 0.500157118 -0.521385252 -0.173603252
v 0.50014776 -0.520277858 -0.17112802
v 0.500879467 -0.521109104 -0.168652788
v 0.501923621 -0.523392022 -0.167627513
v 0.5026685 -0.52578932 -0.168652788
v 0.504249632 -0.525709808 -0.17112802
v 0.503979862 -0.524338186 -0.173451602
v 0.502206326 -0.522526741 -0.174414068
v 0.499967963 -0.521336496 -0.173451602
v 0.498575985 -0.521464765 -0.17112802
v 0.498845786 -0.522836387 -0.168804437
v 0.500619292 -0.524647832 -0.167841971
v 0.502857625 -0.525838077 -0.168804437
v 0.507057488 -0.52195698 -0.169238776
v 0.506787717 -0.520585358 -0.171562359
v 0.505014181 -0.518773913 -0.172524825
v 0.502775848 -0.517583668 -0.171562359
v 0.501383841 -0.517711937 -0.169238776
v 0.501653612 -0.51908356 -0.166915193
v 0.503427148 -0.520895004 -0.165952727
v 0.505665481 -0.522085249 -0.166915193
v 0.50561142 -0.523093045 -0.169238776
v 0.50513792 -0.522166848 -0.171742991
v 0.504127145 -0.519874394 -0.172780275
v 0.503171146 -0.517558515 -0.171742991
v 0.502829909 -0.516575873 -0.169238776
v 0.503303409 -0.517502069 -0.166734561
v 0.504314184 -0.519794524 -0.165697277
v 0.505270183 -0.522110403 -0.166734561
v 0.513512909 -0.519720733 -0.16948545
v 0.51303941 -0.518794537 -0.171989664
v 0.512028635 -0.516502082 -0.173026949
v 0.511072636 -0.514186203 -0.171989664
v 0.510731399 -0.513203561 -0.16948545
v 0.511204898 -0.514129758 -0.166981235
v 0.512215674 -0.516422212 -0.16594395
v 0.513171673 -0.518738091 -0.166981235
v 0.513572633 -0.519694567 -0.16948545
v 0.513222158 -0.518714488 -0.171989381
v 0.512227297 -0.516415 -0.173026532
v 0.511170805 -0.514143109 -0.171989381
v 0.510671675 -0.513229728 -0.16948545
v 0.511022151 -0.514209807 -0.166981518
v 0.512017012 -0.516509295 -0.165944368
v 0.513073504 -0.518781185 -0.166981518
v 0.521519721 -0.516128421 -0.169202015
v 0.521169245 -0.515148342 -0.171705946
v 0.520174384 -0.512848854 -0.172743097
v 0.519117892 -0.510576963 -0.171705946
v 0.518618762 -0.509663582 -0.169202015
v 0.518969238 -0.510643661 -0.166698083
v 0.519964099 -0.512943149 -0.165660933
v 0.521020591 -0.515215039 -0.166698083
v 0.521370649 -0.516191304 -0.169202015
v 0.52071321 -0.515335202 -0.1716896
v 0.519678533 -0.513050318 -0.172719985
v 0.518872738 -0.510674953 -0.1716896
v 0.518767834 -0.509600699 -0.169202015
v 0.519425273 -0.5104568 -0.16671443
v 0.52045995 -0.512741685 -0.165684044
v 0.521265745 -0.515117049 -0.16671443
v 0.529176474 -0.513108611 -0.170204133
v 0.528519034 -0.51225251 -0.172691718
v 0.527484357 -0.509967625 -0.173722103
v 0.526678562 -0.507592261 -0.172691718
v 0.526573658 -0.506518006 -0.170204133
v 0.527231097 -0.507374108 -0.167716548
v 0.528265774 -0.509658992 -0.166686162
v 0.529071569 -0.512034357 -0.167716548
v 0.530430555 -0.512267292 -0.170204133
v 0.529104173 -0.512150407 -0.172566339
v 0.527057707 -0.510664463 -0.173544794
v 0.525490105 -0.508679986 -0.172566339
v 0.525319576 -0.507359326 -0.170204133
v 0.526645958 -0.507476211 -0.167841926
v 0.528692424 -0.508962154 -0.166863471
v 0.530260026 -0.510946631 -0.167841926
v 0.532894671 -0.509701192 -0.171460822
v 0.531568289 -0.509584308 -0.173823029
v 0.529521823 -0.508098364 -0.174801484
v 0.527954221 -0.506113887 -0.173823029
v 0.527783692 -0.504793227 -0.171460822
v 0.529110074 -0.504910111 -0.169098616
v 0.53115654 -0.506396055 -0.168120161
v 0.532724142 -0.508380532 -0.169098616
v 0.53156811 -0.510570228 -0.171460822
v 0.530765116 -0.509760797 -0.173921138
v 0.529712617 -0.507478952 -0.174940228
v 0.529027164 -0.505061328 -0.173921138
v 0.529110253 -0.503924191 -0.171460822
v 0.529913247 -0.504733622 -0.169000506
v 0.530965745 -0.507015467 -0.167981416
v 0.531651199 -0.509433091 -0.169000506
v 0.539309502 -0.507707238 -0.173045576
v 0.538506508 -0.506897807 -0.175505891
v 0.537454009 -0.504615963 -0.176524982
v 0.536768556 -0.502198339 -0.175505891
v 0.536851645 -0.501061201 -0.173045576
v 0.537654638 -0.501870632 -0.17058526
v 0.538707137 -0.504152477 -0.169566169
v 0.539392591 -0.506570101 -0.17058526
v 0.540862918 -0.506577671 -0.173045576
v 0.540403366 -0.505484402 -0.17548418
v 0.538583159 -0.503746688 -0.176494271
v 0.536468565 -0.502382398 -0.17548418
v 0.535298228 -0.502190769 -0.173045576
v 0.53575778 -0.503284037 -0.170606971
v 0.537577987 -0.505021751 -0.169596881
v 0.539692581 -0.506386042 -0.170606971
v 0.546233237 -0.499765545 -0.17100364
v 0.545773685 -0.498672277 -0.173442245
v 0.543953478 -0.496934563 -0.174452335
v 0.541838884 -0.495570302 -0.173442245
v 0.540668547 -0.495378643 -0.17100364
v 0.541128099 -0.496471912 -0.168565035
v 0.542948306 -0.498209625 -0.167554945
v 0.5450629 -0.499573886 -0.168565035
v 0.544582188 -0.500929594 -0.17100364
v 0.543591619 -0.500168324 -0.173410371
v 0.542518556 -0.49788624 -0.174407259
v 0.541991711 -0.495420128 -0.173410371
v 0.542319596 -0.494214624 -0.17100364
v 0.543310165 -0.494975865 -0.168596908
v 0.544383228 -0.497257948 -0.167600021
v 0.544910073 -0.49972406 -0.168596908
v 0.552238107 -0.498349875 -0.173338845
v 0.551247537 -0.497588634 -0.175745577
v 0.550174475 -0.495306551 -0.176742464
v 0.549647629 -0.492840439 -0.175745577
v 0.549975514 -0.491634935 -0.173338845
v 0.550966084 -0.492396176 -0.170932114
v 0.552039146 -0.494678259 -0.169935226
v 0.552565992 -0.497144371 -0.170932114
v 0.5536623 -0.497446388 -0.173338845
v 0.552335858 -0.497329473 -0.175701052
v 0.550289452 -0.49584356 -0.176679522
v 0.54872185 -0.493859023 -0.175701052
v 0.548551321 -0.492538422 -0.173338845
v 0.549877763 -0.492655337 -0.170976639
v 0.551924169 -0.494141251 -0.169998169
v 0.553491771 -0.496125787 -0.170976639
v 0.556122959 -0.494883925 -0.174593747
v 0.554796517 -0.49476701 -0.176955953
v 0.552750111 -0.493281096 -0.177934423
v 0.551182508 -0.49129656 -0.176955953
v 0.55101198 -0.489975959 -0.174593747
v 0.552338421 -0.490092874 -0.17223154
v 0.554384828 -0.491578788 -0.17125307
v 0.55595243 -0.493563324 -0.17223154
v 0.556365848 -0.494602889 -0.174593747
v 0.555955768 -0.493439019 -0.177008376
v 0.554146647 -0.491684079 -0.178008541
v 0.551998258 -0.490366042 -0.177008376
v 0.550769091 -0.490256995 -0.174593747
v 0.551179171 -0.491420865 -0.172179118
v 0.552988291 -0.493175805 -0.171178952
v 0.555136681 -0.494493842 -0.172179118
v 0.561748087 -0.487671465 -0.172166899
v 0.561338007 -0.486507595 -0.174581528
v 0.559528887 -0.484752655 -0.175581694
v 0.557380497 -0.483434618 -0.174581528
v 0.55615133 -0.483325571 -0.172166899
v 0.55656141 -0.484489441 -0.16975227
v 0.558370531 -0.48624438 -0.168752104
v 0.56051892 -0.487562418 -0.16975227
v 0.55620265 -0.542869866 -0.327919245
v 0.556582451 -0.5452618 -0.329138815
v 0.556085706 -0.546252608 -0.33161363
v 0.555003345 -0.5452618 -0.333893955
v 0.553969383 -0.542869866 -0.33464402
v 0.553589582 -0.540477931 -0.333424449
v 0.554086328 -0.539487123 -0.330949634
v 0.555168688 -0.540477931 -0.32866931
v 0.564130187 -0.540268719 -0.330551893
v 0.564509988 -0.542660654 -0.331771463
v 0.564013243 -0.543651462 -0.334246278
v 0.562930882 -0.542660654 -0.336526603
v 0.56189692 -0.540268719 -0.337276667
v 0.561517119 -0.537876785 -0.336057097
v 0.562013865 -0.536885977 -0.333582282
v 0.563096225 -0.537876785 -0.331301957
v 0.565885365 -0.542343676 -0.33391428
v 0.565669537 -0.540870428 -0.336180598
v 0.563897908 -0.539044738 -0.337119341
v 0.561608255 -0.537936032 -0.336180598
v 0.560141742 -0.538193762 -0.33391428
v 0.560357571 -0.53966701 -0.331647962
v 0.5621292 -0.541492701 -0.330709219
v 0.564418852 -0.542601407 -0.331647962
v 0.56875813 -0.538367689 -0.331603199
v 0.568542302 -0.536894441 -0.333869517
v 0.566770673 -0.53506875 -0.33480826
v 0.56448102 -0.533960044 -0.333869517
v 0.563014507 -0.534217775 -0.331603199
v 0.563230336 -0.535691023 -0.329336882
v 0.565001965 -0.537516713 -0.328398138
v 0.567291617 -0.538625419 -0.329336882
v 0.563363135 -0.536292732 -0.329116017
v 0.564935625 -0.538498759 -0.328998953
v 0.56706506 -0.539412558 -0.330407381
v 0.568503976 -0.538498759 -0.332516342
v 0.568409503 -0.536292732 -0.334090382
v 0.566837013 -0.534086704 -0.334207445
v 0.564707577 -0.533172905 -0.332799017
v 0.563268661 -0.534086704 -0.330690056
v 0.572290421 -0.52944845 -0.320059389
v 0.57386291 -0.531654477 -0.319942325
v 0.575992346 -0.532568276 -0.321350753
v 0.577431262 -0.531654477 -0.323459715
v 0.577336788 -0.52944845 -0.325033754
v 0.575764298 -0.527242422 -0.325150818
v 0.573634863 -0.526328623 -0.32374239
v 0.572195947 -0.527242422 -0.321633428
v 0.572239935 -0.52944845 -0.320111662
v 0.573807597 -0.531656146 -0.319964588
v 0.57596457 -0.532570601 -0.321330011
v 0.577447355 -0.531656146 -0.323408067
v 0.577387273 -0.52944845 -0.324981481
v 0.575819612 -0.527240753 -0.325128555
v 0.573662639 -0.526326299 -0.323763132
v 0.572179854 -0.527240753 -0.321685076
v 0.581151903 -0.522492528 -0.310691833
v 0.582719564 -0.524700224 -0.310544759
v 0.584876537 -0.525614679 -0.311910182
v 0.586359322 -0.524700224 -0.313988239
v 0.586299241 -0.522492528 -0.315561652
v 0.584731579 -0.520284832 -0.315708727
v 0.582574606 -0.519370377 -0.314343303
v 0.581091821 -0.520284832 -0.312265247
v 0.581350803 -0.522492528 -0.310497493
v 0.581332922 -0.524805963 -0.311911941
v 0.582716644 -0.525764227 -0.314038038
v 0.584691346 -0.524805963 -0.315630287
v 0.58610034 -0.522492528 -0.315755993
v 0.586118221 -0.520179093 -0.314341545
v 0.584734499 -0.519220829 -0.312215447
v 0.582759798 -0.520179093 -0.310623199
v 0.584381938 -0.52418983 -0.307759732
v 0.584364057 -0.526503265 -0.30917418
v 0.585747778 -0.527461529 -0.311300278
v 0.58772248 -0.526503265 -0.312892526
v 0.589131474 -0.52418983 -0.313018233
v 0.589149356 -0.521876395 -0.311603785
v 0.587765634 -0.520918131 -0.309477687
v 0.585790932 -0.521876395 -0.307885438
v 0.584974766 -0.52418983 -0.307326764
v 0.586014271 -0.526622474 -0.307922482
v 0.587488651 -0.527630091 -0.309963048
v 0.588534296 -0.526622474 -0.312253118
v 0.588538647 -0.52418983 -0.313451201
v 0.587499142 -0.521757185 -0.312855482
v 0.586024761 -0.520749569 -0.310814917
v 0.584979117 -0.521757185 -0.308524847
v 0.590690851 -0.522561848 -0.304000527
v 0.591730356 -0.524994493 -0.304596245
v 0.593204737 -0.526002109 -0.30663681
v 0.594250381 -0.524994493 -0.30892688
v 0.594254732 -0.522561848 -0.310124964
v 0.593215227 -0.520129204 -0.309529245
v 0.591740847 -0.519121587 -0.30748868
v 0.590695202 -0.520129204 -0.30519861
v 0.593657434 -0.5259009 -0.307062745
v 0.592767835 -0.52511543 -0.309500933
v 0.591705441 -0.522834122 -0.310510874
v 0.591092527 -0.520393312 -0.309500933
v 0.591288149 -0.519222796 -0.307062745
v 0.592177749 -0.520008266 -0.304624557
v 0.593240142 -0.522289574 -0.303614616
v 0.593853056 -0.524730384 -0.304624557
v 0.601569295 -0.523093939 -0.309045136
v 0.600679696 -0.522308469 -0.311483324
v 0.599617302 -0.520027161 -0.312493265
v 0.599004388 -0.51758635 -0.311483324
v 0.59920001 -0.516415834 -0.309045136
v 0.60008961 -0.517201304 -0.306606948
v 0.601152003 -0.519482613 -0.305597007
v 0.601764917 -0.521923423 -0.306606948
v 0.600384653 -0.521989346 -0.311794639
v 0.597887099 -0.521486998 -0.31086573
v 0.596852541 -0.51997 -0.308870316
v 0.597887099 -0.518326998 -0.306977332
v 0.600384653 -0.517520428 -0.306295633
v 0.602882206 -0.518022776 -0.307224542
v 0.603916764 -0.519539773 -0.309219956
v 0.602882206 -0.521182775 -0.31111294
v 0.599931896 -0.517512262 -0.315433025
v 0.597434342 -0.517009914 -0.314504117
v 0.596399784 -0.515492916 -0.312508702
v 0.597434342 -0.513849914 -0.310615718
v 0.599931896 -0.513043344 -0.30993402
v 0.60242945 -0.513545692 -0.310862929
v 0.603464007 -0.51506269 -0.312858343
v 0.60242945 -0.516705692 -0.314751327
v 0.599931896 -0.51691252 -0.315826803
v 0.597432137 -0.51658076 -0.314829677
v 0.596396685 -0.515485704 -0.31257537
v 0.597432137 -0.514268875 -0.310384423
v 0.599931896 -0.513643086 -0.309540242
v 0.602431655 -0.513974845 -0.310537368
v 0.603467107 -0.515069902 -0.312791675
v 0.602431655 -0.516286731 -0.314982623
v 0.599567294 -0.512033343 -0.318364352
v 0.597067535 -0.511701584 -0.317367226
v 0.596032083 -0.510606527 -0.315112919
v 0.597067535 -0.509389699 -0.312921971
v 0.599567294 -0.508763909 -0.31207779
v 0.602067053 -0.509095669 -0.313074917
v 0.603102505 -0.510190725 -0.315329224
v 0.602067053 -0.511407554 -0.317520171
v 0.599567294 -0.513437748 -0.317042172
v 0.597093582 -0.512344003 -0.316848546
v 0.596068919 -0.510110736 -0.315701574
v 0.597093582 -0.508046031 -0.314273119
v 0.599567294 -0.507359505 -0.313399971
v 0.602041006 -0.50845325 -0.313593596
v 0.60306567 -0.510686517 -0.314740568
v 0.602041006 -0.512751222 -0.316169024
v 0.601302743 -0.507866681 -0.326339424
v 0.598829031 -0.506772935 -0.326145798
v 0.597804368 -0.504539669 -0.324998826
v 0.598829031 -0.502474964 -0.323570371
v 0.601302743 -0.501788437 -0.322697222
v 0.603776455 -0.502882183 -0.322890848
v 0.604801118 -0.505115449 -0.32403782
v 0.603776455 -0.507180154 -0.325466275
v 0.604250968 -0.504827559 -0.322553456
v 0.603939295 -0.507126689 -0.323956996
v 0.602083206 -0.508079052 -0.325689346
v 0.59976989 -0.507126689 -0.326735735
v 0.598354518 -0.504827559 -0.32648319
v 0.598666191 -0.502528429 -0.32507965
v 0.60052228 -0.501576066 -0.3233473
v 0.602835596 -0.502528429 -0.322300911
v 0.608976245 -0.50113982 -0.329643548
v 0.608664572 -0.50343895 -0.331047088
v 0.606808484 -0.504391313 -0.332779437
v 0.604495168 -0.50343895 -0.333825827
v 0.603079796 -0.50113982 -0.333573282
v 0.603391469 -0.49884069 -0.332169741
v 0.605247557 -0.497888327 -0.330437392
v 0.607560873 -0.49884069 -0.329391003
v 0.608608127 -0.503567934 -0.331608415
v 0.607367635 -0.503371894 -0.334011734
v 0.605342448 -0.501868308 -0.335007221
v 0.603718817 -0.499938011 -0.334011734
v 0.603447914 -0.498711705 -0.331608415
v 0.604688406 -0.498907775 -0.329205096
v 0.606713593 -0.500411332 -0.328209609
v 0.608337224 -0.502341628 -0.329205096
v 0.613722205 -0.498133749 -0.333804756
v 0.612481713 -0.497937679 -0.336208075
v 0.610456526 -0.496434122 -0.337203562
v 0.608832896 -0.494503826 -0.336208075
v 0.608561993 -0.49327752 -0.333804756
v 0.609802485 -0.493473589 -0.331401438
v 0.611827672 -0.494977146 -0.330405951
v 0.613451302 -0.496907443 -0.331401438
v 0.61455667 -0.496650815 -0.333804756
v 0.613592267 -0.496245027 -0.336306423
v 0.611192584 -0.495523274 -0.33734265
v 0.608763337 -0.494908333 -0.336306423
v 0.607727528 -0.494760454 -0.333804756
v 0.608691931 -0.495166242 -0.33130309
v 0.611091614 -0.495887995 -0.330266863
v 0.613520861 -0.496502936 -0.33130309
v 0.617069662 -0.487572312 -0.333300918
v 0.616105258 -0.487166524 -0.335802585
v 0.613705575 -0.486444771 -0.336838812
v 0.611276329 -0.48582983 -0.335802585
v 0.610240519 -0.485681951 -0.333300918
v 0.611204922 -0.486087739 -0.330799252
v 0.613604605 -0.486809492 -0.329763025
v 0.616033852 -0.487424433 -0.330799252
v 0.61618042 -0.489112169 -0.333300918
v 0.614753366 -0.489082873 -0.335606515
v 0.612682939 -0.487615049 -0.336561531
v 0.611182034 -0.485568494 -0.335606515
v 0.611129761 -0.484142095 -0.333300918
v 0.612556815 -0.484171391 -0.330995321
v 0.614627242 -0.485639215 -0.330040306
v 0.616128147 -0.48768577 -0.330995321
v 0.621224582 -0.483986259 -0.336357892
v 0.619797528 -0.483956963 -0.338663489
v 0.617727101 -0.482489139 -0.339618504
v 0.616226196 -0.480442584 -0.338663489
v 0.616173923 -0.479016185 -0.336357892
v 0.617600977 -0.47904548 -0.334052294
v 0.619671404 -0.480513304 -0.333097279
v 0.621172309 -0.48255986 -0.334052294
v 0.616958678 -0.506392717 -0.434093326
v 0.61451 -0.506541193 -0.43293789
v 0.613495708 -0.507773757 -0.43074584
v 0.61451 -0.50936842 -0.428801209
v 0.616958678 -0.510390997 -0.42824319
v 0.619407356 -0.510242522 -0.429398626
v 0.620421648 -0.509009957 -0.431590676
v 0.619407356 -0.507415295 -0.433535308
v 0.620074987 -0.494491845 -0.425959736
v 0.617626309 -0.494640321 -0.4248043
v 0.616612017 -0.495872885 -0.42261225
v 0.617626309 -0.497467518 -0.420667619
v 0.620074987 -0.498490125 -0.4201096
v 0.622523665 -0.49834165 -0.421265036
v 0.623537958 -0.497109085 -0.423457086
v 0.622523665 -0.495514452 -0.425401717
v 0.623336136 -0.496490985 -0.421650022
v 0.622590482 -0.498938233 -0.42254892
v 0.620371222 -0.499951929 -0.42373234
v 0.617978454 -0.498938233 -0.424507111
v 0.616813838 -0.496490985 -0.424419314
v 0.617559493 -0.494043738 -0.423520416
v 0.619778752 -0.493030041 -0.422336996
v 0.622171521 -0.494043738 -0.421562225
v 0.625629306 -0.495205939 -0.427050948
v 0.624883652 -0.497653186 -0.427949846
v 0.622664392 -0.498666883 -0.429133266
v 0.620271623 -0.497653186 -0.429908037
v 0.619107008 -0.495205939 -0.42982024
v 0.619852662 -0.492758691 -0.428921342
v 0.622071922 -0.491744995 -0.427737921
v 0.624464691 -0.492758691 -0.426963151
v 0.625838697 -0.495205939 -0.427722842
v 0.624812543 -0.497710735 -0.427884758
v 0.622354567 -0.498748243 -0.428369343
v 0.619904518 -0.497710735 -0.428892732
v 0.618897617 -0.495205939 -0.429148346
v 0.61992377 -0.492701143 -0.42898643
v 0.622381747 -0.491663635 -0.428501844
v 0.624831796 -0.492701143 -0.427978456
v 0.629825294 -0.495584309 -0.447134674
v 0.62879914 -0.498089105 -0.44729659
v 0.626341164 -0.499126613 -0.447781175
v 0.623891115 -0.498089105 -0.448304564
v 0.622884214 -0.495584309 -0.448560178
v 0.623910367 -0.493079513 -0.448398262
v 0.626368344 -0.492042005 -0.447913677
v 0.628818393 -0.493079513 -0.447390288
v 0.626354754 -0.495882601 -0.451377809
v 0.62385118 -0.495886624 -0.450336069
v 0.622814178 -0.495713532 -0.447836518
v 0.62385118 -0.495464742 -0.445343345
v 0.626354754 -0.495286018 -0.444317043
v 0.628858328 -0.495281994 -0.445358783
v 0.629895329 -0.495455086 -0.447858334
v 0.628858328 -0.495703876 -0.450351506
v 0.625931442 -0.484366626 -0.452350855
v 0.623427868 -0.484370649 -0.451309115
v 0.622390866 -0.484197557 -0.448809564
v 0.623427868 -0.483948767 -0.446316391
v 0.625931442 -0.483770043 -0.445290089
v 0.628435016 -0.483766019 -0.446331829
v 0.629472017 -0.483939111 -0.448831379
v 0.628435016 -0.484187901 -0.451324552
v 0.619167745 -0.493469596 -0.538570762
v 0.616712511 -0.493730485 -0.537449718
v 0.615695477 -0.495137215 -0.535366476
v 0.616712511 -0.49686572 -0.533541322
v 0.619167745 -0.497903466 -0.533043504
v 0.62162298 -0.497642577 -0.534164548
v 0.622640014 -0.496235847 -0.53624779
v 0.62162298 -0.494507343 -0.538072944
v 0.622456551 -0.480820745 -0.528424084
v 0.620001316 -0.481081635 -0.52730304
v 0.618984282 -0.482488364 -0.525219798
v 0.620001316 -0.484216869 -0.523394644
v 0.622456551 -0.485254616 -0.522896826
v 0.624911785 -0.484993726 -0.52401787
v 0.625928819 -0.483586997 -0.526101112
v 0.624911785 -0.481858492 -0.527926266
v 0.622456551 -0.480048776 -0.527562797
v 0.619954705 -0.480853885 -0.526895165
v 0.618918419 -0.48293823 -0.525504231
v 0.619954705 -0.485080838 -0.524204791
v 0.622456551 -0.486026585 -0.523758113
v 0.624958396 -0.485221475 -0.524425745
v 0.625994682 -0.483137131 -0.525816679
v 0.624958396 -0.480994523 -0.52711612
v 0.623689532 -0.467400432 -0.50769031
v 0.621187687 -0.468205541 -0.507022679
v 0.620151401 -0.470289886 -0.505631745
v 0.621187687 -0.472432494 -0.504332304
v 0.623689532 -0.473378241 -0.503885627
v 0.626191378 -0.472573131 -0.504553258
v 0.627227664 -0.470488787 -0.505944192
v 0.626191378 -0.468346179 -0.507243633
v 0.626998961 -0.469124287 -0.505787969
v 0.626162887 -0.469843388 -0.508265257
v 0.623877943 -0.470882297 -0.50929141
v 0.62148267 -0.471632451 -0.508265257
v 0.620380104 -0.471654385 -0.505787969
v 0.621216178 -0.470935285 -0.50331068
v 0.623501122 -0.469896376 -0.502284527
v 0.625896394 -0.469146222 -0.50331068
v 0.623817682 -0.460801989 -0.507130086
v 0.622981608 -0.461521089 -0.509607375
v 0.620696664 -0.462559998 -0.510633528
v 0.618301392 -0.463310152 -0.509607375
v 0.617198825 -0.463332087 -0.507130086
v 0.618034899 -0.462612987 -0.504652798
v 0.620319843 -0.461574078 -0.503626645
v 0.622715116 -0.460823923 -0.504652798
v 0.620508254 -0.462902427 -0.510573149
v 0.618005931 -0.462775171 -0.509536207
v 0.616969407 -0.462233096 -0.507089794
v 0.618005931 -0.461593747 -0.504666984
v 0.620508254 -0.461231649 -0.503687024
v 0.623010576 -0.461358905 -0.504723966
v 0.624047101 -0.461900979 -0.507170379
v 0.623010576 -0.462540329 -0.509593189
v 0.620233417 -0.457371056 -0.511915207
v 0.617731094 -0.4572438 -0.510878265
v 0.61669457 -0.456701726 -0.508431852
v 0.617731094 -0.456062376 -0.506009042
v 0.620233417 -0.455700278 -0.505029082
v 0.622735739 -0.455827534 -0.506066024
v 0.623772264 -0.456369609 -0.508512437
v 0.622735739 -0.457008958 -0.510935247
v 0.596507967 -0.575296283 -0.885916054
v 0.598059177 -0.57752037 -0.885933399
v 0.600072682 -0.57844162 -0.887498736
v 0.601368964 -0.57752037 -0.889695108
v 0.601188719 -0.575296283 -0.891235888
v 0.599637508 -0.573072195 -0.891218543
v 0.597624004 -0.572150946 -0.889653206
v 0.596327722 -0.573072195 -0.887456834
v 0.606177211 -0.568618834 -0.877408564
v 0.607728422 -0.570842922 -0.877425909
v 0.609741926 -0.571764171 -0.878991246
v 0.611038208 -0.570842922 -0.881187618
v 0.610857964 -0.568618834 -0.882728398
v 0.609306753 -0.566394746 -0.882711053
v 0.607293248 -0.565473497 -0.881145716
v 0.605996966 -0.566394746 -0.878949344
v 0.605391443 -0.568618834 -0.878401279
v 0.606664479 -0.571006179 -0.878219426
v 0.609023035 -0.57199502 -0.879120708
v 0.611085534 -0.571006179 -0.880577207
v 0.611643732 -0.568618834 -0.881735682
v 0.610370696 -0.566231489 -0.881917536
v 0.60801214 -0.565242648 -0.881016254
v 0.60594964 -0.566231489 -0.879559755
v 0.612380326 -0.563893795 -0.865296662
v 0.613653362 -0.56628114 -0.865114808
v 0.616011918 -0.567269981 -0.86601609
v 0.618074417 -0.56628114 -0.867472589
v 0.618632615 -0.563893795 -0.868631065
v 0.617359579 -0.56150645 -0.868812919
v 0.615001023 -0.560517609 -0.867911637
v 0.612938523 -0.56150645 -0.866455138
v 0.61550647 -0.566835582 -0.86498946
v 0.613070726 -0.566300511 -0.866054237
v 0.612061799 -0.564355552 -0.86765188
v 0.613070726 -0.562140167 -0.868846536
v 0.61550647 -0.560952008 -0.868938267
v 0.617942214 -0.561487079 -0.86787349
v 0.618951142 -0.563432038 -0.866275847
v 0.617942214 -0.565647423 -0.865081191
v 0.62062633 -0.578696489 -0.8826617
v 0.618190587 -0.578161418 -0.883726478
v 0.617181659 -0.576216459 -0.885324121
v 0.618190587 -0.574001074 -0.886518776
v 0.62062633 -0.572812915 -0.886610508
v 0.623062074 -0.573347986 -0.885545731
v 0.624071002 -0.575292945 -0.883948088
v 0.623062074 -0.57750833 -0.882753432
v 0.62062633 -0.572979212 -0.886838198
v 0.618270874 -0.573261738 -0.88552475
v 0.617295206 -0.575004637 -0.883690715
v 0.618270874 -0.577186882 -0.882410526
v 0.62062633 -0.578530192 -0.882434011
v 0.622981787 -0.578247666 -0.883747458
v 0.623957455 -0.576504767 -0.885581493
v 0.622981787 -0.574322522 -0.886861682
v 0.627489805 -0.561203837 -0.871996701
v 0.625134349 -0.561486363 -0.870683253
v 0.62415868 -0.563229263 -0.868849218
v 0.625134349 -0.565411508 -0.867569029
v 0.627489805 -0.566754818 -0.867592514
v 0.629845262 -0.566472292 -0.868905962
v 0.63082093 -0.564729393 -0.870739996
v 0.629845262 -0.562547147 -0.872020185
v 0.630045295 -0.566433311 -0.869794607
v 0.628718913 -0.566316366 -0.872156799
v 0.626672447 -0.564830482 -0.873135269
v 0.625104845 -0.562845945 -0.872156799
v 0.624934316 -0.561525345 -0.869794607
v 0.626260698 -0.561642289 -0.867432415
v 0.628307164 -0.563128173 -0.866453946
v 0.629874766 -0.56511271 -0.867432415
v 0.6357373 -0.560505748 -0.872697473
v 0.634410918 -0.560388803 -0.875059664
v 0.632364452 -0.558902919 -0.876038134
v 0.63079685 -0.556918383 -0.875059664
v 0.630626321 -0.555597782 -0.872697473
v 0.631952703 -0.555714726 -0.870335281
v 0.633999169 -0.557200611 -0.869356811
v 0.635566771 -0.559185147 -0.870335281
v 0.635817766 -0.558051765 -0.870330095
v 0.635900676 -0.560205579 -0.871975482
v 0.63439095 -0.561097741 -0.874043763
v 0.632172883 -0.560205579 -0.875323415
v 0.630545855 -0.558051765 -0.87506485
v 0.630462945 -0.555897951 -0.873419464
v 0.631972671 -0.555005789 -0.871351182
v 0.634190738 -0.555897951 -0.87007153
v 0.641309857 -0.553168714 -0.876445293
v 0.641392767 -0.555322528 -0.87809068
v 0.639883041 -0.55621469 -0.880158961
v 0.637664974 -0.555322528 -0.881438613
v 0.636037946 -0.553168714 -0.881180048
v 0.635955036 -0.5510149 -0.879534662
v 0.637464762 -0.550122738 -0.877466381
v 0.639682829 -0.5510149 -0.876186728
v 0.64145714 -0.555361032 -0.878812671
v 0.64100939 -0.554252386 -0.881246507
v 0.639193594 -0.55250895 -0.88225466
v 0.637073338 -0.551151991 -0.881246507
v 0.635890663 -0.550976396 -0.878812671
v 0.636338413 -0.552085042 -0.876378834
v 0.638154209 -0.553828478 -0.875370681
v 0.640274465 -0.555185437 -0.876378834
v 0.647474945 -0.547721088 -0.876439691
v 0.647027194 -0.546612442 -0.878873527
v 0.645211399 -0.544869006 -0.87988168
v 0.643091142 -0.543512046 -0.878873527
v 0.641908467 -0.543336451 -0.876439691
v 0.642356217 -0.544445097 -0.874005854
v 0.644172013 -0.546188533 -0.872997701
v 0.646292269 -0.547545493 -0.874005854
v 0.647247195 -0.547982752 -0.876439691
v 0.645920753 -0.547865868 -0.878801882
v 0.643874347 -0.546379924 -0.879780352
v 0.642306745 -0.544395387 -0.878801882
v 0.642136216 -0.543074787 -0.876439691
v 0.643462658 -0.543191671 -0.874077499
v 0.645509064 -0.544677615 -0.873099029
v 0.647076666 -0.546662152 -0.874077499
v 0.652936697 -0.542057872 -0.879341304
v 0.651610255 -0.541940987 -0.881703496
v 0.649563849 -0.540455043 -0.882681966
v 0.647996247 -0.538470507 -0.881703496
v 0.647825718 -0.537149906 -0.879341304
v 0.64915216 -0.537266791 -0.876979113
v 0.651198566 -0.538752735 -0.876000643
v 0.652766168 -0.540737271 -0.876979113
v 0.652936697 -0.542057872 -0.879341304
v 0.651610255 -0.541940987 -0.881703496
v 0.649563849 -0.540455043 -0.882681966
v 0.647996247 -0.538470507 -0.881703496
v 0.647825718 -0.537149906 -0.879341304
v 0.64915216 -0.537266791 -0.876979113
v 0.651198566 -0.538752735 -0.876000643
v 0.652766168 -0.540737271 -0.876979113
v 0.658626258 -0.536132932 -0.882242918
v 0.657299817 -0.536016047 -0.88460511
v 0.65525341 -0.534530103 -0.88558358
v 0.653685808 -0.532545567 -0.88460511
v 0.653515279 -0.531224966 -0.882242918
v 0.654841721 -0.531341851 -0.879880726
v 0.656888127 -0.532827795 -0.878902256
v 0.658455729 -0.534812331 -0.879880726
v 0.658671796 -0.536084592 -0.882242918
v 0.657514393 -0.535807669 -0.884679496
v 0.655511379 -0.534283757 -0.885688782
v 0.653836012 -0.532405555 -0.884679496
v 0.653469741 -0.531273305 -0.882242918
v 0.654627144 -0.531550229 -0.87980634
v 0.656630158 -0.533074141 -0.878797054
v 0.658305526 -0.534952343 -0.87980634
v 0.664411664 -0.529878557 -0.884264052
v 0.663254261 -0.529601634 -0.88670063
v 0.661251247 -0.528077722 -0.887709916
v 0.65957588 -0.52619952 -0.88670063
v 0.659209609 -0.52506727 -0.884264052
v 0.660367012 -0.525344193 -0.881827474
v 0.662370026 -0.526868105 -0.880818188
v 0.664045393 -0.528746307 -0.881827474
v 0.661810637 -0.52856648 -0.887634039
v 0.659392595 -0.527622879 -0.886849225
v 0.658390999 -0.52659142 -0.884550095
v 0.659392595 -0.526076376 -0.882083356
v 0.661810637 -0.526379347 -0.880894065
v 0.664228678 -0.527322948 -0.881678879
v 0.665230274 -0.528354406 -0.883978009
v 0.664228678 -0.52886945 -0.886444747
v 0.664357841 -0.51962626 -0.890535116
v 0.6619398 -0.518682659 -0.889750302
v 0.660938203 -0.5176512 -0.887451172
v 0.6619398 -0.517136157 -0.884984434
v 0.664357841 -0.517439127 -0.883795142
v 0.666775882 -0.518382728 -0.884579957
v 0.667777479 -0.519414186 -0.886879086
v 0.666775882 -0.51992923 -0.889345825
v 0.666811824 -0.515977204 -0.887165129
v 0.666093051 -0.516725659 -0.889670372
v 0.664357841 -0.518532693 -0.890708089
v 0.662622631 -0.520339727 -0.889670372
v 0.661903858 -0.521088183 -0.887165129
v 0.662622631 -0.520339727 -0.884659886
v 0.664357841 -0.518532693 -0.883622169
v 0.666093051 -0.516725659 -0.884659886
v 0.66367054 -0.512960732 -0.887165129
v 0.662951767 -0.513709188 -0.889670372
v 0.661216557 -0.515516222 -0.890708089
v 0.659481347 -0.517323256 -0.889670372
v 0.658762574 -0.518071711 -0.887165129
v 0.659481347 -0.517323256 -0.884659886
v 0.661216557 -0.515516222 -0.883622169
v 0.662951767 -0.513709188 -0.884659886
v 0.66367054 -0.512960732 -0.887165129
v 0.662951767 -0.513709188 -0.889670372
v 0.661216557 -0.515516222 -0.890708089
v 0.659481347 -0.517323256 -0.889670372
v 0.658762574 -0.518071711 -0.887165129
v 0.659481347 -0.517323256 -0.884659886
v 0.661216557 -0.515516222 -0.883622169
v 0.662951767 -0.513709188 -0.884659886
v 0.657388031 -0.506927848 -0.887165129
v 0.656669259 -0.507676303 -0.889670372
v 0.654934049 -0.509483337 -0.890708089
v 0.653198838 -0.511290371 -0.889670372
v 0.652480066 -0.512038827 -0.887165129
v 0.653198838 -0.511290371 -0.884659886
v 0.654934049 -0.509483337 -0.883622169
v 0.656669259 -0.507676303 -0.884659886
v 0.654934049 -0.512369692 -0.88921982
v 0.652565539 -0.51199764 -0.887952983
v 0.651584446 -0.510152817 -0.886224687
v 0.652565539 -0.507915795 -0.885047257
v 0.654934049 -0.506596982 -0.885110438
v 0.657302558 -0.506969035 -0.886377275
v 0.658283651 -0.508813858 -0.888105571
v 0.657302558 -0.51105088 -0.889283001
v 0.651034534 -0.505807817 -0.898437679
v 0.648666024 -0.505435765 -0.897170842
v 0.647684932 -0.503590941 -0.895442545
v 0.648666024 -0.50135392 -0.894265115
v 0.651034534 -0.500035107 -0.894328296
v 0.653403044 -0.500407159 -0.895595133
v 0.654384136 -0.502251983 -0.89732343
v 0.653403044 -0.504489005 -0.89850086
v 0.651034534 -0.505036354 -0.899225473
v 0.648697674 -0.505141377 -0.897853911
v 0.647729695 -0.503945947 -0.895620704
v 0.648697674 -0.502150416 -0.893834054
v 0.651034534 -0.50080657 -0.893540502
v 0.653371394 -0.500701547 -0.894912064
v 0.654339373 -0.501896977 -0.897145271
v 0.653371394 -0.503692508 -0.898931921
v 0.647334337 -0.497353554 -0.904941797
v 0.644997478 -0.497458547 -0.903570235
v 0.644029498 -0.496263146 -0.901337028
v 0.644997478 -0.494467586 -0.899550378
v 0.647334337 -0.49312371 -0.899256825
v 0.649671197 -0.493018717 -0.900628388
v 0.650639176 -0.494214118 -0.902861595
v 0.649671197 -0.496009678 -0.904648244
v 0.650643766 -0.493973583 -0.902099311
v 0.649807692 -0.494692683 -0.9045766
v 0.647522748 -0.495731592 -0.905602753
v 0.645127475 -0.496481717 -0.9045766
v 0.644024909 -0.496503681 -0.902099311
v 0.644860983 -0.495784581 -0.899622023
v 0.647145927 -0.494745672 -0.89859587
v 0.649541199 -0.493995547 -0.899622023
v 0.647196651 -0.484955698 -0.903553605
v 0.646360576 -0.485674798 -0.906030893
v 0.644075632 -0.486713707 -0.907057047
v 0.64168036 -0.487463832 -0.906030893
v 0.640577793 -0.487485796 -0.903553605
v 0.641413867 -0.486766696 -0.901076317
v 0.643698812 -0.485727787 -0.900050163
v 0.646094084 -0.484977663 -0.901076317
v 0.646341205 -0.483665228 -0.903553605
v 0.645622432 -0.484413743 -0.906058848
v 0.643887222 -0.486220747 -0.907096565
v 0.642152011 -0.488027751 -0.906058848
v 0.641433239 -0.488776267 -0.903553605
v 0.642152011 -0.488027751 -0.901048362
v 0.643887222 -0.486220747 -0.900010645
v 0.645622432 -0.484413743 -0.901048362
v 0.643191874 -0.480641037 -0.903553605
v 0.642473102 -0.481389552 -0.906058848
v 0.640737891 -0.483196557 -0.907096565
v 0.639002681 -0.485003561 -0.906058848
v 0.638283908 -0.485752076 -0.903553605
v 0.639002681 -0.485003561 -0.901048362
v 0.640737891 -0.483196557 -0.900010645
v 0.642473102 -0.481389552 -0.901048362
v 0.642139852 -0.483196557 -0.906807363
v 0.641427219 -0.485680133 -0.905984461
v 0.640310824 -0.48670885 -0.903737605
v 0.63944453 -0.485680133 -0.901382983
v 0.63933593 -0.483196557 -0.900299847
v 0.640048563 -0.48071298 -0.901122749
v 0.641164958 -0.479684263 -0.903369606
v 0.642031252 -0.48071298 -0.905724227
v 0.632637739 -0.481826633 -0.910901606
v 0.631925106 -0.48431021 -0.910078704
v 0.630808711 -0.485338926 -0.907831848
v 0.629942417 -0.48431021 -0.905477226
v 0.629833817 -0.481826633 -0.90439409
v 0.630546451 -0.479343057 -0.905216992
v 0.631662846 -0.47831434 -0.907463849
v 0.63252914 -0.479343057 -0.90981847
v 0.634287953 -0.481826633 -0.909447014
v 0.633180976 -0.48429653 -0.909281373
v 0.630934596 -0.485319585 -0.908158839
v 0.628864586 -0.48429653 -0.90673697
v 0.628183603 -0.481826633 -0.905848682
v 0.629290581 -0.479356736 -0.906014323
v 0.631536961 -0.478333682 -0.907136858
v 0.63360697 -0.479356736 -0.908558726
v 0.627203286 -0.479457498 -0.921465814
v 0.626096308 -0.481927395 -0.921300173
v 0.623849928 -0.482950449 -0.920177639
v 0.621779919 -0.481927395 -0.91875577
v 0.621098936 -0.479457498 -0.917867482
v 0.622205913 -0.4769876 -0.918033123
v 0.624452293 -0.475964546 -0.919155657
v 0.626522303 -0.4769876 -0.920577526
v 0.626605093 -0.476902008 -0.919666648
v 0.625886321 -0.477650493 -0.922171891
v 0.624151111 -0.479457498 -0.923209608
v 0.6224159 -0.481264502 -0.922171891
v 0.621697128 -0.482012987 -0.919666648
v 0.6224159 -0.481264502 -0.917161405
v 0.624151111 -0.479457498 -0.916123688
v 0.625886321 -0.477650493 -0.917161405
v 0.620282948 -0.470831037 -0.919666648
v 0.619564176 -0.471579522 -0.922171891
v 0.617828965 -0.473386526 -0.923209608
v 0.616093755 -0.47519353 -0.922171891
v 0.615374982 -0.475942016 -0.919666648
v 0.616093755 -0.47519353 -0.917161405
v 0.617828965 -0.473386526 -0.916123688
v 0.619564176 -0.471579522 -0.917161405
v 0.620493531 -0.471051395 -0.919666648
v 0.619205534 -0.47115624 -0.922050595
v 0.617111206 -0.472567528 -0.923038125
v 0.615437329 -0.474458605 -0.922050595
v 0.615164399 -0.475721657 -0.919666648
v 0.616452396 -0.475616813 -0.917282701
v 0.618546724 -0.474205524 -0.916295171
v 0.620220602 -0.472314447 -0.917282701
v 0.614373684 -0.464068234 -0.916667461
v 0.613085687 -0.464173079 -0.919051409
v 0.610991359 -0.465584368 -0.920038939
v 0.609317482 -0.467475444 -0.919051409
v 0.609044552 -0.468738496 -0.916667461
v 0.610332549 -0.468633652 -0.914283514
v 0.612426877 -0.467222363 -0.913295984
v 0.614100754 -0.465331286 -0.914283514
v 0.614123523 -0.463810474 -0.916667461
v 0.613522053 -0.464668304 -0.919168532
v 0.611858547 -0.466542512 -0.92020452
v 0.610107541 -0.468335211 -0.919168532
v 0.609294713 -0.468996257 -0.916667461
v 0.609896183 -0.468138427 -0.914166391
v 0.611559689 -0.466264218 -0.913130403
v 0.613310695 -0.464471519 -0.914166391
v 0.60777092 -0.45789513 -0.917168558
v 0.607169449 -0.45875296 -0.919669628
v 0.605505943 -0.460627168 -0.920705616
v 0.603754938 -0.462419868 -0.919669628
v 0.602942109 -0.463080913 -0.917168558
v 0.60354358 -0.462223083 -0.914667487
v 0.605207086 -0.460348874 -0.913631499
v 0.606958091 -0.458556175 -0.914667487
v 0.601997316 -0.460488021 -0.918294847
v 0.602778733 -0.46291092 -0.917360961
v 0.605070114 -0.463914514 -0.916314363
v 0.607529283 -0.46291092 -0.915768147
v 0.608715713 -0.460488021 -0.916042268
v 0.607934296 -0.458065122 -0.916976154
v 0.605642915 -0.457061529 -0.918022752
v 0.603183746 -0.458065122 -0.918568969
v 0.596933603 -0.456299961 -0.903192401
v 0.59771502 -0.45872286 -0.902258515
v 0.600006402 -0.459726453 -0.901211917
v 0.60246557 -0.45872286 -0.9006657
v 0.603652 -0.456299961 -0.900939822
v 0.602870584 -0.453877062 -0.901873708
v 0.600579202 -0.452873468 -0.902920306
v 0.598120034 -0.453877062 -0.903466523
v 0.602746785 -0.453744471 -0.902066112
v 0.602028012 -0.454492956 -0.904571354
v 0.600292802 -0.456299961 -0.905609071
v 0.598557591 -0.458106965 -0.904571354
v 0.597838819 -0.45885545 -0.902066112
v 0.598557591 -0.458106965 -0.899560869
v 0.600292802 -0.456299961 -0.898523152
v 0.602028012 -0.454492956 -0.899560869
v 0.596446276 -0.447694272 -0.902066112
v 0.595727503 -0.448442757 -0.904571354
v 0.593992293 -0.450249761 -0.905609071
v 0.592257082 -0.452056766 -0.904571354
v 0.59153831 -0.452805251 -0.902066112
v 0.592257082 -0.452056766 -0.899560869
v 0.593992293 -0.450249761 -0.898523152
v 0.595727503 -0.448442757 -0.899560869
v 0.623673975 -0.278579235 -0.367571682
v 0.621177971 -0.277594924 -0.367178828
v 0.620144129 -0.275143564 -0.366654396
v 0.621177971 -0.27266109 -0.366305619
v 0.623673975 -0.271601737 -0.366336793
v 0.62616998 -0.272586048 -0.366729647
v 0.627203822 -0.275037408 -0.367254078
v 0.62616998 -0.277519882 -0.367602855
v 0.622621477 -0.276452899 -0.379585892
v 0.620125473 -0.275468588 -0.379193038
v 0.61909163 -0.273017228 -0.378668606
v 0.620125473 -0.270534754 -0.37831983
v 0.622621477 -0.2694754 -0.378351003
v 0.625117481 -0.270459712 -0.378743857
v 0.626151323 -0.272911072 -0.379268289
v 0.625117481 -0.275393546 -0.379617065
v 0.622621477 -0.273222029 -0.382502019
v 0.620117843 -0.27323544 -0.381460547
v 0.619080782 -0.273089945 -0.378959268
v 0.620117843 -0.272870749 -0.376463354
v 0.622621477 -0.27270627 -0.375434875
v 0.62512511 -0.272692859 -0.376476347
v 0.626162171 -0.272838354 -0.378977627
v 0.62512511 -0.27305755 -0.381473541
v 0.62242192 -0.267635226 -0.382909745
v 0.619918287 -0.267648637 -0.381868273
v 0.618881226 -0.267503142 -0.379366994
v 0.619918287 -0.267283946 -0.376871079
v 0.62242192 -0.267119467 -0.375842601
v 0.624925554 -0.267106056 -0.376884073
v 0.625962615 -0.267251551 -0.379385352
v 0.624925554 -0.267470747 -0.381881267
v 0.624035954 -0.24636893 -0.384610802
v 0.621535599 -0.245320514 -0.384565234
v 0.620499909 -0.242849305 -0.384148568
v 0.621535599 -0.240402907 -0.383604854
v 0.624035954 -0.239414379 -0.38325265
v 0.62653631 -0.240462795 -0.383298218
v 0.627572 -0.242934003 -0.383714885
v 0.62653631 -0.245380402 -0.384258598
v 0.625183523 -0.24284856 -0.402636826
v 0.622683167 -0.241800144 -0.402591258
v 0.621647477 -0.239328936 -0.402174592
v 0.622683167 -0.236882538 -0.401630878
v 0.625183523 -0.235894009 -0.401278675
v 0.627683878 -0.236942425 -0.401324242
v 0.628719568 -0.239413634 -0.401740909
v 0.627683878 -0.241860032 -0.402284622
v 0.626862168 -0.227201805 -0.379902929
v 0.624359846 -0.227074534 -0.378865987
v 0.623323321 -0.226532459 -0.376419574
v 0.624359846 -0.225893125 -0.373996764
v 0.626862168 -0.225531027 -0.373016804
v 0.629364491 -0.225658298 -0.374053746
v 0.630401015 -0.226200372 -0.37650016
v 0.629364491 -0.226839706 -0.378922969
v 0.626598477 -0.221894413 -0.381190658
v 0.624096155 -0.221767142 -0.380153716
v 0.62305963 -0.221225068 -0.377707303
v 0.624096155 -0.220585734 -0.375284493
v 0.626598477 -0.220223635 -0.374304533
v 0.6291008 -0.220350906 -0.375341475
v 0.630137324 -0.220892981 -0.377787888
v 0.6291008 -0.221532315 -0.380210698
v 0.627171755 -0.218161777 -0.406933248
v 0.624666631 -0.218605578 -0.405994952
v 0.623628914 -0.219717577 -0.403750002
v 0.624666631 -0.220846385 -0.401513457
v 0.627171755 -0.221330747 -0.400595427
v 0.629676878 -0.220886946 -0.401533723
v 0.630714595 -0.219774947 -0.403778672
v 0.629676878 -0.218646139 -0.406015217
v 0.627305865 -0.204907894 -0.400306135
v 0.624800742 -0.205351695 -0.399367839
v 0.623763025 -0.206463695 -0.39712289
v 0.624800742 -0.207592502 -0.394886345
v 0.627305865 -0.208076864 -0.393968314
v 0.629810989 -0.207633063 -0.39490661
v 0.630848706 -0.206521064 -0.39715156
v 0.629810989 -0.205392256 -0.399388105
v 0.627305865 -0.203466833 -0.398980767
v 0.624804139 -0.204283893 -0.39832738
v 0.623767912 -0.206394657 -0.396976829
v 0.624804139 -0.208562657 -0.395720243
v 0.627305865 -0.209517926 -0.395293683
v 0.629807591 -0.208700866 -0.395947069
v 0.630843818 -0.206590101 -0.397297621
v 0.629807591 -0.204422101 -0.398554206
v 0.628374219 -0.192994848 -0.381794542
v 0.625872493 -0.193811908 -0.381141156
v 0.624836266 -0.195922673 -0.379790604
v 0.625872493 -0.198090672 -0.378534019
v 0.628374219 -0.199045941 -0.378107458
v 0.630875945 -0.198228881 -0.378760844
v 0.631912172 -0.196118116 -0.380111396
v 0.630875945 -0.193950117 -0.381367981
v 0.628374219 -0.195033014 -0.383353591
v 0.625869036 -0.195337877 -0.382361531
v 0.624831319 -0.196042553 -0.379957438
v 0.625869036 -0.196734235 -0.377549559
v 0.628374219 -0.197007775 -0.376548409
v 0.630879402 -0.196702912 -0.377540469
v 0.631917119 -0.195998237 -0.379944563
v 0.630879402 -0.195306554 -0.382352442
v 0.628332496 -0.188879535 -0.381567955
v 0.625827312 -0.189184397 -0.380575895
v 0.624789596 -0.189889073 -0.378171802
v 0.625827312 -0.190580755 -0.375763923
v 0.628332496 -0.190854296 -0.374762774
v 0.630837679 -0.190549433 -0.375754833
v 0.631875396 -0.189844757 -0.378158927
v 0.630837679 -0.189153075 -0.380566806
v 0.628332496 -0.193142176 -0.379516363
v 0.625836432 -0.192264676 -0.378922343
v 0.62480253 -0.189982593 -0.377884924
v 0.625836432 -0.187632754 -0.377011746
v 0.628332496 -0.186591655 -0.376814365
v 0.630828559 -0.187469155 -0.377408385
v 0.631862462 -0.189751238 -0.378445804
v 0.630828559 -0.192101076 -0.379318982
v 0.626802981 -0.186355814 -0.395968765
v 0.624306917 -0.185478315 -0.395374745
v 0.623273015 -0.183196232 -0.394337326
v 0.624306917 -0.180846393 -0.393464148
v 0.626802981 -0.179805294 -0.393266767
v 0.629299045 -0.180682793 -0.393860787
v 0.630332947 -0.182964876 -0.394898206
v 0.629299045 -0.185314715 -0.395771384
v 0.624277353 -0.187143266 -0.43063128
v 0.621775031 -0.187015995 -0.429594338
v 0.620738506 -0.186473921 -0.427147925
v 0.621775031 -0.185834587 -0.424725115
v 0.624277353 -0.185472488 -0.423745155
v 0.626779675 -0.185599759 -0.424782097
v 0.6278162 -0.186141834 -0.42722851
v 0.626779675 -0.186781168 -0.42965132
v 0.623745203 -0.176432595 -0.433230013
v 0.621242881 -0.176305324 -0.432193071
v 0.620206356 -0.175763249 -0.429746658
v 0.621242881 -0.175123915 -0.427323848
v 0.623745203 -0.174761817 -0.426343888
v 0.626247525 -0.174889088 -0.42738083
v 0.62728405 -0.175431162 -0.429827243
v 0.626247525 -0.176070496 -0.432250053
v 0.623745203 -0.17643261 -0.433230013
v 0.621242881 -0.176305339 -0.432193071
v 0.620206356 -0.175763249 -0.429746658
v 0.621242881 -0.1751239 -0.427323848
v 0.623745203 -0.174761802 -0.426343888
v 0.626247525 -0.174889073 -0.42738083
v 0.62728405 -0.175431162 -0.429827243
v 0.626247525 -0.176070511 -0.432250053
v 0.623479128 -0.171077281 -0.434529394
v 0.620976806 -0.17095001 -0.433492452
v 0.619940281 -0.170407921 -0.431046039
v 0.620976806 -0.169768572 -0.428623229
v 0.623479128 -0.169406474 -0.427643269
v 0.62598145 -0.169533744 -0.428680211
v 0.627017975 -0.170075834 -0.431126624
v 0.62598145 -0.170715183 -0.433549434
v 0.623479128 -0.170455262 -0.434622854
v 0.620975375 -0.170480087 -0.433581769
v 0.619938314 -0.170365363 -0.431078881
v 0.620975375 -0.170178309 -0.428580374
v 0.623479128 -0.170028493 -0.427549809
v 0.625982881 -0.170003667 -0.428590894
v 0.627019942 -0.170118392 -0.431093782
v 0.625982881 -0.170305446 -0.43359229
v 0.623282671 -0.16484274 -0.434961498
v 0.620778918 -0.164867565 -0.433920413
v 0.619741857 -0.164752841 -0.431417525
v 0.620778918 -0.164565787 -0.428919017
v 0.623282671 -0.16441597 -0.427888453
v 0.625786424 -0.164391145 -0.428929538
v 0.626823485 -0.164505869 -0.431432426
v 0.625786424 -0.164692923 -0.433930933
v 0.623282671 -0.165464744 -0.434868038
v 0.620780349 -0.165337473 -0.433831096
v 0.619743824 -0.164795399 -0.431384683
v 0.620780349 -0.164156064 -0.428961873
v 0.623282671 -0.163793966 -0.427981913
v 0.625784993 -0.163921237 -0.429018855
v 0.626821518 -0.164463311 -0.431465268
v 0.625784993 -0.165102646 -0.433888078
v 0.62275064 -0.154756516 -0.437466174
v 0.620248318 -0.154629245 -0.436429232
v 0.619211793 -0.154087171 -0.433982819
v 0.620248318 -0.153447837 -0.43156001
v 0.62275064 -0.153085738 -0.43058005
v 0.625252962 -0.153213009 -0.431616992
v 0.626289487 -0.153755084 -0.434063405
v 0.625252962 -0.154394418 -0.436486214
v 0.62275064 -0.154756531 -0.437466174
v 0.620248318 -0.15462929 -0.436429232
v 0.619211793 -0.154087216 -0.433982819
v 0.620248318 -0.153447852 -0.43156001
v 0.62275064 -0.153085724 -0.43058005
v 0.625252962 -0.153212965 -0.431616992
v 0.626289487 -0.153755039 -0.434063405
v 0.625252962 -0.154394403 -0.436486214
v 0.622484565 -0.14940241 -0.438765258
v 0.619982243 -0.149275169 -0.437728316
v 0.618945718 -0.148733094 -0.435281903
v 0.619982243 -0.14809373 -0.432859093
v 0.622484565 -0.147731602 -0.431879133
v 0.624986887 -0.147858843 -0.432916075
v 0.626023412 -0.148400918 -0.435362488
v 0.624986887 -0.149040282 -0.437785298
v 0.625793993 -0.147301987 -0.435322195
v 0.624957919 -0.148021072 -0.437799484
v 0.622672975 -0.149059966 -0.438825637
v 0.620277703 -0.149810076 -0.437799484
v 0.619175136 -0.149832025 -0.435322195
v 0.62001121 -0.14911294 -0.432844907
v 0.622296154 -0.148074046 -0.431818753
v 0.624691427 -0.147323936 -0.432844907
v 0.622714758 -0.139246389 -0.436621279
v 0.621878684 -0.139965475 -0.439098567
v 0.61959374 -0.141004369 -0.44012472
v 0.617198467 -0.141754478 -0.439098567
v 0.616095901 -0.141776428 -0.436621279
v 0.616931975 -0.141057342 -0.43414399
v 0.619216919 -0.140018448 -0.433117837
v 0.621612191 -0.139268339 -0.43414399
v 0.619405329 -0.141346812 -0.440064341
v 0.616903007 -0.141219541 -0.439027399
v 0.615866482 -0.140677452 -0.436580986
v 0.616903007 -0.140038103 -0.434158176
v 0.619405329 -0.139676005 -0.433178216
v 0.621907651 -0.139803275 -0.434215158
v 0.622944176 -0.140345365 -0.436661571
v 0.621907651 -0.140984714 -0.439084381
v 0.619139314 -0.135992691 -0.441363424
v 0.616636992 -0.13586542 -0.440326482
v 0.615600467 -0.135323331 -0.437880069
v 0.616636992 -0.134683982 -0.435457259
v 0.619139314 -0.134321883 -0.434477299
v 0.621641636 -0.134449154 -0.435514241
v 0.622678161 -0.134991243 -0.437960654
v 0.621641636 -0.135630593 -0.440383464
v 0.620547175 -0.116439626 -0.417425096
v 0.618041933 -0.116792895 -0.416449368
v 0.617004216 -0.117642231 -0.414092481
v 0.618041933 -0.118490115 -0.411735088
v 0.620547175 -0.11883986 -0.410758078
v 0.623052418 -0.118486591 -0.411733806
v 0.624090135 -0.117637254 -0.414090693
v 0.623052418 -0.116789371 -0.416448087
v 0.620542228 -0.110213391 -0.415183544
v 0.618036985 -0.110566661 -0.414207816
v 0.616999269 -0.111415997 -0.411850929
v 0.618036985 -0.112263881 -0.409493536
v 0.620542228 -0.112613626 -0.408516526
v 0.623047471 -0.112260357 -0.409492254
v 0.624085188 -0.11141102 -0.411849141
v 0.623047471 -0.110563137 -0.414206535
v 0.620542228 -0.11155916 -0.415390015
v 0.618038356 -0.111599818 -0.414349735
v 0.617001235 -0.111531332 -0.411845177
v 0.618038356 -0.111393832 -0.409343481
v 0.620542228 -0.111267857 -0.408310056
v 0.6230461 -0.111227199 -0.409350336
v 0.624083221 -0.111295685 -0.411854893
v 0.6230461 -0.111433186 -0.414356589
v 0.620356023 -0.105972566 -0.41561988
v 0.617852151 -0.106013224 -0.4145796
v 0.616815031 -0.105944738 -0.412075043
v 0.617852151 -0.105807237 -0.409573346
v 0.620356023 -0.105681263 -0.408539921
v 0.622859895 -0.105640605 -0.409580201
v 0.623897016 -0.105709091 -0.412084758
v 0.622859895 -0.105846591 -0.414586455
v 0.620356023 -0.103320576 -0.41458407
v 0.617873371 -0.10429208 -0.414088249
v 0.616845071 -0.106162675 -0.412415951
v 0.617873371 -0.107836582 -0.410546809
v 0.620356023 -0.108333252 -0.409575731
v 0.622838676 -0.107361749 -0.410071552
v 0.623866975 -0.105491154 -0.41174385
v 0.622838676 -0.103817247 -0.413612992
v 0.618222475 -0.09217529 -0.403429091
v 0.615739822 -0.0931467935 -0.40293327
v 0.614711523 -0.0950173885 -0.401260972
v 0.615739822 -0.0966912955 -0.39939183
v 0.618222475 -0.0971879661 -0.398420751
v 0.620705128 -0.0962164626 -0.398916572
v 0.621733427 -0.0943458676 -0.40058887
v 0.620705128 -0.0926719606 -0.402458012
v 0.618222475 -0.0980801135 -0.401926368
v 0.61572659 -0.0971459821 -0.401425123
v 0.614692807 -0.0947682709 -0.400630891
v 0.61572659 -0.0923398063 -0.400008887
v 0.618222475 -0.0912831426 -0.399923474
v 0.62071836 -0.092217274 -0.400424719
v 0.621752143 -0.0945949852 -0.401218951
v 0.62071836 -0.0970234498 -0.401840955
v 0.617290676 -0.0950474069 -0.412218153
v 0.614794791 -0.0941132754 -0.411716908
v 0.613761008 -0.0917355642 -0.410922676
v 0.614794791 -0.0893070996 -0.410300672
v 0.617290676 -0.0882504359 -0.410215259
v 0.619786561 -0.0891845673 -0.410716504
v 0.620820343 -0.0915622786 -0.411510736
v 0.619786561 -0.0939907432 -0.41213274
v 0.617290676 -0.0950064808 -0.412347794
v 0.614795268 -0.0939521864 -0.412226945
v 0.613761663 -0.0915486664 -0.411514312
v 0.614795268 -0.0892038718 -0.410627365
v 0.617290676 -0.0882913619 -0.410085618
v 0.619786084 -0.0893456563 -0.410206467
v 0.620819688 -0.0917491764 -0.4109191
v 0.619786084 -0.094093971 -0.411806047
v 0.618665159 -0.0900754705 -0.426985294
v 0.616169751 -0.0890211761 -0.426864445
v 0.615136147 -0.0866176561 -0.426151812
v 0.616169751 -0.0842728615 -0.425264865
v 0.618665159 -0.0833603516 -0.424723119
v 0.621160567 -0.084414646 -0.424843967
v 0.622194171 -0.0868181661 -0.4255566
v 0.621160567 -0.0891629606 -0.426443547
v 0.618665159 -0.0851415247 -0.42902714
v 0.616232753 -0.0861403048 -0.428364635
v 0.615225196 -0.0874774382 -0.426231563
v 0.616232753 -0.0883696526 -0.423877418
v 0.618665159 -0.0882942975 -0.422681272
v 0.621097565 -0.0872955173 -0.423343778
v 0.622105122 -0.085958384 -0.425476849
v 0.621097565 -0.0850661695 -0.427830994
v 0.61604923 -0.0756392777 -0.424306214
v 0.613616824 -0.0766380578 -0.423643708
v 0.612609267 -0.0779751912 -0.421510637
v 0.613616824 -0.0788674057 -0.419156492
v 0.61604923 -0.0787920505 -0.417960346
v 0.618481636 -0.0777932703 -0.418622851
v 0.619489193 -0.076456137 -0.420755923
v 0.618481636 -0.0755639225 -0.423110068
v 0.61604923 -0.0752287209 -0.424066633
v 0.613594353 -0.0762245804 -0.423487842
v 0.612577498 -0.0778009966 -0.42152977
v 0.613594353 -0.0790345371 -0.419339418
v 0.61604923 -0.0792026073 -0.418199927
v 0.618504107 -0.0782067478 -0.418778718
v 0.619520962 -0.0766303316 -0.42073679
v 0.618504107 -0.0753967911 -0.422927141
v 0.613594711 -0.0652492642 -0.41730696
v 0.611139834 -0.0662451237 -0.416728169
v 0.610122979 -0.0678215399 -0.414770097
v 0.611139834 -0.0690550804 -0.412579745
v 0.613594711 -0.0692231506 -0.411440253
v 0.616049588 -0.0682272911 -0.412019044
v 0.617066443 -0.0666508749 -0.413977116
v 0.616049588 -0.0654173344 -0.416167468
v 0.613594711 -0.0701872706 -0.416334182
v 0.611098468 -0.0694403723 -0.415583134
v 0.610064507 -0.0674023032 -0.414123595
v 0.611098468 -0.0652669445 -0.412810504
v 0.613594711 -0.0642851442 -0.412413031
v 0.616090953 -0.0650320426 -0.413164079
v 0.617124915 -0.0670701116 -0.414623618
v 0.616090953 -0.0692054704 -0.415936708
v 0.61296308 -0.06607645 -0.42252183
v 0.610466838 -0.0653295517 -0.421770781
v 0.609432876 -0.0632914826 -0.420311242
v 0.610466838 -0.0611561202 -0.418998152
v 0.61296308 -0.0601743273 -0.418600678
v 0.615459323 -0.060921222 -0.419351727
v 0.616493285 -0.062959291 -0.420811266
v 0.615459323 -0.0650946498 -0.422124356
v 0.61296308 -0.0599713698 -0.422175169
v 0.610497892 -0.0610984154 -0.42209968
v 0.609476745 -0.0634128302 -0.421122998
v 0.610497892 -0.0655588657 -0.419817239
v 0.61296308 -0.0662794039 -0.418947339
v 0.615428269 -0.0651523545 -0.419022828
v 0.616449416 -0.0628379434 -0.41999951
v 0.615428269 -0.0606919043 -0.421305269
v 0.608903944 -0.0497555025 -0.402210742
v 0.606438756 -0.0508825481 -0.402135253
v 0.605417609 -0.0531969666 -0.401158571
v 0.606438756 -0.0553430021 -0.399852812
v 0.608903944 -0.0560635366 -0.398982912
v 0.611369133 -0.054936491 -0.399058402
v 0.61239028 -0.0526220724 -0.400035083
v 0.611369133 -0.050476037 -0.401340842
v 0.608903944 -0.0542261228 -0.40388608
v 0.606402934 -0.0539759956 -0.40286845
v 0.605367005 -0.053101141 -0.400520116
v 0.606402934 -0.0521140397 -0.398216754
v 0.608903944 -0.0515929163 -0.397307575
v 0.611404955 -0.0518430434 -0.398325205
v 0.612440884 -0.052717898 -0.400673538
v 0.611404955 -0.0537049994 -0.4029769
v 0.608583033 -0.0491207726 -0.405929625
v 0.606082022 -0.0488706455 -0.404911995
v 0.605046093 -0.0479957908 -0.402563661
v 0.606082022 -0.0470086895 -0.400260299
v 0.608583033 -0.0464875661 -0.39935112
v 0.611084044 -0.0467376933 -0.40036875
v 0.612119973 -0.0476125479 -0.402717084
v 0.611084044 -0.0485996492 -0.405020446
v 0.611909628 -0.046585016 -0.402640373
v 0.610987186 -0.0470837392 -0.405141085
v 0.608656466 -0.0480044819 -0.406176895
v 0.606282711 -0.0488078855 -0.405141085
v 0.605256438 -0.0490233228 -0.402640373
v 0.60617888 -0.0485245995 -0.40013966
v 0.6085096 -0.0476038568 -0.39910385
v 0.610883355 -0.0468004532 -0.40013966
v 0.608925819 -0.0384433791 -0.403163463
v 0.608003378 -0.0389421023 -0.405664176
v 0.605672657 -0.0398628451 -0.406699985
v 0.603298903 -0.0406662486 -0.405664176
v 0.60227263 -0.0408816859 -0.403163463
v 0.603195071 -0.0403829627 -0.40066275
v 0.605525792 -0.0394622199 -0.39962694
v 0.607899547 -0.0386588164 -0.40066275
v 0.605599225 -0.0416961126 -0.406064689
v 0.603100479 -0.0412483588 -0.405111283
v 0.602065504 -0.0398716517 -0.403016895
v 0.603100479 -0.0383724459 -0.401008338
v 0.605599225 -0.0376289524 -0.400262237
v 0.60809797 -0.0380767062 -0.401215643
v 0.609132946 -0.0394534133 -0.403310031
v 0.60809797 -0.0409526192 -0.405318588
v 0.605176151 -0.0369022302 -0.409424901
v 0.602677405 -0.0364544764 -0.408471495
v 0.60164243 -0.0350777693 -0.406377107
v 0.602677405 -0.0335785635 -0.40436855
v 0.605176151 -0.03283507 -0.403622448
v 0.607674897 -0.0332828239 -0.404575855
v 0.608709872 -0.034659531 -0.406670243
v 0.607674897 -0.0361587368 -0.4086788
v 0.605176151 -0.0326911248 -0.409318477
v 0.602711082 -0.033681415 -0.408774555
v 0.601689994 -0.0353671685 -0.406912088
v 0.602711082 -0.0367609002 -0.404822111
v 0.605176151 -0.0370461755 -0.403728873
v 0.60764122 -0.0360558853 -0.404272795
v 0.608662307 -0.0343701318 -0.406135261
v 0.60764122 -0.0329764001 -0.408225238
v 0.602847636 -0.0225587152 -0.401423991
v 0.600382566 -0.0235490054 -0.400880069
v 0.599361479 -0.0252347607 -0.399017602
v 0.600382566 -0.0266284905 -0.396927625
v 0.602847636 -0.0269137658 -0.395834386
v 0.605312705 -0.0259234756 -0.396378309
v 0.606333792 -0.0242377203 -0.398240775
v 0.605312705 -0.0228439905 -0.400330752
v 0.606213093 -0.0236288626 -0.398629189
v 0.605104744 -0.0235804729 -0.401103526
v 0.602674186 -0.0242091175 -0.402128428
v 0.600345254 -0.025146544 -0.401103526
v 0.599482179 -0.0258436184 -0.398629189
v 0.600590527 -0.0258920081 -0.396154851
v 0.603021085 -0.0252633635 -0.395129949
v 0.605350018 -0.024325937 -0.396154851
v 0.603389621 -0.015048 -0.397196621
v 0.602281272 -0.0149996122 -0.399670959
v 0.599850714 -0.0156282559 -0.40069586
v 0.597521782 -0.0165656824 -0.399670959
v 0.596658707 -0.0172627568 -0.397196621
v 0.597767055 -0.0173111465 -0.394722283
v 0.600197613 -0.0166825019 -0.393697381
v 0.602526546 -0.0157450754 -0.394722283
v 0.603333592 -0.0148903374 -0.397196621
v 0.602497518 -0.0156094236 -0.399673939
v 0.600212574 -0.0166483223 -0.400700063
v 0.597817302 -0.0173984617 -0.399673939
v 0.596714735 -0.0174204204 -0.397196621
v 0.597550809 -0.0167013332 -0.394719303
v 0.599835753 -0.0156624354 -0.393693179
v 0.602231026 -0.0149122952 -0.394719303
v 0.600298762 -0.00695105875 -0.398476928
v 0.599462688 -0.00767014455 -0.400954247
v 0.597177744 -0.0087090442 -0.40198037
v 0.594782472 -0.00945918355 -0.400954247
v 0.593679905 -0.00948114134 -0.398476928
v 0.594515979 -0.00876205508 -0.39599961
v 0.596800923 -0.00772315543 -0.394973487
v 0.599196196 -0.00697301654 -0.39599961
v 0.596032381 0.00164792675 -0.378734499
v 0.593580425 0.000650873408 -0.378145576
v 0.592564762 -0.000895108853 -0.376162767
v 0.593580425 -0.0020844047 -0.373947561
v 0.596032381 -0.00222034054 -0.372797579
v 0.598484337 -0.0012232872 -0.373386502
v 0.5995 0.000322695036 -0.37536931
v 0.598484337 0.00151199079 -0.377584517
v 0.593622863 0.011280478 -0.372458279
v 0.591170907 0.0102834245 -0.371869355
v 0.590155244 0.00873744301 -0.369886547
v 0.591170907 0.00754814688 -0.367671341
v 0.593622863 0.00741221104 -0.366521358
v 0.59607482 0.0084092645 -0.367110282
v 0.597090483 0.009955246 -0.36909309
v 0.59607482 0.0111445421 -0.371308297
v 0.593622863 0.00701117376 -0.372154325
v 0.591125369 0.00754687842 -0.371243984
v 0.590090871 0.0091366861 -0.369306087
v 0.591125369 0.0108493092 -0.367475808
v 0.593622863 0.0116815157 -0.366825312
v 0.596120358 0.0111458106 -0.367735654
v 0.597154856 0.00955600291 -0.36967355
v 0.596120358 0.00784337986 -0.37150383
v 0.59313941 0.0116175311 -0.376191348
v 0.590641916 0.0121532362 -0.375281006
v 0.589607418 0.0137430439 -0.37334311
v 0.590641916 0.0154556669 -0.37151283
v 0.59313941 0.0162878726 -0.370862335
v 0.595636904 0.0157521684 -0.371772677
v 0.596671402 0.0141623607 -0.373710573
v 0.595636904 0.0124497376 -0.375540853
v 0.596448839 0.0152177513 -0.373526841
v 0.595612764 0.0144986613 -0.37600413
v 0.59332782 0.013459756 -0.377030283
v 0.590932548 0.012709612 -0.37600413
v 0.589829981 0.0126876533 -0.373526841
v 0.590666056 0.0134067433 -0.371049553
v 0.592951 0.0144456485 -0.3700234
v 0.595346272 0.0151957925 -0.371049553
v 0.593433857 0.0231050514 -0.374798775
v 0.592597783 0.0223859604 -0.377276063
v 0.590312839 0.0213470552 -0.378302217
v 0.587917566 0.0205969121 -0.377276063
v 0.586815 0.0205749534 -0.374798775
v 0.587651074 0.0212940443 -0.372321486
v 0.589936018 0.0223329496 -0.371295333
v 0.59233129 0.0230830926 -0.372321486
v 0.593511343 0.0228798352 -0.374798775
v 0.592314899 0.0232413001 -0.377205193
v 0.589835227 0.0227819048 -0.378201962
v 0.58752501 0.0217707548 -0.377205193
v 0.586737514 0.0208001696 -0.374798775
v 0.587933958 0.0204387046 -0.372392356
v 0.59041363 0.0208981 -0.371395588
v 0.592723846 0.0219092499 -0.372392356
v 0.590818822 0.0316498838 -0.372142702
v 0.589622378 0.0320113488 -0.374549121
v 0.587142706 0.0315519534 -0.375545889
v 0.584832489 0.0305408016 -0.374549121
v 0.584044993 0.0295702163 -0.372142702
v 0.585241437 0.0292087514 -0.369736284
v 0.587721109 0.0296681467 -0.368739516
v 0.590031326 0.0306792967 -0.369736284
v 0.587431908 0.0330774263 -0.374685258
v 0.584951758 0.0321008265 -0.374186963
v 0.583924472 0.0302509516 -0.372491181
v 0.584951758 0.0286114309 -0.370591253
v 0.587431908 0.0281426739 -0.369600147
v 0.589912057 0.0291192718 -0.370098442
v 0.590939343 0.0309691466 -0.371794224
v 0.589912057 0.0326086693 -0.373694152
v 0.58536154 0.0434918664 -0.364578784
v 0.582881391 0.0425152667 -0.364080489
v 0.581854105 0.0406653918 -0.362384707
v 0.582881391 0.0390258729 -0.360484779
v 0.58536154 0.0385571159 -0.359493673
v 0.58784169 0.0395337157 -0.359991968
v 0.588868976 0.0413835905 -0.36168775
v 0.58784169 0.0430231094 -0.363587677
v 0.588102818 0.0432690307 -0.362036228
v 0.586538196 0.0435419567 -0.36423406
v 0.584284246 0.0423401855 -0.365144432
v 0.58266139 0.0403677002 -0.36423406
v 0.582620263 0.0387799516 -0.362036228
v 0.584184885 0.0385070257 -0.359838396
v 0.586438835 0.0397087969 -0.358928025
v 0.58806169 0.0416812822 -0.359838396
v 0.585542917 0.0463954657 -0.359825581
v 0.583978295 0.0466683917 -0.362023413
v 0.581724346 0.0454666205 -0.362933785
v 0.58010149 0.0434941351 -0.362023413
v 0.580060363 0.0419063866 -0.359825581
v 0.581624985 0.0416334607 -0.357627749
v 0.583878934 0.0428352319 -0.356717378
v 0.58550179 0.0448077172 -0.357627749
v 0.586111069 0.0454159752 -0.359825581
v 0.585274994 0.0446968861 -0.362302899
v 0.58299005 0.0436579809 -0.363329023
v 0.580594778 0.0429078341 -0.362302899
v 0.579492211 0.0428858772 -0.359825581
v 0.580328286 0.0436049663 -0.357348263
v 0.58261323 0.0446438715 -0.35632214
v 0.585008502 0.0453940183 -0.357348263
v 0.583108723 0.0532702096 -0.36109218
v 0.582272649 0.0525511205 -0.363569498
v 0.579987705 0.0515122153 -0.364595622
v 0.577592432 0.0507620685 -0.363569498
v 0.576489866 0.0507401116 -0.36109218
v 0.57732594 0.0514592007 -0.358614862
v 0.579610884 0.0524981059 -0.357588738
v 0.582006156 0.0532482527 -0.358614862
v 0.579799294 0.04850173 -0.361619949
v 0.5773049 0.0494931638 -0.361235023
v 0.576271653 0.0519560911 -0.360766441
v 0.5773049 0.0544477627 -0.360488653
v 0.579799294 0.0555085912 -0.360564411
v 0.582293689 0.0545171574 -0.360949337
v 0.583326936 0.0520542301 -0.361417919
v 0.582293689 0.0495625585 -0.361695707
v 0.578394294 0.0507429764 -0.376497716
v 0.575899899 0.0517344102 -0.376112789
v 0.574866652 0.0541973375 -0.375644207
v 0.575899899 0.0566890091 -0.37536642
v 0.578394294 0.0577498376 -0.375442177
v 0.580888689 0.0567584038 -0.375827104
v 0.581921935 0.0542954765 -0.376295686
v 0.580888689 0.0518038049 -0.376573473
v 0.581703722 0.0555114411 -0.375969946
v 0.580867648 0.0547923557 -0.378447235
v 0.578582704 0.053753458 -0.379473388
v 0.576187432 0.0530033261 -0.378447235
v 0.575084865 0.0529813729 -0.375969946
v 0.575920939 0.0537004583 -0.373492658
v 0.578205884 0.054739356 -0.372466505
v 0.580601156 0.0554894879 -0.373492658
v 0.578691602 0.0633913577 -0.377240688
v 0.577855527 0.0626722649 -0.379717976
v 0.575570583 0.0616333708 -0.380744129
v 0.573175311 0.0608832389 -0.379717976
v 0.572072744 0.0608612858 -0.377240688
v 0.572908819 0.0615803711 -0.374763399
v 0.575193763 0.0626192689 -0.373737246
v 0.577589035 0.0633694008 -0.374763399
v 0.578691602 0.0633913577 -0.377240688
v 0.577855527 0.0626722649 -0.379717976
v 0.575570583 0.0616333708 -0.380744129
v 0.573175311 0.0608832389 -0.379717976
v 0.572072744 0.0608612858 -0.377240688
v 0.572908819 0.0615803711 -0.374763399
v 0.575193763 0.0626192689 -0.373737246
v 0.577589035 0.0633694008 -0.374763399
v 0.575679481 0.0712712631 -0.378511429
v 0.574843407 0.0705521777 -0.380988717
v 0.572558463 0.0695132837 -0.382014871
v 0.57016319 0.0687631443 -0.380988717
v 0.569060624 0.0687411949 -0.378511429
v 0.569896698 0.0694602802 -0.376034141
v 0.572181642 0.0704991743 -0.375007987
v 0.574576914 0.0712493137 -0.376034141
v 0.572370052 0.0725917295 -0.380933762
v 0.569867671 0.0719164982 -0.380136728
v 0.568831146 0.0701222494 -0.3783876
v 0.569867671 0.0682600439 -0.376711011
v 0.572370052 0.0674207285 -0.376089096
v 0.574872434 0.0680959597 -0.376886129
v 0.575908959 0.0698902085 -0.378635257
v 0.574872434 0.0717524141 -0.380311847
v 0.572870553 0.0797278509 -0.373316973
v 0.570368171 0.0790526196 -0.37251994
v 0.569331646 0.0772583708 -0.370770812
v 0.570368171 0.0753961653 -0.369094223
v 0.572870553 0.0745568499 -0.368472308
v 0.575372934 0.0752320811 -0.369269341
v 0.576409459 0.0770263299 -0.371018469
v 0.575372934 0.0788885355 -0.372695059
v 0.576179981 0.0784073696 -0.370894641
v 0.575343907 0.0776882917 -0.373371959
v 0.573058963 0.0766494051 -0.374398082
v 0.570663691 0.0758992806 -0.373371959
v 0.569561124 0.0758773312 -0.370894641
v 0.570397198 0.0765964091 -0.368417323
v 0.572682142 0.0776352957 -0.367391199
v 0.575077415 0.0783854201 -0.368417323
v 0.573174298 0.0862705335 -0.37216267
v 0.572338223 0.0855514556 -0.374639988
v 0.570053279 0.084512569 -0.375666112
v 0.567658007 0.0837624446 -0.374639988
v 0.56655544 0.0837404951 -0.37216267
v 0.567391515 0.084459573 -0.369685352
v 0.569676459 0.0854984596 -0.368659228
v 0.572071731 0.0862485841 -0.369685352
v 0.569864869 0.0819544494 -0.373963654
v 0.567479014 0.0824596286 -0.372778088
v 0.566490769 0.0844561458 -0.371231973
v 0.567479014 0.0867744759 -0.370231092
v 0.569864869 0.0880565792 -0.370361686
v 0.572250724 0.0875514001 -0.371547252
v 0.573238969 0.0855548829 -0.373093367
v 0.572250724 0.0832365528 -0.374094248
v 0.566085577 0.0879523382 -0.384124666
v 0.563699722 0.0884575173 -0.3829391
v 0.562711477 0.0904540345 -0.381392986
v 0.563699722 0.0927723646 -0.380392104
v 0.566085577 0.094054468 -0.380522698
v 0.568471432 0.0935492888 -0.381708264
v 0.569459677 0.0915527716 -0.383254379
v 0.568471432 0.0892344415 -0.38425526
v 0.56853956 0.0935589001 -0.382323682
v 0.567820787 0.0928104222 -0.384828925
v 0.566085577 0.0910034254 -0.385866642
v 0.564350367 0.0891964063 -0.384828925
v 0.563631594 0.0884479061 -0.382323682
v 0.564350367 0.089196384 -0.379818439
v 0.566085577 0.0910033807 -0.378780723
v 0.567820787 0.0928103998 -0.379818439
v 0.565787673 0.0962014645 -0.382323653
v 0.565068901 0.0954529867 -0.384828895
v 0.56333369 0.0936459899 -0.385866612
v 0.56159848 0.0918389708 -0.384828895
v 0.560879707 0.0910904706 -0.382323653
v 0.56159848 0.0918389484 -0.37981841
v 0.56333369 0.0936459452 -0.378780693
v 0.565068901 0.0954529643 -0.37981841
v 0.56333369 0.091952458 -0.385435671
v 0.56099987 0.0916484222 -0.384088784
v 0.560033202 0.0925145224 -0.381707937
v 0.56099987 0.0940434039 -0.379687756
v 0.56333369 0.0953394771 -0.379211634
v 0.56566751 0.0956435129 -0.380558521
v 0.566634178 0.0947774127 -0.382939368
v 0.56566751 0.0932485312 -0.384959549
v 0.560082018 0.0992705971 -0.389418095
v 0.557748199 0.0989665613 -0.388071209
v 0.55678153 0.0998326614 -0.385690361
v 0.557748199 0.101361543 -0.383670181
v 0.560082018 0.102657616 -0.383194059
v 0.562415838 0.102961652 -0.384540945
v 0.563382506 0.102095552 -0.386921793
v 0.562415838 0.10056667 -0.388941973
v 0.560082018 0.10181845 -0.38974449
v 0.557576776 0.101559803 -0.388739496
v 0.556539059 0.100952208 -0.386309028
v 0.557576776 0.100351579 -0.38387686
v 0.560082018 0.100109763 -0.382867664
v 0.562587261 0.10036841 -0.383872658
v 0.563624978 0.100976005 -0.386303127
v 0.562587261 0.101576634 -0.388735294
v 0.560061336 0.107617564 -0.388303578
v 0.557556093 0.107358918 -0.387298584
v 0.556518376 0.106751323 -0.384868115
v 0.557556093 0.106150694 -0.382435948
v 0.560061336 0.105908878 -0.381426752
v 0.562566578 0.106167525 -0.382431746
v 0.563604295 0.10677512 -0.384862214
v 0.562566578 0.107375748 -0.387294382
v 0.563370764 0.108028255 -0.384865165
v 0.56253469 0.10730917 -0.387342453
v 0.560249746 0.106270276 -0.388368607
v 0.557854474 0.105520137 -0.387342453
v 0.556751907 0.105498187 -0.384865165
v 0.557587981 0.106217273 -0.382387877
v 0.559872925 0.107256167 -0.381361723
v 0.562268198 0.108006306 -0.382387877
v 0.560358644 0.115908168 -0.386135906
v 0.559522569 0.115189083 -0.388613194
v 0.557237625 0.114150189 -0.389639348
v 0.554842353 0.11340005 -0.388613194
v 0.553739786 0.1133781 -0.386135906
v 0.554575861 0.114097185 -0.383658618
v 0.556860805 0.115136079 -0.382632464
v 0.559256077 0.115886219 -0.383658618
v 0.557049215 0.112951249 -0.389248788
v 0.554715335 0.112646736 -0.38790223
v 0.553748548 0.113511689 -0.385520965
v 0.554715335 0.115039423 -0.38349992
v 0.557049215 0.116335019 -0.383023024
v 0.559383094 0.116639532 -0.384369582
v 0.560349882 0.115774579 -0.386750847
v 0.559383094 0.114246845 -0.388771892
v 0.55379349 0.120282993 -0.393233657
v 0.55145961 0.11997848 -0.391887099
v 0.550492823 0.120843433 -0.389505833
v 0.55145961 0.122371167 -0.387484789
v 0.55379349 0.123666763 -0.387007892
v 0.556127369 0.123971276 -0.38835445
v 0.557094157 0.123106323 -0.390735716
v 0.556127369 0.121578589 -0.39275676
v 0.54867357 0.145031825 -0.360883057
v 0.547706485 0.144654423 -0.363388121
v 0.545351923 0.14379856 -0.364425778
v 0.542989135 0.142965585 -0.363388121
v 0.542002261 0.142643467 -0.360883057
v 0.542969346 0.143020868 -0.358377993
v 0.545323908 0.143876731 -0.357340336
v 0.547686696 0.144709706 -0.358377993
v 0.545789599 0.153087437 -0.360983342
v 0.544822514 0.152710035 -0.363488406
v 0.542467952 0.151854172 -0.364526063
v 0.540105164 0.151021197 -0.363488406
v 0.53911829 0.150699079 -0.360983342
v 0.540085375 0.151076481 -0.358478278
v 0.542439938 0.151932344 -0.357440621
v 0.544802725 0.152765319 -0.358478278
v 0.545208573 0.154121384 -0.360983342
v 0.543583453 0.154480472 -0.363124162
v 0.541296661 0.153324008 -0.3640109
v 0.539687812 0.151329428 -0.363124162
v 0.539699316 0.149665132 -0.360983342
v 0.541324437 0.149306044 -0.358842522
v 0.543611228 0.150462508 -0.357955784
v 0.545220077 0.152457088 -0.358842522
v 0.540199876 0.160313636 -0.356142461
v 0.538574755 0.160672724 -0.358283281
v 0.536287963 0.15951626 -0.35917002
v 0.534679115 0.15752168 -0.358283281
v 0.534690619 0.155857384 -0.356142461
v 0.536315739 0.155498296 -0.354001641
v 0.538602531 0.15665476 -0.353114903
v 0.54021138 0.15864934 -0.354001641
v 0.537445247 0.155367881 -0.358415574
v 0.534950674 0.15601556 -0.357572496
v 0.533917427 0.157875806 -0.355891734
v 0.534950674 0.159858882 -0.354357839
v 0.537445247 0.160803139 -0.353869349
v 0.539939821 0.16015546 -0.354712427
v 0.540973067 0.158295214 -0.356393188
v 0.539939821 0.156312138 -0.357927084
v 0.536807418 0.159784615 -0.363696039
v 0.534312844 0.160432294 -0.362852961
v 0.533279598 0.16229254 -0.361172199
v 0.534312844 0.164275616 -0.359638304
v 0.536807418 0.165219873 -0.359149814
v 0.539301991 0.164572194 -0.359992892
v 0.540335238 0.162711948 -0.361673653
v 0.539301991 0.160728872 -0.363207549
v 0.540116847 0.163767278 -0.361422926
v 0.539280772 0.163048193 -0.363900214
v 0.536995828 0.162009299 -0.364926368
v 0.534600556 0.161259159 -0.363900214
v 0.533497989 0.16123721 -0.361422926
v 0.534334064 0.161956295 -0.358945638
v 0.536619008 0.162995189 -0.357919484
v 0.53901428 0.163745329 -0.358945638
v 0.537126124 0.171591178 -0.362684637
v 0.53629005 0.170872092 -0.365161926
v 0.534005105 0.169833198 -0.366188079
v 0.531609833 0.169083059 -0.365161926
v 0.530507267 0.169061109 -0.362684637
v 0.531343341 0.169780195 -0.360207349
v 0.533628285 0.170819089 -0.359181195
v 0.536023557 0.171569228 -0.360207349
v 0.537126124 0.171591163 -0.362684637
v 0.53629005 0.170872077 -0.365161926
v 0.534005105 0.169833198 -0.366188079
v 0.531609833 0.169083074 -0.365161926
v 0.530507267 0.169061124 -0.362684637
v 0.531343341 0.16978021 -0.360207349
v 0.533628285 0.170819089 -0.359181195
v 0.536023557 0.171569213 -0.360207349
v 0.534135461 0.179415077 -0.363946348
v 0.533299387 0.178695992 -0.366423637
v 0.531014442 0.177657112 -0.36744979
v 0.52861917 0.176906988 -0.366423637
v 0.527516603 0.176885039 -0.363946348
v 0.528352678 0.177604124 -0.36146906
v 0.530637622 0.178643003 -0.360442907
v 0.533032894 0.179393128 -0.36146906
v 0.534135461 0.179415092 -0.363946348
v 0.533299387 0.178696007 -0.366423637
v 0.531014442 0.177657112 -0.36744979
v 0.52861917 0.176906973 -0.366423637
v 0.527516603 0.176885024 -0.363946348
v 0.528352678 0.177604109 -0.36146906
v 0.530637622 0.178643003 -0.360442907
v 0.533032894 0.179393142 -0.36146906
v 0.531144738 0.187238991 -0.36520806
v 0.530308664 0.186519906 -0.367685348
v 0.52802372 0.185481012 -0.368711501
v 0.525628448 0.184730873 -0.367685348
v 0.524525881 0.184708923 -0.36520806
v 0.525361955 0.185428008 -0.362730771
v 0.527646899 0.186466902 -0.361704618
v 0.530042171 0.187217042 -0.362730771
v 0.530289292 0.188529462 -0.36520806
v 0.52957052 0.187780976 -0.367713302
v 0.52783531 0.185973957 -0.368751019
v 0.526100099 0.184166938 -0.367713302
v 0.525381327 0.183418453 -0.36520806
v 0.526100099 0.184166938 -0.362702817
v 0.52783531 0.185973957 -0.3616651
v 0.52957052 0.187780976 -0.362702817
v 0.527556956 0.191153243 -0.36520806
v 0.526838183 0.190404758 -0.367713302
v 0.525102973 0.188597739 -0.368751019
v 0.523367763 0.18679072 -0.367713302
v 0.52264899 0.186042234 -0.36520806
v 0.523367763 0.18679072 -0.362702817
v 0.525102973 0.188597739 -0.3616651
v 0.526838183 0.190404758 -0.362702817
v 0.528412402 0.189862773 -0.36520806
v 0.527576327 0.189143687 -0.367685348
v 0.525291383 0.188104793 -0.368711501
v 0.522896111 0.187354654 -0.367685348
v 0.521793544 0.187332705 -0.36520806
v 0.522629619 0.18805179 -0.362730771
v 0.524914563 0.189090684 -0.361704618
v 0.527309835 0.189840823 -0.362730771
v 0.525421679 0.197686687 -0.366469771
v 0.524585605 0.196967602 -0.368947059
v 0.522300661 0.195928708 -0.369973212
v 0.519905388 0.195178568 -0.368947059
v 0.518802822 0.195156619 -0.366469771
v 0.519638896 0.195875704 -0.363992482
v 0.52192384 0.196914598 -0.362966329
v 0.524319112 0.197664738 -0.363992482
v 0.525422633 0.197684199 -0.366469771
v 0.52458179 0.196976826 -0.368948817
v 0.522294343 0.19594422 -0.369975686
v 0.519900203 0.195191309 -0.368948817
v 0.518801868 0.195159107 -0.366469771
v 0.519642711 0.19586648 -0.363990724
v 0.521930158 0.196899086 -0.362963855
v 0.524324298 0.197651997 -0.363990724
v 0.522435844 0.205515459 -0.367691338
v 0.521595001 0.204808086 -0.370170385
v 0.519307554 0.20377548 -0.371197253
v 0.516913414 0.203022569 -0.370170385
v 0.515815079 0.202990368 -0.367691338
v 0.516655922 0.203697741 -0.365212291
v 0.518943369 0.204730347 -0.364185423
v 0.521337509 0.205483258 -0.365212291
v 0.519125462 0.207518995 -0.369064391
v 0.516643286 0.206430852 -0.368975103
v 0.515615165 0.204066887 -0.368133843
v 0.516643286 0.20181191 -0.367033333
v 0.519125462 0.200986832 -0.366318285
v 0.521607637 0.202074975 -0.366407573
v 0.522635758 0.20443894 -0.367248833
v 0.521607637 0.206693918 -0.368349344
v 0.517488182 0.212159231 -0.358026564
v 0.515006006 0.211071089 -0.357937276
v 0.513977885 0.208707124 -0.357096016
v 0.515006006 0.206452146 -0.355995506
v 0.517488182 0.205627069 -0.355280459
v 0.519970357 0.206715211 -0.355369747
v 0.520998478 0.209079176 -0.356211007
v 0.519970357 0.211334154 -0.357311517
v 0.520828843 0.210073277 -0.356653512
v 0.519838333 0.209761634 -0.359158516
v 0.517471194 0.208941236 -0.360196114
v 0.51511395 0.20809269 -0.359158516
v 0.51414752 0.207713023 -0.356653512
v 0.51513803 0.208024666 -0.354148507
v 0.517505169 0.208845064 -0.353110909
v 0.519862413 0.209693611 -0.354148507
v 0.517984092 0.218126073 -0.356530547
v 0.516993582 0.217814431 -0.359035552
v 0.514626443 0.216994032 -0.360073149
v 0.512269199 0.216145486 -0.359035552
v 0.511302769 0.215765819 -0.356530547
v 0.512293279 0.216077462 -0.354025543
v 0.514660418 0.21689786 -0.352987945
v 0.517017663 0.217746407 -0.354025543
v 0.514643431 0.214469567 -0.359064341
v 0.512148321 0.21503368 -0.358164668
v 0.511114836 0.216717973 -0.356307745
v 0.512148321 0.218535811 -0.354581356
v 0.514643431 0.219422325 -0.353996754
v 0.517138541 0.218858212 -0.354896426
v 0.518172026 0.217173919 -0.356753349
v 0.517138541 0.215356082 -0.358479738
v 0.514061987 0.219072565 -0.363563061
v 0.511566877 0.219636679 -0.362663388
v 0.510533392 0.221320972 -0.360806465
v 0.511566877 0.223138809 -0.359080076
v 0.514061987 0.224025324 -0.358495474
v 0.516557097 0.223461211 -0.359395146
v 0.517590582 0.221776918 -0.361252069
v 0.516557097 0.21995908 -0.362978458
v 0.517425478 0.222662225 -0.361029267
v 0.516328096 0.222675338 -0.36350891
v 0.513903201 0.222028643 -0.364536017
v 0.511571348 0.221100941 -0.36350891
v 0.510698497 0.220435664 -0.361029267
v 0.511795878 0.220422551 -0.358549625
v 0.514220774 0.221069247 -0.357522517
v 0.516552627 0.221996948 -0.358549625
v 0.514694035 0.230914667 -0.359776735
v 0.513596654 0.23092778 -0.362256378
v 0.511171758 0.230281085 -0.363283485
v 0.508839905 0.229353383 -0.362256378
v 0.507967055 0.228688106 -0.359776735
v 0.509064436 0.228674993 -0.357297093
v 0.511489332 0.229321688 -0.356269985
v 0.513821185 0.23024939 -0.357297093
v 0.514672399 0.230978131 -0.359776735
v 0.513675809 0.230683982 -0.362281412
v 0.511305392 0.229872808 -0.36331889
v 0.508949757 0.229019806 -0.362281412
v 0.507988691 0.228624642 -0.359776735
v 0.508985281 0.228918791 -0.357272059
v 0.511355698 0.229729965 -0.35623458
v 0.513711333 0.230582967 -0.357272059
v 0.511836052 0.239033014 -0.359594166
v 0.510839462 0.238738865 -0.362098843
v 0.508469045 0.23792769 -0.363136321
v 0.50611341 0.237074688 -0.362098843
v 0.505152345 0.236679524 -0.359594166
v 0.506148934 0.236973673 -0.35708949
v 0.508519351 0.237784848 -0.356052011
v 0.510874987 0.23863785 -0.35708949
v 0.508494198 0.236571893 -0.362896115
v 0.505993545 0.236806616 -0.361873984
v 0.504957736 0.237656206 -0.359516352
v 0.505993545 0.238622993 -0.357204288
v 0.508494198 0.239140645 -0.356292218
v 0.510994852 0.238905922 -0.357314348
v 0.512030661 0.238056332 -0.35967198
v 0.510994852 0.237089545 -0.361984044
v 0.508164644 0.241631761 -0.36486426
v 0.505663991 0.241866484 -0.36384213
v 0.504628181 0.242716074 -0.361484498
v 0.505663991 0.243682861 -0.359172434
v 0.508164644 0.244200513 -0.358260363
v 0.510665298 0.24396579 -0.359282494
v 0.511701107 0.2431162 -0.361640126
v 0.510665298 0.242149413 -0.36395219
v 0.511530042 0.24402371 -0.361562312
v 0.51042372 0.244065747 -0.364037693
v 0.507994115 0.24343437 -0.365063012
v 0.505664349 0.242499411 -0.364037693
v 0.504799247 0.241808563 -0.361562312
v 0.505905569 0.241766527 -0.359086931
v 0.508335173 0.242397904 -0.358061612
v 0.51066494 0.243332863 -0.359086931
v 0.508814692 0.252274424 -0.360208601
v 0.507708371 0.252316475 -0.362683982
v 0.505278766 0.251685083 -0.363709301
v 0.502948999 0.250750124 -0.362683982
v 0.502083898 0.250059277 -0.360208601
v 0.503190219 0.250017226 -0.35773322
v 0.505619824 0.250648618 -0.356707901
v 0.507949591 0.251583576 -0.35773322
v 0.508758724 0.25243187 -0.360208601
v 0.507922649 0.251712799 -0.362685889
v 0.505637705 0.25067389 -0.363712043
v 0.503242433 0.249923781 -0.362685889
v 0.502139866 0.249901831 -0.360208601
v 0.502975941 0.250620902 -0.357731313
v 0.505260885 0.251659811 -0.356705159
v 0.507656157 0.252409935 -0.357731313
v 0.505778849 0.260227501 -0.361465752
v 0.504942775 0.259508431 -0.36394304
v 0.502657831 0.258469522 -0.364969194
v 0.500262558 0.257719398 -0.36394304
v 0.499159992 0.257697463 -0.361465752
v 0.499996066 0.258416533 -0.358988464
v 0.50228101 0.259455442 -0.35796231
v 0.504676282 0.260205567 -0.358988464
v 0.50246942 0.262322277 -0.362590194
v 0.499969423 0.261286795 -0.362414449
v 0.498933882 0.258889765 -0.361682981
v 0.499969423 0.256535351 -0.360824257
v 0.50246942 0.255602688 -0.360341311
v 0.504969418 0.256638169 -0.360517055
v 0.506004989 0.2590352 -0.361248523
v 0.504969418 0.261389613 -0.362107247
v 0.501385927 0.267629504 -0.346732438
v 0.49888593 0.266594023 -0.346556693
v 0.497850388 0.264196992 -0.345825225
v 0.49888593 0.261842579 -0.344966501
v 0.501385927 0.260909915 -0.344483554
v 0.503885925 0.261945397 -0.344659299
v 0.504921496 0.264342427 -0.345390767
v 0.503885925 0.266696841 -0.346249491
v 0.501385927 0.261000216 -0.346972913
v 0.498895198 0.261854023 -0.346324474
v 0.497863531 0.264122903 -0.345256329
v 0.498895198 0.266477793 -0.344394207
v 0.501385927 0.267539203 -0.344243079
v 0.503876626 0.266685396 -0.344891518
v 0.504908323 0.264416516 -0.345959663
v 0.503876626 0.262061626 -0.346821785
v 0.499232084 0.268669933 -0.365344971
v 0.496741354 0.26952374 -0.364696532
v 0.495709687 0.27179262 -0.363628387
v 0.496741354 0.274147511 -0.362766266
v 0.499232084 0.27520892 -0.362615138
v 0.501722813 0.274355114 -0.363263577
v 0.502754509 0.272086233 -0.364331722
v 0.501722813 0.269731343 -0.365193844
v 0.499232084 0.274002671 -0.366860271
v 0.496772915 0.273009539 -0.366295218
v 0.495754302 0.271389544 -0.364373952
v 0.496772915 0.270091683 -0.362221986
v 0.499232084 0.269876182 -0.361099839
v 0.501691282 0.270869315 -0.361664891
v 0.502709866 0.272489309 -0.363586158
v 0.501691282 0.273787171 -0.365738124
v 0.497060061 0.283081174 -0.360356867
v 0.494600892 0.282088041 -0.359791815
v 0.493582278 0.280468047 -0.357870549
v 0.494600892 0.279170185 -0.355718583
v 0.497060061 0.278954685 -0.354596436
v 0.499519229 0.279947817 -0.355161488
v 0.500537872 0.281567812 -0.357082754
v 0.499519229 0.282865673 -0.35923472
v 0.497060061 0.27776584 -0.358882546
v 0.494569421 0.278611183 -0.358222872
v 0.493537754 0.280866355 -0.357126057
v 0.494569421 0.283210307 -0.35623461
v 0.497060061 0.284270018 -0.356070757
v 0.4995507 0.283424675 -0.356730431
v 0.500582397 0.281169504 -0.357827246
v 0.4995507 0.278825551 -0.358718693
v 0.495994717 0.281664282 -0.367900252
v 0.493504077 0.282509625 -0.367240578
v 0.49247241 0.284764796 -0.366143763
v 0.493504077 0.287108749 -0.365252316
v 0.495994717 0.28816846 -0.365088463
v 0.498485357 0.287323117 -0.365748137
v 0.499517024 0.285067946 -0.366844952
v 0.498485357 0.282723993 -0.367736399
v 0.495994717 0.286984235 -0.369371265
v 0.493535429 0.285990655 -0.368807435
v 0.492516756 0.2843678 -0.366888672
v 0.493535429 0.283066273 -0.364738911
v 0.495994717 0.282848507 -0.36361745
v 0.498454005 0.283842087 -0.36418128
v 0.499472678 0.285464942 -0.366100043
v 0.498454005 0.286766469 -0.368249804
v 0.493828744 0.296038568 -0.362863183
v 0.491369456 0.295044988 -0.362299353
v 0.490350783 0.293422133 -0.36038059
v 0.491369456 0.292120606 -0.358230829
v 0.493828744 0.29190284 -0.357109368
v 0.496288031 0.29289642 -0.357673198
v 0.497306705 0.294519275 -0.359591961
v 0.496288031 0.295820802 -0.361741722
v 0.493828744 0.294083983 -0.363527417
v 0.491323978 0.294001102 -0.362491846
v 0.490286469 0.2939004 -0.359988511
v 0.491323978 0.293840885 -0.357483894
v 0.493828744 0.293857425 -0.356445134
v 0.49633351 0.293940306 -0.357480705
v 0.497371018 0.294041008 -0.35998404
v 0.49633351 0.294100523 -0.362488657
v 0.493721455 0.299485236 -0.363354623
v 0.491216689 0.299402356 -0.362319052
v 0.490179181 0.299301654 -0.359815717
v 0.491216689 0.299242139 -0.3573111
v 0.493721455 0.299258679 -0.35627234
v 0.496226221 0.299341559 -0.357307911
v 0.49726373 0.299442261 -0.359811246
v 0.496226221 0.299501777 -0.362315863
v 0.497030884 0.300637007 -0.359813482
v 0.49619481 0.299917907 -0.36229077
v 0.493909895 0.298878998 -0.363316923
v 0.491514593 0.298128873 -0.36229077
v 0.490412027 0.298106909 -0.359813482
v 0.491248101 0.298826009 -0.357336193
v 0.493533015 0.299864918 -0.35631004
v 0.495928317 0.300615042 -0.357336193
v 0.494057536 0.308415443 -0.361067861
v 0.493221462 0.307696342 -0.36354515
v 0.490936548 0.306657434 -0.364571303
v 0.488541245 0.305907309 -0.36354515
v 0.487438679 0.305885345 -0.361067861
v 0.488274753 0.306604445 -0.358590573
v 0.490559667 0.307643354 -0.35756442
v 0.492954969 0.308393478 -0.358590573
v 0.490748107 0.308171988 -0.364460349
v 0.488242954 0.307895064 -0.363460004
v 0.487205297 0.307181925 -0.361058354
v 0.488242954 0.306450307 -0.358662307
v 0.490748107 0.3061288 -0.357675374
v 0.493253261 0.306405723 -0.358675718
v 0.494290918 0.307118863 -0.361077368
v 0.493253261 0.30785048 -0.363473415
v 0.490802795 0.313806981 -0.362763435
v 0.488297641 0.313530058 -0.36176309
v 0.487259984 0.312816918 -0.35936144
v 0.488297641 0.312085301 -0.356965393
v 0.490802795 0.311763793 -0.355978459
v 0.493307948 0.312040716 -0.356978804
v 0.494345605 0.312753856 -0.359380454
v 0.493307948 0.313485473 -0.361776501
v 0.494112223 0.314050436 -0.359370947
v 0.493276149 0.313331336 -0.361848265
v 0.490991235 0.312292457 -0.362874389
v 0.488595933 0.311542302 -0.361848265
v 0.487493366 0.311520338 -0.359370947
v 0.48832944 0.312239438 -0.356893629
v 0.490614355 0.313278317 -0.355867505
v 0.493009657 0.314028472 -0.356893629
v 0.491140991 0.321823388 -0.360624433
v 0.490304917 0.321104288 -0.363101751
v 0.488020003 0.320065409 -0.364127874
v 0.485624701 0.319315255 -0.363101751
v 0.484522134 0.31929329 -0.360624433
v 0.485358208 0.320012391 -0.358147115
v 0.487643123 0.32105127 -0.357120991
v 0.490038425 0.321801424 -0.358147115
v 0.487831563 0.31972295 -0.364067495
v 0.485329241 0.319850206 -0.363030553
v 0.484292716 0.320392281 -0.36058414
v 0.485329241 0.32103163 -0.35816133
v 0.487831563 0.321393728 -0.35718137
v 0.490333885 0.321266472 -0.358218312
v 0.49137041 0.320724398 -0.360664725
v 0.490333885 0.320085049 -0.363087535
v 0.487574875 0.324889183 -0.365320981
v 0.485072553 0.325016439 -0.364284039
v 0.484036028 0.325558513 -0.361837626
v 0.485072553 0.326197863 -0.359414816
v 0.487574875 0.326559961 -0.358434856
v 0.490077198 0.326432705 -0.359471798
v 0.491113722 0.32589063 -0.361918211
v 0.490077198 0.325251281 -0.364341021
v 0.487574875 0.324889183 -0.365320981
v 0.485072553 0.325016439 -0.364284039
v 0.484036028 0.325558513 -0.361837626
v 0.485072553 0.326197863 -0.359414816
v 0.487574875 0.326559961 -0.358434856
v 0.490077198 0.326432705 -0.359471798
v 0.491113722 0.32589063 -0.361918211
v 0.490077198 0.325251281 -0.364341021
v 0.487061501 0.335221648 -0.367827952
v 0.484559178 0.335348904 -0.36679101
v 0.483522654 0.335890979 -0.364344597
v 0.484559178 0.336530328 -0.361921787
v 0.487061501 0.336892426 -0.360941827
v 0.489563823 0.33676517 -0.361978769
v 0.490600348 0.336223096 -0.364425182
v 0.489563823 0.335583746 -0.366847992
v 0.487061501 0.339446396 -0.365416795
v 0.484559417 0.338416994 -0.36523506
v 0.483523011 0.336005151 -0.364555299
v 0.484559417 0.333623707 -0.36377573
v 0.487061501 0.332667679 -0.363352984
v 0.489563584 0.333697081 -0.363534719
v 0.49059999 0.336108923 -0.36421448
v 0.489563584 0.338490367 -0.364994049
v 0.486166507 0.344624609 -0.348408639
v 0.483664423 0.343595207 -0.348226905
v 0.482628018 0.341183364 -0.347547144
v 0.483664423 0.33880192 -0.346767575
v 0.486166507 0.337845892 -0.346344829
v 0.488668591 0.338875294 -0.346526563
v 0.489704996 0.341287136 -0.347206324
v 0.488668591 0.34366858 -0.347985893
v 0.486166507 0.340399861 -0.350819796
v 0.483664185 0.340527117 -0.349782854
v 0.48262766 0.341069192 -0.347336441
v 0.483664185 0.341708541 -0.344913632
v 0.486166507 0.342070639 -0.343933672
v 0.488668829 0.341943383 -0.344970614
v 0.489705354 0.341401309 -0.347417027
v 0.488668829 0.34076196 -0.349839836
v 0.485655218 0.350690156 -0.353316516
v 0.483152896 0.350817412 -0.352279574
v 0.482116371 0.351359487 -0.349833161
v 0.483152896 0.351998836 -0.347410351
v 0.485655218 0.352360934 -0.346430391
v 0.488157541 0.352233678 -0.347467333
v 0.489194065 0.351691604 -0.349913746
v 0.488157541 0.351052254 -0.352336556
v 0.485655218 0.350690126 -0.353316516
v 0.483152896 0.350817412 -0.352279574
v 0.482116371 0.351359487 -0.349833161
v 0.483152896 0.351998836 -0.347410351
v 0.485655218 0.352360964 -0.346430391
v 0.488157541 0.352233678 -0.347467333
v 0.489194065 0.351691604 -0.349913746
v 0.488157541 0.351052254 -0.352336556
v 0.485399574 0.355835259 -0.354564905
v 0.482897252 0.355962545 -0.353527963
v 0.481860727 0.356504619 -0.35108155
v 0.482897252 0.357143968 -0.348658741
v 0.485399574 0.357506096 -0.347678781
v 0.487901896 0.357378811 -0.348715723
v 0.488938421 0.356836736 -0.351162136
v 0.487901896 0.356197387 -0.353584945
v 0.485399574 0.357340604 -0.354600877
v 0.482894331 0.357140481 -0.35358265
v 0.481856614 0.356665134 -0.351122916
v 0.482894331 0.356193066 -0.348662525
v 0.485399574 0.356000751 -0.347642809
v 0.487904817 0.356200874 -0.348661035
v 0.488942534 0.356676221 -0.35112077
v 0.487904817 0.35714829 -0.35358116
v 0.485381812 0.368297815 -0.352490962
v 0.482876569 0.368097693 -0.351472735
v 0.481838852 0.367622346 -0.349013001
v 0.482876569 0.367150277 -0.34655261
v 0.485381812 0.366957963 -0.345532894
v 0.487887055 0.367158085 -0.34655112
v 0.488924772 0.367633432 -0.349010855
v 0.487887055 0.368105501 -0.351471245
v 0.485381812 0.368429154 -0.352463096
v 0.482876569 0.368201017 -0.351450741
v 0.481838852 0.367637128 -0.349009782
v 0.482876569 0.367067844 -0.346570075
v 0.485381812 0.366826624 -0.345560759
v 0.487887055 0.36705476 -0.346573114
v 0.488924772 0.36761865 -0.349014074
v 0.487887055 0.368187934 -0.351453781
v 0.485396951 0.373930812 -0.351185739
v 0.482891709 0.373702675 -0.350173384
v 0.481853992 0.373138785 -0.347732425
v 0.482891709 0.372569501 -0.345292717
v 0.485396951 0.372328281 -0.344283402
v 0.487902194 0.372556418 -0.345295757
v 0.488939911 0.373120308 -0.347736716
v 0.487902194 0.373689592 -0.350176424
v 0.485396951 0.372294158 -0.351177633
v 0.482894629 0.372421414 -0.350140691
v 0.481858104 0.372963488 -0.347694278
v 0.482894629 0.373602837 -0.345271468
v 0.485396951 0.373964936 -0.344291508
v 0.487899274 0.37383768 -0.34532845
v 0.488935798 0.373295605 -0.347774863
v 0.487899274 0.372656256 -0.350197673
v 0.485141754 0.377430469 -0.352423877
v 0.482639432 0.377557725 -0.351386935
v 0.481602907 0.378099799 -0.348940521
v 0.482639432 0.378739148 -0.346517712
v 0.485141754 0.379101247 -0.345537752
v 0.487644076 0.378973991 -0.346574694
v 0.488680601 0.378431916 -0.349021107
v 0.487644076 0.377792567 -0.351443917
v 0.485141754 0.376263529 -0.351903707
v 0.482693017 0.377286553 -0.351346672
v 0.481678724 0.378883213 -0.349403739
v 0.482693017 0.380118251 -0.34721306
v 0.485141754 0.380268186 -0.346057922
v 0.487590492 0.379245162 -0.346614957
v 0.488604784 0.377648503 -0.348557889
v 0.487590492 0.376413465 -0.350748569
v 0.487060845 0.383590132 -0.356922776
v 0.484612107 0.384613156 -0.35636574
v 0.483597815 0.386209816 -0.354422808
v 0.484612107 0.387444854 -0.352232128
v 0.487060845 0.387594789 -0.35107699
v 0.489509583 0.386571765 -0.351634026
v 0.490523875 0.384975106 -0.353576958
v 0.489509583 0.383740067 -0.355767637
v 0.490448862 0.384556204 -0.353999883
v 0.489459515 0.384869456 -0.356505126
v 0.487065047 0.385606229 -0.357542813
v 0.484668136 0.386334956 -0.356505126
v 0.483672827 0.386628717 -0.353999883
v 0.484662175 0.386315465 -0.35149464
v 0.487056643 0.385578692 -0.350456953
v 0.489453554 0.384849966 -0.35149464
v 0.4929066 0.392591655 -0.353965729
v 0.491917253 0.392904907 -0.356470972
v 0.489522785 0.39364168 -0.357508659
v 0.487125874 0.394370407 -0.356470972
v 0.486130565 0.394664168 -0.353965729
v 0.487119913 0.394350916 -0.351460487
v 0.489514381 0.393614143 -0.3504228
v 0.491911292 0.392885417 -0.351460487
v 0.489518583 0.392534375 -0.357335716
v 0.487100542 0.393477947 -0.356550932
v 0.486098975 0.394509375 -0.354251772
v 0.487100542 0.395024449 -0.351785064
v 0.489518583 0.394721448 -0.350595742
v 0.491936624 0.393777877 -0.351380527
v 0.492938191 0.392746449 -0.353679687
v 0.491936624 0.392231375 -0.356146395
v 0.491706997 0.400215417 -0.359828174
v 0.489288956 0.401158988 -0.35904339
v 0.488287389 0.402190417 -0.35674423
v 0.489288956 0.402705491 -0.354277521
v 0.491706997 0.40240249 -0.3530882
v 0.494125038 0.401458919 -0.353872985
v 0.495126605 0.40042749 -0.356172144
v 0.494125038 0.399912417 -0.358638853
v 0.494262487 0.398854971 -0.356458187
v 0.492936045 0.398971885 -0.358820409
v 0.490889668 0.400457799 -0.359798849
v 0.489322037 0.402442336 -0.358820409
v 0.489151508 0.403762937 -0.356458187
v 0.490477949 0.403646022 -0.354095966
v 0.492524326 0.402160108 -0.353117526
v 0.494091958 0.400175571 -0.354095966
v 0.496706098 0.401399672 -0.357704401
v 0.495379657 0.401516587 -0.360066622
v 0.49333328 0.403002501 -0.361045063
v 0.491765648 0.404987037 -0.360066622
v 0.491595119 0.406307638 -0.357704401
v 0.492921561 0.406190723 -0.35534218
v 0.494967937 0.404704809 -0.354363739
v 0.496535569 0.402720273 -0.35534218
v 0.509670794 0.418370545 -0.288994282
v 0.508903801 0.415970623 -0.289996922
v 0.50661087 0.414976567 -0.291049212
v 0.504135132 0.415970623 -0.291534752
v 0.502926886 0.418370545 -0.291169137
v 0.503693879 0.420770466 -0.290166497
v 0.50598681 0.421764523 -0.289114207
v 0.508462548 0.420770466 -0.288628668
v 0.513508677 0.422115862 -0.300895095
v 0.512741685 0.419715941 -0.301897734
v 0.510448754 0.418721884 -0.302950025
v 0.507973015 0.419715941 -0.303435564
v 0.50676477 0.422115862 -0.303069949
v 0.507531762 0.424515784 -0.30206731
v 0.509824693 0.42550984 -0.301015019
v 0.512300432 0.424515784 -0.30052948
v 0.510136724 0.419142067 -0.303908408
v 0.507647574 0.420167267 -0.30358243
v 0.506616533 0.422333926 -0.302319229
v 0.507647574 0.424372852 -0.300858796
v 0.510136724 0.425089657 -0.300056636
v 0.512625873 0.424064457 -0.300382614
v 0.513656914 0.421897799 -0.301645815
v 0.512625873 0.419858873 -0.303106248
v 0.511512339 0.425703794 -0.314040542
v 0.50902319 0.426728994 -0.313714564
v 0.507992148 0.428895652 -0.312451363
v 0.50902319 0.430934578 -0.31099093
v 0.511512339 0.431651384 -0.31018877
v 0.514001489 0.430626184 -0.310514748
v 0.51503253 0.428459525 -0.311777949
v 0.514001489 0.426420599 -0.313238382
v 0.511512339 0.425360441 -0.31335932
v 0.509010136 0.426375389 -0.313110352
v 0.507973671 0.428738922 -0.312278122
v 0.509010136 0.431066543 -0.311350137
v 0.511512339 0.431994736 -0.310869992
v 0.514014542 0.430979788 -0.31111896
v 0.515051007 0.428616256 -0.31195119
v 0.514014542 0.426288635 -0.312879175
v 0.512337685 0.431236744 -0.329020172
v 0.509835482 0.432251692 -0.328771204
v 0.508799016 0.434615225 -0.327938974
v 0.509835482 0.436942846 -0.327010989
v 0.512337685 0.437871039 -0.326530844
v 0.514839888 0.436856091 -0.326779813
v 0.515876353 0.434492558 -0.327612042
v 0.514839888 0.432164937 -0.328540027
v 0.515880048 0.434553891 -0.327709824
v 0.514842331 0.432048649 -0.327720881
v 0.512337446 0.431010962 -0.327763915
v 0.50983274 0.432048649 -0.327813745
v 0.508795321 0.434553891 -0.327841192
v 0.509833038 0.437059134 -0.327830136
v 0.512337923 0.438096821 -0.327787101
v 0.514842629 0.437059134 -0.327737272
v 0.516276181 0.434483886 -0.349077374
v 0.515238464 0.431978643 -0.34908843
v 0.512733579 0.430940956 -0.349131465
v 0.510228872 0.431978643 -0.349181294
v 0.509191453 0.434483886 -0.349208742
v 0.51022917 0.436989129 -0.349197686
v 0.512734056 0.438026816 -0.349154651
v 0.515238762 0.436989129 -0.349104822
v 0.507420838 0.43153581 -0.42994222
v 0.505002797 0.432479382 -0.429157406
v 0.5040012 0.43351081 -0.426858246
v 0.505002797 0.434025884 -0.424391568
v 0.507420838 0.433722883 -0.423202246
v 0.509838879 0.432779312 -0.423987061
v 0.510840476 0.431747884 -0.426286221
v 0.509838879 0.43123281 -0.428752899
v 0.509638131 0.439318389 -0.432467639
v 0.507220089 0.44026196 -0.431682825
v 0.506218493 0.441293389 -0.429383665
v 0.507220089 0.441808462 -0.426916987
v 0.509638131 0.441505462 -0.425727665
v 0.512056172 0.440561891 -0.42651248
v 0.513057768 0.439530462 -0.42881164
v 0.512056172 0.439015388 -0.431278318
v 0.509638131 0.443108141 -0.431396097
v 0.507137656 0.442418814 -0.430605173
v 0.506101906 0.440553874 -0.428931147
v 0.507137656 0.438605785 -0.427354664
v 0.509638131 0.437715709 -0.426799208
v 0.512138605 0.438405037 -0.427590132
v 0.513174355 0.440269977 -0.429264158
v 0.512138605 0.442218065 -0.430840641
v 0.510236025 0.449377 -0.424042344
v 0.50773555 0.448687673 -0.42325142
v 0.5066998 0.446822733 -0.421577394
v 0.50773555 0.444874644 -0.420000911
v 0.510236025 0.443984568 -0.419445455
v 0.512736499 0.444673896 -0.420236379
v 0.513772249 0.446538836 -0.421910405
v 0.512736499 0.448486924 -0.423486888
v 0.510236025 0.44385457 -0.423880488
v 0.507753193 0.444883972 -0.423521399
v 0.506724775 0.446965933 -0.422121078
v 0.507753193 0.448880851 -0.420499802
v 0.510236025 0.449506998 -0.419607311
v 0.512718856 0.448477596 -0.4199664
v 0.513747275 0.446395636 -0.421366721
v 0.512718856 0.444480717 -0.422987998
v 0.511788905 0.450808853 -0.433079362
v 0.509306073 0.451838255 -0.432720274
v 0.508277655 0.453920215 -0.431319952
v 0.509306073 0.455835134 -0.429698676
v 0.511788905 0.456461281 -0.428806186
v 0.514271736 0.455431879 -0.429165274
v 0.515300155 0.453349918 -0.430565596
v 0.514271736 0.451435 -0.432186872
v 0.511788905 0.45182988 -0.433991373
v 0.509347916 0.452843696 -0.43338567
v 0.508336782 0.454321057 -0.431348979
v 0.509347916 0.455396593 -0.429074317
v 0.511788905 0.455440253 -0.427894175
v 0.514229894 0.454426438 -0.428499877
v 0.515241027 0.452949077 -0.430536568
v 0.514229894 0.451873541 -0.43281123
v 0.51381427 0.459376097 -0.438459754
v 0.511373281 0.460389912 -0.437854052
v 0.510362148 0.461867273 -0.435817361
v 0.511373281 0.462942809 -0.433542699
v 0.51381427 0.462986469 -0.432362556
v 0.51625526 0.461972654 -0.432968259
v 0.517266393 0.460495293 -0.43500495
v 0.51625526 0.459419757 -0.437279612
v 0.517331183 0.461181283 -0.43498227
v 0.516334414 0.45869121 -0.435381263
v 0.513861418 0.457659811 -0.435797781
v 0.511360765 0.45869121 -0.4359878
v 0.510297358 0.461181283 -0.43584004
v 0.511294127 0.463671356 -0.435441047
v 0.513767123 0.464702755 -0.43502453
v 0.516267776 0.463671356 -0.43483451
v 0.518774807 0.462500244 -0.446819961
v 0.517778039 0.460010171 -0.447218955
v 0.515305042 0.458978772 -0.447635472
v 0.512804389 0.460010171 -0.447825491
v 0.511740983 0.462500244 -0.447677732
v 0.512737751 0.464990318 -0.447278738
v 0.515210748 0.466021717 -0.446862221
v 0.517711401 0.464990318 -0.446672201
v 0.505865157 0.450734407 -0.59581846
v 0.504538715 0.450851321 -0.598180652
v 0.502492309 0.452337235 -0.599159122
v 0.500924706 0.454321742 -0.598180652
v 0.500754178 0.455642372 -0.59581846
v 0.502080619 0.455525458 -0.593456268
v 0.504127026 0.454039544 -0.592477798
v 0.505694628 0.452055037 -0.593456268
v 0.510999918 0.456081599 -0.59843713
v 0.509673476 0.456198514 -0.600799322
v 0.50762707 0.457684427 -0.601777792
v 0.506059468 0.459668934 -0.600799322
v 0.505888939 0.460989565 -0.59843713
v 0.507215381 0.46087265 -0.596074939
v 0.509261787 0.459386736 -0.595096469
v 0.510829389 0.457402229 -0.596074939
v 0.508444428 0.457442045 -0.601807117
v 0.506026387 0.458385646 -0.601022303
v 0.505024791 0.459417045 -0.598723173
v 0.506026387 0.459932119 -0.596256435
v 0.508444428 0.459629118 -0.595067143
v 0.51086247 0.458685517 -0.595851958
v 0.511864066 0.457654119 -0.598151088
v 0.51086247 0.457139045 -0.600617826
v 0.510743678 0.465512097 -0.604425788
v 0.508325636 0.466455698 -0.603640974
v 0.50732404 0.467487097 -0.601341844
v 0.508325636 0.46800217 -0.598875105
v 0.510743678 0.46769917 -0.597685814
v 0.513161719 0.466755569 -0.598470628
v 0.514163315 0.46572417 -0.600769758
v 0.513161719 0.465209097 -0.603236496
v 0.513299167 0.464151651 -0.601055801
v 0.511972725 0.464268535 -0.603417993
v 0.509926319 0.465754449 -0.604396462
v 0.508358717 0.467738986 -0.603417993
v 0.508188188 0.469059616 -0.601055801
v 0.50951463 0.468942732 -0.598693609
v 0.511561036 0.467456818 -0.597715139
v 0.513128638 0.465472281 -0.598693609
v 0.518433928 0.469498843 -0.603674531
v 0.517107487 0.469615728 -0.606036723
v 0.51506108 0.471101642 -0.607015193
v 0.513493478 0.473086178 -0.606036723
v 0.513322949 0.474406809 -0.603674531
v 0.514649391 0.474289924 -0.601312339
v 0.516695797 0.47280401 -0.600333869
v 0.5182634 0.470819473 -0.601312339
v 0.496441007 0.449147016 -0.835992634
v 0.495114565 0.449263901 -0.838354826
v 0.493068159 0.450749815 -0.839333296
v 0.491500527 0.452734321 -0.838354826
v 0.491329968 0.454054922 -0.835992634
v 0.49265641 0.453938037 -0.833630443
v 0.494702816 0.452452123 -0.832651973
v 0.496270448 0.450467616 -0.833630443
v 0.501844943 0.454774588 -0.838748634
v 0.500518501 0.454891473 -0.841110826
v 0.498472124 0.456377387 -0.842089295
v 0.496904492 0.458361894 -0.841110826
v 0.496733934 0.459682494 -0.838748634
v 0.498060375 0.45956561 -0.836386442
v 0.500106812 0.458079696 -0.835407972
v 0.501674414 0.456095189 -0.836386442
v 0.5005669 0.458926916 -0.88159138
v 0.499240488 0.459043801 -0.883953571
v 0.497194082 0.460529715 -0.884932041
v 0.49562645 0.462514222 -0.883953571
v 0.495455891 0.463834822 -0.88159138
v 0.496782333 0.463717937 -0.879229188
v 0.498828739 0.462232023 -0.878250718
v 0.500396371 0.460247517 -0.879229188
v 0.506017506 0.464603066 -0.884371161
v 0.504691064 0.464719951 -0.886733353
v 0.502644658 0.466205865 -0.887711823
v 0.501077056 0.468190372 -0.886733353
v 0.500906527 0.469510972 -0.884371161
v 0.502232969 0.469394088 -0.88200897
v 0.504279375 0.467908174 -0.8810305
v 0.505846977 0.465923667 -0.88200897
v 0.503462017 0.466221601 -0.887814224
v 0.500959694 0.466348886 -0.886777282
v 0.49992317 0.466890961 -0.884330869
v 0.500959694 0.46753034 -0.881908059
v 0.503462017 0.467892438 -0.880928099
v 0.505964339 0.467765152 -0.881965041
v 0.507000864 0.467223078 -0.884411454
v 0.505964339 0.466583699 -0.886834264
v 0.503177404 0.471950024 -0.889204144
v 0.500675082 0.47207731 -0.888167202
v 0.499638557 0.472619385 -0.885720789
v 0.500675082 0.473258764 -0.88329798
v 0.503177404 0.473620862 -0.88231802
v 0.505679727 0.473493576 -0.883354962
v 0.506716251 0.472951502 -0.885801375
v 0.505679727 0.472312123 -0.888224185
v 0.505732894 0.47033146 -0.885761082
v 0.504406452 0.470448375 -0.888123274
v 0.502360046 0.471934289 -0.889101744
v 0.500792444 0.473918825 -0.888123274
v 0.500621915 0.475239426 -0.885761082
v 0.501948357 0.475122511 -0.88339889
v 0.503994763 0.473636597 -0.882420421
v 0.505562365 0.471652061 -0.88339889
v 0.51118356 0.476007611 -0.888540864
v 0.509857118 0.476124525 -0.890903056
v 0.507810712 0.477610439 -0.891881526
v 0.50624311 0.479594976 -0.890903056
v 0.506072581 0.480915576 -0.888540864
v 0.507399023 0.480798662 -0.886178672
v 0.509445429 0.479312748 -0.885200202
v 0.511013031 0.477328211 -0.886178672
v 0.522690594 0.482388288 -0.856697142
v 0.521364152 0.482505202 -0.859059334
v 0.519317746 0.483991116 -0.860037804
v 0.517750144 0.485975623 -0.859059334
v 0.517579615 0.487296253 -0.856697142
v 0.518906057 0.487179339 -0.85433495
v 0.520952463 0.485693425 -0.853356481
v 0.522520065 0.483708918 -0.85433495
v 0.528101027 0.488022566 -0.85945642
v 0.526774585 0.48813948 -0.861818612
v 0.524728179 0.489625394 -0.862797081
v 0.523160577 0.491609901 -0.861818612
v 0.522990048 0.492930532 -0.85945642
v 0.52431649 0.492813617 -0.857094228
v 0.526362896 0.491327703 -0.856115758
v 0.527930498 0.489343196 -0.857094228
v 0.526653588 0.48711133 -0.85945642
v 0.525620162 0.48786357 -0.861847937
v 0.524543047 0.490146458 -0.862838507
v 0.524053156 0.492622703 -0.861847937
v 0.524437487 0.493841767 -0.85945642
v 0.525470912 0.493089527 -0.857064903
v 0.526548028 0.490806639 -0.856074333
v 0.527037919 0.488330394 -0.857064903
v 0.535051703 0.489876568 -0.862215638
v 0.534018278 0.490628809 -0.864607155
v 0.532941163 0.492911696 -0.865597725
v 0.532451272 0.495387942 -0.864607155
v 0.532835603 0.496607006 -0.862215638
v 0.533869028 0.495854765 -0.859824121
v 0.534946144 0.493571877 -0.858833551
v 0.535436034 0.491095632 -0.859824121
v 0.536499143 0.490787834 -0.862215638
v 0.535172701 0.490904689 -0.86457783
v 0.533126295 0.492390603 -0.8655563
v 0.531558692 0.494375139 -0.86457783
v 0.531388164 0.49569574 -0.862215638
v 0.532714605 0.495578885 -0.859853446
v 0.534761012 0.494092971 -0.858874977
v 0.536328614 0.492108434 -0.859853446
v 0.539204359 0.493604988 -0.863595307
v 0.537877917 0.493721843 -0.865957499
v 0.535831511 0.495207757 -0.866935968
v 0.534263909 0.497192293 -0.865957499
v 0.53409338 0.498512894 -0.863595307
v 0.535419822 0.498396039 -0.861233115
v 0.537466228 0.496910125 -0.860254645
v 0.53903383 0.494925588 -0.861233115
v 0.539204359 0.493604958 -0.863595307
v 0.537877917 0.493721843 -0.865957499
v 0.535831511 0.495207787 -0.866935968
v 0.534263909 0.497192293 -0.865957499
v 0.53409338 0.498512924 -0.863595307
v 0.535419822 0.498396039 -0.861233115
v 0.537466228 0.496910095 -0.860254645
v 0.53903383 0.494925588 -0.861233115
v 0.544614792 0.499239206 -0.866354585
v 0.54328835 0.499356091 -0.868716776
v 0.541241944 0.500842035 -0.869695246
v 0.539674342 0.502826571 -0.868716776
v 0.539503813 0.504147172 -0.866354585
v 0.540830255 0.504030287 -0.863992393
v 0.542876661 0.502544343 -0.863013923
v 0.544444263 0.500559807 -0.863992393
v 0.544614792 0.499239206 -0.866354585
v 0.54328835 0.499356091 -0.868716776
v 0.541241944 0.500842035 -0.869695246
v 0.539674342 0.502826571 -0.868716776
v 0.539503813 0.504147172 -0.866354585
v 0.540830255 0.504030287 -0.863992393
v 0.542876661 0.502544343 -0.863013923
v 0.544444263 0.500559807 -0.863992393
v 0.550025225 0.504873455 -0.869113863
v 0.548698783 0.504990339 -0.871476054
v 0.546652377 0.506476283 -0.872454524
v 0.545084774 0.50846082 -0.871476054
v 0.544914246 0.50978142 -0.869113863
v 0.546240687 0.509664536 -0.866751671
v 0.548287094 0.508178592 -0.865773201
v 0.549854696 0.506194055 -0.866751671
v 0.550025284 0.504873514 -0.869113863
v 0.548698843 0.504990339 -0.871476054
v 0.546652377 0.506476283 -0.872454524
v 0.545084774 0.50846076 -0.871476054
v 0.544914186 0.509781361 -0.869113863
v 0.546240628 0.509664536 -0.866751671
v 0.548287094 0.508178592 -0.865773201
v 0.549854696 0.506194115 -0.866751671
v 0.555435658 0.510507822 -0.87187314
v 0.554109216 0.510624647 -0.874235332
v 0.55206275 0.512110591 -0.875213802
v 0.550495148 0.514095068 -0.874235332
v 0.550324559 0.515415668 -0.87187314
v 0.551651001 0.515298843 -0.869510949
v 0.553697467 0.5138129 -0.868532479
v 0.555265069 0.511828423 -0.869510949
v 0.552880108 0.512126327 -0.875316203
v 0.550377786 0.512253642 -0.874279261
v 0.549341261 0.512795687 -0.871832848
v 0.550377786 0.513435066 -0.869410038
v 0.552880108 0.513797164 -0.868430078
v 0.555382431 0.513669848 -0.86946702
v 0.556418955 0.513127804 -0.871913433
v 0.555382431 0.512488425 -0.874336243
v 0.552315056 0.523498654 -0.87807548
v 0.549812734 0.52362597 -0.877038538
v 0.548776209 0.524168015 -0.874592125
v 0.549812734 0.524807394 -0.872169316
v 0.552315056 0.525169492 -0.871189356
v 0.554817379 0.525042176 -0.872226298
v 0.555853903 0.524500132 -0.874672711
v 0.554817379 0.523860753 -0.87709552
v 0.552315056 0.523498714 -0.87807548
v 0.549812734 0.52362597 -0.877038538
v 0.548776209 0.524168074 -0.874592125
v 0.549812734 0.524807394 -0.872169316
v 0.552315056 0.525169432 -0.871189356
v 0.554817379 0.525042176 -0.872226298
v 0.555853903 0.524500072 -0.874672711
v 0.554817379 0.523860753 -0.87709552
v 0.55203259 0.529184818 -0.87945509
v 0.549530268 0.529312074 -0.878418148
v 0.548493743 0.529854178 -0.875971735
v 0.549530268 0.530493498 -0.873548925
v 0.55203259 0.530855536 -0.872568965
v 0.554534912 0.530728281 -0.873605907
v 0.555571437 0.530186176 -0.87605232
v 0.554534912 0.529546857 -0.87847513
v 0.554486573 0.532575667 -0.876012027
v 0.5537678 0.531827211 -0.87851727
v 0.55203259 0.530020177 -0.879554987
v 0.550297379 0.528213143 -0.87851727
v 0.549578607 0.527464688 -0.876012027
v 0.550297379 0.528213143 -0.873506784
v 0.55203259 0.530020177 -0.872469068
v 0.5537678 0.531827211 -0.873506784
v 0.548511088 0.538313746 -0.876012027
v 0.547792315 0.537565291 -0.87851727
v 0.546057105 0.535758257 -0.879554987
v 0.544321895 0.533951223 -0.87851727
v 0.543603122 0.533202767 -0.876012027
v 0.544321895 0.533951223 -0.873506784
v 0.546057105 0.535758257 -0.872469068
v 0.547792315 0.537565291 -0.873506784
v 0.548412681 0.538404703 -0.876012027
v 0.548270226 0.537142277 -0.878407657
v 0.54683131 0.535069168 -0.879400015
v 0.544938862 0.533399642 -0.878407657
v 0.54370153 0.533111811 -0.876012027
v 0.543843985 0.534374237 -0.873616397
v 0.5452829 0.536447346 -0.87262404
v 0.547175348 0.538116872 -0.873616397
v 0.542226017 0.543911457 -0.878545821
v 0.542083561 0.542649031 -0.880941451
v 0.540644646 0.540575922 -0.881933808
v 0.538752198 0.538906395 -0.880941451
v 0.537514865 0.538618565 -0.878545821
v 0.53765732 0.539880991 -0.876150191
v 0.539096236 0.5419541 -0.875157833
v 0.540988684 0.543623626 -0.876150191
v 0.542324424 0.5438205 -0.878545821
v 0.541605651 0.543072045 -0.881051064
v 0.539870441 0.541265011 -0.88208878
v 0.538135231 0.539457977 -0.881051064
v 0.537416458 0.538709521 -0.878545821
v 0.538135231 0.539457977 -0.876040578
v 0.539870441 0.541265011 -0.875002861
v 0.541605651 0.543072045 -0.876040578
v 0.53634572 0.54956162 -0.878545821
v 0.535626948 0.548813164 -0.881051064
v 0.533891737 0.54700613 -0.88208878
v 0.532156527 0.545199096 -0.881051064
v 0.531437755 0.544450641 -0.878545821
v 0.532156527 0.545199096 -0.876040578
v 0.533891737 0.54700613 -0.875002861
v 0.535626948 0.548813164 -0.876040578
v 0.53634572 0.54956162 -0.878545821
v 0.535626948 0.548813164 -0.881051064
v 0.533891737 0.54700613 -0.88208878
v 0.532156527 0.545199096 -0.881051064
v 0.531437755 0.544450641 -0.878545821
v 0.532156527 0.545199096 -0.876040578
v 0.533891737 0.54700613 -0.875002861
v 0.535626948 0.548813164 -0.876040578
v 0.530367017 0.555302799 -0.878545821
v 0.529648244 0.554554343 -0.881051064
v 0.527913034 0.552747309 -0.88208878
v 0.526177824 0.550940275 -0.881051064
v 0.525459051 0.55019182 -0.878545821
v 0.526177824 0.550940275 -0.876040578
v 0.527913034 0.552747309 -0.875002861
v 0.529648244 0.554554343 -0.876040578
v 0.530455828 0.552747309 -0.881012976
v 0.529472411 0.55026561 -0.880536318
v 0.527575552 0.549237669 -0.878893673
v 0.525876343 0.55026561 -0.877047241
v 0.52537024 0.552747309 -0.876078665
v 0.526353657 0.555229008 -0.876555324
v 0.528250515 0.55625695 -0.878197968
v 0.529949725 0.555229008 -0.880044401
v 0.520773113 0.554667413 -0.890992641
v 0.519789696 0.552185714 -0.890515983
v 0.517892838 0.551157773 -0.888873339
v 0.516193628 0.552185714 -0.887026906
v 0.515687525 0.554667413 -0.886058331
v 0.516670942 0.557149112 -0.886534989
v 0.518567801 0.558177054 -0.888177633
v 0.52026701 0.557149112 -0.890024066
v 0.520684302 0.557222903 -0.888525486
v 0.519965529 0.556474447 -0.891030729
v 0.518230319 0.554667413 -0.892068446
v 0.516495109 0.552860379 -0.891030729
v 0.515776336 0.552111924 -0.888525486
v 0.516495109 0.552860379 -0.886020243
v 0.518230319 0.554667413 -0.884982526
v 0.519965529 0.556474447 -0.886020243
v 0.514691055 0.562978029 -0.888525486
v 0.513972282 0.562229574 -0.891030729
v 0.512237072 0.56042254 -0.892068446
v 0.510501862 0.558615506 -0.891030729
v 0.509783089 0.55786705 -0.888525486
v 0.510501862 0.558615506 -0.886020243
v 0.512237072 0.56042254 -0.884982526
v 0.513972282 0.562229574 -0.886020243
v 0.514691055 0.562978029 -0.888525486
v 0.513972282 0.562229574 -0.891030729
v 0.512237072 0.56042254 -0.892068446
v 0.510501862 0.558615506 -0.891030729
v 0.509783089 0.55786705 -0.888525486
v 0.510501862 0.558615506 -0.886020243
v 0.512237072 0.56042254 -0.884982526
v 0.513972282 0.562229574 -0.886020243
v 0.508697867 0.568733096 -0.888525486
v 0.507979095 0.567984641 -0.891030729
v 0.506243885 0.566177607 -0.892068446
v 0.504508674 0.564370573 -0.891030729
v 0.503789902 0.563622117 -0.888525486
v 0.504508674 0.564370573 -0.886020243
v 0.506243885 0.566177607 -0.884982526
v 0.507979095 0.567984641 -0.886020243
v 0.508697867 0.568733096 -0.888525486
v 0.507979095 0.567984641 -0.891030729
v 0.506243885 0.566177607 -0.892068446
v 0.504508674 0.564370573 -0.891030729
v 0.503789902 0.563622117 -0.888525486
v 0.504508674 0.564370573 -0.886020243
v 0.506243885 0.566177607 -0.884982526
v 0.507979095 0.567984641 -0.886020243
v 0.50270468 0.574488223 -0.888525486
v 0.501985908 0.573739767 -0.891030729
v 0.500250697 0.571932733 -0.892068446
v 0.498515457 0.570125699 -0.891030729
v 0.497796714 0.569377244 -0.888525486
v 0.498515457 0.570125699 -0.886020243
v 0.500250697 0.571932733 -0.884982526
v 0.501985908 0.573739767 -0.886020243
v 0.502968729 0.571932733 -0.890798092
v 0.502286792 0.569433808 -0.889995933
v 0.500412166 0.568398714 -0.888332367
v 0.498442918 0.569433808 -0.886781931
v 0.497532666 0.571932733 -0.88625288
v 0.498214573 0.574431658 -0.887055039
v 0.500089228 0.575466752 -0.888718605
v 0.502058506 0.574431658 -0.890269041
v 0.496400774 0.57120347 -0.898653328
v 0.495718867 0.568704545 -0.897851169
v 0.493844181 0.567669451 -0.896187603
v 0.491874963 0.568704545 -0.894637167
v 0.490964711 0.57120347 -0.894108117
v 0.491646618 0.573702395 -0.894910276
v 0.493521303 0.574737489 -0.896573842
v 0.495490521 0.573702395 -0.898124278
v 0.494694978 0.57459873 -0.896380723
v 0.49480018 0.57348454 -0.898850679
v 0.494250774 0.571034133 -0.899873734
v 0.493368655 0.568682909 -0.898850679
v 0.492670506 0.567808211 -0.896380723
v 0.492565304 0.5689224 -0.893910766
v 0.49311471 0.571372807 -0.892887712
v 0.493996829 0.573724031 -0.893910766
v 0.485688865 0.57728374 -0.897975504
v 0.485794067 0.57616955 -0.900445461
v 0.485244662 0.573719144 -0.901468515
v 0.484362543 0.571367919 -0.900445461
v 0.483664393 0.570493221 -0.897975504
v 0.483559191 0.571607411 -0.895505548
v 0.484108597 0.574057817 -0.894482493
v 0.484990716 0.576409042 -0.895505548
v 0.487157345 0.576418042 -0.897975504
v 0.486282289 0.575822771 -0.900472105
v 0.484466642 0.574094415 -0.901506245
v 0.482774019 0.572245419 -0.900472105
v 0.482195914 0.571358919 -0.897975504
v 0.48307097 0.571954191 -0.895478904
v 0.484886616 0.573682547 -0.894444764
v 0.486579239 0.575531542 -0.895478904
v 0.48121509 0.582245529 -0.897282243
v 0.480340034 0.581650257 -0.899778843
v 0.478524387 0.579921901 -0.900812984
v 0.476831764 0.578072906 -0.899778843
v 0.476253659 0.577186406 -0.897282243
v 0.477128714 0.577781677 -0.894785643
v 0.478944361 0.579510033 -0.893751502
v 0.480636984 0.581359029 -0.894785643
v 0.477570593 0.583062351 -0.897282243
v 0.478011698 0.582117081 -0.899785221
v 0.478876144 0.57976526 -0.900822043
v 0.479657531 0.577384591 -0.899785221
v 0.479898155 0.576369584 -0.897282243
v 0.479457051 0.577314854 -0.894779265
v 0.478592604 0.579666674 -0.893742442
v 0.477811217 0.582047343 -0.894779265
v 0.468816727 0.580017984 -0.897675216
v 0.469257832 0.579072714 -0.900178194
v 0.470122278 0.576720893 -0.901215017
v 0.470903665 0.574340224 -0.900178194
v 0.471144289 0.573325217 -0.897675216
v 0.470703185 0.574270487 -0.895172238
v 0.469838738 0.576622307 -0.894135416
v 0.469057351 0.579002976 -0.895172238
v 0.467478573 0.5766716 -0.900183797
v 0.468122005 0.574169517 -0.899359882
v 0.469854116 0.573133171 -0.897549152
v 0.471660256 0.574169517 -0.895812273
v 0.472482443 0.5766716 -0.895166636
v 0.471839011 0.579173684 -0.895990551
v 0.4701069 0.58021003 -0.89780128
v 0.46830076 0.579173684 -0.899538159
v 0.462140977 0.577051938 -0.894860327
v 0.46278441 0.574549854 -0.894036412
v 0.464516521 0.573513508 -0.892225683
v 0.46632266 0.574549854 -0.890488803
v 0.467144847 0.577051938 -0.889843166
v 0.466501415 0.579554021 -0.890667081
v 0.464769304 0.580590367 -0.89247781
v 0.462963164 0.579554021 -0.89421469
v 0.462097675 0.57951653 -0.892351747
v 0.462780118 0.57872957 -0.89485538
v 0.464553773 0.576959908 -0.895892382
v 0.466379642 0.575244129 -0.89485538
v 0.46718815 0.574587345 -0.892351747
v 0.466505706 0.575374305 -0.889848113
v 0.464732051 0.577143967 -0.888811111
v 0.462906182 0.578859746 -0.889848113
v 0.45641005 0.57364285 -0.892055869
v 0.457092494 0.57285589 -0.894559503
v 0.458866149 0.571086228 -0.895596504
v 0.460692018 0.569370449 -0.894559503
v 0.461500525 0.568713665 -0.892055869
v 0.460818082 0.569500625 -0.889552236
v 0.459044427 0.571270287 -0.888515234
v 0.457218558 0.572986066 -0.889552236
v 0.460401565 0.571178257 -0.895290196
v 0.460706294 0.56880343 -0.89401722
v 0.459985316 0.567819774 -0.891595304
v 0.45866096 0.56880343 -0.889443159
v 0.457509011 0.571178257 -0.888821542
v 0.457204282 0.573553085 -0.890094519
v 0.45792526 0.574536741 -0.892516434
v 0.459249616 0.573553085 -0.894668579
v 0.451252788 0.56781131 -0.899381161
v 0.451557517 0.565436482 -0.898108184
v 0.450836539 0.564452827 -0.895686269
v 0.449512184 0.565436482 -0.893534124
v 0.448360234 0.56781131 -0.892912507
v 0.448055506 0.570186138 -0.894185483
v 0.448776484 0.571169794 -0.896607399
v 0.450100839 0.570186138 -0.898759544
v 0.447264433 0.570279181 -0.896146834
v 0.448072523 0.569621801 -0.898650408
v 0.449896336 0.567903817 -0.899687469
v 0.451667547 0.566131711 -0.898650408
v 0.45234859 0.56534344 -0.896146834
v 0.4515405 0.566000819 -0.89364326
v 0.449716687 0.567718804 -0.892606199
v 0.447945476 0.56949091 -0.89364326
v 0.441495925 0.564337254 -0.896448493
v 0.442304015 0.563679874 -0.898952067
v 0.444127828 0.561961889 -0.899989128
v 0.44589904 0.560189784 -0.898952067
v 0.446580082 0.559401512 -0.896448493
v 0.445771992 0.560058892 -0.893944919
v 0.443948179 0.561776876 -0.892907858
v 0.442176968 0.563548982 -0.893944919
v 0.441485167 0.564326108 -0.896448493
v 0.441771924 0.563127577 -0.898863912
v 0.443386108 0.561191976 -0.899864435
v 0.445382148 0.559653223 -0.898863912
v 0.446590841 0.559412658 -0.896448493
v 0.446304083 0.560611188 -0.894033074
v 0.4446899 0.56254679 -0.893032551
v 0.442693859 0.564085543 -0.894033074
v 0.435969859 0.558595121 -0.894259453
v 0.436256617 0.557396591 -0.896674871
v 0.4378708 0.555460989 -0.897675395
v 0.439866841 0.553922236 -0.896674871
v 0.441075534 0.553681672 -0.894259453
v 0.440788776 0.554880202 -0.891844034
v 0.439174592 0.556815803 -0.890843511
v 0.437178552 0.558354557 -0.891844034
v 0.438522696 0.55284673 -0.892948925
v 0.436027616 0.553894222 -0.893123269
v 0.434994131 0.556256354 -0.893963158
v 0.436027616 0.558549404 -0.894976616
v 0.438522696 0.559430063 -0.89556998
v 0.441017777 0.558382571 -0.895395637
v 0.442051262 0.556020439 -0.894555748
v 0.441017777 0.553727388 -0.89354229
v 0.436679393 0.545303464 -0.911895812
v 0.434184313 0.546350956 -0.912070155
v 0.433150828 0.548713088 -0.912910044
v 0.434184313 0.551006138 -0.913923502
v 0.436679393 0.551886797 -0.914516866
v 0.439174473 0.550839305 -0.914342523
v 0.440207958 0.548477173 -0.913502634
v 0.439174473 0.546184123 -0.912489176
v 0.434152693 0.551078737 -0.913206339
v 0.435719818 0.55119276 -0.91541636
v 0.437849075 0.549785078 -0.916331768
v 0.439293146 0.547680378 -0.91541636
v 0.439206094 0.546111524 -0.913206339
v 0.437638968 0.5459975 -0.910996318
v 0.435509712 0.547405183 -0.91008091
v 0.43406564 0.549509883 -0.910996318
v 0.427872986 0.544690073 -0.917988896
v 0.429440111 0.544804096 -0.920198917
v 0.431569368 0.543396413 -0.921114326
v 0.433013439 0.541291714 -0.920198917
v 0.432926387 0.53972286 -0.917988896
v 0.431359261 0.539608836 -0.915778875
v 0.429230005 0.541016519 -0.914863467
v 0.427785933 0.543121219 -0.915778875
v 0.427841425 0.544657528 -0.917988896
v 0.427893966 0.543212414 -0.920282781
v 0.429414302 0.541177988 -0.921232939
v 0.431511879 0.539746046 -0.920282781
v 0.432957947 0.539755404 -0.917988896
v 0.432905406 0.541200519 -0.915695012
v 0.43138507 0.543234944 -0.914744854
v 0.429287493 0.544666886 -0.915695012
v 0.422423512 0.539002717 -0.914550483
v 0.422476053 0.537557602 -0.916844368
v 0.423996389 0.535523176 -0.917794526
v 0.426093966 0.534091234 -0.916844368
v 0.427540034 0.534100592 -0.914550483
v 0.427487493 0.535545707 -0.912256598
v 0.425967157 0.537580132 -0.911306441
v 0.42386958 0.539012074 -0.912256598
v 0.422426254 0.539005637 -0.914550483
v 0.422596812 0.537684977 -0.916912675
v 0.424164414 0.5357005 -0.917891145
v 0.42621085 0.534214556 -0.916912675
v 0.427537292 0.534097672 -0.914550483
v 0.427366734 0.535418332 -0.912188292
v 0.425799131 0.537402809 -0.911209822
v 0.423752695 0.538888752 -0.912188292
v 0.41694051 0.53329289 -0.91175276
v 0.417111069 0.531972229 -0.914114952
v 0.418678671 0.529987752 -0.915093422
v 0.420725107 0.528501809 -0.914114952
v 0.422051549 0.528384924 -0.91175276
v 0.42188099 0.529705584 -0.909390569
v 0.420313388 0.531690061 -0.908412099
v 0.418266952 0.533176005 -0.909390569
v 0.41949603 0.533960462 -0.910076916
v 0.416998178 0.533137083 -0.910737097
v 0.415963501 0.530967474 -0.911992252
v 0.416998178 0.528722525 -0.913107097
v 0.41949603 0.527717352 -0.913428605
v 0.421993881 0.52854073 -0.912768424
v 0.423028558 0.53071034 -0.911513269
v 0.421993881 0.532955289 -0.910398424
v 0.41826719 0.526406765 -0.896006882
v 0.415769339 0.525583386 -0.896667063
v 0.414734662 0.523413777 -0.897922218
v 0.415769339 0.521168828 -0.899037063
v 0.41826719 0.520163655 -0.899358571
v 0.420765042 0.520987034 -0.89869839
v 0.421799719 0.523156643 -0.897443235
v 0.420765042 0.525401592 -0.89632839
v 0.41826719 0.526425064 -0.896041453
v 0.415968657 0.525967062 -0.897405326
v 0.415016592 0.52393806 -0.898931682
v 0.415968657 0.521526635 -0.899726391
v 0.41826719 0.520145357 -0.899324
v 0.420565724 0.520603359 -0.897960126
v 0.421517789 0.52263236 -0.896433771
v 0.420565724 0.525043786 -0.895639062
v 0.413549334 0.521384001 -0.886397421
v 0.4112508 0.520925999 -0.887761295
v 0.410298735 0.518896997 -0.889287651
v 0.4112508 0.516485572 -0.890082359
v 0.413549334 0.515104294 -0.889679968
v 0.415847868 0.515562296 -0.888316095
v 0.416799933 0.517591298 -0.886789739
v 0.415847868 0.520002723 -0.88599503
v 0.453872621 0.559448659 -0.432886422
v 0.454416335 0.556946218 -0.431994647
v 0.455916286 0.555909693 -0.429987431
v 0.457493782 0.556946218 -0.428040594
v 0.458224773 0.559448659 -0.427294552
v 0.45768106 0.561951101 -0.428186327
v 0.456181109 0.562987626 -0.430193543
v 0.454603612 0.561951101 -0.43214038
v 0.448970765 0.559743166 -0.429071277
v 0.449514478 0.557240725 -0.428179502
v 0.451014429 0.5562042 -0.426172286
v 0.452591926 0.557240725 -0.42422545
v 0.453322917 0.559743166 -0.423479408
v 0.452779204 0.562245607 -0.424371183
v 0.451279253 0.563282132 -0.426378399
v 0.449701756 0.562245607 -0.428325236
v 0.448676258 0.559743166 -0.428814799
v 0.449298888 0.557241857 -0.427972734
v 0.451004028 0.556205809 -0.426136404
v 0.452792823 0.557241857 -0.424381435
v 0.453617424 0.559743166 -0.423735887
v 0.452994794 0.562244475 -0.424577951
v 0.451289654 0.563280523 -0.426414281
v 0.449500859 0.562244475 -0.42816925
v 0.439088434 0.560496688 -0.41948694
v 0.439711064 0.557995379 -0.418644875
v 0.441416204 0.556959331 -0.416808546
v 0.443204999 0.557995379 -0.415053576
v 0.444029599 0.560496688 -0.414408028
v 0.443406969 0.562997997 -0.415250093
v 0.441701829 0.564034045 -0.417086422
v 0.439913034 0.562997997 -0.418841392
v 0.440724552 0.560496688 -0.420390785
v 0.440947413 0.557991564 -0.419377029
v 0.441528529 0.556953847 -0.416940093
v 0.442127496 0.557991564 -0.414507478
v 0.442393482 0.560496688 -0.413504183
v 0.44217062 0.563001812 -0.414517939
v 0.441589504 0.564039528 -0.416954875
v 0.440990537 0.563001812 -0.41938749
v 0.43554458 0.560543895 -0.419135451
v 0.435767442 0.558038771 -0.418121696
v 0.436348557 0.557001054 -0.41568476
v 0.436947525 0.558038771 -0.413252145
v 0.43721351 0.560543895 -0.41224885
v 0.436990649 0.563049018 -0.413262606
v 0.436409533 0.564086735 -0.415699542
v 0.435810566 0.563049018 -0.418132156
v 0.436379045 0.563762248 -0.414210618
v 0.434041321 0.563196242 -0.415462792
v 0.433073014 0.561076581 -0.416849285
v 0.434041321 0.558644831 -0.417557985
v 0.436379045 0.557325542 -0.417173684
v 0.438716769 0.557891548 -0.415921509
v 0.439685076 0.560011208 -0.414535016
v 0.438716769 0.562442958 -0.413826317
v 0.432297379 0.559332669 -0.404588223
v 0.429959655 0.558766663 -0.405840397
v 0.428991348 0.556647003 -0.40722689
v 0.429959655 0.554215252 -0.40793559
v 0.432297379 0.552895963 -0.407551289
v 0.434635103 0.553461969 -0.406299114
v 0.43560341 0.555581629 -0.404912621
v 0.434635103 0.55801338 -0.404203922
v 0.434313476 0.556114316 -0.408983141
v 0.433859706 0.553614616 -0.408035219
v 0.432490736 0.552579165 -0.405935943
v 0.431008518 0.553614616 -0.403915048
v 0.430281281 0.556114316 -0.40315637
v 0.430735052 0.558614016 -0.404104292
v 0.432104021 0.559649467 -0.406203568
v 0.43358624 0.558614016 -0.408224463
v 0.428512454 0.555645049 -0.412997514
v 0.428058684 0.553145349 -0.412049592
v 0.426689714 0.552109897 -0.409950316
v 0.425207496 0.553145349 -0.40792942
v 0.424480259 0.555645049 -0.407170743
v 0.42493403 0.558144748 -0.408118665
v 0.426302999 0.5591802 -0.410217941
v 0.427785218 0.558144748 -0.412238836
v 0.411921173 0.549778402 -0.443693966
v 0.412306905 0.547378838 -0.442491233
v 0.414114118 0.546384931 -0.440730751
v 0.416284114 0.547378838 -0.439443767
v 0.417545766 0.549778402 -0.439384192
v 0.417160034 0.552177966 -0.440586925
v 0.415352821 0.553171873 -0.442347407
v 0.413182825 0.552177966 -0.443634391
v 0.404931605 0.553227007 -0.434571922
v 0.405317336 0.550827444 -0.43336919
v 0.407124549 0.549833536 -0.431608707
v 0.409294546 0.550827444 -0.430321723
v 0.410556197 0.553227007 -0.430262148
v 0.410170466 0.555626571 -0.431464881
v 0.408363253 0.556620479 -0.433225363
v 0.406193256 0.555626571 -0.434512347
v 0.405734986 0.552740216 -0.410936505
v 0.404944003 0.550245404 -0.41022709
v 0.402809769 0.549211979 -0.408911675
v 0.400582522 0.550245404 -0.407760799
v 0.399566919 0.552740216 -0.40744862
v 0.400357902 0.555235028 -0.408158034
v 0.402492136 0.556268454 -0.409473449
v 0.404719383 0.555235028 -0.410624325
v 0.398851633 0.551461279 -0.423109233
v 0.39806065 0.548966467 -0.422399819
v 0.395926416 0.547933042 -0.421084404
v 0.393699169 0.548966467 -0.419933528
v 0.392683566 0.551461279 -0.419621348
v 0.393474549 0.553956091 -0.420330763
v 0.395608783 0.554989517 -0.421646178
v 0.39783603 0.553956091 -0.422797054
v 0.392487764 0.551461279 -0.422705144
v 0.393524498 0.548964143 -0.422498971
v 0.395875216 0.547929764 -0.421628743
v 0.398162901 0.548964143 -0.420604169
v 0.399047434 0.551461279 -0.420025438
v 0.398010701 0.553958416 -0.420231611
v 0.395659983 0.554992795 -0.421101838
v 0.393372297 0.553958416 -0.422126412
v 0.386404127 0.550164938 -0.407812744
v 0.38744086 0.547667801 -0.407606572
v 0.389791578 0.546633422 -0.406736344
v 0.392079264 0.547667801 -0.40571177
v 0.392963797 0.550164938 -0.405133039
v 0.391927063 0.552662075 -0.405339211
v 0.389576346 0.553696454 -0.406209439
v 0.38728866 0.552662075 -0.407234013
v 0.389683962 0.553571582 -0.405499518
v 0.387246698 0.552733064 -0.40634197
v 0.386237144 0.550390184 -0.407261133
v 0.387246698 0.547915339 -0.407718539
v 0.389683962 0.546758294 -0.407446265
v 0.392121226 0.547596812 -0.406603813
v 0.393130779 0.549939692 -0.40568465
v 0.392121226 0.552414536 -0.405227244
v 0.38795799 0.551577866 -0.39852196
v 0.385520726 0.550739348 -0.399364412
v 0.384511173 0.548396468 -0.400283575
v 0.385520726 0.545921624 -0.400740981
v 0.38795799 0.544764578 -0.400468707
v 0.390395254 0.545603096 -0.399626255
v 0.391404808 0.547945976 -0.398707092
v 0.390395254 0.550420821 -0.398249686
v 0.38795799 0.551675737 -0.398974866
v 0.385468364 0.550690353 -0.399403721
v 0.384437144 0.548229277 -0.39988628
v 0.385468364 0.545734227 -0.400139809
v 0.38795799 0.544666708 -0.400015801
v 0.390447617 0.545652092 -0.399586946
v 0.391478837 0.548113167 -0.399104387
v 0.390447617 0.550608218 -0.398850858
v 0.385514557 0.548478007 -0.377443552
v 0.383024931 0.547492623 -0.377872407
v 0.381993711 0.545031548 -0.378354967
v 0.383024931 0.542536497 -0.378608495
v 0.385514557 0.541468978 -0.378484488
v 0.388004184 0.542454362 -0.378055632
v 0.389035404 0.544915438 -0.377573073
v 0.388004184 0.547410488 -0.377319545
v 0.384258449 0.544973493 -0.381276846
v 0.385310233 0.542577386 -0.380565822
v 0.386481702 0.541584849 -0.378330737
v 0.38708663 0.542577386 -0.375880808
v 0.386770666 0.544973493 -0.374651194
v 0.385718882 0.547369599 -0.375362217
v 0.384547412 0.548362136 -0.377597302
v 0.383942485 0.547369599 -0.380047232
v 0.37670213 0.542506814 -0.37841174
v 0.377753913 0.540110707 -0.377700716
v 0.378925383 0.539118171 -0.375465631
v 0.379530311 0.540110707 -0.373015702
v 0.379214346 0.542506814 -0.371786088
v 0.378162563 0.544902921 -0.372497112
v 0.376991093 0.545895457 -0.374732196
v 0.376386166 0.544902921 -0.377182126
v 0.377958238 0.545938611 -0.374218315
v 0.375506997 0.545062006 -0.37497735
v 0.374491632 0.542688668 -0.375807583
v 0.375506997 0.540208757 -0.3762227
v 0.377958238 0.539075017 -0.375979513
v 0.380409479 0.539951622 -0.375220478
v 0.381424844 0.54232496 -0.374390244
v 0.380409479 0.544804871 -0.373975128
v 0.374713212 0.542117119 -0.359325439
v 0.372261971 0.541240513 -0.360084474
v 0.371246606 0.538867176 -0.360914707
v 0.372261971 0.536387265 -0.361329824
v 0.374713212 0.535253525 -0.361086637
v 0.377164453 0.53613013 -0.360327601
v 0.378179818 0.538503468 -0.359497368
v 0.377164453 0.540983379 -0.359082252
v 0.37323904 0.538685322 -0.363427728
v 0.374310851 0.53628099 -0.362776995
v 0.375618368 0.535285056 -0.36062023
v 0.376395643 0.53628099 -0.358220816
v 0.376187384 0.538685322 -0.356984347
v 0.375115573 0.541089654 -0.357635081
v 0.373808056 0.542085588 -0.359791845
v 0.373030782 0.541089654 -0.36219126
v 0.365782201 0.536284685 -0.360015631
v 0.366854012 0.533880353 -0.359364897
v 0.368161529 0.532884419 -0.357208133
v 0.368938804 0.533880353 -0.354808718
v 0.368730545 0.536284685 -0.353572249
v 0.367658734 0.538689017 -0.354222983
v 0.366351217 0.539684951 -0.356379747
v 0.365573943 0.538689017 -0.358779162
v 0.367056191 0.536284685 -0.360331237
v 0.36713928 0.533779562 -0.35929656
v 0.367290974 0.532741904 -0.356795907
v 0.367422402 0.533779562 -0.354294062
v 0.367456555 0.536284685 -0.353256643
v 0.367373466 0.538789809 -0.35429132
v 0.367221773 0.539827466 -0.356791973
v 0.367090344 0.538789809 -0.359293818
v 0.361788571 0.536233068 -0.360033125
v 0.36187166 0.533727944 -0.358998448
v 0.362023354 0.532690287 -0.356497794
v 0.362154782 0.533727944 -0.353995949
v 0.362188935 0.536233068 -0.35295853
v 0.362105846 0.538738191 -0.353993207
v 0.361954153 0.539775848 -0.35649386
v 0.361822724 0.538738191 -0.358995706
v 0.360880703 0.539598286 -0.356495827
v 0.360496342 0.538379252 -0.358887315
v 0.360986233 0.535902977 -0.359877914
v 0.362063378 0.533620059 -0.358887315
v 0.363096803 0.532867849 -0.356495827
v 0.363481164 0.534086883 -0.35410434
v 0.362991273 0.536563158 -0.353113741
v 0.361914128 0.538846076 -0.35410434
v 0.353299111 0.537101924 -0.35400483
v 0.352914751 0.53588289 -0.356396317
v 0.353404641 0.533406615 -0.357386917
v 0.354481786 0.531123698 -0.356396317
v 0.355515212 0.530371487 -0.35400483
v 0.355899572 0.531590521 -0.351613343
v 0.355409682 0.534066796 -0.350622743
v 0.354332536 0.536349714 -0.351613343
v 0.351842433 0.536181033 -0.35400483
v 0.351821929 0.534655392 -0.356246501
v 0.35331583 0.532591581 -0.357175052
v 0.355449021 0.531198621 -0.356246501
v 0.35697189 0.531292379 -0.35400483
v 0.356992394 0.532818019 -0.351763159
v 0.355498493 0.53488183 -0.350834608
v 0.353365302 0.536274791 -0.351763159
v 0.347090334 0.531194806 -0.350567877
v 0.34706983 0.529669166 -0.352809548
v 0.348563731 0.527605355 -0.353738099
v 0.350696921 0.526212394 -0.352809548
v 0.35221979 0.526306152 -0.350567877
v 0.352240294 0.527831793 -0.348326206
v 0.350746393 0.529895604 -0.347397655
v 0.348613203 0.531288564 -0.348326206
v 0.347413957 0.528428674 -0.330239296
v 0.346847951 0.525932133 -0.329344749
v 0.34517929 0.524898052 -0.327474087
v 0.343385428 0.525932133 -0.325723141
v 0.342517197 0.528428674 -0.325117528
v 0.343083203 0.530925214 -0.326012075
v 0.344751865 0.531959295 -0.327882737
v 0.346545726 0.530925214 -0.329633683
v 0.341286242 0.527718723 -0.336097807
v 0.340720236 0.525222182 -0.33520326
v 0.339051574 0.524188101 -0.333332598
v 0.337257713 0.525222182 -0.331581652
v 0.336389482 0.527718723 -0.330976039
v 0.336955488 0.530215263 -0.331870586
v 0.33862415 0.531249344 -0.333741248
v 0.340418011 0.530215263 -0.335492194
v 0.342058539 0.527718723 -0.33501333
v 0.341220677 0.525226295 -0.334350854
v 0.338986993 0.524193883 -0.333211601
v 0.336665958 0.525226295 -0.332262903
v 0.335617185 0.527718723 -0.332060516
v 0.336455047 0.530211151 -0.332722992
v 0.338688731 0.531243563 -0.333862245
v 0.341009766 0.530211151 -0.334810942
v 0.334323734 0.525834143 -0.351886123
v 0.333485872 0.523341715 -0.351223648
v 0.331252187 0.522309303 -0.350084394
v 0.328931153 0.523341715 -0.349135697
v 0.327882379 0.525834143 -0.348933309
v 0.328720242 0.528326571 -0.349595785
v 0.330953926 0.529358983 -0.350735039
v 0.333274961 0.528326571 -0.351683736
v 0.333729953 0.525834143 -0.352787107
v 0.332798004 0.523340642 -0.352270395
v 0.330873162 0.522307813 -0.350663722
v 0.329082996 0.523340642 -0.348908246
v 0.328476161 0.525834143 -0.348032326
v 0.329408109 0.528327644 -0.348549038
v 0.331332952 0.529360473 -0.350155711
v 0.333123118 0.528327644 -0.351911187
v 0.324157506 0.52722007 -0.36336413
v 0.323225558 0.52472657 -0.362847418
v 0.321300715 0.52369374 -0.361240745
v 0.319510549 0.52472657 -0.359485269
v 0.318903714 0.52722007 -0.358609349
v 0.319835663 0.529713571 -0.359126061
v 0.321760505 0.5307464 -0.360732734
v 0.323550671 0.529713571 -0.36248821
v 0.321687043 0.52722007 -0.364526242
v 0.321692705 0.524715364 -0.363487273
v 0.321603417 0.523677886 -0.360983521
v 0.321471483 0.524715364 -0.358481646
v 0.321374178 0.52722007 -0.357447237
v 0.321368515 0.529724777 -0.358486205
v 0.321457803 0.530762255 -0.360989958
v 0.321589738 0.529724777 -0.363491833
v 0.310926646 0.52699846 -0.365001827
v 0.310932308 0.524493754 -0.363962859
v 0.310843021 0.523456275 -0.361459106
v 0.310711086 0.524493754 -0.358957231
v 0.310613781 0.52699846 -0.357922822
v 0.310608119 0.529503167 -0.358961791
v 0.310697407 0.530540645 -0.361465544
v 0.310829341 0.529503167 -0.363967419
v 0.309935749 0.52699846 -0.364905626
v 0.310158581 0.524493337 -0.36389187
v 0.310739696 0.52345562 -0.361454934
v 0.311338663 0.524493337 -0.359022319
v 0.311604679 0.52699846 -0.358019024
v 0.311381847 0.529503584 -0.35903278
v 0.310800731 0.530541301 -0.361469716
v 0.310201764 0.529503584 -0.36390233
v 0.304773182 0.527045548 -0.363654524
v 0.304996014 0.524540424 -0.362640768
v 0.305577129 0.523502707 -0.360203832
v 0.306176096 0.524540424 -0.357771218
v 0.306442112 0.527045548 -0.356767923
v 0.30621928 0.529550672 -0.357781678
v 0.305638164 0.530588388 -0.360218614
v 0.305039197 0.529550672 -0.362651229
v 0.304773182 0.527045548 -0.363654524
v 0.304996043 0.524540424 -0.362640768
v 0.305577159 0.523502707 -0.360203832
v 0.306176126 0.524540424 -0.357771218
v 0.306442112 0.527045548 -0.356767923
v 0.30621925 0.529550672 -0.357781678
v 0.305638134 0.530588388 -0.360218614
v 0.305039167 0.529550672 -0.362651229
v 0.299610645 0.527092576 -0.362403423
v 0.299833506 0.524587452 -0.361389667
v 0.300414622 0.523549736 -0.358952731
v 0.301013589 0.524587452 -0.356520116
v 0.301279575 0.527092576 -0.355516821
v 0.301056713 0.5295977 -0.356530577
v 0.300475597 0.530635417 -0.358967513
v 0.29987663 0.5295977 -0.361400127
v 0.301422 0.530498207 -0.358960122
v 0.301512688 0.5293926 -0.361434519
v 0.300978035 0.52693969 -0.362459421
v 0.300131172 0.524576366 -0.361434519
v 0.299468219 0.523686945 -0.358960122
v 0.299377531 0.524792552 -0.356485724
v 0.299912184 0.527245462 -0.355460823
v 0.300759047 0.529608786 -0.356485724
v 0.293149322 0.532871187 -0.360323638
v 0.293240011 0.53176558 -0.362798035
v 0.292705357 0.52931267 -0.363822937
v 0.291858494 0.526949346 -0.362798035
v 0.291195542 0.526059926 -0.360323638
v 0.291104853 0.527165532 -0.35784924
v 0.291639507 0.529618442 -0.356824338
v 0.29248637 0.531981766 -0.35784924
v 0.291337967 0.529465556 -0.363766938
v 0.291560829 0.526960433 -0.362753183
v 0.292141944 0.525922716 -0.360316247
v 0.292740911 0.526960433 -0.357883632
v 0.293006897 0.529465556 -0.356880337
v 0.292784035 0.53197068 -0.357894093
v 0.29220292 0.533008397 -0.360331029
v 0.291603953 0.53197068 -0.362763643
v 0.281006366 0.529559731 -0.361263156
v 0.281229228 0.527054608 -0.3602494
v 0.281810343 0.526016891 -0.357812464
v 0.28240931 0.527054608 -0.35537985
v 0.282675296 0.529559731 -0.354376554
v 0.282452434 0.532064855 -0.35539031
v 0.281871319 0.533102572 -0.357827246
v 0.281272352 0.532064855 -0.360259861
v 0.284349561 0.529559731 -0.360321641
v 0.28282696 0.52731663 -0.360378861
v 0.280726701 0.526387513 -0.358937055
v 0.279279113 0.52731663 -0.356840819
v 0.279332101 0.529559731 -0.355318069
v 0.280854702 0.531802833 -0.355260849
v 0.282954961 0.53273195 -0.356702656
v 0.284402549 0.531802833 -0.358798891
v 0.28113386 0.531824768 -0.363546252
v 0.27961126 0.529581666 -0.363603473
v 0.277511001 0.528652549 -0.362161666
v 0.276063412 0.529581666 -0.36006543
v 0.276116401 0.531824768 -0.358542681
v 0.277639002 0.534067869 -0.35848546
v 0.279739261 0.534996986 -0.359927267
v 0.281186849 0.534067869 -0.362023503
v 0.277183563 0.531824768 -0.364280879
v 0.277543247 0.529320478 -0.363305122
v 0.278536707 0.528283119 -0.361005068
v 0.279581964 0.529320478 -0.358728111
v 0.280066699 0.531824768 -0.357808053
v 0.279707015 0.534329057 -0.358783811
v 0.278713554 0.535366416 -0.361083865
v 0.277668297 0.534329057 -0.363360822
v 0.267155886 0.532124817 -0.359814316
v 0.26751557 0.529620528 -0.358838558
v 0.26850903 0.528583169 -0.356538504
v 0.269554287 0.529620528 -0.354261547
v 0.270039022 0.532124817 -0.35334149
v 0.269679338 0.534629107 -0.354317248
v 0.268685877 0.535666466 -0.356617302
v 0.26764062 0.534629107 -0.358894259
v 0.267286956 0.532124817 -0.359869599
v 0.26761657 0.52962023 -0.358883888
v 0.268520772 0.528582811 -0.356547385
v 0.269469887 0.52962023 -0.354228735
v 0.269907951 0.532124817 -0.353286207
v 0.269578338 0.534629405 -0.354271919
v 0.268674135 0.535666823 -0.356608421
v 0.267725021 0.534629405 -0.358927071
v 0.262240916 0.532251358 -0.357860655
v 0.26257053 0.529746771 -0.356874943
v 0.263474733 0.528709352 -0.354538441
v 0.264423847 0.529746771 -0.35221979
v 0.264861912 0.532251358 -0.351277262
v 0.264532298 0.534755945 -0.352262974
v 0.263628095 0.535793364 -0.354599476
v 0.262678981 0.534755945 -0.356918126
v 0.264569253 0.532251358 -0.357962579
v 0.263679981 0.529823303 -0.357145905
v 0.262715399 0.528817594 -0.354819715
v 0.262240559 0.529823303 -0.352346629
v 0.262533575 0.532251358 -0.351175338
v 0.263422847 0.534679413 -0.351992011
v 0.264387429 0.535685122 -0.354318202
v 0.264862269 0.534679413 -0.356791288
v 0.256074667 0.534505546 -0.360510349
v 0.255185395 0.532077491 -0.359693676
v 0.254220814 0.531071782 -0.357367486
v 0.253745973 0.532077491 -0.3548944
v 0.25403899 0.534505546 -0.353723109
v 0.254928261 0.536933601 -0.354539782
v 0.255892843 0.53793931 -0.356865972
v 0.256367683 0.536933601 -0.359339058
v 0.257510811 0.537061036 -0.357116729
v 0.256792068 0.536312521 -0.359621972
v 0.255056828 0.534505546 -0.360659689
v 0.253321588 0.532698572 -0.359621972
v 0.252602845 0.531950057 -0.357116729
v 0.253321588 0.532698572 -0.354611486
v 0.255056828 0.534505546 -0.353573769
v 0.256792068 0.536312521 -0.354611486
v 0.254796922 0.53966713 -0.357116729
v 0.25407818 0.538918614 -0.359621972
v 0.252342939 0.53711164 -0.360659689
v 0.250607699 0.535304666 -0.359621972
v 0.249888957 0.53455615 -0.357116729
v 0.250607699 0.535304666 -0.354611486
v 0.252342939 0.53711164 -0.353573769
v 0.25407818 0.538918614 -0.354611486
v 0.251965702 0.53711164 -0.360639542
v 0.252087533 0.534606397 -0.359608948
v 0.252358973 0.53356874 -0.357118458
v 0.252621025 0.534606397 -0.354626924
v 0.252720177 0.53711164 -0.353593916
v 0.252598345 0.539616883 -0.35462451
v 0.252326906 0.54065454 -0.357115
v 0.252064854 0.539616883 -0.359606534
v 0.241395876 0.537063241 -0.35950771
v 0.241517693 0.534557998 -0.358477116
v 0.241789132 0.533520341 -0.355986625
v 0.242051184 0.534557998 -0.353495091
v 0.242150322 0.537063241 -0.352462083
v 0.242028505 0.539568484 -0.353492677
v 0.241757065 0.540606141 -0.355983168
v 0.241495013 0.539568484 -0.358474702
v 0.242706507 0.540481031 -0.355984896
v 0.242997453 0.539325893 -0.358420879
v 0.24257119 0.536845267 -0.359429896
v 0.241677418 0.534492373 -0.358420879
v 0.24083969 0.533645451 -0.355984896
v 0.240548745 0.534800589 -0.353548914
v 0.240975007 0.537281215 -0.352539897
v 0.241868779 0.539634109 -0.353548914
v 0.234256536 0.542788744 -0.358088464
v 0.234547481 0.541633606 -0.360524446
v 0.234121218 0.53915298 -0.361533463
v 0.233227447 0.536800086 -0.360524446
v 0.232389718 0.535953164 -0.358088464
v 0.232098773 0.537108302 -0.355652481
v 0.232525036 0.539588928 -0.354643464
v 0.233418807 0.541941822 -0.355652481
v 0.231539056 0.539370954 -0.36114946
v 0.231980547 0.53686744 -0.36020568
v 0.233208507 0.535830498 -0.358021647
v 0.234503612 0.53686744 -0.355876774
v 0.235107198 0.539370954 -0.355027467
v 0.234665707 0.541874468 -0.355971247
v 0.233437747 0.54291141 -0.35815528
v 0.232142642 0.541874468 -0.360300153
v 0.226632923 0.539583743 -0.358289957
v 0.227074414 0.537080228 -0.357346177
v 0.228302374 0.536043286 -0.355162144
v 0.229597479 0.537080228 -0.353017271
v 0.230201066 0.539583743 -0.352167964
v 0.229759574 0.542087257 -0.353111744
v 0.228531614 0.543124199 -0.355295777
v 0.227236509 0.542087257 -0.35744065
v 0.229450718 0.542972565 -0.355228961
v 0.229246184 0.541950047 -0.357732117
v 0.228555933 0.539541364 -0.35876894
v 0.227784276 0.537157536 -0.357732117
v 0.227383271 0.536194921 -0.355228961
v 0.227587804 0.537217438 -0.352725804
v 0.228278056 0.539626122 -0.351688981
v 0.229049712 0.54200995 -0.352725804
v 0.221285805 0.545463204 -0.355579227
v 0.221081272 0.544440687 -0.358082384
v 0.22039102 0.542032003 -0.359119207
v 0.219619364 0.539648175 -0.358082384
v 0.219218358 0.53868556 -0.355579227
v 0.219422892 0.539708078 -0.353076071
v 0.220113143 0.542116761 -0.352039248
v 0.2208848 0.544500589 -0.353076071
v 0.223409161 0.542074382 -0.357187152
v 0.222263321 0.539617002 -0.357150435
v 0.219939321 0.538599074 -0.356193304
v 0.217798546 0.539617002 -0.354876459
v 0.217095003 0.542074382 -0.353971303
v 0.218240842 0.544531763 -0.354008019
v 0.220564842 0.545549691 -0.35496515
v 0.222705618 0.544531763 -0.356281996
v 0.219314054 0.543863654 -0.36522761
v 0.218168214 0.541406274 -0.365190893
v 0.215844214 0.540388346 -0.364233762
v 0.213703439 0.541406274 -0.362916917
v 0.212999895 0.543863654 -0.36201176
v 0.214145735 0.546321034 -0.362048477
v 0.216469735 0.547338963 -0.363005608
v 0.21861051 0.546321034 -0.364322454
v 0.213823006 0.543863654 -0.366285235
v 0.214404583 0.541362047 -0.365415186
v 0.216012686 0.54032588 -0.363493353
v 0.217705309 0.541362047 -0.36164552
v 0.218490943 0.543863654 -0.360954136
v 0.217909366 0.546365261 -0.361824185
v 0.216301262 0.547401428 -0.363746017
v 0.214608639 0.546365261 -0.365593851
v 0.204440832 0.54453969 -0.358070165
v 0.20502241 0.542038083 -0.357200116
v 0.206630513 0.541001916 -0.355278283
v 0.208323136 0.542038083 -0.35343045
v 0.20910877 0.54453969 -0.352739066
v 0.208527192 0.547041297 -0.353609115
v 0.206919089 0.548077464 -0.355530947
v 0.205226466 0.547041297 -0.357378781
v 0.2077564 0.54794395 -0.355404615
v 0.207810521 0.546848357 -0.357884496
v 0.207257941 0.544400394 -0.358911723
v 0.206422344 0.54203403 -0.357884496
v 0.205793202 0.54113543 -0.355404615
v 0.205739081 0.542231023 -0.352924734
v 0.206291661 0.544678986 -0.351897508
v 0.207127258 0.54704535 -0.352924734
v 0.199418172 0.550348222 -0.356648803
v 0.199472293 0.549252629 -0.359128684
v 0.198919713 0.546804667 -0.36015591
v 0.198084116 0.544438303 -0.359128684
v 0.197454974 0.543539703 -0.356648803
v 0.197400853 0.544635296 -0.354168922
v 0.197953433 0.547083259 -0.353141695
v 0.19878903 0.549449623 -0.354168922
v 0.201446474 0.546943963 -0.358517766
v 0.200212225 0.544529557 -0.35853833
v 0.197937816 0.54352951 -0.357452035
v 0.195955575 0.544529557 -0.355895191
v 0.195426673 0.546943963 -0.35477984
v 0.196660921 0.549358368 -0.354759276
v 0.19893533 0.550358415 -0.355845571
v 0.200917572 0.549358368 -0.357402414
v 0.197645217 0.548939288 -0.364639521
v 0.196410969 0.546524882 -0.364660084
v 0.19413656 0.545524836 -0.36357379
v 0.192154318 0.546524882 -0.362016946
v 0.191625416 0.548939288 -0.360901594
v 0.192859665 0.551353693 -0.360881031
v 0.195134073 0.55235374 -0.361967325
v 0.197116315 0.551353693 -0.363524169
v 0.19225359 0.548939288 -0.365393519
v 0.192849115 0.54643786 -0.36453259
v 0.194490954 0.545401692 -0.362639487
v 0.196217373 0.54643786 -0.360823154
v 0.197017044 0.548939288 -0.360147595
v 0.196421519 0.551440716 -0.361008525
v 0.194779679 0.552476883 -0.362901628
v 0.19305326 0.551440716 -0.36471796
v 0.182937309 0.549632907 -0.3569341
v 0.183532834 0.547131479 -0.356073171
v 0.185174674 0.546095312 -0.354180068
v 0.186901093 0.547131479 -0.352363735
v 0.187700763 0.549632907 -0.351688176
v 0.187105238 0.552134335 -0.352549106
v 0.185463399 0.553170502 -0.354442209
v 0.18373698 0.552134335 -0.356258541
v 0.188309148 0.549632907 -0.356211603
v 0.187065274 0.547223449 -0.356234103
v 0.184798479 0.546225429 -0.355130166
v 0.182836607 0.547223449 -0.353546441
v 0.182328925 0.549632907 -0.352410674
v 0.183572799 0.552042365 -0.352388173
v 0.185839593 0.553040385 -0.353492111
v 0.187801465 0.552042365 -0.355075836
v 0.184515297 0.551647246 -0.36218071
v 0.183271423 0.549237788 -0.362203211
v 0.181004629 0.548239768 -0.361099273
v 0.179042757 0.549237788 -0.359515548
v 0.178535074 0.551647246 -0.358379781
v 0.179778948 0.554056704 -0.35835728
v 0.182045743 0.555054724 -0.359461218
v 0.184007615 0.554056704 -0.361044943
v 0.182589233 0.55502665 -0.360280246
v 0.18223083 0.554051578 -0.362785012
v 0.181459054 0.551668048 -0.36382252
v 0.180726022 0.549272358 -0.362785012
v 0.180461138 0.548267841 -0.360280246
v 0.180819541 0.549242914 -0.35777548
v 0.181591317 0.551626444 -0.356737971
v 0.18232435 0.554022133 -0.35777548
v 0.174475893 0.557581246 -0.36011377
v 0.174117491 0.556606174 -0.362618536
v 0.173345715 0.554222643 -0.363656044
v 0.172612682 0.551826954 -0.362618536
v 0.172347799 0.550822437 -0.36011377
v 0.172706202 0.551797509 -0.357609004
v 0.173477978 0.554181039 -0.356571496
v 0.17421101 0.556576729 -0.357609004
v 0.171888679 0.554201841 -0.363312602
v 0.17226994 0.551697612 -0.362344801
v 0.173320115 0.550660312 -0.36007008
v 0.174424022 0.551697612 -0.357820958
v 0.174935013 0.554201841 -0.356914937
v 0.174553752 0.556706071 -0.357882738
v 0.173503578 0.557743371 -0.36015746
v 0.17239967 0.556706071 -0.362406582
v 0.166901067 0.55436033 -0.360937685
v 0.167282328 0.551856101 -0.359969884
v 0.168332502 0.550818801 -0.357695162
v 0.16943641 0.551856101 -0.355446041
v 0.169947401 0.55436033 -0.35454002
v 0.16956614 0.55686456 -0.355507821
v 0.168515965 0.557901859 -0.357782543
v 0.167412058 0.55686456 -0.360031664
v 0.169464335 0.557747185 -0.357738853
v 0.16922532 0.556735039 -0.360243171
v 0.168517053 0.554331839 -0.361280471
v 0.167754397 0.551945329 -0.360243171
v 0.167384133 0.550973475 -0.357738853
v 0.167623147 0.551985621 -0.355234534
v 0.168331414 0.554388821 -0.354197234
v 0.169094071 0.556775331 -0.355234534
v 0.161273211 0.56026268 -0.357973754
v 0.161034197 0.559250534 -0.360478073
v 0.16032593 0.556847334 -0.361515373
v 0.159563273 0.554460824 -0.360478073
v 0.159193009 0.55348897 -0.357973754
v 0.159432024 0.554501116 -0.355469435
v 0.160140291 0.556904316 -0.354432136
v 0.160902947 0.559290826 -0.355469435
v 0.161436573 0.556875825 -0.361306041
v 0.160534486 0.554439664 -0.360528529
v 0.159455866 0.553430617 -0.358254462
v 0.158832535 0.554439664 -0.355815947
v 0.159029648 0.556875825 -0.354641467
v 0.159931734 0.559311986 -0.35541898
v 0.161010355 0.560321033 -0.357693046
v 0.161633685 0.559311986 -0.360131562
v 0.152692884 0.559105694 -0.364463836
v 0.151790798 0.556669533 -0.363686323
v 0.150712177 0.555660486 -0.361412257
v 0.150088847 0.556669533 -0.358973742
v 0.150285959 0.559105694 -0.357799262
v 0.151188046 0.561541855 -0.358576775
v 0.152266666 0.562550902 -0.360850841
v 0.152889997 0.561541855 -0.363289356
v 0.148681551 0.559105694 -0.363292217
v 0.149401426 0.556606114 -0.362526119
v 0.151344419 0.555570722 -0.360943109
v 0.153372347 0.556606114 -0.359470487
v 0.154297292 0.559105694 -0.358970881
v 0.153577417 0.561605275 -0.359736979
v 0.151634425 0.562640667 -0.361319989
v 0.149606496 0.561605275 -0.362792611
v 0.144314989 0.5595873 -0.357617676
v 0.145034865 0.557087719 -0.356851578
v 0.146977857 0.556052327 -0.355268568
v 0.149005786 0.557087719 -0.353795946
v 0.14993073 0.5595873 -0.35329634
v 0.149210855 0.56208688 -0.354062438
v 0.147267863 0.563122272 -0.355645448
v 0.145239934 0.56208688 -0.35711807
v 0.149437621 0.5595873 -0.358139247
v 0.14850913 0.557103992 -0.357569814
v 0.1467686 0.556075394 -0.35576275
v 0.145235568 0.557103992 -0.353776544
v 0.144808099 0.5595873 -0.352774769
v 0.14573659 0.562070608 -0.353344202
v 0.14747712 0.563099205 -0.355151266
v 0.149010152 0.562070608 -0.357137471
v 0.139677525 0.561305106 -0.366562128
v 0.138749033 0.558821797 -0.365992695
v 0.137008503 0.5577932 -0.364185631
v 0.135475472 0.558821797 -0.362199426
v 0.135048002 0.561305106 -0.36119765
v 0.135976493 0.563788414 -0.361767083
v 0.137717023 0.564817011 -0.363574147
v 0.139250055 0.563788414 -0.365560353
v 0.135079056 0.561305106 -0.366588622
v 0.135651037 0.558803082 -0.365713567
v 0.137225732 0.557766676 -0.363764346
v 0.138880685 0.558803082 -0.361882836
v 0.139646471 0.561305106 -0.361171156
v 0.139074489 0.56380713 -0.362046212
v 0.137499794 0.564843535 -0.363995433
v 0.135844842 0.56380713 -0.365876943
v 0.130390197 0.561615765 -0.362635493
v 0.130962178 0.559113741 -0.361760437
v 0.132536873 0.558077335 -0.359811217
v 0.134191826 0.559113741 -0.357929707
v 0.134957612 0.561615765 -0.357218027
v 0.13438563 0.564117789 -0.358093083
v 0.132810935 0.565154195 -0.360042304
v 0.131155983 0.564117789 -0.361923814
v 0.12990579 0.561615765 -0.362138122
v 0.130614191 0.559115887 -0.361362308
v 0.13252914 0.558080375 -0.359745562
v 0.13452889 0.559115887 -0.358234972
v 0.135442019 0.561615765 -0.357715398
v 0.134733617 0.564115644 -0.358491212
v 0.132818669 0.565151155 -0.360107958
v 0.130818918 0.564115644 -0.361618549
v 0.121143863 0.562536716 -0.351170212
v 0.121852264 0.560036838 -0.350394398
v 0.123767212 0.559001327 -0.348777652
v 0.125766963 0.560036838 -0.347267061
v 0.126680091 0.562536716 -0.346747488
v 0.12597169 0.565036595 -0.347523302
v 0.124056742 0.566072106 -0.349140048
v 0.122056991 0.565036595 -0.350650638
v 0.126433298 0.562536716 -0.35144794
v 0.125509143 0.560045421 -0.350906968
v 0.123649396 0.559013546 -0.349224836
v 0.121943466 0.560045421 -0.347386867
v 0.121390663 0.562536716 -0.34646976
v 0.122314811 0.565028012 -0.347010732
v 0.124174558 0.566059887 -0.348692864
v 0.12588048 0.565028012 -0.350530833
v 0.116247214 0.564074814 -0.361765921
v 0.115323067 0.561583519 -0.361224949
v 0.11346332 0.560551643 -0.359542817
v 0.11175739 0.561583519 -0.357704848
v 0.111204587 0.564074814 -0.356787741
v 0.112128735 0.56656611 -0.357328713
v 0.113988481 0.567597985 -0.359010845
v 0.115694411 0.56656611 -0.360848814
v 0.112606995 0.564074814 -0.362638474
v 0.11289487 0.561569929 -0.361640602
v 0.113669559 0.560532331 -0.359258085
v 0.114477247 0.561569929 -0.356886536
v 0.114844806 0.564074814 -0.355915189
v 0.114556931 0.5665797 -0.35691306
v 0.113782242 0.567617297 -0.359295577
v 0.112974554 0.5665797 -0.361667126
v 0.107489094 0.564165235 -0.360935003
v 0.10777697 0.561660349 -0.359937131
v 0.108551659 0.560622752 -0.357554615
v 0.109359346 0.561660349 -0.355183065
v 0.109726906 0.564165235 -0.354211718
v 0.10943903 0.56667012 -0.355209589
v 0.108664341 0.567707717 -0.357592106
v 0.107856654 0.56667012 -0.359963655
v 0.109598517 0.567566931 -0.35757336
v 0.109598458 0.56648612 -0.360060334
v 0.109018199 0.564045787 -0.361090451
v 0.108197652 0.561675429 -0.360060334
v 0.107617483 0.560763538 -0.35757336
v 0.107617542 0.561844349 -0.355086386
v 0.108197801 0.564284682 -0.354056269
v 0.109018348 0.56665504 -0.355086386
v 0.101198785 0.570012808 -0.358636081
v 0.101198725 0.568931997 -0.361123055
v 0.100618467 0.566491663 -0.362153172
v 0.0997979194 0.564121306 -0.361123055
v 0.0992177501 0.563209414 -0.358636081
v 0.0992178097 0.564290226 -0.356149107
v 0.0997980684 0.566730559 -0.35511899
v 0.100618616 0.569100916 -0.356149107
v 0.0984724686 0.566611111 -0.361724705
v 0.0989064276 0.564107299 -0.360778213
v 0.100102991 0.563070238 -0.358576924
v 0.101361223 0.564107299 -0.356410265
v 0.101944067 0.566611111 -0.355547458
v 0.101510108 0.569114923 -0.35649395
v 0.100313544 0.570151985 -0.358695239
v 0.0990553126 0.569114923 -0.360861897
v 0.0935652554 0.566803098 -0.358966857
v 0.0939992145 0.564299285 -0.358020365
v 0.0951957777 0.563262224 -0.355819076
v 0.0964540094 0.564299285 -0.353652418
v 0.0970368534 0.566803098 -0.352789611
v 0.0966028944 0.56930691 -0.353736103
v 0.0954063311 0.570343971 -0.355937392
v 0.0941480994 0.56930691 -0.35810405
v 0.0938924029 0.566803098 -0.359129131
v 0.094247967 0.56429863 -0.358152241
v 0.0952204168 0.563261211 -0.355843306
v 0.0962401032 0.56429863 -0.353554815
v 0.0967097059 0.566803098 -0.352627337
v 0.0963541418 0.569307566 -0.353604227
v 0.0953816921 0.570344985 -0.355913162
v 0.0943620056 0.569307566 -0.358201653
v 0.0838527083 0.567074597 -0.354778796
v 0.0842082724 0.564570129 -0.353801906
v 0.0851807222 0.56353271 -0.351492971
v 0.0862004086 0.564570129 -0.349204481
v 0.0866700113 0.567074597 -0.348277003
v 0.0863144472 0.569579065 -0.349253893
v 0.0853419974 0.570616484 -0.351562828
v 0.084322311 0.569579065 -0.353851318
v 0.0877341554 0.567074597 -0.35406518
v 0.0862284005 0.564819515 -0.354083657
v 0.084156163 0.563885391 -0.352605015
v 0.0827313364 0.564819515 -0.350495398
v 0.0827885643 0.567074597 -0.348990619
v 0.0842943192 0.569329679 -0.348972142
v 0.0863665566 0.570263803 -0.350450784
v 0.0877913833 0.569329679 -0.352560401
v 0.0843253583 0.569377899 -0.357387334
v 0.0828196034 0.567122817 -0.357405812
v 0.080747366 0.566188693 -0.355927169
v 0.0793225393 0.567122817 -0.353817552
v 0.0793797672 0.569377899 -0.352312773
v 0.0808855221 0.571632981 -0.352294296
v 0.0829577595 0.572567105 -0.353772938
v 0.0843825862 0.571632981 -0.355882555
v 0.0806219056 0.569377899 -0.358172417
v 0.0809359625 0.566873133 -0.357182115
v 0.0817869529 0.565835655 -0.354825765
v 0.0826763809 0.566873133 -0.3524836
v 0.0830832198 0.569377899 -0.351527691
v 0.082769163 0.571882665 -0.352517992
v 0.0819181725 0.572920144 -0.354874343
v 0.0810287446 0.571882665 -0.357216507
v 0.0704628974 0.56959188 -0.354409337
v 0.0707769543 0.567087114 -0.353419036
v 0.0716279447 0.566049635 -0.351062685
v 0.0725173727 0.567087114 -0.348720521
v 0.0729242116 0.56959188 -0.347764611
v 0.0726101547 0.572096646 -0.348754913
v 0.0717591643 0.573134124 -0.351111263
v 0.0708697364 0.572096646 -0.353453428
v 0.0708590895 0.56959188 -0.354530275
v 0.0710819364 0.567086756 -0.353516519
v 0.0716630593 0.566049039 -0.351079583
v 0.0722620413 0.567086756 -0.348646969
v 0.0725280195 0.56959188 -0.347643673
v 0.0723051727 0.572097003 -0.348657429
v 0.0717240497 0.57313472 -0.351094365
v 0.0711250678 0.572097003 -0.35352698
v 0.0656530708 0.569639325 -0.353268623
v 0.0658759177 0.567134202 -0.352254868
v 0.0664570406 0.566096485 -0.349817932
v 0.0670560226 0.567134202 -0.347385317
v 0.0673220009 0.569639325 -0.346382022
v 0.067099154 0.572144449 -0.347395778
v 0.0665180311 0.573182166 -0.349832714
v 0.0659190491 0.572144449 -0.352265328
v 0.0654872581 0.569639325 -0.353224158
v 0.0657480434 0.567134321 -0.352219194
v 0.0664420128 0.566096663 -0.349811912
v 0.0671626478 0.567134321 -0.347412527
v 0.0674878135 0.569639325 -0.346426487
v 0.0672270283 0.57214433 -0.347431451
v 0.0665330589 0.573181987 -0.349838734
v 0.0658124238 0.57214433 -0.352238119
v 0.0603345931 0.569711268 -0.351707727
v 0.0605953783 0.567206264 -0.350702763
v 0.0612893477 0.566168606 -0.34829548
v 0.062009979 0.567206264 -0.345896095
v 0.062335141 0.569711268 -0.344910055
v 0.0620743558 0.572216272 -0.34591502
v 0.0613803864 0.57325393 -0.348322302
v 0.060659755 0.572216272 -0.350721687
v 0.0639865547 0.569711268 -0.350658596
v 0.0630682856 0.567215145 -0.3501302
v 0.0611346066 0.566181183 -0.348534882
v 0.059318237 0.567215145 -0.346807212
v 0.0586831793 0.569711268 -0.345959187
v 0.0596014448 0.572207391 -0.346487582
v 0.0615351275 0.573241353 -0.3480829
v 0.0633514971 0.572207391 -0.34981057
v 0.0532129519 0.571100831 -0.362816811
v 0.0522946864 0.568604708 -0.362288415
v 0.0503610037 0.567570746 -0.360693097
v 0.0485446341 0.568604708 -0.358965427
v 0.0479095764 0.571100831 -0.358117402
v 0.0488278419 0.573596954 -0.358645797
v 0.0507615246 0.574630916 -0.360241115
v 0.0525778942 0.573596954 -0.361968786
v 0.0490662269 0.571100831 -0.363679171
v 0.0494428016 0.568596482 -0.36270985
v 0.050474558 0.567559183 -0.360426754
v 0.051557105 0.568596482 -0.358167291
v 0.0520563014 0.571100831 -0.357255042
v 0.0516797267 0.57360518 -0.358224362
v 0.0506479703 0.574642479 -0.360507458
v 0.0495654233 0.57360518 -0.362766922
v 0.039074596 0.571398437 -0.359028637
v 0.0394511707 0.568894088 -0.358059317
v 0.0404829271 0.567856789 -0.355776221
v 0.0415654741 0.568894088 -0.353516757
v 0.0420646705 0.571398437 -0.352604508
v 0.0416880958 0.573902786 -0.353573829
v 0.0406563394 0.574940085 -0.355856925
v 0.0395737924 0.573902786 -0.358116388
v 0.0395787954 0.571398437 -0.35921815
v 0.0398374721 0.568893373 -0.35821268
v 0.0405250415 0.567855775 -0.355803579
v 0.0412387289 0.568893373 -0.353402108
v 0.0415604711 0.571398437 -0.352414995
v 0.0413017944 0.573903501 -0.353420466
v 0.040614225 0.574941099 -0.355829567
v 0.0399005376 0.573903501 -0.358231038
v 0.0344106741 0.571469009 -0.357712746
v 0.0346693508 0.568963945 -0.356707275
v 0.0353569202 0.567926347 -0.354298174
v 0.0360706076 0.568963945 -0.351896703
v 0.0363923497 0.571469009 -0.350909591
v 0.036133673 0.573974073 -0.351915061
v 0.0354461037 0.575011671 -0.354324162
v 0.0347324163 0.573974073 -0.356725633
v 0.03638741 0.574872017 -0.354311168
v 0.0363946967 0.573789537 -0.356797397
v 0.0358201899 0.571347713 -0.357827216
v 0.0350004286 0.568976939 -0.356797397
v 0.0344156139 0.568066001 -0.354311168
v 0.0344083272 0.569148481 -0.351824939
v 0.034982834 0.571590304 -0.35079512
v 0.0358025953 0.573961079 -0.351824939
v 0.0279161595 0.577326238 -0.355404556
v 0.0279234461 0.576243758 -0.357890785
v 0.0273489393 0.573801935 -0.358920604
v 0.026529178 0.57143116 -0.357890785
v 0.0259443671 0.570520222 -0.355404556
v 0.0259370804 0.571602702 -0.352918327
v 0.0265115872 0.574044526 -0.351888508
v 0.0273313485 0.5764153 -0.352918327
v 0.0260958057 0.57392323 -0.358847857
v 0.0263186637 0.571418107 -0.357834101
v 0.0268997867 0.57038039 -0.355397165
v 0.0274987631 0.571418107 -0.35296455
v 0.0277647208 0.57392323 -0.351961255
v 0.0275418628 0.576428354 -0.352975011
v 0.0269607399 0.577466071 -0.355411947
v 0.0263617635 0.576428354 -0.357844561
v 0.0208732691 0.573970795 -0.357582211
v 0.0210961271 0.571465671 -0.356568456
v 0.02167725 0.570427954 -0.35413152
v 0.0222762264 0.571465671 -0.351698905
v 0.0225421842 0.573970795 -0.35069561
v 0.0223193262 0.576475918 -0.351709366
v 0.0217382032 0.577513635 -0.354146302
v 0.0211392269 0.576475918 -0.356578916
v 0.0208732691 0.573970795 -0.357582211
v 0.0210961122 0.571465671 -0.356568456
v 0.0216772314 0.570427954 -0.35413152
v 0.0222762134 0.571465671 -0.351698905
v 0.0225421842 0.573970795 -0.35069561
v 0.0223193411 0.576475918 -0.351709366
v 0.0217382219 0.577513635 -0.354146302
v 0.0211392399 0.576475918 -0.356578916
v 0.0104281958 0.574065983 -0.355050921
v 0.0106510399 0.57156086 -0.354037166
v 0.0112321582 0.570523143 -0.35160023
v 0.0118311401 0.57156086 -0.349167615
v 0.012097111 0.574065983 -0.34816432
v 0.0118742669 0.576571107 -0.349178076
v 0.0112931486 0.577608824 -0.351615012
v 0.0106941666 0.576571107 -0.354047626
v 0.0104281958 0.574065983 -0.355050921
v 0.0106510259 0.57156086 -0.354037166
v 0.0112321386 0.570523143 -0.35160023
v 0.0118311262 0.57156086 -0.349167615
v 0.012097111 0.574065983 -0.34816432
v 0.0118742809 0.576571107 -0.349178076
v 0.0112931682 0.577608824 -0.351615012
v 0.0106941806 0.576571107 -0.354047626
v 0.00520566013 0.574113607 -0.353785276
v 0.00542848976 0.571608484 -0.352771521
v 0.00600960245 0.570570767 -0.350334585
v 0.00660859048 0.571608484 -0.34790197
v 0.00687457435 0.574113607 -0.346898675
v 0.00665174471 0.576618731 -0.347912431
v 0.00607063202 0.577656448 -0.350349367
v 0.00547164399 0.576618731 -0.352781981
v 0.00528962119 0.574113607 -0.353804529
v 0.00549327582 0.571608424 -0.352786869
v 0.00601726305 0.570570707 -0.350337029
v 0.00655463804 0.571608424 -0.347890079
v 0.00679061329 0.574113607 -0.346879423
v 0.00658695865 0.576618791 -0.347897083
v 0.00606297143 0.577656507 -0.350346923
v 0.00552559644 0.576618791 -0.352793872
v 3.85424137e-05 0.574149072 -0.352666378
v 0.00024219726 0.571643889 -0.351648718
v 0.000766184414 0.570606172 -0.349198878
v 0.00130355929 0.571643889 -0.346751928
v 0.00153953489 0.574149072 -0.345741272
v 0.00133588002 0.576654255 -0.346758932
v 0.000811892911 0.577691972 -0.349208772
v 0.000274518097 0.576654255 -0.351655722
v 5.66467716e-05 0.574149072 -0.352670252
v 0.000256152387 0.571643889 -0.351651788
v 0.000767815509 0.570606172 -0.349199355
v 0.00129191088 0.571643889 -0.346749514
v 0.00152143056 0.574149072 -0.345737398
v 0.00132192497 0.576654255 -0.346755862
v 0.000810261816 0.577691972 -0.349208295
v 0.000286166411 0.576654255 -0.351658136
v -0.0104588885 0.574214876 -0.350448519
v -0.0102593824 0.571709692 -0.349430054
v -0.00974771939 0.570671976 -0.346977621
v -0.00922362413 0.571709692 -0.344527781
v -0.00899410434 0.574214876 -0.343515664
v -0.0091936104 0.576720059 -0.344534129
v -0.00970527343 0.577757776 -0.346986562
v -0.0102293687 0.576720059 -0.349436402
v -0.00689256145 0.574214876 -0.349108458
v -0.0081889974 0.571833193 -0.349107236
v -0.0103860786 0.570846677 -0.347861171
v -0.0121967867 0.571833193 -0.346100122
v -0.0125604309 0.574214876 -0.344855726
v -0.0112639954 0.576596558 -0.344856948
v -0.00906691421 0.577583075 -0.346103013
v -0.00725620659 0.576596558 -0.347864062
v -0.0108242696 0.576352417 -0.354348511
v -0.0121207051 0.573970735 -0.354347289
v -0.0143177863 0.572984219 -0.353101224
v -0.0161284935 0.573970735 -0.351340175
v -0.0164921395 0.576352417 -0.350095779
v -0.0151957031 0.5787341 -0.350097001
v -0.0129986219 0.579720616 -0.351343066
v -0.0111879138 0.5787341 -0.353104115
v -0.0121858986 0.576352417 -0.3554447
v -0.0125036398 0.573850274 -0.354448974
v -0.0134977093 0.572813869 -0.352148831
v -0.0145857939 0.573850274 -0.349891603
v -0.0151305096 0.576352417 -0.34899959
v -0.0148127684 0.578854561 -0.349995315
v -0.0138186989 0.579890966 -0.352295458
v -0.0127306143 0.578854561 -0.354552686
v -0.0245235935 0.575676024 -0.361081481
v -0.0248413347 0.573173881 -0.360085756
v -0.0258354042 0.572137475 -0.357785612
v -0.0269234888 0.573173881 -0.355528384
v -0.0274682045 0.575676024 -0.354636371
v -0.0271504633 0.578178167 -0.355632097
v -0.0261563938 0.579214573 -0.35793224
v -0.0250683092 0.578178167 -0.360189468
v -0.0268303398 0.575676024 -0.361302227
v -0.0266074967 0.5731709 -0.360288471
v -0.0260263886 0.572133183 -0.357851535
v -0.0254274197 0.5731709 -0.355418921
v -0.0251614582 0.575676024 -0.354415625
v -0.0253843013 0.578181148 -0.355429381
v -0.0259654094 0.579218864 -0.357866317
v -0.0265643783 0.578181148 -0.360298932
v -0.0320703238 0.575723767 -0.36003238
v -0.0318474807 0.573218644 -0.359018624
v -0.0312663689 0.572180927 -0.356581688
v -0.0306674019 0.573218644 -0.354149073
v -0.0304014403 0.575723767 -0.353145778
v -0.0306242835 0.578228891 -0.354159534
v -0.0312053915 0.579266608 -0.35659647
v -0.0318043604 0.578228891 -0.359029084
v -0.0320703425 0.575723767 -0.36003238
v -0.0318474919 0.573218644 -0.359018624
v -0.0312663689 0.572180927 -0.356581688
v -0.0306673888 0.573218644 -0.354149073
v -0.0304014217 0.575723767 -0.353145778
v -0.0306242704 0.578228891 -0.354159534
v -0.0312053915 0.579266608 -0.35659647
v -0.0318043754 0.578228891 -0.359029084
v -0.042550303 0.575819254 -0.357492626
v -0.0423274525 0.57331413 -0.35647887
v -0.0417463295 0.572276413 -0.354041934
v -0.0411473475 0.57331413 -0.351609319
v -0.0408813804 0.575819254 -0.350606024
v -0.041104231 0.578324378 -0.35161978
v -0.041685354 0.579362094 -0.354056716
v -0.0422843359 0.578324378 -0.356489331
v -0.042550303 0.575819254 -0.357492626
v -0.0423274785 0.57331413 -0.35647887
v -0.0417463705 0.572276413 -0.354041934
v -0.0411473773 0.57331413 -0.351609319
v -0.0408813804 0.575819254 -0.350606024
v -0.041104205 0.578324378 -0.35161978
v -0.041685313 0.579362094 -0.354056716
v -0.0422843061 0.578324378 -0.356489331
v -0.0477902852 0.575867057 -0.356222749
v -0.0475674607 0.573361933 -0.355208993
v -0.0469863527 0.572324216 -0.352772057
v -0.0463873595 0.573361933 -0.350339442
v -0.0461213626 0.575867057 -0.349336147
v -0.0463441871 0.57837218 -0.350349903
v -0.0469252951 0.579409897 -0.352786839
v -0.0475242883 0.57837218 -0.355219454
v -0.0485368185 0.575867057 -0.355950087
v -0.0474448241 0.573462427 -0.355335057
v -0.046066381 0.572466373 -0.353222966
v -0.0452089608 0.573462427 -0.350851059
v -0.0453748293 0.575867057 -0.349608809
v -0.0464668237 0.578271687 -0.350223839
v -0.0478452668 0.57926774 -0.35233593
v -0.048702687 0.578271687 -0.354707837
v -0.0559879132 0.573433697 -0.352234721
v -0.0548959188 0.571029067 -0.351619691
v -0.0535174757 0.570033014 -0.3495076
v -0.0526600555 0.571029067 -0.347135693
v -0.052825924 0.573433697 -0.345893443
v -0.0539179184 0.575838327 -0.346508473
v -0.0552963614 0.576834381 -0.348620564
v -0.0561537817 0.575838327 -0.350992471
v -0.0534305908 0.573433697 -0.352469862
v -0.0536249839 0.570930243 -0.351446092
v -0.0542774238 0.569893301 -0.349026948
v -0.055005718 0.570930243 -0.34662959
v -0.0553832464 0.573433697 -0.345658302
v -0.0551888533 0.575937152 -0.346682072
v -0.0545364134 0.576974094 -0.349101216
v -0.0538081191 0.575937152 -0.351498574
v -0.0593786277 0.573198259 -0.354174972
v -0.0595730208 0.570694804 -0.353151202
v -0.0602254607 0.569657862 -0.350732058
v -0.0609537549 0.570694804 -0.3483347
v -0.0613312833 0.573198259 -0.347363412
v -0.0611368902 0.575701714 -0.348387182
v -0.0604844503 0.576738656 -0.350806326
v -0.0597561561 0.575701714 -0.353203684
v -0.0604053736 0.576740861 -0.350769192
v -0.0603623055 0.575703681 -0.353274286
v -0.0603149347 0.573198855 -0.354311913
v -0.0602910034 0.570693672 -0.353274286
v -0.0603045374 0.569655657 -0.350769192
v -0.0603476055 0.570692837 -0.348264098
v -0.0603949763 0.573197663 -0.347226471
v -0.0604189076 0.575702846 -0.348264098
v -0.0715330616 0.576582491 -0.350894928
v -0.0714899972 0.575545311 -0.353400022
v -0.071442619 0.573040485 -0.354437649
v -0.0714186952 0.570535302 -0.353400022
v -0.0714322254 0.569497287 -0.350894928
v -0.0714752898 0.570534468 -0.348389834
v -0.071522668 0.573039293 -0.347352207
v -0.0715465918 0.575544477 -0.348389834
v -0.0713453069 0.573039889 -0.354435235
v -0.0713436007 0.570535004 -0.353396684
v -0.0714233443 0.569497406 -0.350892633
v -0.0715378225 0.570535004 -0.348389924
v -0.07161998 0.573039889 -0.347354621
v -0.0716216862 0.575544775 -0.348393172
v -0.0715419427 0.576582372 -0.350897223
v -0.0714274645 0.575544775 -0.353399932
v -0.0769520104 0.572945893 -0.354652733
v -0.0769503042 0.570441008 -0.353614181
v -0.0770300478 0.56940341 -0.351110131
v -0.0771445259 0.570441008 -0.348607421
v -0.0772266835 0.572945893 -0.347572118
v -0.0772283897 0.575450778 -0.348610669
v -0.0771486461 0.576488376 -0.35111472
v -0.0770341679 0.575450778 -0.35361743
v -0.0765241981 0.572945893 -0.354610026
v -0.076621227 0.570441604 -0.353574544
v -0.076992467 0.569404304 -0.351096779
v -0.0774204582 0.570441604 -0.348628193
v -0.0776544958 0.572945893 -0.347614825
v -0.0775574669 0.575450182 -0.348650306
v -0.0771862268 0.576487482 -0.351128072
v -0.0767582357 0.575450182 -0.353596658
v -0.088101618 0.572620928 -0.356480718
v -0.0881986469 0.570116639 -0.355445236
v -0.088569887 0.56907934 -0.352967471
v -0.0889978781 0.570116639 -0.350498885
v -0.0892319158 0.572620928 -0.349485517
v -0.0891348869 0.575125217 -0.350520998
v -0.0887636468 0.576162517 -0.352998763
v -0.0883356556 0.575125217 -0.355467349
v -0.089501217 0.572620928 -0.356426418
v -0.0892783701 0.570115805 -0.355412662
v -0.0886972547 0.569078088 -0.352975726
v -0.0880982801 0.570115805 -0.350543112
v -0.0878323168 0.572620928 -0.349539816
v -0.0880551636 0.575126052 -0.350553572
v -0.0886362791 0.576163769 -0.352990508
v -0.0892352536 0.575126052 -0.355423123
v -0.0947543085 0.572668791 -0.355153382
v -0.0945314616 0.570163667 -0.354139626
v -0.0939503461 0.56912595 -0.35170269
v -0.0933513716 0.570163667 -0.349270076
v -0.0930854082 0.572668791 -0.34826678
v -0.0933082551 0.575173914 -0.349280536
v -0.0938893706 0.576211631 -0.351717472
v -0.0944883451 0.575173914 -0.354150087
v -0.0947986022 0.572668791 -0.355142325
v -0.09456563 0.570163667 -0.354130805
v -0.0939543769 0.56912601 -0.35170123
v -0.0933229029 0.570163667 -0.34927687
v -0.0930411145 0.572668791 -0.348277837
v -0.0932740867 0.575173914 -0.349289358
v -0.0938853398 0.576211572 -0.351718932
v -0.0945168138 0.575173914 -0.354143292
v -0.10003493 0.57272315 -0.353801697
v -0.0998019576 0.570218027 -0.352790177
v -0.0991907045 0.569180369 -0.350360602
v -0.0985592306 0.570218027 -0.347936243
v -0.0982774422 0.57272315 -0.346937209
v -0.0985104144 0.575228274 -0.34794873
v -0.0991216674 0.576265931 -0.350378305
v -0.0997531414 0.575228274 -0.352802664
v -0.100272298 0.576085746 -0.350369453
v -0.100212023 0.575012326 -0.352858901
v -0.0995332524 0.57259798 -0.353890061
v -0.0986336023 0.570256948 -0.352858901
v -0.0980400741 0.569360554 -0.350369453
v -0.0981003493 0.570433974 -0.347880006
v -0.0987791196 0.57284832 -0.346848845
v -0.0996787697 0.575189352 -0.347880006
v -0.108415775 0.573382735 -0.349401176
v -0.1083555 0.572309315 -0.351890624
v -0.10767673 0.569894969 -0.352921784
v -0.106777079 0.567553937 -0.351890624
v -0.106183551 0.566657543 -0.349401176
v -0.106243826 0.567730963 -0.346911728
v -0.106922597 0.570145309 -0.345880568
v -0.107822247 0.572486341 -0.346911728
v -0.105434366 0.570020139 -0.352413356
v -0.105852857 0.567519426 -0.351451933
v -0.107118867 0.566483557 -0.349289209
v -0.108490787 0.567519426 -0.347192079
v -0.109164961 0.570020139 -0.346388996
v -0.108746469 0.572520852 -0.347350419
v -0.107480459 0.573556721 -0.349513143
v -0.106108539 0.572520852 -0.351610273
v -0.112036631 0.569553196 -0.356501818
v -0.112455122 0.567052484 -0.355540395
v -0.113721132 0.566016614 -0.35337767
v -0.115093052 0.567052484 -0.35128054
v -0.115767226 0.569553196 -0.350477457
v -0.115348734 0.572053909 -0.35143888
v -0.114082724 0.573089778 -0.353601605
v -0.112710804 0.572053909 -0.355698735
v -0.113947995 0.573095858 -0.353489637
v -0.113943666 0.572058141 -0.35599488
v -0.113914885 0.569553018 -0.357032567
v -0.113878518 0.567048013 -0.35599488
v -0.113855861 0.566010535 -0.353489637
v -0.11386019 0.567048252 -0.350984395
v -0.113888972 0.569553375 -0.349946707
v -0.113925338 0.57205838 -0.350984395
v -0.125108868 0.572950721 -0.353448808
v -0.125104532 0.571913004 -0.355954051
v -0.125075758 0.56940788 -0.356991738
v -0.125039384 0.566902876 -0.355954051
v -0.125016719 0.565865397 -0.353448808
v -0.125021055 0.566903114 -0.350943565
v -0.125049829 0.569408238 -0.349905878
v -0.125086203 0.571913242 -0.350943565
v -0.124634407 0.569408059 -0.35696578
v -0.124699108 0.566903532 -0.355928272
v -0.124976844 0.565866172 -0.353438348
v -0.125304937 0.566903532 -0.350954533
v -0.125491172 0.569408059 -0.349931836
v -0.125426486 0.571912587 -0.350969344
v -0.125148743 0.572949946 -0.353459269
v -0.124820657 0.571912587 -0.355943084
v -0.130404547 0.569265962 -0.357668608
v -0.130469233 0.566761434 -0.3566311
v -0.130746976 0.565724075 -0.354141176
v -0.131075069 0.566761434 -0.351657361
v -0.131261304 0.569265962 -0.350634664
v -0.131196618 0.571770489 -0.351672173
v -0.130918875 0.572807848 -0.354162097
v -0.130590782 0.571770489 -0.356645912
v -0.13293229 0.569265962 -0.357005626
v -0.132406428 0.566763163 -0.356104225
v -0.13095884 0.565726459 -0.354059011
v -0.129437476 0.566763163 -0.352068067
v -0.12873356 0.569265962 -0.351297647
v -0.129259422 0.571768761 -0.352199048
v -0.130707011 0.572805464 -0.354244262
v -0.132228374 0.571768761 -0.356235206
v -0.142340466 0.569781721 -0.35008505
v -0.141814604 0.567278922 -0.349183649
v -0.140367016 0.566242218 -0.347138435
v -0.138845652 0.567278922 -0.345147491
v -0.138141736 0.569781721 -0.344377071
v -0.138667598 0.57228452 -0.345278472
v -0.140115187 0.573321223 -0.347323686
v -0.14163655 0.57228452 -0.34931463
v -0.142806202 0.57222563 -0.34723106
v -0.142681167 0.570852518 -0.349566013
v -0.141126767 0.568852127 -0.350533187
v -0.139053568 0.567396283 -0.349566013
v -0.137676001 0.567337811 -0.34723106
v -0.137801036 0.568710923 -0.344896108
v -0.139355436 0.570711315 -0.343928933
v -0.141428635 0.572167158 -0.344896108
v -0.145276308 0.569633067 -0.345838726
v -0.145151272 0.568259954 -0.348173678
v -0.143596873 0.566259563 -0.349140853
v -0.141523674 0.56480372 -0.348173678
v -0.140146106 0.564745247 -0.345838726
v -0.140271142 0.56611836 -0.343503773
v -0.141825542 0.568118751 -0.342536598
v -0.14389874 0.569574594 -0.343503773
v -0.142134234 0.567189157 -0.349334389
v -0.14223282 0.564684927 -0.348298907
v -0.142611623 0.563647628 -0.345822304
v -0.143048778 0.564684927 -0.343355298
v -0.14328818 0.567189157 -0.342343062
v -0.143189594 0.569693387 -0.343378544
v -0.142810792 0.570730686 -0.345855147
v -0.142373636 0.569693387 -0.348322153
v -0.153828904 0.566851377 -0.351264626
v -0.15392749 0.564347148 -0.350229144
v -0.154306293 0.563309848 -0.347752541
v -0.154743448 0.564347148 -0.345285535
v -0.15498285 0.566851377 -0.344273299
v -0.154884264 0.569355607 -0.345308781
v -0.154505461 0.570392907 -0.347785383
v -0.154068306 0.569355607 -0.35025239
v -0.154887795 0.566851377 -0.351278991
v -0.154744953 0.564346135 -0.350251168
v -0.154403508 0.563308418 -0.34776929
v -0.154063433 0.564346135 -0.345287234
v -0.153923959 0.566851377 -0.344258934
v -0.154066801 0.56935662 -0.345286757
v -0.154408246 0.570394337 -0.347768635
v -0.154748321 0.56935662 -0.350250691
v -0.160295591 0.566847682 -0.350536525
v -0.160152748 0.564342439 -0.349508703
v -0.159811303 0.563304722 -0.347026825
v -0.159471229 0.564342439 -0.344544768
v -0.159331754 0.566847682 -0.343516469
v -0.159474596 0.569352925 -0.344544291
v -0.159816042 0.570390642 -0.347026169
v -0.160156116 0.569352925 -0.349508226
v -0.162148625 0.566847682 -0.349691182
v -0.16101855 0.564413667 -0.349301696
v -0.159182668 0.563405514 -0.34757942
v -0.157716423 0.564413667 -0.345533252
v -0.15747872 0.566847682 -0.344361812
v -0.158608794 0.569281697 -0.344751298
v -0.160444677 0.57028985 -0.346473575
v -0.161910921 0.569281697 -0.348519742
v -0.169005409 0.564625621 -0.343682885
v -0.167875335 0.562191606 -0.343293399
v -0.166039452 0.561183453 -0.341571122
v -0.164573207 0.562191606 -0.339524955
v -0.164335504 0.564625621 -0.338353515
v -0.165465578 0.567059636 -0.338743001
v -0.167301461 0.568067789 -0.340465277
v -0.168767706 0.567059636 -0.342511445
v -0.16573976 0.564625621 -0.344436735
v -0.165920988 0.562122166 -0.343410581
v -0.166541249 0.561085165 -0.340983033
v -0.167237192 0.562122166 -0.338576049
v -0.167601153 0.564625621 -0.337599665
v -0.167419925 0.567129076 -0.338625818
v -0.166799664 0.568166077 -0.341053367
v -0.166103721 0.567129076 -0.343460351
v -0.171780646 0.564388812 -0.346081376
v -0.171961874 0.561885357 -0.345055223
v -0.172582135 0.560848355 -0.342627674
v -0.173278078 0.561885357 -0.34022069
v -0.173642039 0.564388812 -0.339244306
v -0.173460811 0.566892266 -0.34027046
v -0.172840551 0.567929268 -0.342698008
v -0.172144607 0.566892266 -0.345104992
v -0.172909409 0.564388812 -0.346200258
v -0.172830477 0.561883628 -0.345165342
v -0.172681749 0.560845971 -0.34266451
v -0.172550365 0.561883628 -0.340162694
v -0.172513276 0.564388812 -0.339125425
v -0.172592208 0.566893995 -0.34016034
v -0.172740936 0.567931652 -0.342661172
v -0.17287232 0.566893995 -0.345162988
v -0.183964282 0.564296186 -0.345581263
v -0.183885351 0.561791003 -0.344546348
v -0.183736622 0.560753345 -0.342045516
v -0.183605239 0.561791003 -0.3395437
v -0.18356815 0.564296186 -0.33850643
v -0.183647081 0.566801369 -0.339541346
v -0.18379581 0.567839026 -0.342042178
v -0.183927193 0.566801369 -0.344543993
v -0.183766216 0.567772567 -0.341360211
v -0.186269745 0.566772282 -0.341651499
v -0.187306747 0.564321518 -0.342172623
v -0.186269745 0.561855912 -0.342618287
v -0.183766216 0.560819805 -0.342727482
v -0.181262687 0.56182009 -0.342436194
v -0.180225685 0.564270854 -0.341915071
v -0.181262687 0.56673646 -0.341469407
v -0.184116378 0.565949678 -0.332090586
v -0.186619908 0.564949393 -0.332381874
v -0.187656909 0.562498629 -0.332902998
v -0.186619908 0.560033023 -0.333348662
v -0.184116378 0.558996916 -0.333457857
v -0.181612849 0.559997201 -0.333166569
v -0.180575848 0.562447965 -0.332645446
v -0.181612849 0.564913571 -0.332199782
v -0.184950829 0.562473297 -0.336217523
v -0.184727982 0.559968174 -0.335203767
v -0.184146866 0.558930457 -0.332766831
v -0.183547884 0.559968174 -0.330334216
v -0.183281928 0.562473297 -0.329330921
v -0.183504775 0.564978421 -0.330344677
v -0.184085891 0.566016138 -0.332781613
v -0.184684873 0.564978421 -0.335214227
v -0.195470363 0.562569141 -0.333668202
v -0.195247516 0.560064018 -0.332654446
v -0.194666401 0.559026301 -0.33021751
v -0.194067419 0.560064018 -0.327784896
v -0.193801463 0.562569141 -0.326781601
v -0.19402431 0.565074265 -0.327795357
v -0.194605425 0.566111982 -0.330232292
v -0.195204407 0.565074265 -0.332664907
v 0.121242493 0.681425214 0.878320754
v 0.121743806 0.678922176 0.879235446
v 0.123128198 0.677885413 0.881323934
v 0.124584697 0.678922176 0.88336271
v 0.125260115 0.681425214 0.884157598
v 0.124758802 0.683928251 0.883242905
v 0.12337441 0.684965014 0.881154418
v 0.121917911 0.683928251 0.879115641
v 0.117908522 0.6815961 0.880615592
v 0.118409835 0.679093063 0.881530285
v 0.119794227 0.6780563 0.883618772
v 0.121250726 0.679093063 0.885657549
v 0.121926144 0.6815961 0.886452436
v 0.121424831 0.684099138 0.885537744
v 0.120040439 0.685135901 0.883449256
v 0.11858394 0.684099138 0.88141048
v 0.11844939 0.6815961 0.880309463
v 0.118818693 0.679091752 0.881281495
v 0.119831569 0.678054392 0.883573055
v 0.120894685 0.679091752 0.885841727
v 0.121385276 0.6815961 0.886758566
v 0.121015973 0.684100449 0.885786533
v 0.120003097 0.685137808 0.883494973
v 0.118939981 0.684100449 0.881226301
v 0.111405097 0.681802034 0.883516312
v 0.1117744 0.679297686 0.884488344
v 0.112787277 0.678260326 0.886779904
v 0.113850392 0.679297686 0.889048576
v 0.114340983 0.681802034 0.889965415
v 0.11397168 0.684306383 0.888993382
v 0.112958804 0.685343742 0.886701822
v 0.111895688 0.684306383 0.88443315
v 0.111677736 0.681802034 0.883405626
v 0.111983262 0.679297209 0.88439846
v 0.112810008 0.67825973 0.886763453
v 0.11367368 0.679297209 0.889115214
v 0.114068344 0.681802034 0.890076101
v 0.113762818 0.68430686 0.889083266
v 0.112936072 0.685344338 0.886718273
v 0.112072401 0.68430686 0.884366512
v 0.108070888 0.681874454 0.884698272
v 0.108376414 0.679369628 0.885691106
v 0.10920316 0.67833215 0.888056099
v 0.110066831 0.679369628 0.89040786
v 0.110461496 0.681874454 0.891368747
v 0.11015597 0.68437928 0.890375912
v 0.109329224 0.685416758 0.888010919
v 0.108465552 0.68437928 0.885659158
v 0.107953876 0.681874454 0.884742558
v 0.108286634 0.679369807 0.885727048
v 0.109193198 0.678332388 0.888062596
v 0.110142529 0.679369807 0.890381157
v 0.110578507 0.681874454 0.891324461
v 0.110245749 0.684379101 0.890339971
v 0.109339185 0.68541652 0.888004422
v 0.108389854 0.684379101 0.885685861
v 0.104385056 0.681959689 0.886165679
v 0.104717813 0.679455042 0.887150168
v 0.105624378 0.678417623 0.889485717
v 0.106573708 0.679455042 0.891804278
v 0.107009687 0.681959689 0.892747581
v 0.106676929 0.684464335 0.891763091
v 0.105770364 0.685501754 0.889427543
v 0.104821034 0.684464335 0.887108982
v 0.104267374 0.681959689 0.886215091
v 0.104627706 0.67945528 0.887190342
v 0.105614632 0.678417861 0.889493108
v 0.106650032 0.67945528 0.891774535
v 0.107127368 0.681959689 0.892698169
v 0.106767036 0.684464097 0.891722918
v 0.10578011 0.685501516 0.889420152
v 0.10474471 0.684464097 0.887138724
v 0.097210288 0.682156622 0.889328301
v 0.0975706205 0.679652214 0.890303552
v 0.0985575467 0.678614795 0.892606318
v 0.0995929465 0.679652214 0.894887745
v 0.100070283 0.682156622 0.895811379
v 0.0997099504 0.684661031 0.894836128
v 0.0987230241 0.68569845 0.892533362
v 0.0976876244 0.684661031 0.890251935
v 0.0968767628 0.682156622 0.889496982
v 0.0973171294 0.679652929 0.890440702
v 0.0985325798 0.678615868 0.89263165
v 0.0998111218 0.679652929 0.894786417
v 0.100403808 0.682156622 0.895642698
v 0.0999634415 0.684660316 0.894698977
v 0.098747991 0.685697377 0.89250803
v 0.097469449 0.684660316 0.890353262
v 0.0934660286 0.682294548 0.891454399
v 0.0939063951 0.679790854 0.892398119
v 0.0951218456 0.678753793 0.894589067
v 0.0964003876 0.679790854 0.896743834
v 0.0969930738 0.682294548 0.897600114
v 0.0965527073 0.684798241 0.896656394
v 0.0953372568 0.685835302 0.894465446
v 0.0940587148 0.684798241 0.892310679
v 0.0924029574 0.682294548 0.892391145
v 0.0931297615 0.679794908 0.893150568
v 0.0950865969 0.678759515 0.894716442
v 0.0971271694 0.679794908 0.896171451
v 0.098056145 0.682294548 0.896663368
v 0.0973293409 0.684794188 0.895903945
v 0.0953725055 0.68582958 0.894338071
v 0.093331933 0.684794188 0.892883062
v 0.0866588652 0.682933569 0.899991989
v 0.0873856694 0.680433929 0.900751412
v 0.0893425047 0.679398537 0.902317286
v 0.0913830772 0.680433929 0.903772295
v 0.0923120528 0.682933569 0.904264212
v 0.0915852487 0.685433209 0.903504789
v 0.0896284133 0.686468601 0.901938915
v 0.0875878409 0.685433209 0.900483906
v 0.0861780494 0.682933569 0.900857806
v 0.0870722309 0.680436969 0.901423931
v 0.0893800482 0.679402828 0.90240258
v 0.0917496085 0.680436969 0.903220415
v 0.0927928686 0.682933569 0.903398395
v 0.0918986872 0.685430169 0.90283227
v 0.0895908698 0.68646431 0.901853621
v 0.0872213095 0.685430169 0.901035786
v 0.0839219838 0.683457553 0.906731904
v 0.0848161653 0.680960953 0.907298028
v 0.0871239826 0.679926813 0.908276677
v 0.0894935429 0.680960953 0.909094512
v 0.090536803 0.683457553 0.909272492
v 0.0896426216 0.685954154 0.908706367
v 0.0873348042 0.686988294 0.907727718
v 0.0849652439 0.685954154 0.906909883
v 0.0838450342 0.683457553 0.90695399
v 0.0847726464 0.680961549 0.907466531
v 0.0871393904 0.679927707 0.90829283
v 0.0895588547 0.680961549 0.908948839
v 0.0906137526 0.683457553 0.909050405
v 0.0896861404 0.685953557 0.908537865
v 0.0873193964 0.6869874 0.907711565
v 0.0848999321 0.685953557 0.907055557
v 0.0818081796 0.684050918 0.913530529
v 0.0827357918 0.681554914 0.914043069
v 0.0851025358 0.680521071 0.914869368
v 0.0875220001 0.681554914 0.915525377
v 0.088576898 0.684050918 0.915626943
v 0.0876492858 0.686546922 0.915114403
v 0.0852825418 0.687580764 0.914288104
v 0.0828630775 0.686546922 0.913632095
v 0.073570177 0.684231639 0.894527435
v 0.0737930164 0.681726515 0.895541191
v 0.0743741244 0.680688798 0.897978127
v 0.0749731064 0.681726515 0.900410712
v 0.0752390772 0.684231639 0.901414037
v 0.0750162378 0.686736763 0.900400281
v 0.0744351298 0.687774479 0.897963345
v 0.0738361478 0.686736763 0.89553076
v 0.0661414042 0.68429935 0.896327734
v 0.0663642436 0.681794226 0.89734149
v 0.0669453517 0.680756509 0.899778426
v 0.0675443336 0.681794226 0.90221101
v 0.0678103045 0.68429935 0.903214335
v 0.067587465 0.686804473 0.90220058
v 0.067006357 0.68784219 0.899763644
v 0.066407375 0.686804473 0.897331059
v -0.467894018 0.511309028 -0.900714815
v -0.470174849 0.511629343 -0.899283588
v -0.471119583 0.513513982 -0.89757812
v -0.470174849 0.515858889 -0.896597326
v -0.467894018 0.517290473 -0.896915853
v -0.465613186 0.516970158 -0.89834708
v -0.464668453 0.515085518 -0.900052547
v -0.465613186 0.512740612 -0.901033342
v -0.474663317 0.51929599 -0.913290322
v -0.476944149 0.519616306 -0.911859095
v -0.477888882 0.521500945 -0.910153627
v -0.476944149 0.523845851 -0.909172833
v -0.474663317 0.525277436 -0.90949136
v -0.472382486 0.52495712 -0.910922587
v -0.471437752 0.523072481 -0.912628055
v -0.472382486 0.520727575 -0.913608849
v -0.472135246 0.524768949 -0.911390841
v -0.473062515 0.524232149 -0.913881838
v -0.474927515 0.522555768 -0.914913654
v -0.476637751 0.520721793 -0.913881838
v -0.477191389 0.519804478 -0.911390841
v -0.476264119 0.520341277 -0.908899844
v -0.47439912 0.522017658 -0.907868028
v -0.472688884 0.523851633 -0.908899844
v -0.475161463 0.527851045 -0.910928488
v -0.476088732 0.527314246 -0.913419485
v -0.477953732 0.525637865 -0.914451301
v -0.479663968 0.52380389 -0.913419485
v -0.480217606 0.522886574 -0.910928488
v -0.479290336 0.523423374 -0.90843749
v -0.477425337 0.525099754 -0.907405674
v -0.475715101 0.52693373 -0.90843749
v -0.475180477 0.527870238 -0.910928488
v -0.476055205 0.527277887 -0.913425922
v -0.477887332 0.525567234 -0.914460361
v -0.479603589 0.523740351 -0.913425922
v -0.480198592 0.522867382 -0.910928488
v -0.479323864 0.523459733 -0.908431053
v -0.477491736 0.525170386 -0.907396615
v -0.47577548 0.526997268 -0.908431053
v -0.481302172 0.534010649 -0.91024071
v -0.4821769 0.533418298 -0.912738144
v -0.484009027 0.531707644 -0.913772583
v -0.485725284 0.529880762 -0.912738144
v -0.486320287 0.529007792 -0.91024071
v -0.485445559 0.529600143 -0.907743275
v -0.483613431 0.531310797 -0.906708837
v -0.481897175 0.533137679 -0.907743275
v -0.483811229 0.528429985 -0.911993086
v -0.486095816 0.528823376 -0.910586298
v -0.487042099 0.530790091 -0.908977032
v -0.486095816 0.533178031 -0.908108056
v -0.483811229 0.534588456 -0.908488333
v -0.481526643 0.534195065 -0.909895122
v -0.48058036 0.532228351 -0.911504388
v -0.481526643 0.52984041 -0.912373364
v -0.491023332 0.536356747 -0.925921619
v -0.493307918 0.536750138 -0.92451483
v -0.494254202 0.538716853 -0.922905564
v -0.493307918 0.541104794 -0.922036588
v -0.491023332 0.542515218 -0.922416866
v -0.488738745 0.542121828 -0.923823655
v -0.487792462 0.540155113 -0.92543292
v -0.488738745 0.537767172 -0.926301897
v -0.488569349 0.541991472 -0.924169242
v -0.489288121 0.541243017 -0.926674485
v -0.491023332 0.539435983 -0.927712202
v -0.492758542 0.537628949 -0.926674485
v -0.493477315 0.536880493 -0.924169242
v -0.492758542 0.537628949 -0.921664
v -0.491023332 0.539435983 -0.920626283
v -0.489288121 0.541243017 -0.921664
v -0.49491322 0.548083305 -0.924169242
v -0.495631993 0.54733485 -0.926674485
v -0.497367203 0.545527816 -0.927712202
v -0.499102414 0.543720782 -0.926674485
v -0.499821186 0.542972326 -0.924169242
v -0.499102414 0.543720782 -0.921664
v -0.497367203 0.545527816 -0.920626283
v -0.495631993 0.54733485 -0.921664
v -0.494911164 0.548081338 -0.924169242
v -0.495635837 0.547338545 -0.926674485
v -0.497374713 0.545535028 -0.927712202
v -0.499109179 0.543727279 -0.926674485
v -0.499823242 0.542974293 -0.924169242
v -0.499098569 0.543717086 -0.921664
v -0.497359693 0.545520604 -0.920626283
v -0.495625228 0.547328353 -0.921664
v -0.501247227 0.554175436 -0.924143434
v -0.501971841 0.553432643 -0.926648676
v -0.503710747 0.551629126 -0.927686393
v -0.505445182 0.549821377 -0.926648676
v -0.506159246 0.549068391 -0.924143434
v -0.505434632 0.549811184 -0.921638191
v -0.503695726 0.551614702 -0.920600474
v -0.501961291 0.553422451 -0.921638191
v -0.503703237 0.554891586 -0.925507963
v -0.50620681 0.553898931 -0.925192118
v -0.507243872 0.551572442 -0.924261987
v -0.50620681 0.549274921 -0.923262417
v -0.503703237 0.548352242 -0.922778904
v -0.501199663 0.549344897 -0.923094749
v -0.500162601 0.551671386 -0.92402488
v -0.501199663 0.553968906 -0.92502445
v -0.504428208 0.56258601 -0.907070637
v -0.506931782 0.561593354 -0.906754792
v -0.507968843 0.559266865 -0.905824661
v -0.506931782 0.556969345 -0.904825091
v -0.504428208 0.556046665 -0.904341578
v -0.501924634 0.55703932 -0.904657423
v -0.500887573 0.559365809 -0.905587554
v -0.501924634 0.56166333 -0.906587124
v -0.501974225 0.561871827 -0.905706108
v -0.502692997 0.561123371 -0.90821135
v -0.504428208 0.559316337 -0.909249067
v -0.506163418 0.557509303 -0.90821135
v -0.506882191 0.556760848 -0.905706108
v -0.506163418 0.557509303 -0.903200865
v -0.504428208 0.559316337 -0.902163148
v -0.502692997 0.561123371 -0.903200865
v -0.508293331 0.567939878 -0.905706108
v -0.509012103 0.567191422 -0.90821135
v -0.510747313 0.565384388 -0.909249067
v -0.512482524 0.563577354 -0.90821135
v -0.513201296 0.562828898 -0.905706108
v -0.512482524 0.563577354 -0.903200865
v -0.510747313 0.565384388 -0.902163148
v -0.509012103 0.567191422 -0.903200865
v -0.508593917 0.568197846 -0.905706108
v -0.508473575 0.566798925 -0.90802598
v -0.509685218 0.56457144 -0.908986926
v -0.511518955 0.562820137 -0.90802598
v -0.51290071 0.56257093 -0.905706108
v -0.513021052 0.563969851 -0.903386235
v -0.511809409 0.566197336 -0.902425289
v -0.509975672 0.567948639 -0.903386235
v -0.516097307 0.573940933 -0.909558296
v -0.515976965 0.572542012 -0.911878169
v -0.517188609 0.570314527 -0.912839115
v -0.519022346 0.568563223 -0.911878169
v -0.5204041 0.568314016 -0.909558296
v -0.520524442 0.569712937 -0.907238424
v -0.519312799 0.571940422 -0.906277478
v -0.517479062 0.573691726 -0.907238424
v -0.517205715 0.574512839 -0.909558296
v -0.51752013 0.573523879 -0.912063539
v -0.518262565 0.57113111 -0.913101256
v -0.518998027 0.568736255 -0.912063539
v -0.519295692 0.567742109 -0.909558296
v -0.518981278 0.56873107 -0.907053053
v -0.518238842 0.571123838 -0.906015337
v -0.517503381 0.573518693 -0.907053053
v -0.526834071 0.577484965 -0.90952301
v -0.527148485 0.576496005 -0.912028253
v -0.527890921 0.574103236 -0.91306597
v -0.528626382 0.571708381 -0.912028253
v -0.528924048 0.570714235 -0.90952301
v -0.528609633 0.571703196 -0.907017767
v -0.527867198 0.574095964 -0.905980051
v -0.527131736 0.576490819 -0.907017767
v -0.525426507 0.576656461 -0.90952301
v -0.526141167 0.575904071 -0.912028253
v -0.527873814 0.574094594 -0.91306597
v -0.529609561 0.572288036 -0.912028253
v -0.530331612 0.57154274 -0.90952301
v -0.529616952 0.572295129 -0.907017767
v -0.527884305 0.574104607 -0.905980051
v -0.526148558 0.575911164 -0.907017767
v -0.531758308 0.582729816 -0.909540951
v -0.532472968 0.581977427 -0.912046194
v -0.534205616 0.580167949 -0.913083911
v -0.535941362 0.578361392 -0.912046194
v -0.536663413 0.577616096 -0.909540951
v -0.535948753 0.578368485 -0.907035708
v -0.534216106 0.580177963 -0.905997992
v -0.532480359 0.58198452 -0.907035708
v -0.536346257 0.580172956 -0.912368059
v -0.535800159 0.57766968 -0.911480069
v -0.534323096 0.576632798 -0.909456193
v -0.53278023 0.57766968 -0.907481909
v -0.532075465 0.580172956 -0.906713843
v -0.532621562 0.582676232 -0.907601833
v -0.534098625 0.583713114 -0.909625709
v -0.535641491 0.582676232 -0.911599994
v -0.54159224 0.580434144 -0.908405602
v -0.541046143 0.577930868 -0.907517612
v -0.53956908 0.576893985 -0.905493736
v -0.538026214 0.577930868 -0.903519452
v -0.537321448 0.580434144 -0.902751386
v -0.537867546 0.582937419 -0.903639376
v -0.539344609 0.583974302 -0.905663252
v -0.540887475 0.582937419 -0.907637537
v -0.539456844 0.583781362 -0.904417217
v -0.541938186 0.582914114 -0.905083358
v -0.542966008 0.580594122 -0.906039596
v -0.541938186 0.578180373 -0.906725645
v -0.539456844 0.577086926 -0.906739771
v -0.536975503 0.577954173 -0.90607363
v -0.53594768 0.580274165 -0.905117393
v -0.536975503 0.582687914 -0.904431343
v -0.541578114 0.578781962 -0.8900069
v -0.544059455 0.577914715 -0.890673041
v -0.545087278 0.575594723 -0.891629279
v -0.544059455 0.573180974 -0.892315328
v -0.541578114 0.572087526 -0.892329454
v -0.539096773 0.572954774 -0.891663313
v -0.53806895 0.575274765 -0.890707076
v -0.539096773 0.577688515 -0.890021026
v -0.54014051 0.575434744 -0.894406378
v -0.539926946 0.573027611 -0.893176198
v -0.540680647 0.572030604 -0.89076972
v -0.541960061 0.573027611 -0.888596714
v -0.543015718 0.575434744 -0.887929976
v -0.543229282 0.577841878 -0.889160156
v -0.542475581 0.578838885 -0.891566634
v -0.541196167 0.577841878 -0.893739641
v -0.551519573 0.571843445 -0.89945817
v -0.551306009 0.569436312 -0.89822799
v -0.55205971 0.568439305 -0.895821512
v -0.553339124 0.569436312 -0.893648505
v -0.554394782 0.571843445 -0.892981768
v -0.554608345 0.574250579 -0.894211948
v -0.553854644 0.575247586 -0.896618426
v -0.552575231 0.574250579 -0.898791432
v -0.554065228 0.575208664 -0.896219969
v -0.554449558 0.57398963 -0.898611486
v -0.553959727 0.571513355 -0.899602056
v -0.552882552 0.569230437 -0.898611486
v -0.551849127 0.568478227 -0.896219969
v -0.551464796 0.569697261 -0.893828452
v -0.551954627 0.572173536 -0.892837882
v -0.553031802 0.574456453 -0.893828452
v -0.562944949 0.572284877 -0.893302441
v -0.563329279 0.571065843 -0.895693958
v -0.562839448 0.568589568 -0.896684527
v -0.561762273 0.566306651 -0.895693958
v -0.560728848 0.56555444 -0.893302441
v -0.560344517 0.566773474 -0.890910923
v -0.560834348 0.569249749 -0.889920354
v -0.561911523 0.571532667 -0.890910923
v -0.564392388 0.571373641 -0.893302441
v -0.564221859 0.570053041 -0.895664632
v -0.562654197 0.568068504 -0.896643102
v -0.560607791 0.56658262 -0.895664632
v -0.559281409 0.566465676 -0.893302441
v -0.559451938 0.567786276 -0.890940249
v -0.561019599 0.569770813 -0.889961779
v -0.563066006 0.571256697 -0.890940249
v -0.567252696 0.568394959 -0.891843736
v -0.567082167 0.567074358 -0.894205928
v -0.565514505 0.565089822 -0.895184398
v -0.563468099 0.563603938 -0.894205928
v -0.562141716 0.563486993 -0.891843736
v -0.562312245 0.564807594 -0.889481544
v -0.563879907 0.56679213 -0.888503075
v -0.565926313 0.568278015 -0.889481544
v -0.56731689 0.568326294 -0.891843736
v -0.567332864 0.566767454 -0.894062459
v -0.565804899 0.564724445 -0.894981503
v -0.563628078 0.56339407 -0.894062459
v -0.562077522 0.563555658 -0.891843736
v -0.562061548 0.565114498 -0.889625013
v -0.563589513 0.567157507 -0.888705969
v -0.565766335 0.568487883 -0.889625013
v -0.572643697 0.562476158 -0.887695074
v -0.572659671 0.560917318 -0.889913797
v -0.571131706 0.558874309 -0.890832841
v -0.568954885 0.557543933 -0.889913797
v -0.56740433 0.557705522 -0.887695074
v -0.567388356 0.559264362 -0.885476351
v -0.568916321 0.561307371 -0.884557307
v -0.571093142 0.562637746 -0.885476351
v -0.570024014 0.56297034 -0.885630846
v -0.572317123 0.562714756 -0.887055397
v -0.573266983 0.560922146 -0.888854682
v -0.572317123 0.558642566 -0.889974713
v -0.570024014 0.557211339 -0.889759302
v -0.567730904 0.557466924 -0.888334751
v -0.566781044 0.559259534 -0.886535466
v -0.567730904 0.561539114 -0.885415435
v -0.574201047 0.55743885 -0.877914846
v -0.576494157 0.557183266 -0.879339397
v -0.577444017 0.555390656 -0.881138682
v -0.576494157 0.553111076 -0.882258713
v -0.574201047 0.55167985 -0.882043302
v -0.571907938 0.551935434 -0.880618751
v -0.570958078 0.553728044 -0.878819466
v -0.571907938 0.556007624 -0.877699435
v -0.571857452 0.55455935 -0.88263613
v -0.57162571 0.552373648 -0.881048024
v -0.57290256 0.551468253 -0.878833771
v -0.574940085 0.552373648 -0.877290368
v -0.576544642 0.55455935 -0.877322018
v -0.576776385 0.556745052 -0.878910124
v -0.575499535 0.557650447 -0.881124377
v -0.573462009 0.556745052 -0.88266778
v -0.581159234 0.547611892 -0.89084059
v -0.580927491 0.54542619 -0.889252484
v -0.582204342 0.544520795 -0.887038231
v -0.584241867 0.54542619 -0.885494828
v -0.585846424 0.547611892 -0.885526478
v -0.586078167 0.549797595 -0.887114584
v -0.584801316 0.550702989 -0.889328837
v -0.582763791 0.549797595 -0.89087224
v -0.583502829 0.550286412 -0.885859847
v -0.586006939 0.549552858 -0.886597753
v -0.587044179 0.547682345 -0.888264596
v -0.586006939 0.545770526 -0.889883995
v -0.583502829 0.544937372 -0.890507221
v -0.580998719 0.545670927 -0.889769316
v -0.579961479 0.54754144 -0.888102472
v -0.580998719 0.549453259 -0.886483073
v -0.583890498 0.54190284 -0.87621069
v -0.586394608 0.541169286 -0.876948595
v -0.587431848 0.539298773 -0.878615439
v -0.586394608 0.537386954 -0.880234838
v -0.583890498 0.5365538 -0.880858064
v -0.581386387 0.537287354 -0.880120158
v -0.580349147 0.539157867 -0.878453314
v -0.581386387 0.541069686 -0.876833916
v -0.587070882 0.540789664 -0.878534377
v -0.585775495 0.541073501 -0.880899668
v -0.583375931 0.540276527 -0.881879389
v -0.581277788 0.538865507 -0.880899668
v -0.580710113 0.537666976 -0.878534377
v -0.582005501 0.537383139 -0.876169086
v -0.584405065 0.538180113 -0.875189364
v -0.586503208 0.539591134 -0.876169086
v -0.591789246 0.531178415 -0.882272005
v -0.590493858 0.531462252 -0.884637296
v -0.588094294 0.530665278 -0.885617018
v -0.585996151 0.529254258 -0.884637296
v -0.585428476 0.528055727 -0.882272005
v -0.586723864 0.52777189 -0.879906714
v -0.589123428 0.528568864 -0.878926992
v -0.591221571 0.529979885 -0.879906714
v -0.588608861 0.527566195 -0.879382968
v -0.591060996 0.528585315 -0.879932106
v -0.592076719 0.530208826 -0.881851912
v -0.591060996 0.531485736 -0.884017766
v -0.588608861 0.531667948 -0.885161042
v -0.586156726 0.530648828 -0.884611905
v -0.585141003 0.529025316 -0.882692099
v -0.586156726 0.527748406 -0.880526245
v -0.590303421 0.52096343 -0.884070218
v -0.592755556 0.521982551 -0.884619355
v -0.593771279 0.523606062 -0.886539161
v -0.592755556 0.524882972 -0.888705015
v -0.590303421 0.525065184 -0.889848292
v -0.587851286 0.524046063 -0.889299154
v -0.586835563 0.522422552 -0.887379348
v -0.587851286 0.521145642 -0.885213494
v -0.592520356 0.525777936 -0.886959255
v -0.590999722 0.525667429 -0.889201701
v -0.589071214 0.524002731 -0.890130579
v -0.587864518 0.521759033 -0.889201701
v -0.588086486 0.520250678 -0.886959255
v -0.58960712 0.520361185 -0.884716809
v -0.591535628 0.522025883 -0.88378793
v -0.592742324 0.524269581 -0.884716809
v -0.600963354 0.51900512 -0.892350674
v -0.59944272 0.518894613 -0.89459312
v -0.597514212 0.517229915 -0.895521998
v -0.596307516 0.514986217 -0.89459312
v -0.596529484 0.513477862 -0.892350674
v -0.598050117 0.513588369 -0.890108228
v -0.599978626 0.515253067 -0.889179349
v -0.601185322 0.517496765 -0.890108228
v 0.00732340803 0.700028896 0.996107519
v 0.00829779729 0.697533071 0.996525407
v 0.0107359765 0.696499288 0.997108221
v 0.0132096931 0.697533071 0.997514546
v 0.0142698772 0.700028896 0.99750644
v 0.0132954884 0.702524722 0.997088552
v 0.0108573092 0.703558505 0.996505737
v 0.00838359259 0.702524722 0.996099412
v 0.00584283331 0.700681865 1.00345981
v 0.00681722257 0.69818604 1.00387764
v 0.00925540179 0.697152257 1.00446045
v 0.0117291184 0.69818604 1.00486684
v 0.0127893025 0.700681865 1.00485861
v 0.0118149137 0.703177691 1.00444078
v 0.0093767345 0.704211473 1.00385797
v 0.00690301787 0.703177691 1.00345159
v 0.0104698101 0.704031706 1.00415921
v 0.0096932482 0.703201652 1.0016973
v 0.00869573839 0.700895488 1.00067759
v 0.00806161016 0.698464215 1.0016973
v 0.00816232618 0.697332025 1.00415921
v 0.00893888809 0.698162079 1.00662112
v 0.0099363979 0.700468242 1.00764084
v 0.0105705261 0.702899516 1.00662112
v 0.0050430079 0.705900788 1.0052408
v 0.00426644552 0.705070734 1.00277889
v 0.00326893618 0.702764571 1.00175917
v 0.00263480749 0.700333297 1.00277889
v 0.00273552327 0.699201107 1.0052408
v 0.00351208565 0.700031161 1.00770271
v 0.00450959476 0.702337325 1.00872242
v 0.00514372345 0.704768598 1.00770271
v 0.00115558016 0.702550948 1.00298703
v 0.00185784488 0.700050473 1.00376654
v 0.00375008816 0.699014723 1.0054096
v 0.00572385965 0.700050473 1.00695384
v 0.00662295055 0.702550948 1.00749457
v 0.00592068629 0.705051422 1.00671506
v 0.00402844278 0.706087172 1.005072
v 0.00205467129 0.705051422 1.00352776
v -0.00161930954 0.702820837 1.00635278
v -0.000917044876 0.700320363 1.00713229
v 0.000975198462 0.699284613 1.00877535
v 0.00294897007 0.700320363 1.01031959
v 0.00384806097 0.702820837 1.01086032
v 0.00314579648 0.705321312 1.01008081
v 0.00125355308 0.706357062 1.00843775
v -0.000720218464 0.705321312 1.00689352
v -0.00105515937 0.702820837 1.00580549
v 8.74380275e-05 0.700399101 1.0062331
v 0.00183160161 0.699396014 1.00805104
v 0.00315562403 0.700399101 1.0101943
v 0.00328391092 0.702820837 1.01140761
v 0.00214131363 0.705242574 1.01098001
v 0.00039714991 0.706245661 1.00916207
v -0.000926872483 0.705242574 1.0070188
v -0.00573716825 0.701252103 1.00943196
v -0.00459457096 0.698830366 1.00985956
v -0.00285040727 0.69782728 1.0116775
v -0.00152638496 0.698830366 1.01382077
v -0.00139809807 0.701252103 1.01503408
v -0.00254069548 0.70367384 1.01460648
v -0.00428485917 0.704676926 1.01278853
v -0.00560888136 0.70367384 1.01064527
v -0.00676254183 0.701252103 1.01070166
v -0.0056638536 0.698775351 1.01081026
v -0.00333722751 0.697749496 1.01175237
v -0.00114557019 0.698775351 1.01297593
v -0.000372724462 0.701252103 1.01376438
v -0.00147141295 0.703728855 1.01365578
v -0.00379803893 0.70475471 1.01271367
v -0.00598969636 0.703728855 1.01149011
v -0.0102248937 0.700033009 1.01792514
v -0.009126205 0.697556257 1.01803374
v -0.0067995796 0.696530402 1.01897585
v -0.00460792193 0.697556257 1.02019942
v -0.00383507623 0.700033009 1.02098787
v -0.00493376469 0.702509761 1.02087927
v -0.00726039056 0.703535616 1.01993716
v -0.00945204776 0.702509761 1.01871359
v -0.00441780034 0.700033009 1.0170629
v -0.00505331811 0.697535098 1.01790547
v -0.00684674038 0.696500421 1.01965654
v -0.00874750502 0.697535098 1.02129042
v -0.00964216981 0.700033009 1.02185011
v -0.00900665205 0.702530921 1.02100754
v -0.00721322978 0.703565598 1.01925647
v -0.00531246513 0.702530921 1.01762259
v -0.010577254 0.699332952 1.01034081
v -0.0112127718 0.696835041 1.01118338
v -0.0130061945 0.695800364 1.01293445
v -0.0149069587 0.696835041 1.01456833
v -0.0158016235 0.699332952 1.01512802
v -0.0151661057 0.701830864 1.01428545
v -0.013372683 0.702865541 1.01253438
v -0.0114719188 0.701830864 1.0109005
v -0.506087124 0.561163366 -0.419648618
v -0.50672096 0.558665454 -0.418804973
v -0.50851059 0.557630777 -0.417050034
v -0.510407627 0.558665454 -0.4154118
v -0.511300862 0.561163366 -0.414849967
v -0.510667026 0.563661277 -0.415693611
v -0.508877397 0.564695954 -0.41744855
v -0.50698036 0.563661277 -0.419086784
v -0.515489161 0.560099006 -0.429864019
v -0.516122997 0.557601094 -0.429020375
v -0.517912626 0.556566417 -0.427265435
v -0.519809663 0.557601094 -0.425627202
v -0.520702899 0.560099006 -0.425065368
v -0.520069063 0.562596917 -0.425909013
v -0.518279433 0.563631594 -0.427663952
v -0.516382396 0.562596917 -0.429302186
v -0.521263003 0.560099006 -0.429053038
v -0.520420909 0.557601035 -0.428417295
v -0.518216968 0.556566358 -0.427223533
v -0.515942156 0.557601035 -0.426171035
v -0.514929056 0.560099006 -0.425876349
v -0.515771151 0.562596977 -0.426512092
v -0.517975092 0.563631654 -0.427705854
v -0.520249903 0.562596977 -0.428758353
v -0.524776101 0.560697436 -0.42204836
v -0.523934007 0.558199465 -0.421412617
v -0.521730065 0.557164788 -0.420218855
v -0.519455254 0.558199465 -0.419166356
v -0.518442154 0.560697436 -0.418871671
v -0.519284248 0.563195407 -0.419507414
v -0.52148819 0.564230084 -0.420701176
v -0.523763001 0.563195407 -0.421753675
v -0.0464087799 0.69726485 0.993901014
v -0.0454265475 0.694769323 0.994301736
v -0.0429771431 0.6937356 0.994835615
v -0.0404953957 0.694769323 0.995189905
v -0.0394350812 0.69726485 0.995157123
v -0.0404173136 0.699760377 0.994756401
v -0.042866718 0.700794101 0.994222522
v -0.0453484654 0.699760377 0.993868232
v -0.0477515981 0.697933376 1.00135624
v -0.0467693657 0.695437849 1.00175691
v -0.0443199612 0.694404125 1.00229073
v -0.0418382138 0.695437849 1.00264513
v -0.0407778993 0.697933376 1.00261223
v -0.0417601317 0.700428903 1.00221157
v -0.0442095362 0.701462626 1.00167775
v -0.0466912836 0.700428903 1.00132334
v -0.0431348346 0.701291323 1.00198424
v -0.0438194573 0.700426817 0.99950695
v -0.0447649285 0.698101699 0.998480797
v -0.0454173982 0.695677936 0.99950695
v -0.0453946628 0.694575429 1.00198424
v -0.0447100401 0.695439935 1.00446153
v -0.0437645689 0.697765052 1.00548768
v -0.0431120992 0.700188816 1.00446153
v -0.0486590229 0.703150153 1.00286222
v -0.0493436456 0.702285647 1.00038493
v -0.0502891168 0.69996053 0.999358773
v -0.0509415865 0.697536767 1.00038493
v -0.050918851 0.696434259 1.00286222
v -0.0502342284 0.697298765 1.0053395
v -0.0492887571 0.699623883 1.00636566
v -0.0486362875 0.702047646 1.0053395
v -0.0507495739 0.699792206 0.999451995
v -0.0504977144 0.697287142 1.00045907
v -0.0498306639 0.696249485 1.00287402
v -0.0491391718 0.697287142 1.00528193
v -0.0488283001 0.699792206 1.00627244
v -0.0490801595 0.70229727 1.00526536
v -0.04974721 0.703334928 1.00285041
v -0.0504387021 0.70229727 1.0004425
v -0.0543268099 0.699837685 1.00045967
v -0.0540749505 0.697332621 1.00146675
v -0.0534079 0.696294963 1.00388169
v -0.0527164079 0.697332621 1.0062896
v -0.0524055362 0.699837685 1.00728011
v -0.0526573956 0.702342749 1.00627303
v -0.0533244461 0.703380406 1.00385809
v -0.0540159382 0.702342749 1.00145018
v -0.0522362739 0.703195632 1.00386989
v -0.0529209115 0.702331126 1.0013926
v -0.0538663752 0.700006008 1.00036645
v -0.05451883 0.697582245 1.0013926
v -0.0544960722 0.696479738 1.00386989
v -0.0538114347 0.697344244 1.00634718
v -0.0528659709 0.699669361 1.00737333
v -0.0522135161 0.702093124 1.00634718
v -0.0577602051 0.705054343 1.00474787
v -0.0584448427 0.704189837 1.00227058
v -0.0593903065 0.701864719 1.00124443
v -0.0600427613 0.699440956 1.00227058
v -0.0600200035 0.698338449 1.00474787
v -0.0593353659 0.699202955 1.00722516
v -0.0583899021 0.701528072 1.00825131
v -0.0577374473 0.703951836 1.00722516
v -0.0611160174 0.701696396 1.00199139
v -0.0605556332 0.699193895 1.00287271
v -0.0590196028 0.69815737 1.00485241
v -0.0574077144 0.699193895 1.00677085
v -0.0566641912 0.701696396 1.00750434
v -0.0572245754 0.704198897 1.00662303
v -0.0587606058 0.705235422 1.00464332
v -0.0603724942 0.704198897 1.00272489
v -0.0672279596 0.702065885 1.00692701
v -0.0666675791 0.699563384 1.00780833
v -0.0651315451 0.698526859 1.00978804
v -0.0635196567 0.699563384 1.01170647
v -0.0627761334 0.702065885 1.01243997
v -0.0633365139 0.704568386 1.01155865
v -0.064872548 0.705604911 1.00957894
v -0.0664844364 0.704568386 1.00766051
v -0.0629568622 0.702065885 1.0067904
v -0.0634273365 0.699565589 1.0077287
v -0.0648202449 0.698529899 1.009812
v -0.0663196594 0.699565589 1.01182008
v -0.0670472309 0.702065885 1.01257658
v -0.0665767565 0.704566181 1.01163828
v -0.0651838481 0.705601871 1.00955498
v -0.0636844337 0.704566181 1.0075469
v -0.0682209954 0.701659977 1.00306904
v -0.0686914697 0.699159682 1.00400734
v -0.0700843781 0.698123991 1.00609064
v -0.0715837926 0.699159682 1.00809872
v -0.0723113641 0.701659977 1.00885522
v -0.0718408898 0.704160273 1.00791693
v -0.0704479814 0.705195963 1.00583363
v -0.0689485669 0.704160273 1.00382555
v -0.0725611821 0.704359174 1.00596213
v -0.0714567304 0.7039361 1.00352204
v -0.0696548671 0.70217973 1.00251126
v -0.0682111084 0.700118899 1.00352204
v -0.0679711774 0.698960781 1.00596213
v -0.0690756291 0.699383855 1.00840223
v -0.0708774924 0.701140225 1.009413
v -0.072321251 0.703201056 1.00840223
v -0.077139169 0.700466692 1.00456488
v -0.0760347173 0.700043619 1.00212479
v -0.0742328539 0.698287249 1.00111401
v -0.0727890953 0.696226418 1.00212479
v -0.0725491643 0.6950683 1.00456488
v -0.073653616 0.695491374 1.00700498
v -0.0754554793 0.697247744 1.00801575
v -0.0768992379 0.699308574 1.00700498
v -0.112497419 0.685044825 0.90979135
v -0.112319872 0.682539582 0.910813808
v -0.11187423 0.681501865 0.913279116
v -0.111421548 0.682539582 0.915743113
v -0.111227006 0.685044825 0.916762471
v -0.111404553 0.687550068 0.915740013
v -0.111850195 0.688587785 0.913274705
v -0.112302877 0.687550068 0.910810709
v -0.116323426 0.685058236 0.910488605
v -0.116145879 0.682552993 0.911511064
v -0.115700237 0.681515276 0.913976371
v -0.115247555 0.682552993 0.916440368
v -0.115053013 0.685058236 0.917459726
v -0.11523056 0.687563479 0.916437268
v -0.115676202 0.688601196 0.913971961
v -0.116128884 0.687563479 0.911507964
v -0.11361184 0.685058236 0.911103427
v -0.114087135 0.682558358 0.912040353
v -0.115500323 0.681522846 0.914110065
v -0.11702358 0.682558358 0.916100204
v -0.1177646 0.685058236 0.916844904
v -0.117289305 0.687558115 0.915907979
v -0.115876116 0.688593626 0.913838267
v -0.11435286 0.687558115 0.911848128
v -0.124702878 0.684160411 0.903081417
v -0.125178173 0.681660533 0.904018342
v -0.12659137 0.680625021 0.906088054
v -0.128114626 0.681660533 0.908078194
v -0.128855631 0.684160411 0.908822894
v -0.128380343 0.68666029 0.907885969
v -0.126967147 0.687695801 0.905816257
v -0.125443891 0.68666029 0.903826118
v -0.126995206 0.684160411 0.902415812
v -0.126912504 0.681655228 0.90345037
v -0.126751751 0.680617571 0.905950487
v -0.126607105 0.681655228 0.908451557
v -0.126563311 0.684160411 0.909488499
v -0.126646012 0.686665595 0.908453941
v -0.126806766 0.687703252 0.905953825
v -0.126951411 0.686665595 0.903452754
v -0.131002173 0.684129179 0.902660489
v -0.130919471 0.681623995 0.903695047
v -0.130758718 0.680586338 0.906195164
v -0.130614072 0.681623995 0.908696234
v -0.130570278 0.684129179 0.909733176
v -0.130652979 0.686634362 0.908698618
v -0.130813733 0.687672019 0.906198502
v -0.130958378 0.686634362 0.903697431
v -0.129149795 0.684129179 0.903054416
v -0.129506961 0.681627691 0.904038429
v -0.130613521 0.680591583 0.906286776
v -0.131821245 0.681627691 0.908482432
v -0.132422656 0.684129179 0.909339249
v -0.13206549 0.686630666 0.908355236
v -0.13095893 0.687666774 0.906106889
v -0.129751205 0.686630666 0.903911233
v -0.139302447 0.683499098 0.897767305
v -0.139659613 0.68099761 0.898751318
v -0.140766174 0.679961503 0.900999665
v -0.141973898 0.68099761 0.903195322
v -0.142575309 0.683499098 0.904052138
v -0.142218143 0.686000586 0.903068125
v -0.141111583 0.687036693 0.900819778
v -0.139903858 0.686000586 0.898624122
v -0.140164152 0.683499098 0.897452474
v -0.14030908 0.680995286 0.898483455
v -0.140822932 0.679958105 0.900935709
v -0.141404703 0.680995286 0.903372705
v -0.141713604 0.683499098 0.90436697
v -0.141568676 0.68600291 0.903335989
v -0.141054824 0.687040091 0.900883734
v -0.140473053 0.68600291 0.898446739
v -0.14464815 0.683344901 0.896447659
v -0.144793078 0.680841088 0.89747864
v -0.14530693 0.679803908 0.899930894
v -0.145888701 0.680841088 0.90236789
v -0.146197602 0.683344901 0.903362155
v -0.146052673 0.685848713 0.902331173
v -0.145538822 0.686885893 0.899878919
v -0.144957051 0.685848713 0.897441924
v -0.145761117 0.683344901 0.89637816
v -0.145650774 0.680839658 0.897410035
v -0.145406917 0.679802001 0.899903357
v -0.145172417 0.680839658 0.902397633
v -0.145084634 0.683344901 0.903431654
v -0.145194978 0.685850143 0.902399778
v -0.145438835 0.686887801 0.899906456
v -0.145673335 0.685850143 0.897412181
v -0.149734855 0.68332684 0.896759272
v -0.149624512 0.680821598 0.897791147
v -0.149380654 0.67978394 0.900284469
v -0.149146155 0.680821598 0.902778745
v -0.149058372 0.68332684 0.903812766
v -0.149168715 0.685832083 0.90278089
v -0.149412572 0.68686974 0.900287569
v -0.149647072 0.685832083 0.897793293
v -0.150231078 0.68332684 0.896842718
v -0.150008231 0.680821717 0.897856474
v -0.149427116 0.679784 0.90029341
v -0.148828134 0.680821717 0.902725995
v -0.148562148 0.68332684 0.90372932
v -0.148784995 0.685831964 0.902715564
v -0.149366111 0.686869681 0.900278628
v -0.149965093 0.685831964 0.897846043
v -0.157782719 0.683395684 0.898672819
v -0.157559872 0.68089056 0.899686575
v -0.156978756 0.679852843 0.902123511
v -0.156379774 0.68089056 0.904556096
v -0.156113788 0.683395684 0.905559421
v -0.156336635 0.685900807 0.904545665
v -0.156917751 0.686938524 0.902108729
v -0.157516733 0.685900807 0.899676144
v -0.157782719 0.683395684 0.898672819
v -0.157559857 0.68089056 0.899686575
v -0.156978726 0.679852843 0.902123511
v -0.156379744 0.68089056 0.904556096
v -0.156113788 0.683395684 0.905559421
v -0.15633665 0.685900807 0.904545665
v -0.156917781 0.686938524 0.902108729
v -0.157516763 0.685900807 0.899676144
v -0.161558524 0.683430076 0.89958787
v -0.161335662 0.680924952 0.900601625
v -0.160754532 0.679887235 0.903038561
v -0.16015555 0.680924952 0.905471146
v -0.159889594 0.683430076 0.906474471
v -0.160112455 0.685935199 0.905460715
v -0.160693586 0.686972916 0.903023779
v -0.161292568 0.685935199 0.900591195
v -0.160138413 0.683430076 0.899536967
v -0.160239011 0.680925846 0.9005723
v -0.160623744 0.679888546 0.903047979
v -0.161067247 0.680925846 0.905513823
v -0.161309704 0.683430076 0.906525373
v -0.161209106 0.685934305 0.905490041
v -0.160824373 0.686971605 0.903014362
v -0.16038087 0.685934305 0.900548518
v -0.168943688 0.683173656 0.898061156
v -0.169044286 0.680669427 0.899096489
v -0.169429019 0.679632127 0.901572168
v -0.169872522 0.680669427 0.904038012
v -0.170114979 0.683173656 0.905049562
v -0.170014381 0.685677886 0.90401423
v -0.169629648 0.686715186 0.901538551
v -0.169186145 0.685677886 0.899072707
v -0.166758671 0.683173656 0.899347186
v -0.167443573 0.680676639 0.900152802
v -0.169350296 0.679642379 0.901780009
v -0.171361893 0.680676639 0.903275609
v -0.172299996 0.683173656 0.903763533
v -0.171615094 0.685670674 0.902957916
v -0.169708371 0.686704934 0.901330709
v -0.167696774 0.685670674 0.89983511
v -0.174662173 0.682142079 0.889430344
v -0.175347075 0.679645061 0.89023596
v -0.177253798 0.678610802 0.891863167
v -0.179265395 0.679645061 0.893358767
v -0.180203497 0.682142079 0.893846691
v -0.179518595 0.684639096 0.893041074
v -0.177611873 0.685673356 0.891413867
v -0.175600275 0.684639096 0.889918268
v -0.175462082 0.682142079 0.888694286
v -0.175908208 0.679641783 0.889644384
v -0.17724745 0.678606153 0.891762614
v -0.178695291 0.679641783 0.893808186
v -0.179403588 0.682142079 0.894582748
v -0.178957462 0.684642375 0.89363265
v -0.17761822 0.685678005 0.891514421
v -0.176170379 0.684642375 0.889468849
v -0.186619937 0.681294978 0.881225705
v -0.187066063 0.678794682 0.882175803
v -0.188405305 0.677759051 0.884294033
v -0.189853147 0.678794682 0.886339605
v -0.190561444 0.681294978 0.887114167
v -0.190115318 0.683795273 0.886164069
v -0.188776076 0.684830904 0.884045839
v -0.187328234 0.683795273 0.882000268
v -0.18863827 0.681294978 0.880627275
v -0.188593686 0.678789914 0.881664515
v -0.188547343 0.677752256 0.88416934
v -0.188526392 0.678789914 0.886674523
v -0.188543111 0.681294978 0.887712598
v -0.188587695 0.683800042 0.886675358
v -0.188634038 0.684837699 0.884170532
v -0.188654989 0.683800042 0.881665349
v -0.192778319 0.681244314 0.880682886
v -0.192733735 0.67873925 0.881720126
v -0.192687392 0.677701592 0.884224951
v -0.192666441 0.67873925 0.886730134
v -0.19268316 0.681244314 0.887768209
v -0.192727745 0.683749378 0.886730969
v -0.192774087 0.684787035 0.884226143
v -0.192795038 0.683749378 0.88172096
v -0.192787319 0.681244314 0.880683064
v -0.192740709 0.67873925 0.881720126
v -0.192688242 0.677701592 0.884224892
v -0.192660689 0.67873925 0.886730015
v -0.19267416 0.681244314 0.88776803
v -0.192720771 0.683749378 0.886730969
v -0.192773238 0.684787035 0.884226203
v -0.19280079 0.683749378 0.881721079
v -0.196925804 0.681194663 0.880749166
v -0.196879193 0.678689599 0.881786227
v -0.196826726 0.677651942 0.884290993
v -0.196799174 0.678689599 0.886796117
v -0.196812645 0.681194663 0.887834132
v -0.196859255 0.683699727 0.886797071
v -0.196911722 0.684737384 0.884292305
v -0.196939275 0.683699727 0.881787181
v -0.194422185 0.681011558 0.899751604
v -0.194752574 0.678509831 0.9007442
v -0.195789129 0.677473545 0.903025627
v -0.196924642 0.678509831 0.90525943
v -0.19749397 0.681011558 0.906137049
v -0.197163582 0.683513284 0.905144453
v -0.196127027 0.68454957 0.902863026
v -0.194991514 0.683513284 0.900629222
v -0.199523672 0.680711567 0.897297502
v -0.199854061 0.678209841 0.898290098
v -0.200890616 0.677173555 0.900571525
v -0.202026129 0.678209841 0.902805328
v -0.202595457 0.680711567 0.903682947
v -0.202265069 0.683213294 0.902690351
v -0.201228514 0.68424958 0.900408924
v -0.200093001 0.683213294 0.89817512
v -0.198829725 0.680711567 0.897736967
v -0.199347481 0.678212404 0.898652971
v -0.20086816 0.677177191 0.900645256
v -0.202500969 0.678212404 0.902546644
v -0.203289405 0.680711567 0.903243482
v -0.202771649 0.683210731 0.902327478
v -0.20125097 0.684245944 0.900335193
v -0.199618161 0.683210731 0.898433805
v -0.211007997 0.679619491 0.887873828
v -0.211525753 0.677120328 0.888789833
v -0.213046432 0.676085114 0.890782118
v -0.214679241 0.677120328 0.892683506
v -0.215467677 0.679619491 0.893380344
v -0.214949921 0.682118654 0.89246434
v -0.213429242 0.683153868 0.890472054
v -0.211796433 0.682118654 0.888570666
v -0.212501258 0.679619491 0.887161553
v -0.21263653 0.677115619 0.888193667
v -0.213124037 0.676078439 0.890651286
v -0.213678211 0.677115619 0.893094718
v -0.213974416 0.679619491 0.894092619
v -0.213839144 0.682123363 0.893060505
v -0.213351637 0.683160543 0.890602887
v -0.212797463 0.682123363 0.888159454
v -0.217052713 0.679466605 0.88619417
v -0.217187986 0.676962733 0.887226284
v -0.217675492 0.675925553 0.889683902
v -0.218229666 0.676962733 0.892127335
v -0.218525872 0.679466605 0.893125236
v -0.218390599 0.681970477 0.892093122
v -0.217903093 0.683007658 0.889635503
v -0.217348918 0.681970477 0.88719207
v -0.230160624 0.677750766 0.870907545
v -0.230724096 0.675252199 0.871797979
v -0.232355252 0.674217284 0.873700976
v -0.234098569 0.675252199 0.875501752
v -0.23493284 0.677750766 0.876145482
v -0.234369367 0.680249333 0.875255048
v -0.232738212 0.681284249 0.873352051
v -0.230994895 0.680249333 0.871551275
v -0.236759171 0.677096367 0.864895701
v -0.237322643 0.6745978 0.865786135
v -0.238953799 0.673562884 0.867689133
v -0.240697116 0.6745978 0.869489908
v -0.241531387 0.677096367 0.870133638
v -0.240967914 0.679594934 0.869243205
v -0.239336759 0.680629849 0.867340207
v -0.237593442 0.679594934 0.865539432
v -0.220428377 0.680617213 0.921065807
v -0.221121684 0.678120553 0.921865344
v -0.22304967 0.677086413 0.923467398
v -0.225082964 0.678120553 0.924933493
v -0.226030499 0.680617213 0.925404787
v -0.225337192 0.683113873 0.92460525
v -0.223409206 0.684148014 0.923003197
v -0.221375912 0.683113873 0.921537101
v -0.229036614 0.679448307 0.909951568
v -0.229729921 0.676951647 0.910751104
v -0.231657907 0.675917506 0.912353158
v -0.233691201 0.676951647 0.913819253
v -0.234638736 0.679448307 0.914290547
v -0.233945429 0.681944966 0.913491011
v -0.232017443 0.682979107 0.911888957
v -0.229984149 0.681944966 0.910422862
v -0.240509063 0.679119885 0.928231359
v -0.241126299 0.676622331 0.929088295
v -0.242886633 0.675587833 0.930872738
v -0.244758919 0.676622331 0.932539284
v -0.245646387 0.679119885 0.933111787
v -0.245029151 0.681617439 0.932254851
v -0.243268818 0.682651937 0.930470407
v -0.241396531 0.681617439 0.928803861
v -0.247799277 0.67828846 0.92055738
v -0.248416513 0.675790906 0.921414316
v -0.250176847 0.674756408 0.92319876
v -0.252049148 0.675790906 0.924865305
v -0.252936602 0.67828846 0.925437808
v -0.252319366 0.680786014 0.924580872
v -0.250559032 0.681820512 0.922796428
v -0.248686746 0.680786014 0.921129882
v -0.273569107 0.673879504 0.878131628
v -0.274226606 0.671382487 0.878959835
v -0.276077777 0.670348227 0.880649924
v -0.278038234 0.671382487 0.882211983
v -0.278959572 0.673879504 0.882730961
v -0.278302073 0.676376522 0.881902754
v -0.276450902 0.677410781 0.880212665
v -0.274490446 0.676376522 0.878650606
v -0.28178212 0.672849596 0.868505836
v -0.282439619 0.670352578 0.869334042
v -0.284290791 0.669318318 0.871024132
v -0.286251247 0.670352578 0.872586191
v -0.287172586 0.672849596 0.873105168
v -0.286515087 0.675346613 0.872276962
v -0.284663916 0.676380873 0.870586872
v -0.282703459 0.675346613 0.869024813
v -0.322678089 0.666575015 0.806860864
v -0.322603971 0.664069891 0.807896137
v -0.32247138 0.663032234 0.810397923
v -0.322357923 0.664069891 0.812900603
v -0.322330117 0.666575015 0.8139382
v -0.322404236 0.669080138 0.812902927
v -0.322536826 0.670117795 0.810401142
v -0.322650284 0.669080138 0.807898462
v -0.326926112 0.666535676 0.807069719
v -0.326851994 0.664030552 0.808104992
v -0.326719403 0.662992895 0.810606778
v -0.326605946 0.664030552 0.813109457
v -0.32657814 0.666535676 0.814147055
v -0.326652259 0.669040799 0.813111782
v -0.326784849 0.670078456 0.810609996
v -0.326898307 0.669040799 0.808107316
v -0.327224046 0.666535676 0.807097018
v -0.327082992 0.664030433 0.808125079
v -0.326748103 0.662992716 0.810607851
v -0.326415598 0.664030433 0.81309092
v -0.326280206 0.666535676 0.814119756
v -0.326421261 0.669040918 0.813091695
v -0.32675615 0.670078635 0.810608923
v -0.327088654 0.669040918 0.808125854
v -0.335436285 0.666526198 0.808200717
v -0.33529523 0.664020956 0.809228778
v -0.334960341 0.662983239 0.81171155
v -0.334627837 0.664020956 0.81419462
v -0.334492445 0.666526198 0.815223455
v -0.334633499 0.669031441 0.814195395
v -0.334968388 0.670069158 0.811712623
v -0.335300893 0.669031441 0.809229553
v -0.333501488 0.666526198 0.80848521
v -0.333811551 0.664024293 0.809484065
v -0.334796906 0.662988007 0.811788023
v -0.335880369 0.664024293 0.814047515
v -0.336427242 0.666526198 0.814938962
v -0.336117178 0.669028103 0.813940108
v -0.335131824 0.67006439 0.81163615
v -0.334048361 0.669028103 0.809376657
v -0.338878781 0.666219413 0.80604744
v -0.339188844 0.663717508 0.807046294
v -0.340174198 0.662681222 0.809350252
v -0.341257662 0.663717508 0.811609745
v -0.341804534 0.666219413 0.812501192
v -0.341494471 0.668721318 0.811502337
v -0.340509117 0.669757605 0.80919838
v -0.339425653 0.668721318 0.806938887
v -0.339133233 0.666219413 0.805943787
v -0.339380056 0.663716733 0.806958139
v -0.340190172 0.662680149 0.809329271
v -0.34108901 0.663716733 0.811668217
v -0.341550082 0.666219413 0.812604845
v -0.341303259 0.668722093 0.811590493
v -0.340493143 0.669758677 0.80921936
v -0.339594305 0.668722093 0.806880414
v -0.349430323 0.665720642 0.802207649
v -0.349677145 0.663217962 0.803222001
v -0.350487262 0.662181377 0.805593133
v -0.3513861 0.663217962 0.807932079
v -0.351847172 0.665720642 0.808868706
v -0.351600349 0.668223321 0.807854354
v -0.350790232 0.669259906 0.805483222
v -0.349891394 0.668223321 0.803144276
v -0.348440737 0.665720642 0.802759469
v -0.348947436 0.663221478 0.803681731
v -0.350444913 0.662186325 0.80569154
v -0.352055907 0.663221478 0.807611465
v -0.352836758 0.665720642 0.808316886
v -0.352330059 0.668219805 0.807394624
v -0.350832582 0.669254959 0.805384815
v -0.349221587 0.668219805 0.80346489
v -0.355039299 0.665132284 0.79753989
v -0.355545998 0.662633121 0.798462152
v -0.357043475 0.661597967 0.800471961
v -0.358654469 0.662633121 0.802391887
v -0.35943532 0.665132284 0.803097308
v -0.358928621 0.667631447 0.802175045
v -0.357431144 0.668666601 0.800165236
v -0.355820149 0.667631447 0.798245311
v -0.360716581 0.665132284 0.799649894
v -0.359653026 0.662638128 0.799614251
v -0.357174367 0.66160506 0.799991131
v -0.354732573 0.662638128 0.800559878
v -0.353758037 0.665132284 0.800987303
v -0.354821593 0.667626441 0.801022947
v -0.357300252 0.668659508 0.800646067
v -0.359742045 0.667626441 0.800077319
v -0.362771273 0.66410315 0.810340703
v -0.361707717 0.661608994 0.810305059
v -0.359229058 0.660575926 0.810681939
v -0.356787264 0.661608994 0.811250687
v -0.355812728 0.66410315 0.811678112
v -0.356876284 0.666597307 0.811713755
v -0.359354943 0.667630374 0.811336875
v -0.361796737 0.666597307 0.810768127
v -0.358438313 0.66410315 0.807570815
v -0.358599126 0.661599576 0.808600128
v -0.359165788 0.660562575 0.811040759
v -0.359806389 0.661599576 0.813463032
v -0.360145688 0.66410315 0.814447999
v -0.359984875 0.666606724 0.813418686
v -0.359418213 0.667643726 0.810978055
v -0.358777612 0.666606724 0.808555782
v -0.363322139 0.663918316 0.806358337
v -0.363482952 0.661414742 0.80738765
v -0.364049613 0.660377741 0.809828281
v -0.364690214 0.661414742 0.812250555
v -0.365029514 0.663918316 0.813235521
v -0.364868701 0.66642189 0.812206209
v -0.364302039 0.667458892 0.809765577
v -0.363661438 0.66642189 0.807343304
v -0.362226367 0.663918316 0.806838512
v -0.362662882 0.661418259 0.807793617
v -0.363985658 0.660382688 0.809922278
v -0.365419835 0.661418259 0.811977446
v -0.366125286 0.663918316 0.812755346
v -0.365688771 0.666418374 0.811800241
v -0.364365995 0.667453945 0.809671581
v -0.362931818 0.666418374 0.807616413
v -0.368338585 0.663446784 0.802810848
v -0.3687751 0.660946727 0.803765953
v -0.370097876 0.659911156 0.805894613
v -0.371532053 0.660946727 0.807949781
v -0.372237504 0.663446784 0.808727682
v -0.371800989 0.665946841 0.807772577
v -0.370478213 0.666982412 0.805643916
v -0.369044036 0.665946841 0.803588748
v -0.368352592 0.663446784 0.802801669
v -0.368785292 0.660946667 0.803758383
v -0.370098263 0.659911096 0.805893064
v -0.371522397 0.660946667 0.807955205
v -0.372223496 0.663446784 0.808736861
v -0.371790797 0.665946901 0.807780147
v -0.370477825 0.666982472 0.805645466
v -0.369053692 0.665946901 0.803583324
v -0.380587697 0.662510693 0.794822037
v -0.381020397 0.660010576 0.795778751
v -0.382333368 0.658975005 0.797913432
v -0.383757502 0.660010576 0.799975574
v -0.384458601 0.662510693 0.800757229
v -0.384025902 0.66501081 0.799800515
v -0.38271293 0.666046381 0.797665834
v -0.381288797 0.66501081 0.795603693
v -0.382833302 0.662510693 0.794260263
v -0.382728368 0.66000551 0.795292735
v -0.382503211 0.658967793 0.797787905
v -0.382289737 0.66000551 0.800284028
v -0.382212996 0.662510693 0.801319003
v -0.38231793 0.665015876 0.800286531
v -0.382543087 0.666053593 0.797791362
v -0.382756561 0.665015876 0.795295238
v -0.387060165 0.662486732 0.79463172
v -0.386955231 0.659981549 0.795664191
v -0.386730075 0.658943832 0.798159361
v -0.386516601 0.659981549 0.800655484
v -0.38643986 0.662486732 0.801690459
v -0.386544794 0.664991915 0.800657988
v -0.38676995 0.666029632 0.798162818
v -0.386983424 0.664991915 0.795666695
v -0.385857373 0.662486732 0.794732392
v -0.386027396 0.659983277 0.795760453
v -0.3866207 0.658946276 0.798194766
v -0.387289762 0.659983277 0.80060935
v -0.387642652 0.662486732 0.801589787
v -0.38747263 0.664990187 0.800561726
v -0.386879325 0.666027188 0.798127413
v -0.386210263 0.664990187 0.795712829
v -0.395785123 0.66209954 0.792147756
v -0.395955145 0.659596086 0.793175817
v -0.39654845 0.658559084 0.79561013
v -0.397217512 0.659596086 0.798024714
v -0.397570401 0.66209954 0.799005151
v -0.397400379 0.664602995 0.79797709
v -0.396807075 0.665639997 0.795542777
v -0.396138012 0.664602995 0.793128192
v -0.390720606 0.662180364 0.813089669
v -0.39046523 0.6596753 0.814095974
v -0.389786482 0.658637702 0.816507578
v -0.389081955 0.6596753 0.818911791
v -0.388764381 0.662180364 0.819900215
v -0.389019758 0.664685428 0.818893909
v -0.389698505 0.665723026 0.816482306
v -0.390403032 0.664685428 0.814078093
v -0.398477525 0.662284613 0.81531775
v -0.398222148 0.659779549 0.816324055
v -0.397543401 0.658741951 0.818735659
v -0.396838874 0.659779549 0.821139872
v -0.3965213 0.662284613 0.822128296
v -0.396776676 0.664789677 0.821121991
v -0.397455424 0.665827274 0.818710387
v -0.398159951 0.664789677 0.816306174
v -0.3953529 0.662284613 0.815904319
v -0.395843059 0.65978545 0.816835403
v -0.397303492 0.658750236 0.818872213
v -0.398878664 0.65978545 0.820821643
v -0.399645925 0.662284613 0.821541727
v -0.399155766 0.664783776 0.820610642
v -0.397695333 0.665818989 0.818573833
v -0.396120161 0.664783776 0.816624403
v -0.401982963 0.661703944 0.810855389
v -0.402473122 0.659204781 0.811786473
v -0.403933555 0.658169568 0.813823283
v -0.405508727 0.659204781 0.815772712
v -0.406275988 0.661703944 0.816492796
v -0.405785829 0.664203107 0.815561712
v -0.404325396 0.665238321 0.813524902
v -0.402750224 0.664203107 0.811575472
v -0.393827587 0.663691998 0.849962354
v -0.393604726 0.661186874 0.85097611
v -0.39302358 0.660149157 0.853413045
v -0.392424583 0.661186874 0.85584563
v -0.392158598 0.663691998 0.856848955
v -0.392381459 0.666197121 0.855835199
v -0.392962605 0.667234838 0.853398263
v -0.393561602 0.666197121 0.850965679
v -0.39773342 0.663727582 0.850908935
v -0.397510558 0.661222458 0.851922691
v -0.396929413 0.660184741 0.854359627
v -0.396330416 0.661222458 0.856792212
v -0.39606443 0.663727582 0.857795537
v -0.396287292 0.666232705 0.856781781
v -0.396868438 0.667270422 0.854344845
v -0.397467434 0.666232705 0.85191226
v -0.400431901 0.663727582 0.854086339
v -0.399385333 0.661227226 0.8540079
v -0.396882296 0.660191596 0.854131103
v -0.394388974 0.661227226 0.854383886
v -0.393365949 0.663727582 0.854618132
v -0.394412518 0.666227937 0.854696572
v -0.396915555 0.667263567 0.854573369
v -0.399408877 0.666227937 0.854320586
v -0.401375592 0.662938952 0.866626143
v -0.400329024 0.660438597 0.866547704
v -0.397825986 0.659402966 0.866670907
v -0.395332664 0.660438597 0.86692369
v -0.39430964 0.662938952 0.867157936
v -0.395356208 0.665439308 0.867236376
v -0.397859246 0.666474938 0.867113173
v -0.400352567 0.665439308 0.86686039
v -0.398677081 0.662938952 0.863448739
v -0.398454219 0.660433829 0.864462495
v -0.397873104 0.659396112 0.866899431
v -0.397274137 0.660433829 0.869332016
v -0.397008151 0.662938952 0.87033534
v -0.397231013 0.665444076 0.869321585
v -0.397812128 0.666481793 0.866884649
v -0.398411095 0.665444076 0.864452064
v -0.402568787 0.662974417 0.864391863
v -0.402345926 0.660469294 0.865405619
v -0.40176481 0.659431577 0.867842555
v -0.401165843 0.660469294 0.87027514
v -0.400899857 0.662974417 0.871278465
v -0.401122719 0.665479541 0.870264709
v -0.401703835 0.666517258 0.867827773
v -0.402302802 0.665479541 0.865395188
v -0.417821139 0.661342502 0.849933505
v -0.417598277 0.658837378 0.850947261
v -0.417017192 0.657799661 0.853384197
v -0.416418225 0.658837378 0.855816782
v -0.416152269 0.661342502 0.856820107
v -0.41637513 0.663847625 0.855806351
v -0.416956216 0.664885342 0.853369415
v -0.417555183 0.663847625 0.85093683
v -0.421734571 0.661378145 0.850881875
v -0.42151171 0.658873022 0.85189563
v -0.420930624 0.657835305 0.854332566
v -0.420331657 0.658873022 0.856765151
v -0.420065701 0.661378145 0.857768476
v -0.420288563 0.663883269 0.85675472
v -0.420869648 0.664920986 0.854317784
v -0.421468616 0.663883269 0.8518852
v -0.419484437 0.661378145 0.851077318
v -0.419293493 0.658961594 0.852292597
v -0.420043677 0.657960594 0.854698479
v -0.421295583 0.658961594 0.856885731
v -0.422315836 0.661378145 0.857573032
v -0.422506779 0.663794696 0.856357753
v -0.421756595 0.664795697 0.853951871
v -0.420504689 0.663794696 0.851764619
v -0.42780143 0.658897877 0.847452044
v -0.427610487 0.656481326 0.848667324
v -0.428360671 0.655480325 0.851073205
v -0.429612577 0.656481326 0.853260458
v -0.43063283 0.658897877 0.853947759
v -0.430823773 0.661314428 0.85273248
v -0.430073589 0.662315428 0.850326598
v -0.428821683 0.661314428 0.848139346
v -0.426710069 0.658897877 0.848196447
v -0.427303493 0.656400561 0.849070787
v -0.429017931 0.655366123 0.850899398
v -0.430849046 0.656400561 0.852611125
v -0.431724191 0.658897877 0.853203356
v -0.431130767 0.661395192 0.852329016
v -0.429416329 0.662429631 0.850500405
v -0.427585214 0.661395192 0.848788679
v -0.434826821 0.657980919 0.840067863
v -0.435420245 0.655483603 0.840942204
v -0.437134683 0.654449165 0.842770815
v -0.438965797 0.655483603 0.844482541
v -0.439840943 0.657980919 0.845074773
v -0.439247519 0.660478234 0.844200432
v -0.437533081 0.661512673 0.842371821
v -0.435701966 0.660478234 0.840660095
v -0.435157359 0.657980919 0.839775741
v -0.435362786 0.655536234 0.840930939
v -0.436722845 0.654523611 0.843047023
v -0.438440859 0.655536234 0.844884515
v -0.439510405 0.657980919 0.845366895
v -0.439304978 0.660425603 0.844211698
v -0.437944919 0.661438227 0.842095613
v -0.436226904 0.660425603 0.840258121
v -0.445631713 0.655007601 0.831620872
v -0.44583714 0.652562916 0.83277607
v -0.447197199 0.651550293 0.834892154
v -0.448915213 0.652562916 0.836729646
v -0.449984759 0.655007601 0.837212026
v -0.449779332 0.657452285 0.836056828
v -0.448419273 0.658464909 0.833940744
v -0.446701258 0.657452285 0.832103252
v -0.460450113 0.653389573 0.818074584
v -0.460746795 0.651009917 0.819340467
v -0.462465048 0.650024235 0.821192265
v -0.464598358 0.651009917 0.82254523
v -0.465897083 0.653389573 0.822606802
v -0.465600401 0.655769229 0.821340919
v -0.463882148 0.656754911 0.819489121
v -0.461748838 0.655769229 0.818136156
v -0.465790361 0.650641143 0.811656535
v -0.466087043 0.648261487 0.812922418
v -0.467805296 0.647275805 0.814774215
v -0.469938606 0.648261487 0.816127181
v -0.471237332 0.650641143 0.816188753
v -0.47094065 0.653020799 0.814922869
v -0.469222397 0.654006481 0.813071072
v -0.467089087 0.653020799 0.811718106
v -0.484329402 0.642936051 0.793625772
v -0.486789852 0.643683314 0.792764962
v -0.487809002 0.644582868 0.790418684
v -0.486789852 0.645107865 0.787961245
v -0.484329402 0.644950688 0.786832273
v -0.481868953 0.644203424 0.787693083
v -0.480849802 0.643303871 0.790039361
v -0.481868953 0.642778873 0.7924968
v -0.4860304 0.634429038 0.791103005
v -0.48849085 0.635176301 0.790242195
v -0.48951 0.636075854 0.787895918
v -0.48849085 0.636600852 0.785438478
v -0.4860304 0.636443675 0.784309506
v -0.48356995 0.635696411 0.785170317
v -0.4825508 0.634796858 0.787516594
v -0.48356995 0.63427186 0.789974034
v -0.4860304 0.637252331 0.790748417
v -0.488494515 0.636332154 0.79008919
v -0.489515156 0.634887218 0.788034022
v -0.488494515 0.633763969 0.785786927
v -0.4860304 0.633620381 0.784664094
v -0.483566284 0.634540558 0.785323322
v -0.482545644 0.635985494 0.78737849
v -0.483566284 0.637108743 0.789625585
v -0.485204667 0.633388817 0.7930547
v -0.487668782 0.632468641 0.792395473
v -0.488689423 0.631023705 0.790340304
v -0.487668782 0.629900455 0.788093209
v -0.485204667 0.629756868 0.786970377
v -0.482740551 0.630677044 0.787629604
v -0.481719911 0.63212198 0.789684772
v -0.482740551 0.63324523 0.791931868
v -0.478544623 0.625912964 0.808719158
v -0.481046945 0.625550866 0.807739198
v -0.48208347 0.624911487 0.805316389
v -0.481046945 0.624369383 0.802869976
v -0.478544623 0.624242127 0.801833034
v -0.4760423 0.624604225 0.802812994
v -0.475005776 0.625243604 0.805235803
v -0.4760423 0.625785708 0.807682216
v -0.478346229 0.62191987 0.809688032
v -0.480848551 0.621557772 0.808708072
v -0.481885076 0.620918393 0.806285262
v -0.480848551 0.620376289 0.803838849
v -0.478346229 0.620249033 0.802801907
v -0.475843906 0.620611131 0.803781867
v -0.474807382 0.62125051 0.806204677
v -0.475843906 0.621792614 0.80865109
v -0.481656641 0.622346878 0.806244969
v -0.480766475 0.621768832 0.803749681
v -0.478458554 0.620789886 0.802716076
v -0.476084828 0.619983494 0.803749681
v -0.475035816 0.619822025 0.806244969
v -0.475925982 0.620400071 0.808740258
v -0.478233904 0.621379018 0.809773862
v -0.480607629 0.622185409 0.808740258
v -0.483994722 0.616215885 0.806831121
v -0.483104557 0.615637839 0.804335833
v -0.480796635 0.614658892 0.803302228
v -0.47842291 0.613852501 0.804335833
v -0.477373898 0.613691032 0.806831121
v -0.478264064 0.614269078 0.80932641
v -0.480571985 0.615248024 0.810360014
v -0.48294571 0.616054416 0.80932641
v -0.482875556 0.617737532 0.806831121
v -0.481730342 0.617318332 0.804409146
v -0.479972363 0.615513802 0.803405941
v -0.478631437 0.613381088 0.804409146
v -0.478493065 0.612169385 0.806831121
v -0.479638278 0.612588584 0.809253097
v -0.481396258 0.614393115 0.810256302
v -0.482737184 0.616525829 0.809253097
v -0.485678911 0.615531087 0.805887461
v -0.484533697 0.615111887 0.803465486
v -0.482775718 0.613307357 0.80246228
v -0.481434792 0.611174643 0.803465486
v -0.48129642 0.60996294 0.805887461
v -0.482441634 0.61038214 0.808309436
v -0.484199613 0.61218667 0.809312642
v -0.485540539 0.614319384 0.808309436
v -0.507876635 0.586383879 0.707994699
v -0.508856833 0.583887637 0.707593501
v -0.510987341 0.582853615 0.706272542
v -0.513020158 0.583887637 0.704805672
v -0.513764381 0.586383879 0.704052091
v -0.512784183 0.588880122 0.70445329
v -0.510653675 0.589914143 0.705774248
v -0.508620858 0.588880122 0.707241118
v -0.505159974 0.58596915 0.703937709
v -0.506140172 0.583472908 0.70353651
v -0.508270681 0.582438886 0.702215552
v -0.510303497 0.583472908 0.700748682
v -0.511047721 0.58596915 0.6999951
v -0.510067523 0.588465393 0.700396299
v -0.507937014 0.589499414 0.701717257
v -0.505904198 0.588465393 0.703184128
v -0.508005261 0.581565976 0.685302317
v -0.508786142 0.579065144 0.684602797
v -0.510442674 0.578029335 0.68272239
v -0.512004495 0.579065144 0.680762589
v -0.512556672 0.581565976 0.67987138
v -0.511775792 0.584066808 0.6805709
v -0.510119259 0.585102618 0.682451308
v -0.508557439 0.584066808 0.684411108
v -0.50466615 0.58130604 0.682503939
v -0.50544703 0.578805208 0.681804419
v -0.507103562 0.577769399 0.679924011
v -0.508665383 0.578805208 0.677964211
v -0.50921756 0.58130604 0.677073002
v -0.50843668 0.583806872 0.677772522
v -0.506780148 0.584842682 0.679652929
v -0.505218327 0.583806872 0.68161273
v -0.50519532 0.577045202 0.66326642
v -0.506235898 0.574551582 0.663038492
v -0.508541405 0.573518634 0.662052989
v -0.510761142 0.574551582 0.660887361
v -0.511594951 0.577045202 0.660224319
v -0.510554373 0.579538822 0.660452247
v -0.508248866 0.580571771 0.66143775
v -0.506029129 0.579538822 0.662603378
v -0.500444651 0.575976372 0.653272569
v -0.501485229 0.573482752 0.653044641
v -0.503790736 0.572449803 0.652059138
v -0.506010473 0.573482752 0.650893509
v -0.506844282 0.575976372 0.650230467
v -0.505803704 0.578469992 0.650458395
v -0.503498197 0.57950294 0.651443899
v -0.50127846 0.578469992 0.652609527
v -0.500267863 0.575976372 0.650678575
v -0.501076579 0.573542833 0.651560068
v -0.503389537 0.572534859 0.652553737
v -0.505851805 0.573542833 0.653077424
v -0.50702107 0.575976372 0.652824461
v -0.506212354 0.57840991 0.651942968
v -0.503899395 0.579417884 0.650949299
v -0.501437128 0.57840991 0.650425613
v -0.505387068 0.571841836 0.634567976
v -0.506195784 0.569408298 0.635449469
v -0.508508742 0.568400323 0.636443138
v -0.51097101 0.569408298 0.636966825
v -0.512140274 0.571841836 0.636713862
v -0.511331558 0.574275374 0.635832369
v -0.5090186 0.575283349 0.6348387
v -0.506556332 0.574275374 0.634315014
v -0.506512284 0.571841836 0.638376594
v -0.507286251 0.569341004 0.637669563
v -0.508925617 0.568305075 0.635774195
v -0.510470152 0.569341004 0.633800745
v -0.511015058 0.571841836 0.632905245
v -0.510241091 0.574342668 0.633612275
v -0.508601725 0.575378597 0.635507643
v -0.50705719 0.574342668 0.637481093
v -0.499685377 0.571317494 0.63275826
v -0.500459313 0.568816662 0.632051229
v -0.50209868 0.567780733 0.630155861
v -0.503643215 0.568816662 0.628182411
v -0.50418812 0.571317494 0.627286911
v -0.503414154 0.573818326 0.627993941
v -0.501774788 0.574854255 0.629889309
v -0.500230253 0.573818326 0.63186276
v -0.501936734 0.568107605 0.631522298
v -0.504432678 0.569139123 0.631278574
v -0.505466521 0.571446717 0.630299151
v -0.504432678 0.573678613 0.629157662
v -0.501936734 0.574527383 0.628522873
v -0.499440789 0.573495865 0.628766596
v -0.498406947 0.571188271 0.62974602
v -0.499440789 0.568956375 0.630887508
v -0.502532184 0.565192938 0.625283837
v -0.505028129 0.566224456 0.625040114
v -0.506061971 0.56853205 0.62406069
v -0.505028129 0.570763946 0.622919202
v -0.502532184 0.571612716 0.622284412
v -0.50003624 0.570581198 0.622528136
v -0.499002397 0.568273604 0.623507559
v -0.50003624 0.566041708 0.624649048
v -0.502532184 0.564883173 0.624190032
v -0.505025625 0.565886259 0.623829961
v -0.506058455 0.568363488 0.623443067
v -0.505025625 0.570863783 0.623255968
v -0.502532184 0.571922481 0.623378217
v -0.500038743 0.570919394 0.623738289
v -0.499005884 0.568442166 0.624125183
v -0.500038743 0.56594187 0.624312282
v -0.500847399 0.562900543 0.606997788
v -0.50334084 0.56390363 0.606637716
v -0.50437367 0.566380858 0.606250823
v -0.50334084 0.568881154 0.606063724
v -0.500847399 0.569939852 0.606185973
v -0.498353928 0.568936765 0.606546044
v -0.497321099 0.566459537 0.606932938
v -0.498353928 0.563959241 0.607120037
v -0.500847399 0.563096642 0.607819378
v -0.503311992 0.564225793 0.607881367
v -0.5043329 0.566640377 0.607188046
v -0.503311992 0.568925977 0.606145442
v -0.500847399 0.569743752 0.605364382
v -0.498382777 0.568614602 0.605302393
v -0.497361898 0.566200018 0.605995715
v -0.498382777 0.563914418 0.607038319
v -0.502563298 0.55983609 0.598991096
v -0.50502789 0.56096524 0.599053085
v -0.506048799 0.563379824 0.598359764
v -0.50502789 0.565665424 0.597317159
v -0.502563298 0.5664832 0.5965361
v -0.500098705 0.565354049 0.596474111
v -0.499077797 0.562939465 0.597167432
v -0.500098705 0.560653865 0.598210037
v -0.502563298 0.559640169 0.598170698
v -0.505053461 0.560639441 0.597778618
v -0.506084919 0.563115001 0.597377717
v -0.505053461 0.565616727 0.597202897
v -0.502563298 0.56667912 0.597356498
v -0.500073135 0.565679848 0.597748578
v -0.499041706 0.563204288 0.598149478
v -0.500073135 0.560702562 0.598324299
v -0.500674009 0.557672024 0.581155241
v -0.503164172 0.558671296 0.580763161
v -0.504195631 0.561146855 0.58036226
v -0.503164172 0.563648582 0.58018744
v -0.500674009 0.564710975 0.580341041
v -0.498183846 0.563711703 0.58073312
v -0.497152418 0.561236143 0.581134021
v -0.498183846 0.558734417 0.581308842
v -0.503320873 0.561191499 0.583103299
v -0.502378345 0.558698893 0.582601488
v -0.500437438 0.557666481 0.581013978
v -0.498635143 0.558698893 0.57927078
v -0.498027146 0.561191499 0.578392982
v -0.498969674 0.563684106 0.578894794
v -0.50091058 0.564716518 0.580482304
v -0.502712905 0.563684106 0.582225502
v -0.493875861 0.562625825 0.593718112
v -0.492933333 0.560133219 0.5932163
v -0.490992457 0.559100807 0.59162879
v -0.489190131 0.560133219 0.589885592
v -0.488582134 0.562625825 0.589007795
v -0.489524662 0.565118432 0.589509606
v -0.491465539 0.566150844 0.591097116
v -0.493267864 0.565118432 0.592840314
v -0.504386246 0.55546689 0.553799868
v -0.503498256 0.552973032 0.553212166
v -0.501700819 0.551940084 0.5514642
v -0.500046849 0.552973032 0.549579918
v -0.499505222 0.55546689 0.548663139
v -0.500393212 0.557960749 0.549250841
v -0.50219065 0.558993697 0.550998807
v -0.503844619 0.557960749 0.552883089
v -0.496180743 0.556551158 0.56159687
v -0.495292753 0.5540573 0.561009169
v -0.493495315 0.553024352 0.559261203
v -0.491841346 0.5540573 0.557376921
v -0.491299719 0.556551158 0.556460142
v -0.492187709 0.559045017 0.557047844
v -0.493985146 0.560077965 0.55879581
v -0.495639116 0.559045017 0.560680091
v -0.493439108 0.551907361 0.541820049
v -0.49478215 0.549573183 0.541502178
v -0.496541858 0.548606336 0.539679587
v -0.497687429 0.549573183 0.537419975
v -0.497547776 0.551907361 0.536046863
v -0.496204734 0.554241538 0.536364734
v -0.494445026 0.555208385 0.538187325
v -0.493299454 0.554241538 0.540446937
v -0.488042206 0.549325049 0.537979126
v -0.489385247 0.546990871 0.537661254
v -0.491144955 0.546024024 0.535838664
v -0.492290527 0.546990871 0.533579051
v -0.492150873 0.549325049 0.532205939
v -0.490807831 0.551659226 0.532523811
v -0.489048123 0.552626073 0.534346402
v -0.487902552 0.551659226 0.536606014
v -0.490349412 0.546948731 0.517115355
v -0.491614103 0.544581473 0.517502248
v -0.494071573 0.543600917 0.516908526
v -0.49628225 0.544581473 0.515681922
v -0.496951163 0.546948731 0.51454103
v -0.495686471 0.549315989 0.514154136
v -0.493229002 0.550296545 0.514747858
v -0.491018325 0.549315989 0.515974462
v -0.486973614 0.543730319 0.508458257
v -0.488238305 0.54136306 0.50884515
v -0.490695775 0.540382504 0.508251429
v -0.492906451 0.54136306 0.507024825
v -0.493575364 0.543730319 0.505883932
v -0.492310673 0.546097577 0.505497038
v -0.489853203 0.547078133 0.50609076
v -0.487642527 0.546097577 0.507317364
v -0.489440024 0.543730319 0.510614395
v -0.48970601 0.541225195 0.50961107
v -0.490305007 0.540187478 0.507178485
v -0.490886122 0.541225195 0.504741549
v -0.491108954 0.543730319 0.503727794
v -0.490842968 0.546235442 0.504731119
v -0.490243971 0.547273159 0.507163703
v -0.489662856 0.546235442 0.509600639
v -0.48506698 0.543690443 0.509554625
v -0.485332966 0.541185319 0.5085513
v -0.485931963 0.540147603 0.506118715
v -0.486513078 0.541185319 0.503681779
v -0.48673591 0.543690443 0.502668023
v -0.486469924 0.546195567 0.503671348
v -0.485870928 0.547233284 0.506103933
v -0.485289812 0.546195567 0.508540869
v -0.507563591 0.528038442 0.446205527
v -0.510053217 0.529102743 0.446057022
v -0.511084497 0.531453967 0.445184469
v -0.510053217 0.533714831 0.444098949
v -0.507563591 0.534560859 0.443436414
v -0.505073965 0.533496559 0.443584919
v -0.504042685 0.531145334 0.444457471
v -0.505073965 0.52888447 0.445542991
v -0.509430885 0.521532178 0.430880606
v -0.511920512 0.522596478 0.430732101
v -0.512951791 0.524947703 0.429859549
v -0.511920512 0.527208567 0.428774029
v -0.509430885 0.528054595 0.428111494
v -0.506941259 0.526990294 0.428259999
v -0.505909979 0.52463907 0.429132551
v -0.506941259 0.522378206 0.430218071
v -0.509430885 0.521486402 0.430767357
v -0.511907399 0.522590697 0.430748075
v -0.512933254 0.524985313 0.429995358
v -0.511907399 0.527267516 0.428950161
v -0.509430885 0.528100371 0.428224742
v -0.506954372 0.526996076 0.428244025
v -0.505928516 0.52460146 0.428996742
v -0.506954372 0.522319257 0.430041939
v -0.512365282 0.514592409 0.412834316
v -0.514841795 0.515696704 0.412815034
v -0.515867651 0.518091321 0.412062317
v -0.514841795 0.520373523 0.41101712
v -0.512365282 0.521206379 0.410291702
v -0.509888768 0.520102084 0.410310984
v -0.508862913 0.517707467 0.411063701
v -0.509888768 0.515425265 0.412108898
v -0.531088352 0.486736149 0.355123997
v -0.533489108 0.487940758 0.354752213
v -0.534483552 0.489724547 0.352968276
v -0.533489108 0.491042525 0.350817204
v -0.531088352 0.491122693 0.349559069
v -0.528687596 0.489918083 0.349930853
v -0.527693152 0.488134295 0.35171479
v -0.528687596 0.486816317 0.353865862
v -0.533108711 0.481415182 0.350929737
v -0.535509467 0.482619792 0.350557953
v -0.536503911 0.48440358 0.348774016
v -0.535509467 0.485721558 0.346622944
v -0.533108711 0.485801727 0.345364809
v -0.530707955 0.484597117 0.345736593
v -0.529713511 0.482813329 0.34752053
v -0.530707955 0.481495351 0.349671602
v -0.533108711 0.480934948 0.350472122
v -0.535311222 0.482501388 0.350692064
v -0.536223531 0.484716326 0.349421293
v -0.535311222 0.486282289 0.347404212
v -0.533108711 0.486281961 0.345822424
v -0.5309062 0.484715521 0.345602483
v -0.529993892 0.482500583 0.346873254
v -0.5309062 0.48093462 0.348890334
v -0.540192842 0.472358942 0.340610027
v -0.542395353 0.473925382 0.340829968
v -0.543307662 0.47614032 0.339559197
v -0.542395353 0.477706283 0.337542117
v -0.540192842 0.477705956 0.335960329
v -0.537990332 0.476139516 0.335740387
v -0.537078023 0.473924577 0.337011158
v -0.537990332 0.472358614 0.339028239
v -0.540192842 0.475867838 0.34172824
v -0.542695165 0.475505739 0.34074828
v -0.543731689 0.47486639 0.338325471
v -0.542695165 0.474324316 0.335879058
v -0.540192842 0.47419706 0.334842116
v -0.53769052 0.474559158 0.335822076
v -0.536653996 0.475198507 0.338244885
v -0.53769052 0.475740582 0.340691298
v -0.539964318 0.471268624 0.342844129
v -0.54246664 0.470906526 0.341864169
v -0.543503165 0.470267177 0.339441359
v -0.54246664 0.469725102 0.336994946
v -0.539964318 0.469597846 0.335958004
v -0.537461996 0.469959944 0.336937964
v -0.536425471 0.470599294 0.339360774
v -0.537461996 0.471141368 0.341807187
v -0.539964318 0.473257452 0.341540307
v -0.542362928 0.471993655 0.341490149
v -0.543356478 0.469815791 0.340216219
v -0.542362928 0.467999607 0.338464826
v -0.539964318 0.467609018 0.337261826
v -0.537565708 0.468872815 0.337311983
v -0.536572158 0.47105068 0.338585913
v -0.537565708 0.472866863 0.340337306
v -0.537969589 0.469262242 0.346814811
v -0.540368199 0.467998445 0.346764654
v -0.541361749 0.465820581 0.345490724
v -0.540368199 0.464004397 0.343739331
v -0.537969589 0.463613808 0.34253633
v -0.535570979 0.464877605 0.342586488
v -0.534577429 0.46705547 0.343860418
v -0.535570979 0.468871653 0.345611811
v -0.537969589 0.463875324 0.347122014
v -0.54017067 0.465452045 0.347270876
v -0.541082442 0.467606366 0.345899433
v -0.54017067 0.469076276 0.343811095
v -0.537969589 0.469000727 0.342229128
v -0.535768509 0.467424005 0.342080265
v -0.534856737 0.465269685 0.343451709
v -0.535768509 0.463799775 0.345540047
v -0.544669747 0.45536378 0.338205934
v -0.546870828 0.456940502 0.338354796
v -0.5477826 0.459094822 0.336983353
v -0.546870828 0.460564733 0.334895015
v -0.544669747 0.460489184 0.333313048
v -0.542468667 0.458912462 0.333164185
v -0.541556895 0.456758142 0.334535629
v -0.542468667 0.455288231 0.336623967
v -0.548025906 0.459061712 0.335759491
v -0.547176957 0.458332926 0.333289415
v -0.54485929 0.457366079 0.332266271
v -0.542430639 0.456727505 0.333289415
v -0.541313589 0.456791252 0.335759491
v -0.542162538 0.457520038 0.338229567
v -0.544480205 0.458486885 0.33925271
v -0.546908855 0.459125459 0.338229567
v -0.550406456 0.452023834 0.337017745
v -0.549557507 0.451295048 0.334547669
v -0.54723984 0.450328201 0.333524525
v -0.544811189 0.449689627 0.334547669
v -0.543694139 0.449753374 0.337017745
v -0.544543087 0.45048216 0.339487821
v -0.546860754 0.451449007 0.340510964
v -0.549289405 0.452087581 0.339487821
v -0.547050297 0.449899822 0.340419918
v -0.549521446 0.450584918 0.339538395
v -0.550545037 0.451447904 0.337180287
v -0.549521446 0.451983273 0.334726989
v -0.547050297 0.451877385 0.333615571
v -0.544579148 0.45119229 0.334497094
v -0.543555558 0.450329304 0.336855203
v -0.544579148 0.449793935 0.3393085
v -0.547917664 0.44490236 0.338967502
v -0.550388813 0.445587456 0.338085979
v -0.551412404 0.446450442 0.33572787
v -0.550388813 0.446985811 0.333274573
v -0.547917664 0.446879923 0.332163155
v -0.545446515 0.446194828 0.333044678
v -0.544422925 0.445331842 0.335402787
v -0.545446515 0.444796473 0.337856084
v -0.551280856 0.447005361 0.335565329
v -0.550441086 0.446240515 0.333103031
v -0.548123121 0.445271015 0.332083106
v -0.545684814 0.444664776 0.333103031
v -0.544554472 0.444776922 0.335565329
v -0.545394242 0.445541769 0.338027626
v -0.547712207 0.446511269 0.339047551
v -0.550150514 0.447117507 0.338027626
v -0.553609431 0.439976692 0.336954385
v -0.552769661 0.439211845 0.334492087
v -0.550451696 0.438242346 0.333472162
v -0.548013389 0.437636107 0.334492087
v -0.546883047 0.437748253 0.336954385
v -0.547722816 0.4385131 0.339416683
v -0.550040781 0.439482599 0.340436608
v -0.552479088 0.440088838 0.339416683
v -0.553405702 0.440465689 0.336954385
v -0.552201927 0.440544814 0.334525853
v -0.54985249 0.439638436 0.333519936
v -0.547733724 0.438277513 0.334525853
v -0.547086775 0.437259257 0.336954385
v -0.548290551 0.437180132 0.339382917
v -0.550639987 0.43808651 0.340388834
v -0.552758753 0.439447433 0.339382917
v -0.557252705 0.432884365 0.334800452
v -0.55604893 0.43296349 0.33237192
v -0.553699493 0.432057112 0.331366003
v -0.551580727 0.430696189 0.33237192
v -0.550933778 0.429677933 0.334800452
v -0.552137554 0.429598808 0.337228984
v -0.55448699 0.430505186 0.338234901
v -0.556605756 0.431866109 0.337228984
v -0.554093242 0.430726171 0.338299662
v -0.556581378 0.431177199 0.337320536
v -0.557612062 0.431689113 0.334865153
v -0.556581378 0.431962073 0.332371891
v -0.554093242 0.431836128 0.331301242
v -0.551605105 0.4313851 0.332280368
v -0.550574422 0.430873185 0.334735751
v -0.551605105 0.430600226 0.337229013
v -0.554677725 0.425808728 0.337519735
v -0.557165861 0.426259756 0.33654061
v -0.558196545 0.426771671 0.334085226
v -0.557165861 0.42704463 0.331591964
v -0.554677725 0.426918685 0.330521315
v -0.552189589 0.426467657 0.331500441
v -0.551158905 0.425955743 0.333955824
v -0.552189589 0.425682783 0.336449087
v -0.557132244 0.428918689 0.334020525
v -0.55663377 0.427958578 0.331533998
v -0.554989457 0.426064223 0.33050403
v -0.553162575 0.424345285 0.331533998
v -0.552223206 0.423808724 0.334020525
v -0.552721679 0.424768835 0.336507052
v -0.554365993 0.42666319 0.33753702
v -0.556192875 0.428382128 0.336507052
v -0.562128842 0.424118578 0.334872276
v -0.561630368 0.423158467 0.332385749
v -0.559986055 0.421264112 0.33135578
v -0.558159173 0.419545174 0.332385749
v -0.557219803 0.419008613 0.334872276
v -0.557718277 0.419968724 0.337358803
v -0.55936259 0.421863079 0.338388771
v -0.561189473 0.423582017 0.337358803
v -0.563043058 0.422660887 0.334872276
v -0.562210381 0.421866685 0.332416862
v -0.559892118 0.420894921 0.331399798
v -0.557446241 0.420314878 0.332416862
v -0.556305587 0.420466304 0.334872276
v -0.557138264 0.421260506 0.337327689
v -0.559456527 0.42223227 0.338344753
v -0.561902404 0.422812313 0.337327689
v -0.565334558 0.41562584 0.336370707
v -0.564501882 0.414831638 0.333915293
v -0.562183619 0.413859874 0.332898229
v -0.559737742 0.413279831 0.333915293
v -0.558597088 0.413431257 0.336370707
v -0.559429765 0.414225459 0.33882612
v -0.561748028 0.415197223 0.339843184
v -0.564193904 0.415777266 0.33882612
v -0.561965823 0.415375531 0.339810938
v -0.564467967 0.415006667 0.338833064
v -0.565504432 0.414357722 0.336412758
v -0.564467967 0.413808852 0.333967835
v -0.561965823 0.413681567 0.332930475
v -0.55946368 0.41405043 0.333908349
v -0.558427215 0.414699376 0.336328655
v -0.55946368 0.415248245 0.338773578
v -0.561729133 0.410752505 0.340949118
v -0.564231277 0.410383642 0.339971244
v -0.565267742 0.409734696 0.337550938
v -0.564231277 0.409185827 0.335106015
v -0.561729133 0.409058541 0.334068656
v -0.55922699 0.409427404 0.33504653
v -0.558190525 0.41007635 0.337466836
v -0.55922699 0.410625219 0.339911759
v -0.561729133 0.41099906 0.340878874
v -0.564147174 0.41130206 0.339689553
v -0.565148771 0.410786986 0.337222844
v -0.564147174 0.409755588 0.334923685
v -0.561729133 0.408811986 0.3341389
v -0.559311092 0.408508986 0.335328221
v -0.558309495 0.40902406 0.33779493
v -0.559311092 0.410055459 0.34009409
v -0.563699961 0.404081762 0.343123496
v -0.566118002 0.404384762 0.341934174
v -0.567119598 0.403869689 0.339467466
v -0.566118002 0.40283829 0.337168306
v -0.563699961 0.401894689 0.336383522
v -0.561281919 0.401591688 0.337572843
v -0.560280323 0.402106762 0.340039551
v -0.561281919 0.403138161 0.342338711
v -0.563699961 0.403579742 0.343246728
v -0.566204786 0.403360993 0.342231303
v -0.567242324 0.402923882 0.339764416
v -0.566204786 0.402524471 0.337291121
v -0.563699961 0.402396709 0.336260289
v -0.561195135 0.402615458 0.337275714
v -0.560157597 0.403052568 0.339742601
v -0.561195135 0.403451979 0.342215896
v -0.563612521 0.398899823 0.344039202
v -0.566117346 0.398681074 0.343023777
v -0.567154884 0.398243964 0.34055689
v -0.566117346 0.397844553 0.338083595
v -0.563612521 0.39771679 0.337052763
v -0.561107695 0.397935539 0.338068187
v -0.560070157 0.39837265 0.340535074
v -0.561107695 0.398772061 0.343008369
v -0.566831946 0.399787486 0.340545982
v -0.565744519 0.399668723 0.33806476
v -0.563408196 0.398753047 0.337036997
v -0.561191559 0.397576869 0.33806476
v -0.560393095 0.396829128 0.340545982
v -0.561480522 0.396947891 0.343027204
v -0.563816845 0.397863567 0.344054967
v -0.566033483 0.399039745 0.343027204
v -0.570270598 0.392303258 0.339397162
v -0.569183171 0.392184496 0.33691594
v -0.566846848 0.39126882 0.335888177
v -0.56463021 0.390092641 0.33691594
v -0.563831747 0.389344901 0.339397162
v -0.564919174 0.389463663 0.341878384
v -0.567255497 0.390379339 0.342906147
v -0.569472134 0.391555518 0.341878384
v -0.567051172 0.388512701 0.342082322
v -0.56943959 0.389762759 0.341789156
v -0.570428908 0.391634524 0.340094805
v -0.56943959 0.393031538 0.337991774
v -0.567051172 0.393135458 0.336712003
v -0.564662755 0.3918854 0.337005168
v -0.563673437 0.390013635 0.33869952
v -0.564662755 0.388616621 0.34080255
v -0.569405437 0.382876843 0.33723101
v -0.571793854 0.384126902 0.336937845
v -0.572783172 0.385998666 0.335243493
v -0.571793854 0.38739568 0.333140463
v -0.569405437 0.387499601 0.331860691
v -0.567017019 0.386249542 0.332153857
v -0.566027701 0.384377778 0.333848208
v -0.567017019 0.382980764 0.335951239
v -0.569405437 0.382787138 0.33715111
v -0.571606457 0.384370327 0.337199003
v -0.57251811 0.386432618 0.335692704
v -0.571606457 0.387765974 0.333514601
v -0.569405437 0.387589306 0.331940591
v -0.567204416 0.386006117 0.331892699
v -0.566292763 0.383943826 0.333398998
v -0.567204416 0.38261047 0.335577101
v -0.575825751 0.374103487 0.329148054
v -0.578026772 0.375686675 0.329195946
v -0.578938425 0.377748966 0.327689648
v -0.578026772 0.379082322 0.325511545
v -0.575825751 0.378905654 0.323937535
v -0.57362473 0.377322465 0.323889643
v -0.572713077 0.375260174 0.325395942
v -0.57362473 0.373926818 0.327574044
v -0.575825751 0.377080381 0.330038637
v -0.578330636 0.376871198 0.329021424
v -0.579368234 0.37644726 0.326552242
v -0.578330636 0.37605688 0.324077517
v -0.575825751 0.37592876 0.323046952
v -0.573320866 0.376137942 0.324064165
v -0.572283268 0.37656188 0.326533347
v -0.573320866 0.376952261 0.329008073
v -0.57574743 0.372367531 0.330814898
v -0.578252316 0.372158349 0.329797685
v -0.579289913 0.371734411 0.327328503
v -0.578252316 0.37134403 0.324853778
v -0.57574743 0.37121591 0.323823214
v -0.573242545 0.371425092 0.324840426
v -0.572204947 0.37184903 0.327309608
v -0.573242545 0.372239411 0.329784334
v -0.57574743 0.369353771 0.329889864
v -0.577948928 0.37093544 0.329959631
v -0.578860819 0.373018682 0.328482628
v -0.577948928 0.374383211 0.326323986
v -0.57574743 0.37422967 0.324748248
v -0.573545933 0.372648001 0.324678481
v -0.572634041 0.370564759 0.326155484
v -0.573545933 0.36920023 0.328314126
v -0.582335711 0.360551894 0.321542829
v -0.584537208 0.362133563 0.321612597
v -0.5854491 0.364216805 0.320135593
v -0.584537208 0.365581334 0.317976952
v -0.582335711 0.365427792 0.316401213
v -0.580134213 0.363846123 0.316331446
v -0.579222322 0.361762881 0.317808449
v -0.580134213 0.360398352 0.319967091
v -0.570180357 0.365635037 0.350062311
v -0.572684586 0.36495325 0.349276751
v -0.573721886 0.363205731 0.34748137
v -0.572684586 0.361416191 0.345727891
v -0.570180357 0.360632896 0.34504348
v -0.567676127 0.361314684 0.34582904
v -0.566638827 0.363062203 0.347624421
v -0.567676127 0.364851743 0.3493779
v -0.570431709 0.359412491 0.356264174
v -0.572935939 0.358730704 0.355478615
v -0.573973238 0.356983185 0.353683233
v -0.572935939 0.355193645 0.351929754
v -0.570431709 0.35441035 0.351245344
v -0.56792748 0.355092138 0.352030903
v -0.56689018 0.356839657 0.353826284
v -0.56792748 0.358629197 0.355579764
v -0.570431709 0.358824909 0.356736571
v -0.572895229 0.357881278 0.356109113
v -0.57391566 0.356369525 0.354102492
v -0.572895229 0.355175197 0.351892203
v -0.570431709 0.354997933 0.350772947
v -0.56796819 0.355941564 0.351400405
v -0.566947758 0.357453316 0.353407025
v -0.56796819 0.358647645 0.355617315
v -0.569481134 0.354496092 0.359514475
v -0.571944654 0.353552461 0.358887017
v -0.572965086 0.352040708 0.356880397
v -0.571944654 0.35084638 0.354670107
v -0.569481134 0.350669116 0.353550851
v -0.567017615 0.351612747 0.354178309
v -0.565997183 0.353124499 0.35618493
v -0.567017615 0.354318827 0.358395219
v -0.572779536 0.353876054 0.356532663
v -0.571838439 0.35343349 0.354028344
v -0.56951648 0.352492511 0.352991015
v -0.567173779 0.351604283 0.354028344
v -0.566182733 0.351289153 0.356532663
v -0.56712383 0.351731718 0.359036982
v -0.569445789 0.352672696 0.360074311
v -0.57178849 0.353560925 0.359036982
v -0.57563436 0.346595973 0.356746346
v -0.574693263 0.346153408 0.354242027
v -0.572371304 0.34521243 0.353204697
v -0.570028603 0.344324201 0.354242027
v -0.569037557 0.344009072 0.356746346
v -0.569978654 0.344451636 0.359250665
v -0.572300613 0.345392615 0.360287994
v -0.574643314 0.346280843 0.359250665
v -0.572335958 0.346396059 0.360116333
v -0.574754 0.346699059 0.358927011
v -0.575755596 0.346183985 0.356460303
v -0.574754 0.345152557 0.354161143
v -0.572335958 0.344208986 0.353376359
v -0.569917917 0.343905985 0.35456568
v -0.568916321 0.344421059 0.357032388
v -0.569917917 0.345452487 0.359331548
v -0.574306667 0.339479119 0.362360835
v -0.576724708 0.339782119 0.361171514
v -0.577726305 0.339267045 0.358704805
v -0.576724708 0.338235617 0.356405646
v -0.574306667 0.337292045 0.355620861
v -0.571888626 0.336989045 0.356810182
v -0.570887029 0.337504119 0.359276891
v -0.571888626 0.338535547 0.361576051
v -0.577459753 0.340001285 0.358990848
v -0.576240003 0.340106249 0.356571317
v -0.573887646 0.339203268 0.355569094
v -0.571780801 0.337821305 0.356571317
v -0.571153581 0.336769879 0.358990848
v -0.572373331 0.336664915 0.361410379
v -0.574725688 0.337567896 0.362412602
v -0.576832533 0.338949859 0.361410379
v -0.581439435 0.33223474 0.356647551
v -0.580219686 0.332339704 0.35422802
v -0.577867329 0.331436723 0.353225797
v -0.575760484 0.33005476 0.35422802
v -0.575133264 0.329003334 0.356647551
v -0.576353014 0.32889837 0.359067082
v -0.57870537 0.329801351 0.360069305
v -0.580812216 0.331183314 0.359067082
v -0.57828635 0.331454426 0.360090613
v -0.580788672 0.331092328 0.359110653
v -0.581825197 0.330452979 0.356687844
v -0.580788672 0.329910904 0.354241431
v -0.57828635 0.329783648 0.353204489
v -0.575784028 0.330145746 0.354184449
v -0.574747503 0.330785096 0.356607258
v -0.575784028 0.33132717 0.359053671
v -0.578056216 0.326822907 0.36121437
v -0.580558538 0.326460809 0.36023441
v -0.581595063 0.325821459 0.3578116
v -0.580558538 0.325279385 0.355365187
v -0.578056216 0.325152129 0.354328245
v -0.575553894 0.325514227 0.355308205
v -0.574517369 0.326153576 0.357731014
v -0.575553894 0.326695651 0.360177428
v -0.581585228 0.326301455 0.357771307
v -0.580533683 0.326411158 0.35527426
v -0.578030825 0.326272696 0.354239941
v -0.575542867 0.325967193 0.35527426
v -0.574527204 0.32567358 0.357771307
v -0.575578749 0.325563878 0.360268354
v -0.578081608 0.325702339 0.361302674
v -0.580569565 0.326007843 0.360268354
v -0.582022727 0.321383387 0.357371002
v -0.580971181 0.321493089 0.354873955
v -0.578468323 0.321354628 0.353839636
v -0.575980365 0.321049124 0.354873955
v -0.574964702 0.320755512 0.357371002
v -0.576016247 0.320645809 0.35986805
v -0.578519106 0.320784271 0.360902369
v -0.581007063 0.321089774 0.35986805
v -0.581815362 0.322302014 0.357371002
v -0.580913126 0.321750581 0.354873985
v -0.578593612 0.320800155 0.353839695
v -0.576215625 0.320007473 0.354873985
v -0.575172067 0.319836885 0.357371002
v -0.576074302 0.320388317 0.35986802
v -0.578393817 0.321338743 0.360902309
v -0.580771804 0.322131425 0.35986802
v -0.584500909 0.315064639 0.357998908
v -0.583598673 0.314513206 0.35550189
v -0.581279159 0.313562781 0.354467601
v -0.578901172 0.312770098 0.35550189
v -0.577857614 0.31259951 0.357998908
v -0.578759849 0.313150942 0.360495925
v -0.581079364 0.314101368 0.361530215
v -0.583457351 0.31489405 0.360495925
v -0.581179261 0.314667463 0.36144197
v -0.583681583 0.314305335 0.36046201
v -0.584718108 0.313665986 0.3580392
v -0.583681583 0.313123941 0.355592787
v -0.581179261 0.312996686 0.354555845
v -0.578676939 0.313358814 0.355535805
v -0.577640414 0.313998163 0.357958615
v -0.578676939 0.314540207 0.360405028
v -0.580948889 0.310031682 0.362566739
v -0.583451211 0.309669554 0.361586779
v -0.584487736 0.309030205 0.35916397
v -0.583451211 0.30848816 0.356717557
v -0.580948889 0.308360904 0.355680615
v -0.578446567 0.308723032 0.356660575
v -0.577410042 0.309362382 0.359083384
v -0.578446567 0.309904426 0.361529797
v -0.580948889 0.307958484 0.362443388
v -0.583405197 0.308782756 0.361643225
v -0.584422648 0.309849262 0.359367162
v -0.583405197 0.310533255 0.356948465
v -0.580948889 0.310434103 0.355803967
v -0.578492582 0.30960983 0.356604129
v -0.577475131 0.308543324 0.358880192
v -0.578492582 0.307859331 0.361298889
v -0.583190024 0.297491163 0.358540505
v -0.585646331 0.298315436 0.357740343
v -0.586663783 0.299381942 0.35546428
v -0.585646331 0.300065935 0.353045583
v -0.583190024 0.299966782 0.351901084
v -0.580733716 0.29914251 0.352701247
v -0.579716265 0.298076004 0.35497731
v -0.580733716 0.297392011 0.357396007
v -0.586537004 0.299890995 0.355220795
v -0.585673451 0.299214363 0.352740973
v -0.583355129 0.298253357 0.351713777
v -0.580940127 0.297570974 0.352740973
v -0.579843044 0.29756695 0.355220795
v -0.580706596 0.298243582 0.357700616
v -0.583024919 0.299204588 0.358727813
v -0.58543992 0.299886972 0.357700616
v -0.589027584 0.292717457 0.356310904
v -0.588164032 0.292040825 0.353831083
v -0.585845709 0.291079819 0.352803886
v -0.583430707 0.290397435 0.353831083
v -0.582333624 0.290393412 0.356310904
v -0.583197176 0.291070044 0.358790725
v -0.585515499 0.29203105 0.359817922
v -0.587930501 0.292713434 0.358790725
v -0.585680604 0.294582784 0.358151495
v -0.588053584 0.293278784 0.358298779
v -0.589036524 0.290965259 0.357281595
v -0.588053584 0.288997471 0.355695784
v -0.585680604 0.288528085 0.354470313
v -0.583307624 0.289832085 0.35432303
v -0.582324684 0.29214561 0.355340213
v -0.583307624 0.294113398 0.356926024
v -0.583287239 0.290909737 0.364192814
v -0.585660219 0.289605737 0.364340097
v -0.586643159 0.287292212 0.363322914
v -0.585660219 0.285324425 0.361737102
v -0.583287239 0.284855038 0.360511631
v -0.580914259 0.286159039 0.360364348
v -0.579931319 0.288472563 0.361381531
v -0.580914259 0.290440351 0.362967342
v -0.583287239 0.288180739 0.365882605
v -0.585792065 0.288138598 0.364844739
v -0.586829603 0.287946373 0.362346828
v -0.585792065 0.287716687 0.359852046
v -0.583287239 0.287584037 0.358821839
v -0.580782413 0.287626177 0.359859705
v -0.579744875 0.287818402 0.362357616
v -0.580782413 0.288048089 0.364852399
v -0.583374262 0.283397913 0.366286784
v -0.585879087 0.283355772 0.365248919
v -0.586916625 0.283163548 0.362751007
v -0.585879087 0.282933861 0.360256225
v -0.583374262 0.282801211 0.359226018
v -0.580869436 0.282843351 0.360263884
v -0.579831898 0.283035576 0.362761796
v -0.580869436 0.283265263 0.365256578
v -0.583374262 0.281713933 0.366017163
v -0.585821986 0.282610953 0.365270823
v -0.586835921 0.283794194 0.363051593
v -0.585821986 0.284570545 0.36065942
v -0.583374262 0.284485191 0.35949564
v -0.580926538 0.283588171 0.360241979
v -0.579912603 0.282404929 0.362461209
v -0.580926538 0.281628579 0.364853382
v -0.585897267 0.271063864 0.361491472
v -0.588344991 0.271960884 0.360745132
v -0.589358926 0.273144126 0.358525902
v -0.588344991 0.273920476 0.356133729
v -0.585897267 0.273835123 0.354969949
v -0.583449543 0.272938102 0.355716288
v -0.582435608 0.271754861 0.357935518
v -0.583449543 0.27097851 0.360327691
v -0.589128733 0.273902178 0.35823071
v -0.588057697 0.273753703 0.355743945
v -0.585721135 0.272841245 0.354713887
v -0.583487749 0.27169928 0.355743945
v -0.582665801 0.270996809 0.35823071
v -0.583736837 0.271145284 0.360717475
v -0.586073399 0.272057742 0.361747533
v -0.588306785 0.273199707 0.360717475
v -0.592555165 0.266280234 0.3572101
v -0.591484129 0.266131759 0.354723334
v -0.589147568 0.265219301 0.353693277
v -0.586914182 0.264077336 0.354723334
v -0.586092234 0.263374865 0.3572101
v -0.58716327 0.26352334 0.359696865
v -0.589499831 0.264435798 0.360726923
v -0.591733217 0.265577763 0.359696865
v -0.589323699 0.267456412 0.359585285
v -0.591734648 0.266229957 0.359394878
v -0.592733264 0.264181972 0.35792464
v -0.591734648 0.262512147 0.356035829
v -0.589323699 0.262198687 0.354834914
v -0.586912751 0.263425142 0.355025321
v -0.585914135 0.265473127 0.356495559
v -0.586912751 0.267142951 0.358384371
v -0.58764708 0.263476759 0.363989979
v -0.590058029 0.262250304 0.363799572
v -0.591056645 0.260202318 0.362329334
v -0.590058029 0.258532494 0.360440522
v -0.58764708 0.258219033 0.359239608
v -0.585236132 0.259445488 0.359430015
v -0.584237516 0.261493474 0.360900253
v -0.585236132 0.263163298 0.362789065
v -0.58764708 0.261205345 0.365139663
v -0.590152204 0.261128038 0.36410448
v -0.591189802 0.26088661 0.36161086
v -0.590152204 0.260622531 0.359119534
v -0.58764708 0.260490447 0.358089924
v -0.585141957 0.260567755 0.359125108
v -0.584104359 0.260809183 0.361618727
v -0.585141957 0.261073261 0.364110053
v -0.58769989 0.256422997 0.365624636
v -0.590205014 0.256345689 0.364589453
v -0.591242611 0.256104261 0.362095833
v -0.590205014 0.255840182 0.359604508
v -0.58769989 0.255708098 0.358574897
v -0.585194767 0.255785406 0.359610081
v -0.584157169 0.256026834 0.362103701
v -0.585194767 0.256290913 0.364595026
v -0.590760827 0.257849663 0.362099767
v -0.589357972 0.258195877 0.359805197
v -0.5869838 0.257294178 0.358854741
v -0.585029066 0.255672753 0.359805197
v -0.584638953 0.254281431 0.362099767
v -0.586041808 0.253935218 0.364394337
v -0.58841598 0.254836917 0.365344793
v -0.590370715 0.256458342 0.364394337
v -0.595603347 0.249541461 0.35788548
v -0.594200492 0.249887675 0.35559091
v -0.59182632 0.248985976 0.354640454
v -0.589871585 0.247364551 0.35559091
v -0.589481473 0.245973229 0.35788548
v -0.590884328 0.245627016 0.36018005
v -0.5932585 0.246528715 0.361130506
v -0.595213234 0.24815014 0.36018005
v -0.59254241 0.248027563 0.361418128
v -0.595047057 0.248002887 0.360379279
v -0.596084535 0.24783437 0.357879579
v -0.595047057 0.247620746 0.355383366
v -0.59254241 0.247487128 0.354352832
v -0.590037763 0.247511804 0.355391681
v -0.589000285 0.247680321 0.357891381
v -0.590037763 0.247893944 0.360387594
v -0.592753291 0.238386869 0.362155557
v -0.595257938 0.238362193 0.361116707
v -0.596295416 0.238193676 0.358617008
v -0.595257938 0.237980053 0.356120795
v -0.592753291 0.237846434 0.355090261
v -0.590248644 0.23787111 0.35612911
v -0.589211166 0.238039628 0.358628809
v -0.590248644 0.238253251 0.361125022
v -0.592753291 0.240847185 0.360880494
v -0.595154822 0.239592925 0.360769004
v -0.596149623 0.237473875 0.359400362
v -0.595154822 0.235731348 0.357576281
v -0.592753291 0.235386118 0.356365323
v -0.59035176 0.236640379 0.356476814
v -0.589356959 0.238759428 0.357845455
v -0.59035176 0.240501955 0.359669536
v -0.590937316 0.236951247 0.365592599
v -0.593338847 0.235696986 0.365481108
v -0.594333649 0.233577937 0.364112467
v -0.593338847 0.23183541 0.362288386
v -0.590937316 0.23149018 0.361077428
v -0.588535786 0.23274444 0.361188918
v -0.587540984 0.23486349 0.36255756
v -0.588535786 0.236606017 0.364381641
v -0.590937316 0.235550418 0.366618991
v -0.5934273 0.234905154 0.365760714
v -0.594458699 0.233858943 0.363481492
v -0.5934273 0.233024657 0.361116469
v -0.590937316 0.232891008 0.360051036
v -0.588447332 0.233536273 0.360909313
v -0.587415934 0.234582484 0.363188535
v -0.588447332 0.23541677 0.365553558
v -0.590398431 0.23104389 0.368443727
v -0.592888415 0.230398625 0.36758545
v -0.593919814 0.229352415 0.365306228
v -0.592888415 0.228518128 0.362941206
v -0.590398431 0.22838448 0.361875772
v -0.587908447 0.229029745 0.36273405
v -0.586877048 0.230075955 0.365013272
v -0.587908447 0.230910242 0.367378294
v -0.590398431 0.227309376 0.367761582
v -0.592606425 0.228882924 0.367802888
v -0.593521059 0.230943412 0.366295904
v -0.592606425 0.232283846 0.364123374
v -0.590398431 0.232118994 0.362557918
v -0.588190436 0.230545446 0.362516612
v -0.587275803 0.228484958 0.364023596
v -0.588190436 0.227144524 0.366196126
v -0.59720403 0.217986003 0.359144181
v -0.599412024 0.21955955 0.359185487
v -0.600326657 0.221620038 0.357678503
v -0.599412024 0.222960472 0.355505973
v -0.59720403 0.222795621 0.353940517
v -0.594996035 0.221222073 0.353899211
v -0.594081402 0.219161585 0.355406195
v -0.594996035 0.217821151 0.357578725
v -0.59720403 0.222885683 0.359057933
v -0.599625826 0.2216997 0.358772635
v -0.600628972 0.219746977 0.357180864
v -0.599625826 0.218171418 0.355215073
v -0.59720403 0.21789594 0.354026765
v -0.594782233 0.219081923 0.354312062
v -0.593779087 0.221034646 0.355903834
v -0.594782233 0.222610205 0.357869625
v -0.595697105 0.218844384 0.363065958
v -0.598118901 0.217658401 0.36278066
v -0.599122047 0.215705678 0.361188889
v -0.598118901 0.214130118 0.359223098
v -0.595697105 0.213854641 0.35803479
v -0.593275309 0.215040624 0.358320087
v -0.592272162 0.216993347 0.359911859
v -0.593275309 0.218568906 0.36187765
v -0.595697105 0.2176065 0.363862872
v -0.598189533 0.217001453 0.362982541
v -0.599221885 0.216014519 0.360677481
v -0.598189533 0.215223819 0.358297974
v -0.595697105 0.215092525 0.357237875
v -0.593204677 0.215697572 0.358118206
v -0.592172325 0.216684505 0.360423267
v -0.593204677 0.217475206 0.362802774
v -0.594710886 0.208535627 0.367304981
v -0.597203314 0.20793058 0.36642465
v -0.598235667 0.206943646 0.364119589
v -0.597203314 0.206152946 0.361740083
v -0.594710886 0.206021652 0.360679984
v -0.592218459 0.206626698 0.361560315
v -0.591186106 0.207613632 0.363865376
v -0.592218459 0.208404332 0.366244882
v -0.594710886 0.208114043 0.367435545
v -0.597213209 0.207751945 0.366455585
v -0.598249733 0.207112595 0.364032775
v -0.597213209 0.206570506 0.361586362
v -0.594710886 0.206443235 0.36054942
v -0.592208564 0.206805333 0.36152938
v -0.59117204 0.207444683 0.36395219
v -0.592208564 0.207986772 0.366398603
v -0.594479144 0.203449756 0.368567258
v -0.596981466 0.203087658 0.367587298
v -0.598017991 0.202448308 0.365164489
v -0.596981466 0.201906219 0.362718076
v -0.594479144 0.201778948 0.361681134
v -0.591976821 0.202141047 0.362661093
v -0.590940297 0.202780396 0.365083903
v -0.591976821 0.203322485 0.367530316
v -0.594479144 0.202075794 0.368625998
v -0.596966565 0.202528402 0.367645681
v -0.597996891 0.203031346 0.36518833
v -0.596966565 0.20329003 0.362693399
v -0.594479144 0.20315291 0.361622393
v -0.591991723 0.202700302 0.362602711
v -0.590961397 0.202197358 0.365060061
v -0.591991723 0.201938674 0.367554992
v -0.595716059 0.191882357 0.367058307
v -0.59820348 0.192334965 0.366077989
v -0.599233806 0.192837909 0.363620639
v -0.59820348 0.193096593 0.361125708
v -0.595716059 0.192959473 0.360054702
v -0.593228638 0.192506865 0.361035019
v -0.592198312 0.192003921 0.36349237
v -0.593228638 0.191745237 0.365987301
v -0.595716059 0.193256319 0.366999567
v -0.598218381 0.192894191 0.366019607
v -0.599254906 0.192254841 0.363596797
v -0.598218381 0.191712767 0.361150384
v -0.595716059 0.191585511 0.360113442
v -0.593213737 0.191947639 0.361093402
v -0.592177212 0.192586988 0.363516212
v -0.593213737 0.193129063 0.365962625
v -0.595484018 0.188586846 0.368132532
v -0.597986341 0.188224718 0.367152572
v -0.599022865 0.187585369 0.364729762
v -0.597986341 0.187043294 0.362283349
v -0.595484018 0.186916038 0.361246407
v -0.592981696 0.187278166 0.362226367
v -0.591945171 0.187917516 0.364649177
v -0.592981696 0.18845959 0.36709559
v -0.595484018 0.186981916 0.36814785
v -0.597962499 0.187563881 0.367214262
v -0.598989129 0.188255712 0.364801675
v -0.597962499 0.188652158 0.362323374
v -0.595484018 0.188520968 0.361231089
v -0.593005538 0.187939003 0.362164676
v -0.591978908 0.187247172 0.364577264
v -0.593005538 0.186850727 0.367055565
v -0.59705317 0.176589668 0.365835458
v -0.599531651 0.177171633 0.36490187
v -0.600558281 0.177863464 0.362489283
v -0.599531651 0.178259909 0.360010982
v -0.59705317 0.178128719 0.358918697
v -0.59457469 0.177546754 0.359852284
v -0.593548059 0.176854923 0.362264872
v -0.59457469 0.176458478 0.364743173
v -0.59705317 0.178312629 0.365789324
v -0.599553466 0.177881345 0.364832401
v -0.600589097 0.1771442 0.362437159
v -0.599553466 0.176532984 0.36000672
v -0.59705317 0.176405758 0.358964831
v -0.594552875 0.176837042 0.359921753
v -0.593517244 0.177574188 0.362316996
v -0.594552875 0.178185403 0.364747435
v -0.596749127 0.173674315 0.367085338
v -0.599249423 0.173243031 0.366128415
v -0.600285053 0.172505885 0.363733172
v -0.599249423 0.17189467 0.361302733
v -0.596749127 0.171767443 0.360260844
v -0.594248831 0.172198728 0.361217767
v -0.593213201 0.172935873 0.363613009
v -0.594248831 0.173547089 0.366043448
v -0.596749127 0.173556283 0.367116153
v -0.599251449 0.173194155 0.366136193
v -0.600287974 0.172554806 0.363713384
v -0.599251449 0.172012731 0.361266971
v -0.596749127 0.171885476 0.360230029
v -0.594246805 0.172247604 0.361209989
v -0.59321028 0.172886953 0.363632798
v -0.594246805 0.173429027 0.366079211
v -0.596516788 0.168880805 0.368250579
v -0.59901911 0.168518677 0.367270619
v -0.600055635 0.167879328 0.364847809
v -0.59901911 0.167337254 0.362401396
v -0.596516788 0.167209998 0.361364454
v -0.594014466 0.167572126 0.362344414
v -0.592977941 0.168211475 0.364767224
v -0.594014466 0.168753549 0.367213637
v -0.596516788 0.167578101 0.368319511
v -0.599006653 0.167989969 0.367327482
v -0.600037932 0.168434307 0.364859253
v -0.599006653 0.168650836 0.362360746
v -0.596516788 0.168512702 0.361295521
v -0.594026923 0.168100834 0.362287551
v -0.592995644 0.167656496 0.36475578
v -0.594026923 0.167439967 0.367254287
v -0.597663999 0.157371864 0.366961479
v -0.600153863 0.157783732 0.365969449
v -0.601185143 0.15822807 0.363501221
v -0.600153863 0.158444598 0.361002713
v -0.597663999 0.158306465 0.359937489
v -0.595174134 0.157894596 0.360929519
v -0.594142854 0.157450259 0.363397747
v -0.595174134 0.15723373 0.365896255
v -0.597663999 0.157109395 0.366916478
v -0.600144148 0.157669395 0.36597389
v -0.601171434 0.158328846 0.36355257
v -0.600144148 0.15870145 0.361070842
v -0.597663999 0.158568934 0.359982491
v -0.595183849 0.158008933 0.360925078
v -0.594156563 0.157349482 0.363346398
v -0.595183849 0.156976879 0.365828127
v -0.5984236 0.151899368 0.365819812
v -0.600903749 0.152459368 0.364877224
v -0.601931036 0.153118819 0.362455904
v -0.600903749 0.153491423 0.359974176
v -0.5984236 0.153358907 0.358885825
v -0.595943451 0.152798906 0.359828413
v -0.594916165 0.152139455 0.362249732
v -0.595943451 0.151766852 0.364731461
v -0.60196358 0.152774572 0.362352818
v -0.600930035 0.152651355 0.359848857
v -0.598428309 0.152515128 0.358811706
v -0.595923781 0.152445689 0.359848857
v -0.594883621 0.152483702 0.362352818
v -0.595917165 0.152606919 0.36485678
v -0.598418891 0.152743146 0.36589393
v -0.600923419 0.152812585 0.36485678
v -0.602367699 0.142938063 0.362670034
v -0.601334155 0.142814845 0.360166073
v -0.598832428 0.142678618 0.359128922
v -0.596327901 0.142609179 0.360166073
v -0.59528774 0.142647192 0.362670034
v -0.596321285 0.14277041 0.365173995
v -0.598823011 0.142906636 0.366211146
v -0.601327538 0.142976075 0.365173995
v -0.59882772 0.14143385 0.365942091
v -0.601276398 0.142320842 0.36518681
v -0.60229063 0.143484205 0.362957239
v -0.601276398 0.144242451 0.360559434
v -0.59882772 0.144151405 0.359397978
v -0.596379042 0.143264413 0.360153258
v -0.595364809 0.142101049 0.362382829
v -0.596379042 0.141342804 0.364780635
v -0.600118816 0.135919899 0.363652319
v -0.602567494 0.13680689 0.362897038
v -0.603581727 0.137970254 0.360667467
v -0.602567494 0.138728499 0.358269662
v -0.600118816 0.138637453 0.357108206
v -0.597670138 0.137750462 0.357863486
v -0.596655905 0.136587098 0.360093057
v -0.597670138 0.135828853 0.362490863
v -0.600118816 0.137521595 0.363914877
v -0.602623284 0.137513608 0.362875283
v -0.603660643 0.137367994 0.360374123
v -0.602623284 0.137170061 0.357876569
v -0.600118816 0.137035757 0.356845647
v -0.597614348 0.137043744 0.357885242
v -0.596576989 0.137189358 0.360386401
v -0.597614348 0.137387291 0.362883955
v -0.600242615 0.132635802 0.36425066
v -0.602747083 0.132627815 0.363211066
v -0.603784442 0.132482201 0.360709906
v -0.602747083 0.132284269 0.358212352
v -0.600242615 0.132149965 0.35718143
v -0.597738147 0.132157952 0.358221024
v -0.596700788 0.132303566 0.360722184
v -0.597738147 0.132501498 0.363219738
v -0.603552043 0.131127849 0.360716045
v -0.602449477 0.131149799 0.358238727
v -0.600054204 0.131899938 0.357212603
v -0.59776926 0.132938832 0.358238727
v -0.596933186 0.133657917 0.360716045
v -0.598035753 0.133635968 0.363193363
v -0.600431025 0.132885829 0.364219487
v -0.602715969 0.131846935 0.363193363
v -0.600853622 0.124068603 0.361854434
v -0.599751055 0.12409056 0.359377116
v -0.597355783 0.124840692 0.358350992
v -0.595070839 0.125879586 0.359377116
v -0.594234765 0.126598671 0.361854434
v -0.595337331 0.126576722 0.364331752
v -0.597732604 0.125826582 0.365357876
v -0.600017548 0.124787688 0.364331752
v -0.597544193 0.124334097 0.365253478
v -0.600012302 0.125039116 0.364379138
v -0.601034641 0.125916675 0.362025887
v -0.600012302 0.126452684 0.359572172
v -0.597544193 0.126333177 0.35845539
v -0.595076084 0.125628158 0.35932973
v -0.594053745 0.124750607 0.361682981
v -0.595076084 0.12421459 0.364136696
v -0.599491715 0.113602795 0.36209777
v -0.601959825 0.114307821 0.361223429
v -0.602982163 0.115185365 0.358870178
v -0.601959825 0.115721382 0.356416464
v -0.599491715 0.115601875 0.355299681
v -0.597023606 0.114896849 0.356174022
v -0.596001267 0.114019305 0.358527273
v -0.597023606 0.113483287 0.360980988
v -0.601466119 0.11166051 0.358698726
v -0.60019052 0.112054139 0.356338441
v -0.598505557 0.113940462 0.355360776
v -0.597398281 0.116214506 0.356338441
v -0.597517312 0.117544159 0.358698726
v -0.598792911 0.11715053 0.36105901
v -0.600477874 0.115264207 0.362036675
v -0.60158515 0.112990163 0.36105901
v -0.598417401 0.109614372 0.36000517
v -0.597141802 0.110008001 0.357644886
v -0.595456839 0.111894324 0.356667221
v -0.594349563 0.114168368 0.357644886
v -0.594468594 0.115498021 0.36000517
v -0.595744193 0.115104392 0.362365454
v -0.597429156 0.113218069 0.36334312
v -0.598536432 0.110944025 0.362365454
v -0.596442997 0.111782998 0.363462746
v -0.598921537 0.112365432 0.362529635
v -0.599948227 0.113059618 0.360117733
v -0.598921537 0.113458902 0.357639909
v -0.596442997 0.113329396 0.356547594
v -0.593964458 0.112746961 0.357480705
v -0.592937768 0.112052776 0.359892607
v -0.593964458 0.111653492 0.362370431
v -0.598035932 0.101219952 0.361100584
v -0.600514472 0.101802386 0.360167474
v -0.601541162 0.102496572 0.357755572
v -0.600514472 0.102895856 0.355277747
v -0.598035932 0.10276635 0.354185432
v -0.595557392 0.102183916 0.355118543
v -0.594530702 0.10148973 0.357530445
v -0.595557392 0.101090446 0.36000827
v -0.598035932 0.102828547 0.361086071
v -0.600538254 0.102466449 0.360106111
v -0.601574779 0.1018271 0.357683301
v -0.600538254 0.101285018 0.355236888
v -0.598035932 0.101157755 0.354199946
v -0.595533609 0.101519853 0.355179906
v -0.594497085 0.102159202 0.357602715
v -0.595533609 0.102701284 0.360049129
v -0.597802222 0.0981246755 0.36222738
v -0.600304544 0.0977625772 0.36124742
v -0.601341069 0.097123228 0.358824611
v -0.600304544 0.0965811461 0.356378198
v -0.597802222 0.0964538828 0.355341256
v -0.5952999 0.096815981 0.356321216
v -0.594263375 0.0974553302 0.358744025
v -0.5952999 0.0979974121 0.361190438
v -0.597802222 0.0956722349 0.361936748
v -0.600306451 0.0960822627 0.360980779
v -0.601343751 0.0971993357 0.358738184
v -0.600306451 0.0983690992 0.35652259
v -0.597802222 0.0989063233 0.355631888
v -0.595297992 0.0984962955 0.356587857
v -0.594260693 0.0973792225 0.358830452
v -0.595297992 0.096209459 0.361046046
v -0.597530246 0.0871937051 0.357587665
v -0.600034475 0.0876037329 0.356631696
v -0.601071775 0.0887208059 0.354389101
v -0.600034475 0.0898905694 0.352173507
v -0.597530246 0.0904277936 0.351282805
v -0.595026016 0.0900177658 0.352238774
v -0.593988717 0.0889006928 0.354481369
v -0.595026016 0.0877309293 0.356696963
v -0.597530246 0.0891617984 0.357960761
v -0.60003531 0.0890880972 0.356925249
v -0.601072967 0.0888519213 0.354431123
v -0.60003531 0.0885916352 0.35193941
v -0.597530246 0.0884597003 0.35090971
v -0.595025182 0.0885334015 0.351945221
v -0.593987525 0.0887695774 0.354439348
v -0.595025182 0.0890298635 0.356931061
v -0.597587526 0.0842817277 0.358446687
v -0.60009259 0.0842080265 0.357411176
v -0.601130247 0.0839718506 0.354917049
v -0.60009259 0.0837115645 0.352425337
v -0.597587526 0.0835796297 0.351395637
v -0.595082462 0.0836533308 0.352431148
v -0.594044805 0.0838895068 0.354925275
v -0.595082462 0.0841497928 0.357416987
v -0.597587526 0.0816182792 0.357605428
v -0.600076854 0.0825090855 0.357003182
v -0.601108015 0.0842326432 0.355181307
v -0.600076854 0.0857793167 0.353207022
v -0.597587526 0.0862430781 0.352236897
v -0.595098197 0.0853522718 0.352839142
v -0.594067037 0.0836287141 0.354661018
v -0.595098197 0.0820820406 0.356635302
v -0.599007845 0.0721132085 0.34941718
v -0.601497173 0.0730040148 0.348814934
v -0.602528334 0.0747275725 0.346993059
v -0.601497173 0.076274246 0.345018774
v -0.599007845 0.0767380074 0.344048649
v -0.596518517 0.075847201 0.344650894
v -0.595487356 0.0741236433 0.34647277
v -0.596518517 0.0725769699 0.348447055
v -0.599007845 0.0714149401 0.348600656
v -0.601339638 0.0727796182 0.348831952
v -0.602305532 0.0751084909 0.347833693
v -0.601339638 0.0770373419 0.346190572
v -0.599007845 0.0774362758 0.344865173
v -0.596676052 0.0760715976 0.344633877
v -0.595710158 0.073742725 0.345632136
v -0.596676052 0.0718138739 0.347275257
v -0.605456531 0.0627607256 0.334650606
v -0.607788324 0.0641254038 0.334881902
v -0.608754218 0.0664542764 0.333883643
v -0.607788324 0.0683831275 0.332240522
v -0.605456531 0.0687820613 0.330915123
v -0.603124738 0.0674173832 0.330683827
v -0.602158844 0.0650885105 0.331682086
v -0.603124738 0.0631596595 0.333325207
v -0.608992815 0.0659887791 0.332782865
v -0.607954502 0.0659668595 0.33027795
v -0.605452895 0.0658304393 0.329240412
v -0.602953434 0.0656594336 0.33027795
v -0.601920247 0.0655540079 0.332782865
v -0.60295856 0.0655759275 0.33528778
v -0.605460167 0.0657123476 0.336325318
v -0.607959628 0.0658833534 0.33528778
v -0.60961628 0.055846639 0.33261317
v -0.608577967 0.0558247194 0.330108255
v -0.60607636 0.055688303 0.329070717
v -0.603576899 0.0555172935 0.330108255
v -0.602543712 0.0554118678 0.33261317
v -0.603582025 0.0554337874 0.335118085
v -0.606083632 0.0555702038 0.336155623
v -0.608583093 0.0557412133 0.335118085
v -0.608519077 0.0581989624 0.33261317
v -0.607724547 0.0575223677 0.330110371
v -0.605966687 0.0557368174 0.329073668
v -0.604275167 0.0538882539 0.330110371
v -0.603640914 0.0530595444 0.33261317
v -0.604435444 0.0537361391 0.335115969
v -0.606193304 0.0555216894 0.336152673
v -0.607884824 0.0573702529 0.335115969
v -0.61136657 0.0554962046 0.33243987
v -0.61057204 0.05481961 0.329937071
v -0.60881418 0.0530340597 0.328900367
v -0.60712266 0.0511854962 0.329937071
v -0.606488407 0.0503567867 0.33243987
v -0.607282937 0.0510333814 0.334942669
v -0.609040797 0.0528189316 0.335979372
v -0.610732317 0.0546674952 0.334942669
v -0.612466156 0.0531007685 0.33243987
v -0.611431181 0.0530192815 0.329934806
v -0.608929634 0.0528834425 0.328897178
v -0.606426775 0.0527728237 0.329934806
v -0.60538882 0.0527522229 0.33243987
v -0.606423795 0.0528337099 0.334944934
v -0.608925343 0.0529695489 0.335982561
v -0.611428201 0.0530801676 0.334944934
v -0.612962782 0.0430165157 0.332562715
v -0.611927807 0.0429350287 0.330057651
v -0.60942626 0.0427991897 0.329020023
v -0.606923401 0.0426885709 0.330057651
v -0.605885446 0.0426679701 0.332562715
v -0.606920421 0.0427494571 0.335067779
v -0.609421968 0.042885296 0.336105406
v -0.611924827 0.0429959148 0.335067779
v -0.612957239 0.0431064405 0.332562715
v -0.611913562 0.0431467593 0.330060244
v -0.609411657 0.0430086963 0.329023689
v -0.606917024 0.0427731276 0.330060244
v -0.605890989 0.0425780453 0.332562715
v -0.606934667 0.0425377265 0.335065186
v -0.609436572 0.0426757894 0.336101741
v -0.611931205 0.0429113582 0.335065186
v -0.613340735 0.0379779674 0.332320154
v -0.612297058 0.0380182862 0.329817683
v -0.609795153 0.0378802232 0.328781128
v -0.60730052 0.0376446545 0.329817683
v -0.606274486 0.0374495722 0.332320154
v -0.607318163 0.0374092534 0.334822625
v -0.609820068 0.0375473164 0.335859179
v -0.612314701 0.0377828851 0.334822625
v -0.609807611 0.0381488726 0.335836291
v -0.612312853 0.0380247608 0.334806025
v -0.61335057 0.0377184786 0.332319558
v -0.612312853 0.037409436 0.329833448
v -0.609807611 0.0372786671 0.328804016
v -0.607302368 0.0374027789 0.329834282
v -0.606264651 0.0377090611 0.33232075
v -0.607302368 0.0380181037 0.334806859
v -0.609820843 0.0283405017 0.337050021
v -0.612326086 0.0282163918 0.336019754
v -0.613363802 0.0279101059 0.333533287
v -0.612326086 0.0276010633 0.331047177
v -0.609820843 0.0274702962 0.330017745
v -0.6073156 0.0275944062 0.331048012
v -0.606277883 0.0279006921 0.333534479
v -0.6073156 0.0282097347 0.336020589
v -0.609820843 0.0287407953 0.336976945
v -0.612323165 0.0283787139 0.335996985
v -0.61335969 0.0277393721 0.333574176
v -0.612323165 0.0271972846 0.331127763
v -0.609820843 0.0270700026 0.330090821
v -0.607318521 0.0274320841 0.331070781
v -0.606281996 0.0280714259 0.33349359
v -0.607318521 0.0286135133 0.335940003
v -0.60958451 0.0239834916 0.338131219
v -0.612086833 0.0236214101 0.337151259
v -0.613123357 0.0229820684 0.33472845
v -0.612086833 0.0224399809 0.332282037
v -0.60958451 0.0223126989 0.331245095
v -0.607082188 0.0226747803 0.332225055
v -0.606045663 0.0233141221 0.334647864
v -0.607082188 0.0238562096 0.337094277
v -0.60958451 0.0223853122 0.338148028
v -0.612063587 0.0229612757 0.337212384
v -0.613090515 0.0236466751 0.334798068
v -0.612063587 0.0240400136 0.332319379
v -0.60958451 0.0239108782 0.331228286
v -0.607105434 0.0233349148 0.33216393
v -0.606078506 0.0226495154 0.334578246
v -0.607105434 0.0222561769 0.337056935
v -0.61119616 0.0115776043 0.335765302
v -0.613675237 0.0121535668 0.334829658
v -0.614702165 0.0128389662 0.332415342
v -0.613675237 0.0132323038 0.329936653
v -0.61119616 0.0131031685 0.328845561
v -0.608717084 0.012527206 0.329781204
v -0.607690156 0.0118418066 0.33219552
v -0.608717084 0.011448469 0.334674209
v -0.61119616 0.0127397133 0.335825801
v -0.613701344 0.0126370201 0.334793091
v -0.61473906 0.0123605626 0.332303137
v -0.613701344 0.0120722856 0.329814523
v -0.61119616 0.0119410595 0.328785062
v -0.608690977 0.0120437527 0.329817772
v -0.60765326 0.0123202102 0.332307726
v -0.608690977 0.0126084872 0.334796339
v -0.611224592 0.00781062013 0.336384922
v -0.613729775 0.00770792644 0.335352212
v -0.614767492 0.00743146893 0.332862258
v -0.613729775 0.00714319246 0.330373645
v -0.611224592 0.00701196538 0.329344183
v -0.608719409 0.00711465906 0.330376893
v -0.607681692 0.00739111658 0.332866848
v -0.608719409 0.00767939305 0.335355461
v -0.611224592 0.00574351614 0.335990429
v -0.613654971 0.00676838169 0.335361063
v -0.614661634 0.00816985592 0.333269268
v -0.613654971 0.00912697427 0.330940396
v -0.611224592 0.00907906983 0.329738677
v -0.608794212 0.00805420335 0.330368042
v -0.607787549 0.00665272912 0.332459837
v -0.608794212 0.00569561124 0.33478871
v -0.612918556 -0.000231086626 0.332802743
v -0.615348935 0.000793779269 0.332173377
v -0.616355598 0.00219525374 0.330081582
v -0.615348935 0.00315237185 0.327752709
v -0.612918556 0.00310446694 0.32655099
v -0.610488176 0.00207960117 0.327180356
v -0.609481514 0.000678126758 0.329272151
v -0.610488176 -0.000278991472 0.331601024
v -0.612918556 0.000553497171 0.333107978
v -0.615392447 0.00119494845 0.33220157
v -0.61641717 0.00197800878 0.329816192
v -0.615392447 0.00244397204 0.327349246
v -0.612918556 0.00231988332 0.326245755
v -0.610444665 0.00167843199 0.327152163
v -0.609419942 0.000895371719 0.329537541
v -0.610444665 0.00042940845 0.332004488
v -0.614731491 -0.0104355421 0.33027932
v -0.617205381 -0.00979409087 0.329372913
v -0.618230104 -0.00901103113 0.326987535
v -0.617205381 -0.00854506716 0.324520588
v -0.614731491 -0.00866915658 0.323417097
v -0.6122576 -0.0093106078 0.324323505
v -0.611232877 -0.0100936675 0.326708883
v -0.6122576 -0.0105596315 0.32917583
v -0.614731491 -0.00900480617 0.330348611
v -0.617236555 -0.00919617992 0.329328209
v -0.618274152 -0.00959619321 0.326855063
v -0.617236555 -0.00997052249 0.324377894
v -0.614731491 -0.0100998925 0.323347807
v -0.612226427 -0.00990851875 0.324368209
v -0.611188829 -0.00950850546 0.326841354
v -0.612226427 -0.00913417619 0.329318523
v -0.614669502 -0.0138940252 0.331113398
v -0.617174566 -0.014085399 0.330092996
v -0.618212163 -0.0144854123 0.327619851
v -0.617174566 -0.0148597416 0.325142682
v -0.614669502 -0.0149891116 0.324112594
v -0.612164438 -0.0147977378 0.325132996
v -0.61112684 -0.0143977245 0.327606142
v -0.612164438 -0.0140233953 0.330083311
v -0.614669502 -0.0133480178 0.330982953
v -0.617087543 -0.0130450232 0.329793662
v -0.618089139 -0.013560106 0.327326953
v -0.617087543 -0.0145915374 0.325027823
v -0.614669502 -0.015535119 0.324243039
v -0.612251461 -0.0158381127 0.32543233
v -0.611249864 -0.0153230308 0.327899039
v -0.612251461 -0.0142915994 0.330198169
v -0.616705298 -0.0204934478 0.333301634
v -0.61912334 -0.0201904532 0.332112342
v -0.620124936 -0.020705536 0.329645634
v -0.61912334 -0.0217369664 0.327346504
v -0.616705298 -0.0226805471 0.326561719
v -0.614287257 -0.0229835417 0.327751011
v -0.613285661 -0.0224684589 0.330217719
v -0.614287257 -0.0214370284 0.332516849
v -0.616705298 -0.020751616 0.333374739
v -0.619207621 -0.0211137105 0.332394779
v -0.620244145 -0.0217530522 0.329971969
v -0.619207621 -0.0222951192 0.327525556
v -0.616705298 -0.0224223789 0.326488614
v -0.614202976 -0.0220602844 0.327468574
v -0.613166451 -0.0214209426 0.329891384
v -0.614202976 -0.0208788756 0.332337797
v -0.616467893 -0.0255297683 0.334534049
v -0.618970215 -0.0258918628 0.333554089
v -0.62000674 -0.0265312046 0.331131279
v -0.618970215 -0.0270732716 0.328684866
v -0.616467893 -0.0272005312 0.327647924
v -0.613965571 -0.0268384367 0.328627884
v -0.612929046 -0.026199095 0.331050694
v -0.613965571 -0.025657028 0.333497107
v -0.619711161 -0.0249390211 0.331090987
v -0.618632674 -0.0250644367 0.328606158
v -0.616286159 -0.0259517916 0.327576905
v -0.614046037 -0.0270812865 0.328606158
v -0.613224626 -0.0277912784 0.331090987
v -0.614303112 -0.0276658628 0.333575815
v -0.616649628 -0.026778508 0.334605068
v -0.618889749 -0.025649013 0.333575815
v -0.623293042 -0.0330848284 0.329947531
v -0.622214556 -0.033210244 0.327462703
v -0.61986804 -0.034097597 0.32643345
v -0.617627919 -0.0352270938 0.327462703
v -0.616806507 -0.035937082 0.329947531
v -0.617884994 -0.0358116664 0.332432359
v -0.620231509 -0.0349243134 0.333461612
v -0.622471631 -0.0337948166 0.332432359
v -0.623582423 -0.0342405066 0.329947531
v -0.62253809 -0.0341941677 0.327445447
v -0.620036185 -0.0343334004 0.326409042
v -0.617542207 -0.0345766395 0.327445447
v -0.616517127 -0.0347814038 0.329947531
v -0.61756146 -0.0348277427 0.332449615
v -0.620063365 -0.03468851 0.333486021
v -0.622557342 -0.0344452709 0.332449615
v -0.623980224 -0.0394366346 0.329685271
v -0.622935891 -0.0393902957 0.327183187
v -0.620433986 -0.0395295285 0.326146781
v -0.617940009 -0.0397727676 0.327183187
v -0.616914928 -0.0399775319 0.329685271
v -0.617959261 -0.0400238708 0.332187355
v -0.620461166 -0.039884638 0.33322376
v -0.622955143 -0.0396413989 0.332187355
v -0.623982966 -0.0394752137 0.329685271
v -0.622943342 -0.0394807793 0.327180803
v -0.620441794 -0.0396189131 0.326143414
v -0.617943585 -0.0398086943 0.327180803
v -0.616912186 -0.0399389528 0.329685271
v -0.61795181 -0.0399333872 0.332189739
v -0.620453358 -0.0397952534 0.333227128
v -0.622951567 -0.0396054722 0.332189739
v -0.624660254 -0.0498019271 0.329427093
v -0.623620629 -0.0498074926 0.326922625
v -0.621119082 -0.0499456264 0.325885236
v -0.618620872 -0.0501354076 0.326922625
v -0.617589474 -0.0502656661 0.329427093
v -0.618629098 -0.0502601005 0.331931561
v -0.621130645 -0.0501219667 0.33296895
v -0.623628855 -0.0499321856 0.331931561
v -0.621124864 -0.0514117591 0.332691103
v -0.623572588 -0.0505165085 0.331942648
v -0.624586523 -0.0493384935 0.329720616
v -0.623572588 -0.0485677756 0.327326655
v -0.621124864 -0.048655834 0.326163083
v -0.618677139 -0.0495510846 0.326911539
v -0.617663205 -0.0507290997 0.32913357
v -0.618677139 -0.0514998175 0.331527531
v -0.622511804 -0.0572722815 0.330216974
v -0.624959528 -0.0563770309 0.329468518
v -0.625973463 -0.0551990159 0.327246487
v -0.624959528 -0.054428298 0.324852526
v -0.622511804 -0.0545163564 0.323688954
v -0.62006408 -0.055411607 0.32443741
v -0.619050145 -0.0565896221 0.326659441
v -0.62006408 -0.0573603399 0.329053402
v -0.622511804 -0.0566899404 0.330405444
v -0.624989271 -0.0560944341 0.329477757
v -0.626015484 -0.0553817004 0.3270711
v -0.624989271 -0.0549692549 0.324595243
v -0.622511804 -0.0550986975 0.323500484
v -0.620034337 -0.0556942038 0.324428171
v -0.619008124 -0.0564069375 0.326834828
v -0.620034337 -0.0568193831 0.329310685
v -0.624212384 -0.0677270889 0.327861935
v -0.626689851 -0.0671315864 0.326934248
v -0.627716064 -0.0664188564 0.324527591
v -0.626689851 -0.0660064071 0.322051734
v -0.624212384 -0.0661358535 0.320956975
v -0.621734917 -0.0667313561 0.321884662
v -0.620708704 -0.0674440861 0.324291319
v -0.621734917 -0.0678565353 0.326767176
v -0.626776397 -0.0693765432 0.324409455
v -0.62616992 -0.0685088709 0.321912974
v -0.624416709 -0.0667171776 0.320878893
v -0.622543871 -0.0650510192 0.321912974
v -0.621648371 -0.0644863993 0.324409455
v -0.622254848 -0.0653540716 0.326905936
v -0.62400806 -0.0671457648 0.327940017
v -0.625880897 -0.0688119233 0.326905936
v -0.624383986 -0.0718853399 0.324118704
v -0.623777509 -0.0710176677 0.321622223
v -0.622024298 -0.0692259744 0.320588142
v -0.62015146 -0.0675598159 0.321622223
v -0.61925596 -0.066995196 0.324118704
v -0.619862437 -0.0678628683 0.326615185
v -0.621615648 -0.0696545616 0.327649266
v -0.623488486 -0.07132072 0.326615185
v -0.624453366 -0.069440268 0.326488942
v -0.623852074 -0.0719325915 0.32560578
v -0.622060478 -0.0729649439 0.323851526
v -0.620127976 -0.0719325915 0.322253764
v -0.61918658 -0.069440268 0.321748465
v -0.619787872 -0.0669479445 0.322631627
v -0.621579468 -0.065915592 0.324385881
v -0.62351197 -0.0669479445 0.325983644
v -0.61447829 -0.0709609538 0.337571442
v -0.613876998 -0.0734532773 0.33668828
v -0.612085402 -0.0744856298 0.334934026
v -0.6101529 -0.0734532773 0.333336264
v -0.609211504 -0.0709609538 0.332830966
v -0.609812796 -0.0684686303 0.333714128
v -0.611604393 -0.0674362779 0.335468382
v -0.613536894 -0.0684686303 0.337066144
v -0.611844897 -0.0718040243 0.338642389
v -0.614320695 -0.07118503 0.337725639
v -0.615346193 -0.0704347789 0.335330129
v -0.614320695 -0.0699927509 0.332859069
v -0.611844897 -0.0701178834 0.331760019
v -0.609369099 -0.0707368776 0.332676768
v -0.608343601 -0.0714871287 0.335072279
v -0.609369099 -0.0719291568 0.337543339
v -0.613612711 -0.0829013288 0.335923612
v -0.61608851 -0.0822823346 0.335006863
v -0.617114007 -0.0815320835 0.332611352
v -0.61608851 -0.0810900554 0.330140293
v -0.613612711 -0.0812151879 0.329041243
v -0.611136913 -0.0818341821 0.329957992
v -0.610111415 -0.0825844333 0.332353503
v -0.611136913 -0.0830264613 0.334824562
v -0.616066694 -0.0846137553 0.332482427
v -0.615347922 -0.08386527 0.329977185
v -0.613612711 -0.0820582584 0.328939468
v -0.611877501 -0.0802512467 0.329977185
v -0.611158729 -0.0795027614 0.332482427
v -0.611877501 -0.0802512467 0.33498767
v -0.613612711 -0.0820582584 0.336025387
v -0.615347922 -0.08386527 0.33498767
v -0.611030638 -0.0894497335 0.332482427
v -0.610311866 -0.0887012482 0.329977185
v -0.608576655 -0.0868942365 0.328939468
v -0.606841445 -0.0850872248 0.329977185
v -0.606122673 -0.0843387395 0.332482427
v -0.606841445 -0.0850872248 0.33498767
v -0.608576655 -0.0868942365 0.336025387
v -0.610311866 -0.0887012482 0.33498767
v -0.611575603 -0.0887807384 0.332482427
v -0.611253679 -0.0873436406 0.33020553
v -0.609363556 -0.085643284 0.329262406
v -0.60701251 -0.0846757218 0.33020553
v -0.605577707 -0.0850077346 0.332482427
v -0.605899632 -0.0864448324 0.334759325
v -0.607789755 -0.088145189 0.335702449
v -0.6101408 -0.0891127512 0.334759325
v -0.60792917 -0.0945774242 0.329339325
v -0.607607245 -0.0931403264 0.327062428
v -0.605717123 -0.0914399698 0.326119304
v -0.603366077 -0.0904724076 0.327062428
v -0.601931274 -0.0908044204 0.329339325
v -0.602253199 -0.0922415182 0.331616223
v -0.604143322 -0.0939418748 0.332559347
v -0.606494367 -0.094909437 0.331616223
v -0.604930222 -0.0950583145 0.331975222
v -0.607350886 -0.0948451534 0.330771893
v -0.608353555 -0.0933700725 0.328729361
v -0.607350886 -0.091497153 0.327044159
v -0.604930222 -0.0903235301 0.326703429
v -0.602509558 -0.0905366912 0.327906758
v -0.601506889 -0.0920117721 0.32994929
v -0.602509558 -0.0938846916 0.331634492
v -0.602534771 -0.101741791 0.325972587
v -0.604955435 -0.10152863 0.324769258
v -0.605958104 -0.100053549 0.322726727
v -0.604955435 -0.0981806293 0.321041524
v -0.602534771 -0.0970070064 0.320700794
v -0.600114107 -0.0972201675 0.321904123
v -0.599111438 -0.0986952484 0.323946655
v -0.600114107 -0.100568168 0.325631857
v -0.604465067 -0.0993743986 0.326307625
v -0.603482544 -0.101829767 0.325708479
v -0.601944864 -0.102846809 0.323719978
v -0.600752711 -0.101829767 0.321506947
v -0.600604475 -0.0993743986 0.320365757
v -0.601586998 -0.09691903 0.320964903
v -0.603124678 -0.0959019884 0.322953403
v -0.604316831 -0.09691903 0.325166434
v -0.597017586 -0.0975750536 0.331146449
v -0.596035063 -0.100030422 0.330547303
v -0.594497383 -0.101047464 0.328558803
v -0.59330523 -0.100030422 0.326345772
v -0.593156993 -0.0975750536 0.325204581
v -0.594139516 -0.0951196849 0.325803727
v -0.595677197 -0.0941026434 0.327792227
v -0.596869349 -0.0951196849 0.330005258
v -0.593312502 -0.0975750536 0.331241876
v -0.59471494 -0.099863328 0.330854654
v -0.59633553 -0.100811161 0.328898013
v -0.597224951 -0.099863328 0.326518148
v -0.596862078 -0.0975750536 0.325109154
v -0.59545964 -0.0952867791 0.325496376
v -0.593839049 -0.094338946 0.327453017
v -0.592949629 -0.0952867791 0.329832882
v -0.587062001 -0.100793771 0.327624083
v -0.588464439 -0.103082046 0.327236861
v -0.59008503 -0.104029879 0.325280219
v -0.59097445 -0.103082046 0.322900355
v -0.590611577 -0.100793771 0.321491361
v -0.589209139 -0.098505497 0.321878582
v -0.587588549 -0.0975576639 0.323835224
v -0.586699128 -0.098505497 0.326215088
v -0.590260565 -0.104038075 0.324557722
v -0.590632081 -0.102741778 0.322205126
v -0.589951992 -0.100304365 0.32123065
v -0.588618636 -0.0981536433 0.322205126
v -0.587413013 -0.0975494683 0.324557722
v -0.587041497 -0.098845765 0.326910317
v -0.587721586 -0.101283178 0.327884793
v -0.589054942 -0.1034339 0.326910317
v -0.583586216 -0.106967084 0.321889669
v -0.583957732 -0.105670787 0.319537073
v -0.583277643 -0.103233375 0.318562597
v -0.581944287 -0.101082653 0.319537073
v -0.580738664 -0.100478478 0.321889669
v -0.580367148 -0.101774774 0.324242264
v -0.581047237 -0.104212187 0.32521674
v -0.582380593 -0.106362909 0.324242264
v -0.58216244 -0.106612109 0.323940128
v -0.584667444 -0.105746299 0.323367089
v -0.585705101 -0.103695132 0.32192862
v -0.584667444 -0.10166017 0.320467323
v -0.58216244 -0.100833453 0.319839209
v -0.579657435 -0.101699263 0.320412248
v -0.578619778 -0.10375043 0.321850717
v -0.579657435 -0.105785392 0.323312014
v -0.582262397 -0.11090228 0.317894757
v -0.584767401 -0.11003647 0.317321718
v -0.585805058 -0.107985303 0.315883249
v -0.584767401 -0.105950341 0.314421952
v -0.582262397 -0.105123624 0.313793838
v -0.579757392 -0.105989434 0.314366877
v -0.578719735 -0.108040601 0.315805346
v -0.579757392 -0.110075563 0.317266643
v -0.580849051 -0.108012952 0.319093168
v -0.581396878 -0.110513948 0.318199813
v -0.582451701 -0.111549892 0.315926641
v -0.5833956 -0.110513948 0.313605249
v -0.583675742 -0.108012952 0.312595427
v -0.583127916 -0.105511956 0.313488781
v -0.582073092 -0.104476012 0.315761954
v -0.581129193 -0.105511956 0.318083346
v -0.571890175 -0.108583212 0.315195888
v -0.572438002 -0.111084208 0.314302534
v -0.573492825 -0.112120152 0.312029362
v -0.574436724 -0.111084208 0.309707969
v -0.574716866 -0.108583212 0.308698148
v -0.57416904 -0.106082216 0.309591502
v -0.573114216 -0.105046272 0.311864674
v -0.572170317 -0.106082216 0.314186066
v -0.576159418 -0.108583212 0.31404379
v -0.574671447 -0.11083366 0.314316988
v -0.572382212 -0.111765832 0.313201874
v -0.570632637 -0.11083366 0.311351687
v -0.570447624 -0.108583212 0.309850246
v -0.571935594 -0.106332764 0.309577048
v -0.57422483 -0.105400592 0.310692161
v -0.575974405 -0.106332764 0.312542349
v -0.569420159 -0.103013113 0.323222846
v -0.567932189 -0.105263561 0.323496044
v -0.565642953 -0.106195733 0.32238093
v -0.563893378 -0.105263561 0.320530742
v -0.563708365 -0.103013113 0.319029301
v -0.565196335 -0.100762665 0.318756104
v -0.567485571 -0.0998304933 0.319871217
v -0.569235146 -0.100762665 0.321721405
v -0.563842952 -0.103013113 0.323394746
v -0.564922512 -0.105479203 0.323069185
v -0.566963851 -0.106500693 0.321605355
v -0.568771064 -0.105479203 0.319860786
v -0.569285572 -0.103013113 0.318857402
v -0.568206012 -0.100547023 0.319182962
v -0.566164672 -0.0995255336 0.320646793
v -0.56435746 -0.100547023 0.322391361
v -0.556831837 -0.104972117 0.314984739
v -0.557911396 -0.107438207 0.314659178
v -0.559952736 -0.108459696 0.313195348
v -0.561759949 -0.107438207 0.311450779
v -0.562274456 -0.104972117 0.310447395
v -0.561194897 -0.102506027 0.310772955
v -0.559153557 -0.101484537 0.312236786
v -0.557346344 -0.102506027 0.313981354
v -0.559553146 -0.108394712 0.313631713
v -0.561988115 -0.107544571 0.312794179
v -0.562996686 -0.10518752 0.311910897
v -0.561988115 -0.102704294 0.311499268
v -0.559553146 -0.101549521 0.31180042
v -0.557118177 -0.102399662 0.312637955
v -0.556109607 -0.104756713 0.313521236
v -0.557118177 -0.107239939 0.313932866
v -0.557585657 -0.110495456 0.305779278
v -0.560020626 -0.109645315 0.304941744
v -0.561029196 -0.107288264 0.304058462
v -0.560020626 -0.104805037 0.303646833
v -0.557585657 -0.103650264 0.303947985
v -0.555150688 -0.104500405 0.30478552
v -0.554142118 -0.106857456 0.305668801
v -0.555150688 -0.109340683 0.306080431
v -0.554683805 -0.10707286 0.306896269
v -0.55539608 -0.109566592 0.306104392
v -0.557390988 -0.110599533 0.304585695
v -0.559499919 -0.109566592 0.303229779
v -0.560487509 -0.10707286 0.302830994
v -0.559775233 -0.104579128 0.303622872
v -0.557780325 -0.103546187 0.305141568
v -0.555671394 -0.104579128 0.306497484
v -0.549633265 -0.106225774 0.299685955
v -0.55034554 -0.108719505 0.298894078
v -0.552340448 -0.109752446 0.297375381
v -0.554449379 -0.108719505 0.296019465
v -0.555436969 -0.106225774 0.29562068
v -0.554724693 -0.103732042 0.296412557
v -0.552729785 -0.102699101 0.297931254
v -0.550620854 -0.103732042 0.29928717
v -0.550019264 -0.108720347 0.297653317
v -0.55101645 -0.10825225 0.295175493
v -0.552903235 -0.106597066 0.29414916
v -0.55457443 -0.104724385 0.295175493
v -0.555050969 -0.1037312 0.297653317
v -0.554053783 -0.104199298 0.300131142
v -0.552166998 -0.105854481 0.301157475
v -0.550495803 -0.107727163 0.300131142
v -0.544901192 -0.10355857 0.296568692
v -0.545898378 -0.103090473 0.294090867
v -0.547785163 -0.101435289 0.293064535
v -0.549456358 -0.0995626077 0.294090867
v -0.549932897 -0.098569423 0.296568692
v -0.548935711 -0.0990375206 0.299046516
v -0.547048926 -0.100692704 0.300072849
v -0.545377731 -0.102565385 0.299046516
v -0.549548268 -0.101063997 0.299398929
v -0.548198044 -0.103398584 0.299116701
v -0.546390295 -0.104365602 0.297341853
v -0.545184016 -0.103398584 0.2951141
v -0.545285821 -0.101063997 0.293738455
v -0.546636045 -0.0987294093 0.294020683
v -0.548443794 -0.097762391 0.29579553
v -0.549650073 -0.0987294093 0.298023283
v -0.537709594 -0.095294714 0.308313757
v -0.53635937 -0.0976293012 0.308031529
v -0.53455162 -0.0985963196 0.306256682
v -0.533345342 -0.0976293012 0.304028928
v -0.533447146 -0.095294714 0.302653283
v -0.53479737 -0.0929601267 0.302935511
v -0.53660512 -0.0919931084 0.304710358
v -0.537811399 -0.0929601267 0.306938112
v -0.53557837 -0.0967101678 0.302235574
v -0.538066566 -0.0965629146 0.303303391
v -0.53909725 -0.0956727713 0.305648267
v -0.538066566 -0.0945611596 0.307896644
v -0.53557837 -0.0938792601 0.308731467
v -0.533090174 -0.0940265134 0.307663649
v -0.532059491 -0.0949166566 0.305318773
v -0.533090174 -0.0960282683 0.303070396
v -0.536160946 -0.0921531171 0.300249606
v -0.538649142 -0.0920058638 0.301317424
v -0.539679825 -0.0911157206 0.3036623
v -0.538649142 -0.0900041088 0.305910677
v -0.536160946 -0.0893222094 0.306745499
v -0.53367275 -0.0894694626 0.305677682
v -0.532642066 -0.0903596058 0.303332806
v -0.53367275 -0.0914712176 0.301084429
v -0.536160946 -0.0941489339 0.30254057
v -0.538632154 -0.0930386484 0.302424669
v -0.539655805 -0.0905804783 0.302937239
v -0.538632154 -0.0882143825 0.303778023
v -0.536160946 -0.0873263925 0.304454535
v -0.533689737 -0.0884366781 0.304570436
v -0.532666087 -0.0908948481 0.304057866
v -0.533689737 -0.0932609439 0.303217083
v -0.534536362 -0.0915136859 0.293146878
v -0.53700757 -0.0904034004 0.293030977
v -0.53803122 -0.0879452303 0.293543547
v -0.53700757 -0.0855791345 0.294384331
v -0.534536362 -0.0846911445 0.295060843
v -0.532065153 -0.08580143 0.295176744
v -0.531041503 -0.0882596001 0.294664174
v -0.532065153 -0.0906256959 0.293823391
v -0.534536362 -0.091536887 0.293233812
v -0.536993444 -0.0906509757 0.293962449
v -0.538011253 -0.0882721618 0.294773906
v -0.536993444 -0.085793905 0.295192868
v -0.534536362 -0.0846679434 0.29497391
v -0.532079279 -0.0855538547 0.294245273
v -0.531061471 -0.0879326686 0.293433815
v -0.532079279 -0.0904109254 0.293014854
v -0.537471712 -0.0879131258 0.278929204
v -0.539928794 -0.0870272145 0.279657841
v -0.540946603 -0.0846484005 0.280469298
v -0.539928794 -0.0821701437 0.280888259
v -0.537471712 -0.0810441822 0.280669302
v -0.535014629 -0.0819300935 0.279940665
v -0.53399682 -0.0843089074 0.279129207
v -0.535014629 -0.0867871642 0.278710246
v -0.533939004 -0.0847480148 0.279799253
v -0.534960389 -0.0844944045 0.277300149
v -0.537452877 -0.0842315704 0.276264966
v -0.539956391 -0.0841134712 0.277300149
v -0.541004419 -0.0842092931 0.279799253
v -0.539983034 -0.0844629034 0.282298356
v -0.537490547 -0.0847257376 0.28333354
v -0.534987032 -0.0848438367 0.282298356
v -0.53353548 -0.0794557407 0.280171394
v -0.534556866 -0.0792021304 0.277672291
v -0.537049353 -0.0789392963 0.276637107
v -0.539552867 -0.0788211972 0.277672291
v -0.540600896 -0.0789170191 0.280171394
v -0.539579511 -0.0791706294 0.282670498
v -0.537087023 -0.0794334635 0.283705682
v -0.534583509 -0.0795515627 0.282670498
v -0.648725748 -0.16041258 -0.000548851327
v -0.651207149 -0.15933603 -0.00074077287
v -0.652234972 -0.157066062 -0.00181029213
v -0.651207149 -0.15493235 -0.00313089904
v -0.648725748 -0.154184818 -0.00392900035
v -0.646244347 -0.155261368 -0.00373707875
v -0.645216525 -0.157531336 -0.00266755954
v -0.646244347 -0.159665048 -0.00134695251
v -0.650416493 -0.166215926 -0.0112412153
v -0.652897894 -0.165139377 -0.0114331376
v -0.653925717 -0.162869409 -0.0125026563
v -0.652897894 -0.160735697 -0.0138232633
v -0.650416493 -0.159988165 -0.0146213649
v -0.647935092 -0.161064714 -0.0144294426
v -0.64690727 -0.163334683 -0.0133599238
v -0.647935092 -0.165468395 -0.0120393168
v -0.650416493 -0.165476829 -0.0103020435
v -0.652905583 -0.164570302 -0.010881573
v -0.653936565 -0.16280368 -0.0126617998
v -0.652905583 -0.161211833 -0.0145998895
v -0.650416493 -0.160727262 -0.0155605366
v -0.647927403 -0.16163379 -0.0149810072
v -0.646896422 -0.163400412 -0.0132007804
v -0.647927403 -0.164992258 -0.0112626906
v -0.652155042 -0.176772684 -0.0205046926
v -0.654644132 -0.175866157 -0.0210842229
v -0.655675113 -0.174099535 -0.0228644479
v -0.654644132 -0.172507688 -0.0248025395
v -0.652155042 -0.172023118 -0.0257631857
v -0.649665952 -0.172929645 -0.0251836553
v -0.64863497 -0.174696267 -0.0234034304
v -0.649665952 -0.176288113 -0.0214653388
v -0.652155042 -0.177032828 -0.0207654536
v -0.654534936 -0.175737992 -0.0208772365
v -0.655520737 -0.173658147 -0.0223109666
v -0.654534936 -0.172011644 -0.024226781
v -0.652155042 -0.171762973 -0.0255024247
v -0.649775147 -0.173057809 -0.0253906418
v -0.648789346 -0.175137654 -0.0239569116
v -0.649775147 -0.176784158 -0.0220410973
v -0.656311095 -0.185483277 -0.030166531
v -0.658690989 -0.18418844 -0.0302783139
v -0.65967679 -0.182108596 -0.031712044
v -0.658690989 -0.180462092 -0.0336278602
v -0.656311095 -0.180213422 -0.0349035002
v -0.653931201 -0.181508258 -0.0347917192
v -0.652945399 -0.183588102 -0.033357989
v -0.653931201 -0.185234606 -0.0314421728
v -0.656311095 -0.185384303 -0.0300608482
v -0.658788383 -0.184380814 -0.0305182766
v -0.659814477 -0.18247962 -0.0321570821
v -0.658788383 -0.180794433 -0.0340172797
v -0.656311095 -0.180312395 -0.035009183
v -0.653833807 -0.181315884 -0.0345517546
v -0.652807713 -0.183217078 -0.032912951
v -0.653833807 -0.184902266 -0.0310527552
v -0.658907115 -0.197413057 -0.0423899852
v -0.661384404 -0.196409568 -0.0428474136
v -0.662410498 -0.194508374 -0.0444862172
v -0.661384404 -0.192823187 -0.0463464148
v -0.658907115 -0.192341149 -0.0473383181
v -0.656429827 -0.193344638 -0.0468808897
v -0.655403733 -0.195245832 -0.0452420861
v -0.656429827 -0.196931019 -0.0433818884
v -0.668826103 -0.212190062 -0.0678597838
v -0.668506145 -0.210805431 -0.0701692402
v -0.666650832 -0.209074587 -0.0711258426
v -0.664346993 -0.208011404 -0.0701692402
v -0.662944198 -0.208238691 -0.0678597838
v -0.663264155 -0.209623322 -0.0655503273
v -0.665119469 -0.211354166 -0.0645937249
v -0.667423308 -0.212417349 -0.0655503273
v -0.664564848 -0.218533292 -0.0710724518
v -0.66424489 -0.217148662 -0.0733819082
v -0.662389576 -0.215417817 -0.0743385106
v -0.660085738 -0.214354634 -0.0733819082
v -0.658682942 -0.214581922 -0.0710724518
v -0.6590029 -0.215966552 -0.0687629953
v -0.660858214 -0.217697397 -0.0678063929
v -0.663162053 -0.21876058 -0.0687629953
v -0.661623895 -0.219069242 -0.0685736015
v -0.664103448 -0.218081161 -0.0690517575
v -0.665130496 -0.21620059 -0.0707136095
v -0.664103448 -0.214529172 -0.0725856647
v -0.661623895 -0.214045972 -0.073571302
v -0.659144342 -0.215034053 -0.0730931461
v -0.658117294 -0.216914624 -0.0714312941
v -0.659144342 -0.218586043 -0.0695592389
v -0.664113462 -0.231233165 -0.0807997659
v -0.666593015 -0.230245084 -0.0812779218
v -0.667620063 -0.228364512 -0.0829397738
v -0.666593015 -0.226693094 -0.084811829
v -0.664113462 -0.226209894 -0.0857974663
v -0.661633909 -0.227197975 -0.0853193104
v -0.660606861 -0.229078546 -0.0836574584
v -0.661633909 -0.230749965 -0.0817854032
v -0.666567445 -0.231277034 -0.0832986161
v -0.665848672 -0.230528548 -0.0858038664
v -0.664113462 -0.228721529 -0.0868415758
v -0.662378252 -0.22691451 -0.0858038664
v -0.661659479 -0.226166025 -0.0832986161
v -0.662378252 -0.22691451 -0.0807933658
v -0.664113462 -0.228721529 -0.0797556564
v -0.665848672 -0.230528548 -0.0807933658
v -0.663764477 -0.23396863 -0.0832986161
v -0.663045704 -0.233220145 -0.0858038664
v -0.661310494 -0.231413126 -0.0868415758
v -0.659575284 -0.229606107 -0.0858038664
v -0.658856511 -0.228857622 -0.0832986161
v -0.659575284 -0.229606107 -0.0807933658
v -0.661310494 -0.231413126 -0.0797556564
v -0.663045704 -0.233220145 -0.0807933658
v -0.661310494 -0.234360382 -0.0813323483
v -0.663814604 -0.233454838 -0.0818448365
v -0.664851785 -0.231353298 -0.0832089335
v -0.663814604 -0.22928679 -0.0846255645
v -0.661310494 -0.22846587 -0.0852648839
v -0.658806384 -0.229371414 -0.0847523957
v -0.657769203 -0.231472954 -0.0833882987
v -0.658806384 -0.233539462 -0.0819716677
v -0.661862552 -0.244424164 -0.0964170322
v -0.664366663 -0.243518621 -0.0969295204
v -0.665403843 -0.24141708 -0.0982936174
v -0.664366663 -0.239350572 -0.0997102484
v -0.661862552 -0.238529652 -0.100349568
v -0.659358442 -0.239435196 -0.0998370796
v -0.658321261 -0.241536736 -0.0984729826
v -0.659358442 -0.243603244 -0.0970563516
v -0.659679532 -0.241476908 -0.0955927894
v -0.66116029 -0.243742988 -0.0957518891
v -0.66305244 -0.244681612 -0.0974524319
v -0.664247572 -0.243742988 -0.0996982604
v -0.664045572 -0.241476908 -0.101173811
v -0.662564814 -0.239210829 -0.101014711
v -0.660672665 -0.238272205 -0.0993141681
v -0.659477532 -0.239210829 -0.0970683396
v -0.653074384 -0.245430321 -0.100760035
v -0.654555142 -0.2476964 -0.100919135
v -0.656447291 -0.248635024 -0.102619678
v -0.657642424 -0.2476964 -0.104865506
v -0.657440424 -0.245430321 -0.106341057
v -0.655959666 -0.243164241 -0.106181957
v -0.654067516 -0.242225617 -0.104481414
v -0.652872384 -0.243164241 -0.102235585
v -0.655257404 -0.247536585 -0.100701645
v -0.657580614 -0.247673526 -0.102093413
v -0.658542931 -0.246496439 -0.10433875
v -0.657580614 -0.244694829 -0.106122367
v -0.655257404 -0.243324056 -0.106399447
v -0.652934194 -0.243187115 -0.105007678
v -0.651971877 -0.244364202 -0.102762341
v -0.652934194 -0.246165812 -0.100978725
v -0.651727736 -0.254569799 -0.105901472
v -0.654050946 -0.25470677 -0.107293241
v -0.655013263 -0.253529668 -0.109538577
v -0.654050946 -0.251728058 -0.111322194
v -0.651727736 -0.2503573 -0.111599274
v -0.649404526 -0.250220329 -0.110207506
v -0.648442209 -0.251397431 -0.107962169
v -0.649404526 -0.253199041 -0.106178552
v -0.654522479 -0.252463549 -0.106572747
v -0.653310537 -0.254885674 -0.106705703
v -0.651171386 -0.255888939 -0.108036399
v -0.649358213 -0.254885674 -0.109785333
v -0.648932993 -0.252463549 -0.110927999
v -0.650144935 -0.250041425 -0.110795043
v -0.652284086 -0.24903816 -0.109464347
v -0.654097259 -0.250041425 -0.107715413
v -0.642302632 -0.24721007 -0.0908899978
v -0.641090691 -0.249632195 -0.0910229534
v -0.63895154 -0.250635475 -0.0923536494
v -0.637138367 -0.249632195 -0.0941025838
v -0.636713147 -0.24721007 -0.0952452496
v -0.637925088 -0.244787946 -0.095112294
v -0.64006424 -0.243784681 -0.0937815979
v -0.641877413 -0.244787946 -0.0920326635
v -0.641406357 -0.250201434 -0.0930676237
v -0.64007628 -0.249816522 -0.095399119
v -0.63841325 -0.247904778 -0.0963648632
v -0.637391448 -0.245586067 -0.095399119
v -0.637609422 -0.244218692 -0.0930676237
v -0.6389395 -0.244603619 -0.0907361284
v -0.640602529 -0.246515363 -0.0897703841
v -0.641624331 -0.248834074 -0.0907361284
v -0.63449806 -0.254585803 -0.0898504555
v -0.633167982 -0.254200876 -0.0921819508
v -0.631504953 -0.252289116 -0.0931476951
v -0.63048315 -0.249970421 -0.0921819508
v -0.630701125 -0.248603046 -0.0898504555
v -0.632031202 -0.248987973 -0.0875189602
v -0.633694232 -0.250899732 -0.086553216
v -0.634716034 -0.253218412 -0.0875189602
v -0.635050178 -0.254153132 -0.0898504555
v -0.634327769 -0.253408194 -0.0923556983
v -0.632592976 -0.251600772 -0.0933934003
v -0.630862057 -0.249789625 -0.0923556983
v -0.630149007 -0.249035701 -0.0898504555
v -0.630871415 -0.24978064 -0.0873452127
v -0.632606208 -0.251588076 -0.0863075107
v -0.634337127 -0.253399223 -0.0873452127
v -0.629430413 -0.259535462 -0.0898302794
v -0.628708005 -0.258790523 -0.0923355222
v -0.626973212 -0.256983101 -0.0933732241
v -0.625242293 -0.255171955 -0.0923355222
v -0.624529243 -0.254418045 -0.0898302794
v -0.625251651 -0.255162984 -0.0873250365
v -0.626986444 -0.256970406 -0.0862873346
v -0.628717363 -0.258781552 -0.0873250365
v -0.663649261 -0.296079248 -0.184498668
v -0.666154444 -0.296240181 -0.185524046
v -0.667192101 -0.296586543 -0.188005254
v -0.666154444 -0.296915412 -0.19048883
v -0.663649261 -0.297034174 -0.191519946
v -0.661144078 -0.296873242 -0.190494567
v -0.660106421 -0.296526879 -0.18801336
v -0.661144078 -0.29619801 -0.185529783
v -0.663552284 -0.307390511 -0.182960331
v -0.666057467 -0.307551444 -0.18398571
v -0.667095125 -0.307897806 -0.186466917
v -0.666057467 -0.308226675 -0.188950494
v -0.663552284 -0.308345437 -0.18998161
v -0.661047101 -0.308184505 -0.188956231
v -0.660009444 -0.307838142 -0.186475024
v -0.661047101 -0.307509273 -0.183991447
v -0.663552284 -0.307255268 -0.182981402
v -0.666056871 -0.307492614 -0.183993295
v -0.66709429 -0.307949871 -0.186456591
v -0.666056871 -0.308359146 -0.188928306
v -0.663552284 -0.30848068 -0.189960539
v -0.661047697 -0.308243334 -0.188948646
v -0.660010278 -0.307786077 -0.18648535
v -0.661047697 -0.307376802 -0.184013635
v -0.663419068 -0.312845111 -0.181999907
v -0.665923655 -0.313082457 -0.1830118
v -0.666961074 -0.313539714 -0.185475096
v -0.665923655 -0.313948989 -0.187946811
v -0.663419068 -0.314070523 -0.188979045
v -0.660914481 -0.313833177 -0.187967151
v -0.659877062 -0.31337592 -0.185503855
v -0.660914481 -0.312966645 -0.18303214
v -0.666958988 -0.313311338 -0.185489476
v -0.665922821 -0.313370407 -0.187994674
v -0.663420022 -0.313480675 -0.189032361
v -0.660916626 -0.313577563 -0.187994674
v -0.659879148 -0.313604295 -0.185489476
v -0.660915315 -0.313545227 -0.182984278
v -0.663418114 -0.313434958 -0.181946591
v -0.665921509 -0.313338071 -0.182984278
v -0.66720295 -0.319206953 -0.185451373
v -0.666166782 -0.319266021 -0.187956572
v -0.663663983 -0.31937629 -0.188994259
v -0.661160588 -0.319473177 -0.187956572
v -0.66012311 -0.31949991 -0.185451373
v -0.661159277 -0.319440842 -0.182946175
v -0.663662076 -0.319330573 -0.181908488
v -0.666165471 -0.319233686 -0.182946175
v -0.66366303 -0.318737268 -0.181962401
v -0.666167557 -0.318976581 -0.182973906
v -0.667204976 -0.31943664 -0.185436681
v -0.666167557 -0.319847941 -0.187908053
v -0.66366303 -0.319969594 -0.188940346
v -0.661158502 -0.319730282 -0.187928841
v -0.660121083 -0.319270223 -0.185466066
v -0.661158502 -0.318858922 -0.182994694
v -0.663392127 -0.329920948 -0.179987341
v -0.665896654 -0.33016026 -0.180998847
v -0.666934073 -0.330620319 -0.183461621
v -0.665896654 -0.331031621 -0.185932994
v -0.663392127 -0.331153274 -0.186965287
v -0.660887599 -0.330913961 -0.185953781
v -0.65985018 -0.330453902 -0.183491006
v -0.660887599 -0.330042601 -0.181019634
v -0.665713668 -0.333213508 -0.183476314
v -0.664847612 -0.332590997 -0.185969427
v -0.663128972 -0.330765337 -0.187002108
v -0.661564529 -0.328806013 -0.185969427
v -0.661070585 -0.327860713 -0.183476314
v -0.661936641 -0.328483224 -0.180983201
v -0.663655281 -0.330308884 -0.17995052
v -0.665219724 -0.332268208 -0.180983201
v -0.662674963 -0.335849315 -0.183078915
v -0.661808908 -0.335226804 -0.185572028
v -0.660090268 -0.333401144 -0.186604708
v -0.658525825 -0.33144182 -0.185572028
v -0.658031881 -0.33049652 -0.183078915
v -0.658897936 -0.331119031 -0.180585802
v -0.660616577 -0.332944691 -0.179553121
v -0.66218102 -0.334904015 -0.180585802
v -0.660353422 -0.332464874 -0.179607421
v -0.662857234 -0.332755893 -0.18060714
v -0.663894296 -0.333291233 -0.18305479
v -0.662857234 -0.333757252 -0.185516566
v -0.660353422 -0.333880961 -0.186550409
v -0.65784961 -0.333589941 -0.18555069
v -0.656812549 -0.333054602 -0.18310304
v -0.65784961 -0.332588583 -0.180641264
v -0.659967363 -0.343557179 -0.177344993
v -0.662471175 -0.343848199 -0.178344712
v -0.663508236 -0.344383538 -0.180792361
v -0.662471175 -0.344849557 -0.183254138
v -0.659967363 -0.344973266 -0.18428798
v -0.657463551 -0.344682246 -0.183288261
v -0.656426489 -0.344146907 -0.180840611
v -0.657463551 -0.343680888 -0.178378835
v -0.659967363 -0.343311608 -0.17740427
v -0.662467897 -0.343739033 -0.178362295
v -0.663503647 -0.344474703 -0.18075794
v -0.662467897 -0.345087647 -0.183187887
v -0.659967363 -0.345218837 -0.184228703
v -0.657466829 -0.344791412 -0.183270678
v -0.656431079 -0.344055742 -0.180875033
v -0.657466829 -0.343442798 -0.178445086
v -0.659621239 -0.348731637 -0.175889537
v -0.662121773 -0.349159062 -0.176847562
v -0.663157523 -0.349894732 -0.179243207
v -0.662121773 -0.350507677 -0.181673154
v -0.659621239 -0.350638866 -0.182713971
v -0.657120705 -0.350211442 -0.181755945
v -0.656084955 -0.349475771 -0.1793603
v -0.657120705 -0.348862827 -0.176930353
v -0.663159132 -0.349496037 -0.179301754
v -0.662119508 -0.34948796 -0.181806192
v -0.659616411 -0.349595457 -0.182843566
v -0.657116175 -0.349755555 -0.181806192
v -0.656083345 -0.349874467 -0.179301754
v -0.65712297 -0.349882543 -0.176797315
v -0.659626067 -0.349775046 -0.175759941
v -0.662126303 -0.349614948 -0.176797315
v -0.663798392 -0.361448288 -0.179605648
v -0.662758768 -0.361440212 -0.182110086
v -0.660255671 -0.361547709 -0.18314746
v -0.657755435 -0.361707807 -0.182110086
v -0.656722605 -0.361826718 -0.179605648
v -0.657762229 -0.361834794 -0.17710121
v -0.660265326 -0.361727297 -0.176063836
v -0.662765563 -0.361567199 -0.17710121
v -0.662208557 -0.361637503 -0.176646307
v -0.662427545 -0.363957584 -0.17803283
v -0.661377132 -0.36491859 -0.180340692
v -0.659672618 -0.363957584 -0.18221797
v -0.65831244 -0.361637503 -0.182564989
v -0.658093452 -0.359317422 -0.181178465
v -0.659143865 -0.358356416 -0.178870603
v -0.660848379 -0.359317422 -0.176993325
v -0.658300698 -0.363543719 -0.174073875
v -0.658519685 -0.3658638 -0.175460398
v -0.657469273 -0.366824806 -0.17776826
v -0.655764759 -0.3658638 -0.179645538
v -0.654404581 -0.363543719 -0.179992557
v -0.654185593 -0.361223638 -0.178606033
v -0.655236006 -0.360262632 -0.176298171
v -0.65694052 -0.361223638 -0.174420893
v -0.656352639 -0.363914013 -0.173509657
v -0.658849239 -0.363598347 -0.174519911
v -0.65988332 -0.363250703 -0.177002415
v -0.658849239 -0.36307469 -0.179502979
v -0.656352639 -0.363173425 -0.180556774
v -0.653856039 -0.363489091 -0.17954652
v -0.652821958 -0.363836735 -0.177064016
v -0.653856039 -0.364012748 -0.174563453
v -0.657384574 -0.376212269 -0.174802095
v -0.659881175 -0.375896603 -0.175812349
v -0.660915256 -0.375548959 -0.178294852
v -0.659881175 -0.375372946 -0.180795416
v -0.657384574 -0.375471681 -0.181849211
v -0.654887974 -0.375787348 -0.180838957
v -0.653853893 -0.376134992 -0.178356454
v -0.654887974 -0.376311004 -0.17585589
v -0.660921037 -0.375627309 -0.178325653
v -0.659878433 -0.375578761 -0.180828422
v -0.657375038 -0.375684381 -0.181865096
v -0.654877186 -0.375882328 -0.180828422
v -0.653848112 -0.376056641 -0.178325653
v -0.654890716 -0.376105189 -0.175822884
v -0.657394111 -0.37599957 -0.17478621
v -0.659891963 -0.375801623 -0.175822884
v -0.661287069 -0.381657422 -0.178595111
v -0.660244465 -0.381608874 -0.18109788
v -0.65774107 -0.381714493 -0.182134554
v -0.655243218 -0.38191244 -0.18109788
v -0.654214144 -0.382086754 -0.178595111
v -0.655256748 -0.382135302 -0.176092342
v -0.657760143 -0.382029682 -0.175055668
v -0.660257995 -0.381831735 -0.176092342
v -0.661056817 -0.383145511 -0.178595111
v -0.65994972 -0.383132637 -0.181070462
v -0.657554448 -0.38238135 -0.182095781
v -0.655274093 -0.381331742 -0.181070462
v -0.654444396 -0.380598664 -0.178595111
v -0.655551493 -0.380611539 -0.17611976
v -0.657946765 -0.381362826 -0.175094441
v -0.66022712 -0.382412434 -0.17611976
v -0.657881796 -0.391388863 -0.177218005
v -0.6567747 -0.391375989 -0.179693356
v -0.654379427 -0.390624702 -0.180718675
v -0.652099073 -0.389575094 -0.179693356
v -0.651269376 -0.388842016 -0.177218005
v -0.652376473 -0.388854891 -0.174742654
v -0.654771745 -0.389606178 -0.173717335
v -0.6570521 -0.390655786 -0.174742654
v -0.654575586 -0.389280051 -0.173774943
v -0.657077909 -0.389642119 -0.174754903
v -0.658114433 -0.390281469 -0.177177727
v -0.657077909 -0.390823543 -0.17962414
v -0.654575586 -0.390950829 -0.180661067
v -0.652073264 -0.39058876 -0.179681107
v -0.651036739 -0.389949411 -0.177258283
v -0.652073264 -0.389407337 -0.17481187
v -0.654302895 -0.394769192 -0.172443107
v -0.656805217 -0.39513126 -0.173423067
v -0.657841742 -0.395770609 -0.175845891
v -0.656805217 -0.396312684 -0.178292304
v -0.654302895 -0.39643997 -0.179329231
v -0.651800573 -0.396077901 -0.178349271
v -0.650764048 -0.395438552 -0.175926447
v -0.651800573 -0.394896477 -0.173480034
v -0.654302895 -0.395033479 -0.172389537
v -0.656807721 -0.395247787 -0.173406005
v -0.657845199 -0.39567107 -0.175875306
v -0.656807721 -0.39605543 -0.178350985
v -0.654302895 -0.396175683 -0.179382801
v -0.651798069 -0.395961374 -0.178366333
v -0.650760591 -0.395538092 -0.175897032
v -0.651798069 -0.395153731 -0.173421353
v -0.654085815 -0.406296819 -0.170549929
v -0.656590641 -0.406511128 -0.171566397
v -0.657628119 -0.40693441 -0.174035698
v -0.656590641 -0.407318771 -0.176511377
v -0.654085815 -0.407439023 -0.177543193
v -0.651580989 -0.407224715 -0.176526725
v -0.650543511 -0.406801432 -0.174057424
v -0.651580989 -0.406417072 -0.171581745
v -0.654085815 -0.407675207 -0.170596793
v -0.656552017 -0.407867908 -0.171707645
v -0.657573521 -0.407474846 -0.174188584
v -0.656552017 -0.406726241 -0.176586345
v -0.654085815 -0.406060636 -0.177496329
v -0.651619613 -0.405867934 -0.176385477
v -0.650598109 -0.406260997 -0.173904538
v -0.651619613 -0.407009602 -0.171506777
v -0.652342439 -0.417173356 -0.17281945
v -0.65480864 -0.417366058 -0.173930302
v -0.655830145 -0.416972995 -0.176411241
v -0.65480864 -0.41622439 -0.178809002
v -0.652342439 -0.415558785 -0.179718986
v -0.649876237 -0.415366083 -0.178608134
v -0.648854733 -0.415759146 -0.176127195
v -0.649876237 -0.416507751 -0.173729435
v -0.654490232 -0.419183791 -0.176269218
v -0.653441131 -0.418678671 -0.178718165
v -0.651748419 -0.416818887 -0.179732546
v -0.650403678 -0.414693832 -0.178718165
v -0.650194645 -0.41354835 -0.176269218
v -0.651243746 -0.41405347 -0.173820272
v -0.652936459 -0.415913254 -0.17280589
v -0.654281199 -0.418038309 -0.173820272
v -0.651254416 -0.42165029 -0.175391719
v -0.650205314 -0.421145171 -0.177840665
v -0.648512602 -0.419285387 -0.178855047
v -0.647167861 -0.417160332 -0.177840665
v -0.646958828 -0.41601485 -0.175391719
v -0.648007929 -0.41651997 -0.172942773
v -0.649700642 -0.418379754 -0.171928391
v -0.651045382 -0.420504808 -0.172942773
v -0.652647138 -0.418701082 -0.175391719
v -0.651611567 -0.418778121 -0.177896678
v -0.649108648 -0.418887079 -0.178934261
v -0.646604538 -0.418964088 -0.177896678
v -0.645566106 -0.418964058 -0.175391719
v -0.646601677 -0.418887019 -0.172886759
v -0.649104595 -0.418778062 -0.171849176
v -0.651608706 -0.418701053 -0.172886759
v -0.653087676 -0.430562824 -0.175209001
v -0.652052104 -0.430639863 -0.17771396
v -0.649549186 -0.43074882 -0.178751543
v -0.647045076 -0.43082583 -0.17771396
v -0.646006644 -0.4308258 -0.175209001
v -0.647042215 -0.430748761 -0.172704041
v -0.649545133 -0.430639803 -0.171666458
v -0.652049243 -0.430562794 -0.172704041
v -0.652001143 -0.433249831 -0.175209001
v -0.65128237 -0.432501346 -0.177714258
v -0.64954716 -0.430694312 -0.17875196
v -0.647811949 -0.428887278 -0.177714258
v -0.647093177 -0.428138793 -0.175209001
v -0.647811949 -0.428887278 -0.172703743
v -0.64954716 -0.430694312 -0.171666041
v -0.65128237 -0.432501346 -0.172703743
v -0.649112582 -0.436023593 -0.175209001
v -0.64839381 -0.435275108 -0.177714258
v -0.646658599 -0.433468074 -0.17875196
v -0.644923389 -0.43166104 -0.177714258
v -0.644204617 -0.430912554 -0.175209001
v -0.644923389 -0.43166104 -0.172703743
v -0.646658599 -0.433468074 -0.171666041
v -0.64839381 -0.435275108 -0.172703743
v -0.650060058 -0.434459418 -0.175209001
v -0.649076819 -0.434124321 -0.177713811
v -0.646677017 -0.433404803 -0.178751349
v -0.644266427 -0.43272236 -0.177713811
v -0.643257141 -0.432476729 -0.175209001
v -0.644240379 -0.432811826 -0.17270419
v -0.646640182 -0.433531344 -0.171666652
v -0.649050772 -0.434213787 -0.17270419
v -0.647493899 -0.443264335 -0.175379634
v -0.646510661 -0.442929238 -0.177884445
v -0.644110858 -0.442209721 -0.178921983
v -0.641700268 -0.441527277 -0.177884445
v -0.640690982 -0.441281646 -0.175379634
v -0.641674221 -0.441616744 -0.172874823
v -0.644074023 -0.442336261 -0.171837285
v -0.646484613 -0.443018705 -0.172874823
v -0.644092441 -0.441437602 -0.171936572
v -0.646594763 -0.4417997 -0.172916532
v -0.647631288 -0.44243902 -0.175339341
v -0.646594763 -0.442981124 -0.177785754
v -0.644092441 -0.44310838 -0.178822696
v -0.641590118 -0.442746282 -0.177842736
v -0.640553594 -0.442106962 -0.175419927
v -0.641590118 -0.441564858 -0.172973514
v -0.643819213 -0.446937084 -0.170602232
v -0.646321535 -0.447299182 -0.171582192
v -0.64735806 -0.447938502 -0.174005002
v -0.646321535 -0.448480606 -0.176451415
v -0.643819213 -0.448607862 -0.177488357
v -0.641316891 -0.448245764 -0.176508397
v -0.640280366 -0.447606444 -0.174085587
v -0.641316891 -0.44706434 -0.171639174
v -0.647128642 -0.449037492 -0.174045295
v -0.646026075 -0.449015558 -0.176522598
v -0.643630803 -0.448265433 -0.177548736
v -0.641345859 -0.447226524 -0.176522598
v -0.640509784 -0.446507454 -0.174045295
v -0.641612351 -0.446529388 -0.171567991
v -0.644007623 -0.447279513 -0.170541853
v -0.646292567 -0.448318422 -0.171567991
v -0.643965781 -0.457311779 -0.172710955
v -0.642863214 -0.457289845 -0.175188258
v -0.640467942 -0.45653972 -0.176214397
v -0.638182998 -0.455500811 -0.175188258
v -0.637346923 -0.454781741 -0.172710955
v -0.63844949 -0.454803675 -0.170233652
v -0.640844762 -0.4555538 -0.169207513
v -0.643129706 -0.456592709 -0.170233652
v -0.643108308 -0.458604217 -0.172710955
v -0.64238745 -0.457857728 -0.175216198
v -0.640652537 -0.456050396 -0.176253915
v -0.63891989 -0.454240948 -0.175216198
v -0.638204396 -0.453489304 -0.172710955
v -0.638925254 -0.454235792 -0.170205712
v -0.640660167 -0.456043124 -0.169167995
v -0.642392814 -0.457852572 -0.170205712
v -0.637324333 -0.464149594 -0.172699034
v -0.636603475 -0.463403106 -0.175204277
v -0.634868562 -0.461595774 -0.176241994
v -0.633135915 -0.459786326 -0.175204277
v -0.632420421 -0.459034681 -0.172699034
v -0.633141279 -0.45978117 -0.170193791
v -0.634876192 -0.461588502 -0.169156075
v -0.636608839 -0.46339795 -0.170193791
v -0.63828367 -0.46254912 -0.172699034
v -0.637311399 -0.462173045 -0.17520231
v -0.634910345 -0.461456686 -0.176239207
v -0.632487118 -0.460819662 -0.17520231
v -0.631461084 -0.460635155 -0.172699034
v -0.632433355 -0.461011231 -0.170195758
v -0.634834409 -0.461727589 -0.169158861
v -0.637257636 -0.462364614 -0.170195758
v -0.635789633 -0.471439362 -0.173065946
v -0.634817362 -0.471063286 -0.175569221
v -0.632416308 -0.470346928 -0.176606119
v -0.629993081 -0.469709903 -0.175569221
v -0.628967047 -0.469525397 -0.173065946
v -0.629939318 -0.469901472 -0.17056267
v -0.632340372 -0.470617831 -0.169525772
v -0.634763598 -0.471254855 -0.17056267
v -0.634626925 -0.473220348 -0.173065946
v -0.63369 -0.472646981 -0.175545171
v -0.63198477 -0.470805615 -0.176572099
v -0.630510032 -0.468774885 -0.175545171
v -0.630129755 -0.46774441 -0.173065946
v -0.63106668 -0.468317777 -0.17058672
v -0.632771909 -0.470159143 -0.169559792
v -0.634246647 -0.472189873 -0.17058672
v -0.628385663 -0.47834596 -0.171892777
v -0.627448738 -0.477772593 -0.174372002
v -0.625743508 -0.475931227 -0.175398931
v -0.62426877 -0.473900497 -0.174372002
v -0.623888493 -0.472870022 -0.171892777
v -0.624825418 -0.473443389 -0.169413552
v -0.626530647 -0.475284755 -0.168386623
v -0.628005385 -0.477315485 -0.169413552
v -0.629558086 -0.476529449 -0.171892777
v -0.628596306 -0.476110399 -0.174393266
v -0.626193881 -0.475397021 -0.175428987
v -0.623758197 -0.474807262 -0.174393266
v -0.622716069 -0.474686533 -0.171892777
v -0.62367785 -0.475105584 -0.169392288
v -0.626080275 -0.475818962 -0.168356568
v -0.628515959 -0.47640872 -0.169392288
v -0.627141118 -0.485502779 -0.172466949
v -0.626179338 -0.485083729 -0.174967438
v -0.623776913 -0.484370351 -0.176003158
v -0.621341228 -0.483780593 -0.174967438
v -0.620299101 -0.483659863 -0.172466949
v -0.621260881 -0.484078914 -0.169966459
v -0.623663306 -0.484792292 -0.168930739
v -0.62609899 -0.48538205 -0.169966459
v -0.626174092 -0.487136811 -0.172466949
v -0.62545532 -0.486388326 -0.174972206
v -0.623720109 -0.484581321 -0.176009908
v -0.621984899 -0.482774317 -0.174972206
v -0.621266127 -0.482025832 -0.172466949
v -0.621984899 -0.482774317 -0.169961691
v -0.623720109 -0.484581321 -0.168923989
v -0.62545532 -0.486388326 -0.169961691
v -0.623282731 -0.489913344 -0.172466949
v -0.622563958 -0.489164859 -0.174972206
v -0.620828748 -0.487357855 -0.176009908
v -0.619093537 -0.485550851 -0.174972206
v -0.618374765 -0.484802365 -0.172466949
v -0.619093537 -0.485550851 -0.169961691
v -0.620828748 -0.487357855 -0.168923989
v -0.622563958 -0.489164859 -0.169961691
v -0.623282731 -0.489913344 -0.172466949
v -0.622563958 -0.489164859 -0.174972206
v -0.620828748 -0.487357855 -0.176009908
v -0.619093537 -0.485550851 -0.174972206
v -0.618374765 -0.484802365 -0.172466949
v -0.619093537 -0.485550851 -0.169961691
v -0.620828748 -0.487357855 -0.168923989
v -0.622563958 -0.489164859 -0.169961691
v -0.617499948 -0.495466381 -0.172466949
v -0.616781175 -0.494717896 -0.174972206
v -0.615045965 -0.492910892 -0.176009908
v -0.613310754 -0.491103888 -0.174972206
v -0.612591982 -0.490355402 -0.172466949
v -0.613310754 -0.491103888 -0.169961691
v -0.615045965 -0.492910892 -0.168923989
v -0.616781175 -0.494717896 -0.169961691
v -0.61737901 -0.495577246 -0.172466949
v -0.616533041 -0.494938582 -0.174962863
v -0.61481595 -0.493112147 -0.175996706
v -0.613233626 -0.491167814 -0.174962863
v -0.61271292 -0.490244538 -0.172466949
v -0.613558888 -0.490883201 -0.169971034
v -0.615275979 -0.492709637 -0.168937191
v -0.616858304 -0.49465397 -0.169971034
v -0.611326456 -0.500873208 -0.171770602
v -0.610480487 -0.500234544 -0.174266517
v -0.608763397 -0.498408109 -0.17530036
v -0.607181072 -0.496463776 -0.174266517
v -0.606660366 -0.4955405 -0.171770602
v -0.607506335 -0.496179163 -0.169274688
v -0.609223425 -0.498005599 -0.168240845
v -0.61080575 -0.499949932 -0.169274688
v -0.611447334 -0.500762403 -0.171770602
v -0.610728621 -0.500013888 -0.17427586
v -0.608993411 -0.498206854 -0.175313562
v -0.607258201 -0.49639982 -0.17427586
v -0.606539488 -0.495651335 -0.171770602
v -0.607258201 -0.49639982 -0.169265345
v -0.608993411 -0.498206854 -0.168227643
v -0.610728621 -0.500013888 -0.169265345
v -0.60855639 -0.50353843 -0.171770602
v -0.607837677 -0.502789915 -0.17427586
v -0.606102467 -0.500982881 -0.175313562
v -0.604367256 -0.499175847 -0.17427586
v -0.603648543 -0.498427361 -0.171770602
v -0.604367256 -0.499175847 -0.169265345
v -0.606102467 -0.500982881 -0.168227643
v -0.607837677 -0.502789915 -0.169265345
v -0.608556449 -0.50353837 -0.171770602
v -0.607837677 -0.502789915 -0.17427586
v -0.606102467 -0.500982881 -0.175313562
v -0.604367256 -0.499175876 -0.17427586
v -0.603648484 -0.498427391 -0.171770602
v -0.604367256 -0.499175876 -0.169265345
v -0.606102467 -0.500982881 -0.168227643
v -0.607837677 -0.502789915 -0.169265345
v -0.605665565 -0.506314397 -0.171770602
v -0.604946792 -0.505565941 -0.17427586
v -0.603211582 -0.503758907 -0.175313562
v -0.601476371 -0.501951873 -0.17427586
v -0.600757599 -0.501203418 -0.171770602
v -0.601476371 -0.501951873 -0.169265345
v -0.603211582 -0.503758907 -0.168227643
v -0.604946792 -0.505565941 -0.169265345
v -0.520073056 0.0384125039 0.265982985
v -0.522525012 0.0384438485 0.267140567
v -0.523540676 0.0375864543 0.26950413
v -0.522525012 0.0363425761 0.271689177
v -0.520073056 0.0354408547 0.272415698
v -0.5176211 0.0354095101 0.271258116
v -0.516605437 0.0362669043 0.268894553
v -0.5176211 0.0375107825 0.266709507
v -0.5187307 0.0442267768 0.26866895
v -0.521182656 0.0442581214 0.269826531
v -0.522198319 0.0434007272 0.272190094
v -0.521182656 0.0421568491 0.274375141
v -0.5187307 0.0412551276 0.275101662
v -0.516278744 0.041223783 0.27394408
v -0.515263081 0.0420811772 0.271580517
v -0.516278744 0.0433250554 0.269395471
v -0.5187307 0.0416474082 0.268515319
v -0.521148741 0.0425910018 0.269300103
v -0.522150338 0.0436224341 0.271599263
v -0.521148741 0.044137504 0.274065971
v -0.5187307 0.0438344963 0.275255293
v -0.516312659 0.0428909026 0.274470508
v -0.515311062 0.0418594703 0.272171348
v -0.516312659 0.0413444005 0.26970464
v -0.516686082 0.0488236472 0.266186655
v -0.519104123 0.0497672409 0.266971439
v -0.52010572 0.0507986732 0.269270599
v -0.519104123 0.051313743 0.271737307
v -0.516686082 0.0510107353 0.272926629
v -0.514268041 0.0500671417 0.272141844
v -0.513266444 0.0490357094 0.269842684
v -0.514268041 0.0485206395 0.267375976
v -0.516686082 0.0490818024 0.266113579
v -0.519188404 0.0492090397 0.267150521
v -0.520224929 0.0497511029 0.269596934
v -0.519188404 0.0503904559 0.272019744
v -0.516686082 0.0507525802 0.272999704
v -0.51418376 0.0506253429 0.271962762
v -0.513147235 0.0500832796 0.269516349
v -0.51418376 0.0494439267 0.267093539
v -0.51692456 0.0538805574 0.264949262
v -0.519426882 0.0540077947 0.265986204
v -0.520463407 0.054549858 0.268432617
v -0.519426882 0.0551892109 0.270855427
v -0.51692456 0.0555513352 0.271835387
v -0.514422238 0.0554240979 0.270798445
v -0.513385713 0.0548820347 0.268352032
v -0.514422238 0.0542426817 0.265929222
v -0.51692456 0.0536224023 0.265022337
v -0.519342601 0.0545659959 0.265807122
v -0.520344198 0.0555974282 0.268106282
v -0.519342601 0.056112498 0.27057299
v -0.51692456 0.0558094904 0.271762311
v -0.514506519 0.0548658967 0.270977527
v -0.513504922 0.0538344644 0.268678367
v -0.514506519 0.0533193946 0.266211659
v -0.514879942 0.0607986413 0.262693673
v -0.517297983 0.061742235 0.263478458
v -0.51829958 0.0627736673 0.265777618
v -0.517297983 0.0632887408 0.268244326
v -0.514879942 0.0629857332 0.269433647
v -0.512461901 0.0620421357 0.268648863
v -0.511460304 0.0610107034 0.266349703
v -0.512461901 0.0604956336 0.263882995
v -0.514879942 0.0607986525 0.262693673
v -0.517297983 0.0617422424 0.263478458
v -0.51829958 0.0627736673 0.265777618
v -0.517297983 0.0632887334 0.268244326
v -0.514879942 0.0629857183 0.269433647
v -0.512461901 0.0620421283 0.268648863
v -0.511460304 0.0610107034 0.266349703
v -0.512461901 0.0604956411 0.263882995
v -0.512835324 0.0679748952 0.260365039
v -0.515253365 0.0689184815 0.261149824
v -0.516254961 0.06994991 0.263448983
v -0.515253365 0.0704649687 0.265915692
v -0.512835324 0.0701619536 0.267105013
v -0.510417283 0.0692183673 0.266320229
v -0.509415686 0.0681869388 0.264021069
v -0.510417283 0.0676718801 0.26155436
v -0.512835324 0.0709821507 0.260753393
v -0.515264034 0.070938766 0.261958599
v -0.516270041 0.0697997585 0.264204413
v -0.515264034 0.0682323501 0.26617527
v -0.512835324 0.0671546981 0.266716659
v -0.510406613 0.0671980828 0.265511453
v -0.509400606 0.0683370903 0.26326564
v -0.510406613 0.0699044988 0.261294782
v -0.511007547 0.0770618021 0.26465553
v -0.513436258 0.0770184174 0.265860736
v -0.514442265 0.0758794099 0.26810655
v -0.513436258 0.0743120015 0.270077407
v -0.511007547 0.0732343495 0.270618796
v -0.508578837 0.0732777342 0.26941359
v -0.50757283 0.0744167417 0.267167777
v -0.508578837 0.0759841502 0.265196919
v -0.507749677 0.0737557039 0.267637163
v -0.50858295 0.0744465142 0.265150875
v -0.510836482 0.0755482912 0.264121026
v -0.513190269 0.0764156282 0.265150875
v -0.514265418 0.0765404478 0.267637163
v -0.513432145 0.0758496374 0.270123452
v -0.511178613 0.0747478604 0.271153301
v -0.508824825 0.0738805234 0.270123452
v -0.50432235 0.0817749947 0.268716663
v -0.505155623 0.0824658051 0.266230375
v -0.507409155 0.0835675821 0.265200526
v -0.509762943 0.0844349191 0.266230375
v -0.510838091 0.0845597386 0.268716663
v -0.510004818 0.0838689283 0.271202952
v -0.507751286 0.0827671513 0.272232801
v -0.505397499 0.0818998143 0.271202952
v -0.507580221 0.083472386 0.265186846
v -0.510077477 0.0835823789 0.266237944
v -0.511111856 0.0834492594 0.268741012
v -0.510077477 0.0831510127 0.271229833
v -0.507580221 0.0828623474 0.27224648
v -0.505082965 0.0827523544 0.271195382
v -0.504048586 0.082885474 0.268692315
v -0.505082965 0.0831837207 0.266203493
v -0.507162988 0.0886608288 0.265635192
v -0.509660244 0.0887708217 0.266686291
v -0.510694623 0.0886377022 0.269189358
v -0.509660244 0.0883394554 0.27167818
v -0.507162988 0.0880507901 0.272694826
v -0.504665732 0.0879407972 0.271643728
v -0.503631353 0.0880739167 0.269140661
v -0.504665732 0.0883721635 0.266651839
v -0.507162988 0.0870745406 0.265861839
v -0.509594977 0.0880104601 0.266611844
v -0.510602355 0.0891486853 0.268857449
v -0.509594977 0.0898224488 0.271283239
v -0.507162988 0.0896370783 0.272468179
v -0.504730999 0.0887011588 0.271718174
v -0.503723621 0.0875629336 0.269472569
v -0.504730999 0.0868891701 0.267046779
v -0.505292296 0.0941280797 0.263125837
v -0.507724285 0.0950639993 0.263875842
v -0.508731663 0.0962022245 0.266121447
v -0.507724285 0.0968759879 0.268547237
v -0.505292296 0.0966906175 0.269732177
v -0.502860308 0.0957546979 0.268982172
v -0.50185293 0.0946164727 0.266736567
v -0.502860308 0.0939427093 0.264310777
v -0.505292296 0.0951310843 0.262896985
v -0.507797241 0.0952498838 0.263928562
v -0.508834839 0.0954620913 0.266424865
v -0.507797241 0.0956434086 0.268923581
v -0.505292296 0.0956876129 0.269961029
v -0.502787352 0.0955688134 0.268929452
v -0.501749754 0.0953566059 0.26643315
v -0.502787352 0.0951752886 0.263934433
v -0.505143285 0.105078019 0.262113333
v -0.50764823 0.105196819 0.26314491
v -0.508685827 0.105409026 0.265641212
v -0.50764823 0.105590343 0.268139929
v -0.505143285 0.105634548 0.269177377
v -0.50263834 0.105515748 0.2681458
v -0.501600742 0.105303541 0.265649498
v -0.50263834 0.105122223 0.263150781
v -0.505143285 0.102304816 0.263845026
v -0.507474065 0.103665359 0.263581157
v -0.508439481 0.106016427 0.264526457
v -0.507474065 0.107980788 0.266127169
v -0.505143285 0.108407751 0.267445683
v -0.502812505 0.107047208 0.267709553
v -0.501847088 0.10469614 0.266764253
v -0.502812505 0.102731779 0.265163541
v -0.503686786 0.104182616 0.260662228
v -0.506017566 0.105543159 0.260398358
v -0.506982982 0.107894227 0.261343658
v -0.506017566 0.109858587 0.262944371
v -0.503686786 0.11028555 0.264262885
v -0.501356006 0.108925007 0.264526755
v -0.500390589 0.106573939 0.263581455
v -0.501356006 0.104609579 0.261980742
v -0.500145912 0.107113004 0.262462556
v -0.501185536 0.107074089 0.259958416
v -0.503690362 0.107128896 0.258921146
v -0.506193101 0.107245326 0.259958416
v -0.507227659 0.107355163 0.262462556
v -0.506188035 0.107394077 0.264966697
v -0.503683209 0.10733927 0.266003966
v -0.50118047 0.10722284 0.264966697
v -0.499801904 0.117172293 0.26216343
v -0.500841558 0.117133379 0.25965929
v -0.503346384 0.117188185 0.25862202
v -0.505849123 0.117304616 0.25965929
v -0.506883681 0.117414452 0.26216343
v -0.505844057 0.117453367 0.264667571
v -0.503339231 0.11739856 0.26570484
v -0.500836492 0.11728213 0.264667571
v -0.503342807 0.116457991 0.258720368
v -0.505845129 0.11658524 0.25975731
v -0.506881654 0.117127299 0.262203723
v -0.505845129 0.117766641 0.264626533
v -0.503342807 0.118128754 0.265606493
v -0.500840485 0.118001506 0.264569551
v -0.49980396 0.117459446 0.262123138
v -0.500840485 0.116820104 0.259700328
v -0.503580511 0.121241562 0.257559747
v -0.506082833 0.121368811 0.258596689
v -0.507119358 0.12191087 0.261043102
v -0.506082833 0.122550212 0.263465911
v -0.503580511 0.122912325 0.264445871
v -0.501078188 0.122785076 0.263408929
v -0.500041664 0.122243017 0.260962516
v -0.501078188 0.121603675 0.258539706
v -0.503580511 0.120983392 0.257632822
v -0.505998552 0.121926978 0.258417606
v -0.507000148 0.122958414 0.260716766
v -0.505998552 0.123473495 0.263183475
v -0.503580511 0.123170495 0.264372796
v -0.501162469 0.122226909 0.263588011
v -0.500160873 0.121195473 0.261288851
v -0.501162469 0.120680392 0.258822143
v -0.501542389 0.128136918 0.255311519
v -0.503960431 0.129080504 0.256096303
v -0.504962027 0.130111933 0.258395463
v -0.503960431 0.130627021 0.260862172
v -0.501542389 0.130324021 0.262051493
v -0.499124348 0.129380435 0.261266708
v -0.498122782 0.128349006 0.258967549
v -0.499124348 0.127833918 0.25650084
v -0.501542389 0.128395095 0.255238444
v -0.504044712 0.128522366 0.256275386
v -0.505081236 0.129064441 0.258721799
v -0.504044712 0.129703775 0.261144608
v -0.501542389 0.130065843 0.262124568
v -0.499040067 0.129938573 0.261087626
v -0.498003542 0.129396498 0.258641213
v -0.499040067 0.128757164 0.256218404
v -0.501780033 0.133178666 0.254077822
v -0.504282355 0.133305937 0.255114764
v -0.50531888 0.133848011 0.257561177
v -0.504282355 0.134487346 0.259983987
v -0.501780033 0.134849414 0.260963947
v -0.499277711 0.134722143 0.259927005
v -0.498241186 0.134180069 0.257480592
v -0.499277711 0.133540735 0.255057782
v -0.501780033 0.131838873 0.254724234
v -0.504269481 0.132697791 0.255370826
v -0.505300641 0.134327739 0.257276893
v -0.504269481 0.135773942 0.259325892
v -0.501780033 0.136189207 0.260317534
v -0.499290586 0.13533029 0.259670943
v -0.498259425 0.133700341 0.257764876
v -0.499290586 0.132254139 0.255715877
v -0.500848591 0.138352066 0.249658436
v -0.503338039 0.139210984 0.250305027
v -0.504369199 0.140840933 0.252211094
v -0.503338039 0.142287135 0.254260093
v -0.500848591 0.142702401 0.255251735
v -0.498359144 0.141843483 0.254605144
v -0.497327983 0.140213534 0.252699077
v -0.498359144 0.138767332 0.250650078
v -0.500848591 0.141520351 0.249054164
v -0.503324747 0.141595006 0.250156999
v -0.504350364 0.141044185 0.252606034
v -0.503324747 0.140190542 0.254966646
v -0.500848591 0.139534116 0.255856007
v -0.498372465 0.139459461 0.254753172
v -0.497346789 0.140010282 0.252304137
v -0.498372465 0.140863925 0.249943525
v -0.499979615 0.14694424 0.250638008
v -0.502455771 0.147018895 0.251740843
v -0.503481388 0.146468073 0.254189879
v -0.502455771 0.14561443 0.256550491
v -0.499979615 0.144958004 0.257439852
v -0.497503489 0.14488335 0.256337017
v -0.496477813 0.145434171 0.253887981
v -0.497503489 0.146287814 0.251527369
v -0.499979615 0.14835456 0.251435846
v -0.502379358 0.148179188 0.252686322
v -0.503373325 0.146698654 0.254729122
v -0.502379358 0.144780219 0.256367624
v -0.499979615 0.143547684 0.256642014
v -0.497579873 0.143723056 0.255391538
v -0.496585876 0.14520359 0.253348738
v -0.497579873 0.147122025 0.251710236
v -0.494753748 0.161161751 0.263260782
v -0.497153491 0.160986379 0.264511257
v -0.498147488 0.159505844 0.266554058
v -0.497153491 0.157587409 0.268192559
v -0.494753748 0.156354874 0.268466949
v -0.492354006 0.156530246 0.267216474
v -0.491360009 0.158010781 0.265173674
v -0.492354006 0.159929216 0.263535172
v -0.494753748 0.159401596 0.262379795
v -0.497242272 0.159497276 0.263452709
v -0.498273075 0.159160078 0.265938044
v -0.497242272 0.158587545 0.268379927
v -0.494753748 0.158115029 0.269347936
v -0.492265224 0.158019349 0.268275023
v -0.491234422 0.158356547 0.265789688
v -0.492265224 0.15892908 0.263347805
v -0.494134188 0.164649785 0.263348788
v -0.496622711 0.164745465 0.264421701
v -0.497653514 0.164408267 0.266907036
v -0.496622711 0.163835734 0.269348919
v -0.494134188 0.163363218 0.270316929
v -0.491645664 0.163267538 0.269244015
v -0.490614861 0.163604736 0.26675868
v -0.491645664 0.164177269 0.264316797
v -0.494134188 0.162038311 0.263886869
v -0.496612817 0.162917644 0.264547408
v -0.497639507 0.164434806 0.266546696
v -0.496612817 0.165701091 0.268713653
v -0.494134188 0.165974692 0.269778848
v -0.491655558 0.165095359 0.269118309
v -0.490628868 0.163578197 0.26711902
v -0.491655558 0.162311912 0.264952064
v -0.492960483 0.168679625 0.25944984
v -0.495439112 0.169558957 0.260110378
v -0.496465802 0.171076119 0.262109667
v -0.495439112 0.172342405 0.264276624
v -0.492960483 0.172616005 0.265341818
v -0.490481853 0.171736673 0.26468128
v -0.489455163 0.170219511 0.262681991
v -0.490481853 0.168953225 0.260515034
v -0.492960483 0.169812411 0.258952767
v -0.495462805 0.169939682 0.259989709
v -0.49649933 0.170481771 0.262436122
v -0.495462805 0.17112112 0.264858931
v -0.492960483 0.171483219 0.265838891
v -0.490458161 0.171355948 0.264801949
v -0.489421636 0.170813859 0.262355536
v -0.490458161 0.170174509 0.259932727
v -0.493197203 0.174576923 0.257796735
v -0.495699525 0.174704194 0.258833677
v -0.49673605 0.175246283 0.26128009
v -0.495699525 0.175885633 0.263702899
v -0.493197203 0.176247731 0.264682859
v -0.49069488 0.17612046 0.263645917
v -0.489658356 0.175578371 0.261199504
v -0.49069488 0.174939021 0.258776695
v -0.489656836 0.175277069 0.261239797
v -0.490695536 0.175270781 0.258734971
v -0.493199676 0.175347418 0.257697433
v -0.495702386 0.175462067 0.258734971
v -0.49673757 0.175547585 0.261239797
v -0.495698869 0.175553873 0.263744622
v -0.493194729 0.175477237 0.264782161
v -0.490692019 0.175362587 0.263744622
v -0.4892748 0.185276881 0.261056274
v -0.4903135 0.185270593 0.258551449
v -0.49281764 0.185347229 0.257513911
v -0.49532035 0.185461879 0.258551449
v -0.496355534 0.185547397 0.261056274
v -0.495316833 0.185553685 0.2635611
v -0.492812693 0.185477048 0.264598638
v -0.490309983 0.185362399 0.2635611
v -0.492815167 0.185724795 0.257527143
v -0.495312482 0.18583174 0.25857839
v -0.496346891 0.185692891 0.261081159
v -0.495312482 0.185389578 0.263569325
v -0.492815167 0.185099483 0.264585406
v -0.490317851 0.184992537 0.263534158
v -0.489283442 0.185131386 0.261031389
v -0.490317851 0.185434699 0.258543223
v -0.492405355 0.190839961 0.257980317
v -0.49490267 0.190946907 0.259031564
v -0.495937079 0.190808058 0.261534333
v -0.49490267 0.190504745 0.264022499
v -0.492405355 0.190214649 0.26503858
v -0.48990804 0.190107703 0.263987333
v -0.488873631 0.190246552 0.261484563
v -0.48990804 0.190549865 0.258996397
v -0.492405355 0.189691901 0.258066386
v -0.494907677 0.189819172 0.259103328
v -0.495944202 0.190361246 0.261549741
v -0.494907677 0.191000611 0.263972551
v -0.492405355 0.191362709 0.264952511
v -0.489903033 0.191235438 0.263915569
v -0.488866508 0.190693364 0.261469156
v -0.489903033 0.190053999 0.259046346
v -0.492641836 0.194451377 0.256911576
v -0.495144159 0.194578648 0.257948518
v -0.496180683 0.195120722 0.260394931
v -0.495144159 0.195760086 0.26281774
v -0.492641836 0.196122184 0.2637977
v -0.490139514 0.195994914 0.262760758
v -0.489102989 0.195452839 0.260314345
v -0.490139514 0.194813475 0.257891536
v -0.492641836 0.192834288 0.257797718
v -0.495142549 0.193661556 0.258442134
v -0.496178359 0.195440859 0.260206848
v -0.495142549 0.197129905 0.262058139
v -0.492641836 0.197739273 0.262911558
v -0.490141124 0.196912006 0.262267143
v -0.489105314 0.195132703 0.260502428
v -0.490141124 0.193443656 0.258651137
v -0.492114127 0.199142843 0.251746804
v -0.49461484 0.199970111 0.252391219
v -0.495650649 0.201749414 0.254155934
v -0.49461484 0.203438461 0.256007224
v -0.492114127 0.204047829 0.256860644
v -0.489613414 0.203220561 0.256216228
v -0.488577604 0.201441258 0.254451513
v -0.489613414 0.199752212 0.252600223
v -0.48857376 0.201460093 0.254303724
v -0.48961243 0.201454774 0.251798868
v -0.492116541 0.201531783 0.25076133
v -0.49461928 0.20164603 0.251798868
v -0.495654494 0.201730579 0.254303724
v -0.494615823 0.201735899 0.256808579
v -0.492111713 0.20165889 0.257846117
v -0.489608973 0.201544642 0.256808579
v -0.488192379 0.211444184 0.254124343
v -0.48923105 0.211438864 0.251619488
v -0.49173516 0.211515874 0.25058195
v -0.4942379 0.211630121 0.251619488
v -0.495273113 0.21171467 0.254124343
v -0.494234443 0.21171999 0.256629199
v -0.491730332 0.211642981 0.257666737
v -0.489227593 0.211528733 0.256629199
v -0.491732746 0.211894974 0.25059545
v -0.494230032 0.212001279 0.251646817
v -0.495264441 0.211860463 0.254149467
v -0.494230032 0.211555019 0.256637394
v -0.491732746 0.21126388 0.257653236
v -0.489235461 0.211157575 0.25660187
v -0.488201052 0.211298391 0.25409922
v -0.489235461 0.211603835 0.251611292
v -0.491323411 0.216998249 0.251051784
v -0.493820697 0.217104554 0.25210315
v -0.494855106 0.216963738 0.2546058
v -0.493820697 0.216658294 0.257093728
v -0.491323411 0.216367155 0.25810957
v -0.488826126 0.21626085 0.257058203
v -0.487791717 0.216401666 0.254555553
v -0.488826126 0.21670711 0.252067626
v -0.491323411 0.215847299 0.251137614
v -0.493825734 0.215974569 0.252174556
v -0.494862258 0.216516644 0.254620969
v -0.493825734 0.217156008 0.257043779
v -0.491323411 0.217518106 0.258023739
v -0.488821089 0.217390835 0.256986797
v -0.487784564 0.216848761 0.254540384
v -0.488821089 0.216209397 0.252117574
v -0.491559893 0.220606774 0.249982804
v -0.494062215 0.220734045 0.251019746
v -0.49509874 0.221276119 0.253466159
v -0.494062215 0.221915483 0.255888969
v -0.491559893 0.222277582 0.256868929
v -0.489057571 0.222150311 0.255831987
v -0.488021046 0.221608236 0.253385574
v -0.489057571 0.220968872 0.250962764
v -0.491559893 0.22371079 0.250704467
v -0.493969053 0.223574132 0.251941532
v -0.494966984 0.222188607 0.254048109
v -0.493969053 0.220365837 0.255790174
v -0.491559893 0.219173566 0.256147265
v -0.489150733 0.219310224 0.254910201
v -0.488152802 0.220695749 0.252803624
v -0.489150733 0.222518519 0.251061559
v -0.487069428 0.235803872 0.26078549
v -0.489478588 0.235667214 0.262022555
v -0.490476519 0.234281689 0.264129132
v -0.489478588 0.232458919 0.265871197
v -0.487069428 0.231266648 0.266228288
v -0.484660268 0.231403306 0.264991224
v -0.483662337 0.232788831 0.262884647
v -0.484660268 0.234611601 0.261142582
v -0.487069428 0.233980343 0.259992003
v -0.489563674 0.234082624 0.26105094
v -0.490596831 0.233864248 0.263548553
v -0.489563674 0.233453169 0.266021758
v -0.487069428 0.233090177 0.267021775
v -0.484575182 0.232987896 0.265962839
v -0.483542025 0.233206272 0.263465226
v -0.484575182 0.23361735 0.26099202
v -0.486584812 0.239094272 0.260639578
v -0.489079058 0.239196554 0.261698514
v -0.490112215 0.238978177 0.264196128
v -0.489079058 0.238567099 0.266669333
v -0.486584812 0.238204107 0.26766935
v -0.484090567 0.238101825 0.266610414
v -0.48305741 0.238320202 0.2641128
v -0.484090567 0.23873128 0.261639595
v -0.486584812 0.237813801 0.260711402
v -0.489087135 0.237941056 0.261748344
v -0.490123659 0.238483131 0.264194757
v -0.489087135 0.23912248 0.266617566
v -0.486584812 0.239484578 0.267597526
v -0.48408249 0.239357322 0.266560584
v -0.483045965 0.238815248 0.264114171
v -0.48408249 0.238175899 0.261691362
v -0.487055898 0.247294709 0.25841105
v -0.48955822 0.247421965 0.259447992
v -0.490594745 0.247964039 0.261894405
v -0.48955822 0.248603389 0.264317214
v -0.487055898 0.248965487 0.265297174
v -0.484553576 0.248838231 0.264260232
v -0.483517051 0.248296157 0.261813819
v -0.484553576 0.247656807 0.25939101
v -0.484500408 0.245676115 0.261854112
v -0.48582685 0.245793015 0.25949192
v -0.487873256 0.247278929 0.258513451
v -0.489440858 0.249263465 0.25949192
v -0.489611387 0.250584066 0.261854112
v -0.488284945 0.250467181 0.264216304
v -0.486238539 0.248981267 0.265194774
v -0.484670937 0.246996731 0.264216304
v -0.482245117 0.248024702 0.260703921
v -0.483571559 0.248141602 0.25834173
v -0.485617965 0.249627516 0.25736326
v -0.487185568 0.251612037 0.25834173
v -0.487356097 0.252932668 0.260703921
v -0.486029655 0.252815783 0.263066113
v -0.483983248 0.251329839 0.264044583
v -0.482415646 0.249345317 0.263066113
v -0.484800607 0.249643296 0.257260859
v -0.487302929 0.249770552 0.258297801
v -0.488339454 0.250312626 0.260744214
v -0.487302929 0.250951976 0.263167024
v -0.484800607 0.251314074 0.264146984
v -0.482298285 0.251186818 0.263110042
v -0.48126176 0.250644743 0.260663629
v -0.482298285 0.250005394 0.258240819
v -0.485271662 0.25912419 0.254960507
v -0.487773985 0.259251446 0.255997449
v -0.488810509 0.25979352 0.258443862
v -0.487773985 0.260432869 0.260866672
v -0.485271662 0.260794967 0.261846632
v -0.48276934 0.260667711 0.26080969
v -0.481732816 0.260125637 0.258363277
v -0.48276934 0.259486288 0.255940467
v -0.485271662 0.25912419 0.254960507
v -0.487773985 0.259251446 0.255997449
v -0.488810509 0.25979352 0.258443862
v -0.487773985 0.260432869 0.260866672
v -0.485271662 0.260794967 0.261846632
v -0.48276934 0.260667711 0.26080969
v -0.481732816 0.260125637 0.258363277
v -0.48276934 0.259486288 0.255940467
v -0.48550719 0.263864666 0.253810316
v -0.488009512 0.263991922 0.254847258
v -0.489046037 0.264533997 0.257293671
v -0.488009512 0.265173346 0.259716481
v -0.48550719 0.265535444 0.260696441
v -0.483004868 0.265408188 0.259659499
v -0.481968343 0.264866114 0.257213086
v -0.483004868 0.264226764 0.254790276
v -0.481969059 0.26451534 0.257253379
v -0.483002961 0.264615178 0.254748553
v -0.485503823 0.264764726 0.253711015
v -0.488006651 0.264876395 0.254748553
v -0.489045322 0.26488477 0.257253379
v -0.48801142 0.264784932 0.259758204
v -0.485510558 0.264635384 0.260795742
v -0.483007729 0.264523715 0.259758204
v -0.48144874 0.27448231 0.257435799
v -0.482482642 0.274582148 0.254930973
v -0.484983504 0.274731696 0.253893435
v -0.487486333 0.274843365 0.254930973
v -0.488525003 0.274851739 0.257435799
v -0.487491101 0.274751902 0.259940624
v -0.484990239 0.274602354 0.260978162
v -0.48248741 0.274490684 0.259940624
v -0.484986871 0.277483195 0.255285949
v -0.487360418 0.27714476 0.256552786
v -0.488343567 0.275354892 0.258336872
v -0.487360418 0.273162097 0.259593129
v -0.484986871 0.271850854 0.259585649
v -0.482613325 0.272189289 0.258318812
v -0.481630176 0.273979157 0.256534725
v -0.482613325 0.276171952 0.255278468
v -0.4812828 0.284138411 0.264003873
v -0.483656347 0.283799976 0.26527071
v -0.484639496 0.282010108 0.267054796
v -0.483656347 0.279817313 0.268311054
v -0.4812828 0.27850607 0.268303573
v -0.478909254 0.278844506 0.267036736
v -0.477926105 0.280634373 0.26525265
v -0.478909254 0.282827169 0.263996392
v -0.4812828 0.28297627 0.263020545
v -0.483728439 0.282972276 0.264191866
v -0.484741449 0.282001704 0.266512424
v -0.483728439 0.280633092 0.268622845
v -0.4812828 0.279668212 0.269286901
v -0.478837162 0.279672205 0.26811558
v -0.477824152 0.280642778 0.265795022
v -0.478837162 0.28201139 0.263684601
v -0.479899675 0.288482368 0.265927285
v -0.482345313 0.288478374 0.267098606
v -0.483358324 0.287507802 0.269419163
v -0.482345313 0.28613919 0.271529585
v -0.479899675 0.28517431 0.27219364
v -0.477454036 0.285178304 0.27102232
v -0.476441026 0.286148876 0.268701762
v -0.477454036 0.287517488 0.26659134
v -0.479899675 0.28599295 0.2656174
v -0.482401997 0.286120206 0.266654342
v -0.483438522 0.286662281 0.269100755
v -0.482401997 0.28730163 0.271523565
v -0.479899675 0.287663728 0.272503525
v -0.477397352 0.287536472 0.271466583
v -0.476360828 0.286994398 0.26902017
v -0.477397352 0.286355048 0.26659736
v -0.480368584 0.295430005 0.263327658
v -0.482870907 0.295557261 0.2643646
v -0.483907431 0.296099335 0.266811013
v -0.482870907 0.296738684 0.269233823
v -0.480368584 0.297100782 0.270213783
v -0.477866262 0.296973526 0.269176841
v -0.476829737 0.296431452 0.266730428
v -0.477866262 0.295792103 0.264307618
v -0.480368584 0.29597649 0.263239563
v -0.482873619 0.296093732 0.26427114
v -0.483911246 0.296311527 0.266766936
v -0.482873619 0.296502292 0.269264966
v -0.480368584 0.296554297 0.270301878
v -0.47786355 0.296437055 0.269270301
v -0.476825923 0.29621926 0.266774505
v -0.47786355 0.296028495 0.264276475
v -0.480304867 0.300836116 0.26284197
v -0.482809901 0.300953358 0.263873547
v -0.483847529 0.301171154 0.266369343
v -0.482809901 0.301361918 0.268867373
v -0.480304867 0.301413924 0.269904286
v -0.477799833 0.301296681 0.268872708
v -0.476762205 0.301078886 0.266376913
v -0.477799833 0.300888121 0.263878882
v -0.480304867 0.300850809 0.262840807
v -0.482809842 0.300967813 0.263872534
v -0.483847439 0.301176935 0.266369104
v -0.482809842 0.30135563 0.268867999
v -0.480304867 0.301399231 0.269905448
v -0.477799892 0.301282227 0.268873721
v -0.476762295 0.301073104 0.266377151
v -0.477799892 0.300894409 0.263878256
v -0.480161548 0.310571313 0.262086183
v -0.482666522 0.310688317 0.263117909
v -0.48370412 0.31089744 0.26561448
v -0.482666522 0.311076134 0.268113375
v -0.480161548 0.311119735 0.269150823
v -0.477656573 0.311002731 0.268119097
v -0.476618975 0.310793608 0.265622526
v -0.477656573 0.310614914 0.263123631
v -0.480161548 0.311737716 0.262189716
v -0.482641935 0.31181711 0.263282657
v -0.483669341 0.311327368 0.265743881
v -0.482641935 0.310555369 0.268131673
v -0.480161548 0.309953332 0.26904729
v -0.47768116 0.309873939 0.26795435
v -0.476653755 0.31036368 0.265493125
v -0.47768116 0.311135679 0.263105333
v -0.479402512 0.316913009 0.263536364
v -0.4818829 0.316992402 0.264629304
v -0.482910305 0.316502661 0.267090529
v -0.4818829 0.315730661 0.269478321
v -0.479402512 0.315128624 0.270393938
v -0.476922125 0.315049231 0.269300997
v -0.475894719 0.315538973 0.266839772
v -0.476922125 0.316310972 0.264451981
v -0.479402512 0.315185428 0.263522089
v -0.481904835 0.315312684 0.264559031
v -0.482941359 0.315854758 0.267005444
v -0.481904835 0.316494107 0.269428253
v -0.479402512 0.316856205 0.270408213
v -0.47690019 0.31672895 0.269371271
v -0.475863665 0.316186875 0.266924858
v -0.47690019 0.315547526 0.264502048
v -0.479870766 0.324609786 0.261235446
v -0.482373089 0.324737042 0.262272388
v -0.483409613 0.325279117 0.264718801
v -0.482373089 0.325918466 0.26714161
v -0.479870766 0.326280564 0.26812157
v -0.477368444 0.326153308 0.267084628
v -0.476331919 0.325611234 0.264638215
v -0.477368444 0.324971884 0.262215406
v -0.479870766 0.324609786 0.261235446
v -0.482373089 0.324737042 0.262272388
v -0.483409613 0.325279117 0.264718801
v -0.482373089 0.325918466 0.26714161
v -0.479870766 0.326280564 0.26812157
v -0.477368444 0.326153308 0.267084628
v -0.476331919 0.325611234 0.264638215
v -0.477368444 0.324971884 0.262215406
v -0.480104893 0.329321951 0.260092139
v -0.482607216 0.329449207 0.261129081
v -0.48364374 0.329991281 0.263575494
v -0.482607216 0.33063063 0.265998304
v -0.480104893 0.330992728 0.266978264
v -0.477602571 0.330865473 0.265941322
v -0.476566046 0.330323398 0.263494909
v -0.477602571 0.329684049 0.261072099
v -0.480104893 0.329321921 0.260092139
v -0.482607216 0.329449207 0.261129081
v -0.48364374 0.329991281 0.263575494
v -0.482607216 0.33063063 0.265998304
v -0.480104893 0.330992758 0.266978264
v -0.477602571 0.330865473 0.265941322
v -0.476566046 0.330323398 0.263494909
v -0.477602571 0.329684049 0.261072099
v -0.48033902 0.334034085 0.258948803
v -0.482841343 0.334161371 0.259985745
v -0.483877867 0.334703445 0.262432158
v -0.482841343 0.335342795 0.264854968
v -0.48033902 0.335704923 0.265834928
v -0.477836698 0.335577637 0.264797986
v -0.476800174 0.335035563 0.262351573
v -0.477836698 0.334396213 0.259928763
v -0.48033902 0.334034115 0.258948803
v -0.482841343 0.334161371 0.259985745
v -0.483877867 0.334703445 0.262432158
v -0.482841343 0.335342795 0.264854968
v -0.48033902 0.335704893 0.265834928
v -0.477836698 0.335577637 0.264797986
v -0.476800174 0.335035563 0.262351573
v -0.477836698 0.334396213 0.259928763
v -0.480807275 0.343458444 0.25666219
v -0.483309597 0.3435857 0.257699132
v -0.484346122 0.344127774 0.260145545
v -0.483309597 0.344767123 0.262568355
v -0.480807275 0.345129222 0.263548315
v -0.478304952 0.345001966 0.262511373
v -0.477268428 0.344459891 0.26006496
v -0.478304952 0.343820542 0.25764215
v -0.480807275 0.343458414 0.25666219
v -0.483309597 0.3435857 0.257699132
v -0.484346122 0.344127774 0.260145545
v -0.483309597 0.344767123 0.262568355
v -0.480807275 0.345129251 0.263548315
v -0.478304952 0.345001966 0.262511373
v -0.477268428 0.344459891 0.26006496
v -0.478304952 0.343820542 0.25764215
v -0.481041402 0.348170578 0.255518854
v -0.483543724 0.348297864 0.256555796
v -0.484580249 0.348839939 0.259002209
v -0.483543724 0.349479288 0.261425018
v -0.481041402 0.349841416 0.262404978
v -0.478539079 0.34971413 0.261368036
v -0.477502555 0.349172056 0.258921623
v -0.478539079 0.348532706 0.256498814
v -0.481041402 0.348170608 0.255518854
v -0.483543724 0.348297864 0.256555796
v -0.484580249 0.348839939 0.259002209
v -0.483543724 0.349479288 0.261425018
v -0.481041402 0.349841386 0.262404978
v -0.478539079 0.34971413 0.261368036
v -0.477502555 0.349172056 0.258921623
v -0.478539079 0.348532706 0.256498814
v -0.481509656 0.357594937 0.253232241
v -0.484011978 0.357722193 0.254269183
v -0.485048503 0.358264267 0.256715596
v -0.484011978 0.358903617 0.259138405
v -0.481509656 0.359265715 0.260118365
v -0.479007334 0.359138459 0.259081423
v -0.477970809 0.358596385 0.25663501
v -0.479007334 0.357957035 0.254212201
v -0.481509656 0.361429989 0.254789948
v -0.483870864 0.360996932 0.256051004
v -0.484848917 0.359060407 0.257677764
v -0.483870864 0.35675478 0.258717299
v -0.481509656 0.355430663 0.258560658
v -0.479148448 0.35586372 0.257299602
v -0.478170395 0.357800245 0.255672842
v -0.479148448 0.360105872 0.254633307
v -0.477020353 0.3681674 0.265509307
v -0.479381561 0.367734343 0.266770363
v -0.480359614 0.365797818 0.268397123
v -0.479381561 0.363492191 0.269436657
v -0.477020353 0.362168074 0.269280016
v -0.474659145 0.362601131 0.268018961
v -0.473681092 0.364537656 0.266392201
v -0.474659145 0.366843283 0.265352666
v -0.477020353 0.364332348 0.2639516
v -0.479522675 0.364459604 0.264988542
v -0.4805592 0.365001708 0.267434955
v -0.479522675 0.365641028 0.269857764
v -0.477020353 0.366003126 0.270837724
v -0.474518031 0.36587587 0.269800782
v -0.473481506 0.365333766 0.267354369
v -0.474518031 0.364694446 0.26493156
v -0.477253675 0.369028747 0.262812108
v -0.479755998 0.369156003 0.26384905
v -0.480792522 0.369698107 0.266295463
v -0.479755998 0.370337427 0.268718272
v -0.477253675 0.370699525 0.269698232
v -0.474751353 0.370572269 0.26866129
v -0.473714828 0.370030165 0.266214877
v -0.474751353 0.369390845 0.263792068
v -0.477253675 0.37102747 0.262908638
v -0.479723185 0.371085107 0.264027297
v -0.480746061 0.370427489 0.266451001
v -0.479723185 0.36943987 0.268759996
v -0.477253675 0.368700802 0.269601703
v -0.474784166 0.368643165 0.268483043
v -0.47376129 0.369300783 0.266059339
v -0.474784166 0.370288402 0.263750345
v -0.475378215 0.381400585 0.266514629
v -0.477847725 0.381458223 0.267633289
v -0.4788706 0.380800605 0.270056993
v -0.477847725 0.379812986 0.272365987
v -0.475378215 0.379073918 0.273207694
v -0.472908705 0.37901628 0.272089034
v -0.47188583 0.379673898 0.269665331
v -0.472908705 0.380661517 0.267356336
v -0.475378215 0.379401833 0.266418099
v -0.477880538 0.379529119 0.267455041
v -0.478917062 0.380071193 0.269901454
v -0.477880538 0.380710542 0.272324264
v -0.475378215 0.38107267 0.273304224
v -0.472875893 0.380945385 0.272267282
v -0.471839368 0.38040331 0.269820869
v -0.472875893 0.379763961 0.267398059
v -0.47561118 0.384090424 0.265280485
v -0.478113502 0.384217709 0.266317427
v -0.479150027 0.384759784 0.26876384
v -0.478113502 0.385399133 0.27118665
v -0.47561118 0.385761261 0.27216661
v -0.473108858 0.385633975 0.271129668
v -0.472072333 0.385091901 0.268683255
v -0.473108858 0.384452552 0.266260445
v -0.472074628 0.384713054 0.268723547
v -0.473104656 0.3848719 0.266220152
v -0.475602955 0.385062307 0.26518324
v -0.478106111 0.385172814 0.266220152
v -0.479147732 0.385138631 0.268723547
v -0.478117704 0.384979784 0.271226943
v -0.475619406 0.384789377 0.272263855
v -0.473116249 0.38467887 0.271226943
v -0.471484512 0.394521415 0.26910302
v -0.47251454 0.394680262 0.266599625
v -0.475012839 0.394870669 0.265562713
v -0.477515996 0.394981176 0.266599625
v -0.478557616 0.394946992 0.26910302
v -0.477527589 0.394788146 0.271606416
v -0.47502929 0.394597739 0.272643328
v -0.472526133 0.394487232 0.271606416
v -0.475021064 0.396183521 0.265870064
v -0.477477252 0.39620918 0.267018765
v -0.478494644 0.395370841 0.269388407
v -0.477477252 0.394159555 0.271590889
v -0.475021064 0.393284887 0.272335976
v -0.472564876 0.393259227 0.271187276
v -0.471547484 0.394097567 0.268817633
v -0.472564876 0.395308852 0.266615152
v -0.473866165 0.401430517 0.268222243
v -0.476322353 0.401456177 0.269370943
v -0.477339745 0.400617838 0.271740586
v -0.476322353 0.399406552 0.273943067
v -0.473866165 0.398531884 0.274688154
v -0.471409976 0.398506224 0.273539454
v -0.470392585 0.399344563 0.271169811
v -0.471409976 0.400555849 0.26896733
v -0.473866165 0.399804354 0.26791665
v -0.476370603 0.399919957 0.268949866
v -0.477407962 0.400071442 0.271450698
v -0.476370603 0.400170058 0.273954123
v -0.473866165 0.400158048 0.274993747
v -0.471361727 0.400042444 0.273960531
v -0.470324367 0.399890959 0.271459699
v -0.471361727 0.399792343 0.268956274
v -0.473619819 0.409448475 0.267434686
v -0.476124257 0.409564078 0.268467903
v -0.477161616 0.409715563 0.270968735
v -0.476124257 0.409814179 0.27347216
v -0.473619819 0.409802169 0.274511784
v -0.471115381 0.409686565 0.273478568
v -0.470078021 0.40953508 0.270977736
v -0.471115381 0.409436464 0.268474311
v -0.473619819 0.4067173 0.26894936
v -0.475925297 0.408129066 0.268737495
v -0.476880252 0.410417289 0.269835293
v -0.475925297 0.412241608 0.27159968
v -0.473619819 0.412533343 0.272997111
v -0.471314341 0.411121577 0.273208976
v -0.470359385 0.408833355 0.272111177
v -0.471314341 0.407009035 0.270346791
v -0.47210452 0.408752918 0.26602447
v -0.474409997 0.410164684 0.265812606
v -0.475364953 0.412452906 0.266910404
v -0.474409997 0.414277226 0.268674791
v -0.47210452 0.414568961 0.270072222
v -0.469799042 0.413157195 0.270284086
v -0.468844086 0.410868973 0.269186288
v -0.469799042 0.409044653 0.267421901
v -0.47210452 0.411484629 0.264509767
v -0.474608958 0.411599874 0.265543044
v -0.475646347 0.411750913 0.268043876
v -0.474608958 0.411849231 0.27054733
v -0.47210452 0.41183725 0.271586925
v -0.469600081 0.411722004 0.270553648
v -0.468562692 0.411570966 0.268052816
v -0.469600081 0.411472648 0.265549362
v -0.471859097 0.421122819 0.264029503
v -0.474363536 0.421238065 0.265062779
v -0.475400925 0.421389103 0.267563611
v -0.474363536 0.421487421 0.270067066
v -0.471859097 0.42147544 0.27110666
v -0.469354659 0.421360195 0.270073384
v -0.46831727 0.421209157 0.267572552
v -0.469354659 0.421110839 0.265069097
v -0.471859097 0.423626095 0.264896423
v -0.474265307 0.423470497 0.266137004
v -0.475261986 0.422042906 0.268215895
v -0.474265307 0.420179635 0.269915313
v -0.471859097 0.418972164 0.270239741
v -0.469452888 0.419127762 0.268999159
v -0.468456209 0.420555353 0.266920269
v -0.469452888 0.422418624 0.265220851
v -0.469706148 0.429227084 0.269774795
v -0.472112358 0.429071486 0.271015376
v -0.473109037 0.427643895 0.273094267
v -0.472112358 0.425780624 0.274793684
v -0.469706148 0.424573153 0.275118113
v -0.467299938 0.424728751 0.273877531
v -0.466303259 0.426156342 0.27179864
v -0.467299938 0.428019613 0.270099223
v -0.469706148 0.42606473 0.269003391
v -0.47220847 0.426191986 0.270040333
v -0.473244995 0.42673406 0.272486746
v -0.47220847 0.427373409 0.274909556
v -0.469706148 0.427735507 0.275889516
v -0.467203826 0.427608252 0.274852574
v -0.466167301 0.427066177 0.272406161
v -0.467203826 0.426426828 0.269983351
v -0.469938189 0.430734843 0.267870277
v -0.472440511 0.430862099 0.268907219
v -0.473477036 0.431404173 0.271353632
v -0.472440511 0.432043523 0.273776442
v -0.469938189 0.432405621 0.274756402
v -0.467435867 0.432278365 0.27371946
v -0.466399342 0.43173629 0.271273047
v -0.467435867 0.431096941 0.268850237
v -0.469938189 0.430476695 0.267943352
v -0.47235623 0.431420267 0.268728137
v -0.473357797 0.432451695 0.271027297
v -0.47235623 0.432966769 0.273494005
v -0.469938189 0.432663769 0.274683326
v -0.467520148 0.431720197 0.273898542
v -0.466518581 0.430688769 0.271599382
v -0.467520148 0.430173695 0.269132674
v -0.467948407 0.437460542 0.265677124
v -0.470366448 0.438404113 0.266461909
v -0.471368015 0.439435542 0.268761069
v -0.470366448 0.439950615 0.271227777
v -0.467948407 0.439647615 0.272417098
v -0.465530366 0.438704044 0.271632314
v -0.464528799 0.437672615 0.269333154
v -0.465530366 0.437157542 0.266866446
v -0.467948407 0.438082308 0.265535712
v -0.47045359 0.438201904 0.266566664
v -0.471491277 0.438527793 0.269050658
v -0.47045359 0.438869059 0.271532565
v -0.467948407 0.439025849 0.27255851
v -0.465443224 0.438906252 0.271527559
v -0.464405537 0.438580364 0.269043565
v -0.465443224 0.438239098 0.266561657
v -0.468020082 0.447568595 0.264261216
v -0.470525265 0.447688192 0.265292168
v -0.471562952 0.448014081 0.267776161
v -0.470525265 0.448355347 0.270258069
v -0.468020082 0.448512137 0.271284014
v -0.465514898 0.44839254 0.270253062
v -0.464477211 0.448066652 0.267769068
v -0.465514898 0.447725385 0.265287161
v -0.468020082 0.447204977 0.264329553
v -0.470522404 0.447332233 0.265366495
v -0.471558928 0.447874308 0.267812908
v -0.470522404 0.448513657 0.270235717
v -0.468020082 0.448875755 0.271215677
v -0.465517759 0.448748499 0.270178735
v -0.464481235 0.448206425 0.267732322
v -0.465517759 0.447567075 0.265309513
v -0.468252063 0.451873779 0.263196766
v -0.470754385 0.452001035 0.264233708
v -0.47179091 0.45254311 0.266680121
v -0.470754385 0.453182459 0.269102931
v -0.468252063 0.453544557 0.270082891
v -0.465749741 0.453417301 0.269045949
v -0.464713216 0.452875227 0.266599536
v -0.465749741 0.452235878 0.264176726
v -0.468252063 0.454757601 0.263749093
v -0.470675856 0.454674661 0.264962137
v -0.471679807 0.453440368 0.267157972
v -0.470675856 0.451777726 0.26905027
v -0.468252063 0.450660735 0.269530565
v -0.46582827 0.450743675 0.268317521
v -0.464824319 0.451977968 0.266121686
v -0.46582827 0.45364061 0.264229387
v -0.466526836 0.460141629 0.267564327
v -0.468950629 0.460058689 0.26877737
v -0.46995458 0.458824396 0.270973206
v -0.468950629 0.457161754 0.272865504
v -0.466526836 0.456044763 0.273345798
v -0.464103043 0.456127703 0.272132754
v -0.463099092 0.457361996 0.269936919
v -0.464103043 0.459024638 0.268044621
v -0.466526836 0.45699966 0.267085075
v -0.468944877 0.457943231 0.26786989
v -0.469946444 0.458974659 0.27016902
v -0.468944877 0.459489733 0.272635728
v -0.466526836 0.459186733 0.273825049
v -0.464108795 0.458243161 0.273040235
v -0.463107228 0.457211733 0.270741105
v -0.464108795 0.456696659 0.268274397
v -0.464540422 0.463971794 0.264822632
v -0.466958463 0.464915365 0.265607446
v -0.46796003 0.465946794 0.267906576
v -0.466958463 0.466461867 0.270373285
v -0.464540422 0.466158867 0.271562606
v -0.462122381 0.465215296 0.270777792
v -0.461120814 0.464183867 0.268478662
v -0.462122381 0.463668793 0.266011953
v -0.331103325 0.514057875 0.599747181
v -0.33007735 0.51455456 0.597286701
v -0.328325927 0.516356468 0.596267581
v -0.326875001 0.51840812 0.597286701
v -0.326574504 0.519507647 0.599747181
v -0.327600479 0.519010961 0.602207661
v -0.329351902 0.517209053 0.603226781
v -0.330802828 0.515157402 0.602207661
v -0.328644365 0.512014449 0.600360036
v -0.32761839 0.512511134 0.597899556
v -0.325866967 0.514313042 0.596880436
v -0.324416041 0.516364694 0.597899556
v -0.324115545 0.517464221 0.600360036
v -0.325141519 0.516967535 0.602820516
v -0.326892942 0.515165627 0.603839636
v -0.328343868 0.513113976 0.602820516
v -0.315271497 0.515323102 0.62072587
v -0.314251065 0.512836277 0.620368719
v -0.312140435 0.51180619 0.619013309
v -0.310175955 0.512836277 0.617453516
v -0.309508383 0.515323102 0.616603136
v -0.310528815 0.517809927 0.616960287
v -0.312639445 0.518840015 0.618315697
v -0.314603925 0.517809927 0.619875491
v -0.305197716 0.517434299 0.634807765
v -0.304177284 0.514947474 0.634450614
v -0.302066654 0.513917387 0.633095205
v -0.300102174 0.514947474 0.631535411
v -0.299434602 0.517434299 0.630685031
v -0.300455034 0.519921124 0.631042182
v -0.302565664 0.520951211 0.632397592
v -0.304530144 0.519921124 0.633957386
v -0.299863249 0.517434299 0.635302961
v -0.301240623 0.515101433 0.635186374
v -0.303248018 0.514135063 0.633640468
v -0.304709554 0.515101433 0.631570876
v -0.304769069 0.517434299 0.630189836
v -0.303391695 0.519767165 0.630306423
v -0.3013843 0.520733535 0.631852329
v -0.299922764 0.519767165 0.633921921
v -0.294928014 0.514757097 0.630567789
v -0.296305388 0.512424231 0.630451202
v -0.298312783 0.51145786 0.628905296
v -0.299774319 0.512424231 0.626835704
v -0.299833834 0.514757097 0.625454664
v -0.29845646 0.517089963 0.625571251
v -0.296449065 0.518056333 0.627117157
v -0.29498753 0.517089963 0.629186749
v -0.297380924 0.511369288 0.629048288
v -0.29985553 0.512247264 0.62837106
v -0.300880581 0.514595449 0.62748307
v -0.29985553 0.517038286 0.626904488
v -0.297380924 0.518144906 0.626974165
v -0.294906318 0.517266929 0.627651393
v -0.293881267 0.514918745 0.628539383
v -0.294906318 0.512475908 0.629117966
v -0.295347512 0.507598102 0.616728544
v -0.297822118 0.508476079 0.616051316
v -0.298847169 0.510824263 0.615163326
v -0.297822118 0.5132671 0.614584744
v -0.295347512 0.51437372 0.614654422
v -0.292872906 0.513495743 0.61533165
v -0.291847855 0.511147559 0.61621964
v -0.292872906 0.508704722 0.616798222
v -0.295347512 0.507590055 0.616701782
v -0.297796756 0.508734882 0.616910815
v -0.298811257 0.511198342 0.616405606
v -0.297796756 0.513537347 0.615482032
v -0.295347512 0.514381766 0.614681184
v -0.292898268 0.51323694 0.614472151
v -0.291883767 0.51077348 0.61497736
v -0.292898268 0.508434474 0.615900934
v -0.298447996 0.503479779 0.60288614
v -0.300897241 0.504624605 0.603095174
v -0.301911741 0.507088065 0.602589965
v -0.300897241 0.509427071 0.601666391
v -0.298447996 0.51027149 0.600865543
v -0.295998752 0.509126663 0.600656509
v -0.294984251 0.506663203 0.601161718
v -0.295998752 0.504324198 0.602085292
v -0.298447996 0.50345242 0.602789104
v -0.300952166 0.504435956 0.602450192
v -0.301989406 0.506848693 0.601774812
v -0.300952166 0.509277165 0.601158619
v -0.298447996 0.510298848 0.600962579
v -0.295943826 0.509315312 0.601301491
v -0.294906586 0.506902575 0.601976871
v -0.295943826 0.504474103 0.602593064
v -0.29794237 0.499038488 0.586244285
v -0.30044654 0.500022054 0.585905373
v -0.30148378 0.50243479 0.585229993
v -0.30044654 0.504863262 0.5846138
v -0.29794237 0.505884945 0.58441776
v -0.2954382 0.504901409 0.584756672
v -0.29440096 0.502488673 0.585432053
v -0.2954382 0.500060201 0.586048245
v -0.299008191 0.502461731 0.588709891
v -0.299174249 0.500007153 0.587569356
v -0.298618674 0.498990476 0.585117698
v -0.297666937 0.500007153 0.582790971
v -0.29687655 0.502461731 0.581952155
v -0.296710491 0.50491631 0.58309269
v -0.297266066 0.505932987 0.585544348
v -0.298217803 0.50491631 0.587871075
v -0.291221261 0.500793636 0.591166198
v -0.29138732 0.498339087 0.590025663
v -0.290831745 0.497322381 0.587574005
v -0.289880008 0.498339087 0.585247278
v -0.28908962 0.500793636 0.584408462
v -0.288923562 0.503248215 0.585548997
v -0.289479136 0.504264891 0.588000655
v -0.290430874 0.503248215 0.590327382
v -0.291285336 0.497435689 0.58778733
v -0.291308075 0.498538196 0.585310042
v -0.290655643 0.500961959 0.584283888
v -0.289710164 0.503287077 0.585310042
v -0.289025545 0.504151583 0.58778733
v -0.289002806 0.503049076 0.590264618
v -0.289655238 0.500625312 0.591290772
v -0.290600717 0.498300195 0.590264618
v -0.284828216 0.49526298 0.586761057
v -0.284850955 0.496365488 0.584283769
v -0.284198523 0.498789221 0.583257616
v -0.283253044 0.501114368 0.584283769
v -0.282568425 0.501978874 0.586761057
v -0.282545686 0.500876367 0.589238346
v -0.283198118 0.498452634 0.590264499
v -0.284143597 0.496127486 0.589238346
v -0.279905647 0.487325937 0.561436415
v -0.282315493 0.488082111 0.560449481
v -0.283313662 0.490356296 0.559360981
v -0.282315493 0.492816269 0.558808506
v -0.279905647 0.494021028 0.559115648
v -0.277495801 0.493264854 0.560102582
v -0.276497632 0.490990669 0.561191082
v -0.277495801 0.488530695 0.561743557
v -0.276821822 0.483771712 0.551182926
v -0.279231668 0.484527886 0.550195992
v -0.280229837 0.486802071 0.549107492
v -0.279231668 0.489262044 0.548555017
v -0.276821822 0.490466803 0.548862159
v -0.274411976 0.489710629 0.549849093
v -0.273413807 0.487436444 0.550937593
v -0.274411976 0.48497647 0.551490068
v -0.514975965 0.370662838 -0.167766437
v -0.51441139 0.369765282 -0.170262188
v -0.51273489 0.367901474 -0.171295956
v -0.510928512 0.366163224 -0.170262188
v -0.510050476 0.365568727 -0.167766437
v -0.510615051 0.366466284 -0.165270686
v -0.512291551 0.368330091 -0.164236918
v -0.514097929 0.370068341 -0.165270686
v -0.520609081 0.365216166 -0.167081982
v -0.520044506 0.364318609 -0.169577733
v -0.518368006 0.362454802 -0.170611501
v -0.516561627 0.360716552 -0.169577733
v -0.515683591 0.360122055 -0.167081982
v -0.516248167 0.361019611 -0.164586231
v -0.517924666 0.362883419 -0.163552463
v -0.519731045 0.364621669 -0.164586231
v -0.518146336 0.363853604 -0.163742885
v -0.520642638 0.363307208 -0.164650127
v -0.52167666 0.362387031 -0.166981921
v -0.520642638 0.361632079 -0.16937232
v -0.518146336 0.361484617 -0.170421079
v -0.515650034 0.362031013 -0.169513837
v -0.514616013 0.362951189 -0.167182043
v -0.515650034 0.363706142 -0.164791644
v -0.517684877 0.358723968 -0.161923245
v -0.520181179 0.358177572 -0.162830487
v -0.5212152 0.357257396 -0.16516228
v -0.520181179 0.356502444 -0.16755268
v -0.517684877 0.356354982 -0.168601438
v -0.515188575 0.356901377 -0.167694196
v -0.514154553 0.357821554 -0.165362403
v -0.515188575 0.358576506 -0.162972003
v -0.517684877 0.358633012 -0.161892369
v -0.520102918 0.358936012 -0.163081661
v -0.521104515 0.358420938 -0.165548369
v -0.520102918 0.357389539 -0.167847529
v -0.517684877 0.356445938 -0.168632314
v -0.515266836 0.356142938 -0.167443022
v -0.514265239 0.356658012 -0.164976314
v -0.515266836 0.35768941 -0.162677154
v -0.519906521 0.350835413 -0.159362093
v -0.522324562 0.351138413 -0.160551384
v -0.523326159 0.350623339 -0.163018093
v -0.522324562 0.349591941 -0.165317252
v -0.519906521 0.34864834 -0.166102037
v -0.51748848 0.348345339 -0.164912745
v -0.516486883 0.348860413 -0.162446037
v -0.51748848 0.349891812 -0.160146877
v -0.523293018 0.350783169 -0.162732065
v -0.52247268 0.349920213 -0.16516836
v -0.520149171 0.34895277 -0.166177496
v -0.517683506 0.348447591 -0.16516836
v -0.516520023 0.348700583 -0.162732065
v -0.517340362 0.349563539 -0.16029577
v -0.51966387 0.350530982 -0.159286633
v -0.522129536 0.351036161 -0.16029577
v -0.525717616 0.342898011 -0.160755381
v -0.524897277 0.342035055 -0.163191676
v -0.522573769 0.341067612 -0.164200813
v -0.520108104 0.340562433 -0.163191676
v -0.518944621 0.340815425 -0.160755381
v -0.51976496 0.341678381 -0.158319086
v -0.522088468 0.342645824 -0.157309949
v -0.524554133 0.343151003 -0.158319086
v -0.522331119 0.342704862 -0.157315433
v -0.524833262 0.34233588 -0.158293247
v -0.525869727 0.341686219 -0.160713345
v -0.524833262 0.341136456 -0.163158074
v -0.522331119 0.341008574 -0.164195329
v -0.519828975 0.341377556 -0.163217515
v -0.51879251 0.342027217 -0.160797417
v -0.519828975 0.342576981 -0.158352688
v -0.522064745 0.337493002 -0.156030431
v -0.524566889 0.33712402 -0.157008246
v -0.525603354 0.336474359 -0.159428343
v -0.524566889 0.335924596 -0.161873072
v -0.522064745 0.335796714 -0.162910327
v -0.519562602 0.336165696 -0.161932513
v -0.518526137 0.336815357 -0.159512416
v -0.519562602 0.337365121 -0.157067686
v -0.522064745 0.337730289 -0.156097785
v -0.524482191 0.338038266 -0.157287031
v -0.525483489 0.337529987 -0.15975526
v -0.524482191 0.336503208 -0.162056595
v -0.522064745 0.335559428 -0.162842974
v -0.5196473 0.335251451 -0.161653727
v -0.518646002 0.335759729 -0.159185499
v -0.5196473 0.336786509 -0.156884164
v -0.5242939 0.329928458 -0.15358682
v -0.526711345 0.330236435 -0.154776067
v -0.527712643 0.329728156 -0.157244295
v -0.526711345 0.328701377 -0.15954563
v -0.5242939 0.327757597 -0.160332009
v -0.521876454 0.32744962 -0.159142762
v -0.520875156 0.327957898 -0.156674534
v -0.521876454 0.328984678 -0.154373199
v -0.527593315 0.330133945 -0.156959414
v -0.526606739 0.32980746 -0.159464046
v -0.524265349 0.328916013 -0.16050151
v -0.521940649 0.3279818 -0.159464046
v -0.520994484 0.32755211 -0.156959414
v -0.521981061 0.327878594 -0.154454783
v -0.52432245 0.328770041 -0.153417319
v -0.526647151 0.329704255 -0.154454783
v -0.530819237 0.321888983 -0.15715529
v -0.529832661 0.321562499 -0.159659922
v -0.527491271 0.320671052 -0.160697386
v -0.525166571 0.319736838 -0.159659922
v -0.524220407 0.319307148 -0.15715529
v -0.525206983 0.319633633 -0.154650658
v -0.527548373 0.32052508 -0.153613195
v -0.529873073 0.321459293 -0.154650658
v -0.529946566 0.323179424 -0.15715529
v -0.529186308 0.32246989 -0.159659624
v -0.527449846 0.320663869 -0.160696954
v -0.525754333 0.318819314 -0.159659624
v -0.525093079 0.318016708 -0.15715529
v -0.525853336 0.318726242 -0.154650956
v -0.527589798 0.320532262 -0.153613627
v -0.529285312 0.322376817 -0.154650956
v -0.532937646 0.320367485 -0.157266662
v -0.532177389 0.319657952 -0.159770995
v -0.530440927 0.317851931 -0.160808325
v -0.528745413 0.316007376 -0.159770995
v -0.528084159 0.315204769 -0.157266662
v -0.528844416 0.315914303 -0.154762328
v -0.530580878 0.317720324 -0.153724998
v -0.532276392 0.319564879 -0.154762328
v -0.533849001 0.318973511 -0.157266662
v -0.53294456 0.318419725 -0.159762353
v -0.530614555 0.31749481 -0.160796106
v -0.528223813 0.316740513 -0.159762353
v -0.527172804 0.316598743 -0.157266662
v -0.528077245 0.31715253 -0.15477097
v -0.53040725 0.318077445 -0.153737217
v -0.532797992 0.318831742 -0.15477097
v -0.536731303 0.310870469 -0.156513184
v -0.535826862 0.310316682 -0.159008875
v -0.533496857 0.309391767 -0.160042629
v -0.531106114 0.30863747 -0.159008875
v -0.530055106 0.3084957 -0.156513184
v -0.530959547 0.309049487 -0.154017493
v -0.533289552 0.309974402 -0.15298374
v -0.535680294 0.310728699 -0.154017493
v -0.533393204 0.310871512 -0.153175488
v -0.535889328 0.310322076 -0.154081374
v -0.53692323 0.309398323 -0.156411797
v -0.535889328 0.308641374 -0.1588016
v -0.533393204 0.308494657 -0.159850881
v -0.530897081 0.309044093 -0.158944994
v -0.529863179 0.309967846 -0.156614572
v -0.530897081 0.310724795 -0.154224768
v -0.532460928 0.300615102 -0.149523571
v -0.534957051 0.300065666 -0.150429457
v -0.535990953 0.299141914 -0.15275988
v -0.534957051 0.298384964 -0.155149683
v -0.532460928 0.298238248 -0.156198964
v -0.529964805 0.298787683 -0.155293077
v -0.528930902 0.299711436 -0.152962655
v -0.529964805 0.300468385 -0.150572851
v -0.53491205 0.301984936 -0.152861267
v -0.534261525 0.301171035 -0.155364782
v -0.532556295 0.299335331 -0.156401768
v -0.530795157 0.297553122 -0.155364782
v -0.530009806 0.296868414 -0.152861267
v -0.530660331 0.297682315 -0.150357753
v -0.532365561 0.299518019 -0.149320766
v -0.534126699 0.301300228 -0.150357753
v -0.537810087 0.299208283 -0.15271157
v -0.537159562 0.298394382 -0.155215085
v -0.535454333 0.296558678 -0.156252071
v -0.533693194 0.294776469 -0.155215085
v -0.532907844 0.294091761 -0.15271157
v -0.533558369 0.294905663 -0.150208056
v -0.535263598 0.296741366 -0.149171069
v -0.537024736 0.298523575 -0.150208056
v -0.538734376 0.29772675 -0.15271157
v -0.53789705 0.296936989 -0.155166835
v -0.535573006 0.295979142 -0.156183839
v -0.533123553 0.295414269 -0.155166835
v -0.531983554 0.295573294 -0.15271157
v -0.53282088 0.296363056 -0.150256306
v -0.535144925 0.297320902 -0.149239302
v -0.537594378 0.297885776 -0.150256306
v -0.541271985 0.289771795 -0.151018158
v -0.540434659 0.288982034 -0.153473422
v -0.538110614 0.288024187 -0.154490426
v -0.535661161 0.287459314 -0.153473422
v -0.534521163 0.287618339 -0.151018158
v -0.535358489 0.288408101 -0.148562893
v -0.537682533 0.289365947 -0.147545889
v -0.540131986 0.28993082 -0.148562893
v -0.541437566 0.288812637 -0.151018158
v -0.540401697 0.288739622 -0.153523117
v -0.537898362 0.288640529 -0.1545607
v -0.535393953 0.288573384 -0.153523117
v -0.534355581 0.288577497 -0.151018158
v -0.53539145 0.288650513 -0.148513198
v -0.537894785 0.288749605 -0.147475615
v -0.540399194 0.28881675 -0.148513198
v -0.541617811 0.283383518 -0.150934488
v -0.540581942 0.283310503 -0.153439447
v -0.538078606 0.28321141 -0.15447703
v -0.535574198 0.283144265 -0.153439447
v -0.534535825 0.283148378 -0.150934488
v -0.535571694 0.283221394 -0.148429528
v -0.53807503 0.283320487 -0.147391945
v -0.540579438 0.283387631 -0.148429528
v -0.541413248 0.284457833 -0.150934488
v -0.540505111 0.28391543 -0.153431311
v -0.53817445 0.282992572 -0.154465541
v -0.535786629 0.282229841 -0.153431311
v -0.534740388 0.282074064 -0.150934488
v -0.535648525 0.282616466 -0.148437664
v -0.537979186 0.283539325 -0.147403434
v -0.540367007 0.284302056 -0.148437664
v -0.544319212 0.276323229 -0.150224313
v -0.543411076 0.275780827 -0.152721137
v -0.541080415 0.274857968 -0.153755367
v -0.538692594 0.274095237 -0.152721137
v -0.537646353 0.273939461 -0.150224313
v -0.53855449 0.274481863 -0.147727489
v -0.54088515 0.275404721 -0.146693259
v -0.543272972 0.276167452 -0.147727489
v -0.544373512 0.27615872 -0.150224313
v -0.543559134 0.275267988 -0.152652577
v -0.541235507 0.274297208 -0.15365839
v -0.538763881 0.273815066 -0.152652577
v -0.537592053 0.274103969 -0.150224313
v -0.538406432 0.274994701 -0.14779605
v -0.540730059 0.275965482 -0.146790236
v -0.543201685 0.276447624 -0.14779605
v -0.546766102 0.268262178 -0.148130178
v -0.545951724 0.267371446 -0.150558442
v -0.543628097 0.266400665 -0.151564255
v -0.541156471 0.265918523 -0.150558442
v -0.539984643 0.266207427 -0.148130178
v -0.540799022 0.267098159 -0.145701915
v -0.543122649 0.268068939 -0.144696102
v -0.545594275 0.268551081 -0.145701915
v -0.546735764 0.268357366 -0.148130178
v -0.545873046 0.26766482 -0.150605902
v -0.543547213 0.266720355 -0.15163137
v -0.541120708 0.26607725 -0.150605902
v -0.540014982 0.266112238 -0.148130178
v -0.5408777 0.266804785 -0.145654455
v -0.543203533 0.26774925 -0.144628987
v -0.545630038 0.268392354 -0.145654455
v -0.549421132 0.260318637 -0.146817207
v -0.548558414 0.259626091 -0.149292931
v -0.546232581 0.258681625 -0.150318399
v -0.543806076 0.258038521 -0.149292931
v -0.54270035 0.258073509 -0.146817207
v -0.543563068 0.258766055 -0.144341484
v -0.545888901 0.259710521 -0.143316016
v -0.548315406 0.260353625 -0.144341484
v -0.548425913 0.261833996 -0.146817207
v -0.547311068 0.2614398 -0.149257481
v -0.5454638 0.259731263 -0.150268272
v -0.543966234 0.257709205 -0.149257481
v -0.543695569 0.25655815 -0.146817207
v -0.544810414 0.256952345 -0.144376934
v -0.546657681 0.258660883 -0.143366143
v -0.548155248 0.26068294 -0.144376934
v -0.551781833 0.258825094 -0.147864282
v -0.550666988 0.258430898 -0.150304556
v -0.548819721 0.256722361 -0.151315346
v -0.547322154 0.254700303 -0.150304556
v -0.547051489 0.253549248 -0.147864282
v -0.548166335 0.253943443 -0.145424008
v -0.550013602 0.255651981 -0.144413218
v -0.551511168 0.257674038 -0.145424008
v -0.549416661 0.257288694 -0.144496918
v -0.551914573 0.256783903 -0.145423591
v -0.55294925 0.25592953 -0.147780001
v -0.551914573 0.255226076 -0.150185779
v -0.549416661 0.255085647 -0.151231647
v -0.54691875 0.255590439 -0.150304973
v -0.545884073 0.256444812 -0.147948563
v -0.54691875 0.257148266 -0.145542786
v -0.548583984 0.246975243 -0.141123176
v -0.551081896 0.246470422 -0.142049849
v -0.552116573 0.245616063 -0.144406259
v -0.551081896 0.244912624 -0.146812037
v -0.548583984 0.244772166 -0.147857904
v -0.546086073 0.245276988 -0.146931231
v -0.545051396 0.246131346 -0.144574821
v -0.546086073 0.246834785 -0.142169043
v -0.550970972 0.248491898 -0.14449054
v -0.549954057 0.248014763 -0.146958604
v -0.548134565 0.246283427 -0.147980914
v -0.546578348 0.244312093 -0.146958604
v -0.546196997 0.243255511 -0.14449054
v -0.547213912 0.243732646 -0.142022476
v -0.549033403 0.245463982 -0.141000167
v -0.550589621 0.247435316 -0.142022476
v -0.554224908 0.245525315 -0.145257756
v -0.553207994 0.24504818 -0.147725821
v -0.551388502 0.243316844 -0.14874813
v -0.549832284 0.24134551 -0.147725821
v -0.549450934 0.240288928 -0.145257756
v -0.550467849 0.240766063 -0.142789692
v -0.55228734 0.242497399 -0.141767383
v -0.553843558 0.244468734 -0.142789692
v -0.555231452 0.243925273 -0.145257756
v -0.554420829 0.243016049 -0.147680432
v -0.552097201 0.242043003 -0.148683935
v -0.549621642 0.241576165 -0.147680432
v -0.54844439 0.24188897 -0.145257756
v -0.549255013 0.242798194 -0.142835081
v -0.551578641 0.24377124 -0.141831577
v -0.554054201 0.244238079 -0.142835081
v -0.557600737 0.236028403 -0.143086806
v -0.556790113 0.235119179 -0.145509481
v -0.554466486 0.234146133 -0.146512985
v -0.551990926 0.233679295 -0.145509481
v -0.550813675 0.2339921 -0.143086806
v -0.551624298 0.234901324 -0.14066413
v -0.553947926 0.23587437 -0.139660627
v -0.556423485 0.236341208 -0.14066413
v -0.554207206 0.23584564 -0.139643744
v -0.556709528 0.235483542 -0.140623704
v -0.557746053 0.234844193 -0.143046513
v -0.556709528 0.234302118 -0.145492926
v -0.554207206 0.234174863 -0.146529868
v -0.551704884 0.234536961 -0.145549908
v -0.550668359 0.23517631 -0.143127099
v -0.551704884 0.235718384 -0.140680686
v -0.553947091 0.23061043 -0.138373524
v -0.556449413 0.230248332 -0.139353484
v -0.557485938 0.229608983 -0.141776294
v -0.556449413 0.229066908 -0.144222707
v -0.553947091 0.228939652 -0.145259649
v -0.551444769 0.229301751 -0.144279689
v -0.550408244 0.2299411 -0.141856879
v -0.551444769 0.230483174 -0.139410466
v -0.557299376 0.230921701 -0.141816586
v -0.556421578 0.230281517 -0.144301102
v -0.554094315 0.229344651 -0.14533022
v -0.551680744 0.228659898 -0.144301102
v -0.550594807 0.228628382 -0.141816586
v -0.551472604 0.229268566 -0.139332071
v -0.553799868 0.230205432 -0.138302952
v -0.556213439 0.230890185 -0.139332071
v -0.560070097 0.222821444 -0.140708297
v -0.5591923 0.222181261 -0.143192813
v -0.556865036 0.221244395 -0.144221932
v -0.554451466 0.220559642 -0.143192813
v -0.553365529 0.220528126 -0.140708297
v -0.554243326 0.221168309 -0.138223782
v -0.55657059 0.222105175 -0.137194663
v -0.55898416 0.222789928 -0.138223782
v -0.560079038 0.222794935 -0.140708297
v -0.559217572 0.22209771 -0.143183142
v -0.556891799 0.221152753 -0.144208267
v -0.554464102 0.220513597 -0.143183142
v -0.553356588 0.220554635 -0.140708297
v -0.554218054 0.22125186 -0.138233453
v -0.556543827 0.222196817 -0.137208328
v -0.558971524 0.222835973 -0.138233453
v -0.562765956 0.214732274 -0.13937217
v -0.56190449 0.214035049 -0.141847014
v -0.559578717 0.213090092 -0.14287214
v -0.55715102 0.212450936 -0.141847014
v -0.556043506 0.212491974 -0.13937217
v -0.556904972 0.2131892 -0.136897326
v -0.559230745 0.214134157 -0.1358722
v -0.561658442 0.214773312 -0.136897326
v -0.562662601 0.215004504 -0.13937217
v -0.561579645 0.214897931 -0.14185591
v -0.559222639 0.214038149 -0.142884701
v -0.556972325 0.212928802 -0.14185591
v -0.55614686 0.212219745 -0.13937217
v -0.557229817 0.212326318 -0.13688843
v -0.559586823 0.2131861 -0.135859638
v -0.561837137 0.214295447 -0.13688843
v -0.566322923 0.206440061 -0.140600652
v -0.565239966 0.206333488 -0.143084392
v -0.56288296 0.205473706 -0.144113183
v -0.560632646 0.204364359 -0.143084392
v -0.559807181 0.203655303 -0.140600652
v -0.560890138 0.203761876 -0.138116911
v -0.563247144 0.204621658 -0.13708812
v -0.565497458 0.205731004 -0.138116911
v -0.565607369 0.207515299 -0.140600652
v -0.565378308 0.206261382 -0.142994046
v -0.563794136 0.204296499 -0.14398542
v -0.561782897 0.202771649 -0.142994046
v -0.560522735 0.202580065 -0.140600652
v -0.560751796 0.203833982 -0.138207257
v -0.562335968 0.205798864 -0.137215883
v -0.564347208 0.207323715 -0.138207257
v -0.568155527 0.204889983 -0.139469132
v -0.567926466 0.203636065 -0.141862527
v -0.566342294 0.201671183 -0.142853901
v -0.564331055 0.200146332 -0.141862527
v -0.563070893 0.199954748 -0.139469132
v -0.563299954 0.201208666 -0.137075737
v -0.564884126 0.203173548 -0.136084363
v -0.566895366 0.204698399 -0.137075737
v -0.568983793 0.20351398 -0.139469132
v -0.568138599 0.202755734 -0.141931608
v -0.565814078 0.201802209 -0.142951608
v -0.563371837 0.201211959 -0.141931608
v -0.562242627 0.201330751 -0.139469132
v -0.563087821 0.202088997 -0.137006655
v -0.565412343 0.203042522 -0.135986656
v -0.567854583 0.203632772 -0.137006655
v -0.57158488 0.195482507 -0.137888864
v -0.570739686 0.194724262 -0.14035134
v -0.568415165 0.193770736 -0.14137134
v -0.565972924 0.193180487 -0.14035134
v -0.564843714 0.193299279 -0.137888864
v -0.565688908 0.194057524 -0.135426387
v -0.56801343 0.19501105 -0.134406388
v -0.57045567 0.195601299 -0.135426387
v -0.568214297 0.194871411 -0.134378642
v -0.570719421 0.194705322 -0.13540329
v -0.571757078 0.194355026 -0.137883961
v -0.570719421 0.194025755 -0.140367493
v -0.568214297 0.193910375 -0.141399086
v -0.565709174 0.194076464 -0.140374437
v -0.564671516 0.19442676 -0.137893766
v -0.565709174 0.194756031 -0.135410234
v -0.568159103 0.189519346 -0.133645982
v -0.570664227 0.189353257 -0.13467063
v -0.571701884 0.189002961 -0.137151301
v -0.570664227 0.18867369 -0.139634833
v -0.568159103 0.18855831 -0.140666425
v -0.56565398 0.188724399 -0.139641777
v -0.564616323 0.189074695 -0.137161106
v -0.56565398 0.189403966 -0.134677574
v -0.571351647 0.190575153 -0.137156203
v -0.570115328 0.190751106 -0.139563233
v -0.567733109 0.189924031 -0.140560254
v -0.565600455 0.188578412 -0.139563233
v -0.564966559 0.187502503 -0.137156203
v -0.566202879 0.18732655 -0.134749174
v -0.568585098 0.188153625 -0.133752152
v -0.570717752 0.189499244 -0.134749174
v -0.575647056 0.181649148 -0.140014887
v -0.574410737 0.181825101 -0.142421916
v -0.572028518 0.180998027 -0.143418938
v -0.569895864 0.179652408 -0.142421916
v -0.569261968 0.178576499 -0.140014887
v -0.570498288 0.178400546 -0.137607858
v -0.572880507 0.17922762 -0.136610836
v -0.575013161 0.18057324 -0.137607858
v -0.57576555 0.181373641 -0.140014887
v -0.57480377 0.180983365 -0.14252004
v -0.572465837 0.180083141 -0.143557698
v -0.570121229 0.179200307 -0.14252004
v -0.569143474 0.178852007 -0.140014887
v -0.570105255 0.179242283 -0.137509733
v -0.572443187 0.180142507 -0.136472076
v -0.574787796 0.181025341 -0.137509733
v -0.578947008 0.173018798 -0.139934719
v -0.577985227 0.172628522 -0.142439872
v -0.575647295 0.171728298 -0.143477529
v -0.573302686 0.170845464 -0.142439872
v -0.572324932 0.170497164 -0.139934719
v -0.573286712 0.17088744 -0.137429565
v -0.575624645 0.171787664 -0.136391908
v -0.577969253 0.172670498 -0.137429565
v -0.57563597 0.172851518 -0.136564746
v -0.578054011 0.173154518 -0.137754038
v -0.579055607 0.172639444 -0.140220746
v -0.578054011 0.171608031 -0.142519906
v -0.57563597 0.170664445 -0.143304691
v -0.573217928 0.170361444 -0.142115399
v -0.572216332 0.170876518 -0.139648691
v -0.573217928 0.171907932 -0.137349531
v -0.577875555 0.164990872 -0.13401401
v -0.580293596 0.165293872 -0.135203302
v -0.581295192 0.164778799 -0.13767001
v -0.580293596 0.163747385 -0.13996917
v -0.577875555 0.162803799 -0.140753955
v -0.575457513 0.162500799 -0.139564663
v -0.574455917 0.163015872 -0.137097955
v -0.575457513 0.164047286 -0.134798795
v -0.580136478 0.166625097 -0.137383983
v -0.578465939 0.166661948 -0.139519617
v -0.576449513 0.16507934 -0.140404224
v -0.575268447 0.16280432 -0.139519617
v -0.575614631 0.161169574 -0.137383983
v -0.577285171 0.161132723 -0.135248348
v -0.579301596 0.162715331 -0.134363741
v -0.580482662 0.164990351 -0.135248348
v -0.584442139 0.163056284 -0.140813649
v -0.582771599 0.163093135 -0.142949283
v -0.580755174 0.161510527 -0.143833891
v -0.579574108 0.159235507 -0.142949283
v -0.579920292 0.15760076 -0.140813649
v -0.581590831 0.15756391 -0.138678014
v -0.583607256 0.159146518 -0.137793407
v -0.584788322 0.161421537 -0.138678014
v -0.585567653 0.16136992 -0.140813649
v -0.584747195 0.160507634 -0.143250108
v -0.582423568 0.159540415 -0.144259334
v -0.579958022 0.159034863 -0.143250108
v -0.578794777 0.159287125 -0.140813649
v -0.579615235 0.16014941 -0.13837719
v -0.581938863 0.16111663 -0.137367964
v -0.584404409 0.161622182 -0.13837719
v -0.588023186 0.153384969 -0.138814598
v -0.587202728 0.152522683 -0.141251057
v -0.5848791 0.151555464 -0.142260283
v -0.582413554 0.151049912 -0.141251057
v -0.58125031 0.151302174 -0.138814598
v -0.582070768 0.152164459 -0.136378139
v -0.584394395 0.153131679 -0.135368913
v -0.586859941 0.15363723 -0.136378139
v -0.584636748 0.153152049 -0.135365114
v -0.587139428 0.152804747 -0.136349544
v -0.588176072 0.152187303 -0.138777971
v -0.587139428 0.151661381 -0.141227856
v -0.584636748 0.151535094 -0.142264083
v -0.582134068 0.151882395 -0.141279653
v -0.581097424 0.15249984 -0.138851225
v -0.582134068 0.153025761 -0.13640134
v -0.584391177 0.147879973 -0.134129465
v -0.586893857 0.147532672 -0.135113895
v -0.587930501 0.146915227 -0.137542322
v -0.586893857 0.146389306 -0.139992207
v -0.584391177 0.146263018 -0.141028434
v -0.581888497 0.14661032 -0.140044004
v -0.580851853 0.147227764 -0.137615576
v -0.581888497 0.147753686 -0.135165691
v -0.587686539 0.148372784 -0.137578949
v -0.586689949 0.14807114 -0.140082747
v -0.584346771 0.147183925 -0.141119853
v -0.582029641 0.146230847 -0.140082747
v -0.581095815 0.145770207 -0.137578949
v -0.582092404 0.146071851 -0.135075152
v -0.584435582 0.146959066 -0.134038046
v -0.586752713 0.147912145 -0.135075152
v -0.591033161 0.139897898 -0.137890011
v -0.590036571 0.139596254 -0.140393808
v -0.587693393 0.138709038 -0.141430914
v -0.585376263 0.13775596 -0.140393808
v -0.584442437 0.137295321 -0.137890011
v -0.585439026 0.137596965 -0.135386214
v -0.587782204 0.13848418 -0.134349108
v -0.590099335 0.139437258 -0.135386214
v -0.587737799 0.139914706 -0.13460137
v -0.590172291 0.140077516 -0.135784581
v -0.591180682 0.139372826 -0.138201118
v -0.590172291 0.138213441 -0.140435427
v -0.587737799 0.137278512 -0.141178653
v -0.585303307 0.137115702 -0.139995441
v -0.584294915 0.137820393 -0.137578905
v -0.585303307 0.138979778 -0.135344595
v -0.589768171 0.132155612 -0.131491497
v -0.592202663 0.132318422 -0.132674709
v -0.593211055 0.131613731 -0.135091245
v -0.592202663 0.130454347 -0.137325555
v -0.589768171 0.129519418 -0.13806878
v -0.587333679 0.129356608 -0.136885568
v -0.586325288 0.130061299 -0.134469032
v -0.587333679 0.131220683 -0.132234722
v -0.592183769 0.133429304 -0.134780139
v -0.59123522 0.132894829 -0.137263626
v -0.589427292 0.131155208 -0.138292328
v -0.58781904 0.129229486 -0.137263626
v -0.587352574 0.128245726 -0.134780139
v -0.588301122 0.128780201 -0.132296652
v -0.59010905 0.130519822 -0.13126795
v -0.591717303 0.132445544 -0.132296652
v -0.595410168 0.130422205 -0.135365278
v -0.59446162 0.12988773 -0.137848765
v -0.592653692 0.128148109 -0.138877466
v -0.591045439 0.126222387 -0.137848765
v -0.590578973 0.125238627 -0.135365278
v -0.591527522 0.125773102 -0.13288179
v -0.59333545 0.127512723 -0.131853089
v -0.594943702 0.129438445 -0.13288179
v -0.592994571 0.128923953 -0.131995305
v -0.595412612 0.129226953 -0.133184597
v -0.596414208 0.128711879 -0.135651305
v -0.595412612 0.127680451 -0.137950465
v -0.592994571 0.126736879 -0.13873525
v -0.59057653 0.126433879 -0.137545958
v -0.589574933 0.126948953 -0.13507925
v -0.59057653 0.127980381 -0.13278009
v -0.59523952 0.121044375 -0.129438415
v -0.597657561 0.121347368 -0.130627707
v -0.598659158 0.120832287 -0.133094415
v -0.597657561 0.119800866 -0.135393575
v -0.59523952 0.118857287 -0.136178359
v -0.592821479 0.118554294 -0.134989068
v -0.591819882 0.119069375 -0.132522359
v -0.592821479 0.120100796 -0.1302232
v -0.598471701 0.121401936 -0.132808387
v -0.597328842 0.121413842 -0.135267437
v -0.59496212 0.12056873 -0.136286005
v -0.592757881 0.119361669 -0.135267437
v -0.592007339 0.118499726 -0.132808387
v -0.593150198 0.11848782 -0.130349338
v -0.59551692 0.119332932 -0.129330769
v -0.597721159 0.120539993 -0.130349338
v -0.602444112 0.112553872 -0.134697393
v -0.601301253 0.112565778 -0.137156442
v -0.598934531 0.111720666 -0.138175011
v -0.596730292 0.110513605 -0.137156442
v -0.59597975 0.109651662 -0.134697393
v -0.59712261 0.109639756 -0.132238343
v -0.599489331 0.110484868 -0.131219774
v -0.601693571 0.111691929 -0.132238343
v -0.599211931 0.111548439 -0.131182581
v -0.601717114 0.111403741 -0.13221024
v -0.602754831 0.111082733 -0.134694859
v -0.601717114 0.110773467 -0.137180954
v -0.599211931 0.110657096 -0.138212204
v -0.596706748 0.110801794 -0.137184545
v -0.595669031 0.111122802 -0.134699926
v -0.596706748 0.111432068 -0.132213831
v -0.599180877 0.106143057 -0.130497187
v -0.60168606 0.10599836 -0.131524846
v -0.602723777 0.105677351 -0.134009466
v -0.60168606 0.105368085 -0.13649556
v -0.599180877 0.105251715 -0.13752681
v -0.596675694 0.105396412 -0.136499152
v -0.595637977 0.105717421 -0.134014532
v -0.596675694 0.106026687 -0.131528437
v -0.599180877 0.103959881 -0.130924344
v -0.601436138 0.105419502 -0.131293699
v -0.602370322 0.107041903 -0.133255407
v -0.601436138 0.107876703 -0.135660306
v -0.599180877 0.107434891 -0.137099653
v -0.596925616 0.10597527 -0.136730298
v -0.595991433 0.104352869 -0.13476859
v -0.596925616 0.103518069 -0.132363692
v -0.604542613 0.0942998752 -0.136360273
v -0.606797874 0.0957594961 -0.136729628
v -0.607732058 0.0973818973 -0.138691336
v -0.606797874 0.0982166976 -0.141096234
v -0.604542613 0.0977748856 -0.142535582
v -0.602287352 0.0963152647 -0.142166227
v -0.601353168 0.0946928635 -0.140204519
v -0.602287352 0.0938580632 -0.137799621
v -0.604542613 0.0963819623 -0.135921761
v -0.607047856 0.0962944105 -0.136955857
v -0.608085513 0.09605629 -0.139449775
v -0.607047856 0.0958070904 -0.141942605
v -0.604542613 0.0956927985 -0.142974094
v -0.60203737 0.0957803503 -0.141939998
v -0.600999713 0.0960184708 -0.13944608
v -0.60203737 0.0962676704 -0.13695325
v -0.604571998 0.0909283385 -0.135388821
v -0.607077241 0.0908407867 -0.136422917
v -0.608114898 0.0906026661 -0.138916835
v -0.607077241 0.0903534666 -0.141409665
v -0.604571998 0.0902391747 -0.142441154
v -0.602066755 0.0903267264 -0.141407058
v -0.601029098 0.090564847 -0.13891314
v -0.602066755 0.0908140466 -0.13642031
v -0.60794723 0.0916609317 -0.138914987
v -0.607109368 0.0908731446 -0.141370699
v -0.604785144 0.0899158418 -0.142387882
v -0.602336049 0.0893497914 -0.141370699
v -0.601196766 0.0895065814 -0.138914987
v -0.602034628 0.0902943686 -0.136459276
v -0.604358852 0.0912516713 -0.135442093
v -0.606807947 0.0918177217 -0.136459276
v -0.610531747 0.0835625455 -0.137198851
v -0.609693885 0.0827747583 -0.139654562
v -0.607369661 0.0818174556 -0.140671745
v -0.604920566 0.0812514052 -0.139654562
v -0.603781283 0.0814081952 -0.137198851
v -0.604619145 0.0821959823 -0.134743139
v -0.606943369 0.0831532851 -0.133725956
v -0.609392464 0.0837193355 -0.134743139
v -0.607156515 0.0835789144 -0.133828878
v -0.609574556 0.0838819146 -0.13501817
v -0.610576153 0.0833668411 -0.137484878
v -0.609574556 0.0823354125 -0.139784038
v -0.607156515 0.0813918263 -0.140568823
v -0.604738474 0.0810888261 -0.139379531
v -0.603736877 0.0816038996 -0.136912823
v -0.604738474 0.0826353282 -0.134613663
v -0.609409869 0.0756699741 -0.131262466
v -0.61182791 0.0759729743 -0.132451758
v -0.612829506 0.0754579008 -0.134918466
v -0.61182791 0.0744264722 -0.137217626
v -0.609409869 0.073482886 -0.138002411
v -0.606991827 0.0731798857 -0.136813119
v -0.605990231 0.0736949593 -0.134346411
v -0.606991827 0.0747263879 -0.132047251
v -0.609409869 0.0756699741 -0.131262466
v -0.61182791 0.0759729743 -0.132451758
v -0.612829506 0.0754579008 -0.134918466
v -0.61182791 0.0744264722 -0.137217626
v -0.609409869 0.073482886 -0.138002411
v -0.606991827 0.0731798857 -0.136813119
v -0.605990231 0.0736949593 -0.134346411
v -0.606991827 0.0747263879 -0.132047251
v -0.611663222 0.0677610338 -0.128696054
v -0.614081264 0.068064034 -0.129885346
v -0.61508286 0.0675489604 -0.132352054
v -0.614081264 0.0665175319 -0.134651214
v -0.611663222 0.0655739456 -0.135435998
v -0.609245181 0.0652709454 -0.134246707
v -0.608243585 0.065786019 -0.131779999
v -0.609245181 0.0668174475 -0.129480839
v -0.614089429 0.0692493767 -0.132066026
v -0.613151729 0.0687065348 -0.134551823
v -0.611342072 0.0669692457 -0.135581478
v -0.609720588 0.0650551915 -0.134551823
v -0.609237015 0.0640856028 -0.132066026
v -0.610174716 0.0646284446 -0.12958023
v -0.611984372 0.0663657337 -0.128550574
v -0.613605857 0.0682797879 -0.12958023
v -0.617328286 0.0662058368 -0.132623136
v -0.616390586 0.065662995 -0.135108933
v -0.614580929 0.0639257059 -0.136138588
v -0.612959445 0.0620116517 -0.135108933
v -0.612475872 0.0610420592 -0.132623136
v -0.613413572 0.0615849011 -0.130137339
v -0.615223229 0.0633221939 -0.129107684
v -0.616844714 0.0652362481 -0.130137339
v -0.618197799 0.064924188 -0.132623136
v -0.617202222 0.0646202341 -0.135127023
v -0.614859164 0.0637326688 -0.136164173
v -0.612541318 0.0627814233 -0.135127023
v -0.611606359 0.0623237155 -0.132623136
v -0.612601936 0.0626276657 -0.130119249
v -0.614944994 0.063515231 -0.129082099
v -0.61726284 0.0644664764 -0.130119249
v -0.621582568 0.0563446991 -0.132927552
v -0.620586991 0.0560407452 -0.135431439
v -0.618243933 0.0551531836 -0.136468589
v -0.615926087 0.0542019382 -0.135431439
v -0.614991128 0.0537442304 -0.132927552
v -0.615986705 0.0540481843 -0.130423665
v -0.618329763 0.0549357459 -0.129386514
v -0.620647609 0.0558869913 -0.130423665
v -0.618286848 0.0564115085 -0.129658952
v -0.620777607 0.0557630137 -0.130512536
v -0.621809363 0.054693602 -0.132780805
v -0.620777607 0.0538297184 -0.13513504
v -0.618286848 0.0536774211 -0.136196151
v -0.615796089 0.0543259159 -0.135342568
v -0.614764333 0.0553953275 -0.133074299
v -0.615796089 0.0562592112 -0.130720064
v -0.617690325 0.0513143353 -0.127527133
v -0.620181084 0.0506658405 -0.128380716
v -0.62121284 0.0495964289 -0.130648986
v -0.620181084 0.0487325452 -0.13300322
v -0.617690325 0.0485802479 -0.134064332
v -0.615199566 0.0492287427 -0.133210748
v -0.614167809 0.0502981544 -0.130942479
v -0.615199566 0.051162038 -0.128588244
v -0.621039927 0.0511017926 -0.130795732
v -0.620156825 0.0504792817 -0.133282855
v -0.617828965 0.0495451391 -0.134313062
v -0.615419805 0.0488465689 -0.133282855
v -0.614340723 0.0487927906 -0.130795732
v -0.615223825 0.0494153015 -0.128308609
v -0.617551684 0.0503494442 -0.127278402
v -0.619960845 0.0510480143 -0.128308609
v -0.623891354 0.0428288952 -0.129737481
v -0.623008251 0.0422063842 -0.132224604
v -0.620680392 0.0412722416 -0.133254811
v -0.618271232 0.0405736715 -0.132224604
v -0.617192149 0.0405198932 -0.129737481
v -0.618075252 0.0411424041 -0.127250358
v -0.620403111 0.0420765467 -0.126220152
v -0.622812271 0.0427751169 -0.127250358
v -0.623759389 0.043157436 -0.129737481
v -0.622580886 0.0432352088 -0.132178441
v -0.620207906 0.04239868 -0.133189514
v -0.618030488 0.0411378741 -0.132178441
v -0.617324114 0.0401913524 -0.129737481
v -0.618502617 0.0401135795 -0.127296522
v -0.620875597 0.0409501083 -0.126285449
v -0.623053014 0.0422109142 -0.127296522
v -0.627944887 0.0340765044 -0.132047549
v -0.626766384 0.0341542773 -0.134488508
v -0.624393404 0.0333177485 -0.135499582
v -0.622215986 0.0320569426 -0.134488508
v -0.621509612 0.0311104227 -0.132047549
v -0.622688115 0.0310326479 -0.12960659
v -0.625061095 0.0318691768 -0.128595516
v -0.627238512 0.0331299827 -0.12960659
v -0.624727249 0.0307514127 -0.129021093
v -0.627164721 0.0317853168 -0.129606619
v -0.628174365 0.0332926214 -0.131622002
v -0.627164721 0.0343903676 -0.133886665
v -0.624727249 0.0344355106 -0.135074005
v -0.622289777 0.0334016085 -0.134488478
v -0.621280134 0.0318943039 -0.132473096
v -0.622289777 0.0307965577 -0.130208433
v -0.626552701 0.0241840985 -0.133018285
v -0.628990173 0.0252180025 -0.133603811
v -0.629999816 0.0267253052 -0.135619193
v -0.628990173 0.0278230533 -0.137883857
v -0.626552701 0.0278681982 -0.139071196
v -0.624115229 0.0268342942 -0.13848567
v -0.623105586 0.0253269915 -0.136470288
v -0.624115229 0.0242292434 -0.134205624
v -0.626552701 0.0271196887 -0.132674769
v -0.628970742 0.0274226982 -0.13386406
v -0.629972339 0.0269076284 -0.136330783
v -0.628970742 0.025876198 -0.138629928
v -0.626552701 0.024932608 -0.139414713
v -0.62413466 0.0246295985 -0.138225421
v -0.623133063 0.0251446683 -0.135758698
v -0.62413466 0.0261760987 -0.133459553
v -0.628814995 0.0191794336 -0.130098194
v -0.631233037 0.0194824431 -0.131287485
v -0.632234633 0.0189673733 -0.133754209
v -0.631233037 0.0179359429 -0.136053354
v -0.628814995 0.0169923529 -0.136838138
v -0.626396954 0.0166893434 -0.135648847
v -0.625395358 0.0172044132 -0.133182123
v -0.626396954 0.0182358436 -0.130882978
v -0.632029116 0.0195765775 -0.133468166
v -0.630841553 0.019670736 -0.135904133
v -0.628466845 0.0188365169 -0.136913151
v -0.626296103 0.0175625905 -0.135904133
v -0.625600874 0.016595209 -0.133468166
v -0.626788437 0.0165010504 -0.131032199
v -0.629163146 0.0173352696 -0.130023181
v -0.631333888 0.0186091959 -0.131032199
v -0.636277139 0.0104173142 -0.135893151
v -0.635089576 0.0105114738 -0.138329118
v -0.632714868 0.00967725366 -0.139338136
v -0.630544126 0.00840332918 -0.138329118
v -0.629848897 0.00743594719 -0.135893151
v -0.63103646 0.00734178768 -0.133457184
v -0.633411169 0.00817600824 -0.132448167
v -0.635581911 0.00944993272 -0.133457184
v -0.633063018 0.00976203009 -0.132450089
v -0.635565341 0.00939992163 -0.133430049
v -0.636601865 0.00876056589 -0.135852858
v -0.635565341 0.00821848866 -0.138299271
v -0.633063018 0.00809123181 -0.139336213
v -0.630560696 0.00845334027 -0.138356254
v -0.629524171 0.00909269601 -0.135933444
v -0.630560696 0.00963477325 -0.133487031
v -0.632798851 0.00444562128 -0.131160155
v -0.635301173 0.00408351282 -0.132140115
v -0.636337698 0.00344415708 -0.134562925
v -0.635301173 0.00290208007 -0.137009338
v -0.632798851 0.00277482346 -0.13804628
v -0.630296528 0.00313693215 -0.13706632
v -0.629260004 0.00377628766 -0.13464351
v -0.630296528 0.00431836443 -0.132197097
v -0.635965109 0.005200007 -0.134603217
v -0.634666085 0.00547459349 -0.136967584
v -0.632273257 0.00465705711 -0.137946934
v -0.630188286 0.00322629884 -0.136967584
v -0.629632592 0.00202043797 -0.134603217
v -0.630931616 0.00174585124 -0.13223885
v -0.633324444 0.00256338785 -0.131259501
v -0.635409415 0.0039941459 -0.13223885
v -0.640740395 -0.00431056367 -0.138331398
v -0.639441371 -0.00403597672 -0.140695766
v -0.637048542 -0.00485351356 -0.141675115
v -0.634963572 -0.00628427183 -0.140695766
v -0.634407878 -0.00749013247 -0.138331398
v -0.635706902 -0.00776471943 -0.135967031
v -0.63809973 -0.00694718258 -0.134987682
v -0.6401847 -0.00551642431 -0.135967031
v -0.637574136 -0.00506494753 -0.134888336
v -0.640076458 -0.00542705366 -0.135868296
v -0.641112983 -0.00606640941 -0.138291106
v -0.640076458 -0.0066084885 -0.140737519
v -0.637574136 -0.00673574861 -0.141774461
v -0.635071814 -0.00637364248 -0.140794501
v -0.634035289 -0.00573428674 -0.138371691
v -0.635071814 -0.00519220764 -0.135925278
v -0.637309551 -0.0103898831 -0.133596331
v -0.639811873 -0.0107519887 -0.134576291
v -0.640848398 -0.0113913445 -0.1369991
v -0.639811873 -0.0119334236 -0.139445513
v -0.637309551 -0.0120606832 -0.140482455
v -0.634807229 -0.0116985776 -0.139502496
v -0.633770704 -0.0110592218 -0.137079686
v -0.634807229 -0.0105171427 -0.134633273
v -0.640693665 -0.010176233 -0.137039393
v -0.639869273 -0.0110216076 -0.139480472
v -0.637545466 -0.0119862929 -0.140491605
v -0.635083437 -0.0125051895 -0.139480472
v -0.633925438 -0.0122743333 -0.137039393
v -0.63474983 -0.0114289587 -0.134598315
v -0.637073636 -0.0104642734 -0.133587182
v -0.639535666 -0.00994537678 -0.134598315
v -0.64321059 -0.0182954781 -0.135077581
v -0.642386198 -0.0191408545 -0.137518659
v -0.640062392 -0.0201055389 -0.138529792
v -0.637600362 -0.0206244346 -0.137518659
v -0.636442363 -0.0203935802 -0.135077581
v -0.637266755 -0.0195482038 -0.132636502
v -0.639590561 -0.0185835194 -0.131625369
v -0.642052591 -0.0180646237 -0.132636502
v -0.639826477 -0.0185091347 -0.131634519
v -0.642328799 -0.0188712478 -0.132614478
v -0.643365324 -0.0195106026 -0.135037288
v -0.642328799 -0.0200526733 -0.137483701
v -0.639826477 -0.0201799236 -0.138520643
v -0.637324154 -0.0198178105 -0.137540683
v -0.63628763 -0.0191784557 -0.135117874
v -0.637324154 -0.018636385 -0.132671461
v -0.639561832 -0.0238349121 -0.13034232
v -0.642064154 -0.0241970252 -0.13132228
v -0.643100679 -0.02483638 -0.133745089
v -0.642064154 -0.0253784508 -0.136191502
v -0.639561832 -0.0255057011 -0.137228444
v -0.63705951 -0.025143588 -0.136248484
v -0.636022985 -0.0245042332 -0.133825675
v -0.63705951 -0.0239621624 -0.131379262
v -0.642895281 -0.0234699473 -0.133785382
v -0.641979218 -0.023989033 -0.136284292
v -0.639647126 -0.0249071997 -0.137319386
v -0.637265086 -0.0256865956 -0.136284292
v -0.636228383 -0.0258706659 -0.133785382
v -0.637144446 -0.0253515802 -0.131286472
v -0.639476538 -0.0244334135 -0.130251378
v -0.641858578 -0.0236540176 -0.131286472
v -0.645941436 -0.0319291875 -0.133144811
v -0.645025373 -0.0324482732 -0.135643721
v -0.642693281 -0.033366438 -0.136678815
v -0.640311241 -0.0341458358 -0.135643721
v -0.639274538 -0.0343299061 -0.133144811
v -0.640190601 -0.0338108204 -0.130645901
v -0.642522693 -0.0328926556 -0.129610807
v -0.644904733 -0.0321132578 -0.130645901
v -0.642607987 -0.0347301327 -0.129984006
v -0.645057142 -0.0337911248 -0.13067168
v -0.646071672 -0.0324645713 -0.132808074
v -0.645057142 -0.031527549 -0.13514173
v -0.642607987 -0.0315289609 -0.136305615
v -0.640158832 -0.0324679688 -0.135617942
v -0.639144301 -0.0337945223 -0.133481547
v -0.640158832 -0.0347315446 -0.131147891
v -0.644176483 -0.0412325598 -0.133276746
v -0.646625638 -0.040293552 -0.133964419
v -0.647640169 -0.0389669985 -0.136100814
v -0.646625638 -0.0380299762 -0.13843447
v -0.644176483 -0.0380313881 -0.139598355
v -0.641727328 -0.0389703959 -0.138910681
v -0.640712798 -0.0402969494 -0.136774287
v -0.641727328 -0.0412339717 -0.134440631
v -0.644176483 -0.0415471531 -0.133456841
v -0.646430433 -0.0400661305 -0.133738697
v -0.64736402 -0.0383307822 -0.135601506
v -0.646430433 -0.0373576581 -0.137954056
v -0.644176483 -0.0377167948 -0.139418259
v -0.641922534 -0.0391978174 -0.139136404
v -0.640988946 -0.0409331657 -0.137273595
v -0.641922534 -0.0419062898 -0.134921044
v -0.650154829 -0.051913023 -0.140117154
v -0.652408779 -0.0504320003 -0.140399009
v -0.653342366 -0.0486966521 -0.142261818
v -0.652408779 -0.047723528 -0.144614369
v -0.650154829 -0.0480826646 -0.146078572
v -0.647900879 -0.0495636873 -0.145796716
v -0.646967292 -0.0512990355 -0.143933907
v -0.647900879 -0.0522721596 -0.141581357
v -0.650154829 -0.0491624475 -0.1396548
v -0.652657151 -0.0495245382 -0.14063476
v -0.653693676 -0.0501638874 -0.14305757
v -0.652657151 -0.0507059693 -0.145503983
v -0.650154829 -0.0508332402 -0.146540925
v -0.647652507 -0.0504711494 -0.145560965
v -0.646615982 -0.0498318002 -0.143138155
v -0.647652507 -0.0492897183 -0.140691742
v -0.649623513 -0.0598567687 -0.137060016
v -0.652125835 -0.0602188595 -0.138039976
v -0.65316236 -0.0608582087 -0.140462786
v -0.652125835 -0.0614002906 -0.142909199
v -0.649623513 -0.0615275614 -0.143946141
v -0.647121191 -0.0611654706 -0.142966181
v -0.646084666 -0.0605261214 -0.140543371
v -0.647121191 -0.0599840395 -0.138096958
v -0.647022963 -0.060692165 -0.142909244
v -0.646945357 -0.0628713965 -0.141297385
v -0.648436606 -0.0637740642 -0.139220238
v -0.650623083 -0.0628713965 -0.137894571
v -0.652224064 -0.060692165 -0.138096914
v -0.652301669 -0.0585129373 -0.139708772
v -0.650810421 -0.0576102696 -0.14178592
v -0.648623943 -0.0585129373 -0.143111587
v -0.652437747 -0.065213576 -0.148761526
v -0.652360141 -0.0673928037 -0.147149667
v -0.65385139 -0.0682954714 -0.14507252
v -0.656037867 -0.0673928037 -0.143746853
v -0.657638848 -0.065213576 -0.143949196
v -0.657716453 -0.0630343482 -0.145561054
v -0.656225204 -0.0621316805 -0.147638202
v -0.654038727 -0.0630343482 -0.148963869
v -0.658572495 -0.0649647564 -0.146355361
v -0.657525897 -0.0648747906 -0.148855284
v -0.655022085 -0.0649832785 -0.149890795
v -0.65252775 -0.0652266741 -0.148855284
v -0.651504099 -0.0654623955 -0.146355361
v -0.652550697 -0.0655523613 -0.143855438
v -0.65505451 -0.0654438734 -0.142819926
v -0.657548845 -0.0652004778 -0.143855438
v -0.659389377 -0.0765677914 -0.147114918
v -0.658342779 -0.0764778256 -0.149614841
v -0.655838966 -0.0765863135 -0.150650352
v -0.653344631 -0.0768297091 -0.149614841
v -0.652320981 -0.0770654306 -0.147114918
v -0.653367579 -0.0771553963 -0.144614995
v -0.655871391 -0.0770469084 -0.143579483
v -0.658365726 -0.0768035129 -0.144614995
v -0.655855179 -0.0759812146 -0.143671855
v -0.658357501 -0.0763433054 -0.144651815
v -0.659394026 -0.0769826546 -0.147074625
v -0.658357501 -0.0775247365 -0.149521038
v -0.655855179 -0.0776520073 -0.15055798
v -0.653352857 -0.0772899166 -0.14957802
v -0.652316332 -0.0766505674 -0.14715521
v -0.653352857 -0.0761084855 -0.144708797
v -0.655588806 -0.0813426375 -0.142370999
v -0.658091128 -0.0817047283 -0.143350959
v -0.659127653 -0.0823440775 -0.145773768
v -0.658091128 -0.0828861594 -0.148220181
v -0.655588806 -0.0830134302 -0.149257123
v -0.653086483 -0.0826513395 -0.148277164
v -0.652049959 -0.0820119902 -0.145854354
v -0.653086483 -0.0814699084 -0.143407941
v -0.582901478 -0.0335199498 0.0469569303
v -0.58370173 -0.0360188261 0.0476412959
v -0.585816383 -0.0370538943 0.0489866138
v -0.588006735 -0.0360188261 0.0502048098
v -0.588989735 -0.0335199498 0.050582286
v -0.588189483 -0.0310210716 0.0498979203
v -0.586074829 -0.0299860034 0.0485526025
v -0.583884478 -0.0310210716 0.0473344065
v -0.591267765 -0.0346886143 0.0329069421
v -0.592068017 -0.0371874906 0.0335913077
v -0.59418267 -0.0382225588 0.0349366255
v -0.596373022 -0.0371874906 0.0361548215
v -0.597356021 -0.0346886143 0.0365322977
v -0.596555769 -0.032189738 0.0358479321
v -0.594441116 -0.031154668 0.0345026143
v -0.592250764 -0.032189738 0.0332844183
v -0.593020856 -0.0346886143 0.0314202607
v -0.593675971 -0.0371761508 0.0322782472
v -0.594703555 -0.0382065214 0.0345663577
v -0.595501781 -0.0371761508 0.0369442478
v -0.59560293 -0.0346886143 0.0380189791
v -0.594947815 -0.0322010778 0.0371609926
v -0.593920231 -0.0311707091 0.0348728821
v -0.593122005 -0.0322010778 0.032494992
v -0.60291791 -0.0334179699 0.0275475401
v -0.603573024 -0.0359055065 0.0284055267
v -0.604600608 -0.0369358771 0.0306936372
v -0.605398834 -0.0359055065 0.0330715291
v -0.605499983 -0.0334179699 0.0341462605
v -0.604844868 -0.0309304353 0.033288274
v -0.603817284 -0.0299000647 0.0310001653
v -0.603019059 -0.0309304353 0.0286222752
v -0.607404411 -0.0334179699 0.0293166675
v -0.606680155 -0.0358748212 0.0302068591
v -0.604508281 -0.0368924811 0.0314719789
v -0.60216105 -0.0358748212 0.0323709361
v -0.601013482 -0.0334179699 0.032377135
v -0.601737738 -0.0309611186 0.0314869434
v -0.603909612 -0.0299434569 0.0302218236
v -0.606256843 -0.0309611186 0.0293228664
v -0.610448658 -0.0320120454 0.0356737152
v -0.609724402 -0.0344688967 0.0365639068
v -0.607552528 -0.0354865566 0.0378290266
v -0.605205297 -0.0344688967 0.0387279838
v -0.604057729 -0.0320120454 0.0387341827
v -0.604781985 -0.0295551941 0.0378439911
v -0.606953859 -0.0285375323 0.0365788713
v -0.60930109 -0.0295551941 0.0356799141
v -0.604155421 -0.0320120454 0.035484571
v -0.60493058 -0.0345024578 0.0362262093
v -0.607066333 -0.0355340242 0.0375405923
v -0.609311521 -0.0345024578 0.038657777
v -0.610350966 -0.0320120454 0.0389233269
v -0.609575808 -0.0295216311 0.0381816886
v -0.607440054 -0.0284900684 0.0368673056
v -0.605194867 -0.0295216311 0.0357501209
v -0.61438936 -0.0343173966 0.0170461405
v -0.615164518 -0.036807809 0.0177877769
v -0.617300272 -0.0378393754 0.0191021618
v -0.61954546 -0.036807809 0.0202193428
v -0.620584905 -0.0343173966 0.0204848927
v -0.619809747 -0.0318269841 0.0197432563
v -0.617673993 -0.0307954196 0.0184288714
v -0.615428805 -0.0318269841 0.0173116904
f 1 2 10
f 1 10 9
f 2 3 11
f 2 11 10
f 3 4 12
f 3 12 11
f 4 5 13
f 4 13 12
f 5 6 14
f 5 14 13
f 6 7 15
f 6 15 14
f 7 8 16
f 7 16 15
f 8 1 9
f 8 9 16
f 1 3 2
f 9 10 11
f 1 4 3
f 9 11 12
f 1 5 4
f 9 12 13
f 1 6 5
f 9 13 14
f 1 7 6
f 9 14 15
f 1 8 7
f 9 15 16
f 17 18 26
f 17 26 25
f 18 19 27
f 18 27 26
f 19 20 28
f 19 28 27
f 20 21 29
f 20 29 28
f 21 22 30
f 21 30 29
f 22 23 31
f 22 31 30
f 23 24 32
f 23 32 31
f 24 17 25
f 24 25 32
f 17 19 18
f 25 26 27
f 17 20 19
f 25 27 28
f 17 21 20
f 25 28 29
f 17 22 21
f 25 29 30
f 17 23 22
f 25 30 31
f 17 24 23
f 25 31 32
f 33 34 42
f 33 42 41
f 34 35 43
f 34 43 42
f 35 36 44
f 35 44 43
f 36 37 45
f 36 45 44
f 37 38 46
f 37 46 45
f 38 39 47
f 38 47 46
f 39 40 48
f 39 48 47
f 40 33 41
f 40 41 48
f 33 35 34
f 41 42 43
f 33 36 35
f 41 43 44
f 33 37 36
f 41 44 45
f 33 38 37
f 41 45 46
f 33 39 38
f 41 46 47
f 33 40 39
f 41 47 48
f 49 50 58
f 49 58 57
f 50 51 59
f 50 59 58
f 51 52 60
f 51 60 59
f 52 53 61
f 52 61 60
f 53 54 62
f 53 62 61
f 54 55 63
f 54 63 62
f 55 56 64
f 55 64 63
f 56 49 57
f 56 57 64
f 49 51 50
f 57 58 59
f 49 52 51
f 57 59 60
f 49 53 52
f 57 60 61
f 49 54 53
f 57 61 62
f 49 55 54
f 57 62 63
f 49 56 55
f 57 63 64
f 65 66 74
f 65 74 73
f 66 67 75
f 66 75 74
f 67 68 76
f 67 76 75
f 68 69 77
f 68 77 76
f 69 70 78
f 69 78 77
f 70 71 79
f 70 79 78
f 71 72 80
f 71 80 79
f 72 65 73
f 72 73 80
f 65 67 66
f 73 74 75
f 65 68 67
f 73 75 76
f 65 69 68
f 73 76 77
f 65 70 69
f 73 77 78
f 65 71 70
f 73 78 79
f 65 72 71
f 73 79 80
f 81 82 90
f 81 90 89
f 82 83 91
f 82 91 90
f 83 84 92
f 83 92 91
f 84 85 93
f 84 93 92
f 85 86 94
f 85 94 93
f 86 87 95
f 86 95 94
f 87 88 96
f 87 96 95
f 88 81 89
f 88 89 96
f 81 83 82
f 89 90 91
f 81 84 83
f 89 91 92
f 81 85 84
f 89 92 93
f 81 86 85
f 89 93 94
f 81 87 86
f 89 94 95
f 81 88 87
f 89 95 96
f 97 98 106
f 97 106 105
f 98 99 107
f 98 107 106
f 99 100 108
f 99 108 107
f 100 101 109
f 100 109 108
f 101 102 110
f 101 110 109
f 102 103 111
f 102 111 110
f 103 104 112
f 103 112 111
f 104 97 105
f 104 105 112
f 97 99 98
f 105 106 107
f 97 100 99
f 105 107 108
f 97 101 100
f 105 108 109
f 97 102 101
f 105 109 110
f 97 103 102
f 105 110 111
f 97 104 103
f 105 111 112
f 113 114 122
f 113 122 121
f 114 115 123
f 114 123 122
f 115 116 124
f 115 124 123
f 116 117 125
f 116 125 124
f 117 118 126
f 117 126 125
f 118 119 127
f 118 127 126
f 119 120 128
f 119 128 127
f 120 113 121
f 120 121 128
f 113 115 114
f 121 122 123
f 113 116 115
f 121 123 124
f 113 117 116
f 121 124 125
f 113 118 117
f 121 125 126
f 113 119 118
f 121 126 127
f 113 120 119
f 121 127 128
f 129 130 138
f 129 138 137
f 130 131 139
f 130 139 138
f 131 132 140
f 131 140 139
f 132 133 141
f 132 141 140
f 133 134 142
f 133 142 141
f 134 135 143
f 134 143 142
f 135 136 144
f 135 144 143
f 136 129 137
f 136 137 144
f 129 131 130
f 137 138 139
f 129 132 131
f 137 139 140
f 129 133 132
f 137 140 141
f 129 134 133
f 137 141 142
f 129 135 134
f 137 142 143
f 129 136 135
f 137 143 144
f 145 146 154
f 145 154 153
f 146 147 155
f 146 155 154
f 147 148 156
f 147 156 155
f 148 149 157
f 148 157 156
f 149 150 158
f 149 158 157
f 150 151 159
f 150 159 158
f 151 152 160
f 151 160 159
f 152 145 153
f 152 153 160
f 145 147 146
f 153 154 155
f 145 148 147
f 153 155 156
f 145 149 148
f 153 156 157
f 145 150 149
f 153 157 158
f 145 151 150
f 153 158 159
f 145 152 151
f 153 159 160
f 161 162 170
f 161 170 169
f 162 163 171
f 162 171 170
f 163 164 172
f 163 172 171
f 164 165 173
f 164 173 172
f 165 166 174
f 165 174 173
f 166 167 175
f 166 175 174
f 167 168 176
f 167 176 175
f 168 161 169
f 168 169 176
f 161 163 162
f 169 170 171
f 161 164 163
f 169 171 172
f 161 165 164
f 169 172 173
f 161 166 165
f 169 173 174
f 161 167 166
f 169 174 175
f 161 168 167
f 169 175 176
f 177 178 186
f 177 186 185
f 178 179 187
f 178 187 186
f 179 180 188
f 179 188 187
f 180 181 189
f 180 189 188
f 181 182 190
f 181 190 189
f 182 183 191
f 182 191 190
f 183 184 192
f 183 192 191
f 184 177 185
f 184 185 192
f 177 179 178
f 185 186 187
f 177 180 179
f 185 187 188
f 177 181 180
f 185 188 189
f 177 182 181
f 185 189 190
f 177 183 182
f 185 190 191
f 177 184 183
f 185 191 192
f 193 194 202
f 193 202 201
f 194 195 203
f 194 203 202
f 195 196 204
f 195 204 203
f 196 197 205
f 196 205 204
f 197 198 206
f 197 206 205
f 198 199 207
f 198 207 206
f 199 200 208
f 199 208 207
f 200 193 201
f 200 201 208
f 193 195 194
f 201 202 203
f 193 196 195
f 201 203 204
f 193 197 196
f 201 204 205
f 193 198 197
f 201 205 206
f 193 199 198
f 201 206 207
f 193 200 199
f 201 207 208
f 209 210 218
f 209 218 217
f 210 211 219
f 210 219 218
f 211 212 220
f 211 220 219
f 212 213 221
f 212 221 220
f 213 214 222
f 213 222 221
f 214 215 223
f 214 223 222
f 215 216 224
f 215 224 223
f 216 209 217
f 216 217 224
f 209 211 210
f 217 218 219
f 209 212 211
f 217 219 220
f 209 213 212
f 217 220 221
f 209 214 213
f 217 221 222
f 209 215 214
f 217 222 223
f 209 216 215
f 217 223 224
f 225 226 234
f 225 234 233
f 226 227 235
f 226 235 234
f 227 228 236
f 227 236 235
f 228 229 237
f 228 237 236
f 229 230 238
f 229 238 237
f 230 231 239
f 230 239 238
f 231 232 240
f 231 240 239
f 232 225 233
f 232 233 240
f 225 227 226
f 233 234 235
f 225 228 227
f 233 235 236
f 225 229 228
f 233 236 237
f 225 230 229
f 233 237 238
f 225 231 230
f 233 238 239
f 225 232 231
f 233 239 240
f 241 242 250
f 241 250 249
f 242 243 251
f 242 251 250
f 243 244 252
f 243 252 251
f 244 245 253
f 244 253 252
f 245 246 254
f 245 254 253
f 246 247 255
f 246 255 254
f 247 248 256
f 247 256 255
f 248 241 249
f 248 249 256
f 241 243 242
f 249 250 251
f 241 244 243
f 249 251 252
f 241 245 244
f 249 252 253
f 241 246 245
f 249 253 254
f 241 247 246
f 249 254 255
f 241 248 247
f 249 255 256
f 257 258 266
f 257 266 265
f 258 259 267
f 258 267 266
f 259 260 268
f 259 268 267
f 260 261 269
f 260 269 268
f 261 262 270
f 261 270 269
f 262 263 271
f 262 271 270
f 263 264 272
f 263 272 271
f 264 257 265
f 264 265 272
f 257 259 258
f 265 266 267
f 257 260 259
f 265 267 268
f 257 261 260
f 265 268 269
f 257 262 261
f 265 269 270
f 257 263 262
f 265 270 271
f 257 264 263
f 265 271 272
f 273 274 282
f 273 282 281
f 274 275 283
f 274 283 282
f 275 276 284
f 275 284 283
f 276 277 285
f 276 285 284
f 277 278 286
f 277 286 285
f 278 279 287
f 278 287 286
f 279 280 288
f 279 288 287
f 280 273 281
f 280 281 288
f 273 275 274
f 281 282 283
f 273 276 275
f 281 283 284
f 273 277 276
f 281 284 285
f 273 278 277
f 281 285 286
f 273 279 278
f 281 286 287
f 273 280 279
f 281 287 288
f 289 290 298
f 289 298 297
f 290 291 299
f 290 299 298
f 291 292 300
f 291 300 299
f 292 293 301
f 292 301 300
f 293 294 302
f 293 302 301
f 294 295 303
f 294 303 302
f 295 296 304
f 295 304 303
f 296 289 297
f 296 297 304
f 289 291 290
f 297 298 299
f 289 292 291
f 297 299 300
f 289 293 292
f 297 300 301
f 289 294 293
f 297 301 302
f 289 295 294
f 297 302 303
f 289 296 295
f 297 303 304
f 305 306 314
f 305 314 313
f 306 307 315
f 306 315 314
f 307 308 316
f 307 316 315
f 308 309 317
f 308 317 316
f 309 310 318
f 309 318 317
f 310 311 319
f 310 319 318
f 311 312 320
f 311 320 319
f 312 305 313
f 312 313 320
f 305 307 306
f 313 314 315
f 305 308 307
f 313 315 316
f 305 309 308
f 313 316 317
f 305 310 309
f 313 317 318
f 305 311 310
f 313 318 319
f 305 312 311
f 313 319 320
f 321 322 330
f 321 330 329
f 322 323 331
f 322 331 330
f 323 324 332
f 323 332 331
f 324 325 333
f 324 333 332
f 325 326 334
f 325 334 333
f 326 327 335
f 326 335 334
f 327 328 336
f 327 336 335
f 328 321 329
f 328 329 336
f 321 323 322
f 329 330 331
f 321 324 323
f 329 331 332
f 321 325 324
f 329 332 333
f 321 326 325
f 329 333 334
f 321 327 326
f 329 334 335
f 321 328 327
f 329 335 336
f 337 338 346
f 337 346 345
f 338 339 347
f 338 347 346
f 339 340 348
f 339 348 347
f 340 341 349
f 340 349 348
f 341 342 350
f 341 350 349
f 342 343 351
f 342 351 350
f 343 344 352
f 343 352 351
f 344 337 345
f 344 345 352
f 337 339 338
f 345 346 347
f 337 340 339
f 345 347 348
f 337 341 340
f 345 348 349
f 337 342 341
f 345 349 350
f 337 343 342
f 345 350 351
f 337 344 343
f 345 351 352
f 353 354 362
f 353 362 361
f 354 355 363
f 354 363 362
f 355 356 364
f 355 364 363
f 356 357 365
f 356 365 364
f 357 358 366
f 357 366 365
f 358 359 367
f 358 367 366
f 359 360 368
f 359 368 367
f 360 353 361
f 360 361 368
f 353 355 354
f 361 362 363
f 353 356 355
f 361 363 364
f 353 357 356
f 361 364 365
f 353 358 357
f 361 365 366
f 353 359 358
f 361 366 367
f 353 360 359
f 361 367 368
f 369 370 378
f 369 378 377
f 370 371 379
f 370 379 378
f 371 372 380
f 371 380 379
f 372 373 381
f 372 381 380
f 373 374 382
f 373 382 381
f 374 375 383
f 374 383 382
f 375 376 384
f 375 384 383
f 376 369 377
f 376 377 384
f 369 371 370
f 377 378 379
f 369 372 371
f 377 379 380
f 369 373 372
f 377 380 381
f 369 374 373
f 377 381 382
f 369 375 374
f 377 382 383
f 369 376 375
f 377 383 384
f 385 386 394
f 385 394 393
f 386 387 395
f 386 395 394
f 387 388 396
f 387 396 395
f 388 389 397
f 388 397 396
f 389 390 398
f 389 398 397
f 390 391 399
f 390 399 398
f 391 392 400
f 391 400 399
f 392 385 393
f 392 393 400
f 385 387 386
f 393 394 395
f 385 388 387
f 393 395 396
f 385 389 388
f 393 396 397
f 385 390 389
f 393 397 398
f 385 391 390
f 393 398 399
f 385 392 391
f 393 399 400
f 401 402 410
f 401 410 409
f 402 403 411
f 402 411 410
f 403 404 412
f 403 412 411
f 404 405 413
f 404 413 412
f 405 406 414
f 405 414 413
f 406 407 415
f 406 415 414
f 407 408 416
f 407 416 415
f 408 401 409
f 408 409 416
f 401 403 402
f 409 410 411
f 401 404 403
f 409 411 412
f 401 405 404
f 409 412 413
f 401 406 405
f 409 413 414
f 401 407 406
f 409 414 415
f 401 408 407
f 409 415 416
f 417 418 426
f 417 426 425
f 418 419 427
f 418 427 426
f 419 420 428
f 419 428 427
f 420 421 429
f 420 429 428
f 421 422 430
f 421 430 429
f 422 423 431
f 422 431 430
f 423 424 432
f 423 432 431
f 424 417 425
f 424 425 432
f 417 419 418
f 425 426 427
f 417 420 419
f 425 427 428
f 417 421 420
f 425 428 429
f 417 422 421
f 425 429 430
f 417 423 422
f 425 430 431
f 417 424 423
f 425 431 432
f 433 434 442
f 433 442 441
f 434 435 443
f 434 443 442
f 435 436 444
f 435 444 443
f 436 437 445
f 436 445 444
f 437 438 446
f 437 446 445
f 438 439 447
f 438 447 446
f 439 440 448
f 439 448 447
f 440 433 441
f 440 441 448
f 433 435 434
f 441 442 443
f 433 436 435
f 441 443 444
f 433 437 436
f 441 444 445
f 433 438 437
f 441 445 446
f 433 439 438
f 441 446 447
f 433 440 439
f 441 447 448
f 449 450 458
f 449 458 457
f 450 451 459
f 450 459 458
f 451 452 460
f 451 460 459
f 452 453 461
f 452 461 460
f 453 454 462
f 453 462 461
f 454 455 463
f 454 463 462
f 455 456 464
f 455 464 463
f 456 449 457
f 456 457 464
f 449 451 450
f 457 458 459
f 449 452 451
f 457 459 460
f 449 453 452
f 457 460 461
f 449 454 453
f 457 461 462
f 449 455 454
f 457 462 463
f 449 456 455
f 457 463 464
f 465 466 474
f 465 474 473
f 466 467 475
f 466 475 474
f 467 468 476
f 467 476 475
f 468 469 477
f 468 477 476
f 469 470 478
f 469 478 477
f 470 471 479
f 470 479 478
f 471 472 480
f 471 480 479
f 472 465 473
f 472 473 480
f 465 467 466
f 473 474 475
f 465 468 467
f 473 475 476
f 465 469 468
f 473 476 477
f 465 470 469
f 473 477 478
f 465 471 470
f 473 478 479
f 465 472 471
f 473 479 480
f 481 482 490
f 481 490 489
f 482 483 491
f 482 491 490
f 483 484 492
f 483 492 491
f 484 485 493
f 484 493 492
f 485 486 494
f 485 494 493
f 486 487 495
f 486 495 494
f 487 488 496
f 487 496 495
f 488 481 489
f 488 489 496
f 481 483 482
f 489 490 491
f 481 484 483
f 489 491 492
f 481 485 484
f 489 492 493
f 481 486 485
f 489 493 494
f 481 487 486
f 489 494 495
f 481 488 487
f 489 495 496
f 497 498 506
f 497 506 505
f 498 499 507
f 498 507 506
f 499 500 508
f 499 508 507
f 500 501 509
f 500 509 508
f 501 502 510
f 501 510 509
f 502 503 511
f 502 511 510
f 503 504 512
f 503 512 511
f 504 497 505
f 504 505 512
f 497 499 498
f 505 506 507
f 497 500 499
f 505 507 508
f 497 501 500
f 505 508 509
f 497 502 501
f 505 509 510
f 497 503 502
f 505 510 511
f 497 504 503
f 505 511 512
f 513 514 522
f 513 522 521
f 514 515 523
f 514 523 522
f 515 516 524
f 515 524 523
f 516 517 525
f 516 525 524
f 517 518 526
f 517 526 525
f 518 519 527
f 518 527 526
f 519 520 528
f 519 528 527
f 520 513 521
f 520 521 528
f 513 515 514
f 521 522 523
f 513 516 515
f 521 523 524
f 513 517 516
f 521 524 525
f 513 518 517
f 521 525 526
f 513 519 518
f 521 526 527
f 513 520 519
f 521 527 528
f 529 530 538
f 529 538 537
f 530 531 539
f 530 539 538
f 531 532 540
f 531 540 539
f 532 533 541
f 532 541 540
f 533 534 542
f 533 542 541
f 534 535 543
f 534 543 542
f 535 536 544
f 535 544 543
f 536 529 537
f 536 537 544
f 529 531 530
f 537 538 539
f 529 532 531
f 537 539 540
f 529 533 532
f 537 540 541
f 529 534 533
f 537 541 542
f 529 535 534
f 537 542 543
f 529 536 535
f 537 543 544
f 545 546 554
f 545 554 553
f 546 547 555
f 546 555 554
f 547 548 556
f 547 556 555
f 548 549 557
f 548 557 556
f 549 550 558
f 549 558 557
f 550 551 559
f 550 559 558
f 551 552 560
f 551 560 559
f 552 545 553
f 552 553 560
f 545 547 546
f 553 554 555
f 545 548 547
f 553 555 556
f 545 549 548
f 553 556 557
f 545 550 549
f 553 557 558
f 545 551 550
f 553 558 559
f 545 552 551
f 553 559 560
f 561 562 570
f 561 570 569
f 562 563 571
f 562 571 570
f 563 564 572
f 563 572 571
f 564 565 573
f 564 573 572
f 565 566 574
f 565 574 573
f 566 567 575
f 566 575 574
f 567 568 576
f 567 576 575
f 568 561 569
f 568 569 576
f 561 563 562
f 569 570 571
f 561 564 563
f 569 571 572
f 561 565 564
f 569 572 573
f 561 566 565
f 569 573 574
f 561 567 566
f 569 574 575
f 561 568 567
f 569 575 576
f 577 578 586
f 577 586 585
f 578 579 587
f 578 587 586
f 579 580 588
f 579 588 587
f 580 581 589
f 580 589 588
f 581 582 590
f 581 590 589
f 582 583 591
f 582 591 590
f 583 584 592
f 583 592 591
f 584 577 585
f 584 585 592
f 577 579 578
f 585 586 587
f 577 580 579
f 585 587 588
f 577 581 580
f 585 588 589
f 577 582 581
f 585 589 590
f 577 583 582
f 585 590 591
f 577 584 583
f 585 591 592
f 593 594 602
f 593 602 601
f 594 595 603
f 594 603 602
f 595 596 604
f 595 604 603
f 596 597 605
f 596 605 604
f 597 598 606
f 597 606 605
f 598 599 607
f 598 607 606
f 599 600 608
f 599 608 607
f 600 593 601
f 600 601 608
f 593 595 594
f 601 602 603
f 593 596 595
f 601 603 604
f 593 597 596
f 601 604 605
f 593 598 597
f 601 605 606
f 593 599 598
f 601 606 607
f 593 600 599
f 601 607 608
f 609 610 618
f 609 618 617
f 610 611 619
f 610 619 618
f 611 612 620
f 611 620 619
f 612 613 621
f 612 621 620
f 613 614 622
f 613 622 621
f 614 615 623
f 614 623 622
f 615 616 624
f 615 624 623
f 616 609 617
f 616 617 624
f 609 611 610
f 617 618 619
f 609 612 611
f 617 619 620
f 609 613 612
f 617 620 621
f 609 614 613
f 617 621 622
f 609 615 614
f 617 622 623
f 609 616 615
f 617 623 624
f 625 626 634
f 625 634 633
f 626 627 635
f 626 635 634
f 627 628 636
f 627 636 635
f 628 629 637
f 628 637 636
f 629 630 638
f 629 638 637
f 630 631 639
f 630 639 638
f 631 632 640
f 631 640 639
f 632 625 633
f 632 633 640
f 625 627 626
f 633 634 635
f 625 628 627
f 633 635 636
f 625 629 628
f 633 636 637
f 625 630 629
f 633 637 638
f 625 631 630
f 633 638 639
f 625 632 631
f 633 639 640
f 641 642 650
f 641 650 649
f 642 643 651
f 642 651 650
f 643 644 652
f 643 652 651
f 644 645 653
f 644 653 652
f 645 646 654
f 645 654 653
f 646 647 655
f 646 655 654
f 647 648 656
f 647 656 655
f 648 641 649
f 648 649 656
f 641 643 642
f 649 650 651
f 641 644 643
f 649 651 652
f 641 645 644
f 649 652 653
f 641 646 645
f 649 653 654
f 641 647 646
f 649 654 655
f 641 648 647
f 649 655 656
f 657 658 666
f 657 666 665
f 658 659 667
f 658 667 666
f 659 660 668
f 659 668 667
f 660 661 669
f 660 669 668
f 661 662 670
f 661 670 669
f 662 663 671
f 662 671 670
f 663 664 672
f 663 672 671
f 664 657 665
f 664 665 672
f 657 659 658
f 665 666 667
f 657 660 659
f 665 667 668
f 657 661 660
f 665 668 669
f 657 662 661
f 665 669 670
f 657 663 662
f 665 670 671
f 657 664 663
f 665 671 672
f 673 674 682
f 673 682 681
f 674 675 683
f 674 683 682
f 675 676 684
f 675 684 683
f 676 677 685
f 676 685 684
f 677 678 686
f 677 686 685
f 678 679 687
f 678 687 686
f 679 680 688
f 679 688 687
f 680 673 681
f 680 681 688
f 673 675 674
f 681 682 683
f 673 676 675
f 681 683 684
f 673 677 676
f 681 684 685
f 673 678 677
f 681 685 686
f 673 679 678
f 681 686 687
f 673 680 679
f 681 687 688
f 689 690 698
f 689 698 697
f 690 691 699
f 690 699 698
f 691 692 700
f 691 700 699
f 692 693 701
f 692 701 700
f 693 694 702
f 693 702 701
f 694 695 703
f 694 703 702
f 695 696 704
f 695 704 703
f 696 689 697
f 696 697 704
f 689 691 690
f 697 698 699
f 689 692 691
f 697 699 700
f 689 693 692
f 697 700 701
f 689 694 693
f 697 701 702
f 689 695 694
f 697 702 703
f 689 696 695
f 697 703 704
f 705 706 714
f 705 714 713
f 706 707 715
f 706 715 714
f 707 708 716
f 707 716 715
f 708 709 717
f 708 717 716
f 709 710 718
f 709 718 717
f 710 711 719
f 710 719 718
f 711 712 720
f 711 720 719
f 712 705 713
f 712 713 720
f 705 707 706
f 713 714 715
f 705 708 707
f 713 715 716
f 705 709 708
f 713 716 717
f 705 710 709
f 713 717 718
f 705 711 710
f 713 718 719
f 705 712 711
f 713 719 720
f 721 722 730
f 721 730 729
f 722 723 731
f 722 731 730
f 723 724 732
f 723 732 731
f 724 725 733
f 724 733 732
f 725 726 734
f 725 734 733
f 726 727 735
f 726 735 734
f 727 728 736
f 727 736 735
f 728 721 729
f 728 729 736
f 721 723 722
f 729 730 731
f 721 724 723
f 729 731 732
f 721 725 724
f 729 732 733
f 721 726 725
f 729 733 734
f 721 727 726
f 729 734 735
f 721 728 727
f 729 735 736
f 737 738 746
f 737 746 745
f 738 739 747
f 738 747 746
f 739 740 748
f 739 748 747
f 740 741 749
f 740 749 748
f 741 742 750
f 741 750 749
f 742 743 751
f 742 751 750
f 743 744 752
f 743 752 751
f 744 737 745
f 744 745 752
f 737 739 738
f 745 746 747
f 737 740 739
f 745 747 748
f 737 741 740
f 745 748 749
f 737 742 741
f 745 749 750
f 737 743 742
f 745 750 751
f 737 744 743
f 745 751 752
f 753 754 762
f 753 762 761
f 754 755 763
f 754 763 762
f 755 756 764
f 755 764 763
f 756 757 765
f 756 765 764
f 757 758 766
f 757 766 765
f 758 759 767
f 758 767 766
f 759 760 768
f 759 768 767
f 760 753 761
f 760 761 768
f 753 755 754
f 761 762 763
f 753 756 755
f 761 763 764
f 753 757 756
f 761 764 765
f 753 758 757
f 761 765 766
f 753 759 758
f 761 766 767
f 753 760 759
f 761 767 768
f 769 770 778
f 769 778 777
f 770 771 779
f 770 779 778
f 771 772 780
f 771 780 779
f 772 773 781
f 772 781 780
f 773 774 782
f 773 782 781
f 774 775 783
f 774 783 782
f 775 776 784
f 775 784 783
f 776 769 777
f 776 777 784
f 769 771 770
f 777 778 779
f 769 772 771
f 777 779 780
f 769 773 772
f 777 780 781
f 769 774 773
f 777 781 782
f 769 775 774
f 777 782 783
f 769 776 775
f 777 783 784
f 785 786 794
f 785 794 793
f 786 787 795
f 786 795 794
f 787 788 796
f 787 796 795
f 788 789 797
f 788 797 796
f 789 790 798
f 789 798 797
f 790 791 799
f 790 799 798
f 791 792 800
f 791 800 799
f 792 785 793
f 792 793 800
f 785 787 786
f 793 794 795
f 785 788 787
f 793 795 796
f 785 789 788
f 793 796 797
f 785 790 789
f 793 797 798
f 785 791 790
f 793 798 799
f 785 792 791
f 793 799 800
f 801 802 810
f 801 810 809
f 802 803 811
f 802 811 810
f 803 804 812
f 803 812 811
f 804 805 813
f 804 813 812
f 805 806 814
f 805 814 813
f 806 807 815
f 806 815 814
f 807 808 816
f 807 816 815
f 808 801 809
f 808 809 816
f 801 803 802
f 809 810 811
f 801 804 803
f 809 811 812
f 801 805 804
f 809 812 813
f 801 806 805
f 809 813 814
f 801 807 806
f 809 814 815
f 801 808 807
f 809 815 816
f 817 818 826
f 817 826 825
f 818 819 827
f 818 827 826
f 819 820 828
f 819 828 827
f 820 821 829
f 820 829 828
f 821 822 830
f 821 830 829
f 822 823 831
f 822 831 830
f 823 824 832
f 823 832 831
f 824 817 825
f 824 825 832
f 817 819 818
f 825 826 827
f 817 820 819
f 825 827 828
f 817 821 820
f 825 828 829
f 817 822 821
f 825 829 830
f 817 823 822
f 825 830 831
f 817 824 823
f 825 831 832
f 833 834 842
f 833 842 841
f 834 835 843
f 834 843 842
f 835 836 844
f 835 844 843
f 836 837 845
f 836 845 844
f 837 838 846
f 837 846 845
f 838 839 847
f 838 847 846
f 839 840 848
f 839 848 847
f 840 833 841
f 840 841 848
f 833 835 834
f 841 842 843
f 833 836 835
f 841 843 844
f 833 837 836
f 841 844 845
f 833 838 837
f 841 845 846
f 833 839 838
f 841 846 847
f 833 840 839
f 841 847 848
f 849 850 858
f 849 858 857
f 850 851 859
f 850 859 858
f 851 852 860
f 851 860 859
f 852 853 861
f 852 861 860
f 853 854 862
f 853 862 861
f 854 855 863
f 854 863 862
f 855 856 864
f 855 864 863
f 856 849 857
f 856 857 864
f 849 851 850
f 857 858 859
f 849 852 851
f 857 859 860
f 849 853 852
f 857 860 861
f 849 854 853
f 857 861 862
f 849 855 854
f 857 862 863
f 849 856 855
f 857 863 864
f 865 866 874
f 865 874 873
f 866 867 875
f 866 875 874
f 867 868 876
f 867 876 875
f 868 869 877
f 868 877 876
f 869 870 878
f 869 878 877
f 870 871 879
f 870 879 878
f 871 872 880
f 871 880 879
f 872 865 873
f 872 873 880
f 865 867 866
f 873 874 875
f 865 868 867
f 873 875 876
f 865 869 868
f 873 876 877
f 865 870 869
f 873 877 878
f 865 871 870
f 873 878 879
f 865 872 871
f 873 879 880
f 881 882 890
f 881 890 889
f 882 883 891
f 882 891 890
f 883 884 892
f 883 892 891
f 884 885 893
f 884 893 892
f 885 886 894
f 885 894 893
f 886 887 895
f 886 895 894
f 887 888 896
f 887 896 895
f 888 881 889
f 888 889 896
f 881 883 882
f 889 890 891
f 881 884 883
f 889 891 892
f 881 885 884
f 889 892 893
f 881 886 885
f 889 893 894
f 881 887 886
f 889 894 895
f 881 888 887
f 889 895 896
f 897 898 906
f 897 906 905
f 898 899 907
f 898 907 906
f 899 900 908
f 899 908 907
f 900 901 909
f 900 909 908
f 901 902 910
f 901 910 909
f 902 903 911
f 902 911 910
f 903 904 912
f 903 912 911
f 904 897 905
f 904 905 912
f 897 899 898
f 905 906 907
f 897 900 899
f 905 907 908
f 897 901 900
f 905 908 909
f 897 902 901
f 905 909 910
f 897 903 902
f 905 910 911
f 897 904 903
f 905 911 912
f 913 914 922
f 913 922 921
f 914 915 923
f 914 923 922
f 915 916 924
f 915 924 923
f 916 917 925
f 916 925 924
f 917 918 926
f 917 926 925
f 918 919 927
f 918 927 926
f 919 920 928
f 919 928 927
f 920 913 921
f 920 921 928
f 913 915 914
f 921 922 923
f 913 916 915
f 921 923 924
f 913 917 916
f 921 924 925
f 913 918 917
f 921 925 926
f 913 919 918
f 921 926 927
f 913 920 919
f 921 927 928
f 929 930 938
f 929 938 937
f 930 931 939
f 930 939 938
f 931 932 940
f 931 940 939
f 932 933 941
f 932 941 940
f 933 934 942
f 933 942 941
f 934 935 943
f 934 943 942
f 935 936 944
f 935 944 943
f 936 929 937
f 936 937 944
f 929 931 930
f 937 938 939
f 929 932 931
f 937 939 940
f 929 933 932
f 937 940 941
f 929 934 933
f 937 941 942
f 929 935 934
f 937 942 943
f 929 936 935
f 937 943 944
f 945 946 954
f 945 954 953
f 946 947 955
f 946 955 954
f 947 948 956
f 947 956 955
f 948 949 957
f 948 957 956
f 949 950 958
f 949 958 957
f 950 951 959
f 950 959 958
f 951 952 960
f 951 960 959
f 952 945 953
f 952 953 960
f 945 947 946
f 953 954 955
f 945 948 947
f 953 955 956
f 945 949 948
f 953 956 957
f 945 950 949
f 953 957 958
f 945 951 950
f 953 958 959
f 945 952 951
f 953 959 960
f 961 962 970
f 961 970 969
f 962 963 971
f 962 971 970
f 963 964 972
f 963 972 971
f 964 965 973
f 964 973 972
f 965 966 974
f 965 974 973
f 966 967 975
f 966 975 974
f 967 968 976
f 967 976 975
f 968 961 969
f 968 969 976
f 961 963 962
f 969 970 971
f 961 964 963
f 969 971 972
f 961 965 964
f 969 972 973
f 961 966 965
f 969 973 974
f 961 967 966
f 969 974 975
f 961 968 967
f 969 975 976
f 977 978 986
f 977 986 985
f 978 979 987
f 978 987 986
f 979 980 988
f 979 988 987
f 980 981 989
f 980 989 988
f 981 982 990
f 981 990 989
f 982 983 991
f 982 991 990
f 983 984 992
f 983 992 991
f 984 977 985
f 984 985 992
f 977 979 978
f 985 986 987
f 977 980 979
f 985 987 988
f 977 981 980
f 985 988 989
f 977 982 981
f 985 989 990
f 977 983 982
f 985 990 991
f 977 984 983
f 985 991 992
f 993 994 1002
f 993 1002 1001
f 994 995 1003
f 994 1003 1002
f 995 996 1004
f 995 1004 1003
f 996 997 1005
f 996 1005 1004
f 997 998 1006
f 997 1006 1005
f 998 999 1007
f 998 1007 1006
f 999 1000 1008
f 999 1008 1007
f 1000 993 1001
f 1000 1001 1008
f 993 995 994
f 1001 1002 1003
f 993 996 995
f 1001 1003 1004
f 993 997 996
f 1001 1004 1005
f 993 998 997
f 1001 1005 1006
f 993 999 998
f 1001 1006 1007
f 993 1000 999
f 1001 1007 1008
f 1009 1010 1018
f 1009 1018 1017
f 1010 1011 1019
f 1010 1019 1018
f 1011 1012 1020
f 1011 1020 1019
f 1012 1013 1021
f 1012 1021 1020
f 1013 1014 1022
f 1013 1022 1021
f 1014 1015 1023
f 1014 1023 1022
f 1015 1016 1024
f 1015 1024 1023
f 1016 1009 1017
f 1016 1017 1024
f 1009 1011 1010
f 1017 1018 1019
f 1009 1012 1011
f 1017 1019 1020
f 1009 1013 1012
f 1017 1020 1021
f 1009 1014 1013
f 1017 1021 1022
f 1009 1015 1014
f 1017 1022 1023
f 1009 1016 1015
f 1017 1023 1024
f 1025 1026 1034
f 1025 1034 1033
f 1026 1027 1035
f 1026 1035 1034
f 1027 1028 1036
f 1027 1036 1035
f 1028 1029 1037
f 1028 1037 1036
f 1029 1030 1038
f 1029 1038 1037
f 1030 1031 1039
f 1030 1039 1038
f 1031 1032 1040
f 1031 1040 1039
f 1032 1025 1033
f 1032 1033 1040
f 1025 1027 1026
f 1033 1034 1035
f 1025 1028 1027
f 1033 1035 1036
f 1025 1029 1028
f 1033 1036 1037
f 1025 1030 1029
f 1033 1037 1038
f 1025 1031 1030
f 1033 1038 1039
f 1025 1032 1031
f 1033 1039 1040
f 1041 1042 1050
f 1041 1050 1049
f 1042 1043 1051
f 1042 1051 1050
f 1043 1044 1052
f 1043 1052 1051
f 1044 1045 1053
f 1044 1053 1052
f 1045 1046 1054
f 1045 1054 1053
f 1046 1047 1055
f 1046 1055 1054
f 1047 1048 1056
f 1047 1056 1055
f 1048 1041 1049
f 1048 1049 1056
f 1041 1043 1042
f 1049 1050 1051
f 1041 1044 1043
f 1049 1051 1052
f 1041 1045 1044
f 1049 1052 1053
f 1041 1046 1045
f 1049 1053 1054
f 1041 1047 1046
f 1049 1054 1055
f 1041 1048 1047
f 1049 1055 1056
f 1057 1058 1066
f 1057 1066 1065
f 1058 1059 1067
f 1058 1067 1066
f 1059 1060 1068
f 1059 1068 1067
f 1060 1061 1069
f 1060 1069 1068
f 1061 1062 1070
f 1061 1070 1069
f 1062 1063 1071
f 1062 1071 1070
f 1063 1064 1072
f 1063 1072 1071
f 1064 1057 1065
f 1064 1065 1072
f 1057 1059 1058
f 1065 1066 1067
f 1057 1060 1059
f 1065 1067 1068
f 1057 1061 1060
f 1065 1068 1069
f 1057 1062 1061
f 1065 1069 1070
f 1057 1063 1062
f 1065 1070 1071
f 1057 1064 1063
f 1065 1071 1072
f 1073 1074 1082
f 1073 1082 1081
f 1074 1075 1083
f 1074 1083 1082
f 1075 1076 1084
f 1075 1084 1083
f 1076 1077 1085
f 1076 1085 1084
f 1077 1078 1086
f 1077 1086 1085
f 1078 1079 1087
f 1078 1087 1086
f 1079 1080 1088
f 1079 1088 1087
f 1080 1073 1081
f 1080 1081 1088
f 1073 1075 1074
f 1081 1082 1083
f 1073 1076 1075
f 1081 1083 1084
f 1073 1077 1076
f 1081 1084 1085
f 1073 1078 1077
f 1081 1085 1086
f 1073 1079 1078
f 1081 1086 1087
f 1073 1080 1079
f 1081 1087 1088
f 1089 1090 1098
f 1089 1098 1097
f 1090 1091 1099
f 1090 1099 1098
f 1091 1092 1100
f 1091 1100 1099
f 1092 1093 1101
f 1092 1101 1100
f 1093 1094 1102
f 1093 1102 1101
f 1094 1095 1103
f 1094 1103 1102
f 1095 1096 1104
f 1095 1104 1103
f 1096 1089 1097
f 1096 1097 1104
f 1089 1091 1090
f 1097 1098 1099
f 1089 1092 1091
f 1097 1099 1100
f 1089 1093 1092
f 1097 1100 1101
f 1089 1094 1093
f 1097 1101 1102
f 1089 1095 1094
f 1097 1102 1103
f 1089 1096 1095
f 1097 1103 1104
f 1105 1106 1114
f 1105 1114 1113
f 1106 1107 1115
f 1106 1115 1114
f 1107 1108 1116
f 1107 1116 1115
f 1108 1109 1117
f 1108 1117 1116
f 1109 1110 1118
f 1109 1118 1117
f 1110 1111 1119
f 1110 1119 1118
f 1111 1112 1120
f 1111 1120 1119
f 1112 1105 1113
f 1112 1113 1120
f 1105 1107 1106
f 1113 1114 1115
f 1105 1108 1107
f 1113 1115 1116
f 1105 1109 1108
f 1113 1116 1117
f 1105 1110 1109
f 1113 1117 1118
f 1105 1111 1110
f 1113 1118 1119
f 1105 1112 1111
f 1113 1119 1120
f 1121 1122 1130
f 1121 1130 1129
f 1122 1123 1131
f 1122 1131 1130
f 1123 1124 1132
f 1123 1132 1131
f 1124 1125 1133
f 1124 1133 1132
f 1125 1126 1134
f 1125 1134 1133
f 1126 1127 1135
f 1126 1135 1134
f 1127 1128 1136
f 1127 1136 1135
f 1128 1121 1129
f 1128 1129 1136
f 1121 1123 1122
f 1129 1130 1131
f 1121 1124 1123
f 1129 1131 1132
f 1121 1125 1124
f 1129 1132 1133
f 1121 1126 1125
f 1129 1133 1134
f 1121 1127 1126
f 1129 1134 1135
f 1121 1128 1127
f 1129 1135 1136
f 1137 1138 1146
f 1137 1146 1145
f 1138 1139 1147
f 1138 1147 1146
f 1139 1140 1148
f 1139 1148 1147
f 1140 1141 1149
f 1140 1149 1148
f 1141 1142 1150
f 1141 1150 1149
f 1142 1143 1151
f 1142 1151 1150
f 1143 1144 1152
f 1143 1152 1151
f 1144 1137 1145
f 1144 1145 1152
f 1137 1139 1138
f 1145 1146 1147
f 1137 1140 1139
f 1145 1147 1148
f 1137 1141 1140
f 1145 1148 1149
f 1137 1142 1141
f 1145 1149 1150
f 1137 1143 1142
f 1145 1150 1151
f 1137 1144 1143
f 1145 1151 1152
f 1153 1154 1162
f 1153 1162 1161
f 1154 1155 1163
f 1154 1163 1162
f 1155 1156 1164
f 1155 1164 1163
f 1156 1157 1165
f 1156 1165 1164
f 1157 1158 1166
f 1157 1166 1165
f 1158 1159 1167
f 1158 1167 1166
f 1159 1160 1168
f 1159 1168 1167
f 1160 1153 1161
f 1160 1161 1168
f 1153 1155 1154
f 1161 1162 1163
f 1153 1156 1155
f 1161 1163 1164
f 1153 1157 1156
f 1161 1164 1165
f 1153 1158 1157
f 1161 1165 1166
f 1153 1159 1158
f 1161 1166 1167
f 1153 1160 1159
f 1161 1167 1168
f 1169 1170 1178
f 1169 1178 1177
f 1170 1171 1179
f 1170 1179 1178
f 1171 1172 1180
f 1171 1180 1179
f 1172 1173 1181
f 1172 1181 1180
f 1173 1174 1182
f 1173 1182 1181
f 1174 1175 1183
f 1174 1183 1182
f 1175 1176 1184
f 1175 1184 1183
f 1176 1169 1177
f 1176 1177 1184
f 1169 1171 1170
f 1177 1178 1179
f 1169 1172 1171
f 1177 1179 1180
f 1169 1173 1172
f 1177 1180 1181
f 1169 1174 1173
f 1177 1181 1182
f 1169 1175 1174
f 1177 1182 1183
f 1169 1176 1175
f 1177 1183 1184
f 1185 1186 1194
f 1185 1194 1193
f 1186 1187 1195
f 1186 1195 1194
f 1187 1188 1196
f 1187 1196 1195
f 1188 1189 1197
f 1188 1197 1196
f 1189 1190 1198
f 1189 1198 1197
f 1190 1191 1199
f 1190 1199 1198
f 1191 1192 1200
f 1191 1200 1199
f 1192 1185 1193
f 1192 1193 1200
f 1185 1187 1186
f 1193 1194 1195
f 1185 1188 1187
f 1193 1195 1196
f 1185 1189 1188
f 1193 1196 1197
f 1185 1190 1189
f 1193 1197 1198
f 1185 1191 1190
f 1193 1198 1199
f 1185 1192 1191
f 1193 1199 1200
f 1201 1202 1210
f 1201 1210 1209
f 1202 1203 1211
f 1202 1211 1210
f 1203 1204 1212
f 1203 1212 1211
f 1204 1205 1213
f 1204 1213 1212
f 1205 1206 1214
f 1205 1214 1213
f 1206 1207 1215
f 1206 1215 1214
f 1207 1208 1216
f 1207 1216 1215
f 1208 1201 1209
f 1208 1209 1216
f 1201 1203 1202
f 1209 1210 1211
f 1201 1204 1203
f 1209 1211 1212
f 1201 1205 1204
f 1209 1212 1213
f 1201 1206 1205
f 1209 1213 1214
f 1201 1207 1206
f 1209 1214 1215
f 1201 1208 1207
f 1209 1215 1216
f 1217 1218 1226
f 1217 1226 1225
f 1218 1219 1227
f 1218 1227 1226
f 1219 1220 1228
f 1219 1228 1227
f 1220 1221 1229
f 1220 1229 1228
f 1221 1222 1230
f 1221 1230 1229
f 1222 1223 1231
f 1222 1231 1230
f 1223 1224 1232
f 1223 1232 1231
f 1224 1217 1225
f 1224 1225 1232
f 1217 1219 1218
f 1225 1226 1227
f 1217 1220 1219
f 1225 1227 1228
f 1217 1221 1220
f 1225 1228 1229
f 1217 1222 1221
f 1225 1229 1230
f 1217 1223 1222
f 1225 1230 1231
f 1217 1224 1223
f 1225 1231 1232
f 1233 1234 1242
f 1233 1242 1241
f 1234 1235 1243
f 1234 1243 1242
f 1235 1236 1244
f 1235 1244 1243
f 1236 1237 1245
f 1236 1245 1244
f 1237 1238 1246
f 1237 1246 1245
f 1238 1239 1247
f 1238 1247 1246
f 1239 1240 1248
f 1239 1248 1247
f 1240 1233 1241
f 1240 1241 1248
f 1233 1235 1234
f 1241 1242 1243
f 1233 1236 1235
f 1241 1243 1244
f 1233 1237 1236
f 1241 1244 1245
f 1233 1238 1237
f 1241 1245 1246
f 1233 1239 1238
f 1241 1246 1247
f 1233 1240 1239
f 1241 1247 1248
f 1249 1250 1258
f 1249 1258 1257
f 1250 1251 1259
f 1250 1259 1258
f 1251 1252 1260
f 1251 1260 1259
f 1252 1253 1261
f 1252 1261 1260
f 1253 1254 1262
f 1253 1262 1261
f 1254 1255 1263
f 1254 1263 1262
f 1255 1256 1264
f 1255 1264 1263
f 1256 1249 1257
f 1256 1257 1264
f 1249 1251 1250
f 1257 1258 1259
f 1249 1252 1251
f 1257 1259 1260
f 1249 1253 1252
f 1257 1260 1261
f 1249 1254 1253
f 1257 1261 1262
f 1249 1255 1254
f 1257 1262 1263
f 1249 1256 1255
f 1257 1263 1264
f 1265 1266 1274
f 1265 1274 1273
f 1266 1267 1275
f 1266 1275 1274
f 1267 1268 1276
f 1267 1276 1275
f 1268 1269 1277
f 1268 1277 1276
f 1269 1270 1278
f 1269 1278 1277
f 1270 1271 1279
f 1270 1279 1278
f 1271 1272 1280
f 1271 1280 1279
f 1272 1265 1273
f 1272 1273 1280
f 1265 1267 1266
f 1273 1274 1275
f 1265 1268 1267
f 1273 1275 1276
f 1265 1269 1268
f 1273 1276 1277
f 1265 1270 1269
f 1273 1277 1278
f 1265 1271 1270
f 1273 1278 1279
f 1265 1272 1271
f 1273 1279 1280
f 1281 1282 1290
f 1281 1290 1289
f 1282 1283 1291
f 1282 1291 1290
f 1283 1284 1292
f 1283 1292 1291
f 1284 1285 1293
f 1284 1293 1292
f 1285 1286 1294
f 1285 1294 1293
f 1286 1287 1295
f 1286 1295 1294
f 1287 1288 1296
f 1287 1296 1295
f 1288 1281 1289
f 1288 1289 1296
f 1281 1283 1282
f 1289 1290 1291
f 1281 1284 1283
f 1289 1291 1292
f 1281 1285 1284
f 1289 1292 1293
f 1281 1286 1285
f 1289 1293 1294
f 1281 1287 1286
f 1289 1294 1295
f 1281 1288 1287
f 1289 1295 1296
f 1297 1298 1306
f 1297 1306 1305
f 1298 1299 1307
f 1298 1307 1306
f 1299 1300 1308
f 1299 1308 1307
f 1300 1301 1309
f 1300 1309 1308
f 1301 1302 1310
f 1301 1310 1309
f 1302 1303 1311
f 1302 1311 1310
f 1303 1304 1312
f 1303 1312 1311
f 1304 1297 1305
f 1304 1305 1312
f 1297 1299 1298
f 1305 1306 1307
f 1297 1300 1299
f 1305 1307 1308
f 1297 1301 1300
f 1305 1308 1309
f 1297 1302 1301
f 1305 1309 1310
f 1297 1303 1302
f 1305 1310 1311
f 1297 1304 1303
f 1305 1311 1312
f 1313 1314 1322
f 1313 1322 1321
f 1314 1315 1323
f 1314 1323 1322
f 1315 1316 1324
f 1315 1324 1323
f 1316 1317 1325
f 1316 1325 1324
f 1317 1318 1326
f 1317 1326 1325
f 1318 1319 1327
f 1318 1327 1326
f 1319 1320 1328
f 1319 1328 1327
f 1320 1313 1321
f 1320 1321 1328
f 1313 1315 1314
f 1321 1322 1323
f 1313 1316 1315
f 1321 1323 1324
f 1313 1317 1316
f 1321 1324 1325
f 1313 1318 1317
f 1321 1325 1326
f 1313 1319 1318
f 1321 1326 1327
f 1313 1320 1319
f 1321 1327 1328
f 1329 1330 1338
f 1329 1338 1337
f 1330 1331 1339
f 1330 1339 1338
f 1331 1332 1340
f 1331 1340 1339
f 1332 1333 1341
f 1332 1341 1340
f 1333 1334 1342
f 1333 1342 1341
f 1334 1335 1343
f 1334 1343 1342
f 1335 1336 1344
f 1335 1344 1343
f 1336 1329 1337
f 1336 1337 1344
f 1329 1331 1330
f 1337 1338 1339
f 1329 1332 1331
f 1337 1339 1340
f 1329 1333 1332
f 1337 1340 1341
f 1329 1334 1333
f 1337 1341 1342
f 1329 1335 1334
f 1337 1342 1343
f 1329 1336 1335
f 1337 1343 1344
f 1345 1346 1354
f 1345 1354 1353
f 1346 1347 1355
f 1346 1355 1354
f 1347 1348 1356
f 1347 1356 1355
f 1348 1349 1357
f 1348 1357 1356
f 1349 1350 1358
f 1349 1358 1357
f 1350 1351 1359
f 1350 1359 1358
f 1351 1352 1360
f 1351 1360 1359
f 1352 1345 1353
f 1352 1353 1360
f 1345 1347 1346
f 1353 1354 1355
f 1345 1348 1347
f 1353 1355 1356
f 1345 1349 1348
f 1353 1356 1357
f 1345 1350 1349
f 1353 1357 1358
f 1345 1351 1350
f 1353 1358 1359
f 1345 1352 1351
f 1353 1359 1360
f 1361 1362 1370
f 1361 1370 1369
f 1362 1363 1371
f 1362 1371 1370
f 1363 1364 1372
f 1363 1372 1371
f 1364 1365 1373
f 1364 1373 1372
f 1365 1366 1374
f 1365 1374 1373
f 1366 1367 1375
f 1366 1375 1374
f 1367 1368 1376
f 1367 1376 1375
f 1368 1361 1369
f 1368 1369 1376
f 1361 1363 1362
f 1369 1370 1371
f 1361 1364 1363
f 1369 1371 1372
f 1361 1365 1364
f 1369 1372 1373
f 1361 1366 1365
f 1369 1373 1374
f 1361 1367 1366
f 1369 1374 1375
f 1361 1368 1367
f 1369 1375 1376
f 1377 1378 1386
f 1377 1386 1385
f 1378 1379 1387
f 1378 1387 1386
f 1379 1380 1388
f 1379 1388 1387
f 1380 1381 1389
f 1380 1389 1388
f 1381 1382 1390
f 1381 1390 1389
f 1382 1383 1391
f 1382 1391 1390
f 1383 1384 1392
f 1383 1392 1391
f 1384 1377 1385
f 1384 1385 1392
f 1377 1379 1378
f 1385 1386 1387
f 1377 1380 1379
f 1385 1387 1388
f 1377 1381 1380
f 1385 1388 1389
f 1377 1382 1381
f 1385 1389 1390
f 1377 1383 1382
f 1385 1390 1391
f 1377 1384 1383
f 1385 1391 1392
f 1393 1394 1402
f 1393 1402 1401
f 1394 1395 1403
f 1394 1403 1402
f 1395 1396 1404
f 1395 1404 1403
f 1396 1397 1405
f 1396 1405 1404
f 1397 1398 1406
f 1397 1406 1405
f 1398 1399 1407
f 1398 1407 1406
f 1399 1400 1408
f 1399 1408 1407
f 1400 1393 1401
f 1400 1401 1408
f 1393 1395 1394
f 1401 1402 1403
f 1393 1396 1395
f 1401 1403 1404
f 1393 1397 1396
f 1401 1404 1405
f 1393 1398 1397
f 1401 1405 1406
f 1393 1399 1398
f 1401 1406 1407
f 1393 1400 1399
f 1401 1407 1408
f 1409 1410 1418
f 1409 1418 1417
f 1410 1411 1419
f 1410 1419 1418
f 1411 1412 1420
f 1411 1420 1419
f 1412 1413 1421
f 1412 1421 1420
f 1413 1414 1422
f 1413 1422 1421
f 1414 1415 1423
f 1414 1423 1422
f 1415 1416 1424
f 1415 1424 1423
f 1416 1409 1417
f 1416 1417 1424
f 1409 1411 1410
f 1417 1418 1419
f 1409 1412 1411
f 1417 1419 1420
f 1409 1413 1412
f 1417 1420 1421
f 1409 1414 1413
f 1417 1421 1422
f 1409 1415 1414
f 1417 1422 1423
f 1409 1416 1415
f 1417 1423 1424
f 1425 1426 1434
f 1425 1434 1433
f 1426 1427 1435
f 1426 1435 1434
f 1427 1428 1436
f 1427 1436 1435
f 1428 1429 1437
f 1428 1437 1436
f 1429 1430 1438
f 1429 1438 1437
f 1430 1431 1439
f 1430 1439 1438
f 1431 1432 1440
f 1431 1440 1439
f 1432 1425 1433
f 1432 1433 1440
f 1425 1427 1426
f 1433 1434 1435
f 1425 1428 1427
f 1433 1435 1436
f 1425 1429 1428
f 1433 1436 1437
f 1425 1430 1429
f 1433 1437 1438
f 1425 1431 1430
f 1433 1438 1439
f 1425 1432 1431
f 1433 1439 1440
f 1441 1442 1450
f 1441 1450 1449
f 1442 1443 1451
f 1442 1451 1450
f 1443 1444 1452
f 1443 1452 1451
f 1444 1445 1453
f 1444 1453 1452
f 1445 1446 1454
f 1445 1454 1453
f 1446 1447 1455
f 1446 1455 1454
f 1447 1448 1456
f 1447 1456 1455
f 1448 1441 1449
f 1448 1449 1456
f 1441 1443 1442
f 1449 1450 1451
f 1441 1444 1443
f 1449 1451 1452
f 1441 1445 1444
f 1449 1452 1453
f 1441 1446 1445
f 1449 1453 1454
f 1441 1447 1446
f 1449 1454 1455
f 1441 1448 1447
f 1449 1455 1456
f 1457 1458 1466
f 1457 1466 1465
f 1458 1459 1467
f 1458 1467 1466
f 1459 1460 1468
f 1459 1468 1467
f 1460 1461 1469
f 1460 1469 1468
f 1461 1462 1470
f 1461 1470 1469
f 1462 1463 1471
f 1462 1471 1470
f 1463 1464 1472
f 1463 1472 1471
f 1464 1457 1465
f 1464 1465 1472
f 1457 1459 1458
f 1465 1466 1467
f 1457 1460 1459
f 1465 1467 1468
f 1457 1461 1460
f 1465 1468 1469
f 1457 1462 1461
f 1465 1469 1470
f 1457 1463 1462
f 1465 1470 1471
f 1457 1464 1463
f 1465 1471 1472
f 1473 1474 1482
f 1473 1482 1481
f 1474 1475 1483
f 1474 1483 1482
f 1475 1476 1484
f 1475 1484 1483
f 1476 1477 1485
f 1476 1485 1484
f 1477 1478 1486
f 1477 1486 1485
f 1478 1479 1487
f 1478 1487 1486
f 1479 1480 1488
f 1479 1488 1487
f 1480 1473 1481
f 1480 1481 1488
f 1473 1475 1474
f 1481 1482 1483
f 1473 1476 1475
f 1481 1483 1484
f 1473 1477 1476
f 1481 1484 1485
f 1473 1478 1477
f 1481 1485 1486
f 1473 1479 1478
f 1481 1486 1487
f 1473 1480 1479
f 1481 1487 1488
f 1489 1490 1498
f 1489 1498 1497
f 1490 1491 1499
f 1490 1499 1498
f 1491 1492 1500
f 1491 1500 1499
f 1492 1493 1501
f 1492 1501 1500
f 1493 1494 1502
f 1493 1502 1501
f 1494 1495 1503
f 1494 1503 1502
f 1495 1496 1504
f 1495 1504 1503
f 1496 1489 1497
f 1496 1497 1504
f 1489 1491 1490
f 1497 1498 1499
f 1489 1492 1491
f 1497 1499 1500
f 1489 1493 1492
f 1497 1500 1501
f 1489 1494 1493
f 1497 1501 1502
f 1489 1495 1494
f 1497 1502 1503
f 1489 1496 1495
f 1497 1503 1504
f 1505 1506 1514
f 1505 1514 1513
f 1506 1507 1515
f 1506 1515 1514
f 1507 1508 1516
f 1507 1516 1515
f 1508 1509 1517
f 1508 1517 1516
f 1509 1510 1518
f 1509 1518 1517
f 1510 1511 1519
f 1510 1519 1518
f 1511 1512 1520
f 1511 1520 1519
f 1512 1505 1513
f 1512 1513 1520
f 1505 1507 1506
f 1513 1514 1515
f 1505 1508 1507
f 1513 1515 1516
f 1505 1509 1508
f 1513 1516 1517
f 1505 1510 1509
f 1513 1517 1518
f 1505 1511 1510
f 1513 1518 1519
f 1505 1512 1511
f 1513 1519 1520
f 1521 1522 1530
f 1521 1530 1529
f 1522 1523 1531
f 1522 1531 1530
f 1523 1524 1532
f 1523 1532 1531
f 1524 1525 1533
f 1524 1533 1532
f 1525 1526 1534
f 1525 1534 1533
f 1526 1527 1535
f 1526 1535 1534
f 1527 1528 1536
f 1527 1536 1535
f 1528 1521 1529
f 1528 1529 1536
f 1521 1523 1522
f 1529 1530 1531
f 1521 1524 1523
f 1529 1531 1532
f 1521 1525 1524
f 1529 1532 1533
f 1521 1526 1525
f 1529 1533 1534
f 1521 1527 1526
f 1529 1534 1535
f 1521 1528 1527
f 1529 1535 1536
f 1537 1538 1546
f 1537 1546 1545
f 1538 1539 1547
f 1538 1547 1546
f 1539 1540 1548
f 1539 1548 1547
f 1540 1541 1549
f 1540 1549 1548
f 1541 1542 1550
f 1541 1550 1549
f 1542 1543 1551
f 1542 1551 1550
f 1543 1544 1552
f 1543 1552 1551
f 1544 1537 1545
f 1544 1545 1552
f 1537 1539 1538
f 1545 1546 1547
f 1537 1540 1539
f 1545 1547 1548
f 1537 1541 1540
f 1545 1548 1549
f 1537 1542 1541
f 1545 1549 1550
f 1537 1543 1542
f 1545 1550 1551
f 1537 1544 1543
f 1545 1551 1552
f 1553 1554 1562
f 1553 1562 1561
f 1554 1555 1563
f 1554 1563 1562
f 1555 1556 1564
f 1555 1564 1563
f 1556 1557 1565
f 1556 1565 1564
f 1557 1558 1566
f 1557 1566 1565
f 1558 1559 1567
f 1558 1567 1566
f 1559 1560 1568
f 1559 1568 1567
f 1560 1553 1561
f 1560 1561 1568
f 1553 1555 1554
f 1561 1562 1563
f 1553 1556 1555
f 1561 1563 1564
f 1553 1557 1556
f 1561 1564 1565
f 1553 1558 1557
f 1561 1565 1566
f 1553 1559 1558
f 1561 1566 1567
f 1553 1560 1559
f 1561 1567 1568
f 1569 1570 1578
f 1569 1578 1577
f 1570 1571 1579
f 1570 1579 1578
f 1571 1572 1580
f 1571 1580 1579
f 1572 1573 1581
f 1572 1581 1580
f 1573 1574 1582
f 1573 1582 1581
f 1574 1575 1583
f 1574 1583 1582
f 1575 1576 1584
f 1575 1584 1583
f 1576 1569 1577
f 1576 1577 1584
f 1569 1571 1570
f 1577 1578 1579
f 1569 1572 1571
f 1577 1579 1580
f 1569 1573 1572
f 1577 1580 1581
f 1569 1574 1573
f 1577 1581 1582
f 1569 1575 1574
f 1577 1582 1583
f 1569 1576 1575
f 1577 1583 1584
f 1585 1586 1594
f 1585 1594 1593
f 1586 1587 1595
f 1586 1595 1594
f 1587 1588 1596
f 1587 1596 1595
f 1588 1589 1597
f 1588 1597 1596
f 1589 1590 1598
f 1589 1598 1597
f 1590 1591 1599
f 1590 1599 1598
f 1591 1592 1600
f 1591 1600 1599
f 1592 1585 1593
f 1592 1593 1600
f 1585 1587 1586
f 1593 1594 1595
f 1585 1588 1587
f 1593 1595 1596
f 1585 1589 1588
f 1593 1596 1597
f 1585 1590 1589
f 1593 1597 1598
f 1585 1591 1590
f 1593 1598 1599
f 1585 1592 1591
f 1593 1599 1600
f 1601 1602 1610
f 1601 1610 1609
f 1602 1603 1611
f 1602 1611 1610
f 1603 1604 1612
f 1603 1612 1611
f 1604 1605 1613
f 1604 1613 1612
f 1605 1606 1614
f 1605 1614 1613
f 1606 1607 1615
f 1606 1615 1614
f 1607 1608 1616
f 1607 1616 1615
f 1608 1601 1609
f 1608 1609 1616
f 1601 1603 1602
f 1609 1610 1611
f 1601 1604 1603
f 1609 1611 1612
f 1601 1605 1604
f 1609 1612 1613
f 1601 1606 1605
f 1609 1613 1614
f 1601 1607 1606
f 1609 1614 1615
f 1601 1608 1607
f 1609 1615 1616
f 1617 1618 1626
f 1617 1626 1625
f 1618 1619 1627
f 1618 1627 1626
f 1619 1620 1628
f 1619 1628 1627
f 1620 1621 1629
f 1620 1629 1628
f 1621 1622 1630
f 1621 1630 1629
f 1622 1623 1631
f 1622 1631 1630
f 1623 1624 1632
f 1623 1632 1631
f 1624 1617 1625
f 1624 1625 1632
f 1617 1619 1618
f 1625 1626 1627
f 1617 1620 1619
f 1625 1627 1628
f 1617 1621 1620
f 1625 1628 1629
f 1617 1622 1621
f 1625 1629 1630
f 1617 1623 1622
f 1625 1630 1631
f 1617 1624 1623
f 1625 1631 1632
f 1633 1634 1642
f 1633 1642 1641
f 1634 1635 1643
f 1634 1643 1642
f 1635 1636 1644
f 1635 1644 1643
f 1636 1637 1645
f 1636 1645 1644
f 1637 1638 1646
f 1637 1646 1645
f 1638 1639 1647
f 1638 1647 1646
f 1639 1640 1648
f 1639 1648 1647
f 1640 1633 1641
f 1640 1641 1648
f 1633 1635 1634
f 1641 1642 1643
f 1633 1636 1635
f 1641 1643 1644
f 1633 1637 1636
f 1641 1644 1645
f 1633 1638 1637
f 1641 1645 1646
f 1633 1639 1638
f 1641 1646 1647
f 1633 1640 1639
f 1641 1647 1648
f 1649 1650 1658
f 1649 1658 1657
f 1650 1651 1659
f 1650 1659 1658
f 1651 1652 1660
f 1651 1660 1659
f 1652 1653 1661
f 1652 1661 1660
f 1653 1654 1662
f 1653 1662 1661
f 1654 1655 1663
f 1654 1663 1662
f 1655 1656 1664
f 1655 1664 1663
f 1656 1649 1657
f 1656 1657 1664
f 1649 1651 1650
f 1657 1658 1659
f 1649 1652 1651
f 1657 1659 1660
f 1649 1653 1652
f 1657 1660 1661
f 1649 1654 1653
f 1657 1661 1662
f 1649 1655 1654
f 1657 1662 1663
f 1649 1656 1655
f 1657 1663 1664
f 1665 1666 1674
f 1665 1674 1673
f 1666 1667 1675
f 1666 1675 1674
f 1667 1668 1676
f 1667 1676 1675
f 1668 1669 1677
f 1668 1677 1676
f 1669 1670 1678
f 1669 1678 1677
f 1670 1671 1679
f 1670 1679 1678
f 1671 1672 1680
f 1671 1680 1679
f 1672 1665 1673
f 1672 1673 1680
f 1665 1667 1666
f 1673 1674 1675
f 1665 1668 1667
f 1673 1675 1676
f 1665 1669 1668
f 1673 1676 1677
f 1665 1670 1669
f 1673 1677 1678
f 1665 1671 1670
f 1673 1678 1679
f 1665 1672 1671
f 1673 1679 1680
f 1681 1682 1690
f 1681 1690 1689
f 1682 1683 1691
f 1682 1691 1690
f 1683 1684 1692
f 1683 1692 1691
f 1684 1685 1693
f 1684 1693 1692
f 1685 1686 1694
f 1685 1694 1693
f 1686 1687 1695
f 1686 1695 1694
f 1687 1688 1696
f 1687 1696 1695
f 1688 1681 1689
f 1688 1689 1696
f 1681 1683 1682
f 1689 1690 1691
f 1681 1684 1683
f 1689 1691 1692
f 1681 1685 1684
f 1689 1692 1693
f 1681 1686 1685
f 1689 1693 1694
f 1681 1687 1686
f 1689 1694 1695
f 1681 1688 1687
f 1689 1695 1696
f 1697 1698 1706
f 1697 1706 1705
f 1698 1699 1707
f 1698 1707 1706
f 1699 1700 1708
f 1699 1708 1707
f 1700 1701 1709
f 1700 1709 1708
f 1701 1702 1710
f 1701 1710 1709
f 1702 1703 1711
f 1702 1711 1710
f 1703 1704 1712
f 1703 1712 1711
f 1704 1697 1705
f 1704 1705 1712
f 1697 1699 1698
f 1705 1706 1707
f 1697 1700 1699
f 1705 1707 1708
f 1697 1701 1700
f 1705 1708 1709
f 1697 1702 1701
f 1705 1709 1710
f 1697 1703 1702
f 1705 1710 1711
f 1697 1704 1703
f 1705 1711 1712
f 1713 1714 1722
f 1713 1722 1721
f 1714 1715 1723
f 1714 1723 1722
f 1715 1716 1724
f 1715 1724 1723
f 1716 1717 1725
f 1716 1725 1724
f 1717 1718 1726
f 1717 1726 1725
f 1718 1719 1727
f 1718 1727 1726
f 1719 1720 1728
f 1719 1728 1727
f 1720 1713 1721
f 1720 1721 1728
f 1713 1715 1714
f 1721 1722 1723
f 1713 1716 1715
f 1721 1723 1724
f 1713 1717 1716
f 1721 1724 1725
f 1713 1718 1717
f 1721 1725 1726
f 1713 1719 1718
f 1721 1726 1727
f 1713 1720 1719
f 1721 1727 1728
f 1729 1730 1738
f 1729 1738 1737
f 1730 1731 1739
f 1730 1739 1738
f 1731 1732 1740
f 1731 1740 1739
f 1732 1733 1741
f 1732 1741 1740
f 1733 1734 1742
f 1733 1742 1741
f 1734 1735 1743
f 1734 1743 1742
f 1735 1736 1744
f 1735 1744 1743
f 1736 1729 1737
f 1736 1737 1744
f 1729 1731 1730
f 1737 1738 1739
f 1729 1732 1731
f 1737 1739 1740
f 1729 1733 1732
f 1737 1740 1741
f 1729 1734 1733
f 1737 1741 1742
f 1729 1735 1734
f 1737 1742 1743
f 1729 1736 1735
f 1737 1743 1744
f 1745 1746 1754
f 1745 1754 1753
f 1746 1747 1755
f 1746 1755 1754
f 1747 1748 1756
f 1747 1756 1755
f 1748 1749 1757
f 1748 1757 1756
f 1749 1750 1758
f 1749 1758 1757
f 1750 1751 1759
f 1750 1759 1758
f 1751 1752 1760
f 1751 1760 1759
f 1752 1745 1753
f 1752 1753 1760
f 1745 1747 1746
f 1753 1754 1755
f 1745 1748 1747
f 1753 1755 1756
f 1745 1749 1748
f 1753 1756 1757
f 1745 1750 1749
f 1753 1757 1758
f 1745 1751 1750
f 1753 1758 1759
f 1745 1752 1751
f 1753 1759 1760
f 1761 1762 1770
f 1761 1770 1769
f 1762 1763 1771
f 1762 1771 1770
f 1763 1764 1772
f 1763 1772 1771
f 1764 1765 1773
f 1764 1773 1772
f 1765 1766 1774
f 1765 1774 1773
f 1766 1767 1775
f 1766 1775 1774
f 1767 1768 1776
f 1767 1776 1775
f 1768 1761 1769
f 1768 1769 1776
f 1761 1763 1762
f 1769 1770 1771
f 1761 1764 1763
f 1769 1771 1772
f 1761 1765 1764
f 1769 1772 1773
f 1761 1766 1765
f 1769 1773 1774
f 1761 1767 1766
f 1769 1774 1775
f 1761 1768 1767
f 1769 1775 1776
f 1777 1778 1786
f 1777 1786 1785
f 1778 1779 1787
f 1778 1787 1786
f 1779 1780 1788
f 1779 1788 1787
f 1780 1781 1789
f 1780 1789 1788
f 1781 1782 1790
f 1781 1790 1789
f 1782 1783 1791
f 1782 1791 1790
f 1783 1784 1792
f 1783 1792 1791
f 1784 1777 1785
f 1784 1785 1792
f 1777 1779 1778
f 1785 1786 1787
f 1777 1780 1779
f 1785 1787 1788
f 1777 1781 1780
f 1785 1788 1789
f 1777 1782 1781
f 1785 1789 1790
f 1777 1783 1782
f 1785 1790 1791
f 1777 1784 1783
f 1785 1791 1792
f 1793 1794 1802
f 1793 1802 1801
f 1794 1795 1803
f 1794 1803 1802
f 1795 1796 1804
f 1795 1804 1803
f 1796 1797 1805
f 1796 1805 1804
f 1797 1798 1806
f 1797 1806 1805
f 1798 1799 1807
f 1798 1807 1806
f 1799 1800 1808
f 1799 1808 1807
f 1800 1793 1801
f 1800 1801 1808
f 1793 1795 1794
f 1801 1802 1803
f 1793 1796 1795
f 1801 1803 1804
f 1793 1797 1796
f 1801 1804 1805
f 1793 1798 1797
f 1801 1805 1806
f 1793 1799 1798
f 1801 1806 1807
f 1793 1800 1799
f 1801 1807 1808
f 1809 1810 1818
f 1809 1818 1817
f 1810 1811 1819
f 1810 1819 1818
f 1811 1812 1820
f 1811 1820 1819
f 1812 1813 1821
f 1812 1821 1820
f 1813 1814 1822
f 1813 1822 1821
f 1814 1815 1823
f 1814 1823 1822
f 1815 1816 1824
f 1815 1824 1823
f 1816 1809 1817
f 1816 1817 1824
f 1809 1811 1810
f 1817 1818 1819
f 1809 1812 1811
f 1817 1819 1820
f 1809 1813 1812
f 1817 1820 1821
f 1809 1814 1813
f 1817 1821 1822
f 1809 1815 1814
f 1817 1822 1823
f 1809 1816 1815
f 1817 1823 1824
f 1825 1826 1834
f 1825 1834 1833
f 1826 1827 1835
f 1826 1835 1834
f 1827 1828 1836
f 1827 1836 1835
f 1828 1829 1837
f 1828 1837 1836
f 1829 1830 1838
f 1829 1838 1837
f 1830 1831 1839
f 1830 1839 1838
f 1831 1832 1840
f 1831 1840 1839
f 1832 1825 1833
f 1832 1833 1840
f 1825 1827 1826
f 1833 1834 1835
f 1825 1828 1827
f 1833 1835 1836
f 1825 1829 1828
f 1833 1836 1837
f 1825 1830 1829
f 1833 1837 1838
f 1825 1831 1830
f 1833 1838 1839
f 1825 1832 1831
f 1833 1839 1840
f 1841 1842 1850
f 1841 1850 1849
f 1842 1843 1851
f 1842 1851 1850
f 1843 1844 1852
f 1843 1852 1851
f 1844 1845 1853
f 1844 1853 1852
f 1845 1846 1854
f 1845 1854 1853
f 1846 1847 1855
f 1846 1855 1854
f 1847 1848 1856
f 1847 1856 1855
f 1848 1841 1849
f 1848 1849 1856
f 1841 1843 1842
f 1849 1850 1851
f 1841 1844 1843
f 1849 1851 1852
f 1841 1845 1844
f 1849 1852 1853
f 1841 1846 1845
f 1849 1853 1854
f 1841 1847 1846
f 1849 1854 1855
f 1841 1848 1847
f 1849 1855 1856
f 1857 1858 1866
f 1857 1866 1865
f 1858 1859 1867
f 1858 1867 1866
f 1859 1860 1868
f 1859 1868 1867
f 1860 1861 1869
f 1860 1869 1868
f 1861 1862 1870
f 1861 1870 1869
f 1862 1863 1871
f 1862 1871 1870
f 1863 1864 1872
f 1863 1872 1871
f 1864 1857 1865
f 1864 1865 1872
f 1857 1859 1858
f 1865 1866 1867
f 1857 1860 1859
f 1865 1867 1868
f 1857 1861 1860
f 1865 1868 1869
f 1857 1862 1861
f 1865 1869 1870
f 1857 1863 1862
f 1865 1870 1871
f 1857 1864 1863
f 1865 1871 1872
f 1873 1874 1882
f 1873 1882 1881
f 1874 1875 1883
f 1874 1883 1882
f 1875 1876 1884
f 1875 1884 1883
f 1876 1877 1885
f 1876 1885 1884
f 1877 1878 1886
f 1877 1886 1885
f 1878 1879 1887
f 1878 1887 1886
f 1879 1880 1888
f 1879 1888 1887
f 1880 1873 1881
f 1880 1881 1888
f 1873 1875 1874
f 1881 1882 1883
f 1873 1876 1875
f 1881 1883 1884
f 1873 1877 1876
f 1881 1884 1885
f 1873 1878 1877
f 1881 1885 1886
f 1873 1879 1878
f 1881 1886 1887
f 1873 1880 1879
f 1881 1887 1888
f 1889 1890 1898
f 1889 1898 1897
f 1890 1891 1899
f 1890 1899 1898
f 1891 1892 1900
f 1891 1900 1899
f 1892 1893 1901
f 1892 1901 1900
f 1893 1894 1902
f 1893 1902 1901
f 1894 1895 1903
f 1894 1903 1902
f 1895 1896 1904
f 1895 1904 1903
f 1896 1889 1897
f 1896 1897 1904
f 1889 1891 1890
f 1897 1898 1899
f 1889 1892 1891
f 1897 1899 1900
f 1889 1893 1892
f 1897 1900 1901
f 1889 1894 1893
f 1897 1901 1902
f 1889 1895 1894
f 1897 1902 1903
f 1889 1896 1895
f 1897 1903 1904
f 1905 1906 1914
f 1905 1914 1913
f 1906 1907 1915
f 1906 1915 1914
f 1907 1908 1916
f 1907 1916 1915
f 1908 1909 1917
f 1908 1917 1916
f 1909 1910 1918
f 1909 1918 1917
f 1910 1911 1919
f 1910 1919 1918
f 1911 1912 1920
f 1911 1920 1919
f 1912 1905 1913
f 1912 1913 1920
f 1905 1907 1906
f 1913 1914 1915
f 1905 1908 1907
f 1913 1915 1916
f 1905 1909 1908
f 1913 1916 1917
f 1905 1910 1909
f 1913 1917 1918
f 1905 1911 1910
f 1913 1918 1919
f 1905 1912 1911
f 1913 1919 1920
f 1921 1922 1930
f 1921 1930 1929
f 1922 1923 1931
f 1922 1931 1930
f 1923 1924 1932
f 1923 1932 1931
f 1924 1925 1933
f 1924 1933 1932
f 1925 1926 1934
f 1925 1934 1933
f 1926 1927 1935
f 1926 1935 1934
f 1927 1928 1936
f 1927 1936 1935
f 1928 1921 1929
f 1928 1929 1936
f 1921 1923 1922
f 1929 1930 1931
f 1921 1924 1923
f 1929 1931 1932
f 1921 1925 1924
f 1929 1932 1933
f 1921 1926 1925
f 1929 1933 1934
f 1921 1927 1926
f 1929 1934 1935
f 1921 1928 1927
f 1929 1935 1936
f 1937 1938 1946
f 1937 1946 1945
f 1938 1939 1947
f 1938 1947 1946
f 1939 1940 1948
f 1939 1948 1947
f 1940 1941 1949
f 1940 1949 1948
f 1941 1942 1950
f 1941 1950 1949
f 1942 1943 1951
f 1942 1951 1950
f 1943 1944 1952
f 1943 1952 1951
f 1944 1937 1945
f 1944 1945 1952
f 1937 1939 1938
f 1945 1946 1947
f 1937 1940 1939
f 1945 1947 1948
f 1937 1941 1940
f 1945 1948 1949
f 1937 1942 1941
f 1945 1949 1950
f 1937 1943 1942
f 1945 1950 1951
f 1937 1944 1943
f 1945 1951 1952
f 1953 1954 1962
f 1953 1962 1961
f 1954 1955 1963
f 1954 1963 1962
f 1955 1956 1964
f 1955 1964 1963
f 1956 1957 1965
f 1956 1965 1964
f 1957 1958 1966
f 1957 1966 1965
f 1958 1959 1967
f 1958 1967 1966
f 1959 1960 1968
f 1959 1968 1967
f 1960 1953 1961
f 1960 1961 1968
f 1953 1955 1954
f 1961 1962 1963
f 1953 1956 1955
f 1961 1963 1964
f 1953 1957 1956
f 1961 1964 1965
f 1953 1958 1957
f 1961 1965 1966
f 1953 1959 1958
f 1961 1966 1967
f 1953 1960 1959
f 1961 1967 1968
f 1969 1970 1978
f 1969 1978 1977
f 1970 1971 1979
f 1970 1979 1978
f 1971 1972 1980
f 1971 1980 1979
f 1972 1973 1981
f 1972 1981 1980
f 1973 1974 1982
f 1973 1982 1981
f 1974 1975 1983
f 1974 1983 1982
f 1975 1976 1984
f 1975 1984 1983
f 1976 1969 1977
f 1976 1977 1984
f 1969 1971 1970
f 1977 1978 1979
f 1969 1972 1971
f 1977 1979 1980
f 1969 1973 1972
f 1977 1980 1981
f 1969 1974 1973
f 1977 1981 1982
f 1969 1975 1974
f 1977 1982 1983
f 1969 1976 1975
f 1977 1983 1984
f 1985 1986 1994
f 1985 1994 1993
f 1986 1987 1995
f 1986 1995 1994
f 1987 1988 1996
f 1987 1996 1995
f 1988 1989 1997
f 1988 1997 1996
f 1989 1990 1998
f 1989 1998 1997
f 1990 1991 1999
f 1990 1999 1998
f 1991 1992 2000
f 1991 2000 1999
f 1992 1985 1993
f 1992 1993 2000
f 1985 1987 1986
f 1993 1994 1995
f 1985 1988 1987
f 1993 1995 1996
f 1985 1989 1988
f 1993 1996 1997
f 1985 1990 1989
f 1993 1997 1998
f 1985 1991 1990
f 1993 1998 1999
f 1985 1992 1991
f 1993 1999 2000
f 2001 2002 2010
f 2001 2010 2009
f 2002 2003 2011
f 2002 2011 2010
f 2003 2004 2012
f 2003 2012 2011
f 2004 2005 2013
f 2004 2013 2012
f 2005 2006 2014
f 2005 2014 2013
f 2006 2007 2015
f 2006 2015 2014
f 2007 2008 2016
f 2007 2016 2015
f 2008 2001 2009
f 2008 2009 2016
f 2001 2003 2002
f 2009 2010 2011
f 2001 2004 2003
f 2009 2011 2012
f 2001 2005 2004
f 2009 2012 2013
f 2001 2006 2005
f 2009 2013 2014
f 2001 2007 2006
f 2009 2014 2015
f 2001 2008 2007
f 2009 2015 2016
f 2017 2018 2026
f 2017 2026 2025
f 2018 2019 2027
f 2018 2027 2026
f 2019 2020 2028
f 2019 2028 2027
f 2020 2021 2029
f 2020 2029 2028
f 2021 2022 2030
f 2021 2030 2029
f 2022 2023 2031
f 2022 2031 2030
f 2023 2024 2032
f 2023 2032 2031
f 2024 2017 2025
f 2024 2025 2032
f 2017 2019 2018
f 2025 2026 2027
f 2017 2020 2019
f 2025 2027 2028
f 2017 2021 2020
f 2025 2028 2029
f 2017 2022 2021
f 2025 2029 2030
f 2017 2023 2022
f 2025 2030 2031
f 2017 2024 2023
f 2025 2031 2032
f 2033 2034 2042
f 2033 2042 2041
f 2034 2035 2043
f 2034 2043 2042
f 2035 2036 2044
f 2035 2044 2043
f 2036 2037 2045
f 2036 2045 2044
f 2037 2038 2046
f 2037 2046 2045
f 2038 2039 2047
f 2038 2047 2046
f 2039 2040 2048
f 2039 2048 2047
f 2040 2033 2041
f 2040 2041 2048
f 2033 2035 2034
f 2041 2042 2043
f 2033 2036 2035
f 2041 2043 2044
f 2033 2037 2036
f 2041 2044 2045
f 2033 2038 2037
f 2041 2045 2046
f 2033 2039 2038
f 2041 2046 2047
f 2033 2040 2039
f 2041 2047 2048
f 2049 2050 2058
f 2049 2058 2057
f 2050 2051 2059
f 2050 2059 2058
f 2051 2052 2060
f 2051 2060 2059
f 2052 2053 2061
f 2052 2061 2060
f 2053 2054 2062
f 2053 2062 2061
f 2054 2055 2063
f 2054 2063 2062
f 2055 2056 2064
f 2055 2064 2063
f 2056 2049 2057
f 2056 2057 2064
f 2049 2051 2050
f 2057 2058 2059
f 2049 2052 2051
f 2057 2059 2060
f 2049 2053 2052
f 2057 2060 2061
f 2049 2054 2053
f 2057 2061 2062
f 2049 2055 2054
f 2057 2062 2063
f 2049 2056 2055
f 2057 2063 2064
f 2065 2066 2074
f 2065 2074 2073
f 2066 2067 2075
f 2066 2075 2074
f 2067 2068 2076
f 2067 2076 2075
f 2068 2069 2077
f 2068 2077 2076
f 2069 2070 2078
f 2069 2078 2077
f 2070 2071 2079
f 2070 2079 2078
f 2071 2072 2080
f 2071 2080 2079
f 2072 2065 2073
f 2072 2073 2080
f 2065 2067 2066
f 2073 2074 2075
f 2065 2068 2067
f 2073 2075 2076
f 2065 2069 2068
f 2073 2076 2077
f 2065 2070 2069
f 2073 2077 2078
f 2065 2071 2070
f 2073 2078 2079
f 2065 2072 2071
f 2073 2079 2080
f 2081 2082 2090
f 2081 2090 2089
f 2082 2083 2091
f 2082 2091 2090
f 2083 2084 2092
f 2083 2092 2091
f 2084 2085 2093
f 2084 2093 2092
f 2085 2086 2094
f 2085 2094 2093
f 2086 2087 2095
f 2086 2095 2094
f 2087 2088 2096
f 2087 2096 2095
f 2088 2081 2089
f 2088 2089 2096
f 2081 2083 2082
f 2089 2090 2091
f 2081 2084 2083
f 2089 2091 2092
f 2081 2085 2084
f 2089 2092 2093
f 2081 2086 2085
f 2089 2093 2094
f 2081 2087 2086
f 2089 2094 2095
f 2081 2088 2087
f 2089 2095 2096
f 2097 2098 2106
f 2097 2106 2105
f 2098 2099 2107
f 2098 2107 2106
f 2099 2100 2108
f 2099 2108 2107
f 2100 2101 2109
f 2100 2109 2108
f 2101 2102 2110
f 2101 2110 2109
f 2102 2103 2111
f 2102 2111 2110
f 2103 2104 2112
f 2103 2112 2111
f 2104 2097 2105
f 2104 2105 2112
f 2097 2099 2098
f 2105 2106 2107
f 2097 2100 2099
f 2105 2107 2108
f 2097 2101 2100
f 2105 2108 2109
f 2097 2102 2101
f 2105 2109 2110
f 2097 2103 2102
f 2105 2110 2111
f 2097 2104 2103
f 2105 2111 2112
f 2113 2114 2122
f 2113 2122 2121
f 2114 2115 2123
f 2114 2123 2122
f 2115 2116 2124
f 2115 2124 2123
f 2116 2117 2125
f 2116 2125 2124
f 2117 2118 2126
f 2117 2126 2125
f 2118 2119 2127
f 2118 2127 2126
f 2119 2120 2128
f 2119 2128 2127
f 2120 2113 2121
f 2120 2121 2128
f 2113 2115 2114
f 2121 2122 2123
f 2113 2116 2115
f 2121 2123 2124
f 2113 2117 2116
f 2121 2124 2125
f 2113 2118 2117
f 2121 2125 2126
f 2113 2119 2118
f 2121 2126 2127
f 2113 2120 2119
f 2121 2127 2128
f 2129 2130 2138
f 2129 2138 2137
f 2130 2131 2139
f 2130 2139 2138
f 2131 2132 2140
f 2131 2140 2139
f 2132 2133 2141
f 2132 2141 2140
f 2133 2134 2142
f 2133 2142 2141
f 2134 2135 2143
f 2134 2143 2142
f 2135 2136 2144
f 2135 2144 2143
f 2136 2129 2137
f 2136 2137 2144
f 2129 2131 2130
f 2137 2138 2139
f 2129 2132 2131
f 2137 2139 2140
f 2129 2133 2132
f 2137 2140 2141
f 2129 2134 2133
f 2137 2141 2142
f 2129 2135 2134
f 2137 2142 2143
f 2129 2136 2135
f 2137 2143 2144
f 2145 2146 2154
f 2145 2154 2153
f 2146 2147 2155
f 2146 2155 2154
f 2147 2148 2156
f 2147 2156 2155
f 2148 2149 2157
f 2148 2157 2156
f 2149 2150 2158
f 2149 2158 2157
f 2150 2151 2159
f 2150 2159 2158
f 2151 2152 2160
f 2151 2160 2159
f 2152 2145 2153
f 2152 2153 2160
f 2145 2147 2146
f 2153 2154 2155
f 2145 2148 2147
f 2153 2155 2156
f 2145 2149 2148
f 2153 2156 2157
f 2145 2150 2149
f 2153 2157 2158
f 2145 2151 2150
f 2153 2158 2159
f 2145 2152 2151
f 2153 2159 2160
f 2161 2162 2170
f 2161 2170 2169
f 2162 2163 2171
f 2162 2171 2170
f 2163 2164 2172
f 2163 2172 2171
f 2164 2165 2173
f 2164 2173 2172
f 2165 2166 2174
f 2165 2174 2173
f 2166 2167 2175
f 2166 2175 2174
f 2167 2168 2176
f 2167 2176 2175
f 2168 2161 2169
f 2168 2169 2176
f 2161 2163 2162
f 2169 2170 2171
f 2161 2164 2163
f 2169 2171 2172
f 2161 2165 2164
f 2169 2172 2173
f 2161 2166 2165
f 2169 2173 2174
f 2161 2167 2166
f 2169 2174 2175
f 2161 2168 2167
f 2169 2175 2176
f 2177 2178 2186
f 2177 2186 2185
f 2178 2179 2187
f 2178 2187 2186
f 2179 2180 2188
f 2179 2188 2187
f 2180 2181 2189
f 2180 2189 2188
f 2181 2182 2190
f 2181 2190 2189
f 2182 2183 2191
f 2182 2191 2190
f 2183 2184 2192
f 2183 2192 2191
f 2184 2177 2185
f 2184 2185 2192
f 2177 2179 2178
f 2185 2186 2187
f 2177 2180 2179
f 2185 2187 2188
f 2177 2181 2180
f 2185 2188 2189
f 2177 2182 2181
f 2185 2189 2190
f 2177 2183 2182
f 2185 2190 2191
f 2177 2184 2183
f 2185 2191 2192
f 2193 2194 2202
f 2193 2202 2201
f 2194 2195 2203
f 2194 2203 2202
f 2195 2196 2204
f 2195 2204 2203
f 2196 2197 2205
f 2196 2205 2204
f 2197 2198 2206
f 2197 2206 2205
f 2198 2199 2207
f 2198 2207 2206
f 2199 2200 2208
f 2199 2208 2207
f 2200 2193 2201
f 2200 2201 2208
f 2193 2195 2194
f 2201 2202 2203
f 2193 2196 2195
f 2201 2203 2204
f 2193 2197 2196
f 2201 2204 2205
f 2193 2198 2197
f 2201 2205 2206
f 2193 2199 2198
f 2201 2206 2207
f 2193 2200 2199
f 2201 2207 2208
f 2209 2210 2218
f 2209 2218 2217
f 2210 2211 2219
f 2210 2219 2218
f 2211 2212 2220
f 2211 2220 2219
f 2212 2213 2221
f 2212 2221 2220
f 2213 2214 2222
f 2213 2222 2221
f 2214 2215 2223
f 2214 2223 2222
f 2215 2216 2224
f 2215 2224 2223
f 2216 2209 2217
f 2216 2217 2224
f 2209 2211 2210
f 2217 2218 2219
f 2209 2212 2211
f 2217 2219 2220
f 2209 2213 2212
f 2217 2220 2221
f 2209 2214 2213
f 2217 2221 2222
f 2209 2215 2214
f 2217 2222 2223
f 2209 2216 2215
f 2217 2223 2224
f 2225 2226 2234
f 2225 2234 2233
f 2226 2227 2235
f 2226 2235 2234
f 2227 2228 2236
f 2227 2236 2235
f 2228 2229 2237
f 2228 2237 2236
f 2229 2230 2238
f 2229 2238 2237
f 2230 2231 2239
f 2230 2239 2238
f 2231 2232 2240
f 2231 2240 2239
f 2232 2225 2233
f 2232 2233 2240
f 2225 2227 2226
f 2233 2234 2235
f 2225 2228 2227
f 2233 2235 2236
f 2225 2229 2228
f 2233 2236 2237
f 2225 2230 2229
f 2233 2237 2238
f 2225 2231 2230
f 2233 2238 2239
f 2225 2232 2231
f 2233 2239 2240
f 2241 2242 2250
f 2241 2250 2249
f 2242 2243 2251
f 2242 2251 2250
f 2243 2244 2252
f 2243 2252 2251
f 2244 2245 2253
f 2244 2253 2252
f 2245 2246 2254
f 2245 2254 2253
f 2246 2247 2255
f 2246 2255 2254
f 2247 2248 2256
f 2247 2256 2255
f 2248 2241 2249
f 2248 2249 2256
f 2241 2243 2242
f 2249 2250 2251
f 2241 2244 2243
f 2249 2251 2252
f 2241 2245 2244
f 2249 2252 2253
f 2241 2246 2245
f 2249 2253 2254
f 2241 2247 2246
f 2249 2254 2255
f 2241 2248 2247
f 2249 2255 2256
f 2257 2258 2266
f 2257 2266 2265
f 2258 2259 2267
f 2258 2267 2266
f 2259 2260 2268
f 2259 2268 2267
f 2260 2261 2269
f 2260 2269 2268
f 2261 2262 2270
f 2261 2270 2269
f 2262 2263 2271
f 2262 2271 2270
f 2263 2264 2272
f 2263 2272 2271
f 2264 2257 2265
f 2264 2265 2272
f 2257 2259 2258
f 2265 2266 2267
f 2257 2260 2259
f 2265 2267 2268
f 2257 2261 2260
f 2265 2268 2269
f 2257 2262 2261
f 2265 2269 2270
f 2257 2263 2262
f 2265 2270 2271
f 2257 2264 2263
f 2265 2271 2272
f 2273 2274 2282
f 2273 2282 2281
f 2274 2275 2283
f 2274 2283 2282
f 2275 2276 2284
f 2275 2284 2283
f 2276 2277 2285
f 2276 2285 2284
f 2277 2278 2286
f 2277 2286 2285
f 2278 2279 2287
f 2278 2287 2286
f 2279 2280 2288
f 2279 2288 2287
f 2280 2273 2281
f 2280 2281 2288
f 2273 2275 2274
f 2281 2282 2283
f 2273 2276 2275
f 2281 2283 2284
f 2273 2277 2276
f 2281 2284 2285
f 2273 2278 2277
f 2281 2285 2286
f 2273 2279 2278
f 2281 2286 2287
f 2273 2280 2279
f 2281 2287 2288
f 2289 2290 2298
f 2289 2298 2297
f 2290 2291 2299
f 2290 2299 2298
f 2291 2292 2300
f 2291 2300 2299
f 2292 2293 2301
f 2292 2301 2300
f 2293 2294 2302
f 2293 2302 2301
f 2294 2295 2303
f 2294 2303 2302
f 2295 2296 2304
f 2295 2304 2303
f 2296 2289 2297
f 2296 2297 2304
f 2289 2291 2290
f 2297 2298 2299
f 2289 2292 2291
f 2297 2299 2300
f 2289 2293 2292
f 2297 2300 2301
f 2289 2294 2293
f 2297 2301 2302
f 2289 2295 2294
f 2297 2302 2303
f 2289 2296 2295
f 2297 2303 2304
f 2305 2306 2314
f 2305 2314 2313
f 2306 2307 2315
f 2306 2315 2314
f 2307 2308 2316
f 2307 2316 2315
f 2308 2309 2317
f 2308 2317 2316
f 2309 2310 2318
f 2309 2318 2317
f 2310 2311 2319
f 2310 2319 2318
f 2311 2312 2320
f 2311 2320 2319
f 2312 2305 2313
f 2312 2313 2320
f 2305 2307 2306
f 2313 2314 2315
f 2305 2308 2307
f 2313 2315 2316
f 2305 2309 2308
f 2313 2316 2317
f 2305 2310 2309
f 2313 2317 2318
f 2305 2311 2310
f 2313 2318 2319
f 2305 2312 2311
f 2313 2319 2320
f 2321 2322 2330
f 2321 2330 2329
f 2322 2323 2331
f 2322 2331 2330
f 2323 2324 2332
f 2323 2332 2331
f 2324 2325 2333
f 2324 2333 2332
f 2325 2326 2334
f 2325 2334 2333
f 2326 2327 2335
f 2326 2335 2334
f 2327 2328 2336
f 2327 2336 2335
f 2328 2321 2329
f 2328 2329 2336
f 2321 2323 2322
f 2329 2330 2331
f 2321 2324 2323
f 2329 2331 2332
f 2321 2325 2324
f 2329 2332 2333
f 2321 2326 2325
f 2329 2333 2334
f 2321 2327 2326
f 2329 2334 2335
f 2321 2328 2327
f 2329 2335 2336
f 2337 2338 2346
f 2337 2346 2345
f 2338 2339 2347
f 2338 2347 2346
f 2339 2340 2348
f 2339 2348 2347
f 2340 2341 2349
f 2340 2349 2348
f 2341 2342 2350
f 2341 2350 2349
f 2342 2343 2351
f 2342 2351 2350
f 2343 2344 2352
f 2343 2352 2351
f 2344 2337 2345
f 2344 2345 2352
f 2337 2339 2338
f 2345 2346 2347
f 2337 2340 2339
f 2345 2347 2348
f 2337 2341 2340
f 2345 2348 2349
f 2337 2342 2341
f 2345 2349 2350
f 2337 2343 2342
f 2345 2350 2351
f 2337 2344 2343
f 2345 2351 2352
f 2353 2354 2362
f 2353 2362 2361
f 2354 2355 2363
f 2354 2363 2362
f 2355 2356 2364
f 2355 2364 2363
f 2356 2357 2365
f 2356 2365 2364
f 2357 2358 2366
f 2357 2366 2365
f 2358 2359 2367
f 2358 2367 2366
f 2359 2360 2368
f 2359 2368 2367
f 2360 2353 2361
f 2360 2361 2368
f 2353 2355 2354
f 2361 2362 2363
f 2353 2356 2355
f 2361 2363 2364
f 2353 2357 2356
f 2361 2364 2365
f 2353 2358 2357
f 2361 2365 2366
f 2353 2359 2358
f 2361 2366 2367
f 2353 2360 2359
f 2361 2367 2368
f 2369 2370 2378
f 2369 2378 2377
f 2370 2371 2379
f 2370 2379 2378
f 2371 2372 2380
f 2371 2380 2379
f 2372 2373 2381
f 2372 2381 2380
f 2373 2374 2382
f 2373 2382 2381
f 2374 2375 2383
f 2374 2383 2382
f 2375 2376 2384
f 2375 2384 2383
f 2376 2369 2377
f 2376 2377 2384
f 2369 2371 2370
f 2377 2378 2379
f 2369 2372 2371
f 2377 2379 2380
f 2369 2373 2372
f 2377 2380 2381
f 2369 2374 2373
f 2377 2381 2382
f 2369 2375 2374
f 2377 2382 2383
f 2369 2376 2375
f 2377 2383 2384
f 2385 2386 2394
f 2385 2394 2393
f 2386 2387 2395
f 2386 2395 2394
f 2387 2388 2396
f 2387 2396 2395
f 2388 2389 2397
f 2388 2397 2396
f 2389 2390 2398
f 2389 2398 2397
f 2390 2391 2399
f 2390 2399 2398
f 2391 2392 2400
f 2391 2400 2399
f 2392 2385 2393
f 2392 2393 2400
f 2385 2387 2386
f 2393 2394 2395
f 2385 2388 2387
f 2393 2395 2396
f 2385 2389 2388
f 2393 2396 2397
f 2385 2390 2389
f 2393 2397 2398
f 2385 2391 2390
f 2393 2398 2399
f 2385 2392 2391
f 2393 2399 2400
f 2401 2402 2410
f 2401 2410 2409
f 2402 2403 2411
f 2402 2411 2410
f 2403 2404 2412
f 2403 2412 2411
f 2404 2405 2413
f 2404 2413 2412
f 2405 2406 2414
f 2405 2414 2413
f 2406 2407 2415
f 2406 2415 2414
f 2407 2408 2416
f 2407 2416 2415
f 2408 2401 2409
f 2408 2409 2416
f 2401 2403 2402
f 2409 2410 2411
f 2401 2404 2403
f 2409 2411 2412
f 2401 2405 2404
f 2409 2412 2413
f 2401 2406 2405
f 2409 2413 2414
f 2401 2407 2406
f 2409 2414 2415
f 2401 2408 2407
f 2409 2415 2416
f 2417 2418 2426
f 2417 2426 2425
f 2418 2419 2427
f 2418 2427 2426
f 2419 2420 2428
f 2419 2428 2427
f 2420 2421 2429
f 2420 2429 2428
f 2421 2422 2430
f 2421 2430 2429
f 2422 2423 2431
f 2422 2431 2430
f 2423 2424 2432
f 2423 2432 2431
f 2424 2417 2425
f 2424 2425 2432
f 2417 2419 2418
f 2425 2426 2427
f 2417 2420 2419
f 2425 2427 2428
f 2417 2421 2420
f 2425 2428 2429
f 2417 2422 2421
f 2425 2429 2430
f 2417 2423 2422
f 2425 2430 2431
f 2417 2424 2423
f 2425 2431 2432
f 2433 2434 2442
f 2433 2442 2441
f 2434 2435 2443
f 2434 2443 2442
f 2435 2436 2444
f 2435 2444 2443
f 2436 2437 2445
f 2436 2445 2444
f 2437 2438 2446
f 2437 2446 2445
f 2438 2439 2447
f 2438 2447 2446
f 2439 2440 2448
f 2439 2448 2447
f 2440 2433 2441
f 2440 2441 2448
f 2433 2435 2434
f 2441 2442 2443
f 2433 2436 2435
f 2441 2443 2444
f 2433 2437 2436
f 2441 2444 2445
f 2433 2438 2437
f 2441 2445 2446
f 2433 2439 2438
f 2441 2446 2447
f 2433 2440 2439
f 2441 2447 2448
f 2449 2450 2458
f 2449 2458 2457
f 2450 2451 2459
f 2450 2459 2458
f 2451 2452 2460
f 2451 2460 2459
f 2452 2453 2461
f 2452 2461 2460
f 2453 2454 2462
f 2453 2462 2461
f 2454 2455 2463
f 2454 2463 2462
f 2455 2456 2464
f 2455 2464 2463
f 2456 2449 2457
f 2456 2457 2464
f 2449 2451 2450
f 2457 2458 2459
f 2449 2452 2451
f 2457 2459 2460
f 2449 2453 2452
f 2457 2460 2461
f 2449 2454 2453
f 2457 2461 2462
f 2449 2455 2454
f 2457 2462 2463
f 2449 2456 2455
f 2457 2463 2464
f 2465 2466 2474
f 2465 2474 2473
f 2466 2467 2475
f 2466 2475 2474
f 2467 2468 2476
f 2467 2476 2475
f 2468 2469 2477
f 2468 2477 2476
f 2469 2470 2478
f 2469 2478 2477
f 2470 2471 2479
f 2470 2479 2478
f 2471 2472 2480
f 2471 2480 2479
f 2472 2465 2473
f 2472 2473 2480
f 2465 2467 2466
f 2473 2474 2475
f 2465 2468 2467
f 2473 2475 2476
f 2465 2469 2468
f 2473 2476 2477
f 2465 2470 2469
f 2473 2477 2478
f 2465 2471 2470
f 2473 2478 2479
f 2465 2472 2471
f 2473 2479 2480
f 2481 2482 2490
f 2481 2490 2489
f 2482 2483 2491
f 2482 2491 2490
f 2483 2484 2492
f 2483 2492 2491
f 2484 2485 2493
f 2484 2493 2492
f 2485 2486 2494
f 2485 2494 2493
f 2486 2487 2495
f 2486 2495 2494
f 2487 2488 2496
f 2487 2496 2495
f 2488 2481 2489
f 2488 2489 2496
f 2481 2483 2482
f 2489 2490 2491
f 2481 2484 2483
f 2489 2491 2492
f 2481 2485 2484
f 2489 2492 2493
f 2481 2486 2485
f 2489 2493 2494
f 2481 2487 2486
f 2489 2494 2495
f 2481 2488 2487
f 2489 2495 2496
f 2497 2498 2506
f 2497 2506 2505
f 2498 2499 2507
f 2498 2507 2506
f 2499 2500 2508
f 2499 2508 2507
f 2500 2501 2509
f 2500 2509 2508
f 2501 2502 2510
f 2501 2510 2509
f 2502 2503 2511
f 2502 2511 2510
f 2503 2504 2512
f 2503 2512 2511
f 2504 2497 2505
f 2504 2505 2512
f 2497 2499 2498
f 2505 2506 2507
f 2497 2500 2499
f 2505 2507 2508
f 2497 2501 2500
f 2505 2508 2509
f 2497 2502 2501
f 2505 2509 2510
f 2497 2503 2502
f 2505 2510 2511
f 2497 2504 2503
f 2505 2511 2512
f 2513 2514 2522
f 2513 2522 2521
f 2514 2515 2523
f 2514 2523 2522
f 2515 2516 2524
f 2515 2524 2523
f 2516 2517 2525
f 2516 2525 2524
f 2517 2518 2526
f 2517 2526 2525
f 2518 2519 2527
f 2518 2527 2526
f 2519 2520 2528
f 2519 2528 2527
f 2520 2513 2521
f 2520 2521 2528
f 2513 2515 2514
f 2521 2522 2523
f 2513 2516 2515
f 2521 2523 2524
f 2513 2517 2516
f 2521 2524 2525
f 2513 2518 2517
f 2521 2525 2526
f 2513 2519 2518
f 2521 2526 2527
f 2513 2520 2519
f 2521 2527 2528
f 2529 2530 2538
f 2529 2538 2537
f 2530 2531 2539
f 2530 2539 2538
f 2531 2532 2540
f 2531 2540 2539
f 2532 2533 2541
f 2532 2541 2540
f 2533 2534 2542
f 2533 2542 2541
f 2534 2535 2543
f 2534 2543 2542
f 2535 2536 2544
f 2535 2544 2543
f 2536 2529 2537
f 2536 2537 2544
f 2529 2531 2530
f 2537 2538 2539
f 2529 2532 2531
f 2537 2539 2540
f 2529 2533 2532
f 2537 2540 2541
f 2529 2534 2533
f 2537 2541 2542
f 2529 2535 2534
f 2537 2542 2543
f 2529 2536 2535
f 2537 2543 2544
f 2545 2546 2554
f 2545 2554 2553
f 2546 2547 2555
f 2546 2555 2554
f 2547 2548 2556
f 2547 2556 2555
f 2548 2549 2557
f 2548 2557 2556
f 2549 2550 2558
f 2549 2558 2557
f 2550 2551 2559
f 2550 2559 2558
f 2551 2552 2560
f 2551 2560 2559
f 2552 2545 2553
f 2552 2553 2560
f 2545 2547 2546
f 2553 2554 2555
f 2545 2548 2547
f 2553 2555 2556
f 2545 2549 2548
f 2553 2556 2557
f 2545 2550 2549
f 2553 2557 2558
f 2545 2551 2550
f 2553 2558 2559
f 2545 2552 2551
f 2553 2559 2560
f 2561 2562 2570
f 2561 2570 2569
f 2562 2563 2571
f 2562 2571 2570
f 2563 2564 2572
f 2563 2572 2571
f 2564 2565 2573
f 2564 2573 2572
f 2565 2566 2574
f 2565 2574 2573
f 2566 2567 2575
f 2566 2575 2574
f 2567 2568 2576
f 2567 2576 2575
f 2568 2561 2569
f 2568 2569 2576
f 2561 2563 2562
f 2569 2570 2571
f 2561 2564 2563
f 2569 2571 2572
f 2561 2565 2564
f 2569 2572 2573
f 2561 2566 2565
f 2569 2573 2574
f 2561 2567 2566
f 2569 2574 2575
f 2561 2568 2567
f 2569 2575 2576
f 2577 2578 2586
f 2577 2586 2585
f 2578 2579 2587
f 2578 2587 2586
f 2579 2580 2588
f 2579 2588 2587
f 2580 2581 2589
f 2580 2589 2588
f 2581 2582 2590
f 2581 2590 2589
f 2582 2583 2591
f 2582 2591 2590
f 2583 2584 2592
f 2583 2592 2591
f 2584 2577 2585
f 2584 2585 2592
f 2577 2579 2578
f 2585 2586 2587
f 2577 2580 2579
f 2585 2587 2588
f 2577 2581 2580
f 2585 2588 2589
f 2577 2582 2581
f 2585 2589 2590
f 2577 2583 2582
f 2585 2590 2591
f 2577 2584 2583
f 2585 2591 2592
f 2593 2594 2602
f 2593 2602 2601
f 2594 2595 2603
f 2594 2603 2602
f 2595 2596 2604
f 2595 2604 2603
f 2596 2597 2605
f 2596 2605 2604
f 2597 2598 2606
f 2597 2606 2605
f 2598 2599 2607
f 2598 2607 2606
f 2599 2600 2608
f 2599 2608 2607
f 2600 2593 2601
f 2600 2601 2608
f 2593 2595 2594
f 2601 2602 2603
f 2593 2596 2595
f 2601 2603 2604
f 2593 2597 2596
f 2601 2604 2605
f 2593 2598 2597
f 2601 2605 2606
f 2593 2599 2598
f 2601 2606 2607
f 2593 2600 2599
f 2601 2607 2608
f 2609 2610 2618
f 2609 2618 2617
f 2610 2611 2619
f 2610 2619 2618
f 2611 2612 2620
f 2611 2620 2619
f 2612 2613 2621
f 2612 2621 2620
f 2613 2614 2622
f 2613 2622 2621
f 2614 2615 2623
f 2614 2623 2622
f 2615 2616 2624
f 2615 2624 2623
f 2616 2609 2617
f 2616 2617 2624
f 2609 2611 2610
f 2617 2618 2619
f 2609 2612 2611
f 2617 2619 2620
f 2609 2613 2612
f 2617 2620 2621
f 2609 2614 2613
f 2617 2621 2622
f 2609 2615 2614
f 2617 2622 2623
f 2609 2616 2615
f 2617 2623 2624
f 2625 2626 2634
f 2625 2634 2633
f 2626 2627 2635
f 2626 2635 2634
f 2627 2628 2636
f 2627 2636 2635
f 2628 2629 2637
f 2628 2637 2636
f 2629 2630 2638
f 2629 2638 2637
f 2630 2631 2639
f 2630 2639 2638
f 2631 2632 2640
f 2631 2640 2639
f 2632 2625 2633
f 2632 2633 2640
f 2625 2627 2626
f 2633 2634 2635
f 2625 2628 2627
f 2633 2635 2636
f 2625 2629 2628
f 2633 2636 2637
f 2625 2630 2629
f 2633 2637 2638
f 2625 2631 2630
f 2633 2638 2639
f 2625 2632 2631
f 2633 2639 2640
f 2641 2642 2650
f 2641 2650 2649
f 2642 2643 2651
f 2642 2651 2650
f 2643 2644 2652
f 2643 2652 2651
f 2644 2645 2653
f 2644 2653 2652
f 2645 2646 2654
f 2645 2654 2653
f 2646 2647 2655
f 2646 2655 2654
f 2647 2648 2656
f 2647 2656 2655
f 2648 2641 2649
f 2648 2649 2656
f 2641 2643 2642
f 2649 2650 2651
f 2641 2644 2643
f 2649 2651 2652
f 2641 2645 2644
f 2649 2652 2653
f 2641 2646 2645
f 2649 2653 2654
f 2641 2647 2646
f 2649 2654 2655
f 2641 2648 2647
f 2649 2655 2656
f 2657 2658 2666
f 2657 2666 2665
f 2658 2659 2667
f 2658 2667 2666
f 2659 2660 2668
f 2659 2668 2667
f 2660 2661 2669
f 2660 2669 2668
f 2661 2662 2670
f 2661 2670 2669
f 2662 2663 2671
f 2662 2671 2670
f 2663 2664 2672
f 2663 2672 2671
f 2664 2657 2665
f 2664 2665 2672
f 2657 2659 2658
f 2665 2666 2667
f 2657 2660 2659
f 2665 2667 2668
f 2657 2661 2660
f 2665 2668 2669
f 2657 2662 2661
f 2665 2669 2670
f 2657 2663 2662
f 2665 2670 2671
f 2657 2664 2663
f 2665 2671 2672
f 2673 2674 2682
f 2673 2682 2681
f 2674 2675 2683
f 2674 2683 2682
f 2675 2676 2684
f 2675 2684 2683
f 2676 2677 2685
f 2676 2685 2684
f 2677 2678 2686
f 2677 2686 2685
f 2678 2679 2687
f 2678 2687 2686
f 2679 2680 2688
f 2679 2688 2687
f 2680 2673 2681
f 2680 2681 2688
f 2673 2675 2674
f 2681 2682 2683
f 2673 2676 2675
f 2681 2683 2684
f 2673 2677 2676
f 2681 2684 2685
f 2673 2678 2677
f 2681 2685 2686
f 2673 2679 2678
f 2681 2686 2687
f 2673 2680 2679
f 2681 2687 2688
f 2689 2690 2698
f 2689 2698 2697
f 2690 2691 2699
f 2690 2699 2698
f 2691 2692 2700
f 2691 2700 2699
f 2692 2693 2701
f 2692 2701 2700
f 2693 2694 2702
f 2693 2702 2701
f 2694 2695 2703
f 2694 2703 2702
f 2695 2696 2704
f 2695 2704 2703
f 2696 2689 2697
f 2696 2697 2704
f 2689 2691 2690
f 2697 2698 2699
f 2689 2692 2691
f 2697 2699 2700
f 2689 2693 2692
f 2697 2700 2701
f 2689 2694 2693
f 2697 2701 2702
f 2689 2695 2694
f 2697 2702 2703
f 2689 2696 2695
f 2697 2703 2704
f 2705 2706 2714
f 2705 2714 2713
f 2706 2707 2715
f 2706 2715 2714
f 2707 2708 2716
f 2707 2716 2715
f 2708 2709 2717
f 2708 2717 2716
f 2709 2710 2718
f 2709 2718 2717
f 2710 2711 2719
f 2710 2719 2718
f 2711 2712 2720
f 2711 2720 2719
f 2712 2705 2713
f 2712 2713 2720
f 2705 2707 2706
f 2713 2714 2715
f 2705 2708 2707
f 2713 2715 2716
f 2705 2709 2708
f 2713 2716 2717
f 2705 2710 2709
f 2713 2717 2718
f 2705 2711 2710
f 2713 2718 2719
f 2705 2712 2711
f 2713 2719 2720
f 2721 2722 2730
f 2721 2730 2729
f 2722 2723 2731
f 2722 2731 2730
f 2723 2724 2732
f 2723 2732 2731
f 2724 2725 2733
f 2724 2733 2732
f 2725 2726 2734
f 2725 2734 2733
f 2726 2727 2735
f 2726 2735 2734
f 2727 2728 2736
f 2727 2736 2735
f 2728 2721 2729
f 2728 2729 2736
f 2721 2723 2722
f 2729 2730 2731
f 2721 2724 2723
f 2729 2731 2732
f 2721 2725 2724
f 2729 2732 2733
f 2721 2726 2725
f 2729 2733 2734
f 2721 2727 2726
f 2729 2734 2735
f 2721 2728 2727
f 2729 2735 2736
f 2737 2738 2746
f 2737 2746 2745
f 2738 2739 2747
f 2738 2747 2746
f 2739 2740 2748
f 2739 2748 2747
f 2740 2741 2749
f 2740 2749 2748
f 2741 2742 2750
f 2741 2750 2749
f 2742 2743 2751
f 2742 2751 2750
f 2743 2744 2752
f 2743 2752 2751
f 2744 2737 2745
f 2744 2745 2752
f 2737 2739 2738
f 2745 2746 2747
f 2737 2740 2739
f 2745 2747 2748
f 2737 2741 2740
f 2745 2748 2749
f 2737 2742 2741
f 2745 2749 2750
f 2737 2743 2742
f 2745 2750 2751
f 2737 2744 2743
f 2745 2751 2752
f 2753 2754 2762
f 2753 2762 2761
f 2754 2755 2763
f 2754 2763 2762
f 2755 2756 2764
f 2755 2764 2763
f 2756 2757 2765
f 2756 2765 2764
f 2757 2758 2766
f 2757 2766 2765
f 2758 2759 2767
f 2758 2767 2766
f 2759 2760 2768
f 2759 2768 2767
f 2760 2753 2761
f 2760 2761 2768
f 2753 2755 2754
f 2761 2762 2763
f 2753 2756 2755
f 2761 2763 2764
f 2753 2757 2756
f 2761 2764 2765
f 2753 2758 2757
f 2761 2765 2766
f 2753 2759 2758
f 2761 2766 2767
f 2753 2760 2759
f 2761 2767 2768
f 2769 2770 2778
f 2769 2778 2777
f 2770 2771 2779
f 2770 2779 2778
f 2771 2772 2780
f 2771 2780 2779
f 2772 2773 2781
f 2772 2781 2780
f 2773 2774 2782
f 2773 2782 2781
f 2774 2775 2783
f 2774 2783 2782
f 2775 2776 2784
f 2775 2784 2783
f 2776 2769 2777
f 2776 2777 2784
f 2769 2771 2770
f 2777 2778 2779
f 2769 2772 2771
f 2777 2779 2780
f 2769 2773 2772
f 2777 2780 2781
f 2769 2774 2773
f 2777 2781 2782
f 2769 2775 2774
f 2777 2782 2783
f 2769 2776 2775
f 2777 2783 2784
f 2785 2786 2794
f 2785 2794 2793
f 2786 2787 2795
f 2786 2795 2794
f 2787 2788 2796
f 2787 2796 2795
f 2788 2789 2797
f 2788 2797 2796
f 2789 2790 2798
f 2789 2798 2797
f 2790 2791 2799
f 2790 2799 2798
f 2791 2792 2800
f 2791 2800 2799
f 2792 2785 2793
f 2792 2793 2800
f 2785 2787 2786
f 2793 2794 2795
f 2785 2788 2787
f 2793 2795 2796
f 2785 2789 2788
f 2793 2796 2797
f 2785 2790 2789
f 2793 2797 2798
f 2785 2791 2790
f 2793 2798 2799
f 2785 2792 2791
f 2793 2799 2800
f 2801 2802 2810
f 2801 2810 2809
f 2802 2803 2811
f 2802 2811 2810
f 2803 2804 2812
f 2803 2812 2811
f 2804 2805 2813
f 2804 2813 2812
f 2805 2806 2814
f 2805 2814 2813
f 2806 2807 2815
f 2806 2815 2814
f 2807 2808 2816
f 2807 2816 2815
f 2808 2801 2809
f 2808 2809 2816
f 2801 2803 2802
f 2809 2810 2811
f 2801 2804 2803
f 2809 2811 2812
f 2801 2805 2804
f 2809 2812 2813
f 2801 2806 2805
f 2809 2813 2814
f 2801 2807 2806
f 2809 2814 2815
f 2801 2808 2807
f 2809 2815 2816
f 2817 2818 2826
f 2817 2826 2825
f 2818 2819 2827
f 2818 2827 2826
f 2819 2820 2828
f 2819 2828 2827
f 2820 2821 2829
f 2820 2829 2828
f 2821 2822 2830
f 2821 2830 2829
f 2822 2823 2831
f 2822 2831 2830
f 2823 2824 2832
f 2823 2832 2831
f 2824 2817 2825
f 2824 2825 2832
f 2817 2819 2818
f 2825 2826 2827
f 2817 2820 2819
f 2825 2827 2828
f 2817 2821 2820
f 2825 2828 2829
f 2817 2822 2821
f 2825 2829 2830
f 2817 2823 2822
f 2825 2830 2831
f 2817 2824 2823
f 2825 2831 2832
f 2833 2834 2842
f 2833 2842 2841
f 2834 2835 2843
f 2834 2843 2842
f 2835 2836 2844
f 2835 2844 2843
f 2836 2837 2845
f 2836 2845 2844
f 2837 2838 2846
f 2837 2846 2845
f 2838 2839 2847
f 2838 2847 2846
f 2839 2840 2848
f 2839 2848 2847
f 2840 2833 2841
f 2840 2841 2848
f 2833 2835 2834
f 2841 2842 2843
f 2833 2836 2835
f 2841 2843 2844
f 2833 2837 2836
f 2841 2844 2845
f 2833 2838 2837
f 2841 2845 2846
f 2833 2839 2838
f 2841 2846 2847
f 2833 2840 2839
f 2841 2847 2848
f 2849 2850 2858
f 2849 2858 2857
f 2850 2851 2859
f 2850 2859 2858
f 2851 2852 2860
f 2851 2860 2859
f 2852 2853 2861
f 2852 2861 2860
f 2853 2854 2862
f 2853 2862 2861
f 2854 2855 2863
f 2854 2863 2862
f 2855 2856 2864
f 2855 2864 2863
f 2856 2849 2857
f 2856 2857 2864
f 2849 2851 2850
f 2857 2858 2859
f 2849 2852 2851
f 2857 2859 2860
f 2849 2853 2852
f 2857 2860 2861
f 2849 2854 2853
f 2857 2861 2862
f 2849 2855 2854
f 2857 2862 2863
f 2849 2856 2855
f 2857 2863 2864
f 2865 2866 2874
f 2865 2874 2873
f 2866 2867 2875
f 2866 2875 2874
f 2867 2868 2876
f 2867 2876 2875
f 2868 2869 2877
f 2868 2877 2876
f 2869 2870 2878
f 2869 2878 2877
f 2870 2871 2879
f 2870 2879 2878
f 2871 2872 2880
f 2871 2880 2879
f 2872 2865 2873
f 2872 2873 2880
f 2865 2867 2866
f 2873 2874 2875
f 2865 2868 2867
f 2873 2875 2876
f 2865 2869 2868
f 2873 2876 2877
f 2865 2870 2869
f 2873 2877 2878
f 2865 2871 2870
f 2873 2878 2879
f 2865 2872 2871
f 2873 2879 2880
f 2881 2882 2890
f 2881 2890 2889
f 2882 2883 2891
f 2882 2891 2890
f 2883 2884 2892
f 2883 2892 2891
f 2884 2885 2893
f 2884 2893 2892
f 2885 2886 2894
f 2885 2894 2893
f 2886 2887 2895
f 2886 2895 2894
f 2887 2888 2896
f 2887 2896 2895
f 2888 2881 2889
f 2888 2889 2896
f 2881 2883 2882
f 2889 2890 2891
f 2881 2884 2883
f 2889 2891 2892
f 2881 2885 2884
f 2889 2892 2893
f 2881 2886 2885
f 2889 2893 2894
f 2881 2887 2886
f 2889 2894 2895
f 2881 2888 2887
f 2889 2895 2896
f 2897 2898 2906
f 2897 2906 2905
f 2898 2899 2907
f 2898 2907 2906
f 2899 2900 2908
f 2899 2908 2907
f 2900 2901 2909
f 2900 2909 2908
f 2901 2902 2910
f 2901 2910 2909
f 2902 2903 2911
f 2902 2911 2910
f 2903 2904 2912
f 2903 2912 2911
f 2904 2897 2905
f 2904 2905 2912
f 2897 2899 2898
f 2905 2906 2907
f 2897 2900 2899
f 2905 2907 2908
f 2897 2901 2900
f 2905 2908 2909
f 2897 2902 2901
f 2905 2909 2910
f 2897 2903 2902
f 2905 2910 2911
f 2897 2904 2903
f 2905 2911 2912
f 2913 2914 2922
f 2913 2922 2921
f 2914 2915 2923
f 2914 2923 2922
f 2915 2916 2924
f 2915 2924 2923
f 2916 2917 2925
f 2916 2925 2924
f 2917 2918 2926
f 2917 2926 2925
f 2918 2919 2927
f 2918 2927 2926
f 2919 2920 2928
f 2919 2928 2927
f 2920 2913 2921
f 2920 2921 2928
f 2913 2915 2914
f 2921 2922 2923
f 2913 2916 2915
f 2921 2923 2924
f 2913 2917 2916
f 2921 2924 2925
f 2913 2918 2917
f 2921 2925 2926
f 2913 2919 2918
f 2921 2926 2927
f 2913 2920 2919
f 2921 2927 2928
f 2929 2930 2938
f 2929 2938 2937
f 2930 2931 2939
f 2930 2939 2938
f 2931 2932 2940
f 2931 2940 2939
f 2932 2933 2941
f 2932 2941 2940
f 2933 2934 2942
f 2933 2942 2941
f 2934 2935 2943
f 2934 2943 2942
f 2935 2936 2944
f 2935 2944 2943
f 2936 2929 2937
f 2936 2937 2944
f 2929 2931 2930
f 2937 2938 2939
f 2929 2932 2931
f 2937 2939 2940
f 2929 2933 2932
f 2937 2940 2941
f 2929 2934 2933
f 2937 2941 2942
f 2929 2935 2934
f 2937 2942 2943
f 2929 2936 2935
f 2937 2943 2944
f 2945 2946 2954
f 2945 2954 2953
f 2946 2947 2955
f 2946 2955 2954
f 2947 2948 2956
f 2947 2956 2955
f 2948 2949 2957
f 2948 2957 2956
f 2949 2950 2958
f 2949 2958 2957
f 2950 2951 2959
f 2950 2959 2958
f 2951 2952 2960
f 2951 2960 2959
f 2952 2945 2953
f 2952 2953 2960
f 2945 2947 2946
f 2953 2954 2955
f 2945 2948 2947
f 2953 2955 2956
f 2945 2949 2948
f 2953 2956 2957
f 2945 2950 2949
f 2953 2957 2958
f 2945 2951 2950
f 2953 2958 2959
f 2945 2952 2951
f 2953 2959 2960
f 2961 2962 2970
f 2961 2970 2969
f 2962 2963 2971
f 2962 2971 2970
f 2963 2964 2972
f 2963 2972 2971
f 2964 2965 2973
f 2964 2973 2972
f 2965 2966 2974
f 2965 2974 2973
f 2966 2967 2975
f 2966 2975 2974
f 2967 2968 2976
f 2967 2976 2975
f 2968 2961 2969
f 2968 2969 2976
f 2961 2963 2962
f 2969 2970 2971
f 2961 2964 2963
f 2969 2971 2972
f 2961 2965 2964
f 2969 2972 2973
f 2961 2966 2965
f 2969 2973 2974
f 2961 2967 2966
f 2969 2974 2975
f 2961 2968 2967
f 2969 2975 2976
f 2977 2978 2986
f 2977 2986 2985
f 2978 2979 2987
f 2978 2987 2986
f 2979 2980 2988
f 2979 2988 2987
f 2980 2981 2989
f 2980 2989 2988
f 2981 2982 2990
f 2981 2990 2989
f 2982 2983 2991
f 2982 2991 2990
f 2983 2984 2992
f 2983 2992 2991
f 2984 2977 2985
f 2984 2985 2992
f 2977 2979 2978
f 2985 2986 2987
f 2977 2980 2979
f 2985 2987 2988
f 2977 2981 2980
f 2985 2988 2989
f 2977 2982 2981
f 2985 2989 2990
f 2977 2983 2982
f 2985 2990 2991
f 2977 2984 2983
f 2985 2991 2992
f 2993 2994 3002
f 2993 3002 3001
f 2994 2995 3003
f 2994 3003 3002
f 2995 2996 3004
f 2995 3004 3003
f 2996 2997 3005
f 2996 3005 3004
f 2997 2998 3006
f 2997 3006 3005
f 2998 2999 3007
f 2998 3007 3006
f 2999 3000 3008
f 2999 3008 3007
f 3000 2993 3001
f 3000 3001 3008
f 2993 2995 2994
f 3001 3002 3003
f 2993 2996 2995
f 3001 3003 3004
f 2993 2997 2996
f 3001 3004 3005
f 2993 2998 2997
f 3001 3005 3006
f 2993 2999 2998
f 3001 3006 3007
f 2993 3000 2999
f 3001 3007 3008
f 3009 3010 3018
f 3009 3018 3017
f 3010 3011 3019
f 3010 3019 3018
f 3011 3012 3020
f 3011 3020 3019
f 3012 3013 3021
f 3012 3021 3020
f 3013 3014 3022
f 3013 3022 3021
f 3014 3015 3023
f 3014 3023 3022
f 3015 3016 3024
f 3015 3024 3023
f 3016 3009 3017
f 3016 3017 3024
f 3009 3011 3010
f 3017 3018 3019
f 3009 3012 3011
f 3017 3019 3020
f 3009 3013 3012
f 3017 3020 3021
f 3009 3014 3013
f 3017 3021 3022
f 3009 3015 3014
f 3017 3022 3023
f 3009 3016 3015
f 3017 3023 3024
f 3025 3026 3034
f 3025 3034 3033
f 3026 3027 3035
f 3026 3035 3034
f 3027 3028 3036
f 3027 3036 3035
f 3028 3029 3037
f 3028 3037 3036
f 3029 3030 3038
f 3029 3038 3037
f 3030 3031 3039
f 3030 3039 3038
f 3031 3032 3040
f 3031 3040 3039
f 3032 3025 3033
f 3032 3033 3040
f 3025 3027 3026
f 3033 3034 3035
f 3025 3028 3027
f 3033 3035 3036
f 3025 3029 3028
f 3033 3036 3037
f 3025 3030 3029
f 3033 3037 3038
f 3025 3031 3030
f 3033 3038 3039
f 3025 3032 3031
f 3033 3039 3040
f 3041 3042 3050
f 3041 3050 3049
f 3042 3043 3051
f 3042 3051 3050
f 3043 3044 3052
f 3043 3052 3051
f 3044 3045 3053
f 3044 3053 3052
f 3045 3046 3054
f 3045 3054 3053
f 3046 3047 3055
f 3046 3055 3054
f 3047 3048 3056
f 3047 3056 3055
f 3048 3041 3049
f 3048 3049 3056
f 3041 3043 3042
f 3049 3050 3051
f 3041 3044 3043
f 3049 3051 3052
f 3041 3045 3044
f 3049 3052 3053
f 3041 3046 3045
f 3049 3053 3054
f 3041 3047 3046
f 3049 3054 3055
f 3041 3048 3047
f 3049 3055 3056
f 3057 3058 3066
f 3057 3066 3065
f 3058 3059 3067
f 3058 3067 3066
f 3059 3060 3068
f 3059 3068 3067
f 3060 3061 3069
f 3060 3069 3068
f 3061 3062 3070
f 3061 3070 3069
f 3062 3063 3071
f 3062 3071 3070
f 3063 3064 3072
f 3063 3072 3071
f 3064 3057 3065
f 3064 3065 3072
f 3057 3059 3058
f 3065 3066 3067
f 3057 3060 3059
f 3065 3067 3068
f 3057 3061 3060
f 3065 3068 3069
f 3057 3062 3061
f 3065 3069 3070
f 3057 3063 3062
f 3065 3070 3071
f 3057 3064 3063
f 3065 3071 3072
f 3073 3074 3082
f 3073 3082 3081
f 3074 3075 3083
f 3074 3083 3082
f 3075 3076 3084
f 3075 3084 3083
f 3076 3077 3085
f 3076 3085 3084
f 3077 3078 3086
f 3077 3086 3085
f 3078 3079 3087
f 3078 3087 3086
f 3079 3080 3088
f 3079 3088 3087
f 3080 3073 3081
f 3080 3081 3088
f 3073 3075 3074
f 3081 3082 3083
f 3073 3076 3075
f 3081 3083 3084
f 3073 3077 3076
f 3081 3084 3085
f 3073 3078 3077
f 3081 3085 3086
f 3073 3079 3078
f 3081 3086 3087
f 3073 3080 3079
f 3081 3087 3088
f 3089 3090 3098
f 3089 3098 3097
f 3090 3091 3099
f 3090 3099 3098
f 3091 3092 3100
f 3091 3100 3099
f 3092 3093 3101
f 3092 3101 3100
f 3093 3094 3102
f 3093 3102 3101
f 3094 3095 3103
f 3094 3103 3102
f 3095 3096 3104
f 3095 3104 3103
f 3096 3089 3097
f 3096 3097 3104
f 3089 3091 3090
f 3097 3098 3099
f 3089 3092 3091
f 3097 3099 3100
f 3089 3093 3092
f 3097 3100 3101
f 3089 3094 3093
f 3097 3101 3102
f 3089 3095 3094
f 3097 3102 3103
f 3089 3096 3095
f 3097 3103 3104
f 3105 3106 3114
f 3105 3114 3113
f 3106 3107 3115
f 3106 3115 3114
f 3107 3108 3116
f 3107 3116 3115
f 3108 3109 3117
f 3108 3117 3116
f 3109 3110 3118
f 3109 3118 3117
f 3110 3111 3119
f 3110 3119 3118
f 3111 3112 3120
f 3111 3120 3119
f 3112 3105 3113
f 3112 3113 3120
f 3105 3107 3106
f 3113 3114 3115
f 3105 3108 3107
f 3113 3115 3116
f 3105 3109 3108
f 3113 3116 3117
f 3105 3110 3109
f 3113 3117 3118
f 3105 3111 3110
f 3113 3118 3119
f 3105 3112 3111
f 3113 3119 3120
f 3121 3122 3130
f 3121 3130 3129
f 3122 3123 3131
f 3122 3131 3130
f 3123 3124 3132
f 3123 3132 3131
f 3124 3125 3133
f 3124 3133 3132
f 3125 3126 3134
f 3125 3134 3133
f 3126 3127 3135
f 3126 3135 3134
f 3127 3128 3136
f 3127 3136 3135
f 3128 3121 3129
f 3128 3129 3136
f 3121 3123 3122
f 3129 3130 3131
f 3121 3124 3123
f 3129 3131 3132
f 3121 3125 3124
f 3129 3132 3133
f 3121 3126 3125
f 3129 3133 3134
f 3121 3127 3126
f 3129 3134 3135
f 3121 3128 3127
f 3129 3135 3136
f 3137 3138 3146
f 3137 3146 3145
f 3138 3139 3147
f 3138 3147 3146
f 3139 3140 3148
f 3139 3148 3147
f 3140 3141 3149
f 3140 3149 3148
f 3141 3142 3150
f 3141 3150 3149
f 3142 3143 3151
f 3142 3151 3150
f 3143 3144 3152
f 3143 3152 3151
f 3144 3137 3145
f 3144 3145 3152
f 3137 3139 3138
f 3145 3146 3147
f 3137 3140 3139
f 3145 3147 3148
f 3137 3141 3140
f 3145 3148 3149
f 3137 3142 3141
f 3145 3149 3150
f 3137 3143 3142
f 3145 3150 3151
f 3137 3144 3143
f 3145 3151 3152
f 3153 3154 3162
f 3153 3162 3161
f 3154 3155 3163
f 3154 3163 3162
f 3155 3156 3164
f 3155 3164 3163
f 3156 3157 3165
f 3156 3165 3164
f 3157 3158 3166
f 3157 3166 3165
f 3158 3159 3167
f 3158 3167 3166
f 3159 3160 3168
f 3159 3168 3167
f 3160 3153 3161
f 3160 3161 3168
f 3153 3155 3154
f 3161 3162 3163
f 3153 3156 3155
f 3161 3163 3164
f 3153 3157 3156
f 3161 3164 3165
f 3153 3158 3157
f 3161 3165 3166
f 3153 3159 3158
f 3161 3166 3167
f 3153 3160 3159
f 3161 3167 3168
f 3169 3170 3178
f 3169 3178 3177
f 3170 3171 3179
f 3170 3179 3178
f 3171 3172 3180
f 3171 3180 3179
f 3172 3173 3181
f 3172 3181 3180
f 3173 3174 3182
f 3173 3182 3181
f 3174 3175 3183
f 3174 3183 3182
f 3175 3176 3184
f 3175 3184 3183
f 3176 3169 3177
f 3176 3177 3184
f 3169 3171 3170
f 3177 3178 3179
f 3169 3172 3171
f 3177 3179 3180
f 3169 3173 3172
f 3177 3180 3181
f 3169 3174 3173
f 3177 3181 3182
f 3169 3175 3174
f 3177 3182 3183
f 3169 3176 3175
f 3177 3183 3184
f 3185 3186 3194
f 3185 3194 3193
f 3186 3187 3195
f 3186 3195 3194
f 3187 3188 3196
f 3187 3196 3195
f 3188 3189 3197
f 3188 3197 3196
f 3189 3190 3198
f 3189 3198 3197
f 3190 3191 3199
f 3190 3199 3198
f 3191 3192 3200
f 3191 3200 3199
f 3192 3185 3193
f 3192 3193 3200
f 3185 3187 3186
f 3193 3194 3195
f 3185 3188 3187
f 3193 3195 3196
f 3185 3189 3188
f 3193 3196 3197
f 3185 3190 3189
f 3193 3197 3198
f 3185 3191 3190
f 3193 3198 3199
f 3185 3192 3191
f 3193 3199 3200
f 3201 3202 3210
f 3201 3210 3209
f 3202 3203 3211
f 3202 3211 3210
f 3203 3204 3212
f 3203 3212 3211
f 3204 3205 3213
f 3204 3213 3212
f 3205 3206 3214
f 3205 3214 3213
f 3206 3207 3215
f 3206 3215 3214
f 3207 3208 3216
f 3207 3216 3215
f 3208 3201 3209
f 3208 3209 3216
f 3201 3203 3202
f 3209 3210 3211
f 3201 3204 3203
f 3209 3211 3212
f 3201 3205 3204
f 3209 3212 3213
f 3201 3206 3205
f 3209 3213 3214
f 3201 3207 3206
f 3209 3214 3215
f 3201 3208 3207
f 3209 3215 3216
f 3217 3218 3226
f 3217 3226 3225
f 3218 3219 3227
f 3218 3227 3226
f 3219 3220 3228
f 3219 3228 3227
f 3220 3221 3229
f 3220 3229 3228
f 3221 3222 3230
f 3221 3230 3229
f 3222 3223 3231
f 3222 3231 3230
f 3223 3224 3232
f 3223 3232 3231
f 3224 3217 3225
f 3224 3225 3232
f 3217 3219 3218
f 3225 3226 3227
f 3217 3220 3219
f 3225 3227 3228
f 3217 3221 3220
f 3225 3228 3229
f 3217 3222 3221
f 3225 3229 3230
f 3217 3223 3222
f 3225 3230 3231
f 3217 3224 3223
f 3225 3231 3232
f 3233 3234 3242
f 3233 3242 3241
f 3234 3235 3243
f 3234 3243 3242
f 3235 3236 3244
f 3235 3244 3243
f 3236 3237 3245
f 3236 3245 3244
f 3237 3238 3246
f 3237 3246 3245
f 3238 3239 3247
f 3238 3247 3246
f 3239 3240 3248
f 3239 3248 3247
f 3240 3233 3241
f 3240 3241 3248
f 3233 3235 3234
f 3241 3242 3243
f 3233 3236 3235
f 3241 3243 3244
f 3233 3237 3236
f 3241 3244 3245
f 3233 3238 3237
f 3241 3245 3246
f 3233 3239 3238
f 3241 3246 3247
f 3233 3240 3239
f 3241 3247 3248
f 3249 3250 3258
f 3249 3258 3257
f 3250 3251 3259
f 3250 3259 3258
f 3251 3252 3260
f 3251 3260 3259
f 3252 3253 3261
f 3252 3261 3260
f 3253 3254 3262
f 3253 3262 3261
f 3254 3255 3263
f 3254 3263 3262
f 3255 3256 3264
f 3255 3264 3263
f 3256 3249 3257
f 3256 3257 3264
f 3249 3251 3250
f 3257 3258 3259
f 3249 3252 3251
f 3257 3259 3260
f 3249 3253 3252
f 3257 3260 3261
f 3249 3254 3253
f 3257 3261 3262
f 3249 3255 3254
f 3257 3262 3263
f 3249 3256 3255
f 3257 3263 3264
f 3265 3266 3274
f 3265 3274 3273
f 3266 3267 3275
f 3266 3275 3274
f 3267 3268 3276
f 3267 3276 3275
f 3268 3269 3277
f 3268 3277 3276
f 3269 3270 3278
f 3269 3278 3277
f 3270 3271 3279
f 3270 3279 3278
f 3271 3272 3280
f 3271 3280 3279
f 3272 3265 3273
f 3272 3273 3280
f 3265 3267 3266
f 3273 3274 3275
f 3265 3268 3267
f 3273 3275 3276
f 3265 3269 3268
f 3273 3276 3277
f 3265 3270 3269
f 3273 3277 3278
f 3265 3271 3270
f 3273 3278 3279
f 3265 3272 3271
f 3273 3279 3280
f 3281 3282 3290
f 3281 3290 3289
f 3282 3283 3291
f 3282 3291 3290
f 3283 3284 3292
f 3283 3292 3291
f 3284 3285 3293
f 3284 3293 3292
f 3285 3286 3294
f 3285 3294 3293
f 3286 3287 3295
f 3286 3295 3294
f 3287 3288 3296
f 3287 3296 3295
f 3288 3281 3289
f 3288 3289 3296
f 3281 3283 3282
f 3289 3290 3291
f 3281 3284 3283
f 3289 3291 3292
f 3281 3285 3284
f 3289 3292 3293
f 3281 3286 3285
f 3289 3293 3294
f 3281 3287 3286
f 3289 3294 3295
f 3281 3288 3287
f 3289 3295 3296
f 3297 3298 3306
f 3297 3306 3305
f 3298 3299 3307
f 3298 3307 3306
f 3299 3300 3308
f 3299 3308 3307
f 3300 3301 3309
f 3300 3309 3308
f 3301 3302 3310
f 3301 3310 3309
f 3302 3303 3311
f 3302 3311 3310
f 3303 3304 3312
f 3303 3312 3311
f 3304 3297 3305
f 3304 3305 3312
f 3297 3299 3298
f 3305 3306 3307
f 3297 3300 3299
f 3305 3307 3308
f 3297 3301 3300
f 3305 3308 3309
f 3297 3302 3301
f 3305 3309 3310
f 3297 3303 3302
f 3305 3310 3311
f 3297 3304 3303
f 3305 3311 3312
f 3313 3314 3322
f 3313 3322 3321
f 3314 3315 3323
f 3314 3323 3322
f 3315 3316 3324
f 3315 3324 3323
f 3316 3317 3325
f 3316 3325 3324
f 3317 3318 3326
f 3317 3326 3325
f 3318 3319 3327
f 3318 3327 3326
f 3319 3320 3328
f 3319 3328 3327
f 3320 3313 3321
f 3320 3321 3328
f 3313 3315 3314
f 3321 3322 3323
f 3313 3316 3315
f 3321 3323 3324
f 3313 3317 3316
f 3321 3324 3325
f 3313 3318 3317
f 3321 3325 3326
f 3313 3319 3318
f 3321 3326 3327
f 3313 3320 3319
f 3321 3327 3328
f 3329 3330 3338
f 3329 3338 3337
f 3330 3331 3339
f 3330 3339 3338
f 3331 3332 3340
f 3331 3340 3339
f 3332 3333 3341
f 3332 3341 3340
f 3333 3334 3342
f 3333 3342 3341
f 3334 3335 3343
f 3334 3343 3342
f 3335 3336 3344
f 3335 3344 3343
f 3336 3329 3337
f 3336 3337 3344
f 3329 3331 3330
f 3337 3338 3339
f 3329 3332 3331
f 3337 3339 3340
f 3329 3333 3332
f 3337 3340 3341
f 3329 3334 3333
f 3337 3341 3342
f 3329 3335 3334
f 3337 3342 3343
f 3329 3336 3335
f 3337 3343 3344
f 3345 3346 3354
f 3345 3354 3353
f 3346 3347 3355
f 3346 3355 3354
f 3347 3348 3356
f 3347 3356 3355
f 3348 3349 3357
f 3348 3357 3356
f 3349 3350 3358
f 3349 3358 3357
f 3350 3351 3359
f 3350 3359 3358
f 3351 3352 3360
f 3351 3360 3359
f 3352 3345 3353
f 3352 3353 3360
f 3345 3347 3346
f 3353 3354 3355
f 3345 3348 3347
f 3353 3355 3356
f 3345 3349 3348
f 3353 3356 3357
f 3345 3350 3349
f 3353 3357 3358
f 3345 3351 3350
f 3353 3358 3359
f 3345 3352 3351
f 3353 3359 3360
f 3361 3362 3370
f 3361 3370 3369
f 3362 3363 3371
f 3362 3371 3370
f 3363 3364 3372
f 3363 3372 3371
f 3364 3365 3373
f 3364 3373 3372
f 3365 3366 3374
f 3365 3374 3373
f 3366 3367 3375
f 3366 3375 3374
f 3367 3368 3376
f 3367 3376 3375
f 3368 3361 3369
f 3368 3369 3376
f 3361 3363 3362
f 3369 3370 3371
f 3361 3364 3363
f 3369 3371 3372
f 3361 3365 3364
f 3369 3372 3373
f 3361 3366 3365
f 3369 3373 3374
f 3361 3367 3366
f 3369 3374 3375
f 3361 3368 3367
f 3369 3375 3376
f 3377 3378 3386
f 3377 3386 3385
f 3378 3379 3387
f 3378 3387 3386
f 3379 3380 3388
f 3379 3388 3387
f 3380 3381 3389
f 3380 3389 3388
f 3381 3382 3390
f 3381 3390 3389
f 3382 3383 3391
f 3382 3391 3390
f 3383 3384 3392
f 3383 3392 3391
f 3384 3377 3385
f 3384 3385 3392
f 3377 3379 3378
f 3385 3386 3387
f 3377 3380 3379
f 3385 3387 3388
f 3377 3381 3380
f 3385 3388 3389
f 3377 3382 3381
f 3385 3389 3390
f 3377 3383 3382
f 3385 3390 3391
f 3377 3384 3383
f 3385 3391 3392
f 3393 3394 3402
f 3393 3402 3401
f 3394 3395 3403
f 3394 3403 3402
f 3395 3396 3404
f 3395 3404 3403
f 3396 3397 3405
f 3396 3405 3404
f 3397 3398 3406
f 3397 3406 3405
f 3398 3399 3407
f 3398 3407 3406
f 3399 3400 3408
f 3399 3408 3407
f 3400 3393 3401
f 3400 3401 3408
f 3393 3395 3394
f 3401 3402 3403
f 3393 3396 3395
f 3401 3403 3404
f 3393 3397 3396
f 3401 3404 3405
f 3393 3398 3397
f 3401 3405 3406
f 3393 3399 3398
f 3401 3406 3407
f 3393 3400 3399
f 3401 3407 3408
f 3409 3410 3418
f 3409 3418 3417
f 3410 3411 3419
f 3410 3419 3418
f 3411 3412 3420
f 3411 3420 3419
f 3412 3413 3421
f 3412 3421 3420
f 3413 3414 3422
f 3413 3422 3421
f 3414 3415 3423
f 3414 3423 3422
f 3415 3416 3424
f 3415 3424 3423
f 3416 3409 3417
f 3416 3417 3424
f 3409 3411 3410
f 3417 3418 3419
f 3409 3412 3411
f 3417 3419 3420
f 3409 3413 3412
f 3417 3420 3421
f 3409 3414 3413
f 3417 3421 3422
f 3409 3415 3414
f 3417 3422 3423
f 3409 3416 3415
f 3417 3423 3424
f 3425 3426 3434
f 3425 3434 3433
f 3426 3427 3435
f 3426 3435 3434
f 3427 3428 3436
f 3427 3436 3435
f 3428 3429 3437
f 3428 3437 3436
f 3429 3430 3438
f 3429 3438 3437
f 3430 3431 3439
f 3430 3439 3438
f 3431 3432 3440
f 3431 3440 3439
f 3432 3425 3433
f 3432 3433 3440
f 3425 3427 3426
f 3433 3434 3435
f 3425 3428 3427
f 3433 3435 3436
f 3425 3429 3428
f 3433 3436 3437
f 3425 3430 3429
f 3433 3437 3438
f 3425 3431 3430
f 3433 3438 3439
f 3425 3432 3431
f 3433 3439 3440
f 3441 3442 3450
f 3441 3450 3449
f 3442 3443 3451
f 3442 3451 3450
f 3443 3444 3452
f 3443 3452 3451
f 3444 3445 3453
f 3444 3453 3452
f 3445 3446 3454
f 3445 3454 3453
f 3446 3447 3455
f 3446 3455 3454
f 3447 3448 3456
f 3447 3456 3455
f 3448 3441 3449
f 3448 3449 3456
f 3441 3443 3442
f 3449 3450 3451
f 3441 3444 3443
f 3449 3451 3452
f 3441 3445 3444
f 3449 3452 3453
f 3441 3446 3445
f 3449 3453 3454
f 3441 3447 3446
f 3449 3454 3455
f 3441 3448 3447
f 3449 3455 3456
f 3457 3458 3466
f 3457 3466 3465
f 3458 3459 3467
f 3458 3467 3466
f 3459 3460 3468
f 3459 3468 3467
f 3460 3461 3469
f 3460 3469 3468
f 3461 3462 3470
f 3461 3470 3469
f 3462 3463 3471
f 3462 3471 3470
f 3463 3464 3472
f 3463 3472 3471
f 3464 3457 3465
f 3464 3465 3472
f 3457 3459 3458
f 3465 3466 3467
f 3457 3460 3459
f 3465 3467 3468
f 3457 3461 3460
f 3465 3468 3469
f 3457 3462 3461
f 3465 3469 3470
f 3457 3463 3462
f 3465 3470 3471
f 3457 3464 3463
f 3465 3471 3472
f 3473 3474 3482
f 3473 3482 3481
f 3474 3475 3483
f 3474 3483 3482
f 3475 3476 3484
f 3475 3484 3483
f 3476 3477 3485
f 3476 3485 3484
f 3477 3478 3486
f 3477 3486 3485
f 3478 3479 3487
f 3478 3487 3486
f 3479 3480 3488
f 3479 3488 3487
f 3480 3473 3481
f 3480 3481 3488
f 3473 3475 3474
f 3481 3482 3483
f 3473 3476 3475
f 3481 3483 3484
f 3473 3477 3476
f 3481 3484 3485
f 3473 3478 3477
f 3481 3485 3486
f 3473 3479 3478
f 3481 3486 3487
f 3473 3480 3479
f 3481 3487 3488
f 3489 3490 3498
f 3489 3498 3497
f 3490 3491 3499
f 3490 3499 3498
f 3491 3492 3500
f 3491 3500 3499
f 3492 3493 3501
f 3492 3501 3500
f 3493 3494 3502
f 3493 3502 3501
f 3494 3495 3503
f 3494 3503 3502
f 3495 3496 3504
f 3495 3504 3503
f 3496 3489 3497
f 3496 3497 3504
f 3489 3491 3490
f 3497 3498 3499
f 3489 3492 3491
f 3497 3499 3500
f 3489 3493 3492
f 3497 3500 3501
f 3489 3494 3493
f 3497 3501 3502
f 3489 3495 3494
f 3497 3502 3503
f 3489 3496 3495
f 3497 3503 3504
f 3505 3506 3514
f 3505 3514 3513
f 3506 3507 3515
f 3506 3515 3514
f 3507 3508 3516
f 3507 3516 3515
f 3508 3509 3517
f 3508 3517 3516
f 3509 3510 3518
f 3509 3518 3517
f 3510 3511 3519
f 3510 3519 3518
f 3511 3512 3520
f 3511 3520 3519
f 3512 3505 3513
f 3512 3513 3520
f 3505 3507 3506
f 3513 3514 3515
f 3505 3508 3507
f 3513 3515 3516
f 3505 3509 3508
f 3513 3516 3517
f 3505 3510 3509
f 3513 3517 3518
f 3505 3511 3510
f 3513 3518 3519
f 3505 3512 3511
f 3513 3519 3520
f 3521 3522 3530
f 3521 3530 3529
f 3522 3523 3531
f 3522 3531 3530
f 3523 3524 3532
f 3523 3532 3531
f 3524 3525 3533
f 3524 3533 3532
f 3525 3526 3534
f 3525 3534 3533
f 3526 3527 3535
f 3526 3535 3534
f 3527 3528 3536
f 3527 3536 3535
f 3528 3521 3529
f 3528 3529 3536
f 3521 3523 3522
f 3529 3530 3531
f 3521 3524 3523
f 3529 3531 3532
f 3521 3525 3524
f 3529 3532 3533
f 3521 3526 3525
f 3529 3533 3534
f 3521 3527 3526
f 3529 3534 3535
f 3521 3528 3527
f 3529 3535 3536
f 3537 3538 3546
f 3537 3546 3545
f 3538 3539 3547
f 3538 3547 3546
f 3539 3540 3548
f 3539 3548 3547
f 3540 3541 3549
f 3540 3549 3548
f 3541 3542 3550
f 3541 3550 3549
f 3542 3543 3551
f 3542 3551 3550
f 3543 3544 3552
f 3543 3552 3551
f 3544 3537 3545
f 3544 3545 3552
f 3537 3539 3538
f 3545 3546 3547
f 3537 3540 3539
f 3545 3547 3548
f 3537 3541 3540
f 3545 3548 3549
f 3537 3542 3541
f 3545 3549 3550
f 3537 3543 3542
f 3545 3550 3551
f 3537 3544 3543
f 3545 3551 3552
f 3553 3554 3562
f 3553 3562 3561
f 3554 3555 3563
f 3554 3563 3562
f 3555 3556 3564
f 3555 3564 3563
f 3556 3557 3565
f 3556 3565 3564
f 3557 3558 3566
f 3557 3566 3565
f 3558 3559 3567
f 3558 3567 3566
f 3559 3560 3568
f 3559 3568 3567
f 3560 3553 3561
f 3560 3561 3568
f 3553 3555 3554
f 3561 3562 3563
f 3553 3556 3555
f 3561 3563 3564
f 3553 3557 3556
f 3561 3564 3565
f 3553 3558 3557
f 3561 3565 3566
f 3553 3559 3558
f 3561 3566 3567
f 3553 3560 3559
f 3561 3567 3568
f 3569 3570 3578
f 3569 3578 3577
f 3570 3571 3579
f 3570 3579 3578
f 3571 3572 3580
f 3571 3580 3579
f 3572 3573 3581
f 3572 3581 3580
f 3573 3574 3582
f 3573 3582 3581
f 3574 3575 3583
f 3574 3583 3582
f 3575 3576 3584
f 3575 3584 3583
f 3576 3569 3577
f 3576 3577 3584
f 3569 3571 3570
f 3577 3578 3579
f 3569 3572 3571
f 3577 3579 3580
f 3569 3573 3572
f 3577 3580 3581
f 3569 3574 3573
f 3577 3581 3582
f 3569 3575 3574
f 3577 3582 3583
f 3569 3576 3575
f 3577 3583 3584
f 3585 3586 3594
f 3585 3594 3593
f 3586 3587 3595
f 3586 3595 3594
f 3587 3588 3596
f 3587 3596 3595
f 3588 3589 3597
f 3588 3597 3596
f 3589 3590 3598
f 3589 3598 3597
f 3590 3591 3599
f 3590 3599 3598
f 3591 3592 3600
f 3591 3600 3599
f 3592 3585 3593
f 3592 3593 3600
f 3585 3587 3586
f 3593 3594 3595
f 3585 3588 3587
f 3593 3595 3596
f 3585 3589 3588
f 3593 3596 3597
f 3585 3590 3589
f 3593 3597 3598
f 3585 3591 3590
f 3593 3598 3599
f 3585 3592 3591
f 3593 3599 3600
f 3601 3602 3610
f 3601 3610 3609
f 3602 3603 3611
f 3602 3611 3610
f 3603 3604 3612
f 3603 3612 3611
f 3604 3605 3613
f 3604 3613 3612
f 3605 3606 3614
f 3605 3614 3613
f 3606 3607 3615
f 3606 3615 3614
f 3607 3608 3616
f 3607 3616 3615
f 3608 3601 3609
f 3608 3609 3616
f 3601 3603 3602
f 3609 3610 3611
f 3601 3604 3603
f 3609 3611 3612
f 3601 3605 3604
f 3609 3612 3613
f 3601 3606 3605
f 3609 3613 3614
f 3601 3607 3606
f 3609 3614 3615
f 3601 3608 3607
f 3609 3615 3616
f 3617 3618 3626
f 3617 3626 3625
f 3618 3619 3627
f 3618 3627 3626
f 3619 3620 3628
f 3619 3628 3627
f 3620 3621 3629
f 3620 3629 3628
f 3621 3622 3630
f 3621 3630 3629
f 3622 3623 3631
f 3622 3631 3630
f 3623 3624 3632
f 3623 3632 3631
f 3624 3617 3625
f 3624 3625 3632
f 3617 3619 3618
f 3625 3626 3627
f 3617 3620 3619
f 3625 3627 3628
f 3617 3621 3620
f 3625 3628 3629
f 3617 3622 3621
f 3625 3629 3630
f 3617 3623 3622
f 3625 3630 3631
f 3617 3624 3623
f 3625 3631 3632
f 3633 3634 3642
f 3633 3642 3641
f 3634 3635 3643
f 3634 3643 3642
f 3635 3636 3644
f 3635 3644 3643
f 3636 3637 3645
f 3636 3645 3644
f 3637 3638 3646
f 3637 3646 3645
f 3638 3639 3647
f 3638 3647 3646
f 3639 3640 3648
f 3639 3648 3647
f 3640 3633 3641
f 3640 3641 3648
f 3633 3635 3634
f 3641 3642 3643
f 3633 3636 3635
f 3641 3643 3644
f 3633 3637 3636
f 3641 3644 3645
f 3633 3638 3637
f 3641 3645 3646
f 3633 3639 3638
f 3641 3646 3647
f 3633 3640 3639
f 3641 3647 3648
f 3649 3650 3658
f 3649 3658 3657
f 3650 3651 3659
f 3650 3659 3658
f 3651 3652 3660
f 3651 3660 3659
f 3652 3653 3661
f 3652 3661 3660
f 3653 3654 3662
f 3653 3662 3661
f 3654 3655 3663
f 3654 3663 3662
f 3655 3656 3664
f 3655 3664 3663
f 3656 3649 3657
f 3656 3657 3664
f 3649 3651 3650
f 3657 3658 3659
f 3649 3652 3651
f 3657 3659 3660
f 3649 3653 3652
f 3657 3660 3661
f 3649 3654 3653
f 3657 3661 3662
f 3649 3655 3654
f 3657 3662 3663
f 3649 3656 3655
f 3657 3663 3664
f 3665 3666 3674
f 3665 3674 3673
f 3666 3667 3675
f 3666 3675 3674
f 3667 3668 3676
f 3667 3676 3675
f 3668 3669 3677
f 3668 3677 3676
f 3669 3670 3678
f 3669 3678 3677
f 3670 3671 3679
f 3670 3679 3678
f 3671 3672 3680
f 3671 3680 3679
f 3672 3665 3673
f 3672 3673 3680
f 3665 3667 3666
f 3673 3674 3675
f 3665 3668 3667
f 3673 3675 3676
f 3665 3669 3668
f 3673 3676 3677
f 3665 3670 3669
f 3673 3677 3678
f 3665 3671 3670
f 3673 3678 3679
f 3665 3672 3671
f 3673 3679 3680
f 3681 3682 3690
f 3681 3690 3689
f 3682 3683 3691
f 3682 3691 3690
f 3683 3684 3692
f 3683 3692 3691
f 3684 3685 3693
f 3684 3693 3692
f 3685 3686 3694
f 3685 3694 3693
f 3686 3687 3695
f 3686 3695 3694
f 3687 3688 3696
f 3687 3696 3695
f 3688 3681 3689
f 3688 3689 3696
f 3681 3683 3682
f 3689 3690 3691
f 3681 3684 3683
f 3689 3691 3692
f 3681 3685 3684
f 3689 3692 3693
f 3681 3686 3685
f 3689 3693 3694
f 3681 3687 3686
f 3689 3694 3695
f 3681 3688 3687
f 3689 3695 3696
f 3697 3698 3706
f 3697 3706 3705
f 3698 3699 3707
f 3698 3707 3706
f 3699 3700 3708
f 3699 3708 3707
f 3700 3701 3709
f 3700 3709 3708
f 3701 3702 3710
f 3701 3710 3709
f 3702 3703 3711
f 3702 3711 3710
f 3703 3704 3712
f 3703 3712 3711
f 3704 3697 3705
f 3704 3705 3712
f 3697 3699 3698
f 3705 3706 3707
f 3697 3700 3699
f 3705 3707 3708
f 3697 3701 3700
f 3705 3708 3709
f 3697 3702 3701
f 3705 3709 3710
f 3697 3703 3702
f 3705 3710 3711
f 3697 3704 3703
f 3705 3711 3712
f 3713 3714 3722
f 3713 3722 3721
f 3714 3715 3723
f 3714 3723 3722
f 3715 3716 3724
f 3715 3724 3723
f 3716 3717 3725
f 3716 3725 3724
f 3717 3718 3726
f 3717 3726 3725
f 3718 3719 3727
f 3718 3727 3726
f 3719 3720 3728
f 3719 3728 3727
f 3720 3713 3721
f 3720 3721 3728
f 3713 3715 3714
f 3721 3722 3723
f 3713 3716 3715
f 3721 3723 3724
f 3713 3717 3716
f 3721 3724 3725
f 3713 3718 3717
f 3721 3725 3726
f 3713 3719 3718
f 3721 3726 3727
f 3713 3720 3719
f 3721 3727 3728
f 3729 3730 3738
f 3729 3738 3737
f 3730 3731 3739
f 3730 3739 3738
f 3731 3732 3740
f 3731 3740 3739
f 3732 3733 3741
f 3732 3741 3740
f 3733 3734 3742
f 3733 3742 3741
f 3734 3735 3743
f 3734 3743 3742
f 3735 3736 3744
f 3735 3744 3743
f 3736 3729 3737
f 3736 3737 3744
f 3729 3731 3730
f 3737 3738 3739
f 3729 3732 3731
f 3737 3739 3740
f 3729 3733 3732
f 3737 3740 3741
f 3729 3734 3733
f 3737 3741 3742
f 3729 3735 3734
f 3737 3742 3743
f 3729 3736 3735
f 3737 3743 3744
f 3745 3746 3754
f 3745 3754 3753
f 3746 3747 3755
f 3746 3755 3754
f 3747 3748 3756
f 3747 3756 3755
f 3748 3749 3757
f 3748 3757 3756
f 3749 3750 3758
f 3749 3758 3757
f 3750 3751 3759
f 3750 3759 3758
f 3751 3752 3760
f 3751 3760 3759
f 3752 3745 3753
f 3752 3753 3760
f 3745 3747 3746
f 3753 3754 3755
f 3745 3748 3747
f 3753 3755 3756
f 3745 3749 3748
f 3753 3756 3757
f 3745 3750 3749
f 3753 3757 3758
f 3745 3751 3750
f 3753 3758 3759
f 3745 3752 3751
f 3753 3759 3760
f 3761 3762 3770
f 3761 3770 3769
f 3762 3763 3771
f 3762 3771 3770
f 3763 3764 3772
f 3763 3772 3771
f 3764 3765 3773
f 3764 3773 3772
f 3765 3766 3774
f 3765 3774 3773
f 3766 3767 3775
f 3766 3775 3774
f 3767 3768 3776
f 3767 3776 3775
f 3768 3761 3769
f 3768 3769 3776
f 3761 3763 3762
f 3769 3770 3771
f 3761 3764 3763
f 3769 3771 3772
f 3761 3765 3764
f 3769 3772 3773
f 3761 3766 3765
f 3769 3773 3774
f 3761 3767 3766
f 3769 3774 3775
f 3761 3768 3767
f 3769 3775 3776
f 3777 3778 3786
f 3777 3786 3785
f 3778 3779 3787
f 3778 3787 3786
f 3779 3780 3788
f 3779 3788 3787
f 3780 3781 3789
f 3780 3789 3788
f 3781 3782 3790
f 3781 3790 3789
f 3782 3783 3791
f 3782 3791 3790
f 3783 3784 3792
f 3783 3792 3791
f 3784 3777 3785
f 3784 3785 3792
f 3777 3779 3778
f 3785 3786 3787
f 3777 3780 3779
f 3785 3787 3788
f 3777 3781 3780
f 3785 3788 3789
f 3777 3782 3781
f 3785 3789 3790
f 3777 3783 3782
f 3785 3790 3791
f 3777 3784 3783
f 3785 3791 3792
f 3793 3794 3802
f 3793 3802 3801
f 3794 3795 3803
f 3794 3803 3802
f 3795 3796 3804
f 3795 3804 3803
f 3796 3797 3805
f 3796 3805 3804
f 3797 3798 3806
f 3797 3806 3805
f 3798 3799 3807
f 3798 3807 3806
f 3799 3800 3808
f 3799 3808 3807
f 3800 3793 3801
f 3800 3801 3808
f 3793 3795 3794
f 3801 3802 3803
f 3793 3796 3795
f 3801 3803 3804
f 3793 3797 3796
f 3801 3804 3805
f 3793 3798 3797
f 3801 3805 3806
f 3793 3799 3798
f 3801 3806 3807
f 3793 3800 3799
f 3801 3807 3808
f 3809 3810 3818
f 3809 3818 3817
f 3810 3811 3819
f 3810 3819 3818
f 3811 3812 3820
f 3811 3820 3819
f 3812 3813 3821
f 3812 3821 3820
f 3813 3814 3822
f 3813 3822 3821
f 3814 3815 3823
f 3814 3823 3822
f 3815 3816 3824
f 3815 3824 3823
f 3816 3809 3817
f 3816 3817 3824
f 3809 3811 3810
f 3817 3818 3819
f 3809 3812 3811
f 3817 3819 3820
f 3809 3813 3812
f 3817 3820 3821
f 3809 3814 3813
f 3817 3821 3822
f 3809 3815 3814
f 3817 3822 3823
f 3809 3816 3815
f 3817 3823 3824
f 3825 3826 3834
f 3825 3834 3833
f 3826 3827 3835
f 3826 3835 3834
f 3827 3828 3836
f 3827 3836 3835
f 3828 3829 3837
f 3828 3837 3836
f 3829 3830 3838
f 3829 3838 3837
f 3830 3831 3839
f 3830 3839 3838
f 3831 3832 3840
f 3831 3840 3839
f 3832 3825 3833
f 3832 3833 3840
f 3825 3827 3826
f 3833 3834 3835
f 3825 3828 3827
f 3833 3835 3836
f 3825 3829 3828
f 3833 3836 3837
f 3825 3830 3829
f 3833 3837 3838
f 3825 3831 3830
f 3833 3838 3839
f 3825 3832 3831
f 3833 3839 3840
f 3841 3842 3850
f 3841 3850 3849
f 3842 3843 3851
f 3842 3851 3850
f 3843 3844 3852
f 3843 3852 3851
f 3844 3845 3853
f 3844 3853 3852
f 3845 3846 3854
f 3845 3854 3853
f 3846 3847 3855
f 3846 3855 3854
f 3847 3848 3856
f 3847 3856 3855
f 3848 3841 3849
f 3848 3849 3856
f 3841 3843 3842
f 3849 3850 3851
f 3841 3844 3843
f 3849 3851 3852
f 3841 3845 3844
f 3849 3852 3853
f 3841 3846 3845
f 3849 3853 3854
f 3841 3847 3846
f 3849 3854 3855
f 3841 3848 3847
f 3849 3855 3856
f 3857 3858 3866
f 3857 3866 3865
f 3858 3859 3867
f 3858 3867 3866
f 3859 3860 3868
f 3859 3868 3867
f 3860 3861 3869
f 3860 3869 3868
f 3861 3862 3870
f 3861 3870 3869
f 3862 3863 3871
f 3862 3871 3870
f 3863 3864 3872
f 3863 3872 3871
f 3864 3857 3865
f 3864 3865 3872
f 3857 3859 3858
f 3865 3866 3867
f 3857 3860 3859
f 3865 3867 3868
f 3857 3861 3860
f 3865 3868 3869
f 3857 3862 3861
f 3865 3869 3870
f 3857 3863 3862
f 3865 3870 3871
f 3857 3864 3863
f 3865 3871 3872
f 3873 3874 3882
f 3873 3882 3881
f 3874 3875 3883
f 3874 3883 3882
f 3875 3876 3884
f 3875 3884 3883
f 3876 3877 3885
f 3876 3885 3884
f 3877 3878 3886
f 3877 3886 3885
f 3878 3879 3887
f 3878 3887 3886
f 3879 3880 3888
f 3879 3888 3887
f 3880 3873 3881
f 3880 3881 3888
f 3873 3875 3874
f 3881 3882 3883
f 3873 3876 3875
f 3881 3883 3884
f 3873 3877 3876
f 3881 3884 3885
f 3873 3878 3877
f 3881 3885 3886
f 3873 3879 3878
f 3881 3886 3887
f 3873 3880 3879
f 3881 3887 3888
f 3889 3890 3898
f 3889 3898 3897
f 3890 3891 3899
f 3890 3899 3898
f 3891 3892 3900
f 3891 3900 3899
f 3892 3893 3901
f 3892 3901 3900
f 3893 3894 3902
f 3893 3902 3901
f 3894 3895 3903
f 3894 3903 3902
f 3895 3896 3904
f 3895 3904 3903
f 3896 3889 3897
f 3896 3897 3904
f 3889 3891 3890
f 3897 3898 3899
f 3889 3892 3891
f 3897 3899 3900
f 3889 3893 3892
f 3897 3900 3901
f 3889 3894 3893
f 3897 3901 3902
f 3889 3895 3894
f 3897 3902 3903
f 3889 3896 3895
f 3897 3903 3904
f 3905 3906 3914
f 3905 3914 3913
f 3906 3907 3915
f 3906 3915 3914
f 3907 3908 3916
f 3907 3916 3915
f 3908 3909 3917
f 3908 3917 3916
f 3909 3910 3918
f 3909 3918 3917
f 3910 3911 3919
f 3910 3919 3918
f 3911 3912 3920
f 3911 3920 3919
f 3912 3905 3913
f 3912 3913 3920
f 3905 3907 3906
f 3913 3914 3915
f 3905 3908 3907
f 3913 3915 3916
f 3905 3909 3908
f 3913 3916 3917
f 3905 3910 3909
f 3913 3917 3918
f 3905 3911 3910
f 3913 3918 3919
f 3905 3912 3911
f 3913 3919 3920
f 3921 3922 3930
f 3921 3930 3929
f 3922 3923 3931
f 3922 3931 3930
f 3923 3924 3932
f 3923 3932 3931
f 3924 3925 3933
f 3924 3933 3932
f 3925 3926 3934
f 3925 3934 3933
f 3926 3927 3935
f 3926 3935 3934
f 3927 3928 3936
f 3927 3936 3935
f 3928 3921 3929
f 3928 3929 3936
f 3921 3923 3922
f 3929 3930 3931
f 3921 3924 3923
f 3929 3931 3932
f 3921 3925 3924
f 3929 3932 3933
f 3921 3926 3925
f 3929 3933 3934
f 3921 3927 3926
f 3929 3934 3935
f 3921 3928 3927
f 3929 3935 3936
f 3937 3938 3946
f 3937 3946 3945
f 3938 3939 3947
f 3938 3947 3946
f 3939 3940 3948
f 3939 3948 3947
f 3940 3941 3949
f 3940 3949 3948
f 3941 3942 3950
f 3941 3950 3949
f 3942 3943 3951
f 3942 3951 3950
f 3943 3944 3952
f 3943 3952 3951
f 3944 3937 3945
f 3944 3945 3952
f 3937 3939 3938
f 3945 3946 3947
f 3937 3940 3939
f 3945 3947 3948
f 3937 3941 3940
f 3945 3948 3949
f 3937 3942 3941
f 3945 3949 3950
f 3937 3943 3942
f 3945 3950 3951
f 3937 3944 3943
f 3945 3951 3952
f 3953 3954 3962
f 3953 3962 3961
f 3954 3955 3963
f 3954 3963 3962
f 3955 3956 3964
f 3955 3964 3963
f 3956 3957 3965
f 3956 3965 3964
f 3957 3958 3966
f 3957 3966 3965
f 3958 3959 3967
f 3958 3967 3966
f 3959 3960 3968
f 3959 3968 3967
f 3960 3953 3961
f 3960 3961 3968
f 3953 3955 3954
f 3961 3962 3963
f 3953 3956 3955
f 3961 3963 3964
f 3953 3957 3956
f 3961 3964 3965
f 3953 3958 3957
f 3961 3965 3966
f 3953 3959 3958
f 3961 3966 3967
f 3953 3960 3959
f 3961 3967 3968
f 3969 3970 3978
f 3969 3978 3977
f 3970 3971 3979
f 3970 3979 3978
f 3971 3972 3980
f 3971 3980 3979
f 3972 3973 3981
f 3972 3981 3980
f 3973 3974 3982
f 3973 3982 3981
f 3974 3975 3983
f 3974 3983 3982
f 3975 3976 3984
f 3975 3984 3983
f 3976 3969 3977
f 3976 3977 3984
f 3969 3971 3970
f 3977 3978 3979
f 3969 3972 3971
f 3977 3979 3980
f 3969 3973 3972
f 3977 3980 3981
f 3969 3974 3973
f 3977 3981 3982
f 3969 3975 3974
f 3977 3982 3983
f 3969 3976 3975
f 3977 3983 3984
f 3985 3986 3994
f 3985 3994 3993
f 3986 3987 3995
f 3986 3995 3994
f 3987 3988 3996
f 3987 3996 3995
f 3988 3989 3997
f 3988 3997 3996
f 3989 3990 3998
f 3989 3998 3997
f 3990 3991 3999
f 3990 3999 3998
f 3991 3992 4000
f 3991 4000 3999
f 3992 3985 3993
f 3992 3993 4000
f 3985 3987 3986
f 3993 3994 3995
f 3985 3988 3987
f 3993 3995 3996
f 3985 3989 3988
f 3993 3996 3997
f 3985 3990 3989
f 3993 3997 3998
f 3985 3991 3990
f 3993 3998 3999
f 3985 3992 3991
f 3993 3999 4000
f 4001 4002 4010
f 4001 4010 4009
f 4002 4003 4011
f 4002 4011 4010
f 4003 4004 4012
f 4003 4012 4011
f 4004 4005 4013
f 4004 4013 4012
f 4005 4006 4014
f 4005 4014 4013
f 4006 4007 4015
f 4006 4015 4014
f 4007 4008 4016
f 4007 4016 4015
f 4008 4001 4009
f 4008 4009 4016
f 4001 4003 4002
f 4009 4010 4011
f 4001 4004 4003
f 4009 4011 4012
f 4001 4005 4004
f 4009 4012 4013
f 4001 4006 4005
f 4009 4013 4014
f 4001 4007 4006
f 4009 4014 4015
f 4001 4008 4007
f 4009 4015 4016
f 4017 4018 4026
f 4017 4026 4025
f 4018 4019 4027
f 4018 4027 4026
f 4019 4020 4028
f 4019 4028 4027
f 4020 4021 4029
f 4020 4029 4028
f 4021 4022 4030
f 4021 4030 4029
f 4022 4023 4031
f 4022 4031 4030
f 4023 4024 4032
f 4023 4032 4031
f 4024 4017 4025
f 4024 4025 4032
f 4017 4019 4018
f 4025 4026 4027
f 4017 4020 4019
f 4025 4027 4028
f 4017 4021 4020
f 4025 4028 4029
f 4017 4022 4021
f 4025 4029 4030
f 4017 4023 4022
f 4025 4030 4031
f 4017 4024 4023
f 4025 4031 4032
f 4033 4034 4042
f 4033 4042 4041
f 4034 4035 4043
f 4034 4043 4042
f 4035 4036 4044
f 4035 4044 4043
f 4036 4037 4045
f 4036 4045 4044
f 4037 4038 4046
f 4037 4046 4045
f 4038 4039 4047
f 4038 4047 4046
f 4039 4040 4048
f 4039 4048 4047
f 4040 4033 4041
f 4040 4041 4048
f 4033 4035 4034
f 4041 4042 4043
f 4033 4036 4035
f 4041 4043 4044
f 4033 4037 4036
f 4041 4044 4045
f 4033 4038 4037
f 4041 4045 4046
f 4033 4039 4038
f 4041 4046 4047
f 4033 4040 4039
f 4041 4047 4048
f 4049 4050 4058
f 4049 4058 4057
f 4050 4051 4059
f 4050 4059 4058
f 4051 4052 4060
f 4051 4060 4059
f 4052 4053 4061
f 4052 4061 4060
f 4053 4054 4062
f 4053 4062 4061
f 4054 4055 4063
f 4054 4063 4062
f 4055 4056 4064
f 4055 4064 4063
f 4056 4049 4057
f 4056 4057 4064
f 4049 4051 4050
f 4057 4058 4059
f 4049 4052 4051
f 4057 4059 4060
f 4049 4053 4052
f 4057 4060 4061
f 4049 4054 4053
f 4057 4061 4062
f 4049 4055 4054
f 4057 4062 4063
f 4049 4056 4055
f 4057 4063 4064
f 4065 4066 4074
f 4065 4074 4073
f 4066 4067 4075
f 4066 4075 4074
f 4067 4068 4076
f 4067 4076 4075
f 4068 4069 4077
f 4068 4077 4076
f 4069 4070 4078
f 4069 4078 4077
f 4070 4071 4079
f 4070 4079 4078
f 4071 4072 4080
f 4071 4080 4079
f 4072 4065 4073
f 4072 4073 4080
f 4065 4067 4066
f 4073 4074 4075
f 4065 4068 4067
f 4073 4075 4076
f 4065 4069 4068
f 4073 4076 4077
f 4065 4070 4069
f 4073 4077 4078
f 4065 4071 4070
f 4073 4078 4079
f 4065 4072 4071
f 4073 4079 4080
f 4081 4082 4090
f 4081 4090 4089
f 4082 4083 4091
f 4082 4091 4090
f 4083 4084 4092
f 4083 4092 4091
f 4084 4085 4093
f 4084 4093 4092
f 4085 4086 4094
f 4085 4094 4093
f 4086 4087 4095
f 4086 4095 4094
f 4087 4088 4096
f 4087 4096 4095
f 4088 4081 4089
f 4088 4089 4096
f 4081 4083 4082
f 4089 4090 4091
f 4081 4084 4083
f 4089 4091 4092
f 4081 4085 4084
f 4089 4092 4093
f 4081 4086 4085
f 4089 4093 4094
f 4081 4087 4086
f 4089 4094 4095
f 4081 4088 4087
f 4089 4095 4096
f 4097 4098 4106
f 4097 4106 4105
f 4098 4099 4107
f 4098 4107 4106
f 4099 4100 4108
f 4099 4108 4107
f 4100 4101 4109
f 4100 4109 4108
f 4101 4102 4110
f 4101 4110 4109
f 4102 4103 4111
f 4102 4111 4110
f 4103 4104 4112
f 4103 4112 4111
f 4104 4097 4105
f 4104 4105 4112
f 4097 4099 4098
f 4105 4106 4107
f 4097 4100 4099
f 4105 4107 4108
f 4097 4101 4100
f 4105 4108 4109
f 4097 4102 4101
f 4105 4109 4110
f 4097 4103 4102
f 4105 4110 4111
f 4097 4104 4103
f 4105 4111 4112
f 4113 4114 4122
f 4113 4122 4121
f 4114 4115 4123
f 4114 4123 4122
f 4115 4116 4124
f 4115 4124 4123
f 4116 4117 4125
f 4116 4125 4124
f 4117 4118 4126
f 4117 4126 4125
f 4118 4119 4127
f 4118 4127 4126
f 4119 4120 4128
f 4119 4128 4127
f 4120 4113 4121
f 4120 4121 4128
f 4113 4115 4114
f 4121 4122 4123
f 4113 4116 4115
f 4121 4123 4124
f 4113 4117 4116
f 4121 4124 4125
f 4113 4118 4117
f 4121 4125 4126
f 4113 4119 4118
f 4121 4126 4127
f 4113 4120 4119
f 4121 4127 4128
f 4129 4130 4138
f 4129 4138 4137
f 4130 4131 4139
f 4130 4139 4138
f 4131 4132 4140
f 4131 4140 4139
f 4132 4133 4141
f 4132 4141 4140
f 4133 4134 4142
f 4133 4142 4141
f 4134 4135 4143
f 4134 4143 4142
f 4135 4136 4144
f 4135 4144 4143
f 4136 4129 4137
f 4136 4137 4144
f 4129 4131 4130
f 4137 4138 4139
f 4129 4132 4131
f 4137 4139 4140
f 4129 4133 4132
f 4137 4140 4141
f 4129 4134 4133
f 4137 4141 4142
f 4129 4135 4134
f 4137 4142 4143
f 4129 4136 4135
f 4137 4143 4144
f 4145 4146 4154
f 4145 4154 4153
f 4146 4147 4155
f 4146 4155 4154
f 4147 4148 4156
f 4147 4156 4155
f 4148 4149 4157
f 4148 4157 4156
f 4149 4150 4158
f 4149 4158 4157
f 4150 4151 4159
f 4150 4159 4158
f 4151 4152 4160
f 4151 4160 4159
f 4152 4145 4153
f 4152 4153 4160
f 4145 4147 4146
f 4153 4154 4155
f 4145 4148 4147
f 4153 4155 4156
f 4145 4149 4148
f 4153 4156 4157
f 4145 4150 4149
f 4153 4157 4158
f 4145 4151 4150
f 4153 4158 4159
f 4145 4152 4151
f 4153 4159 4160
f 4161 4162 4170
f 4161 4170 4169
f 4162 4163 4171
f 4162 4171 4170
f 4163 4164 4172
f 4163 4172 4171
f 4164 4165 4173
f 4164 4173 4172
f 4165 4166 4174
f 4165 4174 4173
f 4166 4167 4175
f 4166 4175 4174
f 4167 4168 4176
f 4167 4176 4175
f 4168 4161 4169
f 4168 4169 4176
f 4161 4163 4162
f 4169 4170 4171
f 4161 4164 4163
f 4169 4171 4172
f 4161 4165 4164
f 4169 4172 4173
f 4161 4166 4165
f 4169 4173 4174
f 4161 4167 4166
f 4169 4174 4175
f 4161 4168 4167
f 4169 4175 4176
f 4177 4178 4186
f 4177 4186 4185
f 4178 4179 4187
f 4178 4187 4186
f 4179 4180 4188
f 4179 4188 4187
f 4180 4181 4189
f 4180 4189 4188
f 4181 4182 4190
f 4181 4190 4189
f 4182 4183 4191
f 4182 4191 4190
f 4183 4184 4192
f 4183 4192 4191
f 4184 4177 4185
f 4184 4185 4192
f 4177 4179 4178
f 4185 4186 4187
f 4177 4180 4179
f 4185 4187 4188
f 4177 4181 4180
f 4185 4188 4189
f 4177 4182 4181
f 4185 4189 4190
f 4177 4183 4182
f 4185 4190 4191
f 4177 4184 4183
f 4185 4191 4192
f 4193 4194 4202
f 4193 4202 4201
f 4194 4195 4203
f 4194 4203 4202
f 4195 4196 4204
f 4195 4204 4203
f 4196 4197 4205
f 4196 4205 4204
f 4197 4198 4206
f 4197 4206 4205
f 4198 4199 4207
f 4198 4207 4206
f 4199 4200 4208
f 4199 4208 4207
f 4200 4193 4201
f 4200 4201 4208
f 4193 4195 4194
f 4201 4202 4203
f 4193 4196 4195
f 4201 4203 4204
f 4193 4197 4196
f 4201 4204 4205
f 4193 4198 4197
f 4201 4205 4206
f 4193 4199 4198
f 4201 4206 4207
f 4193 4200 4199
f 4201 4207 4208
f 4209 4210 4218
f 4209 4218 4217
f 4210 4211 4219
f 4210 4219 4218
f 4211 4212 4220
f 4211 4220 4219
f 4212 4213 4221
f 4212 4221 4220
f 4213 4214 4222
f 4213 4222 4221
f 4214 4215 4223
f 4214 4223 4222
f 4215 4216 4224
f 4215 4224 4223
f 4216 4209 4217
f 4216 4217 4224
f 4209 4211 4210
f 4217 4218 4219
f 4209 4212 4211
f 4217 4219 4220
f 4209 4213 4212
f 4217 4220 4221
f 4209 4214 4213
f 4217 4221 4222
f 4209 4215 4214
f 4217 4222 4223
f 4209 4216 4215
f 4217 4223 4224
f 4225 4226 4234
f 4225 4234 4233
f 4226 4227 4235
f 4226 4235 4234
f 4227 4228 4236
f 4227 4236 4235
f 4228 4229 4237
f 4228 4237 4236
f 4229 4230 4238
f 4229 4238 4237
f 4230 4231 4239
f 4230 4239 4238
f 4231 4232 4240
f 4231 4240 4239
f 4232 4225 4233
f 4232 4233 4240
f 4225 4227 4226
f 4233 4234 4235
f 4225 4228 4227
f 4233 4235 4236
f 4225 4229 4228
f 4233 4236 4237
f 4225 4230 4229
f 4233 4237 4238
f 4225 4231 4230
f 4233 4238 4239
f 4225 4232 4231
f 4233 4239 4240
f 4241 4242 4250
f 4241 4250 4249
f 4242 4243 4251
f 4242 4251 4250
f 4243 4244 4252
f 4243 4252 4251
f 4244 4245 4253
f 4244 4253 4252
f 4245 4246 4254
f 4245 4254 4253
f 4246 4247 4255
f 4246 4255 4254
f 4247 4248 4256
f 4247 4256 4255
f 4248 4241 4249
f 4248 4249 4256
f 4241 4243 4242
f 4249 4250 4251
f 4241 4244 4243
f 4249 4251 4252
f 4241 4245 4244
f 4249 4252 4253
f 4241 4246 4245
f 4249 4253 4254
f 4241 4247 4246
f 4249 4254 4255
f 4241 4248 4247
f 4249 4255 4256
f 4257 4258 4266
f 4257 4266 4265
f 4258 4259 4267
f 4258 4267 4266
f 4259 4260 4268
f 4259 4268 4267
f 4260 4261 4269
f 4260 4269 4268
f 4261 4262 4270
f 4261 4270 4269
f 4262 4263 4271
f 4262 4271 4270
f 4263 4264 4272
f 4263 4272 4271
f 4264 4257 4265
f 4264 4265 4272
f 4257 4259 4258
f 4265 4266 4267
f 4257 4260 4259
f 4265 4267 4268
f 4257 4261 4260
f 4265 4268 4269
f 4257 4262 4261
f 4265 4269 4270
f 4257 4263 4262
f 4265 4270 4271
f 4257 4264 4263
f 4265 4271 4272
f 4273 4274 4282
f 4273 4282 4281
f 4274 4275 4283
f 4274 4283 4282
f 4275 4276 4284
f 4275 4284 4283
f 4276 4277 4285
f 4276 4285 4284
f 4277 4278 4286
f 4277 4286 4285
f 4278 4279 4287
f 4278 4287 4286
f 4279 4280 4288
f 4279 4288 4287
f 4280 4273 4281
f 4280 4281 4288
f 4273 4275 4274
f 4281 4282 4283
f 4273 4276 4275
f 4281 4283 4284
f 4273 4277 4276
f 4281 4284 4285
f 4273 4278 4277
f 4281 4285 4286
f 4273 4279 4278
f 4281 4286 4287
f 4273 4280 4279
f 4281 4287 4288
f 4289 4290 4298
f 4289 4298 4297
f 4290 4291 4299
f 4290 4299 4298
f 4291 4292 4300
f 4291 4300 4299
f 4292 4293 4301
f 4292 4301 4300
f 4293 4294 4302
f 4293 4302 4301
f 4294 4295 4303
f 4294 4303 4302
f 4295 4296 4304
f 4295 4304 4303
f 4296 4289 4297
f 4296 4297 4304
f 4289 4291 4290
f 4297 4298 4299
f 4289 4292 4291
f 4297 4299 4300
f 4289 4293 4292
f 4297 4300 4301
f 4289 4294 4293
f 4297 4301 4302
f 4289 4295 4294
f 4297 4302 4303
f 4289 4296 4295
f 4297 4303 4304
f 4305 4306 4314
f 4305 4314 4313
f 4306 4307 4315
f 4306 4315 4314
f 4307 4308 4316
f 4307 4316 4315
f 4308 4309 4317
f 4308 4317 4316
f 4309 4310 4318
f 4309 4318 4317
f 4310 4311 4319
f 4310 4319 4318
f 4311 4312 4320
f 4311 4320 4319
f 4312 4305 4313
f 4312 4313 4320
f 4305 4307 4306
f 4313 4314 4315
f 4305 4308 4307
f 4313 4315 4316
f 4305 4309 4308
f 4313 4316 4317
f 4305 4310 4309
f 4313 4317 4318
f 4305 4311 4310
f 4313 4318 4319
f 4305 4312 4311
f 4313 4319 4320
f 4321 4322 4330
f 4321 4330 4329
f 4322 4323 4331
f 4322 4331 4330
f 4323 4324 4332
f 4323 4332 4331
f 4324 4325 4333
f 4324 4333 4332
f 4325 4326 4334
f 4325 4334 4333
f 4326 4327 4335
f 4326 4335 4334
f 4327 4328 4336
f 4327 4336 4335
f 4328 4321 4329
f 4328 4329 4336
f 4321 4323 4322
f 4329 4330 4331
f 4321 4324 4323
f 4329 4331 4332
f 4321 4325 4324
f 4329 4332 4333
f 4321 4326 4325
f 4329 4333 4334
f 4321 4327 4326
f 4329 4334 4335
f 4321 4328 4327
f 4329 4335 4336
f 4337 4338 4346
f 4337 4346 4345
f 4338 4339 4347
f 4338 4347 4346
f 4339 4340 4348
f 4339 4348 4347
f 4340 4341 4349
f 4340 4349 4348
f 4341 4342 4350
f 4341 4350 4349
f 4342 4343 4351
f 4342 4351 4350
f 4343 4344 4352
f 4343 4352 4351
f 4344 4337 4345
f 4344 4345 4352
f 4337 4339 4338
f 4345 4346 4347
f 4337 4340 4339
f 4345 4347 4348
f 4337 4341 4340
f 4345 4348 4349
f 4337 4342 4341
f 4345 4349 4350
f 4337 4343 4342
f 4345 4350 4351
f 4337 4344 4343
f 4345 4351 4352
f 4353 4354 4362
f 4353 4362 4361
f 4354 4355 4363
f 4354 4363 4362
f 4355 4356 4364
f 4355 4364 4363
f 4356 4357 4365
f 4356 4365 4364
f 4357 4358 4366
f 4357 4366 4365
f 4358 4359 4367
f 4358 4367 4366
f 4359 4360 4368
f 4359 4368 4367
f 4360 4353 4361
f 4360 4361 4368
f 4353 4355 4354
f 4361 4362 4363
f 4353 4356 4355
f 4361 4363 4364
f 4353 4357 4356
f 4361 4364 4365
f 4353 4358 4357
f 4361 4365 4366
f 4353 4359 4358
f 4361 4366 4367
f 4353 4360 4359
f 4361 4367 4368
f 4369 4370 4378
f 4369 4378 4377
f 4370 4371 4379
f 4370 4379 4378
f 4371 4372 4380
f 4371 4380 4379
f 4372 4373 4381
f 4372 4381 4380
f 4373 4374 4382
f 4373 4382 4381
f 4374 4375 4383
f 4374 4383 4382
f 4375 4376 4384
f 4375 4384 4383
f 4376 4369 4377
f 4376 4377 4384
f 4369 4371 4370
f 4377 4378 4379
f 4369 4372 4371
f 4377 4379 4380
f 4369 4373 4372
f 4377 4380 4381
f 4369 4374 4373
f 4377 4381 4382
f 4369 4375 4374
f 4377 4382 4383
f 4369 4376 4375
f 4377 4383 4384
f 4385 4386 4394
f 4385 4394 4393
f 4386 4387 4395
f 4386 4395 4394
f 4387 4388 4396
f 4387 4396 4395
f 4388 4389 4397
f 4388 4397 4396
f 4389 4390 4398
f 4389 4398 4397
f 4390 4391 4399
f 4390 4399 4398
f 4391 4392 4400
f 4391 4400 4399
f 4392 4385 4393
f 4392 4393 4400
f 4385 4387 4386
f 4393 4394 4395
f 4385 4388 4387
f 4393 4395 4396
f 4385 4389 4388
f 4393 4396 4397
f 4385 4390 4389
f 4393 4397 4398
f 4385 4391 4390
f 4393 4398 4399
f 4385 4392 4391
f 4393 4399 4400
f 4401 4402 4410
f 4401 4410 4409
f 4402 4403 4411
f 4402 4411 4410
f 4403 4404 4412
f 4403 4412 4411
f 4404 4405 4413
f 4404 4413 4412
f 4405 4406 4414
f 4405 4414 4413
f 4406 4407 4415
f 4406 4415 4414
f 4407 4408 4416
f 4407 4416 4415
f 4408 4401 4409
f 4408 4409 4416
f 4401 4403 4402
f 4409 4410 4411
f 4401 4404 4403
f 4409 4411 4412
f 4401 4405 4404
f 4409 4412 4413
f 4401 4406 4405
f 4409 4413 4414
f 4401 4407 4406
f 4409 4414 4415
f 4401 4408 4407
f 4409 4415 4416
f 4417 4418 4426
f 4417 4426 4425
f 4418 4419 4427
f 4418 4427 4426
f 4419 4420 4428
f 4419 4428 4427
f 4420 4421 4429
f 4420 4429 4428
f 4421 4422 4430
f 4421 4430 4429
f 4422 4423 4431
f 4422 4431 4430
f 4423 4424 4432
f 4423 4432 4431
f 4424 4417 4425
f 4424 4425 4432
f 4417 4419 4418
f 4425 4426 4427
f 4417 4420 4419
f 4425 4427 4428
f 4417 4421 4420
f 4425 4428 4429
f 4417 4422 4421
f 4425 4429 4430
f 4417 4423 4422
f 4425 4430 4431
f 4417 4424 4423
f 4425 4431 4432
f 4433 4434 4442
f 4433 4442 4441
f 4434 4435 4443
f 4434 4443 4442
f 4435 4436 4444
f 4435 4444 4443
f 4436 4437 4445
f 4436 4445 4444
f 4437 4438 4446
f 4437 4446 4445
f 4438 4439 4447
f 4438 4447 4446
f 4439 4440 4448
f 4439 4448 4447
f 4440 4433 4441
f 4440 4441 4448
f 4433 4435 4434
f 4441 4442 4443
f 4433 4436 4435
f 4441 4443 4444
f 4433 4437 4436
f 4441 4444 4445
f 4433 4438 4437
f 4441 4445 4446
f 4433 4439 4438
f 4441 4446 4447
f 4433 4440 4439
f 4441 4447 4448
f 4449 4450 4458
f 4449 4458 4457
f 4450 4451 4459
f 4450 4459 4458
f 4451 4452 4460
f 4451 4460 4459
f 4452 4453 4461
f 4452 4461 4460
f 4453 4454 4462
f 4453 4462 4461
f 4454 4455 4463
f 4454 4463 4462
f 4455 4456 4464
f 4455 4464 4463
f 4456 4449 4457
f 4456 4457 4464
f 4449 4451 4450
f 4457 4458 4459
f 4449 4452 4451
f 4457 4459 4460
f 4449 4453 4452
f 4457 4460 4461
f 4449 4454 4453
f 4457 4461 4462
f 4449 4455 4454
f 4457 4462 4463
f 4449 4456 4455
f 4457 4463 4464
f 4465 4466 4474
f 4465 4474 4473
f 4466 4467 4475
f 4466 4475 4474
f 4467 4468 4476
f 4467 4476 4475
f 4468 4469 4477
f 4468 4477 4476
f 4469 4470 4478
f 4469 4478 4477
f 4470 4471 4479
f 4470 4479 4478
f 4471 4472 4480
f 4471 4480 4479
f 4472 4465 4473
f 4472 4473 4480
f 4465 4467 4466
f 4473 4474 4475
f 4465 4468 4467
f 4473 4475 4476
f 4465 4469 4468
f 4473 4476 4477
f 4465 4470 4469
f 4473 4477 4478
f 4465 4471 4470
f 4473 4478 4479
f 4465 4472 4471
f 4473 4479 4480
f 4481 4482 4490
f 4481 4490 4489
f 4482 4483 4491
f 4482 4491 4490
f 4483 4484 4492
f 4483 4492 4491
f 4484 4485 4493
f 4484 4493 4492
f 4485 4486 4494
f 4485 4494 4493
f 4486 4487 4495
f 4486 4495 4494
f 4487 4488 4496
f 4487 4496 4495
f 4488 4481 4489
f 4488 4489 4496
f 4481 4483 4482
f 4489 4490 4491
f 4481 4484 4483
f 4489 4491 4492
f 4481 4485 4484
f 4489 4492 4493
f 4481 4486 4485
f 4489 4493 4494
f 4481 4487 4486
f 4489 4494 4495
f 4481 4488 4487
f 4489 4495 4496
f 4497 4498 4506
f 4497 4506 4505
f 4498 4499 4507
f 4498 4507 4506
f 4499 4500 4508
f 4499 4508 4507
f 4500 4501 4509
f 4500 4509 4508
f 4501 4502 4510
f 4501 4510 4509
f 4502 4503 4511
f 4502 4511 4510
f 4503 4504 4512
f 4503 4512 4511
f 4504 4497 4505
f 4504 4505 4512
f 4497 4499 4498
f 4505 4506 4507
f 4497 4500 4499
f 4505 4507 4508
f 4497 4501 4500
f 4505 4508 4509
f 4497 4502 4501
f 4505 4509 4510
f 4497 4503 4502
f 4505 4510 4511
f 4497 4504 4503
f 4505 4511 4512
f 4513 4514 4522
f 4513 4522 4521
f 4514 4515 4523
f 4514 4523 4522
f 4515 4516 4524
f 4515 4524 4523
f 4516 4517 4525
f 4516 4525 4524
f 4517 4518 4526
f 4517 4526 4525
f 4518 4519 4527
f 4518 4527 4526
f 4519 4520 4528
f 4519 4528 4527
f 4520 4513 4521
f 4520 4521 4528
f 4513 4515 4514
f 4521 4522 4523
f 4513 4516 4515
f 4521 4523 4524
f 4513 4517 4516
f 4521 4524 4525
f 4513 4518 4517
f 4521 4525 4526
f 4513 4519 4518
f 4521 4526 4527
f 4513 4520 4519
f 4521 4527 4528
f 4529 4530 4538
f 4529 4538 4537
f 4530 4531 4539
f 4530 4539 4538
f 4531 4532 4540
f 4531 4540 4539
f 4532 4533 4541
f 4532 4541 4540
f 4533 4534 4542
f 4533 4542 4541
f 4534 4535 4543
f 4534 4543 4542
f 4535 4536 4544
f 4535 4544 4543
f 4536 4529 4537
f 4536 4537 4544
f 4529 4531 4530
f 4537 4538 4539
f 4529 4532 4531
f 4537 4539 4540
f 4529 4533 4532
f 4537 4540 4541
f 4529 4534 4533
f 4537 4541 4542
f 4529 4535 4534
f 4537 4542 4543
f 4529 4536 4535
f 4537 4543 4544
f 4545 4546 4554
f 4545 4554 4553
f 4546 4547 4555
f 4546 4555 4554
f 4547 4548 4556
f 4547 4556 4555
f 4548 4549 4557
f 4548 4557 4556
f 4549 4550 4558
f 4549 4558 4557
f 4550 4551 4559
f 4550 4559 4558
f 4551 4552 4560
f 4551 4560 4559
f 4552 4545 4553
f 4552 4553 4560
f 4545 4547 4546
f 4553 4554 4555
f 4545 4548 4547
f 4553 4555 4556
f 4545 4549 4548
f 4553 4556 4557
f 4545 4550 4549
f 4553 4557 4558
f 4545 4551 4550
f 4553 4558 4559
f 4545 4552 4551
f 4553 4559 4560
f 4561 4562 4570
f 4561 4570 4569
f 4562 4563 4571
f 4562 4571 4570
f 4563 4564 4572
f 4563 4572 4571
f 4564 4565 4573
f 4564 4573 4572
f 4565 4566 4574
f 4565 4574 4573
f 4566 4567 4575
f 4566 4575 4574
f 4567 4568 4576
f 4567 4576 4575
f 4568 4561 4569
f 4568 4569 4576
f 4561 4563 4562
f 4569 4570 4571
f 4561 4564 4563
f 4569 4571 4572
f 4561 4565 4564
f 4569 4572 4573
f 4561 4566 4565
f 4569 4573 4574
f 4561 4567 4566
f 4569 4574 4575
f 4561 4568 4567
f 4569 4575 4576
f 4577 4578 4586
f 4577 4586 4585
f 4578 4579 4587
f 4578 4587 4586
f 4579 4580 4588
f 4579 4588 4587
f 4580 4581 4589
f 4580 4589 4588
f 4581 4582 4590
f 4581 4590 4589
f 4582 4583 4591
f 4582 4591 4590
f 4583 4584 4592
f 4583 4592 4591
f 4584 4577 4585
f 4584 4585 4592
f 4577 4579 4578
f 4585 4586 4587
f 4577 4580 4579
f 4585 4587 4588
f 4577 4581 4580
f 4585 4588 4589
f 4577 4582 4581
f 4585 4589 4590
f 4577 4583 4582
f 4585 4590 4591
f 4577 4584 4583
f 4585 4591 4592
f 4593 4594 4602
f 4593 4602 4601
f 4594 4595 4603
f 4594 4603 4602
f 4595 4596 4604
f 4595 4604 4603
f 4596 4597 4605
f 4596 4605 4604
f 4597 4598 4606
f 4597 4606 4605
f 4598 4599 4607
f 4598 4607 4606
f 4599 4600 4608
f 4599 4608 4607
f 4600 4593 4601
f 4600 4601 4608
f 4593 4595 4594
f 4601 4602 4603
f 4593 4596 4595
f 4601 4603 4604
f 4593 4597 4596
f 4601 4604 4605
f 4593 4598 4597
f 4601 4605 4606
f 4593 4599 4598
f 4601 4606 4607
f 4593 4600 4599
f 4601 4607 4608
f 4609 4610 4618
f 4609 4618 4617
f 4610 4611 4619
f 4610 4619 4618
f 4611 4612 4620
f 4611 4620 4619
f 4612 4613 4621
f 4612 4621 4620
f 4613 4614 4622
f 4613 4622 4621
f 4614 4615 4623
f 4614 4623 4622
f 4615 4616 4624
f 4615 4624 4623
f 4616 4609 4617
f 4616 4617 4624
f 4609 4611 4610
f 4617 4618 4619
f 4609 4612 4611
f 4617 4619 4620
f 4609 4613 4612
f 4617 4620 4621
f 4609 4614 4613
f 4617 4621 4622
f 4609 4615 4614
f 4617 4622 4623
f 4609 4616 4615
f 4617 4623 4624
f 4625 4626 4634
f 4625 4634 4633
f 4626 4627 4635
f 4626 4635 4634
f 4627 4628 4636
f 4627 4636 4635
f 4628 4629 4637
f 4628 4637 4636
f 4629 4630 4638
f 4629 4638 4637
f 4630 4631 4639
f 4630 4639 4638
f 4631 4632 4640
f 4631 4640 4639
f 4632 4625 4633
f 4632 4633 4640
f 4625 4627 4626
f 4633 4634 4635
f 4625 4628 4627
f 4633 4635 4636
f 4625 4629 4628
f 4633 4636 4637
f 4625 4630 4629
f 4633 4637 4638
f 4625 4631 4630
f 4633 4638 4639
f 4625 4632 4631
f 4633 4639 4640
f 4641 4642 4650
f 4641 4650 4649
f 4642 4643 4651
f 4642 4651 4650
f 4643 4644 4652
f 4643 4652 4651
f 4644 4645 4653
f 4644 4653 4652
f 4645 4646 4654
f 4645 4654 4653
f 4646 4647 4655
f 4646 4655 4654
f 4647 4648 4656
f 4647 4656 4655
f 4648 4641 4649
f 4648 4649 4656
f 4641 4643 4642
f 4649 4650 4651
f 4641 4644 4643
f 4649 4651 4652
f 4641 4645 4644
f 4649 4652 4653
f 4641 4646 4645
f 4649 4653 4654
f 4641 4647 4646
f 4649 4654 4655
f 4641 4648 4647
f 4649 4655 4656
f 4657 4658 4666
f 4657 4666 4665
f 4658 4659 4667
f 4658 4667 4666
f 4659 4660 4668
f 4659 4668 4667
f 4660 4661 4669
f 4660 4669 4668
f 4661 4662 4670
f 4661 4670 4669
f 4662 4663 4671
f 4662 4671 4670
f 4663 4664 4672
f 4663 4672 4671
f 4664 4657 4665
f 4664 4665 4672
f 4657 4659 4658
f 4665 4666 4667
f 4657 4660 4659
f 4665 4667 4668
f 4657 4661 4660
f 4665 4668 4669
f 4657 4662 4661
f 4665 4669 4670
f 4657 4663 4662
f 4665 4670 4671
f 4657 4664 4663
f 4665 4671 4672
f 4673 4674 4682
f 4673 4682 4681
f 4674 4675 4683
f 4674 4683 4682
f 4675 4676 4684
f 4675 4684 4683
f 4676 4677 4685
f 4676 4685 4684
f 4677 4678 4686
f 4677 4686 4685
f 4678 4679 4687
f 4678 4687 4686
f 4679 4680 4688
f 4679 4688 4687
f 4680 4673 4681
f 4680 4681 4688
f 4673 4675 4674
f 4681 4682 4683
f 4673 4676 4675
f 4681 4683 4684
f 4673 4677 4676
f 4681 4684 4685
f 4673 4678 4677
f 4681 4685 4686
f 4673 4679 4678
f 4681 4686 4687
f 4673 4680 4679
f 4681 4687 4688
f 4689 4690 4698
f 4689 4698 4697
f 4690 4691 4699
f 4690 4699 4698
f 4691 4692 4700
f 4691 4700 4699
f 4692 4693 4701
f 4692 4701 4700
f 4693 4694 4702
f 4693 4702 4701
f 4694 4695 4703
f 4694 4703 4702
f 4695 4696 4704
f 4695 4704 4703
f 4696 4689 4697
f 4696 4697 4704
f 4689 4691 4690
f 4697 4698 4699
f 4689 4692 4691
f 4697 4699 4700
f 4689 4693 4692
f 4697 4700 4701
f 4689 4694 4693
f 4697 4701 4702
f 4689 4695 4694
f 4697 4702 4703
f 4689 4696 4695
f 4697 4703 4704
f 4705 4706 4714
f 4705 4714 4713
f 4706 4707 4715
f 4706 4715 4714
f 4707 4708 4716
f 4707 4716 4715
f 4708 4709 4717
f 4708 4717 4716
f 4709 4710 4718
f 4709 4718 4717
f 4710 4711 4719
f 4710 4719 4718
f 4711 4712 4720
f 4711 4720 4719
f 4712 4705 4713
f 4712 4713 4720
f 4705 4707 4706
f 4713 4714 4715
f 4705 4708 4707
f 4713 4715 4716
f 4705 4709 4708
f 4713 4716 4717
f 4705 4710 4709
f 4713 4717 4718
f 4705 4711 4710
f 4713 4718 4719
f 4705 4712 4711
f 4713 4719 4720
f 4721 4722 4730
f 4721 4730 4729
f 4722 4723 4731
f 4722 4731 4730
f 4723 4724 4732
f 4723 4732 4731
f 4724 4725 4733
f 4724 4733 4732
f 4725 4726 4734
f 4725 4734 4733
f 4726 4727 4735
f 4726 4735 4734
f 4727 4728 4736
f 4727 4736 4735
f 4728 4721 4729
f 4728 4729 4736
f 4721 4723 4722
f 4729 4730 4731
f 4721 4724 4723
f 4729 4731 4732
f 4721 4725 4724
f 4729 4732 4733
f 4721 4726 4725
f 4729 4733 4734
f 4721 4727 4726
f 4729 4734 4735
f 4721 4728 4727
f 4729 4735 4736
f 4737 4738 4746
f 4737 4746 4745
f 4738 4739 4747
f 4738 4747 4746
f 4739 4740 4748
f 4739 4748 4747
f 4740 4741 4749
f 4740 4749 4748
f 4741 4742 4750
f 4741 4750 4749
f 4742 4743 4751
f 4742 4751 4750
f 4743 4744 4752
f 4743 4752 4751
f 4744 4737 4745
f 4744 4745 4752
f 4737 4739 4738
f 4745 4746 4747
f 4737 4740 4739
f 4745 4747 4748
f 4737 4741 4740
f 4745 4748 4749
f 4737 4742 4741
f 4745 4749 4750
f 4737 4743 4742
f 4745 4750 4751
f 4737 4744 4743
f 4745 4751 4752
f 4753 4754 4762
f 4753 4762 4761
f 4754 4755 4763
f 4754 4763 4762
f 4755 4756 4764
f 4755 4764 4763
f 4756 4757 4765
f 4756 4765 4764
f 4757 4758 4766
f 4757 4766 4765
f 4758 4759 4767
f 4758 4767 4766
f 4759 4760 4768
f 4759 4768 4767
f 4760 4753 4761
f 4760 4761 4768
f 4753 4755 4754
f 4761 4762 4763
f 4753 4756 4755
f 4761 4763 4764
f 4753 4757 4756
f 4761 4764 4765
f 4753 4758 4757
f 4761 4765 4766
f 4753 4759 4758
f 4761 4766 4767
f 4753 4760 4759
f 4761 4767 4768
f 4769 4770 4778
f 4769 4778 4777
f 4770 4771 4779
f 4770 4779 4778
f 4771 4772 4780
f 4771 4780 4779
f 4772 4773 4781
f 4772 4781 4780
f 4773 4774 4782
f 4773 4782 4781
f 4774 4775 4783
f 4774 4783 4782
f 4775 4776 4784
f 4775 4784 4783
f 4776 4769 4777
f 4776 4777 4784
f 4769 4771 4770
f 4777 4778 4779
f 4769 4772 4771
f 4777 4779 4780
f 4769 4773 4772
f 4777 4780 4781
f 4769 4774 4773
f 4777 4781 4782
f 4769 4775 4774
f 4777 4782 4783
f 4769 4776 4775
f 4777 4783 4784
f 4785 4786 4794
f 4785 4794 4793
f 4786 4787 4795
f 4786 4795 4794
f 4787 4788 4796
f 4787 4796 4795
f 4788 4789 4797
f 4788 4797 4796
f 4789 4790 4798
f 4789 4798 4797
f 4790 4791 4799
f 4790 4799 4798
f 4791 4792 4800
f 4791 4800 4799
f 4792 4785 4793
f 4792 4793 4800
f 4785 4787 4786
f 4793 4794 4795
f 4785 4788 4787
f 4793 4795 4796
f 4785 4789 4788
f 4793 4796 4797
f 4785 4790 4789
f 4793 4797 4798
f 4785 4791 4790
f 4793 4798 4799
f 4785 4792 4791
f 4793 4799 4800
f 4801 4802 4810
f 4801 4810 4809
f 4802 4803 4811
f 4802 4811 4810
f 4803 4804 4812
f 4803 4812 4811
f 4804 4805 4813
f 4804 4813 4812
f 4805 4806 4814
f 4805 4814 4813
f 4806 4807 4815
f 4806 4815 4814
f 4807 4808 4816
f 4807 4816 4815
f 4808 4801 4809
f 4808 4809 4816
f 4801 4803 4802
f 4809 4810 4811
f 4801 4804 4803
f 4809 4811 4812
f 4801 4805 4804
f 4809 4812 4813
f 4801 4806 4805
f 4809 4813 4814
f 4801 4807 4806
f 4809 4814 4815
f 4801 4808 4807
f 4809 4815 4816
f 4817 4818 4826
f 4817 4826 4825
f 4818 4819 4827
f 4818 4827 4826
f 4819 4820 4828
f 4819 4828 4827
f 4820 4821 4829
f 4820 4829 4828
f 4821 4822 4830
f 4821 4830 4829
f 4822 4823 4831
f 4822 4831 4830
f 4823 4824 4832
f 4823 4832 4831
f 4824 4817 4825
f 4824 4825 4832
f 4817 4819 4818
f 4825 4826 4827
f 4817 4820 4819
f 4825 4827 4828
f 4817 4821 4820
f 4825 4828 4829
f 4817 4822 4821
f 4825 4829 4830
f 4817 4823 4822
f 4825 4830 4831
f 4817 4824 4823
f 4825 4831 4832
f 4833 4834 4842
f 4833 4842 4841
f 4834 4835 4843
f 4834 4843 4842
f 4835 4836 4844
f 4835 4844 4843
f 4836 4837 4845
f 4836 4845 4844
f 4837 4838 4846
f 4837 4846 4845
f 4838 4839 4847
f 4838 4847 4846
f 4839 4840 4848
f 4839 4848 4847
f 4840 4833 4841
f 4840 4841 4848
f 4833 4835 4834
f 4841 4842 4843
f 4833 4836 4835
f 4841 4843 4844
f 4833 4837 4836
f 4841 4844 4845
f 4833 4838 4837
f 4841 4845 4846
f 4833 4839 4838
f 4841 4846 4847
f 4833 4840 4839
f 4841 4847 4848
f 4849 4850 4858
f 4849 4858 4857
f 4850 4851 4859
f 4850 4859 4858
f 4851 4852 4860
f 4851 4860 4859
f 4852 4853 4861
f 4852 4861 4860
f 4853 4854 4862
f 4853 4862 4861
f 4854 4855 4863
f 4854 4863 4862
f 4855 4856 4864
f 4855 4864 4863
f 4856 4849 4857
f 4856 4857 4864
f 4849 4851 4850
f 4857 4858 4859
f 4849 4852 4851
f 4857 4859 4860
f 4849 4853 4852
f 4857 4860 4861
f 4849 4854 4853
f 4857 4861 4862
f 4849 4855 4854
f 4857 4862 4863
f 4849 4856 4855
f 4857 4863 4864
f 4865 4866 4874
f 4865 4874 4873
f 4866 4867 4875
f 4866 4875 4874
f 4867 4868 4876
f 4867 4876 4875
f 4868 4869 4877
f 4868 4877 4876
f 4869 4870 4878
f 4869 4878 4877
f 4870 4871 4879
f 4870 4879 4878
f 4871 4872 4880
f 4871 4880 4879
f 4872 4865 4873
f 4872 4873 4880
f 4865 4867 4866
f 4873 4874 4875
f 4865 4868 4867
f 4873 4875 4876
f 4865 4869 4868
f 4873 4876 4877
f 4865 4870 4869
f 4873 4877 4878
f 4865 4871 4870
f 4873 4878 4879
f 4865 4872 4871
f 4873 4879 4880
f 4881 4882 4890
f 4881 4890 4889
f 4882 4883 4891
f 4882 4891 4890
f 4883 4884 4892
f 4883 4892 4891
f 4884 4885 4893
f 4884 4893 4892
f 4885 4886 4894
f 4885 4894 4893
f 4886 4887 4895
f 4886 4895 4894
f 4887 4888 4896
f 4887 4896 4895
f 4888 4881 4889
f 4888 4889 4896
f 4881 4883 4882
f 4889 4890 4891
f 4881 4884 4883
f 4889 4891 4892
f 4881 4885 4884
f 4889 4892 4893
f 4881 4886 4885
f 4889 4893 4894
f 4881 4887 4886
f 4889 4894 4895
f 4881 4888 4887
f 4889 4895 4896
f 4897 4898 4906
f 4897 4906 4905
f 4898 4899 4907
f 4898 4907 4906
f 4899 4900 4908
f 4899 4908 4907
f 4900 4901 4909
f 4900 4909 4908
f 4901 4902 4910
f 4901 4910 4909
f 4902 4903 4911
f 4902 4911 4910
f 4903 4904 4912
f 4903 4912 4911
f 4904 4897 4905
f 4904 4905 4912
f 4897 4899 4898
f 4905 4906 4907
f 4897 4900 4899
f 4905 4907 4908
f 4897 4901 4900
f 4905 4908 4909
f 4897 4902 4901
f 4905 4909 4910
f 4897 4903 4902
f 4905 4910 4911
f 4897 4904 4903
f 4905 4911 4912
f 4913 4914 4922
f 4913 4922 4921
f 4914 4915 4923
f 4914 4923 4922
f 4915 4916 4924
f 4915 4924 4923
f 4916 4917 4925
f 4916 4925 4924
f 4917 4918 4926
f 4917 4926 4925
f 4918 4919 4927
f 4918 4927 4926
f 4919 4920 4928
f 4919 4928 4927
f 4920 4913 4921
f 4920 4921 4928
f 4913 4915 4914
f 4921 4922 4923
f 4913 4916 4915
f 4921 4923 4924
f 4913 4917 4916
f 4921 4924 4925
f 4913 4918 4917
f 4921 4925 4926
f 4913 4919 4918
f 4921 4926 4927
f 4913 4920 4919
f 4921 4927 4928
f 4929 4930 4938
f 4929 4938 4937
f 4930 4931 4939
f 4930 4939 4938
f 4931 4932 4940
f 4931 4940 4939
f 4932 4933 4941
f 4932 4941 4940
f 4933 4934 4942
f 4933 4942 4941
f 4934 4935 4943
f 4934 4943 4942
f 4935 4936 4944
f 4935 4944 4943
f 4936 4929 4937
f 4936 4937 4944
f 4929 4931 4930
f 4937 4938 4939
f 4929 4932 4931
f 4937 4939 4940
f 4929 4933 4932
f 4937 4940 4941
f 4929 4934 4933
f 4937 4941 4942
f 4929 4935 4934
f 4937 4942 4943
f 4929 4936 4935
f 4937 4943 4944
f 4945 4946 4954
f 4945 4954 4953
f 4946 4947 4955
f 4946 4955 4954
f 4947 4948 4956
f 4947 4956 4955
f 4948 4949 4957
f 4948 4957 4956
f 4949 4950 4958
f 4949 4958 4957
f 4950 4951 4959
f 4950 4959 4958
f 4951 4952 4960
f 4951 4960 4959
f 4952 4945 4953
f 4952 4953 4960
f 4945 4947 4946
f 4953 4954 4955
f 4945 4948 4947
f 4953 4955 4956
f 4945 4949 4948
f 4953 4956 4957
f 4945 4950 4949
f 4953 4957 4958
f 4945 4951 4950
f 4953 4958 4959
f 4945 4952 4951
f 4953 4959 4960
f 4961 4962 4970
f 4961 4970 4969
f 4962 4963 4971
f 4962 4971 4970
f 4963 4964 4972
f 4963 4972 4971
f 4964 4965 4973
f 4964 4973 4972
f 4965 4966 4974
f 4965 4974 4973
f 4966 4967 4975
f 4966 4975 4974
f 4967 4968 4976
f 4967 4976 4975
f 4968 4961 4969
f 4968 4969 4976
f 4961 4963 4962
f 4969 4970 4971
f 4961 4964 4963
f 4969 4971 4972
f 4961 4965 4964
f 4969 4972 4973
f 4961 4966 4965
f 4969 4973 4974
f 4961 4967 4966
f 4969 4974 4975
f 4961 4968 4967
f 4969 4975 4976
f 4977 4978 4986
f 4977 4986 4985
f 4978 4979 4987
f 4978 4987 4986
f 4979 4980 4988
f 4979 4988 4987
f 4980 4981 4989
f 4980 4989 4988
f 4981 4982 4990
f 4981 4990 4989
f 4982 4983 4991
f 4982 4991 4990
f 4983 4984 4992
f 4983 4992 4991
f 4984 4977 4985
f 4984 4985 4992
f 4977 4979 4978
f 4985 4986 4987
f 4977 4980 4979
f 4985 4987 4988
f 4977 4981 4980
f 4985 4988 4989
f 4977 4982 4981
f 4985 4989 4990
f 4977 4983 4982
f 4985 4990 4991
f 4977 4984 4983
f 4985 4991 4992
f 4993 4994 5002
f 4993 5002 5001
f 4994 4995 5003
f 4994 5003 5002
f 4995 4996 5004
f 4995 5004 5003
f 4996 4997 5005
f 4996 5005 5004
f 4997 4998 5006
f 4997 5006 5005
f 4998 4999 5007
f 4998 5007 5006
f 4999 5000 5008
f 4999 5008 5007
f 5000 4993 5001
f 5000 5001 5008
f 4993 4995 4994
f 5001 5002 5003
f 4993 4996 4995
f 5001 5003 5004
f 4993 4997 4996
f 5001 5004 5005
f 4993 4998 4997
f 5001 5005 5006
f 4993 4999 4998
f 5001 5006 5007
f 4993 5000 4999
f 5001 5007 5008
f 5009 5010 5018
f 5009 5018 5017
f 5010 5011 5019
f 5010 5019 5018
f 5011 5012 5020
f 5011 5020 5019
f 5012 5013 5021
f 5012 5021 5020
f 5013 5014 5022
f 5013 5022 5021
f 5014 5015 5023
f 5014 5023 5022
f 5015 5016 5024
f 5015 5024 5023
f 5016 5009 5017
f 5016 5017 5024
f 5009 5011 5010
f 5017 5018 5019
f 5009 5012 5011
f 5017 5019 5020
f 5009 5013 5012
f 5017 5020 5021
f 5009 5014 5013
f 5017 5021 5022
f 5009 5015 5014
f 5017 5022 5023
f 5009 5016 5015
f 5017 5023 5024
f 5025 5026 5034
f 5025 5034 5033
f 5026 5027 5035
f 5026 5035 5034
f 5027 5028 5036
f 5027 5036 5035
f 5028 5029 5037
f 5028 5037 5036
f 5029 5030 5038
f 5029 5038 5037
f 5030 5031 5039
f 5030 5039 5038
f 5031 5032 5040
f 5031 5040 5039
f 5032 5025 5033
f 5032 5033 5040
f 5025 5027 5026
f 5033 5034 5035
f 5025 5028 5027
f 5033 5035 5036
f 5025 5029 5028
f 5033 5036 5037
f 5025 5030 5029
f 5033 5037 5038
f 5025 5031 5030
f 5033 5038 5039
f 5025 5032 5031
f 5033 5039 5040
f 5041 5042 5050
f 5041 5050 5049
f 5042 5043 5051
f 5042 5051 5050
f 5043 5044 5052
f 5043 5052 5051
f 5044 5045 5053
f 5044 5053 5052
f 5045 5046 5054
f 5045 5054 5053
f 5046 5047 5055
f 5046 5055 5054
f 5047 5048 5056
f 5047 5056 5055
f 5048 5041 5049
f 5048 5049 5056
f 5041 5043 5042
f 5049 5050 5051
f 5041 5044 5043
f 5049 5051 5052
f 5041 5045 5044
f 5049 5052 5053
f 5041 5046 5045
f 5049 5053 5054
f 5041 5047 5046
f 5049 5054 5055
f 5041 5048 5047
f 5049 5055 5056
f 5057 5058 5066
f 5057 5066 5065
f 5058 5059 5067
f 5058 5067 5066
f 5059 5060 5068
f 5059 5068 5067
f 5060 5061 5069
f 5060 5069 5068
f 5061 5062 5070
f 5061 5070 5069
f 5062 5063 5071
f 5062 5071 5070
f 5063 5064 5072
f 5063 5072 5071
f 5064 5057 5065
f 5064 5065 5072
f 5057 5059 5058
f 5065 5066 5067
f 5057 5060 5059
f 5065 5067 5068
f 5057 5061 5060
f 5065 5068 5069
f 5057 5062 5061
f 5065 5069 5070
f 5057 5063 5062
f 5065 5070 5071
f 5057 5064 5063
f 5065 5071 5072
f 5073 5074 5082
f 5073 5082 5081
f 5074 5075 5083
f 5074 5083 5082
f 5075 5076 5084
f 5075 5084 5083
f 5076 5077 5085
f 5076 5085 5084
f 5077 5078 5086
f 5077 5086 5085
f 5078 5079 5087
f 5078 5087 5086
f 5079 5080 5088
f 5079 5088 5087
f 5080 5073 5081
f 5080 5081 5088
f 5073 5075 5074
f 5081 5082 5083
f 5073 5076 5075
f 5081 5083 5084
f 5073 5077 5076
f 5081 5084 5085
f 5073 5078 5077
f 5081 5085 5086
f 5073 5079 5078
f 5081 5086 5087
f 5073 5080 5079
f 5081 5087 5088
f 5089 5090 5098
f 5089 5098 5097
f 5090 5091 5099
f 5090 5099 5098
f 5091 5092 5100
f 5091 5100 5099
f 5092 5093 5101
f 5092 5101 5100
f 5093 5094 5102
f 5093 5102 5101
f 5094 5095 5103
f 5094 5103 5102
f 5095 5096 5104
f 5095 5104 5103
f 5096 5089 5097
f 5096 5097 5104
f 5089 5091 5090
f 5097 5098 5099
f 5089 5092 5091
f 5097 5099 5100
f 5089 5093 5092
f 5097 5100 5101
f 5089 5094 5093
f 5097 5101 5102
f 5089 5095 5094
f 5097 5102 5103
f 5089 5096 5095
f 5097 5103 5104
f 5105 5106 5114
f 5105 5114 5113
f 5106 5107 5115
f 5106 5115 5114
f 5107 5108 5116
f 5107 5116 5115
f 5108 5109 5117
f 5108 5117 5116
f 5109 5110 5118
f 5109 5118 5117
f 5110 5111 5119
f 5110 5119 5118
f 5111 5112 5120
f 5111 5120 5119
f 5112 5105 5113
f 5112 5113 5120
f 5105 5107 5106
f 5113 5114 5115
f 5105 5108 5107
f 5113 5115 5116
f 5105 5109 5108
f 5113 5116 5117
f 5105 5110 5109
f 5113 5117 5118
f 5105 5111 5110
f 5113 5118 5119
f 5105 5112 5111
f 5113 5119 5120
f 5121 5122 5130
f 5121 5130 5129
f 5122 5123 5131
f 5122 5131 5130
f 5123 5124 5132
f 5123 5132 5131
f 5124 5125 5133
f 5124 5133 5132
f 5125 5126 5134
f 5125 5134 5133
f 5126 5127 5135
f 5126 5135 5134
f 5127 5128 5136
f 5127 5136 5135
f 5128 5121 5129
f 5128 5129 5136
f 5121 5123 5122
f 5129 5130 5131
f 5121 5124 5123
f 5129 5131 5132
f 5121 5125 5124
f 5129 5132 5133
f 5121 5126 5125
f 5129 5133 5134
f 5121 5127 5126
f 5129 5134 5135
f 5121 5128 5127
f 5129 5135 5136
f 5137 5138 5146
f 5137 5146 5145
f 5138 5139 5147
f 5138 5147 5146
f 5139 5140 5148
f 5139 5148 5147
f 5140 5141 5149
f 5140 5149 5148
f 5141 5142 5150
f 5141 5150 5149
f 5142 5143 5151
f 5142 5151 5150
f 5143 5144 5152
f 5143 5152 5151
f 5144 5137 5145
f 5144 5145 5152
f 5137 5139 5138
f 5145 5146 5147
f 5137 5140 5139
f 5145 5147 5148
f 5137 5141 5140
f 5145 5148 5149
f 5137 5142 5141
f 5145 5149 5150
f 5137 5143 5142
f 5145 5150 5151
f 5137 5144 5143
f 5145 5151 5152
f 5153 5154 5162
f 5153 5162 5161
f 5154 5155 5163
f 5154 5163 5162
f 5155 5156 5164
f 5155 5164 5163
f 5156 5157 5165
f 5156 5165 5164
f 5157 5158 5166
f 5157 5166 5165
f 5158 5159 5167
f 5158 5167 5166
f 5159 5160 5168
f 5159 5168 5167
f 5160 5153 5161
f 5160 5161 5168
f 5153 5155 5154
f 5161 5162 5163
f 5153 5156 5155
f 5161 5163 5164
f 5153 5157 5156
f 5161 5164 5165
f 5153 5158 5157
f 5161 5165 5166
f 5153 5159 5158
f 5161 5166 5167
f 5153 5160 5159
f 5161 5167 5168
f 5169 5170 5178
f 5169 5178 5177
f 5170 5171 5179
f 5170 5179 5178
f 5171 5172 5180
f 5171 5180 5179
f 5172 5173 5181
f 5172 5181 5180
f 5173 5174 5182
f 5173 5182 5181
f 5174 5175 5183
f 5174 5183 5182
f 5175 5176 5184
f 5175 5184 5183
f 5176 5169 5177
f 5176 5177 5184
f 5169 5171 5170
f 5177 5178 5179
f 5169 5172 5171
f 5177 5179 5180
f 5169 5173 5172
f 5177 5180 5181
f 5169 5174 5173
f 5177 5181 5182
f 5169 5175 5174
f 5177 5182 5183
f 5169 5176 5175
f 5177 5183 5184
f 5185 5186 5194
f 5185 5194 5193
f 5186 5187 5195
f 5186 5195 5194
f 5187 5188 5196
f 5187 5196 5195
f 5188 5189 5197
f 5188 5197 5196
f 5189 5190 5198
f 5189 5198 5197
f 5190 5191 5199
f 5190 5199 5198
f 5191 5192 5200
f 5191 5200 5199
f 5192 5185 5193
f 5192 5193 5200
f 5185 5187 5186
f 5193 5194 5195
f 5185 5188 5187
f 5193 5195 5196
f 5185 5189 5188
f 5193 5196 5197
f 5185 5190 5189
f 5193 5197 5198
f 5185 5191 5190
f 5193 5198 5199
f 5185 5192 5191
f 5193 5199 5200
f 5201 5202 5210
f 5201 5210 5209
f 5202 5203 5211
f 5202 5211 5210
f 5203 5204 5212
f 5203 5212 5211
f 5204 5205 5213
f 5204 5213 5212
f 5205 5206 5214
f 5205 5214 5213
f 5206 5207 5215
f 5206 5215 5214
f 5207 5208 5216
f 5207 5216 5215
f 5208 5201 5209
f 5208 5209 5216
f 5201 5203 5202
f 5209 5210 5211
f 5201 5204 5203
f 5209 5211 5212
f 5201 5205 5204
f 5209 5212 5213
f 5201 5206 5205
f 5209 5213 5214
f 5201 5207 5206
f 5209 5214 5215
f 5201 5208 5207
f 5209 5215 5216
f 5217 5218 5226
f 5217 5226 5225
f 5218 5219 5227
f 5218 5227 5226
f 5219 5220 5228
f 5219 5228 5227
f 5220 5221 5229
f 5220 5229 5228
f 5221 5222 5230
f 5221 5230 5229
f 5222 5223 5231
f 5222 5231 5230
f 5223 5224 5232
f 5223 5232 5231
f 5224 5217 5225
f 5224 5225 5232
f 5217 5219 5218
f 5225 5226 5227
f 5217 5220 5219
f 5225 5227 5228
f 5217 5221 5220
f 5225 5228 5229
f 5217 5222 5221
f 5225 5229 5230
f 5217 5223 5222
f 5225 5230 5231
f 5217 5224 5223
f 5225 5231 5232
f 5233 5234 5242
f 5233 5242 5241
f 5234 5235 5243
f 5234 5243 5242
f 5235 5236 5244
f 5235 5244 5243
f 5236 5237 5245
f 5236 5245 5244
f 5237 5238 5246
f 5237 5246 5245
f 5238 5239 5247
f 5238 5247 5246
f 5239 5240 5248
f 5239 5248 5247
f 5240 5233 5241
f 5240 5241 5248
f 5233 5235 5234
f 5241 5242 5243
f 5233 5236 5235
f 5241 5243 5244
f 5233 5237 5236
f 5241 5244 5245
f 5233 5238 5237
f 5241 5245 5246
f 5233 5239 5238
f 5241 5246 5247
f 5233 5240 5239
f 5241 5247 5248
f 5249 5250 5258
f 5249 5258 5257
f 5250 5251 5259
f 5250 5259 5258
f 5251 5252 5260
f 5251 5260 5259
f 5252 5253 5261
f 5252 5261 5260
f 5253 5254 5262
f 5253 5262 5261
f 5254 5255 5263
f 5254 5263 5262
f 5255 5256 5264
f 5255 5264 5263
f 5256 5249 5257
f 5256 5257 5264
f 5249 5251 5250
f 5257 5258 5259
f 5249 5252 5251
f 5257 5259 5260
f 5249 5253 5252
f 5257 5260 5261
f 5249 5254 5253
f 5257 5261 5262
f 5249 5255 5254
f 5257 5262 5263
f 5249 5256 5255
f 5257 5263 5264
f 5265 5266 5274
f 5265 5274 5273
f 5266 5267 5275
f 5266 5275 5274
f 5267 5268 5276
f 5267 5276 5275
f 5268 5269 5277
f 5268 5277 5276
f 5269 5270 5278
f 5269 5278 5277
f 5270 5271 5279
f 5270 5279 5278
f 5271 5272 5280
f 5271 5280 5279
f 5272 5265 5273
f 5272 5273 5280
f 5265 5267 5266
f 5273 5274 5275
f 5265 5268 5267
f 5273 5275 5276
f 5265 5269 5268
f 5273 5276 5277
f 5265 5270 5269
f 5273 5277 5278
f 5265 5271 5270
f 5273 5278 5279
f 5265 5272 5271
f 5273 5279 5280
f 5281 5282 5290
f 5281 5290 5289
f 5282 5283 5291
f 5282 5291 5290
f 5283 5284 5292
f 5283 5292 5291
f 5284 5285 5293
f 5284 5293 5292
f 5285 5286 5294
f 5285 5294 5293
f 5286 5287 5295
f 5286 5295 5294
f 5287 5288 5296
f 5287 5296 5295
f 5288 5281 5289
f 5288 5289 5296
f 5281 5283 5282
f 5289 5290 5291
f 5281 5284 5283
f 5289 5291 5292
f 5281 5285 5284
f 5289 5292 5293
f 5281 5286 5285
f 5289 5293 5294
f 5281 5287 5286
f 5289 5294 5295
f 5281 5288 5287
f 5289 5295 5296
f 5297 5298 5306
f 5297 5306 5305
f 5298 5299 5307
f 5298 5307 5306
f 5299 5300 5308
f 5299 5308 5307
f 5300 5301 5309
f 5300 5309 5308
f 5301 5302 5310
f 5301 5310 5309
f 5302 5303 5311
f 5302 5311 5310
f 5303 5304 5312
f 5303 5312 5311
f 5304 5297 5305
f 5304 5305 5312
f 5297 5299 5298
f 5305 5306 5307
f 5297 5300 5299
f 5305 5307 5308
f 5297 5301 5300
f 5305 5308 5309
f 5297 5302 5301
f 5305 5309 5310
f 5297 5303 5302
f 5305 5310 5311
f 5297 5304 5303
f 5305 5311 5312
f 5313 5314 5322
f 5313 5322 5321
f 5314 5315 5323
f 5314 5323 5322
f 5315 5316 5324
f 5315 5324 5323
f 5316 5317 5325
f 5316 5325 5324
f 5317 5318 5326
f 5317 5326 5325
f 5318 5319 5327
f 5318 5327 5326
f 5319 5320 5328
f 5319 5328 5327
f 5320 5313 5321
f 5320 5321 5328
f 5313 5315 5314
f 5321 5322 5323
f 5313 5316 5315
f 5321 5323 5324
f 5313 5317 5316
f 5321 5324 5325
f 5313 5318 5317
f 5321 5325 5326
f 5313 5319 5318
f 5321 5326 5327
f 5313 5320 5319
f 5321 5327 5328
f 5329 5330 5338
f 5329 5338 5337
f 5330 5331 5339
f 5330 5339 5338
f 5331 5332 5340
f 5331 5340 5339
f 5332 5333 5341
f 5332 5341 5340
f 5333 5334 5342
f 5333 5342 5341
f 5334 5335 5343
f 5334 5343 5342
f 5335 5336 5344
f 5335 5344 5343
f 5336 5329 5337
f 5336 5337 5344
f 5329 5331 5330
f 5337 5338 5339
f 5329 5332 5331
f 5337 5339 5340
f 5329 5333 5332
f 5337 5340 5341
f 5329 5334 5333
f 5337 5341 5342
f 5329 5335 5334
f 5337 5342 5343
f 5329 5336 5335
f 5337 5343 5344
f 5345 5346 5354
f 5345 5354 5353
f 5346 5347 5355
f 5346 5355 5354
f 5347 5348 5356
f 5347 5356 5355
f 5348 5349 5357
f 5348 5357 5356
f 5349 5350 5358
f 5349 5358 5357
f 5350 5351 5359
f 5350 5359 5358
f 5351 5352 5360
f 5351 5360 5359
f 5352 5345 5353
f 5352 5353 5360
f 5345 5347 5346
f 5353 5354 5355
f 5345 5348 5347
f 5353 5355 5356
f 5345 5349 5348
f 5353 5356 5357
f 5345 5350 5349
f 5353 5357 5358
f 5345 5351 5350
f 5353 5358 5359
f 5345 5352 5351
f 5353 5359 5360
f 5361 5362 5370
f 5361 5370 5369
f 5362 5363 5371
f 5362 5371 5370
f 5363 5364 5372
f 5363 5372 5371
f 5364 5365 5373
f 5364 5373 5372
f 5365 5366 5374
f 5365 5374 5373
f 5366 5367 5375
f 5366 5375 5374
f 5367 5368 5376
f 5367 5376 5375
f 5368 5361 5369
f 5368 5369 5376
f 5361 5363 5362
f 5369 5370 5371
f 5361 5364 5363
f 5369 5371 5372
f 5361 5365 5364
f 5369 5372 5373
f 5361 5366 5365
f 5369 5373 5374
f 5361 5367 5366
f 5369 5374 5375
f 5361 5368 5367
f 5369 5375 5376
f 5377 5378 5386
f 5377 5386 5385
f 5378 5379 5387
f 5378 5387 5386
f 5379 5380 5388
f 5379 5388 5387
f 5380 5381 5389
f 5380 5389 5388
f 5381 5382 5390
f 5381 5390 5389
f 5382 5383 5391
f 5382 5391 5390
f 5383 5384 5392
f 5383 5392 5391
f 5384 5377 5385
f 5384 5385 5392
f 5377 5379 5378
f 5385 5386 5387
f 5377 5380 5379
f 5385 5387 5388
f 5377 5381 5380
f 5385 5388 5389
f 5377 5382 5381
f 5385 5389 5390
f 5377 5383 5382
f 5385 5390 5391
f 5377 5384 5383
f 5385 5391 5392
f 5393 5394 5402
f 5393 5402 5401
f 5394 5395 5403
f 5394 5403 5402
f 5395 5396 5404
f 5395 5404 5403
f 5396 5397 5405
f 5396 5405 5404
f 5397 5398 5406
f 5397 5406 5405
f 5398 5399 5407
f 5398 5407 5406
f 5399 5400 5408
f 5399 5408 5407
f 5400 5393 5401
f 5400 5401 5408
f 5393 5395 5394
f 5401 5402 5403
f 5393 5396 5395
f 5401 5403 5404
f 5393 5397 5396
f 5401 5404 5405
f 5393 5398 5397
f 5401 5405 5406
f 5393 5399 5398
f 5401 5406 5407
f 5393 5400 5399
f 5401 5407 5408
f 5409 5410 5418
f 5409 5418 5417
f 5410 5411 5419
f 5410 5419 5418
f 5411 5412 5420
f 5411 5420 5419
f 5412 5413 5421
f 5412 5421 5420
f 5413 5414 5422
f 5413 5422 5421
f 5414 5415 5423
f 5414 5423 5422
f 5415 5416 5424
f 5415 5424 5423
f 5416 5409 5417
f 5416 5417 5424
f 5409 5411 5410
f 5417 5418 5419
f 5409 5412 5411
f 5417 5419 5420
f 5409 5413 5412
f 5417 5420 5421
f 5409 5414 5413
f 5417 5421 5422
f 5409 5415 5414
f 5417 5422 5423
f 5409 5416 5415
f 5417 5423 5424
f 5425 5426 5434
f 5425 5434 5433
f 5426 5427 5435
f 5426 5435 5434
f 5427 5428 5436
f 5427 5436 5435
f 5428 5429 5437
f 5428 5437 5436
f 5429 5430 5438
f 5429 5438 5437
f 5430 5431 5439
f 5430 5439 5438
f 5431 5432 5440
f 5431 5440 5439
f 5432 5425 5433
f 5432 5433 5440
f 5425 5427 5426
f 5433 5434 5435
f 5425 5428 5427
f 5433 5435 5436
f 5425 5429 5428
f 5433 5436 5437
f 5425 5430 5429
f 5433 5437 5438
f 5425 5431 5430
f 5433 5438 5439
f 5425 5432 5431
f 5433 5439 5440
f 5441 5442 5450
f 5441 5450 5449
f 5442 5443 5451
f 5442 5451 5450
f 5443 5444 5452
f 5443 5452 5451
f 5444 5445 5453
f 5444 5453 5452
f 5445 5446 5454
f 5445 5454 5453
f 5446 5447 5455
f 5446 5455 5454
f 5447 5448 5456
f 5447 5456 5455
f 5448 5441 5449
f 5448 5449 5456
f 5441 5443 5442
f 5449 5450 5451
f 5441 5444 5443
f 5449 5451 5452
f 5441 5445 5444
f 5449 5452 5453
f 5441 5446 5445
f 5449 5453 5454
f 5441 5447 5446
f 5449 5454 5455
f 5441 5448 5447
f 5449 5455 5456
f 5457 5458 5466
f 5457 5466 5465
f 5458 5459 5467
f 5458 5467 5466
f 5459 5460 5468
f 5459 5468 5467
f 5460 5461 5469
f 5460 5469 5468
f 5461 5462 5470
f 5461 5470 5469
f 5462 5463 5471
f 5462 5471 5470
f 5463 5464 5472
f 5463 5472 5471
f 5464 5457 5465
f 5464 5465 5472
f 5457 5459 5458
f 5465 5466 5467
f 5457 5460 5459
f 5465 5467 5468
f 5457 5461 5460
f 5465 5468 5469
f 5457 5462 5461
f 5465 5469 5470
f 5457 5463 5462
f 5465 5470 5471
f 5457 5464 5463
f 5465 5471 5472
f 5473 5474 5482
f 5473 5482 5481
f 5474 5475 5483
f 5474 5483 5482
f 5475 5476 5484
f 5475 5484 5483
f 5476 5477 5485
f 5476 5485 5484
f 5477 5478 5486
f 5477 5486 5485
f 5478 5479 5487
f 5478 5487 5486
f 5479 5480 5488
f 5479 5488 5487
f 5480 5473 5481
f 5480 5481 5488
f 5473 5475 5474
f 5481 5482 5483
f 5473 5476 5475
f 5481 5483 5484
f 5473 5477 5476
f 5481 5484 5485
f 5473 5478 5477
f 5481 5485 5486
f 5473 5479 5478
f 5481 5486 5487
f 5473 5480 5479
f 5481 5487 5488
f 5489 5490 5498
f 5489 5498 5497
f 5490 5491 5499
f 5490 5499 5498
f 5491 5492 5500
f 5491 5500 5499
f 5492 5493 5501
f 5492 5501 5500
f 5493 5494 5502
f 5493 5502 5501
f 5494 5495 5503
f 5494 5503 5502
f 5495 5496 5504
f 5495 5504 5503
f 5496 5489 5497
f 5496 5497 5504
f 5489 5491 5490
f 5497 5498 5499
f 5489 5492 5491
f 5497 5499 5500
f 5489 5493 5492
f 5497 5500 5501
f 5489 5494 5493
f 5497 5501 5502
f 5489 5495 5494
f 5497 5502 5503
f 5489 5496 5495
f 5497 5503 5504
f 5505 5506 5514
f 5505 5514 5513
f 5506 5507 5515
f 5506 5515 5514
f 5507 5508 5516
f 5507 5516 5515
f 5508 5509 5517
f 5508 5517 5516
f 5509 5510 5518
f 5509 5518 5517
f 5510 5511 5519
f 5510 5519 5518
f 5511 5512 5520
f 5511 5520 5519
f 5512 5505 5513
f 5512 5513 5520
f 5505 5507 5506
f 5513 5514 5515
f 5505 5508 5507
f 5513 5515 5516
f 5505 5509 5508
f 5513 5516 5517
f 5505 5510 5509
f 5513 5517 5518
f 5505 5511 5510
f 5513 5518 5519
f 5505 5512 5511
f 5513 5519 5520
f 5521 5522 5530
f 5521 5530 5529
f 5522 5523 5531
f 5522 5531 5530
f 5523 5524 5532
f 5523 5532 5531
f 5524 5525 5533
f 5524 5533 5532
f 5525 5526 5534
f 5525 5534 5533
f 5526 5527 5535
f 5526 5535 5534
f 5527 5528 5536
f 5527 5536 5535
f 5528 5521 5529
f 5528 5529 5536
f 5521 5523 5522
f 5529 5530 5531
f 5521 5524 5523
f 5529 5531 5532
f 5521 5525 5524
f 5529 5532 5533
f 5521 5526 5525
f 5529 5533 5534
f 5521 5527 5526
f 5529 5534 5535
f 5521 5528 5527
f 5529 5535 5536
f 5537 5538 5546
f 5537 5546 5545
f 5538 5539 5547
f 5538 5547 5546
f 5539 5540 5548
f 5539 5548 5547
f 5540 5541 5549
f 5540 5549 5548
f 5541 5542 5550
f 5541 5550 5549
f 5542 5543 5551
f 5542 5551 5550
f 5543 5544 5552
f 5543 5552 5551
f 5544 5537 5545
f 5544 5545 5552
f 5537 5539 5538
f 5545 5546 5547
f 5537 5540 5539
f 5545 5547 5548
f 5537 5541 5540
f 5545 5548 5549
f 5537 5542 5541
f 5545 5549 5550
f 5537 5543 5542
f 5545 5550 5551
f 5537 5544 5543
f 5545 5551 5552
f 5553 5554 5562
f 5553 5562 5561
f 5554 5555 5563
f 5554 5563 5562
f 5555 5556 5564
f 5555 5564 5563
f 5556 5557 5565
f 5556 5565 5564
f 5557 5558 5566
f 5557 5566 5565
f 5558 5559 5567
f 5558 5567 5566
f 5559 5560 5568
f 5559 5568 5567
f 5560 5553 5561
f 5560 5561 5568
f 5553 5555 5554
f 5561 5562 5563
f 5553 5556 5555
f 5561 5563 5564
f 5553 5557 5556
f 5561 5564 5565
f 5553 5558 5557
f 5561 5565 5566
f 5553 5559 5558
f 5561 5566 5567
f 5553 5560 5559
f 5561 5567 5568
f 5569 5570 5578
f 5569 5578 5577
f 5570 5571 5579
f 5570 5579 5578
f 5571 5572 5580
f 5571 5580 5579
f 5572 5573 5581
f 5572 5581 5580
f 5573 5574 5582
f 5573 5582 5581
f 5574 5575 5583
f 5574 5583 5582
f 5575 5576 5584
f 5575 5584 5583
f 5576 5569 5577
f 5576 5577 5584
f 5569 5571 5570
f 5577 5578 5579
f 5569 5572 5571
f 5577 5579 5580
f 5569 5573 5572
f 5577 5580 5581
f 5569 5574 5573
f 5577 5581 5582
f 5569 5575 5574
f 5577 5582 5583
f 5569 5576 5575
f 5577 5583 5584
f 5585 5586 5594
f 5585 5594 5593
f 5586 5587 5595
f 5586 5595 5594
f 5587 5588 5596
f 5587 5596 5595
f 5588 5589 5597
f 5588 5597 5596
f 5589 5590 5598
f 5589 5598 5597
f 5590 5591 5599
f 5590 5599 5598
f 5591 5592 5600
f 5591 5600 5599
f 5592 5585 5593
f 5592 5593 5600
f 5585 5587 5586
f 5593 5594 5595
f 5585 5588 5587
f 5593 5595 5596
f 5585 5589 5588
f 5593 5596 5597
f 5585 5590 5589
f 5593 5597 5598
f 5585 5591 5590
f 5593 5598 5599
f 5585 5592 5591
f 5593 5599 5600
f 5601 5602 5610
f 5601 5610 5609
f 5602 5603 5611
f 5602 5611 5610
f 5603 5604 5612
f 5603 5612 5611
f 5604 5605 5613
f 5604 5613 5612
f 5605 5606 5614
f 5605 5614 5613
f 5606 5607 5615
f 5606 5615 5614
f 5607 5608 5616
f 5607 5616 5615
f 5608 5601 5609
f 5608 5609 5616
f 5601 5603 5602
f 5609 5610 5611
f 5601 5604 5603
f 5609 5611 5612
f 5601 5605 5604
f 5609 5612 5613
f 5601 5606 5605
f 5609 5613 5614
f 5601 5607 5606
f 5609 5614 5615
f 5601 5608 5607
f 5609 5615 5616
f 5617 5618 5626
f 5617 5626 5625
f 5618 5619 5627
f 5618 5627 5626
f 5619 5620 5628
f 5619 5628 5627
f 5620 5621 5629
f 5620 5629 5628
f 5621 5622 5630
f 5621 5630 5629
f 5622 5623 5631
f 5622 5631 5630
f 5623 5624 5632
f 5623 5632 5631
f 5624 5617 5625
f 5624 5625 5632
f 5617 5619 5618
f 5625 5626 5627
f 5617 5620 5619
f 5625 5627 5628
f 5617 5621 5620
f 5625 5628 5629
f 5617 5622 5621
f 5625 5629 5630
f 5617 5623 5622
f 5625 5630 5631
f 5617 5624 5623
f 5625 5631 5632
f 5633 5634 5642
f 5633 5642 5641
f 5634 5635 5643
f 5634 5643 5642
f 5635 5636 5644
f 5635 5644 5643
f 5636 5637 5645
f 5636 5645 5644
f 5637 5638 5646
f 5637 5646 5645
f 5638 5639 5647
f 5638 5647 5646
f 5639 5640 5648
f 5639 5648 5647
f 5640 5633 5641
f 5640 5641 5648
f 5633 5635 5634
f 5641 5642 5643
f 5633 5636 5635
f 5641 5643 5644
f 5633 5637 5636
f 5641 5644 5645
f 5633 5638 5637
f 5641 5645 5646
f 5633 5639 5638
f 5641 5646 5647
f 5633 5640 5639
f 5641 5647 5648
f 5649 5650 5658
f 5649 5658 5657
f 5650 5651 5659
f 5650 5659 5658
f 5651 5652 5660
f 5651 5660 5659
f 5652 5653 5661
f 5652 5661 5660
f 5653 5654 5662
f 5653 5662 5661
f 5654 5655 5663
f 5654 5663 5662
f 5655 5656 5664
f 5655 5664 5663
f 5656 5649 5657
f 5656 5657 5664
f 5649 5651 5650
f 5657 5658 5659
f 5649 5652 5651
f 5657 5659 5660
f 5649 5653 5652
f 5657 5660 5661
f 5649 5654 5653
f 5657 5661 5662
f 5649 5655 5654
f 5657 5662 5663
f 5649 5656 5655
f 5657 5663 5664
f 5665 5666 5674
f 5665 5674 5673
f 5666 5667 5675
f 5666 5675 5674
f 5667 5668 5676
f 5667 5676 5675
f 5668 5669 5677
f 5668 5677 5676
f 5669 5670 5678
f 5669 5678 5677
f 5670 5671 5679
f 5670 5679 5678
f 5671 5672 5680
f 5671 5680 5679
f 5672 5665 5673
f 5672 5673 5680
f 5665 5667 5666
f 5673 5674 5675
f 5665 5668 5667
f 5673 5675 5676
f 5665 5669 5668
f 5673 5676 5677
f 5665 5670 5669
f 5673 5677 5678
f 5665 5671 5670
f 5673 5678 5679
f 5665 5672 5671
f 5673 5679 5680
f 5681 5682 5690
f 5681 5690 5689
f 5682 5683 5691
f 5682 5691 5690
f 5683 5684 5692
f 5683 5692 5691
f 5684 5685 5693
f 5684 5693 5692
f 5685 5686 5694
f 5685 5694 5693
f 5686 5687 5695
f 5686 5695 5694
f 5687 5688 5696
f 5687 5696 5695
f 5688 5681 5689
f 5688 5689 5696
f 5681 5683 5682
f 5689 5690 5691
f 5681 5684 5683
f 5689 5691 5692
f 5681 5685 5684
f 5689 5692 5693
f 5681 5686 5685
f 5689 5693 5694
f 5681 5687 5686
f 5689 5694 5695
f 5681 5688 5687
f 5689 5695 5696
f 5697 5698 5706
f 5697 5706 5705
f 5698 5699 5707
f 5698 5707 5706
f 5699 5700 5708
f 5699 5708 5707
f 5700 5701 5709
f 5700 5709 5708
f 5701 5702 5710
f 5701 5710 5709
f 5702 5703 5711
f 5702 5711 5710
f 5703 5704 5712
f 5703 5712 5711
f 5704 5697 5705
f 5704 5705 5712
f 5697 5699 5698
f 5705 5706 5707
f 5697 5700 5699
f 5705 5707 5708
f 5697 5701 5700
f 5705 5708 5709
f 5697 5702 5701
f 5705 5709 5710
f 5697 5703 5702
f 5705 5710 5711
f 5697 5704 5703
f 5705 5711 5712
f 5713 5714 5722
f 5713 5722 5721
f 5714 5715 5723
f 5714 5723 5722
f 5715 5716 5724
f 5715 5724 5723
f 5716 5717 5725
f 5716 5725 5724
f 5717 5718 5726
f 5717 5726 5725
f 5718 5719 5727
f 5718 5727 5726
f 5719 5720 5728
f 5719 5728 5727
f 5720 5713 5721
f 5720 5721 5728
f 5713 5715 5714
f 5721 5722 5723
f 5713 5716 5715
f 5721 5723 5724
f 5713 5717 5716
f 5721 5724 5725
f 5713 5718 5717
f 5721 5725 5726
f 5713 5719 5718
f 5721 5726 5727
f 5713 5720 5719
f 5721 5727 5728
f 5729 5730 5738
f 5729 5738 5737
f 5730 5731 5739
f 5730 5739 5738
f 5731 5732 5740
f 5731 5740 5739
f 5732 5733 5741
f 5732 5741 5740
f 5733 5734 5742
f 5733 5742 5741
f 5734 5735 5743
f 5734 5743 5742
f 5735 5736 5744
f 5735 5744 5743
f 5736 5729 5737
f 5736 5737 5744
f 5729 5731 5730
f 5737 5738 5739
f 5729 5732 5731
f 5737 5739 5740
f 5729 5733 5732
f 5737 5740 5741
f 5729 5734 5733
f 5737 5741 5742
f 5729 5735 5734
f 5737 5742 5743
f 5729 5736 5735
f 5737 5743 5744
f 5745 5746 5754
f 5745 5754 5753
f 5746 5747 5755
f 5746 5755 5754
f 5747 5748 5756
f 5747 5756 5755
f 5748 5749 5757
f 5748 5757 5756
f 5749 5750 5758
f 5749 5758 5757
f 5750 5751 5759
f 5750 5759 5758
f 5751 5752 5760
f 5751 5760 5759
f 5752 5745 5753
f 5752 5753 5760
f 5745 5747 5746
f 5753 5754 5755
f 5745 5748 5747
f 5753 5755 5756
f 5745 5749 5748
f 5753 5756 5757
f 5745 5750 5749
f 5753 5757 5758
f 5745 5751 5750
f 5753 5758 5759
f 5745 5752 5751
f 5753 5759 5760
f 5761 5762 5770
f 5761 5770 5769
f 5762 5763 5771
f 5762 5771 5770
f 5763 5764 5772
f 5763 5772 5771
f 5764 5765 5773
f 5764 5773 5772
f 5765 5766 5774
f 5765 5774 5773
f 5766 5767 5775
f 5766 5775 5774
f 5767 5768 5776
f 5767 5776 5775
f 5768 5761 5769
f 5768 5769 5776
f 5761 5763 5762
f 5769 5770 5771
f 5761 5764 5763
f 5769 5771 5772
f 5761 5765 5764
f 5769 5772 5773
f 5761 5766 5765
f 5769 5773 5774
f 5761 5767 5766
f 5769 5774 5775
f 5761 5768 5767
f 5769 5775 5776
f 5777 5778 5786
f 5777 5786 5785
f 5778 5779 5787
f 5778 5787 5786
f 5779 5780 5788
f 5779 5788 5787
f 5780 5781 5789
f 5780 5789 5788
f 5781 5782 5790
f 5781 5790 5789
f 5782 5783 5791
f 5782 5791 5790
f 5783 5784 5792
f 5783 5792 5791
f 5784 5777 5785
f 5784 5785 5792
f 5777 5779 5778
f 5785 5786 5787
f 5777 5780 5779
f 5785 5787 5788
f 5777 5781 5780
f 5785 5788 5789
f 5777 5782 5781
f 5785 5789 5790
f 5777 5783 5782
f 5785 5790 5791
f 5777 5784 5783
f 5785 5791 5792
f 5793 5794 5802
f 5793 5802 5801
f 5794 5795 5803
f 5794 5803 5802
f 5795 5796 5804
f 5795 5804 5803
f 5796 5797 5805
f 5796 5805 5804
f 5797 5798 5806
f 5797 5806 5805
f 5798 5799 5807
f 5798 5807 5806
f 5799 5800 5808
f 5799 5808 5807
f 5800 5793 5801
f 5800 5801 5808
f 5793 5795 5794
f 5801 5802 5803
f 5793 5796 5795
f 5801 5803 5804
f 5793 5797 5796
f 5801 5804 5805
f 5793 5798 5797
f 5801 5805 5806
f 5793 5799 5798
f 5801 5806 5807
f 5793 5800 5799
f 5801 5807 5808
f 5809 5810 5818
f 5809 5818 5817
f 5810 5811 5819
f 5810 5819 5818
f 5811 5812 5820
f 5811 5820 5819
f 5812 5813 5821
f 5812 5821 5820
f 5813 5814 5822
f 5813 5822 5821
f 5814 5815 5823
f 5814 5823 5822
f 5815 5816 5824
f 5815 5824 5823
f 5816 5809 5817
f 5816 5817 5824
f 5809 5811 5810
f 5817 5818 5819
f 5809 5812 5811
f 5817 5819 5820
f 5809 5813 5812
f 5817 5820 5821
f 5809 5814 5813
f 5817 5821 5822
f 5809 5815 5814
f 5817 5822 5823
f 5809 5816 5815
f 5817 5823 5824
f 5825 5826 5834
f 5825 5834 5833
f 5826 5827 5835
f 5826 5835 5834
f 5827 5828 5836
f 5827 5836 5835
f 5828 5829 5837
f 5828 5837 5836
f 5829 5830 5838
f 5829 5838 5837
f 5830 5831 5839
f 5830 5839 5838
f 5831 5832 5840
f 5831 5840 5839
f 5832 5825 5833
f 5832 5833 5840
f 5825 5827 5826
f 5833 5834 5835
f 5825 5828 5827
f 5833 5835 5836
f 5825 5829 5828
f 5833 5836 5837
f 5825 5830 5829
f 5833 5837 5838
f 5825 5831 5830
f 5833 5838 5839
f 5825 5832 5831
f 5833 5839 5840
f 5841 5842 5850
f 5841 5850 5849
f 5842 5843 5851
f 5842 5851 5850
f 5843 5844 5852
f 5843 5852 5851
f 5844 5845 5853
f 5844 5853 5852
f 5845 5846 5854
f 5845 5854 5853
f 5846 5847 5855
f 5846 5855 5854
f 5847 5848 5856
f 5847 5856 5855
f 5848 5841 5849
f 5848 5849 5856
f 5841 5843 5842
f 5849 5850 5851
f 5841 5844 5843
f 5849 5851 5852
f 5841 5845 5844
f 5849 5852 5853
f 5841 5846 5845
f 5849 5853 5854
f 5841 5847 5846
f 5849 5854 5855
f 5841 5848 5847
f 5849 5855 5856
f 5857 5858 5866
f 5857 5866 5865
f 5858 5859 5867
f 5858 5867 5866
f 5859 5860 5868
f 5859 5868 5867
f 5860 5861 5869
f 5860 5869 5868
f 5861 5862 5870
f 5861 5870 5869
f 5862 5863 5871
f 5862 5871 5870
f 5863 5864 5872
f 5863 5872 5871
f 5864 5857 5865
f 5864 5865 5872
f 5857 5859 5858
f 5865 5866 5867
f 5857 5860 5859
f 5865 5867 5868
f 5857 5861 5860
f 5865 5868 5869
f 5857 5862 5861
f 5865 5869 5870
f 5857 5863 5862
f 5865 5870 5871
f 5857 5864 5863
f 5865 5871 5872
f 5873 5874 5882
f 5873 5882 5881
f 5874 5875 5883
f 5874 5883 5882
f 5875 5876 5884
f 5875 5884 5883
f 5876 5877 5885
f 5876 5885 5884
f 5877 5878 5886
f 5877 5886 5885
f 5878 5879 5887
f 5878 5887 5886
f 5879 5880 5888
f 5879 5888 5887
f 5880 5873 5881
f 5880 5881 5888
f 5873 5875 5874
f 5881 5882 5883
f 5873 5876 5875
f 5881 5883 5884
f 5873 5877 5876
f 5881 5884 5885
f 5873 5878 5877
f 5881 5885 5886
f 5873 5879 5878
f 5881 5886 5887
f 5873 5880 5879
f 5881 5887 5888
f 5889 5890 5898
f 5889 5898 5897
f 5890 5891 5899
f 5890 5899 5898
f 5891 5892 5900
f 5891 5900 5899
f 5892 5893 5901
f 5892 5901 5900
f 5893 5894 5902
f 5893 5902 5901
f 5894 5895 5903
f 5894 5903 5902
f 5895 5896 5904
f 5895 5904 5903
f 5896 5889 5897
f 5896 5897 5904
f 5889 5891 5890
f 5897 5898 5899
f 5889 5892 5891
f 5897 5899 5900
f 5889 5893 5892
f 5897 5900 5901
f 5889 5894 5893
f 5897 5901 5902
f 5889 5895 5894
f 5897 5902 5903
f 5889 5896 5895
f 5897 5903 5904
f 5905 5906 5914
f 5905 5914 5913
f 5906 5907 5915
f 5906 5915 5914
f 5907 5908 5916
f 5907 5916 5915
f 5908 5909 5917
f 5908 5917 5916
f 5909 5910 5918
f 5909 5918 5917
f 5910 5911 5919
f 5910 5919 5918
f 5911 5912 5920
f 5911 5920 5919
f 5912 5905 5913
f 5912 5913 5920
f 5905 5907 5906
f 5913 5914 5915
f 5905 5908 5907
f 5913 5915 5916
f 5905 5909 5908
f 5913 5916 5917
f 5905 5910 5909
f 5913 5917 5918
f 5905 5911 5910
f 5913 5918 5919
f 5905 5912 5911
f 5913 5919 5920
f 5921 5922 5930
f 5921 5930 5929
f 5922 5923 5931
f 5922 5931 5930
f 5923 5924 5932
f 5923 5932 5931
f 5924 5925 5933
f 5924 5933 5932
f 5925 5926 5934
f 5925 5934 5933
f 5926 5927 5935
f 5926 5935 5934
f 5927 5928 5936
f 5927 5936 5935
f 5928 5921 5929
f 5928 5929 5936
f 5921 5923 5922
f 5929 5930 5931
f 5921 5924 5923
f 5929 5931 5932
f 5921 5925 5924
f 5929 5932 5933
f 5921 5926 5925
f 5929 5933 5934
f 5921 5927 5926
f 5929 5934 5935
f 5921 5928 5927
f 5929 5935 5936
f 5937 5938 5946
f 5937 5946 5945
f 5938 5939 5947
f 5938 5947 5946
f 5939 5940 5948
f 5939 5948 5947
f 5940 5941 5949
f 5940 5949 5948
f 5941 5942 5950
f 5941 5950 5949
f 5942 5943 5951
f 5942 5951 5950
f 5943 5944 5952
f 5943 5952 5951
f 5944 5937 5945
f 5944 5945 5952
f 5937 5939 5938
f 5945 5946 5947
f 5937 5940 5939
f 5945 5947 5948
f 5937 5941 5940
f 5945 5948 5949
f 5937 5942 5941
f 5945 5949 5950
f 5937 5943 5942
f 5945 5950 5951
f 5937 5944 5943
f 5945 5951 5952
f 5953 5954 5962
f 5953 5962 5961
f 5954 5955 5963
f 5954 5963 5962
f 5955 5956 5964
f 5955 5964 5963
f 5956 5957 5965
f 5956 5965 5964
f 5957 5958 5966
f 5957 5966 5965
f 5958 5959 5967
f 5958 5967 5966
f 5959 5960 5968
f 5959 5968 5967
f 5960 5953 5961
f 5960 5961 5968
f 5953 5955 5954
f 5961 5962 5963
f 5953 5956 5955
f 5961 5963 5964
f 5953 5957 5956
f 5961 5964 5965
f 5953 5958 5957
f 5961 5965 5966
f 5953 5959 5958
f 5961 5966 5967
f 5953 5960 5959
f 5961 5967 5968
f 5969 5970 5978
f 5969 5978 5977
f 5970 5971 5979
f 5970 5979 5978
f 5971 5972 5980
f 5971 5980 5979
f 5972 5973 5981
f 5972 5981 5980
f 5973 5974 5982
f 5973 5982 5981
f 5974 5975 5983
f 5974 5983 5982
f 5975 5976 5984
f 5975 5984 5983
f 5976 5969 5977
f 5976 5977 5984
f 5969 5971 5970
f 5977 5978 5979
f 5969 5972 5971
f 5977 5979 5980
f 5969 5973 5972
f 5977 5980 5981
f 5969 5974 5973
f 5977 5981 5982
f 5969 5975 5974
f 5977 5982 5983
f 5969 5976 5975
f 5977 5983 5984
f 5985 5986 5994
f 5985 5994 5993
f 5986 5987 5995
f 5986 5995 5994
f 5987 5988 5996
f 5987 5996 5995
f 5988 5989 5997
f 5988 5997 5996
f 5989 5990 5998
f 5989 5998 5997
f 5990 5991 5999
f 5990 5999 5998
f 5991 5992 6000
f 5991 6000 5999
f 5992 5985 5993
f 5992 5993 6000
f 5985 5987 5986
f 5993 5994 5995
f 5985 5988 5987
f 5993 5995 5996
f 5985 5989 5988
f 5993 5996 5997
f 5985 5990 5989
f 5993 5997 5998
f 5985 5991 5990
f 5993 5998 5999
f 5985 5992 5991
f 5993 5999 6000
f 6001 6002 6010
f 6001 6010 6009
f 6002 6003 6011
f 6002 6011 6010
f 6003 6004 6012
f 6003 6012 6011
f 6004 6005 6013
f 6004 6013 6012
f 6005 6006 6014
f 6005 6014 6013
f 6006 6007 6015
f 6006 6015 6014
f 6007 6008 6016
f 6007 6016 6015
f 6008 6001 6009
f 6008 6009 6016
f 6001 6003 6002
f 6009 6010 6011
f 6001 6004 6003
f 6009 6011 6012
f 6001 6005 6004
f 6009 6012 6013
f 6001 6006 6005
f 6009 6013 6014
f 6001 6007 6006
f 6009 6014 6015
f 6001 6008 6007
f 6009 6015 6016
f 6017 6018 6026
f 6017 6026 6025
f 6018 6019 6027
f 6018 6027 6026
f 6019 6020 6028
f 6019 6028 6027
f 6020 6021 6029
f 6020 6029 6028
f 6021 6022 6030
f 6021 6030 6029
f 6022 6023 6031
f 6022 6031 6030
f 6023 6024 6032
f 6023 6032 6031
f 6024 6017 6025
f 6024 6025 6032
f 6017 6019 6018
f 6025 6026 6027
f 6017 6020 6019
f 6025 6027 6028
f 6017 6021 6020
f 6025 6028 6029
f 6017 6022 6021
f 6025 6029 6030
f 6017 6023 6022
f 6025 6030 6031
f 6017 6024 6023
f 6025 6031 6032
f 6033 6034 6042
f 6033 6042 6041
f 6034 6035 6043
f 6034 6043 6042
f 6035 6036 6044
f 6035 6044 6043
f 6036 6037 6045
f 6036 6045 6044
f 6037 6038 6046
f 6037 6046 6045
f 6038 6039 6047
f 6038 6047 6046
f 6039 6040 6048
f 6039 6048 6047
f 6040 6033 6041
f 6040 6041 6048
f 6033 6035 6034
f 6041 6042 6043
f 6033 6036 6035
f 6041 6043 6044
f 6033 6037 6036
f 6041 6044 6045
f 6033 6038 6037
f 6041 6045 6046
f 6033 6039 6038
f 6041 6046 6047
f 6033 6040 6039
f 6041 6047 6048
f 6049 6050 6058
f 6049 6058 6057
f 6050 6051 6059
f 6050 6059 6058
f 6051 6052 6060
f 6051 6060 6059
f 6052 6053 6061
f 6052 6061 6060
f 6053 6054 6062
f 6053 6062 6061
f 6054 6055 6063
f 6054 6063 6062
f 6055 6056 6064
f 6055 6064 6063
f 6056 6049 6057
f 6056 6057 6064
f 6049 6051 6050
f 6057 6058 6059
f 6049 6052 6051
f 6057 6059 6060
f 6049 6053 6052
f 6057 6060 6061
f 6049 6054 6053
f 6057 6061 6062
f 6049 6055 6054
f 6057 6062 6063
f 6049 6056 6055
f 6057 6063 6064
f 6065 6066 6074
f 6065 6074 6073
f 6066 6067 6075
f 6066 6075 6074
f 6067 6068 6076
f 6067 6076 6075
f 6068 6069 6077
f 6068 6077 6076
f 6069 6070 6078
f 6069 6078 6077
f 6070 6071 6079
f 6070 6079 6078
f 6071 6072 6080
f 6071 6080 6079
f 6072 6065 6073
f 6072 6073 6080
f 6065 6067 6066
f 6073 6074 6075
f 6065 6068 6067
f 6073 6075 6076
f 6065 6069 6068
f 6073 6076 6077
f 6065 6070 6069
f 6073 6077 6078
f 6065 6071 6070
f 6073 6078 6079
f 6065 6072 6071
f 6073 6079 6080
f 6081 6082 6090
f 6081 6090 6089
f 6082 6083 6091
f 6082 6091 6090
f 6083 6084 6092
f 6083 6092 6091
f 6084 6085 6093
f 6084 6093 6092
f 6085 6086 6094
f 6085 6094 6093
f 6086 6087 6095
f 6086 6095 6094
f 6087 6088 6096
f 6087 6096 6095
f 6088 6081 6089
f 6088 6089 6096
f 6081 6083 6082
f 6089 6090 6091
f 6081 6084 6083
f 6089 6091 6092
f 6081 6085 6084
f 6089 6092 6093
f 6081 6086 6085
f 6089 6093 6094
f 6081 6087 6086
f 6089 6094 6095
f 6081 6088 6087
f 6089 6095 6096
f 6097 6098 6106
f 6097 6106 6105
f 6098 6099 6107
f 6098 6107 6106
f 6099 6100 6108
f 6099 6108 6107
f 6100 6101 6109
f 6100 6109 6108
f 6101 6102 6110
f 6101 6110 6109
f 6102 6103 6111
f 6102 6111 6110
f 6103 6104 6112
f 6103 6112 6111
f 6104 6097 6105
f 6104 6105 6112
f 6097 6099 6098
f 6105 6106 6107
f 6097 6100 6099
f 6105 6107 6108
f 6097 6101 6100
f 6105 6108 6109
f 6097 6102 6101
f 6105 6109 6110
f 6097 6103 6102
f 6105 6110 6111
f 6097 6104 6103
f 6105 6111 6112
f 6113 6114 6122
f 6113 6122 6121
f 6114 6115 6123
f 6114 6123 6122
f 6115 6116 6124
f 6115 6124 6123
f 6116 6117 6125
f 6116 6125 6124
f 6117 6118 6126
f 6117 6126 6125
f 6118 6119 6127
f 6118 6127 6126
f 6119 6120 6128
f 6119 6128 6127
f 6120 6113 6121
f 6120 6121 6128
f 6113 6115 6114
f 6121 6122 6123
f 6113 6116 6115
f 6121 6123 6124
f 6113 6117 6116
f 6121 6124 6125
f 6113 6118 6117
f 6121 6125 6126
f 6113 6119 6118
f 6121 6126 6127
f 6113 6120 6119
f 6121 6127 6128
f 6129 6130 6138
f 6129 6138 6137
f 6130 6131 6139
f 6130 6139 6138
f 6131 6132 6140
f 6131 6140 6139
f 6132 6133 6141
f 6132 6141 6140
f 6133 6134 6142
f 6133 6142 6141
f 6134 6135 6143
f 6134 6143 6142
f 6135 6136 6144
f 6135 6144 6143
f 6136 6129 6137
f 6136 6137 6144
f 6129 6131 6130
f 6137 6138 6139
f 6129 6132 6131
f 6137 6139 6140
f 6129 6133 6132
f 6137 6140 6141
f 6129 6134 6133
f 6137 6141 6142
f 6129 6135 6134
f 6137 6142 6143
f 6129 6136 6135
f 6137 6143 6144
f 6145 6146 6154
f 6145 6154 6153
f 6146 6147 6155
f 6146 6155 6154
f 6147 6148 6156
f 6147 6156 6155
f 6148 6149 6157
f 6148 6157 6156
f 6149 6150 6158
f 6149 6158 6157
f 6150 6151 6159
f 6150 6159 6158
f 6151 6152 6160
f 6151 6160 6159
f 6152 6145 6153
f 6152 6153 6160
f 6145 6147 6146
f 6153 6154 6155
f 6145 6148 6147
f 6153 6155 6156
f 6145 6149 6148
f 6153 6156 6157
f 6145 6150 6149
f 6153 6157 6158
f 6145 6151 6150
f 6153 6158 6159
f 6145 6152 6151
f 6153 6159 6160
f 6161 6162 6170
f 6161 6170 6169
f 6162 6163 6171
f 6162 6171 6170
f 6163 6164 6172
f 6163 6172 6171
f 6164 6165 6173
f 6164 6173 6172
f 6165 6166 6174
f 6165 6174 6173
f 6166 6167 6175
f 6166 6175 6174
f 6167 6168 6176
f 6167 6176 6175
f 6168 6161 6169
f 6168 6169 6176
f 6161 6163 6162
f 6169 6170 6171
f 6161 6164 6163
f 6169 6171 6172
f 6161 6165 6164
f 6169 6172 6173
f 6161 6166 6165
f 6169 6173 6174
f 6161 6167 6166
f 6169 6174 6175
f 6161 6168 6167
f 6169 6175 6176
f 6177 6178 6186
f 6177 6186 6185
f 6178 6179 6187
f 6178 6187 6186
f 6179 6180 6188
f 6179 6188 6187
f 6180 6181 6189
f 6180 6189 6188
f 6181 6182 6190
f 6181 6190 6189
f 6182 6183 6191
f 6182 6191 6190
f 6183 6184 6192
f 6183 6192 6191
f 6184 6177 6185
f 6184 6185 6192
f 6177 6179 6178
f 6185 6186 6187
f 6177 6180 6179
f 6185 6187 6188
f 6177 6181 6180
f 6185 6188 6189
f 6177 6182 6181
f 6185 6189 6190
f 6177 6183 6182
f 6185 6190 6191
f 6177 6184 6183
f 6185 6191 6192
f 6193 6194 6202
f 6193 6202 6201
f 6194 6195 6203
f 6194 6203 6202
f 6195 6196 6204
f 6195 6204 6203
f 6196 6197 6205
f 6196 6205 6204
f 6197 6198 6206
f 6197 6206 6205
f 6198 6199 6207
f 6198 6207 6206
f 6199 6200 6208
f 6199 6208 6207
f 6200 6193 6201
f 6200 6201 6208
f 6193 6195 6194
f 6201 6202 6203
f 6193 6196 6195
f 6201 6203 6204
f 6193 6197 6196
f 6201 6204 6205
f 6193 6198 6197
f 6201 6205 6206
f 6193 6199 6198
f 6201 6206 6207
f 6193 6200 6199
f 6201 6207 6208
f 6209 6210 6218
f 6209 6218 6217
f 6210 6211 6219
f 6210 6219 6218
f 6211 6212 6220
f 6211 6220 6219
f 6212 6213 6221
f 6212 6221 6220
f 6213 6214 6222
f 6213 6222 6221
f 6214 6215 6223
f 6214 6223 6222
f 6215 6216 6224
f 6215 6224 6223
f 6216 6209 6217
f 6216 6217 6224
f 6209 6211 6210
f 6217 6218 6219
f 6209 6212 6211
f 6217 6219 6220
f 6209 6213 6212
f 6217 6220 6221
f 6209 6214 6213
f 6217 6221 6222
f 6209 6215 6214
f 6217 6222 6223
f 6209 6216 6215
f 6217 6223 6224
f 6225 6226 6234
f 6225 6234 6233
f 6226 6227 6235
f 6226 6235 6234
f 6227 6228 6236
f 6227 6236 6235
f 6228 6229 6237
f 6228 6237 6236
f 6229 6230 6238
f 6229 6238 6237
f 6230 6231 6239
f 6230 6239 6238
f 6231 6232 6240
f 6231 6240 6239
f 6232 6225 6233
f 6232 6233 6240
f 6225 6227 6226
f 6233 6234 6235
f 6225 6228 6227
f 6233 6235 6236
f 6225 6229 6228
f 6233 6236 6237
f 6225 6230 6229
f 6233 6237 6238
f 6225 6231 6230
f 6233 6238 6239
f 6225 6232 6231
f 6233 6239 6240
f 6241 6242 6250
f 6241 6250 6249
f 6242 6243 6251
f 6242 6251 6250
f 6243 6244 6252
f 6243 6252 6251
f 6244 6245 6253
f 6244 6253 6252
f 6245 6246 6254
f 6245 6254 6253
f 6246 6247 6255
f 6246 6255 6254
f 6247 6248 6256
f 6247 6256 6255
f 6248 6241 6249
f 6248 6249 6256
f 6241 6243 6242
f 6249 6250 6251
f 6241 6244 6243
f 6249 6251 6252
f 6241 6245 6244
f 6249 6252 6253
f 6241 6246 6245
f 6249 6253 6254
f 6241 6247 6246
f 6249 6254 6255
f 6241 6248 6247
f 6249 6255 6256
f 6257 6258 6266
f 6257 6266 6265
f 6258 6259 6267
f 6258 6267 6266
f 6259 6260 6268
f 6259 6268 6267
f 6260 6261 6269
f 6260 6269 6268
f 6261 6262 6270
f 6261 6270 6269
f 6262 6263 6271
f 6262 6271 6270
f 6263 6264 6272
f 6263 6272 6271
f 6264 6257 6265
f 6264 6265 6272
f 6257 6259 6258
f 6265 6266 6267
f 6257 6260 6259
f 6265 6267 6268
f 6257 6261 6260
f 6265 6268 6269
f 6257 6262 6261
f 6265 6269 6270
f 6257 6263 6262
f 6265 6270 6271
f 6257 6264 6263
f 6265 6271 6272
f 6273 6274 6282
f 6273 6282 6281
f 6274 6275 6283
f 6274 6283 6282
f 6275 6276 6284
f 6275 6284 6283
f 6276 6277 6285
f 6276 6285 6284
f 6277 6278 6286
f 6277 6286 6285
f 6278 6279 6287
f 6278 6287 6286
f 6279 6280 6288
f 6279 6288 6287
f 6280 6273 6281
f 6280 6281 6288
f 6273 6275 6274
f 6281 6282 6283
f 6273 6276 6275
f 6281 6283 6284
f 6273 6277 6276
f 6281 6284 6285
f 6273 6278 6277
f 6281 6285 6286
f 6273 6279 6278
f 6281 6286 6287
f 6273 6280 6279
f 6281 6287 6288
f 6289 6290 6298
f 6289 6298 6297
f 6290 6291 6299
f 6290 6299 6298
f 6291 6292 6300
f 6291 6300 6299
f 6292 6293 6301
f 6292 6301 6300
f 6293 6294 6302
f 6293 6302 6301
f 6294 6295 6303
f 6294 6303 6302
f 6295 6296 6304
f 6295 6304 6303
f 6296 6289 6297
f 6296 6297 6304
f 6289 6291 6290
f 6297 6298 6299
f 6289 6292 6291
f 6297 6299 6300
f 6289 6293 6292
f 6297 6300 6301
f 6289 6294 6293
f 6297 6301 6302
f 6289 6295 6294
f 6297 6302 6303
f 6289 6296 6295
f 6297 6303 6304
f 6305 6306 6314
f 6305 6314 6313
f 6306 6307 6315
f 6306 6315 6314
f 6307 6308 6316
f 6307 6316 6315
f 6308 6309 6317
f 6308 6317 6316
f 6309 6310 6318
f 6309 6318 6317
f 6310 6311 6319
f 6310 6319 6318
f 6311 6312 6320
f 6311 6320 6319
f 6312 6305 6313
f 6312 6313 6320
f 6305 6307 6306
f 6313 6314 6315
f 6305 6308 6307
f 6313 6315 6316
f 6305 6309 6308
f 6313 6316 6317
f 6305 6310 6309
f 6313 6317 6318
f 6305 6311 6310
f 6313 6318 6319
f 6305 6312 6311
f 6313 6319 6320
f 6321 6322 6330
f 6321 6330 6329
f 6322 6323 6331
f 6322 6331 6330
f 6323 6324 6332
f 6323 6332 6331
f 6324 6325 6333
f 6324 6333 6332
f 6325 6326 6334
f 6325 6334 6333
f 6326 6327 6335
f 6326 6335 6334
f 6327 6328 6336
f 6327 6336 6335
f 6328 6321 6329
f 6328 6329 6336
f 6321 6323 6322
f 6329 6330 6331
f 6321 6324 6323
f 6329 6331 6332
f 6321 6325 6324
f 6329 6332 6333
f 6321 6326 6325
f 6329 6333 6334
f 6321 6327 6326
f 6329 6334 6335
f 6321 6328 6327
f 6329 6335 6336
f 6337 6338 6346
f 6337 6346 6345
f 6338 6339 6347
f 6338 6347 6346
f 6339 6340 6348
f 6339 6348 6347
f 6340 6341 6349
f 6340 6349 6348
f 6341 6342 6350
f 6341 6350 6349
f 6342 6343 6351
f 6342 6351 6350
f 6343 6344 6352
f 6343 6352 6351
f 6344 6337 6345
f 6344 6345 6352
f 6337 6339 6338
f 6345 6346 6347
f 6337 6340 6339
f 6345 6347 6348
f 6337 6341 6340
f 6345 6348 6349
f 6337 6342 6341
f 6345 6349 6350
f 6337 6343 6342
f 6345 6350 6351
f 6337 6344 6343
f 6345 6351 6352
f 6353 6354 6362
f 6353 6362 6361
f 6354 6355 6363
f 6354 6363 6362
f 6355 6356 6364
f 6355 6364 6363
f 6356 6357 6365
f 6356 6365 6364
f 6357 6358 6366
f 6357 6366 6365
f 6358 6359 6367
f 6358 6367 6366
f 6359 6360 6368
f 6359 6368 6367
f 6360 6353 6361
f 6360 6361 6368
f 6353 6355 6354
f 6361 6362 6363
f 6353 6356 6355
f 6361 6363 6364
f 6353 6357 6356
f 6361 6364 6365
f 6353 6358 6357
f 6361 6365 6366
f 6353 6359 6358
f 6361 6366 6367
f 6353 6360 6359
f 6361 6367 6368
f 6369 6370 6378
f 6369 6378 6377
f 6370 6371 6379
f 6370 6379 6378
f 6371 6372 6380
f 6371 6380 6379
f 6372 6373 6381
f 6372 6381 6380
f 6373 6374 6382
f 6373 6382 6381
f 6374 6375 6383
f 6374 6383 6382
f 6375 6376 6384
f 6375 6384 6383
f 6376 6369 6377
f 6376 6377 6384
f 6369 6371 6370
f 6377 6378 6379
f 6369 6372 6371
f 6377 6379 6380
f 6369 6373 6372
f 6377 6380 6381
f 6369 6374 6373
f 6377 6381 6382
f 6369 6375 6374
f 6377 6382 6383
f 6369 6376 6375
f 6377 6383 6384
f 6385 6386 6394
f 6385 6394 6393
f 6386 6387 6395
f 6386 6395 6394
f 6387 6388 6396
f 6387 6396 6395
f 6388 6389 6397
f 6388 6397 6396
f 6389 6390 6398
f 6389 6398 6397
f 6390 6391 6399
f 6390 6399 6398
f 6391 6392 6400
f 6391 6400 6399
f 6392 6385 6393
f 6392 6393 6400
f 6385 6387 6386
f 6393 6394 6395
f 6385 6388 6387
f 6393 6395 6396
f 6385 6389 6388
f 6393 6396 6397
f 6385 6390 6389
f 6393 6397 6398
f 6385 6391 6390
f 6393 6398 6399
f 6385 6392 6391
f 6393 6399 6400
f 6401 6402 6410
f 6401 6410 6409
f 6402 6403 6411
f 6402 6411 6410
f 6403 6404 6412
f 6403 6412 6411
f 6404 6405 6413
f 6404 6413 6412
f 6405 6406 6414
f 6405 6414 6413
f 6406 6407 6415
f 6406 6415 6414
f 6407 6408 6416
f 6407 6416 6415
f 6408 6401 6409
f 6408 6409 6416
f 6401 6403 6402
f 6409 6410 6411
f 6401 6404 6403
f 6409 6411 6412
f 6401 6405 6404
f 6409 6412 6413
f 6401 6406 6405
f 6409 6413 6414
f 6401 6407 6406
f 6409 6414 6415
f 6401 6408 6407
f 6409 6415 6416
f 6417 6418 6426
f 6417 6426 6425
f 6418 6419 6427
f 6418 6427 6426
f 6419 6420 6428
f 6419 6428 6427
f 6420 6421 6429
f 6420 6429 6428
f 6421 6422 6430
f 6421 6430 6429
f 6422 6423 6431
f 6422 6431 6430
f 6423 6424 6432
f 6423 6432 6431
f 6424 6417 6425
f 6424 6425 6432
f 6417 6419 6418
f 6425 6426 6427
f 6417 6420 6419
f 6425 6427 6428
f 6417 6421 6420
f 6425 6428 6429
f 6417 6422 6421
f 6425 6429 6430
f 6417 6423 6422
f 6425 6430 6431
f 6417 6424 6423
f 6425 6431 6432
f 6433 6434 6442
f 6433 6442 6441
f 6434 6435 6443
f 6434 6443 6442
f 6435 6436 6444
f 6435 6444 6443
f 6436 6437 6445
f 6436 6445 6444
f 6437 6438 6446
f 6437 6446 6445
f 6438 6439 6447
f 6438 6447 6446
f 6439 6440 6448
f 6439 6448 6447
f 6440 6433 6441
f 6440 6441 6448
f 6433 6435 6434
f 6441 6442 6443
f 6433 6436 6435
f 6441 6443 6444
f 6433 6437 6436
f 6441 6444 6445
f 6433 6438 6437
f 6441 6445 6446
f 6433 6439 6438
f 6441 6446 6447
f 6433 6440 6439
f 6441 6447 6448
f 6449 6450 6458
f 6449 6458 6457
f 6450 6451 6459
f 6450 6459 6458
f 6451 6452 6460
f 6451 6460 6459
f 6452 6453 6461
f 6452 6461 6460
f 6453 6454 6462
f 6453 6462 6461
f 6454 6455 6463
f 6454 6463 6462
f 6455 6456 6464
f 6455 6464 6463
f 6456 6449 6457
f 6456 6457 6464
f 6449 6451 6450
f 6457 6458 6459
f 6449 6452 6451
f 6457 6459 6460
f 6449 6453 6452
f 6457 6460 6461
f 6449 6454 6453
f 6457 6461 6462
f 6449 6455 6454
f 6457 6462 6463
f 6449 6456 6455
f 6457 6463 6464
f 6465 6466 6474
f 6465 6474 6473
f 6466 6467 6475
f 6466 6475 6474
f 6467 6468 6476
f 6467 6476 6475
f 6468 6469 6477
f 6468 6477 6476
f 6469 6470 6478
f 6469 6478 6477
f 6470 6471 6479
f 6470 6479 6478
f 6471 6472 6480
f 6471 6480 6479
f 6472 6465 6473
f 6472 6473 6480
f 6465 6467 6466
f 6473 6474 6475
f 6465 6468 6467
f 6473 6475 6476
f 6465 6469 6468
f 6473 6476 6477
f 6465 6470 6469
f 6473 6477 6478
f 6465 6471 6470
f 6473 6478 6479
f 6465 6472 6471
f 6473 6479 6480
f 6481 6482 6490
f 6481 6490 6489
f 6482 6483 6491
f 6482 6491 6490
f 6483 6484 6492
f 6483 6492 6491
f 6484 6485 6493
f 6484 6493 6492
f 6485 6486 6494
f 6485 6494 6493
f 6486 6487 6495
f 6486 6495 6494
f 6487 6488 6496
f 6487 6496 6495
f 6488 6481 6489
f 6488 6489 6496
f 6481 6483 6482
f 6489 6490 6491
f 6481 6484 6483
f 6489 6491 6492
f 6481 6485 6484
f 6489 6492 6493
f 6481 6486 6485
f 6489 6493 6494
f 6481 6487 6486
f 6489 6494 6495
f 6481 6488 6487
f 6489 6495 6496
f 6497 6498 6506
f 6497 6506 6505
f 6498 6499 6507
f 6498 6507 6506
f 6499 6500 6508
f 6499 6508 6507
f 6500 6501 6509
f 6500 6509 6508
f 6501 6502 6510
f 6501 6510 6509
f 6502 6503 6511
f 6502 6511 6510
f 6503 6504 6512
f 6503 6512 6511
f 6504 6497 6505
f 6504 6505 6512
f 6497 6499 6498
f 6505 6506 6507
f 6497 6500 6499
f 6505 6507 6508
f 6497 6501 6500
f 6505 6508 6509
f 6497 6502 6501
f 6505 6509 6510
f 6497 6503 6502
f 6505 6510 6511
f 6497 6504 6503
f 6505 6511 6512
f 6513 6514 6522
f 6513 6522 6521
f 6514 6515 6523
f 6514 6523 6522
f 6515 6516 6524
f 6515 6524 6523
f 6516 6517 6525
f 6516 6525 6524
f 6517 6518 6526
f 6517 6526 6525
f 6518 6519 6527
f 6518 6527 6526
f 6519 6520 6528
f 6519 6528 6527
f 6520 6513 6521
f 6520 6521 6528
f 6513 6515 6514
f 6521 6522 6523
f 6513 6516 6515
f 6521 6523 6524
f 6513 6517 6516
f 6521 6524 6525
f 6513 6518 6517
f 6521 6525 6526
f 6513 6519 6518
f 6521 6526 6527
f 6513 6520 6519
f 6521 6527 6528
f 6529 6530 6538
f 6529 6538 6537
f 6530 6531 6539
f 6530 6539 6538
f 6531 6532 6540
f 6531 6540 6539
f 6532 6533 6541
f 6532 6541 6540
f 6533 6534 6542
f 6533 6542 6541
f 6534 6535 6543
f 6534 6543 6542
f 6535 6536 6544
f 6535 6544 6543
f 6536 6529 6537
f 6536 6537 6544
f 6529 6531 6530
f 6537 6538 6539
f 6529 6532 6531
f 6537 6539 6540
f 6529 6533 6532
f 6537 6540 6541
f 6529 6534 6533
f 6537 6541 6542
f 6529 6535 6534
f 6537 6542 6543
f 6529 6536 6535
f 6537 6543 6544
f 6545 6546 6554
f 6545 6554 6553
f 6546 6547 6555
f 6546 6555 6554
f 6547 6548 6556
f 6547 6556 6555
f 6548 6549 6557
f 6548 6557 6556
f 6549 6550 6558
f 6549 6558 6557
f 6550 6551 6559
f 6550 6559 6558
f 6551 6552 6560
f 6551 6560 6559
f 6552 6545 6553
f 6552 6553 6560
f 6545 6547 6546
f 6553 6554 6555
f 6545 6548 6547
f 6553 6555 6556
f 6545 6549 6548
f 6553 6556 6557
f 6545 6550 6549
f 6553 6557 6558
f 6545 6551 6550
f 6553 6558 6559
f 6545 6552 6551
f 6553 6559 6560
f 6561 6562 6570
f 6561 6570 6569
f 6562 6563 6571
f 6562 6571 6570
f 6563 6564 6572
f 6563 6572 6571
f 6564 6565 6573
f 6564 6573 6572
f 6565 6566 6574
f 6565 6574 6573
f 6566 6567 6575
f 6566 6575 6574
f 6567 6568 6576
f 6567 6576 6575
f 6568 6561 6569
f 6568 6569 6576
f 6561 6563 6562
f 6569 6570 6571
f 6561 6564 6563
f 6569 6571 6572
f 6561 6565 6564
f 6569 6572 6573
f 6561 6566 6565
f 6569 6573 6574
f 6561 6567 6566
f 6569 6574 6575
f 6561 6568 6567
f 6569 6575 6576
f 6577 6578 6586
f 6577 6586 6585
f 6578 6579 6587
f 6578 6587 6586
f 6579 6580 6588
f 6579 6588 6587
f 6580 6581 6589
f 6580 6589 6588
f 6581 6582 6590
f 6581 6590 6589
f 6582 6583 6591
f 6582 6591 6590
f 6583 6584 6592
f 6583 6592 6591
f 6584 6577 6585
f 6584 6585 6592
f 6577 6579 6578
f 6585 6586 6587
f 6577 6580 6579
f 6585 6587 6588
f 6577 6581 6580
f 6585 6588 6589
f 6577 6582 6581
f 6585 6589 6590
f 6577 6583 6582
f 6585 6590 6591
f 6577 6584 6583
f 6585 6591 6592
f 6593 6594 6602
f 6593 6602 6601
f 6594 6595 6603
f 6594 6603 6602
f 6595 6596 6604
f 6595 6604 6603
f 6596 6597 6605
f 6596 6605 6604
f 6597 6598 6606
f 6597 6606 6605
f 6598 6599 6607
f 6598 6607 6606
f 6599 6600 6608
f 6599 6608 6607
f 6600 6593 6601
f 6600 6601 6608
f 6593 6595 6594
f 6601 6602 6603
f 6593 6596 6595
f 6601 6603 6604
f 6593 6597 6596
f 6601 6604 6605
f 6593 6598 6597
f 6601 6605 6606
f 6593 6599 6598
f 6601 6606 6607
f 6593 6600 6599
f 6601 6607 6608
f 6609 6610 6618
f 6609 6618 6617
f 6610 6611 6619
f 6610 6619 6618
f 6611 6612 6620
f 6611 6620 6619
f 6612 6613 6621
f 6612 6621 6620
f 6613 6614 6622
f 6613 6622 6621
f 6614 6615 6623
f 6614 6623 6622
f 6615 6616 6624
f 6615 6624 6623
f 6616 6609 6617
f 6616 6617 6624
f 6609 6611 6610
f 6617 6618 6619
f 6609 6612 6611
f 6617 6619 6620
f 6609 6613 6612
f 6617 6620 6621
f 6609 6614 6613
f 6617 6621 6622
f 6609 6615 6614
f 6617 6622 6623
f 6609 6616 6615
f 6617 6623 6624
f 6625 6626 6634
f 6625 6634 6633
f 6626 6627 6635
f 6626 6635 6634
f 6627 6628 6636
f 6627 6636 6635
f 6628 6629 6637
f 6628 6637 6636
f 6629 6630 6638
f 6629 6638 6637
f 6630 6631 6639
f 6630 6639 6638
f 6631 6632 6640
f 6631 6640 6639
f 6632 6625 6633
f 6632 6633 6640
f 6625 6627 6626
f 6633 6634 6635
f 6625 6628 6627
f 6633 6635 6636
f 6625 6629 6628
f 6633 6636 6637
f 6625 6630 6629
f 6633 6637 6638
f 6625 6631 6630
f 6633 6638 6639
f 6625 6632 6631
f 6633 6639 6640
f 6641 6642 6650
f 6641 6650 6649
f 6642 6643 6651
f 6642 6651 6650
f 6643 6644 6652
f 6643 6652 6651
f 6644 6645 6653
f 6644 6653 6652
f 6645 6646 6654
f 6645 6654 6653
f 6646 6647 6655
f 6646 6655 6654
f 6647 6648 6656
f 6647 6656 6655
f 6648 6641 6649
f 6648 6649 6656
f 6641 6643 6642
f 6649 6650 6651
f 6641 6644 6643
f 6649 6651 6652
f 6641 6645 6644
f 6649 6652 6653
f 6641 6646 6645
f 6649 6653 6654
f 6641 6647 6646
f 6649 6654 6655
f 6641 6648 6647
f 6649 6655 6656
f 6657 6658 6666
f 6657 6666 6665
f 6658 6659 6667
f 6658 6667 6666
f 6659 6660 6668
f 6659 6668 6667
f 6660 6661 6669
f 6660 6669 6668
f 6661 6662 6670
f 6661 6670 6669
f 6662 6663 6671
f 6662 6671 6670
f 6663 6664 6672
f 6663 6672 6671
f 6664 6657 6665
f 6664 6665 6672
f 6657 6659 6658
f 6665 6666 6667
f 6657 6660 6659
f 6665 6667 6668
f 6657 6661 6660
f 6665 6668 6669
f 6657 6662 6661
f 6665 6669 6670
f 6657 6663 6662
f 6665 6670 6671
f 6657 6664 6663
f 6665 6671 6672
f 6673 6674 6682
f 6673 6682 6681
f 6674 6675 6683
f 6674 6683 6682
f 6675 6676 6684
f 6675 6684 6683
f 6676 6677 6685
f 6676 6685 6684
f 6677 6678 6686
f 6677 6686 6685
f 6678 6679 6687
f 6678 6687 6686
f 6679 6680 6688
f 6679 6688 6687
f 6680 6673 6681
f 6680 6681 6688
f 6673 6675 6674
f 6681 6682 6683
f 6673 6676 6675
f 6681 6683 6684
f 6673 6677 6676
f 6681 6684 6685
f 6673 6678 6677
f 6681 6685 6686
f 6673 6679 6678
f 6681 6686 6687
f 6673 6680 6679
f 6681 6687 6688
f 6689 6690 6698
f 6689 6698 6697
f 6690 6691 6699
f 6690 6699 6698
f 6691 6692 6700
f 6691 6700 6699
f 6692 6693 6701
f 6692 6701 6700
f 6693 6694 6702
f 6693 6702 6701
f 6694 6695 6703
f 6694 6703 6702
f 6695 6696 6704
f 6695 6704 6703
f 6696 6689 6697
f 6696 6697 6704
f 6689 6691 6690
f 6697 6698 6699
f 6689 6692 6691
f 6697 6699 6700
f 6689 6693 6692
f 6697 6700 6701
f 6689 6694 6693
f 6697 6701 6702
f 6689 6695 6694
f 6697 6702 6703
f 6689 6696 6695
f 6697 6703 6704
f 6705 6706 6714
f 6705 6714 6713
f 6706 6707 6715
f 6706 6715 6714
f 6707 6708 6716
f 6707 6716 6715
f 6708 6709 6717
f 6708 6717 6716
f 6709 6710 6718
f 6709 6718 6717
f 6710 6711 6719
f 6710 6719 6718
f 6711 6712 6720
f 6711 6720 6719
f 6712 6705 6713
f 6712 6713 6720
f 6705 6707 6706
f 6713 6714 6715
f 6705 6708 6707
f 6713 6715 6716
f 6705 6709 6708
f 6713 6716 6717
f 6705 6710 6709
f 6713 6717 6718
f 6705 6711 6710
f 6713 6718 6719
f 6705 6712 6711
f 6713 6719 6720
f 6721 6722 6730
f 6721 6730 6729
f 6722 6723 6731
f 6722 6731 6730
f 6723 6724 6732
f 6723 6732 6731
f 6724 6725 6733
f 6724 6733 6732
f 6725 6726 6734
f 6725 6734 6733
f 6726 6727 6735
f 6726 6735 6734
f 6727 6728 6736
f 6727 6736 6735
f 6728 6721 6729
f 6728 6729 6736
f 6721 6723 6722
f 6729 6730 6731
f 6721 6724 6723
f 6729 6731 6732
f 6721 6725 6724
f 6729 6732 6733
f 6721 6726 6725
f 6729 6733 6734
f 6721 6727 6726
f 6729 6734 6735
f 6721 6728 6727
f 6729 6735 6736
f 6737 6738 6746
f 6737 6746 6745
f 6738 6739 6747
f 6738 6747 6746
f 6739 6740 6748
f 6739 6748 6747
f 6740 6741 6749
f 6740 6749 6748
f 6741 6742 6750
f 6741 6750 6749
f 6742 6743 6751
f 6742 6751 6750
f 6743 6744 6752
f 6743 6752 6751
f 6744 6737 6745
f 6744 6745 6752
f 6737 6739 6738
f 6745 6746 6747
f 6737 6740 6739
f 6745 6747 6748
f 6737 6741 6740
f 6745 6748 6749
f 6737 6742 6741
f 6745 6749 6750
f 6737 6743 6742
f 6745 6750 6751
f 6737 6744 6743
f 6745 6751 6752
f 6753 6754 6762
f 6753 6762 6761
f 6754 6755 6763
f 6754 6763 6762
f 6755 6756 6764
f 6755 6764 6763
f 6756 6757 6765
f 6756 6765 6764
f 6757 6758 6766
f 6757 6766 6765
f 6758 6759 6767
f 6758 6767 6766
f 6759 6760 6768
f 6759 6768 6767
f 6760 6753 6761
f 6760 6761 6768
f 6753 6755 6754
f 6761 6762 6763
f 6753 6756 6755
f 6761 6763 6764
f 6753 6757 6756
f 6761 6764 6765
f 6753 6758 6757
f 6761 6765 6766
f 6753 6759 6758
f 6761 6766 6767
f 6753 6760 6759
f 6761 6767 6768
f 6769 6770 6778
f 6769 6778 6777
f 6770 6771 6779
f 6770 6779 6778
f 6771 6772 6780
f 6771 6780 6779
f 6772 6773 6781
f 6772 6781 6780
f 6773 6774 6782
f 6773 6782 6781
f 6774 6775 6783
f 6774 6783 6782
f 6775 6776 6784
f 6775 6784 6783
f 6776 6769 6777
f 6776 6777 6784
f 6769 6771 6770
f 6777 6778 6779
f 6769 6772 6771
f 6777 6779 6780
f 6769 6773 6772
f 6777 6780 6781
f 6769 6774 6773
f 6777 6781 6782
f 6769 6775 6774
f 6777 6782 6783
f 6769 6776 6775
f 6777 6783 6784
f 6785 6786 6794
f 6785 6794 6793
f 6786 6787 6795
f 6786 6795 6794
f 6787 6788 6796
f 6787 6796 6795
f 6788 6789 6797
f 6788 6797 6796
f 6789 6790 6798
f 6789 6798 6797
f 6790 6791 6799
f 6790 6799 6798
f 6791 6792 6800
f 6791 6800 6799
f 6792 6785 6793
f 6792 6793 6800
f 6785 6787 6786
f 6793 6794 6795
f 6785 6788 6787
f 6793 6795 6796
f 6785 6789 6788
f 6793 6796 6797
f 6785 6790 6789
f 6793 6797 6798
f 6785 6791 6790
f 6793 6798 6799
f 6785 6792 6791
f 6793 6799 6800
f 6801 6802 6810
f 6801 6810 6809
f 6802 6803 6811
f 6802 6811 6810
f 6803 6804 6812
f 6803 6812 6811
f 6804 6805 6813
f 6804 6813 6812
f 6805 6806 6814
f 6805 6814 6813
f 6806 6807 6815
f 6806 6815 6814
f 6807 6808 6816
f 6807 6816 6815
f 6808 6801 6809
f 6808 6809 6816
f 6801 6803 6802
f 6809 6810 6811
f 6801 6804 6803
f 6809 6811 6812
f 6801 6805 6804
f 6809 6812 6813
f 6801 6806 6805
f 6809 6813 6814
f 6801 6807 6806
f 6809 6814 6815
f 6801 6808 6807
f 6809 6815 6816
f 6817 6818 6826
f 6817 6826 6825
f 6818 6819 6827
f 6818 6827 6826
f 6819 6820 6828
f 6819 6828 6827
f 6820 6821 6829
f 6820 6829 6828
f 6821 6822 6830
f 6821 6830 6829
f 6822 6823 6831
f 6822 6831 6830
f 6823 6824 6832
f 6823 6832 6831
f 6824 6817 6825
f 6824 6825 6832
f 6817 6819 6818
f 6825 6826 6827
f 6817 6820 6819
f 6825 6827 6828
f 6817 6821 6820
f 6825 6828 6829
f 6817 6822 6821
f 6825 6829 6830
f 6817 6823 6822
f 6825 6830 6831
f 6817 6824 6823
f 6825 6831 6832
f 6833 6834 6842
f 6833 6842 6841
f 6834 6835 6843
f 6834 6843 6842
f 6835 6836 6844
f 6835 6844 6843
f 6836 6837 6845
f 6836 6845 6844
f 6837 6838 6846
f 6837 6846 6845
f 6838 6839 6847
f 6838 6847 6846
f 6839 6840 6848
f 6839 6848 6847
f 6840 6833 6841
f 6840 6841 6848
f 6833 6835 6834
f 6841 6842 6843
f 6833 6836 6835
f 6841 6843 6844
f 6833 6837 6836
f 6841 6844 6845
f 6833 6838 6837
f 6841 6845 6846
f 6833 6839 6838
f 6841 6846 6847
f 6833 6840 6839
f 6841 6847 6848
f 6849 6850 6858
f 6849 6858 6857
f 6850 6851 6859
f 6850 6859 6858
f 6851 6852 6860
f 6851 6860 6859
f 6852 6853 6861
f 6852 6861 6860
f 6853 6854 6862
f 6853 6862 6861
f 6854 6855 6863
f 6854 6863 6862
f 6855 6856 6864
f 6855 6864 6863
f 6856 6849 6857
f 6856 6857 6864
f 6849 6851 6850
f 6857 6858 6859
f 6849 6852 6851
f 6857 6859 6860
f 6849 6853 6852
f 6857 6860 6861
f 6849 6854 6853
f 6857 6861 6862
f 6849 6855 6854
f 6857 6862 6863
f 6849 6856 6855
f 6857 6863 6864
f 6865 6866 6874
f 6865 6874 6873
f 6866 6867 6875
f 6866 6875 6874
f 6867 6868 6876
f 6867 6876 6875
f 6868 6869 6877
f 6868 6877 6876
f 6869 6870 6878
f 6869 6878 6877
f 6870 6871 6879
f 6870 6879 6878
f 6871 6872 6880
f 6871 6880 6879
f 6872 6865 6873
f 6872 6873 6880
f 6865 6867 6866
f 6873 6874 6875
f 6865 6868 6867
f 6873 6875 6876
f 6865 6869 6868
f 6873 6876 6877
f 6865 6870 6869
f 6873 6877 6878
f 6865 6871 6870
f 6873 6878 6879
f 6865 6872 6871
f 6873 6879 6880
f 6881 6882 6890
f 6881 6890 6889
f 6882 6883 6891
f 6882 6891 6890
f 6883 6884 6892
f 6883 6892 6891
f 6884 6885 6893
f 6884 6893 6892
f 6885 6886 6894
f 6885 6894 6893
f 6886 6887 6895
f 6886 6895 6894
f 6887 6888 6896
f 6887 6896 6895
f 6888 6881 6889
f 6888 6889 6896
f 6881 6883 6882
f 6889 6890 6891
f 6881 6884 6883
f 6889 6891 6892
f 6881 6885 6884
f 6889 6892 6893
f 6881 6886 6885
f 6889 6893 6894
f 6881 6887 6886
f 6889 6894 6895
f 6881 6888 6887
f 6889 6895 6896
f 6897 6898 6906
f 6897 6906 6905
f 6898 6899 6907
f 6898 6907 6906
f 6899 6900 6908
f 6899 6908 6907
f 6900 6901 6909
f 6900 6909 6908
f 6901 6902 6910
f 6901 6910 6909
f 6902 6903 6911
f 6902 6911 6910
f 6903 6904 6912
f 6903 6912 6911
f 6904 6897 6905
f 6904 6905 6912
f 6897 6899 6898
f 6905 6906 6907
f 6897 6900 6899
f 6905 6907 6908
f 6897 6901 6900
f 6905 6908 6909
f 6897 6902 6901
f 6905 6909 6910
f 6897 6903 6902
f 6905 6910 6911
f 6897 6904 6903
f 6905 6911 6912
f 6913 6914 6922
f 6913 6922 6921
f 6914 6915 6923
f 6914 6923 6922
f 6915 6916 6924
f 6915 6924 6923
f 6916 6917 6925
f 6916 6925 6924
f 6917 6918 6926
f 6917 6926 6925
f 6918 6919 6927
f 6918 6927 6926
f 6919 6920 6928
f 6919 6928 6927
f 6920 6913 6921
f 6920 6921 6928
f 6913 6915 6914
f 6921 6922 6923
f 6913 6916 6915
f 6921 6923 6924
f 6913 6917 6916
f 6921 6924 6925
f 6913 6918 6917
f 6921 6925 6926
f 6913 6919 6918
f 6921 6926 6927
f 6913 6920 6919
f 6921 6927 6928
f 6929 6930 6938
f 6929 6938 6937
f 6930 6931 6939
f 6930 6939 6938
f 6931 6932 6940
f 6931 6940 6939
f 6932 6933 6941
f 6932 6941 6940
f 6933 6934 6942
f 6933 6942 6941
f 6934 6935 6943
f 6934 6943 6942
f 6935 6936 6944
f 6935 6944 6943
f 6936 6929 6937
f 6936 6937 6944
f 6929 6931 6930
f 6937 6938 6939
f 6929 6932 6931
f 6937 6939 6940
f 6929 6933 6932
f 6937 6940 6941
f 6929 6934 6933
f 6937 6941 6942
f 6929 6935 6934
f 6937 6942 6943
f 6929 6936 6935
f 6937 6943 6944
f 6945 6946 6954
f 6945 6954 6953
f 6946 6947 6955
f 6946 6955 6954
f 6947 6948 6956
f 6947 6956 6955
f 6948 6949 6957
f 6948 6957 6956
f 6949 6950 6958
f 6949 6958 6957
f 6950 6951 6959
f 6950 6959 6958
f 6951 6952 6960
f 6951 6960 6959
f 6952 6945 6953
f 6952 6953 6960
f 6945 6947 6946
f 6953 6954 6955
f 6945 6948 6947
f 6953 6955 6956
f 6945 6949 6948
f 6953 6956 6957
f 6945 6950 6949
f 6953 6957 6958
f 6945 6951 6950
f 6953 6958 6959
f 6945 6952 6951
f 6953 6959 6960
f 6961 6962 6970
f 6961 6970 6969
f 6962 6963 6971
f 6962 6971 6970
f 6963 6964 6972
f 6963 6972 6971
f 6964 6965 6973
f 6964 6973 6972
f 6965 6966 6974
f 6965 6974 6973
f 6966 6967 6975
f 6966 6975 6974
f 6967 6968 6976
f 6967 6976 6975
f 6968 6961 6969
f 6968 6969 6976
f 6961 6963 6962
f 6969 6970 6971
f 6961 6964 6963
f 6969 6971 6972
f 6961 6965 6964
f 6969 6972 6973
f 6961 6966 6965
f 6969 6973 6974
f 6961 6967 6966
f 6969 6974 6975
f 6961 6968 6967
f 6969 6975 6976
f 6977 6978 6986
f 6977 6986 6985
f 6978 6979 6987
f 6978 6987 6986
f 6979 6980 6988
f 6979 6988 6987
f 6980 6981 6989
f 6980 6989 6988
f 6981 6982 6990
f 6981 6990 6989
f 6982 6983 6991
f 6982 6991 6990
f 6983 6984 6992
f 6983 6992 6991
f 6984 6977 6985
f 6984 6985 6992
f 6977 6979 6978
f 6985 6986 6987
f 6977 6980 6979
f 6985 6987 6988
f 6977 6981 6980
f 6985 6988 6989
f 6977 6982 6981
f 6985 6989 6990
f 6977 6983 6982
f 6985 6990 6991
f 6977 6984 6983
f 6985 6991 6992
f 6993 6994 7002
f 6993 7002 7001
f 6994 6995 7003
f 6994 7003 7002
f 6995 6996 7004
f 6995 7004 7003
f 6996 6997 7005
f 6996 7005 7004
f 6997 6998 7006
f 6997 7006 7005
f 6998 6999 7007
f 6998 7007 7006
f 6999 7000 7008
f 6999 7008 7007
f 7000 6993 7001
f 7000 7001 7008
f 6993 6995 6994
f 7001 7002 7003
f 6993 6996 6995
f 7001 7003 7004
f 6993 6997 6996
f 7001 7004 7005
f 6993 6998 6997
f 7001 7005 7006
f 6993 6999 6998
f 7001 7006 7007
f 6993 7000 6999
f 7001 7007 7008
f 7009 7010 7018
f 7009 7018 7017
f 7010 7011 7019
f 7010 7019 7018
f 7011 7012 7020
f 7011 7020 7019
f 7012 7013 7021
f 7012 7021 7020
f 7013 7014 7022
f 7013 7022 7021
f 7014 7015 7023
f 7014 7023 7022
f 7015 7016 7024
f 7015 7024 7023
f 7016 7009 7017
f 7016 7017 7024
f 7009 7011 7010
f 7017 7018 7019
f 7009 7012 7011
f 7017 7019 7020
f 7009 7013 7012
f 7017 7020 7021
f 7009 7014 7013
f 7017 7021 7022
f 7009 7015 7014
f 7017 7022 7023
f 7009 7016 7015
f 7017 7023 7024
f 7025 7026 7034
f 7025 7034 7033
f 7026 7027 7035
f 7026 7035 7034
f 7027 7028 7036
f 7027 7036 7035
f 7028 7029 7037
f 7028 7037 7036
f 7029 7030 7038
f 7029 7038 7037
f 7030 7031 7039
f 7030 7039 7038
f 7031 7032 7040
f 7031 7040 7039
f 7032 7025 7033
f 7032 7033 7040
f 7025 7027 7026
f 7033 7034 7035
f 7025 7028 7027
f 7033 7035 7036
f 7025 7029 7028
f 7033 7036 7037
f 7025 7030 7029
f 7033 7037 7038
f 7025 7031 7030
f 7033 7038 7039
f 7025 7032 7031
f 7033 7039 7040
f 7041 7042 7050
f 7041 7050 7049
f 7042 7043 7051
f 7042 7051 7050
f 7043 7044 7052
f 7043 7052 7051
f 7044 7045 7053
f 7044 7053 7052
f 7045 7046 7054
f 7045 7054 7053
f 7046 7047 7055
f 7046 7055 7054
f 7047 7048 7056
f 7047 7056 7055
f 7048 7041 7049
f 7048 7049 7056
f 7041 7043 7042
f 7049 7050 7051
f 7041 7044 7043
f 7049 7051 7052
f 7041 7045 7044
f 7049 7052 7053
f 7041 7046 7045
f 7049 7053 7054
f 7041 7047 7046
f 7049 7054 7055
f 7041 7048 7047
f 7049 7055 7056
f 7057 7058 7066
f 7057 7066 7065
f 7058 7059 7067
f 7058 7067 7066
f 7059 7060 7068
f 7059 7068 7067
f 7060 7061 7069
f 7060 7069 7068
f 7061 7062 7070
f 7061 7070 7069
f 7062 7063 7071
f 7062 7071 7070
f 7063 7064 7072
f 7063 7072 7071
f 7064 7057 7065
f 7064 7065 7072
f 7057 7059 7058
f 7065 7066 7067
f 7057 7060 7059
f 7065 7067 7068
f 7057 7061 7060
f 7065 7068 7069
f 7057 7062 7061
f 7065 7069 7070
f 7057 7063 7062
f 7065 7070 7071
f 7057 7064 7063
f 7065 7071 7072
f 7073 7074 7082
f 7073 7082 7081
f 7074 7075 7083
f 7074 7083 7082
f 7075 7076 7084
f 7075 7084 7083
f 7076 7077 7085
f 7076 7085 7084
f 7077 7078 7086
f 7077 7086 7085
f 7078 7079 7087
f 7078 7087 7086
f 7079 7080 7088
f 7079 7088 7087
f 7080 7073 7081
f 7080 7081 7088
f 7073 7075 7074
f 7081 7082 7083
f 7073 7076 7075
f 7081 7083 7084
f 7073 7077 7076
f 7081 7084 7085
f 7073 7078 7077
f 7081 7085 7086
f 7073 7079 7078
f 7081 7086 7087
f 7073 7080 7079
f 7081 7087 7088
f 7089 7090 7098
f 7089 7098 7097
f 7090 7091 7099
f 7090 7099 7098
f 7091 7092 7100
f 7091 7100 7099
f 7092 7093 7101
f 7092 7101 7100
f 7093 7094 7102
f 7093 7102 7101
f 7094 7095 7103
f 7094 7103 7102
f 7095 7096 7104
f 7095 7104 7103
f 7096 7089 7097
f 7096 7097 7104
f 7089 7091 7090
f 7097 7098 7099
f 7089 7092 7091
f 7097 7099 7100
f 7089 7093 7092
f 7097 7100 7101
f 7089 7094 7093
f 7097 7101 7102
f 7089 7095 7094
f 7097 7102 7103
f 7089 7096 7095
f 7097 7103 7104
f 7105 7106 7114
f 7105 7114 7113
f 7106 7107 7115
f 7106 7115 7114
f 7107 7108 7116
f 7107 7116 7115
f 7108 7109 7117
f 7108 7117 7116
f 7109 7110 7118
f 7109 7118 7117
f 7110 7111 7119
f 7110 7119 7118
f 7111 7112 7120
f 7111 7120 7119
f 7112 7105 7113
f 7112 7113 7120
f 7105 7107 7106
f 7113 7114 7115
f 7105 7108 7107
f 7113 7115 7116
f 7105 7109 7108
f 7113 7116 7117
f 7105 7110 7109
f 7113 7117 7118
f 7105 7111 7110
f 7113 7118 7119
f 7105 7112 7111
f 7113 7119 7120
f 7121 7122 7130
f 7121 7130 7129
f 7122 7123 7131
f 7122 7131 7130
f 7123 7124 7132
f 7123 7132 7131
f 7124 7125 7133
f 7124 7133 7132
f 7125 7126 7134
f 7125 7134 7133
f 7126 7127 7135
f 7126 7135 7134
f 7127 7128 7136
f 7127 7136 7135
f 7128 7121 7129
f 7128 7129 7136
f 7121 7123 7122
f 7129 7130 7131
f 7121 7124 7123
f 7129 7131 7132
f 7121 7125 7124
f 7129 7132 7133
f 7121 7126 7125
f 7129 7133 7134
f 7121 7127 7126
f 7129 7134 7135
f 7121 7128 7127
f 7129 7135 7136
f 7137 7138 7146
f 7137 7146 7145
f 7138 7139 7147
f 7138 7147 7146
f 7139 7140 7148
f 7139 7148 7147
f 7140 7141 7149
f 7140 7149 7148
f 7141 7142 7150
f 7141 7150 7149
f 7142 7143 7151
f 7142 7151 7150
f 7143 7144 7152
f 7143 7152 7151
f 7144 7137 7145
f 7144 7145 7152
f 7137 7139 7138
f 7145 7146 7147
f 7137 7140 7139
f 7145 7147 7148
f 7137 7141 7140
f 7145 7148 7149
f 7137 7142 7141
f 7145 7149 7150
f 7137 7143 7142
f 7145 7150 7151
f 7137 7144 7143
f 7145 7151 7152
f 7153 7154 7162
f 7153 7162 7161
f 7154 7155 7163
f 7154 7163 7162
f 7155 7156 7164
f 7155 7164 7163
f 7156 7157 7165
f 7156 7165 7164
f 7157 7158 7166
f 7157 7166 7165
f 7158 7159 7167
f 7158 7167 7166
f 7159 7160 7168
f 7159 7168 7167
f 7160 7153 7161
f 7160 7161 7168
f 7153 7155 7154
f 7161 7162 7163
f 7153 7156 7155
f 7161 7163 7164
f 7153 7157 7156
f 7161 7164 7165
f 7153 7158 7157
f 7161 7165 7166
f 7153 7159 7158
f 7161 7166 7167
f 7153 7160 7159
f 7161 7167 7168
f 7169 7170 7178
f 7169 7178 7177
f 7170 7171 7179
f 7170 7179 7178
f 7171 7172 7180
f 7171 7180 7179
f 7172 7173 7181
f 7172 7181 7180
f 7173 7174 7182
f 7173 7182 7181
f 7174 7175 7183
f 7174 7183 7182
f 7175 7176 7184
f 7175 7184 7183
f 7176 7169 7177
f 7176 7177 7184
f 7169 7171 7170
f 7177 7178 7179
f 7169 7172 7171
f 7177 7179 7180
f 7169 7173 7172
f 7177 7180 7181
f 7169 7174 7173
f 7177 7181 7182
f 7169 7175 7174
f 7177 7182 7183
f 7169 7176 7175
f 7177 7183 7184
f 7185 7186 7194
f 7185 7194 7193
f 7186 7187 7195
f 7186 7195 7194
f 7187 7188 7196
f 7187 7196 7195
f 7188 7189 7197
f 7188 7197 7196
f 7189 7190 7198
f 7189 7198 7197
f 7190 7191 7199
f 7190 7199 7198
f 7191 7192 7200
f 7191 7200 7199
f 7192 7185 7193
f 7192 7193 7200
f 7185 7187 7186
f 7193 7194 7195
f 7185 7188 7187
f 7193 7195 7196
f 7185 7189 7188
f 7193 7196 7197
f 7185 7190 7189
f 7193 7197 7198
f 7185 7191 7190
f 7193 7198 7199
f 7185 7192 7191
f 7193 7199 7200
f 7201 7202 7210
f 7201 7210 7209
f 7202 7203 7211
f 7202 7211 7210
f 7203 7204 7212
f 7203 7212 7211
f 7204 7205 7213
f 7204 7213 7212
f 7205 7206 7214
f 7205 7214 7213
f 7206 7207 7215
f 7206 7215 7214
f 7207 7208 7216
f 7207 7216 7215
f 7208 7201 7209
f 7208 7209 7216
f 7201 7203 7202
f 7209 7210 7211
f 7201 7204 7203
f 7209 7211 7212
f 7201 7205 7204
f 7209 7212 7213
f 7201 7206 7205
f 7209 7213 7214
f 7201 7207 7206
f 7209 7214 7215
f 7201 7208 7207
f 7209 7215 7216
f 7217 7218 7226
f 7217 7226 7225
f 7218 7219 7227
f 7218 7227 7226
f 7219 7220 7228
f 7219 7228 7227
f 7220 7221 7229
f 7220 7229 7228
f 7221 7222 7230
f 7221 7230 7229
f 7222 7223 7231
f 7222 7231 7230
f 7223 7224 7232
f 7223 7232 7231
f 7224 7217 7225
f 7224 7225 7232
f 7217 7219 7218
f 7225 7226 7227
f 7217 7220 7219
f 7225 7227 7228
f 7217 7221 7220
f 7225 7228 7229
f 7217 7222 7221
f 7225 7229 7230
f 7217 7223 7222
f 7225 7230 7231
f 7217 7224 7223
f 7225 7231 7232
f 7233 7234 7242
f 7233 7242 7241
f 7234 7235 7243
f 7234 7243 7242
f 7235 7236 7244
f 7235 7244 7243
f 7236 7237 7245
f 7236 7245 7244
f 7237 7238 7246
f 7237 7246 7245
f 7238 7239 7247
f 7238 7247 7246
f 7239 7240 7248
f 7239 7248 7247
f 7240 7233 7241
f 7240 7241 7248
f 7233 7235 7234
f 7241 7242 7243
f 7233 7236 7235
f 7241 7243 7244
f 7233 7237 7236
f 7241 7244 7245
f 7233 7238 7237
f 7241 7245 7246
f 7233 7239 7238
f 7241 7246 7247
f 7233 7240 7239
f 7241 7247 7248
f 7249 7250 7258
f 7249 7258 7257
f 7250 7251 7259
f 7250 7259 7258
f 7251 7252 7260
f 7251 7260 7259
f 7252 7253 7261
f 7252 7261 7260
f 7253 7254 7262
f 7253 7262 7261
f 7254 7255 7263
f 7254 7263 7262
f 7255 7256 7264
f 7255 7264 7263
f 7256 7249 7257
f 7256 7257 7264
f 7249 7251 7250
f 7257 7258 7259
f 7249 7252 7251
f 7257 7259 7260
f 7249 7253 7252
f 7257 7260 7261
f 7249 7254 7253
f 7257 7261 7262
f 7249 7255 7254
f 7257 7262 7263
f 7249 7256 7255
f 7257 7263 7264
f 7265 7266 7274
f 7265 7274 7273
f 7266 7267 7275
f 7266 7275 7274
f 7267 7268 7276
f 7267 7276 7275
f 7268 7269 7277
f 7268 7277 7276
f 7269 7270 7278
f 7269 7278 7277
f 7270 7271 7279
f 7270 7279 7278
f 7271 7272 7280
f 7271 7280 7279
f 7272 7265 7273
f 7272 7273 7280
f 7265 7267 7266
f 7273 7274 7275
f 7265 7268 7267
f 7273 7275 7276
f 7265 7269 7268
f 7273 7276 7277
f 7265 7270 7269
f 7273 7277 7278
f 7265 7271 7270
f 7273 7278 7279
f 7265 7272 7271
f 7273 7279 7280
f 7281 7282 7290
f 7281 7290 7289
f 7282 7283 7291
f 7282 7291 7290
f 7283 7284 7292
f 7283 7292 7291
f 7284 7285 7293
f 7284 7293 7292
f 7285 7286 7294
f 7285 7294 7293
f 7286 7287 7295
f 7286 7295 7294
f 7287 7288 7296
f 7287 7296 7295
f 7288 7281 7289
f 7288 7289 7296
f 7281 7283 7282
f 7289 7290 7291
f 7281 7284 7283
f 7289 7291 7292
f 7281 7285 7284
f 7289 7292 7293
f 7281 7286 7285
f 7289 7293 7294
f 7281 7287 7286
f 7289 7294 7295
f 7281 7288 7287
f 7289 7295 7296
f 7297 7298 7306
f 7297 7306 7305
f 7298 7299 7307
f 7298 7307 7306
f 7299 7300 7308
f 7299 7308 7307
f 7300 7301 7309
f 7300 7309 7308
f 7301 7302 7310
f 7301 7310 7309
f 7302 7303 7311
f 7302 7311 7310
f 7303 7304 7312
f 7303 7312 7311
f 7304 7297 7305
f 7304 7305 7312
f 7297 7299 7298
f 7305 7306 7307
f 7297 7300 7299
f 7305 7307 7308
f 7297 7301 7300
f 7305 7308 7309
f 7297 7302 7301
f 7305 7309 7310
f 7297 7303 7302
f 7305 7310 7311
f 7297 7304 7303
f 7305 7311 7312
f 7313 7314 7322
f 7313 7322 7321
f 7314 7315 7323
f 7314 7323 7322
f 7315 7316 7324
f 7315 7324 7323
f 7316 7317 7325
f 7316 7325 7324
f 7317 7318 7326
f 7317 7326 7325
f 7318 7319 7327
f 7318 7327 7326
f 7319 7320 7328
f 7319 7328 7327
f 7320 7313 7321
f 7320 7321 7328
f 7313 7315 7314
f 7321 7322 7323
f 7313 7316 7315
f 7321 7323 7324
f 7313 7317 7316
f 7321 7324 7325
f 7313 7318 7317
f 7321 7325 7326
f 7313 7319 7318
f 7321 7326 7327
f 7313 7320 7319
f 7321 7327 7328
f 7329 7330 7338
f 7329 7338 7337
f 7330 7331 7339
f 7330 7339 7338
f 7331 7332 7340
f 7331 7340 7339
f 7332 7333 7341
f 7332 7341 7340
f 7333 7334 7342
f 7333 7342 7341
f 7334 7335 7343
f 7334 7343 7342
f 7335 7336 7344
f 7335 7344 7343
f 7336 7329 7337
f 7336 7337 7344
f 7329 7331 7330
f 7337 7338 7339
f 7329 7332 7331
f 7337 7339 7340
f 7329 7333 7332
f 7337 7340 7341
f 7329 7334 7333
f 7337 7341 7342
f 7329 7335 7334
f 7337 7342 7343
f 7329 7336 7335
f 7337 7343 7344
f 7345 7346 7354
f 7345 7354 7353
f 7346 7347 7355
f 7346 7355 7354
f 7347 7348 7356
f 7347 7356 7355
f 7348 7349 7357
f 7348 7357 7356
f 7349 7350 7358
f 7349 7358 7357
f 7350 7351 7359
f 7350 7359 7358
f 7351 7352 7360
f 7351 7360 7359
f 7352 7345 7353
f 7352 7353 7360
f 7345 7347 7346
f 7353 7354 7355
f 7345 7348 7347
f 7353 7355 7356
f 7345 7349 7348
f 7353 7356 7357
f 7345 7350 7349
f 7353 7357 7358
f 7345 7351 7350
f 7353 7358 7359
f 7345 7352 7351
f 7353 7359 7360
f 7361 7362 7370
f 7361 7370 7369
f 7362 7363 7371
f 7362 7371 7370
f 7363 7364 7372
f 7363 7372 7371
f 7364 7365 7373
f 7364 7373 7372
f 7365 7366 7374
f 7365 7374 7373
f 7366 7367 7375
f 7366 7375 7374
f 7367 7368 7376
f 7367 7376 7375
f 7368 7361 7369
f 7368 7369 7376
f 7361 7363 7362
f 7369 7370 7371
f 7361 7364 7363
f 7369 7371 7372
f 7361 7365 7364
f 7369 7372 7373
f 7361 7366 7365
f 7369 7373 7374
f 7361 7367 7366
f 7369 7374 7375
f 7361 7368 7367
f 7369 7375 7376
f 7377 7378 7386
f 7377 7386 7385
f 7378 7379 7387
f 7378 7387 7386
f 7379 7380 7388
f 7379 7388 7387
f 7380 7381 7389
f 7380 7389 7388
f 7381 7382 7390
f 7381 7390 7389
f 7382 7383 7391
f 7382 7391 7390
f 7383 7384 7392
f 7383 7392 7391
f 7384 7377 7385
f 7384 7385 7392
f 7377 7379 7378
f 7385 7386 7387
f 7377 7380 7379
f 7385 7387 7388
f 7377 7381 7380
f 7385 7388 7389
f 7377 7382 7381
f 7385 7389 7390
f 7377 7383 7382
f 7385 7390 7391
f 7377 7384 7383
f 7385 7391 7392
f 7393 7394 7402
f 7393 7402 7401
f 7394 7395 7403
f 7394 7403 7402
f 7395 7396 7404
f 7395 7404 7403
f 7396 7397 7405
f 7396 7405 7404
f 7397 7398 7406
f 7397 7406 7405
f 7398 7399 7407
f 7398 7407 7406
f 7399 7400 7408
f 7399 7408 7407
f 7400 7393 7401
f 7400 7401 7408
f 7393 7395 7394
f 7401 7402 7403
f 7393 7396 7395
f 7401 7403 7404
f 7393 7397 7396
f 7401 7404 7405
f 7393 7398 7397
f 7401 7405 7406
f 7393 7399 7398
f 7401 7406 7407
f 7393 7400 7399
f 7401 7407 7408
f 7409 7410 7418
f 7409 7418 7417
f 7410 7411 7419
f 7410 7419 7418
f 7411 7412 7420
f 7411 7420 7419
f 7412 7413 7421
f 7412 7421 7420
f 7413 7414 7422
f 7413 7422 7421
f 7414 7415 7423
f 7414 7423 7422
f 7415 7416 7424
f 7415 7424 7423
f 7416 7409 7417
f 7416 7417 7424
f 7409 7411 7410
f 7417 7418 7419
f 7409 7412 7411
f 7417 7419 7420
f 7409 7413 7412
f 7417 7420 7421
f 7409 7414 7413
f 7417 7421 7422
f 7409 7415 7414
f 7417 7422 7423
f 7409 7416 7415
f 7417 7423 7424
f 7425 7426 7434
f 7425 7434 7433
f 7426 7427 7435
f 7426 7435 7434
f 7427 7428 7436
f 7427 7436 7435
f 7428 7429 7437
f 7428 7437 7436
f 7429 7430 7438
f 7429 7438 7437
f 7430 7431 7439
f 7430 7439 7438
f 7431 7432 7440
f 7431 7440 7439
f 7432 7425 7433
f 7432 7433 7440
f 7425 7427 7426
f 7433 7434 7435
f 7425 7428 7427
f 7433 7435 7436
f 7425 7429 7428
f 7433 7436 7437
f 7425 7430 7429
f 7433 7437 7438
f 7425 7431 7430
f 7433 7438 7439
f 7425 7432 7431
f 7433 7439 7440
f 7441 7442 7450
f 7441 7450 7449
f 7442 7443 7451
f 7442 7451 7450
f 7443 7444 7452
f 7443 7452 7451
f 7444 7445 7453
f 7444 7453 7452
f 7445 7446 7454
f 7445 7454 7453
f 7446 7447 7455
f 7446 7455 7454
f 7447 7448 7456
f 7447 7456 7455
f 7448 7441 7449
f 7448 7449 7456
f 7441 7443 7442
f 7449 7450 7451
f 7441 7444 7443
f 7449 7451 7452
f 7441 7445 7444
f 7449 7452 7453
f 7441 7446 7445
f 7449 7453 7454
f 7441 7447 7446
f 7449 7454 7455
f 7441 7448 7447
f 7449 7455 7456
f 7457 7458 7466
f 7457 7466 7465
f 7458 7459 7467
f 7458 7467 7466
f 7459 7460 7468
f 7459 7468 7467
f 7460 7461 7469
f 7460 7469 7468
f 7461 7462 7470
f 7461 7470 7469
f 7462 7463 7471
f 7462 7471 7470
f 7463 7464 7472
f 7463 7472 7471
f 7464 7457 7465
f 7464 7465 7472
f 7457 7459 7458
f 7465 7466 7467
f 7457 7460 7459
f 7465 7467 7468
f 7457 7461 7460
f 7465 7468 7469
f 7457 7462 7461
f 7465 7469 7470
f 7457 7463 7462
f 7465 7470 7471
f 7457 7464 7463
f 7465 7471 7472
f 7473 7474 7482
f 7473 7482 7481
f 7474 7475 7483
f 7474 7483 7482
f 7475 7476 7484
f 7475 7484 7483
f 7476 7477 7485
f 7476 7485 7484
f 7477 7478 7486
f 7477 7486 7485
f 7478 7479 7487
f 7478 7487 7486
f 7479 7480 7488
f 7479 7488 7487
f 7480 7473 7481
f 7480 7481 7488
f 7473 7475 7474
f 7481 7482 7483
f 7473 7476 7475
f 7481 7483 7484
f 7473 7477 7476
f 7481 7484 7485
f 7473 7478 7477
f 7481 7485 7486
f 7473 7479 7478
f 7481 7486 7487
f 7473 7480 7479
f 7481 7487 7488
f 7489 7490 7498
f 7489 7498 7497
f 7490 7491 7499
f 7490 7499 7498
f 7491 7492 7500
f 7491 7500 7499
f 7492 7493 7501
f 7492 7501 7500
f 7493 7494 7502
f 7493 7502 7501
f 7494 7495 7503
f 7494 7503 7502
f 7495 7496 7504
f 7495 7504 7503
f 7496 7489 7497
f 7496 7497 7504
f 7489 7491 7490
f 7497 7498 7499
f 7489 7492 7491
f 7497 7499 7500
f 7489 7493 7492
f 7497 7500 7501
f 7489 7494 7493
f 7497 7501 7502
f 7489 7495 7494
f 7497 7502 7503
f 7489 7496 7495
f 7497 7503 7504
f 7505 7506 7514
f 7505 7514 7513
f 7506 7507 7515
f 7506 7515 7514
f 7507 7508 7516
f 7507 7516 7515
f 7508 7509 7517
f 7508 7517 7516
f 7509 7510 7518
f 7509 7518 7517
f 7510 7511 7519
f 7510 7519 7518
f 7511 7512 7520
f 7511 7520 7519
f 7512 7505 7513
f 7512 7513 7520
f 7505 7507 7506
f 7513 7514 7515
f 7505 7508 7507
f 7513 7515 7516
f 7505 7509 7508
f 7513 7516 7517
f 7505 7510 7509
f 7513 7517 7518
f 7505 7511 7510
f 7513 7518 7519
f 7505 7512 7511
f 7513 7519 7520
f 7521 7522 7530
f 7521 7530 7529
f 7522 7523 7531
f 7522 7531 7530
f 7523 7524 7532
f 7523 7532 7531
f 7524 7525 7533
f 7524 7533 7532
f 7525 7526 7534
f 7525 7534 7533
f 7526 7527 7535
f 7526 7535 7534
f 7527 7528 7536
f 7527 7536 7535
f 7528 7521 7529
f 7528 7529 7536
f 7521 7523 7522
f 7529 7530 7531
f 7521 7524 7523
f 7529 7531 7532
f 7521 7525 7524
f 7529 7532 7533
f 7521 7526 7525
f 7529 7533 7534
f 7521 7527 7526
f 7529 7534 7535
f 7521 7528 7527
f 7529 7535 7536
f 7537 7538 7546
f 7537 7546 7545
f 7538 7539 7547
f 7538 7547 7546
f 7539 7540 7548
f 7539 7548 7547
f 7540 7541 7549
f 7540 7549 7548
f 7541 7542 7550
f 7541 7550 7549
f 7542 7543 7551
f 7542 7551 7550
f 7543 7544 7552
f 7543 7552 7551
f 7544 7537 7545
f 7544 7545 7552
f 7537 7539 7538
f 7545 7546 7547
f 7537 7540 7539
f 7545 7547 7548
f 7537 7541 7540
f 7545 7548 7549
f 7537 7542 7541
f 7545 7549 7550
f 7537 7543 7542
f 7545 7550 7551
f 7537 7544 7543
f 7545 7551 7552
f 7553 7554 7562
f 7553 7562 7561
f 7554 7555 7563
f 7554 7563 7562
f 7555 7556 7564
f 7555 7564 7563
f 7556 7557 7565
f 7556 7565 7564
f 7557 7558 7566
f 7557 7566 7565
f 7558 7559 7567
f 7558 7567 7566
f 7559 7560 7568
f 7559 7568 7567
f 7560 7553 7561
f 7560 7561 7568
f 7553 7555 7554
f 7561 7562 7563
f 7553 7556 7555
f 7561 7563 7564
f 7553 7557 7556
f 7561 7564 7565
f 7553 7558 7557
f 7561 7565 7566
f 7553 7559 7558
f 7561 7566 7567
f 7553 7560 7559
f 7561 7567 7568
f 7569 7570 7578
f 7569 7578 7577
f 7570 7571 7579
f 7570 7579 7578
f 7571 7572 7580
f 7571 7580 7579
f 7572 7573 7581
f 7572 7581 7580
f 7573 7574 7582
f 7573 7582 7581
f 7574 7575 7583
f 7574 7583 7582
f 7575 7576 7584
f 7575 7584 7583
f 7576 7569 7577
f 7576 7577 7584
f 7569 7571 7570
f 7577 7578 7579
f 7569 7572 7571
f 7577 7579 7580
f 7569 7573 7572
f 7577 7580 7581
f 7569 7574 7573
f 7577 7581 7582
f 7569 7575 7574
f 7577 7582 7583
f 7569 7576 7575
f 7577 7583 7584
f 7585 7586 7594
f 7585 7594 7593
f 7586 7587 7595
f 7586 7595 7594
f 7587 7588 7596
f 7587 7596 7595
f 7588 7589 7597
f 7588 7597 7596
f 7589 7590 7598
f 7589 7598 7597
f 7590 7591 7599
f 7590 7599 7598
f 7591 7592 7600
f 7591 7600 7599
f 7592 7585 7593
f 7592 7593 7600
f 7585 7587 7586
f 7593 7594 7595
f 7585 7588 7587
f 7593 7595 7596
f 7585 7589 7588
f 7593 7596 7597
f 7585 7590 7589
f 7593 7597 7598
f 7585 7591 7590
f 7593 7598 7599
f 7585 7592 7591
f 7593 7599 7600
f 7601 7602 7610
f 7601 7610 7609
f 7602 7603 7611
f 7602 7611 7610
f 7603 7604 7612
f 7603 7612 7611
f 7604 7605 7613
f 7604 7613 7612
f 7605 7606 7614
f 7605 7614 7613
f 7606 7607 7615
f 7606 7615 7614
f 7607 7608 7616
f 7607 7616 7615
f 7608 7601 7609
f 7608 7609 7616
f 7601 7603 7602
f 7609 7610 7611
f 7601 7604 7603
f 7609 7611 7612
f 7601 7605 7604
f 7609 7612 7613
f 7601 7606 7605
f 7609 7613 7614
f 7601 7607 7606
f 7609 7614 7615
f 7601 7608 7607
f 7609 7615 7616
f 7617 7618 7626
f 7617 7626 7625
f 7618 7619 7627
f 7618 7627 7626
f 7619 7620 7628
f 7619 7628 7627
f 7620 7621 7629
f 7620 7629 7628
f 7621 7622 7630
f 7621 7630 7629
f 7622 7623 7631
f 7622 7631 7630
f 7623 7624 7632
f 7623 7632 7631
f 7624 7617 7625
f 7624 7625 7632
f 7617 7619 7618
f 7625 7626 7627
f 7617 7620 7619
f 7625 7627 7628
f 7617 7621 7620
f 7625 7628 7629
f 7617 7622 7621
f 7625 7629 7630
f 7617 7623 7622
f 7625 7630 7631
f 7617 7624 7623
f 7625 7631 7632
f 7633 7634 7642
f 7633 7642 7641
f 7634 7635 7643
f 7634 7643 7642
f 7635 7636 7644
f 7635 7644 7643
f 7636 7637 7645
f 7636 7645 7644
f 7637 7638 7646
f 7637 7646 7645
f 7638 7639 7647
f 7638 7647 7646
f 7639 7640 7648
f 7639 7648 7647
f 7640 7633 7641
f 7640 7641 7648
f 7633 7635 7634
f 7641 7642 7643
f 7633 7636 7635
f 7641 7643 7644
f 7633 7637 7636
f 7641 7644 7645
f 7633 7638 7637
f 7641 7645 7646
f 7633 7639 7638
f 7641 7646 7647
f 7633 7640 7639
f 7641 7647 7648
f 7649 7650 7658
f 7649 7658 7657
f 7650 7651 7659
f 7650 7659 7658
f 7651 7652 7660
f 7651 7660 7659
f 7652 7653 7661
f 7652 7661 7660
f 7653 7654 7662
f 7653 7662 7661
f 7654 7655 7663
f 7654 7663 7662
f 7655 7656 7664
f 7655 7664 7663
f 7656 7649 7657
f 7656 7657 7664
f 7649 7651 7650
f 7657 7658 7659
f 7649 7652 7651
f 7657 7659 7660
f 7649 7653 7652
f 7657 7660 7661
f 7649 7654 7653
f 7657 7661 7662
f 7649 7655 7654
f 7657 7662 7663
f 7649 7656 7655
f 7657 7663 7664
f 7665 7666 7674
f 7665 7674 7673
f 7666 7667 7675
f 7666 7675 7674
f 7667 7668 7676
f 7667 7676 7675
f 7668 7669 7677
f 7668 7677 7676
f 7669 7670 7678
f 7669 7678 7677
f 7670 7671 7679
f 7670 7679 7678
f 7671 7672 7680
f 7671 7680 7679
f 7672 7665 7673
f 7672 7673 7680
f 7665 7667 7666
f 7673 7674 7675
f 7665 7668 7667
f 7673 7675 7676
f 7665 7669 7668
f 7673 7676 7677
f 7665 7670 7669
f 7673 7677 7678
f 7665 7671 7670
f 7673 7678 7679
f 7665 7672 7671
f 7673 7679 7680
f 7681 7682 7690
f 7681 7690 7689
f 7682 7683 7691
f 7682 7691 7690
f 7683 7684 7692
f 7683 7692 7691
f 7684 7685 7693
f 7684 7693 7692
f 7685 7686 7694
f 7685 7694 7693
f 7686 7687 7695
f 7686 7695 7694
f 7687 7688 7696
f 7687 7696 7695
f 7688 7681 7689
f 7688 7689 7696
f 7681 7683 7682
f 7689 7690 7691
f 7681 7684 7683
f 7689 7691 7692
f 7681 7685 7684
f 7689 7692 7693
f 7681 7686 7685
f 7689 7693 7694
f 7681 7687 7686
f 7689 7694 7695
f 7681 7688 7687
f 7689 7695 7696
f 7697 7698 7706
f 7697 7706 7705
f 7698 7699 7707
f 7698 7707 7706
f 7699 7700 7708
f 7699 7708 7707
f 7700 7701 7709
f 7700 7709 7708
f 7701 7702 7710
f 7701 7710 7709
f 7702 7703 7711
f 7702 7711 7710
f 7703 7704 7712
f 7703 7712 7711
f 7704 7697 7705
f 7704 7705 7712
f 7697 7699 7698
f 7705 7706 7707
f 7697 7700 7699
f 7705 7707 7708
f 7697 7701 7700
f 7705 7708 7709
f 7697 7702 7701
f 7705 7709 7710
f 7697 7703 7702
f 7705 7710 7711
f 7697 7704 7703
f 7705 7711 7712
f 7713 7714 7722
f 7713 7722 7721
f 7714 7715 7723
f 7714 7723 7722
f 7715 7716 7724
f 7715 7724 7723
f 7716 7717 7725
f 7716 7725 7724
f 7717 7718 7726
f 7717 7726 7725
f 7718 7719 7727
f 7718 7727 7726
f 7719 7720 7728
f 7719 7728 7727
f 7720 7713 7721
f 7720 7721 7728
f 7713 7715 7714
f 7721 7722 7723
f 7713 7716 7715
f 7721 7723 7724
f 7713 7717 7716
f 7721 7724 7725
f 7713 7718 7717
f 7721 7725 7726
f 7713 7719 7718
f 7721 7726 7727
f 7713 7720 7719
f 7721 7727 7728
f 7729 7730 7738
f 7729 7738 7737
f 7730 7731 7739
f 7730 7739 7738
f 7731 7732 7740
f 7731 7740 7739
f 7732 7733 7741
f 7732 7741 7740
f 7733 7734 7742
f 7733 7742 7741
f 7734 7735 7743
f 7734 7743 7742
f 7735 7736 7744
f 7735 7744 7743
f 7736 7729 7737
f 7736 7737 7744
f 7729 7731 7730
f 7737 7738 7739
f 7729 7732 7731
f 7737 7739 7740
f 7729 7733 7732
f 7737 7740 7741
f 7729 7734 7733
f 7737 7741 7742
f 7729 7735 7734
f 7737 7742 7743
f 7729 7736 7735
f 7737 7743 7744
f 7745 7746 7754
f 7745 7754 7753
f 7746 7747 7755
f 7746 7755 7754
f 7747 7748 7756
f 7747 7756 7755
f 7748 7749 7757
f 7748 7757 7756
f 7749 7750 7758
f 7749 7758 7757
f 7750 7751 7759
f 7750 7759 7758
f 7751 7752 7760
f 7751 7760 7759
f 7752 7745 7753
f 7752 7753 7760
f 7745 7747 7746
f 7753 7754 7755
f 7745 7748 7747
f 7753 7755 7756
f 7745 7749 7748
f 7753 7756 7757
f 7745 7750 7749
f 7753 7757 7758
f 7745 7751 7750
f 7753 7758 7759
f 7745 7752 7751
f 7753 7759 7760
f 7761 7762 7770
f 7761 7770 7769
f 7762 7763 7771
f 7762 7771 7770
f 7763 7764 7772
f 7763 7772 7771
f 7764 7765 7773
f 7764 7773 7772
f 7765 7766 7774
f 7765 7774 7773
f 7766 7767 7775
f 7766 7775 7774
f 7767 7768 7776
f 7767 7776 7775
f 7768 7761 7769
f 7768 7769 7776
f 7761 7763 7762
f 7769 7770 7771
f 7761 7764 7763
f 7769 7771 7772
f 7761 7765 7764
f 7769 7772 7773
f 7761 7766 7765
f 7769 7773 7774
f 7761 7767 7766
f 7769 7774 7775
f 7761 7768 7767
f 7769 7775 7776
f 7777 7778 7786
f 7777 7786 7785
f 7778 7779 7787
f 7778 7787 7786
f 7779 7780 7788
f 7779 7788 7787
f 7780 7781 7789
f 7780 7789 7788
f 7781 7782 7790
f 7781 7790 7789
f 7782 7783 7791
f 7782 7791 7790
f 7783 7784 7792
f 7783 7792 7791
f 7784 7777 7785
f 7784 7785 7792
f 7777 7779 7778
f 7785 7786 7787
f 7777 7780 7779
f 7785 7787 7788
f 7777 7781 7780
f 7785 7788 7789
f 7777 7782 7781
f 7785 7789 7790
f 7777 7783 7782
f 7785 7790 7791
f 7777 7784 7783
f 7785 7791 7792
f 7793 7794 7802
f 7793 7802 7801
f 7794 7795 7803
f 7794 7803 7802
f 7795 7796 7804
f 7795 7804 7803
f 7796 7797 7805
f 7796 7805 7804
f 7797 7798 7806
f 7797 7806 7805
f 7798 7799 7807
f 7798 7807 7806
f 7799 7800 7808
f 7799 7808 7807
f 7800 7793 7801
f 7800 7801 7808
f 7793 7795 7794
f 7801 7802 7803
f 7793 7796 7795
f 7801 7803 7804
f 7793 7797 7796
f 7801 7804 7805
f 7793 7798 7797
f 7801 7805 7806
f 7793 7799 7798
f 7801 7806 7807
f 7793 7800 7799
f 7801 7807 7808
f 7809 7810 7818
f 7809 7818 7817
f 7810 7811 7819
f 7810 7819 7818
f 7811 7812 7820
f 7811 7820 7819
f 7812 7813 7821
f 7812 7821 7820
f 7813 7814 7822
f 7813 7822 7821
f 7814 7815 7823
f 7814 7823 7822
f 7815 7816 7824
f 7815 7824 7823
f 7816 7809 7817
f 7816 7817 7824
f 7809 7811 7810
f 7817 7818 7819
f 7809 7812 7811
f 7817 7819 7820
f 7809 7813 7812
f 7817 7820 7821
f 7809 7814 7813
f 7817 7821 7822
f 7809 7815 7814
f 7817 7822 7823
f 7809 7816 7815
f 7817 7823 7824
f 7825 7826 7834
f 7825 7834 7833
f 7826 7827 7835
f 7826 7835 7834
f 7827 7828 7836
f 7827 7836 7835
f 7828 7829 7837
f 7828 7837 7836
f 7829 7830 7838
f 7829 7838 7837
f 7830 7831 7839
f 7830 7839 7838
f 7831 7832 7840
f 7831 7840 7839
f 7832 7825 7833
f 7832 7833 7840
f 7825 7827 7826
f 7833 7834 7835
f 7825 7828 7827
f 7833 7835 7836
f 7825 7829 7828
f 7833 7836 7837
f 7825 7830 7829
f 7833 7837 7838
f 7825 7831 7830
f 7833 7838 7839
f 7825 7832 7831
f 7833 7839 7840
f 7841 7842 7850
f 7841 7850 7849
f 7842 7843 7851
f 7842 7851 7850
f 7843 7844 7852
f 7843 7852 7851
f 7844 7845 7853
f 7844 7853 7852
f 7845 7846 7854
f 7845 7854 7853
f 7846 7847 7855
f 7846 7855 7854
f 7847 7848 7856
f 7847 7856 7855
f 7848 7841 7849
f 7848 7849 7856
f 7841 7843 7842
f 7849 7850 7851
f 7841 7844 7843
f 7849 7851 7852
f 7841 7845 7844
f 7849 7852 7853
f 7841 7846 7845
f 7849 7853 7854
f 7841 7847 7846
f 7849 7854 7855
f 7841 7848 7847
f 7849 7855 7856
f 7857 7858 7866
f 7857 7866 7865
f 7858 7859 7867
f 7858 7867 7866
f 7859 7860 7868
f 7859 7868 7867
f 7860 7861 7869
f 7860 7869 7868
f 7861 7862 7870
f 7861 7870 7869
f 7862 7863 7871
f 7862 7871 7870
f 7863 7864 7872
f 7863 7872 7871
f 7864 7857 7865
f 7864 7865 7872
f 7857 7859 7858
f 7865 7866 7867
f 7857 7860 7859
f 7865 7867 7868
f 7857 7861 7860
f 7865 7868 7869
f 7857 7862 7861
f 7865 7869 7870
f 7857 7863 7862
f 7865 7870 7871
f 7857 7864 7863
f 7865 7871 7872
f 7873 7874 7882
f 7873 7882 7881
f 7874 7875 7883
f 7874 7883 7882
f 7875 7876 7884
f 7875 7884 7883
f 7876 7877 7885
f 7876 7885 7884
f 7877 7878 7886
f 7877 7886 7885
f 7878 7879 7887
f 7878 7887 7886
f 7879 7880 7888
f 7879 7888 7887
f 7880 7873 7881
f 7880 7881 7888
f 7873 7875 7874
f 7881 7882 7883
f 7873 7876 7875
f 7881 7883 7884
f 7873 7877 7876
f 7881 7884 7885
f 7873 7878 7877
f 7881 7885 7886
f 7873 7879 7878
f 7881 7886 7887
f 7873 7880 7879
f 7881 7887 7888
f 7889 7890 7898
f 7889 7898 7897
f 7890 7891 7899
f 7890 7899 7898
f 7891 7892 7900
f 7891 7900 7899
f 7892 7893 7901
f 7892 7901 7900
f 7893 7894 7902
f 7893 7902 7901
f 7894 7895 7903
f 7894 7903 7902
f 7895 7896 7904
f 7895 7904 7903
f 7896 7889 7897
f 7896 7897 7904
f 7889 7891 7890
f 7897 7898 7899
f 7889 7892 7891
f 7897 7899 7900
f 7889 7893 7892
f 7897 7900 7901
f 7889 7894 7893
f 7897 7901 7902
f 7889 7895 7894
f 7897 7902 7903
f 7889 7896 7895
f 7897 7903 7904
f 7905 7906 7914
f 7905 7914 7913
f 7906 7907 7915
f 7906 7915 7914
f 7907 7908 7916
f 7907 7916 7915
f 7908 7909 7917
f 7908 7917 7916
f 7909 7910 7918
f 7909 7918 7917
f 7910 7911 7919
f 7910 7919 7918
f 7911 7912 7920
f 7911 7920 7919
f 7912 7905 7913
f 7912 7913 7920
f 7905 7907 7906
f 7913 7914 7915
f 7905 7908 7907
f 7913 7915 7916
f 7905 7909 7908
f 7913 7916 7917
f 7905 7910 7909
f 7913 7917 7918
f 7905 7911 7910
f 7913 7918 7919
f 7905 7912 7911
f 7913 7919 7920
f 7921 7922 7930
f 7921 7930 7929
f 7922 7923 7931
f 7922 7931 7930
f 7923 7924 7932
f 7923 7932 7931
f 7924 7925 7933
f 7924 7933 7932
f 7925 7926 7934
f 7925 7934 7933
f 7926 7927 7935
f 7926 7935 7934
f 7927 7928 7936
f 7927 7936 7935
f 7928 7921 7929
f 7928 7929 7936
f 7921 7923 7922
f 7929 7930 7931
f 7921 7924 7923
f 7929 7931 7932
f 7921 7925 7924
f 7929 7932 7933
f 7921 7926 7925
f 7929 7933 7934
f 7921 7927 7926
f 7929 7934 7935
f 7921 7928 7927
f 7929 7935 7936
f 7937 7938 7946
f 7937 7946 7945
f 7938 7939 7947
f 7938 7947 7946
f 7939 7940 7948
f 7939 7948 7947
f 7940 7941 7949
f 7940 7949 7948
f 7941 7942 7950
f 7941 7950 7949
f 7942 7943 7951
f 7942 7951 7950
f 7943 7944 7952
f 7943 7952 7951
f 7944 7937 7945
f 7944 7945 7952
f 7937 7939 7938
f 7945 7946 7947
f 7937 7940 7939
f 7945 7947 7948
f 7937 7941 7940
f 7945 7948 7949
f 7937 7942 7941
f 7945 7949 7950
f 7937 7943 7942
f 7945 7950 7951
f 7937 7944 7943
f 7945 7951 7952
f 7953 7954 7962
f 7953 7962 7961
f 7954 7955 7963
f 7954 7963 7962
f 7955 7956 7964
f 7955 7964 7963
f 7956 7957 7965
f 7956 7965 7964
f 7957 7958 7966
f 7957 7966 7965
f 7958 7959 7967
f 7958 7967 7966
f 7959 7960 7968
f 7959 7968 7967
f 7960 7953 7961
f 7960 7961 7968
f 7953 7955 7954
f 7961 7962 7963
f 7953 7956 7955
f 7961 7963 7964
f 7953 7957 7956
f 7961 7964 7965
f 7953 7958 7957
f 7961 7965 7966
f 7953 7959 7958
f 7961 7966 7967
f 7953 7960 7959
f 7961 7967 7968
f 7969 7970 7978
f 7969 7978 7977
f 7970 7971 7979
f 7970 7979 7978
f 7971 7972 7980
f 7971 7980 7979
f 7972 7973 7981
f 7972 7981 7980
f 7973 7974 7982
f 7973 7982 7981
f 7974 7975 7983
f 7974 7983 7982
f 7975 7976 7984
f 7975 7984 7983
f 7976 7969 7977
f 7976 7977 7984
f 7969 7971 7970
f 7977 7978 7979
f 7969 7972 7971
f 7977 7979 7980
f 7969 7973 7972
f 7977 7980 7981
f 7969 7974 7973
f 7977 7981 7982
f 7969 7975 7974
f 7977 7982 7983
f 7969 7976 7975
f 7977 7983 7984
f 7985 7986 7994
f 7985 7994 7993
f 7986 7987 7995
f 7986 7995 7994
f 7987 7988 7996
f 7987 7996 7995
f 7988 7989 7997
f 7988 7997 7996
f 7989 7990 7998
f 7989 7998 7997
f 7990 7991 7999
f 7990 7999 7998
f 7991 7992 8000
f 7991 8000 7999
f 7992 7985 7993
f 7992 7993 8000
f 7985 7987 7986
f 7993 7994 7995
f 7985 7988 7987
f 7993 7995 7996
f 7985 7989 7988
f 7993 7996 7997
f 7985 7990 7989
f 7993 7997 7998
f 7985 7991 7990
f 7993 7998 7999
f 7985 7992 7991
f 7993 7999 8000
f 8001 8002 8010
f 8001 8010 8009
f 8002 8003 8011
f 8002 8011 8010
f 8003 8004 8012
f 8003 8012 8011
f 8004 8005 8013
f 8004 8013 8012
f 8005 8006 8014
f 8005 8014 8013
f 8006 8007 8015
f 8006 8015 8014
f 8007 8008 8016
f 8007 8016 8015
f 8008 8001 8009
f 8008 8009 8016
f 8001 8003 8002
f 8009 8010 8011
f 8001 8004 8003
f 8009 8011 8012
f 8001 8005 8004
f 8009 8012 8013
f 8001 8006 8005
f 8009 8013 8014
f 8001 8007 8006
f 8009 8014 8015
f 8001 8008 8007
f 8009 8015 8016
f 8017 8018 8026
f 8017 8026 8025
f 8018 8019 8027
f 8018 8027 8026
f 8019 8020 8028
f 8019 8028 8027
f 8020 8021 8029
f 8020 8029 8028
f 8021 8022 8030
f 8021 8030 8029
f 8022 8023 8031
f 8022 8031 8030
f 8023 8024 8032
f 8023 8032 8031
f 8024 8017 8025
f 8024 8025 8032
f 8017 8019 8018
f 8025 8026 8027
f 8017 8020 8019
f 8025 8027 8028
f 8017 8021 8020
f 8025 8028 8029
f 8017 8022 8021
f 8025 8029 8030
f 8017 8023 8022
f 8025 8030 8031
f 8017 8024 8023
f 8025 8031 8032
f 8033 8034 8042
f 8033 8042 8041
f 8034 8035 8043
f 8034 8043 8042
f 8035 8036 8044
f 8035 8044 8043
f 8036 8037 8045
f 8036 8045 8044
f 8037 8038 8046
f 8037 8046 8045
f 8038 8039 8047
f 8038 8047 8046
f 8039 8040 8048
f 8039 8048 8047
f 8040 8033 8041
f 8040 8041 8048
f 8033 8035 8034
f 8041 8042 8043
f 8033 8036 8035
f 8041 8043 8044
f 8033 8037 8036
f 8041 8044 8045
f 8033 8038 8037
f 8041 8045 8046
f 8033 8039 8038
f 8041 8046 8047
f 8033 8040 8039
f 8041 8047 8048
f 8049 8050 8058
f 8049 8058 8057
f 8050 8051 8059
f 8050 8059 8058
f 8051 8052 8060
f 8051 8060 8059
f 8052 8053 8061
f 8052 8061 8060
f 8053 8054 8062
f 8053 8062 8061
f 8054 8055 8063
f 8054 8063 8062
f 8055 8056 8064
f 8055 8064 8063
f 8056 8049 8057
f 8056 8057 8064
f 8049 8051 8050
f 8057 8058 8059
f 8049 8052 8051
f 8057 8059 8060
f 8049 8053 8052
f 8057 8060 8061
f 8049 8054 8053
f 8057 8061 8062
f 8049 8055 8054
f 8057 8062 8063
f 8049 8056 8055
f 8057 8063 8064
f 8065 8066 8074
f 8065 8074 8073
f 8066 8067 8075
f 8066 8075 8074
f 8067 8068 8076
f 8067 8076 8075
f 8068 8069 8077
f 8068 8077 8076
f 8069 8070 8078
f 8069 8078 8077
f 8070 8071 8079
f 8070 8079 8078
f 8071 8072 8080
f 8071 8080 8079
f 8072 8065 8073
f 8072 8073 8080
f 8065 8067 8066
f 8073 8074 8075
f 8065 8068 8067
f 8073 8075 8076
f 8065 8069 8068
f 8073 8076 8077
f 8065 8070 8069
f 8073 8077 8078
f 8065 8071 8070
f 8073 8078 8079
f 8065 8072 8071
f 8073 8079 8080
f 8081 8082 8090
f 8081 8090 8089
f 8082 8083 8091
f 8082 8091 8090
f 8083 8084 8092
f 8083 8092 8091
f 8084 8085 8093
f 8084 8093 8092
f 8085 8086 8094
f 8085 8094 8093
f 8086 8087 8095
f 8086 8095 8094
f 8087 8088 8096
f 8087 8096 8095
f 8088 8081 8089
f 8088 8089 8096
f 8081 8083 8082
f 8089 8090 8091
f 8081 8084 8083
f 8089 8091 8092
f 8081 8085 8084
f 8089 8092 8093
f 8081 8086 8085
f 8089 8093 8094
f 8081 8087 8086
f 8089 8094 8095
f 8081 8088 8087
f 8089 8095 8096
f 8097 8098 8106
f 8097 8106 8105
f 8098 8099 8107
f 8098 8107 8106
f 8099 8100 8108
f 8099 8108 8107
f 8100 8101 8109
f 8100 8109 8108
f 8101 8102 8110
f 8101 8110 8109
f 8102 8103 8111
f 8102 8111 8110
f 8103 8104 8112
f 8103 8112 8111
f 8104 8097 8105
f 8104 8105 8112
f 8097 8099 8098
f 8105 8106 8107
f 8097 8100 8099
f 8105 8107 8108
f 8097 8101 8100
f 8105 8108 8109
f 8097 8102 8101
f 8105 8109 8110
f 8097 8103 8102
f 8105 8110 8111
f 8097 8104 8103
f 8105 8111 8112
f 8113 8114 8122
f 8113 8122 8121
f 8114 8115 8123
f 8114 8123 8122
f 8115 8116 8124
f 8115 8124 8123
f 8116 8117 8125
f 8116 8125 8124
f 8117 8118 8126
f 8117 8126 8125
f 8118 8119 8127
f 8118 8127 8126
f 8119 8120 8128
f 8119 8128 8127
f 8120 8113 8121
f 8120 8121 8128
f 8113 8115 8114
f 8121 8122 8123
f 8113 8116 8115
f 8121 8123 8124
f 8113 8117 8116
f 8121 8124 8125
f 8113 8118 8117
f 8121 8125 8126
f 8113 8119 8118
f 8121 8126 8127
f 8113 8120 8119
f 8121 8127 8128
f 8129 8130 8138
f 8129 8138 8137
f 8130 8131 8139
f 8130 8139 8138
f 8131 8132 8140
f 8131 8140 8139
f 8132 8133 8141
f 8132 8141 8140
f 8133 8134 8142
f 8133 8142 8141
f 8134 8135 8143
f 8134 8143 8142
f 8135 8136 8144
f 8135 8144 8143
f 8136 8129 8137
f 8136 8137 8144
f 8129 8131 8130
f 8137 8138 8139
f 8129 8132 8131
f 8137 8139 8140
f 8129 8133 8132
f 8137 8140 8141
f 8129 8134 8133
f 8137 8141 8142
f 8129 8135 8134
f 8137 8142 8143
f 8129 8136 8135
f 8137 8143 8144
f 8145 8146 8154
f 8145 8154 8153
f 8146 8147 8155
f 8146 8155 8154
f 8147 8148 8156
f 8147 8156 8155
f 8148 8149 8157
f 8148 8157 8156
f 8149 8150 8158
f 8149 8158 8157
f 8150 8151 8159
f 8150 8159 8158
f 8151 8152 8160
f 8151 8160 8159
f 8152 8145 8153
f 8152 8153 8160
f 8145 8147 8146
f 8153 8154 8155
f 8145 8148 8147
f 8153 8155 8156
f 8145 8149 8148
f 8153 8156 8157
f 8145 8150 8149
f 8153 8157 8158
f 8145 8151 8150
f 8153 8158 8159
f 8145 8152 8151
f 8153 8159 8160
f 8161 8162 8170
f 8161 8170 8169
f 8162 8163 8171
f 8162 8171 8170
f 8163 8164 8172
f 8163 8172 8171
f 8164 8165 8173
f 8164 8173 8172
f 8165 8166 8174
f 8165 8174 8173
f 8166 8167 8175
f 8166 8175 8174
f 8167 8168 8176
f 8167 8176 8175
f 8168 8161 8169
f 8168 8169 8176
f 8161 8163 8162
f 8169 8170 8171
f 8161 8164 8163
f 8169 8171 8172
f 8161 8165 8164
f 8169 8172 8173
f 8161 8166 8165
f 8169 8173 8174
f 8161 8167 8166
f 8169 8174 8175
f 8161 8168 8167
f 8169 8175 8176
f 8177 8178 8186
f 8177 8186 8185
f 8178 8179 8187
f 8178 8187 8186
f 8179 8180 8188
f 8179 8188 8187
f 8180 8181 8189
f 8180 8189 8188
f 8181 8182 8190
f 8181 8190 8189
f 8182 8183 8191
f 8182 8191 8190
f 8183 8184 8192
f 8183 8192 8191
f 8184 8177 8185
f 8184 8185 8192
f 8177 8179 8178
f 8185 8186 8187
f 8177 8180 8179
f 8185 8187 8188
f 8177 8181 8180
f 8185 8188 8189
f 8177 8182 8181
f 8185 8189 8190
f 8177 8183 8182
f 8185 8190 8191
f 8177 8184 8183
f 8185 8191 8192
f 8193 8194 8202
f 8193 8202 8201
f 8194 8195 8203
f 8194 8203 8202
f 8195 8196 8204
f 8195 8204 8203
f 8196 8197 8205
f 8196 8205 8204
f 8197 8198 8206
f 8197 8206 8205
f 8198 8199 8207
f 8198 8207 8206
f 8199 8200 8208
f 8199 8208 8207
f 8200 8193 8201
f 8200 8201 8208
f 8193 8195 8194
f 8201 8202 8203
f 8193 8196 8195
f 8201 8203 8204
f 8193 8197 8196
f 8201 8204 8205
f 8193 8198 8197
f 8201 8205 8206
f 8193 8199 8198
f 8201 8206 8207
f 8193 8200 8199
f 8201 8207 8208
f 8209 8210 8218
f 8209 8218 8217
f 8210 8211 8219
f 8210 8219 8218
f 8211 8212 8220
f 8211 8220 8219
f 8212 8213 8221
f 8212 8221 8220
f 8213 8214 8222
f 8213 8222 8221
f 8214 8215 8223
f 8214 8223 8222
f 8215 8216 8224
f 8215 8224 8223
f 8216 8209 8217
f 8216 8217 8224
f 8209 8211 8210
f 8217 8218 8219
f 8209 8212 8211
f 8217 8219 8220
f 8209 8213 8212
f 8217 8220 8221
f 8209 8214 8213
f 8217 8221 8222
f 8209 8215 8214
f 8217 8222 8223
f 8209 8216 8215
f 8217 8223 8224
f 8225 8226 8234
f 8225 8234 8233
f 8226 8227 8235
f 8226 8235 8234
f 8227 8228 8236
f 8227 8236 8235
f 8228 8229 8237
f 8228 8237 8236
f 8229 8230 8238
f 8229 8238 8237
f 8230 8231 8239
f 8230 8239 8238
f 8231 8232 8240
f 8231 8240 8239
f 8232 8225 8233
f 8232 8233 8240
f 8225 8227 8226
f 8233 8234 8235
f 8225 8228 8227
f 8233 8235 8236
f 8225 8229 8228
f 8233 8236 8237
f 8225 8230 8229
f 8233 8237 8238
f 8225 8231 8230
f 8233 8238 8239
f 8225 8232 8231
f 8233 8239 8240
f 8241 8242 8250
f 8241 8250 8249
f 8242 8243 8251
f 8242 8251 8250
f 8243 8244 8252
f 8243 8252 8251
f 8244 8245 8253
f 8244 8253 8252
f 8245 8246 8254
f 8245 8254 8253
f 8246 8247 8255
f 8246 8255 8254
f 8247 8248 8256
f 8247 8256 8255
f 8248 8241 8249
f 8248 8249 8256
f 8241 8243 8242
f 8249 8250 8251
f 8241 8244 8243
f 8249 8251 8252
f 8241 8245 8244
f 8249 8252 8253
f 8241 8246 8245
f 8249 8253 8254
f 8241 8247 8246
f 8249 8254 8255
f 8241 8248 8247
f 8249 8255 8256
f 8257 8258 8266
f 8257 8266 8265
f 8258 8259 8267
f 8258 8267 8266
f 8259 8260 8268
f 8259 8268 8267
f 8260 8261 8269
f 8260 8269 8268
f 8261 8262 8270
f 8261 8270 8269
f 8262 8263 8271
f 8262 8271 8270
f 8263 8264 8272
f 8263 8272 8271
f 8264 8257 8265
f 8264 8265 8272
f 8257 8259 8258
f 8265 8266 8267
f 8257 8260 8259
f 8265 8267 8268
f 8257 8261 8260
f 8265 8268 8269
f 8257 8262 8261
f 8265 8269 8270
f 8257 8263 8262
f 8265 8270 8271
f 8257 8264 8263
f 8265 8271 8272
f 8273 8274 8282
f 8273 8282 8281
f 8274 8275 8283
f 8274 8283 8282
f 8275 8276 8284
f 8275 8284 8283
f 8276 8277 8285
f 8276 8285 8284
f 8277 8278 8286
f 8277 8286 8285
f 8278 8279 8287
f 8278 8287 8286
f 8279 8280 8288
f 8279 8288 8287
f 8280 8273 8281
f 8280 8281 8288
f 8273 8275 8274
f 8281 8282 8283
f 8273 8276 8275
f 8281 8283 8284
f 8273 8277 8276
f 8281 8284 8285
f 8273 8278 8277
f 8281 8285 8286
f 8273 8279 8278
f 8281 8286 8287
f 8273 8280 8279
f 8281 8287 8288
f 8289 8290 8298
f 8289 8298 8297
f 8290 8291 8299
f 8290 8299 8298
f 8291 8292 8300
f 8291 8300 8299
f 8292 8293 8301
f 8292 8301 8300
f 8293 8294 8302
f 8293 8302 8301
f 8294 8295 8303
f 8294 8303 8302
f 8295 8296 8304
f 8295 8304 8303
f 8296 8289 8297
f 8296 8297 8304
f 8289 8291 8290
f 8297 8298 8299
f 8289 8292 8291
f 8297 8299 8300
f 8289 8293 8292
f 8297 8300 8301
f 8289 8294 8293
f 8297 8301 8302
f 8289 8295 8294
f 8297 8302 8303
f 8289 8296 8295
f 8297 8303 8304
f 8305 8306 8314
f 8305 8314 8313
f 8306 8307 8315
f 8306 8315 8314
f 8307 8308 8316
f 8307 8316 8315
f 8308 8309 8317
f 8308 8317 8316
f 8309 8310 8318
f 8309 8318 8317
f 8310 8311 8319
f 8310 8319 8318
f 8311 8312 8320
f 8311 8320 8319
f 8312 8305 8313
f 8312 8313 8320
f 8305 8307 8306
f 8313 8314 8315
f 8305 8308 8307
f 8313 8315 8316
f 8305 8309 8308
f 8313 8316 8317
f 8305 8310 8309
f 8313 8317 8318
f 8305 8311 8310
f 8313 8318 8319
f 8305 8312 8311
f 8313 8319 8320
f 8321 8322 8330
f 8321 8330 8329
f 8322 8323 8331
f 8322 8331 8330
f 8323 8324 8332
f 8323 8332 8331
f 8324 8325 8333
f 8324 8333 8332
f 8325 8326 8334
f 8325 8334 8333
f 8326 8327 8335
f 8326 8335 8334
f 8327 8328 8336
f 8327 8336 8335
f 8328 8321 8329
f 8328 8329 8336
f 8321 8323 8322
f 8329 8330 8331
f 8321 8324 8323
f 8329 8331 8332
f 8321 8325 8324
f 8329 8332 8333
f 8321 8326 8325
f 8329 8333 8334
f 8321 8327 8326
f 8329 8334 8335
f 8321 8328 8327
f 8329 8335 8336
f 8337 8338 8346
f 8337 8346 8345
f 8338 8339 8347
f 8338 8347 8346
f 8339 8340 8348
f 8339 8348 8347
f 8340 8341 8349
f 8340 8349 8348
f 8341 8342 8350
f 8341 8350 8349
f 8342 8343 8351
f 8342 8351 8350
f 8343 8344 8352
f 8343 8352 8351
f 8344 8337 8345
f 8344 8345 8352
f 8337 8339 8338
f 8345 8346 8347
f 8337 8340 8339
f 8345 8347 8348
f 8337 8341 8340
f 8345 8348 8349
f 8337 8342 8341
f 8345 8349 8350
f 8337 8343 8342
f 8345 8350 8351
f 8337 8344 8343
f 8345 8351 8352
f 8353 8354 8362
f 8353 8362 8361
f 8354 8355 8363
f 8354 8363 8362
f 8355 8356 8364
f 8355 8364 8363
f 8356 8357 8365
f 8356 8365 8364
f 8357 8358 8366
f 8357 8366 8365
f 8358 8359 8367
f 8358 8367 8366
f 8359 8360 8368
f 8359 8368 8367
f 8360 8353 8361
f 8360 8361 8368
f 8353 8355 8354
f 8361 8362 8363
f 8353 8356 8355
f 8361 8363 8364
f 8353 8357 8356
f 8361 8364 8365
f 8353 8358 8357
f 8361 8365 8366
f 8353 8359 8358
f 8361 8366 8367
f 8353 8360 8359
f 8361 8367 8368
f 8369 8370 8378
f 8369 8378 8377
f 8370 8371 8379
f 8370 8379 8378
f 8371 8372 8380
f 8371 8380 8379
f 8372 8373 8381
f 8372 8381 8380
f 8373 8374 8382
f 8373 8382 8381
f 8374 8375 8383
f 8374 8383 8382
f 8375 8376 8384
f 8375 8384 8383
f 8376 8369 8377
f 8376 8377 8384
f 8369 8371 8370
f 8377 8378 8379
f 8369 8372 8371
f 8377 8379 8380
f 8369 8373 8372
f 8377 8380 8381
f 8369 8374 8373
f 8377 8381 8382
f 8369 8375 8374
f 8377 8382 8383
f 8369 8376 8375
f 8377 8383 8384
f 8385 8386 8394
f 8385 8394 8393
f 8386 8387 8395
f 8386 8395 8394
f 8387 8388 8396
f 8387 8396 8395
f 8388 8389 8397
f 8388 8397 8396
f 8389 8390 8398
f 8389 8398 8397
f 8390 8391 8399
f 8390 8399 8398
f 8391 8392 8400
f 8391 8400 8399
f 8392 8385 8393
f 8392 8393 8400
f 8385 8387 8386
f 8393 8394 8395
f 8385 8388 8387
f 8393 8395 8396
f 8385 8389 8388
f 8393 8396 8397
f 8385 8390 8389
f 8393 8397 8398
f 8385 8391 8390
f 8393 8398 8399
f 8385 8392 8391
f 8393 8399 8400
f 8401 8402 8410
f 8401 8410 8409
f 8402 8403 8411
f 8402 8411 8410
f 8403 8404 8412
f 8403 8412 8411
f 8404 8405 8413
f 8404 8413 8412
f 8405 8406 8414
f 8405 8414 8413
f 8406 8407 8415
f 8406 8415 8414
f 8407 8408 8416
f 8407 8416 8415
f 8408 8401 8409
f 8408 8409 8416
f 8401 8403 8402
f 8409 8410 8411
f 8401 8404 8403
f 8409 8411 8412
f 8401 8405 8404
f 8409 8412 8413
f 8401 8406 8405
f 8409 8413 8414
f 8401 8407 8406
f 8409 8414 8415
f 8401 8408 8407
f 8409 8415 8416
f 8417 8418 8426
f 8417 8426 8425
f 8418 8419 8427
f 8418 8427 8426
f 8419 8420 8428
f 8419 8428 8427
f 8420 8421 8429
f 8420 8429 8428
f 8421 8422 8430
f 8421 8430 8429
f 8422 8423 8431
f 8422 8431 8430
f 8423 8424 8432
f 8423 8432 8431
f 8424 8417 8425
f 8424 8425 8432
f 8417 8419 8418
f 8425 8426 8427
f 8417 8420 8419
f 8425 8427 8428
f 8417 8421 8420
f 8425 8428 8429
f 8417 8422 8421
f 8425 8429 8430
f 8417 8423 8422
f 8425 8430 8431
f 8417 8424 8423
f 8425 8431 8432
f 8433 8434 8442
f 8433 8442 8441
f 8434 8435 8443
f 8434 8443 8442
f 8435 8436 8444
f 8435 8444 8443
f 8436 8437 8445
f 8436 8445 8444
f 8437 8438 8446
f 8437 8446 8445
f 8438 8439 8447
f 8438 8447 8446
f 8439 8440 8448
f 8439 8448 8447
f 8440 8433 8441
f 8440 8441 8448
f 8433 8435 8434
f 8441 8442 8443
f 8433 8436 8435
f 8441 8443 8444
f 8433 8437 8436
f 8441 8444 8445
f 8433 8438 8437
f 8441 8445 8446
f 8433 8439 8438
f 8441 8446 8447
f 8433 8440 8439
f 8441 8447 8448
f 8449 8450 8458
f 8449 8458 8457
f 8450 8451 8459
f 8450 8459 8458
f 8451 8452 8460
f 8451 8460 8459
f 8452 8453 8461
f 8452 8461 8460
f 8453 8454 8462
f 8453 8462 8461
f 8454 8455 8463
f 8454 8463 8462
f 8455 8456 8464
f 8455 8464 8463
f 8456 8449 8457
f 8456 8457 8464
f 8449 8451 8450
f 8457 8458 8459
f 8449 8452 8451
f 8457 8459 8460
f 8449 8453 8452
f 8457 8460 8461
f 8449 8454 8453
f 8457 8461 8462
f 8449 8455 8454
f 8457 8462 8463
f 8449 8456 8455
f 8457 8463 8464
f 8465 8466 8474
f 8465 8474 8473
f 8466 8467 8475
f 8466 8475 8474
f 8467 8468 8476
f 8467 8476 8475
f 8468 8469 8477
f 8468 8477 8476
f 8469 8470 8478
f 8469 8478 8477
f 8470 8471 8479
f 8470 8479 8478
f 8471 8472 8480
f 8471 8480 8479
f 8472 8465 8473
f 8472 8473 8480
f 8465 8467 8466
f 8473 8474 8475
f 8465 8468 8467
f 8473 8475 8476
f 8465 8469 8468
f 8473 8476 8477
f 8465 8470 8469
f 8473 8477 8478
f 8465 8471 8470
f 8473 8478 8479
f 8465 8472 8471
f 8473 8479 8480
f 8481 8482 8490
f 8481 8490 8489
f 8482 8483 8491
f 8482 8491 8490
f 8483 8484 8492
f 8483 8492 8491
f 8484 8485 8493
f 8484 8493 8492
f 8485 8486 8494
f 8485 8494 8493
f 8486 8487 8495
f 8486 8495 8494
f 8487 8488 8496
f 8487 8496 8495
f 8488 8481 8489
f 8488 8489 8496
f 8481 8483 8482
f 8489 8490 8491
f 8481 8484 8483
f 8489 8491 8492
f 8481 8485 8484
f 8489 8492 8493
f 8481 8486 8485
f 8489 8493 8494
f 8481 8487 8486
f 8489 8494 8495
f 8481 8488 8487
f 8489 8495 8496
f 8497 8498 8506
f 8497 8506 8505
f 8498 8499 8507
f 8498 8507 8506
f 8499 8500 8508
f 8499 8508 8507
f 8500 8501 8509
f 8500 8509 8508
f 8501 8502 8510
f 8501 8510 8509
f 8502 8503 8511
f 8502 8511 8510
f 8503 8504 8512
f 8503 8512 8511
f 8504 8497 8505
f 8504 8505 8512
f 8497 8499 8498
f 8505 8506 8507
f 8497 8500 8499
f 8505 8507 8508
f 8497 8501 8500
f 8505 8508 8509
f 8497 8502 8501
f 8505 8509 8510
f 8497 8503 8502
f 8505 8510 8511
f 8497 8504 8503
f 8505 8511 8512
f 8513 8514 8522
f 8513 8522 8521
f 8514 8515 8523
f 8514 8523 8522
f 8515 8516 8524
f 8515 8524 8523
f 8516 8517 8525
f 8516 8525 8524
f 8517 8518 8526
f 8517 8526 8525
f 8518 8519 8527
f 8518 8527 8526
f 8519 8520 8528
f 8519 8528 8527
f 8520 8513 8521
f 8520 8521 8528
f 8513 8515 8514
f 8521 8522 8523
f 8513 8516 8515
f 8521 8523 8524
f 8513 8517 8516
f 8521 8524 8525
f 8513 8518 8517
f 8521 8525 8526
f 8513 8519 8518
f 8521 8526 8527
f 8513 8520 8519
f 8521 8527 8528
f 8529 8530 8538
f 8529 8538 8537
f 8530 8531 8539
f 8530 8539 8538
f 8531 8532 8540
f 8531 8540 8539
f 8532 8533 8541
f 8532 8541 8540
f 8533 8534 8542
f 8533 8542 8541
f 8534 8535 8543
f 8534 8543 8542
f 8535 8536 8544
f 8535 8544 8543
f 8536 8529 8537
f 8536 8537 8544
f 8529 8531 8530
f 8537 8538 8539
f 8529 8532 8531
f 8537 8539 8540
f 8529 8533 8532
f 8537 8540 8541
f 8529 8534 8533
f 8537 8541 8542
f 8529 8535 8534
f 8537 8542 8543
f 8529 8536 8535
f 8537 8543 8544
f 8545 8546 8554
f 8545 8554 8553
f 8546 8547 8555
f 8546 8555 8554
f 8547 8548 8556
f 8547 8556 8555
f 8548 8549 8557
f 8548 8557 8556
f 8549 8550 8558
f 8549 8558 8557
f 8550 8551 8559
f 8550 8559 8558
f 8551 8552 8560
f 8551 8560 8559
f 8552 8545 8553
f 8552 8553 8560
f 8545 8547 8546
f 8553 8554 8555
f 8545 8548 8547
f 8553 8555 8556
f 8545 8549 8548
f 8553 8556 8557
f 8545 8550 8549
f 8553 8557 8558
f 8545 8551 8550
f 8553 8558 8559
f 8545 8552 8551
f 8553 8559 8560
f 8561 8562 8570
f 8561 8570 8569
f 8562 8563 8571
f 8562 8571 8570
f 8563 8564 8572
f 8563 8572 8571
f 8564 8565 8573
f 8564 8573 8572
f 8565 8566 8574
f 8565 8574 8573
f 8566 8567 8575
f 8566 8575 8574
f 8567 8568 8576
f 8567 8576 8575
f 8568 8561 8569
f 8568 8569 8576
f 8561 8563 8562
f 8569 8570 8571
f 8561 8564 8563
f 8569 8571 8572
f 8561 8565 8564
f 8569 8572 8573
f 8561 8566 8565
f 8569 8573 8574
f 8561 8567 8566
f 8569 8574 8575
f 8561 8568 8567
f 8569 8575 8576
f 8577 8578 8586
f 8577 8586 8585
f 8578 8579 8587
f 8578 8587 8586
f 8579 8580 8588
f 8579 8588 8587
f 8580 8581 8589
f 8580 8589 8588
f 8581 8582 8590
f 8581 8590 8589
f 8582 8583 8591
f 8582 8591 8590
f 8583 8584 8592
f 8583 8592 8591
f 8584 8577 8585
f 8584 8585 8592
f 8577 8579 8578
f 8585 8586 8587
f 8577 8580 8579
f 8585 8587 8588
f 8577 8581 8580
f 8585 8588 8589
f 8577 8582 8581
f 8585 8589 8590
f 8577 8583 8582
f 8585 8590 8591
f 8577 8584 8583
f 8585 8591 8592
f 8593 8594 8602
f 8593 8602 8601
f 8594 8595 8603
f 8594 8603 8602
f 8595 8596 8604
f 8595 8604 8603
f 8596 8597 8605
f 8596 8605 8604
f 8597 8598 8606
f 8597 8606 8605
f 8598 8599 8607
f 8598 8607 8606
f 8599 8600 8608
f 8599 8608 8607
f 8600 8593 8601
f 8600 8601 8608
f 8593 8595 8594
f 8601 8602 8603
f 8593 8596 8595
f 8601 8603 8604
f 8593 8597 8596
f 8601 8604 8605
f 8593 8598 8597
f 8601 8605 8606
f 8593 8599 8598
f 8601 8606 8607
f 8593 8600 8599
f 8601 8607 8608
f 8609 8610 8618
f 8609 8618 8617
f 8610 8611 8619
f 8610 8619 8618
f 8611 8612 8620
f 8611 8620 8619
f 8612 8613 8621
f 8612 8621 8620
f 8613 8614 8622
f 8613 8622 8621
f 8614 8615 8623
f 8614 8623 8622
f 8615 8616 8624
f 8615 8624 8623
f 8616 8609 8617
f 8616 8617 8624
f 8609 8611 8610
f 8617 8618 8619
f 8609 8612 8611
f 8617 8619 8620
f 8609 8613 8612
f 8617 8620 8621
f 8609 8614 8613
f 8617 8621 8622
f 8609 8615 8614
f 8617 8622 8623
f 8609 8616 8615
f 8617 8623 8624
f 8625 8626 8634
f 8625 8634 8633
f 8626 8627 8635
f 8626 8635 8634
f 8627 8628 8636
f 8627 8636 8635
f 8628 8629 8637
f 8628 8637 8636
f 8629 8630 8638
f 8629 8638 8637
f 8630 8631 8639
f 8630 8639 8638
f 8631 8632 8640
f 8631 8640 8639
f 8632 8625 8633
f 8632 8633 8640
f 8625 8627 8626
f 8633 8634 8635
f 8625 8628 8627
f 8633 8635 8636
f 8625 8629 8628
f 8633 8636 8637
f 8625 8630 8629
f 8633 8637 8638
f 8625 8631 8630
f 8633 8638 8639
f 8625 8632 8631
f 8633 8639 8640
f 8641 8642 8650
f 8641 8650 8649
f 8642 8643 8651
f 8642 8651 8650
f 8643 8644 8652
f 8643 8652 8651
f 8644 8645 8653
f 8644 8653 8652
f 8645 8646 8654
f 8645 8654 8653
f 8646 8647 8655
f 8646 8655 8654
f 8647 8648 8656
f 8647 8656 8655
f 8648 8641 8649
f 8648 8649 8656
f 8641 8643 8642
f 8649 8650 8651
f 8641 8644 8643
f 8649 8651 8652
f 8641 8645 8644
f 8649 8652 8653
f 8641 8646 8645
f 8649 8653 8654
f 8641 8647 8646
f 8649 8654 8655
f 8641 8648 8647
f 8649 8655 8656
f 8657 8658 8666
f 8657 8666 8665
f 8658 8659 8667
f 8658 8667 8666
f 8659 8660 8668
f 8659 8668 8667
f 8660 8661 8669
f 8660 8669 8668
f 8661 8662 8670
f 8661 8670 8669
f 8662 8663 8671
f 8662 8671 8670
f 8663 8664 8672
f 8663 8672 8671
f 8664 8657 8665
f 8664 8665 8672
f 8657 8659 8658
f 8665 8666 8667
f 8657 8660 8659
f 8665 8667 8668
f 8657 8661 8660
f 8665 8668 8669
f 8657 8662 8661
f 8665 8669 8670
f 8657 8663 8662
f 8665 8670 8671
f 8657 8664 8663
f 8665 8671 8672
f 8673 8674 8682
f 8673 8682 8681
f 8674 8675 8683
f 8674 8683 8682
f 8675 8676 8684
f 8675 8684 8683
f 8676 8677 8685
f 8676 8685 8684
f 8677 8678 8686
f 8677 8686 8685
f 8678 8679 8687
f 8678 8687 8686
f 8679 8680 8688
f 8679 8688 8687
f 8680 8673 8681
f 8680 8681 8688
f 8673 8675 8674
f 8681 8682 8683
f 8673 8676 8675
f 8681 8683 8684
f 8673 8677 8676
f 8681 8684 8685
f 8673 8678 8677
f 8681 8685 8686
f 8673 8679 8678
f 8681 8686 8687
f 8673 8680 8679
f 8681 8687 8688
f 8689 8690 8698
f 8689 8698 8697
f 8690 8691 8699
f 8690 8699 8698
f 8691 8692 8700
f 8691 8700 8699
f 8692 8693 8701
f 8692 8701 8700
f 8693 8694 8702
f 8693 8702 8701
f 8694 8695 8703
f 8694 8703 8702
f 8695 8696 8704
f 8695 8704 8703
f 8696 8689 8697
f 8696 8697 8704
f 8689 8691 8690
f 8697 8698 8699
f 8689 8692 8691
f 8697 8699 8700
f 8689 8693 8692
f 8697 8700 8701
f 8689 8694 8693
f 8697 8701 8702
f 8689 8695 8694
f 8697 8702 8703
f 8689 8696 8695
f 8697 8703 8704
f 8705 8706 8714
f 8705 8714 8713
f 8706 8707 8715
f 8706 8715 8714
f 8707 8708 8716
f 8707 8716 8715
f 8708 8709 8717
f 8708 8717 8716
f 8709 8710 8718
f 8709 8718 8717
f 8710 8711 8719
f 8710 8719 8718
f 8711 8712 8720
f 8711 8720 8719
f 8712 8705 8713
f 8712 8713 8720
f 8705 8707 8706
f 8713 8714 8715
f 8705 8708 8707
f 8713 8715 8716
f 8705 8709 8708
f 8713 8716 8717
f 8705 8710 8709
f 8713 8717 8718
f 8705 8711 8710
f 8713 8718 8719
f 8705 8712 8711
f 8713 8719 8720
f 8721 8722 8730
f 8721 8730 8729
f 8722 8723 8731
f 8722 8731 8730
f 8723 8724 8732
f 8723 8732 8731
f 8724 8725 8733
f 8724 8733 8732
f 8725 8726 8734
f 8725 8734 8733
f 8726 8727 8735
f 8726 8735 8734
f 8727 8728 8736
f 8727 8736 8735
f 8728 8721 8729
f 8728 8729 8736
f 8721 8723 8722
f 8729 8730 8731
f 8721 8724 8723
f 8729 8731 8732
f 8721 8725 8724
f 8729 8732 8733
f 8721 8726 8725
f 8729 8733 8734
f 8721 8727 8726
f 8729 8734 8735
f 8721 8728 8727
f 8729 8735 8736
f 8737 8738 8746
f 8737 8746 8745
f 8738 8739 8747
f 8738 8747 8746
f 8739 8740 8748
f 8739 8748 8747
f 8740 8741 8749
f 8740 8749 8748
f 8741 8742 8750
f 8741 8750 8749
f 8742 8743 8751
f 8742 8751 8750
f 8743 8744 8752
f 8743 8752 8751
f 8744 8737 8745
f 8744 8745 8752
f 8737 8739 8738
f 8745 8746 8747
f 8737 8740 8739
f 8745 8747 8748
f 8737 8741 8740
f 8745 8748 8749
f 8737 8742 8741
f 8745 8749 8750
f 8737 8743 8742
f 8745 8750 8751
f 8737 8744 8743
f 8745 8751 8752
f 8753 8754 8762
f 8753 8762 8761
f 8754 8755 8763
f 8754 8763 8762
f 8755 8756 8764
f 8755 8764 8763
f 8756 8757 8765
f 8756 8765 8764
f 8757 8758 8766
f 8757 8766 8765
f 8758 8759 8767
f 8758 8767 8766
f 8759 8760 8768
f 8759 8768 8767
f 8760 8753 8761
f 8760 8761 8768
f 8753 8755 8754
f 8761 8762 8763
f 8753 8756 8755
f 8761 8763 8764
f 8753 8757 8756
f 8761 8764 8765
f 8753 8758 8757
f 8761 8765 8766
f 8753 8759 8758
f 8761 8766 8767
f 8753 8760 8759
f 8761 8767 8768
f 8769 8770 8778
f 8769 8778 8777
f 8770 8771 8779
f 8770 8779 8778
f 8771 8772 8780
f 8771 8780 8779
f 8772 8773 8781
f 8772 8781 8780
f 8773 8774 8782
f 8773 8782 8781
f 8774 8775 8783
f 8774 8783 8782
f 8775 8776 8784
f 8775 8784 8783
f 8776 8769 8777
f 8776 8777 8784
f 8769 8771 8770
f 8777 8778 8779
f 8769 8772 8771
f 8777 8779 8780
f 8769 8773 8772
f 8777 8780 8781
f 8769 8774 8773
f 8777 8781 8782
f 8769 8775 8774
f 8777 8782 8783
f 8769 8776 8775
f 8777 8783 8784
f 8785 8786 8794
f 8785 8794 8793
f 8786 8787 8795
f 8786 8795 8794
f 8787 8788 8796
f 8787 8796 8795
f 8788 8789 8797
f 8788 8797 8796
f 8789 8790 8798
f 8789 8798 8797
f 8790 8791 8799
f 8790 8799 8798
f 8791 8792 8800
f 8791 8800 8799
f 8792 8785 8793
f 8792 8793 8800
f 8785 8787 8786
f 8793 8794 8795
f 8785 8788 8787
f 8793 8795 8796
f 8785 8789 8788
f 8793 8796 8797
f 8785 8790 8789
f 8793 8797 8798
f 8785 8791 8790
f 8793 8798 8799
f 8785 8792 8791
f 8793 8799 8800
f 8801 8802 8810
f 8801 8810 8809
f 8802 8803 8811
f 8802 8811 8810
f 8803 8804 8812
f 8803 8812 8811
f 8804 8805 8813
f 8804 8813 8812
f 8805 8806 8814
f 8805 8814 8813
f 8806 8807 8815
f 8806 8815 8814
f 8807 8808 8816
f 8807 8816 8815
f 8808 8801 8809
f 8808 8809 8816
f 8801 8803 8802
f 8809 8810 8811
f 8801 8804 8803
f 8809 8811 8812
f 8801 8805 8804
f 8809 8812 8813
f 8801 8806 8805
f 8809 8813 8814
f 8801 8807 8806
f 8809 8814 8815
f 8801 8808 8807
f 8809 8815 8816
f 8817 8818 8826
f 8817 8826 8825
f 8818 8819 8827
f 8818 8827 8826
f 8819 8820 8828
f 8819 8828 8827
f 8820 8821 8829
f 8820 8829 8828
f 8821 8822 8830
f 8821 8830 8829
f 8822 8823 8831
f 8822 8831 8830
f 8823 8824 8832
f 8823 8832 8831
f 8824 8817 8825
f 8824 8825 8832
f 8817 8819 8818
f 8825 8826 8827
f 8817 8820 8819
f 8825 8827 8828
f 8817 8821 8820
f 8825 8828 8829
f 8817 8822 8821
f 8825 8829 8830
f 8817 8823 8822
f 8825 8830 8831
f 8817 8824 8823
f 8825 8831 8832
f 8833 8834 8842
f 8833 8842 8841
f 8834 8835 8843
f 8834 8843 8842
f 8835 8836 8844
f 8835 8844 8843
f 8836 8837 8845
f 8836 8845 8844
f 8837 8838 8846
f 8837 8846 8845
f 8838 8839 8847
f 8838 8847 8846
f 8839 8840 8848
f 8839 8848 8847
f 8840 8833 8841
f 8840 8841 8848
f 8833 8835 8834
f 8841 8842 8843
f 8833 8836 8835
f 8841 8843 8844
f 8833 8837 8836
f 8841 8844 8845
f 8833 8838 8837
f 8841 8845 8846
f 8833 8839 8838
f 8841 8846 8847
f 8833 8840 8839
f 8841 8847 8848
f 8849 8850 8858
f 8849 8858 8857
f 8850 8851 8859
f 8850 8859 8858
f 8851 8852 8860
f 8851 8860 8859
f 8852 8853 8861
f 8852 8861 8860
f 8853 8854 8862
f 8853 8862 8861
f 8854 8855 8863
f 8854 8863 8862
f 8855 8856 8864
f 8855 8864 8863
f 8856 8849 8857
f 8856 8857 8864
f 8849 8851 8850
f 8857 8858 8859
f 8849 8852 8851
f 8857 8859 8860
f 8849 8853 8852
f 8857 8860 8861
f 8849 8854 8853
f 8857 8861 8862
f 8849 8855 8854
f 8857 8862 8863
f 8849 8856 8855
f 8857 8863 8864
f 8865 8866 8874
f 8865 8874 8873
f 8866 8867 8875
f 8866 8875 8874
f 8867 8868 8876
f 8867 8876 8875
f 8868 8869 8877
f 8868 8877 8876
f 8869 8870 8878
f 8869 8878 8877
f 8870 8871 8879
f 8870 8879 8878
f 8871 8872 8880
f 8871 8880 8879
f 8872 8865 8873
f 8872 8873 8880
f 8865 8867 8866
f 8873 8874 8875
f 8865 8868 8867
f 8873 8875 8876
f 8865 8869 8868
f 8873 8876 8877
f 8865 8870 8869
f 8873 8877 8878
f 8865 8871 8870
f 8873 8878 8879
f 8865 8872 8871
f 8873 8879 8880
f 8881 8882 8890
f 8881 8890 8889
f 8882 8883 8891
f 8882 8891 8890
f 8883 8884 8892
f 8883 8892 8891
f 8884 8885 8893
f 8884 8893 8892
f 8885 8886 8894
f 8885 8894 8893
f 8886 8887 8895
f 8886 8895 8894
f 8887 8888 8896
f 8887 8896 8895
f 8888 8881 8889
f 8888 8889 8896
f 8881 8883 8882
f 8889 8890 8891
f 8881 8884 8883
f 8889 8891 8892
f 8881 8885 8884
f 8889 8892 8893
f 8881 8886 8885
f 8889 8893 8894
f 8881 8887 8886
f 8889 8894 8895
f 8881 8888 8887
f 8889 8895 8896
f 8897 8898 8906
f 8897 8906 8905
f 8898 8899 8907
f 8898 8907 8906
f 8899 8900 8908
f 8899 8908 8907
f 8900 8901 8909
f 8900 8909 8908
f 8901 8902 8910
f 8901 8910 8909
f 8902 8903 8911
f 8902 8911 8910
f 8903 8904 8912
f 8903 8912 8911
f 8904 8897 8905
f 8904 8905 8912
f 8897 8899 8898
f 8905 8906 8907
f 8897 8900 8899
f 8905 8907 8908
f 8897 8901 8900
f 8905 8908 8909
f 8897 8902 8901
f 8905 8909 8910
f 8897 8903 8902
f 8905 8910 8911
f 8897 8904 8903
f 8905 8911 8912
f 8913 8914 8922
f 8913 8922 8921
f 8914 8915 8923
f 8914 8923 8922
f 8915 8916 8924
f 8915 8924 8923
f 8916 8917 8925
f 8916 8925 8924
f 8917 8918 8926
f 8917 8926 8925
f 8918 8919 8927
f 8918 8927 8926
f 8919 8920 8928
f 8919 8928 8927
f 8920 8913 8921
f 8920 8921 8928
f 8913 8915 8914
f 8921 8922 8923
f 8913 8916 8915
f 8921 8923 8924
f 8913 8917 8916
f 8921 8924 8925
f 8913 8918 8917
f 8921 8925 8926
f 8913 8919 8918
f 8921 8926 8927
f 8913 8920 8919
f 8921 8927 8928
f 8929 8930 8938
f 8929 8938 8937
f 8930 8931 8939
f 8930 8939 8938
f 8931 8932 8940
f 8931 8940 8939
f 8932 8933 8941
f 8932 8941 8940
f 8933 8934 8942
f 8933 8942 8941
f 8934 8935 8943
f 8934 8943 8942
f 8935 8936 8944
f 8935 8944 8943
f 8936 8929 8937
f 8936 8937 8944
f 8929 8931 8930
f 8937 8938 8939
f 8929 8932 8931
f 8937 8939 8940
f 8929 8933 8932
f 8937 8940 8941
f 8929 8934 8933
f 8937 8941 8942
f 8929 8935 8934
f 8937 8942 8943
f 8929 8936 8935
f 8937 8943 8944
f 8945 8946 8954
f 8945 8954 8953
f 8946 8947 8955
f 8946 8955 8954
f 8947 8948 8956
f 8947 8956 8955
f 8948 8949 8957
f 8948 8957 8956
f 8949 8950 8958
f 8949 8958 8957
f 8950 8951 8959
f 8950 8959 8958
f 8951 8952 8960
f 8951 8960 8959
f 8952 8945 8953
f 8952 8953 8960
f 8945 8947 8946
f 8953 8954 8955
f 8945 8948 8947
f 8953 8955 8956
f 8945 8949 8948
f 8953 8956 8957
f 8945 8950 8949
f 8953 8957 8958
f 8945 8951 8950
f 8953 8958 8959
f 8945 8952 8951
f 8953 8959 8960
f 8961 8962 8970
f 8961 8970 8969
f 8962 8963 8971
f 8962 8971 8970
f 8963 8964 8972
f 8963 8972 8971
f 8964 8965 8973
f 8964 8973 8972
f 8965 8966 8974
f 8965 8974 8973
f 8966 8967 8975
f 8966 8975 8974
f 8967 8968 8976
f 8967 8976 8975
f 8968 8961 8969
f 8968 8969 8976
f 8961 8963 8962
f 8969 8970 8971
f 8961 8964 8963
f 8969 8971 8972
f 8961 8965 8964
f 8969 8972 8973
f 8961 8966 8965
f 8969 8973 8974
f 8961 8967 8966
f 8969 8974 8975
f 8961 8968 8967
f 8969 8975 8976
f 8977 8978 8986
f 8977 8986 8985
f 8978 8979 8987
f 8978 8987 8986
f 8979 8980 8988
f 8979 8988 8987
f 8980 8981 8989
f 8980 8989 8988
f 8981 8982 8990
f 8981 8990 8989
f 8982 8983 8991
f 8982 8991 8990
f 8983 8984 8992
f 8983 8992 8991
f 8984 8977 8985
f 8984 8985 8992
f 8977 8979 8978
f 8985 8986 8987
f 8977 8980 8979
f 8985 8987 8988
f 8977 8981 8980
f 8985 8988 8989
f 8977 8982 8981
f 8985 8989 8990
f 8977 8983 8982
f 8985 8990 8991
f 8977 8984 8983
f 8985 8991 8992
f 8993 8994 9002
f 8993 9002 9001
f 8994 8995 9003
f 8994 9003 9002
f 8995 8996 9004
f 8995 9004 9003
f 8996 8997 9005
f 8996 9005 9004
f 8997 8998 9006
f 8997 9006 9005
f 8998 8999 9007
f 8998 9007 9006
f 8999 9000 9008
f 8999 9008 9007
f 9000 8993 9001
f 9000 9001 9008
f 8993 8995 8994
f 9001 9002 9003
f 8993 8996 8995
f 9001 9003 9004
f 8993 8997 8996
f 9001 9004 9005
f 8993 8998 8997
f 9001 9005 9006
f 8993 8999 8998
f 9001 9006 9007
f 8993 9000 8999
f 9001 9007 9008
f 9009 9010 9018
f 9009 9018 9017
f 9010 9011 9019
f 9010 9019 9018
f 9011 9012 9020
f 9011 9020 9019
f 9012 9013 9021
f 9012 9021 9020
f 9013 9014 9022
f 9013 9022 9021
f 9014 9015 9023
f 9014 9023 9022
f 9015 9016 9024
f 9015 9024 9023
f 9016 9009 9017
f 9016 9017 9024
f 9009 9011 9010
f 9017 9018 9019
f 9009 9012 9011
f 9017 9019 9020
f 9009 9013 9012
f 9017 9020 9021
f 9009 9014 9013
f 9017 9021 9022
f 9009 9015 9014
f 9017 9022 9023
f 9009 9016 9015
f 9017 9023 9024
f 9025 9026 9034
f 9025 9034 9033
f 9026 9027 9035
f 9026 9035 9034
f 9027 9028 9036
f 9027 9036 9035
f 9028 9029 9037
f 9028 9037 9036
f 9029 9030 9038
f 9029 9038 9037
f 9030 9031 9039
f 9030 9039 9038
f 9031 9032 9040
f 9031 9040 9039
f 9032 9025 9033
f 9032 9033 9040
f 9025 9027 9026
f 9033 9034 9035
f 9025 9028 9027
f 9033 9035 9036
f 9025 9029 9028
f 9033 9036 9037
f 9025 9030 9029
f 9033 9037 9038
f 9025 9031 9030
f 9033 9038 9039
f 9025 9032 9031
f 9033 9039 9040
f 9041 9042 9050
f 9041 9050 9049
f 9042 9043 9051
f 9042 9051 9050
f 9043 9044 9052
f 9043 9052 9051
f 9044 9045 9053
f 9044 9053 9052
f 9045 9046 9054
f 9045 9054 9053
f 9046 9047 9055
f 9046 9055 9054
f 9047 9048 9056
f 9047 9056 9055
f 9048 9041 9049
f 9048 9049 9056
f 9041 9043 9042
f 9049 9050 9051
f 9041 9044 9043
f 9049 9051 9052
f 9041 9045 9044
f 9049 9052 9053
f 9041 9046 9045
f 9049 9053 9054
f 9041 9047 9046
f 9049 9054 9055
f 9041 9048 9047
f 9049 9055 9056
f 9057 9058 9066
f 9057 9066 9065
f 9058 9059 9067
f 9058 9067 9066
f 9059 9060 9068
f 9059 9068 9067
f 9060 9061 9069
f 9060 9069 9068
f 9061 9062 9070
f 9061 9070 9069
f 9062 9063 9071
f 9062 9071 9070
f 9063 9064 9072
f 9063 9072 9071
f 9064 9057 9065
f 9064 9065 9072
f 9057 9059 9058
f 9065 9066 9067
f 9057 9060 9059
f 9065 9067 9068
f 9057 9061 9060
f 9065 9068 9069
f 9057 9062 9061
f 9065 9069 9070
f 9057 9063 9062
f 9065 9070 9071
f 9057 9064 9063
f 9065 9071 9072
f 9073 9074 9082
f 9073 9082 9081
f 9074 9075 9083
f 9074 9083 9082
f 9075 9076 9084
f 9075 9084 9083
f 9076 9077 9085
f 9076 9085 9084
f 9077 9078 9086
f 9077 9086 9085
f 9078 9079 9087
f 9078 9087 9086
f 9079 9080 9088
f 9079 9088 9087
f 9080 9073 9081
f 9080 9081 9088
f 9073 9075 9074
f 9081 9082 9083
f 9073 9076 9075
f 9081 9083 9084
f 9073 9077 9076
f 9081 9084 9085
f 9073 9078 9077
f 9081 9085 9086
f 9073 9079 9078
f 9081 9086 9087
f 9073 9080 9079
f 9081 9087 9088
f 9089 9090 9098
f 9089 9098 9097
f 9090 9091 9099
f 9090 9099 9098
f 9091 9092 9100
f 9091 9100 9099
f 9092 9093 9101
f 9092 9101 9100
f 9093 9094 9102
f 9093 9102 9101
f 9094 9095 9103
f 9094 9103 9102
f 9095 9096 9104
f 9095 9104 9103
f 9096 9089 9097
f 9096 9097 9104
f 9089 9091 9090
f 9097 9098 9099
f 9089 9092 9091
f 9097 9099 9100
f 9089 9093 9092
f 9097 9100 9101
f 9089 9094 9093
f 9097 9101 9102
f 9089 9095 9094
f 9097 9102 9103
f 9089 9096 9095
f 9097 9103 9104
f 9105 9106 9114
f 9105 9114 9113
f 9106 9107 9115
f 9106 9115 9114
f 9107 9108 9116
f 9107 9116 9115
f 9108 9109 9117
f 9108 9117 9116
f 9109 9110 9118
f 9109 9118 9117
f 9110 9111 9119
f 9110 9119 9118
f 9111 9112 9120
f 9111 9120 9119
f 9112 9105 9113
f 9112 9113 9120
f 9105 9107 9106
f 9113 9114 9115
f 9105 9108 9107
f 9113 9115 9116
f 9105 9109 9108
f 9113 9116 9117
f 9105 9110 9109
f 9113 9117 9118
f 9105 9111 9110
f 9113 9118 9119
f 9105 9112 9111
f 9113 9119 9120
f 9121 9122 9130
f 9121 9130 9129
f 9122 9123 9131
f 9122 9131 9130
f 9123 9124 9132
f 9123 9132 9131
f 9124 9125 9133
f 9124 9133 9132
f 9125 9126 9134
f 9125 9134 9133
f 9126 9127 9135
f 9126 9135 9134
f 9127 9128 9136
f 9127 9136 9135
f 9128 9121 9129
f 9128 9129 9136
f 9121 9123 9122
f 9129 9130 9131
f 9121 9124 9123
f 9129 9131 9132
f 9121 9125 9124
f 9129 9132 9133
f 9121 9126 9125
f 9129 9133 9134
f 9121 9127 9126
f 9129 9134 9135
f 9121 9128 9127
f 9129 9135 9136
f 9137 9138 9146
f 9137 9146 9145
f 9138 9139 9147
f 9138 9147 9146
f 9139 9140 9148
f 9139 9148 9147
f 9140 9141 9149
f 9140 9149 9148
f 9141 9142 9150
f 9141 9150 9149
f 9142 9143 9151
f 9142 9151 9150
f 9143 9144 9152
f 9143 9152 9151
f 9144 9137 9145
f 9144 9145 9152
f 9137 9139 9138
f 9145 9146 9147
f 9137 9140 9139
f 9145 9147 9148
f 9137 9141 9140
f 9145 9148 9149
f 9137 9142 9141
f 9145 9149 9150
f 9137 9143 9142
f 9145 9150 9151
f 9137 9144 9143
f 9145 9151 9152
f 9153 9154 9162
f 9153 9162 9161
f 9154 9155 9163
f 9154 9163 9162
f 9155 9156 9164
f 9155 9164 9163
f 9156 9157 9165
f 9156 9165 9164
f 9157 9158 9166
f 9157 9166 9165
f 9158 9159 9167
f 9158 9167 9166
f 9159 9160 9168
f 9159 9168 9167
f 9160 9153 9161
f 9160 9161 9168
f 9153 9155 9154
f 9161 9162 9163
f 9153 9156 9155
f 9161 9163 9164
f 9153 9157 9156
f 9161 9164 9165
f 9153 9158 9157
f 9161 9165 9166
f 9153 9159 9158
f 9161 9166 9167
f 9153 9160 9159
f 9161 9167 9168
f 9169 9170 9178
f 9169 9178 9177
f 9170 9171 9179
f 9170 9179 9178
f 9171 9172 9180
f 9171 9180 9179
f 9172 9173 9181
f 9172 9181 9180
f 9173 9174 9182
f 9173 9182 9181
f 9174 9175 9183
f 9174 9183 9182
f 9175 9176 9184
f 9175 9184 9183
f 9176 9169 9177
f 9176 9177 9184
f 9169 9171 9170
f 9177 9178 9179
f 9169 9172 9171
f 9177 9179 9180
f 9169 9173 9172
f 9177 9180 9181
f 9169 9174 9173
f 9177 9181 9182
f 9169 9175 9174
f 9177 9182 9183
f 9169 9176 9175
f 9177 9183 9184
f 9185 9186 9194
f 9185 9194 9193
f 9186 9187 9195
f 9186 9195 9194
f 9187 9188 9196
f 9187 9196 9195
f 9188 9189 9197
f 9188 9197 9196
f 9189 9190 9198
f 9189 9198 9197
f 9190 9191 9199
f 9190 9199 9198
f 9191 9192 9200
f 9191 9200 9199
f 9192 9185 9193
f 9192 9193 9200
f 9185 9187 9186
f 9193 9194 9195
f 9185 9188 9187
f 9193 9195 9196
f 9185 9189 9188
f 9193 9196 9197
f 9185 9190 9189
f 9193 9197 9198
f 9185 9191 9190
f 9193 9198 9199
f 9185 9192 9191
f 9193 9199 9200
f 9201 9202 9210
f 9201 9210 9209
f 9202 9203 9211
f 9202 9211 9210
f 9203 9204 9212
f 9203 9212 9211
f 9204 9205 9213
f 9204 9213 9212
f 9205 9206 9214
f 9205 9214 9213
f 9206 9207 9215
f 9206 9215 9214
f 9207 9208 9216
f 9207 9216 9215
f 9208 9201 9209
f 9208 9209 9216
f 9201 9203 9202
f 9209 9210 9211
f 9201 9204 9203
f 9209 9211 9212
f 9201 9205 9204
f 9209 9212 9213
f 9201 9206 9205
f 9209 9213 9214
f 9201 9207 9206
f 9209 9214 9215
f 9201 9208 9207
f 9209 9215 9216
f 9217 9218 9226
f 9217 9226 9225
f 9218 9219 9227
f 9218 9227 9226
f 9219 9220 9228
f 9219 9228 9227
f 9220 9221 9229
f 9220 9229 9228
f 9221 9222 9230
f 9221 9230 9229
f 9222 9223 9231
f 9222 9231 9230
f 9223 9224 9232
f 9223 9232 9231
f 9224 9217 9225
f 9224 9225 9232
f 9217 9219 9218
f 9225 9226 9227
f 9217 9220 9219
f 9225 9227 9228
f 9217 9221 9220
f 9225 9228 9229
f 9217 9222 9221
f 9225 9229 9230
f 9217 9223 9222
f 9225 9230 9231
f 9217 9224 9223
f 9225 9231 9232
f 9233 9234 9242
f 9233 9242 9241
f 9234 9235 9243
f 9234 9243 9242
f 9235 9236 9244
f 9235 9244 9243
f 9236 9237 9245
f 9236 9245 9244
f 9237 9238 9246
f 9237 9246 9245
f 9238 9239 9247
f 9238 9247 9246
f 9239 9240 9248
f 9239 9248 9247
f 9240 9233 9241
f 9240 9241 9248
f 9233 9235 9234
f 9241 9242 9243
f 9233 9236 9235
f 9241 9243 9244
f 9233 9237 9236
f 9241 9244 9245
f 9233 9238 9237
f 9241 9245 9246
f 9233 9239 9238
f 9241 9246 9247
f 9233 9240 9239
f 9241 9247 9248
f 9249 9250 9258
f 9249 9258 9257
f 9250 9251 9259
f 9250 9259 9258
f 9251 9252 9260
f 9251 9260 9259
f 9252 9253 9261
f 9252 9261 9260
f 9253 9254 9262
f 9253 9262 9261
f 9254 9255 9263
f 9254 9263 9262
f 9255 9256 9264
f 9255 9264 9263
f 9256 9249 9257
f 9256 9257 9264
f 9249 9251 9250
f 9257 9258 9259
f 9249 9252 9251
f 9257 9259 9260
f 9249 9253 9252
f 9257 9260 9261
f 9249 9254 9253
f 9257 9261 9262
f 9249 9255 9254
f 9257 9262 9263
f 9249 9256 9255
f 9257 9263 9264
f 9265 9266 9274
f 9265 9274 9273
f 9266 9267 9275
f 9266 9275 9274
f 9267 9268 9276
f 9267 9276 9275
f 9268 9269 9277
f 9268 9277 9276
f 9269 9270 9278
f 9269 9278 9277
f 9270 9271 9279
f 9270 9279 9278
f 9271 9272 9280
f 9271 9280 9279
f 9272 9265 9273
f 9272 9273 9280
f 9265 9267 9266
f 9273 9274 9275
f 9265 9268 9267
f 9273 9275 9276
f 9265 9269 9268
f 9273 9276 9277
f 9265 9270 9269
f 9273 9277 9278
f 9265 9271 9270
f 9273 9278 9279
f 9265 9272 9271
f 9273 9279 9280
f 9281 9282 9290
f 9281 9290 9289
f 9282 9283 9291
f 9282 9291 9290
f 9283 9284 9292
f 9283 9292 9291
f 9284 9285 9293
f 9284 9293 9292
f 9285 9286 9294
f 9285 9294 9293
f 9286 9287 9295
f 9286 9295 9294
f 9287 9288 9296
f 9287 9296 9295
f 9288 9281 9289
f 9288 9289 9296
f 9281 9283 9282
f 9289 9290 9291
f 9281 9284 9283
f 9289 9291 9292
f 9281 9285 9284
f 9289 9292 9293
f 9281 9286 9285
f 9289 9293 9294
f 9281 9287 9286
f 9289 9294 9295
f 9281 9288 9287
f 9289 9295 9296
f 9297 9298 9306
f 9297 9306 9305
f 9298 9299 9307
f 9298 9307 9306
f 9299 9300 9308
f 9299 9308 9307
f 9300 9301 9309
f 9300 9309 9308
f 9301 9302 9310
f 9301 9310 9309
f 9302 9303 9311
f 9302 9311 9310
f 9303 9304 9312
f 9303 9312 9311
f 9304 9297 9305
f 9304 9305 9312
f 9297 9299 9298
f 9305 9306 9307
f 9297 9300 9299
f 9305 9307 9308
f 9297 9301 9300
f 9305 9308 9309
f 9297 9302 9301
f 9305 9309 9310
f 9297 9303 9302
f 9305 9310 9311
f 9297 9304 9303
f 9305 9311 9312
f 9313 9314 9322
f 9313 9322 9321
f 9314 9315 9323
f 9314 9323 9322
f 9315 9316 9324
f 9315 9324 9323
f 9316 9317 9325
f 9316 9325 9324
f 9317 9318 9326
f 9317 9326 9325
f 9318 9319 9327
f 9318 9327 9326
f 9319 9320 9328
f 9319 9328 9327
f 9320 9313 9321
f 9320 9321 9328
f 9313 9315 9314
f 9321 9322 9323
f 9313 9316 9315
f 9321 9323 9324
f 9313 9317 9316
f 9321 9324 9325
f 9313 9318 9317
f 9321 9325 9326
f 9313 9319 9318
f 9321 9326 9327
f 9313 9320 9319
f 9321 9327 9328
f 9329 9330 9338
f 9329 9338 9337
f 9330 9331 9339
f 9330 9339 9338
f 9331 9332 9340
f 9331 9340 9339
f 9332 9333 9341
f 9332 9341 9340
f 9333 9334 9342
f 9333 9342 9341
f 9334 9335 9343
f 9334 9343 9342
f 9335 9336 9344
f 9335 9344 9343
f 9336 9329 9337
f 9336 9337 9344
f 9329 9331 9330
f 9337 9338 9339
f 9329 9332 9331
f 9337 9339 9340
f 9329 9333 9332
f 9337 9340 9341
f 9329 9334 9333
f 9337 9341 9342
f 9329 9335 9334
f 9337 9342 9343
f 9329 9336 9335
f 9337 9343 9344
f 9345 9346 9354
f 9345 9354 9353
f 9346 9347 9355
f 9346 9355 9354
f 9347 9348 9356
f 9347 9356 9355
f 9348 9349 9357
f 9348 9357 9356
f 9349 9350 9358
f 9349 9358 9357
f 9350 9351 9359
f 9350 9359 9358
f 9351 9352 9360
f 9351 9360 9359
f 9352 9345 9353
f 9352 9353 9360
f 9345 9347 9346
f 9353 9354 9355
f 9345 9348 9347
f 9353 9355 9356
f 9345 9349 9348
f 9353 9356 9357
f 9345 9350 9349
f 9353 9357 9358
f 9345 9351 9350
f 9353 9358 9359
f 9345 9352 9351
f 9353 9359 9360
f 9361 9362 9370
f 9361 9370 9369
f 9362 9363 9371
f 9362 9371 9370
f 9363 9364 9372
f 9363 9372 9371
f 9364 9365 9373
f 9364 9373 9372
f 9365 9366 9374
f 9365 9374 9373
f 9366 9367 9375
f 9366 9375 9374
f 9367 9368 9376
f 9367 9376 9375
f 9368 9361 9369
f 9368 9369 9376
f 9361 9363 9362
f 9369 9370 9371
f 9361 9364 9363
f 9369 9371 9372
f 9361 9365 9364
f 9369 9372 9373
f 9361 9366 9365
f 9369 9373 9374
f 9361 9367 9366
f 9369 9374 9375
f 9361 9368 9367
f 9369 9375 9376
f 9377 9378 9386
f 9377 9386 9385
f 9378 9379 9387
f 9378 9387 9386
f 9379 9380 9388
f 9379 9388 9387
f 9380 9381 9389
f 9380 9389 9388
f 9381 9382 9390
f 9381 9390 9389
f 9382 9383 9391
f 9382 9391 9390
f 9383 9384 9392
f 9383 9392 9391
f 9384 9377 9385
f 9384 9385 9392
f 9377 9379 9378
f 9385 9386 9387
f 9377 9380 9379
f 9385 9387 9388
f 9377 9381 9380
f 9385 9388 9389
f 9377 9382 9381
f 9385 9389 9390
f 9377 9383 9382
f 9385 9390 9391
f 9377 9384 9383
f 9385 9391 9392
f 9393 9394 9402
f 9393 9402 9401
f 9394 9395 9403
f 9394 9403 9402
f 9395 9396 9404
f 9395 9404 9403
f 9396 9397 9405
f 9396 9405 9404
f 9397 9398 9406
f 9397 9406 9405
f 9398 9399 9407
f 9398 9407 9406
f 9399 9400 9408
f 9399 9408 9407
f 9400 9393 9401
f 9400 9401 9408
f 9393 9395 9394
f 9401 9402 9403
f 9393 9396 9395
f 9401 9403 9404
f 9393 9397 9396
f 9401 9404 9405
f 9393 9398 9397
f 9401 9405 9406
f 9393 9399 9398
f 9401 9406 9407
f 9393 9400 9399
f 9401 9407 9408
f 9409 9410 9418
f 9409 9418 9417
f 9410 9411 9419
f 9410 9419 9418
f 9411 9412 9420
f 9411 9420 9419
f 9412 9413 9421
f 9412 9421 9420
f 9413 9414 9422
f 9413 9422 9421
f 9414 9415 9423
f 9414 9423 9422
f 9415 9416 9424
f 9415 9424 9423
f 9416 9409 9417
f 9416 9417 9424
f 9409 9411 9410
f 9417 9418 9419
f 9409 9412 9411
f 9417 9419 9420
f 9409 9413 9412
f 9417 9420 9421
f 9409 9414 9413
f 9417 9421 9422
f 9409 9415 9414
f 9417 9422 9423
f 9409 9416 9415
f 9417 9423 9424
f 9425 9426 9434
f 9425 9434 9433
f 9426 9427 9435
f 9426 9435 9434
f 9427 9428 9436
f 9427 9436 9435
f 9428 9429 9437
f 9428 9437 9436
f 9429 9430 9438
f 9429 9438 9437
f 9430 9431 9439
f 9430 9439 9438
f 9431 9432 9440
f 9431 9440 9439
f 9432 9425 9433
f 9432 9433 9440
f 9425 9427 9426
f 9433 9434 9435
f 9425 9428 9427
f 9433 9435 9436
f 9425 9429 9428
f 9433 9436 9437
f 9425 9430 9429
f 9433 9437 9438
f 9425 9431 9430
f 9433 9438 9439
f 9425 9432 9431
f 9433 9439 9440
f 9441 9442 9450
f 9441 9450 9449
f 9442 9443 9451
f 9442 9451 9450
f 9443 9444 9452
f 9443 9452 9451
f 9444 9445 9453
f 9444 9453 9452
f 9445 9446 9454
f 9445 9454 9453
f 9446 9447 9455
f 9446 9455 9454
f 9447 9448 9456
f 9447 9456 9455
f 9448 9441 9449
f 9448 9449 9456
f 9441 9443 9442
f 9449 9450 9451
f 9441 9444 9443
f 9449 9451 9452
f 9441 9445 9444
f 9449 9452 9453
f 9441 9446 9445
f 9449 9453 9454
f 9441 9447 9446
f 9449 9454 9455
f 9441 9448 9447
f 9449 9455 9456
f 9457 9458 9466
f 9457 9466 9465
f 9458 9459 9467
f 9458 9467 9466
f 9459 9460 9468
f 9459 9468 9467
f 9460 9461 9469
f 9460 9469 9468
f 9461 9462 9470
f 9461 9470 9469
f 9462 9463 9471
f 9462 9471 9470
f 9463 9464 9472
f 9463 9472 9471
f 9464 9457 9465
f 9464 9465 9472
f 9457 9459 9458
f 9465 9466 9467
f 9457 9460 9459
f 9465 9467 9468
f 9457 9461 9460
f 9465 9468 9469
f 9457 9462 9461
f 9465 9469 9470
f 9457 9463 9462
f 9465 9470 9471
f 9457 9464 9463
f 9465 9471 9472
f 9473 9474 9482
f 9473 9482 9481
f 9474 9475 9483
f 9474 9483 9482
f 9475 9476 9484
f 9475 9484 9483
f 9476 9477 9485
f 9476 9485 9484
f 9477 9478 9486
f 9477 9486 9485
f 9478 9479 9487
f 9478 9487 9486
f 9479 9480 9488
f 9479 9488 9487
f 9480 9473 9481
f 9480 9481 9488
f 9473 9475 9474
f 9481 9482 9483
f 9473 9476 9475
f 9481 9483 9484
f 9473 9477 9476
f 9481 9484 9485
f 9473 9478 9477
f 9481 9485 9486
f 9473 9479 9478
f 9481 9486 9487
f 9473 9480 9479
f 9481 9487 9488
f 9489 9490 9498
f 9489 9498 9497
f 9490 9491 9499
f 9490 9499 9498
f 9491 9492 9500
f 9491 9500 9499
f 9492 9493 9501
f 9492 9501 9500
f 9493 9494 9502
f 9493 9502 9501
f 9494 9495 9503
f 9494 9503 9502
f 9495 9496 9504
f 9495 9504 9503
f 9496 9489 9497
f 9496 9497 9504
f 9489 9491 9490
f 9497 9498 9499
f 9489 9492 9491
f 9497 9499 9500
f 9489 9493 9492
f 9497 9500 9501
f 9489 9494 9493
f 9497 9501 9502
f 9489 9495 9494
f 9497 9502 9503
f 9489 9496 9495
f 9497 9503 9504
f 9505 9506 9514
f 9505 9514 9513
f 9506 9507 9515
f 9506 9515 9514
f 9507 9508 9516
f 9507 9516 9515
f 9508 9509 9517
f 9508 9517 9516
f 9509 9510 9518
f 9509 9518 9517
f 9510 9511 9519
f 9510 9519 9518
f 9511 9512 9520
f 9511 9520 9519
f 9512 9505 9513
f 9512 9513 9520
f 9505 9507 9506
f 9513 9514 9515
f 9505 9508 9507
f 9513 9515 9516
f 9505 9509 9508
f 9513 9516 9517
f 9505 9510 9509
f 9513 9517 9518
f 9505 9511 9510
f 9513 9518 9519
f 9505 9512 9511
f 9513 9519 9520
f 9521 9522 9530
f 9521 9530 9529
f 9522 9523 9531
f 9522 9531 9530
f 9523 9524 9532
f 9523 9532 9531
f 9524 9525 9533
f 9524 9533 9532
f 9525 9526 9534
f 9525 9534 9533
f 9526 9527 9535
f 9526 9535 9534
f 9527 9528 9536
f 9527 9536 9535
f 9528 9521 9529
f 9528 9529 9536
f 9521 9523 9522
f 9529 9530 9531
f 9521 9524 9523
f 9529 9531 9532
f 9521 9525 9524
f 9529 9532 9533
f 9521 9526 9525
f 9529 9533 9534
f 9521 9527 9526
f 9529 9534 9535
f 9521 9528 9527
f 9529 9535 9536
f 9537 9538 9546
f 9537 9546 9545
f 9538 9539 9547
f 9538 9547 9546
f 9539 9540 9548
f 9539 9548 9547
f 9540 9541 9549
f 9540 9549 9548
f 9541 9542 9550
f 9541 9550 9549
f 9542 9543 9551
f 9542 9551 9550
f 9543 9544 9552
f 9543 9552 9551
f 9544 9537 9545
f 9544 9545 9552
f 9537 9539 9538
f 9545 9546 9547
f 9537 9540 9539
f 9545 9547 9548
f 9537 9541 9540
f 9545 9548 9549
f 9537 9542 9541
f 9545 9549 9550
f 9537 9543 9542
f 9545 9550 9551
f 9537 9544 9543
f 9545 9551 9552
f 9553 9554 9562
f 9553 9562 9561
f 9554 9555 9563
f 9554 9563 9562
f 9555 9556 9564
f 9555 9564 9563
f 9556 9557 9565
f 9556 9565 9564
f 9557 9558 9566
f 9557 9566 9565
f 9558 9559 9567
f 9558 9567 9566
f 9559 9560 9568
f 9559 9568 9567
f 9560 9553 9561
f 9560 9561 9568
f 9553 9555 9554
f 9561 9562 9563
f 9553 9556 9555
f 9561 9563 9564
f 9553 9557 9556
f 9561 9564 9565
f 9553 9558 9557
f 9561 9565 9566
f 9553 9559 9558
f 9561 9566 9567
f 9553 9560 9559
f 9561 9567 9568
f 9569 9570 9578
f 9569 9578 9577
f 9570 9571 9579
f 9570 9579 9578
f 9571 9572 9580
f 9571 9580 9579
f 9572 9573 9581
f 9572 9581 9580
f 9573 9574 9582
f 9573 9582 9581
f 9574 9575 9583
f 9574 9583 9582
f 9575 9576 9584
f 9575 9584 9583
f 9576 9569 9577
f 9576 9577 9584
f 9569 9571 9570
f 9577 9578 9579
f 9569 9572 9571
f 9577 9579 9580
f 9569 9573 9572
f 9577 9580 9581
f 9569 9574 9573
f 9577 9581 9582
f 9569 9575 9574
f 9577 9582 9583
f 9569 9576 9575
f 9577 9583 9584
f 9585 9586 9594
f 9585 9594 9593
f 9586 9587 9595
f 9586 9595 9594
f 9587 9588 9596
f 9587 9596 9595
f 9588 9589 9597
f 9588 9597 9596
f 9589 9590 9598
f 9589 9598 9597
f 9590 9591 9599
f 9590 9599 9598
f 9591 9592 9600
f 9591 9600 9599
f 9592 9585 9593
f 9592 9593 9600
f 9585 9587 9586
f 9593 9594 9595
f 9585 9588 9587
f 9593 9595 9596
f 9585 9589 9588
f 9593 9596 9597
f 9585 9590 9589
f 9593 9597 9598
f 9585 9591 9590
f 9593 9598 9599
f 9585 9592 9591
f 9593 9599 9600
f 9601 9602 9610
f 9601 9610 9609
f 9602 9603 9611
f 9602 9611 9610
f 9603 9604 9612
f 9603 9612 9611
f 9604 9605 9613
f 9604 9613 9612
f 9605 9606 9614
f 9605 9614 9613
f 9606 9607 9615
f 9606 9615 9614
f 9607 9608 9616
f 9607 9616 9615
f 9608 9601 9609
f 9608 9609 9616
f 9601 9603 9602
f 9609 9610 9611
f 9601 9604 9603
f 9609 9611 9612
f 9601 9605 9604
f 9609 9612 9613
f 9601 9606 9605
f 9609 9613 9614
f 9601 9607 9606
f 9609 9614 9615
f 9601 9608 9607
f 9609 9615 9616
f 9617 9618 9626
f 9617 9626 9625
f 9618 9619 9627
f 9618 9627 9626
f 9619 9620 9628
f 9619 9628 9627
f 9620 9621 9629
f 9620 9629 9628
f 9621 9622 9630
f 9621 9630 9629
f 9622 9623 9631
f 9622 9631 9630
f 9623 9624 9632
f 9623 9632 9631
f 9624 9617 9625
f 9624 9625 9632
f 9617 9619 9618
f 9625 9626 9627
f 9617 9620 9619
f 9625 9627 9628
f 9617 9621 9620
f 9625 9628 9629
f 9617 9622 9621
f 9625 9629 9630
f 9617 9623 9622
f 9625 9630 9631
f 9617 9624 9623
f 9625 9631 9632
f 9633 9634 9642
f 9633 9642 9641
f 9634 9635 9643
f 9634 9643 9642
f 9635 9636 9644
f 9635 9644 9643
f 9636 9637 9645
f 9636 9645 9644
f 9637 9638 9646
f 9637 9646 9645
f 9638 9639 9647
f 9638 9647 9646
f 9639 9640 9648
f 9639 9648 9647
f 9640 9633 9641
f 9640 9641 9648
f 9633 9635 9634
f 9641 9642 9643
f 9633 9636 9635
f 9641 9643 9644
f 9633 9637 9636
f 9641 9644 9645
f 9633 9638 9637
f 9641 9645 9646
f 9633 9639 9638
f 9641 9646 9647
f 9633 9640 9639
f 9641 9647 9648
f 9649 9650 9658
f 9649 9658 9657
f 9650 9651 9659
f 9650 9659 9658
f 9651 9652 9660
f 9651 9660 9659
f 9652 9653 9661
f 9652 9661 9660
f 9653 9654 9662
f 9653 9662 9661
f 9654 9655 9663
f 9654 9663 9662
f 9655 9656 9664
f 9655 9664 9663
f 9656 9649 9657
f 9656 9657 9664
f 9649 9651 9650
f 9657 9658 9659
f 9649 9652 9651
f 9657 9659 9660
f 9649 9653 9652
f 9657 9660 9661
f 9649 9654 9653
f 9657 9661 9662
f 9649 9655 9654
f 9657 9662 9663
f 9649 9656 9655
f 9657 9663 9664
f 9665 9666 9674
f 9665 9674 9673
f 9666 9667 9675
f 9666 9675 9674
f 9667 9668 9676
f 9667 9676 9675
f 9668 9669 9677
f 9668 9677 9676
f 9669 9670 9678
f 9669 9678 9677
f 9670 9671 9679
f 9670 9679 9678
f 9671 9672 9680
f 9671 9680 9679
f 9672 9665 9673
f 9672 9673 9680
f 9665 9667 9666
f 9673 9674 9675
f 9665 9668 9667
f 9673 9675 9676
f 9665 9669 9668
f 9673 9676 9677
f 9665 9670 9669
f 9673 9677 9678
f 9665 9671 9670
f 9673 9678 9679
f 9665 9672 9671
f 9673 9679 9680
f 9681 9682 9690
f 9681 9690 9689
f 9682 9683 9691
f 9682 9691 9690
f 9683 9684 9692
f 9683 9692 9691
f 9684 9685 9693
f 9684 9693 9692
f 9685 9686 9694
f 9685 9694 9693
f 9686 9687 9695
f 9686 9695 9694
f 9687 9688 9696
f 9687 9696 9695
f 9688 9681 9689
f 9688 9689 9696
f 9681 9683 9682
f 9689 9690 9691
f 9681 9684 9683
f 9689 9691 9692
f 9681 9685 9684
f 9689 9692 9693
f 9681 9686 9685
f 9689 9693 9694
f 9681 9687 9686
f 9689 9694 9695
f 9681 9688 9687
f 9689 9695 9696
f 9697 9698 9706
f 9697 9706 9705
f 9698 9699 9707
f 9698 9707 9706
f 9699 9700 9708
f 9699 9708 9707
f 9700 9701 9709
f 9700 9709 9708
f 9701 9702 9710
f 9701 9710 9709
f 9702 9703 9711
f 9702 9711 9710
f 9703 9704 9712
f 9703 9712 9711
f 9704 9697 9705
f 9704 9705 9712
f 9697 9699 9698
f 9705 9706 9707
f 9697 9700 9699
f 9705 9707 9708
f 9697 9701 9700
f 9705 9708 9709
f 9697 9702 9701
f 9705 9709 9710
f 9697 9703 9702
f 9705 9710 9711
f 9697 9704 9703
f 9705 9711 9712
f 9713 9714 9722
f 9713 9722 9721
f 9714 9715 9723
f 9714 9723 9722
f 9715 9716 9724
f 9715 9724 9723
f 9716 9717 9725
f 9716 9725 9724
f 9717 9718 9726
f 9717 9726 9725
f 9718 9719 9727
f 9718 9727 9726
f 9719 9720 9728
f 9719 9728 9727
f 9720 9713 9721
f 9720 9721 9728
f 9713 9715 9714
f 9721 9722 9723
f 9713 9716 9715
f 9721 9723 9724
f 9713 9717 9716
f 9721 9724 9725
f 9713 9718 9717
f 9721 9725 9726
f 9713 9719 9718
f 9721 9726 9727
f 9713 9720 9719
f 9721 9727 9728
f 9729 9730 9738
f 9729 9738 9737
f 9730 9731 9739
f 9730 9739 9738
f 9731 9732 9740
f 9731 9740 9739
f 9732 9733 9741
f 9732 9741 9740
f 9733 9734 9742
f 9733 9742 9741
f 9734 9735 9743
f 9734 9743 9742
f 9735 9736 9744
f 9735 9744 9743
f 9736 9729 9737
f 9736 9737 9744
f 9729 9731 9730
f 9737 9738 9739
f 9729 9732 9731
f 9737 9739 9740
f 9729 9733 9732
f 9737 9740 9741
f 9729 9734 9733
f 9737 9741 9742
f 9729 9735 9734
f 9737 9742 9743
f 9729 9736 9735
f 9737 9743 9744
f 9745 9746 9754
f 9745 9754 9753
f 9746 9747 9755
f 9746 9755 9754
f 9747 9748 9756
f 9747 9756 9755
f 9748 9749 9757
f 9748 9757 9756
f 9749 9750 9758
f 9749 9758 9757
f 9750 9751 9759
f 9750 9759 9758
f 9751 9752 9760
f 9751 9760 9759
f 9752 9745 9753
f 9752 9753 9760
f 9745 9747 9746
f 9753 9754 9755
f 9745 9748 9747
f 9753 9755 9756
f 9745 9749 9748
f 9753 9756 9757
f 9745 9750 9749
f 9753 9757 9758
f 9745 9751 9750
f 9753 9758 9759
f 9745 9752 9751
f 9753 9759 9760
f 9761 9762 9770
f 9761 9770 9769
f 9762 9763 9771
f 9762 9771 9770
f 9763 9764 9772
f 9763 9772 9771
f 9764 9765 9773
f 9764 9773 9772
f 9765 9766 9774
f 9765 9774 9773
f 9766 9767 9775
f 9766 9775 9774
f 9767 9768 9776
f 9767 9776 9775
f 9768 9761 9769
f 9768 9769 9776
f 9761 9763 9762
f 9769 9770 9771
f 9761 9764 9763
f 9769 9771 9772
f 9761 9765 9764
f 9769 9772 9773
f 9761 9766 9765
f 9769 9773 9774
f 9761 9767 9766
f 9769 9774 9775
f 9761 9768 9767
f 9769 9775 9776
f 9777 9778 9786
f 9777 9786 9785
f 9778 9779 9787
f 9778 9787 9786
f 9779 9780 9788
f 9779 9788 9787
f 9780 9781 9789
f 9780 9789 9788
f 9781 9782 9790
f 9781 9790 9789
f 9782 9783 9791
f 9782 9791 9790
f 9783 9784 9792
f 9783 9792 9791
f 9784 9777 9785
f 9784 9785 9792
f 9777 9779 9778
f 9785 9786 9787
f 9777 9780 9779
f 9785 9787 9788
f 9777 9781 9780
f 9785 9788 9789
f 9777 9782 9781
f 9785 9789 9790
f 9777 9783 9782
f 9785 9790 9791
f 9777 9784 9783
f 9785 9791 9792
f 9793 9794 9802
f 9793 9802 9801
f 9794 9795 9803
f 9794 9803 9802
f 9795 9796 9804
f 9795 9804 9803
f 9796 9797 9805
f 9796 9805 9804
f 9797 9798 9806
f 9797 9806 9805
f 9798 9799 9807
f 9798 9807 9806
f 9799 9800 9808
f 9799 9808 9807
f 9800 9793 9801
f 9800 9801 9808
f 9793 9795 9794
f 9801 9802 9803
f 9793 9796 9795
f 9801 9803 9804
f 9793 9797 9796
f 9801 9804 9805
f 9793 9798 9797
f 9801 9805 9806
f 9793 9799 9798
f 9801 9806 9807
f 9793 9800 9799
f 9801 9807 9808
f 9809 9810 9818
f 9809 9818 9817
f 9810 9811 9819
f 9810 9819 9818
f 9811 9812 9820
f 9811 9820 9819
f 9812 9813 9821
f 9812 9821 9820
f 9813 9814 9822
f 9813 9822 9821
f 9814 9815 9823
f 9814 9823 9822
f 9815 9816 9824
f 9815 9824 9823
f 9816 9809 9817
f 9816 9817 9824
f 9809 9811 9810
f 9817 9818 9819
f 9809 9812 9811
f 9817 9819 9820
f 9809 9813 9812
f 9817 9820 9821
f 9809 9814 9813
f 9817 9821 9822
f 9809 9815 9814
f 9817 9822 9823
f 9809 9816 9815
f 9817 9823 9824
f 9825 9826 9834
f 9825 9834 9833
f 9826 9827 9835
f 9826 9835 9834
f 9827 9828 9836
f 9827 9836 9835
f 9828 9829 9837
f 9828 9837 9836
f 9829 9830 9838
f 9829 9838 9837
f 9830 9831 9839
f 9830 9839 9838
f 9831 9832 9840
f 9831 9840 9839
f 9832 9825 9833
f 9832 9833 9840
f 9825 9827 9826
f 9833 9834 9835
f 9825 9828 9827
f 9833 9835 9836
f 9825 9829 9828
f 9833 9836 9837
f 9825 9830 9829
f 9833 9837 9838
f 9825 9831 9830
f 9833 9838 9839
f 9825 9832 9831
f 9833 9839 9840
f 9841 9842 9850
f 9841 9850 9849
f 9842 9843 9851
f 9842 9851 9850
f 9843 9844 9852
f 9843 9852 9851
f 9844 9845 9853
f 9844 9853 9852
f 9845 9846 9854
f 9845 9854 9853
f 9846 9847 9855
f 9846 9855 9854
f 9847 9848 9856
f 9847 9856 9855
f 9848 9841 9849
f 9848 9849 9856
f 9841 9843 9842
f 9849 9850 9851
f 9841 9844 9843
f 9849 9851 9852
f 9841 9845 9844
f 9849 9852 9853
f 9841 9846 9845
f 9849 9853 9854
f 9841 9847 9846
f 9849 9854 9855
f 9841 9848 9847
f 9849 9855 9856
f 9857 9858 9866
f 9857 9866 9865
f 9858 9859 9867
f 9858 9867 9866
f 9859 9860 9868
f 9859 9868 9867
f 9860 9861 9869
f 9860 9869 9868
f 9861 9862 9870
f 9861 9870 9869
f 9862 9863 9871
f 9862 9871 9870
f 9863 9864 9872
f 9863 9872 9871
f 9864 9857 9865
f 9864 9865 9872
f 9857 9859 9858
f 9865 9866 9867
f 9857 9860 9859
f 9865 9867 9868
f 9857 9861 9860
f 9865 9868 9869
f 9857 9862 9861
f 9865 9869 9870
f 9857 9863 9862
f 9865 9870 9871
f 9857 9864 9863
f 9865 9871 9872
f 9873 9874 9882
f 9873 9882 9881
f 9874 9875 9883
f 9874 9883 9882
f 9875 9876 9884
f 9875 9884 9883
f 9876 9877 9885
f 9876 9885 9884
f 9877 9878 9886
f 9877 9886 9885
f 9878 9879 9887
f 9878 9887 9886
f 9879 9880 9888
f 9879 9888 9887
f 9880 9873 9881
f 9880 9881 9888
f 9873 9875 9874
f 9881 9882 9883
f 9873 9876 9875
f 9881 9883 9884
f 9873 9877 9876
f 9881 9884 9885
f 9873 9878 9877
f 9881 9885 9886
f 9873 9879 9878
f 9881 9886 9887
f 9873 9880 9879
f 9881 9887 9888
f 9889 9890 9898
f 9889 9898 9897
f 9890 9891 9899
f 9890 9899 9898
f 9891 9892 9900
f 9891 9900 9899
f 9892 9893 9901
f 9892 9901 9900
f 9893 9894 9902
f 9893 9902 9901
f 9894 9895 9903
f 9894 9903 9902
f 9895 9896 9904
f 9895 9904 9903
f 9896 9889 9897
f 9896 9897 9904
f 9889 9891 9890
f 9897 9898 9899
f 9889 9892 9891
f 9897 9899 9900
f 9889 9893 9892
f 9897 9900 9901
f 9889 9894 9893
f 9897 9901 9902
f 9889 9895 9894
f 9897 9902 9903
f 9889 9896 9895
f 9897 9903 9904
f 9905 9906 9914
f 9905 9914 9913
f 9906 9907 9915
f 9906 9915 9914
f 9907 9908 9916
f 9907 9916 9915
f 9908 9909 9917
f 9908 9917 9916
f 9909 9910 9918
f 9909 9918 9917
f 9910 9911 9919
f 9910 9919 9918
f 9911 9912 9920
f 9911 9920 9919
f 9912 9905 9913
f 9912 9913 9920
f 9905 9907 9906
f 9913 9914 9915
f 9905 9908 9907
f 9913 9915 9916
f 9905 9909 9908
f 9913 9916 9917
f 9905 9910 9909
f 9913 9917 9918
f 9905 9911 9910
f 9913 9918 9919
f 9905 9912 9911
f 9913 9919 9920
f 9921 9922 9930
f 9921 9930 9929
f 9922 9923 9931
f 9922 9931 9930
f 9923 9924 9932
f 9923 9932 9931
f 9924 9925 9933
f 9924 9933 9932
f 9925 9926 9934
f 9925 9934 9933
f 9926 9927 9935
f 9926 9935 9934
f 9927 9928 9936
f 9927 9936 9935
f 9928 9921 9929
f 9928 9929 9936
f 9921 9923 9922
f 9929 9930 9931
f 9921 9924 9923
f 9929 9931 9932
f 9921 9925 9924
f 9929 9932 9933
f 9921 9926 9925
f 9929 9933 9934
f 9921 9927 9926
f 9929 9934 9935
f 9921 9928 9927
f 9929 9935 9936
f 9937 9938 9946
f 9937 9946 9945
f 9938 9939 9947
f 9938 9947 9946
f 9939 9940 9948
f 9939 9948 9947
f 9940 9941 9949
f 9940 9949 9948
f 9941 9942 9950
f 9941 9950 9949
f 9942 9943 9951
f 9942 9951 9950
f 9943 9944 9952
f 9943 9952 9951
f 9944 9937 9945
f 9944 9945 9952
f 9937 9939 9938
f 9945 9946 9947
f 9937 9940 9939
f 9945 9947 9948
f 9937 9941 9940
f 9945 9948 9949
f 9937 9942 9941
f 9945 9949 9950
f 9937 9943 9942
f 9945 9950 9951
f 9937 9944 9943
f 9945 9951 9952
f 9953 9954 9962
f 9953 9962 9961
f 9954 9955 9963
f 9954 9963 9962
f 9955 9956 9964
f 9955 9964 9963
f 9956 9957 9965
f 9956 9965 9964
f 9957 9958 9966
f 9957 9966 9965
f 9958 9959 9967
f 9958 9967 9966
f 9959 9960 9968
f 9959 9968 9967
f 9960 9953 9961
f 9960 9961 9968
f 9953 9955 9954
f 9961 9962 9963
f 9953 9956 9955
f 9961 9963 9964
f 9953 9957 9956
f 9961 9964 9965
f 9953 9958 9957
f 9961 9965 9966
f 9953 9959 9958
f 9961 9966 9967
f 9953 9960 9959
f 9961 9967 9968
f 9969 9970 9978
f 9969 9978 9977
f 9970 9971 9979
f 9970 9979 9978
f 9971 9972 9980
f 9971 9980 9979
f 9972 9973 9981
f 9972 9981 9980
f 9973 9974 9982
f 9973 9982 9981
f 9974 9975 9983
f 9974 9983 9982
f 9975 9976 9984
f 9975 9984 9983
f 9976 9969 9977
f 9976 9977 9984
f 9969 9971 9970
f 9977 9978 9979
f 9969 9972 9971
f 9977 9979 9980
f 9969 9973 9972
f 9977 9980 9981
f 9969 9974 9973
f 9977 9981 9982
f 9969 9975 9974
f 9977 9982 9983
f 9969 9976 9975
f 9977 9983 9984
f 9985 9986 9994
f 9985 9994 9993
f 9986 9987 9995
f 9986 9995 9994
f 9987 9988 9996
f 9987 9996 9995
f 9988 9989 9997
f 9988 9997 9996
f 9989 9990 9998
f 9989 9998 9997
f 9990 9991 9999
f 9990 9999 9998
f 9991 9992 10000
f 9991 10000 9999
f 9992 9985 9993
f 9992 9993 10000
f 9985 9987 9986
f 9993 9994 9995
f 9985 9988 9987
f 9993 9995 9996
f 9985 9989 9988
f 9993 9996 9997
f 9985 9990 9989
f 9993 9997 9998
f 9985 9991 9990
f 9993 9998 9999
f 9985 9992 9991
f 9993 9999 10000
f 10001 10002 10010
f 10001 10010 10009
f 10002 10003 10011
f 10002 10011 10010
f 10003 10004 10012
f 10003 10012 10011
f 10004 10005 10013
f 10004 10013 10012
f 10005 10006 10014
f 10005 10014 10013
f 10006 10007 10015
f 10006 10015 10014
f 10007 10008 10016
f 10007 10016 10015
f 10008 10001 10009
f 10008 10009 10016
f 10001 10003 10002
f 10009 10010 10011
f 10001 10004 10003
f 10009 10011 10012
f 10001 10005 10004
f 10009 10012 10013
f 10001 10006 10005
f 10009 10013 10014
f 10001 10007 10006
f 10009 10014 10015
f 10001 10008 10007
f 10009 10015 10016
f 10017 10018 10026
f 10017 10026 10025
f 10018 10019 10027
f 10018 10027 10026
f 10019 10020 10028
f 10019 10028 10027
f 10020 10021 10029
f 10020 10029 10028
f 10021 10022 10030
f 10021 10030 10029
f 10022 10023 10031
f 10022 10031 10030
f 10023 10024 10032
f 10023 10032 10031
f 10024 10017 10025
f 10024 10025 10032
f 10017 10019 10018
f 10025 10026 10027
f 10017 10020 10019
f 10025 10027 10028
f 10017 10021 10020
f 10025 10028 10029
f 10017 10022 10021
f 10025 10029 10030
f 10017 10023 10022
f 10025 10030 10031
f 10017 10024 10023
f 10025 10031 10032
f 10033 10034 10042
f 10033 10042 10041
f 10034 10035 10043
f 10034 10043 10042
f 10035 10036 10044
f 10035 10044 10043
f 10036 10037 10045
f 10036 10045 10044
f 10037 10038 10046
f 10037 10046 10045
f 10038 10039 10047
f 10038 10047 10046
f 10039 10040 10048
f 10039 10048 10047
f 10040 10033 10041
f 10040 10041 10048
f 10033 10035 10034
f 10041 10042 10043
f 10033 10036 10035
f 10041 10043 10044
f 10033 10037 10036
f 10041 10044 10045
f 10033 10038 10037
f 10041 10045 10046
f 10033 10039 10038
f 10041 10046 10047
f 10033 10040 10039
f 10041 10047 10048
f 10049 10050 10058
f 10049 10058 10057
f 10050 10051 10059
f 10050 10059 10058
f 10051 10052 10060
f 10051 10060 10059
f 10052 10053 10061
f 10052 10061 10060
f 10053 10054 10062
f 10053 10062 10061
f 10054 10055 10063
f 10054 10063 10062
f 10055 10056 10064
f 10055 10064 10063
f 10056 10049 10057
f 10056 10057 10064
f 10049 10051 10050
f 10057 10058 10059
f 10049 10052 10051
f 10057 10059 10060
f 10049 10053 10052
f 10057 10060 10061
f 10049 10054 10053
f 10057 10061 10062
f 10049 10055 10054
f 10057 10062 10063
f 10049 10056 10055
f 10057 10063 10064
f 10065 10066 10074
f 10065 10074 10073
f 10066 10067 10075
f 10066 10075 10074
f 10067 10068 10076
f 10067 10076 10075
f 10068 10069 10077
f 10068 10077 10076
f 10069 10070 10078
f 10069 10078 10077
f 10070 10071 10079
f 10070 10079 10078
f 10071 10072 10080
f 10071 10080 10079
f 10072 10065 10073
f 10072 10073 10080
f 10065 10067 10066
f 10073 10074 10075
f 10065 10068 10067
f 10073 10075 10076
f 10065 10069 10068
f 10073 10076 10077
f 10065 10070 10069
f 10073 10077 10078
f 10065 10071 10070
f 10073 10078 10079
f 10065 10072 10071
f 10073 10079 10080
f 10081 10082 10090
f 10081 10090 10089
f 10082 10083 10091
f 10082 10091 10090
f 10083 10084 10092
f 10083 10092 10091
f 10084 10085 10093
f 10084 10093 10092
f 10085 10086 10094
f 10085 10094 10093
f 10086 10087 10095
f 10086 10095 10094
f 10087 10088 10096
f 10087 10096 10095
f 10088 10081 10089
f 10088 10089 10096
f 10081 10083 10082
f 10089 10090 10091
f 10081 10084 10083
f 10089 10091 10092
f 10081 10085 10084
f 10089 10092 10093
f 10081 10086 10085
f 10089 10093 10094
f 10081 10087 10086
f 10089 10094 10095
f 10081 10088 10087
f 10089 10095 10096
f 10097 10098 10106
f 10097 10106 10105
f 10098 10099 10107
f 10098 10107 10106
f 10099 10100 10108
f 10099 10108 10107
f 10100 10101 10109
f 10100 10109 10108
f 10101 10102 10110
f 10101 10110 10109
f 10102 10103 10111
f 10102 10111 10110
f 10103 10104 10112
f 10103 10112 10111
f 10104 10097 10105
f 10104 10105 10112
f 10097 10099 10098
f 10105 10106 10107
f 10097 10100 10099
f 10105 10107 10108
f 10097 10101 10100
f 10105 10108 10109
f 10097 10102 10101
f 10105 10109 10110
f 10097 10103 10102
f 10105 10110 10111
f 10097 10104 10103
f 10105 10111 10112
f 10113 10114 10122
f 10113 10122 10121
f 10114 10115 10123
f 10114 10123 10122
f 10115 10116 10124
f 10115 10124 10123
f 10116 10117 10125
f 10116 10125 10124
f 10117 10118 10126
f 10117 10126 10125
f 10118 10119 10127
f 10118 10127 10126
f 10119 10120 10128
f 10119 10128 10127
f 10120 10113 10121
f 10120 10121 10128
f 10113 10115 10114
f 10121 10122 10123
f 10113 10116 10115
f 10121 10123 10124
f 10113 10117 10116
f 10121 10124 10125
f 10113 10118 10117
f 10121 10125 10126
f 10113 10119 10118
f 10121 10126 10127
f 10113 10120 10119
f 10121 10127 10128
f 10129 10130 10138
f 10129 10138 10137
f 10130 10131 10139
f 10130 10139 10138
f 10131 10132 10140
f 10131 10140 10139
f 10132 10133 10141
f 10132 10141 10140
f 10133 10134 10142
f 10133 10142 10141
f 10134 10135 10143
f 10134 10143 10142
f 10135 10136 10144
f 10135 10144 10143
f 10136 10129 10137
f 10136 10137 10144
f 10129 10131 10130
f 10137 10138 10139
f 10129 10132 10131
f 10137 10139 10140
f 10129 10133 10132
f 10137 10140 10141
f 10129 10134 10133
f 10137 10141 10142
f 10129 10135 10134
f 10137 10142 10143
f 10129 10136 10135
f 10137 10143 10144
f 10145 10146 10154
f 10145 10154 10153
f 10146 10147 10155
f 10146 10155 10154
f 10147 10148 10156
f 10147 10156 10155
f 10148 10149 10157
f 10148 10157 10156
f 10149 10150 10158
f 10149 10158 10157
f 10150 10151 10159
f 10150 10159 10158
f 10151 10152 10160
f 10151 10160 10159
f 10152 10145 10153
f 10152 10153 10160
f 10145 10147 10146
f 10153 10154 10155
f 10145 10148 10147
f 10153 10155 10156
f 10145 10149 10148
f 10153 10156 10157
f 10145 10150 10149
f 10153 10157 10158
f 10145 10151 10150
f 10153 10158 10159
f 10145 10152 10151
f 10153 10159 10160
f 10161 10162 10170
f 10161 10170 10169
f 10162 10163 10171
f 10162 10171 10170
f 10163 10164 10172
f 10163 10172 10171
f 10164 10165 10173
f 10164 10173 10172
f 10165 10166 10174
f 10165 10174 10173
f 10166 10167 10175
f 10166 10175 10174
f 10167 10168 10176
f 10167 10176 10175
f 10168 10161 10169
f 10168 10169 10176
f 10161 10163 10162
f 10169 10170 10171
f 10161 10164 10163
f 10169 10171 10172
f 10161 10165 10164
f 10169 10172 10173
f 10161 10166 10165
f 10169 10173 10174
f 10161 10167 10166
f 10169 10174 10175
f 10161 10168 10167
f 10169 10175 10176
f 10177 10178 10186
f 10177 10186 10185
f 10178 10179 10187
f 10178 10187 10186
f 10179 10180 10188
f 10179 10188 10187
f 10180 10181 10189
f 10180 10189 10188
f 10181 10182 10190
f 10181 10190 10189
f 10182 10183 10191
f 10182 10191 10190
f 10183 10184 10192
f 10183 10192 10191
f 10184 10177 10185
f 10184 10185 10192
f 10177 10179 10178
f 10185 10186 10187
f 10177 10180 10179
f 10185 10187 10188
f 10177 10181 10180
f 10185 10188 10189
f 10177 10182 10181
f 10185 10189 10190
f 10177 10183 10182
f 10185 10190 10191
f 10177 10184 10183
f 10185 10191 10192
f 10193 10194 10202
f 10193 10202 10201
f 10194 10195 10203
f 10194 10203 10202
f 10195 10196 10204
f 10195 10204 10203
f 10196 10197 10205
f 10196 10205 10204
f 10197 10198 10206
f 10197 10206 10205
f 10198 10199 10207
f 10198 10207 10206
f 10199 10200 10208
f 10199 10208 10207
f 10200 10193 10201
f 10200 10201 10208
f 10193 10195 10194
f 10201 10202 10203
f 10193 10196 10195
f 10201 10203 10204
f 10193 10197 10196
f 10201 10204 10205
f 10193 10198 10197
f 10201 10205 10206
f 10193 10199 10198
f 10201 10206 10207
f 10193 10200 10199
f 10201 10207 10208
f 10209 10210 10218
f 10209 10218 10217
f 10210 10211 10219
f 10210 10219 10218
f 10211 10212 10220
f 10211 10220 10219
f 10212 10213 10221
f 10212 10221 10220
f 10213 10214 10222
f 10213 10222 10221
f 10214 10215 10223
f 10214 10223 10222
f 10215 10216 10224
f 10215 10224 10223
f 10216 10209 10217
f 10216 10217 10224
f 10209 10211 10210
f 10217 10218 10219
f 10209 10212 10211
f 10217 10219 10220
f 10209 10213 10212
f 10217 10220 10221
f 10209 10214 10213
f 10217 10221 10222
f 10209 10215 10214
f 10217 10222 10223
f 10209 10216 10215
f 10217 10223 10224
f 10225 10226 10234
f 10225 10234 10233
f 10226 10227 10235
f 10226 10235 10234
f 10227 10228 10236
f 10227 10236 10235
f 10228 10229 10237
f 10228 10237 10236
f 10229 10230 10238
f 10229 10238 10237
f 10230 10231 10239
f 10230 10239 10238
f 10231 10232 10240
f 10231 10240 10239
f 10232 10225 10233
f 10232 10233 10240
f 10225 10227 10226
f 10233 10234 10235
f 10225 10228 10227
f 10233 10235 10236
f 10225 10229 10228
f 10233 10236 10237
f 10225 10230 10229
f 10233 10237 10238
f 10225 10231 10230
f 10233 10238 10239
f 10225 10232 10231
f 10233 10239 10240
f 10241 10242 10250
f 10241 10250 10249
f 10242 10243 10251
f 10242 10251 10250
f 10243 10244 10252
f 10243 10252 10251
f 10244 10245 10253
f 10244 10253 10252
f 10245 10246 10254
f 10245 10254 10253
f 10246 10247 10255
f 10246 10255 10254
f 10247 10248 10256
f 10247 10256 10255
f 10248 10241 10249
f 10248 10249 10256
f 10241 10243 10242
f 10249 10250 10251
f 10241 10244 10243
f 10249 10251 10252
f 10241 10245 10244
f 10249 10252 10253
f 10241 10246 10245
f 10249 10253 10254
f 10241 10247 10246
f 10249 10254 10255
f 10241 10248 10247
f 10249 10255 10256
f 10257 10258 10266
f 10257 10266 10265
f 10258 10259 10267
f 10258 10267 10266
f 10259 10260 10268
f 10259 10268 10267
f 10260 10261 10269
f 10260 10269 10268
f 10261 10262 10270
f 10261 10270 10269
f 10262 10263 10271
f 10262 10271 10270
f 10263 10264 10272
f 10263 10272 10271
f 10264 10257 10265
f 10264 10265 10272
f 10257 10259 10258
f 10265 10266 10267
f 10257 10260 10259
f 10265 10267 10268
f 10257 10261 10260
f 10265 10268 10269
f 10257 10262 10261
f 10265 10269 10270
f 10257 10263 10262
f 10265 10270 10271
f 10257 10264 10263
f 10265 10271 10272
f 10273 10274 10282
f 10273 10282 10281
f 10274 10275 10283
f 10274 10283 10282
f 10275 10276 10284
f 10275 10284 10283
f 10276 10277 10285
f 10276 10285 10284
f 10277 10278 10286
f 10277 10286 10285
f 10278 10279 10287
f 10278 10287 10286
f 10279 10280 10288
f 10279 10288 10287
f 10280 10273 10281
f 10280 10281 10288
f 10273 10275 10274
f 10281 10282 10283
f 10273 10276 10275
f 10281 10283 10284
f 10273 10277 10276
f 10281 10284 10285
f 10273 10278 10277
f 10281 10285 10286
f 10273 10279 10278
f 10281 10286 10287
f 10273 10280 10279
f 10281 10287 10288
f 10289 10290 10298
f 10289 10298 10297
f 10290 10291 10299
f 10290 10299 10298
f 10291 10292 10300
f 10291 10300 10299
f 10292 10293 10301
f 10292 10301 10300
f 10293 10294 10302
f 10293 10302 10301
f 10294 10295 10303
f 10294 10303 10302
f 10295 10296 10304
f 10295 10304 10303
f 10296 10289 10297
f 10296 10297 10304
f 10289 10291 10290
f 10297 10298 10299
f 10289 10292 10291
f 10297 10299 10300
f 10289 10293 10292
f 10297 10300 10301
f 10289 10294 10293
f 10297 10301 10302
f 10289 10295 10294
f 10297 10302 10303
f 10289 10296 10295
f 10297 10303 10304
f 10305 10306 10314
f 10305 10314 10313
f 10306 10307 10315
f 10306 10315 10314
f 10307 10308 10316
f 10307 10316 10315
f 10308 10309 10317
f 10308 10317 10316
f 10309 10310 10318
f 10309 10318 10317
f 10310 10311 10319
f 10310 10319 10318
f 10311 10312 10320
f 10311 10320 10319
f 10312 10305 10313
f 10312 10313 10320
f 10305 10307 10306
f 10313 10314 10315
f 10305 10308 10307
f 10313 10315 10316
f 10305 10309 10308
f 10313 10316 10317
f 10305 10310 10309
f 10313 10317 10318
f 10305 10311 10310
f 10313 10318 10319
f 10305 10312 10311
f 10313 10319 10320
f 10321 10322 10330
f 10321 10330 10329
f 10322 10323 10331
f 10322 10331 10330
f 10323 10324 10332
f 10323 10332 10331
f 10324 10325 10333
f 10324 10333 10332
f 10325 10326 10334
f 10325 10334 10333
f 10326 10327 10335
f 10326 10335 10334
f 10327 10328 10336
f 10327 10336 10335
f 10328 10321 10329
f 10328 10329 10336
f 10321 10323 10322
f 10329 10330 10331
f 10321 10324 10323
f 10329 10331 10332
f 10321 10325 10324
f 10329 10332 10333
f 10321 10326 10325
f 10329 10333 10334
f 10321 10327 10326
f 10329 10334 10335
f 10321 10328 10327
f 10329 10335 10336
f 10337 10338 10346
f 10337 10346 10345
f 10338 10339 10347
f 10338 10347 10346
f 10339 10340 10348
f 10339 10348 10347
f 10340 10341 10349
f 10340 10349 10348
f 10341 10342 10350
f 10341 10350 10349
f 10342 10343 10351
f 10342 10351 10350
f 10343 10344 10352
f 10343 10352 10351
f 10344 10337 10345
f 10344 10345 10352
f 10337 10339 10338
f 10345 10346 10347
f 10337 10340 10339
f 10345 10347 10348
f 10337 10341 10340
f 10345 10348 10349
f 10337 10342 10341
f 10345 10349 10350
f 10337 10343 10342
f 10345 10350 10351
f 10337 10344 10343
f 10345 10351 10352
f 10353 10354 10362
f 10353 10362 10361
f 10354 10355 10363
f 10354 10363 10362
f 10355 10356 10364
f 10355 10364 10363
f 10356 10357 10365
f 10356 10365 10364
f 10357 10358 10366
f 10357 10366 10365
f 10358 10359 10367
f 10358 10367 10366
f 10359 10360 10368
f 10359 10368 10367
f 10360 10353 10361
f 10360 10361 10368
f 10353 10355 10354
f 10361 10362 10363
f 10353 10356 10355
f 10361 10363 10364
f 10353 10357 10356
f 10361 10364 10365
f 10353 10358 10357
f 10361 10365 10366
f 10353 10359 10358
f 10361 10366 10367
f 10353 10360 10359
f 10361 10367 10368
f 10369 10370 10378
f 10369 10378 10377
f 10370 10371 10379
f 10370 10379 10378
f 10371 10372 10380
f 10371 10380 10379
f 10372 10373 10381
f 10372 10381 10380
f 10373 10374 10382
f 10373 10382 10381
f 10374 10375 10383
f 10374 10383 10382
f 10375 10376 10384
f 10375 10384 10383
f 10376 10369 10377
f 10376 10377 10384
f 10369 10371 10370
f 10377 10378 10379
f 10369 10372 10371
f 10377 10379 10380
f 10369 10373 10372
f 10377 10380 10381
f 10369 10374 10373
f 10377 10381 10382
f 10369 10375 10374
f 10377 10382 10383
f 10369 10376 10375
f 10377 10383 10384
f 10385 10386 10394
f 10385 10394 10393
f 10386 10387 10395
f 10386 10395 10394
f 10387 10388 10396
f 10387 10396 10395
f 10388 10389 10397
f 10388 10397 10396
f 10389 10390 10398
f 10389 10398 10397
f 10390 10391 10399
f 10390 10399 10398
f 10391 10392 10400
f 10391 10400 10399
f 10392 10385 10393
f 10392 10393 10400
f 10385 10387 10386
f 10393 10394 10395
f 10385 10388 10387
f 10393 10395 10396
f 10385 10389 10388
f 10393 10396 10397
f 10385 10390 10389
f 10393 10397 10398
f 10385 10391 10390
f 10393 10398 10399
f 10385 10392 10391
f 10393 10399 10400
f 10401 10402 10410
f 10401 10410 10409
f 10402 10403 10411
f 10402 10411 10410
f 10403 10404 10412
f 10403 10412 10411
f 10404 10405 10413
f 10404 10413 10412
f 10405 10406 10414
f 10405 10414 10413
f 10406 10407 10415
f 10406 10415 10414
f 10407 10408 10416
f 10407 10416 10415
f 10408 10401 10409
f 10408 10409 10416
f 10401 10403 10402
f 10409 10410 10411
f 10401 10404 10403
f 10409 10411 10412
f 10401 10405 10404
f 10409 10412 10413
f 10401 10406 10405
f 10409 10413 10414
f 10401 10407 10406
f 10409 10414 10415
f 10401 10408 10407
f 10409 10415 10416
f 10417 10418 10426
f 10417 10426 10425
f 10418 10419 10427
f 10418 10427 10426
f 10419 10420 10428
f 10419 10428 10427
f 10420 10421 10429
f 10420 10429 10428
f 10421 10422 10430
f 10421 10430 10429
f 10422 10423 10431
f 10422 10431 10430
f 10423 10424 10432
f 10423 10432 10431
f 10424 10417 10425
f 10424 10425 10432
f 10417 10419 10418
f 10425 10426 10427
f 10417 10420 10419
f 10425 10427 10428
f 10417 10421 10420
f 10425 10428 10429
f 10417 10422 10421
f 10425 10429 10430
f 10417 10423 10422
f 10425 10430 10431
f 10417 10424 10423
f 10425 10431 10432
f 10433 10434 10442
f 10433 10442 10441
f 10434 10435 10443
f 10434 10443 10442
f 10435 10436 10444
f 10435 10444 10443
f 10436 10437 10445
f 10436 10445 10444
f 10437 10438 10446
f 10437 10446 10445
f 10438 10439 10447
f 10438 10447 10446
f 10439 10440 10448
f 10439 10448 10447
f 10440 10433 10441
f 10440 10441 10448
f 10433 10435 10434
f 10441 10442 10443
f 10433 10436 10435
f 10441 10443 10444
f 10433 10437 10436
f 10441 10444 10445
f 10433 10438 10437
f 10441 10445 10446
f 10433 10439 10438
f 10441 10446 10447
f 10433 10440 10439
f 10441 10447 10448
f 10449 10450 10458
f 10449 10458 10457
f 10450 10451 10459
f 10450 10459 10458
f 10451 10452 10460
f 10451 10460 10459
f 10452 10453 10461
f 10452 10461 10460
f 10453 10454 10462
f 10453 10462 10461
f 10454 10455 10463
f 10454 10463 10462
f 10455 10456 10464
f 10455 10464 10463
f 10456 10449 10457
f 10456 10457 10464
f 10449 10451 10450
f 10457 10458 10459
f 10449 10452 10451
f 10457 10459 10460
f 10449 10453 10452
f 10457 10460 10461
f 10449 10454 10453
f 10457 10461 10462
f 10449 10455 10454
f 10457 10462 10463
f 10449 10456 10455
f 10457 10463 10464
f 10465 10466 10474
f 10465 10474 10473
f 10466 10467 10475
f 10466 10475 10474
f 10467 10468 10476
f 10467 10476 10475
f 10468 10469 10477
f 10468 10477 10476
f 10469 10470 10478
f 10469 10478 10477
f 10470 10471 10479
f 10470 10479 10478
f 10471 10472 10480
f 10471 10480 10479
f 10472 10465 10473
f 10472 10473 10480
f 10465 10467 10466
f 10473 10474 10475
f 10465 10468 10467
f 10473 10475 10476
f 10465 10469 10468
f 10473 10476 10477
f 10465 10470 10469
f 10473 10477 10478
f 10465 10471 10470
f 10473 10478 10479
f 10465 10472 10471
f 10473 10479 10480
f 10481 10482 10490
f 10481 10490 10489
f 10482 10483 10491
f 10482 10491 10490
f 10483 10484 10492
f 10483 10492 10491
f 10484 10485 10493
f 10484 10493 10492
f 10485 10486 10494
f 10485 10494 10493
f 10486 10487 10495
f 10486 10495 10494
f 10487 10488 10496
f 10487 10496 10495
f 10488 10481 10489
f 10488 10489 10496
f 10481 10483 10482
f 10489 10490 10491
f 10481 10484 10483
f 10489 10491 10492
f 10481 10485 10484
f 10489 10492 10493
f 10481 10486 10485
f 10489 10493 10494
f 10481 10487 10486
f 10489 10494 10495
f 10481 10488 10487
f 10489 10495 10496
f 10497 10498 10506
f 10497 10506 10505
f 10498 10499 10507
f 10498 10507 10506
f 10499 10500 10508
f 10499 10508 10507
f 10500 10501 10509
f 10500 10509 10508
f 10501 10502 10510
f 10501 10510 10509
f 10502 10503 10511
f 10502 10511 10510
f 10503 10504 10512
f 10503 10512 10511
f 10504 10497 10505
f 10504 10505 10512
f 10497 10499 10498
f 10505 10506 10507
f 10497 10500 10499
f 10505 10507 10508
f 10497 10501 10500
f 10505 10508 10509
f 10497 10502 10501
f 10505 10509 10510
f 10497 10503 10502
f 10505 10510 10511
f 10497 10504 10503
f 10505 10511 10512
f 10513 10514 10522
f 10513 10522 10521
f 10514 10515 10523
f 10514 10523 10522
f 10515 10516 10524
f 10515 10524 10523
f 10516 10517 10525
f 10516 10525 10524
f 10517 10518 10526
f 10517 10526 10525
f 10518 10519 10527
f 10518 10527 10526
f 10519 10520 10528
f 10519 10528 10527
f 10520 10513 10521
f 10520 10521 10528
f 10513 10515 10514
f 10521 10522 10523
f 10513 10516 10515
f 10521 10523 10524
f 10513 10517 10516
f 10521 10524 10525
f 10513 10518 10517
f 10521 10525 10526
f 10513 10519 10518
f 10521 10526 10527
f 10513 10520 10519
f 10521 10527 10528
f 10529 10530 10538
f 10529 10538 10537
f 10530 10531 10539
f 10530 10539 10538
f 10531 10532 10540
f 10531 10540 10539
f 10532 10533 10541
f 10532 10541 10540
f 10533 10534 10542
f 10533 10542 10541
f 10534 10535 10543
f 10534 10543 10542
f 10535 10536 10544
f 10535 10544 10543
f 10536 10529 10537
f 10536 10537 10544
f 10529 10531 10530
f 10537 10538 10539
f 10529 10532 10531
f 10537 10539 10540
f 10529 10533 10532
f 10537 10540 10541
f 10529 10534 10533
f 10537 10541 10542
f 10529 10535 10534
f 10537 10542 10543
f 10529 10536 10535
f 10537 10543 10544
f 10545 10546 10554
f 10545 10554 10553
f 10546 10547 10555
f 10546 10555 10554
f 10547 10548 10556
f 10547 10556 10555
f 10548 10549 10557
f 10548 10557 10556
f 10549 10550 10558
f 10549 10558 10557
f 10550 10551 10559
f 10550 10559 10558
f 10551 10552 10560
f 10551 10560 10559
f 10552 10545 10553
f 10552 10553 10560
f 10545 10547 10546
f 10553 10554 10555
f 10545 10548 10547
f 10553 10555 10556
f 10545 10549 10548
f 10553 10556 10557
f 10545 10550 10549
f 10553 10557 10558
f 10545 10551 10550
f 10553 10558 10559
f 10545 10552 10551
f 10553 10559 10560
f 10561 10562 10570
f 10561 10570 10569
f 10562 10563 10571
f 10562 10571 10570
f 10563 10564 10572
f 10563 10572 10571
f 10564 10565 10573
f 10564 10573 10572
f 10565 10566 10574
f 10565 10574 10573
f 10566 10567 10575
f 10566 10575 10574
f 10567 10568 10576
f 10567 10576 10575
f 10568 10561 10569
f 10568 10569 10576
f 10561 10563 10562
f 10569 10570 10571
f 10561 10564 10563
f 10569 10571 10572
f 10561 10565 10564
f 10569 10572 10573
f 10561 10566 10565
f 10569 10573 10574
f 10561 10567 10566
f 10569 10574 10575
f 10561 10568 10567
f 10569 10575 10576
f 10577 10578 10586
f 10577 10586 10585
f 10578 10579 10587
f 10578 10587 10586
f 10579 10580 10588
f 10579 10588 10587
f 10580 10581 10589
f 10580 10589 10588
f 10581 10582 10590
f 10581 10590 10589
f 10582 10583 10591
f 10582 10591 10590
f 10583 10584 10592
f 10583 10592 10591
f 10584 10577 10585
f 10584 10585 10592
f 10577 10579 10578
f 10585 10586 10587
f 10577 10580 10579
f 10585 10587 10588
f 10577 10581 10580
f 10585 10588 10589
f 10577 10582 10581
f 10585 10589 10590
f 10577 10583 10582
f 10585 10590 10591
f 10577 10584 10583
f 10585 10591 10592
f 10593 10594 10602
f 10593 10602 10601
f 10594 10595 10603
f 10594 10603 10602
f 10595 10596 10604
f 10595 10604 10603
f 10596 10597 10605
f 10596 10605 10604
f 10597 10598 10606
f 10597 10606 10605
f 10598 10599 10607
f 10598 10607 10606
f 10599 10600 10608
f 10599 10608 10607
f 10600 10593 10601
f 10600 10601 10608
f 10593 10595 10594
f 10601 10602 10603
f 10593 10596 10595
f 10601 10603 10604
f 10593 10597 10596
f 10601 10604 10605
f 10593 10598 10597
f 10601 10605 10606
f 10593 10599 10598
f 10601 10606 10607
f 10593 10600 10599
f 10601 10607 10608
f 10609 10610 10618
f 10609 10618 10617
f 10610 10611 10619
f 10610 10619 10618
f 10611 10612 10620
f 10611 10620 10619
f 10612 10613 10621
f 10612 10621 10620
f 10613 10614 10622
f 10613 10622 10621
f 10614 10615 10623
f 10614 10623 10622
f 10615 10616 10624
f 10615 10624 10623
f 10616 10609 10617
f 10616 10617 10624
f 10609 10611 10610
f 10617 10618 10619
f 10609 10612 10611
f 10617 10619 10620
f 10609 10613 10612
f 10617 10620 10621
f 10609 10614 10613
f 10617 10621 10622
f 10609 10615 10614
f 10617 10622 10623
f 10609 10616 10615
f 10617 10623 10624
f 10625 10626 10634
f 10625 10634 10633
f 10626 10627 10635
f 10626 10635 10634
f 10627 10628 10636
f 10627 10636 10635
f 10628 10629 10637
f 10628 10637 10636
f 10629 10630 10638
f 10629 10638 10637
f 10630 10631 10639
f 10630 10639 10638
f 10631 10632 10640
f 10631 10640 10639
f 10632 10625 10633
f 10632 10633 10640
f 10625 10627 10626
f 10633 10634 10635
f 10625 10628 10627
f 10633 10635 10636
f 10625 10629 10628
f 10633 10636 10637
f 10625 10630 10629
f 10633 10637 10638
f 10625 10631 10630
f 10633 10638 10639
f 10625 10632 10631
f 10633 10639 10640
f 10641 10642 10650
f 10641 10650 10649
f 10642 10643 10651
f 10642 10651 10650
f 10643 10644 10652
f 10643 10652 10651
f 10644 10645 10653
f 10644 10653 10652
f 10645 10646 10654
f 10645 10654 10653
f 10646 10647 10655
f 10646 10655 10654
f 10647 10648 10656
f 10647 10656 10655
f 10648 10641 10649
f 10648 10649 10656
f 10641 10643 10642
f 10649 10650 10651
f 10641 10644 10643
f 10649 10651 10652
f 10641 10645 10644
f 10649 10652 10653
f 10641 10646 10645
f 10649 10653 10654
f 10641 10647 10646
f 10649 10654 10655
f 10641 10648 10647
f 10649 10655 10656
f 10657 10658 10666
f 10657 10666 10665
f 10658 10659 10667
f 10658 10667 10666
f 10659 10660 10668
f 10659 10668 10667
f 10660 10661 10669
f 10660 10669 10668
f 10661 10662 10670
f 10661 10670 10669
f 10662 10663 10671
f 10662 10671 10670
f 10663 10664 10672
f 10663 10672 10671
f 10664 10657 10665
f 10664 10665 10672
f 10657 10659 10658
f 10665 10666 10667
f 10657 10660 10659
f 10665 10667 10668
f 10657 10661 10660
f 10665 10668 10669
f 10657 10662 10661
f 10665 10669 10670
f 10657 10663 10662
f 10665 10670 10671
f 10657 10664 10663
f 10665 10671 10672
f 10673 10674 10682
f 10673 10682 10681
f 10674 10675 10683
f 10674 10683 10682
f 10675 10676 10684
f 10675 10684 10683
f 10676 10677 10685
f 10676 10685 10684
f 10677 10678 10686
f 10677 10686 10685
f 10678 10679 10687
f 10678 10687 10686
f 10679 10680 10688
f 10679 10688 10687
f 10680 10673 10681
f 10680 10681 10688
f 10673 10675 10674
f 10681 10682 10683
f 10673 10676 10675
f 10681 10683 10684
f 10673 10677 10676
f 10681 10684 10685
f 10673 10678 10677
f 10681 10685 10686
f 10673 10679 10678
f 10681 10686 10687
f 10673 10680 10679
f 10681 10687 10688
f 10689 10690 10698
f 10689 10698 10697
f 10690 10691 10699
f 10690 10699 10698
f 10691 10692 10700
f 10691 10700 10699
f 10692 10693 10701
f 10692 10701 10700
f 10693 10694 10702
f 10693 10702 10701
f 10694 10695 10703
f 10694 10703 10702
f 10695 10696 10704
f 10695 10704 10703
f 10696 10689 10697
f 10696 10697 10704
f 10689 10691 10690
f 10697 10698 10699
f 10689 10692 10691
f 10697 10699 10700
f 10689 10693 10692
f 10697 10700 10701
f 10689 10694 10693
f 10697 10701 10702
f 10689 10695 10694
f 10697 10702 10703
f 10689 10696 10695
f 10697 10703 10704
f 10705 10706 10714
f 10705 10714 10713
f 10706 10707 10715
f 10706 10715 10714
f 10707 10708 10716
f 10707 10716 10715
f 10708 10709 10717
f 10708 10717 10716
f 10709 10710 10718
f 10709 10718 10717
f 10710 10711 10719
f 10710 10719 10718
f 10711 10712 10720
f 10711 10720 10719
f 10712 10705 10713
f 10712 10713 10720
f 10705 10707 10706
f 10713 10714 10715
f 10705 10708 10707
f 10713 10715 10716
f 10705 10709 10708
f 10713 10716 10717
f 10705 10710 10709
f 10713 10717 10718
f 10705 10711 10710
f 10713 10718 10719
f 10705 10712 10711
f 10713 10719 10720
f 10721 10722 10730
f 10721 10730 10729
f 10722 10723 10731
f 10722 10731 10730
f 10723 10724 10732
f 10723 10732 10731
f 10724 10725 10733
f 10724 10733 10732
f 10725 10726 10734
f 10725 10734 10733
f 10726 10727 10735
f 10726 10735 10734
f 10727 10728 10736
f 10727 10736 10735
f 10728 10721 10729
f 10728 10729 10736
f 10721 10723 10722
f 10729 10730 10731
f 10721 10724 10723
f 10729 10731 10732
f 10721 10725 10724
f 10729 10732 10733
f 10721 10726 10725
f 10729 10733 10734
f 10721 10727 10726
f 10729 10734 10735
f 10721 10728 10727
f 10729 10735 10736
f 10737 10738 10746
f 10737 10746 10745
f 10738 10739 10747
f 10738 10747 10746
f 10739 10740 10748
f 10739 10748 10747
f 10740 10741 10749
f 10740 10749 10748
f 10741 10742 10750
f 10741 10750 10749
f 10742 10743 10751
f 10742 10751 10750
f 10743 10744 10752
f 10743 10752 10751
f 10744 10737 10745
f 10744 10745 10752
f 10737 10739 10738
f 10745 10746 10747
f 10737 10740 10739
f 10745 10747 10748
f 10737 10741 10740
f 10745 10748 10749
f 10737 10742 10741
f 10745 10749 10750
f 10737 10743 10742
f 10745 10750 10751
f 10737 10744 10743
f 10745 10751 10752
f 10753 10754 10762
f 10753 10762 10761
f 10754 10755 10763
f 10754 10763 10762
f 10755 10756 10764
f 10755 10764 10763
f 10756 10757 10765
f 10756 10765 10764
f 10757 10758 10766
f 10757 10766 10765
f 10758 10759 10767
f 10758 10767 10766
f 10759 10760 10768
f 10759 10768 10767
f 10760 10753 10761
f 10760 10761 10768
f 10753 10755 10754
f 10761 10762 10763
f 10753 10756 10755
f 10761 10763 10764
f 10753 10757 10756
f 10761 10764 10765
f 10753 10758 10757
f 10761 10765 10766
f 10753 10759 10758
f 10761 10766 10767
f 10753 10760 10759
f 10761 10767 10768
f 10769 10770 10778
f 10769 10778 10777
f 10770 10771 10779
f 10770 10779 10778
f 10771 10772 10780
f 10771 10780 10779
f 10772 10773 10781
f 10772 10781 10780
f 10773 10774 10782
f 10773 10782 10781
f 10774 10775 10783
f 10774 10783 10782
f 10775 10776 10784
f 10775 10784 10783
f 10776 10769 10777
f 10776 10777 10784
f 10769 10771 10770
f 10777 10778 10779
f 10769 10772 10771
f 10777 10779 10780
f 10769 10773 10772
f 10777 10780 10781
f 10769 10774 10773
f 10777 10781 10782
f 10769 10775 10774
f 10777 10782 10783
f 10769 10776 10775
f 10777 10783 10784
f 10785 10786 10794
f 10785 10794 10793
f 10786 10787 10795
f 10786 10795 10794
f 10787 10788 10796
f 10787 10796 10795
f 10788 10789 10797
f 10788 10797 10796
f 10789 10790 10798
f 10789 10798 10797
f 10790 10791 10799
f 10790 10799 10798
f 10791 10792 10800
f 10791 10800 10799
f 10792 10785 10793
f 10792 10793 10800
f 10785 10787 10786
f 10793 10794 10795
f 10785 10788 10787
f 10793 10795 10796
f 10785 10789 10788
f 10793 10796 10797
f 10785 10790 10789
f 10793 10797 10798
f 10785 10791 10790
f 10793 10798 10799
f 10785 10792 10791
f 10793 10799 10800
f 10801 10802 10810
f 10801 10810 10809
f 10802 10803 10811
f 10802 10811 10810
f 10803 10804 10812
f 10803 10812 10811
f 10804 10805 10813
f 10804 10813 10812
f 10805 10806 10814
f 10805 10814 10813
f 10806 10807 10815
f 10806 10815 10814
f 10807 10808 10816
f 10807 10816 10815
f 10808 10801 10809
f 10808 10809 10816
f 10801 10803 10802
f 10809 10810 10811
f 10801 10804 10803
f 10809 10811 10812
f 10801 10805 10804
f 10809 10812 10813
f 10801 10806 10805
f 10809 10813 10814
f 10801 10807 10806
f 10809 10814 10815
f 10801 10808 10807
f 10809 10815 10816
f 10817 10818 10826
f 10817 10826 10825
f 10818 10819 10827
f 10818 10827 10826
f 10819 10820 10828
f 10819 10828 10827
f 10820 10821 10829
f 10820 10829 10828
f 10821 10822 10830
f 10821 10830 10829
f 10822 10823 10831
f 10822 10831 10830
f 10823 10824 10832
f 10823 10832 10831
f 10824 10817 10825
f 10824 10825 10832
f 10817 10819 10818
f 10825 10826 10827
f 10817 10820 10819
f 10825 10827 10828
f 10817 10821 10820
f 10825 10828 10829
f 10817 10822 10821
f 10825 10829 10830
f 10817 10823 10822
f 10825 10830 10831
f 10817 10824 10823
f 10825 10831 10832
f 10833 10834 10842
f 10833 10842 10841
f 10834 10835 10843
f 10834 10843 10842
f 10835 10836 10844
f 10835 10844 10843
f 10836 10837 10845
f 10836 10845 10844
f 10837 10838 10846
f 10837 10846 10845
f 10838 10839 10847
f 10838 10847 10846
f 10839 10840 10848
f 10839 10848 10847
f 10840 10833 10841
f 10840 10841 10848
f 10833 10835 10834
f 10841 10842 10843
f 10833 10836 10835
f 10841 10843 10844
f 10833 10837 10836
f 10841 10844 10845
f 10833 10838 10837
f 10841 10845 10846
f 10833 10839 10838
f 10841 10846 10847
f 10833 10840 10839
f 10841 10847 10848
f 10849 10850 10858
f 10849 10858 10857
f 10850 10851 10859
f 10850 10859 10858
f 10851 10852 10860
f 10851 10860 10859
f 10852 10853 10861
f 10852 10861 10860
f 10853 10854 10862
f 10853 10862 10861
f 10854 10855 10863
f 10854 10863 10862
f 10855 10856 10864
f 10855 10864 10863
f 10856 10849 10857
f 10856 10857 10864
f 10849 10851 10850
f 10857 10858 10859
f 10849 10852 10851
f 10857 10859 10860
f 10849 10853 10852
f 10857 10860 10861
f 10849 10854 10853
f 10857 10861 10862
f 10849 10855 10854
f 10857 10862 10863
f 10849 10856 10855
f 10857 10863 10864
f 10865 10866 10874
f 10865 10874 10873
f 10866 10867 10875
f 10866 10875 10874
f 10867 10868 10876
f 10867 10876 10875
f 10868 10869 10877
f 10868 10877 10876
f 10869 10870 10878
f 10869 10878 10877
f 10870 10871 10879
f 10870 10879 10878
f 10871 10872 10880
f 10871 10880 10879
f 10872 10865 10873
f 10872 10873 10880
f 10865 10867 10866
f 10873 10874 10875
f 10865 10868 10867
f 10873 10875 10876
f 10865 10869 10868
f 10873 10876 10877
f 10865 10870 10869
f 10873 10877 10878
f 10865 10871 10870
f 10873 10878 10879
f 10865 10872 10871
f 10873 10879 10880
f 10881 10882 10890
f 10881 10890 10889
f 10882 10883 10891
f 10882 10891 10890
f 10883 10884 10892
f 10883 10892 10891
f 10884 10885 10893
f 10884 10893 10892
f 10885 10886 10894
f 10885 10894 10893
f 10886 10887 10895
f 10886 10895 10894
f 10887 10888 10896
f 10887 10896 10895
f 10888 10881 10889
f 10888 10889 10896
f 10881 10883 10882
f 10889 10890 10891
f 10881 10884 10883
f 10889 10891 10892
f 10881 10885 10884
f 10889 10892 10893
f 10881 10886 10885
f 10889 10893 10894
f 10881 10887 10886
f 10889 10894 10895
f 10881 10888 10887
f 10889 10895 10896
f 10897 10898 10906
f 10897 10906 10905
f 10898 10899 10907
f 10898 10907 10906
f 10899 10900 10908
f 10899 10908 10907
f 10900 10901 10909
f 10900 10909 10908
f 10901 10902 10910
f 10901 10910 10909
f 10902 10903 10911
f 10902 10911 10910
f 10903 10904 10912
f 10903 10912 10911
f 10904 10897 10905
f 10904 10905 10912
f 10897 10899 10898
f 10905 10906 10907
f 10897 10900 10899
f 10905 10907 10908
f 10897 10901 10900
f 10905 10908 10909
f 10897 10902 10901
f 10905 10909 10910
f 10897 10903 10902
f 10905 10910 10911
f 10897 10904 10903
f 10905 10911 10912
f 10913 10914 10922
f 10913 10922 10921
f 10914 10915 10923
f 10914 10923 10922
f 10915 10916 10924
f 10915 10924 10923
f 10916 10917 10925
f 10916 10925 10924
f 10917 10918 10926
f 10917 10926 10925
f 10918 10919 10927
f 10918 10927 10926
f 10919 10920 10928
f 10919 10928 10927
f 10920 10913 10921
f 10920 10921 10928
f 10913 10915 10914
f 10921 10922 10923
f 10913 10916 10915
f 10921 10923 10924
f 10913 10917 10916
f 10921 10924 10925
f 10913 10918 10917
f 10921 10925 10926
f 10913 10919 10918
f 10921 10926 10927
f 10913 10920 10919
f 10921 10927 10928
f 10929 10930 10938
f 10929 10938 10937
f 10930 10931 10939
f 10930 10939 10938
f 10931 10932 10940
f 10931 10940 10939
f 10932 10933 10941
f 10932 10941 10940
f 10933 10934 10942
f 10933 10942 10941
f 10934 10935 10943
f 10934 10943 10942
f 10935 10936 10944
f 10935 10944 10943
f 10936 10929 10937
f 10936 10937 10944
f 10929 10931 10930
f 10937 10938 10939
f 10929 10932 10931
f 10937 10939 10940
f 10929 10933 10932
f 10937 10940 10941
f 10929 10934 10933
f 10937 10941 10942
f 10929 10935 10934
f 10937 10942 10943
f 10929 10936 10935
f 10937 10943 10944
f 10945 10946 10954
f 10945 10954 10953
f 10946 10947 10955
f 10946 10955 10954
f 10947 10948 10956
f 10947 10956 10955
f 10948 10949 10957
f 10948 10957 10956
f 10949 10950 10958
f 10949 10958 10957
f 10950 10951 10959
f 10950 10959 10958
f 10951 10952 10960
f 10951 10960 10959
f 10952 10945 10953
f 10952 10953 10960
f 10945 10947 10946
f 10953 10954 10955
f 10945 10948 10947
f 10953 10955 10956
f 10945 10949 10948
f 10953 10956 10957
f 10945 10950 10949
f 10953 10957 10958
f 10945 10951 10950
f 10953 10958 10959
f 10945 10952 10951
f 10953 10959 10960
f 10961 10962 10970
f 10961 10970 10969
f 10962 10963 10971
f 10962 10971 10970
f 10963 10964 10972
f 10963 10972 10971
f 10964 10965 10973
f 10964 10973 10972
f 10965 10966 10974
f 10965 10974 10973
f 10966 10967 10975
f 10966 10975 10974
f 10967 10968 10976
f 10967 10976 10975
f 10968 10961 10969
f 10968 10969 10976
f 10961 10963 10962
f 10969 10970 10971
f 10961 10964 10963
f 10969 10971 10972
f 10961 10965 10964
f 10969 10972 10973
f 10961 10966 10965
f 10969 10973 10974
f 10961 10967 10966
f 10969 10974 10975
f 10961 10968 10967
f 10969 10975 10976
f 10977 10978 10986
f 10977 10986 10985
f 10978 10979 10987
f 10978 10987 10986
f 10979 10980 10988
f 10979 10988 10987
f 10980 10981 10989
f 10980 10989 10988
f 10981 10982 10990
f 10981 10990 10989
f 10982 10983 10991
f 10982 10991 10990
f 10983 10984 10992
f 10983 10992 10991
f 10984 10977 10985
f 10984 10985 10992
f 10977 10979 10978
f 10985 10986 10987
f 10977 10980 10979
f 10985 10987 10988
f 10977 10981 10980
f 10985 10988 10989
f 10977 10982 10981
f 10985 10989 10990
f 10977 10983 10982
f 10985 10990 10991
f 10977 10984 10983
f 10985 10991 10992
f 10993 10994 11002
f 10993 11002 11001
f 10994 10995 11003
f 10994 11003 11002
f 10995 10996 11004
f 10995 11004 11003
f 10996 10997 11005
f 10996 11005 11004
f 10997 10998 11006
f 10997 11006 11005
f 10998 10999 11007
f 10998 11007 11006
f 10999 11000 11008
f 10999 11008 11007
f 11000 10993 11001
f 11000 11001 11008
f 10993 10995 10994
f 11001 11002 11003
f 10993 10996 10995
f 11001 11003 11004
f 10993 10997 10996
f 11001 11004 11005
f 10993 10998 10997
f 11001 11005 11006
f 10993 10999 10998
f 11001 11006 11007
f 10993 11000 10999
f 11001 11007 11008
f 11009 11010 11018
f 11009 11018 11017
f 11010 11011 11019
f 11010 11019 11018
f 11011 11012 11020
f 11011 11020 11019
f 11012 11013 11021
f 11012 11021 11020
f 11013 11014 11022
f 11013 11022 11021
f 11014 11015 11023
f 11014 11023 11022
f 11015 11016 11024
f 11015 11024 11023
f 11016 11009 11017
f 11016 11017 11024
f 11009 11011 11010
f 11017 11018 11019
f 11009 11012 11011
f 11017 11019 11020
f 11009 11013 11012
f 11017 11020 11021
f 11009 11014 11013
f 11017 11021 11022
f 11009 11015 11014
f 11017 11022 11023
f 11009 11016 11015
f 11017 11023 11024
f 11025 11026 11034
f 11025 11034 11033
f 11026 11027 11035
f 11026 11035 11034
f 11027 11028 11036
f 11027 11036 11035
f 11028 11029 11037
f 11028 11037 11036
f 11029 11030 11038
f 11029 11038 11037
f 11030 11031 11039
f 11030 11039 11038
f 11031 11032 11040
f 11031 11040 11039
f 11032 11025 11033
f 11032 11033 11040
f 11025 11027 11026
f 11033 11034 11035
f 11025 11028 11027
f 11033 11035 11036
f 11025 11029 11028
f 11033 11036 11037
f 11025 11030 11029
f 11033 11037 11038
f 11025 11031 11030
f 11033 11038 11039
f 11025 11032 11031
f 11033 11039 11040
f 11041 11042 11050
f 11041 11050 11049
f 11042 11043 11051
f 11042 11051 11050
f 11043 11044 11052
f 11043 11052 11051
f 11044 11045 11053
f 11044 11053 11052
f 11045 11046 11054
f 11045 11054 11053
f 11046 11047 11055
f 11046 11055 11054
f 11047 11048 11056
f 11047 11056 11055
f 11048 11041 11049
f 11048 11049 11056
f 11041 11043 11042
f 11049 11050 11051
f 11041 11044 11043
f 11049 11051 11052
f 11041 11045 11044
f 11049 11052 11053
f 11041 11046 11045
f 11049 11053 11054
f 11041 11047 11046
f 11049 11054 11055
f 11041 11048 11047
f 11049 11055 11056
f 11057 11058 11066
f 11057 11066 11065
f 11058 11059 11067
f 11058 11067 11066
f 11059 11060 11068
f 11059 11068 11067
f 11060 11061 11069
f 11060 11069 11068
f 11061 11062 11070
f 11061 11070 11069
f 11062 11063 11071
f 11062 11071 11070
f 11063 11064 11072
f 11063 11072 11071
f 11064 11057 11065
f 11064 11065 11072
f 11057 11059 11058
f 11065 11066 11067
f 11057 11060 11059
f 11065 11067 11068
f 11057 11061 11060
f 11065 11068 11069
f 11057 11062 11061
f 11065 11069 11070
f 11057 11063 11062
f 11065 11070 11071
f 11057 11064 11063
f 11065 11071 11072
f 11073 11074 11082
f 11073 11082 11081
f 11074 11075 11083
f 11074 11083 11082
f 11075 11076 11084
f 11075 11084 11083
f 11076 11077 11085
f 11076 11085 11084
f 11077 11078 11086
f 11077 11086 11085
f 11078 11079 11087
f 11078 11087 11086
f 11079 11080 11088
f 11079 11088 11087
f 11080 11073 11081
f 11080 11081 11088
f 11073 11075 11074
f 11081 11082 11083
f 11073 11076 11075
f 11081 11083 11084
f 11073 11077 11076
f 11081 11084 11085
f 11073 11078 11077
f 11081 11085 11086
f 11073 11079 11078
f 11081 11086 11087
f 11073 11080 11079
f 11081 11087 11088
f 11089 11090 11098
f 11089 11098 11097
f 11090 11091 11099
f 11090 11099 11098
f 11091 11092 11100
f 11091 11100 11099
f 11092 11093 11101
f 11092 11101 11100
f 11093 11094 11102
f 11093 11102 11101
f 11094 11095 11103
f 11094 11103 11102
f 11095 11096 11104
f 11095 11104 11103
f 11096 11089 11097
f 11096 11097 11104
f 11089 11091 11090
f 11097 11098 11099
f 11089 11092 11091
f 11097 11099 11100
f 11089 11093 11092
f 11097 11100 11101
f 11089 11094 11093
f 11097 11101 11102
f 11089 11095 11094
f 11097 11102 11103
f 11089 11096 11095
f 11097 11103 11104
f 11105 11106 11114
f 11105 11114 11113
f 11106 11107 11115
f 11106 11115 11114
f 11107 11108 11116
f 11107 11116 11115
f 11108 11109 11117
f 11108 11117 11116
f 11109 11110 11118
f 11109 11118 11117
f 11110 11111 11119
f 11110 11119 11118
f 11111 11112 11120
f 11111 11120 11119
f 11112 11105 11113
f 11112 11113 11120
f 11105 11107 11106
f 11113 11114 11115
f 11105 11108 11107
f 11113 11115 11116
f 11105 11109 11108
f 11113 11116 11117
f 11105 11110 11109
f 11113 11117 11118
f 11105 11111 11110
f 11113 11118 11119
f 11105 11112 11111
f 11113 11119 11120
f 11121 11122 11130
f 11121 11130 11129
f 11122 11123 11131
f 11122 11131 11130
f 11123 11124 11132
f 11123 11132 11131
f 11124 11125 11133
f 11124 11133 11132
f 11125 11126 11134
f 11125 11134 11133
f 11126 11127 11135
f 11126 11135 11134
f 11127 11128 11136
f 11127 11136 11135
f 11128 11121 11129
f 11128 11129 11136
f 11121 11123 11122
f 11129 11130 11131
f 11121 11124 11123
f 11129 11131 11132
f 11121 11125 11124
f 11129 11132 11133
f 11121 11126 11125
f 11129 11133 11134
f 11121 11127 11126
f 11129 11134 11135
f 11121 11128 11127
f 11129 11135 11136
f 11137 11138 11146
f 11137 11146 11145
f 11138 11139 11147
f 11138 11147 11146
f 11139 11140 11148
f 11139 11148 11147
f 11140 11141 11149
f 11140 11149 11148
f 11141 11142 11150
f 11141 11150 11149
f 11142 11143 11151
f 11142 11151 11150
f 11143 11144 11152
f 11143 11152 11151
f 11144 11137 11145
f 11144 11145 11152
f 11137 11139 11138
f 11145 11146 11147
f 11137 11140 11139
f 11145 11147 11148
f 11137 11141 11140
f 11145 11148 11149
f 11137 11142 11141
f 11145 11149 11150
f 11137 11143 11142
f 11145 11150 11151
f 11137 11144 11143
f 11145 11151 11152
f 11153 11154 11162
f 11153 11162 11161
f 11154 11155 11163
f 11154 11163 11162
f 11155 11156 11164
f 11155 11164 11163
f 11156 11157 11165
f 11156 11165 11164
f 11157 11158 11166
f 11157 11166 11165
f 11158 11159 11167
f 11158 11167 11166
f 11159 11160 11168
f 11159 11168 11167
f 11160 11153 11161
f 11160 11161 11168
f 11153 11155 11154
f 11161 11162 11163
f 11153 11156 11155
f 11161 11163 11164
f 11153 11157 11156
f 11161 11164 11165
f 11153 11158 11157
f 11161 11165 11166
f 11153 11159 11158
f 11161 11166 11167
f 11153 11160 11159
f 11161 11167 11168
f 11169 11170 11178
f 11169 11178 11177
f 11170 11171 11179
f 11170 11179 11178
f 11171 11172 11180
f 11171 11180 11179
f 11172 11173 11181
f 11172 11181 11180
f 11173 11174 11182
f 11173 11182 11181
f 11174 11175 11183
f 11174 11183 11182
f 11175 11176 11184
f 11175 11184 11183
f 11176 11169 11177
f 11176 11177 11184
f 11169 11171 11170
f 11177 11178 11179
f 11169 11172 11171
f 11177 11179 11180
f 11169 11173 11172
f 11177 11180 11181
f 11169 11174 11173
f 11177 11181 11182
f 11169 11175 11174
f 11177 11182 11183
f 11169 11176 11175
f 11177 11183 11184
f 11185 11186 11194
f 11185 11194 11193
f 11186 11187 11195
f 11186 11195 11194
f 11187 11188 11196
f 11187 11196 11195
f 11188 11189 11197
f 11188 11197 11196
f 11189 11190 11198
f 11189 11198 11197
f 11190 11191 11199
f 11190 11199 11198
f 11191 11192 11200
f 11191 11200 11199
f 11192 11185 11193
f 11192 11193 11200
f 11185 11187 11186
f 11193 11194 11195
f 11185 11188 11187
f 11193 11195 11196
f 11185 11189 11188
f 11193 11196 11197
f 11185 11190 11189
f 11193 11197 11198
f 11185 11191 11190
f 11193 11198 11199
f 11185 11192 11191
f 11193 11199 11200
f 11201 11202 11210
f 11201 11210 11209
f 11202 11203 11211
f 11202 11211 11210
f 11203 11204 11212
f 11203 11212 11211
f 11204 11205 11213
f 11204 11213 11212
f 11205 11206 11214
f 11205 11214 11213
f 11206 11207 11215
f 11206 11215 11214
f 11207 11208 11216
f 11207 11216 11215
f 11208 11201 11209
f 11208 11209 11216
f 11201 11203 11202
f 11209 11210 11211
f 11201 11204 11203
f 11209 11211 11212
f 11201 11205 11204
f 11209 11212 11213
f 11201 11206 11205
f 11209 11213 11214
f 11201 11207 11206
f 11209 11214 11215
f 11201 11208 11207
f 11209 11215 11216
f 11217 11218 11226
f 11217 11226 11225
f 11218 11219 11227
f 11218 11227 11226
f 11219 11220 11228
f 11219 11228 11227
f 11220 11221 11229
f 11220 11229 11228
f 11221 11222 11230
f 11221 11230 11229
f 11222 11223 11231
f 11222 11231 11230
f 11223 11224 11232
f 11223 11232 11231
f 11224 11217 11225
f 11224 11225 11232
f 11217 11219 11218
f 11225 11226 11227
f 11217 11220 11219
f 11225 11227 11228
f 11217 11221 11220
f 11225 11228 11229
f 11217 11222 11221
f 11225 11229 11230
f 11217 11223 11222
f 11225 11230 11231
f 11217 11224 11223
f 11225 11231 11232
f 11233 11234 11242
f 11233 11242 11241
f 11234 11235 11243
f 11234 11243 11242
f 11235 11236 11244
f 11235 11244 11243
f 11236 11237 11245
f 11236 11245 11244
f 11237 11238 11246
f 11237 11246 11245
f 11238 11239 11247
f 11238 11247 11246
f 11239 11240 11248
f 11239 11248 11247
f 11240 11233 11241
f 11240 11241 11248
f 11233 11235 11234
f 11241 11242 11243
f 11233 11236 11235
f 11241 11243 11244
f 11233 11237 11236
f 11241 11244 11245
f 11233 11238 11237
f 11241 11245 11246
f 11233 11239 11238
f 11241 11246 11247
f 11233 11240 11239
f 11241 11247 11248
f 11249 11250 11258
f 11249 11258 11257
f 11250 11251 11259
f 11250 11259 11258
f 11251 11252 11260
f 11251 11260 11259
f 11252 11253 11261
f 11252 11261 11260
f 11253 11254 11262
f 11253 11262 11261
f 11254 11255 11263
f 11254 11263 11262
f 11255 11256 11264
f 11255 11264 11263
f 11256 11249 11257
f 11256 11257 11264
f 11249 11251 11250
f 11257 11258 11259
f 11249 11252 11251
f 11257 11259 11260
f 11249 11253 11252
f 11257 11260 11261
f 11249 11254 11253
f 11257 11261 11262
f 11249 11255 11254
f 11257 11262 11263
f 11249 11256 11255
f 11257 11263 11264
f 11265 11266 11274
f 11265 11274 11273
f 11266 11267 11275
f 11266 11275 11274
f 11267 11268 11276
f 11267 11276 11275
f 11268 11269 11277
f 11268 11277 11276
f 11269 11270 11278
f 11269 11278 11277
f 11270 11271 11279
f 11270 11279 11278
f 11271 11272 11280
f 11271 11280 11279
f 11272 11265 11273
f 11272 11273 11280
f 11265 11267 11266
f 11273 11274 11275
f 11265 11268 11267
f 11273 11275 11276
f 11265 11269 11268
f 11273 11276 11277
f 11265 11270 11269
f 11273 11277 11278
f 11265 11271 11270
f 11273 11278 11279
f 11265 11272 11271
f 11273 11279 11280
f 11281 11282 11290
f 11281 11290 11289
f 11282 11283 11291
f 11282 11291 11290
f 11283 11284 11292
f 11283 11292 11291
f 11284 11285 11293
f 11284 11293 11292
f 11285 11286 11294
f 11285 11294 11293
f 11286 11287 11295
f 11286 11295 11294
f 11287 11288 11296
f 11287 11296 11295
f 11288 11281 11289
f 11288 11289 11296
f 11281 11283 11282
f 11289 11290 11291
f 11281 11284 11283
f 11289 11291 11292
f 11281 11285 11284
f 11289 11292 11293
f 11281 11286 11285
f 11289 11293 11294
f 11281 11287 11286
f 11289 11294 11295
f 11281 11288 11287
f 11289 11295 11296
f 11297 11298 11306
f 11297 11306 11305
f 11298 11299 11307
f 11298 11307 11306
f 11299 11300 11308
f 11299 11308 11307
f 11300 11301 11309
f 11300 11309 11308
f 11301 11302 11310
f 11301 11310 11309
f 11302 11303 11311
f 11302 11311 11310
f 11303 11304 11312
f 11303 11312 11311
f 11304 11297 11305
f 11304 11305 11312
f 11297 11299 11298
f 11305 11306 11307
f 11297 11300 11299
f 11305 11307 11308
f 11297 11301 11300
f 11305 11308 11309
f 11297 11302 11301
f 11305 11309 11310
f 11297 11303 11302
f 11305 11310 11311
f 11297 11304 11303
f 11305 11311 11312
f 11313 11314 11322
f 11313 11322 11321
f 11314 11315 11323
f 11314 11323 11322
f 11315 11316 11324
f 11315 11324 11323
f 11316 11317 11325
f 11316 11325 11324
f 11317 11318 11326
f 11317 11326 11325
f 11318 11319 11327
f 11318 11327 11326
f 11319 11320 11328
f 11319 11328 11327
f 11320 11313 11321
f 11320 11321 11328
f 11313 11315 11314
f 11321 11322 11323
f 11313 11316 11315
f 11321 11323 11324
f 11313 11317 11316
f 11321 11324 11325
f 11313 11318 11317
f 11321 11325 11326
f 11313 11319 11318
f 11321 11326 11327
f 11313 11320 11319
f 11321 11327 11328
f 11329 11330 11338
f 11329 11338 11337
f 11330 11331 11339
f 11330 11339 11338
f 11331 11332 11340
f 11331 11340 11339
f 11332 11333 11341
f 11332 11341 11340
f 11333 11334 11342
f 11333 11342 11341
f 11334 11335 11343
f 11334 11343 11342
f 11335 11336 11344
f 11335 11344 11343
f 11336 11329 11337
f 11336 11337 11344
f 11329 11331 11330
f 11337 11338 11339
f 11329 11332 11331
f 11337 11339 11340
f 11329 11333 11332
f 11337 11340 11341
f 11329 11334 11333
f 11337 11341 11342
f 11329 11335 11334
f 11337 11342 11343
f 11329 11336 11335
f 11337 11343 11344
f 11345 11346 11354
f 11345 11354 11353
f 11346 11347 11355
f 11346 11355 11354
f 11347 11348 11356
f 11347 11356 11355
f 11348 11349 11357
f 11348 11357 11356
f 11349 11350 11358
f 11349 11358 11357
f 11350 11351 11359
f 11350 11359 11358
f 11351 11352 11360
f 11351 11360 11359
f 11352 11345 11353
f 11352 11353 11360
f 11345 11347 11346
f 11353 11354 11355
f 11345 11348 11347
f 11353 11355 11356
f 11345 11349 11348
f 11353 11356 11357
f 11345 11350 11349
f 11353 11357 11358
f 11345 11351 11350
f 11353 11358 11359
f 11345 11352 11351
f 11353 11359 11360
f 11361 11362 11370
f 11361 11370 11369
f 11362 11363 11371
f 11362 11371 11370
f 11363 11364 11372
f 11363 11372 11371
f 11364 11365 11373
f 11364 11373 11372
f 11365 11366 11374
f 11365 11374 11373
f 11366 11367 11375
f 11366 11375 11374
f 11367 11368 11376
f 11367 11376 11375
f 11368 11361 11369
f 11368 11369 11376
f 11361 11363 11362
f 11369 11370 11371
f 11361 11364 11363
f 11369 11371 11372
f 11361 11365 11364
f 11369 11372 11373
f 11361 11366 11365
f 11369 11373 11374
f 11361 11367 11366
f 11369 11374 11375
f 11361 11368 11367
f 11369 11375 11376
f 11377 11378 11386
f 11377 11386 11385
f 11378 11379 11387
f 11378 11387 11386
f 11379 11380 11388
f 11379 11388 11387
f 11380 11381 11389
f 11380 11389 11388
f 11381 11382 11390
f 11381 11390 11389
f 11382 11383 11391
f 11382 11391 11390
f 11383 11384 11392
f 11383 11392 11391
f 11384 11377 11385
f 11384 11385 11392
f 11377 11379 11378
f 11385 11386 11387
f 11377 11380 11379
f 11385 11387 11388
f 11377 11381 11380
f 11385 11388 11389
f 11377 11382 11381
f 11385 11389 11390
f 11377 11383 11382
f 11385 11390 11391
f 11377 11384 11383
f 11385 11391 11392
f 11393 11394 11402
f 11393 11402 11401
f 11394 11395 11403
f 11394 11403 11402
f 11395 11396 11404
f 11395 11404 11403
f 11396 11397 11405
f 11396 11405 11404
f 11397 11398 11406
f 11397 11406 11405
f 11398 11399 11407
f 11398 11407 11406
f 11399 11400 11408
f 11399 11408 11407
f 11400 11393 11401
f 11400 11401 11408
f 11393 11395 11394
f 11401 11402 11403
f 11393 11396 11395
f 11401 11403 11404
f 11393 11397 11396
f 11401 11404 11405
f 11393 11398 11397
f 11401 11405 11406
f 11393 11399 11398
f 11401 11406 11407
f 11393 11400 11399
f 11401 11407 11408
f 11409 11410 11418
f 11409 11418 11417
f 11410 11411 11419
f 11410 11419 11418
f 11411 11412 11420
f 11411 11420 11419
f 11412 11413 11421
f 11412 11421 11420
f 11413 11414 11422
f 11413 11422 11421
f 11414 11415 11423
f 11414 11423 11422
f 11415 11416 11424
f 11415 11424 11423
f 11416 11409 11417
f 11416 11417 11424
f 11409 11411 11410
f 11417 11418 11419
f 11409 11412 11411
f 11417 11419 11420
f 11409 11413 11412
f 11417 11420 11421
f 11409 11414 11413
f 11417 11421 11422
f 11409 11415 11414
f 11417 11422 11423
f 11409 11416 11415
f 11417 11423 11424
f 11425 11426 11434
f 11425 11434 11433
f 11426 11427 11435
f 11426 11435 11434
f 11427 11428 11436
f 11427 11436 11435
f 11428 11429 11437
f 11428 11437 11436
f 11429 11430 11438
f 11429 11438 11437
f 11430 11431 11439
f 11430 11439 11438
f 11431 11432 11440
f 11431 11440 11439
f 11432 11425 11433
f 11432 11433 11440
f 11425 11427 11426
f 11433 11434 11435
f 11425 11428 11427
f 11433 11435 11436
f 11425 11429 11428
f 11433 11436 11437
f 11425 11430 11429
f 11433 11437 11438
f 11425 11431 11430
f 11433 11438 11439
f 11425 11432 11431
f 11433 11439 11440
f 11441 11442 11450
f 11441 11450 11449
f 11442 11443 11451
f 11442 11451 11450
f 11443 11444 11452
f 11443 11452 11451
f 11444 11445 11453
f 11444 11453 11452
f 11445 11446 11454
f 11445 11454 11453
f 11446 11447 11455
f 11446 11455 11454
f 11447 11448 11456
f 11447 11456 11455
f 11448 11441 11449
f 11448 11449 11456
f 11441 11443 11442
f 11449 11450 11451
f 11441 11444 11443
f 11449 11451 11452
f 11441 11445 11444
f 11449 11452 11453
f 11441 11446 11445
f 11449 11453 11454
f 11441 11447 11446
f 11449 11454 11455
f 11441 11448 11447
f 11449 11455 11456
f 11457 11458 11466
f 11457 11466 11465
f 11458 11459 11467
f 11458 11467 11466
f 11459 11460 11468
f 11459 11468 11467
f 11460 11461 11469
f 11460 11469 11468
f 11461 11462 11470
f 11461 11470 11469
f 11462 11463 11471
f 11462 11471 11470
f 11463 11464 11472
f 11463 11472 11471
f 11464 11457 11465
f 11464 11465 11472
f 11457 11459 11458
f 11465 11466 11467
f 11457 11460 11459
f 11465 11467 11468
f 11457 11461 11460
f 11465 11468 11469
f 11457 11462 11461
f 11465 11469 11470
f 11457 11463 11462
f 11465 11470 11471
f 11457 11464 11463
f 11465 11471 11472
f 11473 11474 11482
f 11473 11482 11481
f 11474 11475 11483
f 11474 11483 11482
f 11475 11476 11484
f 11475 11484 11483
f 11476 11477 11485
f 11476 11485 11484
f 11477 11478 11486
f 11477 11486 11485
f 11478 11479 11487
f 11478 11487 11486
f 11479 11480 11488
f 11479 11488 11487
f 11480 11473 11481
f 11480 11481 11488
f 11473 11475 11474
f 11481 11482 11483
f 11473 11476 11475
f 11481 11483 11484
f 11473 11477 11476
f 11481 11484 11485
f 11473 11478 11477
f 11481 11485 11486
f 11473 11479 11478
f 11481 11486 11487
f 11473 11480 11479
f 11481 11487 11488
f 11489 11490 11498
f 11489 11498 11497
f 11490 11491 11499
f 11490 11499 11498
f 11491 11492 11500
f 11491 11500 11499
f 11492 11493 11501
f 11492 11501 11500
f 11493 11494 11502
f 11493 11502 11501
f 11494 11495 11503
f 11494 11503 11502
f 11495 11496 11504
f 11495 11504 11503
f 11496 11489 11497
f 11496 11497 11504
f 11489 11491 11490
f 11497 11498 11499
f 11489 11492 11491
f 11497 11499 11500
f 11489 11493 11492
f 11497 11500 11501
f 11489 11494 11493
f 11497 11501 11502
f 11489 11495 11494
f 11497 11502 11503
f 11489 11496 11495
f 11497 11503 11504
f 11505 11506 11514
f 11505 11514 11513
f 11506 11507 11515
f 11506 11515 11514
f 11507 11508 11516
f 11507 11516 11515
f 11508 11509 11517
f 11508 11517 11516
f 11509 11510 11518
f 11509 11518 11517
f 11510 11511 11519
f 11510 11519 11518
f 11511 11512 11520
f 11511 11520 11519
f 11512 11505 11513
f 11512 11513 11520
f 11505 11507 11506
f 11513 11514 11515
f 11505 11508 11507
f 11513 11515 11516
f 11505 11509 11508
f 11513 11516 11517
f 11505 11510 11509
f 11513 11517 11518
f 11505 11511 11510
f 11513 11518 11519
f 11505 11512 11511
f 11513 11519 11520
f 11521 11522 11530
f 11521 11530 11529
f 11522 11523 11531
f 11522 11531 11530
f 11523 11524 11532
f 11523 11532 11531
f 11524 11525 11533
f 11524 11533 11532
f 11525 11526 11534
f 11525 11534 11533
f 11526 11527 11535
f 11526 11535 11534
f 11527 11528 11536
f 11527 11536 11535
f 11528 11521 11529
f 11528 11529 11536
f 11521 11523 11522
f 11529 11530 11531
f 11521 11524 11523
f 11529 11531 11532
f 11521 11525 11524
f 11529 11532 11533
f 11521 11526 11525
f 11529 11533 11534
f 11521 11527 11526
f 11529 11534 11535
f 11521 11528 11527
f 11529 11535 11536
f 11537 11538 11546
f 11537 11546 11545
f 11538 11539 11547
f 11538 11547 11546
f 11539 11540 11548
f 11539 11548 11547
f 11540 11541 11549
f 11540 11549 11548
f 11541 11542 11550
f 11541 11550 11549
f 11542 11543 11551
f 11542 11551 11550
f 11543 11544 11552
f 11543 11552 11551
f 11544 11537 11545
f 11544 11545 11552
f 11537 11539 11538
f 11545 11546 11547
f 11537 11540 11539
f 11545 11547 11548
f 11537 11541 11540
f 11545 11548 11549
f 11537 11542 11541
f 11545 11549 11550
f 11537 11543 11542
f 11545 11550 11551
f 11537 11544 11543
f 11545 11551 11552
f 11553 11554 11562
f 11553 11562 11561
f 11554 11555 11563
f 11554 11563 11562
f 11555 11556 11564
f 11555 11564 11563
f 11556 11557 11565
f 11556 11565 11564
f 11557 11558 11566
f 11557 11566 11565
f 11558 11559 11567
f 11558 11567 11566
f 11559 11560 11568
f 11559 11568 11567
f 11560 11553 11561
f 11560 11561 11568
f 11553 11555 11554
f 11561 11562 11563
f 11553 11556 11555
f 11561 11563 11564
f 11553 11557 11556
f 11561 11564 11565
f 11553 11558 11557
f 11561 11565 11566
f 11553 11559 11558
f 11561 11566 11567
f 11553 11560 11559
f 11561 11567 11568
f 11569 11570 11578
f 11569 11578 11577
f 11570 11571 11579
f 11570 11579 11578
f 11571 11572 11580
f 11571 11580 11579
f 11572 11573 11581
f 11572 11581 11580
f 11573 11574 11582
f 11573 11582 11581
f 11574 11575 11583
f 11574 11583 11582
f 11575 11576 11584
f 11575 11584 11583
f 11576 11569 11577
f 11576 11577 11584
f 11569 11571 11570
f 11577 11578 11579
f 11569 11572 11571
f 11577 11579 11580
f 11569 11573 11572
f 11577 11580 11581
f 11569 11574 11573
f 11577 11581 11582
f 11569 11575 11574
f 11577 11582 11583
f 11569 11576 11575
f 11577 11583 11584
f 11585 11586 11594
f 11585 11594 11593
f 11586 11587 11595
f 11586 11595 11594
f 11587 11588 11596
f 11587 11596 11595
f 11588 11589 11597
f 11588 11597 11596
f 11589 11590 11598
f 11589 11598 11597
f 11590 11591 11599
f 11590 11599 11598
f 11591 11592 11600
f 11591 11600 11599
f 11592 11585 11593
f 11592 11593 11600
f 11585 11587 11586
f 11593 11594 11595
f 11585 11588 11587
f 11593 11595 11596
f 11585 11589 11588
f 11593 11596 11597
f 11585 11590 11589
f 11593 11597 11598
f 11585 11591 11590
f 11593 11598 11599
f 11585 11592 11591
f 11593 11599 11600
f 11601 11602 11610
f 11601 11610 11609
f 11602 11603 11611
f 11602 11611 11610
f 11603 11604 11612
f 11603 11612 11611
f 11604 11605 11613
f 11604 11613 11612
f 11605 11606 11614
f 11605 11614 11613
f 11606 11607 11615
f 11606 11615 11614
f 11607 11608 11616
f 11607 11616 11615
f 11608 11601 11609
f 11608 11609 11616
f 11601 11603 11602
f 11609 11610 11611
f 11601 11604 11603
f 11609 11611 11612
f 11601 11605 11604
f 11609 11612 11613
f 11601 11606 11605
f 11609 11613 11614
f 11601 11607 11606
f 11609 11614 11615
f 11601 11608 11607
f 11609 11615 11616
f 11617 11618 11626
f 11617 11626 11625
f 11618 11619 11627
f 11618 11627 11626
f 11619 11620 11628
f 11619 11628 11627
f 11620 11621 11629
f 11620 11629 11628
f 11621 11622 11630
f 11621 11630 11629
f 11622 11623 11631
f 11622 11631 11630
f 11623 11624 11632
f 11623 11632 11631
f 11624 11617 11625
f 11624 11625 11632
f 11617 11619 11618
f 11625 11626 11627
f 11617 11620 11619
f 11625 11627 11628
f 11617 11621 11620
f 11625 11628 11629
f 11617 11622 11621
f 11625 11629 11630
f 11617 11623 11622
f 11625 11630 11631
f 11617 11624 11623
f 11625 11631 11632
f 11633 11634 11642
f 11633 11642 11641
f 11634 11635 11643
f 11634 11643 11642
f 11635 11636 11644
f 11635 11644 11643
f 11636 11637 11645
f 11636 11645 11644
f 11637 11638 11646
f 11637 11646 11645
f 11638 11639 11647
f 11638 11647 11646
f 11639 11640 11648
f 11639 11648 11647
f 11640 11633 11641
f 11640 11641 11648
f 11633 11635 11634
f 11641 11642 11643
f 11633 11636 11635
f 11641 11643 11644
f 11633 11637 11636
f 11641 11644 11645
f 11633 11638 11637
f 11641 11645 11646
f 11633 11639 11638
f 11641 11646 11647
f 11633 11640 11639
f 11641 11647 11648
f 11649 11650 11658
f 11649 11658 11657
f 11650 11651 11659
f 11650 11659 11658
f 11651 11652 11660
f 11651 11660 11659
f 11652 11653 11661
f 11652 11661 11660
f 11653 11654 11662
f 11653 11662 11661
f 11654 11655 11663
f 11654 11663 11662
f 11655 11656 11664
f 11655 11664 11663
f 11656 11649 11657
f 11656 11657 11664
f 11649 11651 11650
f 11657 11658 11659
f 11649 11652 11651
f 11657 11659 11660
f 11649 11653 11652
f 11657 11660 11661
f 11649 11654 11653
f 11657 11661 11662
f 11649 11655 11654
f 11657 11662 11663
f 11649 11656 11655
f 11657 11663 11664
f 11665 11666 11674
f 11665 11674 11673
f 11666 11667 11675
f 11666 11675 11674
f 11667 11668 11676
f 11667 11676 11675
f 11668 11669 11677
f 11668 11677 11676
f 11669 11670 11678
f 11669 11678 11677
f 11670 11671 11679
f 11670 11679 11678
f 11671 11672 11680
f 11671 11680 11679
f 11672 11665 11673
f 11672 11673 11680
f 11665 11667 11666
f 11673 11674 11675
f 11665 11668 11667
f 11673 11675 11676
f 11665 11669 11668
f 11673 11676 11677
f 11665 11670 11669
f 11673 11677 11678
f 11665 11671 11670
f 11673 11678 11679
f 11665 11672 11671
f 11673 11679 11680
f 11681 11682 11690
f 11681 11690 11689
f 11682 11683 11691
f 11682 11691 11690
f 11683 11684 11692
f 11683 11692 11691
f 11684 11685 11693
f 11684 11693 11692
f 11685 11686 11694
f 11685 11694 11693
f 11686 11687 11695
f 11686 11695 11694
f 11687 11688 11696
f 11687 11696 11695
f 11688 11681 11689
f 11688 11689 11696
f 11681 11683 11682
f 11689 11690 11691
f 11681 11684 11683
f 11689 11691 11692
f 11681 11685 11684
f 11689 11692 11693
f 11681 11686 11685
f 11689 11693 11694
f 11681 11687 11686
f 11689 11694 11695
f 11681 11688 11687
f 11689 11695 11696
f 11697 11698 11706
f 11697 11706 11705
f 11698 11699 11707
f 11698 11707 11706
f 11699 11700 11708
f 11699 11708 11707
f 11700 11701 11709
f 11700 11709 11708
f 11701 11702 11710
f 11701 11710 11709
f 11702 11703 11711
f 11702 11711 11710
f 11703 11704 11712
f 11703 11712 11711
f 11704 11697 11705
f 11704 11705 11712
f 11697 11699 11698
f 11705 11706 11707
f 11697 11700 11699
f 11705 11707 11708
f 11697 11701 11700
f 11705 11708 11709
f 11697 11702 11701
f 11705 11709 11710
f 11697 11703 11702
f 11705 11710 11711
f 11697 11704 11703
f 11705 11711 11712
f 11713 11714 11722
f 11713 11722 11721
f 11714 11715 11723
f 11714 11723 11722
f 11715 11716 11724
f 11715 11724 11723
f 11716 11717 11725
f 11716 11725 11724
f 11717 11718 11726
f 11717 11726 11725
f 11718 11719 11727
f 11718 11727 11726
f 11719 11720 11728
f 11719 11728 11727
f 11720 11713 11721
f 11720 11721 11728
f 11713 11715 11714
f 11721 11722 11723
f 11713 11716 11715
f 11721 11723 11724
f 11713 11717 11716
f 11721 11724 11725
f 11713 11718 11717
f 11721 11725 11726
f 11713 11719 11718
f 11721 11726 11727
f 11713 11720 11719
f 11721 11727 11728
f 11729 11730 11738
f 11729 11738 11737
f 11730 11731 11739
f 11730 11739 11738
f 11731 11732 11740
f 11731 11740 11739
f 11732 11733 11741
f 11732 11741 11740
f 11733 11734 11742
f 11733 11742 11741
f 11734 11735 11743
f 11734 11743 11742
f 11735 11736 11744
f 11735 11744 11743
f 11736 11729 11737
f 11736 11737 11744
f 11729 11731 11730
f 11737 11738 11739
f 11729 11732 11731
f 11737 11739 11740
f 11729 11733 11732
f 11737 11740 11741
f 11729 11734 11733
f 11737 11741 11742
f 11729 11735 11734
f 11737 11742 11743
f 11729 11736 11735
f 11737 11743 11744
f 11745 11746 11754
f 11745 11754 11753
f 11746 11747 11755
f 11746 11755 11754
f 11747 11748 11756
f 11747 11756 11755
f 11748 11749 11757
f 11748 11757 11756
f 11749 11750 11758
f 11749 11758 11757
f 11750 11751 11759
f 11750 11759 11758
f 11751 11752 11760
f 11751 11760 11759
f 11752 11745 11753
f 11752 11753 11760
f 11745 11747 11746
f 11753 11754 11755
f 11745 11748 11747
f 11753 11755 11756
f 11745 11749 11748
f 11753 11756 11757
f 11745 11750 11749
f 11753 11757 11758
f 11745 11751 11750
f 11753 11758 11759
f 11745 11752 11751
f 11753 11759 11760
f 11761 11762 11770
f 11761 11770 11769
f 11762 11763 11771
f 11762 11771 11770
f 11763 11764 11772
f 11763 11772 11771
f 11764 11765 11773
f 11764 11773 11772
f 11765 11766 11774
f 11765 11774 11773
f 11766 11767 11775
f 11766 11775 11774
f 11767 11768 11776
f 11767 11776 11775
f 11768 11761 11769
f 11768 11769 11776
f 11761 11763 11762
f 11769 11770 11771
f 11761 11764 11763
f 11769 11771 11772
f 11761 11765 11764
f 11769 11772 11773
f 11761 11766 11765
f 11769 11773 11774
f 11761 11767 11766
f 11769 11774 11775
f 11761 11768 11767
f 11769 11775 11776
f 11777 11778 11786
f 11777 11786 11785
f 11778 11779 11787
f 11778 11787 11786
f 11779 11780 11788
f 11779 11788 11787
f 11780 11781 11789
f 11780 11789 11788
f 11781 11782 11790
f 11781 11790 11789
f 11782 11783 11791
f 11782 11791 11790
f 11783 11784 11792
f 11783 11792 11791
f 11784 11777 11785
f 11784 11785 11792
f 11777 11779 11778
f 11785 11786 11787
f 11777 11780 11779
f 11785 11787 11788
f 11777 11781 11780
f 11785 11788 11789
f 11777 11782 11781
f 11785 11789 11790
f 11777 11783 11782
f 11785 11790 11791
f 11777 11784 11783
f 11785 11791 11792
f 11793 11794 11802
f 11793 11802 11801
f 11794 11795 11803
f 11794 11803 11802
f 11795 11796 11804
f 11795 11804 11803
f 11796 11797 11805
f 11796 11805 11804
f 11797 11798 11806
f 11797 11806 11805
f 11798 11799 11807
f 11798 11807 11806
f 11799 11800 11808
f 11799 11808 11807
f 11800 11793 11801
f 11800 11801 11808
f 11793 11795 11794
f 11801 11802 11803
f 11793 11796 11795
f 11801 11803 11804
f 11793 11797 11796
f 11801 11804 11805
f 11793 11798 11797
f 11801 11805 11806
f 11793 11799 11798
f 11801 11806 11807
f 11793 11800 11799
f 11801 11807 11808
f 11809 11810 11818
f 11809 11818 11817
f 11810 11811 11819
f 11810 11819 11818
f 11811 11812 11820
f 11811 11820 11819
f 11812 11813 11821
f 11812 11821 11820
f 11813 11814 11822
f 11813 11822 11821
f 11814 11815 11823
f 11814 11823 11822
f 11815 11816 11824
f 11815 11824 11823
f 11816 11809 11817
f 11816 11817 11824
f 11809 11811 11810
f 11817 11818 11819
f 11809 11812 11811
f 11817 11819 11820
f 11809 11813 11812
f 11817 11820 11821
f 11809 11814 11813
f 11817 11821 11822
f 11809 11815 11814
f 11817 11822 11823
f 11809 11816 11815
f 11817 11823 11824
f 11825 11826 11834
f 11825 11834 11833
f 11826 11827 11835
f 11826 11835 11834
f 11827 11828 11836
f 11827 11836 11835
f 11828 11829 11837
f 11828 11837 11836
f 11829 11830 11838
f 11829 11838 11837
f 11830 11831 11839
f 11830 11839 11838
f 11831 11832 11840
f 11831 11840 11839
f 11832 11825 11833
f 11832 11833 11840
f 11825 11827 11826
f 11833 11834 11835
f 11825 11828 11827
f 11833 11835 11836
f 11825 11829 11828
f 11833 11836 11837
f 11825 11830 11829
f 11833 11837 11838
f 11825 11831 11830
f 11833 11838 11839
f 11825 11832 11831
f 11833 11839 11840
f 11841 11842 11850
f 11841 11850 11849
f 11842 11843 11851
f 11842 11851 11850
f 11843 11844 11852
f 11843 11852 11851
f 11844 11845 11853
f 11844 11853 11852
f 11845 11846 11854
f 11845 11854 11853
f 11846 11847 11855
f 11846 11855 11854
f 11847 11848 11856
f 11847 11856 11855
f 11848 11841 11849
f 11848 11849 11856
f 11841 11843 11842
f 11849 11850 11851
f 11841 11844 11843
f 11849 11851 11852
f 11841 11845 11844
f 11849 11852 11853
f 11841 11846 11845
f 11849 11853 11854
f 11841 11847 11846
f 11849 11854 11855
f 11841 11848 11847
f 11849 11855 11856
f 11857 11858 11866
f 11857 11866 11865
f 11858 11859 11867
f 11858 11867 11866
f 11859 11860 11868
f 11859 11868 11867
f 11860 11861 11869
f 11860 11869 11868
f 11861 11862 11870
f 11861 11870 11869
f 11862 11863 11871
f 11862 11871 11870
f 11863 11864 11872
f 11863 11872 11871
f 11864 11857 11865
f 11864 11865 11872
f 11857 11859 11858
f 11865 11866 11867
f 11857 11860 11859
f 11865 11867 11868
f 11857 11861 11860
f 11865 11868 11869
f 11857 11862 11861
f 11865 11869 11870
f 11857 11863 11862
f 11865 11870 11871
f 11857 11864 11863
f 11865 11871 11872
f 11873 11874 11882
f 11873 11882 11881
f 11874 11875 11883
f 11874 11883 11882
f 11875 11876 11884
f 11875 11884 11883
f 11876 11877 11885
f 11876 11885 11884
f 11877 11878 11886
f 11877 11886 11885
f 11878 11879 11887
f 11878 11887 11886
f 11879 11880 11888
f 11879 11888 11887
f 11880 11873 11881
f 11880 11881 11888
f 11873 11875 11874
f 11881 11882 11883
f 11873 11876 11875
f 11881 11883 11884
f 11873 11877 11876
f 11881 11884 11885
f 11873 11878 11877
f 11881 11885 11886
f 11873 11879 11878
f 11881 11886 11887
f 11873 11880 11879
f 11881 11887 11888
f 11889 11890 11898
f 11889 11898 11897
f 11890 11891 11899
f 11890 11899 11898
f 11891 11892 11900
f 11891 11900 11899
f 11892 11893 11901
f 11892 11901 11900
f 11893 11894 11902
f 11893 11902 11901
f 11894 11895 11903
f 11894 11903 11902
f 11895 11896 11904
f 11895 11904 11903
f 11896 11889 11897
f 11896 11897 11904
f 11889 11891 11890
f 11897 11898 11899
f 11889 11892 11891
f 11897 11899 11900
f 11889 11893 11892
f 11897 11900 11901
f 11889 11894 11893
f 11897 11901 11902
f 11889 11895 11894
f 11897 11902 11903
f 11889 11896 11895
f 11897 11903 11904
f 11905 11906 11914
f 11905 11914 11913
f 11906 11907 11915
f 11906 11915 11914
f 11907 11908 11916
f 11907 11916 11915
f 11908 11909 11917
f 11908 11917 11916
f 11909 11910 11918
f 11909 11918 11917
f 11910 11911 11919
f 11910 11919 11918
f 11911 11912 11920
f 11911 11920 11919
f 11912 11905 11913
f 11912 11913 11920
f 11905 11907 11906
f 11913 11914 11915
f 11905 11908 11907
f 11913 11915 11916
f 11905 11909 11908
f 11913 11916 11917
f 11905 11910 11909
f 11913 11917 11918
f 11905 11911 11910
f 11913 11918 11919
f 11905 11912 11911
f 11913 11919 11920
f 11921 11922 11930
f 11921 11930 11929
f 11922 11923 11931
f 11922 11931 11930
f 11923 11924 11932
f 11923 11932 11931
f 11924 11925 11933
f 11924 11933 11932
f 11925 11926 11934
f 11925 11934 11933
f 11926 11927 11935
f 11926 11935 11934
f 11927 11928 11936
f 11927 11936 11935
f 11928 11921 11929
f 11928 11929 11936
f 11921 11923 11922
f 11929 11930 11931
f 11921 11924 11923
f 11929 11931 11932
f 11921 11925 11924
f 11929 11932 11933
f 11921 11926 11925
f 11929 11933 11934
f 11921 11927 11926
f 11929 11934 11935
f 11921 11928 11927
f 11929 11935 11936
f 11937 11938 11946
f 11937 11946 11945
f 11938 11939 11947
f 11938 11947 11946
f 11939 11940 11948
f 11939 11948 11947
f 11940 11941 11949
f 11940 11949 11948
f 11941 11942 11950
f 11941 11950 11949
f 11942 11943 11951
f 11942 11951 11950
f 11943 11944 11952
f 11943 11952 11951
f 11944 11937 11945
f 11944 11945 11952
f 11937 11939 11938
f 11945 11946 11947
f 11937 11940 11939
f 11945 11947 11948
f 11937 11941 11940
f 11945 11948 11949
f 11937 11942 11941
f 11945 11949 11950
f 11937 11943 11942
f 11945 11950 11951
f 11937 11944 11943
f 11945 11951 11952
f 11953 11954 11962
f 11953 11962 11961
f 11954 11955 11963
f 11954 11963 11962
f 11955 11956 11964
f 11955 11964 11963
f 11956 11957 11965
f 11956 11965 11964
f 11957 11958 11966
f 11957 11966 11965
f 11958 11959 11967
f 11958 11967 11966
f 11959 11960 11968
f 11959 11968 11967
f 11960 11953 11961
f 11960 11961 11968
f 11953 11955 11954
f 11961 11962 11963
f 11953 11956 11955
f 11961 11963 11964
f 11953 11957 11956
f 11961 11964 11965
f 11953 11958 11957
f 11961 11965 11966
f 11953 11959 11958
f 11961 11966 11967
f 11953 11960 11959
f 11961 11967 11968
f 11969 11970 11978
f 11969 11978 11977
f 11970 11971 11979
f 11970 11979 11978
f 11971 11972 11980
f 11971 11980 11979
f 11972 11973 11981
f 11972 11981 11980
f 11973 11974 11982
f 11973 11982 11981
f 11974 11975 11983
f 11974 11983 11982
f 11975 11976 11984
f 11975 11984 11983
f 11976 11969 11977
f 11976 11977 11984
f 11969 11971 11970
f 11977 11978 11979
f 11969 11972 11971
f 11977 11979 11980
f 11969 11973 11972
f 11977 11980 11981
f 11969 11974 11973
f 11977 11981 11982
f 11969 11975 11974
f 11977 11982 11983
f 11969 11976 11975
f 11977 11983 11984
f 11985 11986 11994
f 11985 11994 11993
f 11986 11987 11995
f 11986 11995 11994
f 11987 11988 11996
f 11987 11996 11995
f 11988 11989 11997
f 11988 11997 11996
f 11989 11990 11998
f 11989 11998 11997
f 11990 11991 11999
f 11990 11999 11998
f 11991 11992 12000
f 11991 12000 11999
f 11992 11985 11993
f 11992 11993 12000
f 11985 11987 11986
f 11993 11994 11995
f 11985 11988 11987
f 11993 11995 11996
f 11985 11989 11988
f 11993 11996 11997
f 11985 11990 11989
f 11993 11997 11998
f 11985 11991 11990
f 11993 11998 11999
f 11985 11992 11991
f 11993 11999 12000
f 12001 12002 12010
f 12001 12010 12009
f 12002 12003 12011
f 12002 12011 12010
f 12003 12004 12012
f 12003 12012 12011
f 12004 12005 12013
f 12004 12013 12012
f 12005 12006 12014
f 12005 12014 12013
f 12006 12007 12015
f 12006 12015 12014
f 12007 12008 12016
f 12007 12016 12015
f 12008 12001 12009
f 12008 12009 12016
f 12001 12003 12002
f 12009 12010 12011
f 12001 12004 12003
f 12009 12011 12012
f 12001 12005 12004
f 12009 12012 12013
f 12001 12006 12005
f 12009 12013 12014
f 12001 12007 12006
f 12009 12014 12015
f 12001 12008 12007
f 12009 12015 12016
f 12017 12018 12026
f 12017 12026 12025
f 12018 12019 12027
f 12018 12027 12026
f 12019 12020 12028
f 12019 12028 12027
f 12020 12021 12029
f 12020 12029 12028
f 12021 12022 12030
f 12021 12030 12029
f 12022 12023 12031
f 12022 12031 12030
f 12023 12024 12032
f 12023 12032 12031
f 12024 12017 12025
f 12024 12025 12032
f 12017 12019 12018
f 12025 12026 12027
f 12017 12020 12019
f 12025 12027 12028
f 12017 12021 12020
f 12025 12028 12029
f 12017 12022 12021
f 12025 12029 12030
f 12017 12023 12022
f 12025 12030 12031
f 12017 12024 12023
f 12025 12031 12032
f 12033 12034 12042
f 12033 12042 12041
f 12034 12035 12043
f 12034 12043 12042
f 12035 12036 12044
f 12035 12044 12043
f 12036 12037 12045
f 12036 12045 12044
f 12037 12038 12046
f 12037 12046 12045
f 12038 12039 12047
f 12038 12047 12046
f 12039 12040 12048
f 12039 12048 12047
f 12040 12033 12041
f 12040 12041 12048
f 12033 12035 12034
f 12041 12042 12043
f 12033 12036 12035
f 12041 12043 12044
f 12033 12037 12036
f 12041 12044 12045
f 12033 12038 12037
f 12041 12045 12046
f 12033 12039 12038
f 12041 12046 12047
f 12033 12040 12039
f 12041 12047 12048
f 12049 12050 12058
f 12049 12058 12057
f 12050 12051 12059
f 12050 12059 12058
f 12051 12052 12060
f 12051 12060 12059
f 12052 12053 12061
f 12052 12061 12060
f 12053 12054 12062
f 12053 12062 12061
f 12054 12055 12063
f 12054 12063 12062
f 12055 12056 12064
f 12055 12064 12063
f 12056 12049 12057
f 12056 12057 12064
f 12049 12051 12050
f 12057 12058 12059
f 12049 12052 12051
f 12057 12059 12060
f 12049 12053 12052
f 12057 12060 12061
f 12049 12054 12053
f 12057 12061 12062
f 12049 12055 12054
f 12057 12062 12063
f 12049 12056 12055
f 12057 12063 12064
f 12065 12066 12074
f 12065 12074 12073
f 12066 12067 12075
f 12066 12075 12074
f 12067 12068 12076
f 12067 12076 12075
f 12068 12069 12077
f 12068 12077 12076
f 12069 12070 12078
f 12069 12078 12077
f 12070 12071 12079
f 12070 12079 12078
f 12071 12072 12080
f 12071 12080 12079
f 12072 12065 12073
f 12072 12073 12080
f 12065 12067 12066
f 12073 12074 12075
f 12065 12068 12067
f 12073 12075 12076
f 12065 12069 12068
f 12073 12076 12077
f 12065 12070 12069
f 12073 12077 12078
f 12065 12071 12070
f 12073 12078 12079
f 12065 12072 12071
f 12073 12079 12080
f 12081 12082 12090
f 12081 12090 12089
f 12082 12083 12091
f 12082 12091 12090
f 12083 12084 12092
f 12083 12092 12091
f 12084 12085 12093
f 12084 12093 12092
f 12085 12086 12094
f 12085 12094 12093
f 12086 12087 12095
f 12086 12095 12094
f 12087 12088 12096
f 12087 12096 12095
f 12088 12081 12089
f 12088 12089 12096
f 12081 12083 12082
f 12089 12090 12091
f 12081 12084 12083
f 12089 12091 12092
f 12081 12085 12084
f 12089 12092 12093
f 12081 12086 12085
f 12089 12093 12094
f 12081 12087 12086
f 12089 12094 12095
f 12081 12088 12087
f 12089 12095 12096
f 12097 12098 12106
f 12097 12106 12105
f 12098 12099 12107
f 12098 12107 12106
f 12099 12100 12108
f 12099 12108 12107
f 12100 12101 12109
f 12100 12109 12108
f 12101 12102 12110
f 12101 12110 12109
f 12102 12103 12111
f 12102 12111 12110
f 12103 12104 12112
f 12103 12112 12111
f 12104 12097 12105
f 12104 12105 12112
f 12097 12099 12098
f 12105 12106 12107
f 12097 12100 12099
f 12105 12107 12108
f 12097 12101 12100
f 12105 12108 12109
f 12097 12102 12101
f 12105 12109 12110
f 12097 12103 12102
f 12105 12110 12111
f 12097 12104 12103
f 12105 12111 12112
f 12113 12114 12122
f 12113 12122 12121
f 12114 12115 12123
f 12114 12123 12122
f 12115 12116 12124
f 12115 12124 12123
f 12116 12117 12125
f 12116 12125 12124
f 12117 12118 12126
f 12117 12126 12125
f 12118 12119 12127
f 12118 12127 12126
f 12119 12120 12128
f 12119 12128 12127
f 12120 12113 12121
f 12120 12121 12128
f 12113 12115 12114
f 12121 12122 12123
f 12113 12116 12115
f 12121 12123 12124
f 12113 12117 12116
f 12121 12124 12125
f 12113 12118 12117
f 12121 12125 12126
f 12113 12119 12118
f 12121 12126 12127
f 12113 12120 12119
f 12121 12127 12128
f 12129 12130 12138
f 12129 12138 12137
f 12130 12131 12139
f 12130 12139 12138
f 12131 12132 12140
f 12131 12140 12139
f 12132 12133 12141
f 12132 12141 12140
f 12133 12134 12142
f 12133 12142 12141
f 12134 12135 12143
f 12134 12143 12142
f 12135 12136 12144
f 12135 12144 12143
f 12136 12129 12137
f 12136 12137 12144
f 12129 12131 12130
f 12137 12138 12139
f 12129 12132 12131
f 12137 12139 12140
f 12129 12133 12132
f 12137 12140 12141
f 12129 12134 12133
f 12137 12141 12142
f 12129 12135 12134
f 12137 12142 12143
f 12129 12136 12135
f 12137 12143 12144
f 12145 12146 12154
f 12145 12154 12153
f 12146 12147 12155
f 12146 12155 12154
f 12147 12148 12156
f 12147 12156 12155
f 12148 12149 12157
f 12148 12157 12156
f 12149 12150 12158
f 12149 12158 12157
f 12150 12151 12159
f 12150 12159 12158
f 12151 12152 12160
f 12151 12160 12159
f 12152 12145 12153
f 12152 12153 12160
f 12145 12147 12146
f 12153 12154 12155
f 12145 12148 12147
f 12153 12155 12156
f 12145 12149 12148
f 12153 12156 12157
f 12145 12150 12149
f 12153 12157 12158
f 12145 12151 12150
f 12153 12158 12159
f 12145 12152 12151
f 12153 12159 12160
f 12161 12162 12170
f 12161 12170 12169
f 12162 12163 12171
f 12162 12171 12170
f 12163 12164 12172
f 12163 12172 12171
f 12164 12165 12173
f 12164 12173 12172
f 12165 12166 12174
f 12165 12174 12173
f 12166 12167 12175
f 12166 12175 12174
f 12167 12168 12176
f 12167 12176 12175
f 12168 12161 12169
f 12168 12169 12176
f 12161 12163 12162
f 12169 12170 12171
f 12161 12164 12163
f 12169 12171 12172
f 12161 12165 12164
f 12169 12172 12173
f 12161 12166 12165
f 12169 12173 12174
f 12161 12167 12166
f 12169 12174 12175
f 12161 12168 12167
f 12169 12175 12176
f 12177 12178 12186
f 12177 12186 12185
f 12178 12179 12187
f 12178 12187 12186
f 12179 12180 12188
f 12179 12188 12187
f 12180 12181 12189
f 12180 12189 12188
f 12181 12182 12190
f 12181 12190 12189
f 12182 12183 12191
f 12182 12191 12190
f 12183 12184 12192
f 12183 12192 12191
f 12184 12177 12185
f 12184 12185 12192
f 12177 12179 12178
f 12185 12186 12187
f 12177 12180 12179
f 12185 12187 12188
f 12177 12181 12180
f 12185 12188 12189
f 12177 12182 12181
f 12185 12189 12190
f 12177 12183 12182
f 12185 12190 12191
f 12177 12184 12183
f 12185 12191 12192
f 12193 12194 12202
f 12193 12202 12201
f 12194 12195 12203
f 12194 12203 12202
f 12195 12196 12204
f 12195 12204 12203
f 12196 12197 12205
f 12196 12205 12204
f 12197 12198 12206
f 12197 12206 12205
f 12198 12199 12207
f 12198 12207 12206
f 12199 12200 12208
f 12199 12208 12207
f 12200 12193 12201
f 12200 12201 12208
f 12193 12195 12194
f 12201 12202 12203
f 12193 12196 12195
f 12201 12203 12204
f 12193 12197 12196
f 12201 12204 12205
f 12193 12198 12197
f 12201 12205 12206
f 12193 12199 12198
f 12201 12206 12207
f 12193 12200 12199
f 12201 12207 12208
f 12209 12210 12218
f 12209 12218 12217
f 12210 12211 12219
f 12210 12219 12218
f 12211 12212 12220
f 12211 12220 12219
f 12212 12213 12221
f 12212 12221 12220
f 12213 12214 12222
f 12213 12222 12221
f 12214 12215 12223
f 12214 12223 12222
f 12215 12216 12224
f 12215 12224 12223
f 12216 12209 12217
f 12216 12217 12224
f 12209 12211 12210
f 12217 12218 12219
f 12209 12212 12211
f 12217 12219 12220
f 12209 12213 12212
f 12217 12220 12221
f 12209 12214 12213
f 12217 12221 12222
f 12209 12215 12214
f 12217 12222 12223
f 12209 12216 12215
f 12217 12223 12224
f 12225 12226 12234
f 12225 12234 12233
f 12226 12227 12235
f 12226 12235 12234
f 12227 12228 12236
f 12227 12236 12235
f 12228 12229 12237
f 12228 12237 12236
f 12229 12230 12238
f 12229 12238 12237
f 12230 12231 12239
f 12230 12239 12238
f 12231 12232 12240
f 12231 12240 12239
f 12232 12225 12233
f 12232 12233 12240
f 12225 12227 12226
f 12233 12234 12235
f 12225 12228 12227
f 12233 12235 12236
f 12225 12229 12228
f 12233 12236 12237
f 12225 12230 12229
f 12233 12237 12238
f 12225 12231 12230
f 12233 12238 12239
f 12225 12232 12231
f 12233 12239 12240
f 12241 12242 12250
f 12241 12250 12249
f 12242 12243 12251
f 12242 12251 12250
f 12243 12244 12252
f 12243 12252 12251
f 12244 12245 12253
f 12244 12253 12252
f 12245 12246 12254
f 12245 12254 12253
f 12246 12247 12255
f 12246 12255 12254
f 12247 12248 12256
f 12247 12256 12255
f 12248 12241 12249
f 12248 12249 12256
f 12241 12243 12242
f 12249 12250 12251
f 12241 12244 12243
f 12249 12251 12252
f 12241 12245 12244
f 12249 12252 12253
f 12241 12246 12245
f 12249 12253 12254
f 12241 12247 12246
f 12249 12254 12255
f 12241 12248 12247
f 12249 12255 12256
f 12257 12258 12266
f 12257 12266 12265
f 12258 12259 12267
f 12258 12267 12266
f 12259 12260 12268
f 12259 12268 12267
f 12260 12261 12269
f 12260 12269 12268
f 12261 12262 12270
f 12261 12270 12269
f 12262 12263 12271
f 12262 12271 12270
f 12263 12264 12272
f 12263 12272 12271
f 12264 12257 12265
f 12264 12265 12272
f 12257 12259 12258
f 12265 12266 12267
f 12257 12260 12259
f 12265 12267 12268
f 12257 12261 12260
f 12265 12268 12269
f 12257 12262 12261
f 12265 12269 12270
f 12257 12263 12262
f 12265 12270 12271
f 12257 12264 12263
f 12265 12271 12272
f 12273 12274 12282
f 12273 12282 12281
f 12274 12275 12283
f 12274 12283 12282
f 12275 12276 12284
f 12275 12284 12283
f 12276 12277 12285
f 12276 12285 12284
f 12277 12278 12286
f 12277 12286 12285
f 12278 12279 12287
f 12278 12287 12286
f 12279 12280 12288
f 12279 12288 12287
f 12280 12273 12281
f 12280 12281 12288
f 12273 12275 12274
f 12281 12282 12283
f 12273 12276 12275
f 12281 12283 12284
f 12273 12277 12276
f 12281 12284 12285
f 12273 12278 12277
f 12281 12285 12286
f 12273 12279 12278
f 12281 12286 12287
f 12273 12280 12279
f 12281 12287 12288
f 12289 12290 12298
f 12289 12298 12297
f 12290 12291 12299
f 12290 12299 12298
f 12291 12292 12300
f 12291 12300 12299
f 12292 12293 12301
f 12292 12301 12300
f 12293 12294 12302
f 12293 12302 12301
f 12294 12295 12303
f 12294 12303 12302
f 12295 12296 12304
f 12295 12304 12303
f 12296 12289 12297
f 12296 12297 12304
f 12289 12291 12290
f 12297 12298 12299
f 12289 12292 12291
f 12297 12299 12300
f 12289 12293 12292
f 12297 12300 12301
f 12289 12294 12293
f 12297 12301 12302
f 12289 12295 12294
f 12297 12302 12303
f 12289 12296 12295
f 12297 12303 12304
f 12305 12306 12314
f 12305 12314 12313
f 12306 12307 12315
f 12306 12315 12314
f 12307 12308 12316
f 12307 12316 12315
f 12308 12309 12317
f 12308 12317 12316
f 12309 12310 12318
f 12309 12318 12317
f 12310 12311 12319
f 12310 12319 12318
f 12311 12312 12320
f 12311 12320 12319
f 12312 12305 12313
f 12312 12313 12320
f 12305 12307 12306
f 12313 12314 12315
f 12305 12308 12307
f 12313 12315 12316
f 12305 12309 12308
f 12313 12316 12317
f 12305 12310 12309
f 12313 12317 12318
f 12305 12311 12310
f 12313 12318 12319
f 12305 12312 12311
f 12313 12319 12320
f 12321 12322 12330
f 12321 12330 12329
f 12322 12323 12331
f 12322 12331 12330
f 12323 12324 12332
f 12323 12332 12331
f 12324 12325 12333
f 12324 12333 12332
f 12325 12326 12334
f 12325 12334 12333
f 12326 12327 12335
f 12326 12335 12334
f 12327 12328 12336
f 12327 12336 12335
f 12328 12321 12329
f 12328 12329 12336
f 12321 12323 12322
f 12329 12330 12331
f 12321 12324 12323
f 12329 12331 12332
f 12321 12325 12324
f 12329 12332 12333
f 12321 12326 12325
f 12329 12333 12334
f 12321 12327 12326
f 12329 12334 12335
f 12321 12328 12327
f 12329 12335 12336
f 12337 12338 12346
f 12337 12346 12345
f 12338 12339 12347
f 12338 12347 12346
f 12339 12340 12348
f 12339 12348 12347
f 12340 12341 12349
f 12340 12349 12348
f 12341 12342 12350
f 12341 12350 12349
f 12342 12343 12351
f 12342 12351 12350
f 12343 12344 12352
f 12343 12352 12351
f 12344 12337 12345
f 12344 12345 12352
f 12337 12339 12338
f 12345 12346 12347
f 12337 12340 12339
f 12345 12347 12348
f 12337 12341 12340
f 12345 12348 12349
f 12337 12342 12341
f 12345 12349 12350
f 12337 12343 12342
f 12345 12350 12351
f 12337 12344 12343
f 12345 12351 12352
f 12353 12354 12362
f 12353 12362 12361
f 12354 12355 12363
f 12354 12363 12362
f 12355 12356 12364
f 12355 12364 12363
f 12356 12357 12365
f 12356 12365 12364
f 12357 12358 12366
f 12357 12366 12365
f 12358 12359 12367
f 12358 12367 12366
f 12359 12360 12368
f 12359 12368 12367
f 12360 12353 12361
f 12360 12361 12368
f 12353 12355 12354
f 12361 12362 12363
f 12353 12356 12355
f 12361 12363 12364
f 12353 12357 12356
f 12361 12364 12365
f 12353 12358 12357
f 12361 12365 12366
f 12353 12359 12358
f 12361 12366 12367
f 12353 12360 12359
f 12361 12367 12368
f 12369 12370 12378
f 12369 12378 12377
f 12370 12371 12379
f 12370 12379 12378
f 12371 12372 12380
f 12371 12380 12379
f 12372 12373 12381
f 12372 12381 12380
f 12373 12374 12382
f 12373 12382 12381
f 12374 12375 12383
f 12374 12383 12382
f 12375 12376 12384
f 12375 12384 12383
f 12376 12369 12377
f 12376 12377 12384
f 12369 12371 12370
f 12377 12378 12379
f 12369 12372 12371
f 12377 12379 12380
f 12369 12373 12372
f 12377 12380 12381
f 12369 12374 12373
f 12377 12381 12382
f 12369 12375 12374
f 12377 12382 12383
f 12369 12376 12375
f 12377 12383 12384
f 12385 12386 12394
f 12385 12394 12393
f 12386 12387 12395
f 12386 12395 12394
f 12387 12388 12396
f 12387 12396 12395
f 12388 12389 12397
f 12388 12397 12396
f 12389 12390 12398
f 12389 12398 12397
f 12390 12391 12399
f 12390 12399 12398
f 12391 12392 12400
f 12391 12400 12399
f 12392 12385 12393
f 12392 12393 12400
f 12385 12387 12386
f 12393 12394 12395
f 12385 12388 12387
f 12393 12395 12396
f 12385 12389 12388
f 12393 12396 12397
f 12385 12390 12389
f 12393 12397 12398
f 12385 12391 12390
f 12393 12398 12399
f 12385 12392 12391
f 12393 12399 12400
f 12401 12402 12410
f 12401 12410 12409
f 12402 12403 12411
f 12402 12411 12410
f 12403 12404 12412
f 12403 12412 12411
f 12404 12405 12413
f 12404 12413 12412
f 12405 12406 12414
f 12405 12414 12413
f 12406 12407 12415
f 12406 12415 12414
f 12407 12408 12416
f 12407 12416 12415
f 12408 12401 12409
f 12408 12409 12416
f 12401 12403 12402
f 12409 12410 12411
f 12401 12404 12403
f 12409 12411 12412
f 12401 12405 12404
f 12409 12412 12413
f 12401 12406 12405
f 12409 12413 12414
f 12401 12407 12406
f 12409 12414 12415
f 12401 12408 12407
f 12409 12415 12416
f 12417 12418 12426
f 12417 12426 12425
f 12418 12419 12427
f 12418 12427 12426
f 12419 12420 12428
f 12419 12428 12427
f 12420 12421 12429
f 12420 12429 12428
f 12421 12422 12430
f 12421 12430 12429
f 12422 12423 12431
f 12422 12431 12430
f 12423 12424 12432
f 12423 12432 12431
f 12424 12417 12425
f 12424 12425 12432
f 12417 12419 12418
f 12425 12426 12427
f 12417 12420 12419
f 12425 12427 12428
f 12417 12421 12420
f 12425 12428 12429
f 12417 12422 12421
f 12425 12429 12430
f 12417 12423 12422
f 12425 12430 12431
f 12417 12424 12423
f 12425 12431 12432
f 12433 12434 12442
f 12433 12442 12441
f 12434 12435 12443
f 12434 12443 12442
f 12435 12436 12444
f 12435 12444 12443
f 12436 12437 12445
f 12436 12445 12444
f 12437 12438 12446
f 12437 12446 12445
f 12438 12439 12447
f 12438 12447 12446
f 12439 12440 12448
f 12439 12448 12447
f 12440 12433 12441
f 12440 12441 12448
f 12433 12435 12434
f 12441 12442 12443
f 12433 12436 12435
f 12441 12443 12444
f 12433 12437 12436
f 12441 12444 12445
f 12433 12438 12437
f 12441 12445 12446
f 12433 12439 12438
f 12441 12446 12447
f 12433 12440 12439
f 12441 12447 12448
f 12449 12450 12458
f 12449 12458 12457
f 12450 12451 12459
f 12450 12459 12458
f 12451 12452 12460
f 12451 12460 12459
f 12452 12453 12461
f 12452 12461 12460
f 12453 12454 12462
f 12453 12462 12461
f 12454 12455 12463
f 12454 12463 12462
f 12455 12456 12464
f 12455 12464 12463
f 12456 12449 12457
f 12456 12457 12464
f 12449 12451 12450
f 12457 12458 12459
f 12449 12452 12451
f 12457 12459 12460
f 12449 12453 12452
f 12457 12460 12461
f 12449 12454 12453
f 12457 12461 12462
f 12449 12455 12454
f 12457 12462 12463
f 12449 12456 12455
f 12457 12463 12464
f 12465 12466 12474
f 12465 12474 12473
f 12466 12467 12475
f 12466 12475 12474
f 12467 12468 12476
f 12467 12476 12475
f 12468 12469 12477
f 12468 12477 12476
f 12469 12470 12478
f 12469 12478 12477
f 12470 12471 12479
f 12470 12479 12478
f 12471 12472 12480
f 12471 12480 12479
f 12472 12465 12473
f 12472 12473 12480
f 12465 12467 12466
f 12473 12474 12475
f 12465 12468 12467
f 12473 12475 12476
f 12465 12469 12468
f 12473 12476 12477
f 12465 12470 12469
f 12473 12477 12478
f 12465 12471 12470
f 12473 12478 12479
f 12465 12472 12471
f 12473 12479 12480
f 12481 12482 12490
f 12481 12490 12489
f 12482 12483 12491
f 12482 12491 12490
f 12483 12484 12492
f 12483 12492 12491
f 12484 12485 12493
f 12484 12493 12492
f 12485 12486 12494
f 12485 12494 12493
f 12486 12487 12495
f 12486 12495 12494
f 12487 12488 12496
f 12487 12496 12495
f 12488 12481 12489
f 12488 12489 12496
f 12481 12483 12482
f 12489 12490 12491
f 12481 12484 12483
f 12489 12491 12492
f 12481 12485 12484
f 12489 12492 12493
f 12481 12486 12485
f 12489 12493 12494
f 12481 12487 12486
f 12489 12494 12495
f 12481 12488 12487
f 12489 12495 12496
f 12497 12498 12506
f 12497 12506 12505
f 12498 12499 12507
f 12498 12507 12506
f 12499 12500 12508
f 12499 12508 12507
f 12500 12501 12509
f 12500 12509 12508
f 12501 12502 12510
f 12501 12510 12509
f 12502 12503 12511
f 12502 12511 12510
f 12503 12504 12512
f 12503 12512 12511
f 12504 12497 12505
f 12504 12505 12512
f 12497 12499 12498
f 12505 12506 12507
f 12497 12500 12499
f 12505 12507 12508
f 12497 12501 12500
f 12505 12508 12509
f 12497 12502 12501
f 12505 12509 12510
f 12497 12503 12502
f 12505 12510 12511
f 12497 12504 12503
f 12505 12511 12512
f 12513 12514 12522
f 12513 12522 12521
f 12514 12515 12523
f 12514 12523 12522
f 12515 12516 12524
f 12515 12524 12523
f 12516 12517 12525
f 12516 12525 12524
f 12517 12518 12526
f 12517 12526 12525
f 12518 12519 12527
f 12518 12527 12526
f 12519 12520 12528
f 12519 12528 12527
f 12520 12513 12521
f 12520 12521 12528
f 12513 12515 12514
f 12521 12522 12523
f 12513 12516 12515
f 12521 12523 12524
f 12513 12517 12516
f 12521 12524 12525
f 12513 12518 12517
f 12521 12525 12526
f 12513 12519 12518
f 12521 12526 12527
f 12513 12520 12519
f 12521 12527 12528
f 12529 12530 12538
f 12529 12538 12537
f 12530 12531 12539
f 12530 12539 12538
f 12531 12532 12540
f 12531 12540 12539
f 12532 12533 12541
f 12532 12541 12540
f 12533 12534 12542
f 12533 12542 12541
f 12534 12535 12543
f 12534 12543 12542
f 12535 12536 12544
f 12535 12544 12543
f 12536 12529 12537
f 12536 12537 12544
f 12529 12531 12530
f 12537 12538 12539
f 12529 12532 12531
f 12537 12539 12540
f 12529 12533 12532
f 12537 12540 12541
f 12529 12534 12533
f 12537 12541 12542
f 12529 12535 12534
f 12537 12542 12543
f 12529 12536 12535
f 12537 12543 12544
f 12545 12546 12554
f 12545 12554 12553
f 12546 12547 12555
f 12546 12555 12554
f 12547 12548 12556
f 12547 12556 12555
f 12548 12549 12557
f 12548 12557 12556
f 12549 12550 12558
f 12549 12558 12557
f 12550 12551 12559
f 12550 12559 12558
f 12551 12552 12560
f 12551 12560 12559
f 12552 12545 12553
f 12552 12553 12560
f 12545 12547 12546
f 12553 12554 12555
f 12545 12548 12547
f 12553 12555 12556
f 12545 12549 12548
f 12553 12556 12557
f 12545 12550 12549
f 12553 12557 12558
f 12545 12551 12550
f 12553 12558 12559
f 12545 12552 12551
f 12553 12559 12560
f 12561 12562 12570
f 12561 12570 12569
f 12562 12563 12571
f 12562 12571 12570
f 12563 12564 12572
f 12563 12572 12571
f 12564 12565 12573
f 12564 12573 12572
f 12565 12566 12574
f 12565 12574 12573
f 12566 12567 12575
f 12566 12575 12574
f 12567 12568 12576
f 12567 12576 12575
f 12568 12561 12569
f 12568 12569 12576
f 12561 12563 12562
f 12569 12570 12571
f 12561 12564 12563
f 12569 12571 12572
f 12561 12565 12564
f 12569 12572 12573
f 12561 12566 12565
f 12569 12573 12574
f 12561 12567 12566
f 12569 12574 12575
f 12561 12568 12567
f 12569 12575 12576
f 12577 12578 12586
f 12577 12586 12585
f 12578 12579 12587
f 12578 12587 12586
f 12579 12580 12588
f 12579 12588 12587
f 12580 12581 12589
f 12580 12589 12588
f 12581 12582 12590
f 12581 12590 12589
f 12582 12583 12591
f 12582 12591 12590
f 12583 12584 12592
f 12583 12592 12591
f 12584 12577 12585
f 12584 12585 12592
f 12577 12579 12578
f 12585 12586 12587
f 12577 12580 12579
f 12585 12587 12588
f 12577 12581 12580
f 12585 12588 12589
f 12577 12582 12581
f 12585 12589 12590
f 12577 12583 12582
f 12585 12590 12591
f 12577 12584 12583
f 12585 12591 12592
f 12593 12594 12602
f 12593 12602 12601
f 12594 12595 12603
f 12594 12603 12602
f 12595 12596 12604
f 12595 12604 12603
f 12596 12597 12605
f 12596 12605 12604
f 12597 12598 12606
f 12597 12606 12605
f 12598 12599 12607
f 12598 12607 12606
f 12599 12600 12608
f 12599 12608 12607
f 12600 12593 12601
f 12600 12601 12608
f 12593 12595 12594
f 12601 12602 12603
f 12593 12596 12595
f 12601 12603 12604
f 12593 12597 12596
f 12601 12604 12605
f 12593 12598 12597
f 12601 12605 12606
f 12593 12599 12598
f 12601 12606 12607
f 12593 12600 12599
f 12601 12607 12608
f 12609 12610 12618
f 12609 12618 12617
f 12610 12611 12619
f 12610 12619 12618
f 12611 12612 12620
f 12611 12620 12619
f 12612 12613 12621
f 12612 12621 12620
f 12613 12614 12622
f 12613 12622 12621
f 12614 12615 12623
f 12614 12623 12622
f 12615 12616 12624
f 12615 12624 12623
f 12616 12609 12617
f 12616 12617 12624
f 12609 12611 12610
f 12617 12618 12619
f 12609 12612 12611
f 12617 12619 12620
f 12609 12613 12612
f 12617 12620 12621
f 12609 12614 12613
f 12617 12621 12622
f 12609 12615 12614
f 12617 12622 12623
f 12609 12616 12615
f 12617 12623 12624
f 12625 12626 12634
f 12625 12634 12633
f 12626 12627 12635
f 12626 12635 12634
f 12627 12628 12636
f 12627 12636 12635
f 12628 12629 12637
f 12628 12637 12636
f 12629 12630 12638
f 12629 12638 12637
f 12630 12631 12639
f 12630 12639 12638
f 12631 12632 12640
f 12631 12640 12639
f 12632 12625 12633
f 12632 12633 12640
f 12625 12627 12626
f 12633 12634 12635
f 12625 12628 12627
f 12633 12635 12636
f 12625 12629 12628
f 12633 12636 12637
f 12625 12630 12629
f 12633 12637 12638
f 12625 12631 12630
f 12633 12638 12639
f 12625 12632 12631
f 12633 12639 12640
f 12641 12642 12650
f 12641 12650 12649
f 12642 12643 12651
f 12642 12651 12650
f 12643 12644 12652
f 12643 12652 12651
f 12644 12645 12653
f 12644 12653 12652
f 12645 12646 12654
f 12645 12654 12653
f 12646 12647 12655
f 12646 12655 12654
f 12647 12648 12656
f 12647 12656 12655
f 12648 12641 12649
f 12648 12649 12656
f 12641 12643 12642
f 12649 12650 12651
f 12641 12644 12643
f 12649 12651 12652
f 12641 12645 12644
f 12649 12652 12653
f 12641 12646 12645
f 12649 12653 12654
f 12641 12647 12646
f 12649 12654 12655
f 12641 12648 12647
f 12649 12655 12656
f 12657 12658 12666
f 12657 12666 12665
f 12658 12659 12667
f 12658 12667 12666
f 12659 12660 12668
f 12659 12668 12667
f 12660 12661 12669
f 12660 12669 12668
f 12661 12662 12670
f 12661 12670 12669
f 12662 12663 12671
f 12662 12671 12670
f 12663 12664 12672
f 12663 12672 12671
f 12664 12657 12665
f 12664 12665 12672
f 12657 12659 12658
f 12665 12666 12667
f 12657 12660 12659
f 12665 12667 12668
f 12657 12661 12660
f 12665 12668 12669
f 12657 12662 12661
f 12665 12669 12670
f 12657 12663 12662
f 12665 12670 12671
f 12657 12664 12663
f 12665 12671 12672
f 12673 12674 12682
f 12673 12682 12681
f 12674 12675 12683
f 12674 12683 12682
f 12675 12676 12684
f 12675 12684 12683
f 12676 12677 12685
f 12676 12685 12684
f 12677 12678 12686
f 12677 12686 12685
f 12678 12679 12687
f 12678 12687 12686
f 12679 12680 12688
f 12679 12688 12687
f 12680 12673 12681
f 12680 12681 12688
f 12673 12675 12674
f 12681 12682 12683
f 12673 12676 12675
f 12681 12683 12684
f 12673 12677 12676
f 12681 12684 12685
f 12673 12678 12677
f 12681 12685 12686
f 12673 12679 12678
f 12681 12686 12687
f 12673 12680 12679
f 12681 12687 12688
f 12689 12690 12698
f 12689 12698 12697
f 12690 12691 12699
f 12690 12699 12698
f 12691 12692 12700
f 12691 12700 12699
f 12692 12693 12701
f 12692 12701 12700
f 12693 12694 12702
f 12693 12702 12701
f 12694 12695 12703
f 12694 12703 12702
f 12695 12696 12704
f 12695 12704 12703
f 12696 12689 12697
f 12696 12697 12704
f 12689 12691 12690
f 12697 12698 12699
f 12689 12692 12691
f 12697 12699 12700
f 12689 12693 12692
f 12697 12700 12701
f 12689 12694 12693
f 12697 12701 12702
f 12689 12695 12694
f 12697 12702 12703
f 12689 12696 12695
f 12697 12703 12704
f 12705 12706 12714
f 12705 12714 12713
f 12706 12707 12715
f 12706 12715 12714
f 12707 12708 12716
f 12707 12716 12715
f 12708 12709 12717
f 12708 12717 12716
f 12709 12710 12718
f 12709 12718 12717
f 12710 12711 12719
f 12710 12719 12718
f 12711 12712 12720
f 12711 12720 12719
f 12712 12705 12713
f 12712 12713 12720
f 12705 12707 12706
f 12713 12714 12715
f 12705 12708 12707
f 12713 12715 12716
f 12705 12709 12708
f 12713 12716 12717
f 12705 12710 12709
f 12713 12717 12718
f 12705 12711 12710
f 12713 12718 12719
f 12705 12712 12711
f 12713 12719 12720
f 12721 12722 12730
f 12721 12730 12729
f 12722 12723 12731
f 12722 12731 12730
f 12723 12724 12732
f 12723 12732 12731
f 12724 12725 12733
f 12724 12733 12732
f 12725 12726 12734
f 12725 12734 12733
f 12726 12727 12735
f 12726 12735 12734
f 12727 12728 12736
f 12727 12736 12735
f 12728 12721 12729
f 12728 12729 12736
f 12721 12723 12722
f 12729 12730 12731
f 12721 12724 12723
f 12729 12731 12732
f 12721 12725 12724
f 12729 12732 12733
f 12721 12726 12725
f 12729 12733 12734
f 12721 12727 12726
f 12729 12734 12735
f 12721 12728 12727
f 12729 12735 12736
f 12737 12738 12746
f 12737 12746 12745
f 12738 12739 12747
f 12738 12747 12746
f 12739 12740 12748
f 12739 12748 12747
f 12740 12741 12749
f 12740 12749 12748
f 12741 12742 12750
f 12741 12750 12749
f 12742 12743 12751
f 12742 12751 12750
f 12743 12744 12752
f 12743 12752 12751
f 12744 12737 12745
f 12744 12745 12752
f 12737 12739 12738
f 12745 12746 12747
f 12737 12740 12739
f 12745 12747 12748
f 12737 12741 12740
f 12745 12748 12749
f 12737 12742 12741
f 12745 12749 12750
f 12737 12743 12742
f 12745 12750 12751
f 12737 12744 12743
f 12745 12751 12752
f 12753 12754 12762
f 12753 12762 12761
f 12754 12755 12763
f 12754 12763 12762
f 12755 12756 12764
f 12755 12764 12763
f 12756 12757 12765
f 12756 12765 12764
f 12757 12758 12766
f 12757 12766 12765
f 12758 12759 12767
f 12758 12767 12766
f 12759 12760 12768
f 12759 12768 12767
f 12760 12753 12761
f 12760 12761 12768
f 12753 12755 12754
f 12761 12762 12763
f 12753 12756 12755
f 12761 12763 12764
f 12753 12757 12756
f 12761 12764 12765
f 12753 12758 12757
f 12761 12765 12766
f 12753 12759 12758
f 12761 12766 12767
f 12753 12760 12759
f 12761 12767 12768
f 12769 12770 12778
f 12769 12778 12777
f 12770 12771 12779
f 12770 12779 12778
f 12771 12772 12780
f 12771 12780 12779
f 12772 12773 12781
f 12772 12781 12780
f 12773 12774 12782
f 12773 12782 12781
f 12774 12775 12783
f 12774 12783 12782
f 12775 12776 12784
f 12775 12784 12783
f 12776 12769 12777
f 12776 12777 12784
f 12769 12771 12770
f 12777 12778 12779
f 12769 12772 12771
f 12777 12779 12780
f 12769 12773 12772
f 12777 12780 12781
f 12769 12774 12773
f 12777 12781 12782
f 12769 12775 12774
f 12777 12782 12783
f 12769 12776 12775
f 12777 12783 12784
f 12785 12786 12794
f 12785 12794 12793
f 12786 12787 12795
f 12786 12795 12794
f 12787 12788 12796
f 12787 12796 12795
f 12788 12789 12797
f 12788 12797 12796
f 12789 12790 12798
f 12789 12798 12797
f 12790 12791 12799
f 12790 12799 12798
f 12791 12792 12800
f 12791 12800 12799
f 12792 12785 12793
f 12792 12793 12800
f 12785 12787 12786
f 12793 12794 12795
f 12785 12788 12787
f 12793 12795 12796
f 12785 12789 12788
f 12793 12796 12797
f 12785 12790 12789
f 12793 12797 12798
f 12785 12791 12790
f 12793 12798 12799
f 12785 12792 12791
f 12793 12799 12800
f 12801 12802 12810
f 12801 12810 12809
f 12802 12803 12811
f 12802 12811 12810
f 12803 12804 12812
f 12803 12812 12811
f 12804 12805 12813
f 12804 12813 12812
f 12805 12806 12814
f 12805 12814 12813
f 12806 12807 12815
f 12806 12815 12814
f 12807 12808 12816
f 12807 12816 12815
f 12808 12801 12809
f 12808 12809 12816
f 12801 12803 12802
f 12809 12810 12811
f 12801 12804 12803
f 12809 12811 12812
f 12801 12805 12804
f 12809 12812 12813
f 12801 12806 12805
f 12809 12813 12814
f 12801 12807 12806
f 12809 12814 12815
f 12801 12808 12807
f 12809 12815 12816
f 12817 12818 12826
f 12817 12826 12825
f 12818 12819 12827
f 12818 12827 12826
f 12819 12820 12828
f 12819 12828 12827
f 12820 12821 12829
f 12820 12829 12828
f 12821 12822 12830
f 12821 12830 12829
f 12822 12823 12831
f 12822 12831 12830
f 12823 12824 12832
f 12823 12832 12831
f 12824 12817 12825
f 12824 12825 12832
f 12817 12819 12818
f 12825 12826 12827
f 12817 12820 12819
f 12825 12827 12828
f 12817 12821 12820
f 12825 12828 12829
f 12817 12822 12821
f 12825 12829 12830
f 12817 12823 12822
f 12825 12830 12831
f 12817 12824 12823
f 12825 12831 12832
f 12833 12834 12842
f 12833 12842 12841
f 12834 12835 12843
f 12834 12843 12842
f 12835 12836 12844
f 12835 12844 12843
f 12836 12837 12845
f 12836 12845 12844
f 12837 12838 12846
f 12837 12846 12845
f 12838 12839 12847
f 12838 12847 12846
f 12839 12840 12848
f 12839 12848 12847
f 12840 12833 12841
f 12840 12841 12848
f 12833 12835 12834
f 12841 12842 12843
f 12833 12836 12835
f 12841 12843 12844
f 12833 12837 12836
f 12841 12844 12845
f 12833 12838 12837
f 12841 12845 12846
f 12833 12839 12838
f 12841 12846 12847
f 12833 12840 12839
f 12841 12847 12848
f 12849 12850 12858
f 12849 12858 12857
f 12850 12851 12859
f 12850 12859 12858
f 12851 12852 12860
f 12851 12860 12859
f 12852 12853 12861
f 12852 12861 12860
f 12853 12854 12862
f 12853 12862 12861
f 12854 12855 12863
f 12854 12863 12862
f 12855 12856 12864
f 12855 12864 12863
f 12856 12849 12857
f 12856 12857 12864
f 12849 12851 12850
f 12857 12858 12859
f 12849 12852 12851
f 12857 12859 12860
f 12849 12853 12852
f 12857 12860 12861
f 12849 12854 12853
f 12857 12861 12862
f 12849 12855 12854
f 12857 12862 12863
f 12849 12856 12855
f 12857 12863 12864
f 12865 12866 12874
f 12865 12874 12873
f 12866 12867 12875
f 12866 12875 12874
f 12867 12868 12876
f 12867 12876 12875
f 12868 12869 12877
f 12868 12877 12876
f 12869 12870 12878
f 12869 12878 12877
f 12870 12871 12879
f 12870 12879 12878
f 12871 12872 12880
f 12871 12880 12879
f 12872 12865 12873
f 12872 12873 12880
f 12865 12867 12866
f 12873 12874 12875
f 12865 12868 12867
f 12873 12875 12876
f 12865 12869 12868
f 12873 12876 12877
f 12865 12870 12869
f 12873 12877 12878
f 12865 12871 12870
f 12873 12878 12879
f 12865 12872 12871
f 12873 12879 12880
f 12881 12882 12890
f 12881 12890 12889
f 12882 12883 12891
f 12882 12891 12890
f 12883 12884 12892
f 12883 12892 12891
f 12884 12885 12893
f 12884 12893 12892
f 12885 12886 12894
f 12885 12894 12893
f 12886 12887 12895
f 12886 12895 12894
f 12887 12888 12896
f 12887 12896 12895
f 12888 12881 12889
f 12888 12889 12896
f 12881 12883 12882
f 12889 12890 12891
f 12881 12884 12883
f 12889 12891 12892
f 12881 12885 12884
f 12889 12892 12893
f 12881 12886 12885
f 12889 12893 12894
f 12881 12887 12886
f 12889 12894 12895
f 12881 12888 12887
f 12889 12895 12896
f 12897 12898 12906
f 12897 12906 12905
f 12898 12899 12907
f 12898 12907 12906
f 12899 12900 12908
f 12899 12908 12907
f 12900 12901 12909
f 12900 12909 12908
f 12901 12902 12910
f 12901 12910 12909
f 12902 12903 12911
f 12902 12911 12910
f 12903 12904 12912
f 12903 12912 12911
f 12904 12897 12905
f 12904 12905 12912
f 12897 12899 12898
f 12905 12906 12907
f 12897 12900 12899
f 12905 12907 12908
f 12897 12901 12900
f 12905 12908 12909
f 12897 12902 12901
f 12905 12909 12910
f 12897 12903 12902
f 12905 12910 12911
f 12897 12904 12903
f 12905 12911 12912
f 12913 12914 12922
f 12913 12922 12921
f 12914 12915 12923
f 12914 12923 12922
f 12915 12916 12924
f 12915 12924 12923
f 12916 12917 12925
f 12916 12925 12924
f 12917 12918 12926
f 12917 12926 12925
f 12918 12919 12927
f 12918 12927 12926
f 12919 12920 12928
f 12919 12928 12927
f 12920 12913 12921
f 12920 12921 12928
f 12913 12915 12914
f 12921 12922 12923
f 12913 12916 12915
f 12921 12923 12924
f 12913 12917 12916
f 12921 12924 12925
f 12913 12918 12917
f 12921 12925 12926
f 12913 12919 12918
f 12921 12926 12927
f 12913 12920 12919
f 12921 12927 12928
f 12929 12930 12938
f 12929 12938 12937
f 12930 12931 12939
f 12930 12939 12938
f 12931 12932 12940
f 12931 12940 12939
f 12932 12933 12941
f 12932 12941 12940
f 12933 12934 12942
f 12933 12942 12941
f 12934 12935 12943
f 12934 12943 12942
f 12935 12936 12944
f 12935 12944 12943
f 12936 12929 12937
f 12936 12937 12944
f 12929 12931 12930
f 12937 12938 12939
f 12929 12932 12931
f 12937 12939 12940
f 12929 12933 12932
f 12937 12940 12941
f 12929 12934 12933
f 12937 12941 12942
f 12929 12935 12934
f 12937 12942 12943
f 12929 12936 12935
f 12937 12943 12944
f 12945 12946 12954
f 12945 12954 12953
f 12946 12947 12955
f 12946 12955 12954
f 12947 12948 12956
f 12947 12956 12955
f 12948 12949 12957
f 12948 12957 12956
f 12949 12950 12958
f 12949 12958 12957
f 12950 12951 12959
f 12950 12959 12958
f 12951 12952 12960
f 12951 12960 12959
f 12952 12945 12953
f 12952 12953 12960
f 12945 12947 12946
f 12953 12954 12955
f 12945 12948 12947
f 12953 12955 12956
f 12945 12949 12948
f 12953 12956 12957
f 12945 12950 12949
f 12953 12957 12958
f 12945 12951 12950
f 12953 12958 12959
f 12945 12952 12951
f 12953 12959 12960
f 12961 12962 12970
f 12961 12970 12969
f 12962 12963 12971
f 12962 12971 12970
f 12963 12964 12972
f 12963 12972 12971
f 12964 12965 12973
f 12964 12973 12972
f 12965 12966 12974
f 12965 12974 12973
f 12966 12967 12975
f 12966 12975 12974
f 12967 12968 12976
f 12967 12976 12975
f 12968 12961 12969
f 12968 12969 12976
f 12961 12963 12962
f 12969 12970 12971
f 12961 12964 12963
f 12969 12971 12972
f 12961 12965 12964
f 12969 12972 12973
f 12961 12966 12965
f 12969 12973 12974
f 12961 12967 12966
f 12969 12974 12975
f 12961 12968 12967
f 12969 12975 12976
f 12977 12978 12986
f 12977 12986 12985
f 12978 12979 12987
f 12978 12987 12986
f 12979 12980 12988
f 12979 12988 12987
f 12980 12981 12989
f 12980 12989 12988
f 12981 12982 12990
f 12981 12990 12989
f 12982 12983 12991
f 12982 12991 12990
f 12983 12984 12992
f 12983 12992 12991
f 12984 12977 12985
f 12984 12985 12992
f 12977 12979 12978
f 12985 12986 12987
f 12977 12980 12979
f 12985 12987 12988
f 12977 12981 12980
f 12985 12988 12989
f 12977 12982 12981
f 12985 12989 12990
f 12977 12983 12982
f 12985 12990 12991
f 12977 12984 12983
f 12985 12991 12992
f 12993 12994 13002
f 12993 13002 13001
f 12994 12995 13003
f 12994 13003 13002
f 12995 12996 13004
f 12995 13004 13003
f 12996 12997 13005
f 12996 13005 13004
f 12997 12998 13006
f 12997 13006 13005
f 12998 12999 13007
f 12998 13007 13006
f 12999 13000 13008
f 12999 13008 13007
f 13000 12993 13001
f 13000 13001 13008
f 12993 12995 12994
f 13001 13002 13003
f 12993 12996 12995
f 13001 13003 13004
f 12993 12997 12996
f 13001 13004 13005
f 12993 12998 12997
f 13001 13005 13006
f 12993 12999 12998
f 13001 13006 13007
f 12993 13000 12999
f 13001 13007 13008
f 13009 13010 13018
f 13009 13018 13017
f 13010 13011 13019
f 13010 13019 13018
f 13011 13012 13020
f 13011 13020 13019
f 13012 13013 13021
f 13012 13021 13020
f 13013 13014 13022
f 13013 13022 13021
f 13014 13015 13023
f 13014 13023 13022
f 13015 13016 13024
f 13015 13024 13023
f 13016 13009 13017
f 13016 13017 13024
f 13009 13011 13010
f 13017 13018 13019
f 13009 13012 13011
f 13017 13019 13020
f 13009 13013 13012
f 13017 13020 13021
f 13009 13014 13013
f 13017 13021 13022
f 13009 13015 13014
f 13017 13022 13023
f 13009 13016 13015
f 13017 13023 13024
f 13025 13026 13034
f 13025 13034 13033
f 13026 13027 13035
f 13026 13035 13034
f 13027 13028 13036
f 13027 13036 13035
f 13028 13029 13037
f 13028 13037 13036
f 13029 13030 13038
f 13029 13038 13037
f 13030 13031 13039
f 13030 13039 13038
f 13031 13032 13040
f 13031 13040 13039
f 13032 13025 13033
f 13032 13033 13040
f 13025 13027 13026
f 13033 13034 13035
f 13025 13028 13027
f 13033 13035 13036
f 13025 13029 13028
f 13033 13036 13037
f 13025 13030 13029
f 13033 13037 13038
f 13025 13031 13030
f 13033 13038 13039
f 13025 13032 13031
f 13033 13039 13040
f 13041 13042 13050
f 13041 13050 13049
f 13042 13043 13051
f 13042 13051 13050
f 13043 13044 13052
f 13043 13052 13051
f 13044 13045 13053
f 13044 13053 13052
f 13045 13046 13054
f 13045 13054 13053
f 13046 13047 13055
f 13046 13055 13054
f 13047 13048 13056
f 13047 13056 13055
f 13048 13041 13049
f 13048 13049 13056
f 13041 13043 13042
f 13049 13050 13051
f 13041 13044 13043
f 13049 13051 13052
f 13041 13045 13044
f 13049 13052 13053
f 13041 13046 13045
f 13049 13053 13054
f 13041 13047 13046
f 13049 13054 13055
f 13041 13048 13047
f 13049 13055 13056
f 13057 13058 13066
f 13057 13066 13065
f 13058 13059 13067
f 13058 13067 13066
f 13059 13060 13068
f 13059 13068 13067
f 13060 13061 13069
f 13060 13069 13068
f 13061 13062 13070
f 13061 13070 13069
f 13062 13063 13071
f 13062 13071 13070
f 13063 13064 13072
f 13063 13072 13071
f 13064 13057 13065
f 13064 13065 13072
f 13057 13059 13058
f 13065 13066 13067
f 13057 13060 13059
f 13065 13067 13068
f 13057 13061 13060
f 13065 13068 13069
f 13057 13062 13061
f 13065 13069 13070
f 13057 13063 13062
f 13065 13070 13071
f 13057 13064 13063
f 13065 13071 13072
f 13073 13074 13082
f 13073 13082 13081
f 13074 13075 13083
f 13074 13083 13082
f 13075 13076 13084
f 13075 13084 13083
f 13076 13077 13085
f 13076 13085 13084
f 13077 13078 13086
f 13077 13086 13085
f 13078 13079 13087
f 13078 13087 13086
f 13079 13080 13088
f 13079 13088 13087
f 13080 13073 13081
f 13080 13081 13088
f 13073 13075 13074
f 13081 13082 13083
f 13073 13076 13075
f 13081 13083 13084
f 13073 13077 13076
f 13081 13084 13085
f 13073 13078 13077
f 13081 13085 13086
f 13073 13079 13078
f 13081 13086 13087
f 13073 13080 13079
f 13081 13087 13088
f 13089 13090 13098
f 13089 13098 13097
f 13090 13091 13099
f 13090 13099 13098
f 13091 13092 13100
f 13091 13100 13099
f 13092 13093 13101
f 13092 13101 13100
f 13093 13094 13102
f 13093 13102 13101
f 13094 13095 13103
f 13094 13103 13102
f 13095 13096 13104
f 13095 13104 13103
f 13096 13089 13097
f 13096 13097 13104
f 13089 13091 13090
f 13097 13098 13099
f 13089 13092 13091
f 13097 13099 13100
f 13089 13093 13092
f 13097 13100 13101
f 13089 13094 13093
f 13097 13101 13102
f 13089 13095 13094
f 13097 13102 13103
f 13089 13096 13095
f 13097 13103 13104
f 13105 13106 13114
f 13105 13114 13113
f 13106 13107 13115
f 13106 13115 13114
f 13107 13108 13116
f 13107 13116 13115
f 13108 13109 13117
f 13108 13117 13116
f 13109 13110 13118
f 13109 13118 13117
f 13110 13111 13119
f 13110 13119 13118
f 13111 13112 13120
f 13111 13120 13119
f 13112 13105 13113
f 13112 13113 13120
f 13105 13107 13106
f 13113 13114 13115
f 13105 13108 13107
f 13113 13115 13116
f 13105 13109 13108
f 13113 13116 13117
f 13105 13110 13109
f 13113 13117 13118
f 13105 13111 13110
f 13113 13118 13119
f 13105 13112 13111
f 13113 13119 13120
f 13121 13122 13130
f 13121 13130 13129
f 13122 13123 13131
f 13122 13131 13130
f 13123 13124 13132
f 13123 13132 13131
f 13124 13125 13133
f 13124 13133 13132
f 13125 13126 13134
f 13125 13134 13133
f 13126 13127 13135
f 13126 13135 13134
f 13127 13128 13136
f 13127 13136 13135
f 13128 13121 13129
f 13128 13129 13136
f 13121 13123 13122
f 13129 13130 13131
f 13121 13124 13123
f 13129 13131 13132
f 13121 13125 13124
f 13129 13132 13133
f 13121 13126 13125
f 13129 13133 13134
f 13121 13127 13126
f 13129 13134 13135
f 13121 13128 13127
f 13129 13135 13136
f 13137 13138 13146
f 13137 13146 13145
f 13138 13139 13147
f 13138 13147 13146
f 13139 13140 13148
f 13139 13148 13147
f 13140 13141 13149
f 13140 13149 13148
f 13141 13142 13150
f 13141 13150 13149
f 13142 13143 13151
f 13142 13151 13150
f 13143 13144 13152
f 13143 13152 13151
f 13144 13137 13145
f 13144 13145 13152
f 13137 13139 13138
f 13145 13146 13147
f 13137 13140 13139
f 13145 13147 13148
f 13137 13141 13140
f 13145 13148 13149
f 13137 13142 13141
f 13145 13149 13150
f 13137 13143 13142
f 13145 13150 13151
f 13137 13144 13143
f 13145 13151 13152
f 13153 13154 13162
f 13153 13162 13161
f 13154 13155 13163
f 13154 13163 13162
f 13155 13156 13164
f 13155 13164 13163
f 13156 13157 13165
f 13156 13165 13164
f 13157 13158 13166
f 13157 13166 13165
f 13158 13159 13167
f 13158 13167 13166
f 13159 13160 13168
f 13159 13168 13167
f 13160 13153 13161
f 13160 13161 13168
f 13153 13155 13154
f 13161 13162 13163
f 13153 13156 13155
f 13161 13163 13164
f 13153 13157 13156
f 13161 13164 13165
f 13153 13158 13157
f 13161 13165 13166
f 13153 13159 13158
f 13161 13166 13167
f 13153 13160 13159
f 13161 13167 13168
f 13169 13170 13178
f 13169 13178 13177
f 13170 13171 13179
f 13170 13179 13178
f 13171 13172 13180
f 13171 13180 13179
f 13172 13173 13181
f 13172 13181 13180
f 13173 13174 13182
f 13173 13182 13181
f 13174 13175 13183
f 13174 13183 13182
f 13175 13176 13184
f 13175 13184 13183
f 13176 13169 13177
f 13176 13177 13184
f 13169 13171 13170
f 13177 13178 13179
f 13169 13172 13171
f 13177 13179 13180
f 13169 13173 13172
f 13177 13180 13181
f 13169 13174 13173
f 13177 13181 13182
f 13169 13175 13174
f 13177 13182 13183
f 13169 13176 13175
f 13177 13183 13184
f 13185 13186 13194
f 13185 13194 13193
f 13186 13187 13195
f 13186 13195 13194
f 13187 13188 13196
f 13187 13196 13195
f 13188 13189 13197
f 13188 13197 13196
f 13189 13190 13198
f 13189 13198 13197
f 13190 13191 13199
f 13190 13199 13198
f 13191 13192 13200
f 13191 13200 13199
f 13192 13185 13193
f 13192 13193 13200
f 13185 13187 13186
f 13193 13194 13195
f 13185 13188 13187
f 13193 13195 13196
f 13185 13189 13188
f 13193 13196 13197
f 13185 13190 13189
f 13193 13197 13198
f 13185 13191 13190
f 13193 13198 13199
f 13185 13192 13191
f 13193 13199 13200
f 13201 13202 13210
f 13201 13210 13209
f 13202 13203 13211
f 13202 13211 13210
f 13203 13204 13212
f 13203 13212 13211
f 13204 13205 13213
f 13204 13213 13212
f 13205 13206 13214
f 13205 13214 13213
f 13206 13207 13215
f 13206 13215 13214
f 13207 13208 13216
f 13207 13216 13215
f 13208 13201 13209
f 13208 13209 13216
f 13201 13203 13202
f 13209 13210 13211
f 13201 13204 13203
f 13209 13211 13212
f 13201 13205 13204
f 13209 13212 13213
f 13201 13206 13205
f 13209 13213 13214
f 13201 13207 13206
f 13209 13214 13215
f 13201 13208 13207
f 13209 13215 13216
f 13217 13218 13226
f 13217 13226 13225
f 13218 13219 13227
f 13218 13227 13226
f 13219 13220 13228
f 13219 13228 13227
f 13220 13221 13229
f 13220 13229 13228
f 13221 13222 13230
f 13221 13230 13229
f 13222 13223 13231
f 13222 13231 13230
f 13223 13224 13232
f 13223 13232 13231
f 13224 13217 13225
f 13224 13225 13232
f 13217 13219 13218
f 13225 13226 13227
f 13217 13220 13219
f 13225 13227 13228
f 13217 13221 13220
f 13225 13228 13229
f 13217 13222 13221
f 13225 13229 13230
f 13217 13223 13222
f 13225 13230 13231
f 13217 13224 13223
f 13225 13231 13232
