# Fixed lifted world-space thin curve tubes; no camera updates
g tubes
v -0.0360597409 0.640613854 1.04307222
v -0.0374392383 0.640857518 1.04075038
v -0.0392821431 0.642598748 1.03978872
v -0.0405088998 0.644817591 1.04075038
v -0.0404008962 0.646214306 1.04307222
v -0.0390213989 0.645970643 1.04539406
v -0.037178494 0.644229412 1.04635572
v -0.0359517373 0.64201057 1.04539406
v -0.0304264538 0.64498049 1.04018342
v -0.0318059511 0.645224154 1.03786159
v -0.033648856 0.646965384 1.03689992
v -0.0348756127 0.649184227 1.03786159
v -0.0347676091 0.650580943 1.04018342
v -0.0333881117 0.650337279 1.04250526
v -0.0315452069 0.648596048 1.04346693
v -0.0303184502 0.646377206 1.04250526
v -0.034968093 0.645148098 1.04018342
v -0.0341206752 0.645781398 1.03768659
v -0.0323807299 0.647585928 1.03665245
v -0.0307674911 0.649504483 1.03768659
v -0.0302259717 0.650413334 1.04018342
v -0.0310733877 0.649780035 1.04268026
v -0.032813333 0.647975504 1.0437144
v -0.0344265737 0.64605695 1.04268026
v -0.0302576907 0.640905678 1.04070604
v -0.0294102747 0.641538978 1.0382092
v -0.0276703294 0.643343508 1.03717506
v -0.0260570906 0.645262063 1.0382092
v -0.0255155712 0.646170914 1.04070604
v -0.0263629872 0.645537615 1.04320288
v -0.0281029325 0.643733084 1.04423702
v -0.0297161713 0.64181453 1.04320288
v -0.0252104737 0.641216516 1.04070604
v -0.025205588 0.642805636 1.03850877
v -0.0267712213 0.644823968 1.03759873
v -0.0289902464 0.646089137 1.03850877
v -0.0305627882 0.645860076 1.04070604
v -0.030567674 0.644270957 1.0429033
v -0.0290020406 0.642252624 1.04381335
v -0.0267830156 0.640987456 1.0429033
v -0.0221676752 0.644723713 1.04324937
v -0.0221627895 0.646312833 1.0410521
v -0.0237284228 0.648331165 1.04014206
v -0.0259474479 0.649596334 1.0410521
v -0.0275199898 0.649367273 1.04324937
v -0.0275248755 0.647778153 1.04544663
v -0.0259592421 0.645759821 1.04635668
v -0.0237402171 0.644494653 1.04544663
v -0.0224733651 0.644412339 1.04324937
v -0.0229831208 0.645349681 1.04075646
v -0.0245828554 0.647280455 1.03972387
v -0.0263354667 0.649073541 1.04075646
v -0.0272142999 0.649678648 1.04324937
v -0.0267045442 0.648741305 1.04574227
v -0.0251048096 0.646810532 1.04677486
v -0.0233521983 0.645017445 1.04574227
v -0.0166942626 0.64961493 1.04402387
v -0.0172040183 0.650552273 1.04153097
v -0.018803753 0.652483046 1.04049838
v -0.0205563642 0.654276133 1.04153097
v -0.0214351974 0.654881239 1.04402387
v -0.0209254418 0.653943896 1.04651678
v -0.0193257071 0.652013123 1.04754937
v -0.0175730959 0.650220037 1.04651678
v -0.0155435847 0.651855528 1.04402387
v -0.0165876634 0.651856065 1.04152131
v -0.0190827735 0.652086258 1.04048467
v -0.0215673149 0.652411222 1.04152131
v -0.0225858763 0.652640641 1.04402387
v -0.0215417966 0.652640104 1.04652643
v -0.0190466866 0.652409911 1.04756308
v -0.0165621452 0.652084947 1.04652643
v -0.014600602 0.660313904 1.04363227
v -0.0156446807 0.660314441 1.04112971
v -0.0181397907 0.660544634 1.04009306
v -0.0206243321 0.660869598 1.04112971
v -0.0216428936 0.661099017 1.04363227
v -0.0205988139 0.66109848 1.04613483
v -0.0181037039 0.660868287 1.04717147
v -0.0156191625 0.660543323 1.04613483
v -0.0181217473 0.658089995 1.0460211
v -0.0205969792 0.658595622 1.04503596
v -0.0216222554 0.660337746 1.04322851
v -0.0205969792 0.662295878 1.04165757
v -0.0181217473 0.663322926 1.04124343
v -0.0156465154 0.662817299 1.04222858
v -0.0146212392 0.661075175 1.04403603
v -0.0156465154 0.659117043 1.04560697
v -0.0164731201 0.650973916 1.0382272
v -0.018948352 0.651479542 1.03724205
v -0.0199736282 0.653221667 1.0354346
v -0.018948352 0.655179799 1.03386366
v -0.0164731201 0.656206846 1.03344953
v -0.0139978873 0.65570122 1.03443468
v -0.0129726119 0.653959095 1.03624213
v -0.0139978873 0.652000964 1.03781307
v -0.0150533095 0.650344372 1.03583837
v -0.0147537142 0.65160805 1.03345788
v -0.0154613238 0.654032946 1.0324719
v -0.0167616308 0.656198621 1.03345788
v -0.0178929307 0.65683639 1.03583837
v -0.018192526 0.655572712 1.03821886
v -0.0174849164 0.653147817 1.03920484
v -0.0161846094 0.650982141 1.03821886
v -0.00957850367 0.652739048 1.03779864
v -0.00927890837 0.654002726 1.03541815
v -0.00998651795 0.656427622 1.03443217
v -0.011286824 0.658593297 1.03541815
v -0.0124181248 0.659231067 1.03779864
v -0.0127177201 0.657967389 1.04017913
v -0.0120101105 0.655542493 1.04116511
v -0.0107098045 0.653376818 1.04017913
v -0.0144928461 0.655401289 1.03779864
v -0.0134712327 0.65558368 1.03529346
v -0.0110010169 0.65600121 1.03425574
v -0.00852921885 0.656409323 1.03529346
v -0.00750378286 0.656568825 1.03779864
v -0.00852539577 0.656386435 1.04030383
v -0.0109956115 0.655968904 1.04134154
v -0.0134674096 0.655560791 1.04030383
v -0.0129316505 0.646056116 1.03775477
v -0.0119100371 0.646238506 1.03524959
v -0.00943982136 0.646656036 1.03421187
v -0.00696802326 0.647064149 1.03524959
v -0.00594258728 0.647223651 1.03775477
v -0.00696420064 0.647041261 1.04025996
v -0.00943441596 0.646623731 1.04129767
v -0.0119062141 0.646215618 1.04025996
v -0.012096134 0.644298494 1.03775477
v -0.010686269 0.644267619 1.03543866
v -0.00854466856 0.645626366 1.03447926
v -0.00692585343 0.647578835 1.03543866
v -0.0067781033 0.648981273 1.03775477
v -0.00818796828 0.649012148 1.04007089
v -0.0103295688 0.647653401 1.04103029
v -0.0119483834 0.645700932 1.04007089
v -0.00976967532 0.641656458 1.03920615
v -0.00835981034 0.641625583 1.03689003
v -0.00621820986 0.642984331 1.03593063
v -0.00459939474 0.6449368 1.03689003
v -0.00445164461 0.646339238 1.03920615
v -0.00586150959 0.646370113 1.04152226
v -0.00800311007 0.645011365 1.04248166
v -0.00962192472 0.643058896 1.04152226
v -0.00901755225 0.641011834 1.03920615
v -0.00908500794 0.642286181 1.0368135
v -0.00799591746 0.644563198 1.03582251
v -0.00638825493 0.646509051 1.0368135
v -0.00520376768 0.646983862 1.03920615
v -0.00513631199 0.645709515 1.0415988
v -0.00622540247 0.643432498 1.04258978
v -0.00783306453 0.641486645 1.0415988
v -0.00418893248 0.637928247 1.03742766
v -0.00425638817 0.639202595 1.03503501
v -0.00316729769 0.641479611 1.03404403
v -0.00155963539 0.643425465 1.03503501
v -0.000375148171 0.643900275 1.03742766
v -0.000307692535 0.642625928 1.03982031
v -0.00139678316 0.640348911 1.0408113
v -0.00300444546 0.638403058 1.03982031
v -0.000310599775 0.637970448 1.03742766
v -7.26349535e-05 0.639378726 1.03512263
v -0.00112890988 0.641686499 1.03416789
v -0.002860673 0.643541932 1.03512263
v -0.00425348105 0.643858075 1.03742766
v -0.00449144607 0.642449796 1.03973269
v -0.00343517098 0.640142024 1.04068744
v -0.00170340785 0.638286591 1.03973269
v 0.00531662488 0.641738951 1.04031098
v 0.00555458944 0.64314723 1.03800595
v 0.00449831458 0.645455003 1.0370512
v 0.00276655145 0.647310436 1.03800595
v 0.00137374341 0.647626579 1.04031098
v 0.00113577861 0.6462183 1.04261601
v 0.00219205348 0.643910527 1.04357076
v 0.00392381661 0.642055094 1.04261601
v 0.00334518403 0.64277178 1.04329443
v 0.00105730467 0.642471969 1.04187
v 0.000109634035 0.643467188 1.03953242
v 0.00105730467 0.645174503 1.03765082
v 0.00334518403 0.64659375 1.03732753
v 0.00563306315 0.646893561 1.03875196
v 0.00658073416 0.645898342 1.04108953
v 0.00563306315 0.644191027 1.04297113
v 0.00761990808 0.634703577 1.03812647
v 0.00533202896 0.634403765 1.03670204
v 0.00438435795 0.635398984 1.03436446
v 0.00533202896 0.637106299 1.03248286
v 0.00761990808 0.638525546 1.03215957
v 0.00990778767 0.638825357 1.033584
v 0.0108554577 0.637830138 1.03592157
v 0.00990778767 0.636122823 1.03780317
v 0.0108447876 0.635147333 1.03514302
v 0.0101633407 0.636155367 1.03271961
v 0.00799198542 0.637432396 1.03171587
v 0.00560267223 0.638230324 1.03271961
v 0.00439502858 0.638081789 1.03514302
v 0.00507647544 0.637073755 1.03756642
v 0.00724783074 0.635796726 1.03857017
v 0.00963714346 0.634998798 1.03756642
v 0.014244834 0.642620504 1.03729546
v 0.0135633871 0.643628538 1.03487206
v 0.0113920318 0.644905567 1.03386831
v 0.00900271907 0.645703495 1.03487206
v 0.00779507495 0.64555496 1.03729546
v 0.00847652182 0.644546926 1.03971887
v 0.0106478771 0.643269897 1.04072261
v 0.0130371898 0.642471969 1.03971887
v 0.0120923221 0.644087732 1.04067218
v 0.0124289868 0.64167732 1.03947651
v 0.0119402586 0.640678883 1.03700316
v 0.0109124295 0.64167732 1.03470111
v 0.0099475868 0.644087732 1.03391874
v 0.00961092208 0.646498144 1.03511441
v 0.0100996504 0.647496581 1.03758776
v 0.0111274794 0.646498144 1.03988981
v 0.0174211804 0.645671487 1.03897989
v 0.0177578442 0.643261075 1.03778422
v 0.0172691178 0.642262638 1.03531086
v 0.0162412878 0.643261075 1.03300881
v 0.0152764451 0.645671487 1.03222644
v 0.0149397803 0.648081899 1.03342211
v 0.0154285086 0.649080336 1.03589547
v 0.0164563376 0.648081899 1.03819752
v 0.0187392179 0.645671487 1.03821826
v 0.0173905417 0.643325388 1.03804517
v 0.0154316332 0.642353594 1.03644156
v 0.0140099972 0.643325388 1.03434682
v 0.0139584066 0.645671487 1.03298807
v 0.0153070837 0.648017585 1.03316116
v 0.0172659922 0.648989379 1.03476477
v 0.0186876282 0.648017585 1.03685951
v 0.0236303434 0.643189669 1.03374732
v 0.0222816672 0.64084357 1.03357422
v 0.0203227587 0.639871776 1.03197062
v 0.0189011227 0.64084357 1.02987587
v 0.0188495331 0.643189669 1.02851713
v 0.0201982092 0.645535767 1.02869022
v 0.0221571177 0.646507561 1.03029382
v 0.0235787537 0.645535767 1.03238857
v 0.0243247002 0.641447008 1.03113222
v 0.0235913396 0.642258644 1.028651
v 0.0214805603 0.643615603 1.02762318
v 0.0192288291 0.644723117 1.028651
v 0.0181551762 0.64493233 1.03113222
v 0.0188885368 0.644120693 1.03361344
v 0.0209993161 0.642763734 1.03464127
v 0.0232510474 0.64165622 1.03361344
v 0.0274908002 0.647051513 1.03202963
v 0.0267574396 0.64786315 1.02954841
v 0.0246466603 0.649220109 1.02852058
v 0.0223949291 0.650327623 1.02954841
v 0.0213212762 0.650536835 1.03202963
v 0.0220546369 0.649725199 1.03451085
v 0.0241654161 0.648368239 1.03553867
v 0.0264171474 0.647260725 1.03451085
v 0.0244060382 0.645434797 1.0331552
v 0.0219027512 0.646450222 1.03291965
v 0.0208658557 0.648838758 1.03216267
v 0.0219027512 0.651201129 1.03132772
v 0.0244060382 0.652153552 1.03090405
v 0.0269093253 0.651138127 1.03113961
v 0.0279462207 0.64874959 1.03189659
v 0.0269093253 0.646387219 1.03273153
v 0.0240693092 0.642734528 1.0250963
v 0.0215660222 0.643749952 1.02486074
v 0.0205291267 0.646138489 1.02410376
v 0.0215660222 0.64850086 1.02326882
v 0.0240693092 0.649453282 1.02284515
v 0.0265725963 0.648437858 1.02308071
v 0.0276094917 0.646049321 1.02383769
v 0.0265725963 0.64368695 1.02467263
v 0.0240693092 0.643339097 1.02619863
v 0.0218965821 0.643361688 1.02457643
v 0.0209966078 0.644984722 1.02259934
v 0.0218965821 0.647257507 1.0214256
v 0.0240693092 0.648848712 1.02174282
v 0.0262420364 0.648826122 1.02336502
v 0.0271420106 0.647203088 1.02534211
v 0.0262420364 0.644930303 1.02651584
v 0.0287136044 0.638251364 1.01990783
v 0.0265408773 0.638273954 1.01828563
v 0.025640903 0.639896989 1.01630855
v 0.0265408773 0.642169774 1.01513481
v 0.0287136044 0.643760979 1.01545203
v 0.0308863316 0.643738389 1.01707423
v 0.031786304 0.642115355 1.01905131
v 0.0308863316 0.63984257 1.02022505
v 0.0287136044 0.642430663 1.01443589
v 0.0263106525 0.642662227 1.01567101
v 0.0253153183 0.641923726 1.01808286
v 0.0263106525 0.640647709 1.02025867
v 0.0287136044 0.63958168 1.02092397
v 0.0311165564 0.639350116 1.01968884
v 0.0321118906 0.640088618 1.017277
v 0.0311165564 0.641364634 1.01510119
v 0.0325126573 0.654226661 1.01961565
v 0.0301097054 0.654458225 1.02085078
v 0.0291143712 0.653719723 1.02326262
v 0.0301097054 0.652443707 1.02543843
v 0.0325126573 0.651377678 1.02610373
v 0.0349156074 0.651146114 1.02486861
v 0.0359109454 0.651884615 1.02245677
v 0.0349156074 0.653160632 1.02028096
v 0.0311021842 0.649552047 1.02285969
v 0.0322884209 0.650168478 1.02050042
v 0.0336060114 0.652327657 1.01952326
v 0.0342831314 0.654764831 1.02050042
v 0.0339231305 0.656052291 1.02285969
v 0.0327368937 0.65543586 1.02521896
v 0.0314193033 0.653276682 1.02619612
v 0.0307421833 0.650839508 1.02521896
v 0.0360846333 0.64738977 1.02479994
v 0.0372708701 0.648006201 1.02244067
v 0.0385884605 0.650165379 1.02146351
v 0.0392655805 0.652602553 1.02244067
v 0.0389055796 0.653890014 1.02479994
v 0.0377193429 0.653273582 1.02715921
v 0.0364017524 0.651114404 1.02813637
v 0.0357246324 0.64867723 1.02715921
v 0.0368613787 0.650639892 1.02828574
v 0.0374652557 0.648170948 1.02734089
v 0.0380866155 0.647148311 1.02490747
v 0.0383614786 0.648170948 1.02241111
v 0.0381288342 0.650639892 1.02131414
v 0.0375249572 0.653108835 1.022259
v 0.0369035974 0.654131472 1.02469242
v 0.0366287343 0.653108835 1.02718878
v 0.0421359278 0.651562989 1.02924466
v 0.0427398048 0.649094045 1.02829981
v 0.0433611646 0.648071408 1.02586639
v 0.0436360277 0.649094045 1.02337003
v 0.0434033833 0.651562989 1.02227306
v 0.0427995063 0.654031932 1.02321792
v 0.0421781465 0.655054569 1.02565134
v 0.0419032834 0.654031932 1.0281477
v 0.04244693 0.648034751 1.02575886
v 0.0425414555 0.649068177 1.02325356
v 0.0427696556 0.651562989 1.02221584
v 0.0429978557 0.654057801 1.02325356
v 0.0430923812 0.655091226 1.02575886
v 0.0429978557 0.654057801 1.02826416
v 0.0427696556 0.651562989 1.02930188
v 0.0425414555 0.649068177 1.02826416
v 0.0475811549 0.647565126 1.02575886
v 0.0476756804 0.648598552 1.02325356
v 0.0479038805 0.651093364 1.02221584
v 0.0481320806 0.653588176 1.02325356
v 0.0482266061 0.654621601 1.02575886
v 0.0481320806 0.653588176 1.02826416
v 0.0479038805 0.651093364 1.02930188
v 0.0476756804 0.648598552 1.02826416
v 0.0497480594 0.64806819 1.02575886
v 0.049050387 0.648858249 1.02326035
v 0.0476811081 0.650957584 1.0222255
v 0.0464423224 0.653136432 1.02326035
v 0.0460597016 0.654118538 1.02575886
v 0.046757374 0.653328478 1.02825737
v 0.0481266528 0.651229143 1.02929223
v 0.0493654385 0.649050295 1.02825737
v 0.0552371033 0.651414394 1.02528417
v 0.0545394309 0.652204454 1.02278566
v 0.053170152 0.654303789 1.02175081
v 0.0519313663 0.656482637 1.02278566
v 0.0515487455 0.657464743 1.02528417
v 0.0522464179 0.656674683 1.02778268
v 0.0536156967 0.654575348 1.02881753
v 0.0548544824 0.6523965 1.02778268
v 0.0530872904 0.654439569 1.02881396
v 0.0532643646 0.651935875 1.02778769
v 0.0535167456 0.650898814 1.0252949
v 0.0536965951 0.651935875 1.0227958
v 0.0536985584 0.654439569 1.02175438
v 0.0535214841 0.656943262 1.02278066
v 0.0532691032 0.657980323 1.02527344
v 0.0530892536 0.656943262 1.02777255
v 0.0556824505 0.654531002 1.02903867
v 0.0558595248 0.652027309 1.02801239
v 0.0561119057 0.650990248 1.02551961
v 0.0562917553 0.652027309 1.02302051
v 0.0562937185 0.654531002 1.02197909
v 0.0561166443 0.657034695 1.02300537
v 0.0558642633 0.658071756 1.02549815
v 0.0556844138 0.657034695 1.02799726
v 0.0591723435 0.652977586 1.02550888
v 0.0580128618 0.652967572 1.02305758
v 0.0556672923 0.653873444 1.02204227
v 0.0535096377 0.655164421 1.02305758
v 0.0528038256 0.656084418 1.02550888
v 0.0539633073 0.656094432 1.02796018
v 0.0563088767 0.65518856 1.02897549
v 0.0584665313 0.653897583 1.02796018
v 0.0623572469 0.659506202 1.02397573
v 0.0611977652 0.659496188 1.02152443
v 0.0588521957 0.66040206 1.02050912
v 0.0566945411 0.661693037 1.02152443
v 0.055988729 0.662613034 1.02397573
v 0.0571482107 0.662623048 1.02642703
v 0.0594937801 0.661717176 1.02744234
v 0.0616514347 0.660426199 1.02642703
v 0.0608142093 0.646526337 1.01388562
v 0.0604327321 0.644399285 1.01224756
v 0.0615750328 0.643518269 1.00995147
v 0.0635719746 0.644399285 1.00834239
v 0.0652537718 0.646526337 1.00836289
v 0.065635249 0.648653388 1.01000094
v 0.0644929484 0.649534404 1.01229703
v 0.0624960065 0.648653388 1.01390612
v 0.0632367432 0.644592106 1.01583302
v 0.062855266 0.642465055 1.01419497
v 0.0639975667 0.641584039 1.01189888
v 0.0659945086 0.642465055 1.01028979
v 0.0676763058 0.644592106 1.01031029
v 0.0680577829 0.646719158 1.01194835
v 0.0669154823 0.647600174 1.01424444
v 0.0649185404 0.646719158 1.01585352
v 0.0653096661 0.641052186 1.01307166
v 0.0654384196 0.642085433 1.0105679
v 0.0655777827 0.6445871 1.00953078
v 0.0656461045 0.647091627 1.0105679
v 0.0656033829 0.648132026 1.01307166
v 0.0654746294 0.64709878 1.01557541
v 0.0653352663 0.644597113 1.01661253
v 0.0652669445 0.642092586 1.01557541
v 0.0704876781 0.640837371 1.01324928
v 0.0706164315 0.641870618 1.01074553
v 0.0707557946 0.644372284 1.0097084
v 0.0708241165 0.646876812 1.01074553
v 0.0707813948 0.647917211 1.01324928
v 0.0706526414 0.646883965 1.01575303
v 0.0705132782 0.644382298 1.01679015
v 0.0704449564 0.64187777 1.01575303
v 0.0699239597 0.640906334 1.01324928
v 0.0699457675 0.641961098 1.01075125
v 0.0703710541 0.644431233 1.00971651
v 0.0709506795 0.646869779 1.01075125
v 0.0713451132 0.647848248 1.01324928
v 0.0713233054 0.646793485 1.01574731
v 0.0708980188 0.644323349 1.01678205
v 0.0703183934 0.641884804 1.01574731
v 0.0750307664 0.639860868 1.01285243
v 0.0750525743 0.640915632 1.0103544
v 0.0754778609 0.643385768 1.00931966
v 0.0760574862 0.645824313 1.0103544
v 0.07645192 0.646802783 1.01285243
v 0.0764301121 0.645748019 1.01535046
v 0.0760048255 0.643277884 1.0163852
v 0.0754252002 0.640839338 1.01535046
v 0.0781627074 0.640745401 1.01285243
v 0.0769445971 0.641026497 1.01044607
v 0.0750216395 0.642658055 1.00944936
v 0.073520273 0.644684255 1.01044607
v 0.073319979 0.64591825 1.01285243
v 0.0745380893 0.645637155 1.01525879
v 0.0764610469 0.644005597 1.0162555
v 0.0779624134 0.641979396 1.01525879
v 0.0838250667 0.6460464 1.01060534
v 0.0826069564 0.646327496 1.00819898
v 0.0806839988 0.647959054 1.00720227
v 0.0791826323 0.649985254 1.00819898
v 0.0789823383 0.651219249 1.01060534
v 0.0802004486 0.650938153 1.01301169
v 0.0821234062 0.649306595 1.0140084
v 0.0836247727 0.647280395 1.01301169
v 0.0784928203 0.646613061 1.01060534
v 0.0786766708 0.648168445 1.00839174
v 0.0804579705 0.649995804 1.00747478
v 0.082793273 0.651024759 1.00839174
v 0.0843145847 0.650652587 1.01060534
v 0.0841307342 0.649097204 1.01281893
v 0.0823494345 0.647269845 1.01373589
v 0.080014132 0.64624089 1.01281893
v 0.0808161423 0.643264651 1.00844562
v 0.0809999928 0.644820035 1.00623202
v 0.0827812925 0.646647394 1.00531507
v 0.085116595 0.647676349 1.00623202
v 0.0866379067 0.647304177 1.00844562
v 0.0864540562 0.645748794 1.01065922
v 0.0846727565 0.643921435 1.01157618
v 0.082337454 0.64289248 1.01065922
v 0.0852938667 0.642106771 1.00844562
v 0.0844896138 0.642867208 1.00597012
v 0.0832386464 0.645043612 1.0049448
v 0.0822737664 0.6473611 1.00597012
v 0.0821601823 0.648462057 1.00844562
v 0.0829644352 0.647701621 1.01092112
v 0.0842154026 0.645525217 1.01194644
v 0.0851802826 0.643207729 1.01092112
v 0.0907216221 0.64478308 1.00750434
v 0.0899173692 0.645543516 1.00502884
v 0.0886664018 0.64771992 1.00400352
v 0.0877015218 0.650037408 1.00502884
v 0.0875879377 0.651138365 1.00750434
v 0.0883921906 0.650377929 1.00997984
v 0.089643158 0.648201525 1.01100516
v 0.090608038 0.645884037 1.00997984
v 0.0920675397 0.647960722 1.00952137
v 0.0908994675 0.64551729 1.00938535
v 0.0887093768 0.644505203 1.0081476
v 0.0867801979 0.64551729 1.00653291
v 0.0862420201 0.647960722 1.00548732
v 0.0874100924 0.650404155 1.00562334
v 0.0896001831 0.651416242 1.00686109
v 0.0915293619 0.650404155 1.00847578
v 0.0971538499 0.64593792 1.00217628
v 0.0959857777 0.643494487 1.00204027
v 0.093795687 0.6424824 1.00080252
v 0.0918665081 0.643494487 0.999187827
v 0.0913283303 0.64593792 0.998142242
v 0.0924964026 0.648381352 0.998278201
v 0.0946864933 0.649393439 0.99951607
v 0.0966156721 0.648381352 1.0011307
v 0.0962766483 0.64593792 1.00305915
v 0.0965202972 0.643652439 1.00162017
v 0.095428817 0.642705798 0.999325514
v 0.0936415792 0.643652439 0.997519255
v 0.0922055319 0.64593792 0.997259438
v 0.091961883 0.6482234 0.998698294
v 0.0930533633 0.649170041 1.00099301
v 0.0948406011 0.6482234 1.00279927
v 0.0990180373 0.647441685 1.00113475
v 0.0992616862 0.645156205 0.999695897
v 0.098170206 0.644209564 0.997401178
v 0.0963829681 0.645156205 0.995594919
v 0.0949469209 0.647441685 0.995335102
v 0.094703272 0.649727166 0.996773958
v 0.0957947522 0.650673807 0.999068677
v 0.0975819901 0.649727166 1.000875
v 0.0969824791 0.644153595 0.999554455
v 0.0945588946 0.644880354 0.998579144
v 0.0935550183 0.647107542 0.997402191
v 0.0945588946 0.649530411 0.996713102
v 0.0969824791 0.650729775 0.9969154
v 0.0994060636 0.650003016 0.997890711
v 0.10040994 0.647775829 0.999067664
v 0.0994060636 0.64535296 0.999756753
v 0.0993863195 0.640733719 0.991032541
v 0.0969627351 0.641460478 0.99005723
v 0.0959588587 0.643687665 0.988880277
v 0.0969627351 0.646110535 0.988191187
v 0.0993863195 0.647309899 0.988393486
v 0.101809904 0.64658314 0.989368796
v 0.10281378 0.644355953 0.99054575
v 0.101809904 0.641933084 0.991234839
v 0.0990635604 0.640493572 0.989713013
v 0.0991580933 0.641526997 0.98720777
v 0.0993863195 0.644021809 0.986170053
v 0.0996145457 0.646516621 0.98720777
v 0.0997090787 0.647550046 0.989713013
v 0.0996145457 0.646516621 0.992218256
v 0.0993863195 0.644021809 0.993255973
v 0.0991580933 0.641526997 0.992218256
v 0.101653546 0.640256643 0.989713013
v 0.101748079 0.641290069 0.98720777
v 0.101976305 0.643784881 0.986170053
v 0.102204531 0.646279693 0.98720777
v 0.102299064 0.647313118 0.989713013
v 0.102204531 0.646279693 0.992218256
v 0.101976305 0.643784881 0.993255973
v 0.101748079 0.641290069 0.992218256
v 0.103195935 0.643784881 0.993039429
v 0.10333728 0.64133656 0.991882324
v 0.102681383 0.640322447 0.989454508
v 0.101612464 0.64133656 0.987178087
v 0.100756675 0.643784881 0.986386597
v 0.10061533 0.646233201 0.987543702
v 0.101271227 0.647247314 0.989971519
v 0.102340147 0.646233201 0.992247939
v 0.108531989 0.645017564 0.991082966
v 0.108673334 0.642569244 0.989925861
v 0.108017437 0.64155513 0.987498045
v 0.106948517 0.642569244 0.985221624
v 0.106092729 0.645017564 0.984430134
v 0.105951384 0.647465885 0.985587239
v 0.106607281 0.648479998 0.988015056
v 0.107676201 0.647465885 0.990291476
v 0.104028396 0.643687844 0.98775655
v 0.104914054 0.644265473 0.985259533
v 0.107204601 0.645283699 0.984225214
v 0.109558277 0.646145999 0.985259533
v 0.110596322 0.646347284 0.98775655
v 0.109710664 0.645769656 0.990253568
v 0.107420117 0.64475143 0.991287887
v 0.105066441 0.643889129 0.990253568
v 0.106219426 0.638276756 0.987281919
v 0.107105084 0.638854384 0.984784901
v 0.109395631 0.639872611 0.983750582
v 0.111749306 0.640734911 0.984784901
v 0.112787351 0.640936196 0.987281919
v 0.111901693 0.640358567 0.989778936
v 0.109611146 0.639340341 0.990813255
v 0.10725747 0.638478041 0.989778936
v 0.111675568 0.636807501 0.987281919
v 0.111095592 0.637670934 0.984777689
v 0.109582923 0.639668226 0.983740389
v 0.108023666 0.641629279 0.984777689
v 0.107331209 0.64240545 0.987281919
v 0.107911184 0.641542017 0.989786148
v 0.109423853 0.639544725 0.990823448
v 0.110983111 0.637583673 0.989786148
v 0.117227942 0.6411165 0.987481713
v 0.116647966 0.641979933 0.984977484
v 0.115135297 0.643977225 0.983940184
v 0.11357604 0.645938277 0.984977484
v 0.112883583 0.646714449 0.987481713
v 0.113463558 0.645851016 0.989985943
v 0.114976227 0.643853724 0.991023242
v 0.116535485 0.641892672 0.989985943
v 0.116275415 0.643915474 0.990808129
v 0.116416737 0.641467154 0.989651024
v 0.115760826 0.640453041 0.987223208
v 0.114691891 0.641467154 0.984946787
v 0.11383611 0.643915474 0.984155297
v 0.113694787 0.646363795 0.985312402
v 0.114350699 0.647377908 0.987740219
v 0.115419634 0.646363795 0.990016639
v 0.12161234 0.645148337 0.988851309
v 0.121753663 0.642700016 0.987694204
v 0.121097751 0.641685903 0.985266387
v 0.120028816 0.642700016 0.982989967
v 0.119173035 0.645148337 0.982198477
v 0.119031712 0.647596657 0.983355582
v 0.119687624 0.648610771 0.985783398
v 0.120756559 0.647596657 0.988059819
v 0.11945609 0.641731441 0.985524893
v 0.119435057 0.642813146 0.983038425
v 0.119975001 0.645262837 0.982008517
v 0.120759614 0.647645414 0.983038425
v 0.121329285 0.648565233 0.985524893
v 0.121350318 0.647483528 0.98801136
v 0.120810375 0.645033836 0.989041269
v 0.120025761 0.64265126 0.98801136
v 0.124577925 0.640327513 0.984870791
v 0.124556892 0.641409218 0.982384324
v 0.125096828 0.64385891 0.981354415
v 0.125881448 0.646241486 0.982384324
v 0.12645112 0.647161305 0.984870791
v 0.126472145 0.6460796 0.987357259
v 0.125932217 0.643629909 0.988387167
v 0.125147596 0.641247332 0.987357259
v 0.12759538 0.640876889 0.984870791
v 0.126142859 0.641104996 0.982592344
v 0.124322265 0.642879248 0.981648564
v 0.123200081 0.645160258 0.982592344
v 0.123433664 0.646611929 0.984870791
v 0.124886185 0.646383822 0.987149239
v 0.126706779 0.644609571 0.988093019
v 0.127828971 0.64232856 0.987149239
v 0.130377129 0.64289552 0.983299494
v 0.128924608 0.643123627 0.981021047
v 0.127104014 0.644897878 0.980077267
v 0.125981823 0.647178888 0.981021047
v 0.126215413 0.648630559 0.983299494
v 0.127667934 0.648402452 0.985577941
v 0.129488528 0.646628201 0.986521721
v 0.130610719 0.644347191 0.985577941
v 0.127140403 0.642413914 0.983299494
v 0.127086625 0.64353025 0.980828881
v 0.127741441 0.645954549 0.97980547
v 0.128721267 0.648266613 0.980828881
v 0.129452139 0.649112165 0.983299494
v 0.129505917 0.64799583 0.985770106
v 0.128851101 0.64557153 0.986793518
v 0.127871275 0.643259466 0.985770106
v 0.132244661 0.640652299 0.98239243
v 0.132190883 0.641768634 0.979921818
v 0.1328457 0.644192934 0.978898406
v 0.133825526 0.646504998 0.979921818
v 0.134556398 0.64735055 0.98239243
v 0.134610176 0.646234214 0.984863043
v 0.133955359 0.643809915 0.985886455
v 0.132975534 0.64149785 0.984863043
v 0.13449879 0.640632987 0.98239243
v 0.133530602 0.641408801 0.979981244
v 0.132486224 0.643703341 0.978982508
v 0.131977424 0.646172464 0.979981244
v 0.132302269 0.647369862 0.98239243
v 0.133270457 0.646594048 0.984803617
v 0.134314835 0.644299507 0.985802352
v 0.134823635 0.641830385 0.984803617
v 0.139869422 0.642384052 0.980799317
v 0.138901234 0.643159866 0.978388131
v 0.137856856 0.645454407 0.977389395
v 0.137348056 0.647923529 0.978388131
v 0.137672901 0.649120927 0.980799317
v 0.138641089 0.648345113 0.983210504
v 0.139685467 0.646050572 0.984209239
v 0.140194267 0.64358145 0.983210504
v 0.13747023 0.642457008 0.980799317
v 0.13739863 0.643600941 0.978341758
v 0.138131037 0.646005213 0.97732383
v 0.139238417 0.648261428 0.978341758
v 0.140072092 0.649047971 0.980799317
v 0.140143692 0.647904038 0.983256876
v 0.139411286 0.645499766 0.984274805
v 0.138303906 0.643243551 0.983256876
v 0.142567888 0.640444636 0.979714096
v 0.142496288 0.641588569 0.977256536
v 0.143228695 0.643992841 0.976238608
v 0.144336075 0.646249056 0.977256536
v 0.14516975 0.647035599 0.979714096
v 0.14524135 0.645891666 0.982171655
v 0.144508943 0.643487394 0.983189583
v 0.143401563 0.641231179 0.982171655
v 0.147038028 0.642156243 0.979714096
v 0.14631328 0.643027306 0.977250516
v 0.14415659 0.644315958 0.976230085
v 0.141831338 0.645267248 0.977250516
v 0.14069961 0.645323992 0.979714096
v 0.141424358 0.644452929 0.982177675
v 0.143581048 0.643164277 0.983198106
v 0.145906299 0.642212987 0.982177675
v 0.150034562 0.648152053 0.980952561
v 0.149309814 0.649023116 0.978488982
v 0.147153124 0.650311768 0.97746855
v 0.144827873 0.651263058 0.978488982
v 0.143696144 0.651319802 0.980952561
v 0.144420892 0.65044874 0.98341614
v 0.146577582 0.649160087 0.984436572
v 0.148902833 0.648208797 0.98341614
v 0.144231915 0.647365808 0.980952561
v 0.144278407 0.648865342 0.978693724
v 0.145840287 0.650874853 0.97775811
v 0.148002639 0.652217209 0.978693724
v 0.149498791 0.652106047 0.980952561
v 0.149452299 0.650606513 0.983211398
v 0.147890419 0.648597002 0.984147012
v 0.145728067 0.647254646 0.983211398
v 0.149147451 0.641904235 0.977428019
v 0.149193943 0.643403769 0.975169182
v 0.150755823 0.64541328 0.974233568
v 0.152918175 0.646755636 0.975169182
v 0.154414326 0.646644473 0.977428019
v 0.154367834 0.645144939 0.979686856
v 0.152805954 0.643135428 0.98062247
v 0.150643602 0.641793072 0.979686856
v 0.15400371 0.641515434 0.977428019
v 0.153436989 0.642391443 0.974925101
v 0.151900142 0.644370437 0.973888397
v 0.15029344 0.646293163 0.974925101
v 0.149558067 0.647033274 0.977428019
v 0.150124788 0.646157265 0.979930937
v 0.151661634 0.644178271 0.980967641
v 0.153268337 0.642255545 0.979930937
v 0.159508258 0.645950377 0.97773385
v 0.158941537 0.646826386 0.975230932
v 0.157404691 0.64880538 0.974194229
v 0.155797988 0.650728106 0.975230932
v 0.155062616 0.651468217 0.97773385
v 0.155629337 0.650592208 0.980236769
v 0.157166183 0.648613214 0.981273472
v 0.158772886 0.646690488 0.980236769
v 0.154689685 0.646297932 0.97773385
v 0.154721752 0.647788107 0.975468576
v 0.156255573 0.649817884 0.97453028
v 0.158392683 0.651198268 0.975468576
v 0.159881189 0.651120663 0.97773385
v 0.159849122 0.649630487 0.979999125
v 0.158315301 0.64760071 0.980937421
v 0.156178191 0.646220326 0.979999125
v 0.15963766 0.640971601 0.974300027
v 0.159669727 0.642461777 0.972034752
v 0.161203548 0.644491553 0.971096456
v 0.163340658 0.645871937 0.972034752
v 0.164829165 0.645794332 0.974300027
v 0.164797097 0.644304156 0.976565301
v 0.163263276 0.64227438 0.977503598
v 0.161126167 0.640893996 0.976565301
v 0.16408065 0.6403597 0.974300027
v 0.16337955 0.641147375 0.971801817
v 0.162007064 0.643244684 0.970767021
v 0.160767168 0.645422995 0.971801817
v 0.160386175 0.646406233 0.974300027
v 0.161087275 0.645618558 0.976798236
v 0.162459761 0.643521249 0.977833033
v 0.163699657 0.641342938 0.976798236
v 0.169523984 0.643685579 0.973821104
v 0.168822885 0.644473255 0.971322894
v 0.167450398 0.646570563 0.970288098
v 0.166210502 0.648748875 0.971322894
v 0.165829509 0.649732113 0.973821104
v 0.166530609 0.648944438 0.976319313
v 0.167903095 0.646847129 0.977354109
v 0.169142991 0.644668818 0.976319313
v 0.169001132 0.643422723 0.973821104
v 0.168107346 0.644181311 0.971375942
v 0.166961312 0.646420479 0.97036314
v 0.166234374 0.648828566 0.971375942
v 0.166352361 0.649994969 0.973821104
v 0.167246148 0.649236381 0.976266265
v 0.168392181 0.646997213 0.977279067
v 0.16911912 0.644589126 0.976266265
v 0.174384862 0.645592511 0.972526312
v 0.173491076 0.646351099 0.970081151
v 0.172345042 0.648590267 0.969068348
v 0.171618104 0.650998354 0.970081151
v 0.171736091 0.652164757 0.972526312
v 0.172629878 0.651406169 0.974971473
v 0.173775911 0.649167001 0.975984275
v 0.17450285 0.646758914 0.974971473
v 0.171581417 0.645659149 0.972526312
v 0.171490788 0.646842778 0.970088303
v 0.172319651 0.649218976 0.969078422
v 0.173582479 0.651395798 0.970088303
v 0.174539536 0.652098119 0.972526312
v 0.174630165 0.65091449 0.974964321
v 0.173801303 0.648538291 0.975974202
v 0.172538474 0.64636147 0.974964321
v 0.174134091 0.644486427 0.971862078
v 0.174043462 0.645670056 0.969424069
v 0.174872324 0.648046255 0.968414187
v 0.176135153 0.650223076 0.969424069
v 0.177092209 0.650925398 0.971862078
v 0.177182838 0.649741769 0.974300086
v 0.176353976 0.64736557 0.975309968
v 0.175091147 0.645188749 0.974300086
v 0.176938012 0.644419968 0.971862078
v 0.176044151 0.645178497 0.969416916
v 0.174897805 0.647417486 0.968404114
v 0.174170509 0.649825454 0.969416916
v 0.174288288 0.650991857 0.971862078
v 0.175182149 0.650233328 0.974307239
v 0.176328495 0.647994339 0.975320041
v 0.177055791 0.645586371 0.974307239
v 0.182318613 0.646589398 0.970568061
v 0.181424752 0.647347927 0.9681229
v 0.180278406 0.649586916 0.967110097
v 0.17955111 0.651994884 0.9681229
v 0.179668888 0.653161287 0.970568061
v 0.18056275 0.652402759 0.973013222
v 0.181709096 0.65016377 0.974026024
v 0.182436392 0.647755802 0.973013222
v 0.180058286 0.646458089 0.970568061
v 0.180033594 0.647540748 0.968082011
v 0.180571347 0.649990976 0.967052281
v 0.181356549 0.652373433 0.968082011
v 0.181929216 0.653292596 0.970568061
v 0.181953907 0.652209938 0.973054111
v 0.181416154 0.64975971 0.974083841
v 0.180630952 0.647377253 0.973054111
v 0.185207456 0.645048499 0.969903052
v 0.185182765 0.646131158 0.967417002
v 0.185720518 0.648581386 0.966387272
v 0.18650572 0.650963843 0.967417002
v 0.187078387 0.651883006 0.969903052
v 0.187103078 0.650800347 0.972389102
v 0.186565325 0.64835012 0.973418832
v 0.185780123 0.645967662 0.972389102
v 0.188198745 0.648465753 0.972788572
v 0.188411847 0.646169186 0.971362591
v 0.187295839 0.645217896 0.96908164
v 0.185504481 0.646169186 0.967281878
v 0.184087098 0.648465753 0.967017531
v 0.183873996 0.65076232 0.968443513
v 0.184990004 0.65171361 0.970724463
v 0.186781362 0.65076232 0.972524226
v 0.190948397 0.649937272 0.970829546
v 0.191161498 0.647640705 0.969403565
v 0.190045491 0.646689415 0.967122614
v 0.188254133 0.647640705 0.965322852
v 0.186836749 0.649937272 0.965058506
v 0.186623648 0.652233839 0.966484487
v 0.187739655 0.653185129 0.968765438
v 0.189531013 0.652233839 0.9705652
v 0.190112203 0.649937272 0.971270442
v 0.190253526 0.647488952 0.970113397
v 0.189597622 0.646474838 0.967685521
v 0.188528702 0.647488952 0.9654091
v 0.187672943 0.649937272 0.96461761
v 0.18753162 0.652385592 0.965774655
v 0.188187525 0.653399706 0.968202531
v 0.189256445 0.652385592 0.970478952
v 0.195455238 0.651171505 0.969311416
v 0.195596561 0.648723185 0.968154371
v 0.194940656 0.647709072 0.965726495
v 0.193871737 0.648723185 0.963450074
v 0.193015978 0.651171505 0.962658584
v 0.192874655 0.653619826 0.963815629
v 0.19353056 0.654633939 0.966243505
v 0.194599479 0.653619826 0.968519926
v 0.195694923 0.64794302 0.965985
v 0.196025908 0.649231434 0.963622034
v 0.195308149 0.65165633 0.962643266
v 0.193962127 0.653797209 0.963622034
v 0.192776293 0.654399991 0.965985
v 0.192445308 0.653111577 0.968347967
v 0.193163067 0.650686681 0.969326735
v 0.194509089 0.648545802 0.968347967
v 0.20097439 0.650329411 0.968025684
v 0.201305375 0.651617825 0.965662718
v 0.200587615 0.654042721 0.96468395
v 0.199241593 0.6561836 0.965662718
v 0.198055759 0.656786382 0.968025684
v 0.197724774 0.655497968 0.970388651
v 0.198442534 0.653073072 0.971367419
v 0.199788556 0.650932193 0.970388651
v 0.200734735 0.653557897 0.9713521
v 0.200876072 0.651109576 0.970194995
v 0.200220153 0.650095463 0.967767179
v 0.199151203 0.651109576 0.965490758
v 0.198295414 0.653557897 0.964699268
v 0.198154077 0.656006217 0.965856373
v 0.198809996 0.65702033 0.96828419
v 0.199878946 0.656006217 0.97056061
v 0.206071302 0.654790699 0.969395399
v 0.20621264 0.652342379 0.968238294
v 0.20555672 0.651328266 0.965810478
v 0.204487771 0.652342379 0.963534057
v 0.203631982 0.654790699 0.962742567
v 0.203490645 0.65723902 0.963899672
v 0.204146564 0.658253133 0.966327488
v 0.205215514 0.65723902 0.968603909
v 0.206907436 0.654790699 0.968954504
v 0.207120553 0.652494133 0.967528522
v 0.20600456 0.651542842 0.965247571
v 0.204213202 0.652494133 0.963447809
v 0.202795848 0.654790699 0.963183463
v 0.202582732 0.657087266 0.964609444
v 0.203698725 0.658038557 0.966890395
v 0.205490083 0.657087266 0.968690157
v 0.20965378 0.656260431 0.966997862
v 0.209866896 0.653963864 0.96557188
v 0.208750904 0.653012574 0.96329093
v 0.206959546 0.653963864 0.961491168
v 0.205542192 0.656260431 0.961226821
v 0.205329075 0.658556998 0.962652802
v 0.206445068 0.659508288 0.964933753
v 0.208236426 0.658556998 0.966733515
v 0.207275257 0.652732193 0.964112341
v 0.207369789 0.653765619 0.961607099
v 0.207597986 0.656260431 0.960569382
v 0.207826182 0.658755243 0.961607099
v 0.207920715 0.659788668 0.964112341
v 0.207826182 0.658755243 0.966617584
v 0.207597986 0.656260431 0.967655301
v 0.207369789 0.653765619 0.966617584
v 0.212455735 0.652258337 0.964112341
v 0.212550268 0.653291762 0.961607099
v 0.212778464 0.655786574 0.960569382
v 0.21300666 0.658281386 0.961607099
v 0.213101193 0.659314811 0.964112341
v 0.21300666 0.658281386 0.966617584
v 0.212778464 0.655786574 0.967655301
v 0.212550268 0.653291762 0.966617584
v 0.213998094 0.655786574 0.967438757
v 0.214139432 0.653338253 0.966281652
v 0.213483542 0.65232414 0.963853836
v 0.212414622 0.653338253 0.961577415
v 0.211558834 0.655786574 0.960785925
v 0.211417496 0.658234894 0.96194303
v 0.212073386 0.659249008 0.964370847
v 0.213142306 0.658234894 0.966647267
v 0.219334662 0.657019377 0.965482116
v 0.219475999 0.654571056 0.964325011
v 0.21882011 0.653556943 0.961897194
v 0.21775119 0.654571056 0.959620774
v 0.216895401 0.657019377 0.958829284
v 0.216754064 0.659467697 0.959986389
v 0.217409953 0.660481811 0.962414205
v 0.218478873 0.659467697 0.964690626
v 0.22017087 0.657019377 0.96504122
v 0.220383927 0.65472275 0.963615239
v 0.21926789 0.65377146 0.961334348
v 0.217476517 0.65472275 0.959534526
v 0.216059193 0.657019377 0.959270179
v 0.215846136 0.659316003 0.960696161
v 0.216962174 0.660267293 0.962977052
v 0.218753546 0.659316003 0.964776874
v 0.222917214 0.658489048 0.963084519
v 0.223130271 0.656192422 0.961658537
v 0.222014233 0.655241132 0.959377646
v 0.220222861 0.656192422 0.957577825
v 0.218805537 0.658489048 0.957313478
v 0.21859248 0.660785675 0.95873946
v 0.219708517 0.661736965 0.96102035
v 0.22149989 0.660785675 0.962820172
v 0.222081006 0.658489048 0.963525414
v 0.222222343 0.656040728 0.962368309
v 0.221566454 0.655026615 0.959940493
v 0.220497534 0.656040728 0.957664073
v 0.219641745 0.658489048 0.956872582
v 0.219500408 0.660937369 0.958029687
v 0.220156297 0.661951482 0.960457504
v 0.221225217 0.660937369 0.962733924
v 0.227417573 0.659721851 0.961568773
v 0.227558911 0.657273531 0.960411668
v 0.226903021 0.656259418 0.957983851
v 0.225834101 0.657273531 0.955707431
v 0.224978313 0.659721851 0.954915941
v 0.224836975 0.662170172 0.956073046
v 0.225492865 0.663184285 0.958500862
v 0.226561785 0.662170172 0.960777283
v 0.227417603 0.659721851 0.961568773
v 0.227558941 0.657273531 0.960411668
v 0.226903021 0.656259418 0.957983851
v 0.225834072 0.657273531 0.955707431
v 0.224978283 0.659721851 0.954915941
v 0.224836946 0.662170172 0.956073046
v 0.225492865 0.663184285 0.958500862
v 0.226561815 0.662170172 0.960777283
v 0.232754171 0.660954654 0.959612072
v 0.232895508 0.658506334 0.958454967
v 0.232239589 0.65749222 0.95602715
v 0.231170639 0.658506334 0.95375073
v 0.230314851 0.660954654 0.952959239
v 0.230173513 0.663402975 0.954116344
v 0.230829433 0.664417088 0.956544161
v 0.231898382 0.663402975 0.958820581
v 0.231211782 0.657426417 0.956285655
v 0.231306314 0.658459842 0.953780413
v 0.231534511 0.660954654 0.952742696
v 0.231762707 0.663449466 0.953780413
v 0.23185724 0.664482892 0.956285655
v 0.231762707 0.663449466 0.958790898
v 0.231534511 0.660954654 0.959828615
v 0.231306314 0.658459842 0.958790898
v 0.233802021 0.657189488 0.956285655
v 0.233896554 0.658222914 0.953780413
v 0.23412475 0.660717726 0.952742696
v 0.234352946 0.663212538 0.953780413
v 0.234447479 0.664245963 0.956285655
v 0.234352946 0.663212538 0.958790898
v 0.23412475 0.660717726 0.959828615
v 0.233896554 0.658222914 0.958790898
v 0.235344365 0.660717726 0.959612072
v 0.235485718 0.658269405 0.958454967
v 0.234829828 0.657255292 0.95602715
v 0.233760908 0.658269405 0.95375073
v 0.232905135 0.660717726 0.952959239
v 0.232763782 0.663166046 0.954116344
v 0.233419672 0.66418016 0.956544161
v 0.234488592 0.663166046 0.958820581
v 0.240680948 0.661950529 0.95765543
v 0.2408223 0.659502208 0.956498325
v 0.240166411 0.658488095 0.954070508
v 0.239097491 0.659502208 0.951794088
v 0.238241717 0.661950529 0.951002598
v 0.238100365 0.664398849 0.952159703
v 0.238756254 0.665412962 0.954587519
v 0.239825174 0.664398849 0.95686394
v 0.240680993 0.661950529 0.95765543
v 0.2408223 0.659502208 0.956498325
v 0.240166381 0.658488095 0.954070508
v 0.239097446 0.659502208 0.951794088
v 0.238241673 0.661950529 0.951002598
v 0.238100365 0.664398849 0.952159703
v 0.238756284 0.665412962 0.954587519
v 0.239825219 0.664398849 0.95686394
v 0.24601756 0.663183272 0.955698729
v 0.246158868 0.660734951 0.954541624
v 0.245502949 0.659720838 0.952113807
v 0.244434014 0.660734951 0.949837387
v 0.24357824 0.663183272 0.949045897
v 0.243436933 0.665631592 0.950203001
v 0.244092852 0.666645706 0.952630818
v 0.245161787 0.665631592 0.954907238
v 0.247369602 0.647565246 0.942271471
v 0.245201841 0.647571683 0.940642416
v 0.244303927 0.649179459 0.938651979
v 0.245201841 0.65144676 0.937466145
v 0.247369602 0.653045416 0.937779546
v 0.249537364 0.653038979 0.9394086
v 0.250435263 0.651431203 0.941399038
v 0.249537364 0.649163902 0.942584872
v 0.252668917 0.641766429 0.935196877
v 0.250501156 0.641772866 0.933567822
v 0.249603242 0.643380642 0.931577384
v 0.250501156 0.645647943 0.93039155
v 0.252668917 0.647246599 0.930704951
v 0.254836679 0.647240162 0.932334006
v 0.255734593 0.645632386 0.934324443
v 0.254836679 0.643365085 0.935510278
v 0.255166113 0.644506514 0.935464203
v 0.2546269 0.642015934 0.934537113
v 0.252940744 0.640984356 0.932680845
v 0.251095355 0.642015934 0.930982769
v 0.250171721 0.644506514 0.930437624
v 0.250710934 0.646997094 0.931364715
v 0.25239709 0.648028672 0.933220983
v 0.25424248 0.646997094 0.934919059
v 0.257928133 0.644930124 0.932719886
v 0.25738892 0.642439544 0.931792796
v 0.255702764 0.641407967 0.929936528
v 0.253857374 0.642439544 0.928238451
v 0.252933741 0.644930124 0.927693307
v 0.253472954 0.647420704 0.928620398
v 0.25515911 0.648452282 0.930476665
v 0.257004499 0.647420704 0.932174742
v 0.256650567 0.644930124 0.933533013
v 0.256791919 0.642481804 0.932375908
v 0.256136 0.64146769 0.929948092
v 0.25506708 0.642481804 0.927671671
v 0.254211307 0.644930124 0.926880181
v 0.254069954 0.647378445 0.928037286
v 0.254725873 0.648392558 0.930465102
v 0.255794793 0.647378445 0.932741523
v 0.262037992 0.646174669 0.931557715
v 0.262179345 0.643726349 0.93040061
v 0.261523426 0.642712235 0.927972794
v 0.260454506 0.643726349 0.925696373
v 0.259598732 0.646174669 0.924904883
v 0.25945738 0.64862299 0.926061988
v 0.260113299 0.649637103 0.928489804
v 0.261182219 0.64862299 0.930766225
v 0.262037992 0.646174669 0.931557715
v 0.262179315 0.643726349 0.93040067
v 0.261523396 0.642712176 0.927972794
v 0.260454506 0.643726349 0.925696373
v 0.259598732 0.646174669 0.924904883
v 0.259457409 0.64862299 0.926061928
v 0.260113329 0.649637163 0.928489804
v 0.261182219 0.64862299 0.930766225
v 0.267425448 0.647419155 0.929582417
v 0.26756677 0.644970834 0.928425372
v 0.266910851 0.643956661 0.925997496
v 0.265841961 0.644970834 0.923721075
v 0.264986187 0.647419155 0.922929585
v 0.264844865 0.649867475 0.92408663
v 0.265500784 0.650881648 0.926514506
v 0.266569674 0.649867475 0.928790927
v 0.267425478 0.647419155 0.929582417
v 0.2675668 0.644970834 0.928425312
v 0.266910881 0.643956721 0.925997496
v 0.265841961 0.644970834 0.923721075
v 0.264986157 0.647419155 0.922929585
v 0.264844835 0.649867475 0.92408669
v 0.265500754 0.650881588 0.926514506
v 0.266569674 0.649867475 0.928790927
v 0.272812933 0.6486637 0.927607059
v 0.272954255 0.646215379 0.926449955
v 0.272298336 0.645201266 0.924022138
v 0.271229416 0.646215379 0.921745718
v 0.270373613 0.6486637 0.920954227
v 0.27023229 0.65111202 0.922111332
v 0.270888209 0.652126133 0.924539149
v 0.271957129 0.65111202 0.926815569
v 0.271270603 0.645135462 0.924280643
v 0.271365106 0.646168888 0.921775401
v 0.271593273 0.6486637 0.920737684
v 0.271821439 0.651158512 0.921775401
v 0.271915942 0.652191937 0.924280643
v 0.271821439 0.651158512 0.926785886
v 0.271593273 0.6486637 0.927823603
v 0.271365106 0.646168888 0.926785886
v 0.273885518 0.644896328 0.924280643
v 0.273980021 0.645929754 0.921775401
v 0.274208188 0.648424566 0.920737684
v 0.274436355 0.650919378 0.921775401
v 0.274530858 0.651952803 0.924280643
v 0.274436355 0.650919378 0.926785886
v 0.274208188 0.648424566 0.927823603
v 0.273980021 0.645929754 0.926785886
v 0.276902705 0.648424566 0.926581144
v 0.275313258 0.646243393 0.926844597
v 0.273076504 0.645339966 0.925606191
v 0.271502674 0.646243393 0.923591256
v 0.271513671 0.648424566 0.921980143
v 0.273103118 0.650605738 0.92171669
v 0.275339872 0.651509166 0.922955096
v 0.276913702 0.650605738 0.924970031
v 0.282298654 0.643728971 0.920260966
v 0.280709207 0.641547799 0.920524418
v 0.278472453 0.640644372 0.919286013
v 0.276898623 0.641547799 0.917271078
v 0.27690962 0.643728971 0.915659964
v 0.278499067 0.645910144 0.915396512
v 0.280735821 0.646813571 0.916634917
v 0.282309651 0.645910144 0.918649852
v 0.280823797 0.643728971 0.921286881
v 0.28096512 0.641280651 0.920129776
v 0.2803092 0.640266538 0.91770196
v 0.279240251 0.641280651 0.915425539
v 0.278384477 0.643728971 0.914634049
v 0.278243154 0.646177292 0.915791154
v 0.278899074 0.647191405 0.91821897
v 0.279968023 0.646177292 0.920495391
v 0.286224723 0.644976616 0.919306576
v 0.286366045 0.642528296 0.918149471
v 0.285710126 0.641514182 0.915721655
v 0.284641176 0.642528296 0.913445234
v 0.283785403 0.644976616 0.912653744
v 0.28364408 0.647424936 0.913810849
v 0.284299999 0.64843905 0.916238666
v 0.285368949 0.647424936 0.918515086
v 0.284682333 0.641448379 0.91598016
v 0.284776866 0.642481804 0.913474917
v 0.285005063 0.644976616 0.912437201
v 0.285233259 0.647471428 0.913474917
v 0.285327792 0.648504853 0.91598016
v 0.285233259 0.647471428 0.918485403
v 0.285005063 0.644976616 0.91952312
v 0.284776866 0.642481804 0.918485403
v 0.287303835 0.641208589 0.91598016
v 0.287398368 0.642242014 0.913474917
v 0.287626565 0.644736826 0.912437201
v 0.287854761 0.647231638 0.913474917
v 0.287949294 0.648265064 0.91598016
v 0.287854761 0.647231638 0.918485403
v 0.287626565 0.644736826 0.91952312
v 0.287398368 0.642242014 0.918485403
v 0.288846195 0.644736826 0.919306576
v 0.288987547 0.642288506 0.918149471
v 0.288331658 0.641274393 0.915721655
v 0.287262738 0.642288506 0.913445234
v 0.286406934 0.644736826 0.912653744
v 0.286265582 0.647185147 0.913810849
v 0.286921471 0.64819926 0.916238666
v 0.287990391 0.647185147 0.918515086
v 0.294247121 0.64598453 0.917326331
v 0.294388473 0.64353621 0.916169226
v 0.293732584 0.642522097 0.91374141
v 0.292663664 0.64353621 0.911464989
v 0.29180786 0.64598453 0.910673499
v 0.291666508 0.648432851 0.911830604
v 0.292322397 0.649446964 0.91425842
v 0.293391317 0.648432851 0.916534841
v 0.292704761 0.642456293 0.913999915
v 0.292799294 0.643489718 0.911494672
v 0.29302749 0.64598453 0.910456955
v 0.293255687 0.648479342 0.911494672
v 0.29335022 0.649512768 0.913999915
v 0.293255687 0.648479342 0.916505158
v 0.29302749 0.64598453 0.917542875
v 0.292799294 0.643489718 0.916505158
v 0.297947735 0.641976714 0.913999915
v 0.298042268 0.643010139 0.911494672
v 0.298270464 0.645504951 0.910456955
v 0.29849866 0.647999763 0.911494672
v 0.298593193 0.649033189 0.913999915
v 0.29849866 0.647999763 0.916505158
v 0.298270464 0.645504951 0.917542875
v 0.298042268 0.643010139 0.916505158
v 0.300326288 0.645504951 0.916885436
v 0.300539374 0.643208325 0.915459454
v 0.299423337 0.642257094 0.913178504
v 0.297631979 0.643208325 0.911378741
v 0.29621464 0.645504951 0.911114395
v 0.296001554 0.647801578 0.912540376
v 0.297117591 0.648752809 0.914821327
v 0.298908949 0.647801578 0.916621089
v 0.303105772 0.646992385 0.914905131
v 0.303318858 0.644695759 0.913479149
v 0.302202821 0.643744528 0.911198199
v 0.300411463 0.644695759 0.909398437
v 0.298994124 0.646992385 0.90913409
v 0.298781037 0.649289012 0.910560071
v 0.299897075 0.650240242 0.912841022
v 0.301688433 0.649289012 0.914640784
v 0.300727248 0.643464148 0.91201961
v 0.300821781 0.644497573 0.909514368
v 0.301049948 0.646992385 0.908476651
v 0.301278114 0.649487197 0.909514368
v 0.301372647 0.650520623 0.91201961
v 0.301278114 0.649487197 0.914524853
v 0.301049948 0.646992385 0.91556257
v 0.300821781 0.644497573 0.914524853
v 0.305970192 0.642984629 0.91201961
v 0.306064725 0.644018054 0.909514368
v 0.306292892 0.646512866 0.908476651
v 0.306521058 0.649007678 0.909514368
v 0.306615591 0.650041103 0.91201961
v 0.306521058 0.649007678 0.914524853
v 0.306292892 0.646512866 0.91556257
v 0.306064725 0.644018054 0.914524853
v 0.307512522 0.646512866 0.915346026
v 0.307653844 0.644064546 0.914188981
v 0.306997955 0.643050432 0.911761105
v 0.305929035 0.644064546 0.909484684
v 0.305073261 0.646512866 0.908693194
v 0.304931939 0.648961186 0.90985024
v 0.305587828 0.6499753 0.912278116
v 0.306656748 0.648961186 0.914554536
v 0.312913477 0.64776051 0.913365781
v 0.3130548 0.64531219 0.912208736
v 0.312398911 0.644298077 0.90978086
v 0.311329991 0.64531219 0.907504439
v 0.310474217 0.64776051 0.906712949
v 0.310332894 0.650208831 0.907869995
v 0.310988784 0.651222944 0.910297871
v 0.312057704 0.650208831 0.912574291
v 0.312913477 0.64776051 0.913365781
v 0.3130548 0.64531219 0.912208736
v 0.312398911 0.644298077 0.90978086
v 0.311329991 0.64531219 0.907504439
v 0.310474217 0.64776051 0.906712949
v 0.310332894 0.650208831 0.907869995
v 0.310988784 0.651222944 0.910297871
v 0.312057704 0.650208831 0.912574291
v 0.318314433 0.649008155 0.911385536
v 0.318455756 0.646559834 0.910228491
v 0.317799866 0.645545721 0.907800615
v 0.316730946 0.646559834 0.905524194
v 0.315875173 0.649008155 0.904732704
v 0.31573385 0.651456475 0.90588975
v 0.31638974 0.652470589 0.908317626
v 0.317458659 0.651456475 0.910594046
v 0.316772103 0.645479918 0.90805912
v 0.316866636 0.646513343 0.905553877
v 0.317094803 0.649008155 0.90451616
v 0.317322969 0.651502967 0.905553877
v 0.317417502 0.652536392 0.90805912
v 0.317322969 0.651502967 0.910564363
v 0.317094803 0.649008155 0.91160208
v 0.316866636 0.646513343 0.910564363
v 0.322015077 0.645000398 0.90805912
v 0.32210961 0.646033823 0.905553877
v 0.322337776 0.648528636 0.90451616
v 0.322565943 0.651023448 0.905553877
v 0.322660476 0.652056873 0.90805912
v 0.322565943 0.651023448 0.910564363
v 0.322337776 0.648528636 0.91160208
v 0.32210961 0.646033823 0.910564363
v 0.32439363 0.648528636 0.910944581
v 0.324606687 0.646232009 0.909518659
v 0.323490649 0.645280778 0.907237709
v 0.321699291 0.646232009 0.905437946
v 0.320281923 0.648528636 0.905173659
v 0.320068866 0.650825262 0.906599581
v 0.321184903 0.651776493 0.908880532
v 0.322976261 0.650825262 0.910680294
v 0.327173084 0.650016069 0.908964276
v 0.327386141 0.647719443 0.907538354
v 0.326270103 0.646768212 0.905257404
v 0.324478745 0.647719443 0.903457642
v 0.323061377 0.650016069 0.903193355
v 0.32284832 0.652312696 0.904619277
v 0.323964357 0.653263927 0.906900227
v 0.325755715 0.652312696 0.908699989
v 0.324794501 0.646487832 0.906078815
v 0.324889034 0.647521257 0.903573573
v 0.32511723 0.650016069 0.902535856
v 0.325345427 0.652510881 0.903573573
v 0.32543996 0.653544307 0.906078815
v 0.325345427 0.652510881 0.908584058
v 0.32511723 0.650016069 0.909621775
v 0.324889034 0.647521257 0.908584058
v 0.330037475 0.646008253 0.906078815
v 0.330132008 0.647041678 0.903573573
v 0.330360204 0.64953649 0.902535856
v 0.3305884 0.652031302 0.903573573
v 0.330682933 0.653064728 0.906078815
v 0.3305884 0.652031302 0.908584058
v 0.330360204 0.64953649 0.909621775
v 0.330132008 0.647041678 0.908584058
v 0.331579834 0.64953649 0.909405231
v 0.331721157 0.64708817 0.908248186
v 0.331065267 0.646074057 0.90582031
v 0.329996347 0.64708817 0.90354389
v 0.329140574 0.64953649 0.902752399
v 0.328999251 0.651984811 0.903909445
v 0.329655141 0.652998924 0.906337321
v 0.330724061 0.651984811 0.908613741
v 0.33698079 0.650784135 0.907424986
v 0.337122113 0.648335814 0.906267941
v 0.336466223 0.647321701 0.903840065
v 0.335397303 0.648335814 0.901563644
v 0.334541529 0.650784135 0.900772154
v 0.334400207 0.653232455 0.9019292
v 0.335056096 0.654246569 0.904357076
v 0.336125016 0.653232455 0.906633496
v 0.337817013 0.650784135 0.906984031
v 0.33803007 0.648487508 0.905558109
v 0.336914033 0.647536278 0.903277159
v 0.335122675 0.648487508 0.901477396
v 0.333705306 0.650784135 0.901213109
v 0.333492249 0.653080761 0.902639031
v 0.334608287 0.654031992 0.904919982
v 0.336399645 0.653080761 0.906719744
v 0.340596467 0.652271569 0.905003726
v 0.340809524 0.649974942 0.903577805
v 0.339693487 0.649023712 0.901296854
v 0.337902129 0.649974942 0.899497092
v 0.33648476 0.652271569 0.899232805
v 0.336271703 0.654568195 0.900658727
v 0.337387741 0.655519426 0.902939677
v 0.339179099 0.654568195 0.904739439
v 0.338217914 0.648743331 0.902118266
v 0.338312447 0.649776757 0.899613023
v 0.338540614 0.652271569 0.898575306
v 0.33876878 0.654766381 0.899613023
v 0.338863313 0.655799806 0.902118266
v 0.33876878 0.654766381 0.904623508
v 0.338540614 0.652271569 0.905661225
v 0.338312447 0.649776757 0.904623508
v 0.343460888 0.648263812 0.902118266
v 0.343555421 0.649297237 0.899613023
v 0.343783587 0.651792049 0.898575306
v 0.344011754 0.654286861 0.899613023
v 0.344106287 0.655320287 0.902118266
v 0.344011754 0.654286861 0.904623508
v 0.343783587 0.651792049 0.905661225
v 0.343555421 0.649297237 0.904623508
v 0.345003217 0.651792049 0.905444682
v 0.34514454 0.649343729 0.904287636
v 0.344488651 0.648329616 0.90185976
v 0.343419731 0.649343729 0.89958334
v 0.342563957 0.651792049 0.89879185
v 0.342422634 0.65424037 0.899948895
v 0.343078524 0.655254483 0.902376771
v 0.344147444 0.65424037 0.904653192
v 0.350404173 0.653039694 0.903464437
v 0.350545496 0.650591373 0.902307391
v 0.349889606 0.64957726 0.899879515
v 0.348820686 0.650591373 0.897603095
v 0.347964913 0.653039694 0.896811604
v 0.34782359 0.655488014 0.89796865
v 0.34847948 0.656502128 0.900396526
v 0.349548399 0.655488014 0.902672946
v 0.357111007 0.64010936 0.890507817
v 0.357324123 0.637812793 0.889081836
v 0.356208146 0.636861503 0.886800885
v 0.354416788 0.637812793 0.885001123
v 0.352999419 0.64010936 0.884736776
v 0.352786303 0.642405927 0.886162758
v 0.35390228 0.643357217 0.888443708
v 0.355693638 0.642405927 0.890243471
v 0.35990712 0.641605735 0.888515711
v 0.360120237 0.639309168 0.887089729
v 0.359004259 0.638357878 0.884808779
v 0.357212901 0.639309168 0.883009017
v 0.355795532 0.641605735 0.88274467
v 0.355582416 0.643902302 0.884170651
v 0.356698394 0.644853592 0.886451602
v 0.358489752 0.643902302 0.888251364
v 0.360592186 0.641605735 0.887875259
v 0.358973533 0.639456689 0.888213754
v 0.3566975 0.638566494 0.887038827
v 0.355097353 0.639456689 0.885038793
v 0.355110466 0.641605735 0.883385122
v 0.35672912 0.64375478 0.883046627
v 0.359005153 0.644644976 0.884221554
v 0.360605299 0.64375478 0.886221588
v 0.366268069 0.636239231 0.880945861
v 0.364649415 0.634090185 0.881284356
v 0.362373382 0.63319999 0.880109429
v 0.360773236 0.634090185 0.878109396
v 0.360786349 0.636239231 0.876455724
v 0.362405002 0.638388276 0.876117229
v 0.364681035 0.639278471 0.877292156
v 0.366281182 0.638388276 0.87929219
v 0.365926594 0.636239231 0.881307602
v 0.364552259 0.633906186 0.881162226
v 0.362577468 0.632939756 0.879574955
v 0.361159027 0.633906186 0.877475619
v 0.361127824 0.636239231 0.876093984
v 0.362502158 0.638572276 0.876239359
v 0.364476949 0.639538705 0.877826631
v 0.365895391 0.638572276 0.879925966
v 0.371540278 0.633254409 0.876140654
v 0.370165944 0.630921364 0.875995278
v 0.368191153 0.629954934 0.874408007
v 0.366772711 0.630921364 0.872308671
v 0.366741508 0.633254409 0.870927036
v 0.368115842 0.635587454 0.871072412
v 0.370090634 0.636553884 0.872659683
v 0.371509075 0.635587454 0.874759018
v 0.369140893 0.635454118 0.870756447
v 0.366887391 0.635667861 0.872249484
v 0.365953952 0.63446784 0.87449491
v 0.366887391 0.632556975 0.876177311
v 0.369140893 0.631054699 0.876311243
v 0.371394396 0.630840957 0.874818206
v 0.372327834 0.632040977 0.87257278
v 0.371394396 0.633951843 0.870890379
v 0.371620208 0.639455676 0.873925745
v 0.369366705 0.639669418 0.875418782
v 0.368433267 0.638469398 0.877664208
v 0.369366705 0.636558533 0.879346609
v 0.371620208 0.635056257 0.879480541
v 0.373873711 0.634842515 0.877987504
v 0.374807149 0.636042535 0.875742078
v 0.373873711 0.637953401 0.874059677
v 0.374017149 0.637255967 0.879312217
v 0.372644305 0.634922206 0.879164279
v 0.37067157 0.633955479 0.877574682
v 0.369254529 0.634922206 0.875474513
v 0.369223267 0.637255967 0.874094069
v 0.370596111 0.639589727 0.874242008
v 0.372568846 0.640556455 0.875831604
v 0.373985887 0.639589727 0.877931774
v 0.379645258 0.634272993 0.874141693
v 0.378272414 0.631939232 0.873993754
v 0.376299679 0.630972505 0.872404158
v 0.374882638 0.631939232 0.870303988
v 0.374851376 0.634272993 0.868923545
v 0.37622422 0.636606753 0.869071484
v 0.378196955 0.637573481 0.87066108
v 0.379613996 0.636606753 0.87276125
v 0.379304141 0.634272993 0.874418139
v 0.379517227 0.631976366 0.872992158
v 0.37840119 0.631025136 0.870711207
v 0.376609832 0.631976366 0.868911445
v 0.375192493 0.634272993 0.868647099
v 0.374979407 0.636569619 0.87007308
v 0.376095444 0.63752085 0.872354031
v 0.377886802 0.636569619 0.874153793
v 0.384921938 0.637279332 0.870415628
v 0.385135025 0.634982705 0.868989646
v 0.384018987 0.634031475 0.866708696
v 0.382227629 0.634982705 0.864908934
v 0.380810291 0.637279332 0.864644587
v 0.380597204 0.639575958 0.866070569
v 0.381713241 0.640527189 0.868351519
v 0.383504599 0.639575958 0.870151281
v 0.382866114 0.634582162 0.869827449
v 0.38045451 0.63493216 0.868638039
v 0.379455566 0.636657119 0.866799593
v 0.38045451 0.63874656 0.865389109
v 0.382866114 0.639976501 0.865232766
v 0.385277718 0.639626503 0.866422176
v 0.386276662 0.637901545 0.868260622
v 0.385277718 0.635812104 0.869671106
v 0.386085182 0.627163351 0.861117303
v 0.383673579 0.627513349 0.859927893
v 0.382674634 0.629238307 0.858089447
v 0.383673579 0.631327748 0.856678963
v 0.386085182 0.63255769 0.85652262
v 0.388496786 0.632207692 0.85771203
v 0.38949573 0.630482733 0.859550476
v 0.388496786 0.628393292 0.86096096
v 0.386085182 0.626810193 0.860622168
v 0.383811861 0.627168059 0.859187901
v 0.382870227 0.629103184 0.857538104
v 0.383811861 0.631481946 0.856639206
v 0.386085182 0.632910848 0.857017756
v 0.388358504 0.632552981 0.858452022
v 0.389300138 0.630617857 0.860101819
v 0.388358504 0.628239095 0.861000717
v 0.389133811 0.623461604 0.854954481
v 0.38686049 0.62381947 0.853520215
v 0.385918856 0.625754595 0.851870418
v 0.38686049 0.628133357 0.85097152
v 0.389133811 0.629562259 0.851350069
v 0.391407132 0.629204392 0.852784336
v 0.392348766 0.627269268 0.854434133
v 0.391407132 0.624890506 0.85533303
v 0.391747475 0.626511931 0.855544209
v 0.390204817 0.624286771 0.855692804
v 0.388034761 0.623365104 0.854353189
v 0.386508524 0.624286771 0.852310121
v 0.386520147 0.626511931 0.850760341
v 0.388062805 0.628737092 0.850611746
v 0.390232861 0.629658759 0.851951361
v 0.391759098 0.628737092 0.853994429
v 0.397518933 0.622089446 0.84923774
v 0.395976275 0.619864285 0.849386334
v 0.393806219 0.618942618 0.84804672
v 0.392279983 0.619864285 0.846003652
v 0.392291605 0.622089446 0.844453871
v 0.393834263 0.624314606 0.844305277
v 0.396004319 0.625236273 0.845644891
v 0.397530556 0.624314606 0.84768796
v 0.397617221 0.619809568 0.846845806
v 0.396562874 0.62016803 0.844373345
v 0.394537538 0.621652007 0.843349218
v 0.392727613 0.623392284 0.844373345
v 0.392193317 0.624369323 0.846845806
v 0.393247664 0.624010861 0.849318266
v 0.395273 0.622526884 0.850342393
v 0.397082925 0.620786607 0.849318266
v 0.400360465 0.623072684 0.846149087
v 0.399306118 0.623431146 0.843676627
v 0.397280782 0.624915123 0.8426525
v 0.395470858 0.6266554 0.843676627
v 0.394936562 0.627632439 0.846149087
v 0.395990908 0.627273977 0.848621547
v 0.398016244 0.62579 0.849645674
v 0.399826169 0.624049723 0.848621547
v 0.400461674 0.625352561 0.848302841
v 0.399353772 0.622891247 0.848042905
v 0.397246957 0.62187171 0.846673608
v 0.395375371 0.622891247 0.844997048
v 0.394835353 0.625352561 0.843995333
v 0.395943254 0.627813876 0.844255269
v 0.39805007 0.628833413 0.845624566
v 0.399921656 0.627813876 0.847301126
v 0.406380475 0.623504817 0.84057188
v 0.405272573 0.621043503 0.840311944
v 0.403165758 0.620023966 0.838942647
v 0.401294172 0.621043503 0.837266088
v 0.400754154 0.623504817 0.836264372
v 0.401862055 0.625966132 0.836524308
v 0.403968871 0.626985669 0.837893605
v 0.405840456 0.625966132 0.839570165
v 0.405623108 0.623504817 0.841303647
v 0.405836225 0.621208251 0.839877665
v 0.404720217 0.62025696 0.837596714
v 0.402928859 0.621208251 0.835796952
v 0.40151152 0.623504817 0.835532606
v 0.401298404 0.625801384 0.836958587
v 0.402414411 0.626752675 0.839239538
v 0.404205769 0.625801384 0.8410393
v 0.40845871 0.625022292 0.839283407
v 0.408671826 0.622725725 0.837857425
v 0.407555819 0.621774435 0.835576475
v 0.405764461 0.622725725 0.833776712
v 0.404347122 0.625022292 0.833512366
v 0.404134005 0.627318859 0.834938347
v 0.405250013 0.628270149 0.837219298
v 0.407041371 0.627318859 0.83901906
v 0.408694357 0.625022292 0.839100063
v 0.407430619 0.62264055 0.838811159
v 0.405564845 0.621654034 0.837108552
v 0.404190034 0.62264055 0.834989667
v 0.404111475 0.625022292 0.83369571
v 0.405375212 0.627404034 0.833984613
v 0.407240987 0.628390551 0.83568722
v 0.408615798 0.627404034 0.837806106
v 0.41441527 0.622575283 0.834248781
v 0.413151532 0.620193541 0.833959877
v 0.411285758 0.619207025 0.832257271
v 0.409910947 0.620193541 0.830138385
v 0.409832388 0.622575283 0.828844428
v 0.411096126 0.624957025 0.829133332
v 0.4129619 0.625943542 0.830835938
v 0.414336711 0.624957025 0.832954824
v 0.414684564 0.620126784 0.831546605
v 0.413521677 0.620412171 0.829113603
v 0.411539972 0.621964693 0.828105867
v 0.409900278 0.623874903 0.829113603
v 0.409563094 0.625023782 0.831546605
v 0.410725981 0.624738395 0.833979607
v 0.412707686 0.623185873 0.834987342
v 0.41434738 0.621275663 0.833979607
v 0.417445362 0.623014092 0.830565751
v 0.416282475 0.623299479 0.828132749
v 0.41430077 0.624852002 0.827125013
v 0.412661076 0.626762211 0.828132749
v 0.412323892 0.627911091 0.830565751
v 0.413486779 0.627625704 0.832998753
v 0.415468484 0.626073182 0.834006488
v 0.417108178 0.624162972 0.832998753
v 0.418043196 0.623857617 0.830565751
v 0.416737318 0.62357837 0.828205705
v 0.414346159 0.62440294 0.827228129
v 0.412270427 0.625848174 0.828205705
v 0.411726058 0.627067566 0.830565751
v 0.413031936 0.627346814 0.832925797
v 0.415423095 0.626522243 0.833903372
v 0.417498827 0.625077009 0.832925797
v 0.420903832 0.629487216 0.828316867
v 0.419597954 0.629207969 0.825956821
v 0.417206794 0.630032539 0.824979246
v 0.415131062 0.631477773 0.825956821
v 0.414586693 0.632697165 0.828316867
v 0.415892571 0.632976413 0.830676913
v 0.418283731 0.632151842 0.831654489
v 0.420359462 0.630706608 0.830676913
v 0.424159348 0.61909616 0.816931367
v 0.421858698 0.619440794 0.815538049
v 0.420905739 0.621335685 0.813848555
v 0.421858698 0.623670876 0.812852621
v 0.424159348 0.62507844 0.813133597
v 0.426459998 0.624733806 0.814526916
v 0.427412957 0.622838914 0.816216409
v 0.426459998 0.620503724 0.817212343
v 0.427355319 0.61512202 0.810671329
v 0.425054669 0.615466654 0.809278011
v 0.42410171 0.617361546 0.807588518
v 0.425054669 0.619696736 0.806592584
v 0.427355319 0.6211043 0.80687356
v 0.429655969 0.620759666 0.808266878
v 0.430608928 0.618864775 0.809956372
v 0.429655969 0.616529584 0.810952306
v 0.47314766 -0.0572149903 0.292478263
v 0.470649749 -0.0581422038 0.291974485
v 0.469615072 -0.0604994521 0.291122437
v 0.470649749 -0.0629058853 0.290421277
v 0.47314766 -0.0639518574 0.290281713
v 0.475645572 -0.0630246475 0.290785491
v 0.476680249 -0.0606673956 0.29163754
v 0.475645572 -0.0582609586 0.292338699
v 0.472586304 -0.059484262 0.299438149
v 0.470088392 -0.0604114756 0.29893437
v 0.469053715 -0.0627687201 0.298082322
v 0.470088392 -0.0651751608 0.297381163
v 0.472586304 -0.0662211329 0.297241598
v 0.475084215 -0.0652939156 0.297745377
v 0.476118892 -0.0629366711 0.298597425
v 0.475084215 -0.0605302304 0.299298584
v 0.473975241 -0.0418163538 0.326477498
v 0.471470058 -0.041922044 0.325445026
v 0.470432371 -0.0422146916 0.32295692
v 0.471470058 -0.0425228663 0.320470661
v 0.473975241 -0.0426660404 0.319442719
v 0.476480424 -0.0425603501 0.320475191
v 0.477518111 -0.0422677025 0.322963297
v 0.476480424 -0.0419595279 0.325449556
v 0.473901123 -0.0515808687 0.327656895
v 0.47139594 -0.0516865589 0.326624423
v 0.470358253 -0.0519792065 0.324136317
v 0.47139594 -0.0522873811 0.321650058
v 0.473901123 -0.0524305552 0.320622116
v 0.476406306 -0.052324865 0.321654588
v 0.477443993 -0.0520322174 0.324142694
v 0.476406306 -0.0517240427 0.326628953
v 0.473901123 -0.0534827672 0.327359885
v 0.471441746 -0.0526164211 0.326615602
v 0.470423013 -0.051392328 0.32442084
v 0.471441746 -0.0505275466 0.32206127
v 0.473901123 -0.0505286567 0.320919126
v 0.4763605 -0.0513950028 0.321663409
v 0.477379233 -0.0526190959 0.323858172
v 0.4763605 -0.0534838773 0.326217741
v 0.471001923 -0.0670649409 0.321130306
v 0.468542546 -0.0661985949 0.320386022
v 0.467523813 -0.0649745017 0.31819126
v 0.468542546 -0.0641097203 0.315831691
v 0.471001923 -0.0641108304 0.314689547
v 0.4734613 -0.0649771765 0.31543383
v 0.474480033 -0.0662012696 0.317628592
v 0.4734613 -0.0670660511 0.319988161
v 0.471001923 -0.0649320111 0.321391642
v 0.468496889 -0.0650910214 0.320365638
v 0.467459291 -0.0655410886 0.317901105
v 0.468496889 -0.0660185665 0.315441757
v 0.471001923 -0.0662437603 0.31442821
v 0.473506957 -0.06608475 0.315454215
v 0.474544555 -0.0656346828 0.317918748
v 0.473506957 -0.0651572049 0.320378095
v 0.470876932 -0.0740698874 0.323112994
v 0.468371898 -0.0742288977 0.32208699
v 0.4673343 -0.0746789649 0.319622457
v 0.468371898 -0.0751564428 0.31716311
v 0.470876932 -0.0753816366 0.316149563
v 0.473381966 -0.0752226263 0.317175567
v 0.474419564 -0.0747725591 0.3196401
v 0.473381966 -0.0742950812 0.322099447
v 0.470876932 -0.0725581869 0.3224338
v 0.468568057 -0.0739621371 0.322207808
v 0.46761167 -0.0758134127 0.320472509
v 0.468568057 -0.0770275593 0.318244427
v 0.470876932 -0.0768933371 0.316828758
v 0.473185807 -0.0754893869 0.317054749
v 0.474142194 -0.0736381114 0.318790048
v 0.473185807 -0.0724239647 0.32101813
v 0.473967731 -0.0783640519 0.326924264
v 0.471658856 -0.079768002 0.326698273
v 0.470702469 -0.0816192776 0.324962974
v 0.471658856 -0.0828334242 0.322734892
v 0.473967731 -0.082699202 0.321319222
v 0.476276606 -0.0812952518 0.321545213
v 0.477232993 -0.0794439763 0.323280513
v 0.476276606 -0.0782298297 0.325508595
v 0.471590579 -0.0831587464 0.324121743
v 0.47230497 -0.0824056938 0.32161662
v 0.473993391 -0.0805548429 0.320578963
v 0.475666761 -0.0786903873 0.32161662
v 0.476344883 -0.0779045075 0.324121743
v 0.475630492 -0.0786575601 0.326626867
v 0.473942071 -0.0805084109 0.327664524
v 0.472268701 -0.0823728666 0.326626867
v 0.478496403 -0.0894074664 0.3242127
v 0.479210794 -0.0886544138 0.321707577
v 0.480899215 -0.0868035629 0.320669919
v 0.482572585 -0.0849391073 0.321707577
v 0.483250707 -0.0841532275 0.3242127
v 0.482536316 -0.08490628 0.326717824
v 0.480847895 -0.0867571309 0.327755481
v 0.479174525 -0.0886215866 0.326717824
v 0.480873555 -0.0839417279 0.322092593
v 0.478416145 -0.0844815597 0.323103964
v 0.477398247 -0.0863679871 0.324764818
v 0.478416145 -0.0884959698 0.326102227
v 0.480873555 -0.089618966 0.326332808
v 0.483330965 -0.0890791342 0.325321436
v 0.484348863 -0.0871927068 0.323660582
v 0.483330965 -0.0850647241 0.322323173
v 0.483427405 -0.0762346312 0.332411677
v 0.480969995 -0.0767744631 0.333423048
v 0.479952097 -0.0786608905 0.335083902
v 0.480969995 -0.0807888731 0.336421311
v 0.483427405 -0.0819118693 0.336651891
v 0.485884815 -0.0813720375 0.33564052
v 0.486902714 -0.0794856101 0.333979666
v 0.485884815 -0.0773576275 0.332642257
v 0.481459111 -0.0820191726 0.334531784
v 0.482381493 -0.0813874155 0.332061321
v 0.483916521 -0.0794000551 0.331037998
v 0.48516506 -0.0772212595 0.332061321
v 0.4853957 -0.076127328 0.334531784
v 0.484473318 -0.0767590851 0.337002248
v 0.48293829 -0.0787464455 0.33802557
v 0.481689751 -0.0809252411 0.337002248
v 0.488242358 -0.0865513161 0.335905373
v 0.48916474 -0.085919559 0.33343491
v 0.490699768 -0.0839321986 0.332411587
v 0.491948307 -0.0817534029 0.33343491
v 0.492178947 -0.0806594715 0.335905373
v 0.491256565 -0.0812912285 0.338375837
v 0.489721537 -0.083278589 0.339399159
v 0.488472998 -0.0854573846 0.338375837
v 0.487587839 -0.0859872773 0.335905373
v 0.488936961 -0.0859293416 0.33355388
v 0.491032213 -0.0845100731 0.332579851
v 0.492646217 -0.0825608522 0.33355388
v 0.492833465 -0.0812235102 0.335905373
v 0.491484344 -0.0812814459 0.338256866
v 0.489389092 -0.0827007145 0.339230895
v 0.487775087 -0.0846499354 0.338256866
v 0.490895271 -0.0896292776 0.337713242
v 0.492244393 -0.0895713419 0.335361749
v 0.494339645 -0.0881520733 0.33438772
v 0.495953649 -0.0862028524 0.335361749
v 0.496140897 -0.0848655105 0.337713242
v 0.494791776 -0.0849234462 0.340064734
v 0.492696524 -0.0863427147 0.341038764
v 0.491082519 -0.0882919356 0.340064734
v 0.493124098 -0.0907683745 0.337713242
v 0.493201524 -0.0897328556 0.335208297
v 0.493464381 -0.0872413889 0.334170699
v 0.493758708 -0.0847534314 0.335208297
v 0.493912071 -0.0837264135 0.337713242
v 0.493834645 -0.0847619325 0.340218186
v 0.493571788 -0.0872533992 0.341255784
v 0.49327746 -0.0897413567 0.340218186
v 0.500017881 -0.0915397927 0.337607443
v 0.500095308 -0.0905042738 0.335102499
v 0.500358164 -0.0880128071 0.334064901
v 0.500652492 -0.0855248496 0.335102499
v 0.500805855 -0.0844978318 0.337607443
v 0.500728428 -0.0855333507 0.340112388
v 0.500465572 -0.0880248174 0.341149986
v 0.500171244 -0.0905127749 0.340112388
v 0.501666188 -0.0913323015 0.337607443
v 0.502033234 -0.0900837854 0.335228443
v 0.501450479 -0.0876256377 0.334243029
v 0.50025934 -0.0853978023 0.335228443
v 0.499157548 -0.084705323 0.337607443
v 0.498790503 -0.0859538391 0.339986444
v 0.499373227 -0.0884119868 0.340971857
v 0.500564396 -0.0906398222 0.339986444
v 0.5083161 -0.0888149515 0.339954525
v 0.508683145 -0.0875664353 0.337575525
v 0.50810039 -0.0851082876 0.336590111
v 0.506909251 -0.0828804523 0.337575525
v 0.505807459 -0.082187973 0.339954525
v 0.505440414 -0.0834364891 0.342333525
v 0.506023169 -0.0858946368 0.343318939
v 0.507214308 -0.0881224722 0.342333525
v 0.504709721 -0.08815106 0.339954525
v 0.504633844 -0.0866961107 0.337667495
v 0.505980194 -0.0845413506 0.336720169
v 0.507960141 -0.0829490125 0.337667495
v 0.509413838 -0.0828518644 0.339954525
v 0.509489715 -0.0843068138 0.342241555
v 0.508143365 -0.0864615738 0.343188882
v 0.506163418 -0.0880539119 0.342241555
v 0.512036324 -0.0946549103 0.335573852
v 0.511960447 -0.0931999609 0.333286822
v 0.513306797 -0.0910452008 0.332339495
v 0.515286744 -0.0894528627 0.333286822
v 0.516740441 -0.0893557146 0.335573852
v 0.516816318 -0.090810664 0.337860882
v 0.515469968 -0.0929654241 0.338808209
v 0.513490021 -0.0945577621 0.337860882
v 0.517332971 -0.093975544 0.335573852
v 0.516860485 -0.0928156525 0.333168745
v 0.514939904 -0.0911810771 0.332172513
v 0.512696207 -0.0900293216 0.333168745
v 0.511443794 -0.0900350809 0.335573852
v 0.51191628 -0.0911949724 0.337978959
v 0.513836861 -0.0928295478 0.338975191
v 0.516080558 -0.0939813033 0.337978959
v 0.52379781 -0.0843135193 0.338963449
v 0.523325324 -0.0831536278 0.336558342
v 0.521404743 -0.0815190524 0.33556211
v 0.519161046 -0.0803672969 0.336558342
v 0.517908633 -0.0803730562 0.338963449
v 0.518381119 -0.0815329477 0.341368556
v 0.5203017 -0.0831675231 0.342364788
v 0.522545397 -0.0843192786 0.341368556
v 0.518796027 -0.0852278322 0.338963449
v 0.519669533 -0.0845762268 0.336480409
v 0.52123642 -0.08261659 0.335451901
v 0.522578835 -0.0804968625 0.336480409
v 0.522910416 -0.0794587433 0.338963449
v 0.52203691 -0.0801103488 0.341446489
v 0.520470023 -0.0820699856 0.342474997
v 0.519127607 -0.084189713 0.341446489
v 0.525620937 -0.0900951549 0.340087086
v 0.526494443 -0.0894435495 0.337604046
v 0.52806133 -0.0874839127 0.336575538
v 0.529403746 -0.0853641853 0.337604046
v 0.529735327 -0.0843260661 0.340087086
v 0.528861821 -0.0849776715 0.342570126
v 0.527294934 -0.0869373083 0.343598634
v 0.525952518 -0.0890570357 0.342570126
v 0.529733956 -0.0872106105 0.342972606
v 0.529947042 -0.0895072073 0.341546625
v 0.528831005 -0.09045849 0.339265704
v 0.527039647 -0.0895072073 0.337465912
v 0.525622308 -0.0872106105 0.337201566
v 0.525409222 -0.0849140137 0.338627547
v 0.526525259 -0.0839627311 0.340908468
v 0.528316617 -0.0849140137 0.34270826
v 0.533379436 -0.085259743 0.340375334
v 0.533592522 -0.0875563398 0.338949353
v 0.532476485 -0.0885076225 0.336668432
v 0.530685127 -0.0875563398 0.33486864
v 0.529267788 -0.085259743 0.334604293
v 0.529054701 -0.0829631463 0.336030275
v 0.530170739 -0.0820118636 0.338311195
v 0.531962097 -0.0829631463 0.340110987
v 0.530726612 -0.0887520462 0.337489814
v 0.530756176 -0.0877043307 0.334988892
v 0.531118155 -0.0852246135 0.333952993
v 0.531600475 -0.0827654749 0.334988892
v 0.531920612 -0.0817674398 0.337489814
v 0.531891048 -0.0828151554 0.339990735
v 0.531529069 -0.0852948725 0.341026634
v 0.531046748 -0.0877540112 0.339990735
v 0.53764987 -0.0899355486 0.33707583
v 0.537679434 -0.0888878331 0.334574908
v 0.538041413 -0.0864081159 0.333539009
v 0.538523734 -0.0839489773 0.334574908
v 0.53884387 -0.0829509422 0.33707583
v 0.538814306 -0.0839986578 0.339576751
v 0.538452327 -0.0864783749 0.34061265
v 0.537970006 -0.0889375135 0.339576751
v 0.540714562 -0.0889855176 0.33707583
v 0.540187359 -0.0880510658 0.334585458
v 0.538523436 -0.0861747786 0.33355391
v 0.536697507 -0.0844557583 0.334585458
v 0.535779178 -0.0839009732 0.33707583
v 0.536306381 -0.084835425 0.339566201
v 0.537970304 -0.0867117122 0.340597749
v 0.539796233 -0.0884307325 0.339566201
v 0.547380567 -0.0825150982 0.338092536
v 0.546853364 -0.0815806463 0.335602164
v 0.54518944 -0.0797043592 0.334570616
v 0.543363512 -0.0779853389 0.335602164
v 0.542445183 -0.0774305537 0.338092536
v 0.542972386 -0.0783650056 0.340582907
v 0.544636309 -0.0802412927 0.341614455
v 0.546462238 -0.081960313 0.340582907
v 0.547394514 -0.0799728259 0.340621173
v 0.546826422 -0.0824681818 0.33972472
v 0.545137405 -0.083501786 0.337872148
v 0.543316901 -0.0824681818 0.336148679
v 0.542431235 -0.0799728259 0.335563898
v 0.542999327 -0.07747747 0.336460352
v 0.544688344 -0.0764438659 0.338312924
v 0.546508849 -0.07747747 0.340036392
v 0.551164806 -0.0795018524 0.336920977
v 0.550596714 -0.0819972083 0.336024523
v 0.548907697 -0.0830308124 0.334171951
v 0.547087193 -0.0819972083 0.332448483
v 0.546201527 -0.0795018524 0.331863701
v 0.546769619 -0.0770064965 0.332760155
v 0.548458636 -0.0759728923 0.334612727
v 0.55027914 -0.0770064965 0.336336195
v 0.548683167 -0.0820145309 0.331894547
v 0.546500683 -0.0804113671 0.331753731
v 0.545596719 -0.0782754198 0.333158612
v 0.546500683 -0.0768579021 0.33528617
v 0.548683167 -0.0769891739 0.336890131
v 0.55086565 -0.0785923377 0.337030947
v 0.551769614 -0.080728285 0.335626066
v 0.55086565 -0.0821458027 0.333498508
v 0.552483976 -0.0772603229 0.327112019
v 0.550301492 -0.0756571591 0.326971203
v 0.549397528 -0.0735212117 0.328376085
v 0.550301492 -0.0721036941 0.330503643
v 0.552483976 -0.0722349659 0.332107604
v 0.55466646 -0.0738381296 0.33224842
v 0.555570424 -0.075974077 0.330843538
v 0.55466646 -0.0773915946 0.32871598
v 0.55592525 -0.0755902603 0.329609811
v 0.554969788 -0.0751293972 0.327114284
v 0.552558124 -0.0744449124 0.32608059
v 0.550103009 -0.0739377588 0.327114284
v 0.549042702 -0.0739050284 0.329609811
v 0.549998164 -0.0743658915 0.332105339
v 0.552409828 -0.0750503764 0.333139032
v 0.554864943 -0.0755575299 0.332105339
v 0.559012592 -0.0629812852 0.330756247
v 0.558057129 -0.062520422 0.32826072
v 0.555645466 -0.0618359335 0.327227026
v 0.553190351 -0.0613287874 0.32826072
v 0.552130044 -0.061296057 0.330756247
v 0.553085506 -0.0617569163 0.333251774
v 0.555497169 -0.0624414049 0.334285468
v 0.557952285 -0.0629485548 0.333251774
v 0.555248618 -0.0656668991 0.330756247
v 0.555343151 -0.0646335036 0.328251004
v 0.555571318 -0.0621386692 0.327213287
v 0.555799484 -0.0596438311 0.328251004
v 0.555894017 -0.0586104356 0.330756247
v 0.555799484 -0.0596438311 0.33326149
v 0.555571318 -0.0621386692 0.334299207
v 0.555343151 -0.0646335036 0.33326149
v 0.558673859 -0.0659801885 0.330756247
v 0.558768392 -0.064946793 0.328251004
v 0.558996558 -0.0624519587 0.327213287
v 0.559224725 -0.0599571206 0.328251004
v 0.559319258 -0.058923725 0.330756247
v 0.559224725 -0.0599571206 0.33326149
v 0.558996558 -0.0624519587 0.334299207
v 0.558768392 -0.064946793 0.33326149
v 0.562372208 -0.0635279268 0.330756247
v 0.561342537 -0.0633412153 0.32825461
v 0.558938682 -0.0626335889 0.327218413
v 0.556568682 -0.0618195646 0.32825461
v 0.555620909 -0.0613759905 0.330756247
v 0.556650579 -0.0615627021 0.333257884
v 0.559054434 -0.0622703284 0.334294081
v 0.561424434 -0.0630843565 0.333257884
v 0.565645218 -0.0532595553 0.330175519
v 0.564615548 -0.0530728437 0.327673882
v 0.562211692 -0.0523652174 0.326637685
v 0.559841692 -0.051551193 0.327673882
v 0.558893919 -0.051107619 0.330175519
v 0.559923589 -0.0512943305 0.332677156
v 0.562327445 -0.0520019569 0.333713353
v 0.564697444 -0.0528159812 0.332677156
v 0.562269568 -0.0521037541 0.326633453
v 0.559764922 -0.0521819331 0.32766968
v 0.558727443 -0.0522610806 0.330173761
v 0.559764922 -0.0522948317 0.332678884
v 0.562269568 -0.0522634201 0.333717585
v 0.564774215 -0.0521852411 0.332681358
v 0.565811694 -0.0521060936 0.330177277
v 0.564774215 -0.0520723425 0.327672154
v 0.562014639 -0.0404570885 0.326895952
v 0.559509993 -0.0405352674 0.327932179
v 0.558472514 -0.040614415 0.33043626
v 0.559509993 -0.0406481661 0.332941383
v 0.562014639 -0.0406167544 0.333980083
v 0.564519286 -0.0405385755 0.332943857
v 0.565556765 -0.040459428 0.330439776
v 0.564519286 -0.0404256769 0.327934653
v 0.56529659 -0.0392022729 0.330438018
v 0.5646047 -0.0402556062 0.328036994
v 0.562395632 -0.0414737277 0.32704246
v 0.559963346 -0.0421430841 0.328036994
v 0.558732688 -0.0418715701 0.330438018
v 0.559424579 -0.0408182368 0.332839042
v 0.561633646 -0.0396001153 0.333833575
v 0.564065933 -0.0389307588 0.332839042
v 0.561989188 -0.0310692247 0.327823102
v 0.561297297 -0.0321225598 0.325422078
v 0.55908823 -0.0333406813 0.324427545
v 0.556655943 -0.0340100378 0.325422078
v 0.555425286 -0.0337385237 0.327823102
v 0.556117177 -0.0326851904 0.330224127
v 0.558326244 -0.0314670689 0.33121866
v 0.560758531 -0.0307977125 0.330224127
v 0.562233329 -0.0324038751 0.328168273
v 0.561181426 -0.0349013843 0.328263044
v 0.558680117 -0.0359358862 0.328100085
v 0.556194723 -0.0349013843 0.327774882
v 0.555181146 -0.0324038751 0.327477932
v 0.556233048 -0.029906366 0.327383161
v 0.558734357 -0.0288718622 0.32754612
v 0.561219752 -0.029906366 0.327871323
v 0.563127816 -0.0331273228 0.319030583
v 0.562075913 -0.0356248319 0.319125354
v 0.559574604 -0.0366593339 0.318962395
v 0.55708921 -0.0356248319 0.318637192
v 0.556075633 -0.0331273228 0.318340242
v 0.557127535 -0.0306298137 0.318245471
v 0.559628844 -0.0295953099 0.31840843
v 0.562114239 -0.0306298137 0.318733633
v 0.559601724 -0.0360372439 0.316664279
v 0.557289183 -0.035734605 0.318047643
v 0.556331277 -0.0339046605 0.319804579
v 0.557289183 -0.0316193588 0.320905924
v 0.559601724 -0.0302174017 0.320706546
v 0.561914265 -0.0305200387 0.319323182
v 0.562872171 -0.0323499851 0.317566246
v 0.561914265 -0.0346352868 0.316464901
v 0.556674063 -0.0320288539 0.310893178
v 0.554361522 -0.0317262188 0.312276542
v 0.553403616 -0.0298962705 0.314033478
v 0.554361522 -0.0276109707 0.315134823
v 0.556674063 -0.0262090135 0.314935446
v 0.558986604 -0.0265116505 0.313552082
v 0.55994451 -0.0283415988 0.311795145
v 0.558986604 -0.0306268986 0.3106938
v 0.556674063 -0.0322253592 0.314618051
v 0.554179549 -0.0314268619 0.313915998
v 0.553146243 -0.0292764101 0.312627196
v 0.554179549 -0.0270337127 0.311506569
v 0.556674063 -0.0260125101 0.311210573
v 0.559168577 -0.0268110093 0.311912626
v 0.560201883 -0.0289614592 0.313201427
v 0.559168577 -0.0312041566 0.314322054
v 0.557463884 -0.0363169014 0.307157904
v 0.55496937 -0.0355184041 0.306455851
v 0.553936064 -0.0333679542 0.305167049
v 0.55496937 -0.0311252568 0.304046422
v 0.557463884 -0.0301040541 0.303750426
v 0.559958398 -0.0309025533 0.304452479
v 0.560991704 -0.0330530033 0.30574128
v 0.559958398 -0.0352956988 0.306861907
v 0.557463884 -0.0358805172 0.303125322
v 0.554963171 -0.0349996537 0.303694129
v 0.553927302 -0.033070717 0.305293918
v 0.554963171 -0.0312236492 0.306987584
v 0.557463884 -0.0305404402 0.307783008
v 0.559964597 -0.0314213037 0.3072142
v 0.561000466 -0.0333502404 0.305614412
v 0.559964597 -0.0351973064 0.303920746
v 0.55787617 -0.0313730501 0.29795745
v 0.555375457 -0.0304921865 0.298526257
v 0.554339588 -0.028563248 0.300126046
v 0.555375457 -0.026716182 0.301819712
v 0.55787617 -0.0260329731 0.302615136
v 0.560376883 -0.0269138366 0.302046329
v 0.561412752 -0.0288427752 0.30044654
v 0.560376883 -0.0306898411 0.298752874
v 0.55787617 -0.0308853555 0.297495246
v 0.555373371 -0.0301583558 0.298244059
v 0.554336727 -0.0285788346 0.300189197
v 0.555373371 -0.0270720553 0.302191198
v 0.55787617 -0.0265206676 0.30307734
v 0.560378969 -0.0272476673 0.302328527
v 0.561415613 -0.0288271885 0.300383389
v 0.560378969 -0.0303339679 0.298381388
v 0.558190644 -0.0253226887 0.293145746
v 0.555687845 -0.024595689 0.293894559
v 0.554651201 -0.0230161678 0.295839697
v 0.555687845 -0.0215093885 0.297841698
v 0.558190644 -0.0209580008 0.29872784
v 0.560693443 -0.0216850005 0.297979027
v 0.561730087 -0.0232645217 0.296033889
v 0.560693443 -0.0247713011 0.294031888
v 0.558190644 -0.0265737176 0.295062423
v 0.555695117 -0.0255137235 0.29510498
v 0.554661393 -0.0230634362 0.295634806
v 0.555695117 -0.0206582006 0.296341509
v 0.558190644 -0.0197069719 0.296811163
v 0.560686171 -0.020766966 0.296768606
v 0.561719894 -0.0232172534 0.29623878
v 0.560686171 -0.0256224889 0.295532078
v 0.558850229 -0.0247302912 0.287823826
v 0.556354702 -0.0236702971 0.287866384
v 0.555320978 -0.0212200098 0.288396209
v 0.556354702 -0.0188147742 0.289102912
v 0.558850229 -0.0178635456 0.289572567
v 0.561345756 -0.0189235397 0.289530009
v 0.562379479 -0.021373827 0.289000183
v 0.561345756 -0.0237790626 0.288293481
v 0.562376678 -0.0212969184 0.289039552
v 0.561330736 -0.0237984937 0.2890746
v 0.558831751 -0.0248346794 0.28888917
v 0.556343555 -0.0237984937 0.288591862
v 0.55532378 -0.0212969184 0.288356841
v 0.556369722 -0.0187953431 0.288321793
v 0.558868706 -0.0177591573 0.288507223
v 0.561356902 -0.0187953431 0.288804531
v 0.563255668 -0.0217916686 0.279958963
v 0.562209725 -0.0242932439 0.279994011
v 0.559710741 -0.0253294297 0.279808581
v 0.557222545 -0.0242932439 0.279511273
v 0.556202769 -0.0217916686 0.279276252
v 0.557248712 -0.0192900933 0.279241204
v 0.559747696 -0.0182539076 0.279426634
v 0.562235892 -0.0192900933 0.279723942
v 0.559729218 -0.024461709 0.277288765
v 0.557228506 -0.0235808454 0.277857572
v 0.556192636 -0.0216519069 0.279457361
v 0.557228506 -0.019804839 0.281151026
v 0.559729218 -0.0191216283 0.28194645
v 0.562229931 -0.0200024918 0.281377643
v 0.5632658 -0.0219314303 0.279777855
v 0.562229931 -0.0237784982 0.278084189
v 0.560142398 -0.0199444219 0.272109628
v 0.557641685 -0.0190635584 0.272678435
v 0.556605816 -0.0171346199 0.274278224
v 0.557641685 -0.015287552 0.275971889
v 0.560142398 -0.0146043422 0.276767313
v 0.562643111 -0.0154852048 0.276198506
v 0.56367898 -0.0174141433 0.274598718
v 0.562643111 -0.0192612112 0.272905052
v 0.55629164 0.029657701 0.303266704
v 0.553793132 0.030646855 0.303630263
v 0.552758217 0.0328499451 0.304825455
v 0.553793132 0.0349764265 0.306152135
v 0.55629164 0.0357806385 0.306833208
v 0.558790147 0.0347914807 0.306469649
v 0.559825063 0.0325883925 0.305274457
v 0.558790147 0.030461913 0.303947777
v 0.556793809 0.0330949649 0.297365636
v 0.554295301 0.0340841226 0.297729194
v 0.553260386 0.0362872109 0.298924387
v 0.554295301 0.0384136923 0.300251067
v 0.556793809 0.0392179042 0.300932139
v 0.559292316 0.0382287465 0.300568581
v 0.560327232 0.0360256582 0.299373388
v 0.559292316 0.0338991769 0.298046708
v 0.561746538 -0.00626972178 0.256637514
v 0.559252143 -0.00546085648 0.255947053
v 0.558218896 -0.00329070934 0.25469166
v 0.559252143 -0.00103052356 0.253606707
v 0.561746538 -4.28497333e-06 0.253327727
v 0.564240932 -0.000813150371 0.254018188
v 0.565274179 -0.00298329745 0.255273581
v 0.564240932 -0.00524348347 0.256358534
v 0.563347518 -0.0142861791 0.241462231
v 0.560853124 -0.0134773133 0.240771785
v 0.559819877 -0.0113071669 0.239516377
v 0.560853124 -0.00904698018 0.238431424
v 0.563347518 -0.00802074187 0.238152474
v 0.565841913 -0.00882960763 0.238842919
v 0.56687516 -0.0109997541 0.240098327
v 0.565841913 -0.0132599408 0.241183281
v 0.563347518 -0.0138235008 0.237478524
v 0.560846806 -0.0129426327 0.238047317
v 0.559810936 -0.0110136922 0.239647105
v 0.560846806 -0.00916662533 0.241340771
v 0.563347518 -0.00848342013 0.24213618
v 0.565848231 -0.0093642883 0.241567388
v 0.5668841 -0.0112932287 0.2399676
v 0.565848231 -0.0131402956 0.238273934
v 0.563762665 -0.00928494148 0.232274994
v 0.561261952 -0.00840407331 0.232843786
v 0.560226083 -0.00647513289 0.234443575
v 0.561261952 -0.00462806644 0.236137241
v 0.563762665 -0.00394486077 0.23693265
v 0.566263378 -0.00482572848 0.236363858
v 0.567299247 -0.00675466936 0.234764069
v 0.566263378 -0.00860173628 0.233070403
v 0.563762665 -0.00905308034 0.232033253
v 0.561459064 -0.00905340724 0.233463809
v 0.560504854 -0.00762529019 0.235562176
v 0.561459064 -0.00560530089 0.237099141
v 0.563762665 -0.00417672144 0.237174392
v 0.566066265 -0.00417639455 0.235743836
v 0.567020476 -0.00560451206 0.233645469
v 0.566066265 -0.00762450136 0.232108504
v 0.560701311 -0.00385699514 0.227104783
v 0.55839771 -0.0038573218 0.228535339
v 0.5574435 -0.00242920453 0.230633706
v 0.55839771 -0.000409215136 0.232170671
v 0.560701311 0.00101936422 0.232245922
v 0.563004911 0.00101969088 0.230815366
v 0.563959122 -0.000408426306 0.228716999
v 0.563004911 -0.0024284157 0.227180034
v 0.551226676 0.107089818 0.305412561
v 0.548721433 0.107315578 0.306425452
v 0.547683716 0.107846968 0.308873683
v 0.548721433 0.108372696 0.311323166
v 0.551226676 0.108584806 0.312338978
v 0.553731918 0.108359046 0.311326087
v 0.554769635 0.107827656 0.308877856
v 0.553731918 0.107301928 0.306428373
v 0.551250517 0.115448557 0.303608418
v 0.548745275 0.115674317 0.304621309
v 0.547707558 0.116205707 0.30706954
v 0.548745275 0.116731435 0.309519023
v 0.551250517 0.116943546 0.310534835
v 0.55375576 0.116717786 0.309521943
v 0.554793477 0.116186395 0.307073712
v 0.55375576 0.115660667 0.30462423
v 0.551250517 0.114477932 0.303973138
v 0.548746467 0.115048379 0.304843396
v 0.547709227 0.116291113 0.307018906
v 0.548746467 0.11747817 0.309225321
v 0.551250517 0.11791417 0.310170114
v 0.553754568 0.117343724 0.309299856
v 0.554791808 0.116100989 0.307124346
v 0.553754568 0.114913933 0.304917932
v 0.551470578 0.120747775 0.300496489
v 0.548966527 0.121318221 0.301366746
v 0.547929287 0.122560956 0.303542256
v 0.548966527 0.123748012 0.305748671
v 0.551470578 0.124184012 0.306693465
v 0.553974628 0.123613566 0.305823207
v 0.555011868 0.122370832 0.303647697
v 0.553974628 0.121183775 0.301441282
v 0.551470578 0.122701935 0.300059885
v 0.54896605 0.122572817 0.301091284
v 0.547928631 0.122381069 0.303589314
v 0.54896605 0.122239001 0.306090653
v 0.551470578 0.122229852 0.307130069
v 0.553975105 0.12235897 0.30609867
v 0.555012524 0.122550718 0.303600639
v 0.553975105 0.122692786 0.3010993
v 0.551194847 0.134163827 0.300825208
v 0.548690319 0.134034708 0.301856607
v 0.5476529 0.133842945 0.304354638
v 0.548690319 0.133700892 0.306855977
v 0.551194847 0.133691728 0.307895392
v 0.553699374 0.133820847 0.306863993
v 0.554736793 0.13401261 0.304365963
v 0.553699374 0.134154662 0.301864624
v 0.551194847 0.132759273 0.301015586
v 0.548689842 0.133136258 0.301983088
v 0.547652245 0.133976907 0.304343134
v 0.548689842 0.134788781 0.306713223
v 0.551194847 0.135096282 0.307705015
v 0.553699851 0.134719297 0.306737512
v 0.554737449 0.133878648 0.304377466
v 0.553699851 0.133066773 0.302007377
v 0.551309049 0.140098631 0.298451513
v 0.548804045 0.140475616 0.299419016
v 0.547766447 0.141316265 0.301779062
v 0.548804045 0.14212814 0.304149151
v 0.551309049 0.14243564 0.305140942
v 0.553814054 0.142058656 0.30417344
v 0.554851651 0.141218007 0.301813394
v 0.553814054 0.140406132 0.299443305
v 0.554722488 0.142216355 0.301796228
v 0.553617239 0.142317668 0.299322098
v 0.551159859 0.141803607 0.298297286
v 0.548789918 0.140975282 0.299322098
v 0.54789561 0.140317917 0.301796228
v 0.549000859 0.140216604 0.304270357
v 0.55145824 0.140730664 0.305295169
v 0.55382818 0.14155899 0.304270357
v 0.550982356 0.155666113 0.304017872
v 0.549877107 0.155767426 0.301543742
v 0.547419727 0.155253366 0.30051893
v 0.545049787 0.15442504 0.301543742
v 0.544155478 0.153767675 0.304017872
v 0.545260727 0.153666362 0.306492001
v 0.547718108 0.154180422 0.307516813
v 0.550088048 0.155008748 0.306492001
v 0.551018 0.153906673 0.304017872
v 0.550090492 0.154496148 0.301538885
v 0.547685921 0.155214921 0.300512046
v 0.545212805 0.155641973 0.301538885
v 0.544119835 0.155527115 0.304017872
v 0.545047343 0.15493764 0.306496859
v 0.547451913 0.154218867 0.307523698
v 0.549925029 0.153791815 0.306496859
v 0.553914368 0.166236416 0.305866063
v 0.55298686 0.166825891 0.303387076
v 0.55058229 0.167544663 0.302360237
v 0.548109174 0.167971715 0.303387076
v 0.547016203 0.167856857 0.305866063
v 0.547943711 0.167267382 0.30834505
v 0.550348282 0.16654861 0.309371889
v 0.552821398 0.166121557 0.30834505
v 0.550465286 0.164376602 0.30353722
v 0.547964573 0.165257469 0.304105997
v 0.546928704 0.167186409 0.305705816
v 0.547964573 0.169033468 0.307399482
v 0.550465286 0.169716671 0.308194906
v 0.552965999 0.168835804 0.307626128
v 0.554001868 0.166906863 0.30602631
v 0.552965999 0.165059805 0.304332644
v 0.550663352 0.166541874 0.301054716
v 0.548162639 0.167422742 0.301623493
v 0.54712677 0.169351682 0.303223312
v 0.548162639 0.171198741 0.304916978
v 0.550663352 0.171881944 0.305712402
v 0.553164065 0.171001077 0.305143625
v 0.554199934 0.169072136 0.303543806
v 0.553164065 0.167225078 0.30185014
v 0.550663352 0.166541874 0.301054716
v 0.548162639 0.167422727 0.301623523
v 0.54712677 0.169351667 0.303223342
v 0.548162639 0.171198726 0.304916978
v 0.550663352 0.171881944 0.305712402
v 0.553164065 0.171001092 0.305143595
v 0.554199934 0.169072151 0.303543776
v 0.553164065 0.167225093 0.30185014
v 0.551059425 0.17087242 0.296089679
v 0.548558712 0.171753272 0.296658486
v 0.547522843 0.173682213 0.298258305
v 0.548558712 0.175529271 0.299951941
v 0.551059425 0.17621249 0.300747365
v 0.553560138 0.175331637 0.300178558
v 0.554596007 0.173402697 0.298578739
v 0.553560138 0.171555638 0.296885103
v 0.554461658 0.174531028 0.298418522
v 0.553378999 0.174538165 0.295932382
v 0.550937533 0.173962027 0.294902593
v 0.548567474 0.173140109 0.295932382
v 0.547657192 0.172553882 0.298418522
v 0.548739851 0.172546744 0.300904661
v 0.551181316 0.173122883 0.301934451
v 0.553551376 0.173944801 0.300904661
v 0.550812781 0.187088832 0.300043613
v 0.549730122 0.18709597 0.297557473
v 0.547288656 0.186519831 0.296527684
v 0.544918597 0.185697913 0.297557473
v 0.544008315 0.185111687 0.300043613
v 0.545090973 0.185104549 0.302529752
v 0.547532439 0.185680687 0.303559542
v 0.549902499 0.186502606 0.302529752
v 0.547410548 0.186314061 0.29650712
v 0.544905961 0.186194673 0.297539502
v 0.543868482 0.186019987 0.300038755
v 0.544905961 0.185892329 0.302540869
v 0.547410548 0.185886458 0.303580105
v 0.549915135 0.186005846 0.302547723
v 0.550952613 0.186180532 0.30004847
v 0.549915135 0.18630819 0.297546357
v 0.547159135 0.197367117 0.297175318
v 0.544654548 0.197247729 0.2982077
v 0.54361707 0.197073042 0.300706953
v 0.544654548 0.196945384 0.303209066
v 0.547159135 0.196939513 0.304248303
v 0.549663723 0.197058901 0.303215921
v 0.550701201 0.197233588 0.300716668
v 0.549663723 0.197361246 0.298214555
v 0.549214959 0.197153315 0.303597301
v 0.549428046 0.194856718 0.30217132
v 0.548312008 0.193905443 0.299890399
v 0.54652065 0.194856718 0.298090637
v 0.545103312 0.197153315 0.29782632
v 0.544890225 0.199449912 0.299252301
v 0.546006262 0.200401187 0.301533222
v 0.54779762 0.199449912 0.303332984
v 0.552681327 0.199008375 0.301127583
v 0.552894413 0.196711779 0.299701601
v 0.551778376 0.195760503 0.297420681
v 0.549987018 0.196711779 0.295620918
v 0.548569679 0.199008375 0.295356601
v 0.548356593 0.201304972 0.296782583
v 0.54947263 0.202256247 0.299063504
v 0.551263988 0.201304972 0.300863266
v 0.590074778 -0.162556872 -0.00899103098
v 0.587656021 -0.161980122 -0.0100727342
v 0.586654127 -0.159939691 -0.0115512544
v 0.587656021 -0.157630846 -0.0125604942
v 0.590074778 -0.15640606 -0.0125092547
v 0.592493534 -0.156982809 -0.0114275515
v 0.593495429 -0.15902324 -0.00994903129
v 0.592493534 -0.161332086 -0.00893979147
v 0.595699668 -0.172908098 -0.027087763
v 0.593280911 -0.172331348 -0.0281694662
v 0.592279017 -0.170290917 -0.0296479855
v 0.593280911 -0.167982072 -0.0306572262
v 0.595699668 -0.166757286 -0.0306059867
v 0.598118424 -0.167334035 -0.0295242835
v 0.599120319 -0.169374466 -0.0280457642
v 0.598118424 -0.171683311 -0.0270365234
v 0.595699668 -0.172588378 -0.0266200397
v 0.593292475 -0.172217473 -0.0278120916
v 0.592295408 -0.170449615 -0.0296103042
v 0.593292475 -0.168320358 -0.0309613124
v 0.595699668 -0.167077005 -0.0310737099
v 0.598106861 -0.16744791 -0.029881658
v 0.599103928 -0.169215769 -0.0280834455
v 0.598106861 -0.171345025 -0.0267324373
v 0.601020932 -0.184188321 -0.0409748144
v 0.598613739 -0.183817416 -0.0421668664
v 0.597616673 -0.182049558 -0.0439650826
v 0.598613739 -0.179920301 -0.0453160889
v 0.601020932 -0.178676948 -0.0454284884
v 0.603428125 -0.179047853 -0.0442364365
v 0.604425192 -0.180815712 -0.0424382202
v 0.603428125 -0.182944968 -0.0410872139
v 0.60705322 -0.197346091 -0.06672398
v 0.604551256 -0.19654794 -0.0660485327
v 0.60351491 -0.194809347 -0.0642439947
v 0.604551256 -0.193148732 -0.0623674355
v 0.60705322 -0.192538857 -0.0615181252
v 0.609555185 -0.193337008 -0.0621935762
v 0.610591531 -0.195075601 -0.0639981106
v 0.609555185 -0.196736217 -0.065874666
v 0.607440472 -0.191790983 -0.0718537122
v 0.604938507 -0.190992832 -0.0711782649
v 0.603902161 -0.189254239 -0.0693737268
v 0.604938507 -0.187593624 -0.0674971715
v 0.607440472 -0.186983749 -0.0666478574
v 0.609942436 -0.1877819 -0.0673233047
v 0.610978782 -0.189520493 -0.0691278428
v 0.609942436 -0.191181108 -0.0710043982
v 0.604506433 -0.152565554 -0.0504821427
v 0.60200119 -0.152320236 -0.0494738258
v 0.600963473 -0.151740804 -0.0470364988
v 0.60200119 -0.151166692 -0.0445979163
v 0.604506433 -0.150934204 -0.0435865633
v 0.607011676 -0.151179522 -0.0445948802
v 0.608049393 -0.151758954 -0.0470322073
v 0.607011676 -0.152333066 -0.0494707897
v 0.604530632 -0.143613666 -0.0525999665
v 0.60202539 -0.143368348 -0.0515916497
v 0.600987673 -0.142788917 -0.0491543226
v 0.60202539 -0.142214805 -0.0467157401
v 0.604530632 -0.141982317 -0.0457043871
v 0.607035875 -0.142227635 -0.046712704
v 0.608073592 -0.142807066 -0.0491500311
v 0.607035875 -0.143381178 -0.0515886135
v 0.604810536 -0.129852086 -0.0576120764
v 0.602309823 -0.128971234 -0.0570432767
v 0.601273954 -0.127042294 -0.0554434806
v 0.602309823 -0.12519522 -0.0537498184
v 0.604810536 -0.124512009 -0.0529544204
v 0.607311249 -0.125392869 -0.0535232201
v 0.608347118 -0.12732181 -0.0551230162
v 0.607311249 -0.129168883 -0.0568166785
v 0.605255723 -0.124984622 -0.0631927177
v 0.60275501 -0.124103762 -0.0626239181
v 0.601719141 -0.122174829 -0.0610241219
v 0.60275501 -0.120327756 -0.0593304597
v 0.605255723 -0.119644538 -0.0585350618
v 0.607756436 -0.120525397 -0.0591038615
v 0.608792305 -0.12245433 -0.0607036576
v 0.607756436 -0.124301404 -0.0623973198
v 0.605255723 -0.125447348 -0.0592090972
v 0.602761865 -0.124641337 -0.0599049628
v 0.601728916 -0.122472338 -0.0611625537
v 0.602761865 -0.120210931 -0.0622451939
v 0.605255723 -0.119181812 -0.0625186786
v 0.607749581 -0.119987823 -0.0618228167
v 0.60878253 -0.122156821 -0.0605652258
v 0.607749581 -0.124418229 -0.0594825856
v 0.607216358 -0.135009021 -0.0773107931
v 0.6047225 -0.134203017 -0.078006655
v 0.603689551 -0.132034019 -0.0792642459
v 0.6047225 -0.129772618 -0.0803468823
v 0.607216358 -0.1287435 -0.0806203708
v 0.609710217 -0.129549503 -0.0799245089
v 0.610743165 -0.131718501 -0.078666918
v 0.609710217 -0.133979902 -0.0775842816
v 0.607216358 -0.134546295 -0.0812944099
v 0.604715645 -0.133665442 -0.0807256103
v 0.603679776 -0.131736517 -0.0791258067
v 0.604715645 -0.129889444 -0.0774321482
v 0.607216358 -0.129206225 -0.076636754
v 0.609717071 -0.130087078 -0.0772055537
v 0.61075294 -0.132016003 -0.0788053572
v 0.609717071 -0.133863077 -0.0804990157
v 0.607663572 -0.129656434 -0.0869007111
v 0.605162859 -0.128775582 -0.0863319114
v 0.60412699 -0.126846656 -0.0847321078
v 0.605162859 -0.124999583 -0.0830384493
v 0.607663572 -0.124316357 -0.0822430551
v 0.610164285 -0.125197217 -0.0828118548
v 0.611200154 -0.127126142 -0.0844116583
v 0.610164285 -0.128973216 -0.0861053169
v 0.617428899 -0.134172112 -0.11380402
v 0.616016388 -0.134555504 -0.116086751
v 0.613627791 -0.133687258 -0.11703229
v 0.611662447 -0.132075951 -0.116086751
v 0.611271501 -0.130665481 -0.11380402
v 0.612684011 -0.130282089 -0.111521289
v 0.615072608 -0.131150335 -0.11057575
v 0.617037952 -0.132761642 -0.111521289
v 0.621357322 -0.127274022 -0.117393479
v 0.619944811 -0.127657413 -0.11967621
v 0.617556214 -0.126789168 -0.120621748
v 0.61559087 -0.12517786 -0.11967621
v 0.615199924 -0.123767398 -0.117393479
v 0.616612434 -0.123383991 -0.115110748
v 0.619001031 -0.124252245 -0.114165209
v 0.620966375 -0.125863552 -0.115110748
v 0.618278623 -0.128356919 -0.115270168
v 0.615884542 -0.12796855 -0.116482921
v 0.6148929 -0.126146257 -0.118229069
v 0.615884542 -0.12395753 -0.119485736
v 0.618278623 -0.122684494 -0.11951679
v 0.620672703 -0.123072863 -0.118304037
v 0.621664345 -0.124895148 -0.116557889
v 0.620672703 -0.127083883 -0.115301222
v 0.623604476 -0.138709947 -0.12909925
v 0.621210396 -0.138321579 -0.130312011
v 0.620218754 -0.136499286 -0.132058144
v 0.621210396 -0.134310558 -0.133314818
v 0.623604476 -0.133037522 -0.133345872
v 0.625998557 -0.133425891 -0.132133111
v 0.626990199 -0.135248184 -0.130386978
v 0.625998557 -0.137436911 -0.129130304
v 0.623604476 -0.137407571 -0.134416297
v 0.621099889 -0.136906803 -0.133505613
v 0.620062411 -0.135800883 -0.131257549
v 0.621099889 -0.134737626 -0.128988996
v 0.623604476 -0.134339899 -0.128028825
v 0.626109064 -0.134840667 -0.128939509
v 0.627146542 -0.135946587 -0.131187573
v 0.626109064 -0.137009844 -0.133456126
v 0.623790205 -0.130070105 -0.137940228
v 0.621285617 -0.129569337 -0.137029544
v 0.620248139 -0.128463417 -0.13478148
v 0.621285617 -0.12740016 -0.132512927
v 0.623790205 -0.127002433 -0.131552756
v 0.626294792 -0.127503201 -0.13246344
v 0.62733227 -0.128609121 -0.134711504
v 0.626294792 -0.129672378 -0.136980057
v 0.623790205 -0.131906092 -0.13584049
v 0.621294498 -0.130851641 -0.135727853
v 0.620260715 -0.128440872 -0.135040328
v 0.621294498 -0.126085982 -0.134180695
v 0.623790205 -0.125166446 -0.133652493
v 0.626285911 -0.126220897 -0.133765131
v 0.627319694 -0.128631666 -0.134452656
v 0.626285911 -0.130986556 -0.135312289
v 0.624506831 -0.129378065 -0.14362748
v 0.622011125 -0.128323615 -0.143514842
v 0.620977342 -0.125912845 -0.142827317
v 0.622011125 -0.123557962 -0.141967684
v 0.624506831 -0.122638419 -0.141439483
v 0.627002537 -0.12369287 -0.14155212
v 0.62803632 -0.12610364 -0.142239645
v 0.627002537 -0.12845853 -0.143099278
v 0.627912998 -0.1250332 -0.142533481
v 0.626773417 -0.124822989 -0.14498508
v 0.624306142 -0.125307083 -0.146000564
v 0.621956408 -0.126201913 -0.14498508
v 0.621100664 -0.126983285 -0.142533481
v 0.622240245 -0.127193496 -0.140081882
v 0.62470752 -0.126709402 -0.139066398
v 0.627057254 -0.125814572 -0.140081882
v 0.623511076 -0.10965585 -0.139168873
v 0.622371495 -0.109445639 -0.141620472
v 0.61990422 -0.10992974 -0.142635956
v 0.617554486 -0.110824563 -0.141620472
v 0.616698742 -0.111605935 -0.139168873
v 0.617838323 -0.111816145 -0.136717275
v 0.620305598 -0.111332044 -0.13570179
v 0.622655332 -0.110437222 -0.136717275
v 0.617231309 -0.177349105 -0.212377906
v 0.614736974 -0.17629002 -0.212476656
v 0.613703787 -0.173793018 -0.212251738
v 0.614736974 -0.171320781 -0.211834908
v 0.617231309 -0.170321539 -0.211470336
v 0.619725645 -0.171380624 -0.211371586
v 0.620758832 -0.173877627 -0.211596504
v 0.619725645 -0.176349863 -0.212013334
v 0.617666602 -0.176753744 -0.216987938
v 0.615172267 -0.175694659 -0.217086688
v 0.61413908 -0.173197657 -0.21686177
v 0.615172267 -0.17072542 -0.216444939
v 0.617666602 -0.169726178 -0.216080368
v 0.620160937 -0.170785263 -0.215981618
v 0.621194124 -0.173282266 -0.216206536
v 0.620160937 -0.175754502 -0.216623366
v 0.620977819 -0.173239961 -0.217794448
v 0.619734466 -0.175624296 -0.218143955
v 0.617279768 -0.176611915 -0.217550471
v 0.615051687 -0.175624296 -0.216361627
v 0.614355385 -0.173239961 -0.215273857
v 0.615598738 -0.170855626 -0.21492435
v 0.618053436 -0.169868007 -0.215517834
v 0.620281518 -0.170855626 -0.216706678
v 0.617893159 -0.170443386 -0.225898921
v 0.616649806 -0.172827721 -0.226248428
v 0.614195108 -0.17381534 -0.225654945
v 0.611967027 -0.172827721 -0.2244661
v 0.611270726 -0.170443386 -0.22337833
v 0.612514079 -0.168059051 -0.223028824
v 0.614968777 -0.167071432 -0.223622307
v 0.617196858 -0.168059051 -0.224811152
v 0.614581943 -0.173885435 -0.223799095
v 0.61208868 -0.172935277 -0.224282712
v 0.611055911 -0.170525387 -0.224974841
v 0.61208868 -0.16806747 -0.225470006
v 0.614581943 -0.167001337 -0.225478157
v 0.617075205 -0.167951494 -0.22499454
v 0.618107975 -0.170361385 -0.224302411
v 0.617075205 -0.172819301 -0.223807245
v 0.615922749 -0.177122623 -0.237071395
v 0.613429487 -0.176172465 -0.237555012
v 0.612396717 -0.173762575 -0.238247141
v 0.613429487 -0.171304658 -0.238742307
v 0.615922749 -0.170238525 -0.238750458
v 0.618416011 -0.171188682 -0.238266841
v 0.619448781 -0.173598573 -0.237574711
v 0.618416011 -0.176056489 -0.237079546
v 0.618545234 -0.191687152 -0.264282018
v 0.616045237 -0.190766796 -0.263776124
v 0.615009665 -0.188742414 -0.262298733
v 0.616045237 -0.186799869 -0.260715306
v 0.618545234 -0.186077073 -0.25995335
v 0.621045232 -0.186997429 -0.260459244
v 0.622080803 -0.189021811 -0.261936635
v 0.621045232 -0.190964356 -0.263520062
v 0.619046867 -0.186949253 -0.270422488
v 0.616546869 -0.186028898 -0.269916594
v 0.615511298 -0.184004515 -0.268439204
v 0.616546869 -0.18206197 -0.266855776
v 0.619046867 -0.181339175 -0.26609382
v 0.621546865 -0.18225953 -0.266599715
v 0.622582436 -0.184283912 -0.268077105
v 0.621546865 -0.186226457 -0.269660532
v 0.619046867 -0.186669216 -0.270743489
v 0.616545439 -0.18583256 -0.270114213
v 0.615509331 -0.1840069 -0.268397659
v 0.616545439 -0.182261661 -0.266599417
v 0.619046867 -0.181619212 -0.26577282
v 0.621548295 -0.182455868 -0.266402096
v 0.622584403 -0.184281528 -0.26811865
v 0.621548295 -0.186026767 -0.269916892
v 0.619474888 -0.1812433 -0.276255995
v 0.61697346 -0.180406645 -0.275626719
v 0.615937352 -0.178580984 -0.273910165
v 0.61697346 -0.176835746 -0.272111923
v 0.619474888 -0.176193297 -0.271285325
v 0.621976316 -0.177029952 -0.271914601
v 0.623012424 -0.178855613 -0.273631155
v 0.621976316 -0.180600852 -0.275429398
v 0.619474888 -0.181388333 -0.276099503
v 0.616974175 -0.180507481 -0.275530696
v 0.615938306 -0.178578541 -0.273930877
v 0.616974175 -0.176731482 -0.272237211
v 0.619474888 -0.176048264 -0.271441817
v 0.621975601 -0.176929116 -0.272010624
v 0.62301147 -0.178858057 -0.273610443
v 0.621975601 -0.180705115 -0.275304109
v 0.619939685 -0.176306427 -0.281925976
v 0.617438972 -0.175425574 -0.281357169
v 0.616403103 -0.173496634 -0.279757351
v 0.617438972 -0.171649575 -0.278063685
v 0.619939685 -0.170966357 -0.277268291
v 0.622440398 -0.171847209 -0.277837098
v 0.623476267 -0.17377615 -0.279436916
v 0.622440398 -0.175623208 -0.281130582
v 0.615844369 -0.150185227 -0.284374416
v 0.613343656 -0.149304375 -0.283805609
v 0.612307787 -0.147375435 -0.28220579
v 0.613343656 -0.145528376 -0.280512154
v 0.615844369 -0.144845158 -0.27971673
v 0.618345082 -0.14572601 -0.280285537
v 0.619380951 -0.147654951 -0.281885356
v 0.618345082 -0.149502009 -0.283578992
v 0.616307259 -0.145124197 -0.290176958
v 0.613806546 -0.144243345 -0.289608151
v 0.612770677 -0.142314404 -0.288008332
v 0.613806546 -0.140467346 -0.286314696
v 0.616307259 -0.139784127 -0.285519272
v 0.618807971 -0.14066498 -0.286088079
v 0.619843841 -0.14259392 -0.287687898
v 0.618807971 -0.144440979 -0.289381534
v 0.624407649 -0.171260804 -0.328069836
v 0.621911943 -0.17020306 -0.327994674
v 0.62087816 -0.167769313 -0.327393562
v 0.621911943 -0.165385231 -0.326618612
v 0.624407649 -0.164447367 -0.326123744
v 0.626903355 -0.165505111 -0.326198906
v 0.627937138 -0.167938858 -0.326800019
v 0.626903355 -0.17032294 -0.327574968
v 0.625172436 -0.168858975 -0.336478978
v 0.62267673 -0.167801231 -0.336403817
v 0.621642947 -0.165367484 -0.335802704
v 0.62267673 -0.162983403 -0.335027754
v 0.625172436 -0.162045538 -0.334532887
v 0.627668142 -0.163103282 -0.334608048
v 0.628701925 -0.16553703 -0.335209161
v 0.627668142 -0.167921111 -0.335984111
v 0.625172436 -0.16863662 -0.33705911
v 0.622674823 -0.16761823 -0.336779922
v 0.621640265 -0.165331051 -0.335754454
v 0.622674823 -0.163114861 -0.334583372
v 0.625172436 -0.162267894 -0.333952755
v 0.62767005 -0.163286284 -0.334231943
v 0.628704607 -0.165573463 -0.335257411
v 0.62767005 -0.167789653 -0.336428493
v 0.625810325 -0.165064245 -0.34438321
v 0.623312712 -0.164045855 -0.344104022
v 0.622278154 -0.161758676 -0.343078554
v 0.623312712 -0.159542486 -0.341907471
v 0.625810325 -0.158695519 -0.341276854
v 0.628307939 -0.159713909 -0.341556042
v 0.629342496 -0.162001088 -0.342581511
v 0.628307939 -0.164217278 -0.343752593
v 0.625810325 -0.163863987 -0.345765322
v 0.62330693 -0.163203612 -0.34495914
v 0.622269928 -0.161767811 -0.34290579
v 0.62330693 -0.160397664 -0.340808034
v 0.625810325 -0.159895778 -0.339894742
v 0.62831372 -0.160556152 -0.340700924
v 0.629350722 -0.161991954 -0.342754275
v 0.62831372 -0.163362101 -0.34485203
v 0.626114964 -0.157258168 -0.350230545
v 0.623611569 -0.156597793 -0.349424362
v 0.622574568 -0.155161992 -0.347371012
v 0.623611569 -0.153791845 -0.345273256
v 0.626114964 -0.153289959 -0.344359964
v 0.62861836 -0.153950334 -0.345166147
v 0.629655361 -0.155386135 -0.347219497
v 0.62861836 -0.156756282 -0.349317253
v 0.620951653 -0.137240365 -0.337082744
v 0.618458152 -0.136298805 -0.337581962
v 0.617425323 -0.133901969 -0.338317841
v 0.618458152 -0.131453887 -0.338859379
v 0.620951653 -0.130388603 -0.338889301
v 0.623445153 -0.131330162 -0.338390082
v 0.624477983 -0.133726999 -0.337654203
v 0.623445153 -0.136175081 -0.337112665
v 0.622388363 -0.141004279 -0.351358324
v 0.619894862 -0.14006272 -0.351857543
v 0.618862033 -0.137665883 -0.352593422
v 0.619894862 -0.135217801 -0.35313496
v 0.622388363 -0.134152517 -0.353164881
v 0.624881864 -0.135094076 -0.352665663
v 0.625914693 -0.137490913 -0.351929784
v 0.624881864 -0.139938995 -0.351388246
v 0.622388363 -0.13714835 -0.355778366
v 0.619884253 -0.137348518 -0.354757398
v 0.618846953 -0.137683347 -0.352274448
v 0.619884253 -0.137956709 -0.349783957
v 0.622388363 -0.138008446 -0.348744839
v 0.624892473 -0.137808278 -0.349765807
v 0.625929773 -0.137473449 -0.352248758
v 0.624892473 -0.137200087 -0.354739249
v 0.622001052 -0.124272212 -0.35420379
v 0.619496942 -0.124472387 -0.353182822
v 0.618459642 -0.124807224 -0.350699872
v 0.619496942 -0.125080571 -0.348209381
v 0.622001052 -0.125132322 -0.347170264
v 0.624505162 -0.124932148 -0.348191231
v 0.625542462 -0.124597311 -0.350674182
v 0.624505162 -0.124323964 -0.353164673
v 0.622001052 -0.128107786 -0.349709779
v 0.619507551 -0.127177149 -0.350228846
v 0.618474722 -0.124796756 -0.351016313
v 0.619507551 -0.122361019 -0.351610869
v 0.622001052 -0.121296749 -0.351664275
v 0.624494553 -0.122227386 -0.351145208
v 0.625527382 -0.124607779 -0.350357741
v 0.624494553 -0.127043515 -0.349763185
v 0.623497248 -0.132356048 -0.364514083
v 0.621003747 -0.131425411 -0.36503315
v 0.619970918 -0.129045025 -0.365820616
v 0.621003747 -0.126609281 -0.366415173
v 0.623497248 -0.125545025 -0.366468579
v 0.625990748 -0.126475662 -0.365949512
v 0.627023578 -0.128856048 -0.365162045
v 0.625990748 -0.131291792 -0.364567488
v 0.623497248 -0.127323583 -0.368638635
v 0.621115625 -0.128490582 -0.368073732
v 0.620129108 -0.129927009 -0.365996093
v 0.621115625 -0.130791441 -0.363622785
v 0.623497248 -0.13057749 -0.362344027
v 0.62587887 -0.12941049 -0.36290893
v 0.626865387 -0.127974063 -0.364986569
v 0.62587887 -0.127109632 -0.367359877
v 0.61876446 -0.114441305 -0.361979336
v 0.616382837 -0.115608297 -0.361414433
v 0.615396321 -0.117044732 -0.359336793
v 0.616382837 -0.117909163 -0.356963485
v 0.61876446 -0.117695212 -0.355684727
v 0.621146083 -0.11652822 -0.35624963
v 0.622132599 -0.115091786 -0.35832727
v 0.621146083 -0.114227355 -0.360700577
v 0.61876446 -0.115861736 -0.362368971
v 0.616259873 -0.115980282 -0.36133641
v 0.615222454 -0.116150364 -0.35883683
v 0.616259873 -0.116272353 -0.356334418
v 0.61876446 -0.116274782 -0.355295092
v 0.621269047 -0.116156235 -0.356327653
v 0.622306466 -0.115986153 -0.358827233
v 0.621269047 -0.115864165 -0.361329645
v 0.61848855 -0.10399922 -0.361676306
v 0.615983963 -0.104117766 -0.360643744
v 0.614946544 -0.104287848 -0.358144164
v 0.615983963 -0.104409836 -0.355641752
v 0.61848855 -0.104412265 -0.354602426
v 0.620993137 -0.104293719 -0.355634987
v 0.622030556 -0.104123637 -0.358134568
v 0.620993137 -0.104001649 -0.360636979
v 0.621935129 -0.104205742 -0.358960122
v 0.620948792 -0.106709003 -0.35862267
v 0.618521214 -0.107745893 -0.358002126
v 0.616074562 -0.106709003 -0.357461959
v 0.615041971 -0.104205742 -0.35731861
v 0.616028309 -0.101702482 -0.357656062
v 0.618455887 -0.100665592 -0.358276606
v 0.620902538 -0.101702482 -0.358816773
v 0.619185448 -0.10467878 -0.370506942
v 0.61819911 -0.107182041 -0.370169491
v 0.615771532 -0.108218931 -0.369548947
v 0.613324881 -0.107182041 -0.36900878
v 0.61229229 -0.10467878 -0.36886543
v 0.613278627 -0.102175519 -0.369202882
v 0.615706205 -0.101138629 -0.369823426
v 0.618152857 -0.102175519 -0.370363593
v 0.615738869 -0.107988082 -0.370951533
v 0.61324209 -0.106945418 -0.370772868
v 0.61220783 -0.104574986 -0.369957656
v 0.61324209 -0.102265351 -0.368983418
v 0.615738869 -0.101369478 -0.368420839
v 0.618235648 -0.102412142 -0.368599504
v 0.619269907 -0.104782574 -0.369414717
v 0.618235648 -0.107092209 -0.370388955
v 0.616431773 -0.104981504 -0.378814816
v 0.613934994 -0.10393884 -0.378636152
v 0.612900734 -0.101568408 -0.377820939
v 0.613934994 -0.099258773 -0.376846701
v 0.616431773 -0.0983629003 -0.376284122
v 0.618928552 -0.0994055644 -0.376462787
v 0.619962811 -0.101775996 -0.377278
v 0.618928552 -0.104085632 -0.378252238
v 0.616431773 -0.10288091 -0.380879879
v 0.613926828 -0.102488555 -0.379918337
v 0.61288929 -0.101617992 -0.377569139
v 0.613926828 -0.100779183 -0.375208437
v 0.616431773 -0.100463495 -0.37421906
v 0.618936718 -0.10085585 -0.375180602
v 0.619974256 -0.101726413 -0.3775298
v 0.618936718 -0.102565221 -0.379890501
v 0.616571665 -0.0948029608 -0.383811623
v 0.61406672 -0.0944106057 -0.382850081
v 0.613029182 -0.0935400426 -0.380500883
v 0.61406672 -0.0927012339 -0.378140181
v 0.616571665 -0.0923855454 -0.377150804
v 0.61907661 -0.0927779004 -0.378112346
v 0.620114148 -0.0936484635 -0.380461544
v 0.61907661 -0.0944872722 -0.382822245
v 0.616571665 -0.0961950123 -0.382887185
v 0.614070594 -0.0953349322 -0.382288784
v 0.613034606 -0.0934551954 -0.380631536
v 0.614070594 -0.0916569084 -0.378886223
v 0.616571665 -0.0909934938 -0.378075242
v 0.619072735 -0.0918535739 -0.378673643
v 0.620108724 -0.0937333107 -0.38033089
v 0.619072735 -0.0955315977 -0.382076204
v 0.617019415 -0.0909431577 -0.388564259
v 0.614518344 -0.0900830775 -0.387965858
v 0.613482356 -0.0882033408 -0.38630861
v 0.614518344 -0.0864050537 -0.384563297
v 0.617019415 -0.0857416391 -0.383752316
v 0.619520485 -0.0866017193 -0.384350717
v 0.620556474 -0.088481456 -0.386007965
v 0.619520485 -0.0902797431 -0.387753278
v 0.617019415 -0.091531463 -0.384614766
v 0.614524841 -0.090698041 -0.385274768
v 0.613491535 -0.0884847119 -0.386452317
v 0.614524841 -0.0861880183 -0.387457639
v 0.617019415 -0.0851533338 -0.387701809
v 0.619513988 -0.0859867558 -0.387041807
v 0.620547295 -0.0882000849 -0.385864258
v 0.619513988 -0.0904967785 -0.384858936
v 0.619144022 -0.101527527 -0.405267686
v 0.616649449 -0.100694105 -0.405927688
v 0.615616143 -0.098480776 -0.407105237
v 0.616649449 -0.0961840823 -0.408110559
v 0.619144022 -0.0951493979 -0.408354729
v 0.621638596 -0.0959828198 -0.407694727
v 0.622671902 -0.0981961489 -0.406517178
v 0.621638596 -0.100492842 -0.405511856
v 0.619144022 -0.101745591 -0.405839592
v 0.616650164 -0.100813098 -0.406353623
v 0.615617156 -0.0984309986 -0.407135695
v 0.616650164 -0.0959946886 -0.407727689
v 0.619144022 -0.0949313343 -0.407782823
v 0.621637881 -0.0958638266 -0.407268792
v 0.622670889 -0.0982459262 -0.40648672
v 0.621637881 -0.100682236 -0.405894727
v 0.620653152 -0.106071405 -0.421008676
v 0.618159294 -0.105138913 -0.421522707
v 0.617126286 -0.102756813 -0.422304779
v 0.618159294 -0.100320503 -0.422896773
v 0.620653152 -0.0992571488 -0.422951907
v 0.623147011 -0.100189641 -0.422437876
v 0.624180019 -0.102571741 -0.421655804
v 0.623147011 -0.105008051 -0.421063811
v 0.61367166 -0.0725568011 -0.393431634
v 0.611177087 -0.0717036054 -0.394065827
v 0.610143781 -0.0694554299 -0.395175368
v 0.611177087 -0.0671292245 -0.396110356
v 0.61367166 -0.0660876408 -0.396323055
v 0.616166234 -0.0669408366 -0.395688862
v 0.61719954 -0.0691890121 -0.394579321
v 0.616166234 -0.0715152174 -0.393644333
v 0.615647554 -0.081269905 -0.412926018
v 0.613152981 -0.0804167092 -0.413560212
v 0.612119675 -0.0781685337 -0.414669752
v 0.613152981 -0.0758423284 -0.41560474
v 0.615647554 -0.0748007447 -0.41581744
v 0.618142128 -0.0756539404 -0.415183246
v 0.619175434 -0.0779021159 -0.414073706
v 0.618142128 -0.0802283213 -0.413138717
v 0.615647554 -0.0813663378 -0.415578753
v 0.613150835 -0.0803202316 -0.415419698
v 0.612116694 -0.0779356658 -0.414646745
v 0.613150835 -0.0756094754 -0.41371271
v 0.615647554 -0.0747043118 -0.413164705
v 0.618144274 -0.075750418 -0.41332376
v 0.619178414 -0.0781349838 -0.414096713
v 0.618144274 -0.0804611742 -0.415030748
v 0.61635524 -0.0784562528 -0.423609614
v 0.613858521 -0.0774101466 -0.423450559
v 0.61282438 -0.0750255808 -0.422677606
v 0.613858521 -0.0726993904 -0.421743572
v 0.61635524 -0.0717942268 -0.421195567
v 0.61885196 -0.072840333 -0.421354622
v 0.6198861 -0.0752248988 -0.422127575
v 0.61885196 -0.0775510892 -0.423061609
v 0.619750977 -0.0741145164 -0.422402591
v 0.618596137 -0.0738722309 -0.424844056
v 0.616128623 -0.0743639395 -0.425855368
v 0.61379385 -0.0753016099 -0.424844056
v 0.612959504 -0.0761359632 -0.422402591
v 0.614114344 -0.0763782486 -0.419961125
v 0.616581857 -0.0758865401 -0.418949813
v 0.618916631 -0.0749488696 -0.419961125
v 0.615313172 -0.059204787 -0.418823898
v 0.614158332 -0.0589624979 -0.421265364
v 0.611690819 -0.0594542064 -0.422276676
v 0.609356046 -0.0603918768 -0.421265364
v 0.6085217 -0.0612262338 -0.418823898
v 0.60967654 -0.061468523 -0.416382432
v 0.612144053 -0.0609768145 -0.41537112
v 0.614478827 -0.060039144 -0.416382432
v 0.65786469 -0.504468679 -0.895965457
v 0.657253385 -0.505636871 -0.89833498
v 0.655108452 -0.506974399 -0.89931649
v 0.652686357 -0.507697761 -0.89833498
v 0.651405931 -0.507383227 -0.895965457
v 0.652017236 -0.506215036 -0.893595934
v 0.654162169 -0.504877508 -0.892614424
v 0.656584263 -0.504154146 -0.893595934
v 0.653624713 -0.495072752 -0.899503827
v 0.653013408 -0.496240944 -0.90187335
v 0.650868475 -0.497578472 -0.90285486
v 0.648446381 -0.498301834 -0.90187335
v 0.647165954 -0.4979873 -0.899503827
v 0.647777259 -0.496819109 -0.897134304
v 0.649922192 -0.49548158 -0.896152794
v 0.652344286 -0.494758219 -0.897134304
v 0.578565955 0.0586643852 -0.361420065
v 0.576069772 0.0595087856 -0.362059772
v 0.57503581 0.0617311336 -0.363219619
v 0.576069772 0.0640296116 -0.364220172
v 0.578565955 0.0650577992 -0.36447528
v 0.581062138 0.0642134026 -0.363835573
v 0.5820961 0.0619910546 -0.362675726
v 0.581062138 0.0596925765 -0.361675173
v 0.579557598 0.0536567606 -0.371899068
v 0.577061415 0.054501161 -0.372538775
v 0.576027453 0.056723509 -0.373698622
v 0.577061415 0.059021987 -0.374699175
v 0.579557598 0.0600501783 -0.374954283
v 0.582053781 0.0592057779 -0.374314576
v 0.583087742 0.0569834299 -0.37315473
v 0.582053781 0.0546849519 -0.372154176
v 0.570815444 0.0762959942 -0.359943748
v 0.568317831 0.0770433769 -0.360689729
v 0.567283332 0.0790680647 -0.362167418
v 0.568317831 0.0811840072 -0.363511145
v 0.570815444 0.0821517184 -0.363933802
v 0.573313057 0.0814043358 -0.36318782
v 0.574347556 0.079379648 -0.361710131
v 0.573313057 0.0772637054 -0.360366404
v 0.572510898 0.0641077757 -0.377830863
v 0.570013285 0.0648551583 -0.378576845
v 0.568978786 0.0668798462 -0.380054533
v 0.570013285 0.0689957887 -0.381398261
v 0.572510898 0.0699634999 -0.381820917
v 0.575008512 0.0692161173 -0.381074935
v 0.57604301 0.0671914294 -0.379597247
v 0.575008512 0.0650754869 -0.37825352
v 0.570887744 0.0893583745 -0.369436175
v 0.570280552 0.0881819129 -0.371802688
v 0.568137705 0.0868400931 -0.372782916
v 0.565714478 0.086118944 -0.371802688
v 0.564430296 0.0864409059 -0.369436175
v 0.565037489 0.0876173675 -0.367069662
v 0.567180336 0.0889591873 -0.366089433
v 0.569603562 0.0896803364 -0.367069662
v 0.567348123 0.0971928611 -0.372422785
v 0.56674093 0.0960163996 -0.374789298
v 0.564598083 0.0946745798 -0.375769526
v 0.562174857 0.0939534307 -0.374789298
v 0.560890675 0.0942753926 -0.372422785
v 0.561497867 0.0954518542 -0.370056272
v 0.563640714 0.0967936739 -0.369076043
v 0.566063941 0.0975148231 -0.370056272
v 0.564119399 0.0931432769 -0.374839395
v 0.561814308 0.0932328105 -0.37341404
v 0.560859501 0.0947875828 -0.371408015
v 0.561814308 0.0968968272 -0.369996428
v 0.564119399 0.0983249769 -0.370006174
v 0.566424489 0.0982354432 -0.37143153
v 0.567379296 0.096680671 -0.373437554
v 0.566424489 0.0945714265 -0.374849141
v 0.560835481 0.0984051377 -0.380480617
v 0.55853039 0.0984946713 -0.379055262
v 0.557575583 0.100049444 -0.377049237
v 0.55853039 0.102158688 -0.37563765
v 0.560835481 0.103586838 -0.375647396
v 0.563140571 0.103497304 -0.377072752
v 0.564095378 0.101942532 -0.379078776
v 0.563140571 0.0998332873 -0.380490363
v 0.560835481 0.0983259454 -0.380392849
v 0.558334768 0.0992068276 -0.379824072
v 0.557298899 0.101135775 -0.378224283
v 0.558334768 0.102982834 -0.376530617
v 0.560835481 0.10366603 -0.375735164
v 0.563336194 0.102785148 -0.376303941
v 0.564372063 0.1008562 -0.37790373
v 0.563336194 0.0990091413 -0.379597396
v 0.561060548 0.100786105 -0.38321346
v 0.558559835 0.101666987 -0.382644683
v 0.557523966 0.103595935 -0.381044894
v 0.558559835 0.105442993 -0.379351228
v 0.561060548 0.106126189 -0.378555775
v 0.563561261 0.105245307 -0.379124552
v 0.56459713 0.103316359 -0.380724341
v 0.563561261 0.101469301 -0.382418007
v 0.561060548 0.100865297 -0.383301228
v 0.558755457 0.100954831 -0.381875873
v 0.557800651 0.102509603 -0.379869848
v 0.558755457 0.104618847 -0.378458261
v 0.561060548 0.106046997 -0.378468007
v 0.563365638 0.105957463 -0.379893363
v 0.564320445 0.104402691 -0.381899387
v 0.563365638 0.102293447 -0.383310974
v 0.55777663 0.106127158 -0.38894245
v 0.555471539 0.106216691 -0.387517095
v 0.554516733 0.107771464 -0.38551107
v 0.555471539 0.109880708 -0.384099483
v 0.55777663 0.111308858 -0.384109229
v 0.56008172 0.111219324 -0.385534585
v 0.561036527 0.109664552 -0.387540609
v 0.56008172 0.107555307 -0.388952196
v 0.559996367 0.108718008 -0.389287233
v 0.558314562 0.106590994 -0.389307737
v 0.556317627 0.105709955 -0.38769865
v 0.555175364 0.106590994 -0.38540253
v 0.555556893 0.108718008 -0.383764446
v 0.557238698 0.110845022 -0.383743942
v 0.559235632 0.111726061 -0.385353029
v 0.560377896 0.110845022 -0.387649149
v 0.556487441 0.111519694 -0.392107874
v 0.554805636 0.10939268 -0.392128378
v 0.552808702 0.108511642 -0.390519291
v 0.551666439 0.10939268 -0.388223171
v 0.552047968 0.111519694 -0.386585087
v 0.553729773 0.113646708 -0.386564583
v 0.555726707 0.114527747 -0.38817367
v 0.55686897 0.113646708 -0.39046979
v 0.554267704 0.108928844 -0.391763091
v 0.551962614 0.109018378 -0.390337735
v 0.551007807 0.11057315 -0.388331711
v 0.551962614 0.112682395 -0.386920124
v 0.554267704 0.114110544 -0.38692987
v 0.556572795 0.114021011 -0.388355225
v 0.557527602 0.112466238 -0.390361249
v 0.556572795 0.110356994 -0.391772836
v 0.550983787 0.114190705 -0.397404313
v 0.548678696 0.114280239 -0.395978957
v 0.547723889 0.115835011 -0.393972933
v 0.548678696 0.117944255 -0.392561346
v 0.550983787 0.119372405 -0.392571092
v 0.553288877 0.119282871 -0.393996447
v 0.554243684 0.117728099 -0.396002471
v 0.553288877 0.115618855 -0.397414058
v 0.541609585 0.169877067 -0.34811148
v 0.541986167 0.168241352 -0.350241214
v 0.540840328 0.165947452 -0.351123363
v 0.538843274 0.16433911 -0.350241214
v 0.537164867 0.164358452 -0.34811148
v 0.536788285 0.165994167 -0.345981747
v 0.537934124 0.168288067 -0.345099598
v 0.539931178 0.169896409 -0.345981747
v 0.538155437 0.172659039 -0.350858897
v 0.538532019 0.171023324 -0.352988631
v 0.537386179 0.168729424 -0.353870779
v 0.535389125 0.167121083 -0.352988631
v 0.533710718 0.167140424 -0.350858897
v 0.533334136 0.16877614 -0.348729163
v 0.534479976 0.171070039 -0.347847015
v 0.536477029 0.172678381 -0.348729163
v 0.535933077 0.167308882 -0.353275508
v 0.533627987 0.167398408 -0.351850152
v 0.53267318 0.168953195 -0.349844098
v 0.533627987 0.17106244 -0.348432541
v 0.535933077 0.172490582 -0.348442286
v 0.538238168 0.172401056 -0.349867642
v 0.539192975 0.170846269 -0.351873696
v 0.538238168 0.168737024 -0.353285253
v 0.532702625 0.172485054 -0.358824879
v 0.530397534 0.17257458 -0.357399523
v 0.529442728 0.174129367 -0.355393469
v 0.530397534 0.176238611 -0.353981912
v 0.532702625 0.177666754 -0.353991657
v 0.535007715 0.177577227 -0.355417013
v 0.535962522 0.17602244 -0.357423067
v 0.535007715 0.173913196 -0.358834624
v 0.532702625 0.172473133 -0.358812064
v 0.530397177 0.172570318 -0.357387781
v 0.529442191 0.174135223 -0.355389714
v 0.530397177 0.176251188 -0.35398832
v 0.532702625 0.177678674 -0.354004472
v 0.535008073 0.177581489 -0.355428755
v 0.535963058 0.176016584 -0.357426822
v 0.535008073 0.173900619 -0.358828217
v 0.529474497 0.17762354 -0.364388824
v 0.527169049 0.177720726 -0.362964541
v 0.526214063 0.179285631 -0.360966474
v 0.527169049 0.181401595 -0.359565079
v 0.529474497 0.182829082 -0.359581232
v 0.531779945 0.182731897 -0.361005515
v 0.532734931 0.181166992 -0.363003582
v 0.531779945 0.179051027 -0.364404976
v 0.523923635 0.204228982 -0.341793954
v 0.521618545 0.204318523 -0.340368599
v 0.520663738 0.205873296 -0.338362545
v 0.521618545 0.20798254 -0.336950988
v 0.523923635 0.209410682 -0.336960733
v 0.526228726 0.209321141 -0.338386089
v 0.527183533 0.207766369 -0.340392143
v 0.526228726 0.205657125 -0.3418037
v 0.520720303 0.209361717 -0.347296745
v 0.518415213 0.209451258 -0.345871389
v 0.517460406 0.21100603 -0.343865335
v 0.518415213 0.213115275 -0.342453778
v 0.520720303 0.214543417 -0.342463523
v 0.523025393 0.214453876 -0.343888879
v 0.5239802 0.212899104 -0.345894933
v 0.523025393 0.210789859 -0.34730649
v 0.526285768 0.191957638 -0.373056382
v 0.525526166 0.191078588 -0.37550658
v 0.523293495 0.189921796 -0.376521498
v 0.520895541 0.189164877 -0.37550658
v 0.519737005 0.189251229 -0.373056382
v 0.520496607 0.190130278 -0.370606184
v 0.522729278 0.191287071 -0.369591266
v 0.525127232 0.19204399 -0.370606184
v 0.522767484 0.20047088 -0.375019968
v 0.522007883 0.19959183 -0.377470165
v 0.519775212 0.198435038 -0.378485084
v 0.517377257 0.197678119 -0.377470165
v 0.516218722 0.197764471 -0.375019968
v 0.516978323 0.19864352 -0.37256977
v 0.519210994 0.199800313 -0.371554852
v 0.521608949 0.200557232 -0.37256977
v 0.522805393 0.200375244 -0.375019968
v 0.521915197 0.199796334 -0.377515078
v 0.519606173 0.198819876 -0.378548592
v 0.517230928 0.198017865 -0.377515078
v 0.516180813 0.197860107 -0.375019968
v 0.517071009 0.198439017 -0.372524858
v 0.519380033 0.199415475 -0.371491343
v 0.521755278 0.200217485 -0.372524858
v 0.519212842 0.209837571 -0.375933647
v 0.518322647 0.209258661 -0.378428757
v 0.516013622 0.208282202 -0.379462272
v 0.513638377 0.207480192 -0.378428757
v 0.512588263 0.207322434 -0.375933647
v 0.513478458 0.207901344 -0.373438537
v 0.515787482 0.208877802 -0.372405022
v 0.518162727 0.209679812 -0.373438537
v 0.510023832 0.238379002 -0.350429624
v 0.507725835 0.238087833 -0.349019766
v 0.506774008 0.239073396 -0.346679747
v 0.507725835 0.240758359 -0.344780266
v 0.510023832 0.242155701 -0.344434053
v 0.51232183 0.24244687 -0.345843911
v 0.513273656 0.241461307 -0.34818393
v 0.51232183 0.239776343 -0.350083411
v 0.506725848 0.244805694 -0.354477912
v 0.50442785 0.244514525 -0.353068054
v 0.503476024 0.245500088 -0.350728035
v 0.50442785 0.247185051 -0.348828554
v 0.506725848 0.248582393 -0.348482341
v 0.509023845 0.248873562 -0.349892199
v 0.509975672 0.247887999 -0.352232218
v 0.509023845 0.246203035 -0.354131699
v 0.509975791 0.248104915 -0.351480126
v 0.509300649 0.24705416 -0.353887051
v 0.507117271 0.245792449 -0.354884028
v 0.504704595 0.245058879 -0.353887051
v 0.503475904 0.245283172 -0.351480126
v 0.504151046 0.246333927 -0.349073201
v 0.506334424 0.247595638 -0.348076224
v 0.508747101 0.248329207 -0.349073201
v 0.506562471 0.255967408 -0.35395515
v 0.50588733 0.254916668 -0.356362075
v 0.503703952 0.253654957 -0.357359052
v 0.501291275 0.252921373 -0.356362075
v 0.500062585 0.253145665 -0.35395515
v 0.500737727 0.254196405 -0.351548225
v 0.502921104 0.255458117 -0.350551248
v 0.505333781 0.256191701 -0.351548225
v 0.506844878 0.254556537 -0.353681326
v 0.505797923 0.25205639 -0.353601962
v 0.503295064 0.251020819 -0.353729486
v 0.500802398 0.25205639 -0.353989184
v 0.499780178 0.254556537 -0.354228973
v 0.500827134 0.257056683 -0.354308337
v 0.503329992 0.258092254 -0.354180813
v 0.505822659 0.257056683 -0.353921115
v 0.507289588 0.25418818 -0.359418422
v 0.506242633 0.251688033 -0.359339058
v 0.503739774 0.250652462 -0.359466583
v 0.501247108 0.251688033 -0.35972628
v 0.500224888 0.25418818 -0.359966069
v 0.501271844 0.256688327 -0.360045433
v 0.503774703 0.257723898 -0.359917909
v 0.506267369 0.256688327 -0.359658211
v 0.507007122 0.255599141 -0.359692246
v 0.506331444 0.254549772 -0.362099588
v 0.504147828 0.253288567 -0.363096774
v 0.501735389 0.252554357 -0.362099588
v 0.500507355 0.252777219 -0.359692246
v 0.501183033 0.253826588 -0.357284904
v 0.503366649 0.255087793 -0.356287718
v 0.505779088 0.255822003 -0.357284904
v 0.503596783 0.263454139 -0.362159103
v 0.502921104 0.26240477 -0.364566445
v 0.500737488 0.261143565 -0.365563631
v 0.49832508 0.260409355 -0.364566445
v 0.497097015 0.260632217 -0.362159103
v 0.497772694 0.261681587 -0.359751761
v 0.49995631 0.262942791 -0.358754575
v 0.502368748 0.263677001 -0.359751761
v 0.4980838 0.299684435 -0.331615478
v 0.497057706 0.297181696 -0.3318066
v 0.494563341 0.296145022 -0.332044423
v 0.492061853 0.297181696 -0.33218962
v 0.491018623 0.299684435 -0.332157165
v 0.492044717 0.302187175 -0.331966043
v 0.494539082 0.303223848 -0.33172822
v 0.49704057 0.302187175 -0.331583023
v 0.498470694 0.299911171 -0.336661845
v 0.4974446 0.297408432 -0.336852968
v 0.494950235 0.296371758 -0.33709079
v 0.492448747 0.297408432 -0.337235987
v 0.491405517 0.299911171 -0.337203532
v 0.492431611 0.302413911 -0.33701241
v 0.494925976 0.303450584 -0.336774588
v 0.497427464 0.302413911 -0.336629391
v 0.484014839 0.466519266 -0.183687776
v 0.482981354 0.464014083 -0.183782905
v 0.48048383 0.462976396 -0.183979467
v 0.477985233 0.464014083 -0.184162319
v 0.476949245 0.466519266 -0.184224367
v 0.47798273 0.46902445 -0.184129238
v 0.480480254 0.470062137 -0.183932677
v 0.482978851 0.46902445 -0.183749825
v 0.484774292 0.466585666 -0.193688139
v 0.483740807 0.464080483 -0.193783268
v 0.481243283 0.463042796 -0.19397983
v 0.478744686 0.464080483 -0.194162682
v 0.477708697 0.466585666 -0.19422473
v 0.478742182 0.469090849 -0.194129601
v 0.481239706 0.470128536 -0.19393304
v 0.483738303 0.469090849 -0.193750188
v 0.481241494 0.463062346 -0.193583846
v 0.478743255 0.464074582 -0.193879366
v 0.477708459 0.466557801 -0.194220021
v 0.478743255 0.469057322 -0.194406286
v 0.481241494 0.470108986 -0.194329023
v 0.483739734 0.46909675 -0.194033504
v 0.48477453 0.466613531 -0.193692848
v 0.483739734 0.46411401 -0.193506584
v 0.482106656 0.46184963 -0.20505169
v 0.479608417 0.462861866 -0.20534721
v 0.47857362 0.465345085 -0.205687866
v 0.479608417 0.467844605 -0.20587413
v 0.482106656 0.46889627 -0.205796868
v 0.484604895 0.467884034 -0.205501348
v 0.485639691 0.465400815 -0.205160692
v 0.484604895 0.462901294 -0.204974428
v 0.482106656 0.466963798 -0.208590001
v 0.479602545 0.466430426 -0.207696661
v 0.478565305 0.465277612 -0.205472186
v 0.479602545 0.464180648 -0.203219652
v 0.482106656 0.463782102 -0.202258557
v 0.484610766 0.464315474 -0.203151897
v 0.485648006 0.465468287 -0.205376372
v 0.484610766 0.466565251 -0.207628906
v 0.481556147 0.483292103 -0.200384706
v 0.479052037 0.482758731 -0.199491367
v 0.478014797 0.481605917 -0.197266892
v 0.479052037 0.480508953 -0.195014358
v 0.481556147 0.480110407 -0.194053262
v 0.484060258 0.480643779 -0.194946602
v 0.485097498 0.481796592 -0.197171077
v 0.484060258 0.482893556 -0.199423611
v 0.485446334 0.440586179 -0.253038287
v 0.482945591 0.441467047 -0.25246951
v 0.481909752 0.443396002 -0.250869721
v 0.482945591 0.445243061 -0.249176055
v 0.485446334 0.445926279 -0.248380646
v 0.487947077 0.445045412 -0.248949438
v 0.488982916 0.443116456 -0.250549227
v 0.487947077 0.441269398 -0.252242893
v 0.485860169 0.445110679 -0.258225709
v 0.483359426 0.445991546 -0.257656932
v 0.482323587 0.447920501 -0.256057143
v 0.483359426 0.44976756 -0.254363477
v 0.485860169 0.450450778 -0.253568083
v 0.488360912 0.449569911 -0.25413686
v 0.489396751 0.447640955 -0.255736649
v 0.488360912 0.445793897 -0.257430315
v 0.497974604 0.440742731 -0.282194108
v 0.496759146 0.438319474 -0.282133877
v 0.494434476 0.437315732 -0.283104122
v 0.492362291 0.438319474 -0.284536541
v 0.491756529 0.440742731 -0.28559199
v 0.492971987 0.443165988 -0.28565222
v 0.495296657 0.44416973 -0.284681976
v 0.497368842 0.443165988 -0.283249557
v 0.501995921 0.438542783 -0.289553046
v 0.500780463 0.436119527 -0.289492816
v 0.498455763 0.435115784 -0.29046306
v 0.496383578 0.436119527 -0.291895479
v 0.495777816 0.438542783 -0.292950928
v 0.496993273 0.44096604 -0.293011159
v 0.499317944 0.441969782 -0.292040914
v 0.5013901 0.44096604 -0.290608495
v 0.498886853 0.438352287 -0.294789821
v 0.49638167 0.438424557 -0.293754488
v 0.495343983 0.438566089 -0.291253239
v 0.49638167 0.43869397 -0.288751245
v 0.498886853 0.43873328 -0.287714154
v 0.501392066 0.438661009 -0.288749486
v 0.502429724 0.438519478 -0.291250736
v 0.501392066 0.438391596 -0.29375273
v 0.498944342 0.447063982 -0.295258939
v 0.496439159 0.447136253 -0.294223607
v 0.495401472 0.447277784 -0.291722357
v 0.496439159 0.447405666 -0.289220363
v 0.498944342 0.447444975 -0.288183272
v 0.501449525 0.447372705 -0.289218605
v 0.502487242 0.447231174 -0.291719854
v 0.501449525 0.447103292 -0.294221848
v 0.501000166 0.447254479 -0.288835615
v 0.501213253 0.444957882 -0.290261567
v 0.500097215 0.444006592 -0.292542517
v 0.498305857 0.444957882 -0.294342279
v 0.496888489 0.447254479 -0.294606596
v 0.496675432 0.449551076 -0.293180645
v 0.497791469 0.450502366 -0.290899694
v 0.499582827 0.449551076 -0.289099932
v 0.504662573 0.449214429 -0.291444987
v 0.50487566 0.446917832 -0.292870939
v 0.503759623 0.445966542 -0.295151889
v 0.501968265 0.446917832 -0.296951652
v 0.500550926 0.449214429 -0.297215968
v 0.500337839 0.451511025 -0.295790017
v 0.501453876 0.452462316 -0.293509066
v 0.503245234 0.451511025 -0.291709304
v 0.50260675 0.445705593 -0.293839991
v 0.500108957 0.446706593 -0.29417479
v 0.49907431 0.449176639 -0.294600785
v 0.500108957 0.451668829 -0.294868439
v 0.50260675 0.452723265 -0.294820964
v 0.505104542 0.451722264 -0.294486165
v 0.506139159 0.449252218 -0.294060171
v 0.505104542 0.446760029 -0.293792516
v 0.503579497 0.443962693 -0.306308717
v 0.501081705 0.444963694 -0.306643516
v 0.500047088 0.44743374 -0.30706951
v 0.501081705 0.449925929 -0.307337165
v 0.503579497 0.450980365 -0.30728969
v 0.50607729 0.449979365 -0.30695489
v 0.507111907 0.447509319 -0.306528896
v 0.50607729 0.445017129 -0.306261241
v 0.503579497 0.44499135 -0.309329271
v 0.501078188 0.445817858 -0.308686346
v 0.500042081 0.44761306 -0.306937933
v 0.501078188 0.449325353 -0.305108249
v 0.503579497 0.449951708 -0.304269135
v 0.506080806 0.449125201 -0.30491206
v 0.507116914 0.447329998 -0.306660473
v 0.506080806 0.445617706 -0.308490157
v 0.503965318 0.449909419 -0.314150333
v 0.501464009 0.450735927 -0.313507408
v 0.500427902 0.452531129 -0.311758995
v 0.501464009 0.454243422 -0.309929311
v 0.503965318 0.454869777 -0.309090197
v 0.506466627 0.454043269 -0.309733123
v 0.507502735 0.452248067 -0.311481535
v 0.506466627 0.450535774 -0.313311219
v 0.503965318 0.449549526 -0.313738436
v 0.501465142 0.450476706 -0.313245863
v 0.500429571 0.452524424 -0.311801016
v 0.501465142 0.454493165 -0.310250312
v 0.503965318 0.45522967 -0.309502095
v 0.506465495 0.45430249 -0.309994668
v 0.507501066 0.452254772 -0.311439514
v 0.506465495 0.450286031 -0.312990218
v 0.504414201 0.453757375 -0.319380373
v 0.501914024 0.454684556 -0.3188878
v 0.500878453 0.456732273 -0.317442954
v 0.501914024 0.458701015 -0.315892249
v 0.504414201 0.459437519 -0.315144032
v 0.506914377 0.458510339 -0.315636605
v 0.507949948 0.456462622 -0.317081451
v 0.506914377 0.45449388 -0.318632156
v 0.504414201 0.453927398 -0.319591045
v 0.501913488 0.454808265 -0.319022238
v 0.500877619 0.45673722 -0.31742245
v 0.501913488 0.458584279 -0.315728784
v 0.504414201 0.459267497 -0.31493336
v 0.506914914 0.45838663 -0.315502167
v 0.507950783 0.456457675 -0.317101955
v 0.506914914 0.454610616 -0.318795621
v 0.504831553 0.458490372 -0.324822575
v 0.50233084 0.459371239 -0.324253768
v 0.501294971 0.461300194 -0.322653979
v 0.50233084 0.463147253 -0.320960313
v 0.504831553 0.463830471 -0.320164889
v 0.507332265 0.462949604 -0.320733696
v 0.508368134 0.461020648 -0.322333485
v 0.507332265 0.45917359 -0.324027151
v 0.504831553 0.458490372 -0.324822545
v 0.50233084 0.459371239 -0.324253768
v 0.501294971 0.461300194 -0.322653979
v 0.50233084 0.463147253 -0.320960313
v 0.504831553 0.463830471 -0.320164919
v 0.507332265 0.462949604 -0.320733696
v 0.508368134 0.461020648 -0.322333485
v 0.507332265 0.45917359 -0.324027151
v 0.505248904 0.463053316 -0.330054045
v 0.502748191 0.463934183 -0.329485267
v 0.501712322 0.465863138 -0.327885479
v 0.502748191 0.467710197 -0.326191813
v 0.505248904 0.468393415 -0.325396419
v 0.507749617 0.467512548 -0.325965196
v 0.508785486 0.465583593 -0.327564985
v 0.507749617 0.463736534 -0.329258651
v 0.507468641 0.465723366 -0.330486625
v 0.505786836 0.463596374 -0.330507159
v 0.503789902 0.462715328 -0.328898072
v 0.502647638 0.463596374 -0.326601952
v 0.503029168 0.465723366 -0.324963838
v 0.504710972 0.467850357 -0.324943304
v 0.506707907 0.468731403 -0.326552391
v 0.50785017 0.467850357 -0.328848511
v 0.504214585 0.468321592 -0.333102375
v 0.50253278 0.4661946 -0.333122909
v 0.500535846 0.465313554 -0.331513822
v 0.499393582 0.4661946 -0.329217702
v 0.499775112 0.468321592 -0.327579588
v 0.501456916 0.470448583 -0.327559054
v 0.503453851 0.471329629 -0.329168141
v 0.504596114 0.470448583 -0.331464261
v 0.501994848 0.468017399 -0.333870858
v 0.499489695 0.468129128 -0.332838923
v 0.498452038 0.468353599 -0.330343753
v 0.499489695 0.468559325 -0.327846944
v 0.501994848 0.468625784 -0.326811105
v 0.504499972 0.468514055 -0.32784304
v 0.505537689 0.468289584 -0.33033821
v 0.504499972 0.468083858 -0.332835019
v 0.502071321 0.476418048 -0.334594786
v 0.499566168 0.476529777 -0.333562851
v 0.49852851 0.476754248 -0.331067681
v 0.499566168 0.476959974 -0.328570873
v 0.502071321 0.477026433 -0.327535033
v 0.504576445 0.476914704 -0.328566968
v 0.505614161 0.476690233 -0.331062138
v 0.504576445 0.476484507 -0.333558947
v 0.506154776 0.437471598 -0.387105972
v 0.503654063 0.438352436 -0.386537164
v 0.502618194 0.440281391 -0.384937376
v 0.503654063 0.44212845 -0.38324371
v 0.506154776 0.442811638 -0.382448286
v 0.508655488 0.441930801 -0.383017093
v 0.509691358 0.440001845 -0.384616882
v 0.508655488 0.438154787 -0.386310548
v 0.506578267 0.442101538 -0.392414242
v 0.504077554 0.442982376 -0.391845435
v 0.503041685 0.444911331 -0.390245646
v 0.504077554 0.446758389 -0.38855198
v 0.506578267 0.447441578 -0.387756556
v 0.509078979 0.44656074 -0.388325363
v 0.510114849 0.444631785 -0.389925152
v 0.509078979 0.442784727 -0.391618818
v 0.506578267 0.442101508 -0.392414242
v 0.504077554 0.442982376 -0.391845435
v 0.503041685 0.444911331 -0.390245646
v 0.504077554 0.446758389 -0.38855198
v 0.506578267 0.447441608 -0.387756556
v 0.509078979 0.44656074 -0.388325363
v 0.510114849 0.444631785 -0.389925152
v 0.509078979 0.442784727 -0.391618818
v 0.507001758 0.446731418 -0.397722512
v 0.504501045 0.447612286 -0.397153705
v 0.503465176 0.449541241 -0.395553917
v 0.504501045 0.451388299 -0.393860251
v 0.507001758 0.452071518 -0.393064827
v 0.50950247 0.45119065 -0.393633634
v 0.51053834 0.449261695 -0.395233423
v 0.50950247 0.447414637 -0.396927088
v 0.507001758 0.450984389 -0.398563355
v 0.504497826 0.450447857 -0.397671372
v 0.503460646 0.449298382 -0.395445138
v 0.504497826 0.448209286 -0.393188775
v 0.507001758 0.447818547 -0.392223984
v 0.509505689 0.448355079 -0.393115968
v 0.51054287 0.449504554 -0.395342201
v 0.509505689 0.45059365 -0.397598565
v 0.506432772 0.466627896 -0.390751064
v 0.50392884 0.466091365 -0.38985908
v 0.50289166 0.464941889 -0.387632847
v 0.50392884 0.463852793 -0.385376483
v 0.506432772 0.463462055 -0.384411693
v 0.508936703 0.463998586 -0.385303676
v 0.509973884 0.465148062 -0.38752991
v 0.508936703 0.466237158 -0.389786273
v 0.506432772 0.461581737 -0.388328791
v 0.503934801 0.462636381 -0.388296515
v 0.502900124 0.465101928 -0.387845308
v 0.503934801 0.467534125 -0.387239516
v 0.506432772 0.468508214 -0.386833966
v 0.508930743 0.467453569 -0.386866242
v 0.50996542 0.464988023 -0.387317449
v 0.508930743 0.462555826 -0.387923241
v 0.50710386 0.463433981 -0.396911353
v 0.504605889 0.464488626 -0.396879077
v 0.503571212 0.466954172 -0.39642787
v 0.504605889 0.469386369 -0.395822078
v 0.50710386 0.470360458 -0.395416528
v 0.509601831 0.469305813 -0.395448804
v 0.510636508 0.466840267 -0.395900011
v 0.509601831 0.46440807 -0.396505803
v 0.510202289 0.465179026 -0.39616394
v 0.50892657 0.465018302 -0.398551375
v 0.506583154 0.465958238 -0.399540275
v 0.504544735 0.467448205 -0.398551375
v 0.504005432 0.468615413 -0.39616394
v 0.50528115 0.468776137 -0.393776506
v 0.507624567 0.467836201 -0.392787606
v 0.509662986 0.466346234 -0.393776506
v 0.513906837 0.471859455 -0.398593158
v 0.512631118 0.471698731 -0.400980592
v 0.510287702 0.472638667 -0.401969492
v 0.508249283 0.474128634 -0.400980592
v 0.50770998 0.475295842 -0.398593158
v 0.508985698 0.475456566 -0.396205723
v 0.511329114 0.47451663 -0.395216823
v 0.513367534 0.473026663 -0.396205723
v 0.513545573 0.473577648 -0.396343589
v 0.512813032 0.47107476 -0.397086591
v 0.51090616 0.470038027 -0.398712128
v 0.508942068 0.47107476 -0.400267959
v 0.508071244 0.473577648 -0.400842726
v 0.508803785 0.476080537 -0.400099725
v 0.510710657 0.47711727 -0.398474187
v 0.512674749 0.476080537 -0.396918356
v 0.517416537 0.473842889 -0.401053548
v 0.516683996 0.471340001 -0.40179655
v 0.514777124 0.470303267 -0.403422087
v 0.512813032 0.471340001 -0.404977918
v 0.511942208 0.473842889 -0.405552685
v 0.512674749 0.476345778 -0.404809684
v 0.514581621 0.477382511 -0.403184146
v 0.516545713 0.476345778 -0.401628315
v 0.514679372 0.471172839 -0.40563193
v 0.512178659 0.472053707 -0.405063152
v 0.51114279 0.473982662 -0.403463364
v 0.512178659 0.47582972 -0.401769698
v 0.514679372 0.476512939 -0.400974303
v 0.517180085 0.475632071 -0.401543081
v 0.518215954 0.473703116 -0.403142869
v 0.517180085 0.471856058 -0.404836535
v 0.515101373 0.475786656 -0.410921752
v 0.51260066 0.476667523 -0.410352975
v 0.511564791 0.478596479 -0.408753186
v 0.51260066 0.480443537 -0.40705952
v 0.515101373 0.481126755 -0.406264126
v 0.517602086 0.480245888 -0.406832904
v 0.518637955 0.478316933 -0.408432692
v 0.517602086 0.476469874 -0.410126358
v 0.515101373 0.475645185 -0.410748839
v 0.512601137 0.476564825 -0.410242796
v 0.511565447 0.478592724 -0.408770293
v 0.512601137 0.480540931 -0.407193899
v 0.515101373 0.481268227 -0.406437039
v 0.517601609 0.480348587 -0.406943083
v 0.5186373 0.478320688 -0.408415586
v 0.517601609 0.47637248 -0.40999198
v 0.515550613 0.479969829 -0.416388631
v 0.513050377 0.480889469 -0.415882587
v 0.512014687 0.482917368 -0.414410084
v 0.513050377 0.484865576 -0.412833691
v 0.515550613 0.485592872 -0.412076831
v 0.518050849 0.484673232 -0.412582874
v 0.51908654 0.482645333 -0.414055377
v 0.518050849 0.480697125 -0.415631771
v 0.515550613 0.479711503 -0.416001529
v 0.513051271 0.480696559 -0.415632576
v 0.512015998 0.482902855 -0.414443612
v 0.513051271 0.485037982 -0.413131118
v 0.515550613 0.485851198 -0.412463933
v 0.518049955 0.484866142 -0.412832886
v 0.519085228 0.482659847 -0.41402185
v 0.518049955 0.480524719 -0.415334344
v 0.516059935 0.483404487 -0.422410876
v 0.513560593 0.484389544 -0.422041923
v 0.51252532 0.486595839 -0.420852959
v 0.513560593 0.488730967 -0.419540465
v 0.516059935 0.489544183 -0.41887328
v 0.518559277 0.488559127 -0.419242233
v 0.51959455 0.486352831 -0.420431197
v 0.518559277 0.484217703 -0.421743691
v 0.516059935 0.484647423 -0.423677683
v 0.513556838 0.485271662 -0.422842234
v 0.512520015 0.486600429 -0.420717955
v 0.513556838 0.487855315 -0.41854924
v 0.516059935 0.488301247 -0.417606473
v 0.518563032 0.487677008 -0.418441921
v 0.519599855 0.486348242 -0.420566201
v 0.518563032 0.485093355 -0.422734916
v 0.516350925 0.490644515 -0.427286893
v 0.513847828 0.491268754 -0.426451445
v 0.512811005 0.49259752 -0.424327165
v 0.513847828 0.493852407 -0.42215845
v 0.516350925 0.494298339 -0.421215683
v 0.518854022 0.493674099 -0.422051132
v 0.519890845 0.492345333 -0.424175411
v 0.518854022 0.491090447 -0.426344126
v 0.516350925 0.489801377 -0.426580131
v 0.513850212 0.490682244 -0.426011324
v 0.512814343 0.49261117 -0.424411505
v 0.513850212 0.494458258 -0.422717839
v 0.516350925 0.495141476 -0.421922445
v 0.518851638 0.494260609 -0.422491252
v 0.519887507 0.492331684 -0.424091071
v 0.518851638 0.490484595 -0.425784737
v 0.516772866 0.494414896 -0.431869596
v 0.514272153 0.495295763 -0.431300789
v 0.513236284 0.497224689 -0.429700971
v 0.514272153 0.499071777 -0.428007305
v 0.516772866 0.499754995 -0.42721191
v 0.519273579 0.498874128 -0.427780718
v 0.520309448 0.496945202 -0.429380536
v 0.519273579 0.495098114 -0.431074202
v 0.520061195 0.498403877 -0.429540753
v 0.519187748 0.497793883 -0.432034373
v 0.516899765 0.496768594 -0.433067292
v 0.514537394 0.495928615 -0.432034373
v 0.513484538 0.495766014 -0.429540753
v 0.514357984 0.496376008 -0.427047133
v 0.516645968 0.497401297 -0.426014215
v 0.519008338 0.498241276 -0.427047133
v 0.516643882 0.506923735 -0.430428028
v 0.515770435 0.506313741 -0.432921648
v 0.513482451 0.505288422 -0.433954567
v 0.511120081 0.504448473 -0.432921648
v 0.510067225 0.504285872 -0.430428028
v 0.510940671 0.504895866 -0.427934408
v 0.513228655 0.505921185 -0.426901489
v 0.515591025 0.506761134 -0.427934408
v 0.513355553 0.50524205 -0.433952361
v 0.51085043 0.505372584 -0.432922602
v 0.509812772 0.505639136 -0.430431575
v 0.51085043 0.505885541 -0.427938432
v 0.513355553 0.505967557 -0.426903695
v 0.515860677 0.505837023 -0.427933455
v 0.516898334 0.505570471 -0.430424482
v 0.515860677 0.505324066 -0.432917625
v 0.51343596 0.513450742 -0.434797198
v 0.510930836 0.513581276 -0.433767438
v 0.509893179 0.513847828 -0.431276411
v 0.510930836 0.514094234 -0.428783268
v 0.51343596 0.51417625 -0.427748531
v 0.515941083 0.514045715 -0.428778291
v 0.516978741 0.513779163 -0.431269318
v 0.515941083 0.513532758 -0.433762461
v 0.51343596 0.510388017 -0.430368125
v 0.510950267 0.511471093 -0.430330992
v 0.509920657 0.513926327 -0.430845618
v 0.510950267 0.51631546 -0.431610495
v 0.51343596 0.517238975 -0.432177603
v 0.515921652 0.516155899 -0.432214737
v 0.516951263 0.513700664 -0.43170011
v 0.515921652 0.511311531 -0.430935234
v 0.511243224 0.505933642 -0.447232991
v 0.508757532 0.507016718 -0.447195858
v 0.507727921 0.509471953 -0.447710484
v 0.508757532 0.511861086 -0.448475361
v 0.511243224 0.5127846 -0.449042469
v 0.513728917 0.511701524 -0.449079603
v 0.514758527 0.50924629 -0.448564976
v 0.513728917 0.506857157 -0.4478001
v 0.511243224 0.506689072 -0.450466543
v 0.508742511 0.507569969 -0.449897766
v 0.507706642 0.509498894 -0.448297977
v 0.508742511 0.511345983 -0.446604311
v 0.511243224 0.512029171 -0.445808917
v 0.513743937 0.511148274 -0.446377695
v 0.514779806 0.509219348 -0.447977483
v 0.513743937 0.50737226 -0.449671149
v 0.511454403 0.508997858 -0.453113616
v 0.508953691 0.509878755 -0.452544838
v 0.507917821 0.51180768 -0.45094505
v 0.508953691 0.513654768 -0.449251384
v 0.511454403 0.514337957 -0.448455989
v 0.513955116 0.51345706 -0.449024767
v 0.514990985 0.511528134 -0.450624555
v 0.513955116 0.509681046 -0.452318221
v 0.511454403 0.509925485 -0.453869671
v 0.509163022 0.509553909 -0.452468008
v 0.508213937 0.51042068 -0.450080335
v 0.509163022 0.512018085 -0.448105335
v 0.511454403 0.51341033 -0.447699934
v 0.513745785 0.513781905 -0.449101597
v 0.51469487 0.512915134 -0.45148927
v 0.513745785 0.51131773 -0.45346427
v 0.508244097 0.516249001 -0.45744139
v 0.505952716 0.515877426 -0.456039727
v 0.505003631 0.516744196 -0.453652054
v 0.505952716 0.518341601 -0.451677054
v 0.508244097 0.519733846 -0.451271653
v 0.510535479 0.520105422 -0.452673316
v 0.511484563 0.519238651 -0.455060989
v 0.510535479 0.517641246 -0.457035989
v 0.509944618 0.508424759 -0.48029691
v 0.507439554 0.508587718 -0.479271591
v 0.506401956 0.50891763 -0.476788104
v 0.507439554 0.509221137 -0.474301279
v 0.509944618 0.509320498 -0.473267853
v 0.512449682 0.509157538 -0.474293172
v 0.513487279 0.508827627 -0.476776659
v 0.512449682 0.50852412 -0.479263484
v 0.510048747 0.516493142 -0.48132515
v 0.507543683 0.516656101 -0.48029983
v 0.506506085 0.516986012 -0.477816343
v 0.507543683 0.517289519 -0.475329518
v 0.510048747 0.51738888 -0.474296093
v 0.512553811 0.517225921 -0.475321412
v 0.513591409 0.516896009 -0.477804899
v 0.512553811 0.516592503 -0.480291724
v 0.510048747 0.516486645 -0.481324315
v 0.507543683 0.516651928 -0.480299354
v 0.506506085 0.516986489 -0.477816492
v 0.507543683 0.517294466 -0.475330204
v 0.510048747 0.517395377 -0.474296927
v 0.512553811 0.517230093 -0.475321889
v 0.513591409 0.516895533 -0.47780475
v 0.512553811 0.516587555 -0.480291039
v 0.510153651 0.524522126 -0.482363373
v 0.507648587 0.524687409 -0.481338412
v 0.50661099 0.52502197 -0.47885555
v 0.507648587 0.525329947 -0.476369262
v 0.510153651 0.525430858 -0.475335985
v 0.512658715 0.525265574 -0.476360947
v 0.513696313 0.524931014 -0.478843808
v 0.512658715 0.524623036 -0.481330097
v 0.510153651 0.526319921 -0.482128054
v 0.507732093 0.525332212 -0.481411338
v 0.506729066 0.524136126 -0.479194045
v 0.507732093 0.523432314 -0.47677502
v 0.510153651 0.523633063 -0.475571305
v 0.512575209 0.524620771 -0.476288021
v 0.513578236 0.525816858 -0.478505313
v 0.512575209 0.526520669 -0.480924338
v 0.506266356 0.539883316 -0.476569921
v 0.503844798 0.538895607 -0.475853205
v 0.502841771 0.537699521 -0.473635912
v 0.503844798 0.536995709 -0.471216887
v 0.506266356 0.537196457 -0.470013171
v 0.508687913 0.538184166 -0.470729887
v 0.50969094 0.539380252 -0.47294718
v 0.508687913 0.540084064 -0.475366205
v 0.508527756 0.541267276 -0.473291546
v 0.508838832 0.539661288 -0.475454241
v 0.507643044 0.537398458 -0.476350039
v 0.505640745 0.535804212 -0.475454241
v 0.504004955 0.535812497 -0.473291546
v 0.503693879 0.537418485 -0.471128851
v 0.504889667 0.539681315 -0.470233053
v 0.506891966 0.541275561 -0.471128851
v 0.505228937 0.544002473 -0.475797176
v 0.505540013 0.542396486 -0.477959871
v 0.504344225 0.540133655 -0.478855669
v 0.502341926 0.53853941 -0.477959871
v 0.500706136 0.538547695 -0.475797176
v 0.50039506 0.540153682 -0.473634481
v 0.501590848 0.542416513 -0.472738683
v 0.503593147 0.544010758 -0.473634481
v 0.507553697 0.498645276 -0.541586101
v 0.505050898 0.499292821 -0.54076767
v 0.504014194 0.500668764 -0.53867358
v 0.505050898 0.501967072 -0.536530495
v 0.507553697 0.50242722 -0.535593808
v 0.510056496 0.501779675 -0.536412239
v 0.511093199 0.500403762 -0.538506329
v 0.510056496 0.499105453 -0.540649414
v 0.50770992 0.50162977 -0.543469727
v 0.505207121 0.502277315 -0.542651296
v 0.504170418 0.503653228 -0.540557206
v 0.505207121 0.504951537 -0.538414121
v 0.50770992 0.505411685 -0.537477434
v 0.510212719 0.50476414 -0.538295865
v 0.511249423 0.503388226 -0.540389955
v 0.510212719 0.502089918 -0.54253304
v 0.50770992 0.500059307 -0.541229308
v 0.505211711 0.501113176 -0.54119128
v 0.504176915 0.503577352 -0.540732861
v 0.505211711 0.506008327 -0.540122509
v 0.50770992 0.506982148 -0.539717853
v 0.51020813 0.505928278 -0.539755881
v 0.511242926 0.503464103 -0.5402143
v 0.51020813 0.501033127 -0.540824652
v 0.508393586 0.502000809 -0.550122023
v 0.505895376 0.503054678 -0.550083995
v 0.50486058 0.505518854 -0.549625576
v 0.505895376 0.507949829 -0.549015224
v 0.508393586 0.50892365 -0.548610568
v 0.510891795 0.50786978 -0.548648596
v 0.511926591 0.505405605 -0.549107015
v 0.510891795 0.502974629 -0.549717367
v 0.511309266 0.507475078 -0.549366295
v 0.510340095 0.507052362 -0.551863313
v 0.508230686 0.505698204 -0.552897632
v 0.506216705 0.504205763 -0.551863313
v 0.505477905 0.50344938 -0.549366295
v 0.506447077 0.503872097 -0.546869278
v 0.508556485 0.505226254 -0.545834959
v 0.510570467 0.506718695 -0.546869278
v 0.507728815 0.512661457 -0.548854589
v 0.506759644 0.512238741 -0.551351607
v 0.504650235 0.510884583 -0.552385926
v 0.502636254 0.509392142 -0.551351607
v 0.501897454 0.508635759 -0.548854589
v 0.502866626 0.509058475 -0.546357572
v 0.504976034 0.510412633 -0.545323253
v 0.506990016 0.511905074 -0.546357572
v 0.504813135 0.507172465 -0.548169613
v 0.50233525 0.508261979 -0.548008144
v 0.501308858 0.510749519 -0.548342466
v 0.50233525 0.513177931 -0.548976779
v 0.504813135 0.514124751 -0.549539566
v 0.507291019 0.513035238 -0.549701035
v 0.508317411 0.510547698 -0.549366713
v 0.507291019 0.508119285 -0.5487324
v 0.502412081 0.504056215 -0.563984632
v 0.499934167 0.505145729 -0.563823164
v 0.498907775 0.507633269 -0.564157486
v 0.499934167 0.510061681 -0.564791799
v 0.502412081 0.511008501 -0.565354586
v 0.504889965 0.509918988 -0.565516055
v 0.505916357 0.507431448 -0.565181732
v 0.504889965 0.505003035 -0.56454742
v 0.504658222 0.507532358 -0.567409575
v 0.50299257 0.505392671 -0.567433178
v 0.500986874 0.504506409 -0.565837979
v 0.49981603 0.505392671 -0.56355834
v 0.500165939 0.507532358 -0.561929643
v 0.501831591 0.509672046 -0.56190604
v 0.503837287 0.510558307 -0.563501239
v 0.505008101 0.509672046 -0.565780878
v 0.501302361 0.510175169 -0.570160627
v 0.49963671 0.508035481 -0.570184231
v 0.497631013 0.50714922 -0.568589032
v 0.49646017 0.508035481 -0.566309392
v 0.496810079 0.510175169 -0.564680696
v 0.49847573 0.512314856 -0.564657092
v 0.500481427 0.513201118 -0.566252291
v 0.501652241 0.512314856 -0.56853193
v 0.50254178 0.510175169 -0.568055689
v 0.501572788 0.507686675 -0.567584991
v 0.499129564 0.506655931 -0.567018092
v 0.496643394 0.507686675 -0.566686988
v 0.49557063 0.510175169 -0.566785634
v 0.496539682 0.512663662 -0.567256331
v 0.498982877 0.513694406 -0.567823231
v 0.501469016 0.512663662 -0.568154335
v 0.499985248 0.50851655 -0.582088888
v 0.499016196 0.506028056 -0.58161819
v 0.496573001 0.504997313 -0.58105129
v 0.494086832 0.506028056 -0.580720186
v 0.493014067 0.50851655 -0.580818832
v 0.49398312 0.511005044 -0.58128953
v 0.496426314 0.512035787 -0.58185643
v 0.498912483 0.511005044 -0.582187533
v 0.486924112 0.501932323 -0.597367108
v 0.484507829 0.50311631 -0.597031116
v 0.483506948 0.50559479 -0.597487569
v 0.484507829 0.507916033 -0.598469019
v 0.486924112 0.508720219 -0.599400699
v 0.489340395 0.507536232 -0.599736691
v 0.490341276 0.505057752 -0.599280238
v 0.489340395 0.502736509 -0.598298788
v 0.484017968 0.498886615 -0.607533574
v 0.481601685 0.500070572 -0.607197583
v 0.480600804 0.502549052 -0.607654035
v 0.481601685 0.504870296 -0.608635485
v 0.484017968 0.505674481 -0.609567165
v 0.486434251 0.504490495 -0.609903157
v 0.487435132 0.502012014 -0.609446704
v 0.486434251 0.499690771 -0.608465254
v 0.484017968 0.498792112 -0.607931197
v 0.481518567 0.499783963 -0.608280897
v 0.480483264 0.502238274 -0.608788431
v 0.481518567 0.50471735 -0.609156549
v 0.484017968 0.505768955 -0.609169543
v 0.48651737 0.504777133 -0.608819842
v 0.487552673 0.502322793 -0.608312309
v 0.48651737 0.499843717 -0.607944191
v 0.485068649 0.496107966 -0.623053432
v 0.482569247 0.497099817 -0.623403132
v 0.481533945 0.499554127 -0.623910666
v 0.482569247 0.502033174 -0.624278784
v 0.485068649 0.503084838 -0.624291778
v 0.487568051 0.502092957 -0.623942077
v 0.488603354 0.499638647 -0.623434544
v 0.487568051 0.49715957 -0.623066425
v 0.488335699 0.499596387 -0.625043333
v 0.487483144 0.497105688 -0.624393165
v 0.4852162 0.496074021 -0.623320878
v 0.48286283 0.497105688 -0.622454643
v 0.481801599 0.499596387 -0.622301877
v 0.482654154 0.502087057 -0.622952044
v 0.484921098 0.503118753 -0.624024332
v 0.487274468 0.502087057 -0.624890566
v 0.482115418 0.497855514 -0.639868915
v 0.481262863 0.495364815 -0.639218748
v 0.478995919 0.494333148 -0.63814646
v 0.476642549 0.495364815 -0.637280226
v 0.475581318 0.497855514 -0.637127459
v 0.476433873 0.500346184 -0.637777627
v 0.478700817 0.501377881 -0.638849914
v 0.481054187 0.500346184 -0.639716148
v 0.478848368 0.495185465 -0.640827
v 0.476347625 0.496066302 -0.640258193
v 0.475311786 0.497995257 -0.638658404
v 0.476347625 0.499842346 -0.636964738
v 0.478848368 0.500525594 -0.636169374
v 0.481349111 0.499644727 -0.636738181
v 0.48238495 0.497715771 -0.63833797
v 0.481349111 0.495868683 -0.640031636
v 0.479066879 0.497574687 -0.64356631
v 0.476566136 0.498455524 -0.642997503
v 0.475530297 0.50038451 -0.641397715
v 0.476566136 0.502231538 -0.639704049
v 0.479066879 0.502914786 -0.638908684
v 0.481567621 0.502033949 -0.639477491
v 0.482603461 0.500104964 -0.64107728
v 0.481567621 0.498257905 -0.642770946
v 0.479066879 0.497349471 -0.639195442
v 0.476804376 0.498817563 -0.638914406
v 0.475867242 0.50112164 -0.639994204
v 0.476804376 0.502912045 -0.641802311
v 0.479066879 0.503139973 -0.643279552
v 0.481329381 0.50167191 -0.643560588
v 0.482266515 0.499367803 -0.642480791
v 0.481329381 0.497577399 -0.640672684
v 0.472485274 0.489371717 -0.650506377
v 0.470222771 0.490839809 -0.650225341
v 0.469285637 0.493143916 -0.651305139
v 0.470222771 0.49493432 -0.653113246
v 0.472485274 0.495162249 -0.654590487
v 0.474747777 0.493694156 -0.654871523
v 0.475684911 0.491390049 -0.653791726
v 0.474747777 0.489599645 -0.651983619
v 0.472485274 0.488907337 -0.651423573
v 0.46998471 0.489842653 -0.651898503
v 0.46894896 0.49219811 -0.652754128
v 0.46998471 0.494593918 -0.653489292
v 0.472485274 0.495626628 -0.653673291
v 0.474985838 0.494691312 -0.653198361
v 0.476021588 0.492335856 -0.652342737
v 0.474985838 0.489940047 -0.651607573
v 0.473164797 0.485390335 -0.661927938
v 0.470664233 0.486325651 -0.662402868
v 0.469628483 0.488681108 -0.663258493
v 0.470664233 0.491076916 -0.663993657
v 0.473164797 0.492109627 -0.664177656
v 0.475665361 0.49117431 -0.663702726
v 0.476701111 0.488818854 -0.662847102
v 0.475665361 0.486423045 -0.662111938
v 0.473164797 0.485280961 -0.662332714
v 0.470686376 0.486371309 -0.662185669
v 0.469659775 0.488855064 -0.662546515
v 0.470686376 0.491277248 -0.663203955
v 0.473164797 0.492219001 -0.663772881
v 0.475643218 0.491128653 -0.663919926
v 0.476669818 0.488644898 -0.663559079
v 0.475643218 0.486222714 -0.66290164
v 0.470620215 0.481775403 -0.679221451
v 0.468141794 0.482865751 -0.679074407
v 0.467115194 0.485349506 -0.679435253
v 0.468141794 0.48777169 -0.680092692
v 0.470620215 0.488713443 -0.680661619
v 0.473098636 0.487623096 -0.680808663
v 0.474125236 0.48513934 -0.680447817
v 0.473098636 0.482717156 -0.679790378
v 0.470620215 0.482653558 -0.682358146
v 0.468315125 0.482743114 -0.68093276
v 0.467360318 0.484297901 -0.678926766
v 0.468315125 0.486407131 -0.677515209
v 0.470620215 0.487835288 -0.677524924
v 0.472925305 0.487745732 -0.67895031
v 0.473880112 0.486190945 -0.680956304
v 0.472925305 0.484081715 -0.682367861
v 0.467401594 0.48781085 -0.687887311
v 0.465096503 0.487900406 -0.686461926
v 0.464141697 0.489455193 -0.684455931
v 0.465096503 0.491564423 -0.683044374
v 0.467401594 0.49299258 -0.68305409
v 0.469706684 0.492903024 -0.684479475
v 0.470661491 0.491348237 -0.686485469
v 0.469706684 0.489239007 -0.687897027
v 0.467401594 0.486917257 -0.684829473
v 0.464901477 0.48790884 -0.685174882
v 0.463865876 0.490360707 -0.685693502
v 0.464901477 0.492836595 -0.686081648
v 0.467401594 0.493886173 -0.686111927
v 0.469901711 0.49289459 -0.685766518
v 0.470937312 0.490442723 -0.685247898
v 0.469901711 0.487966835 -0.684859753
v 0.468428999 0.484015375 -0.700599134
v 0.465928882 0.485006958 -0.700944543
v 0.464893281 0.487458825 -0.701463163
v 0.465928882 0.489934713 -0.701851308
v 0.468428999 0.490984291 -0.701881588
v 0.470929116 0.489992708 -0.701536179
v 0.471964717 0.487540841 -0.701017559
v 0.470929116 0.485064954 -0.700629413
v 0.468428999 0.489106178 -0.704398215
v 0.466131687 0.487745017 -0.703926384
v 0.465180099 0.486240208 -0.701881111
v 0.466131687 0.485473275 -0.699460506
v 0.468428999 0.485893488 -0.698082507
v 0.470726311 0.487254649 -0.698554337
v 0.471677899 0.488759458 -0.700599611
v 0.470726311 0.489526391 -0.703020215
v 0.464599222 0.496953607 -0.700406373
v 0.46230191 0.495592445 -0.699934542
v 0.461350322 0.494087636 -0.697889268
v 0.46230191 0.493320704 -0.695468664
v 0.464599222 0.493740916 -0.694090664
v 0.466896534 0.495102078 -0.694562495
v 0.467848122 0.496606886 -0.696607769
v 0.466896534 0.497373819 -0.699028373
v 0.468134314 0.495347261 -0.697012305
v 0.467095435 0.492842555 -0.69702971
v 0.464594334 0.491805077 -0.697175264
v 0.462096095 0.492842555 -0.697363734
v 0.46106413 0.495347261 -0.697484732
v 0.462103009 0.497851968 -0.697467327
v 0.46460411 0.498889446 -0.697321773
v 0.467102349 0.497851968 -0.697133303
v 0.468956828 0.495091587 -0.709323287
v 0.467917949 0.492586881 -0.709340692
v 0.465416849 0.491549402 -0.709486246
v 0.462918609 0.492586881 -0.709674716
v 0.461886644 0.495091587 -0.709795713
v 0.462925524 0.497596294 -0.709778309
v 0.465426624 0.498633772 -0.709632754
v 0.467924863 0.497596294 -0.709444284
v 0.465421736 0.492421567 -0.711888313
v 0.462920994 0.493302405 -0.711319566
v 0.461885154 0.49523136 -0.709719718
v 0.462920994 0.497078419 -0.708026052
v 0.465421736 0.497761607 -0.707230687
v 0.467922479 0.49688077 -0.707799435
v 0.468958318 0.494951814 -0.709399283
v 0.467922479 0.493104756 -0.711092949
v 0.465864182 0.497258902 -0.717434347
v 0.463363439 0.498139739 -0.716865599
v 0.4623276 0.500068665 -0.715265751
v 0.463363439 0.501915753 -0.713572085
v 0.465864182 0.502598941 -0.712776721
v 0.468364924 0.501718104 -0.713345468
v 0.469400764 0.499789149 -0.714945316
v 0.468364924 0.49794209 -0.716638982
v 0.472086966 0.475057393 -0.760298133
v 0.471057713 0.47255376 -0.760457993
v 0.468560666 0.471516728 -0.760664284
v 0.466058612 0.47255376 -0.76079613
v 0.4650172 0.475057393 -0.760776281
v 0.466046453 0.477561027 -0.760616422
v 0.4685435 0.478598058 -0.76041013
v 0.471045554 0.477561027 -0.760278285
v 0.472874284 0.47547704 -0.77193886
v 0.471845031 0.472973406 -0.77209872
v 0.469347984 0.471936375 -0.772305012
v 0.46684593 0.472973406 -0.772436857
v 0.465804517 0.47547704 -0.772417009
v 0.46683377 0.477980673 -0.772257149
v 0.469330817 0.479017705 -0.772050858
v 0.471832871 0.477980673 -0.771919012
v 0.469339401 0.47280702 -0.774506807
v 0.466838658 0.473687857 -0.773938
v 0.465802819 0.475616813 -0.772338152
v 0.466838658 0.477463871 -0.770644486
v 0.469339401 0.47814706 -0.769849062
v 0.471840143 0.477266222 -0.770417869
v 0.472875983 0.475337267 -0.772017717
v 0.471840143 0.473490208 -0.773711383
v 0.469787866 0.477710128 -0.780128241
v 0.467287123 0.478590965 -0.779559433
v 0.466251284 0.480519921 -0.777959585
v 0.467287123 0.482366979 -0.776265919
v 0.469787866 0.483050168 -0.775470495
v 0.472288609 0.48216933 -0.776039302
v 0.473324448 0.480240375 -0.777639151
v 0.472288609 0.478393316 -0.779332817
v 0.469787866 0.477710098 -0.780128181
v 0.467287123 0.478590965 -0.779559374
v 0.466251284 0.480519921 -0.777959585
v 0.467287123 0.482366979 -0.776265919
v 0.469787866 0.483050197 -0.775470555
v 0.472288609 0.48216933 -0.776039362
v 0.473324448 0.480240375 -0.777639151
v 0.472288609 0.478393316 -0.779332817
v 0.470236331 0.482613176 -0.785749674
v 0.467735589 0.483494043 -0.785180867
v 0.466699749 0.485422999 -0.783581078
v 0.467735589 0.487270057 -0.781887412
v 0.470236331 0.487953275 -0.781092048
v 0.472737074 0.487072408 -0.781660855
v 0.473772913 0.485143453 -0.783260643
v 0.472737074 0.483296394 -0.784954309
v 0.470236331 0.482532382 -0.785653651
v 0.468065321 0.484125972 -0.78597039
v 0.467166066 0.486397475 -0.784793615
v 0.468065321 0.488016248 -0.782812715
v 0.470236331 0.48803407 -0.781188071
v 0.472407341 0.48644048 -0.780871332
v 0.473306596 0.484168977 -0.782048106
v 0.472407341 0.482550204 -0.784029007
v 0.474405646 0.487095147 -0.791275084
v 0.472234637 0.488688737 -0.791591823
v 0.471335381 0.49096024 -0.790415049
v 0.472234637 0.492579013 -0.788434148
v 0.474405646 0.492596835 -0.786809504
v 0.476576656 0.491003245 -0.786492765
v 0.477475911 0.488731742 -0.787669539
v 0.476576656 0.487112969 -0.78965044
v 0.477205604 0.46218726 -0.837840676
v 0.474704862 0.463068128 -0.837271929
v 0.473669022 0.464997083 -0.835672081
v 0.474704862 0.466844141 -0.833978415
v 0.477205604 0.46752736 -0.83318305
v 0.479706347 0.466646492 -0.833751798
v 0.480742186 0.464717537 -0.835351646
v 0.479706347 0.462870479 -0.837045312
v 0.477659374 0.467148393 -0.843528688
v 0.475158632 0.468029261 -0.84295994
v 0.474122792 0.469958216 -0.841360092
v 0.475158632 0.471805274 -0.839666426
v 0.477659374 0.472488493 -0.838871062
v 0.480160117 0.471607625 -0.839439809
v 0.481195956 0.46967867 -0.841039658
v 0.480160117 0.467831612 -0.842733324
v 0.479715198 0.469818443 -0.838314354
v 0.479928285 0.467521846 -0.839740336
v 0.478812248 0.466570556 -0.842021286
v 0.47702089 0.467521846 -0.843821049
v 0.475603551 0.469818443 -0.844085395
v 0.475390464 0.47211504 -0.842659414
v 0.476506501 0.47306633 -0.840378463
v 0.478297859 0.47211504 -0.838578701
v 0.483706981 0.471954644 -0.84115839
v 0.483920068 0.469658047 -0.842584372
v 0.48280403 0.468706757 -0.844865322
v 0.481012672 0.469658047 -0.846665084
v 0.479595333 0.471954644 -0.846929431
v 0.479382247 0.47425124 -0.845503449
v 0.480498284 0.475202531 -0.843222499
v 0.482289642 0.47425124 -0.841422737
v 0.481651157 0.469284594 -0.846372724
v 0.479150414 0.470165461 -0.845803976
v 0.478114575 0.472094417 -0.844204128
v 0.479150414 0.473941475 -0.842510462
v 0.481651157 0.474624693 -0.841715097
v 0.4841519 0.473743826 -0.842283845
v 0.485187739 0.471814871 -0.843883693
v 0.4841519 0.469967812 -0.845577359
v 0.482104927 0.474245727 -0.852060735
v 0.479604185 0.475126594 -0.851491988
v 0.478568345 0.47705555 -0.849892139
v 0.479604185 0.478902608 -0.848198473
v 0.482104927 0.479585826 -0.847403109
v 0.48460567 0.478704959 -0.847971857
v 0.485641509 0.476776004 -0.849571705
v 0.48460567 0.474928945 -0.851265371
v 0.482104927 0.474164903 -0.851964712
v 0.479933918 0.475758493 -0.852281451
v 0.479034662 0.478029996 -0.851104677
v 0.479933918 0.479648799 -0.849123776
v 0.482104927 0.47966665 -0.847499132
v 0.484275937 0.478073061 -0.847182393
v 0.485175192 0.475801557 -0.848359168
v 0.484275937 0.474182755 -0.850340068
v 0.486323595 0.47878167 -0.857652724
v 0.484152585 0.48037526 -0.857969463
v 0.48325333 0.482646763 -0.856792688
v 0.484152585 0.484265566 -0.854811788
v 0.486323595 0.484283417 -0.853187144
v 0.488494605 0.482689828 -0.852870405
v 0.48939386 0.480418324 -0.854047179
v 0.488494605 0.478799522 -0.85602808
v 0.486323595 0.47878167 -0.857652724
v 0.484152585 0.48037526 -0.857969463
v 0.48325333 0.482646763 -0.856792688
v 0.484152585 0.484265566 -0.854811788
v 0.486323595 0.484283417 -0.853187144
v 0.488494605 0.482689828 -0.852870405
v 0.48939386 0.480418324 -0.854047179
v 0.488494605 0.478799522 -0.85602808
v 0.490542263 0.483398438 -0.863340735
v 0.488371253 0.484992027 -0.863657475
v 0.487471998 0.48726353 -0.8624807
v 0.488371253 0.488882333 -0.860499799
v 0.490542263 0.488900185 -0.858875155
v 0.492713273 0.487306595 -0.858558416
v 0.493612528 0.485035092 -0.859735191
v 0.492713273 0.483416289 -0.861716092
v 0.490542263 0.483398467 -0.863340735
v 0.488371253 0.484992057 -0.863657475
v 0.487471998 0.48726353 -0.8624807
v 0.488371253 0.488882333 -0.860499799
v 0.490542263 0.488900155 -0.858875155
v 0.492713273 0.487306565 -0.858558416
v 0.493612528 0.485035092 -0.859735191
v 0.492713273 0.483416289 -0.861716092
v 0.494760931 0.488015264 -0.869028747
v 0.492589921 0.489608854 -0.869345486
v 0.491690665 0.491880327 -0.868168712
v 0.492589921 0.49349913 -0.866187811
v 0.494760931 0.493516952 -0.864563167
v 0.49693194 0.491923362 -0.864246428
v 0.497831196 0.489651889 -0.865423203
v 0.49693194 0.488033086 -0.867404103
v 0.494760931 0.49367407 -0.868819892
v 0.492281944 0.493028969 -0.867930233
v 0.491255105 0.49105832 -0.866376102
v 0.492281944 0.488916487 -0.865067959
v 0.494760931 0.487858146 -0.864772022
v 0.497239918 0.488503247 -0.865661681
v 0.498266757 0.490473896 -0.867215812
v 0.497239918 0.49261573 -0.868523955
v 0.497539461 0.504552364 -0.853190005
v 0.495060474 0.503907263 -0.852300346
v 0.494033635 0.501936615 -0.850746214
v 0.495060474 0.499794751 -0.849438071
v 0.497539461 0.498736411 -0.849142134
v 0.500018477 0.499381512 -0.850031793
v 0.501045287 0.501352131 -0.851585925
v 0.500018477 0.503493965 -0.852894068
v 0.497216731 0.498116136 -0.85116607
v 0.497311264 0.499149531 -0.853671312
v 0.497539461 0.501644373 -0.854709029
v 0.497767657 0.504139185 -0.853671312
v 0.49786219 0.50517261 -0.85116607
v 0.497767657 0.504139185 -0.848660827
v 0.497539461 0.501644373 -0.84762311
v 0.497311264 0.499149531 -0.848660827
v 0.504713178 0.497430444 -0.85116607
v 0.504807651 0.498463839 -0.853671312
v 0.505035877 0.500958681 -0.854709029
v 0.505264103 0.503453493 -0.853671312
v 0.505358577 0.504486918 -0.85116607
v 0.505264103 0.503453493 -0.848660827
v 0.505035877 0.500958681 -0.84762311
v 0.504807651 0.498463839 -0.848660827
v 0.504713178 0.497430444 -0.85116607
v 0.504807711 0.498463839 -0.853671312
v 0.505035877 0.500958681 -0.854709029
v 0.505264044 0.503453493 -0.853671312
v 0.505358577 0.504486918 -0.85116607
v 0.505264044 0.503453493 -0.848660827
v 0.505035877 0.500958681 -0.84762311
v 0.504807711 0.498463839 -0.848660827
v 0.508461356 0.497087657 -0.85116607
v 0.508555889 0.498121053 -0.853671312
v 0.508784056 0.500615895 -0.854709029
v 0.509012222 0.503110707 -0.853671312
v 0.509106755 0.504144132 -0.85116607
v 0.509012222 0.503110707 -0.848660827
v 0.508784056 0.500615895 -0.84762311
v 0.508555889 0.498121053 -0.848660827
v 0.507373571 0.497365803 -0.85116607
v 0.508559823 0.497982204 -0.853525281
v 0.509877443 0.500141382 -0.854502499
v 0.510554552 0.502578497 -0.853525281
v 0.51019454 0.503866017 -0.85116607
v 0.509008288 0.503249586 -0.848806858
v 0.507690668 0.501090407 -0.84782964
v 0.507013559 0.498653263 -0.848806858
v 0.514644086 0.494210541 -0.84833467
v 0.515830338 0.494826943 -0.850693882
v 0.517147958 0.496986121 -0.8516711
v 0.517825067 0.499423265 -0.850693882
v 0.517465055 0.500710726 -0.84833467
v 0.516278803 0.500094354 -0.845975459
v 0.514961183 0.497935146 -0.84499824
v 0.514284074 0.495498002 -0.845975459
v 0.515731871 0.493932396 -0.84833467
v 0.515826404 0.494965792 -0.850839913
v 0.516054571 0.497460634 -0.85187763
v 0.516282737 0.499955475 -0.850839913
v 0.51637727 0.500988841 -0.84833467
v 0.516282737 0.499955475 -0.845829427
v 0.516054571 0.497460634 -0.84479171
v 0.515826404 0.494965792 -0.845829427
v 0.523228228 0.493246764 -0.84833467
v 0.523322761 0.494280159 -0.850839913
v 0.523550928 0.496775001 -0.85187763
v 0.523779094 0.499269843 -0.850839913
v 0.523873627 0.500303209 -0.84833467
v 0.523779094 0.499269843 -0.845829427
v 0.523550928 0.496775001 -0.84479171
v 0.523322761 0.494280159 -0.845829427
v 0.523228228 0.493246764 -0.84833467
v 0.523322761 0.494280159 -0.850839913
v 0.523550928 0.496775001 -0.85187763
v 0.523779094 0.499269843 -0.850839913
v 0.523873627 0.500303209 -0.84833467
v 0.523779094 0.499269843 -0.845829427
v 0.523550928 0.496775001 -0.84479171
v 0.523322761 0.494280159 -0.845829427
v 0.530724645 0.492561102 -0.84833467
v 0.530819178 0.493594497 -0.850839913
v 0.531047344 0.496089339 -0.85187763
v 0.531275511 0.498584181 -0.850839913
v 0.531370044 0.499617577 -0.84833467
v 0.531275511 0.498584181 -0.845829427
v 0.531047344 0.496089339 -0.84479171
v 0.530819178 0.493594497 -0.845829427
v 0.533103168 0.496089339 -0.84544915
v 0.533316255 0.493792742 -0.846875131
v 0.532200217 0.492841452 -0.849156082
v 0.530408859 0.493792742 -0.850955844
v 0.52899152 0.496089339 -0.851220191
v 0.528778434 0.498385936 -0.849794209
v 0.529894471 0.499337226 -0.847513258
v 0.531685829 0.498385936 -0.845713496
v 0.537077248 0.498216063 -0.848280549
v 0.537290335 0.495919466 -0.849706531
v 0.536174297 0.494968176 -0.851987481
v 0.534382939 0.495919466 -0.853787243
v 0.5329656 0.498216063 -0.85405159
v 0.532752514 0.50051266 -0.852625608
v 0.533868551 0.50146395 -0.850344658
v 0.535659909 0.50051266 -0.848544896
v 0.537077248 0.498216063 -0.848280549
v 0.537290335 0.495919466 -0.849706531
v 0.536174297 0.494968176 -0.851987481
v 0.534382939 0.495919466 -0.853787243
v 0.5329656 0.498216063 -0.85405159
v 0.532752514 0.50051266 -0.852625608
v 0.533868551 0.50146395 -0.850344658
v 0.535659909 0.50051266 -0.848544896
v 0.545025349 0.50246954 -0.853943288
v 0.545238435 0.500172973 -0.85536927
v 0.544122398 0.499221653 -0.85765022
v 0.54233104 0.500172973 -0.859449983
v 0.540913701 0.50246954 -0.859714329
v 0.540700614 0.504766107 -0.858288348
v 0.541816652 0.505717397 -0.856007397
v 0.54360801 0.504766107 -0.854207635
v 0.545025349 0.50246954 -0.853943288
v 0.545238435 0.500172913 -0.85536927
v 0.544122398 0.499221653 -0.85765022
v 0.54233104 0.500172913 -0.859449983
v 0.540913701 0.50246954 -0.859714329
v 0.540700614 0.504766166 -0.858288348
v 0.541816652 0.505717456 -0.856007397
v 0.54360801 0.504766166 -0.854207635
v 0.548999429 0.504596233 -0.856774688
v 0.549212515 0.502299607 -0.858200669
v 0.548096478 0.501348317 -0.86048162
v 0.54630512 0.502299607 -0.862281382
v 0.544887781 0.504596233 -0.862545729
v 0.544674695 0.50689286 -0.861119747
v 0.545790732 0.50784415 -0.858838797
v 0.54758209 0.50689286 -0.857039034
v 0.546943605 0.50184536 -0.861892998
v 0.544772625 0.50343895 -0.862209737
v 0.54387337 0.505710483 -0.861032963
v 0.544772625 0.507329285 -0.859052062
v 0.546943605 0.507347107 -0.857427418
v 0.549114585 0.505753517 -0.857110679
v 0.55001384 0.503481984 -0.858287454
v 0.549114585 0.501863182 -0.860268354
v 0.551143587 0.506441653 -0.867555737
v 0.548972607 0.508035243 -0.867872477
v 0.548073351 0.510306776 -0.866695702
v 0.548972607 0.511925578 -0.864714801
v 0.551143587 0.5119434 -0.863090158
v 0.553314567 0.51034981 -0.862773418
v 0.554213822 0.508078277 -0.863950193
v 0.553314567 0.506459475 -0.865931094
v 0.551143587 0.506522477 -0.867651761
v 0.548642874 0.507403374 -0.867082953
v 0.547607005 0.509332299 -0.865483165
v 0.548642874 0.511179328 -0.863789499
v 0.551143587 0.511862576 -0.862994134
v 0.5536443 0.510981679 -0.863562942
v 0.554680169 0.509052753 -0.86516273
v 0.5536443 0.507205725 -0.866856396
v 0.55159533 0.511461616 -0.873314559
v 0.549094617 0.512342513 -0.872745752
v 0.548058748 0.514271438 -0.871145964
v 0.549094617 0.516118467 -0.869452298
v 0.55159533 0.516801715 -0.868656933
v 0.554096043 0.515920818 -0.86922574
v 0.555131912 0.513991892 -0.870825529
v 0.554096043 0.512144864 -0.872519195
v 0.55159533 0.511461616 -0.873314559
v 0.549094617 0.512342453 -0.872745752
v 0.548058748 0.514271438 -0.871145964
v 0.549094617 0.516118526 -0.869452357
v 0.55159533 0.516801715 -0.868656933
v 0.554096043 0.515920877 -0.86922574
v 0.555131912 0.513991892 -0.870825529
v 0.554096043 0.512144804 -0.872519135
v 0.552047074 0.516400695 -0.878977358
v 0.549546361 0.517281532 -0.878408551
v 0.548510492 0.519210517 -0.876808763
v 0.549546361 0.521057606 -0.875115156
v 0.552047074 0.521740794 -0.874319732
v 0.554547787 0.520859957 -0.874888539
v 0.555583656 0.518930972 -0.876488328
v 0.554547787 0.517083883 -0.878181934
v 0.552047074 0.516400695 -0.878977418
v 0.549546361 0.517281592 -0.878408611
v 0.548510492 0.519210517 -0.876808822
v 0.549546361 0.521057546 -0.875115097
v 0.552047074 0.521740794 -0.874319673
v 0.554547787 0.520859897 -0.87488848
v 0.555583656 0.518930972 -0.876488268
v 0.554547787 0.517083943 -0.878181994
v 0.552498877 0.521339834 -0.884640157
v 0.549998164 0.522220731 -0.88407135
v 0.548962295 0.524149656 -0.882471561
v 0.549998164 0.525996685 -0.880777836
v 0.552498877 0.526679933 -0.879982412
v 0.55499959 0.525799036 -0.880551219
v 0.556035459 0.523870111 -0.882151008
v 0.55499959 0.522023082 -0.883844733
v 0.552498877 0.521419048 -0.884727895
v 0.550193787 0.521508574 -0.88330251
v 0.54923898 0.523063362 -0.881296515
v 0.550193787 0.525172591 -0.879884899
v 0.552498877 0.526600718 -0.879894674
v 0.554803967 0.526511192 -0.881320059
v 0.555758774 0.524956405 -0.883326054
v 0.554803967 0.522847176 -0.88473767
v 0.549202442 0.526700974 -0.890390694
v 0.546897352 0.5267905 -0.888965309
v 0.545942545 0.528345287 -0.886959314
v 0.546897352 0.530454516 -0.885547698
v 0.549202442 0.531882644 -0.885557473
v 0.551507533 0.531793118 -0.886982858
v 0.552462339 0.53023833 -0.888988853
v 0.551507533 0.528129101 -0.890400469
v 0.551422119 0.529291809 -0.890735507
v 0.549740314 0.527164817 -0.890756011
v 0.54774338 0.526283801 -0.889146924
v 0.546601176 0.527164817 -0.886850774
v 0.546982765 0.529291809 -0.88521266
v 0.54866457 0.5314188 -0.885192156
v 0.550661504 0.532299817 -0.886801243
v 0.551803708 0.5314188 -0.889097393
v 0.547899783 0.532104254 -0.893566847
v 0.546217978 0.529977262 -0.893587351
v 0.544221044 0.529096246 -0.891978264
v 0.54307884 0.529977262 -0.889682114
v 0.543460429 0.532104254 -0.888044
v 0.545142233 0.534231246 -0.888023496
v 0.547139168 0.535112262 -0.889632583
v 0.548281372 0.534231246 -0.891928732
v 0.54838115 0.534397066 -0.890805423
v 0.546877027 0.534565449 -0.893055439
v 0.544671774 0.533292055 -0.893987417
v 0.543057203 0.531322896 -0.893055439
v 0.542979062 0.529811442 -0.890805423
v 0.544483185 0.529643059 -0.888555408
v 0.546688437 0.530916452 -0.887623429
v 0.548303008 0.532885611 -0.888555408
v 0.540458679 0.543730021 -0.884810925
v 0.538954556 0.543898404 -0.88706094
v 0.536749303 0.54262501 -0.887992918
v 0.535134733 0.540655851 -0.88706094
v 0.535056591 0.539144397 -0.884810925
v 0.536560714 0.538976014 -0.882560909
v 0.538765967 0.540249407 -0.881628931
v 0.540380538 0.542218566 -0.882560909
v 0.539977372 0.541437209 -0.887572289
v 0.538295567 0.539310217 -0.887592852
v 0.536298633 0.538429141 -0.885983765
v 0.535156369 0.539310217 -0.883687675
v 0.535537899 0.541437209 -0.882049561
v 0.537219703 0.5435642 -0.882028997
v 0.539216638 0.544445276 -0.883638084
v 0.540358901 0.5435642 -0.885934174
v 0.536463857 0.54424262 -0.890396655
v 0.534782052 0.542115629 -0.890417218
v 0.532785118 0.541234553 -0.888808131
v 0.531642854 0.542115629 -0.886512041
v 0.532024384 0.54424262 -0.884873927
v 0.533706188 0.546369612 -0.884853363
v 0.535703123 0.547250688 -0.88646245
v 0.536845386 0.546369612 -0.88875854
v 0.53763783 0.54424262 -0.888652861
v 0.536792099 0.541791141 -0.887860358
v 0.53445375 0.540775657 -0.886936069
v 0.531992674 0.541791141 -0.886421323
v 0.53085041 0.54424262 -0.88661772
v 0.531696141 0.5466941 -0.887410223
v 0.534034491 0.547709584 -0.888334513
v 0.536495566 0.5466941 -0.888849258
v 0.531628549 0.539837122 -0.908694446
v 0.530782819 0.537385643 -0.907901943
v 0.528444469 0.536370158 -0.906977654
v 0.525983393 0.537385643 -0.906462908
v 0.52484113 0.539837122 -0.906659305
v 0.52568686 0.542288601 -0.907451808
v 0.52802521 0.543304086 -0.908376098
v 0.530486286 0.542288601 -0.908890843
v 0.530707121 0.539837122 -0.910214663
v 0.529182911 0.537594676 -0.910250783
v 0.527103364 0.536665797 -0.908779144
v 0.525686622 0.537594676 -0.906661808
v 0.525762558 0.539837122 -0.905139089
v 0.527286768 0.542079568 -0.905102968
v 0.529366314 0.543008447 -0.906574607
v 0.530783057 0.542079568 -0.908691943
v 0.527218521 0.542263031 -0.9136132
v 0.525694311 0.540020585 -0.913649321
v 0.523614764 0.539091706 -0.912177682
v 0.522198021 0.540020585 -0.910060346
v 0.522273958 0.542263031 -0.908537626
v 0.523798168 0.544505477 -0.908501506
v 0.525877714 0.545434356 -0.909973145
v 0.527294457 0.544505477 -0.91209048
v 0.526981235 0.545012116 -0.911075413
v 0.527332962 0.543388784 -0.913218796
v 0.526169419 0.541105986 -0.914106667
v 0.524172187 0.539501011 -0.913218796
v 0.522511244 0.539513946 -0.911075413
v 0.522159517 0.541137278 -0.90893203
v 0.523323059 0.543420076 -0.908044159
v 0.525320292 0.545025051 -0.90893203
v 0.519913673 0.550758004 -0.916586876
v 0.5202654 0.549134672 -0.918730259
v 0.519101858 0.546851873 -0.91961813
v 0.517104626 0.545246899 -0.918730259
v 0.515443683 0.545259833 -0.916586876
v 0.515091956 0.546883166 -0.914443493
v 0.516255498 0.549165964 -0.913555622
v 0.51825273 0.550770938 -0.914443493
v 0.519898415 0.548008919 -0.9193483
v 0.51821655 0.545881927 -0.919368804
v 0.516219676 0.545000851 -0.917759657
v 0.515077412 0.545881927 -0.915463567
v 0.515458941 0.548008919 -0.913825452
v 0.517140806 0.550135911 -0.913804948
v 0.519137681 0.551016986 -0.915414095
v 0.520279944 0.550135911 -0.917710185
v 0.516370177 0.550826013 -0.922184408
v 0.514688313 0.548699021 -0.922204912
v 0.512691438 0.547817945 -0.920595765
v 0.511549175 0.548699021 -0.918299675
v 0.511930704 0.550826013 -0.916661561
v 0.513612568 0.552953005 -0.916641057
v 0.515609443 0.553834081 -0.918250203
v 0.516751707 0.552953005 -0.920546293
v 0.514150441 0.553103924 -0.922136605
v 0.511746466 0.551896632 -0.921795189
v 0.510750711 0.55006218 -0.920064211
v 0.511746466 0.548675179 -0.917957604
v 0.514150441 0.548548102 -0.916709363
v 0.516554415 0.549755394 -0.917050779
v 0.51755017 0.551589847 -0.918781757
v 0.516554415 0.552976847 -0.920888364
v 0.509813786 0.56442678 -0.912631631
v 0.507409811 0.563219488 -0.912290215
v 0.506414056 0.561385036 -0.910559237
v 0.507409811 0.559998035 -0.90845263
v 0.509813786 0.559870958 -0.90720439
v 0.51221776 0.56107825 -0.907545805
v 0.513213515 0.562912703 -0.909276783
v 0.51221776 0.564299703 -0.91138339
v 0.51122427 0.565398991 -0.90991801
v 0.511584282 0.564111531 -0.912277222
v 0.510907173 0.561674356 -0.91325444
v 0.509589612 0.559515178 -0.912277222
v 0.508403301 0.558898747 -0.90991801
v 0.508043289 0.560186207 -0.907558799
v 0.508720398 0.562623382 -0.906581581
v 0.510037959 0.56478256 -0.907558799
v 0.503966749 0.56854856 -0.912744343
v 0.504326761 0.5672611 -0.915103555
v 0.503649652 0.564823925 -0.916080773
v 0.502332091 0.562664747 -0.915103555
v 0.50114578 0.562048316 -0.912744343
v 0.500785768 0.563335776 -0.910385132
v 0.501462877 0.565772951 -0.909407914
v 0.502780437 0.567932129 -0.910385132
v 0.505446553 0.565298438 -0.914793432
v 0.504786134 0.562813938 -0.913930714
v 0.502819479 0.561784863 -0.912373066
v 0.500698626 0.562813938 -0.911032856
v 0.499665946 0.565298438 -0.910695255
v 0.500326395 0.567782938 -0.911557972
v 0.50229305 0.568812013 -0.913115621
v 0.504413903 0.567782938 -0.914455831
v 0.498607397 0.563766599 -0.924440384
v 0.497946978 0.561282098 -0.923577666
v 0.495980322 0.560253024 -0.922020018
v 0.49385947 0.561282098 -0.920679808
v 0.49282676 0.563766599 -0.920342207
v 0.493487179 0.566251099 -0.921204925
v 0.495453835 0.567280173 -0.922762573
v 0.497574687 0.566251099 -0.924102783
v 0.496039778 0.567294836 -0.922391295
v 0.495945245 0.566261411 -0.924896538
v 0.495717078 0.563766599 -0.925934255
v 0.495488912 0.561271787 -0.924896538
v 0.495394379 0.560238361 -0.922391295
v 0.495488912 0.561271787 -0.919886053
v 0.495717078 0.563766599 -0.918848336
v 0.495945245 0.566261411 -0.919886053
v 0.492291123 0.567637682 -0.922391295
v 0.49219659 0.566604257 -0.924896538
v 0.491968423 0.564109445 -0.925934255
v 0.491740257 0.561614633 -0.924896538
v 0.491645724 0.560581207 -0.922391295
v 0.491740257 0.561614633 -0.919886053
v 0.491968423 0.564109445 -0.918848336
v 0.49219659 0.566604257 -0.919886053
v 0.490861744 0.529161811 -0.982858539
v 0.489697039 0.526716709 -0.982723951
v 0.487500757 0.525703967 -0.981497705
v 0.485559464 0.526716709 -0.979898095
v 0.485010356 0.529161811 -0.978862166
v 0.48617506 0.531606913 -0.978996754
v 0.488371342 0.532619655 -0.980223
v 0.490312636 0.531606913 -0.98182261
v 0.483951956 0.531896412 -0.992975652
v 0.482787251 0.529451311 -0.992841065
v 0.480590969 0.528438568 -0.991614819
v 0.478649676 0.529451311 -0.990015209
v 0.478100568 0.531896412 -0.98897928
v 0.479265273 0.534341514 -0.989113867
v 0.481461555 0.535354257 -0.990340114
v 0.483402848 0.534341514 -0.991939723
v 0.48196438 0.535312891 -0.990977466
v 0.481079936 0.534479678 -0.993401647
v 0.480164081 0.532133162 -0.994405746
v 0.479753256 0.529648006 -0.993401647
v 0.480088145 0.528479934 -0.990977466
v 0.480972588 0.529313147 -0.988553286
v 0.481888443 0.531659663 -0.987549186
v 0.482299268 0.534144819 -0.988553286
v 0.478095263 0.536375284 -0.989931047
v 0.47721082 0.535542071 -0.992355227
v 0.476294965 0.533195555 -0.993359327
v 0.47588414 0.530710399 -0.992355227
v 0.476219028 0.529542327 -0.989931047
v 0.477103472 0.53037554 -0.987506866
v 0.478019327 0.532722056 -0.986502767
v 0.478430152 0.535207212 -0.987506866
v 0.478021652 0.536394656 -0.989931047
v 0.477225244 0.535525024 -0.99237287
v 0.476388961 0.533152103 -0.993384302
v 0.476002663 0.530665934 -0.99237287
v 0.47629264 0.529522955 -0.989931047
v 0.477089047 0.530392587 -0.987489223
v 0.47792533 0.532765508 -0.986477792
v 0.478311628 0.535251677 -0.987489223
v 0.470304102 0.538336456 -0.988105595
v 0.469507694 0.537466824 -0.990547419
v 0.468671411 0.535093904 -0.99155885
v 0.468285114 0.532607734 -0.990547419
v 0.46857509 0.531464756 -0.988105595
v 0.469371498 0.532334387 -0.985663772
v 0.470207781 0.534707308 -0.98465234
v 0.470594078 0.537193477 -0.985663772
v 0.471356839 0.534900606 -0.991084993
v 0.471381098 0.532494128 -0.989835382
v 0.470268041 0.531497359 -0.987572491
v 0.468669683 0.532494128 -0.98562187
v 0.467522353 0.534900606 -0.985126197
v 0.467498094 0.537307084 -0.986375809
v 0.468611151 0.538303852 -0.988638699
v 0.470209509 0.537307084 -0.990589321
v 0.463981688 0.532361865 -0.995830953
v 0.464005947 0.529955387 -0.994581342
v 0.46289289 0.528958619 -0.992318451
v 0.461294532 0.529955387 -0.99036783
v 0.460147202 0.532361865 -0.989872158
v 0.460122943 0.534768343 -0.991121769
v 0.461236 0.535765111 -0.993384659
v 0.462834358 0.534768343 -0.995335281
v 0.459831357 0.5351125 -0.992851555
v 0.459994018 0.53390789 -0.995275557
v 0.461369514 0.531797707 -0.996279597
v 0.463152111 0.530017972 -0.995275557
v 0.464297533 0.52961123 -0.992851555
v 0.464134872 0.53081584 -0.990427554
v 0.462759376 0.532926023 -0.989423513
v 0.460976779 0.534705758 -0.990427554
v 0.451895773 0.528669953 -0.990182579
v 0.452058434 0.527465343 -0.99260658
v 0.453433931 0.52535516 -0.99361062
v 0.455216527 0.523575425 -0.99260658
v 0.456361949 0.523168683 -0.990182579
v 0.456199288 0.524373293 -0.987758577
v 0.454823792 0.526483476 -0.986754537
v 0.453041196 0.528263211 -0.987758577
v 0.454412311 0.529450893 -0.990182579
v 0.45437032 0.528413236 -0.992687464
v 0.454186887 0.525914669 -0.993725061
v 0.453969479 0.523418784 -0.992687464
v 0.453845412 0.522387743 -0.990182579
v 0.453887403 0.5234254 -0.987677693
v 0.454070836 0.525923967 -0.986640096
v 0.454288244 0.528419852 -0.987677693
v 0.450598687 0.529756963 -0.990245461
v 0.450556695 0.528719306 -0.992750347
v 0.450373262 0.526220739 -0.993787944
v 0.450155854 0.523724854 -0.992750347
v 0.450031787 0.522693813 -0.990245461
v 0.450073779 0.52373147 -0.987740576
v 0.450257212 0.526230037 -0.986702979
v 0.45047462 0.528725922 -0.987740576
v 0.4477548 0.528674245 -0.990245461
v 0.448483825 0.527935088 -0.992750525
v 0.450285673 0.526194453 -0.993788183
v 0.452104837 0.524471939 -0.992750525
v 0.452875674 0.523776531 -0.990245461
v 0.452146649 0.524515688 -0.987740397
v 0.450344801 0.526256323 -0.98670274
v 0.448525637 0.527978837 -0.987740397
v 0.439918041 0.520480335 -0.99010855
v 0.440647066 0.519741178 -0.992613614
v 0.442448914 0.518000543 -0.993651271
v 0.444268078 0.516278028 -0.992613614
v 0.445038915 0.515582621 -0.99010855
v 0.44430989 0.516321778 -0.987603486
v 0.442508042 0.518062413 -0.986565828
v 0.440688878 0.519784927 -0.987603486
v 0.439490139 0.518031478 -0.992011786
v 0.440961868 0.515785754 -0.992390871
v 0.443322033 0.514855504 -0.991433024
v 0.445188046 0.515785754 -0.989699304
v 0.445466816 0.518031478 -0.988205314
v 0.443995088 0.520277202 -0.987826228
v 0.441634923 0.521207452 -0.988784075
v 0.43976891 0.520277202 -0.990517795
v 0.435161322 0.514047265 -0.985215008
v 0.43663305 0.511801541 -0.985594094
v 0.438993216 0.510871291 -0.984636247
v 0.440859228 0.511801541 -0.982902527
v 0.441137999 0.514047265 -0.981408536
v 0.439666271 0.516292989 -0.981029451
v 0.437306106 0.517223239 -0.981987298
v 0.435440093 0.516292989 -0.983721018
v 0.438149661 0.516997755 -0.981350362
v 0.435649306 0.516220152 -0.982055008
v 0.434613615 0.514169693 -0.983495891
v 0.435649306 0.512047529 -0.984828949
v 0.438149661 0.511096776 -0.985273182
v 0.440650016 0.511874378 -0.984568536
v 0.441685706 0.513924837 -0.983127654
v 0.440650016 0.516047001 -0.981794596
v 0.437899709 0.514784813 -0.978021562
v 0.435399354 0.514007211 -0.978726208
v 0.434363663 0.511956751 -0.980167091
v 0.435399354 0.509834588 -0.981500149
v 0.437899709 0.508883834 -0.981944382
v 0.440400064 0.509661436 -0.981239736
v 0.441435754 0.511711895 -0.979798853
v 0.440400064 0.513834059 -0.978465796
v 0.42877093 0.542245507 -0.926667333
v 0.429856539 0.541947484 -0.92913425
v 0.431938022 0.540541649 -0.930156112
v 0.433796078 0.5388515 -0.92913425
v 0.434342295 0.537867069 -0.926667333
v 0.433256686 0.538165092 -0.924200416
v 0.431175202 0.539570928 -0.923178554
v 0.429317147 0.541261077 -0.924200416
v 0.424939454 0.537370086 -0.927764475
v 0.426025063 0.537072062 -0.930231392
v 0.428106546 0.535666227 -0.931253254
v 0.429964602 0.533976078 -0.930231392
v 0.430510819 0.532991648 -0.927764475
v 0.42942521 0.533289671 -0.925297558
v 0.427343726 0.534695506 -0.924275696
v 0.425485671 0.536385655 -0.925297558
v 0.424503446 0.535180867 -0.929238677
v 0.425633907 0.532716215 -0.929215252
v 0.427989393 0.531695306 -0.928341925
v 0.430190057 0.532716215 -0.927130401
v 0.430946827 0.535180867 -0.926290274
v 0.429816365 0.537645519 -0.926313698
v 0.427460879 0.538666427 -0.927187026
v 0.425260216 0.537645519 -0.92839855
v 0.420113087 0.533258438 -0.919644177
v 0.421243548 0.530793786 -0.919620752
v 0.423599035 0.529772878 -0.918747425
v 0.425799698 0.530793786 -0.917535901
v 0.426556468 0.533258438 -0.916695774
v 0.425426006 0.53572309 -0.916719198
v 0.42307052 0.536743999 -0.917592525
v 0.420869857 0.53572309 -0.918804049
v 0.420557976 0.535458863 -0.918169975
v 0.421629012 0.53513962 -0.920640647
v 0.42369926 0.533718407 -0.921664
v 0.425556004 0.532027721 -0.920640647
v 0.426111579 0.531058013 -0.918169975
v 0.425040543 0.531377256 -0.915699303
v 0.422970295 0.532798469 -0.914675951
v 0.421113551 0.534489155 -0.915699303
v 0.416715413 0.530609846 -0.919209123
v 0.417786449 0.530290604 -0.921679795
v 0.419856697 0.52886939 -0.922703147
v 0.421713442 0.527178705 -0.921679795
v 0.422269017 0.526208997 -0.919209123
v 0.421197981 0.526528239 -0.916738451
v 0.419127733 0.527949452 -0.915715098
v 0.417270988 0.529640138 -0.916738451
v 0.419492215 0.530708373 -0.916513264
v 0.417334706 0.531003892 -0.918129086
v 0.416441023 0.529779613 -0.920377612
v 0.417334706 0.527752697 -0.921941578
v 0.419492215 0.52611047 -0.921904981
v 0.421649724 0.52581495 -0.920289159
v 0.422543406 0.52703923 -0.918040633
v 0.421649724 0.529066145 -0.916476667
v 0.415304869 0.525309861 -0.91190958
v 0.41314736 0.525605381 -0.913525403
v 0.412253678 0.524381101 -0.915773928
v 0.41314736 0.522354186 -0.917337894
v 0.415304869 0.520711958 -0.917301297
v 0.417462379 0.520416439 -0.915685475
v 0.418356061 0.521640718 -0.913436949
v 0.417462379 0.523667634 -0.911872983
v 0.41243735 0.525091767 -0.914605439
v 0.41253987 0.52346617 -0.916773379
v 0.414262056 0.521573901 -0.917671382
v 0.416595131 0.520523369 -0.916773379
v 0.418172389 0.520930052 -0.914605439
v 0.418069869 0.522555649 -0.912437499
v 0.416347682 0.524447918 -0.911539495
v 0.414014608 0.52549845 -0.912437499
v 0.408266068 0.519343555 -0.91049248
v 0.408368587 0.517717957 -0.91266042
v 0.410090774 0.515825689 -0.913558424
v 0.412423849 0.514775157 -0.91266042
v 0.414001107 0.515181839 -0.91049248
v 0.413898587 0.516807437 -0.90832454
v 0.4121764 0.518699706 -0.907426536
v 0.409843326 0.519750237 -0.90832454
v 0.411133587 0.520764709 -0.909955502
v 0.408632815 0.519761741 -0.910260856
v 0.407596976 0.517294824 -0.910701931
v 0.408632815 0.514809072 -0.911020279
v 0.411133587 0.513760686 -0.911029458
v 0.41363436 0.514763653 -0.910724103
v 0.414670199 0.51723057 -0.910283029
v 0.41363436 0.519716322 -0.909964681
v 0.410497546 0.5191558 -0.899462879
v 0.407996774 0.518152833 -0.899768233
v 0.406960934 0.515685916 -0.900209308
v 0.407996774 0.513200164 -0.900527656
v 0.410497546 0.512151778 -0.900536835
v 0.412998319 0.513154745 -0.900231481
v 0.414034158 0.515621662 -0.899790406
v 0.412998319 0.518107414 -0.899472058
v 0.408161581 0.51831758 -0.899999857
v 0.40849331 0.517228305 -0.902460873
v 0.409999102 0.515216649 -0.903480232
v 0.411796868 0.513461113 -0.902460873
v 0.412833512 0.512989998 -0.899999857
v 0.412501782 0.514079273 -0.897538841
v 0.41099599 0.51609093 -0.896519482
v 0.409198225 0.517846465 -0.897538841
v 0.404229224 0.514869153 -0.899003565
v 0.404560953 0.513779879 -0.901464581
v 0.406066746 0.511768222 -0.90248394
v 0.407864511 0.510012686 -0.901464581
v 0.408901155 0.509541571 -0.899003565
v 0.408569425 0.510630846 -0.896542549
v 0.407063633 0.512642503 -0.89552319
v 0.405265868 0.514398038 -0.896542549
v 0.403548688 0.514063656 -0.899003565
v 0.403994262 0.512808502 -0.901365578
v 0.405945867 0.511200011 -0.902343988
v 0.408260256 0.510180473 -0.901365578
v 0.409581691 0.510347068 -0.899003565
v 0.409136117 0.511602223 -0.896641552
v 0.407184511 0.513210714 -0.895663142
v 0.404870123 0.514230251 -0.896641552
v 0.399422616 0.507365942 -0.89622283
v 0.39986819 0.506110787 -0.898584843
v 0.401819795 0.504502296 -0.899563253
v 0.404134184 0.503482759 -0.898584843
v 0.405455619 0.503649354 -0.89622283
v 0.405010045 0.504904509 -0.893860817
v 0.403058439 0.506513 -0.892882407
v 0.400744051 0.507532537 -0.893860817
v 0.39890185 0.505507648 -0.896423399
v 0.399944663 0.503005266 -0.896484196
v 0.402448714 0.501968741 -0.896391869
v 0.404947132 0.503005266 -0.896200538
v 0.405976385 0.505507648 -0.89602226
v 0.404933572 0.50801003 -0.895961463
v 0.402429521 0.509046555 -0.896053791
v 0.399931103 0.50801003 -0.896245122
v 0.39822644 0.504936755 -0.884510934
v 0.399269253 0.502434373 -0.884571731
v 0.401773304 0.501397848 -0.884479403
v 0.404271722 0.502434373 -0.884288073
v 0.405300975 0.504936755 -0.884109795
v 0.404258162 0.507439137 -0.884048998
v 0.401754111 0.508475661 -0.884141326
v 0.399255693 0.507439137 -0.884332657
v 0.399677068 0.507800043 -0.884310365
v 0.399591208 0.506453454 -0.886662483
v 0.400777966 0.5042184 -0.887636781
v 0.402542174 0.502404153 -0.886662483
v 0.403850347 0.502073467 -0.884310365
v 0.403936207 0.503420055 -0.881958246
v 0.402749449 0.50565511 -0.880983949
v 0.400985241 0.507469356 -0.881958246
v 0.395714462 0.504912257 -0.88251245
v 0.395628601 0.503565669 -0.884864569
v 0.39681536 0.501330614 -0.885838866
v 0.398579568 0.499516368 -0.884864569
v 0.399887741 0.499185681 -0.88251245
v 0.399973601 0.500532269 -0.880160332
v 0.398786843 0.502767324 -0.879186034
v 0.397022635 0.504581571 -0.880160332
v 0.397801101 0.505542278 -0.88310349
v 0.395298868 0.504498541 -0.883051813
v 0.394262433 0.502019942 -0.882684171
v 0.395298868 0.49955827 -0.882215917
v 0.397801101 0.49855566 -0.881921411
v 0.400303334 0.499599367 -0.881973088
v 0.401339769 0.502077997 -0.882340729
v 0.400303334 0.504539669 -0.882808983
v 0.396972924 0.508349717 -0.866511047
v 0.394470692 0.50730598 -0.86645937
v 0.393434256 0.50482738 -0.866091728
v 0.394470692 0.502365708 -0.865623474
v 0.396972924 0.501363099 -0.865328968
v 0.399475157 0.502406836 -0.865380645
v 0.400511593 0.504885435 -0.865748286
v 0.399475157 0.507347107 -0.86621654
v 0.39387399 0.504856408 -0.867637336
v 0.395189106 0.502496421 -0.867869616
v 0.397549152 0.501518846 -0.86695981
v 0.399571657 0.502496421 -0.865440965
v 0.400071859 0.504856408 -0.864202678
v 0.398756742 0.507216394 -0.863970399
v 0.396396697 0.50819397 -0.864880204
v 0.394374192 0.507216394 -0.86639905
v 0.389591992 0.501709819 -0.859910369
v 0.390907109 0.499349803 -0.860142648
v 0.393267155 0.498372257 -0.859232843
v 0.39528966 0.499349803 -0.857713997
v 0.395789862 0.501709819 -0.856475711
v 0.394474745 0.504069805 -0.856243432
v 0.392114699 0.505047381 -0.857153237
v 0.390092194 0.504069805 -0.858672082
v 0.392690927 0.504208684 -0.855681419
v 0.390529811 0.5043751 -0.857310832
v 0.389634639 0.502980232 -0.859457016
v 0.390529811 0.5008412 -0.860862792
v 0.392690927 0.499210954 -0.86070466
v 0.394852042 0.499044508 -0.859075248
v 0.395747215 0.500439405 -0.856929064
v 0.394852042 0.502578437 -0.855523288
v 0.388499528 0.499141395 -0.85063982
v 0.386338413 0.499307841 -0.852269232
v 0.38544324 0.497912943 -0.854415417
v 0.386338413 0.495773882 -0.855821192
v 0.388499528 0.494143665 -0.855663061
v 0.390660644 0.493977219 -0.854033649
v 0.391555816 0.495372117 -0.851887465
v 0.390660644 0.497511178 -0.850481689
v 0.384961963 0.49664253 -0.853346765
v 0.386005521 0.494140923 -0.85342437
v 0.388510048 0.493104726 -0.853342116
v 0.391008407 0.494140923 -0.853148162
v 0.392037094 0.49664253 -0.852956116
v 0.390993536 0.499144137 -0.852878511
v 0.388489008 0.500180364 -0.852960765
v 0.385990649 0.499144137 -0.853154719
v 0.384317636 0.496011704 -0.841676235
v 0.385361195 0.493510097 -0.84175384
v 0.387865722 0.4924739 -0.841671586
v 0.390364081 0.493510097 -0.841477633
v 0.391392767 0.496011704 -0.841285586
v 0.390349209 0.498513311 -0.841207981
v 0.387844682 0.499549508 -0.841290236
v 0.385346323 0.498513311 -0.841484189
v 0.384657264 0.497536749 -0.841480911
v 0.385556728 0.497012109 -0.843984663
v 0.387802601 0.495901406 -0.845021784
v 0.39007929 0.494855344 -0.843984663
v 0.39105314 0.49448666 -0.841480911
v 0.390153676 0.4950113 -0.838977158
v 0.387907803 0.496122003 -0.837940037
v 0.385631114 0.497168064 -0.838977158
v 0.380616426 0.489063412 -0.84115696
v 0.38151589 0.488538772 -0.843660712
v 0.383761764 0.487428069 -0.844697833
v 0.386038452 0.486382008 -0.843660712
v 0.387012303 0.486013323 -0.84115696
v 0.386112839 0.486537963 -0.838653207
v 0.383866966 0.487648666 -0.837616086
v 0.381590277 0.488694727 -0.838653207
v 0.383814365 0.490964323 -0.840253949
v 0.381313473 0.489998549 -0.840661287
v 0.380277574 0.487591624 -0.841359019
v 0.381313473 0.485153526 -0.841938376
v 0.383814365 0.484112412 -0.84205997
v 0.386315256 0.485078186 -0.841652632
v 0.387351155 0.487485111 -0.8409549
v 0.386315256 0.489923209 -0.840375543
v 0.383534133 0.489755362 -0.835667253
v 0.381033242 0.488789588 -0.836074591
v 0.379997343 0.486382663 -0.836772323
v 0.381033242 0.483944565 -0.83735168
v 0.383534133 0.482903451 -0.837473273
v 0.386035025 0.483869225 -0.837065935
v 0.387070924 0.48627615 -0.836368203
v 0.386035025 0.488714248 -0.835788846
v 0.383534133 0.489851177 -0.836183429
v 0.381032795 0.488834977 -0.836436033
v 0.379996717 0.486351043 -0.836767316
v 0.381032795 0.483854443 -0.836983144
v 0.383534133 0.482807636 -0.836957097
v 0.386035472 0.483823836 -0.836704493
v 0.38707155 0.48630777 -0.83637321
v 0.386035472 0.48880437 -0.836157382
v 0.382923067 0.488660425 -0.825343072
v 0.380421728 0.487644225 -0.825595677
v 0.37938565 0.485160291 -0.82592696
v 0.380421728 0.482663691 -0.826142788
v 0.382923067 0.481616884 -0.826116741
v 0.385424405 0.482633084 -0.825864136
v 0.386460483 0.485117018 -0.825532854
v 0.385424405 0.487613618 -0.825317025
v 0.379734278 0.486682743 -0.825729907
v 0.38060829 0.486106634 -0.828231394
v 0.382838249 0.484963506 -0.829267502
v 0.385117888 0.483922958 -0.828231394
v 0.386111856 0.483594567 -0.825729907
v 0.385237843 0.484170675 -0.823228419
v 0.383007884 0.485313803 -0.822192311
v 0.380728245 0.486354351 -0.823228419
v 0.37568289 0.478316039 -0.825218499
v 0.376556903 0.47773993 -0.827719986
v 0.378786862 0.476596802 -0.828756094
v 0.381066501 0.475556254 -0.827719986
v 0.382060468 0.475227863 -0.825218499
v 0.381186455 0.475803971 -0.822717011
v 0.378956497 0.476947099 -0.821680903
v 0.376676857 0.477987647 -0.822717011
v 0.378871679 0.480307102 -0.824983597
v 0.376370132 0.47928071 -0.8251881
v 0.375333935 0.476784706 -0.825410426
v 0.376370132 0.474281222 -0.825520337
v 0.378871679 0.473236799 -0.825453401
v 0.381373227 0.474263191 -0.825248897
v 0.382409424 0.476759195 -0.825026572
v 0.381373227 0.47926268 -0.824916661
v 0.378250659 0.479549915 -0.813588023
v 0.375749111 0.478523523 -0.813792527
v 0.374712914 0.476027519 -0.814014852
v 0.375749111 0.473524034 -0.814124763
v 0.378250659 0.472479612 -0.814057827
v 0.380752206 0.473506004 -0.813853323
v 0.381788403 0.476002008 -0.813630998
v 0.380752206 0.478505492 -0.813521087
v 0.373727351 0.484452605 -0.790158927
v 0.374766767 0.481948078 -0.790163457
v 0.377269775 0.480910659 -0.790055156
v 0.37977019 0.481948078 -0.789897501
v 0.380803257 0.484452605 -0.789782822
v 0.379763842 0.486957133 -0.789778292
v 0.377260834 0.487994552 -0.789886594
v 0.374760419 0.486957133 -0.790044248
v 0.373094231 0.484168321 -0.778248906
v 0.374133646 0.481663793 -0.778253436
v 0.376636654 0.480626374 -0.778145134
v 0.379137069 0.481663793 -0.77798748
v 0.380170137 0.484168321 -0.777872801
v 0.379130721 0.486672848 -0.777868271
v 0.376627713 0.487710267 -0.777976573
v 0.374127299 0.486672848 -0.778134227
v 0.376632184 0.482791185 -0.774796486
v 0.374219835 0.483817309 -0.775489867
v 0.373220623 0.485049039 -0.777689278
v 0.374219835 0.485764861 -0.780106366
v 0.376632184 0.485545456 -0.781325221
v 0.379044533 0.484519333 -0.78063184
v 0.380043745 0.483287603 -0.778432429
v 0.379044533 0.482571781 -0.776015341
v 0.372767597 0.470083117 -0.780157626
v 0.370355248 0.471109241 -0.780851007
v 0.369356036 0.472340971 -0.783050418
v 0.370355248 0.473056793 -0.785467505
v 0.372767597 0.472837389 -0.786686361
v 0.375179946 0.471811265 -0.78599298
v 0.376179159 0.470579535 -0.783793569
v 0.375179946 0.469863713 -0.781376481
v 0.372767597 0.474969864 -0.783907056
v 0.370265096 0.473925829 -0.783881366
v 0.369228542 0.471437514 -0.783586562
v 0.370265096 0.46896252 -0.783195376
v 0.372767597 0.467950642 -0.782936931
v 0.375270098 0.468994677 -0.78296262
v 0.376306653 0.471482992 -0.783257425
v 0.375270098 0.473957986 -0.78364861
v 0.372410119 0.476012349 -0.776364028
v 0.369907618 0.474968314 -0.776338339
v 0.368871063 0.472479999 -0.776043534
v 0.369907618 0.470005006 -0.775652349
v 0.372410119 0.468993127 -0.775393903
v 0.37491262 0.470037162 -0.775419593
v 0.375949174 0.472525477 -0.775714397
v 0.37491262 0.475000471 -0.776105583
v 0.372410119 0.475847483 -0.774710536
v 0.369909286 0.474916905 -0.775193214
v 0.368873417 0.472572118 -0.776077628
v 0.369909286 0.47018671 -0.776845634
v 0.372410119 0.469157994 -0.777047396
v 0.374910951 0.470088571 -0.776564717
v 0.37594682 0.472433358 -0.775680304
v 0.374910951 0.474818766 -0.774912298
v 0.371885151 0.472937465 -0.76638031
v 0.369384319 0.472006887 -0.766862988
v 0.368348449 0.4696621 -0.767747402
v 0.369384319 0.467276692 -0.768515408
v 0.371885151 0.466247976 -0.76871717
v 0.374385983 0.467178553 -0.768234491
v 0.375421852 0.46952334 -0.767350078
v 0.374385983 0.471908748 -0.766582072
v 0.371885151 0.473087072 -0.768133581
v 0.36938253 0.472044677 -0.768075407
v 0.368345916 0.469565958 -0.767708659
v 0.36938253 0.467102915 -0.767248273
v 0.371885151 0.466098368 -0.766963899
v 0.374387771 0.467140764 -0.767022073
v 0.375424385 0.469619483 -0.767388821
v 0.374387771 0.472082525 -0.767849207
v 0.371154666 0.475718796 -0.752409637
v 0.368652046 0.4746764 -0.752351463
v 0.367615432 0.472197682 -0.751984715
v 0.368652046 0.469734639 -0.751524329
v 0.371154666 0.468730092 -0.751239955
v 0.373657286 0.469772488 -0.75129813
v 0.3746939 0.472251207 -0.751664877
v 0.373657286 0.474714249 -0.752125263
v 0.373826832 0.485171467 -0.72320354
v 0.371326089 0.484488249 -0.723998904
v 0.37029025 0.48264116 -0.72569257
v 0.371326089 0.480712235 -0.727292359
v 0.373826832 0.479831368 -0.727861166
v 0.376327574 0.480514586 -0.727065802
v 0.377363414 0.482361674 -0.725372136
v 0.376327574 0.4842906 -0.723772347
v 0.373381555 0.480303168 -0.717621922
v 0.370880812 0.47961995 -0.718417287
v 0.369844973 0.477772862 -0.720110953
v 0.370880812 0.475843936 -0.721710742
v 0.373381555 0.474963069 -0.722279549
v 0.375882298 0.475646287 -0.721484184
v 0.376918137 0.477493376 -0.719790518
v 0.375882298 0.479422301 -0.71819073
v 0.373381555 0.480303168 -0.717621922
v 0.370880812 0.47961995 -0.718417287
v 0.369844973 0.477772892 -0.720110953
v 0.370880812 0.475843936 -0.721710801
v 0.373381555 0.474963069 -0.722279549
v 0.375882298 0.475646287 -0.721484184
v 0.376918137 0.477493346 -0.719790518
v 0.375882298 0.479422301 -0.71819067
v 0.372936279 0.47543487 -0.712040365
v 0.370435536 0.474751651 -0.712835729
v 0.369399697 0.472904593 -0.714529395
v 0.370435536 0.470975637 -0.716129243
v 0.372936279 0.47009477 -0.716697991
v 0.375437021 0.470777988 -0.715902627
v 0.376472861 0.472625047 -0.714208961
v 0.375437021 0.474554002 -0.712609112
v 0.372936279 0.47517243 -0.711769938
v 0.370435327 0.474574834 -0.712630868
v 0.369399399 0.472916961 -0.714510083
v 0.370435327 0.471169978 -0.716306746
v 0.372936279 0.470357209 -0.716968417
v 0.37543723 0.470954806 -0.716107488
v 0.376473159 0.472612679 -0.714228272
v 0.37543723 0.474359661 -0.71243161
v 0.372509003 0.46982646 -0.706818104
v 0.370008051 0.469228864 -0.707679033
v 0.368972123 0.46757099 -0.709558249
v 0.370008051 0.465824008 -0.711354911
v 0.372509003 0.465011239 -0.712016582
v 0.375009954 0.465608835 -0.711155653
v 0.376045883 0.467266709 -0.709276438
v 0.375009954 0.469013691 -0.707479775
v 0.372509003 0.469683379 -0.706692576
v 0.370007902 0.469130963 -0.707582772
v 0.368971914 0.46757561 -0.709547639
v 0.370007902 0.465928435 -0.711436152
v 0.372509003 0.46515432 -0.71214211
v 0.375010103 0.465706736 -0.711251915
v 0.376046091 0.467262089 -0.709287047
v 0.375010103 0.468909264 -0.707398534
v 0.372090489 0.464098126 -0.702050745
v 0.369589388 0.46354571 -0.702940941
v 0.3685534 0.461990356 -0.704905808
v 0.369589388 0.460343182 -0.706794322
v 0.372090489 0.459569067 -0.707500279
v 0.374591589 0.460121483 -0.706610084
v 0.375627577 0.461676836 -0.704645216
v 0.374591589 0.46332401 -0.702756703
v 0.374250174 0.487505436 -0.65993607
v 0.371749431 0.486822218 -0.660731435
v 0.370713592 0.484975129 -0.662425101
v 0.371749431 0.483046204 -0.664024889
v 0.374250174 0.482165337 -0.664593697
v 0.376750916 0.482848555 -0.663798332
v 0.377786756 0.484695643 -0.662104666
v 0.376750916 0.486624569 -0.660504878
v 0.373809606 0.482688457 -0.654413342
v 0.371308863 0.482005239 -0.655208707
v 0.370273024 0.48015815 -0.656902373
v 0.371308863 0.478229225 -0.658502162
v 0.373809606 0.477348357 -0.659070969
v 0.376310349 0.478031576 -0.658275604
v 0.377346188 0.479878664 -0.656581938
v 0.376310349 0.48180759 -0.65498215
v 0.373809606 0.47983107 -0.653204143
v 0.371305317 0.479955614 -0.654236734
v 0.370268017 0.480116934 -0.65673691
v 0.371305317 0.480220526 -0.659240186
v 0.373809606 0.480205745 -0.660280168
v 0.376313895 0.480081201 -0.659247577
v 0.377351195 0.479919881 -0.656747401
v 0.376313895 0.479816288 -0.654244125
v 0.373545945 0.47037968 -0.653704584
v 0.371041656 0.470504224 -0.654737175
v 0.370004356 0.470665544 -0.657237351
v 0.371041656 0.470769137 -0.659740627
v 0.373545945 0.470754355 -0.660780609
v 0.376050234 0.470629811 -0.659748018
v 0.377087533 0.470468491 -0.657247841
v 0.376050234 0.470364898 -0.654744565
v 0.373545945 0.472048908 -0.654024422
v 0.371043831 0.471728623 -0.655019403
v 0.370007426 0.470727891 -0.657316685
v 0.371043831 0.469632924 -0.659570575
v 0.373545945 0.469085127 -0.66046077
v 0.376048058 0.469405413 -0.65946579
v 0.377084464 0.470406145 -0.657168508
v 0.376048058 0.471501112 -0.654914618
v 0.373176098 0.465337336 -0.650933921
v 0.370673984 0.465017051 -0.651928902
v 0.369637579 0.464016318 -0.654226184
v 0.370673984 0.462921351 -0.656480074
v 0.373176098 0.462373555 -0.657370269
v 0.375678211 0.46269384 -0.656375289
v 0.376714617 0.463694572 -0.654078007
v 0.375678211 0.46478954 -0.651824117
v 0.373176098 0.46701619 -0.655752778
v 0.370696723 0.466252685 -0.654963553
v 0.369669735 0.464084923 -0.653698981
v 0.370696723 0.461782724 -0.652699828
v 0.373176098 0.4606947 -0.652551413
v 0.375655472 0.461458206 -0.653340638
v 0.37668246 0.463625968 -0.65460521
v 0.375655472 0.465928167 -0.655604362
v 0.376148432 0.47628665 -0.637447178
v 0.373669058 0.475523144 -0.636657953
v 0.37264207 0.473355383 -0.635393381
v 0.373669058 0.471053183 -0.634394228
v 0.376148432 0.46996516 -0.634245813
v 0.378627807 0.470728666 -0.635035038
v 0.379654795 0.472896427 -0.63629961
v 0.378627807 0.475198627 -0.637298763
v 0.376148432 0.475795954 -0.633517683
v 0.37364769 0.475112736 -0.634313047
v 0.372611851 0.473265678 -0.636006713
v 0.37364769 0.471336722 -0.637606561
v 0.376148432 0.470455855 -0.638175309
v 0.378649175 0.471139073 -0.637379944
v 0.379685014 0.472986132 -0.635686278
v 0.378649175 0.474915087 -0.63408643
v 0.375708789 0.470989317 -0.628006816
v 0.373208046 0.470306098 -0.62880218
v 0.372172207 0.46845904 -0.630495846
v 0.373208046 0.466530085 -0.632095695
v 0.375708789 0.465649217 -0.632664442
v 0.378209531 0.466332436 -0.631869078
v 0.379245371 0.468179494 -0.630175412
v 0.378209531 0.470108449 -0.628575563
v 0.375708789 0.468158156 -0.626796305
v 0.373204499 0.468274295 -0.62782985
v 0.37216717 0.46841678 -0.630331218
v 0.373204499 0.468502134 -0.63283515
v 0.375708789 0.468480378 -0.633874953
v 0.378213078 0.468364239 -0.632841408
v 0.379250407 0.468221754 -0.63034004
v 0.378213078 0.4681364 -0.627836108
v 0.375448495 0.458722919 -0.627225816
v 0.372944206 0.458839059 -0.628259361
v 0.371906877 0.458981544 -0.630760729
v 0.372944206 0.459066898 -0.633264661
v 0.375448495 0.459045142 -0.634304464
v 0.377952784 0.458929002 -0.633270919
v 0.378990114 0.458786517 -0.630769551
v 0.377952784 0.458701164 -0.628265619
v 0.377754301 0.475685149 -0.592709601
v 0.375249386 0.475957632 -0.593711734
v 0.374211818 0.476534963 -0.596149623
v 0.375249386 0.477078974 -0.598595142
v 0.377754301 0.477270991 -0.599615753
v 0.380259216 0.476998508 -0.59861362
v 0.381296784 0.476421177 -0.59617573
v 0.380259216 0.475877166 -0.593730211
v 0.377567261 0.464624494 -0.595249414
v 0.375062346 0.464896977 -0.596251547
v 0.374024779 0.465474308 -0.598689437
v 0.375062346 0.466018319 -0.601134956
v 0.377567261 0.466210335 -0.602155566
v 0.380072176 0.465937853 -0.601153433
v 0.381109744 0.465360522 -0.598715544
v 0.380072176 0.464816511 -0.596270025
v 0.377567261 0.46872285 -0.599977911
v 0.375130028 0.467963427 -0.599063396
v 0.374120504 0.465712607 -0.597937465
v 0.375130028 0.463288844 -0.5972597
v 0.377567261 0.46211198 -0.59742707
v 0.380004495 0.462871403 -0.598341584
v 0.381014019 0.465122223 -0.599467516
v 0.380004495 0.467545986 -0.60014528
v 0.380674988 0.473425299 -0.587790608
v 0.378237754 0.472665876 -0.586876094
v 0.37722823 0.470415056 -0.585750163
v 0.378237754 0.467991292 -0.585072398
v 0.380674988 0.466814429 -0.585239768
v 0.383112222 0.467573851 -0.586154282
v 0.384121746 0.469824672 -0.587280214
v 0.383112222 0.472248435 -0.587957978
v 0.380674988 0.469027132 -0.583144963
v 0.378169864 0.469371945 -0.584124029
v 0.377132207 0.470154881 -0.586503863
v 0.378169864 0.470917284 -0.588890254
v 0.380674988 0.471212596 -0.589885414
v 0.383180112 0.470867783 -0.588906348
v 0.384217769 0.470084846 -0.586526513
v 0.383180112 0.469322443 -0.584140122
v 0.380541652 0.456815958 -0.587104142
v 0.378036529 0.457160771 -0.588083208
v 0.376998872 0.457943708 -0.590463042
v 0.378036529 0.458706111 -0.592849433
v 0.380541652 0.459001422 -0.593844593
v 0.383046776 0.458656609 -0.592865527
v 0.384084433 0.457873672 -0.590485692
v 0.383046776 0.457111269 -0.588099301
v 0.379824281 0.519898653 -0.483266652
v 0.377321333 0.518884301 -0.483022839
v 0.37628457 0.516506851 -0.482231736
v 0.377321333 0.514158964 -0.48135674
v 0.379824281 0.513216019 -0.48091042
v 0.382327229 0.514230371 -0.481154233
v 0.383363992 0.516607821 -0.481945336
v 0.382327229 0.518955708 -0.482820332
v 0.378919214 0.526915193 -0.463366568
v 0.376416266 0.525900841 -0.463122755
v 0.375379503 0.52352339 -0.462331653
v 0.376416266 0.521175504 -0.461456656
v 0.378919214 0.520232558 -0.461010337
v 0.381422162 0.52124691 -0.46125415
v 0.382458925 0.523624361 -0.462045252
v 0.381422162 0.525972247 -0.462920249
v 0.378919214 0.526963174 -0.461156368
v 0.37641862 0.526014984 -0.461604863
v 0.375382841 0.523636818 -0.462395191
v 0.37641862 0.521221817 -0.463064432
v 0.378919214 0.520184577 -0.463220537
v 0.381419808 0.521132767 -0.462772042
v 0.382455587 0.523510933 -0.461981714
v 0.381419808 0.525925934 -0.461312473
v 0.378406703 0.524520218 -0.453133821
v 0.37590611 0.523572028 -0.453582317
v 0.37487033 0.521193862 -0.454372644
v 0.37590611 0.518778861 -0.455041885
v 0.378406703 0.517741621 -0.45519799
v 0.380907297 0.518689811 -0.454749495
v 0.381943077 0.521067977 -0.453959167
v 0.380907297 0.523482978 -0.453289926
v 0.378406703 0.523800969 -0.451837063
v 0.375905961 0.523117721 -0.452632487
v 0.374870121 0.521270692 -0.454326153
v 0.375905961 0.519341767 -0.455925941
v 0.378406703 0.51846087 -0.456494749
v 0.380907446 0.519144118 -0.455699325
v 0.381943285 0.520991147 -0.454005659
v 0.380907446 0.522920072 -0.45240587
v 0.377983898 0.519178391 -0.446537197
v 0.375483155 0.518495142 -0.447332621
v 0.374447316 0.516648114 -0.449026287
v 0.375483155 0.514719188 -0.450626075
v 0.377983898 0.513838291 -0.451194882
v 0.380484641 0.514521539 -0.450399458
v 0.38152048 0.516368568 -0.448705792
v 0.380484641 0.518297493 -0.447106004
v 0.377983898 0.51997292 -0.449607223
v 0.375481546 0.518932879 -0.44950825
v 0.374445051 0.516472578 -0.449033082
v 0.375481546 0.514033258 -0.448460072
v 0.377983898 0.513043761 -0.448124856
v 0.38048625 0.514083803 -0.448223829
v 0.381522745 0.516544104 -0.448698997
v 0.38048625 0.518983424 -0.449272007
v 0.37724486 0.523175776 -0.434636027
v 0.374742508 0.522135735 -0.434537053
v 0.373706013 0.519675434 -0.434061885
v 0.374742508 0.517236114 -0.433488876
v 0.37724486 0.516246617 -0.433153659
v 0.379747212 0.517286658 -0.433252633
v 0.380783707 0.519746959 -0.433727801
v 0.379747212 0.522186279 -0.43430081
v 0.37724486 0.52246207 -0.431662053
v 0.37507385 0.522444248 -0.433286726
v 0.374174595 0.520825446 -0.435267597
v 0.37507385 0.518553913 -0.436444342
v 0.37724486 0.516960323 -0.436127633
v 0.37941587 0.516978145 -0.434502959
v 0.380315125 0.518596947 -0.432522088
v 0.37941587 0.52086848 -0.431345344
v 0.373326331 0.518173754 -0.426378697
v 0.371155322 0.518155932 -0.428003371
v 0.370256066 0.51653713 -0.429984242
v 0.371155322 0.514265597 -0.431160986
v 0.373326331 0.512672007 -0.430844277
v 0.375497341 0.512689829 -0.429219604
v 0.376396596 0.514308631 -0.427238733
v 0.375497341 0.516580164 -0.426061988
v 0.373326331 0.51809293 -0.426282644
v 0.370825589 0.517409742 -0.427078068
v 0.369789749 0.515562654 -0.428771734
v 0.370825589 0.513633728 -0.430371553
v 0.373326331 0.512752831 -0.43094033
v 0.375827074 0.513436019 -0.430144906
v 0.376862913 0.515283108 -0.42845124
v 0.375827074 0.517212033 -0.426851422
v 0.373115569 0.515788853 -0.423640996
v 0.370614827 0.515105665 -0.42443642
v 0.369578987 0.513258576 -0.426130086
v 0.370614827 0.511329651 -0.427729905
v 0.373115569 0.510448754 -0.428298682
v 0.375616312 0.511131942 -0.427503258
v 0.376652151 0.512979031 -0.425809592
v 0.375616312 0.514907956 -0.424209774
v 0.368676335 0.524672687 -0.401893198
v 0.369531542 0.522216141 -0.401126981
v 0.371875584 0.521198571 -0.400219709
v 0.374335378 0.522216141 -0.399702877
v 0.375470012 0.524672687 -0.399879217
v 0.374614805 0.527129233 -0.400645435
v 0.372270763 0.528146803 -0.401552707
v 0.369810969 0.527129233 -0.402069539
v 0.364518523 0.527599871 -0.387868017
v 0.365373731 0.525143325 -0.387101799
v 0.367717773 0.524125755 -0.386194527
v 0.370177567 0.525143325 -0.385677695
v 0.371312201 0.527599871 -0.385854036
v 0.370456994 0.530056417 -0.386620253
v 0.368112952 0.531073987 -0.387527525
v 0.365653157 0.530056417 -0.388044357
v 0.365859538 0.527599871 -0.389746547
v 0.367276907 0.525303304 -0.3894822
v 0.369068265 0.524352014 -0.387682408
v 0.370184273 0.525303304 -0.385401487
v 0.369971186 0.527599871 -0.383975506
v 0.368553817 0.529896438 -0.384239852
v 0.366762459 0.530847728 -0.386039644
v 0.365646452 0.529896438 -0.388320565
v 0.358512878 0.523668289 -0.384512305
v 0.359930247 0.521371722 -0.384247959
v 0.361721605 0.520420432 -0.382448167
v 0.362837613 0.521371722 -0.380167246
v 0.362624526 0.523668289 -0.378741264
v 0.361207157 0.525964856 -0.379005611
v 0.359415799 0.526916146 -0.380805403
v 0.358299792 0.525964856 -0.383086324
v 0.362306148 0.523668289 -0.384714484
v 0.362466514 0.521283627 -0.383433521
v 0.361515164 0.520295858 -0.381094217
v 0.360009402 0.521283627 -0.379066855
v 0.358831257 0.523668289 -0.378539085
v 0.35867089 0.526052952 -0.379820049
v 0.35962224 0.52704072 -0.382159352
v 0.361128002 0.526052952 -0.384186715
v 0.358892739 0.522406995 -0.386635214
v 0.359053105 0.520022333 -0.385354251
v 0.358101755 0.519034564 -0.383014947
v 0.356595993 0.520022333 -0.380987585
v 0.355417848 0.522406995 -0.380459815
v 0.355257481 0.524791658 -0.381740779
v 0.356208831 0.525779426 -0.384080082
v 0.357714593 0.524791658 -0.386107445
v 0.355772257 0.522406995 -0.386809379
v 0.356560647 0.519936562 -0.386016518
v 0.357697397 0.518913329 -0.38377738
v 0.358516574 0.519936562 -0.381403565
v 0.35853833 0.522406995 -0.38028565
v 0.357749939 0.524877429 -0.381078511
v 0.356613189 0.525900662 -0.383317649
v 0.355794013 0.524877429 -0.385691464
v 0.348619819 0.52109766 -0.383776724
v 0.349408209 0.518627226 -0.382983863
v 0.350544959 0.517603993 -0.380744725
v 0.351364136 0.518627226 -0.378370911
v 0.351385891 0.52109766 -0.377252996
v 0.350597501 0.523568094 -0.378045857
v 0.349460751 0.524591327 -0.380284995
v 0.348641574 0.523568094 -0.382658809
v 0.347580671 0.52109766 -0.38310051
v 0.347967535 0.518631697 -0.382041007
v 0.349546671 0.517610252 -0.380087525
v 0.351393014 0.518631697 -0.378384352
v 0.352425039 0.52109766 -0.377929211
v 0.352038175 0.523563623 -0.378988713
v 0.350459039 0.524585068 -0.380942196
v 0.348612696 0.523563623 -0.382645369
v 0.340347916 0.522874057 -0.376325011
v 0.34073478 0.520408094 -0.375265509
v 0.342313915 0.519386649 -0.373312026
v 0.344160259 0.520408094 -0.371608853
v 0.345192283 0.522874057 -0.371153712
v 0.344805419 0.525340021 -0.372213215
v 0.343226284 0.526361465 -0.374166697
v 0.341379941 0.525340021 -0.37586987
v 0.343432039 0.522874057 -0.377219945
v 0.343394756 0.520373881 -0.376170725
v 0.342991561 0.51933825 -0.373697251
v 0.342458636 0.520373881 -0.371248454
v 0.34210816 0.522874057 -0.370258778
v 0.342145443 0.525374234 -0.371307999
v 0.342548639 0.526409864 -0.373781472
v 0.343081564 0.525374234 -0.37623027
v 0.339984179 0.522650301 -0.377875656
v 0.339946896 0.520150125 -0.376826435
v 0.3395437 0.519114494 -0.374352962
v 0.339010775 0.520150125 -0.371904165
v 0.3386603 0.522650301 -0.370914489
v 0.338697582 0.525150478 -0.37196371
v 0.339100778 0.526186109 -0.374437183
v 0.339633703 0.525150478 -0.37688598
v 0.33737281 0.522650301 -0.377353489
v 0.337920845 0.520145178 -0.376471877
v 0.339289814 0.51910758 -0.374373704
v 0.340677768 0.520145178 -0.372288048
v 0.341271669 0.522650301 -0.371436656
v 0.340723634 0.525155425 -0.372318268
v 0.339354664 0.526193023 -0.374416441
v 0.33796671 0.525155425 -0.376502097
v 0.330200613 0.522744477 -0.372627437
v 0.330748647 0.520239353 -0.371745825
v 0.332117617 0.519201756 -0.369647652
v 0.333505571 0.520239353 -0.367561996
v 0.334099472 0.522744477 -0.366710603
v 0.333551437 0.5252496 -0.367592216
v 0.332182467 0.526287198 -0.369690388
v 0.330794513 0.5252496 -0.371776044
v 0.332484126 0.522744477 -0.373196185
v 0.332352877 0.520239472 -0.372166276
v 0.332102805 0.519201815 -0.369673491
v 0.33188042 0.520239472 -0.367178082
v 0.331815958 0.522744477 -0.366141856
v 0.331947207 0.525249481 -0.367171764
v 0.332197279 0.526287138 -0.36966455
v 0.332419664 0.525249481 -0.372159958
v 0.325575024 0.5228374 -0.373850584
v 0.325443774 0.520332396 -0.372820675
v 0.325193703 0.519294739 -0.37032789
v 0.324971318 0.520332396 -0.367832482
v 0.324906856 0.5228374 -0.366796255
v 0.325038105 0.525342405 -0.367826164
v 0.325288177 0.526380062 -0.370318949
v 0.325510561 0.525342405 -0.372814357
v 0.325563669 0.526365638 -0.37032342
v 0.325469136 0.525332212 -0.372828662
v 0.32524094 0.5228374 -0.373866379
v 0.325012743 0.520342588 -0.372828662
v 0.324918211 0.519309163 -0.37032342
v 0.325012743 0.520342588 -0.367818177
v 0.32524094 0.5228374 -0.36678046
v 0.325469136 0.525332212 -0.367818177
v 0.318642467 0.526998699 -0.37032342
v 0.318547934 0.525965273 -0.372828662
v 0.318319738 0.523470461 -0.373866379
v 0.318091542 0.520975649 -0.372828662
v 0.317997009 0.519942224 -0.37032342
v 0.318091542 0.520975649 -0.367818177
v 0.318319738 0.523470461 -0.36678046
v 0.318547934 0.525965273 -0.367818177
v 0.318642467 0.526998699 -0.37032342
v 0.318547934 0.525965273 -0.372828662
v 0.318319738 0.523470461 -0.373866379
v 0.318091542 0.520975649 -0.372828662
v 0.317997009 0.519942224 -0.37032342
v 0.318091542 0.520975649 -0.367818177
v 0.318319738 0.523470461 -0.36678046
v 0.318547934 0.525965273 -0.367818177
v 0.311721265 0.52763176 -0.37032342
v 0.311626732 0.526598334 -0.372828662
v 0.311398536 0.524103522 -0.373866379
v 0.31117034 0.52160871 -0.372828662
v 0.311075807 0.520575285 -0.37032342
v 0.31117034 0.52160871 -0.367818177
v 0.311398536 0.524103522 -0.36678046
v 0.311626732 0.526598334 -0.367818177
v 0.308930755 0.524103522 -0.372865587
v 0.309310526 0.521644294 -0.371787995
v 0.310913414 0.520625651 -0.369852483
v 0.312800497 0.521644294 -0.368192852
v 0.313866317 0.524103522 -0.367781252
v 0.313486546 0.52656275 -0.368858844
v 0.311883658 0.527581394 -0.370794356
v 0.309996575 0.52656275 -0.372453988
v 0.301760674 0.526046157 -0.365905315
v 0.302140445 0.523586929 -0.364827722
v 0.303743333 0.522568285 -0.36289221
v 0.305630416 0.523586929 -0.361232579
v 0.306696236 0.526046157 -0.360820979
v 0.306316465 0.528505385 -0.361898571
v 0.304713577 0.529524028 -0.363834083
v 0.302826494 0.528505385 -0.365493715
v 0.304551184 0.529574394 -0.363363147
v 0.304456651 0.528540969 -0.36586839
v 0.304228455 0.526046157 -0.366906106
v 0.304000258 0.523551345 -0.36586839
v 0.303905725 0.52251792 -0.363363147
v 0.304000258 0.523551345 -0.360857904
v 0.304228455 0.526046157 -0.359820187
v 0.304456651 0.528540969 -0.360857904
v 0.297639936 0.530206561 -0.363363147
v 0.297545403 0.529173136 -0.36586839
v 0.297317207 0.526678324 -0.366906106
v 0.29708901 0.524183512 -0.36586839
v 0.296994478 0.523150086 -0.363363147
v 0.29708901 0.524183512 -0.360857904
v 0.297317207 0.526678324 -0.359820187
v 0.297545403 0.529173136 -0.360857904
v 0.297724903 0.53019774 -0.363363147
v 0.297532469 0.529175401 -0.365867317
v 0.297213942 0.526690304 -0.366904587
v 0.296955913 0.524198174 -0.365867317
v 0.296909511 0.523158908 -0.363363147
v 0.297101945 0.524181247 -0.360858977
v 0.297420472 0.526666343 -0.359821707
v 0.2976785 0.529158473 -0.360858977
v 0.290812671 0.530998468 -0.363158882
v 0.290620238 0.52997613 -0.365663052
v 0.29030171 0.527491033 -0.366700321
v 0.290043682 0.524998903 -0.365663052
v 0.28999728 0.523959637 -0.363158882
v 0.290189713 0.524981976 -0.360654712
v 0.29050824 0.527467072 -0.359617442
v 0.290766269 0.529959202 -0.360654712
v 0.290806055 0.530999243 -0.363158882
v 0.290621251 0.529975891 -0.36566323
v 0.290309757 0.527489901 -0.36670056
v 0.290054053 0.524997592 -0.36566323
v 0.290003896 0.523958862 -0.363158882
v 0.2901887 0.524982214 -0.360654533
v 0.290500194 0.527468204 -0.359617203
v 0.290755898 0.529960513 -0.360654533
v 0.283894837 0.53178668 -0.36297068
v 0.283710033 0.530763328 -0.365475029
v 0.283398539 0.528277338 -0.366512358
v 0.283142835 0.525785029 -0.365475029
v 0.283092678 0.524746299 -0.36297068
v 0.283277482 0.525769651 -0.360466331
v 0.283588976 0.528255641 -0.359429002
v 0.28384468 0.53074795 -0.360466331
v 0.284205586 0.531737208 -0.36297068
v 0.283668995 0.530787945 -0.365453452
v 0.283029765 0.528361678 -0.366481841
v 0.282662332 0.525879622 -0.365453452
v 0.282781929 0.524795771 -0.36297068
v 0.28331852 0.525745034 -0.360487908
v 0.28395775 0.528171301 -0.359459519
v 0.284325182 0.530653358 -0.360487908
v 0.277295113 0.533154488 -0.362019032
v 0.276758522 0.532205224 -0.364501804
v 0.276119292 0.529778957 -0.365530193
v 0.275751859 0.527296901 -0.364501804
v 0.275871456 0.52621305 -0.362019032
v 0.276408046 0.527162313 -0.35953626
v 0.277047276 0.52958858 -0.358507872
v 0.277414709 0.532070637 -0.35953626
v 0.278837383 0.529683769 -0.364752471
v 0.278065622 0.527182698 -0.364043832
v 0.27642554 0.52614671 -0.362149119
v 0.274877846 0.527182698 -0.360178202
v 0.274329185 0.529683769 -0.359285593
v 0.275100946 0.532184839 -0.359994233
v 0.276741028 0.533220828 -0.361888945
v 0.278288722 0.532184839 -0.363859862
v 0.272131234 0.530186236 -0.37028262
v 0.271359473 0.527685165 -0.369573981
v 0.269719392 0.526649177 -0.367679268
v 0.268171698 0.527685165 -0.365708351
v 0.267623037 0.530186236 -0.364815742
v 0.268394798 0.532687306 -0.365524381
v 0.270034879 0.533723295 -0.367419094
v 0.271582574 0.532687306 -0.369390011
v 0.270199805 0.533714473 -0.367549181
v 0.270105302 0.532681048 -0.370054424
v 0.269877136 0.530186236 -0.371092141
v 0.269648969 0.527691424 -0.370054424
v 0.269554466 0.526657999 -0.367549181
v 0.269648969 0.527691424 -0.365043938
v 0.269877136 0.530186236 -0.364006221
v 0.270105302 0.532681048 -0.365043938
v 0.266742378 0.534030676 -0.367549181
v 0.266647875 0.532997251 -0.370054424
v 0.266419709 0.530502439 -0.371092141
v 0.266191542 0.528007627 -0.370054424
v 0.266097039 0.526974201 -0.367549181
v 0.266191542 0.528007627 -0.365043938
v 0.266419709 0.530502439 -0.364006221
v 0.266647875 0.532997251 -0.365043938
v 0.266742408 0.534030676 -0.367549181
v 0.266647905 0.532997251 -0.370054424
v 0.266419709 0.530502439 -0.371092141
v 0.266191512 0.528007627 -0.370054424
v 0.266097009 0.526974201 -0.367549181
v 0.266191512 0.528007627 -0.365043938
v 0.266419709 0.530502439 -0.364006221
v 0.266647905 0.532997251 -0.365043938
v 0.259827554 0.534663141 -0.367549181
v 0.259733051 0.533629715 -0.370054424
v 0.259504855 0.531134903 -0.371092141
v 0.259276658 0.528640091 -0.370054424
v 0.259182155 0.527606666 -0.367549181
v 0.259276658 0.528640091 -0.365043938
v 0.259504855 0.531134903 -0.364006221
v 0.259733051 0.533629715 -0.365043938
v 0.260160595 0.534616649 -0.367549181
v 0.259685874 0.5336501 -0.370037854
v 0.259105116 0.531210184 -0.371068716
v 0.258758515 0.528726161 -0.370037854
v 0.258849114 0.527653158 -0.367549181
v 0.259323835 0.528619707 -0.365060508
v 0.259904593 0.531059623 -0.364029646
v 0.260251194 0.533543646 -0.365060508
v 0.253252089 0.535917759 -0.36673668
v 0.252777368 0.53495121 -0.369225353
v 0.25219661 0.532511294 -0.370256215
v 0.251850009 0.53002727 -0.369225353
v 0.251940608 0.528954268 -0.36673668
v 0.252415329 0.529920816 -0.364248008
v 0.252996087 0.532360733 -0.363217145
v 0.253342688 0.534844756 -0.364248008
v 0.253703296 0.535801589 -0.36673668
v 0.252750516 0.535022616 -0.369152963
v 0.251707405 0.532728374 -0.370153815
v 0.25118503 0.530262947 -0.369152963
v 0.251489401 0.529070437 -0.36673668
v 0.252442181 0.52984941 -0.364320397
v 0.253485292 0.532143652 -0.363319546
v 0.254007667 0.534609079 -0.364320397
v 0.246810377 0.538068712 -0.364749551
v 0.245857567 0.537289739 -0.367165834
v 0.24481447 0.534995496 -0.368166685
v 0.244292095 0.532530069 -0.367165834
v 0.244596452 0.531337559 -0.364749551
v 0.245549262 0.532116532 -0.362333268
v 0.246592358 0.534410775 -0.361332417
v 0.247114733 0.536876202 -0.362333268
v 0.246905848 0.53803581 -0.364749551
v 0.245860815 0.537309647 -0.367144078
v 0.244723573 0.535056651 -0.368135929
v 0.244160309 0.532596588 -0.367144078
v 0.24450098 0.531370461 -0.364749551
v 0.245546013 0.532096624 -0.362355024
v 0.246683255 0.53434962 -0.361363173
v 0.247246519 0.536809683 -0.362355024
v 0.240025252 0.540518343 -0.362499475
v 0.238980219 0.53979218 -0.364894003
v 0.237842977 0.537539184 -0.365885854
v 0.237279713 0.535079122 -0.364894003
v 0.237620384 0.533852994 -0.362499475
v 0.238665417 0.534579158 -0.360104948
v 0.239802659 0.536832154 -0.359113097
v 0.240365922 0.539292216 -0.360104948
v 0.240171477 0.540461898 -0.362499475
v 0.238992751 0.539824903 -0.364857018
v 0.237714499 0.537641883 -0.365833551
v 0.237085477 0.535191655 -0.364857018
v 0.237474158 0.53390944 -0.362499475
v 0.238652885 0.534546435 -0.360141933
v 0.239931136 0.536729455 -0.3591654
v 0.240560159 0.539179683 -0.360141933
v 0.233307332 0.543287516 -0.359831005
v 0.232128605 0.542650521 -0.362188548
v 0.230850354 0.540467501 -0.363165081
v 0.230221331 0.538017273 -0.362188548
v 0.230610013 0.536735058 -0.359831005
v 0.23178874 0.537372053 -0.357473463
v 0.233066991 0.539555073 -0.35649693
v 0.233696014 0.542005301 -0.357473463
v 0.23434329 0.540011287 -0.362451345
v 0.233644724 0.537506044 -0.361683995
v 0.231958479 0.536468327 -0.359831184
v 0.230272353 0.537506044 -0.357978284
v 0.229574054 0.540011287 -0.357210666
v 0.230272621 0.54251653 -0.357978016
v 0.231958866 0.543554246 -0.359830827
v 0.233644992 0.54251653 -0.361683726
v 0.227594212 0.540011942 -0.368593305
v 0.226895645 0.5375067 -0.367825955
v 0.2252094 0.536468983 -0.365973145
v 0.223523274 0.5375067 -0.364120245
v 0.222824976 0.540011942 -0.363352627
v 0.223523542 0.542517185 -0.364119977
v 0.225209787 0.543554902 -0.365972787
v 0.226895913 0.542517185 -0.367825687
v 0.225827038 0.543500662 -0.365972966
v 0.22539483 0.542523324 -0.368465185
v 0.224854112 0.540074885 -0.369497478
v 0.224521622 0.53758949 -0.368465185
v 0.224592149 0.536523223 -0.365972966
v 0.225024357 0.53750056 -0.363480747
v 0.225565076 0.539949 -0.362448454
v 0.225897565 0.542434394 -0.363480747
v 0.21893549 0.544720352 -0.365256101
v 0.218503281 0.543743014 -0.36774832
v 0.217962563 0.541294575 -0.368780613
v 0.217630073 0.53880918 -0.36774832
v 0.217700601 0.537742913 -0.365256101
v 0.218132809 0.53872025 -0.362763882
v 0.218673527 0.54116869 -0.361731589
v 0.219006017 0.543654084 -0.362763882
v 0.219702363 0.54449296 -0.365256101
v 0.218491271 0.543879688 -0.367603511
v 0.217178702 0.541715264 -0.368575841
v 0.216533542 0.53926748 -0.367603511
v 0.216933727 0.537970304 -0.365256101
v 0.218144819 0.538583577 -0.362908691
v 0.219457388 0.540748 -0.361936361
v 0.220102549 0.543195784 -0.362908691
v 0.21285817 0.54739809 -0.362483948
v 0.211647078 0.546784818 -0.364831358
v 0.21033451 0.544620395 -0.365803689
v 0.209689349 0.542172611 -0.364831358
v 0.210089535 0.540875435 -0.362483948
v 0.211300626 0.541488707 -0.360136539
v 0.212613195 0.543653131 -0.359164208
v 0.213258356 0.546100914 -0.360136539
v 0.212076396 0.547628105 -0.362483948
v 0.211661026 0.546646774 -0.364977449
v 0.211136013 0.544195056 -0.366010278
v 0.210808903 0.541709244 -0.364977449
v 0.210871309 0.540645421 -0.362483948
v 0.211286679 0.541626751 -0.359990448
v 0.211811692 0.544078469 -0.358957618
v 0.212138802 0.546564281 -0.359990448
v 0.205195189 0.548815668 -0.361805052
v 0.204779819 0.547834337 -0.364298552
v 0.204254806 0.545382619 -0.365331382
v 0.203927696 0.542896807 -0.364298552
v 0.203990102 0.541832983 -0.361805052
v 0.204405472 0.542814314 -0.359311551
v 0.204930484 0.545266032 -0.358278722
v 0.205257595 0.547751844 -0.359311551
v 0.207715154 0.545324326 -0.363479108
v 0.206861645 0.542822421 -0.362874925
v 0.204678982 0.541786075 -0.36164403
v 0.202445745 0.542822421 -0.360507429
v 0.201470137 0.545324326 -0.360130996
v 0.202323645 0.547826231 -0.360735178
v 0.204506308 0.548862576 -0.361966074
v 0.206739545 0.547826231 -0.363102674
v 0.204385698 0.544960439 -0.369689286
v 0.203532189 0.542458534 -0.369085103
v 0.201349527 0.541422188 -0.367854208
v 0.19911629 0.542458534 -0.366717607
v 0.198140681 0.544960439 -0.366341174
v 0.19899419 0.547462344 -0.366945356
v 0.201176852 0.54849869 -0.368176252
v 0.203410089 0.547462344 -0.369312853
v 0.201648846 0.548482358 -0.36801523
v 0.201481491 0.547456741 -0.370519876
v 0.20118627 0.544968843 -0.371557355
v 0.200936094 0.542476058 -0.370519876
v 0.200877532 0.54143852 -0.36801523
v 0.201044887 0.542464137 -0.365510583
v 0.201340109 0.544952035 -0.364473104
v 0.201590285 0.54744482 -0.365510583
v 0.194748953 0.549237907 -0.367863595
v 0.194581598 0.54821229 -0.370368242
v 0.194286376 0.545724392 -0.371405721
v 0.194036201 0.543231606 -0.370368242
v 0.193977639 0.542194068 -0.367863595
v 0.194144994 0.543219686 -0.365358949
v 0.194440216 0.545707583 -0.36432147
v 0.194690391 0.548200369 -0.365358949
v 0.19574973 0.548976421 -0.367863595
v 0.194535553 0.548365057 -0.370209903
v 0.193220466 0.546201944 -0.371181786
v 0.192574844 0.54375416 -0.370209903
v 0.192976862 0.542455554 -0.367863595
v 0.194191039 0.543066919 -0.365517288
v 0.195506126 0.545230031 -0.364545405
v 0.196151748 0.547677815 -0.365517288
v 0.188927516 0.551877439 -0.365089059
v 0.18771334 0.551266074 -0.367435366
v 0.186398253 0.549102962 -0.368407249
v 0.18575263 0.546655178 -0.367435366
v 0.186154649 0.545356572 -0.365089059
v 0.187368825 0.545967937 -0.362742752
v 0.188683912 0.548131049 -0.361770868
v 0.189329535 0.550578833 -0.362742752
v 0.188221991 0.552093923 -0.365089059
v 0.187718093 0.551135182 -0.36757502
v 0.187110513 0.548701346 -0.368604749
v 0.186755151 0.546218097 -0.36757502
v 0.186860174 0.545140088 -0.365089059
v 0.187364072 0.546098828 -0.362603098
v 0.187971652 0.548532665 -0.361573368
v 0.188327014 0.551015913 -0.362603098
v 0.181352302 0.55343926 -0.364215463
v 0.180848405 0.552480519 -0.366701424
v 0.180240825 0.550046682 -0.367731154
v 0.179885462 0.547563434 -0.366701424
v 0.179990485 0.546485424 -0.364215463
v 0.180494383 0.547444165 -0.361729503
v 0.181101963 0.549878001 -0.360699773
v 0.181457326 0.55236125 -0.361729503
v 0.183098048 0.549962342 -0.366796911
v 0.182426617 0.547457695 -0.366003871
v 0.180727005 0.546420217 -0.36416319
v 0.17899482 0.547457695 -0.362353116
v 0.17824474 0.549962342 -0.361634016
v 0.178916171 0.552466989 -0.362427056
v 0.180615783 0.553504467 -0.364267737
v 0.182347968 0.552466989 -0.366077811
v 0.176281884 0.549760759 -0.373204321
v 0.175610453 0.547256112 -0.372411281
v 0.173910841 0.546218634 -0.3705706
v 0.172178656 0.547256112 -0.368760526
v 0.171428576 0.549760759 -0.368041426
v 0.172100008 0.552265406 -0.368834466
v 0.173799619 0.553302884 -0.370675147
v 0.175531805 0.552265406 -0.37248522
v 0.174454749 0.553252637 -0.370622873
v 0.174041957 0.552270591 -0.373116523
v 0.173519775 0.549818337 -0.374149442
v 0.173194095 0.547332346 -0.373116523
v 0.173255712 0.54626888 -0.370622873
v 0.173668504 0.547250926 -0.368129224
v 0.174190685 0.549703181 -0.367096305
v 0.174516365 0.552189171 -0.368129224
v 0.167575076 0.554433823 -0.369949162
v 0.167162284 0.553451777 -0.372442812
v 0.166640103 0.550999522 -0.37347573
v 0.166314423 0.548513532 -0.372442812
v 0.166376039 0.547450066 -0.369949162
v 0.166788831 0.548432112 -0.367455512
v 0.167311013 0.550884366 -0.366422594
v 0.167636693 0.553370357 -0.367455512
v 0.16819331 0.554269075 -0.369949162
v 0.167130396 0.553553045 -0.372338861
v 0.165976778 0.551307499 -0.373328716
v 0.165408239 0.548847795 -0.372338861
v 0.165757805 0.547614813 -0.369949162
v 0.16682072 0.548330843 -0.367559463
v 0.167974338 0.550576389 -0.366569608
v 0.168542877 0.553036094 -0.367559463
v 0.161378503 0.556763351 -0.36766535
v 0.160315588 0.55604732 -0.37005505
v 0.15916197 0.553801775 -0.371044904
v 0.158593431 0.55134207 -0.37005505
v 0.158942997 0.550109088 -0.36766535
v 0.160005912 0.550825119 -0.365275651
v 0.16115953 0.553070664 -0.364285797
v 0.161728069 0.555530369 -0.365275651
v 0.160922334 0.556896329 -0.36766535
v 0.160328403 0.55596453 -0.370141655
v 0.159636259 0.553551674 -0.371167362
v 0.159251362 0.551071167 -0.370141655
v 0.159399167 0.54997611 -0.36766535
v 0.159993097 0.55090791 -0.365189046
v 0.160685241 0.553320765 -0.364163339
v 0.161070138 0.555801272 -0.365189046
v 0.154068843 0.558404803 -0.366589189
v 0.153474912 0.557473004 -0.369065493
v 0.152782768 0.555060148 -0.3700912
v 0.152397871 0.552579641 -0.369065493
v 0.152545676 0.551484585 -0.366589189
v 0.153139606 0.552416384 -0.364112884
v 0.15383175 0.55482924 -0.363087177
v 0.154216647 0.557309747 -0.364112884
v 0.154482678 0.558286965 -0.366589189
v 0.153460026 0.557546616 -0.368989021
v 0.152347907 0.555282056 -0.369983047
v 0.151797742 0.552819908 -0.368989021
v 0.152131841 0.551602423 -0.366589189
v 0.153154492 0.552342772 -0.364189357
v 0.154266611 0.554607332 -0.36319533
v 0.154816777 0.55706948 -0.364189357
v 0.14768067 0.560679078 -0.364428639
v 0.146658018 0.559938729 -0.366828471
v 0.1455459 0.55767417 -0.367822498
v 0.144995734 0.555212021 -0.366828471
v 0.145329833 0.553994536 -0.364428639
v 0.146352485 0.554734886 -0.362028807
v 0.147464603 0.556999445 -0.361034781
v 0.148014769 0.559461594 -0.362028807
v 0.147034958 0.560839951 -0.364428639
v 0.146701649 0.559840858 -0.366927415
v 0.146253303 0.557374895 -0.36796242
v 0.145952553 0.554886639 -0.366927415
v 0.145975545 0.553833663 -0.364428639
v 0.146308854 0.554832757 -0.361929864
v 0.1467572 0.55729872 -0.360894859
v 0.14705795 0.559786975 -0.361929864
v 0.140167743 0.561878324 -0.363927841
v 0.139834434 0.56087923 -0.366426617
v 0.139386088 0.558413267 -0.367461622
v 0.139085338 0.555925012 -0.366426617
v 0.13910833 0.554872036 -0.363927841
v 0.139441639 0.555871129 -0.361429065
v 0.139889985 0.558337092 -0.360394061
v 0.140190735 0.560825348 -0.361429065
v 0.141934201 0.55837518 -0.366626024
v 0.141200975 0.555871189 -0.365887403
v 0.139552206 0.554834008 -0.364000887
v 0.137953714 0.555871189 -0.362071574
v 0.137341872 0.55837518 -0.361229658
v 0.138075098 0.560879171 -0.361968279
v 0.139723867 0.561916351 -0.363854796
v 0.141322359 0.560879171 -0.365784109
v 0.135100737 0.558660746 -0.372441322
v 0.134367511 0.556156754 -0.371702701
v 0.132718742 0.555119574 -0.369816184
v 0.13112025 0.556156754 -0.367886871
v 0.130508408 0.558660746 -0.367044955
v 0.131241634 0.561164737 -0.367783576
v 0.132890403 0.562201917 -0.369670093
v 0.134488896 0.561164737 -0.371599406
v 0.133127272 0.562188983 -0.369743139
v 0.133032754 0.561155558 -0.372248381
v 0.132804573 0.558660746 -0.373286098
v 0.132576391 0.556165934 -0.372248381
v 0.132481873 0.555132508 -0.369743139
v 0.132576391 0.556165934 -0.367237896
v 0.132804573 0.558660746 -0.366200179
v 0.133032754 0.561155558 -0.367237896
v 0.129679248 0.562504351 -0.369743139
v 0.12958473 0.561470926 -0.372248381
v 0.129356548 0.558976114 -0.373286098
v 0.129128367 0.556481302 -0.372248381
v 0.129033849 0.555447876 -0.369743139
v 0.129128367 0.556481302 -0.367237896
v 0.129356548 0.558976114 -0.366200179
v 0.12958473 0.561470926 -0.367237896
v 0.129679248 0.562504351 -0.369743139
v 0.12958473 0.561470926 -0.372248381
v 0.129356548 0.558976114 -0.373286098
v 0.129128367 0.556481302 -0.372248381
v 0.129033849 0.555447876 -0.369743139
v 0.129128367 0.556481302 -0.367237896
v 0.129356548 0.558976114 -0.366200179
v 0.12958473 0.561470926 -0.367237896
v 0.122783206 0.563135087 -0.369743139
v 0.122688688 0.562101662 -0.372248381
v 0.122460499 0.55960685 -0.373286098
v 0.12223231 0.557112038 -0.372248381
v 0.122137792 0.556078613 -0.369743139
v 0.12223231 0.557112038 -0.367237896
v 0.122460499 0.55960685 -0.366200179
v 0.122688688 0.562101662 -0.367237896
v 0.122783236 0.563135087 -0.369743139
v 0.122688711 0.562101662 -0.372248381
v 0.122460499 0.55960685 -0.373286098
v 0.122232288 0.557112038 -0.372248381
v 0.122137763 0.556078613 -0.369743139
v 0.122232288 0.557112038 -0.367237896
v 0.122460499 0.55960685 -0.366200179
v 0.122688711 0.562101662 -0.367237896
v 0.115887187 0.563765883 -0.369743139
v 0.115792662 0.562732458 -0.372248381
v 0.115564451 0.560237646 -0.373286098
v 0.115336239 0.557742834 -0.372248381
v 0.115241714 0.556709409 -0.369743139
v 0.115336239 0.557742834 -0.367237896
v 0.115564451 0.560237646 -0.366200179
v 0.115792662 0.562732458 -0.367237896
v 0.115887158 0.563765883 -0.369743139
v 0.11579264 0.562732458 -0.372248381
v 0.115564451 0.560237646 -0.373286098
v 0.115336262 0.557742834 -0.372248381
v 0.115241744 0.556709409 -0.369743139
v 0.115336262 0.557742834 -0.367237896
v 0.115564451 0.560237646 -0.366200179
v 0.11579264 0.562732458 -0.367237896
v 0.108991116 0.56439662 -0.369743139
v 0.108896598 0.563363194 -0.372248381
v 0.108668409 0.560868382 -0.373286098
v 0.10844022 0.55837357 -0.372248381
v 0.108345702 0.557340145 -0.369743139
v 0.10844022 0.55837357 -0.367237896
v 0.108668409 0.560868382 -0.366200179
v 0.108896598 0.563363194 -0.367237896
v 0.109623805 0.564280093 -0.369743139
v 0.108821034 0.563427269 -0.372188836
v 0.107928857 0.561075509 -0.373201847
v 0.107469901 0.558602393 -0.372188836
v 0.107713014 0.557456672 -0.369743139
v 0.108515784 0.558309495 -0.367297441
v 0.109407961 0.560661256 -0.36628443
v 0.109866917 0.563134372 -0.367297441
v 0.102818228 0.566185892 -0.368173838
v 0.102015458 0.565333068 -0.370619535
v 0.101123281 0.562981308 -0.371632546
v 0.100664325 0.560508192 -0.370619535
v 0.100907438 0.559362471 -0.368173838
v 0.101710208 0.560215294 -0.36572814
v 0.102602385 0.562567055 -0.364715129
v 0.103061341 0.565040171 -0.36572814
v 0.10253308 0.566253185 -0.368173838
v 0.102040038 0.565291345 -0.370660782
v 0.101443186 0.562855005 -0.371690929
v 0.101092167 0.560371339 -0.370660782
v 0.101192586 0.559295177 -0.368173838
v 0.101685628 0.560257018 -0.365686893
v 0.102282479 0.562693357 -0.364656746
v 0.102633499 0.565177023 -0.365686893
v 0.0956913456 0.567571282 -0.367327213
v 0.0951983035 0.566609442 -0.369814157
v 0.0946014524 0.564173102 -0.370844305
v 0.0942504331 0.561689436 -0.369814157
v 0.0943508521 0.560613275 -0.367327213
v 0.0948438942 0.561575115 -0.364840269
v 0.0954407454 0.564011455 -0.363810122
v 0.0957917646 0.566495121 -0.364840269
v 0.095394209 0.567615509 -0.367327213
v 0.0952412039 0.566588223 -0.369832069
v 0.094959259 0.564098835 -0.370869637
v 0.0947135389 0.561605573 -0.369832069
v 0.0946479887 0.560569048 -0.367327213
v 0.0948009938 0.561596334 -0.364822358
v 0.0950829387 0.564085722 -0.36378479
v 0.0953286588 0.566578984 -0.364822358
v 0.0885112286 0.568344414 -0.367205709
v 0.0883582234 0.567317128 -0.369710565
v 0.0880762786 0.56482774 -0.370748132
v 0.0878305584 0.562334478 -0.369710565
v 0.0877650082 0.561297953 -0.367205709
v 0.0879180133 0.562325239 -0.364700854
v 0.0881999582 0.564814627 -0.363663286
v 0.0884456784 0.567307889 -0.364700854
v 0.0884496272 0.568350434 -0.367205709
v 0.0883681253 0.567315876 -0.369710952
v 0.0881518945 0.564819992 -0.370748639
v 0.0879275873 0.562324762 -0.369710952
v 0.0878266096 0.561291933 -0.367205709
v 0.0879081115 0.562326491 -0.364700466
v 0.0881243423 0.564822376 -0.363662779
v 0.0883486494 0.567317605 -0.364700466
v 0.081557624 0.568958759 -0.36723271
v 0.0814761221 0.567924201 -0.369737953
v 0.0812598914 0.565428317 -0.37077564
v 0.0810355842 0.562933087 -0.369737953
v 0.0809346065 0.561900258 -0.36723271
v 0.0810161084 0.562934816 -0.364727467
v 0.0812323391 0.565430701 -0.36368978
v 0.0814566463 0.56792593 -0.364727467
v 0.0815688148 0.568957746 -0.36723271
v 0.0814742967 0.567924321 -0.369737953
v 0.0812461153 0.565429509 -0.37077567
v 0.0810179338 0.562934697 -0.369737953
v 0.0809234157 0.561901271 -0.36723271
v 0.0810179338 0.562934697 -0.364727467
v 0.0812461153 0.565429509 -0.36368975
v 0.0814742967 0.567924321 -0.364727467
v 0.0746784881 0.569587946 -0.36723271
v 0.07458397 0.568554521 -0.369737953
v 0.0743557885 0.566059709 -0.37077567
v 0.074127607 0.563564897 -0.369737953
v 0.074033089 0.562531471 -0.36723271
v 0.074127607 0.563564897 -0.364727467
v 0.0743557885 0.566059709 -0.36368975
v 0.07458397 0.568554521 -0.364727467
v 0.0746785179 0.569587946 -0.36723271
v 0.0745839924 0.568554521 -0.369737953
v 0.0743557885 0.566059709 -0.37077567
v 0.0741275847 0.563564897 -0.369737953
v 0.0740330592 0.562531471 -0.36723271
v 0.0741275847 0.563564897 -0.364727467
v 0.0743557885 0.566059709 -0.36368975
v 0.0745839924 0.568554521 -0.364727467
v 0.0677881911 0.570218205 -0.36723271
v 0.0676936656 0.56918478 -0.369737953
v 0.0674654618 0.566689968 -0.37077567
v 0.067237258 0.564195156 -0.369737953
v 0.0671427324 0.563161731 -0.36723271
v 0.067237258 0.564195156 -0.364727467
v 0.0674654618 0.566689968 -0.36368975
v 0.0676936656 0.56918478 -0.364727467
v 0.0677619129 0.57022053 -0.36723271
v 0.0676978752 0.569184542 -0.369737864
v 0.0674977005 0.566687286 -0.370775521
v 0.0672786385 0.56419158 -0.369737864
v 0.0671690106 0.563159406 -0.36723271
v 0.0672330484 0.564195395 -0.364727557
v 0.0674332231 0.56669265 -0.363689899
v 0.0676522851 0.569188356 -0.364727557
v 0.0608670749 0.57079947 -0.367295891
v 0.0608030446 0.569763482 -0.369801044
v 0.0606028661 0.567266226 -0.370838702
v 0.0603838004 0.56477052 -0.369801044
v 0.06027418 0.563738346 -0.367295891
v 0.0603382103 0.564774334 -0.364790738
v 0.0605383888 0.56727159 -0.36375308
v 0.0607574545 0.569767296 -0.364790738
v 0.0608803146 0.570798278 -0.367295891
v 0.0608009063 0.569763601 -0.369801104
v 0.0605866052 0.567267478 -0.370838821
v 0.0603629425 0.564772248 -0.369801104
v 0.0602609403 0.563739538 -0.367295891
v 0.0603403486 0.564774215 -0.364790678
v 0.0605546497 0.567270339 -0.363752961
v 0.0607783124 0.569765568 -0.364790678
v 0.0539875403 0.571403086 -0.367327213
v 0.053908132 0.570368409 -0.369832426
v 0.053693831 0.567872286 -0.370870143
v 0.0534701683 0.565377057 -0.369832426
v 0.0533681661 0.564344347 -0.367327213
v 0.0534475744 0.565379024 -0.364822
v 0.0536618754 0.567875147 -0.363784283
v 0.0538855381 0.570370376 -0.364822
v 0.0539144836 0.571408749 -0.367327213
v 0.0539199747 0.57036835 -0.369831353
v 0.0537836328 0.567866623 -0.370868593
v 0.0535853282 0.56536907 -0.369831353
v 0.0534412228 0.564338684 -0.367327213
v 0.0534357317 0.565379083 -0.364823073
v 0.0535720736 0.567880809 -0.363785833
v 0.0537703782 0.570378363 -0.364823073
v 0.0470082164 0.571871042 -0.367534429
v 0.0470137075 0.570830643 -0.370038569
v 0.0468773656 0.568328917 -0.371075809
v 0.0466790609 0.565831363 -0.370038569
v 0.0465349555 0.564800978 -0.367534429
v 0.0465294644 0.565841377 -0.365030289
v 0.0466658063 0.568343103 -0.363993049
v 0.046864111 0.570840657 -0.365030289
v 0.0469767004 0.571873009 -0.367534429
v 0.0470187329 0.57083112 -0.370037585
v 0.0469159856 0.568327665 -0.371074438
v 0.0467286557 0.565829039 -0.370037585
v 0.0465664715 0.564799011 -0.367534429
v 0.046524439 0.5658409 -0.365031272
v 0.0466271862 0.568344355 -0.36399442
v 0.0468145162 0.570842981 -0.365031272
v 0.0400635712 0.57227391 -0.367817372
v 0.0401056036 0.571232021 -0.370320529
v 0.0400028564 0.568728566 -0.371357381
v 0.0398155265 0.566229939 -0.370320529
v 0.0396533422 0.565199912 -0.367817372
v 0.0396113098 0.566241801 -0.365314215
v 0.039714057 0.568745255 -0.364277363
v 0.0399013869 0.571243882 -0.365314215
v 0.0406200252 0.568736911 -0.371277511
v 0.0406076908 0.566240966 -0.370217681
v 0.040156465 0.565207124 -0.367751777
v 0.0395306684 0.566240966 -0.365324289
v 0.0390968882 0.568736911 -0.364357233
v 0.0391092226 0.571232855 -0.365417063
v 0.0395604484 0.572266698 -0.367882967
v 0.040186245 0.571232855 -0.370310456
v 0.0336041488 0.56811589 -0.372821689
v 0.0335918143 0.565619946 -0.371761858
v 0.0331405886 0.564586103 -0.369295955
v 0.0325147919 0.565619946 -0.366868466
v 0.0320810117 0.56811589 -0.365901411
v 0.0320933461 0.570611835 -0.366961241
v 0.0325445719 0.571645677 -0.369427145
v 0.0331703685 0.570611835 -0.371854633
v 0.0331652649 0.571644127 -0.36936155
v 0.0330707543 0.570610702 -0.371866792
v 0.0328425802 0.56811589 -0.372904509
v 0.0326144062 0.565621078 -0.371866792
v 0.0325198956 0.564587653 -0.36936155
v 0.0326144062 0.565621078 -0.366856307
v 0.0328425802 0.56811589 -0.36581859
v 0.0330707543 0.570610702 -0.366856307
v 0.0262700859 0.572274745 -0.36936155
v 0.0261755735 0.571241319 -0.371866792
v 0.0259474013 0.568746507 -0.372904509
v 0.0257192291 0.566251695 -0.371866792
v 0.0256247167 0.56521827 -0.36936155
v 0.0257192291 0.566251695 -0.366856307
v 0.0259474013 0.568746507 -0.36581859
v 0.0261755735 0.571241319 -0.366856307
v 0.0262701157 0.572274745 -0.36936155
v 0.0261755958 0.571241319 -0.371866792
v 0.0259474013 0.568746507 -0.372904509
v 0.0257192068 0.566251695 -0.371866792
v 0.0256246869 0.56521827 -0.36936155
v 0.0257192068 0.566251695 -0.366856307
v 0.0259474013 0.568746507 -0.36581859
v 0.0261755958 0.571241319 -0.366856307
v 0.0193749387 0.572905421 -0.36936155
v 0.0192804188 0.571871996 -0.371866792
v 0.0190522242 0.569377184 -0.372904509
v 0.0188240297 0.566882372 -0.371866792
v 0.0187295098 0.565848947 -0.36936155
v 0.0188240297 0.566882372 -0.366856307
v 0.0190522242 0.569377184 -0.36581859
v 0.0192804188 0.571871996 -0.366856307
v 0.0197154582 0.569377184 -0.372841865
v 0.0196764953 0.566876948 -0.371792912
v 0.0192718431 0.565841258 -0.369319707
v 0.0187385399 0.566876948 -0.366870999
v 0.0183889903 0.569377184 -0.365881234
v 0.0184279531 0.57187742 -0.366930187
v 0.0188326053 0.57291311 -0.369403392
v 0.0193659086 0.57187742 -0.3718521
v 0.0127036534 0.568925858 -0.374178082
v 0.0126646897 0.566425622 -0.373129129
v 0.0122600365 0.565389931 -0.370655924
v 0.0117267342 0.566425622 -0.368207216
v 0.0113771837 0.568925858 -0.367217451
v 0.0114161475 0.571426094 -0.368266404
v 0.0118208006 0.572461784 -0.370739609
v 0.0123541029 0.571426094 -0.373188317
v 0.0122824311 0.572460532 -0.370697767
v 0.0122816358 0.571420431 -0.373202026
v 0.0121395392 0.568919063 -0.374239326
v 0.0119393785 0.566421688 -0.373202026
v 0.011798406 0.565391183 -0.370697767
v 0.0117992014 0.566431284 -0.368193507
v 0.0119412979 0.568932652 -0.367156208
v 0.0121414587 0.571430027 -0.368193507
v 0.0053667929 0.572934031 -0.370892227
v 0.00536599755 0.57189393 -0.373396486
v 0.00522390055 0.569392562 -0.374433786
v 0.00502374023 0.566895187 -0.373396486
v 0.0048827678 0.565864682 -0.370892227
v 0.00488356315 0.566904783 -0.368387967
v 0.00502566015 0.569406152 -0.367350668
v 0.00522582047 0.571903527 -0.368387967
v 0.00542533584 0.572929561 -0.370892227
v 0.00535655674 0.57189393 -0.37339741
v 0.0051520057 0.569397032 -0.374435067
v 0.0049315067 0.566901505 -0.37339741
v 0.00482422486 0.565869153 -0.370892227
v 0.00489300396 0.566904783 -0.368387043
v 0.005097555 0.569401681 -0.367349386
v 0.005318054 0.571897209 -0.368387043
v -0.00147823838 0.573517323 -0.370945662
v -0.00154701795 0.572481692 -0.373450845
v -0.00175156875 0.569984794 -0.374488503
v -0.00197206787 0.567489266 -0.373450845
v -0.00207934971 0.566456914 -0.370945662
v -0.00201057037 0.567492545 -0.368440479
v -0.00180601946 0.569989443 -0.367402822
v -0.00158552034 0.57248497 -0.368440479
v -0.00145609595 0.573515356 -0.370945662
v -0.00155061204 0.57248193 -0.373450905
v -0.0017787941 0.569987118 -0.374488622
v -0.00200697617 0.567492306 -0.373450905
v -0.00210149237 0.566458881 -0.370945662
v -0.00200697617 0.567492306 -0.368440419
v -0.0017787941 0.569987118 -0.367402703
v -0.00155061204 0.57248193 -0.368440419
v -0.00835488364 0.57414633 -0.370945662
v -0.00844939984 0.573112905 -0.373450905
v -0.00867758226 0.570618093 -0.374488622
v -0.00890576467 0.568123281 -0.373450905
v -0.00900028087 0.567089856 -0.370945662
v -0.00890576467 0.568123281 -0.368440419
v -0.00867758226 0.570618093 -0.367402703
v -0.00844939984 0.573112905 -0.368440419
v -0.00835485384 0.57414633 -0.370945662
v -0.00844937842 0.573112905 -0.373450905
v -0.00867758226 0.570618093 -0.374488622
v -0.00890578609 0.568123281 -0.373450905
v -0.00900031067 0.567089856 -0.370945662
v -0.00890578609 0.568123281 -0.368440419
v -0.00867758226 0.570618093 -0.367402703
v -0.00844937842 0.573112905 -0.368440419
v -0.0152536426 0.574777365 -0.370945662
v -0.0153481672 0.573743939 -0.373450905
v -0.015576371 0.571249127 -0.374488622
v -0.0158045739 0.568754315 -0.373450905
v -0.0158990994 0.56772089 -0.370945662
v -0.0158045739 0.568754315 -0.368440419
v -0.015576371 0.571249127 -0.367402703
v -0.0153481672 0.573743939 -0.368440419
v -0.0179073829 0.571249127 -0.373613805
v -0.0174422916 0.568760574 -0.372642159
v -0.0158841703 0.567729831 -0.370676756
v -0.014145744 0.568760574 -0.368868858
v -0.0132453591 0.571249127 -0.36827752
v -0.0137104494 0.573737681 -0.369249165
v -0.0152685717 0.574768424 -0.371214569
v -0.0170069989 0.573737681 -0.373022467
v -0.0246862527 0.572294533 -0.367691457
v -0.0242211632 0.56980598 -0.366719812
v -0.0226630419 0.568775237 -0.364754409
v -0.0209246147 0.56980598 -0.36294651
v -0.0200242307 0.572294533 -0.362355173
v -0.0204893202 0.574783087 -0.363326818
v -0.0220474415 0.57581383 -0.365292221
v -0.0237858687 0.574783087 -0.36710012
v -0.0215038247 0.572294533 -0.368462443
v -0.0214918777 0.569803774 -0.367390454
v -0.021985678 0.568772078 -0.364931822
v -0.0226959642 0.569803774 -0.362526774
v -0.0232066587 0.572294533 -0.361584187
v -0.0232186057 0.574785292 -0.362656176
v -0.0227248054 0.575816989 -0.365114808
v -0.0220145192 0.574785292 -0.367519855
v -0.0285719782 0.571507514 -0.370212287
v -0.0285600312 0.569016755 -0.369140297
v -0.0290538315 0.567985058 -0.366681665
v -0.0297641177 0.569016755 -0.364276618
v -0.0302748121 0.571507514 -0.36333403
v -0.0302867591 0.573998272 -0.364406019
v -0.0297929589 0.575029969 -0.366864651
v -0.0290826727 0.573998272 -0.369269699
v -0.0292132962 0.575044215 -0.366773158
v -0.0291772131 0.574002564 -0.369276494
v -0.0292853378 0.571499288 -0.370313406
v -0.0294743367 0.5690009 -0.369276494
v -0.0296334941 0.567970812 -0.366773158
v -0.0296695773 0.569012463 -0.364269823
v -0.0295614526 0.571515739 -0.363232911
v -0.0293724537 0.574014127 -0.364269823
v -0.0361365229 0.575455487 -0.367044091
v -0.0361004397 0.574413836 -0.369547427
v -0.0362085663 0.57191056 -0.370584339
v -0.0363975614 0.569412172 -0.369547427
v -0.0365567207 0.568382084 -0.367044091
v -0.0365928039 0.569423735 -0.364540756
v -0.0364846773 0.571927011 -0.363503844
v -0.0362956822 0.574425399 -0.364540756
v -0.0357045867 0.571918786 -0.3705284
v -0.0357487425 0.569417834 -0.369481355
v -0.0361431278 0.568381846 -0.3670066
v -0.0366567187 0.569417834 -0.364553809
v -0.036988657 0.571918786 -0.363559783
v -0.0369445011 0.574419737 -0.364606827
v -0.0365501158 0.575455725 -0.367081583
v -0.0360365249 0.574419737 -0.369534373
v -0.042737361 0.571500421 -0.371824294
v -0.0427815169 0.568999469 -0.370777249
v -0.0431759022 0.567963481 -0.368302494
v -0.0436894931 0.568999469 -0.365849704
v -0.0440214314 0.571500421 -0.364855677
v -0.0439772755 0.574001372 -0.365902722
v -0.0435828902 0.57503736 -0.368377477
v -0.0430692993 0.574001372 -0.370830268
v -0.0430566967 0.575028658 -0.368339986
v -0.0431512147 0.573995233 -0.370845228
v -0.0433793962 0.571500421 -0.371882945
v -0.0436075777 0.569005609 -0.370845228
v -0.0437020957 0.567972183 -0.368339986
v -0.0436075777 0.569005609 -0.365834743
v -0.0433793962 0.571500421 -0.364797026
v -0.0431512147 0.573995233 -0.365834743
v -0.0499554835 0.575659633 -0.368339986
v -0.0500500016 0.574626207 -0.370845228
v -0.0502781831 0.572131395 -0.371882945
v -0.0505063646 0.569636583 -0.370845228
v -0.0506008826 0.568603158 -0.368339986
v -0.0505063646 0.569636583 -0.365834743
v -0.0502781831 0.572131395 -0.364797026
v -0.0500500016 0.574626207 -0.365834743
v -0.0520539582 0.572131395 -0.37140581
v -0.0514016189 0.569630802 -0.370584428
v -0.0500911884 0.568595052 -0.368448287
v -0.0488902964 0.569630802 -0.366248727
v -0.048502408 0.572131395 -0.365274161
v -0.0491547473 0.574631989 -0.366095543
v -0.0504651777 0.575667739 -0.368231684
v -0.0516660698 0.574631989 -0.370431244
v -0.0590038709 0.571640611 -0.367380291
v -0.0583515316 0.569140017 -0.366558909
v -0.0570411012 0.568104267 -0.364422768
v -0.0558402091 0.569140017 -0.362223208
v -0.0554523207 0.571640611 -0.361248642
v -0.05610466 0.574141204 -0.362070024
v -0.0574150905 0.575176954 -0.364206165
v -0.0586159825 0.574141204 -0.366405725
v -0.0565291308 0.571640611 -0.367787808
v -0.0565569028 0.569141865 -0.366734862
v -0.0569778532 0.56810683 -0.364264101
v -0.05754539 0.569141865 -0.361822844
v -0.0579270609 0.571640611 -0.360841125
v -0.0578992888 0.574139357 -0.361894071
v -0.0574783385 0.575174391 -0.364364833
v -0.0569108017 0.574139357 -0.36680609
v -0.063584663 0.571120739 -0.36920765
v -0.0636124387 0.568621993 -0.368154705
v -0.0640333891 0.567586958 -0.365683943
v -0.0646009296 0.568621993 -0.363242686
v -0.0649826005 0.571120739 -0.362260967
v -0.0649548247 0.573619485 -0.363313913
v -0.0645338744 0.57465452 -0.365784675
v -0.0639663339 0.573619485 -0.368225932
v -0.062756367 0.571120739 -0.368931174
v -0.0626119226 0.568702877 -0.36771214
v -0.0634467453 0.56770134 -0.365334481
v -0.0647718012 0.568702877 -0.363191068
v -0.0658108965 0.571120739 -0.362537444
v -0.0659553409 0.573538601 -0.363756478
v -0.0651205182 0.574540138 -0.366134137
v -0.0637954623 0.573538601 -0.36827755
v -0.0700560883 0.568926394 -0.372418523
v -0.0699116439 0.566508532 -0.371199489
v -0.0707464665 0.565506995 -0.36882183
v -0.0720715225 0.566508532 -0.366678417
v -0.0731106177 0.568926394 -0.366024792
v -0.0732550621 0.571344256 -0.367243826
v -0.0724202394 0.572345793 -0.369621485
v -0.0710951835 0.571344256 -0.371764898
v -0.0711732656 0.568926394 -0.372740805
v -0.0712830722 0.566421151 -0.37170887
v -0.0715687722 0.565383494 -0.369219959
v -0.071863018 0.566421151 -0.366732031
v -0.0719934404 0.568926394 -0.36570251
v -0.0718836337 0.571431637 -0.366734445
v -0.0715979338 0.572469294 -0.369223356
v -0.071303688 0.571431637 -0.371711284
v -0.0781756863 0.568897188 -0.373556793
v -0.078285493 0.566391945 -0.372524858
v -0.0785711929 0.565354288 -0.370035946
v -0.0788654387 0.566391945 -0.367548019
v -0.0789958611 0.568897188 -0.366518497
v -0.0788860545 0.571402431 -0.367550433
v -0.0786003545 0.572440088 -0.370039344
v -0.0783061087 0.571402431 -0.372527272
v -0.0776263177 0.568897188 -0.373448223
v -0.0775865614 0.566414177 -0.372359037
v -0.0781321377 0.565385699 -0.369910032
v -0.0789434463 0.566414177 -0.36753577
v -0.0795452297 0.568897188 -0.366627067
v -0.079584986 0.571380198 -0.367716253
v -0.0790394098 0.572408676 -0.370165259
v -0.0782281011 0.571380198 -0.37253952
v -0.0847753286 0.567900538 -0.375459373
v -0.0847355723 0.565417528 -0.374370188
v -0.0852811486 0.56438905 -0.371921182
v -0.0860924572 0.565417528 -0.36954692
v -0.0866942406 0.567900538 -0.368638217
v -0.0867339969 0.570383549 -0.369727403
v -0.0861884207 0.571412027 -0.372176409
v -0.085377112 0.570383549 -0.37455067
v -0.0889280438 0.567900538 -0.373583615
v -0.0881803334 0.565432966 -0.372743815
v -0.0860000551 0.564410925 -0.371496886
v -0.0836643875 0.565432966 -0.370573252
v -0.0825415254 0.567900538 -0.370513976
v -0.0832892358 0.570368111 -0.371353775
v -0.0854695141 0.571390152 -0.372600704
v -0.0878051817 0.570368111 -0.373524338
v -0.0921087787 0.569188952 -0.366965979
v -0.0913610682 0.56672138 -0.36612618
v -0.0891807899 0.565699339 -0.364879251
v -0.0868451223 0.56672138 -0.363955617
v -0.0857222602 0.569188952 -0.36389634
v -0.0864699706 0.571656525 -0.36473614
v -0.0886502489 0.572678566 -0.365983069
v -0.0909859166 0.571656525 -0.366906703
v -0.0879624039 0.569188952 -0.368843496
v -0.0879232585 0.566705585 -0.367755145
v -0.0884653702 0.565676928 -0.365305424
v -0.0892711729 0.566705585 -0.362929344
v -0.0898686349 0.569188952 -0.362018824
v -0.0899077803 0.57167232 -0.363107175
v -0.0893656686 0.572700977 -0.365556896
v -0.088559866 0.57167232 -0.367932975
v -0.0951123536 0.568201005 -0.370840579
v -0.0950732082 0.565717638 -0.369752228
v -0.0956153199 0.564688981 -0.367302507
v -0.0964211226 0.565717638 -0.364926428
v -0.0970185846 0.568201005 -0.364015907
v -0.09705773 0.570684373 -0.365104258
v -0.0965156183 0.57171303 -0.367553979
v -0.0957098156 0.570684373 -0.369930059
v -0.0951411277 0.568201005 -0.370848507
v -0.0951090679 0.565715492 -0.369764894
v -0.0956372544 0.564685941 -0.367312521
v -0.0964162797 0.565715492 -0.364927918
v -0.0969898105 0.568201005 -0.36400798
v -0.0970218703 0.570686519 -0.365091592
v -0.0964936838 0.57171607 -0.367543966
v -0.0957146585 0.570686519 -0.369928569
v -0.10229212 0.567266226 -0.372781098
v -0.102260061 0.564780712 -0.371697485
v -0.102788247 0.563751161 -0.369245112
v -0.103567272 0.564780712 -0.366860509
v -0.104140803 0.567266226 -0.365940571
v -0.104172863 0.56975174 -0.367024183
v -0.103644677 0.570781291 -0.369476557
v -0.102865651 0.56975174 -0.37186116
v -0.102958672 0.567266226 -0.372894406
v -0.103112593 0.564762235 -0.371865153
v -0.103327364 0.563724995 -0.369368911
v -0.103477173 0.564762235 -0.366867959
v -0.103474252 0.567266226 -0.365827262
v -0.10332033 0.569770217 -0.366856515
v -0.10310556 0.570807457 -0.369352758
v -0.102955751 0.569770217 -0.371853709
v -0.109936714 0.567485929 -0.37340349
v -0.110090636 0.564981937 -0.372374237
v -0.110305406 0.563944697 -0.369877994
v -0.110455215 0.564981937 -0.367377043
v -0.110452294 0.567485929 -0.366336346
v -0.110298373 0.56998992 -0.367365599
v -0.110083602 0.57102716 -0.369861841
v -0.109933794 0.56998992 -0.372362792
v -0.11247959 0.567485929 -0.372577488
v -0.111992478 0.56499207 -0.371630698
v -0.110452145 0.563959062 -0.36965248
v -0.108760886 0.56499207 -0.367801636
v -0.107909419 0.567485929 -0.367162347
v -0.10839653 0.569979787 -0.368109137
v -0.109936863 0.571012795 -0.370087355
v -0.111628123 0.569979787 -0.371938199
v -0.119203396 0.56832695 -0.366902858
v -0.118716285 0.565833092 -0.365956068
v -0.117175952 0.564800084 -0.363977849
v -0.115484692 0.565833092 -0.362127006
v -0.114633225 0.56832695 -0.361487716
v -0.115120336 0.570820808 -0.362434506
v -0.116660669 0.571853817 -0.364412725
v -0.118351929 0.570820808 -0.366263568
v -0.116556667 0.56832695 -0.36771974
v -0.116679832 0.565821767 -0.366689235
v -0.116942689 0.56478405 -0.364197791
v -0.11719127 0.565821767 -0.361704886
v -0.117279954 0.56832695 -0.360670835
v -0.117156789 0.570832133 -0.361701339
v -0.116893932 0.57186985 -0.364192784
v -0.116645351 0.570832133 -0.366685688
v -0.12355902 0.568375647 -0.368438244
v -0.123682186 0.565870464 -0.367407739
v -0.123945042 0.564832747 -0.364916295
v -0.124193624 0.565870464 -0.36242339
v -0.124282308 0.568375647 -0.361389339
v -0.124159142 0.57088083 -0.362419844
v -0.123896286 0.571918547 -0.364911288
v -0.123647705 0.57088083 -0.367404193
v -0.122437313 0.568375647 -0.36813128
v -0.12229564 0.565952063 -0.366923273
v -0.123105884 0.564948142 -0.364538163
v -0.124393411 0.565952063 -0.362373054
v -0.125404015 0.568375647 -0.361696303
v -0.125545695 0.570799232 -0.36290431
v -0.124735445 0.571803153 -0.36528942
v -0.123447917 0.570799232 -0.367454529
v -0.129803747 0.566252291 -0.371527404
v -0.129662067 0.563828707 -0.370319396
v -0.130472317 0.562824786 -0.367934287
v -0.131759852 0.563828707 -0.365769178
v -0.132770449 0.566252291 -0.365092427
v -0.132912129 0.568675876 -0.366300434
v -0.132101879 0.569679797 -0.368685544
v -0.130814344 0.568675876 -0.370850652
v -0.130973354 0.569781303 -0.368309915
v -0.131057531 0.568746984 -0.370815158
v -0.131276175 0.566251338 -0.371852845
v -0.131501228 0.563756168 -0.370815158
v -0.131600842 0.562723279 -0.368309915
v -0.131516665 0.563757598 -0.365804672
v -0.13129802 0.566253245 -0.364766985
v -0.131072968 0.568748415 -0.365804672
v -0.137892902 0.570396483 -0.368331403
v -0.137977079 0.569362164 -0.370836645
v -0.138195723 0.566866517 -0.371874332
v -0.138420776 0.564371347 -0.370836645
v -0.13852039 0.563338459 -0.368331403
v -0.138436213 0.564372778 -0.36582616
v -0.138217568 0.566868424 -0.364788473
v -0.137992516 0.569363594 -0.36582616
v -0.141350493 0.566867471 -0.369965047
v -0.140577316 0.564382792 -0.369202435
v -0.138415441 0.563353539 -0.367929578
v -0.136131242 0.564382792 -0.366892129
v -0.135062799 0.566867471 -0.366697758
v -0.135835975 0.56935215 -0.36746037
v -0.137997851 0.570381403 -0.368733227
v -0.14028205 0.56935215 -0.369770676
v -0.144531637 0.567756534 -0.363843113
v -0.143758461 0.565271854 -0.363080502
v -0.141596586 0.564242601 -0.361807644
v -0.139312387 0.565271854 -0.360770196
v -0.138243943 0.567756534 -0.360575825
v -0.13901712 0.570241213 -0.361338437
v -0.141178995 0.571270466 -0.362611294
v -0.143463194 0.570241213 -0.363648742
v -0.140468404 0.567756534 -0.365631074
v -0.14043577 0.565270841 -0.364547789
v -0.140960813 0.56424129 -0.36209473
v -0.141735971 0.565270841 -0.359708905
v -0.142307177 0.567756534 -0.358787864
v -0.142339811 0.570242226 -0.359871149
v -0.141814768 0.571271777 -0.362324208
v -0.14103961 0.570242226 -0.364710033
v -0.147648364 0.566821456 -0.367560327
v -0.147615731 0.564335763 -0.366477042
v -0.148140773 0.563306212 -0.364023983
v -0.148915932 0.564335763 -0.361638159
v -0.149487138 0.566821456 -0.360717118
v -0.149519771 0.569307148 -0.361800402
v -0.148994729 0.570336699 -0.364253461
v -0.148219571 0.569307148 -0.366639286
v -0.147802025 0.566821456 -0.367597938
v -0.147809386 0.564326048 -0.366536736
v -0.148260996 0.563292444 -0.364070833
v -0.148892298 0.564326048 -0.361644655
v -0.149333477 0.566821456 -0.360679507
v -0.149326116 0.569316864 -0.361740708
v -0.148874506 0.570350468 -0.364206612
v -0.148243204 0.569316864 -0.366632789
v -0.154940948 0.566170514 -0.369178206
v -0.154948309 0.563675106 -0.368117005
v -0.155399919 0.562641501 -0.365651101
v -0.156031221 0.563675106 -0.363224924
v -0.1564724 0.566170514 -0.362259775
v -0.156465039 0.568665922 -0.363320976
v -0.156013429 0.569699526 -0.36578688
v -0.155382127 0.568665922 -0.368213058
v -0.15791215 0.566170514 -0.368491799
v -0.157398373 0.563670993 -0.367574513
v -0.155893624 0.562635601 -0.365570277
v -0.154279366 0.563670993 -0.363653183
v -0.153501198 0.566170514 -0.362946182
v -0.154014975 0.568670034 -0.363863468
v -0.155519724 0.569705427 -0.365867704
v -0.157133982 0.568670034 -0.367784798
v -0.164639011 0.566751361 -0.363141298
v -0.164125234 0.56425184 -0.362224013
v -0.162620485 0.563216448 -0.360219777
v -0.161006227 0.56425184 -0.358302683
v -0.160228059 0.566751361 -0.357595682
v -0.160741836 0.569250882 -0.358512968
v -0.162246585 0.570286274 -0.360517204
v -0.163860843 0.569250882 -0.362434298
v -0.161191493 0.566751361 -0.363686621
v -0.161086068 0.564296722 -0.362539113
v -0.161769956 0.563279986 -0.360120088
v -0.162842572 0.564296722 -0.357846588
v -0.163675576 0.566751361 -0.357050359
v -0.163781002 0.569205999 -0.358197868
v -0.163097113 0.570222735 -0.360616893
v -0.162024498 0.569205999 -0.362890393
v -0.168506324 0.565157175 -0.36642471
v -0.168400899 0.562702537 -0.365277201
v -0.169084787 0.561685801 -0.362858176
v -0.170157403 0.562702537 -0.360584676
v -0.170990407 0.565157175 -0.359788448
v -0.171095833 0.567611814 -0.360935956
v -0.170411944 0.56862855 -0.363354981
v -0.169339329 0.567611814 -0.365628481
v -0.167145833 0.565157175 -0.365510613
v -0.167094499 0.562957525 -0.363925695
v -0.168597758 0.562046349 -0.361860961
v -0.170775026 0.562957525 -0.360525876
v -0.172350898 0.565157175 -0.360702544
v -0.172402233 0.567356825 -0.362287462
v -0.170898974 0.568268001 -0.364352196
v -0.168721706 0.567356825 -0.365687281
v -0.175403446 0.558523417 -0.374450028
v -0.175352111 0.556323767 -0.372865111
v -0.17685537 0.555412591 -0.370800376
v -0.179032639 0.556323767 -0.369465292
v -0.180608511 0.558523417 -0.36964196
v -0.180659845 0.560723066 -0.371226877
v -0.179156587 0.561634243 -0.373291612
v -0.176979318 0.560723066 -0.374626696
v -0.181050926 0.558523417 -0.373857319
v -0.180611506 0.556179643 -0.372566223
v -0.178645805 0.555208862 -0.370970398
v -0.176305294 0.556179643 -0.370004654
v -0.17496103 0.558523417 -0.370234668
v -0.175400451 0.56086719 -0.371525764
v -0.177366152 0.561837971 -0.373121589
v -0.179706663 0.56086719 -0.374087334
v -0.187056944 0.562959135 -0.363760769
v -0.186617523 0.560615361 -0.362469673
v -0.184651822 0.55964458 -0.360873848
v -0.182311311 0.560615361 -0.359908104
v -0.180967048 0.562959135 -0.360138118
v -0.181406468 0.565302908 -0.361429214
v -0.18337217 0.566273689 -0.363025039
v -0.18571268 0.565302908 -0.363990784
v -0.181605324 0.562959135 -0.364549547
v -0.181494132 0.560714185 -0.363032609
v -0.182857871 0.559784353 -0.36088118
v -0.184897676 0.560714185 -0.359355509
v -0.186418667 0.562959135 -0.35934934
v -0.18652986 0.565204084 -0.360866278
v -0.185166121 0.566133916 -0.363017708
v -0.183126315 0.565204084 -0.364543378
v -0.189682588 0.557507157 -0.372025937
v -0.189571396 0.555262208 -0.370508999
v -0.190935135 0.554332376 -0.368357569
v -0.19297494 0.555262208 -0.366831899
v -0.194495931 0.557507157 -0.36682573
v -0.194607124 0.559752107 -0.368342668
v -0.193243384 0.560681939 -0.370494097
v -0.191203579 0.559752107 -0.372019768
v -0.191778794 0.557507157 -0.372955173
v -0.191916004 0.555002332 -0.371925503
v -0.192154691 0.553964794 -0.369431585
v -0.192355067 0.555002332 -0.366934299
v -0.192399725 0.557507157 -0.365896493
v -0.192262515 0.560011983 -0.366926163
v -0.192023829 0.561049521 -0.369420081
v -0.191823453 0.560011983 -0.371917367
v -0.198813111 0.557638109 -0.373573959
v -0.19895032 0.555133283 -0.372544289
v -0.199189007 0.554095745 -0.370050371
v -0.199389383 0.555133283 -0.367553085
v -0.199434042 0.557638109 -0.366515279
v -0.199296832 0.560142934 -0.367544949
v -0.199058145 0.561180472 -0.370038867
v -0.198857769 0.560142934 -0.372536153
v -0.202110857 0.557638109 -0.371949524
v -0.201255009 0.555133104 -0.371361643
v -0.199150592 0.554095507 -0.37000227
v -0.197030351 0.555133104 -0.368667692
v -0.196136296 0.557638109 -0.368139714
v -0.196992144 0.560143113 -0.368727595
v -0.19909656 0.561180711 -0.370086968
v -0.201216802 0.560143113 -0.371421546
v -0.205389753 0.557724595 -0.36680758
v -0.204533905 0.555219591 -0.366219699
v -0.202429488 0.554181993 -0.364860326
v -0.200309247 0.555219591 -0.363525748
v -0.199415192 0.557724595 -0.36299777
v -0.20027104 0.560229599 -0.363585651
v -0.202375457 0.561267197 -0.364945024
v -0.204495698 0.560229599 -0.366279602
v -0.201501653 0.557724595 -0.368329197
v -0.201471001 0.555237949 -0.367248178
v -0.201985985 0.554207921 -0.364793181
v -0.202744946 0.555237949 -0.36240232
v -0.203303292 0.557724595 -0.361476153
v -0.203333944 0.560211241 -0.362557173
v -0.20281896 0.561241269 -0.365012169
v -0.202059999 0.560211241 -0.36740303
v -0.208740279 0.556808054 -0.370232195
v -0.208709627 0.554321408 -0.369151175
v -0.209224612 0.55329138 -0.366696179
v -0.209983572 0.554321408 -0.364305317
v -0.210541919 0.556808054 -0.363379151
v -0.210572571 0.559294701 -0.36446017
v -0.210057586 0.560324728 -0.366915166
v -0.209298626 0.559294701 -0.369306028
v -0.209331051 0.556808054 -0.370335042
v -0.209468082 0.554303229 -0.369305372
v -0.20970647 0.553265691 -0.366811424
v -0.209906563 0.554303229 -0.364314109
v -0.209951147 0.556808054 -0.363276303
v -0.209814116 0.55931288 -0.364305973
v -0.209575728 0.560350418 -0.366799921
v -0.209375635 0.55931288 -0.369297236
v -0.216368958 0.556938946 -0.370953321
v -0.216505989 0.554434121 -0.369923651
v -0.216744378 0.553396583 -0.367429703
v -0.216944471 0.554434121 -0.364932388
v -0.216989055 0.556938946 -0.363894582
v -0.216852024 0.559443772 -0.364924252
v -0.216613635 0.56048131 -0.3674182
v -0.216413543 0.559443772 -0.369915515
v -0.218158707 0.556938946 -0.370643109
v -0.217392176 0.554460645 -0.369853377
v -0.216207877 0.553434134 -0.367640495
v -0.215299562 0.554460645 -0.365300775
v -0.215199307 0.556938946 -0.364204794
v -0.215965837 0.559417248 -0.364994526
v -0.217150137 0.560443759 -0.367207408
v -0.218058452 0.559417248 -0.369547129
v -0.22520408 0.555791795 -0.367404699
v -0.22443755 0.553313494 -0.366614968
v -0.22325325 0.552286983 -0.364402086
v -0.222344935 0.553313494 -0.362062365
v -0.22224468 0.555791795 -0.360966384
v -0.223011211 0.558270097 -0.361756116
v -0.22419551 0.559296608 -0.363968998
v -0.225103825 0.558270097 -0.366308719
v -0.225486264 0.555791795 -0.367259353
v -0.224820495 0.553292513 -0.366444886
v -0.223512635 0.55225724 -0.364306897
v -0.222328812 0.553292513 -0.362097859
v -0.221962497 0.555791795 -0.36111173
v -0.222628266 0.558291078 -0.361926198
v -0.223936126 0.559326351 -0.364064187
v -0.225119948 0.558291078 -0.366273224
v -0.232406184 0.555241048 -0.363292903
v -0.231740415 0.552741766 -0.362478435
v -0.230432555 0.551706493 -0.360340446
v -0.229248732 0.552741766 -0.358131409
v -0.228882417 0.555241048 -0.35714528
v -0.229548186 0.557740331 -0.357959747
v -0.230856046 0.558775604 -0.360097736
v -0.232039869 0.557740331 -0.362306774
v -0.230154008 0.555241048 -0.363727957
v -0.230236545 0.55273658 -0.3626917
v -0.230557933 0.551699162 -0.360207021
v -0.230929926 0.55273658 -0.357729405
v -0.231134593 0.555241048 -0.356710225
v -0.231052056 0.557745516 -0.357746482
v -0.230730668 0.558782935 -0.360231161
v -0.230358675 0.557745516 -0.362708777
v -0.233704969 0.555152774 -0.364224136
v -0.233787507 0.552648306 -0.363187879
v -0.234108895 0.551610887 -0.3607032
v -0.234480888 0.552648306 -0.358225584
v -0.234685555 0.555152774 -0.357206404
v -0.234603018 0.557657242 -0.358242661
v -0.234281629 0.558694661 -0.36072734
v -0.233909637 0.557657242 -0.363204956
v -0.233486533 0.555152774 -0.364186615
v -0.23350589 0.552654922 -0.363131464
v -0.233929053 0.551620245 -0.360660911
v -0.234508172 0.552654922 -0.358222216
v -0.234903991 0.555152774 -0.357243925
v -0.234884635 0.557650626 -0.358299077
v -0.234461471 0.558685303 -0.360769629
v -0.233882353 0.557650626 -0.363208324
v -0.240673333 0.554588616 -0.365653902
v -0.24069269 0.552090764 -0.364598751
v -0.241115853 0.551056087 -0.362128198
v -0.241694972 0.552090764 -0.359689504
v -0.242090791 0.554588616 -0.358711213
v -0.242071435 0.557086468 -0.359766364
v -0.241648272 0.558121145 -0.362236917
v -0.241069153 0.557086468 -0.364675611
v -0.242862225 0.554588616 -0.365401506
v -0.242095485 0.552110374 -0.364611924
v -0.240910828 0.551083803 -0.36239925
v -0.240002215 0.552110374 -0.360059619
v -0.2399019 0.554588616 -0.358963609
v -0.24066864 0.557066858 -0.359753191
v -0.241853297 0.558093429 -0.361965865
v -0.24276191 0.557066858 -0.364305496
v -0.249902532 0.553441882 -0.36216417
v -0.249135792 0.55096364 -0.361374587
v -0.247951135 0.549937069 -0.359161913
v -0.247042522 0.55096364 -0.356822282
v -0.246942207 0.553441882 -0.355726272
v -0.247708946 0.555920124 -0.356515855
v -0.248893604 0.556946695 -0.358728528
v -0.249802217 0.555920124 -0.361068159
v -0.245747447 0.553441882 -0.361268431
v -0.245717749 0.551265061 -0.359651715
v -0.247272387 0.550363421 -0.357621163
v -0.249500677 0.551265061 -0.356366187
v -0.251097292 0.553441882 -0.35662201
v -0.251126975 0.555618703 -0.358238727
v -0.249572352 0.556520343 -0.360269278
v -0.247344062 0.555618703 -0.361524254
v -0.254451543 0.54587996 -0.371290267
v -0.25442186 0.543703139 -0.36967355
v -0.255976498 0.542801499 -0.367642999
v -0.258204788 0.543703139 -0.366388023
v -0.259801418 0.54587996 -0.366643846
v -0.259831101 0.548056781 -0.368260562
v -0.258276463 0.548958421 -0.370291114
v -0.256048173 0.548056781 -0.37154609
v -0.25712648 0.549156189 -0.37031579
v -0.259575665 0.547995985 -0.370408088
v -0.260590166 0.545596242 -0.369656235
v -0.259575665 0.543362737 -0.36850068
v -0.25712648 0.542603731 -0.367618322
v -0.254677296 0.543763936 -0.367526025
v -0.253662795 0.546163678 -0.368277878
v -0.254677296 0.548397183 -0.369433433
v -0.259483546 0.553326249 -0.360186309
v -0.261932731 0.552166045 -0.360278606
v -0.262947232 0.549766302 -0.359526753
v -0.261932731 0.547532797 -0.358371198
v -0.259483546 0.546773791 -0.357488841
v -0.257034361 0.547933996 -0.357396543
v -0.256019861 0.550333738 -0.358148396
v -0.257034361 0.552567244 -0.359303951
v -0.256793886 0.55005002 -0.361143708
v -0.256769121 0.547877967 -0.359520555
v -0.258334428 0.546978235 -0.357497334
v -0.260572881 0.547877967 -0.356259197
v -0.262173206 0.55005002 -0.356531441
v -0.262197971 0.552222073 -0.358154595
v -0.260632664 0.553121805 -0.360177815
v -0.258394212 0.552222073 -0.361415952
v -0.265581548 0.542290866 -0.371392906
v -0.265556782 0.540118814 -0.369769752
v -0.26712209 0.539219081 -0.367746532
v -0.269360542 0.540118814 -0.366508394
v -0.270960867 0.542290866 -0.366780639
v -0.270985633 0.544462919 -0.368403792
v -0.269420326 0.545362651 -0.370427012
v -0.267181873 0.544462919 -0.37166515
v -0.270938396 0.542290866 -0.371418864
v -0.270512998 0.539844632 -0.370328903
v -0.26877439 0.538831353 -0.368511289
v -0.266741008 0.539844632 -0.367030799
v -0.265604019 0.542290866 -0.366754681
v -0.266029418 0.544737101 -0.367844641
v -0.267768025 0.54575038 -0.369662255
v -0.269801408 0.544737101 -0.371142745
v -0.277272791 0.544417262 -0.364174306
v -0.276847392 0.541971028 -0.363084346
v -0.275108784 0.540957749 -0.361266732
v -0.273075402 0.541971028 -0.359786242
v -0.271938413 0.544417262 -0.359510124
v -0.272363812 0.546863496 -0.360600084
v -0.27410242 0.547876775 -0.362417698
v -0.276135802 0.546863496 -0.363898188
v -0.272803426 0.544417262 -0.364892572
v -0.272624195 0.542050421 -0.363581419
v -0.273605645 0.541070104 -0.361251444
v -0.275172859 0.542050421 -0.359267533
v -0.276407778 0.544417262 -0.358791858
v -0.276587009 0.546784103 -0.360103011
v -0.275605559 0.547764421 -0.362432986
v -0.274038345 0.546784103 -0.364416897
v -0.280611962 0.541270256 -0.369505882
v -0.280432731 0.538903415 -0.368194729
v -0.281414181 0.537923098 -0.365864754
v -0.282981396 0.538903415 -0.363880843
v -0.284216315 0.541270256 -0.363405168
v -0.284395546 0.543637097 -0.364716321
v -0.283414096 0.544617414 -0.367046297
v -0.281846881 0.543637097 -0.369030207
v -0.284638792 0.541270256 -0.369212955
v -0.284122586 0.538771033 -0.368296117
v -0.282605588 0.53773582 -0.36630106
v -0.280976444 0.538771033 -0.364396513
v -0.280189484 0.541270256 -0.363698095
v -0.28070569 0.543769479 -0.364614934
v -0.282222688 0.544804692 -0.366609991
v -0.283851832 0.543769479 -0.368514538
v -0.291301131 0.541866004 -0.363837898
v -0.290784925 0.539366782 -0.362921059
v -0.289267927 0.538331568 -0.360926002
v -0.287638783 0.539366782 -0.359021455
v -0.286851823 0.541866004 -0.358323038
v -0.287368029 0.544365227 -0.359239876
v -0.288885027 0.545400441 -0.361234933
v -0.290514171 0.544365227 -0.36313948
v -0.291076034 0.541866004 -0.364005238
v -0.290490031 0.539360762 -0.363148838
v -0.289075971 0.538323045 -0.361080825
v -0.287662208 0.539360762 -0.359012574
v -0.28707692 0.541866004 -0.358155698
v -0.287662923 0.544371247 -0.359012097
v -0.289076984 0.545408964 -0.36108011
v -0.290490746 0.544371247 -0.363148361
v -0.297863901 0.541864574 -0.359364629
v -0.297277898 0.539359331 -0.358508229
v -0.295863837 0.538321614 -0.356440216
v -0.294450074 0.539359331 -0.354371965
v -0.293864787 0.541864574 -0.353515089
v -0.29445079 0.544369817 -0.354371488
v -0.29586485 0.545407534 -0.356439501
v -0.297278613 0.544369817 -0.358507752
v -0.294597775 0.541864574 -0.359748691
v -0.294477254 0.53941524 -0.358591408
v -0.295169264 0.53840065 -0.356173784
v -0.296268463 0.53941524 -0.353912026
v -0.297130913 0.541864574 -0.353131026
v -0.297251433 0.544313908 -0.35428831
v -0.296559423 0.545328498 -0.356705934
v -0.295460224 0.544313908 -0.358967692
v -0.298349977 0.54100132 -0.361184984
v -0.298229456 0.538551986 -0.360027701
v -0.298921466 0.537537396 -0.357610077
v -0.300020665 0.538551986 -0.355348319
v -0.300883114 0.54100132 -0.354567319
v -0.301003635 0.543450654 -0.355724603
v -0.300311625 0.544465244 -0.358142227
v -0.299212426 0.543450654 -0.360403985
v -0.298199415 0.54100132 -0.361123353
v -0.298053116 0.538572073 -0.359927267
v -0.298822641 0.537565887 -0.35752967
v -0.300057232 0.538572073 -0.355335027
v -0.301033676 0.54100132 -0.35462895
v -0.301179975 0.543430567 -0.355825037
v -0.30041045 0.544436753 -0.358222634
v -0.299175858 0.543430567 -0.360417277
v -0.305799663 0.538910449 -0.364440203
v -0.305653363 0.536481202 -0.363244116
v -0.306422889 0.535475016 -0.360846519
v -0.30765748 0.536481202 -0.358651876
v -0.308633924 0.538910449 -0.3579458
v -0.308780223 0.541339695 -0.359141886
v -0.308010697 0.542345881 -0.361539483
v -0.306776106 0.541339695 -0.363734126
v -0.308436424 0.538910449 -0.364519417
v -0.30758065 0.536462128 -0.363727927
v -0.30651173 0.535448015 -0.361451507
v -0.30585584 0.536462128 -0.35902366
v -0.305997163 0.538910449 -0.357866585
v -0.306852937 0.541358769 -0.358658075
v -0.307921857 0.542372882 -0.360934496
v -0.308577746 0.541358769 -0.363362342
v -0.315612853 0.537252665 -0.36188817
v -0.314757079 0.534804344 -0.36109668
v -0.313688159 0.533790231 -0.35882026
v -0.313032269 0.534804344 -0.356392413
v -0.313173592 0.537252665 -0.355235338
v -0.314029366 0.539700985 -0.356026828
v -0.315098286 0.540715098 -0.358303249
v -0.315754175 0.539700985 -0.360731095
v -0.311770976 0.537252665 -0.360944271
v -0.311714441 0.535068035 -0.35933888
v -0.313227087 0.534163117 -0.357278287
v -0.315422863 0.535068035 -0.355969518
v -0.317015469 0.537252665 -0.356179237
v -0.317072004 0.539437294 -0.357784629
v -0.315559357 0.540342212 -0.359845221
v -0.313363582 0.539437294 -0.36115399
v -0.320681572 0.529815257 -0.3707515
v -0.320625037 0.527630627 -0.369146109
v -0.322137684 0.526725709 -0.367085516
v -0.324333459 0.527630627 -0.365776747
v -0.325926065 0.529815257 -0.365986466
v -0.3259826 0.531999886 -0.367591858
v -0.324469954 0.532904804 -0.36965245
v -0.322274178 0.531999886 -0.370961219
v -0.326122731 0.529815257 -0.370515198
v -0.325700581 0.527400196 -0.369356632
v -0.323874414 0.526399791 -0.367619514
v -0.321714014 0.527400196 -0.366321445
v -0.320484906 0.529815257 -0.366222769
v -0.320907056 0.532230318 -0.367381334
v -0.322733223 0.533230722 -0.369118452
v -0.324893624 0.532230318 -0.370416522
v -0.332239449 0.532600045 -0.362481236
v -0.331817299 0.530184984 -0.361322671
v -0.329991132 0.52918458 -0.359585553
v -0.327830732 0.530184984 -0.358287483
v -0.326601624 0.532600045 -0.358188808
v -0.327023774 0.535015106 -0.359347373
v -0.328849941 0.536015511 -0.361084491
v -0.331010342 0.535015106 -0.362382561
v -0.327041417 0.532600045 -0.362960339
v -0.326910347 0.530357718 -0.361441135
v -0.328249693 0.529428959 -0.359274
v -0.33027491 0.530357718 -0.357728362
v -0.331799656 0.532600045 -0.357709706
v -0.331930727 0.534842372 -0.359228909
v -0.330591381 0.535771132 -0.361396044
v -0.328566164 0.534842372 -0.362941682
v -0.331311107 0.529728949 -0.366829604
v -0.331180036 0.527486622 -0.365310401
v -0.332519382 0.526557863 -0.363143265
v -0.334544599 0.527486622 -0.361597627
v -0.336069345 0.529728949 -0.361578971
v -0.336200416 0.531971276 -0.363098174
v -0.33486107 0.532900035 -0.36526531
v -0.332835853 0.531971276 -0.366810948
v -0.332817823 0.529728949 -0.367638171
v -0.33278662 0.52724123 -0.366559565
v -0.333284736 0.526210785 -0.364101261
v -0.334020376 0.52724123 -0.361703336
v -0.334562629 0.529728949 -0.360770404
v -0.334593832 0.532216668 -0.36184901
v -0.334095716 0.533247113 -0.364307314
v -0.333360076 0.532216668 -0.366705239
v -0.340185821 0.528824925 -0.369510055
v -0.340154618 0.526337206 -0.368431449
v -0.340652734 0.525306761 -0.365973145
v -0.341388375 0.526337206 -0.36357522
v -0.341930628 0.528824925 -0.362642288
v -0.341961831 0.531312644 -0.363720894
v -0.341463715 0.53234309 -0.366179198
v -0.340728074 0.531312644 -0.368577123
v -0.343013823 0.528824925 -0.369030505
v -0.342410535 0.526319921 -0.368185401
v -0.341015071 0.525282323 -0.366104752
v -0.339644879 0.526319921 -0.364007324
v -0.339102626 0.528824925 -0.363121837
v -0.339705914 0.53132993 -0.363966942
v -0.341101378 0.532367527 -0.366047591
v -0.34247157 0.53132993 -0.368145019
v -0.349827647 0.528705537 -0.364520133
v -0.349224359 0.526200533 -0.363675028
v -0.347828895 0.525162935 -0.361594379
v -0.346458703 0.526200533 -0.359496951
v -0.34591645 0.528705537 -0.358611465
v -0.346519738 0.531210542 -0.359456569
v -0.347915202 0.532248139 -0.361537218
v -0.349285394 0.531210542 -0.363634646
v -0.346687883 0.528705537 -0.364905
v -0.346580476 0.526247084 -0.363765895
v -0.34722966 0.525228739 -0.36133799
v -0.348255128 0.526247084 -0.359043539
v -0.349056214 0.528705537 -0.358226597
v -0.349163622 0.53116399 -0.359365702
v -0.348514438 0.532182336 -0.361793607
v -0.34748897 0.53116399 -0.364088058
v -0.354233116 0.527136087 -0.367580712
v -0.354125708 0.524677634 -0.366441607
v -0.354774892 0.523659289 -0.364013702
v -0.35580036 0.524677634 -0.361719251
v -0.356601447 0.527136087 -0.360902309
v -0.356708854 0.529594541 -0.362041414
v -0.35605967 0.530612886 -0.36446932
v -0.355034202 0.529594541 -0.366763771
v -0.353944927 0.527136087 -0.367464036
v -0.353786826 0.524716079 -0.366250902
v -0.35458383 0.523713648 -0.363860697
v -0.355869055 0.524716079 -0.361693561
v -0.356889635 0.527136087 -0.361018986
v -0.357047737 0.529556096 -0.362232119
v -0.356250733 0.530558527 -0.364622325
v -0.354965508 0.529556096 -0.36678946
v -0.361684471 0.524857819 -0.371000201
v -0.36152637 0.522437811 -0.369787067
v -0.362323374 0.52143538 -0.367396861
v -0.363608599 0.522437811 -0.365229726
v -0.364629179 0.524857819 -0.36455515
v -0.364787281 0.527277827 -0.365768284
v -0.363990277 0.528280258 -0.368158489
v -0.362705052 0.527277827 -0.370325625
v -0.362176955 0.524857819 -0.371182442
v -0.362116963 0.522378743 -0.370085329
v -0.36266607 0.521351874 -0.367636442
v -0.363502681 0.522378743 -0.365270287
v -0.364136696 0.524857819 -0.364372909
v -0.364196688 0.527336895 -0.365470022
v -0.36364758 0.528363764 -0.367918909
v -0.362810969 0.527336895 -0.370285064
v -0.36963585 0.523727298 -0.373329043
v -0.369575858 0.521248221 -0.37223193
v -0.370124966 0.520221353 -0.369783044
v -0.370961577 0.521248221 -0.367416888
v -0.371595591 0.523727298 -0.366519511
v -0.371655583 0.526206374 -0.367616624
v -0.371106476 0.527233243 -0.37006551
v -0.370269865 0.526206374 -0.372431666
v -0.36971432 0.523727298 -0.37335065
v -0.369674534 0.521241844 -0.372267157
v -0.37018609 0.520212293 -0.369811237
v -0.370949298 0.521241844 -0.367421538
v -0.371517122 0.523727298 -0.366497904
v -0.371556908 0.526212752 -0.367581397
v -0.371045351 0.527242303 -0.370037317
v -0.370282143 0.526212752 -0.372427016
v -0.377141535 0.522756636 -0.37530455
v -0.377101749 0.520271182 -0.374221057
v -0.377613306 0.519241631 -0.371765137
v -0.378376514 0.520271182 -0.369375437
v -0.378944337 0.522756636 -0.368451804
v -0.378984123 0.52524209 -0.369535297
v -0.378472567 0.526271641 -0.371991217
v -0.377709359 0.52524209 -0.374380916
v -0.377720237 0.526284873 -0.371878177
v -0.37781474 0.525251448 -0.37438342
v -0.378042936 0.522756636 -0.375421137
v -0.378271133 0.520261824 -0.37438342
v -0.378365636 0.519228399 -0.371878177
v -0.378271133 0.520261824 -0.369372934
v -0.378042936 0.522756636 -0.368335217
v -0.37781474 0.525251448 -0.369372934
v -0.384729743 0.526925981 -0.371878177
v -0.384824246 0.525892556 -0.37438342
v -0.385052443 0.523397744 -0.375421137
v -0.385280639 0.520902932 -0.37438342
v -0.385375142 0.519869506 -0.371878177
v -0.385280639 0.520902932 -0.369372934
v -0.385052443 0.523397744 -0.368335217
v -0.384824246 0.525892556 -0.369372934
v -0.383702457 0.523397744 -0.375153869
v -0.38356325 0.520960152 -0.373974115
v -0.384296387 0.519950449 -0.371566594
v -0.385472417 0.520960152 -0.369341582
v -0.386402428 0.523397744 -0.368602484
v -0.386541635 0.525835335 -0.369782239
v -0.385808498 0.526845038 -0.37218976
v -0.384632468 0.525835335 -0.374414772
v -0.391413361 0.521419406 -0.378331691
v -0.391274154 0.518981814 -0.377151936
v -0.392007291 0.517972112 -0.374744415
v -0.393183321 0.518981814 -0.372519404
v -0.394113332 0.521419406 -0.371780306
v -0.394252539 0.523856997 -0.372960061
v -0.393519402 0.5248667 -0.375367582
v -0.392343372 0.523856997 -0.377592593
v -0.39217788 0.524913669 -0.375055999
v -0.392568052 0.523926854 -0.377551407
v -0.393072605 0.521471202 -0.378585041
v -0.39339602 0.518985212 -0.377551407
v -0.393348813 0.517925143 -0.375055999
v -0.392958641 0.518911958 -0.372560591
v -0.392454088 0.52136761 -0.371526957
v -0.392130673 0.5238536 -0.372560591
v -0.399056554 0.526066184 -0.374436289
v -0.399446726 0.52507937 -0.376931697
v -0.399951279 0.522623718 -0.377965331
v -0.400274694 0.520137727 -0.376931697
v -0.400227487 0.519077659 -0.374436289
v -0.399837315 0.520064473 -0.371940881
v -0.399332762 0.522520125 -0.370907247
v -0.399009347 0.525006115 -0.371940881
v -0.399336308 0.522571921 -0.377966046
v -0.399471402 0.520067096 -0.376936138
v -0.399706453 0.519029558 -0.374441862
v -0.399903744 0.520067096 -0.371944338
v -0.399947733 0.522571921 -0.370906532
v -0.399812639 0.525076747 -0.37193644
v -0.399577588 0.526114285 -0.374430716
v -0.399380296 0.525076747 -0.37692824
v -0.406491399 0.522703052 -0.378585756
v -0.406626493 0.520198226 -0.377555847
v -0.406861544 0.519160688 -0.375061572
v -0.407058835 0.520198226 -0.372564048
v -0.407102823 0.522703052 -0.371526241
v -0.406967729 0.525207877 -0.37255615
v -0.406732678 0.526245415 -0.375050426
v -0.406535387 0.525207877 -0.37754795
v -0.406546324 0.52623713 -0.375055999
v -0.406559289 0.525197744 -0.377560526
v -0.406711549 0.522696972 -0.378597915
v -0.406913936 0.520199776 -0.377560526
v -0.407047898 0.519168973 -0.375055999
v -0.407034934 0.520208359 -0.372551471
v -0.406882674 0.522709131 -0.371514082
v -0.406680286 0.525206327 -0.372551471
v -0.413602233 0.526737809 -0.375227332
v -0.413615197 0.525698423 -0.37773186
v -0.413767457 0.523197651 -0.378769249
v -0.413969845 0.520700455 -0.37773186
v -0.414103806 0.519669652 -0.375227332
v -0.414090842 0.520709038 -0.372722805
v -0.413938582 0.52320981 -0.371685416
v -0.413736194 0.525707006 -0.372722805
v -0.41164735 0.523203731 -0.377999961
v -0.412328571 0.520698905 -0.377215892
v -0.413902789 0.519661367 -0.375266939
v -0.415447861 0.520698905 -0.373294771
v -0.416058689 0.523203731 -0.372454703
v -0.415377468 0.525708556 -0.373238772
v -0.41380325 0.526746094 -0.375187725
v -0.412258178 0.525708556 -0.377159894
v -0.419229925 0.523377717 -0.384032011
v -0.419911146 0.520872891 -0.383247942
v -0.421485364 0.519835353 -0.381298989
v -0.423030436 0.520872891 -0.37932682
v -0.423641264 0.523377717 -0.378486753
v -0.422960043 0.525882542 -0.379270822
v -0.421385825 0.52692008 -0.381219774
v -0.419840753 0.525882542 -0.383191943
v -0.418706566 0.523377717 -0.383518785
v -0.419806391 0.520917177 -0.383219987
v -0.421860576 0.519897997 -0.381772697
v -0.423665822 0.520917177 -0.380024701
v -0.424164623 0.523377717 -0.378999978
v -0.423064798 0.525838256 -0.379298776
v -0.421010613 0.526857436 -0.380746067
v -0.419205368 0.525838256 -0.382494062
v -0.422433645 0.524496973 -0.388020545
v -0.423533469 0.522036433 -0.387721747
v -0.425587654 0.521017253 -0.386274457
v -0.4273929 0.522036433 -0.384526461
v -0.427891701 0.524496973 -0.383501738
v -0.426791877 0.526957512 -0.383800536
v -0.424737692 0.527976692 -0.385247827
v -0.422932446 0.526957512 -0.386995822
v -0.421800226 0.524496973 -0.386877656
v -0.422559381 0.522096276 -0.385870934
v -0.42484349 0.521101892 -0.384799898
v -0.427314579 0.522096276 -0.384291947
v -0.42852512 0.524496973 -0.384644628
v -0.427765965 0.526897669 -0.38565135
v -0.425481856 0.527892053 -0.386722386
v -0.423010767 0.526897669 -0.387230337
v -0.427935183 0.518689215 -0.405353427
v -0.428694338 0.516288519 -0.404346704
v -0.430978447 0.515294135 -0.403275669
v -0.433449537 0.516288519 -0.402767718
v -0.434660077 0.518689215 -0.403120399
v -0.433900923 0.521089911 -0.404127121
v -0.431616813 0.522084296 -0.405198157
v -0.429145724 0.521089911 -0.405706108
v -0.429077893 0.518689215 -0.406998307
v -0.430759728 0.516562223 -0.40701884
v -0.432756633 0.515681148 -0.405409724
v -0.433898896 0.516562223 -0.403113633
v -0.433517367 0.518689215 -0.401475519
v -0.431835532 0.520816207 -0.401454985
v -0.429838628 0.521697283 -0.403064102
v -0.428696364 0.520816207 -0.405360192
v -0.432395041 0.521337807 -0.40966478
v -0.434076875 0.519210815 -0.409685314
v -0.43607378 0.51832974 -0.408076197
v -0.437216043 0.519210815 -0.405780107
v -0.436834514 0.521337807 -0.404141992
v -0.43515268 0.523464799 -0.404121459
v -0.433155775 0.524345875 -0.405730575
v -0.432013512 0.523464799 -0.408026665
v -0.434614778 0.517892599 -0.406076819
v -0.437101513 0.518972576 -0.406023353
v -0.438131571 0.521438062 -0.406485409
v -0.437101513 0.523844838 -0.40719229
v -0.434614778 0.524783015 -0.407729954
v -0.432128042 0.523703039 -0.407783419
v -0.431097984 0.521237552 -0.407321364
v -0.432128042 0.518830776 -0.406614482
v -0.43658635 0.514129341 -0.421762377
v -0.439073086 0.515209317 -0.421708912
v -0.440103143 0.517674804 -0.422170967
v -0.439073086 0.52008158 -0.422877848
v -0.43658635 0.521019757 -0.423415512
v -0.434099615 0.51993978 -0.423468977
v -0.433069557 0.517474294 -0.423006922
v -0.434099615 0.515067518 -0.422300041
v -0.43658635 0.514064252 -0.422109097
v -0.439077735 0.515128016 -0.421988875
v -0.4401097 0.517624974 -0.42222017
v -0.439077735 0.520092368 -0.422667474
v -0.43658635 0.521084845 -0.423068792
v -0.434094965 0.520021081 -0.423189014
v -0.433063 0.517524123 -0.422957718
v -0.434094965 0.515056729 -0.422510415
v -0.438011914 0.512236595 -0.435479432
v -0.440503299 0.513300359 -0.43535921
v -0.441535264 0.515797317 -0.435590506
v -0.440503299 0.518264711 -0.436037809
v -0.438011914 0.519257188 -0.436439127
v -0.43552053 0.518193424 -0.436559349
v -0.434488565 0.515696466 -0.436328053
v -0.43552053 0.513229072 -0.43588075
v -0.438011914 0.513076842 -0.438288122
v -0.440512657 0.513957739 -0.437719315
v -0.441548496 0.515886664 -0.436119527
v -0.440512657 0.517733693 -0.434425861
v -0.438011914 0.518416941 -0.433630437
v -0.435511172 0.517536044 -0.434199244
v -0.434475332 0.515607119 -0.435799032
v -0.435511172 0.51376009 -0.437492698
v -0.437583923 0.517756104 -0.443652958
v -0.440084666 0.518637002 -0.443084151
v -0.441120505 0.520565927 -0.441484362
v -0.440084666 0.522412956 -0.439790696
v -0.437583923 0.523096204 -0.438995272
v -0.435083181 0.522215307 -0.439564079
v -0.434047341 0.520286381 -0.441163868
v -0.435083181 0.518439353 -0.442857534
v -0.451038957 0.455525666 -0.54279983
v -0.451633334 0.453150094 -0.543964505
v -0.453752995 0.45216611 -0.545339942
v -0.456156254 0.453150094 -0.546120524
v -0.45743531 0.455525666 -0.545848846
v -0.456840932 0.457901239 -0.544684172
v -0.454721272 0.458885223 -0.543308735
v -0.452318013 0.457901239 -0.542528152
v -0.447413445 0.45834735 -0.550405443
v -0.448007822 0.455971777 -0.551570117
v -0.450127482 0.454987794 -0.552945554
v -0.452530742 0.455971777 -0.553726137
v -0.453809798 0.45834735 -0.553454459
v -0.45321542 0.460722923 -0.552289784
v -0.45109576 0.461706907 -0.550914347
v -0.448692501 0.460722923 -0.550133765
v -0.450611621 0.455596507 -0.554162741
v -0.452782631 0.457190096 -0.55447948
v -0.453681886 0.45946157 -0.553302705
v -0.452782631 0.461080372 -0.551321805
v -0.450611621 0.461098194 -0.549697161
v -0.448440611 0.459504604 -0.549380422
v -0.447541356 0.457233131 -0.550557196
v -0.448440611 0.455614328 -0.552538097
v -0.446511865 0.460083157 -0.559690416
v -0.448682874 0.461676747 -0.560007155
v -0.44958213 0.46394822 -0.55883038
v -0.448682874 0.465567023 -0.55684948
v -0.446511865 0.465584844 -0.555224836
v -0.444340855 0.463991255 -0.554908097
v -0.4434416 0.461719781 -0.556084871
v -0.444340855 0.460100979 -0.558065772
v -0.446511865 0.460163951 -0.559786439
v -0.449012607 0.461044818 -0.559217691
v -0.450048447 0.462973773 -0.557617903
v -0.449012607 0.464820832 -0.555924237
v -0.446511865 0.46550405 -0.555128813
v -0.444011122 0.464623183 -0.55569756
v -0.442975283 0.462694228 -0.557297349
v -0.444011122 0.460847169 -0.558991015
v -0.446291357 0.462574601 -0.562550306
v -0.4487921 0.463455468 -0.561981559
v -0.449827939 0.465384424 -0.56038177
v -0.4487921 0.467231482 -0.558688104
v -0.446291357 0.467914701 -0.55789268
v -0.443790615 0.467033833 -0.558461428
v -0.442754775 0.465104878 -0.560061216
v -0.443790615 0.463257819 -0.561754882
v -0.445672423 0.449296594 -0.608383954
v -0.448132485 0.449065208 -0.607266963
v -0.449151486 0.447742552 -0.605130315
v -0.448132485 0.446103424 -0.603225589
v -0.445672423 0.445107996 -0.602668583
v -0.44321236 0.445339382 -0.603785574
v -0.442193359 0.446662039 -0.605922222
v -0.44321236 0.448301166 -0.607826948
v -0.443056405 0.460256189 -0.600352049
v -0.445516467 0.460024804 -0.599235058
v -0.446535468 0.458702147 -0.59709841
v -0.445516467 0.457063019 -0.595193684
v -0.443056405 0.456067592 -0.594636679
v -0.440596342 0.456298977 -0.59575367
v -0.439577341 0.457621634 -0.597890317
v -0.440596342 0.459260762 -0.599795043
v -0.443056405 0.454815269 -0.596331298
v -0.445559531 0.455761522 -0.596769631
v -0.446596354 0.458113879 -0.597632527
v -0.445559531 0.460494369 -0.598414481
v -0.443056405 0.461508512 -0.598657429
v -0.440553278 0.460562259 -0.598219097
v -0.439516455 0.458209902 -0.5973562
v -0.440553278 0.455829412 -0.596574247
v -0.442166954 0.447748661 -0.616664886
v -0.444670081 0.448694915 -0.617103219
v -0.445706904 0.451047271 -0.617966115
v -0.444670081 0.453427762 -0.618748069
v -0.442166954 0.454441905 -0.618991017
v -0.439663827 0.453495651 -0.618552685
v -0.438627005 0.451143295 -0.617689788
v -0.439663827 0.448762804 -0.616907835
v -0.442166954 0.450369358 -0.62129575
v -0.444640428 0.450971335 -0.620361567
v -0.445664972 0.451645941 -0.617943227
v -0.444640428 0.451997966 -0.615457356
v -0.442166954 0.451821208 -0.614360154
v -0.439693481 0.451219231 -0.615294337
v -0.438668936 0.450544626 -0.617712677
v -0.439693481 0.4501926 -0.620198548
v -0.440860629 0.458319336 -0.622959971
v -0.443334103 0.458921313 -0.622025788
v -0.444358647 0.459595919 -0.619607449
v -0.443334103 0.459947944 -0.617121577
v -0.440860629 0.459771186 -0.616024375
v -0.438387156 0.459169209 -0.616958559
v -0.437362611 0.458494604 -0.619376898
v -0.438387156 0.458142579 -0.621862769
v -0.440860629 0.455803216 -0.618063331
v -0.44334498 0.456622511 -0.618777394
v -0.444374025 0.458861023 -0.619910181
v -0.44334498 0.461207479 -0.620798111
v -0.440860629 0.462287307 -0.620921016
v -0.438376278 0.461468011 -0.620206952
v -0.437347233 0.459229499 -0.619074166
v -0.438376278 0.456883043 -0.618186235
v -0.439071566 0.450254142 -0.630654097
v -0.441555917 0.451073438 -0.63136816
v -0.442584962 0.45331195 -0.632500947
v -0.441555917 0.455658406 -0.633388877
v -0.439071566 0.456738234 -0.633511782
v -0.436587214 0.455918938 -0.632797718
v -0.43555817 0.453680426 -0.631664932
v -0.436587214 0.45133397 -0.630777001
v -0.439071566 0.454625756 -0.635441005
v -0.441530466 0.454749614 -0.634304523
v -0.44254896 0.454139233 -0.631866634
v -0.441530466 0.45315215 -0.629555464
v -0.439071566 0.45236662 -0.628724873
v -0.436612666 0.452242762 -0.629861355
v -0.435594171 0.452853143 -0.632299244
v -0.436612666 0.453840226 -0.634610415
v -0.436494529 0.467145324 -0.631229758
v -0.438953429 0.467269182 -0.630093277
v -0.439971924 0.466658801 -0.627655387
v -0.438953429 0.465671718 -0.625344217
v -0.436494529 0.464886189 -0.624513626
v -0.434035629 0.46476233 -0.625650108
v -0.433017135 0.465372711 -0.628087997
v -0.434035629 0.466359794 -0.630399168
v -0.432964265 0.466015756 -0.628171325
v -0.433989167 0.463512808 -0.627976656
v -0.436481684 0.462476045 -0.627720475
v -0.438981742 0.463512808 -0.627552927
v -0.440024793 0.466015756 -0.62757206
v -0.438999891 0.468518704 -0.627766728
v -0.436507374 0.469555467 -0.628022909
v -0.434007317 0.468518704 -0.628190458
v -0.434031278 0.465474814 -0.640743732
v -0.43505618 0.462971866 -0.640549064
v -0.437548697 0.461935103 -0.640292883
v -0.440048754 0.462971866 -0.640125334
v -0.441091806 0.465474814 -0.640144467
v -0.440066904 0.467977762 -0.640339136
v -0.437574387 0.469014525 -0.640595317
v -0.435074329 0.467977762 -0.640762866
v -0.437502831 0.452640325 -0.667418301
v -0.440003574 0.453521192 -0.666849494
v -0.441039413 0.455450147 -0.665249705
v -0.440003574 0.457297206 -0.663556099
v -0.437502831 0.457980424 -0.662760675
v -0.435002089 0.457099557 -0.663329482
v -0.433966249 0.455170602 -0.664929271
v -0.435002089 0.453323543 -0.666622877
v -0.437053621 0.457551301 -0.673048854
v -0.439554363 0.458432168 -0.672480047
v -0.440590203 0.460361123 -0.670880258
v -0.439554363 0.462208182 -0.669186652
v -0.437053621 0.4628914 -0.668391228
v -0.434552878 0.462010533 -0.668960035
v -0.433517039 0.460081577 -0.670559824
v -0.434552878 0.458234519 -0.67225343
v -0.433699399 0.46022135 -0.669579089
v -0.434570134 0.457740217 -0.670241654
v -0.436895669 0.456712514 -0.671184421
v -0.43931374 0.457740217 -0.671855152
v -0.440407842 0.46022135 -0.671860993
v -0.439537108 0.462702483 -0.671198428
v -0.437211573 0.463730186 -0.670255661
v -0.434793502 0.462702483 -0.66958493
v -0.430393428 0.461656392 -0.679298401
v -0.431264162 0.459175259 -0.679960966
v -0.433589697 0.458147556 -0.680903733
v -0.436007768 0.459175259 -0.681574464
v -0.437101871 0.461656392 -0.681580305
v -0.436231136 0.464137524 -0.68091774
v -0.433905602 0.465165228 -0.679974973
v -0.43148753 0.464137524 -0.679304242
v -0.433747649 0.458255261 -0.679446995
v -0.436234206 0.459336996 -0.679444313
v -0.437264144 0.461777419 -0.680024564
v -0.436234206 0.464146942 -0.680847764
v -0.433747649 0.465057522 -0.681431711
v -0.431261092 0.463975787 -0.681434393
v -0.430231154 0.461535364 -0.680854142
v -0.431261092 0.459165841 -0.680030942
v -0.436248064 0.452555746 -0.698980629
v -0.438734621 0.453637481 -0.698977947
v -0.439764559 0.456077904 -0.699558198
v -0.438734621 0.458447427 -0.700381398
v -0.436248064 0.459358007 -0.700965345
v -0.433761507 0.458276272 -0.700968027
v -0.432731569 0.455835849 -0.700387776
v -0.433761507 0.453466326 -0.699564576
v -0.436248064 0.457672864 -0.703072667
v -0.438707948 0.457585484 -0.701934934
v -0.439726859 0.456544101 -0.699647903
v -0.438707948 0.45515874 -0.69755131
v -0.436248064 0.454240888 -0.696873307
v -0.43378818 0.454328269 -0.698011041
v -0.432769269 0.455369651 -0.700298071
v -0.43378818 0.456755012 -0.702394664
v -0.432723522 0.473654419 -0.694225311
v -0.435183406 0.473567039 -0.693087578
v -0.436202317 0.472525656 -0.690800548
v -0.435183406 0.471140295 -0.688703954
v -0.432723522 0.470222443 -0.688025951
v -0.430263638 0.470309824 -0.689163685
v -0.429244727 0.471351206 -0.691450715
v -0.430263638 0.472736567 -0.693547308
v -0.432723522 0.469268382 -0.693454444
v -0.435224265 0.470149249 -0.692885697
v -0.436260104 0.472078204 -0.691285849
v -0.435224265 0.473925263 -0.689592183
v -0.432723522 0.474608481 -0.688796818
v -0.43022278 0.473727614 -0.689365566
v -0.42918694 0.471798658 -0.690965414
v -0.43022278 0.4699516 -0.69265908
v -0.432273865 0.474184543 -0.699090898
v -0.434774607 0.47506541 -0.698522151
v -0.435810447 0.476994365 -0.696922302
v -0.434774607 0.478841424 -0.695228636
v -0.432273865 0.479524642 -0.694433272
v -0.429773122 0.478643775 -0.695002019
v -0.428737283 0.47671482 -0.696601868
v -0.429773122 0.474867761 -0.698295534
v -0.432183295 0.461591274 -0.717145026
v -0.434671998 0.462667555 -0.717112958
v -0.43570286 0.465129107 -0.717593908
v -0.434671998 0.467533946 -0.718306065
v -0.432183295 0.468473345 -0.718832314
v -0.429694593 0.467397064 -0.718864381
v -0.428663731 0.464935511 -0.718383431
v -0.429694593 0.462530673 -0.717671275
v -0.434335738 0.457153231 -0.735246301
v -0.436824441 0.458229512 -0.735214233
v -0.437855303 0.460691065 -0.735695183
v -0.436824441 0.463095903 -0.73640734
v -0.434335738 0.464035302 -0.736933589
v -0.431847036 0.462959021 -0.736965656
v -0.430816174 0.460497469 -0.736484706
v -0.431847036 0.45809263 -0.73577255
v -0.430804789 0.460594267 -0.736381471
v -0.431830615 0.45809108 -0.73619473
v -0.434323907 0.457054228 -0.735946655
v -0.436824113 0.45809108 -0.735782444
v -0.437866688 0.460594267 -0.735798419
v -0.436840862 0.463097453 -0.73598516
v -0.43434757 0.464134306 -0.736233234
v -0.431847364 0.463097453 -0.736397445
v -0.431877464 0.460064709 -0.749373674
v -0.43290329 0.457561523 -0.749186933
v -0.435396582 0.45652467 -0.748938859
v -0.437896788 0.457561523 -0.748774648
v -0.438939363 0.460064709 -0.748790622
v -0.437913537 0.462567896 -0.748977363
v -0.435420245 0.463604748 -0.749225438
v -0.432920039 0.462567896 -0.749389648
v -0.431879252 0.460064709 -0.749394417
v -0.432896674 0.457566231 -0.749119461
v -0.435385466 0.456531346 -0.748822689
v -0.437887698 0.457566231 -0.748677909
v -0.438937575 0.460064709 -0.748769879
v -0.437920153 0.462563187 -0.749044836
v -0.435431361 0.463598073 -0.749341607
v -0.432929128 0.462563187 -0.749486387
v -0.433090538 0.45905152 -0.763085186
v -0.434107959 0.456553042 -0.76281023
v -0.436596751 0.455518156 -0.762513459
v -0.439098984 0.456553042 -0.762368679
v -0.44014886 0.45905152 -0.762460649
v -0.439131439 0.461549997 -0.762735605
v -0.436642647 0.462584883 -0.763032377
v -0.434140414 0.461549997 -0.763177156
v -0.436619699 0.45638147 -0.765101731
v -0.439120442 0.457262337 -0.764532924
v -0.440156281 0.459191293 -0.762933135
v -0.439120442 0.461038351 -0.761239469
v -0.436619699 0.461721569 -0.760444105
v -0.434118956 0.460840702 -0.761012912
v -0.433083117 0.458911747 -0.7626127
v -0.434118956 0.457064688 -0.764306366
v -0.436163872 0.461365074 -0.770815551
v -0.438664615 0.462245941 -0.770246744
v -0.439700454 0.464174896 -0.768646955
v -0.438664615 0.466021955 -0.76695329
v -0.436163872 0.466705173 -0.766157925
v -0.43366313 0.465824306 -0.766726732
v -0.43262729 0.463895351 -0.768326521
v -0.43366313 0.462048292 -0.770020187
v -0.436163872 0.461365074 -0.770815551
v -0.438664615 0.462245941 -0.770246804
v -0.439700454 0.464174896 -0.768646955
v -0.438664615 0.466021955 -0.76695329
v -0.436163872 0.466705173 -0.766157925
v -0.43366313 0.465824306 -0.766726673
v -0.43262729 0.463895351 -0.768326521
v -0.43366313 0.462048292 -0.770020187
v -0.435708046 0.466348678 -0.776529312
v -0.438208789 0.467229545 -0.775960565
v -0.439244628 0.4691585 -0.774360716
v -0.438208789 0.471005559 -0.77266705
v -0.435708046 0.471688777 -0.771871686
v -0.433207303 0.47080791 -0.772440434
v -0.432171464 0.468878955 -0.774040282
v -0.433207303 0.467031896 -0.775733948
v -0.435708046 0.466348678 -0.776529312
v -0.438208789 0.467229545 -0.775960505
v -0.439244628 0.4691585 -0.774360716
v -0.438208789 0.471005559 -0.77266705
v -0.435708046 0.471688777 -0.771871686
v -0.433207303 0.47080791 -0.772440493
v -0.432171464 0.468878955 -0.774040282
v -0.433207303 0.467031896 -0.775733948
v -0.435252219 0.471332312 -0.782243133
v -0.437752962 0.472213179 -0.781674325
v -0.438788801 0.474142134 -0.780074537
v -0.437752962 0.475989193 -0.778380871
v -0.435252219 0.476672411 -0.777585506
v -0.432751477 0.475791544 -0.778154314
v -0.431715637 0.473862588 -0.779754102
v -0.432751477 0.47201553 -0.781447768
v -0.435252219 0.470486999 -0.779472947
v -0.43774581 0.47154671 -0.779362559
v -0.438778669 0.474044919 -0.779575348
v -0.43774581 0.476518184 -0.779986739
v -0.435252219 0.477517724 -0.780355692
v -0.432758629 0.476458013 -0.78046608
v -0.43172577 0.473959804 -0.780253291
v -0.432758629 0.471486539 -0.7798419
v -0.436718553 0.468601465 -0.794490993
v -0.439212143 0.469661176 -0.794380605
v -0.440245003 0.472159386 -0.794593394
v -0.439212143 0.474632651 -0.795004785
v -0.436718553 0.475632191 -0.795373738
v -0.434224963 0.47457248 -0.795484126
v -0.433192104 0.47207427 -0.795271337
v -0.434224963 0.469601005 -0.794859946
v -0.433317155 0.473108321 -0.794932365
v -0.434194505 0.472410083 -0.797401309
v -0.436550438 0.471540064 -0.798424006
v -0.439004809 0.471007884 -0.797401309
v -0.440119952 0.471125335 -0.794932365
v -0.439242601 0.471823573 -0.792463422
v -0.436886668 0.472693592 -0.791440725
v -0.434432298 0.473225772 -0.792463422
v -0.435778737 0.481553018 -0.796445847
v -0.436656088 0.480854779 -0.79891479
v -0.439012021 0.47998476 -0.799937487
v -0.441466391 0.47945258 -0.79891479
v -0.442581534 0.479570031 -0.796445847
v -0.441704184 0.48026827 -0.793976903
v -0.439348251 0.481138289 -0.792954206
v -0.43689388 0.481670469 -0.793976903
v -0.442178458 0.469850957 -0.818093896
v -0.444667697 0.47092554 -0.81804812
v -0.445698768 0.473394424 -0.818489254
v -0.444667697 0.475811392 -0.819158733
v -0.442178458 0.476760626 -0.819664478
v -0.439689219 0.475686044 -0.819710255
v -0.438658148 0.47321716 -0.819269121
v -0.439689219 0.470800191 -0.818599641
v -0.444312841 0.465686351 -0.836415291
v -0.44680208 0.466760933 -0.836369514
v -0.447833151 0.469229817 -0.836810648
v -0.44680208 0.471646786 -0.837480128
v -0.444312841 0.47259602 -0.837985873
v -0.441823602 0.471521437 -0.83803165
v -0.440792531 0.469052553 -0.837590516
v -0.441823602 0.466635585 -0.836921036
v -0.444312841 0.471363991 -0.839959502
v -0.446813047 0.470589042 -0.83925128
v -0.447848648 0.468965977 -0.837341726
v -0.446813047 0.467445552 -0.8353495
v -0.444312841 0.466918379 -0.834441662
v -0.441812634 0.467693329 -0.835149884
v -0.440777034 0.469316393 -0.837059438
v -0.441812634 0.470836818 -0.839051664
v -0.445296258 0.483399391 -0.830262959
v -0.447796464 0.482624441 -0.829554737
v -0.448832065 0.481001377 -0.827645183
v -0.447796464 0.479480952 -0.825652957
v -0.445296258 0.478953779 -0.824745119
v -0.442796052 0.479728729 -0.825453341
v -0.441760451 0.481351793 -0.827362895
v -0.442796052 0.482872218 -0.829355121
v -0.445296258 0.47772032 -0.826725066
v -0.447785378 0.478795052 -0.826676309
v -0.448816389 0.481264859 -0.827112377
v -0.447785378 0.48368296 -0.827777922
v -0.445296258 0.48463285 -0.828283012
v -0.442807138 0.483558118 -0.828331769
v -0.441776127 0.48108831 -0.827895701
v -0.442807138 0.47867021 -0.827230155
v -0.447441906 0.473584145 -0.845077634
v -0.449931026 0.474658877 -0.845028877
v -0.450962037 0.477128685 -0.845464945
v -0.449931026 0.479546785 -0.84613049
v -0.447441906 0.480496675 -0.84663558
v -0.444952786 0.479421943 -0.846684337
v -0.443921775 0.476952136 -0.846248269
v -0.444952786 0.474534035 -0.845582724
v -0.443957746 0.477683216 -0.845856607
v -0.445028335 0.477766573 -0.848346591
v -0.447512776 0.477424562 -0.84937799
v -0.449955702 0.476857543 -0.848346591
v -0.450926065 0.476397604 -0.845856607
v -0.449855477 0.476314247 -0.843366623
v -0.447371036 0.476656258 -0.842335224
v -0.44492811 0.477223277 -0.843366623
v -0.445877612 0.488089561 -0.844682693
v -0.4469482 0.488172919 -0.847172678
v -0.449432641 0.487830907 -0.848204076
v -0.451875567 0.487263888 -0.847172678
v -0.452845931 0.486803949 -0.844682693
v -0.451775342 0.486720592 -0.842192709
v -0.449290901 0.487062603 -0.841161311
v -0.446847975 0.487629622 -0.842192709
v -0.449361771 0.48399049 -0.84390372
v -0.451850682 0.485065609 -0.843853176
v -0.452881604 0.487535596 -0.844288528
v -0.451850682 0.489953518 -0.844954789
v -0.449361771 0.49090302 -0.845461667
v -0.44687286 0.489827901 -0.845512211
v -0.445841938 0.487357914 -0.845076859
v -0.44687286 0.484939992 -0.844410598
v -0.451540917 0.479816914 -0.862422407
v -0.454029828 0.480892032 -0.862371862
v -0.45506075 0.483362019 -0.862807214
v -0.454029828 0.485779941 -0.863473475
v -0.451540917 0.486729443 -0.863980353
v -0.449052006 0.485654324 -0.864030898
v -0.448021084 0.483184338 -0.863595545
v -0.449052006 0.480766416 -0.862929285
v -0.451540917 0.484591514 -0.866489947
v -0.454039544 0.484036416 -0.865594447
v -0.455074519 0.483034223 -0.863297164
v -0.454039544 0.482172012 -0.860943735
v -0.451540917 0.481954843 -0.859912813
v -0.44904229 0.482509941 -0.860808313
v -0.448007315 0.483512133 -0.863105595
v -0.44904229 0.484374344 -0.865459025
v -0.452592671 0.497990847 -0.861118317
v -0.455091298 0.497435749 -0.860222816
v -0.456126273 0.496433556 -0.857925534
v -0.455091298 0.495571345 -0.855572104
v -0.452592671 0.495354176 -0.854541183
v -0.450094044 0.495909274 -0.855436683
v -0.449059069 0.496911466 -0.857733965
v -0.450094044 0.497773677 -0.860087395
v -0.452592671 0.494081646 -0.86024636
v -0.454897761 0.494171202 -0.858820975
v -0.455852568 0.49572596 -0.856814981
v -0.454897761 0.497835219 -0.855403364
v -0.452592671 0.499263376 -0.855413139
v -0.45028758 0.49917382 -0.856838524
v -0.449332774 0.497619063 -0.858844519
v -0.45028758 0.495509803 -0.860256135
v -0.455946833 0.499456078 -0.866008282
v -0.458251923 0.499545634 -0.864582896
v -0.45920673 0.501100421 -0.862576902
v -0.458251923 0.503209651 -0.861165285
v -0.455946833 0.504637778 -0.86117506
v -0.453641742 0.504548252 -0.862600446
v -0.452686936 0.502993464 -0.86460644
v -0.453641742 0.500884235 -0.866018057
v -0.455946833 0.498547941 -0.863035381
v -0.458438158 0.499614179 -0.862937927
v -0.459470123 0.502105474 -0.863223433
v -0.458438158 0.504562497 -0.863724649
v -0.455946833 0.505545974 -0.864147961
v -0.453455508 0.504479706 -0.864245415
v -0.452423543 0.501988411 -0.863959908
v -0.453455508 0.499531358 -0.863458693
v -0.456829101 0.497239023 -0.871268332
v -0.459320426 0.498305261 -0.871170878
v -0.460352391 0.500796556 -0.871456385
v -0.459320426 0.503253579 -0.8719576
v -0.456829101 0.504237056 -0.872380912
v -0.454337776 0.503170788 -0.872478366
v -0.453305811 0.500679493 -0.87219286
v -0.454337776 0.49822244 -0.871691644
v -0.453532994 0.500738025 -0.873123944
v -0.454588562 0.498244852 -0.872972131
v -0.456956625 0.497212172 -0.872148097
v -0.459249973 0.498244852 -0.871134579
v -0.460125208 0.500738025 -0.870525301
v -0.459069639 0.503231168 -0.870677114
v -0.456701577 0.504263878 -0.871501148
v -0.454408228 0.503231168 -0.872514665
v -0.458108604 0.501968384 -0.884731352
v -0.459164172 0.499475211 -0.884579539
v -0.461532235 0.498442531 -0.883755505
v -0.463825583 0.499475211 -0.882741988
v -0.464700818 0.501968384 -0.882132709
v -0.46364525 0.504461527 -0.882284522
v -0.461277187 0.505494237 -0.883108556
v -0.458983839 0.504461527 -0.884122074
v -0.461404711 0.503341794 -0.886697948
v -0.463796467 0.50225234 -0.886030376
v -0.464787185 0.50099653 -0.88384074
v -0.463796467 0.500310063 -0.881411672
v -0.461404711 0.500594974 -0.880166113
v -0.459012955 0.501684427 -0.880833685
v -0.458022237 0.502940238 -0.883023322
v -0.459012955 0.503626704 -0.88545239
v -0.463777751 0.510360003 -0.883746564
v -0.466169506 0.509270549 -0.883078992
v -0.467160225 0.508014739 -0.880889356
v -0.466169506 0.507328272 -0.878460288
v -0.463777751 0.507613182 -0.87721473
v -0.461385995 0.508702636 -0.877882302
v -0.460395277 0.509958446 -0.880071938
v -0.461385995 0.510644913 -0.882501006
v -0.460247964 0.508986592 -0.880785763
v -0.4612737 0.506483138 -0.880602598
v -0.463766277 0.505446136 -0.880347967
v -0.466265589 0.506483138 -0.880171061
v -0.467307538 0.508986592 -0.880175531
v -0.466281801 0.511490047 -0.880358696
v -0.463789225 0.512527049 -0.880613327
v -0.461289912 0.511490047 -0.880790234
v -0.461424708 0.508472621 -0.894397855
v -0.462450445 0.505969167 -0.89421469
v -0.464943022 0.504932165 -0.893960059
v -0.467442334 0.505969167 -0.893783152
v -0.468484282 0.508472621 -0.893787622
v -0.467458546 0.510976076 -0.893970788
v -0.464965969 0.512013078 -0.894225419
v -0.462466657 0.510976076 -0.894402325
v -0.464954495 0.505289257 -0.895648003
v -0.467254162 0.505785346 -0.894299448
v -0.468206704 0.507855594 -0.892829835
v -0.467254162 0.510287285 -0.892099977
v -0.464954495 0.511655986 -0.892537475
v -0.462654829 0.511159897 -0.89388603
v -0.461702287 0.509089649 -0.895355642
v -0.462654829 0.506657958 -0.896085501
v -0.468771935 0.509166539 -0.903584242
v -0.471071601 0.509662628 -0.902235687
v -0.472024143 0.511732876 -0.900766075
v -0.471071601 0.514164567 -0.900036216
v -0.468771935 0.515533268 -0.900473714
v -0.466472268 0.515037179 -0.901822269
v -0.465519726 0.512966931 -0.903291881
v -0.466472268 0.51053524 -0.90402174
v -0.465892404 0.514414072 -0.902028978
v -0.466537952 0.513533473 -0.904511094
v -0.468492121 0.511959553 -0.905539215
v -0.470610231 0.510614276 -0.904511094
v -0.471651465 0.510285735 -0.902028978
v -0.471005917 0.511166334 -0.899546862
v -0.469051749 0.512740254 -0.898518741
v -0.466933638 0.514085531 -0.899546862
v -0.469039023 0.518803596 -0.902767897
v -0.469684571 0.517922997 -0.905250013
v -0.471638739 0.516349077 -0.906278133
v -0.47375685 0.5150038 -0.905250013
v -0.474798083 0.51467526 -0.902767897
v -0.474152535 0.515555859 -0.90028578
v -0.472198367 0.517129779 -0.89925766
v -0.470080256 0.518475056 -0.90028578
v -0.471918553 0.51355648 -0.904323936
v -0.4742181 0.514052093 -0.902975023
v -0.475170612 0.516121924 -0.901504815
v -0.4742181 0.518553495 -0.900774479
v -0.471918553 0.519922376 -0.901211858
v -0.469619006 0.519426763 -0.902560771
v -0.468666494 0.517356932 -0.904030979
v -0.469619006 0.514925361 -0.904761314
v -0.475740224 0.517438829 -0.91226548
v -0.478039771 0.517934442 -0.910916567
v -0.478992283 0.520004272 -0.909446359
v -0.478039771 0.522435844 -0.908716023
v -0.475740224 0.523804724 -0.909153402
v -0.473440677 0.523309112 -0.910502315
v -0.472488165 0.521239281 -0.911972523
v -0.473440677 0.518807709 -0.912702858
v -0.475740224 0.518030941 -0.913126051
v -0.478045315 0.518120468 -0.911700666
v -0.479000121 0.519675255 -0.909694672
v -0.478045315 0.521784484 -0.908283055
v -0.475740224 0.523212612 -0.90829283
v -0.473435134 0.523123085 -0.909718215
v -0.472480327 0.521568298 -0.91172421
v -0.473435134 0.519459069 -0.913135827
v -0.47910893 0.523428679 -0.918913007
v -0.48141402 0.523518205 -0.917487621
v -0.482368827 0.525072992 -0.915481627
v -0.48141402 0.527182221 -0.91407001
v -0.47910893 0.528610349 -0.914079785
v -0.476803839 0.528520823 -0.915505171
v -0.475849032 0.526966035 -0.917511165
v -0.476803839 0.524856806 -0.918922782
v -0.476889223 0.526019514 -0.91925782
v -0.478571028 0.523892522 -0.919278324
v -0.480567962 0.523011446 -0.917669237
v -0.481710196 0.523892522 -0.915373087
v -0.481328636 0.526019514 -0.913734972
v -0.479646832 0.528146505 -0.913714468
v -0.477649897 0.529027581 -0.915323555
v -0.476507664 0.528146505 -0.917619705
v -0.480488777 0.52889359 -0.922151268
v -0.482170582 0.526766598 -0.922171772
v -0.484167516 0.525885522 -0.920562685
v -0.48530975 0.526766598 -0.918266535
v -0.484928191 0.52889359 -0.91662842
v -0.483246386 0.531020582 -0.916607916
v -0.481249452 0.531901658 -0.918217003
v -0.480107218 0.531020582 -0.920513153
v -0.482708484 0.526302755 -0.921806455
v -0.485013574 0.526392281 -0.920381129
v -0.485968381 0.527947068 -0.918375075
v -0.485013574 0.530056298 -0.916963458
v -0.482708484 0.531484425 -0.916973233
v -0.480403394 0.531394899 -0.918398559
v -0.479448587 0.529840112 -0.920404613
v -0.480403394 0.527730882 -0.92181623
v -0.486077189 0.531700552 -0.92759341
v -0.48838228 0.531790078 -0.926168084
v -0.489337087 0.533344865 -0.92416203
v -0.48838228 0.535454094 -0.922750413
v -0.486077189 0.536882222 -0.922760189
v -0.483772099 0.536792696 -0.924185514
v -0.482817292 0.535237908 -0.926191568
v -0.483772099 0.533128679 -0.927603185
v -0.483463109 0.534291387 -0.927568257
v -0.484766543 0.531916201 -0.927455664
v -0.486837745 0.530932367 -0.926008105
v -0.488463402 0.531916201 -0.924073577
v -0.48869127 0.534291387 -0.922785342
v -0.487387836 0.536666572 -0.922897935
v -0.485316634 0.537650406 -0.924345493
v -0.483690977 0.536666572 -0.926280022
v -0.487352967 0.536224425 -0.931820154
v -0.488656402 0.533849239 -0.931707561
v -0.490727603 0.532865405 -0.930260003
v -0.492353261 0.533849239 -0.928325474
v -0.492581129 0.536224425 -0.927037239
v -0.491277695 0.53859961 -0.927149832
v -0.489206493 0.539583445 -0.928597391
v -0.487580836 0.53859961 -0.930531919
v -0.500907063 0.513771713 -0.969850302
v -0.503394604 0.514847636 -0.969761729
v -0.50442493 0.517328501 -0.970131457
v -0.503394604 0.519761086 -0.970743001
v -0.500907063 0.520720422 -0.971238017
v -0.498419553 0.519644499 -0.97132659
v -0.497389197 0.517163634 -0.970956862
v -0.498419553 0.51473105 -0.970345318
v -0.50318718 0.510038733 -0.988541663
v -0.50567472 0.511114657 -0.98845309
v -0.506705046 0.513595521 -0.988822818
v -0.50567472 0.516028106 -0.989434361
v -0.50318718 0.516987443 -0.989929378
v -0.500699639 0.51591152 -0.990017951
v -0.499669313 0.513430655 -0.989648223
v -0.500699639 0.51099807 -0.989036679
v -0.500306547 0.515575767 -0.98923552
v -0.500959396 0.514705002 -0.991719246
v -0.50291723 0.513136029 -0.992748022
v -0.505033195 0.511787951 -0.991719246
v -0.506067812 0.51145041 -0.98923552
v -0.505414963 0.512321174 -0.986751795
v -0.503457129 0.513890147 -0.985723019
v -0.501341164 0.515238225 -0.986751795
v -0.506650805 0.524435818 -0.990674198
v -0.507303655 0.523565054 -0.993157923
v -0.509261489 0.521996081 -0.994186699
v -0.511377454 0.520648003 -0.993157923
v -0.512412071 0.520310462 -0.990674198
v -0.511759222 0.521181226 -0.988190472
v -0.509801388 0.522750199 -0.987161696
v -0.507685423 0.524098277 -0.988190472
v -0.50888294 0.525856256 -0.990674198
v -0.509395599 0.524896145 -0.993157864
v -0.509987831 0.522458136 -0.99418658
v -0.510312736 0.519970298 -0.993157864
v -0.510179937 0.518890023 -0.990674198
v -0.509667277 0.519850135 -0.988190532
v -0.509075046 0.522288144 -0.987161815
v -0.508750141 0.524775982 -0.988190532
v -0.512651742 0.526557922 -0.990167499
v -0.513164401 0.525597811 -0.992651165
v -0.513756633 0.523159802 -0.993679881
v -0.514081538 0.520671964 -0.992651165
v -0.513948739 0.519591689 -0.990167499
v -0.513436079 0.520551801 -0.987683833
v -0.512843847 0.52298981 -0.986655116
v -0.512518942 0.525477648 -0.987683833
v -0.510998249 0.525768042 -0.990167499
v -0.511824429 0.525109053 -0.992664754
v -0.513515115 0.523258448 -0.993699193
v -0.515079916 0.521300256 -0.992664754
v -0.515602231 0.52038157 -0.990167499
v -0.514776051 0.521040559 -0.987670243
v -0.513085365 0.522891164 -0.986635804
v -0.511520565 0.524849355 -0.987670243
v -0.517725885 0.53151834 -0.989459157
v -0.518552065 0.530859351 -0.991956413
v -0.520242751 0.529008746 -0.992990851
v -0.521807551 0.527050555 -0.991956413
v -0.522329867 0.526131868 -0.989459157
v -0.521503687 0.526790857 -0.986961901
v -0.519813001 0.528641462 -0.985927463
v -0.5182482 0.530599654 -0.986961901
v -0.517808139 0.528825104 -0.992220581
v -0.519490004 0.526698112 -0.992241085
v -0.521486878 0.525817037 -0.990631938
v -0.522629142 0.526698112 -0.988335848
v -0.522247612 0.528825104 -0.986697733
v -0.520565748 0.530952096 -0.986677229
v -0.518568873 0.531833172 -0.988286376
v -0.51742661 0.530952096 -0.990582466
v -0.521448791 0.531731963 -0.995147049
v -0.523130655 0.529604971 -0.995167553
v -0.52512753 0.528723896 -0.993558407
v -0.526269794 0.529604971 -0.991262317
v -0.525888264 0.531731963 -0.989624202
v -0.5242064 0.533858955 -0.989603698
v -0.522209525 0.534740031 -0.991212845
v -0.521067262 0.533858955 -0.993508935
v -0.523054123 0.535221219 -0.992385626
v -0.52352494 0.534250438 -0.994873405
v -0.5240798 0.531804383 -0.995903909
v -0.524393797 0.529315889 -0.994873405
v -0.524282932 0.528242707 -0.992385626
v -0.523812115 0.529213488 -0.989897847
v -0.523257256 0.531659544 -0.988867342
v -0.522943258 0.534148037 -0.989897847
v -0.530600965 0.536550045 -0.991476059
v -0.531071782 0.535579264 -0.993963838
v -0.531626642 0.533133209 -0.994994342
v -0.531940639 0.530644715 -0.993963838
v -0.531829774 0.529571533 -0.991476059
v -0.531358957 0.530542314 -0.98898828
v -0.530804098 0.532988369 -0.987957776
v -0.5304901 0.535476863 -0.98898828
v -0.530616403 0.533060789 -0.994967997
v -0.530721426 0.53055656 -0.993933141
v -0.53111577 0.52951926 -0.991458952
v -0.531568468 0.53055656 -0.988994777
v -0.531814337 0.533060789 -0.987984121
v -0.531709313 0.535565019 -0.989018977
v -0.531314969 0.536602318 -0.991493165
v -0.530862272 0.535565019 -0.993957341
v -0.538671434 0.532827556 -0.996349633
v -0.538776457 0.530323327 -0.995314777
v -0.539170802 0.529286027 -0.992840588
v -0.539623499 0.530323327 -0.990376413
v -0.539869368 0.532827556 -0.989365757
v -0.539764345 0.535331786 -0.990400612
v -0.53937 0.536369085 -0.992874801
v -0.538917303 0.535331786 -0.995338976
v -0.541813433 0.532827556 -0.995324552
v -0.541256666 0.530336916 -0.99440819
v -0.539536357 0.52930522 -0.992583513
v -0.537660241 0.530336916 -0.990919471
v -0.536727369 0.532827556 -0.990390837
v -0.537284136 0.535318196 -0.991307199
v -0.539004445 0.536349893 -0.993131876
v -0.540880561 0.535318196 -0.994795918
v -0.548824728 0.533919513 -0.988096774
v -0.548267961 0.531428874 -0.987180412
v -0.546547651 0.530397177 -0.985355735
v -0.544671535 0.531428874 -0.983691692
v -0.543738663 0.533919513 -0.983163059
v -0.54429543 0.536410153 -0.984079421
v -0.546015739 0.53744185 -0.985904098
v -0.547891855 0.536410153 -0.98756814
v -0.541546404 0.580566108 -0.915106833
v -0.540124595 0.580649972 -0.917414367
v -0.53794241 0.579354763 -0.918370128
v -0.536278129 0.577439129 -0.917414367
v -0.536106646 0.576025188 -0.915106833
v -0.537528455 0.575941324 -0.912799299
v -0.539710641 0.577236533 -0.911843538
v -0.541374922 0.579152167 -0.912799299
v -0.547068179 0.573951364 -0.91874963
v -0.545646369 0.574035227 -0.921057165
v -0.543464184 0.572740018 -0.922012925
v -0.541799903 0.570824385 -0.921057165
v -0.54162842 0.569410443 -0.91874963
v -0.54305023 0.56932658 -0.916442096
v -0.545232415 0.570621789 -0.915486336
v -0.546896696 0.572537422 -0.916442096
v -0.546621203 0.574398696 -0.91874963
v -0.54507494 0.574339092 -0.9209764
v -0.543103039 0.572722375 -0.921898782
v -0.54186058 0.570495546 -0.9209764
v -0.542075396 0.56896311 -0.91874963
v -0.543621659 0.569022715 -0.916522861
v -0.54559356 0.570639431 -0.915600479
v -0.546836019 0.572866261 -0.916522861
v -0.556697786 0.565971494 -0.925521135
v -0.555151522 0.565911889 -0.927747905
v -0.553179622 0.564295173 -0.928670287
v -0.551937163 0.562068343 -0.927747905
v -0.552151978 0.560535908 -0.925521135
v -0.553698242 0.560595512 -0.923294365
v -0.555670142 0.562212229 -0.922371984
v -0.556912601 0.564439058 -0.923294365
v -0.557685137 0.563253701 -0.926907957
v -0.556827545 0.560760796 -0.926272988
v -0.554562509 0.559728205 -0.925197601
v -0.552216828 0.560760796 -0.924311757
v -0.551164627 0.563253701 -0.924134314
v -0.552022219 0.565746605 -0.924769282
v -0.554287255 0.566779196 -0.925844669
v -0.556632936 0.565746605 -0.926730514
v -0.560731947 0.564029992 -0.919745147
v -0.559874356 0.561537087 -0.919110179
v -0.55760932 0.560504496 -0.918034792
v -0.555263638 0.561537087 -0.917148948
v -0.554211438 0.564029992 -0.916971505
v -0.555069029 0.566522896 -0.917606473
v -0.557334065 0.567555487 -0.91868186
v -0.559679747 0.566522896 -0.919567704
v -0.560223043 0.564029992 -0.92059046
v -0.559685826 0.561561286 -0.919605613
v -0.557851553 0.560538709 -0.917890131
v -0.555794775 0.561561286 -0.916448891
v -0.554720342 0.564029992 -0.916126192
v -0.555257559 0.566498697 -0.917111039
v -0.557091832 0.567521274 -0.91882652
v -0.55914861 0.566498697 -0.920267761
v -0.56683284 0.565841794 -0.912443221
v -0.566295624 0.563373089 -0.911458373
v -0.56446135 0.562350512 -0.909742892
v -0.562404573 0.563373089 -0.908301651
v -0.56133014 0.565841794 -0.907978952
v -0.561867356 0.568310499 -0.908963799
v -0.56370163 0.569333076 -0.910679281
v -0.565758407 0.568310499 -0.912120521
v -0.566128433 0.568733573 -0.910211086
v -0.566095948 0.567485213 -0.912618101
v -0.564883351 0.565274179 -0.913615108
v -0.56320107 0.563395619 -0.912618101
v -0.562034547 0.562950015 -0.910211086
v -0.562067032 0.564198375 -0.907804072
v -0.563279629 0.566409409 -0.906807065
v -0.56496191 0.568287969 -0.907804072
v -0.570479393 0.565653741 -0.908672571
v -0.570446908 0.564405382 -0.911079586
v -0.569234312 0.562194347 -0.912076592
v -0.56755203 0.560315788 -0.911079586
v -0.566385508 0.559870183 -0.908672571
v -0.566417992 0.561118543 -0.906265557
v -0.567630589 0.563329577 -0.90526855
v -0.569312871 0.565208137 -0.906265557
v -0.57094872 0.565256178 -0.908672571
v -0.569880247 0.564860046 -0.91113317
v -0.56796366 0.563234925 -0.91215241
v -0.566321731 0.561332703 -0.91113317
v -0.565916181 0.560267746 -0.908672571
v -0.566984653 0.560663879 -0.906211972
v -0.568901241 0.562289 -0.905192733
v -0.57054317 0.564191222 -0.906211972
v -0.581057012 0.555058539 -0.911420286
v -0.579988539 0.554662406 -0.913880885
v -0.578071952 0.553037286 -0.914900124
v -0.576430023 0.551135063 -0.913880885
v -0.576024473 0.550070107 -0.911420286
v -0.577092946 0.550466239 -0.908959687
v -0.579009533 0.55209136 -0.907940447
v -0.580651462 0.553993583 -0.908959687
v -0.580596566 0.552564323 -0.914305806
v -0.579179227 0.550267696 -0.91404146
v -0.577387869 0.549316406 -0.912241638
v -0.576271832 0.550267696 -0.909960747
v -0.576484919 0.552564323 -0.908534765
v -0.577902257 0.55486095 -0.908799112
v -0.579693615 0.55581224 -0.910598934
v -0.580809653 0.55486095 -0.912879825
v -0.584642172 0.550399363 -0.911423445
v -0.583224833 0.548102736 -0.911159098
v -0.581433475 0.547151446 -0.909359276
v -0.580317438 0.548102736 -0.907078385
v -0.580530524 0.550399363 -0.905652404
v -0.581947863 0.55269599 -0.90591675
v -0.583739221 0.55364728 -0.907716572
v -0.584855258 0.55269599 -0.909997463
v -0.585361242 0.552602232 -0.908537924
v -0.585268199 0.551050425 -0.910759747
v -0.583604157 0.549117267 -0.911680043
v -0.581343889 0.547935128 -0.910759747
v -0.579811454 0.548196495 -0.908537924
v -0.579904497 0.549748302 -0.906316102
v -0.581568539 0.551681459 -0.905395806
v -0.583828807 0.552863598 -0.906316102
v -0.590076625 0.546662331 -0.904586792
v -0.589983582 0.545110524 -0.906808615
v -0.58831954 0.543177366 -0.90772891
v -0.586059272 0.541995227 -0.906808615
v -0.584526837 0.542256594 -0.904586792
v -0.58461988 0.543808401 -0.902364969
v -0.586283922 0.545741558 -0.901444674
v -0.58854419 0.546923697 -0.902364969
v -0.590829909 0.544459462 -0.904263198
v -0.589805186 0.541956007 -0.90445286
v -0.58731401 0.540919065 -0.904720962
v -0.584815621 0.541956007 -0.904910445
v -0.583773553 0.544459462 -0.904910386
v -0.584798276 0.546962917 -0.904720724
v -0.587289453 0.547999859 -0.904452622
v -0.589787841 0.546962917 -0.904263139
v -0.589701533 0.54398936 -0.891959667
v -0.58867681 0.541485906 -0.892149329
v -0.586185634 0.540448964 -0.892417431
v -0.583687246 0.541485906 -0.892606914
v -0.582645178 0.54398936 -0.892606854
v -0.583669901 0.546492815 -0.892417192
v -0.586161077 0.547529757 -0.892149091
v -0.588659465 0.546492815 -0.891959608
v -0.595158517 0.528490603 -0.903471291
v -0.59765923 0.527807355 -0.904266655
v -0.598695099 0.525960267 -0.905960321
v -0.59765923 0.524031341 -0.90756011
v -0.595158517 0.523150504 -0.908128917
v -0.592657804 0.523833752 -0.907333553
v -0.591621935 0.52568084 -0.905639887
v -0.592657804 0.527609766 -0.904040098
v -0.595389366 0.525966287 -0.900577128
v -0.597890079 0.525283039 -0.901372492
v -0.598925948 0.52343595 -0.903066158
v -0.597890079 0.521507025 -0.904665947
v -0.595389366 0.520626187 -0.905234754
v -0.592888653 0.521309435 -0.90443939
v -0.591852784 0.523156524 -0.902745724
v -0.592888653 0.525085449 -0.901145935
v -0.595389366 0.526190102 -0.900861919
v -0.597584784 0.526038766 -0.90244633
v -0.598494172 0.524280846 -0.904299974
v -0.597584784 0.521946192 -0.905336976
v -0.595389366 0.520402372 -0.904949963
v -0.593193948 0.520553708 -0.903365552
v -0.59228456 0.522311628 -0.901511908
v -0.593193948 0.524646282 -0.900474906
v -0.599575877 0.521796286 -0.894641161
v -0.601771295 0.52164495 -0.896225572
v -0.602680683 0.51988703 -0.898079216
v -0.601771295 0.517552376 -0.899116218
v -0.599575877 0.516008556 -0.898729205
v -0.597380459 0.516159892 -0.897144794
v -0.596471071 0.517917812 -0.89529115
v -0.597380459 0.520252466 -0.894254148
v -0.599575877 0.52203697 -0.895033717
v -0.601867795 0.520647347 -0.894622445
v -0.602817118 0.518235564 -0.895419478
v -0.601867795 0.51621443 -0.896957934
v -0.599575877 0.515767872 -0.898336649
v -0.597283959 0.517157495 -0.898747921
v -0.596334636 0.519569278 -0.897950888
v -0.597283959 0.521590412 -0.896412432
v -0.595738292 0.517984271 -0.887341559
v -0.59803021 0.516594648 -0.886930287
v -0.598979533 0.514182866 -0.88772732
v -0.59803021 0.512161732 -0.889265776
v -0.595738292 0.511715174 -0.890644491
v -0.593446374 0.513104796 -0.891055763
v -0.592497051 0.515516579 -0.890258729
v -0.593446374 0.517537713 -0.888720274
v -0.595738292 0.517505586 -0.886648059
v -0.598040879 0.516074359 -0.886594892
v -0.598994613 0.513925731 -0.887946546
v -0.598040879 0.512318373 -0.889911175
v -0.595738292 0.512193859 -0.891337991
v -0.593435705 0.513625085 -0.891391158
v -0.592481971 0.515773714 -0.890039504
v -0.593435705 0.517381072 -0.888074875
v -0.592326581 0.512238383 -0.880682588
v -0.594629169 0.510807157 -0.88062942
v -0.595582902 0.508658528 -0.881981075
v -0.594629169 0.50705117 -0.883945704
v -0.592326581 0.506926656 -0.885372519
v -0.590023994 0.508357882 -0.885425687
v -0.589070261 0.510506511 -0.884074032
v -0.590023994 0.512113869 -0.882109404
v -0.594546318 0.50958252 -0.88026619
v -0.594927847 0.507455528 -0.881904304
v -0.593785584 0.506574512 -0.884200394
v -0.59178865 0.507455528 -0.885809481
v -0.590106845 0.50958252 -0.885788918
v -0.589725316 0.511709511 -0.884150803
v -0.590867579 0.512590528 -0.881854713
v -0.592864513 0.511709511 -0.880245626
v -0.590948462 0.506709754 -0.877374053
v -0.591329992 0.504582763 -0.879012167
v -0.590187728 0.503701746 -0.881308258
v -0.588190794 0.504582763 -0.882917345
v -0.586508989 0.506709754 -0.882896781
v -0.58612746 0.508836746 -0.881258667
v -0.587269723 0.509717762 -0.878962576
v -0.589266658 0.508836746 -0.877353489
v -0.591189206 0.506709754 -0.877586186
v -0.591199458 0.504419684 -0.879038274
v -0.58976233 0.503471076 -0.88113308
v -0.587719798 0.504419684 -0.882643402
v -0.586268246 0.506709754 -0.882684648
v -0.586257994 0.508999825 -0.88123256
v -0.587695122 0.509948432 -0.879137754
v -0.589737654 0.508999825 -0.877627432
v -0.587406218 0.504377663 -0.873934865
v -0.58741647 0.502087593 -0.875386953
v -0.585979342 0.501138985 -0.877481759
v -0.58393681 0.502087593 -0.878992081
v -0.582485259 0.504377663 -0.879033327
v -0.582475007 0.506667733 -0.877581239
v -0.583912134 0.507616341 -0.875486434
v -0.585954666 0.506667733 -0.873976111
v -0.587706685 0.50215739 -0.876484096
v -0.586508095 0.502322793 -0.87891084
v -0.584394276 0.503691912 -0.879916012
v -0.582603514 0.505462706 -0.87891084
v -0.582184792 0.506597936 -0.876484096
v -0.583383381 0.506432533 -0.874057353
v -0.5854972 0.505063415 -0.87305218
v -0.587287962 0.50329262 -0.874057353
v -0.581275582 0.494160116 -0.87385267
v -0.580076993 0.494325519 -0.876279414
v -0.577963173 0.495694607 -0.877284586
v -0.576172411 0.497465432 -0.876279414
v -0.575753689 0.498600662 -0.87385267
v -0.576952279 0.498435259 -0.871425927
v -0.579066098 0.49706617 -0.870420754
v -0.58085686 0.495295346 -0.871425927
v -0.575812697 0.496380389 -0.871560931
v -0.577459216 0.494252384 -0.871223927
v -0.579724014 0.49337092 -0.872426808
v -0.581280351 0.494252384 -0.874464929
v -0.581216574 0.496380389 -0.876144409
v -0.579570055 0.498508394 -0.876481414
v -0.577305257 0.499389857 -0.875278533
v -0.57574892 0.498508394 -0.873240411
v -0.572829425 0.493515044 -0.875078261
v -0.574475944 0.491387039 -0.874741256
v -0.576740742 0.490505576 -0.875944138
v -0.578297079 0.491387039 -0.877982259
v -0.578233302 0.493515044 -0.879661739
v -0.576586783 0.495643049 -0.879998744
v -0.574321985 0.496524513 -0.878795862
v -0.572765648 0.495643049 -0.876757741
v -0.575854063 0.489986807 -0.87737
v -0.57575953 0.491020203 -0.879875243
v -0.575531363 0.493515044 -0.88091296
v -0.575303197 0.496009886 -0.879875243
v -0.575208664 0.497043282 -0.87737
v -0.575303197 0.496009886 -0.874864757
v -0.575531363 0.493515044 -0.87382704
v -0.57575953 0.491020203 -0.874864757
v -0.568183959 0.48928526 -0.87737
v -0.568089426 0.490318656 -0.879875243
v -0.567861259 0.492813498 -0.88091296
v -0.567633092 0.49530834 -0.879875243
v -0.567538559 0.496341735 -0.87737
v -0.567633092 0.49530834 -0.874864757
v -0.567861259 0.492813498 -0.87382704
v -0.568089426 0.490318656 -0.874864757
v -0.555944502 0.508299172 -0.856683254
v -0.554855108 0.508920431 -0.859087467
v -0.553489506 0.511040926 -0.860083342
v -0.55264765 0.513418496 -0.859087467
v -0.552822649 0.514660299 -0.856683254
v -0.553912044 0.51403904 -0.854279041
v -0.555277646 0.511918545 -0.853283167
v -0.556119502 0.509540975 -0.854279041
v -0.54867363 0.50473088 -0.854310811
v -0.547584236 0.505352139 -0.856715024
v -0.546218634 0.507472634 -0.857710898
v -0.545376778 0.509850204 -0.856715024
v -0.545551777 0.511092007 -0.854310811
v -0.546641171 0.510470748 -0.851906598
v -0.548006773 0.508350253 -0.850910723
v -0.548848629 0.505972683 -0.851906598
v -0.547112703 0.505810559 -0.851457953
v -0.549479842 0.505765319 -0.852779984
v -0.550460339 0.50697726 -0.854998767
v -0.549479842 0.508736432 -0.856814563
v -0.547112703 0.510012329 -0.857163668
v -0.544745564 0.510057569 -0.855841637
v -0.543765068 0.508845627 -0.853622854
v -0.544745564 0.507086456 -0.851807058
v -0.54230535 0.494641185 -0.859683216
v -0.544672489 0.494595945 -0.861005247
v -0.545652986 0.495807856 -0.86322403
v -0.544672489 0.497567028 -0.865039825
v -0.54230535 0.498842955 -0.86538893
v -0.539938211 0.498888195 -0.864066899
v -0.538957715 0.497676283 -0.861848116
v -0.539938211 0.495917112 -0.86003232
v -0.54230535 0.495718002 -0.85914433
v -0.544754803 0.496521324 -0.859985769
v -0.545769393 0.497453958 -0.862321138
v -0.544754803 0.497969568 -0.864782393
v -0.54230535 0.497766137 -0.865927815
v -0.539855897 0.496962816 -0.865086377
v -0.538841307 0.496030182 -0.862751007
v -0.539855897 0.495514572 -0.860289752
v -0.543620408 0.489853531 -0.860915005
v -0.54606986 0.490656853 -0.861756444
v -0.547084451 0.491589487 -0.864091814
v -0.54606986 0.492105097 -0.866553068
v -0.543620408 0.491901666 -0.867698491
v -0.541170955 0.491098344 -0.866857052
v -0.540156364 0.49016571 -0.864521682
v -0.541170955 0.4896501 -0.862060428
v -0.546951592 0.490877599 -0.863100231
v -0.54589045 0.488384932 -0.863217711
v -0.543499589 0.487352461 -0.863973141
v -0.541179478 0.488384932 -0.864924014
v -0.540289223 0.490877599 -0.865513265
v -0.541350365 0.493370265 -0.865395784
v -0.543741226 0.494402736 -0.864640355
v -0.546061337 0.493370265 -0.863689482
v -0.541311264 0.492544681 -0.847527564
v -0.540250123 0.490052015 -0.847645044
v -0.537859261 0.489019543 -0.848400474
v -0.53553915 0.490052015 -0.849351346
v -0.534648895 0.492544681 -0.849940598
v -0.535710037 0.495037347 -0.849823117
v -0.538100898 0.496069819 -0.849067688
v -0.540421009 0.495037347 -0.848116815
v -0.540549457 0.492544681 -0.846294641
v -0.540378749 0.490186244 -0.847621977
v -0.538802862 0.489209354 -0.849600732
v -0.536745071 0.490186244 -0.851071835
v -0.535410702 0.492544681 -0.85117352
v -0.53558141 0.494903117 -0.849846184
v -0.537157297 0.495880008 -0.847867429
v -0.539215088 0.494903117 -0.846396327
v -0.536689103 0.490535855 -0.842228591
v -0.536518395 0.488177419 -0.843555927
v -0.534942508 0.487200528 -0.845534682
v -0.532884717 0.488177419 -0.847005785
v -0.531550348 0.490535855 -0.84710747
v -0.531721056 0.492894292 -0.845780134
v -0.533296943 0.493871182 -0.843801379
v -0.535354733 0.492894292 -0.842330277
v -0.534119725 0.493205905 -0.842339218
v -0.536620438 0.492522687 -0.843134582
v -0.537656307 0.490675628 -0.844828248
v -0.536620438 0.488746673 -0.846428096
v -0.534119725 0.487865806 -0.846996844
v -0.531619012 0.488549024 -0.846201479
v -0.530583143 0.490396082 -0.844507813
v -0.531619012 0.492325038 -0.842907965
v -0.534579575 0.488178521 -0.83657527
v -0.537080288 0.487495303 -0.837370634
v -0.538116157 0.485648245 -0.8390643
v -0.537080288 0.483719289 -0.840664148
v -0.534579575 0.482838422 -0.841232896
v -0.532078862 0.48352164 -0.840437531
v -0.531042993 0.485368699 -0.838743865
v -0.532078862 0.487297654 -0.837144017
v -0.537888527 0.485508472 -0.837637842
v -0.53690958 0.483003378 -0.837983191
v -0.534565747 0.481965721 -0.838867962
v -0.53223002 0.483003378 -0.839773893
v -0.531270623 0.485508472 -0.840170324
v -0.53224957 0.488013566 -0.839824975
v -0.534593403 0.489051223 -0.838940203
v -0.536929131 0.488013566 -0.838034272
v -0.53277427 0.485664725 -0.824273109
v -0.531795323 0.483159631 -0.824618459
v -0.529451489 0.482121974 -0.82550323
v -0.527115762 0.483159631 -0.826409161
v -0.526156366 0.485664725 -0.826805592
v -0.527135313 0.488169819 -0.826460242
v -0.529479146 0.489207476 -0.825575471
v -0.531814873 0.488169819 -0.82466954
v -0.532808304 0.485664725 -0.824365914
v -0.531704068 0.483188093 -0.824353278
v -0.529288411 0.482162267 -0.825035393
v -0.526976407 0.483188093 -0.826012731
v -0.526122332 0.485664725 -0.826712787
v -0.527226567 0.488141358 -0.826725423
v -0.529642224 0.489167184 -0.826043308
v -0.531954229 0.488141358 -0.82506597
v -0.526906967 0.488381773 -0.80755353
v -0.525802732 0.485905141 -0.807540894
v -0.523387074 0.484879315 -0.808223009
v -0.52107507 0.485905141 -0.809200346
v -0.520220995 0.488381773 -0.809900403
v -0.521325231 0.490858406 -0.809913039
v -0.523740888 0.491884232 -0.809230924
v -0.526052892 0.490858406 -0.808253586
v -0.523563981 0.491907448 -0.808377385
v -0.526063144 0.490857601 -0.808306456
v -0.527098358 0.488357484 -0.808481872
v -0.526063144 0.485871553 -0.808800817
v -0.523563981 0.484856099 -0.809076548
v -0.521064818 0.485905945 -0.809147477
v -0.520029604 0.488406062 -0.808972061
v -0.521064818 0.490891993 -0.808653116
v -0.522789657 0.49081111 -0.797320247
v -0.52528882 0.489761263 -0.797249317
v -0.526324034 0.487261146 -0.797424734
v -0.52528882 0.484775215 -0.797743678
v -0.522789657 0.483759761 -0.798019409
v -0.520290494 0.484809607 -0.798090339
v -0.51925528 0.487309724 -0.797914922
v -0.520290494 0.489795655 -0.797595978
v -0.522789657 0.490050554 -0.795454741
v -0.525291562 0.489321232 -0.79620409
v -0.526327908 0.487399369 -0.797812045
v -0.525291562 0.48541078 -0.799336731
v -0.522789657 0.484520316 -0.799884915
v -0.520287752 0.485249639 -0.799135566
v -0.519251406 0.487171501 -0.797527611
v -0.520287752 0.489160091 -0.796002924
v -0.523184896 0.485252708 -0.789465606
v -0.5256868 0.484523386 -0.790214956
v -0.526723146 0.482601523 -0.79182291
v -0.5256868 0.480612934 -0.793347597
v -0.523184896 0.47972247 -0.793895781
v -0.520682991 0.480451792 -0.793146431
v -0.519646645 0.482373655 -0.791538477
v -0.520682991 0.484362245 -0.79001379
v -0.523184896 0.486017883 -0.791381538
v -0.525683582 0.484968573 -0.791288495
v -0.526718557 0.482465923 -0.791425228
v -0.525683582 0.479975969 -0.791711569
v -0.523184896 0.478957295 -0.791979849
v -0.520686209 0.480006605 -0.792072892
v -0.519651234 0.482509255 -0.791936159
v -0.520686209 0.48499921 -0.791649818
v -0.522369444 0.485068917 -0.780183554
v -0.524868131 0.484019607 -0.780090511
v -0.525903106 0.481516957 -0.780227244
v -0.524868131 0.479027003 -0.780513585
v -0.522369444 0.47800833 -0.780781865
v -0.519870758 0.47905764 -0.780874908
v -0.518835783 0.48156029 -0.780738175
v -0.519870758 0.484050244 -0.780451834
v -0.525891244 0.481538624 -0.780095994
v -0.524831057 0.479047179 -0.779948235
v -0.522328913 0.478015184 -0.780113518
v -0.519850492 0.479047179 -0.780495048
v -0.518847644 0.481538624 -0.780869424
v -0.519907832 0.484030068 -0.781017184
v -0.522409976 0.485062063 -0.780851901
v -0.524888396 0.484030068 -0.780470371
v -0.524297535 0.483077914 -0.765581191
v -0.523237348 0.480586469 -0.765433431
v -0.520735204 0.479554474 -0.765598714
v -0.518256783 0.480586469 -0.765980244
v -0.517253935 0.483077914 -0.76635462
v -0.518314123 0.485569358 -0.76650238
v -0.520816267 0.486601353 -0.766337097
v -0.523294687 0.485569358 -0.765955567
v -0.524302483 0.483077914 -0.76562959
v -0.523261309 0.480574131 -0.765643001
v -0.520764112 0.47953704 -0.765846789
v -0.518273711 0.480574131 -0.766121507
v -0.517248988 0.483077914 -0.766306221
v -0.518290162 0.485581696 -0.76629281
v -0.520787358 0.486618787 -0.766089022
v -0.52327776 0.485581696 -0.765814304
v -0.523056805 0.48352623 -0.752644777
v -0.522015631 0.481022447 -0.752658188
v -0.519518435 0.479985356 -0.752861977
v -0.517028034 0.481022447 -0.753136694
v -0.516003311 0.48352623 -0.753321409
v -0.517044485 0.486030012 -0.753307998
v -0.519541681 0.487067103 -0.75310421
v -0.522032082 0.486030012 -0.752829492
v -0.522917867 0.48352623 -0.754019976
v -0.521844327 0.481036425 -0.753982008
v -0.519415081 0.480005115 -0.753358841
v -0.517053187 0.481036425 -0.752515554
v -0.516142249 0.48352623 -0.751946211
v -0.517215788 0.486016035 -0.751984179
v -0.519645035 0.487047344 -0.752607346
v -0.522006929 0.486016035 -0.753450632
v -0.526060164 0.482328087 -0.743753374
v -0.524986625 0.479838282 -0.743715405
v -0.522557378 0.478806973 -0.743092239
v -0.520195484 0.479838282 -0.742248952
v -0.519284546 0.482328087 -0.741679609
v -0.520358086 0.484817892 -0.741717577
v -0.522787333 0.485849202 -0.742340744
v -0.525149226 0.484817892 -0.74318403
v -0.522672355 0.4856745 -0.743880153
v -0.525150359 0.484815419 -0.743191183
v -0.526176751 0.482499301 -0.742224157
v -0.525150359 0.48008287 -0.741545498
v -0.522672355 0.478981674 -0.74155283
v -0.520194352 0.479840755 -0.7422418
v -0.51916796 0.482156873 -0.743208826
v -0.520194352 0.484573305 -0.743887484
v -0.520861804 0.489672393 -0.732383132
v -0.523339808 0.488813311 -0.731694162
v -0.5243662 0.486497194 -0.730727136
v -0.523339808 0.484080762 -0.730048478
v -0.520861804 0.482979566 -0.730055809
v -0.518383801 0.483838648 -0.730744779
v -0.517357409 0.486154765 -0.731711805
v -0.518383801 0.488571197 -0.732390463
v -0.524105012 0.486325979 -0.73264569
v -0.522863746 0.483927578 -0.732890546
v -0.520449758 0.482934117 -0.732156515
v -0.518277109 0.483927578 -0.730873525
v -0.517618597 0.486325979 -0.729793251
v -0.518859863 0.488724381 -0.729548395
v -0.521273851 0.489717841 -0.730282426
v -0.5234465 0.488724381 -0.731565416
v -0.527708232 0.483624697 -0.724451959
v -0.526466966 0.481226295 -0.724696815
v -0.524052978 0.480232835 -0.723962784
v -0.521880329 0.481226295 -0.722679794
v -0.521221817 0.483624697 -0.721599519
v -0.522463083 0.486023098 -0.721354663
v -0.524877071 0.487016559 -0.722088695
v -0.52704972 0.486023098 -0.723371685
v -0.524465024 0.487080455 -0.723806977
v -0.526948988 0.486140192 -0.723260105
v -0.527977824 0.483726382 -0.722575963
v -0.526948988 0.481252998 -0.722155273
v -0.524465024 0.480168939 -0.722244501
v -0.521981061 0.481109202 -0.722791374
v -0.520952225 0.483523011 -0.723475516
v -0.521981061 0.485996395 -0.723896205
v -0.522115886 0.491026402 -0.706352055
v -0.52459985 0.490086138 -0.705805182
v -0.525628686 0.487672329 -0.70512104
v -0.52459985 0.485198945 -0.704700351
v -0.522115886 0.484114885 -0.704789579
v -0.519631922 0.485055149 -0.705336452
v -0.518603086 0.487468958 -0.706020594
v -0.519631922 0.489942342 -0.706441283
v -0.523966491 0.487570643 -0.708592057
v -0.522466004 0.485331655 -0.708294213
v -0.520760417 0.484404236 -0.70640105
v -0.519848883 0.485331655 -0.704021513
v -0.520265281 0.487570643 -0.702549577
v -0.521765769 0.489809632 -0.702847421
v -0.523471355 0.490737051 -0.704740584
v -0.524382889 0.489809632 -0.707120121
v -0.528008282 0.485191345 -0.706116378
v -0.526507795 0.482952356 -0.705818534
v -0.524802208 0.482024938 -0.703925371
v -0.523890674 0.482952356 -0.701545835
v -0.524307072 0.485191345 -0.700073898
v -0.525807559 0.487430334 -0.700371742
v -0.527513146 0.488357753 -0.702264905
v -0.52842468 0.487430334 -0.704644442
v -0.529264092 0.485191345 -0.704798877
v -0.527868092 0.482899129 -0.705186248
v -0.525470138 0.481949657 -0.704348683
v -0.523474932 0.482899129 -0.702776849
v -0.523051262 0.485191345 -0.701391399
v -0.524447262 0.487483561 -0.701004028
v -0.526845217 0.488433033 -0.701841593
v -0.528840423 0.487483561 -0.703413427
v -0.533116519 0.481658012 -0.697774649
v -0.531720519 0.479365796 -0.698162019
v -0.529322565 0.478416324 -0.697324455
v -0.527327359 0.479365796 -0.695752621
v -0.526903689 0.481658012 -0.69436717
v -0.528299689 0.483950227 -0.6939798
v -0.530697644 0.4848997 -0.694817364
v -0.53269285 0.483950227 -0.696389198
v -0.520992875 0.527481556 -0.626187265
v -0.519998133 0.52499038 -0.625790238
v -0.517908931 0.523958504 -0.624403298
v -0.51594907 0.52499038 -0.622838914
v -0.515266657 0.527481556 -0.62201339
v -0.516261399 0.529972732 -0.622410417
v -0.518350601 0.531004608 -0.623797357
v -0.520310462 0.529972732 -0.625361741
v -0.524405479 0.526865005 -0.621505439
v -0.523410738 0.524373829 -0.621108413
v -0.521321535 0.523341954 -0.619721472
v -0.519361675 0.524373829 -0.618157089
v -0.518679261 0.526865005 -0.617331564
v -0.519674003 0.529356182 -0.617728591
v -0.521763206 0.530388057 -0.619115531
v -0.523723066 0.529356182 -0.620679915
v -0.52154237 0.530252099 -0.620457768
v -0.524045706 0.52923125 -0.620247245
v -0.525082588 0.526824296 -0.619551241
v -0.524045706 0.524441183 -0.618777514
v -0.52154237 0.523477912 -0.618379235
v -0.519039035 0.524498761 -0.618589759
v -0.518002152 0.526905715 -0.619285762
v -0.519039035 0.529288828 -0.62005949
v -0.522323787 0.536096692 -0.601409256
v -0.524827123 0.535075843 -0.601198733
v -0.525864005 0.532668889 -0.600502729
v -0.524827123 0.530285776 -0.599729002
v -0.522323787 0.529322505 -0.599330723
v -0.519820452 0.530343354 -0.599541247
v -0.518783569 0.532750309 -0.60023725
v -0.519820452 0.535133421 -0.601010978
v -0.525401473 0.532709599 -0.602125168
v -0.524515629 0.530204535 -0.60158366
v -0.522345901 0.529166937 -0.600331247
v -0.520163178 0.530204535 -0.599101484
v -0.519246101 0.532709599 -0.598614812
v -0.520131946 0.535214663 -0.59915632
v -0.522301674 0.53625226 -0.600408733
v -0.524484396 0.535214663 -0.601638496
v -0.528570771 0.532790184 -0.59656781
v -0.527684927 0.53028512 -0.596026301
v -0.525515199 0.529247522 -0.594773889
v -0.523332477 0.53028512 -0.593544126
v -0.5224154 0.532790184 -0.593057454
v -0.523301244 0.535295248 -0.593598962
v -0.525470972 0.536332846 -0.594851375
v -0.527653694 0.535295248 -0.596081138
v -0.544087946 0.520449162 -0.572116435
v -0.546413362 0.52183795 -0.572246313
v -0.547376633 0.523821473 -0.573824584
v -0.546413362 0.525237799 -0.575926781
v -0.544087946 0.525257349 -0.57732147
v -0.541762531 0.523868561 -0.577191591
v -0.54079926 0.521885037 -0.57561332
v -0.541762531 0.520468712 -0.573511124
v -0.552110493 0.505745769 -0.585698843
v -0.554435909 0.507134557 -0.585828722
v -0.555399179 0.50911808 -0.587406993
v -0.554435909 0.510534406 -0.589509189
v -0.552110493 0.510553956 -0.590903878
v -0.549785078 0.509165168 -0.590774
v -0.548821807 0.507181644 -0.589195728
v -0.549785078 0.505765319 -0.587093532
v -0.554520845 0.508149862 -0.590898037
v -0.553997338 0.505657017 -0.589968145
v -0.552368522 0.504624426 -0.588061869
v -0.550588608 0.505657017 -0.586295843
v -0.549700141 0.508149862 -0.585704684
v -0.550223649 0.510642707 -0.586634576
v -0.551852465 0.511675298 -0.588540852
v -0.553632379 0.510642707 -0.590306878
v -0.561167717 0.509055555 -0.584728181
v -0.560644209 0.50656271 -0.583798289
v -0.559015393 0.505530119 -0.581892014
v -0.557235479 0.50656271 -0.580125988
v -0.556347013 0.509055555 -0.579534829
v -0.55687052 0.5115484 -0.580464721
v -0.558499336 0.512580991 -0.582370996
v -0.56027925 0.5115484 -0.584137022
v -0.558757365 0.512548625 -0.582723916
v -0.56124419 0.511474848 -0.582849383
v -0.562274277 0.50898385 -0.582554281
v -0.56124419 0.506534874 -0.58201158
v -0.558757365 0.505562484 -0.581539094
v -0.55627054 0.506636262 -0.581413627
v -0.555240452 0.509127259 -0.581708729
v -0.55627054 0.511576235 -0.58225143
v -0.560538769 0.514991403 -0.568320155
v -0.563025594 0.513917625 -0.568445623
v -0.564055681 0.511426628 -0.56815052
v -0.563025594 0.508977652 -0.56760782
v -0.560538769 0.508005261 -0.567135334
v -0.558051944 0.509079039 -0.567009866
v -0.557021856 0.511570036 -0.567304969
v -0.558051944 0.514019012 -0.567847669
v -0.562454462 0.514478683 -0.567727745
v -0.562728286 0.513069093 -0.570028007
v -0.561719537 0.510739386 -0.570980787
v -0.560019076 0.50885421 -0.570028007
v -0.558623075 0.508517981 -0.567727745
v -0.558349252 0.509927571 -0.565427482
v -0.559358001 0.512257278 -0.564474702
v -0.561058462 0.514142454 -0.565427482
v -0.566490173 0.51188463 -0.565657675
v -0.566763997 0.510475039 -0.567957938
v -0.565755248 0.508145332 -0.568910718
v -0.564054787 0.506260157 -0.567957938
v -0.562658787 0.505923927 -0.565657675
v -0.562384963 0.507333517 -0.563357413
v -0.563393712 0.509663224 -0.562404633
v -0.565094173 0.5115484 -0.563357413
v -0.56457448 0.512351573 -0.566475391
v -0.567072034 0.51129663 -0.566426694
v -0.568106592 0.508840263 -0.565927565
v -0.567072034 0.506421387 -0.565270305
v -0.56457448 0.505456984 -0.564839959
v -0.562076926 0.506511927 -0.564888656
v -0.561042368 0.508968294 -0.565387785
v -0.562076926 0.511387169 -0.566045046
v -0.56587255 0.516166627 -0.550391376
v -0.568370104 0.515111685 -0.550342679
v -0.569404662 0.512655318 -0.54984355
v -0.568370104 0.510236442 -0.549186289
v -0.56587255 0.509272039 -0.548755944
v -0.563374996 0.510326982 -0.548804641
v -0.562340438 0.512783349 -0.54930377
v -0.563374996 0.515202224 -0.54996103
v -0.56587255 0.515029848 -0.546887755
v -0.568367422 0.514525652 -0.547822893
v -0.569400847 0.512963295 -0.549783528
v -0.568367422 0.511258066 -0.551621258
v -0.56587255 0.510408819 -0.552259564
v -0.563377678 0.510913014 -0.551324427
v -0.562344253 0.512475371 -0.549363792
v -0.563377678 0.514180601 -0.547526062
v -0.566524923 0.509607911 -0.542223513
v -0.569019794 0.509103715 -0.54315865
v -0.57005322 0.507541358 -0.545119286
v -0.569019794 0.505836129 -0.546957016
v -0.566524923 0.504986882 -0.547595322
v -0.564030051 0.505491078 -0.546660185
v -0.562996626 0.507053435 -0.54469955
v -0.564030051 0.508758664 -0.542861819
v -0.557907641 0.544447899 -0.48393634
v -0.557253361 0.541945517 -0.483122021
v -0.555876553 0.540908992 -0.481028438
v -0.554583728 0.541945517 -0.478881955
v -0.554132164 0.544447899 -0.477939993
v -0.554786444 0.546950281 -0.478754312
v -0.556163251 0.547986805 -0.480847895
v -0.557456076 0.546950281 -0.482994378
v -0.564810812 0.544057369 -0.479589969
v -0.564156532 0.541554987 -0.47877565
v -0.562779725 0.540518463 -0.476682067
v -0.5614869 0.541554987 -0.474535584
v -0.561035335 0.544057369 -0.473593622
v -0.561689615 0.546559751 -0.474407941
v -0.563066423 0.547596276 -0.476501524
v -0.564359248 0.546559751 -0.478648007
v -0.565018892 0.546913922 -0.476591796
v -0.564949334 0.54567796 -0.479004383
v -0.563692808 0.543492615 -0.480003715
v -0.561985373 0.541638136 -0.479004383
v -0.560827255 0.541200817 -0.476591796
v -0.560896814 0.542436779 -0.474179208
v -0.562153339 0.544622123 -0.473179877
v -0.563860774 0.546476603 -0.474179208
v -0.569137335 0.543892264 -0.475162506
v -0.569067776 0.542656302 -0.477575094
v -0.567811251 0.540470958 -0.478574425
v -0.566103816 0.538616478 -0.477575094
v -0.564945698 0.538179159 -0.475162506
v -0.565015256 0.539415121 -0.472749919
v -0.566271782 0.541600466 -0.471750587
v -0.567979217 0.543454945 -0.472749919
v -0.567041516 0.544201314 -0.473571479
v -0.569546759 0.54327637 -0.474041939
v -0.570584476 0.541038871 -0.475168824
v -0.569546759 0.538799524 -0.476291984
v -0.567041516 0.537870109 -0.476753533
v -0.564536273 0.538795054 -0.476283073
v -0.563498557 0.541032553 -0.475156188
v -0.564536273 0.543271899 -0.474033028
v -0.567056954 0.540722907 -0.466650546
v -0.569562197 0.539797962 -0.467121005
v -0.570599914 0.537560463 -0.46824789
v -0.569562197 0.535321116 -0.469371051
v -0.567056954 0.534391701 -0.469832599
v -0.564551711 0.535316646 -0.46936214
v -0.563513994 0.537554145 -0.468235254
v -0.564551711 0.539793491 -0.467112094
v -0.570203185 0.539186418 -0.468241572
v -0.568825245 0.539590716 -0.470541775
v -0.566411495 0.538803875 -0.471494555
v -0.564375818 0.537286818 -0.470541775
v -0.563910723 0.53592819 -0.468241572
v -0.565288663 0.535523891 -0.46594137
v -0.567702413 0.536310732 -0.464988589
v -0.56973809 0.53782779 -0.46594137
v -0.577525258 0.525045633 -0.475113332
v -0.576147318 0.525449932 -0.477413535
v -0.573733568 0.524663091 -0.478366315
v -0.571697891 0.523146033 -0.477413535
v -0.571232796 0.521787405 -0.475113332
v -0.572610736 0.521383107 -0.472813129
v -0.575024486 0.522169948 -0.471860349
v -0.577060163 0.523687005 -0.472813129
v -0.577684164 0.523416519 -0.473837197
v -0.576583266 0.520938575 -0.47386688
v -0.574191153 0.519912183 -0.47462672
v -0.57190907 0.520938575 -0.475671619
v -0.57107389 0.523416519 -0.476389468
v -0.572174788 0.525894463 -0.476359785
v -0.574566901 0.526920855 -0.475599945
v -0.576848984 0.525894463 -0.474555045
v -0.572039962 0.525748968 -0.459218979
v -0.570939064 0.523271024 -0.459248662
v -0.568546951 0.522244632 -0.460008502
v -0.566264868 0.523271024 -0.461053401
v -0.565429688 0.525748968 -0.46177125
v -0.566530585 0.528226912 -0.461741567
v -0.568922698 0.529253304 -0.460981727
v -0.571204782 0.528226912 -0.459936827
v -0.568734825 0.528418958 -0.458166242
v -0.571235538 0.52773577 -0.458961695
v -0.572271407 0.525888741 -0.460655391
v -0.571235538 0.523959816 -0.46225521
v -0.568734825 0.523078978 -0.462823987
v -0.566234112 0.523762167 -0.462028533
v -0.565198243 0.525609195 -0.460334837
v -0.566234112 0.527538121 -0.458735019
v -0.568949819 0.526068866 -0.455471903
v -0.571450531 0.525385678 -0.456267357
v -0.572486401 0.523538649 -0.457961053
v -0.571450531 0.521609724 -0.459560871
v -0.568949819 0.520728886 -0.460129648
v -0.566449106 0.521412075 -0.459334195
v -0.565413237 0.523259103 -0.457640499
v -0.566449106 0.525188029 -0.45604068
v -0.568949819 0.526294827 -0.455759674
v -0.571453393 0.525499284 -0.456432194
v -0.572490394 0.523473322 -0.457906425
v -0.571453393 0.52140379 -0.459318757
v -0.568949819 0.520502925 -0.459841877
v -0.566446245 0.521298468 -0.459169358
v -0.565409243 0.52332443 -0.457695127
v -0.566446245 0.525393963 -0.456282794
v -0.569217145 0.522075593 -0.449773371
v -0.571720719 0.52128005 -0.45044589
v -0.572757721 0.519254088 -0.451920122
v -0.571720719 0.517184556 -0.453332454
v -0.569217145 0.516283691 -0.453855574
v -0.566713572 0.517079234 -0.453183055
v -0.56567657 0.519105196 -0.451708823
v -0.566713572 0.521174729 -0.450296491
v -0.572252989 0.521006167 -0.451814473
v -0.571242929 0.520672083 -0.454308718
v -0.569046199 0.519463778 -0.455341876
v -0.566949606 0.518088996 -0.454308718
v -0.566181302 0.517353117 -0.451814473
v -0.567191362 0.517687201 -0.449320227
v -0.569388092 0.518895507 -0.44828707
v -0.571484685 0.520270288 -0.449320227
v -0.578011513 0.511435032 -0.452864468
v -0.577001452 0.511100948 -0.455358714
v -0.574804723 0.509892642 -0.456391871
v -0.57270813 0.508517861 -0.455358714
v -0.571939826 0.507781982 -0.452864468
v -0.572949886 0.508116066 -0.450370222
v -0.575146616 0.509324372 -0.449337065
v -0.577243209 0.510699153 -0.450370222
v -0.574016571 0.519815981 -0.431279838
v -0.572951972 0.519578338 -0.433762431
v -0.570723355 0.518425584 -0.43479076
v -0.568636179 0.517032981 -0.433762431
v -0.567913055 0.516216338 -0.431279838
v -0.568977654 0.516453981 -0.428797245
v -0.571206272 0.517606735 -0.427768916
v -0.573293447 0.518999338 -0.428797245
v -0.57991749 0.509810448 -0.432852447
v -0.578852892 0.509572804 -0.43533504
v -0.576624274 0.50842005 -0.436363369
v -0.574537098 0.507027447 -0.43533504
v -0.573813975 0.506210804 -0.432852447
v -0.574878573 0.506448448 -0.430369854
v -0.577107191 0.507601202 -0.429341525
v -0.579194367 0.508993804 -0.430369854
v -0.576865733 0.510047913 -0.429953814
v -0.57935524 0.509680808 -0.430964202
v -0.5803864 0.508335352 -0.433080673
v -0.57935524 0.506799698 -0.435063481
v -0.576865733 0.505973339 -0.435751081
v -0.574376225 0.506340444 -0.434740692
v -0.573345065 0.5076859 -0.432624221
v -0.574376225 0.509221554 -0.430641413
v -0.577661574 0.50427264 -0.425894737
v -0.580151081 0.503905535 -0.426905125
v -0.581182241 0.502560079 -0.429021597
v -0.580151081 0.501024425 -0.431004405
v -0.577661574 0.500198066 -0.431692004
v -0.575172067 0.500565171 -0.430681616
v -0.574140906 0.501910627 -0.428565145
v -0.575172067 0.503446281 -0.426582336
v -0.577661574 0.504684269 -0.426233023
v -0.58015877 0.504112184 -0.427121788
v -0.581193149 0.502440631 -0.428989738
v -0.58015877 0.500648856 -0.430742651
v -0.577661574 0.499786437 -0.431353718
v -0.575164378 0.500358522 -0.430464953
v -0.574129999 0.502030075 -0.428597003
v -0.575164378 0.50382185 -0.42684409
v -0.578230023 0.499577373 -0.421348393
v -0.58072722 0.499005258 -0.422237158
v -0.581761599 0.497333735 -0.424105108
v -0.58072722 0.49554196 -0.425858021
v -0.578230023 0.49467954 -0.426469088
v -0.575732827 0.495251656 -0.425580323
v -0.574698448 0.496923178 -0.423712373
v -0.575732827 0.498714954 -0.42195946
v -0.578230023 0.498734713 -0.420750827
v -0.580710769 0.498575807 -0.42183423
v -0.581738353 0.497569054 -0.424132854
v -0.580710769 0.496304214 -0.426300198
v -0.578230023 0.495522201 -0.427066654
v -0.575749278 0.495681107 -0.42598325
v -0.574721694 0.496687859 -0.423684627
v -0.575749278 0.4979527 -0.421517283
v -0.579247236 0.492300004 -0.417477846
v -0.581727982 0.492141098 -0.41856125
v -0.582755566 0.491134346 -0.420859873
v -0.581727982 0.489869505 -0.423027217
v -0.579247236 0.489087492 -0.423793674
v -0.576766491 0.489246398 -0.42271027
v -0.575738907 0.49025315 -0.420411646
v -0.576766491 0.491517991 -0.418244302
v -0.579247236 0.492103755 -0.417385459
v -0.581723988 0.492036581 -0.418487459
v -0.582749844 0.491182804 -0.420847923
v -0.581723988 0.490042537 -0.42308408
v -0.579247236 0.489283741 -0.423886061
v -0.576770484 0.489350915 -0.42278406
v -0.575744629 0.490204692 -0.420423597
v -0.576770484 0.491344959 -0.418187439
v -0.580364823 0.485367209 -0.414463073
v -0.582841575 0.485300034 -0.415565073
v -0.583867431 0.484446257 -0.417925537
v -0.582841575 0.483305991 -0.420161694
v -0.580364823 0.482547194 -0.420963675
v -0.577888072 0.482614368 -0.419861674
v -0.576862216 0.483468145 -0.417501211
v -0.577888072 0.484608412 -0.415265054
v -0.580364823 0.486627251 -0.415384531
v -0.582865536 0.485944033 -0.416179925
v -0.583901405 0.484096944 -0.417873591
v -0.582865536 0.482168019 -0.41947341
v -0.580364823 0.481287152 -0.420042217
v -0.57786411 0.48197037 -0.419246823
v -0.576828241 0.483817458 -0.417553157
v -0.57786411 0.485746384 -0.415953338
v -0.580795109 0.481922537 -0.409990519
v -0.583295822 0.481239319 -0.410785913
v -0.584331691 0.479392231 -0.412479579
v -0.583295822 0.477463305 -0.414079398
v -0.580795109 0.476582438 -0.414648205
v -0.578294396 0.477265656 -0.413852811
v -0.577258527 0.479112744 -0.412159145
v -0.578294396 0.48104167 -0.410559326
v -0.583406091 0.479252487 -0.409924537
v -0.583093882 0.47683835 -0.411119312
v -0.581435025 0.475838363 -0.413017064
v -0.579401374 0.47683835 -0.414506108
v -0.578184128 0.479252487 -0.414714187
v -0.578496337 0.481666625 -0.413519412
v -0.580155194 0.482666612 -0.41162166
v -0.582188845 0.481666625 -0.410132617
v -0.579666674 0.477718413 -0.405847579
v -0.579354465 0.475304276 -0.407042354
v -0.577695608 0.474304289 -0.408940107
v -0.575661957 0.475304276 -0.41042915
v -0.574444711 0.477718413 -0.41063723
v -0.57475692 0.48013255 -0.409442455
v -0.576415777 0.481132537 -0.407544702
v -0.578449428 0.48013255 -0.406055659
v -0.577055693 0.4810552 -0.409433395
v -0.579526126 0.480217844 -0.40869242
v -0.580549359 0.47791636 -0.407687843
v -0.579526126 0.475498915 -0.407008111
v -0.577055693 0.474381626 -0.407051414
v -0.574585259 0.475218982 -0.407792389
v -0.573562026 0.477520466 -0.408796966
v -0.574585259 0.479937911 -0.409476697
v -0.57359767 0.487952232 -0.390110314
v -0.576068103 0.487114877 -0.389369339
v -0.577091336 0.484813392 -0.388364762
v -0.576068103 0.482395947 -0.387685031
v -0.57359767 0.481278658 -0.387728333
v -0.571127236 0.482116014 -0.388469309
v -0.570104003 0.484417498 -0.389473885
v -0.571127236 0.486834943 -0.390153617
v -0.576242924 0.484615445 -0.386562377
v -0.575861454 0.482180953 -0.38769415
v -0.5741539 0.481172562 -0.389543623
v -0.572120547 0.482180953 -0.391027391
v -0.570952415 0.484615445 -0.39127627
v -0.571333885 0.487049937 -0.390144497
v -0.573041439 0.488058329 -0.388295025
v -0.575074792 0.487049937 -0.386811256
v -0.568709671 0.481865227 -0.378107667
v -0.568328202 0.479430735 -0.37923944
v -0.566620648 0.478422344 -0.381088912
v -0.564587295 0.479430735 -0.382572681
v -0.563419163 0.481865227 -0.38282156
v -0.563800633 0.484299719 -0.381689787
v -0.565508187 0.485308111 -0.379840314
v -0.56754154 0.484299719 -0.378356546
v -0.566064417 0.483275205 -0.377214313
v -0.568541586 0.483205408 -0.378315151
v -0.56956768 0.482350558 -0.380675137
v -0.568541586 0.481211394 -0.382911801
v -0.566064417 0.48045525 -0.383714914
v -0.563587248 0.480525047 -0.382614076
v -0.562561154 0.481379896 -0.38025409
v -0.563587248 0.48251906 -0.378017426
v -0.566617787 0.479913384 -0.375755966
v -0.569094956 0.479843587 -0.376856804
v -0.57012105 0.478988737 -0.37921679
v -0.569094956 0.477849573 -0.381453454
v -0.566617787 0.477093428 -0.382256567
v -0.564140618 0.477163225 -0.381155729
v -0.563114524 0.478018075 -0.378795743
v -0.564140618 0.479157239 -0.376559079
v -0.558524489 0.499649376 -0.344639719
v -0.557452738 0.499430001 -0.347120911
v -0.555211842 0.498300821 -0.348148674
v -0.553114414 0.496923268 -0.347120911
v -0.552389145 0.49610427 -0.344639719
v -0.553460896 0.496323645 -0.342158526
v -0.555701792 0.497452825 -0.341130763
v -0.55779922 0.498830378 -0.342158526
v -0.56440413 0.489473671 -0.34627977
v -0.563332379 0.489254296 -0.348760962
v -0.561091483 0.488125116 -0.349788725
v -0.558994055 0.486747563 -0.348760962
v -0.558268785 0.485928565 -0.34627977
v -0.559340537 0.48614794 -0.343798578
v -0.561581433 0.48727712 -0.342770815
v -0.563678861 0.488654673 -0.343798578
v -0.564862728 0.487701118 -0.345936149
v -0.563835859 0.48519662 -0.346098065
v -0.561344922 0.484159231 -0.346366435
v -0.558848977 0.48519662 -0.346584022
v -0.557810187 0.487701118 -0.346623391
v -0.558837056 0.490205616 -0.346461475
v -0.561327994 0.491243005 -0.346193105
v -0.563823938 0.490205616 -0.345975518
v -0.563839078 0.487441659 -0.335431278
v -0.562812209 0.484937161 -0.335593194
v -0.560321271 0.483899772 -0.335861564
v -0.557825327 0.484937161 -0.33607915
v -0.556786537 0.487441659 -0.336118519
v -0.557813406 0.489946157 -0.335956603
v -0.560304344 0.490983546 -0.335688233
v -0.562800288 0.489946157 -0.335470647
v -0.560312808 0.490732074 -0.334461242
v -0.562817693 0.489751846 -0.334804714
v -0.563855231 0.487418324 -0.335716486
v -0.562817693 0.485098481 -0.336662471
v -0.560312808 0.484151244 -0.337088555
v -0.557807922 0.485131472 -0.336745083
v -0.556770384 0.487464994 -0.335833311
v -0.557807922 0.489784837 -0.334887326
v -0.560172677 0.487806171 -0.327132434
v -0.562677562 0.486825943 -0.327475905
v -0.5637151 0.484492421 -0.328387678
v -0.562677562 0.482172579 -0.329333663
v -0.560172677 0.481225342 -0.329759747
v -0.557667792 0.48220557 -0.329416275
v -0.556630254 0.484539092 -0.328504503
v -0.557667792 0.486858934 -0.327558517
v -0.562982202 0.486674219 -0.32844609
v -0.561633766 0.486726075 -0.330798149
v -0.559429467 0.48548314 -0.331772387
v -0.55766052 0.483673543 -0.330798149
v -0.557363153 0.482357293 -0.32844609
v -0.558711588 0.482305437 -0.326094031
v -0.560915887 0.483548373 -0.325119793
v -0.562684834 0.48535797 -0.326094031
v -0.568372667 0.479657799 -0.331691116
v -0.567024231 0.479709655 -0.334043175
v -0.564819932 0.478466719 -0.335017413
v -0.563050985 0.476657122 -0.334043175
v -0.562753618 0.475340873 -0.331691116
v -0.564102054 0.475289017 -0.329339057
v -0.566306353 0.476531953 -0.328364819
v -0.568075299 0.47834155 -0.329339057
v -0.56789887 0.477499336 -0.329027086
v -0.568089187 0.475280374 -0.330574036
v -0.566799819 0.474361241 -0.332775384
v -0.564786017 0.475280374 -0.334341556
v -0.563227415 0.477499336 -0.334355146
v -0.563037097 0.479718298 -0.332808197
v -0.564326465 0.480637431 -0.330606848
v -0.566340268 0.479718298 -0.329040676
v -0.564498246 0.475129038 -0.326045573
v -0.564688563 0.472910076 -0.327592522
v -0.563399196 0.471990943 -0.32979387
v -0.561385393 0.472910076 -0.331360042
v -0.559826791 0.475129038 -0.331373632
v -0.559636474 0.477348 -0.329826683
v -0.560925841 0.478267133 -0.327625334
v -0.562939644 0.477348 -0.326059163
v -0.565439403 0.475129038 -0.327362508
v -0.564408541 0.472630769 -0.327584207
v -0.562062025 0.471595943 -0.328465134
v -0.559774339 0.472630769 -0.329489291
v -0.558885634 0.475129038 -0.330056697
v -0.559916496 0.477627307 -0.329834998
v -0.562263012 0.478662133 -0.328954071
v -0.564550698 0.477627307 -0.327929914
v -0.560389757 0.476122588 -0.315079123
v -0.559358895 0.473624319 -0.315300822
v -0.557012379 0.472589493 -0.316181749
v -0.554724693 0.473624319 -0.317205906
v -0.553835988 0.476122588 -0.317773312
v -0.55486685 0.478620857 -0.317551613
v -0.557213366 0.479655683 -0.316670686
v -0.559501052 0.478620857 -0.315646529
v -0.557112873 0.474166512 -0.313472182
v -0.559323311 0.475722492 -0.31368643
v -0.560238957 0.477512836 -0.315505624
v -0.559323311 0.478488803 -0.31786409
v -0.557112873 0.478078663 -0.319380254
v -0.554902434 0.476522684 -0.319166005
v -0.553986788 0.474732339 -0.317346811
v -0.554902434 0.473756373 -0.314988345
v -0.56343025 0.464291513 -0.320011109
v -0.565640688 0.465847492 -0.320225358
v -0.566556334 0.467637837 -0.322044551
v -0.565640688 0.468613803 -0.324403018
v -0.56343025 0.468203664 -0.325919181
v -0.561219811 0.466647685 -0.325704932
v -0.560304165 0.46485734 -0.323885739
v -0.561219811 0.463881373 -0.321527272
v -0.56343025 0.469689876 -0.322126597
v -0.565932333 0.468651921 -0.322250158
v -0.566968739 0.466205537 -0.32279256
v -0.565932333 0.463783801 -0.323436081
v -0.56343025 0.462805301 -0.323803693
v -0.560928166 0.463843256 -0.323680133
v -0.55989176 0.466289639 -0.32313773
v -0.560928166 0.468711376 -0.322494209
v -0.562998414 0.467653692 -0.313768029
v -0.565500498 0.466615736 -0.31389159
v -0.566536903 0.464169353 -0.314433992
v -0.565500498 0.461747617 -0.315077513
v -0.562998414 0.460769117 -0.315445125
v -0.56049633 0.461807072 -0.315321565
v -0.559459925 0.464253455 -0.314779162
v -0.56049633 0.466675192 -0.314135641
v -0.562998414 0.466881454 -0.312277734
v -0.565499127 0.466198236 -0.313073158
v -0.566534996 0.464351177 -0.314766824
v -0.565499127 0.462422222 -0.316366613
v -0.562998414 0.461541355 -0.31693542
v -0.560497701 0.462224573 -0.316139996
v -0.559461832 0.464071631 -0.31444633
v -0.560497701 0.466000587 -0.312846541
v -0.563422859 0.462240905 -0.306957275
v -0.565923572 0.461557686 -0.307752699
v -0.566959441 0.459710628 -0.309446365
v -0.565923572 0.457781672 -0.311046153
v -0.563422859 0.456900805 -0.31161496
v -0.560922146 0.457584023 -0.310819536
v -0.559886277 0.459431082 -0.30912587
v -0.560922146 0.461360037 -0.307526082
v -0.563422859 0.461328834 -0.306210071
v -0.565907001 0.461095691 -0.307272047
v -0.566935956 0.459969312 -0.309513837
v -0.565907001 0.458609521 -0.311622232
v -0.563422859 0.457812876 -0.312362164
v -0.560938716 0.458046019 -0.311300188
v -0.559909761 0.459172398 -0.309058398
v -0.560938716 0.460532188 -0.306950003
v -0.564353764 0.455141902 -0.302674174
v -0.566837907 0.454908758 -0.30373615
v -0.567866862 0.45378238 -0.305977941
v -0.566837907 0.452422589 -0.308086336
v -0.564353764 0.451625943 -0.308826268
v -0.561869621 0.451859087 -0.307764292
v -0.560840666 0.452985466 -0.305522501
v -0.561869621 0.454345256 -0.303414106
v -0.564353764 0.45451051 -0.302391142
v -0.566757858 0.45351243 -0.303150922
v -0.567753673 0.45243907 -0.305433333
v -0.566757858 0.451919198 -0.307901382
v -0.564353764 0.452257335 -0.3091093
v -0.56194967 0.453255415 -0.30834952
v -0.560953856 0.454328775 -0.306067109
v -0.56194967 0.454848647 -0.30359906
v -0.562057018 0.447081566 -0.299899578
v -0.564461112 0.446083486 -0.300659359
v -0.565456927 0.445010126 -0.302941769
v -0.564461112 0.444490254 -0.305409819
v -0.562057018 0.444828391 -0.306617737
v -0.559652925 0.445826471 -0.305857956
v -0.55865711 0.446899831 -0.303575546
v -0.559652925 0.447419703 -0.301107496
v -0.554772258 0.457157463 -0.284529835
v -0.557240009 0.456373274 -0.283724695
v -0.558262229 0.454140395 -0.282574713
v -0.557240009 0.451766819 -0.28175348
v -0.554772258 0.450642973 -0.281742126
v -0.552304506 0.451427162 -0.282547265
v -0.551282287 0.453660041 -0.283697248
v -0.552304506 0.456033617 -0.28451848
v -0.552799642 0.461593837 -0.27416265
v -0.555267394 0.460809648 -0.273357511
v -0.556289613 0.458576769 -0.272207528
v -0.555267394 0.456203192 -0.271386296
v -0.552799642 0.455079347 -0.271374941
v -0.550331891 0.455863535 -0.27218008
v -0.549309671 0.458096415 -0.273330063
v -0.550331891 0.460469991 -0.274151295
v -0.535153687 0.503151417 -0.1897953
v -0.534098446 0.500654995 -0.189708322
v -0.531600296 0.499620974 -0.189916223
v -0.529122651 0.500654995 -0.190297216
v -0.528116882 0.503151417 -0.190628126
v -0.529172122 0.505647838 -0.190715104
v -0.531670272 0.506681859 -0.190507203
v -0.534147918 0.505647838 -0.19012621
v -0.533812881 0.504112899 -0.17846632
v -0.53275764 0.501616478 -0.178379342
v -0.53025949 0.500582457 -0.178587243
v -0.527781844 0.501616478 -0.178968236
v -0.526776075 0.504112899 -0.179299146
v -0.527831316 0.506609321 -0.179386124
v -0.530329466 0.507643342 -0.179178223
v -0.532807112 0.506609321 -0.17879723
v -0.543486536 0.486517698 -0.196027026
v -0.5459916 0.485626966 -0.196560323
v -0.547029197 0.483445913 -0.197792992
v -0.5459916 0.481252164 -0.199002922
v -0.543486536 0.480330795 -0.199481353
v -0.540981472 0.481221527 -0.198948056
v -0.539943874 0.48340258 -0.197715387
v -0.540981472 0.485596329 -0.196505457
v -0.543577313 0.48298952 -0.189707875
v -0.546082377 0.482098788 -0.190241173
v -0.547119975 0.479917735 -0.191473842
v -0.546082377 0.477723986 -0.192683771
v -0.543577313 0.476802617 -0.193162203
v -0.541072249 0.477693349 -0.192628905
v -0.540034652 0.479874402 -0.191396236
v -0.541072249 0.482068151 -0.190186307
v -0.546676636 0.479896069 -0.189718455
v -0.545397282 0.477511108 -0.189550295
v -0.543051779 0.476523221 -0.190486178
v -0.541014135 0.477511108 -0.191977903
v -0.540477991 0.479896069 -0.193151623
v -0.541757345 0.482281029 -0.193319783
v -0.544102848 0.483268917 -0.1923839
v -0.546140492 0.482281029 -0.190892175
v -0.541518867 0.483319521 -0.180405959
v -0.540239513 0.48093456 -0.1802378
v -0.537894011 0.479946673 -0.181173682
v -0.535856366 0.48093456 -0.182665408
v -0.535320222 0.483319521 -0.183839127
v -0.536599576 0.485704482 -0.184007287
v -0.538945079 0.486692369 -0.183071405
v -0.540982723 0.485704482 -0.181579679
v -0.538419545 0.486611813 -0.183431506
v -0.540888965 0.485803485 -0.182655811
v -0.54191184 0.483540088 -0.181567743
v -0.540888965 0.481147498 -0.18080467
v -0.538419545 0.480027229 -0.180813581
v -0.535950124 0.480835557 -0.181589276
v -0.534927249 0.483098954 -0.182677343
v -0.535950124 0.485491544 -0.183440417
v -0.535043001 0.493908763 -0.165078267
v -0.537512422 0.493100435 -0.164302573
v -0.538535297 0.490837038 -0.163214505
v -0.537512422 0.488444448 -0.162451431
v -0.535043001 0.487324178 -0.162460342
v -0.532573581 0.488132507 -0.163236037
v -0.531550705 0.490395904 -0.164324105
v -0.532573581 0.492788494 -0.165087178
v -0.535043001 0.494038135 -0.164688423
v -0.537519872 0.493133485 -0.164056093
v -0.538545847 0.490754426 -0.163255766
v -0.537519872 0.488294542 -0.162756264
v -0.535043001 0.487194806 -0.162850186
v -0.53256613 0.488099456 -0.163482517
v -0.531540155 0.490478516 -0.164282843
v -0.53256613 0.492938399 -0.164782345
v -0.532768428 0.497925162 -0.15021795
v -0.535245299 0.497020513 -0.14958562
v -0.536271274 0.494641453 -0.148785293
v -0.535245299 0.492181569 -0.148285791
v -0.532768428 0.491081834 -0.148379713
v -0.530291557 0.491986483 -0.149012044
v -0.529265583 0.494365543 -0.149812371
v -0.530291557 0.496825427 -0.150311872
v -0.532409489 0.503417075 -0.128904656
v -0.531350553 0.500923276 -0.128792524
v -0.528851628 0.499890268 -0.128996283
v -0.526376605 0.500923276 -0.129396573
v -0.525375307 0.503417075 -0.129758909
v -0.526434243 0.505910873 -0.129871041
v -0.528933167 0.506943882 -0.129667282
v -0.531408191 0.505910873 -0.129266992
v -0.531046331 0.504500628 -0.117679842
v -0.529987395 0.502006829 -0.117567711
v -0.52748847 0.500973821 -0.117771469
v -0.525013447 0.502006829 -0.118171759
v -0.524012148 0.504500628 -0.118534096
v -0.525071084 0.506994426 -0.118646227
v -0.527570009 0.508027434 -0.118442468
v -0.530045033 0.506994426 -0.118042178
v -0.52752924 0.507170677 -0.115778156
v -0.530029953 0.506487489 -0.116573565
v -0.531065822 0.5046404 -0.118267223
v -0.530029953 0.502711475 -0.119867004
v -0.52752924 0.501830578 -0.120435782
v -0.525028527 0.502513766 -0.119640373
v -0.523992658 0.504360855 -0.117946714
v -0.525028527 0.50628978 -0.116346933
v -0.52793622 0.502721608 -0.110677175
v -0.530436933 0.502038419 -0.111472584
v -0.531472802 0.500191331 -0.113166243
v -0.530436933 0.498262376 -0.114766024
v -0.52793622 0.497381508 -0.115334801
v -0.525435507 0.498064697 -0.114539392
v -0.524399638 0.499911785 -0.112845734
v -0.525435507 0.501840711 -0.111245953
v -0.531454384 0.500051558 -0.112587616
v -0.530399263 0.497555047 -0.112502493
v -0.527901292 0.496520966 -0.112712309
v -0.525423825 0.497555047 -0.113094166
v -0.524418056 0.500051558 -0.113424361
v -0.525473177 0.502548039 -0.113509484
v -0.527971148 0.50358218 -0.113299668
v -0.530448616 0.502548039 -0.112917811
v -0.530147791 0.50097841 -0.101600312
v -0.529092669 0.498481899 -0.101515189
v -0.526594698 0.497447819 -0.101725005
v -0.524117231 0.498481899 -0.102106862
v -0.523111463 0.50097841 -0.102437057
v -0.524166584 0.503474891 -0.102522179
v -0.526664555 0.504509032 -0.102312364
v -0.529142022 0.503474891 -0.101930507
v -0.526629627 0.504437864 -0.102783255
v -0.529109359 0.503501594 -0.102211073
v -0.530136526 0.501087248 -0.101526193
v -0.529109359 0.498609155 -0.101129808
v -0.526629627 0.497518927 -0.101254113
v -0.524149895 0.498455226 -0.101826295
v -0.523122728 0.500869572 -0.102511175
v -0.524149895 0.503347695 -0.102907561
v -0.524701536 0.507330835 -0.0896933228
v -0.527181268 0.506394565 -0.0891211405
v -0.528208435 0.503980219 -0.0884362608
v -0.527181268 0.501502097 -0.088039875
v -0.524701536 0.500411928 -0.0881641805
v -0.522221804 0.501348197 -0.0887363628
v -0.521194637 0.503762543 -0.0894212425
v -0.522221804 0.506240666 -0.0898176283
v -0.524701536 0.506541431 -0.0865999162
v -0.527202249 0.505858183 -0.0873953253
v -0.528238118 0.504011154 -0.0890889913
v -0.527202249 0.502082229 -0.0906887874
v -0.524701536 0.501201332 -0.0912575871
v -0.522200823 0.50188458 -0.090462178
v -0.521164954 0.503731608 -0.088768512
v -0.522200823 0.505660534 -0.0871687159
v -0.52510643 0.502114654 -0.0815245882
v -0.527607143 0.501431465 -0.0823199973
v -0.528643012 0.499584407 -0.0840136632
v -0.527607143 0.497655451 -0.0856134593
v -0.52510643 0.496774584 -0.086182259
v -0.522605717 0.497457802 -0.0853868499
v -0.521569848 0.499304861 -0.083693184
v -0.522605717 0.501233816 -0.0820933878
v -0.52510643 0.5025962 -0.0822346807
v -0.527611673 0.501678526 -0.0827192888
v -0.52864933 0.499452263 -0.0838682577
v -0.527611673 0.497221529 -0.0850085393
v -0.52510643 0.496293098 -0.0854721665
v -0.522601187 0.497210771 -0.0849875584
v -0.52156353 0.499437004 -0.0838385895
v -0.522601187 0.501667738 -0.0826983079
v -0.525139987 0.499338746 -0.0758927912
v -0.52764523 0.498421073 -0.0763773993
v -0.528682888 0.496194839 -0.0775263682
v -0.52764523 0.493964106 -0.0786666498
v -0.525139987 0.493035674 -0.079130277
v -0.522634745 0.493953347 -0.0786456689
v -0.521597087 0.496179581 -0.0774967
v -0.522634745 0.498410314 -0.0763564184
v -0.525139987 0.499464452 -0.0761653483
v -0.527644932 0.498490423 -0.0765252039
v -0.52868253 0.496167213 -0.0774628446
v -0.527644932 0.493855715 -0.078429006
v -0.525139987 0.492909968 -0.0788577199
v -0.522635043 0.493883997 -0.0784978643
v -0.521597445 0.496207207 -0.0775602236
v -0.522635043 0.498518705 -0.0765940621
v -0.525030375 0.496661633 -0.0693419948
v -0.527535319 0.495687604 -0.0697018504
v -0.528572917 0.493364394 -0.0706394911
v -0.527535319 0.491052896 -0.0716056526
v -0.525030375 0.490107149 -0.0720343664
v -0.52252543 0.491081178 -0.0716745108
v -0.521487832 0.493404388 -0.0707368702
v -0.52252543 0.495715886 -0.0697707087
v -0.525030375 0.496691942 -0.0694182739
v -0.527535141 0.495705038 -0.0697429776
v -0.528572619 0.493358731 -0.0706213638
v -0.527535141 0.491027445 -0.0715388954
v -0.525030375 0.49007684 -0.0719580874
v -0.522525609 0.491063744 -0.0716333836
v -0.52148813 0.493410051 -0.0707549974
v -0.522525609 0.495741338 -0.0698374659
v -0.524879873 0.494022101 -0.0624645129
v -0.527384639 0.493035197 -0.0627892166
v -0.528422117 0.49068889 -0.0636676028
v -0.527384639 0.488357604 -0.0645851344
v -0.524879873 0.487406999 -0.0650043264
v -0.522375107 0.488393903 -0.0646796227
v -0.521337628 0.49074021 -0.0638012365
v -0.522375107 0.493071496 -0.0628837049
v -0.517230093 0.50358206 -0.0403517112
v -0.519730806 0.502898872 -0.0411471166
v -0.520766675 0.501051784 -0.0428407751
v -0.519730806 0.499122828 -0.0444405712
v -0.517230093 0.498241961 -0.0450093597
v -0.514729381 0.498925179 -0.0442139544
v -0.513693511 0.500772238 -0.0425202958
v -0.514729381 0.502701163 -0.0409204997
v -0.517631888 0.499189317 -0.0353153348
v -0.520132601 0.498506099 -0.0361107402
v -0.52116847 0.49665904 -0.0378043987
v -0.520132601 0.494730085 -0.0394041948
v -0.517631888 0.493849218 -0.0399729833
v -0.515131176 0.494532436 -0.0391775779
v -0.514095306 0.496379495 -0.0374839194
v -0.515131176 0.49830845 -0.0358841233
v -0.517631888 0.499189317 -0.0353153273
v -0.520132601 0.498506099 -0.0361107327
v -0.52116847 0.49665904 -0.0378043987
v -0.520132601 0.494730085 -0.0394041985
v -0.517631888 0.493849218 -0.0399729908
v -0.515131176 0.494532436 -0.0391775854
v -0.514095306 0.496379495 -0.0374839194
v -0.515131176 0.49830845 -0.0358841196
v -0.518033683 0.494796544 -0.0302789509
v -0.520534396 0.494113326 -0.0310743563
v -0.521570265 0.492266268 -0.0327680223
v -0.520534396 0.490337312 -0.0343678221
v -0.518033683 0.489456445 -0.0349366143
v -0.51553297 0.490139663 -0.034141209
v -0.514497101 0.491986722 -0.032447543
v -0.51553297 0.493915677 -0.0308477432
v -0.518033683 0.494796544 -0.0302789509
v -0.520534396 0.494113326 -0.0310743563
v -0.521570265 0.492266268 -0.0327680223
v -0.520534396 0.490337312 -0.0343678221
v -0.518033683 0.489456445 -0.0349366143
v -0.51553297 0.490139663 -0.034141209
v -0.514497101 0.491986722 -0.032447543
v -0.51553297 0.493915677 -0.0308477432
v -0.518435478 0.490403771 -0.0252425745
v -0.520936191 0.489720553 -0.0260379799
v -0.52197206 0.487873495 -0.0277316459
v -0.520936191 0.485944539 -0.0293314457
v -0.518435478 0.485063672 -0.0299002379
v -0.515934765 0.48574689 -0.0291048326
v -0.514898896 0.487593949 -0.0274111666
v -0.515934765 0.489522904 -0.0258113667
v -0.511284471 0.501029372 -0.00944965705
v -0.513788342 0.500218153 -0.0101020867
v -0.514825463 0.498166114 -0.0115396651
v -0.513788342 0.496075332 -0.0129202781
v -0.511284471 0.495170534 -0.0134351812
v -0.508780599 0.495981783 -0.0127827516
v -0.507743478 0.498033792 -0.0113451732
v -0.508780599 0.500124574 -0.00996456016
v -0.511509478 0.497219086 -0.00384843349
v -0.51401335 0.496407837 -0.00450086314
v -0.515050471 0.494355828 -0.00593844103
v -0.51401335 0.492265046 -0.0073190541
v -0.511509478 0.491360247 -0.00783395767
v -0.509005606 0.492171496 -0.00718152802
v -0.507968485 0.494223505 -0.00574395014
v -0.509005606 0.496314287 -0.00436333707
v -0.511509478 0.497806728 -0.00541367987
v -0.514007807 0.49675414 -0.00535401469
v -0.515042663 0.494257897 -0.00557973376
v -0.514007807 0.491780251 -0.00595861347
v -0.511509478 0.490772605 -0.00626871129
v -0.509011149 0.491825193 -0.00632837648
v -0.507976294 0.494321436 -0.00610265741
v -0.509011149 0.496799082 -0.00572377769
v -0.510870278 0.496772081 0.00309811789
v -0.513368607 0.495719492 0.00315778283
v -0.514403462 0.49322325 0.00293206377
v -0.513368607 0.490745604 0.00255318405
v -0.510870278 0.489737958 0.002243086
v -0.508371949 0.490790546 0.00218342105
v -0.507337093 0.493286788 0.00240914011
v -0.508371949 0.495764434 0.00278801983
v -0.511701763 0.511723399 0.0272433534
v -0.511796296 0.510689974 0.0247381032
v -0.512024462 0.508195162 0.0237003937
v -0.512252629 0.50570035 0.0247381032
v -0.512347162 0.504666924 0.0272433534
v -0.512252629 0.50570035 0.0297486037
v -0.512024462 0.508195162 0.0307863131
v -0.511796296 0.510689974 0.0297486037
v -0.518275917 0.512324691 0.0272433534
v -0.51837045 0.511291265 0.0247381032
v -0.518598616 0.508796453 0.0237003937
v -0.518826783 0.506301641 0.0247381032
v -0.518921316 0.505268216 0.0272433534
v -0.518826783 0.506301641 0.0297486037
v -0.518598616 0.508796453 0.0307863131
v -0.51837045 0.511291265 0.0297486037
v -0.52101028 0.508796453 0.0246479064
v -0.519795418 0.50638932 0.0249355789
v -0.517879486 0.505392194 0.0265751164
v -0.51638478 0.50638932 0.0286060963
v -0.516186953 0.508796453 0.0298388004
v -0.517401814 0.511203587 0.0295511279
v -0.519317746 0.512200713 0.0279115904
v -0.520812452 0.511203587 0.0258806106
v -0.52431643 0.507494986 0.0277199727
v -0.523101568 0.505087852 0.0280076452
v -0.521185637 0.504090726 0.0296471827
v -0.519690931 0.505087852 0.0316781625
v -0.519493103 0.507494986 0.0329108685
v -0.520707965 0.50990212 0.0326231942
v -0.522623897 0.510899246 0.0309836566
v -0.524118602 0.50990212 0.0289526768
v -0.525246024 0.507494986 0.0291370787
v -0.524147868 0.505015671 0.0291432403
v -0.521735728 0.503988683 0.0298360493
v -0.519422591 0.505015671 0.030809667
v -0.518563509 0.507494986 0.0314937606
v -0.519661665 0.509974301 0.031487599
v -0.522073805 0.511001289 0.03079479
v -0.524386942 0.509974301 0.0298211724
v -0.52803123 0.506280959 0.0370347202
v -0.526933074 0.503801644 0.0370408855
v -0.524520934 0.502774656 0.0377336927
v -0.522207797 0.503801644 0.0387073085
v -0.521348715 0.506280959 0.0393914059
v -0.522446871 0.508760273 0.0393852405
v -0.524859011 0.509787261 0.0386924334
v -0.527172148 0.508760273 0.0377188176
v -0.524689972 0.509376705 0.0399361104
v -0.527195036 0.508484185 0.0394059345
v -0.528232694 0.506301045 0.038176991
v -0.527195036 0.504106104 0.0369691774
v -0.524689972 0.503185213 0.0364900157
v -0.522184908 0.504077733 0.0370201916
v -0.521147251 0.506260872 0.038249135
v -0.522184908 0.508455813 0.0394569486
v -0.524769843 0.506043255 0.0459252261
v -0.527274907 0.505150735 0.0453950502
v -0.528312564 0.502967596 0.0441661067
v -0.527274907 0.500772655 0.0429582931
v -0.524769843 0.499851763 0.0424791314
v -0.522264779 0.500744283 0.0430093072
v -0.521227121 0.502927423 0.0442382507
v -0.522264779 0.505122364 0.0454460643
v -0.52828145 0.502477348 0.0442021787
v -0.527261317 0.502677619 0.0416977219
v -0.524781704 0.503035963 0.0406603441
v -0.522295117 0.503342509 0.0416977219
v -0.521258235 0.503417671 0.0442021787
v -0.522278368 0.503217399 0.0467066355
v -0.524757981 0.502859056 0.0477440134
v -0.527244568 0.502552509 0.0467066355
v -0.526988506 0.492820412 0.0439566188
v -0.525968373 0.493020684 0.041452162
v -0.52348876 0.493379056 0.0404147841
v -0.521002173 0.493685603 0.041452162
v -0.519965291 0.493760735 0.0439566188
v -0.520985425 0.493560463 0.0464610755
v -0.523465037 0.49320209 0.0474984534
v -0.525951624 0.492895544 0.0464610755
v -0.518910944 0.50954634 0.060861934
v -0.521304786 0.508328199 0.0604892224
v -0.522296309 0.505854785 0.0609913021
v -0.521304786 0.503574967 0.0620740615
v -0.518910944 0.502824247 0.0631032363
v -0.516517103 0.504042387 0.0634759516
v -0.515525579 0.506515801 0.0629738718
v -0.516517103 0.508795619 0.0618911125
v -0.523244858 0.513987541 0.0741819739
v -0.5256387 0.512769401 0.0738092586
v -0.526630223 0.510295987 0.0743113384
v -0.5256387 0.508016169 0.0753941014
v -0.523244858 0.507265449 0.0764232725
v -0.520851016 0.508483589 0.0767959878
v -0.519859493 0.510957003 0.0762939081
v -0.520851016 0.513236821 0.075211145
v -0.523244858 0.513863206 0.073861666
v -0.525750101 0.51291436 0.0742818415
v -0.526787817 0.510625303 0.0752999783
v -0.525750101 0.508336961 0.0763196573
v -0.523244858 0.507389784 0.0767435804
v -0.520739615 0.50833863 0.0763234049
v -0.519701898 0.510627687 0.0753052682
v -0.520739615 0.512916028 0.0742855892
v -0.523259699 0.52124536 0.0904435888
v -0.525764942 0.520296514 0.0908637643
v -0.526802659 0.518007457 0.091881901
v -0.525764942 0.515719116 0.09290158
v -0.523259699 0.514771938 0.0933255032
v -0.520754457 0.515720785 0.0929053277
v -0.51971674 0.518009841 0.0918871909
v -0.520754457 0.520298183 0.0908675119
v -0.525987506 0.518008649 0.0896236524
v -0.524978042 0.515525222 0.0900318697
v -0.522961974 0.514496565 0.0915253535
v -0.52112031 0.515525222 0.0932292491
v -0.520531893 0.518008649 0.0941454396
v -0.521541357 0.520492077 0.0937372223
v -0.523557425 0.521520734 0.0922437385
v -0.525399089 0.520492077 0.0905398428
v -0.529039621 0.517373323 0.093306087
v -0.528030157 0.514889896 0.0937143043
v -0.52601409 0.513861239 0.0952077881
v -0.524172425 0.514889896 0.0969116837
v -0.523584008 0.517373323 0.0978278741
v -0.524593472 0.519856751 0.0974196568
v -0.52660954 0.520885408 0.095926173
v -0.528451204 0.519856751 0.0942222774
v -0.528905392 0.517373323 0.0931533203
v -0.527808905 0.514917374 0.0934983119
v -0.525835454 0.513900042 0.0950551033
v -0.524141014 0.514917374 0.0969117433
v -0.523718238 0.517373323 0.0979806408
v -0.524814725 0.519829273 0.0976356491
v -0.526788175 0.520846605 0.0960788578
v -0.528482616 0.519829273 0.0942222178
v -0.532049239 0.516444266 0.0965315476
v -0.530952752 0.513988316 0.0968765393
v -0.528979301 0.512970984 0.0984333307
v -0.527284861 0.513988316 0.100289971
v -0.526862085 0.516444266 0.101358868
v -0.527958572 0.518900216 0.101013876
v -0.529932022 0.519917548 0.0994570851
v -0.531626463 0.518900216 0.0976004452
v -0.529455662 0.519896567 0.098148793
v -0.531932652 0.518969774 0.0987476781
v -0.532958686 0.516563535 0.0994622707
v -0.531932652 0.514087498 0.0998739749
v -0.529455662 0.512991965 0.0997416228
v -0.526978672 0.513918757 0.0991427377
v -0.525952637 0.516324997 0.0984281451
v -0.526978672 0.518801033 0.0980164409
v -0.527578294 0.522682428 0.11022491
v -0.530055285 0.521755636 0.110823795
v -0.531081319 0.519349396 0.111538388
v -0.530055285 0.51687336 0.111950092
v -0.527578294 0.515777826 0.11181774
v -0.525101304 0.516704619 0.111218855
v -0.52407527 0.519110858 0.110504262
v -0.525101304 0.521586895 0.110092558
v -0.527578294 0.522466362 0.109579355
v -0.530083537 0.521517873 0.110000297
v -0.531121254 0.519229233 0.111019336
v -0.530083537 0.51694113 0.112039544
v -0.527578294 0.515993893 0.112463295
v -0.525073051 0.516942382 0.112042353
v -0.524035335 0.519231021 0.111023314
v -0.525073051 0.521519125 0.110003106
v -0.527589202 0.529701293 0.125816882
v -0.530094445 0.528752804 0.126237825
v -0.531132162 0.526464164 0.12725687
v -0.530094445 0.524176061 0.128277078
v -0.527589202 0.523228824 0.128700823
v -0.525083959 0.524177313 0.12827988
v -0.524046242 0.526465952 0.127260834
v -0.525083959 0.528754056 0.126240626
v -0.529900134 0.529150605 0.127258852
v -0.5295403 0.528091192 0.124788761
v -0.528037548 0.526079237 0.123765618
v -0.526272178 0.524293244 0.124788761
v -0.52527827 0.523779511 0.127258852
v -0.525638103 0.524838924 0.129728943
v -0.527140856 0.526850879 0.130752087
v -0.528906226 0.528636873 0.129728943
v -0.533808112 0.525787771 0.128131881
v -0.533448279 0.524728358 0.12566179
v -0.531945527 0.522716403 0.124638647
v -0.530180156 0.520930409 0.12566179
v -0.529186249 0.520416677 0.128131881
v -0.529546082 0.52147609 0.130601972
v -0.531048834 0.523488045 0.131625116
v -0.532814205 0.525274038 0.130601972
v -0.53149718 0.526556134 0.1289213
v -0.53399837 0.525512755 0.128828913
v -0.535034418 0.523057342 0.128328219
v -0.53399837 0.520628214 0.127712503
v -0.53149718 0.519648314 0.127342463
v -0.528995991 0.520691693 0.12743485
v -0.527959943 0.523147106 0.127935544
v -0.528995991 0.525576234 0.12855126
v -0.531063318 0.524858236 0.136350006
v -0.533564508 0.523814857 0.136257619
v -0.534600556 0.521359444 0.135756925
v -0.533564508 0.518930316 0.135141209
v -0.531063318 0.517950416 0.134771168
v -0.528562129 0.518993795 0.134863555
v -0.527526081 0.521449208 0.135364249
v -0.528562129 0.523878336 0.135979965
v -0.528721035 0.53581214 0.157837719
v -0.527559757 0.533364058 0.157731101
v -0.5251531 0.532350004 0.158461034
v -0.522910833 0.533364058 0.15959996
v -0.522146523 0.53581214 0.160480708
v -0.5233078 0.538260221 0.160587326
v -0.525714457 0.539274275 0.159857392
v -0.527956724 0.538260221 0.158718467
v -0.531567335 0.534153581 0.16491805
v -0.530406058 0.531705499 0.164811432
v -0.527999401 0.530691445 0.165541366
v -0.525757134 0.531705499 0.166680291
v -0.524992824 0.534153581 0.167561039
v -0.526154101 0.536601663 0.167667657
v -0.528560758 0.537615716 0.166937724
v -0.530803025 0.536601663 0.165798798
v -0.528280079 0.53682363 0.168568388
v -0.530780792 0.536140382 0.167772979
v -0.531816661 0.534293354 0.166079298
v -0.530780792 0.532364428 0.164479494
v -0.528280079 0.531483531 0.163910702
v -0.525779366 0.532166779 0.164706111
v -0.524743497 0.534013808 0.166399792
v -0.525779366 0.535942733 0.167999595
v -0.52866441 0.53262192 0.17338568
v -0.531165123 0.531938672 0.172590271
v -0.532200992 0.530091643 0.17089659
v -0.531165123 0.528162718 0.169296786
v -0.52866441 0.527281821 0.168727994
v -0.526163697 0.527965069 0.169523403
v -0.525127828 0.529812098 0.171217084
v -0.526163697 0.531741023 0.172816887
v -0.52866441 0.533289194 0.169867307
v -0.531132519 0.532455981 0.170620531
v -0.532154858 0.530155957 0.171629339
v -0.531132519 0.527736306 0.172302783
v -0.52866441 0.526614547 0.172246367
v -0.526196301 0.52744776 0.171493143
v -0.525173962 0.529747784 0.170484334
v -0.526196301 0.532167435 0.169810891
v -0.526088595 0.538255751 0.183801338
v -0.528556705 0.537422538 0.184554562
v -0.529579043 0.535122514 0.185563371
v -0.528556705 0.532702863 0.186236814
v -0.526088595 0.531581104 0.186180398
v -0.523620486 0.532414317 0.185427174
v -0.522598147 0.534714341 0.184418365
v -0.523620486 0.537133992 0.183744922
v -0.529606521 0.534918427 0.185411483
v -0.5285604 0.532416701 0.185419723
v -0.526066363 0.531380415 0.185176745
v -0.52358532 0.532416701 0.184824884
v -0.52257067 0.534918427 0.184570253
v -0.523616791 0.537420154 0.184562013
v -0.526110828 0.53845644 0.184804991
v -0.528591871 0.537420154 0.185156852
v -0.528477132 0.535421789 0.194857463
v -0.527431011 0.532920063 0.194865704
v -0.524936974 0.531883776 0.194622725
v -0.522455931 0.532920063 0.194270864
v -0.521441281 0.535421789 0.194016233
v -0.522487402 0.537923515 0.194007993
v -0.524981439 0.538959801 0.194250971
v -0.527462482 0.537923515 0.194602832
v -0.524115324 0.545985937 0.21416311
v -0.52308321 0.543480694 0.21405533
v -0.520592332 0.542442977 0.21378693
v -0.518101871 0.543480694 0.213515133
v -0.517070651 0.545985937 0.213399157
v -0.518102765 0.54849118 0.213506937
v -0.520593643 0.549528897 0.213775337
v -0.523084104 0.54849118 0.214047134
v -0.523154259 0.5460006 0.223025322
v -0.522122145 0.543495357 0.222917542
v -0.519631267 0.54245764 0.222649142
v -0.517140806 0.543495357 0.222377345
v -0.516109586 0.5460006 0.222261369
v -0.5171417 0.548505843 0.222369149
v -0.519632578 0.54954356 0.222637549
v -0.522123039 0.548505843 0.222909346
v -0.519631922 0.549192548 0.224180877
v -0.522137165 0.548253417 0.223739341
v -0.523174882 0.54599458 0.222655788
v -0.522137165 0.543739319 0.221564949
v -0.519631922 0.542808652 0.221105814
v -0.517126679 0.543747783 0.22154735
v -0.516088963 0.54600662 0.222630903
v -0.517126679 0.548261881 0.223721743
v -0.519605994 0.546307147 0.230171055
v -0.522111237 0.545368016 0.229729518
v -0.523148954 0.543109179 0.228645965
v -0.522111237 0.540853918 0.227555126
v -0.519605994 0.539923251 0.227095991
v -0.517100751 0.540862381 0.227537528
v -0.516063035 0.543121219 0.228621081
v -0.517100751 0.54537648 0.22971192
v -0.519605994 0.545047224 0.231603324
v -0.522092938 0.544734836 0.230568588
v -0.523123026 0.543473721 0.228400305
v -0.522092938 0.542002559 0.226368636
v -0.519605994 0.541183174 0.225663722
v -0.51711905 0.541495562 0.226698458
v -0.516088963 0.542756677 0.228866741
v -0.51711905 0.544227839 0.23089841
v -0.520390511 0.539639413 0.235121444
v -0.522877455 0.539327025 0.234086707
v -0.523907542 0.53806591 0.231918424
v -0.522877455 0.536594748 0.229886755
v -0.520390511 0.535775363 0.229181841
v -0.517903566 0.536087751 0.230216578
v -0.516873479 0.537348866 0.232384861
v -0.517903566 0.538820028 0.23441653
v -0.527836978 0.513171136 0.218586087
v -0.530318081 0.512992203 0.217506662
v -0.531345785 0.511947215 0.215225235
v -0.530318081 0.510648251 0.213078246
v -0.527836978 0.509856164 0.212323368
v -0.525355875 0.510035098 0.213402793
v -0.524328172 0.511080086 0.21568422
v -0.525355875 0.51237905 0.217831209
v -0.528771222 0.507264972 0.221712276
v -0.531252325 0.507086039 0.220632851
v -0.532280028 0.50604105 0.218351424
v -0.531252325 0.504742086 0.216204435
v -0.528771222 0.50395 0.215449557
v -0.526290119 0.504128933 0.216528982
v -0.525262415 0.505173922 0.218810409
v -0.526290119 0.506472886 0.220957398
v -0.530483186 0.511396408 0.247720882
v -0.529300511 0.51104486 0.245306164
v -0.527457416 0.509325624 0.244305968
v -0.526033461 0.507245958 0.245306164
v -0.525862873 0.506024003 0.247720882
v -0.527045548 0.506375551 0.250135601
v -0.528888643 0.508094788 0.251135796
v -0.530312598 0.510174453 0.250135601
v -0.538816392 0.504229903 0.244682997
v -0.537633717 0.503878355 0.242268279
v -0.535790622 0.502159119 0.241268083
v -0.534366667 0.500079453 0.242268279
v -0.534196079 0.498857468 0.244682997
v -0.535378754 0.499209076 0.247097716
v -0.537221849 0.500928283 0.248097911
v -0.538645804 0.503007948 0.247097716
v -0.536506236 0.504947007 0.24369809
v -0.538977623 0.504064262 0.244380742
v -0.540001333 0.50170505 0.24524045
v -0.538977623 0.499251276 0.245773599
v -0.536506236 0.498140395 0.245667905
v -0.534034848 0.49902311 0.244985253
v -0.533011138 0.501382351 0.244125545
v -0.534034848 0.503836155 0.243592396
v -0.535458863 0.506700575 0.249757499
v -0.53793025 0.505817831 0.25044015
v -0.53895396 0.503458619 0.251299858
v -0.53793025 0.501004815 0.251833022
v -0.535458863 0.499893963 0.251727313
v -0.532987475 0.500776708 0.251044661
v -0.531963766 0.50313592 0.250184953
v -0.532987475 0.505589724 0.249651805
v -0.535458863 0.506807625 0.251222044
v -0.537956238 0.505752563 0.251278192
v -0.538990676 0.503259301 0.251020461
v -0.537956238 0.500788212 0.250599861
v -0.535458863 0.499786913 0.250262767
v -0.532961488 0.500841975 0.25020662
v -0.531927049 0.503335238 0.25046435
v -0.532961488 0.505806327 0.25088495
v -0.534838676 0.505751014 0.258954912
v -0.537336051 0.504695952 0.25901106
v -0.53837049 0.50220269 0.25875333
v -0.537336051 0.4997316 0.258332729
v -0.534838676 0.498730302 0.257995635
v -0.532341301 0.499785334 0.257939488
v -0.531306863 0.502278626 0.258197218
v -0.532341301 0.504749715 0.258617818
v -0.534838676 0.504952729 0.260755032
v -0.537340045 0.504248202 0.25998047
v -0.538376153 0.502367675 0.258324176
v -0.537340045 0.500412762 0.256756395
v -0.534838676 0.499528587 0.256195515
v -0.532337308 0.500233114 0.256970078
v -0.5313012 0.50211364 0.258626372
v -0.532337308 0.504068553 0.260194153
v -0.535192072 0.500877857 0.265602559
v -0.537693441 0.50017333 0.264827996
v -0.538729548 0.498292834 0.263171703
v -0.537693441 0.49633792 0.261603922
v -0.535192072 0.495453745 0.261043042
v -0.532690704 0.496158272 0.261817604
v -0.531654596 0.498038799 0.263473898
v -0.532690704 0.499993712 0.265041679
v -0.510767758 0.564744771 0.33100915
v -0.513238966 0.563867629 0.331699759
v -0.514262557 0.561515093 0.332577854
v -0.513238966 0.559065282 0.333129019
v -0.510767758 0.557953298 0.333030462
v -0.508296549 0.55883044 0.332339853
v -0.507272959 0.561182976 0.331461757
v -0.508296549 0.563632786 0.330910593
v -0.508726418 0.568239987 0.342753053
v -0.511197627 0.567362845 0.343443662
v -0.512221217 0.565010309 0.344321758
v -0.511197627 0.562560499 0.344872922
v -0.508726418 0.561448514 0.344774365
v -0.506255209 0.562325656 0.344083756
v -0.505231619 0.564678192 0.343205661
v -0.506255209 0.567128003 0.342654496
v -0.511692226 0.566782415 0.343763709
v -0.510338604 0.566956878 0.341420591
v -0.508040547 0.565893829 0.340450019
v -0.506144226 0.564215958 0.341420591
v -0.50576061 0.562906086 0.343763709
v -0.507114232 0.562731624 0.346106827
v -0.509412289 0.563794672 0.347077399
v -0.51130861 0.565472543 0.346106827
v -0.516974628 0.558699012 0.340109944
v -0.515621006 0.558873475 0.337766826
v -0.513322949 0.557810426 0.336796254
v -0.511426628 0.556132555 0.337766826
v -0.511043012 0.554822683 0.340109944
v -0.512396634 0.554648221 0.342453063
v -0.514694691 0.555711269 0.343423635
v -0.516591012 0.55738914 0.342453063
v -0.506854534 0.587548852 0.375727773
v -0.505943358 0.587051749 0.373222619
v -0.503765941 0.585812747 0.372184962
v -0.501597703 0.584557712 0.373222619
v -0.500708818 0.584021807 0.375727773
v -0.501619995 0.584518909 0.378232926
v -0.503797412 0.585757911 0.379270583
v -0.50596565 0.587012947 0.378232926
v -0.511854351 0.578837037 0.375638068
v -0.510943174 0.578339934 0.373132914
v -0.508765757 0.577100933 0.372095257
v -0.506597519 0.575845897 0.373132914
v -0.505708635 0.575309992 0.375638068
v -0.506619811 0.575807095 0.378143221
v -0.508797228 0.577046096 0.379180878
v -0.510965466 0.578301132 0.378143221
v -0.553651214 0.456100434 0.269706547
v -0.552415192 0.45626539 0.267298579
v -0.550039053 0.455421597 0.266301185
v -0.547914565 0.454063296 0.267298579
v -0.547286272 0.452986211 0.269706547
v -0.548522294 0.452821255 0.272114515
v -0.550898433 0.453665048 0.27311191
v -0.553022921 0.455023348 0.272114515
v -0.560439169 0.442227066 0.265271962
v -0.559203148 0.442392021 0.262863994
v -0.556827009 0.441548228 0.261866599
v -0.55470252 0.440189928 0.262863994
v -0.554074228 0.439112842 0.265271962
v -0.555310249 0.438947886 0.26767993
v -0.557686388 0.439791679 0.268677324
v -0.559810877 0.44114998 0.26767993
v -0.557256699 0.443340003 0.267600775
v -0.559757411 0.442656785 0.266805381
v -0.560793281 0.440809727 0.265111715
v -0.559757411 0.438880771 0.263511926
v -0.557256699 0.437999904 0.262943149
v -0.554755986 0.438683122 0.263738543
v -0.553720117 0.440530181 0.265432209
v -0.554755986 0.442459136 0.267031997
v -0.557449222 0.441235185 0.270014018
v -0.559949934 0.440551966 0.269218624
v -0.560985804 0.438704908 0.267524958
v -0.559949934 0.436775953 0.265925169
v -0.557449222 0.435895085 0.265356392
v -0.554948509 0.436578304 0.266151786
v -0.55391264 0.438425362 0.267845452
v -0.554948509 0.440354317 0.26944524
v -0.560620487 0.440144867 0.267685205
v -0.559414983 0.440237582 0.265258014
v -0.557057977 0.439350575 0.264252633
v -0.554930151 0.43800348 0.265258014
v -0.554277956 0.436985403 0.267685205
v -0.55548346 0.436892688 0.270112395
v -0.557840466 0.437779695 0.271117777
v -0.559968293 0.43912679 0.270112395
v -0.567225873 0.42688483 0.263898164
v -0.56602037 0.426977545 0.261470973
v -0.563663363 0.426090539 0.260465592
v -0.561535537 0.424743444 0.261470973
v -0.560883343 0.423725367 0.263898164
v -0.562088847 0.423632652 0.266325355
v -0.564445853 0.424519658 0.267330736
v -0.566573679 0.425866753 0.266325355
v -0.564054608 0.427975148 0.266227007
v -0.566555321 0.42729193 0.265431613
v -0.56759119 0.425444841 0.263737947
v -0.566555321 0.423515916 0.262138128
v -0.564054608 0.422635049 0.261569321
v -0.561553895 0.423318267 0.262364715
v -0.560518026 0.425165355 0.264058381
v -0.561553895 0.427094281 0.2656582
v -0.564441025 0.423750252 0.271070898
v -0.566941738 0.423067033 0.270275503
v -0.567977607 0.421219945 0.268581837
v -0.566941738 0.419291019 0.266982019
v -0.564441025 0.418410152 0.266413212
v -0.561940312 0.41909337 0.267208606
v -0.560904443 0.420940459 0.268902272
v -0.561940312 0.422869384 0.27050209
v -0.513539195 0.575189412 0.427010417
v -0.515681684 0.575415492 0.42536369
v -0.516569138 0.574079156 0.423177391
v -0.515681684 0.571963251 0.421732247
v -0.513539195 0.570307195 0.421874762
v -0.511396706 0.570081115 0.423521489
v -0.510509253 0.571417451 0.425707787
v -0.511396706 0.573533356 0.427152932
v -0.51709193 0.570940733 0.431049407
v -0.519234419 0.571166813 0.429402679
v -0.520121872 0.569830477 0.427216381
v -0.519234419 0.567714572 0.425771236
v -0.51709193 0.566058517 0.425913751
v -0.514949441 0.565832436 0.427560478
v -0.514061987 0.567168772 0.429746777
v -0.514949441 0.569284678 0.431191921
v -0.51709193 0.571468413 0.426548004
v -0.519541085 0.570886612 0.427556098
v -0.520555556 0.568906486 0.429106325
v -0.519541085 0.566688061 0.43029058
v -0.51709193 0.565530837 0.430415154
v -0.514642775 0.566112638 0.42940706
v -0.513628304 0.568092763 0.427856833
v -0.514642775 0.570311189 0.426672578
v -0.514535785 0.577949166 0.436498612
v -0.51698494 0.577367365 0.437506706
v -0.517999411 0.575387239 0.439056933
v -0.51698494 0.573168814 0.440241188
v -0.514535785 0.57201159 0.440365762
v -0.51208663 0.572593391 0.439357668
v -0.511072159 0.574573517 0.437807441
v -0.51208663 0.576791942 0.436623186
v -0.506581545 0.599519491 0.468458891
v -0.508752584 0.599501669 0.466834247
v -0.50965184 0.597882807 0.464853346
v -0.508752584 0.595611334 0.463676631
v -0.506581545 0.594017744 0.463993371
v -0.504410505 0.594035566 0.465618014
v -0.50351125 0.595654428 0.467598915
v -0.504410505 0.597925901 0.46877563
v -0.509907305 0.595879912 0.472943038
v -0.512078345 0.595862091 0.471318394
v -0.5129776 0.594243228 0.469337493
v -0.512078345 0.591971755 0.468160778
v -0.509907305 0.590378165 0.468477517
v -0.507736266 0.590395987 0.470102161
v -0.50683701 0.592014849 0.472083062
v -0.507736266 0.594286323 0.473259777
v -0.509907305 0.596424282 0.472011834
v -0.512411833 0.595436871 0.471686959
v -0.513449252 0.593097568 0.470789969
v -0.512411833 0.590776682 0.469846278
v -0.509907305 0.589833796 0.469408721
v -0.507402778 0.590821207 0.469733596
v -0.506365359 0.59316051 0.470630586
v -0.507402778 0.595481396 0.471574277
v -0.509753823 0.594093204 0.477913558
v -0.512258351 0.593105793 0.477588683
v -0.51329577 0.59076649 0.476691693
v -0.512258351 0.588445604 0.475748003
v -0.509753823 0.587502718 0.475310445
v -0.507249296 0.588490129 0.47563532
v -0.506211877 0.590829432 0.47653231
v -0.507249296 0.593150318 0.477476001
v -0.512112617 0.593441546 0.476612002
v -0.511731744 0.592390656 0.474141449
v -0.510192215 0.590406775 0.473118097
v -0.50839591 0.588652074 0.474141449
v -0.507395029 0.588154376 0.476612002
v -0.507775903 0.589205265 0.479082555
v -0.509315431 0.591189146 0.480105907
v -0.511111736 0.592943847 0.479082555
v -0.515770793 0.590177417 0.477436483
v -0.515389919 0.589126527 0.47496593
v -0.513850391 0.587142646 0.473942578
v -0.512054086 0.585387945 0.47496593
v -0.511053205 0.584890246 0.477436483
v -0.511434078 0.585941136 0.479907036
v -0.512973607 0.587925017 0.480930388
v -0.514769912 0.589679718 0.479907036
v -0.513411999 0.591006458 0.478138834
v -0.51591152 0.589955747 0.478099316
v -0.516946852 0.587486327 0.477671504
v -0.51591152 0.585044682 0.477106005
v -0.513411999 0.584061205 0.476734132
v -0.510912478 0.585111916 0.476773649
v -0.509877145 0.587581336 0.477201462
v -0.510912478 0.590022981 0.477766961
v -0.51294452 0.5896402 0.484893918
v -0.51544404 0.588589489 0.4848544
v -0.516479373 0.586120069 0.484426588
v -0.51544404 0.583678424 0.483861089
v -0.51294452 0.582694948 0.483489215
v -0.510444999 0.583745658 0.483528733
v -0.509409666 0.586215079 0.483956546
v -0.510444999 0.588656723 0.484522045
v -0.516090214 0.586167574 0.482561469
v -0.514765382 0.58382082 0.482260257
v -0.512373865 0.582848787 0.483090371
v -0.51031667 0.58382082 0.484565556
v -0.509798825 0.586167574 0.485821664
v -0.511123657 0.588514328 0.486122876
v -0.513515174 0.589486361 0.485292763
v -0.515572369 0.588514328 0.483817577
v -0.518998384 0.583805442 0.488173515
v -0.517673552 0.581458688 0.487872303
v -0.515282035 0.580486655 0.488702416
v -0.51322484 0.581458688 0.490177602
v -0.512706995 0.583805442 0.49143371
v -0.514031827 0.586152196 0.491734922
v -0.516423345 0.587124228 0.490904808
v -0.518480539 0.586152196 0.489429623
v -0.504626632 0.618317366 0.528112113
v -0.506797612 0.618299544 0.52648747
v -0.507696867 0.616680741 0.524506569
v -0.506797612 0.614409208 0.523329794
v -0.504626632 0.612815619 0.523646533
v -0.502455652 0.61283344 0.525271177
v -0.501556396 0.614452243 0.527252078
v -0.502455652 0.616723776 0.528428853
v -0.507898688 0.614736557 0.532523751
v -0.510069668 0.614718735 0.530899107
v -0.510968924 0.613099933 0.528918207
v -0.510069668 0.6108284 0.527741432
v -0.507898688 0.60923481 0.528058171
v -0.505727708 0.609252632 0.529682815
v -0.504828453 0.610871434 0.531663716
v -0.505727708 0.613142967 0.53284049
v -0.507898688 0.615419269 0.529417396
v -0.510369718 0.614515364 0.530073166
v -0.511393249 0.612129569 0.530856609
v -0.510369718 0.609659553 0.531308651
v -0.507898688 0.608552098 0.531164527
v -0.505427659 0.609456003 0.530508757
v -0.504404128 0.611841798 0.529725313
v -0.505427659 0.614311814 0.529273272
v -0.506167769 0.617974699 0.539461255
v -0.508638799 0.617070794 0.540117025
v -0.50966233 0.614684999 0.540900469
v -0.508638799 0.612214983 0.54135251
v -0.506167769 0.611107528 0.541208386
v -0.50369674 0.612011433 0.540552616
v -0.502673209 0.614397228 0.539769173
v -0.50369674 0.616867244 0.539317131
v -0.509123385 0.616494834 0.540334821
v -0.507821798 0.616582036 0.537957549
v -0.505551279 0.615473747 0.53697288
v -0.503641903 0.613819122 0.537957549
v -0.503212154 0.612587392 0.540334821
v -0.504513741 0.612500191 0.542712092
v -0.50678426 0.613608479 0.543696761
v -0.508693635 0.615263104 0.542712092
v -0.514156997 0.608879864 0.537299395
v -0.512855411 0.608967066 0.534922123
v -0.510584891 0.607858777 0.533937454
v -0.508675516 0.606204152 0.534922123
v -0.508245766 0.604972422 0.537299395
v -0.509547353 0.604885221 0.539676666
v -0.511817873 0.605993509 0.540661335
v -0.513727248 0.607648134 0.539676666
v -0.511201382 0.610385954 0.536536396
v -0.513674557 0.609458685 0.537150204
v -0.514698982 0.607047856 0.537851453
v -0.513674557 0.60456574 0.538229227
v -0.511201382 0.603466332 0.538062394
v -0.508728206 0.604393601 0.537448585
v -0.507703781 0.60680443 0.536747336
v -0.508728206 0.609286547 0.536369562
v -0.509606659 0.6125108 0.546171725
v -0.512079835 0.611583531 0.546785533
v -0.51310426 0.609172702 0.547486782
v -0.512079835 0.606690586 0.547864556
v -0.509606659 0.605591178 0.547697723
v -0.507133484 0.606518447 0.547083914
v -0.506109059 0.608929276 0.546382666
v -0.507133484 0.611411393 0.546004891
v -0.512660325 0.610847533 0.546934724
v -0.511837602 0.610199511 0.544433475
v -0.509707987 0.608878732 0.543397427
v -0.507519066 0.607658803 0.544433475
v -0.506552994 0.607254446 0.546934724
v -0.507375717 0.607902467 0.549435973
v -0.509505332 0.609223247 0.550472021
v -0.511694252 0.610443175 0.549435973
v -0.517376244 0.602831602 0.547460258
v -0.516553521 0.60218358 0.544959009
v -0.514423907 0.600862801 0.543922961
v -0.512234986 0.599642873 0.544959009
v -0.511268914 0.599238515 0.547460258
v -0.512091637 0.599886537 0.549961507
v -0.514221251 0.601207316 0.550997555
v -0.516410172 0.602427244 0.549961507
v -0.514322579 0.604331374 0.546161532
v -0.516783357 0.603538215 0.546979249
v -0.517802596 0.601278782 0.548078775
v -0.516783357 0.598876536 0.548815966
v -0.514322579 0.597738743 0.548758984
v -0.511861801 0.598531902 0.547941267
v -0.510842562 0.600791335 0.546841741
v -0.511861801 0.603193581 0.54610455
v -0.511904299 0.608971655 0.557938933
v -0.514365077 0.608178496 0.558756649
v -0.515384316 0.605919063 0.559856176
v -0.514365077 0.603516817 0.560593367
v -0.511904299 0.602379024 0.560536385
v -0.509443521 0.603172183 0.559718668
v -0.508424282 0.605431616 0.558619142
v -0.509443521 0.607833862 0.557881951
v -0.514908254 0.60755384 0.559237659
v -0.513562143 0.607749283 0.556891859
v -0.511244833 0.606729865 0.555920184
v -0.509313881 0.605092704 0.556891859
v -0.508900344 0.60379684 0.559237659
v -0.510246456 0.603601396 0.561583459
v -0.512563765 0.604620814 0.562555134
v -0.514494717 0.606257975 0.561583459
v -0.520246387 0.599017501 0.555463135
v -0.518900275 0.599212945 0.553117335
v -0.516582966 0.598193526 0.55214566
v -0.514652014 0.596556365 0.553117335
v -0.514238477 0.595260501 0.555463135
v -0.515584588 0.595065057 0.557808936
v -0.517901897 0.596084476 0.558780611
v -0.51983285 0.597721636 0.557808936
v -0.517242432 0.600530505 0.554438353
v -0.51970911 0.599663854 0.555157721
v -0.520730853 0.597318172 0.556056023
v -0.51970911 0.594867527 0.556607008
v -0.517242432 0.593747497 0.556487918
v -0.514775753 0.594614148 0.555768549
v -0.51375401 0.596959829 0.554870248
v -0.514775753 0.599410474 0.554319263
v -0.515303731 0.603688836 0.564890742
v -0.51777041 0.602822185 0.565610111
v -0.518792152 0.600476503 0.566508412
v -0.51777041 0.598025858 0.567059398
v -0.515303731 0.596905828 0.566940308
v -0.512837052 0.597772479 0.566220939
v -0.51181531 0.60011816 0.565322638
v -0.512837052 0.602568805 0.564771652
v -0.518661737 0.600297332 0.564785719
v -0.517603219 0.597803116 0.564893901
v -0.515197754 0.596769989 0.565600514
v -0.512854338 0.597803116 0.566491723
v -0.511945724 0.600297332 0.567045331
v -0.513004243 0.602791548 0.566937149
v -0.515409708 0.603824675 0.566230536
v -0.517753124 0.602791548 0.565339327
v -0.520974219 0.599614084 0.571658731
v -0.5199157 0.597119868 0.571766913
v -0.517510235 0.59608674 0.572473526
v -0.515166819 0.597119868 0.573364735
v -0.514258206 0.599614084 0.573918343
v -0.515316725 0.6021083 0.57381016
v -0.517722189 0.603141427 0.573103547
v -0.520065606 0.6021083 0.572212338
v -0.50895524 0.626042604 0.602995217
v -0.51112622 0.626024783 0.601370573
v -0.512025535 0.62440598 0.599389672
v -0.51112622 0.622134447 0.598212898
v -0.50895524 0.620540857 0.598529637
v -0.50678426 0.620558679 0.600154281
v -0.505884945 0.622177482 0.602135181
v -0.50678426 0.624449015 0.603311956
v -0.512172222 0.622522056 0.607332647
v -0.514343202 0.622504234 0.605708003
v -0.515242517 0.620885432 0.603727102
v -0.514343202 0.618613899 0.602550328
v -0.512172222 0.617020309 0.602867067
v -0.510001242 0.617038131 0.604491711
v -0.509101927 0.618656933 0.606472611
v -0.510001242 0.620928466 0.607649386
v -0.512172222 0.622780979 0.606968999
v -0.514676988 0.621924877 0.606380522
v -0.515714526 0.619807184 0.605041862
v -0.514676988 0.61766839 0.603737116
v -0.512172222 0.616761386 0.603230715
v -0.509667456 0.617617488 0.603819191
v -0.508629918 0.619735181 0.605157852
v -0.509667456 0.621873975 0.606462598
v -0.512284398 0.619710505 0.611913145
v -0.514789164 0.618854403 0.611324668
v -0.515826702 0.61673671 0.609986007
v -0.514789164 0.614597917 0.608681262
v -0.512284398 0.613690913 0.60817486
v -0.509779632 0.614547014 0.608763337
v -0.508742094 0.616664708 0.610101998
v -0.509779632 0.618803501 0.611406744
v -0.515786707 0.616700709 0.610579371
v -0.514704883 0.614223063 0.610789061
v -0.512205184 0.61319679 0.610562325
v -0.509751856 0.614223063 0.610031962
v -0.508782089 0.616700709 0.609508634
v -0.509863913 0.619178355 0.609298944
v -0.512363613 0.620204628 0.609525681
v -0.51481694 0.619178355 0.610056043
v -0.514463663 0.618011057 0.61923492
v -0.513381839 0.615533412 0.619444609
v -0.510882139 0.614507139 0.619217873
v -0.508428812 0.615533412 0.61868751
v -0.507459044 0.618011057 0.618164182
v -0.508540869 0.620488703 0.617954493
v -0.511040568 0.621514976 0.618181229
v -0.513493896 0.620488703 0.618711591
v -0.513810694 0.620116711 0.618699551
v -0.512664139 0.619922221 0.616249919
v -0.510520101 0.618608177 0.615235269
v -0.508634567 0.616944313 0.616249919
v -0.508112013 0.615905404 0.618699551
v -0.509258568 0.616099894 0.621149182
v -0.511402607 0.617413938 0.622163832
v -0.51328814 0.619077802 0.621149182
v -0.518318534 0.614016831 0.617074013
v -0.517171979 0.613822341 0.614624381
v -0.51502794 0.612508297 0.613609731
v -0.513142407 0.610844433 0.614624381
v -0.512619853 0.609805524 0.617074013
v -0.513766408 0.610000014 0.619523644
v -0.515910447 0.611314058 0.620538294
v -0.51779598 0.612977922 0.619523644
v -0.515469193 0.615022242 0.615378797
v -0.517919183 0.614361465 0.616334915
v -0.518933952 0.612265348 0.617723942
v -0.517919183 0.609961748 0.618732274
v -0.515469193 0.608800113 0.618769228
v -0.513019204 0.60946089 0.61781311
v -0.512004435 0.611557007 0.616424084
v -0.513019204 0.613860607 0.615415752
v -0.512081206 0.622610688 0.629305303
v -0.514531195 0.621949911 0.630261421
v -0.515545964 0.619853795 0.631650448
v -0.514531195 0.617550194 0.63265878
v -0.512081206 0.616388559 0.632695735
v -0.509631217 0.617049336 0.631739616
v -0.508616447 0.619145453 0.63035059
v -0.509631217 0.621449053 0.629342258
v -0.512081206 0.622732878 0.63244921
v -0.514586151 0.621770084 0.63206017
v -0.515623748 0.619477272 0.631050408
v -0.514586151 0.617197573 0.63001138
v -0.512081206 0.61626637 0.629551828
v -0.509576261 0.617229164 0.629940867
v -0.508538663 0.619521976 0.63095063
v -0.509576261 0.621801674 0.631989658
v -0.511989355 0.620299041 0.6378811
v -0.5144943 0.619336247 0.637492061
v -0.515531898 0.617043436 0.636482298
v -0.5144943 0.614763737 0.63544327
v -0.511989355 0.613832533 0.634983718
v -0.50948441 0.614795327 0.635372758
v -0.508446813 0.617088139 0.63638252
v -0.50948441 0.619367838 0.637421548
v -0.511989355 0.619816661 0.638665199
v -0.514160335 0.619798839 0.637040496
v -0.51505965 0.618180037 0.635059655
v -0.514160335 0.615908504 0.63388288
v -0.511989355 0.614314914 0.634199619
v -0.509818375 0.614332736 0.635824323
v -0.50891906 0.615951538 0.637805164
v -0.509818375 0.618223071 0.638981938
v -0.515187621 0.616316617 0.642977417
v -0.517358601 0.616298795 0.641352713
v -0.518257916 0.614679992 0.639371872
v -0.517358601 0.612408459 0.638195097
v -0.515187621 0.610814869 0.638511837
v -0.513016641 0.610832691 0.64013654
v -0.512117326 0.612451494 0.642117381
v -0.513016641 0.614723027 0.643294156
v -0.507264256 0.638147175 0.667622924
v -0.50976944 0.637209892 0.66717726
v -0.510807157 0.634960651 0.666074097
v -0.50976944 0.632716954 0.66495955
v -0.507264256 0.631793201 0.664486527
v -0.504759073 0.632730484 0.664932191
v -0.503721356 0.634979725 0.666035354
v -0.504759073 0.637223423 0.667149901
v -0.507228792 0.635570824 0.672842383
v -0.509733975 0.634633541 0.672396719
v -0.510771692 0.6323843 0.671293557
v -0.509733975 0.630140603 0.670179009
v -0.507228792 0.62921685 0.669705987
v -0.504723608 0.630154133 0.670151651
v -0.503685892 0.632403374 0.671254814
v -0.504723608 0.634647071 0.672369361
v -0.509467661 0.635139763 0.671274185
v -0.509320915 0.633920491 0.668856561
v -0.507948577 0.63180697 0.667855144
v -0.506154656 0.630037189 0.668856561
v -0.504989922 0.629647911 0.671274185
v -0.505136669 0.630867183 0.673691809
v -0.506509006 0.632980704 0.674693227
v -0.508302927 0.634750485 0.673691809
v -0.512838185 0.632391632 0.67245549
v -0.512691438 0.631172359 0.670037866
v -0.511319101 0.629058838 0.669036448
v -0.50952518 0.627289057 0.670037866
v -0.508360445 0.626899779 0.67245549
v -0.508507192 0.628119051 0.674873114
v -0.509879529 0.630232573 0.675874531
v -0.51167345 0.632002354 0.674873114
v -0.510599315 0.632910907 0.673830569
v -0.513103962 0.631933331 0.673478186
v -0.51414144 0.629615724 0.672526717
v -0.513103962 0.62731564 0.671533525
v -0.510599315 0.626380503 0.67108041
v -0.508094668 0.627358079 0.671432793
v -0.50705719 0.629675686 0.672384262
v -0.508094668 0.63197577 0.673377454
v -0.510470331 0.630616784 0.679278135
v -0.512974977 0.629639208 0.678925753
v -0.514012456 0.627321601 0.677974284
v -0.512974977 0.625021517 0.676981091
v -0.510470331 0.62408638 0.676527977
v -0.507965684 0.625063956 0.67688036
v -0.506928205 0.627381563 0.677831829
v -0.507965684 0.629681647 0.678825021
v -0.510470331 0.630574167 0.676430821
v -0.512924671 0.629839063 0.67731905
v -0.513941288 0.627646863 0.678549349
v -0.512924671 0.625281632 0.6794011
v -0.510470331 0.624128997 0.679375291
v -0.50801599 0.624864101 0.678487062
v -0.506999373 0.627056301 0.677256763
v -0.50801599 0.629421532 0.676405013
v -0.507825732 0.63594228 0.688181162
v -0.510280073 0.635207176 0.68906939
v -0.51129669 0.633014977 0.69029969
v -0.510280073 0.630649745 0.69115144
v -0.507825732 0.629497111 0.691125631
v -0.505371392 0.630232215 0.690237403
v -0.504354775 0.632424414 0.689007103
v -0.505371392 0.634789646 0.688155353
v -0.511335313 0.632719696 0.690138519
v -0.510280848 0.630221963 0.690188229
v -0.507788241 0.629187346 0.689924657
v -0.505317569 0.630221963 0.68950218
v -0.504316151 0.632719696 0.689168274
v -0.505370617 0.635217428 0.689118564
v -0.507863224 0.636252046 0.689382136
v -0.510333896 0.635217428 0.689804614
v -0.510258496 0.633329332 0.697928309
v -0.50920403 0.630831599 0.69797802
v -0.506711423 0.629796982 0.697714448
v -0.504240751 0.630831599 0.69729197
v -0.503239334 0.633329332 0.696958065
v -0.504293799 0.635827065 0.696908355
v -0.506786406 0.636861682 0.697171926
v -0.509257078 0.635827065 0.697594404
v -0.506748915 0.636080205 0.699675977
v -0.508919895 0.636062384 0.698051333
v -0.50981915 0.634443581 0.696070433
v -0.508919895 0.632172108 0.694893658
v -0.506748915 0.630578458 0.695210397
v -0.504577935 0.63059628 0.696835041
v -0.503678679 0.632215083 0.698815942
v -0.504577935 0.634486556 0.699992716
v -0.509894252 0.632638097 0.703916728
v -0.512065232 0.632620275 0.702292085
v -0.512964487 0.631001472 0.700311184
v -0.512065232 0.628729999 0.699134409
v -0.509894252 0.62713635 0.699451149
v -0.507723272 0.627154171 0.701075792
v -0.506824017 0.628772974 0.703056693
v -0.507723272 0.631044447 0.704233468
v -0.509894252 0.633000493 0.703375101
v -0.512399495 0.632092953 0.702871859
v -0.513437212 0.629893303 0.701672792
v -0.512399495 0.627690077 0.700480223
v -0.509894252 0.626773953 0.699992776
v -0.507389009 0.627681494 0.700496018
v -0.506351292 0.629881144 0.701695085
v -0.507389009 0.63208437 0.702887654
v -0.509914756 0.630268872 0.708403885
v -0.512419999 0.629361331 0.707900643
v -0.513457716 0.627161682 0.706701577
v -0.512419999 0.624958456 0.705509007
v -0.509914756 0.624042332 0.70502156
v -0.507409513 0.624949872 0.705524802
v -0.506371796 0.627149522 0.706723869
v -0.507409513 0.629352748 0.707916439
v -0.509914756 0.63060832 0.705918252
v -0.512384832 0.629690886 0.706558704
v -0.513407946 0.627288282 0.707289398
v -0.512384832 0.624808013 0.707682312
v -0.509914756 0.623702884 0.707507193
v -0.50744468 0.624620318 0.706866741
v -0.506421566 0.627022922 0.706136048
v -0.50744468 0.629503191 0.705743134
v -0.508367181 0.632656872 0.714820981
v -0.510837257 0.631739438 0.715461433
v -0.511860371 0.629336834 0.716192126
v -0.510837257 0.626856565 0.71658504
v -0.508367181 0.625751436 0.716409922
v -0.505897105 0.62666887 0.71576947
v -0.504873991 0.629071474 0.715038776
v -0.505897105 0.631551743 0.714645863
v -0.503392398 0.644696772 0.73486948
v -0.505896986 0.643856525 0.734257758
v -0.506934404 0.641764879 0.732878685
v -0.505896986 0.639647067 0.731540084
v -0.503392398 0.638743699 0.731026053
v -0.500887811 0.639583945 0.731637776
v -0.499850392 0.641675591 0.733016849
v -0.500887811 0.643793404 0.73435545
v -0.503522456 0.641659319 0.739574194
v -0.506027043 0.640819073 0.738962471
v -0.507064462 0.638727427 0.737583399
v -0.506027043 0.636609614 0.736244798
v -0.503522456 0.635706246 0.735730767
v -0.501017869 0.636546493 0.73634249
v -0.49998045 0.638638139 0.737721562
v -0.501017869 0.640755951 0.739060163
v -0.503522456 0.641512334 0.739784658
v -0.506025493 0.640746713 0.739076376
v -0.507062316 0.63877207 0.737533987
v -0.506025493 0.636745095 0.736061037
v -0.503522456 0.635853231 0.735520303
v -0.501019418 0.636618853 0.736228585
v -0.499982595 0.638593495 0.737770975
v -0.501019418 0.64062047 0.739243925
v -0.503755867 0.638160348 0.744233072
v -0.506258905 0.637394726 0.74352479
v -0.507295728 0.635420084 0.7419824
v -0.506258905 0.633393109 0.74050945
v -0.503755867 0.632501245 0.739968717
v -0.50125283 0.633266866 0.740676999
v -0.500216007 0.635241508 0.742219388
v -0.50125283 0.637268484 0.743692338
v -0.506928682 0.635330796 0.743677616
v -0.505870283 0.632842422 0.743475616
v -0.503573298 0.631811678 0.742468297
v -0.501383245 0.632842422 0.741245806
v -0.500583053 0.635330796 0.740524173
v -0.501641452 0.637819171 0.740726173
v -0.503938437 0.638849914 0.741733491
v -0.50612849 0.637819171 0.742955983
v -0.502862871 0.636395991 0.751859188
v -0.501804471 0.633907616 0.751657188
v -0.499507487 0.632876873 0.750649869
v -0.497317463 0.633907616 0.749427378
v -0.496517301 0.636395991 0.748705745
v -0.4975757 0.638884366 0.748907745
v -0.499872684 0.639915109 0.749915063
v -0.502062678 0.638884366 0.751137555
v -0.499690086 0.63977015 0.749201894
v -0.502153754 0.638920546 0.749951303
v -0.503174245 0.636592031 0.750894666
v -0.502153754 0.634148717 0.751479447
v -0.499690086 0.633021832 0.751363039
v -0.497226417 0.633871436 0.75061363
v -0.496205926 0.636199951 0.749670267
v -0.497226417 0.638643265 0.749085486
v -0.497843295 0.642822921 0.758734524
v -0.500306964 0.641973317 0.759483933
v -0.501327455 0.639644802 0.760427296
v -0.500306964 0.637201488 0.761012077
v -0.497843295 0.636074603 0.760895669
v -0.495379627 0.636924207 0.76014626
v -0.494359136 0.639252722 0.759202898
v -0.495379627 0.641696036 0.758618116
v -0.497843295 0.638381004 0.763193309
v -0.500270903 0.639283895 0.762390375
v -0.501276433 0.640283346 0.760078907
v -0.500270903 0.64079392 0.757612884
v -0.497843295 0.64051652 0.756436884
v -0.495415688 0.639613628 0.757239819
v -0.494410157 0.638614178 0.759551287
v -0.495415688 0.638103604 0.76201731
v -0.501802146 0.62357527 0.758513629
v -0.504229724 0.624478161 0.757710695
v -0.505235255 0.625477612 0.755399227
v -0.504229724 0.625988185 0.752933204
v -0.501802146 0.625710785 0.751757205
v -0.499374539 0.624807894 0.752560139
v -0.498369008 0.623808444 0.754871607
v -0.499374539 0.62329787 0.75733763
v -0.50741601 0.607816875 0.744763136
v -0.509735107 0.60736388 0.746093452
v -0.510695696 0.605357349 0.747644007
v -0.509735107 0.602972746 0.748506486
v -0.50741601 0.601606905 0.74817574
v -0.505096912 0.602059901 0.746845424
v -0.504136324 0.604066432 0.745294869
v -0.505096912 0.606451035 0.74443239
v -0.501389384 0.614919543 0.757688046
v -0.503708482 0.614466548 0.759018362
v -0.50466907 0.612460017 0.760568917
v -0.503708482 0.610075414 0.761431396
v -0.501389384 0.608709574 0.76110065
v -0.499070287 0.609162569 0.759770334
v -0.498109698 0.6111691 0.758219779
v -0.499070287 0.613553703 0.757357299
v -0.501389384 0.613958597 0.762214959
v -0.503879726 0.613547921 0.761223614
v -0.504911244 0.61212188 0.759160757
v -0.503879726 0.610515833 0.757234693
v -0.501389384 0.60967052 0.756573737
v -0.498899043 0.610081196 0.757565081
v -0.497867525 0.611507237 0.759627938
v -0.498899043 0.613113284 0.761554003
v -0.50170511 0.611665547 0.763957977
v -0.504195452 0.611254871 0.762966633
v -0.50522697 0.60982883 0.760903776
v -0.504195452 0.608222783 0.758977711
v -0.50170511 0.60737747 0.758316755
v -0.499214768 0.607788146 0.7593081
v -0.49818325 0.609214187 0.761370957
v -0.499214768 0.610820234 0.763297021
v -0.50170511 0.612419903 0.763174951
v -0.504208922 0.611619413 0.762509346
v -0.505246043 0.609589934 0.761040032
v -0.504208922 0.607520401 0.7596277
v -0.50170511 0.606623113 0.759099782
v -0.499201268 0.607423604 0.759765387
v -0.498164147 0.609453082 0.761234701
v -0.499201268 0.611522615 0.762647033
v -0.501892745 0.60920912 0.767742157
v -0.504396558 0.60840863 0.767076552
v -0.505433679 0.606379151 0.765607238
v -0.504396558 0.604309618 0.764194906
v -0.501892745 0.60341233 0.763666987
v -0.499388903 0.604212821 0.764332592
v -0.498351783 0.606242299 0.765801907
v -0.499388903 0.608311832 0.767214239
v -0.505400717 0.606310725 0.766201198
v -0.504340112 0.603816688 0.76628983
v -0.501845896 0.602783561 0.766035676
v -0.499379069 0.603816688 0.765587568
v -0.498384774 0.606310725 0.765207946
v -0.499445379 0.608804762 0.765119314
v -0.501939595 0.60983789 0.765373468
v -0.504406393 0.608804762 0.765821576
v -0.504319072 0.607042372 0.773841977
v -0.503258467 0.604548335 0.773930609
v -0.500764251 0.603515208 0.773676455
v -0.498297423 0.604548335 0.773228347
v -0.497303128 0.607042372 0.772848725
v -0.498363733 0.609536409 0.772760093
v -0.500857949 0.610569537 0.773014247
v -0.503324747 0.609536409 0.773462355
v -0.503976226 0.607042372 0.774937391
v -0.50294745 0.604547381 0.774673343
v -0.500667214 0.603513896 0.773631394
v -0.49847129 0.604547381 0.772421837
v -0.497646004 0.607042372 0.771753311
v -0.49867475 0.609537363 0.77201736
v -0.500954986 0.610570848 0.773059309
v -0.50315088 0.609537363 0.774268866
v -0.500020385 0.607841194 0.782801807
v -0.498991638 0.605346203 0.782537758
v -0.496711403 0.604312718 0.78149581
v -0.494515479 0.605346203 0.780286252
v -0.493690193 0.607841194 0.779617727
v -0.494718939 0.610336185 0.779881775
v -0.496999174 0.611369669 0.780923724
v -0.499195099 0.610336185 0.782133281
v -0.499762803 0.607841194 0.783234358
v -0.498360217 0.605528951 0.783432662
v -0.496076077 0.604571164 0.782328784
v -0.49424836 0.605528951 0.780569434
v -0.493947774 0.607841194 0.779185176
v -0.495350361 0.610153437 0.778986871
v -0.4976345 0.611111224 0.780090749
v -0.499462217 0.610153437 0.7818501
v -0.495498508 0.610953033 0.789358377
v -0.494095922 0.60864079 0.789556682
v -0.491811782 0.607683003 0.788452804
v -0.489984065 0.60864079 0.786693454
v -0.489683479 0.610953033 0.785309196
v -0.491086066 0.613265276 0.785110891
v -0.493370205 0.614223063 0.786214769
v -0.495197922 0.613265276 0.787974119
v -0.492590994 0.613623083 0.7896626
v -0.495091736 0.612939894 0.788867176
v -0.496127576 0.611092806 0.787173569
v -0.495091736 0.609163821 0.785573781
v -0.492590994 0.608282983 0.785004973
v -0.490090251 0.608966172 0.785800397
v -0.489054412 0.61081326 0.787494004
v -0.490090251 0.612742245 0.789093792
v -0.492924601 0.609975576 0.793844581
v -0.495425344 0.609292388 0.793049157
v -0.496461183 0.6074453 0.79135555
v -0.495425344 0.605516315 0.789755762
v -0.492924601 0.604635477 0.789186954
v -0.490423858 0.605318666 0.789982378
v -0.489388019 0.607165754 0.791675985
v -0.490423858 0.609094739 0.793275774
v -0.496121377 0.607305527 0.793043256
v -0.494789124 0.604974687 0.793424487
v -0.492364675 0.604009211 0.792687595
v -0.490268201 0.604974687 0.791264296
v -0.489727825 0.607305527 0.789988279
v -0.491060078 0.609636366 0.789607048
v -0.493484527 0.610601842 0.79034394
v -0.495581001 0.609636366 0.79176724
v -0.49094975 0.612031758 0.803866684
v -0.489617497 0.609700918 0.804247916
v -0.487193048 0.608735442 0.803511024
v -0.485096574 0.609700918 0.802087724
v -0.484556198 0.612031758 0.800811708
v -0.485888451 0.614362597 0.800430477
v -0.4883129 0.615328074 0.801167369
v -0.490409374 0.614362597 0.802590668
v -0.490361959 0.612031758 0.804736257
v -0.489718586 0.609532893 0.803902686
v -0.487923801 0.608497798 0.802153289
v -0.486028939 0.609532893 0.800512731
v -0.485143989 0.612031758 0.799942136
v -0.485787362 0.614530623 0.800775707
v -0.487582147 0.615565717 0.802525103
v -0.489477009 0.614530623 0.804165661
v -0.487220973 0.611700058 0.808154941
v -0.4865776 0.609201193 0.80732137
v -0.484782815 0.608166099 0.805571973
v -0.482887954 0.609201193 0.803931415
v -0.482003003 0.611700058 0.80336082
v -0.482646376 0.614198923 0.804194391
v -0.484441161 0.615234017 0.805943787
v -0.486336023 0.614198923 0.807584345
v -0.48779276 0.611700058 0.807318449
v -0.486607134 0.609262109 0.807379067
v -0.484252781 0.608252227 0.806490064
v -0.482108831 0.609262109 0.805172145
v -0.481431216 0.611700058 0.804197311
v -0.482616842 0.614138007 0.804136693
v -0.484971195 0.615147889 0.805025697
v -0.487115145 0.614138007 0.806343615
v -0.483407021 0.614055276 0.816257656
v -0.482221395 0.611617327 0.816318274
v -0.479867041 0.610607445 0.81542927
v -0.477723092 0.611617327 0.814111352
v -0.477045476 0.614055276 0.813136518
v -0.478231102 0.616493225 0.8130759
v -0.480585456 0.617503107 0.813964903
v -0.482729405 0.616493225 0.815282822
v -0.482710779 0.614055276 0.817222893
v -0.482426614 0.611628532 0.816046834
v -0.480853498 0.6106233 0.81408006
v -0.47891295 0.611628532 0.812474787
v -0.477741718 0.614055276 0.81217128
v -0.478025883 0.616482019 0.81334734
v -0.479598999 0.617487252 0.815314114
v -0.481539547 0.616482019 0.816919386
v -0.476908416 0.611968696 0.822930396
v -0.47662425 0.609541953 0.821754336
v -0.475051135 0.60853672 0.819787562
v -0.473110586 0.609541953 0.81818229
v -0.471939355 0.611968696 0.817878783
v -0.47222352 0.61439544 0.819054842
v -0.473796636 0.615400672 0.821021616
v -0.475737184 0.61439544 0.822626889
v -0.477389753 0.611968696 0.822342694
v -0.475876391 0.60975796 0.822761595
v -0.473512143 0.608842254 0.821799815
v -0.471682012 0.60975796 0.820020735
v -0.471458018 0.611968696 0.818466485
v -0.47297138 0.614179432 0.818047583
v -0.475335628 0.615095139 0.819009364
v -0.477165759 0.614179432 0.820788443
v -0.472771943 0.616468966 0.829409361
v -0.471258581 0.61425823 0.829828262
v -0.468894333 0.613342524 0.828866482
v -0.467064202 0.61425823 0.827087402
v -0.466840208 0.616468966 0.825533152
v -0.46835357 0.618679702 0.82511425
v -0.470717818 0.619595408 0.826076031
v -0.472547948 0.618679702 0.82785511
v -0.472587317 0.616468966 0.829666078
v -0.471459717 0.614015162 0.829419851
v -0.469363451 0.612998784 0.828032136
v -0.467526466 0.614015162 0.82631588
v -0.467024833 0.616468966 0.825276434
v -0.468152434 0.61892277 0.825522661
v -0.470248699 0.619939148 0.826910377
v -0.472085685 0.61892277 0.828626633
v -0.469010472 0.617657781 0.834198594
v -0.467882872 0.615203977 0.833952367
v -0.465786606 0.614187598 0.832564652
v -0.463949621 0.615203977 0.830848396
v -0.463447988 0.617657781 0.82980895
v -0.464575589 0.620111585 0.830055177
v -0.466671854 0.621127963 0.831442893
v -0.46850884 0.620111585 0.833159149
v -0.468448967 0.617657781 0.834765196
v -0.468830496 0.615530789 0.833127081
v -0.467688233 0.614649713 0.830830991
v -0.465691328 0.615530789 0.829221845
v -0.464009494 0.617657781 0.829242349
v -0.463627964 0.619784772 0.830880463
v -0.464770228 0.620665848 0.833176553
v -0.466767132 0.619784772 0.8347857
v -0.463307559 0.61355269 0.838898063
v -0.463689089 0.611425698 0.837259948
v -0.462546825 0.610544622 0.834963858
v -0.460549921 0.611425698 0.833354712
v -0.458868086 0.61355269 0.833375216
v -0.458486557 0.615679681 0.83501333
v -0.45962882 0.616560757 0.83730942
v -0.461625725 0.615679681 0.838918567
v -0.463521928 0.61355269 0.838711083
v -0.462128043 0.6112293 0.838600874
v -0.460124791 0.610266924 0.83704716
v -0.458685666 0.6112293 0.834960103
v -0.458653718 0.61355269 0.833562195
v -0.460047603 0.615876079 0.833672404
v -0.462050855 0.616838455 0.835226119
v -0.46348998 0.615876079 0.837313175
v -0.45629701 0.617563307 0.845542252
v -0.454903126 0.615239918 0.845432043
v -0.452899873 0.614277542 0.843878329
v -0.451460749 0.615239918 0.841791272
v -0.451428801 0.617563307 0.840393364
v -0.452822685 0.619886696 0.840503573
v -0.454825938 0.620849073 0.842057288
v -0.456265062 0.619886696 0.844144344
v -0.456727535 0.617563307 0.8450526
v -0.455405146 0.615196526 0.845106184
v -0.45317933 0.614216208 0.843907058
v -0.451353937 0.615196526 0.842157781
v -0.450998276 0.617563307 0.840883017
v -0.452320665 0.619930089 0.840829432
v -0.454546481 0.620910406 0.842028558
v -0.456371874 0.619930089 0.843777835
v -0.452852547 0.619848847 0.850377023
v -0.451530159 0.617482066 0.850430608
v -0.449304342 0.616501749 0.849231482
v -0.44747895 0.617482066 0.847482204
v -0.447123289 0.619848847 0.84620744
v -0.448445678 0.622215629 0.846153855
v -0.450671494 0.623195946 0.847352982
v -0.452496886 0.622215629 0.849102259
v -0.452207655 0.619848847 0.851053655
v -0.452589184 0.617721856 0.849415541
v -0.451446921 0.61684078 0.847119391
v -0.449449986 0.617721856 0.845510304
v -0.447768182 0.619848847 0.845530808
v -0.447386652 0.621975839 0.847168922
v -0.448528916 0.622856915 0.849465072
v -0.45052585 0.621975839 0.851074159
v -0.449648321 0.617805362 0.853110969
v -0.45002985 0.61567837 0.851472855
v -0.448887587 0.614797294 0.849176705
v -0.446890652 0.61567837 0.847567618
v -0.445208848 0.617805362 0.847588122
v -0.444827318 0.619932353 0.849226236
v -0.445969582 0.620813429 0.851522386
v -0.447966516 0.619932353 0.853131473
v -0.450042635 0.617805362 0.852741063
v -0.448457927 0.61561358 0.852935851
v -0.446270257 0.614705741 0.851615667
v -0.444761097 0.61561358 0.849553764
v -0.444814533 0.617805362 0.847958028
v -0.446399242 0.619997144 0.84776324
v -0.448586911 0.620904982 0.849083424
v -0.450096071 0.619997144 0.851145327
v -0.442137718 0.624288917 0.86138165
v -0.44055301 0.622097135 0.861576438
v -0.43836534 0.621189296 0.860256255
v -0.43685618 0.622097135 0.858194351
v -0.436909616 0.624288917 0.856598616
v -0.438494325 0.626480699 0.856403828
v -0.440681994 0.627388537 0.857724011
v -0.442191154 0.626480699 0.859785914
v -0.441473246 0.624288917 0.861948431
v -0.440821052 0.621785581 0.861135483
v -0.439408839 0.620748639 0.859065831
v -0.43806392 0.621785581 0.856951773
v -0.437574089 0.624288917 0.856031835
v -0.438226283 0.626792252 0.856844783
v -0.439638495 0.627829194 0.858914435
v -0.440983415 0.626792252 0.861028492
v -0.435449898 0.624569118 0.865917921
v -0.434797704 0.622065783 0.865104973
v -0.433385491 0.621028841 0.863035321
v -0.432040572 0.622065783 0.860921264
v -0.431550741 0.624569118 0.860001326
v -0.432202935 0.627072453 0.860814273
v -0.433615148 0.628109396 0.862883925
v -0.434960067 0.627072453 0.864997983
v -0.432506382 0.621168435 0.862959623
v -0.432174057 0.622346699 0.860540032
v -0.432618648 0.624826789 0.85953784
v -0.433579683 0.62715596 0.860540032
v -0.434494257 0.627969801 0.862959623
v -0.434826583 0.626791537 0.865379214
v -0.434381992 0.624311447 0.866381407
v -0.433420956 0.621982276 0.865379214
v -0.42945981 0.622058868 0.863811672
v -0.429127485 0.623237133 0.861392081
v -0.429572076 0.625717223 0.860389888
v -0.430533111 0.628046393 0.861392081
v -0.431447685 0.628860235 0.863811672
v -0.43178001 0.627681971 0.866231263
v -0.431335419 0.625201881 0.867233455
v -0.430374384 0.62287271 0.866231263
v -0.431967825 0.625459552 0.867014825
v -0.432090878 0.623033941 0.865808845
v -0.431254953 0.622029185 0.863432944
v -0.429949671 0.623033941 0.861278892
v -0.42893967 0.625459552 0.860608518
v -0.428816617 0.627885163 0.861814499
v -0.429652542 0.628889918 0.8641904
v -0.430957824 0.627885163 0.866344452
v -0.426502049 0.623897731 0.869598389
v -0.426625103 0.62147212 0.868392408
v -0.425789177 0.620467365 0.866016507
v -0.424483895 0.62147212 0.863862455
v -0.423473895 0.623897731 0.863192081
v -0.423350841 0.626323342 0.864398062
v -0.424186766 0.627328098 0.866773963
v -0.425492048 0.626323342 0.868928015
v -0.427240819 0.623897731 0.869129717
v -0.426090777 0.621474326 0.868732631
v -0.42429474 0.620470524 0.866966367
v -0.422904789 0.621474326 0.864865541
v -0.422735125 0.623897731 0.863660753
v -0.423885167 0.626321137 0.864057839
v -0.425681204 0.627324939 0.865824103
v -0.427071154 0.626321137 0.867924929
v -0.420678705 0.626126051 0.874536037
v -0.419528663 0.623702645 0.874138951
v -0.417732626 0.622698843 0.872372687
v -0.416342676 0.623702645 0.870271862
v -0.416173011 0.626126051 0.869067073
v -0.417323053 0.628549457 0.869464159
v -0.41911909 0.629553258 0.871230423
v -0.42050904 0.628549457 0.873331249
v -0.420146346 0.626126051 0.874898732
v -0.419905275 0.623638928 0.873845577
v -0.418797582 0.622608721 0.871595085
v -0.417472124 0.623638928 0.86946553
v -0.41670537 0.626126051 0.868704379
v -0.416946441 0.628613174 0.869757533
v -0.418054134 0.629643381 0.872008026
v -0.419379592 0.628613174 0.87413758
v -0.414473355 0.625341535 0.878050089
v -0.414232284 0.622854412 0.876996934
v -0.413124591 0.621824205 0.874746442
v -0.411799133 0.622854412 0.872616887
v -0.411032379 0.625341535 0.871855736
v -0.41127345 0.627828658 0.87290889
v -0.412381142 0.628858864 0.875159383
v -0.413706601 0.627828658 0.877288938
v -0.413075596 0.621813297 0.874952912
v -0.412981063 0.622846723 0.87244767
v -0.412752867 0.625341535 0.871409953
v -0.41252467 0.627836347 0.87244767
v -0.412430137 0.628869772 0.874952912
v -0.41252467 0.627836347 0.877458155
v -0.412752867 0.625341535 0.878495872
v -0.412981063 0.622846723 0.877458155
v -0.410373837 0.621566176 0.874952912
v -0.410279304 0.622599602 0.87244767
v -0.410051107 0.625094414 0.871409953
v -0.409822911 0.627589226 0.87244767
v -0.409728378 0.628622651 0.874952912
v -0.409822911 0.627589226 0.877458155
v -0.410051107 0.625094414 0.878495872
v -0.410279304 0.622599602 0.877458155
v -0.411461532 0.621844292 0.874952912
v -0.41027528 0.622460723 0.872593701
v -0.40895772 0.624619901 0.871616483
v -0.408280641 0.627057076 0.872593701
v -0.408640683 0.628344536 0.874952912
v -0.409826934 0.627728105 0.877312124
v -0.411144495 0.625568926 0.878289342
v -0.411821574 0.623131752 0.877312124
v -0.406220853 0.619570017 0.876993775
v -0.405034602 0.620186448 0.874634564
v -0.403717041 0.622345626 0.873657346
v -0.403039962 0.624782801 0.874634564
v -0.403400004 0.626070261 0.876993775
v -0.404586256 0.62545383 0.879352987
v -0.405903816 0.623294652 0.880330205
v -0.406580895 0.620857477 0.879352987
v -0.407335341 0.622820139 0.879479229
v -0.405838877 0.620559156 0.879520178
v -0.403739959 0.619622648 0.878081262
v -0.402268112 0.620559156 0.876005232
v -0.402285516 0.622820139 0.874508321
v -0.40378198 0.625081122 0.874467373
v -0.405880898 0.62601763 0.875906289
v -0.407352746 0.625081122 0.877982318
v -0.400060117 0.627769351 0.886869967
v -0.398563653 0.625508368 0.886910915
v -0.396464735 0.62457186 0.885472
v -0.394992888 0.625508368 0.88339597
v -0.395010293 0.627769351 0.881899059
v -0.396506757 0.630030334 0.88185811
v -0.398605675 0.630966842 0.883297026
v -0.400077522 0.630030334 0.885373056
v -0.39797613 0.627769351 0.887899935
v -0.397644758 0.625272393 0.886895657
v -0.397249222 0.624238133 0.884420395
v -0.397021204 0.625272393 0.881924093
v -0.39709428 0.627769351 0.880869091
v -0.397425652 0.630266309 0.881873369
v -0.397821188 0.631300569 0.884348631
v -0.398049206 0.630266309 0.886844933
v -0.395148128 0.628001988 0.888254642
v -0.394816756 0.62550503 0.887250364
v -0.39442122 0.62447077 0.884775102
v -0.394193202 0.62550503 0.8822788
v -0.394266278 0.628001988 0.881223798
v -0.39459765 0.630498946 0.882228076
v -0.394993186 0.631533206 0.884703338
v -0.395221204 0.630498946 0.88719964
v -0.393504322 0.624669492 0.88473922
v -0.393164545 0.625895381 0.882344425
v -0.393728465 0.628355265 0.881352484
v -0.394865692 0.630608261 0.882344425
v -0.395910084 0.631334484 0.88473922
v -0.396249861 0.630108595 0.887134016
v -0.395685941 0.627648711 0.888125956
v -0.394548714 0.625395715 0.887134016
v -0.387364626 0.626885653 0.886744738
v -0.38702485 0.628111541 0.884349942
v -0.387588769 0.630571425 0.883358002
v -0.388725996 0.632824421 0.884349942
v -0.389770389 0.633550644 0.886744738
v -0.390110165 0.632324755 0.889139533
v -0.389546245 0.629864872 0.890131474
v -0.388409019 0.627611876 0.889139533
v -0.390442193 0.630218148 0.889751077
v -0.38992703 0.627713203 0.888849378
v -0.388615459 0.626675665 0.886714816
v -0.387275815 0.627713203 0.884597778
v -0.386692822 0.630218148 0.883738399
v -0.387207985 0.632723093 0.884640098
v -0.388519555 0.633760631 0.886774659
v -0.3898592 0.632723093 0.888891697
v -0.384629965 0.630108893 0.893375456
v -0.384114802 0.627603948 0.892473757
v -0.382803231 0.62656641 0.890339196
v -0.381463587 0.627603948 0.888222158
v -0.380880594 0.630108893 0.887362778
v -0.381395757 0.632613838 0.888264477
v -0.382707328 0.633651376 0.890399039
v -0.384046972 0.632613838 0.892516077
v -0.382981867 0.626573205 0.890369117
v -0.382866293 0.627605617 0.887864351
v -0.382685691 0.630104423 0.886826873
v -0.382545859 0.632605851 0.887864351
v -0.382528692 0.633644581 0.890369117
v -0.382644266 0.632612169 0.892873883
v -0.382824868 0.630113363 0.893911362
v -0.3829647 0.627611935 0.892873883
v -0.377567112 0.626226187 0.890475929
v -0.377451539 0.627258599 0.887971163
v -0.377270937 0.629757404 0.886933684
v -0.377131104 0.632258832 0.887971163
v -0.377113938 0.633297563 0.890475929
v -0.377229512 0.632265151 0.892980695
v -0.377410114 0.629766345 0.894018173
v -0.377549946 0.627264917 0.892980695
v -0.378748238 0.629761875 0.893727243
v -0.379051566 0.627381086 0.892465115
v -0.378352582 0.626394928 0.890037715
v -0.377060741 0.627381086 0.887867093
v -0.375932813 0.629761875 0.887224615
v -0.375629485 0.632142663 0.888486743
v -0.376328468 0.633128822 0.890914142
v -0.37762031 0.632142663 0.893084764
v -0.373436093 0.627865791 0.896027267
v -0.373739421 0.625485003 0.894765139
v -0.373040438 0.624498844 0.892337739
v -0.371748596 0.625485003 0.890167117
v -0.370620668 0.627865791 0.889524639
v -0.37031734 0.63024658 0.890786767
v -0.371016324 0.631232738 0.893214166
v -0.372308165 0.63024658 0.895384789
v -0.372400433 0.627865791 0.896299303
v -0.372154593 0.625364304 0.895281792
v -0.371834815 0.624328196 0.892796397
v -0.371628433 0.625364304 0.890299022
v -0.371656328 0.627865791 0.889252603
v -0.371902168 0.630367279 0.890270114
v -0.372221947 0.631403387 0.892755508
v -0.372428328 0.630367279 0.895252883
v -0.366811216 0.62817502 0.896889508
v -0.366565377 0.625673532 0.895871997
v -0.366245598 0.624637425 0.893386602
v -0.366039217 0.625673532 0.890889227
v -0.366067111 0.62817502 0.889842808
v -0.366312951 0.630676508 0.890860319
v -0.36663273 0.631712615 0.893345714
v -0.366839111 0.630676508 0.895843089
v -0.368775278 0.625511348 0.893366158
v -0.367147297 0.625463843 0.891198099
v -0.365104496 0.627004504 0.890300035
v -0.36384353 0.629230797 0.891198099
v -0.364103049 0.630838692 0.893366158
v -0.365731031 0.630886197 0.895534217
v -0.367773831 0.629345536 0.896432281
v -0.369034797 0.627119243 0.895534217
v -0.366293997 0.623335183 0.895277023
v -0.364666015 0.623287678 0.893108964
v -0.362623215 0.624828339 0.892210901
v -0.361362249 0.627054632 0.893108964
v -0.361621767 0.628662527 0.895277023
v -0.363249749 0.628710032 0.897445083
v -0.365292549 0.627169371 0.898343146
v -0.366553515 0.624943078 0.897445083
v -0.362753808 0.622666776 0.895277023
v -0.362417549 0.623891652 0.892881274
v -0.362983614 0.626350939 0.891888916
v -0.364120394 0.628603935 0.892881274
v -0.365161955 0.629330933 0.895277023
v -0.365498215 0.628106058 0.897672772
v -0.36493215 0.62564677 0.89866513
v -0.36379537 0.623393774 0.897672772
v -0.356667846 0.624866009 0.897255599
v -0.356331587 0.626090884 0.89485985
v -0.356897652 0.628550172 0.893867493
v -0.358034432 0.630803168 0.89485985
v -0.359075993 0.631530166 0.897255599
v -0.359412253 0.63030529 0.899651349
v -0.358846188 0.627846003 0.900643706
v -0.357709408 0.625593007 0.899651349
v -0.358194649 0.62466985 0.897255599
v -0.358100146 0.625703275 0.894750357
v -0.35787192 0.628198087 0.89371264
v -0.357643694 0.630692899 0.894750357
v -0.357549191 0.631726325 0.897255599
v -0.357643694 0.630692899 0.899760842
v -0.35787192 0.628198087 0.900798559
v -0.358100146 0.625703275 0.899760842
v -0.352828085 0.624178946 0.897255599
v -0.352733582 0.625212371 0.894750357
v -0.352505356 0.627707183 0.89371264
v -0.35227713 0.630201995 0.894750357
v -0.352182627 0.631235421 0.897255599
v -0.35227713 0.630201995 0.899760842
v -0.352505356 0.627707183 0.900798559
v -0.352733582 0.625212371 0.899760842
v -0.353915811 0.624457061 0.897255599
v -0.352729529 0.625073493 0.894896388
v -0.351411939 0.627232671 0.89391917
v -0.35073486 0.629669845 0.894896388
v -0.351094902 0.630957305 0.897255599
v -0.352281183 0.630340874 0.899614811
v -0.353598773 0.628181696 0.900592029
v -0.354275852 0.625744522 0.899614811
v -0.348710924 0.622198284 0.899282575
v -0.347524643 0.622814715 0.896923363
v -0.346207052 0.624973893 0.895946145
v -0.345529974 0.627411067 0.896923363
v -0.345890015 0.628698528 0.899282575
v -0.347076297 0.628082097 0.901641786
v -0.348393887 0.625922918 0.902619004
v -0.349070966 0.623485744 0.901641786
v -0.346349597 0.622035444 0.899282575
v -0.346030772 0.623201489 0.896855295
v -0.346455723 0.625683784 0.895849884
v -0.347375512 0.628028154 0.896855295
v -0.348251343 0.628861368 0.899282575
v -0.348570168 0.627695322 0.901709855
v -0.348145217 0.625213027 0.902715266
v -0.347225428 0.622868657 0.901709855
v -0.340430707 0.623684466 0.900852203
v -0.340111881 0.624850512 0.898424923
v -0.340536833 0.627332807 0.897419512
v -0.341456622 0.629677176 0.898424923
v -0.342332453 0.63051039 0.900852203
v -0.342651278 0.629344344 0.903279483
v -0.342226326 0.626862049 0.904284894
v -0.341306537 0.624517679 0.903279483
v -0.338883638 0.624584854 0.900852203
v -0.338757038 0.626174033 0.898658633
v -0.34016785 0.628304124 0.89775008
v -0.342289627 0.629727304 0.898658633
v -0.343879521 0.629610002 0.900852203
v -0.344006121 0.628020823 0.903045774
v -0.342595309 0.625890732 0.903954327
v -0.340473533 0.624467552 0.903045774
v -0.331524879 0.631900787 0.90657711
v -0.331398278 0.633489966 0.90438354
v -0.332809091 0.635620058 0.903474987
v -0.334930867 0.637043238 0.90438354
v -0.336520761 0.636925936 0.90657711
v -0.336647362 0.635336757 0.90877068
v -0.335236549 0.633206666 0.909679234
v -0.333114773 0.631783485 0.90877068
v -0.336242527 0.634413362 0.909338534
v -0.336624086 0.63228637 0.907700419
v -0.335481852 0.631405294 0.905404329
v -0.333484918 0.63228637 0.903795183
v -0.331803113 0.634413362 0.903815687
v -0.331421554 0.636540353 0.905453801
v -0.332563788 0.637421429 0.907749891
v -0.334560722 0.636540353 0.909359038
v -0.333731413 0.632408381 0.911357045
v -0.334112972 0.630281389 0.909718931
v -0.332970738 0.629400313 0.907422841
v -0.330973804 0.630281389 0.905813694
v -0.329291999 0.632408381 0.905834198
v -0.32891044 0.634535372 0.907472312
v -0.330052674 0.635416448 0.909768403
v -0.332049608 0.634535372 0.911377549
v -0.333993196 0.632408381 0.911124408
v -0.332557827 0.630108237 0.911079049
v -0.330509633 0.629155457 0.909578919
v -0.329048455 0.630108237 0.90750283
v -0.329030216 0.632408381 0.906066835
v -0.330465585 0.634708524 0.906112194
v -0.332513779 0.635661304 0.907612324
v -0.333974957 0.634708524 0.909688413
v -0.32720831 0.636511087 0.917782366
v -0.325772941 0.634210944 0.917737007
v -0.323724747 0.633258164 0.916236877
v -0.322263569 0.634210944 0.914160788
v -0.32224533 0.636511087 0.912724793
v -0.323680699 0.638811231 0.912770152
v -0.325728893 0.639764011 0.914270282
v -0.327190071 0.638811231 0.916346371
v -0.326946527 0.636511087 0.918015003
v -0.327328086 0.634384096 0.916376889
v -0.326185852 0.63350302 0.914080739
v -0.324188948 0.634384096 0.912471652
v -0.322507113 0.636511087 0.912492156
v -0.322125554 0.638638079 0.91413027
v -0.323267788 0.639519155 0.91642642
v -0.325264692 0.638638079 0.918035507
v -0.324442089 0.634511411 0.92002815
v -0.324823648 0.632384419 0.918390036
v -0.323681414 0.631503344 0.916093886
v -0.32168451 0.632384419 0.914484799
v -0.320002675 0.634511411 0.914505303
v -0.319621116 0.636638403 0.916143417
v -0.32076335 0.637519479 0.918439567
v -0.322760254 0.636638403 0.920048654
v -0.324086547 0.634511411 0.920279622
v -0.323596984 0.632007062 0.919362247
v -0.322302163 0.630969703 0.917217374
v -0.320960611 0.632007062 0.915101409
v -0.320358217 0.634511411 0.914253831
v -0.32084778 0.63701576 0.915171206
v -0.322142601 0.638053119 0.917316079
v -0.323484153 0.63701576 0.919432044
v -0.318403602 0.634334385 0.923795879
v -0.317914039 0.631830037 0.922878504
v -0.316619217 0.630792677 0.920733631
v -0.315277666 0.631830037 0.918617666
v -0.314675272 0.634334385 0.917770088
v -0.315164834 0.636838734 0.918687463
v -0.316459656 0.637876093 0.920832336
v -0.317801207 0.636838734 0.922948301
v -0.318912953 0.634334385 0.923413396
v -0.317608386 0.631967425 0.923192859
v -0.315677643 0.630986989 0.921560645
v -0.314251721 0.631967425 0.919472873
v -0.31416592 0.634334385 0.918152571
v -0.315470487 0.636701345 0.918373108
v -0.31740123 0.637681782 0.920005322
v -0.318827152 0.636701345 0.922093093
v -0.312453955 0.637351274 0.929241657
v -0.311149389 0.634984314 0.92902112
v -0.309218645 0.634003878 0.927388906
v -0.307792723 0.634984314 0.925301135
v -0.307706922 0.637351274 0.923980832
v -0.309011489 0.639718235 0.924201369
v -0.310942233 0.640698671 0.925833583
v -0.312368155 0.639718235 0.927921355
v -0.311670333 0.637351274 0.929777443
v -0.311666638 0.634899914 0.928618133
v -0.310733765 0.633884549 0.926283181
v -0.309418172 0.634899914 0.924140453
v -0.308490545 0.637351274 0.923445046
v -0.30849424 0.639802635 0.924604356
v -0.309427112 0.640818 0.926939309
v -0.310742706 0.639802635 0.929082036
v -0.306281567 0.636079669 0.932483375
v -0.306277871 0.633628309 0.931324065
v -0.305344999 0.632612944 0.928989112
v -0.304029405 0.633628309 0.926846385
v -0.303101778 0.636079669 0.926150978
v -0.303105474 0.638531029 0.927310288
v -0.304038346 0.639546394 0.92964524
v -0.30535394 0.638531029 0.931787968
v -0.305051088 0.636079669 0.932841837
v -0.304816037 0.633577824 0.931822717
v -0.30450812 0.632541537 0.929335892
v -0.304307759 0.633577824 0.9268381
v -0.304332256 0.636079669 0.925792515
v -0.304567307 0.638581514 0.926811635
v -0.304875225 0.639617801 0.92929846
v -0.305075586 0.638581514 0.931796253
v -0.302301407 0.636223793 0.933122218
v -0.302066356 0.633721948 0.932103097
v -0.301758438 0.632685661 0.929616272
v -0.301558077 0.633721948 0.92711848
v -0.301582575 0.636223793 0.926072896
v -0.301817626 0.638725638 0.927092016
v -0.302125543 0.639761925 0.929578841
v -0.302325904 0.638725638 0.932076633
v -0.303766429 0.636223793 0.932634652
v -0.303348184 0.633722186 0.931675375
v -0.302106202 0.632686019 0.929498911
v -0.300768018 0.633722186 0.927380264
v -0.300117552 0.636223793 0.926560462
v -0.300535798 0.6387254 0.927519739
v -0.30177778 0.639761567 0.929696202
v -0.303115964 0.6387254 0.931814849
v -0.298163861 0.63586992 0.936000228
v -0.297745615 0.633368313 0.935040951
v -0.296503633 0.632332146 0.932864487
v -0.295165449 0.633368313 0.93074584
v -0.294514984 0.63586992 0.929926038
v -0.29493323 0.638371527 0.930885315
v -0.296175212 0.639407694 0.933061779
v -0.297513396 0.638371527 0.935180426
v -0.296339422 0.638871133 0.931080222
v -0.298555553 0.638612986 0.93262136
v -0.299473524 0.636748016 0.934362769
v -0.298555553 0.634368658 0.935284257
v -0.296339422 0.632868707 0.934846044
v -0.294123292 0.633126855 0.933304906
v -0.293205321 0.634991825 0.931563497
v -0.294123292 0.637371182 0.930642009
v -0.292428434 0.642813742 0.93736434
v -0.294644564 0.642555594 0.938905478
v -0.295562536 0.640690625 0.940646887
v -0.294644564 0.638311267 0.941568375
v -0.292428434 0.636811316 0.941130161
v -0.290212303 0.637069464 0.939589024
v -0.289294332 0.638934433 0.937847614
v -0.290212303 0.641313791 0.936926126
v -0.294651181 0.639812529 0.94200623
v -0.293560266 0.637371778 0.94155252
v -0.29180637 0.636360824 0.939748406
v -0.290416837 0.637371778 0.93765074
v -0.290205687 0.639812529 0.936488271
v -0.291296601 0.64225328 0.936941981
v -0.293050498 0.643264234 0.938746095
v -0.294440031 0.64225328 0.940843761
v -0.288562298 0.641622126 0.946911693
v -0.287471384 0.639181376 0.946457982
v -0.285717487 0.638170421 0.944653869
v -0.284327954 0.639181376 0.942556202
v -0.284116805 0.641622126 0.941393733
v -0.285207719 0.644062877 0.941847444
v -0.286961615 0.645073831 0.943651557
v -0.288351148 0.644062877 0.945749223
v -0.286957443 0.641622126 0.947641373
v -0.286392748 0.639147341 0.94668752
v -0.285796911 0.638122261 0.944248796
v -0.285518944 0.639147341 0.941753805
v -0.28572166 0.641622126 0.940664053
v -0.286286354 0.644096911 0.941617906
v -0.286882192 0.645121992 0.94405663
v -0.287160158 0.644096911 0.946551621
v -0.281349719 0.642518878 0.948634565
v -0.280785024 0.640044093 0.947680712
v -0.280189186 0.639019012 0.945241988
v -0.27991122 0.640044093 0.942746997
v -0.280113935 0.642518878 0.941657245
v -0.28067863 0.644993663 0.942611098
v -0.281274468 0.646018744 0.945049822
v -0.281552434 0.644993663 0.947544813
v -0.282387495 0.642518878 0.948278189
v -0.282269537 0.640048265 0.9471668
v -0.281250805 0.639024913 0.944871604
v -0.279928058 0.640048265 0.942737043
v -0.279076159 0.642518878 0.942013621
v -0.279194117 0.644989491 0.94312501
v -0.280212849 0.646012843 0.945420206
v -0.281535596 0.644989491 0.947554767
v -0.276987821 0.641492724 0.951132357
v -0.276869863 0.639022112 0.950020969
v -0.27585113 0.63799876 0.947725773
v -0.274528384 0.639022112 0.945591211
v -0.273676485 0.641492724 0.94486779
v -0.273794442 0.643963337 0.945979178
v -0.274813175 0.644986689 0.948274374
v -0.276135921 0.643963337 0.950408936
v -0.276786059 0.641492724 0.951230943
v -0.277014554 0.639092445 0.949990213
v -0.276257515 0.63809818 0.947583675
v -0.274958402 0.639092445 0.94542104
v -0.273878247 0.641492724 0.944769204
v -0.273649752 0.643893003 0.946009934
v -0.274406791 0.644887269 0.948416471
v -0.275705904 0.643893003 0.950579107
v -0.271550417 0.639776468 0.953586996
v -0.271778911 0.637376189 0.952346265
v -0.271021873 0.636381924 0.949939728
v -0.26972276 0.637376189 0.947777092
v -0.268642604 0.639776468 0.947125256
v -0.26841411 0.642176747 0.948365986
v -0.269171149 0.643171012 0.950772524
v -0.270470262 0.642176747 0.952935159
v -0.268844664 0.636462033 0.950356126
v -0.268521339 0.637693405 0.947961926
v -0.269120723 0.640145004 0.946970165
v -0.270291716 0.642380714 0.947961926
v -0.271348357 0.643090904 0.950356126
v -0.271671683 0.641859531 0.952750325
v -0.271072298 0.639407933 0.953742087
v -0.269901305 0.637172222 0.952750325
v -0.26589644 0.637575567 0.951326966
v -0.265573114 0.638806939 0.948932767
v -0.266172498 0.641258538 0.947941005
v -0.267343491 0.643494248 0.948932767
v -0.268400133 0.644204438 0.951326966
v -0.268723458 0.642973065 0.953721166
v -0.268124074 0.640521467 0.954712927
v -0.266953081 0.638285756 0.953721166
v -0.268558741 0.63763988 0.951326966
v -0.267372489 0.638256311 0.948967755
v -0.266054899 0.64041549 0.947990537
v -0.26537779 0.642852664 0.948967755
v -0.265737832 0.644140124 0.951326966
v -0.266924083 0.643523693 0.953686178
v -0.268241674 0.641364515 0.954663396
v -0.268918782 0.638927341 0.953686178
v -0.263443142 0.635419846 0.953319132
v -0.262256891 0.636036277 0.950959921
v -0.2609393 0.638195455 0.949982703
v -0.260262191 0.640632629 0.950959921
v -0.260622233 0.64192009 0.953319132
v -0.261808485 0.641303658 0.955678344
v -0.263126075 0.63914448 0.956655562
v -0.263803184 0.636707306 0.955678344
v -0.259703606 0.636000156 0.953319132
v -0.25952965 0.637529016 0.951086283
v -0.260821939 0.639726222 0.950161457
v -0.262823462 0.641304672 0.951086283
v -0.264361769 0.641339779 0.953319132
v -0.264535725 0.63981092 0.955551982
v -0.263243437 0.637613714 0.956476808
v -0.261241913 0.636035264 0.955551982
v -0.253015459 0.641834736 0.957835197
v -0.252841502 0.643363595 0.955602348
v -0.254133791 0.645560801 0.954677522
v -0.256135315 0.647139251 0.955602348
v -0.257673621 0.647174358 0.957835197
v -0.257847577 0.645645499 0.960068047
v -0.256555289 0.643448293 0.960992873
v -0.254553765 0.641869843 0.960068047
v -0.258767694 0.643590987 0.957835197
v -0.25785327 0.64418906 0.955353439
v -0.255469292 0.644971967 0.954325438
v -0.25301221 0.64548105 0.955353439
v -0.251921386 0.645418108 0.957835197
v -0.25283581 0.644820035 0.960316956
v -0.255219787 0.644037127 0.961344957
v -0.25767687 0.643528044 0.960316956
v -0.257180393 0.637643278 0.956986666
v -0.256265968 0.638241351 0.954504907
v -0.253881991 0.639024258 0.953476906
v -0.251424909 0.639533341 0.954504907
v -0.250334084 0.639470398 0.956986666
v -0.251248509 0.638872325 0.959468424
v -0.253632486 0.638089418 0.960496426
v -0.256089568 0.637580335 0.959468424
v -0.252006412 0.635476708 0.956986666
v -0.251708329 0.636839807 0.954661489
v -0.252610475 0.639208674 0.953698397
v -0.254184395 0.641195714 0.954661489
v -0.255508065 0.641636968 0.956986666
v -0.255806148 0.640273869 0.959311843
v -0.254904002 0.637905002 0.960274935
v -0.253330082 0.635917962 0.959311843
v -0.245861396 0.638969719 0.959822118
v -0.245563328 0.640332818 0.957496941
v -0.246465489 0.642701685 0.956533849
v -0.248039395 0.644688725 0.957496941
v -0.24936308 0.645129979 0.959822118
v -0.249661148 0.64376688 0.962147295
v -0.248758987 0.641398013 0.963110387
v -0.247185081 0.639410973 0.962147295
v -0.249022722 0.638799727 0.959822118
v -0.247836471 0.639416158 0.957462907
v -0.246518865 0.641575336 0.956485689
v -0.245841742 0.644012511 0.957462907
v -0.246201754 0.645299971 0.959822118
v -0.247388005 0.64468354 0.96218133
v -0.248705611 0.642524362 0.963158548
v -0.249382734 0.640087187 0.96218133
v -0.243920684 0.636585534 0.96180898
v -0.242734432 0.637201965 0.959449768
v -0.241416827 0.639361143 0.95847255
v -0.240739703 0.641798317 0.959449768
v -0.241099715 0.643085778 0.96180898
v -0.242285967 0.642469347 0.964168191
v -0.243603572 0.640310168 0.965145409
v -0.244280696 0.637872994 0.964168191
v -0.244600251 0.639835656 0.964669824
v -0.243726313 0.637351453 0.964023113
v -0.242139995 0.636322498 0.962079465
v -0.240770534 0.637351453 0.959977329
v -0.240420148 0.639835656 0.958948135
v -0.241294086 0.642319858 0.959594846
v -0.242880404 0.643348813 0.961538494
v -0.244249865 0.642319858 0.96364063
v -0.23881942 0.640769958 0.96889317
v -0.237945482 0.638285756 0.96824646
v -0.236359164 0.637256801 0.966302812
v -0.234989703 0.638285756 0.964200675
v -0.234639317 0.640769958 0.963171482
v -0.235513255 0.643254161 0.963818192
v -0.237099573 0.644283116 0.96576184
v -0.238469034 0.643254161 0.967863977
v -0.234674186 0.637884021 0.966032326
v -0.234429479 0.639332175 0.963752866
v -0.235532016 0.641622603 0.962808669
v -0.23733595 0.643413544 0.963752866
v -0.238784552 0.643655896 0.966032326
v -0.239029258 0.642207742 0.968311787
v -0.237926722 0.639917314 0.969255984
v -0.236122787 0.638126373 0.968311787
v -0.228358492 0.642381608 0.969567776
v -0.228113785 0.643829763 0.967288315
v -0.229216322 0.646120191 0.966344118
v -0.231020257 0.647911131 0.967288315
v -0.232468858 0.648153484 0.969567776
v -0.232713565 0.646705329 0.971847236
v -0.231611028 0.644414902 0.972791433
v -0.229807094 0.642623961 0.971847236
v -0.231782854 0.641999841 0.969567776
v -0.23058556 0.642623305 0.967215955
v -0.22928758 0.644795716 0.966241837
v -0.228649259 0.647244513 0.967215955
v -0.229044497 0.648535252 0.969567776
v -0.23024179 0.647911787 0.971919596
v -0.231539771 0.645739377 0.972893715
v -0.232178092 0.643290579 0.971919596
v -0.226683468 0.639863193 0.971597433
v -0.225486174 0.640486658 0.969245613
v -0.224188194 0.642659068 0.968271494
v -0.223549873 0.645107865 0.969245613
v -0.223945111 0.646398604 0.971597433
v -0.225142404 0.645775139 0.973949254
v -0.226440385 0.643602729 0.974923372
v -0.227078706 0.641153932 0.973949254
v -0.224143371 0.639787018 0.971597433
v -0.223828137 0.640996873 0.969191194
v -0.224383488 0.643456817 0.968194485
v -0.225484073 0.645725846 0.969191194
v -0.226485208 0.646474779 0.971597433
v -0.226800442 0.645264924 0.974003673
v -0.22624509 0.64280498 0.975000381
v -0.225144506 0.640535951 0.974003673
v -0.221259907 0.640796721 0.97248286
v -0.220944673 0.642006576 0.970076621
v -0.221500024 0.644466519 0.969079912
v -0.222600609 0.646735549 0.970076621
v -0.223601744 0.647484481 0.97248286
v -0.223916978 0.646274626 0.9748891
v -0.223361626 0.643814683 0.975885808
v -0.222261041 0.641545653 0.9748891
v -0.222610965 0.644140601 0.97602123
v -0.222603798 0.641635776 0.97498256
v -0.222495317 0.640598238 0.972479582
v -0.222349063 0.641635776 0.969978511
v -0.222250685 0.644140601 0.96894449
v -0.222257853 0.646645427 0.96998316
v -0.222366333 0.647682965 0.972486138
v -0.222512588 0.646645427 0.974987209
v -0.217291921 0.644043505 0.976292014
v -0.217284754 0.64153868 0.975253344
v -0.217176273 0.640501142 0.972750366
v -0.217030019 0.64153868 0.970249295
v -0.216931641 0.644043505 0.969215274
v -0.216938809 0.646548331 0.970253944
v -0.217047289 0.647585869 0.972756922
v -0.217193544 0.646548331 0.975257993
v -0.219081759 0.644043505 0.975698411
v -0.218415618 0.641540527 0.974895537
v -0.216985703 0.640503824 0.972837985
v -0.215629637 0.641540527 0.97073102
v -0.215141803 0.644043505 0.969808877
v -0.215807945 0.646546483 0.970611751
v -0.21723786 0.647583187 0.972669303
v -0.218593925 0.646546483 0.974776268
v -0.213488847 0.644331872 0.979439914
v -0.212822706 0.641828895 0.97863704
v -0.21139279 0.640792191 0.976579487
v -0.210036725 0.641828895 0.974472523
v -0.209548891 0.644331872 0.973550379
v -0.210215032 0.64683485 0.974353254
v -0.211644948 0.647871554 0.976410806
v -0.213001013 0.64683485 0.978517771
v -0.210485503 0.640942931 0.976495147
v -0.21017842 0.642121494 0.974072337
v -0.210656554 0.644594789 0.973068774
v -0.211639822 0.646914124 0.974072337
v -0.212552235 0.647720814 0.976495147
v -0.212859318 0.646542251 0.978917956
v -0.212381184 0.644068956 0.97992152
v -0.211397916 0.64174962 0.978917956
v -0.204803079 0.642675638 0.978058219
v -0.204495996 0.643854201 0.975635409
v -0.20497413 0.646327496 0.974631846
v -0.205957398 0.648646832 0.975635409
v -0.206869811 0.649453521 0.978058219
v -0.207176894 0.648274958 0.980481029
v -0.20669876 0.645801663 0.981484592
v -0.205715492 0.643482327 0.980481029
v -0.208056197 0.646064579 0.980819583
v -0.208437726 0.643937588 0.979181468
v -0.207295462 0.643056571 0.976885378
v -0.205298528 0.643937588 0.975276291
v -0.203616694 0.646064579 0.975296855
v -0.203235164 0.648191571 0.976934969
v -0.204377428 0.649072587 0.97923106
v -0.206374362 0.648191571 0.980840147
v -0.205599502 0.644102991 0.982794404
v -0.205981031 0.641975999 0.98115629
v -0.204838768 0.641094983 0.978860199
v -0.202841833 0.641975999 0.977251112
v -0.201159999 0.644102991 0.977271676
v -0.200778469 0.646229982 0.978909791
v -0.201920733 0.647110999 0.981205881
v -0.203917667 0.646229982 0.982814968
v -0.20355615 0.640564442 0.98003304
v -0.203432485 0.641597271 0.977528811
v -0.203277931 0.644097924 0.97649157
v -0.20318301 0.646601558 0.977528811
v -0.20320335 0.64764154 0.98003304
v -0.203327015 0.64660871 0.98253727
v -0.20348157 0.644108057 0.98357451
v -0.20357649 0.641604424 0.98253727
v -0.198284671 0.640301645 0.980184972
v -0.198161006 0.641334474 0.977680743
v -0.198006451 0.643835127 0.976643503
v -0.197911531 0.646338761 0.977680743
v -0.197931871 0.647378743 0.980184972
v -0.198055536 0.646345913 0.982689202
v -0.19821009 0.64384526 0.983726442
v -0.198305011 0.641341627 0.982689202
v -0.197124124 0.640436649 0.980184972
v -0.196821526 0.641604364 0.977756381
v -0.197272688 0.644081831 0.976750433
v -0.198213324 0.646417677 0.977756381
v -0.199092418 0.647243738 0.980184972
v -0.199395016 0.646076024 0.982613564
v -0.198943853 0.643598557 0.983619511
v -0.198003218 0.64126271 0.982613564
v -0.191479564 0.642068803 0.981673062
v -0.191176966 0.643236518 0.979244471
v -0.191628128 0.645713985 0.978238523
v -0.192568764 0.648049831 0.979244471
v -0.193447858 0.648875892 0.981673062
v -0.193750456 0.647708178 0.984101653
v -0.193299294 0.645230711 0.985107601
v -0.192358658 0.642894864 0.984101653
v -0.194285169 0.645472348 0.984711945
v -0.193882644 0.642971754 0.98374337
v -0.192648932 0.641936004 0.981562018
v -0.19130671 0.642971754 0.979445755
v -0.190642253 0.645472348 0.978634179
v -0.191044778 0.647972941 0.979602754
v -0.192278489 0.649008691 0.981784105
v -0.193620712 0.647972941 0.983900368
v -0.188865602 0.645086527 0.987960339
v -0.188463077 0.642585933 0.986991763
v -0.187229365 0.641550183 0.984810412
v -0.185887143 0.642585933 0.982694149
v -0.185222685 0.645086527 0.981882572
v -0.18562521 0.647587121 0.982851148
v -0.186858922 0.64862287 0.985032499
v -0.188201144 0.647587121 0.987148762
v -0.185834348 0.641756535 0.984921455
v -0.185521409 0.642974257 0.982518911
v -0.186100468 0.645429373 0.981523752
v -0.187232316 0.64768362 0.982518911
v -0.188253939 0.648416519 0.984921455
v -0.188566878 0.647198796 0.987323999
v -0.187987819 0.644743681 0.988319159
v -0.186855972 0.642489433 0.987323999
v -0.180122748 0.643831551 0.986717165
v -0.179809809 0.645049274 0.98431462
v -0.180388868 0.647504389 0.983319461
v -0.181520715 0.649758637 0.98431462
v -0.182542339 0.650491536 0.986717165
v -0.182855278 0.649273813 0.989119709
v -0.182276219 0.646818697 0.990114868
v -0.181144372 0.64456445 0.989119709
v -0.182774559 0.643925309 0.986717165
v -0.181597069 0.644536734 0.984352231
v -0.180264622 0.646685719 0.983372688
v -0.179557756 0.649113417 0.984352231
v -0.179890528 0.650397778 0.986717165
v -0.181068018 0.649786353 0.989082098
v -0.182400465 0.647637367 0.990061641
v -0.183107331 0.64520967 0.989082098
v -0.177728206 0.641676724 0.988648415
v -0.176550716 0.642288148 0.986283481
v -0.175218269 0.644437134 0.985303938
v -0.174511403 0.646864831 0.986283481
v -0.174844176 0.648149192 0.988648415
v -0.176021665 0.647537768 0.991013348
v -0.177354112 0.645388782 0.991992891
v -0.178060979 0.642961085 0.991013348
v -0.179688677 0.64392519 0.988648415
v -0.178780362 0.644518495 0.986163259
v -0.176410988 0.645342827 0.985133827
v -0.173968524 0.645915389 0.986163259
v -0.172883704 0.645900726 0.988648415
v -0.173792019 0.645307422 0.991133571
v -0.176161394 0.644483089 0.992163002
v -0.178603858 0.643910527 0.991133571
v -0.177981749 0.63804549 0.987868607
v -0.177073434 0.638638794 0.985383451
v -0.17470406 0.639463127 0.984354019
v -0.172261596 0.640035689 0.985383451
v -0.171176776 0.640021026 0.987868607
v -0.172085091 0.639427722 0.990353763
v -0.174454466 0.638603389 0.991383195
v -0.17689693 0.638030827 0.990353763
v -0.172189847 0.636417329 0.987868607
v -0.172642171 0.637409568 0.985385895
v -0.17422922 0.639352977 0.984357536
v -0.176021323 0.641109109 0.985385895
v -0.176968679 0.641649187 0.987868607
v -0.176516354 0.640656948 0.990351319
v -0.174929306 0.638713539 0.991379678
v -0.173137203 0.636957407 0.990351319
v -0.165981099 0.642088413 0.989004016
v -0.166433424 0.643080652 0.986521304
v -0.168020472 0.645024061 0.985492945
v -0.169812575 0.646780193 0.986521304
v -0.170759931 0.647320271 0.989004016
v -0.170307606 0.646328032 0.991486728
v -0.168720558 0.644384623 0.992515087
v -0.166928455 0.642628491 0.991486728
v -0.167108372 0.64139384 0.989004016
v -0.166795552 0.642623663 0.986607611
v -0.167405322 0.645072341 0.985614955
v -0.168580487 0.647305429 0.986607611
v -0.169632658 0.648014843 0.989004016
v -0.169945478 0.646785021 0.991400421
v -0.169335708 0.644336343 0.992393076
v -0.168160543 0.642103255 0.991400421
v -0.161405265 0.643568158 0.990864336
v -0.161092445 0.644797981 0.988467932
v -0.161702216 0.647246659 0.987475276
v -0.162877381 0.649479747 0.988467932
v -0.163929552 0.650189161 0.990864336
v -0.164242372 0.648959339 0.993260741
v -0.163632601 0.646510661 0.994253397
v -0.162457436 0.644277573 0.993260741
v -0.162667409 0.649652898 0.988660634
v -0.164988145 0.649427295 0.990045011
v -0.165949419 0.647708714 0.991909325
v -0.164988145 0.645503938 0.9931615
v -0.162667409 0.644104421 0.993068039
v -0.160346672 0.644330025 0.991683662
v -0.159385398 0.646048605 0.989819348
v -0.160346672 0.648253381 0.988567173
v -0.158764854 0.655622423 0.996175706
v -0.161085591 0.655396819 0.997560084
v -0.162046865 0.653678238 0.999424398
v -0.161085591 0.651473463 1.00067651
v -0.158764854 0.650073946 1.00058305
v -0.156444117 0.650299549 0.999198735
v -0.155482844 0.65201813 0.997334421
v -0.156444117 0.654222906 0.996082246
v -0.162208751 0.652016222 0.998379409
v -0.161070183 0.651722312 0.995935977
v -0.158581182 0.652087867 0.99492389
v -0.156199783 0.652898848 0.995935977
v -0.155320957 0.653680146 0.998379409
v -0.156459525 0.653974056 1.0008229
v -0.158948526 0.653608501 1.00183499
v -0.161329925 0.65279752 1.0008229
v -0.16052869 0.645061493 0.999998927
v -0.159390122 0.644767582 0.997555494
v -0.156901121 0.645133138 0.996543407
v -0.154519722 0.645944118 0.997555494
v -0.153640896 0.646725416 0.999998927
v -0.154779464 0.647019327 1.00244236
v -0.157268465 0.646653771 1.00345445
v -0.159649864 0.645842791 1.00244236
v -0.157084793 0.648731172 0.997877657
v -0.159384623 0.648494899 0.999294698
v -0.16033724 0.646734715 1.00112426
v -0.159384623 0.644481719 1.00229466
v -0.157084793 0.643055737 1.00212026
v -0.154784963 0.64329201 1.0007031
v -0.153832346 0.645052195 0.998873532
v -0.154784963 0.647305191 0.997703195
v -0.153350979 0.653906107 1.00480032
v -0.155650809 0.653669834 1.00621748
v -0.156603426 0.651909649 1.00804698
v -0.155650809 0.649656653 1.00921738
v -0.153350979 0.648230672 1.00904298
v -0.151051149 0.648466945 1.00762582
v -0.150098532 0.650227129 1.00579631
v -0.151051149 0.652480125 1.00462592
v -0.155128449 0.648003578 1.00692165
v -0.154055327 0.64858079 1.0044992
v -0.152569607 0.650615215 1.00349581
v -0.151541606 0.65291512 1.0044992
v -0.151573509 0.654133201 1.00692165
v -0.152646631 0.653555989 1.0093441
v -0.154132351 0.651521564 1.01034749
v -0.155160353 0.649221659 1.0093441
v -0.150222331 0.645158231 1.00841701
v -0.149149209 0.645735443 1.00599456
v -0.147663489 0.647769868 1.00499117
v -0.146635488 0.650069773 1.00599456
v -0.146667391 0.651287854 1.00841701
v -0.147740513 0.650710642 1.01083946
v -0.149226233 0.648676217 1.01184285
v -0.150254235 0.646376312 1.01083946
v -0.150113508 0.648223042 1.01154244
v -0.149980411 0.645750463 1.01043713
v -0.14894782 0.644726276 1.00814843
v -0.147620603 0.645750463 1.00601709
v -0.146776214 0.648223042 1.00529158
v -0.146909311 0.650695622 1.00639689
v -0.147941902 0.651719809 1.00868559
v -0.149269119 0.650695622 1.01081693
v -0.144872621 0.647254348 1.01434052
v -0.144739524 0.644781768 1.01323521
v -0.143706933 0.643757582 1.01094651
v -0.142379716 0.644781768 1.00881517
v -0.141535327 0.647254348 1.00808966
v -0.141668424 0.649726927 1.00919497
v -0.142701015 0.650751114 1.01148367
v -0.144028232 0.649726927 1.01361501
v -0.14563857 0.644680381 1.01121509
v -0.144803345 0.645318747 1.00871551
v -0.143031225 0.647090971 1.00768018
v -0.141360298 0.648958862 1.00871551
v -0.140769377 0.649828315 1.01121509
v -0.141604602 0.649189949 1.01371467
v -0.143376723 0.647417724 1.01475
v -0.14504765 0.645549834 1.01371467
v -0.140999794 0.640292764 1.0116446
v -0.140164569 0.640931129 1.00914502
v -0.138392448 0.642703354 1.00810969
v -0.136721522 0.644571245 1.00914502
v -0.136130601 0.645440698 1.0116446
v -0.136965826 0.644802332 1.01414418
v -0.138737947 0.643030107 1.01517951
v -0.140408874 0.641162217 1.01414418
v -0.138786867 0.642866731 1.01518059
v -0.138720468 0.640361488 1.01414502
v -0.138563126 0.639323771 1.01164472
v -0.138406992 0.640361488 1.00914431
v -0.138343528 0.642866731 1.00810862
v -0.138409927 0.645371974 1.00914419
v -0.138567269 0.64640969 1.01164448
v -0.138723403 0.645371974 1.0141449
v -0.136153072 0.64286828 1.01534569
v -0.136086673 0.640363038 1.01431012
v -0.135929331 0.639325321 1.01180983
v -0.135773197 0.640363038 1.00930941
v -0.135709733 0.64286828 1.00827372
v -0.135776132 0.645373523 1.00930929
v -0.135933474 0.64641124 1.01180959
v -0.136089608 0.645373523 1.01431
v -0.134558618 0.639602065 1.01180971
v -0.134254321 0.64085561 1.00942457
v -0.134932443 0.643288136 1.00843656
v -0.136195734 0.645474732 1.00942457
v -0.137304187 0.646134496 1.01180971
v -0.137608483 0.64488095 1.01419485
v -0.136930361 0.642448425 1.01518285
v -0.135667071 0.640261829 1.01419485
v -0.128884926 0.641986728 1.01378679
v -0.12858063 0.643240273 1.01140165
v -0.129258752 0.645672798 1.01041365
v -0.130522043 0.647859395 1.01140165
v -0.131630495 0.648519158 1.01378679
v -0.131934792 0.647265613 1.01617193
v -0.13125667 0.644833088 1.01715994
v -0.129993379 0.642646492 1.01617193
v -0.124612786 0.654533505 1.02267814
v -0.123516478 0.655115187 1.02026713
v -0.122063085 0.657175183 1.01926851
v -0.121103987 0.659506679 1.02026713
v -0.121201016 0.660743952 1.02267814
v -0.122297324 0.66016227 1.02508914
v -0.123750716 0.658102274 1.02608776
v -0.124709815 0.655770779 1.02508914
v -0.11970593 0.651837885 1.02425897
v -0.118609622 0.652419567 1.02184796
v -0.11715623 0.654479563 1.02084935
v -0.116197132 0.656811059 1.02184796
v -0.11629416 0.658048332 1.02425897
v -0.117390469 0.65746665 1.02666998
v -0.118843861 0.655406654 1.0276686
v -0.119802959 0.653075159 1.02666998
v -0.12072169 0.652674794 1.02425897
v -0.119343638 0.65264219 1.02192378
v -0.11717853 0.653957427 1.02095652
v -0.115494654 0.655850053 1.02192378
v -0.1152784 0.657211423 1.02425897
v -0.116656452 0.657244027 1.02659416
v -0.118821561 0.655928791 1.02756143
v -0.120505437 0.654036164 1.02659416
v -0.11843548 0.649931669 1.02564645
v -0.117057428 0.649899065 1.02331126
v -0.114892319 0.651214302 1.02234399
v -0.113208443 0.653106928 1.02331126
v -0.11299219 0.654468298 1.02564645
v -0.114370242 0.654500902 1.02798164
v -0.116535351 0.653185666 1.0289489
v -0.118219227 0.651293039 1.02798164
v -0.116048194 0.652199984 1.02917361
v -0.115830496 0.649697602 1.02815187
v -0.115544461 0.648661137 1.02566254
v -0.115357637 0.649697602 1.02316368
v -0.115379475 0.652199984 1.02211928
v -0.115597174 0.654702365 1.02314103
v -0.115883209 0.655738831 1.02563035
v -0.116070032 0.654702365 1.02812922
v -0.11077667 0.652454555 1.02967334
v -0.110558972 0.649952173 1.0286516
v -0.110272937 0.648915708 1.02616227
v -0.110086113 0.649952173 1.0236634
v -0.110107951 0.652454555 1.02261901
v -0.110325649 0.654956937 1.02364075
v -0.110611685 0.655993402 1.02613008
v -0.110798508 0.654956937 1.02862895
v -0.112253219 0.649409354 1.02614617
v -0.112328961 0.650661767 1.0237422
v -0.11129953 0.652964294 1.02274644
v -0.109767951 0.654968262 1.0237422
v -0.108631402 0.655499756 1.02614617
v -0.10855566 0.654247344 1.02855015
v -0.109585091 0.651944816 1.0295459
v -0.11111667 0.649940848 1.02855015
v -0.107482962 0.64657259 1.02451801
v -0.107558705 0.647825003 1.02211404
v -0.106529273 0.65012753 1.02111828
v -0.104997694 0.652131498 1.02211404
v -0.103861146 0.652662992 1.02451801
v -0.103785403 0.65141058 1.02692199
v -0.104814835 0.649108052 1.02791774
v -0.106346413 0.647104084 1.02692199
v -0.107491627 0.646577775 1.02451801
v -0.107567176 0.647832394 1.02211523
v -0.106532589 0.650132835 1.02111995
v -0.10499391 0.652131617 1.02211523
v -0.103852481 0.652657807 1.02451801
v -0.103776932 0.651403189 1.0269208
v -0.104811519 0.649102747 1.02791607
v -0.106350198 0.647103965 1.0269208
v -0.102714516 0.643718481 1.02287483
v -0.102790065 0.644973099 1.02047205
v -0.101755477 0.64727354 1.01947677
v -0.100216798 0.649272323 1.02047205
v -0.0990753695 0.649798512 1.02287483
v -0.0989998206 0.648543894 1.02527761
v -0.100034408 0.646243453 1.02627289
v -0.101573087 0.644244671 1.02527761
v -0.0986794084 0.643993735 1.02287483
v -0.0992136449 0.644895375 1.02037394
v -0.100732766 0.646888435 1.01933801
v -0.10234689 0.64880538 1.02037394
v -0.103110477 0.649523258 1.02287483
v -0.102576241 0.648621619 1.02537572
v -0.10105712 0.646628559 1.02641165
v -0.0994429961 0.644711614 1.02537572
v -0.0928184986 0.648690343 1.02331614
v -0.093352735 0.649591982 1.02081525
v -0.0948718563 0.651585042 1.01977932
v -0.0964859799 0.653501987 1.02081525
v -0.0972495675 0.654219866 1.02331614
v -0.0967153311 0.653318226 1.02581704
v -0.0951962098 0.651325166 1.02685297
v -0.0935820863 0.649408221 1.02581704
v -0.0950340331 0.649525881 1.02628779
v -0.0973517224 0.649293244 1.02489948
v -0.0983117372 0.650326908 1.02258372
v -0.0973517224 0.652021527 1.020697
v -0.0950340331 0.653384328 1.0203445
v -0.0927163437 0.653616965 1.02173281
v -0.0917563289 0.652583301 1.02404857
v -0.0927163437 0.650888681 1.02593529
v -0.0910617337 0.641406894 1.02101696
v -0.093379423 0.641174257 1.01962864
v -0.0943394378 0.642207921 1.01731288
v -0.093379423 0.64390254 1.01542616
v -0.0910617337 0.645265341 1.01507366
v -0.0887440443 0.645497978 1.01646197
v -0.0877840295 0.644464314 1.01877773
v -0.0887440443 0.642769694 1.02066445
v -0.0937627479 0.643336117 1.02033818
v -0.093028672 0.640832424 1.01959944
v -0.0911423862 0.639795363 1.0179503
v -0.0892088562 0.640832424 1.01635683
v -0.0883607194 0.643336117 1.01575243
v -0.0890947953 0.64583981 1.01649117
v -0.0909810811 0.646876872 1.01814032
v -0.0929146111 0.64583981 1.01973379
v -0.091058135 0.643189013 1.02352428
v -0.0903240591 0.64068532 1.02278554
v -0.0884377733 0.639648259 1.0211364
v -0.0865042433 0.64068532 1.01954293
v -0.0856561065 0.643189013 1.01893854
v -0.0863901824 0.645692706 1.01967728
v -0.0882764682 0.646729767 1.02132642
v -0.0902099982 0.645692706 1.02291989
v -0.0883571208 0.646209717 1.01937997
v -0.0908507109 0.645451128 1.02012801
v -0.0918835923 0.64336741 1.02152252
v -0.0908507109 0.641179204 1.02274644
v -0.0883571208 0.640168309 1.02308285
v -0.0858635306 0.640926898 1.02233481
v -0.0848306492 0.643010616 1.0209403
v -0.0858635306 0.645198822 1.01971638
v -0.0871363357 0.652799428 1.0301311
v -0.0896299258 0.652040839 1.03087914
v -0.0906628072 0.64995712 1.03227365
v -0.0896299258 0.647768915 1.03349757
v -0.0871363357 0.64675802 1.03383398
v -0.0846427456 0.647516608 1.03308594
v -0.0836098641 0.649600327 1.03169143
v -0.0846427456 0.651788533 1.03046751
v -0.0852192789 0.646799207 1.03198254
v -0.0849688575 0.648194313 1.02967083
v -0.0859881118 0.650517523 1.02871323
v -0.0876799822 0.652407944 1.02967083
v -0.0890533924 0.652758241 1.03198254
v -0.0893038139 0.651363134 1.03429425
v -0.0882845595 0.649039924 1.03525186
v -0.0865926892 0.647149503 1.03429425
v -0.0823276788 0.648659706 1.03341854
v -0.0820772573 0.650054812 1.03110683
v -0.0830965117 0.652378023 1.03014922
v -0.0847883821 0.654268444 1.03110683
v -0.0861617923 0.65461874 1.03341854
v -0.0864122137 0.653223634 1.03573024
v -0.0853929594 0.650900424 1.03668785
v -0.083701089 0.649010003 1.03573024
v -0.0842447355 0.64969784 1.0363822
v -0.0866572931 0.649701655 1.03514421
v -0.0876566097 0.650840521 1.03289533
v -0.0866572931 0.652447224 1.03095293
v -0.0842447355 0.653580606 1.03045487
v -0.0818321779 0.653576791 1.03169286
v -0.0808328614 0.652437925 1.03394175
v -0.0818321779 0.650831223 1.03588414
v -0.0806467682 0.638943315 1.02933729
v -0.0830593258 0.638947129 1.0280993
v -0.0840586424 0.640085995 1.02585042
v -0.0830593258 0.641692698 1.02390802
v -0.0806467682 0.64282608 1.02340996
v -0.0782342106 0.642822266 1.02464795
v -0.077234894 0.6416834 1.02689683
v -0.0782342106 0.640076697 1.02883923
v -0.0806467682 0.643501103 1.02398467
v -0.0831370056 0.642919481 1.02488673
v -0.0841684937 0.641145885 1.02665973
v -0.0831370056 0.639219284 1.02826512
v -0.0806467682 0.638268292 1.02876258
v -0.0781565309 0.638849914 1.02786052
v -0.0771250427 0.64062351 1.02608752
v -0.0781565309 0.642550111 1.02448213
v -0.0794129223 0.65106523 1.03226924
v -0.0819031596 0.650483608 1.0331713
v -0.0829346478 0.648710012 1.0349443
v -0.0819031596 0.646783412 1.03654969
v -0.0794129223 0.645832419 1.03704715
v -0.0769226849 0.646414042 1.03614509
v -0.0758911967 0.648187637 1.03437209
v -0.0769226849 0.650114238 1.0327667
v -0.0820324644 0.648448825 1.03704369
v -0.0804863572 0.646226645 1.03720033
v -0.0783114433 0.64530617 1.03586769
v -0.0767817572 0.646226645 1.03382671
v -0.0767933801 0.648448825 1.0322727
v -0.0783394873 0.650671005 1.03211606
v -0.0805144012 0.65159148 1.0334487
v -0.0820440874 0.650671005 1.03548968
v -0.0760403872 0.653081536 1.04362369
v -0.0744942799 0.650859356 1.04378033
v -0.072319366 0.649938881 1.04244769
v -0.0707896799 0.650859356 1.0404067
v -0.0708013028 0.653081536 1.03885269
v -0.07234741 0.655303717 1.03869605
v -0.0745223239 0.656224191 1.04002869
v -0.0760520101 0.655303717 1.04206967
v -0.0761818811 0.650861323 1.04123819
v -0.0748373717 0.650845289 1.03888333
v -0.0726630762 0.652139187 1.03790796
v -0.0709326714 0.653985083 1.03888333
v -0.0706598088 0.65530175 1.04123819
v -0.0720043182 0.655317783 1.04359305
v -0.0741786137 0.654023886 1.04456842
v -0.0759090185 0.652177989 1.04359305
v -0.0739053041 0.648030162 1.04255736
v -0.0725607947 0.648014128 1.0402025
v -0.0703864992 0.649308026 1.03922713
v -0.0686560944 0.651153922 1.0402025
v -0.0683832318 0.652470589 1.04255736
v -0.0697277412 0.652486622 1.04491222
v -0.0719020367 0.651192725 1.04588759
v -0.0736324415 0.649346828 1.04491222
v -0.07302735 0.647249281 1.04255736
v -0.0730949789 0.648516774 1.04016113
v -0.0720199049 0.650799811 1.0391686
v -0.0704318956 0.652760983 1.04016113
v -0.0692611858 0.653251469 1.04255736
v -0.0691935569 0.651983976 1.04495358
v -0.070268631 0.64970094 1.04594612
v -0.0718566403 0.647739768 1.04495358
v -0.0682612807 0.644258738 1.04084098
v -0.0683289096 0.64552623 1.03844476
v -0.0672538355 0.647809267 1.03745222
v -0.0656658262 0.649770439 1.03844476
v -0.0644951165 0.650260925 1.04084098
v -0.0644274876 0.648993433 1.04323721
v -0.0655025616 0.646710396 1.04422975
v -0.0670905709 0.644749224 1.04323721
v -0.0663781986 0.646064878 1.04417634
v -0.068753615 0.645665467 1.04293096
v -0.0697375461 0.646200001 1.0404613
v -0.068753615 0.647355437 1.03821409
v -0.0663781986 0.648454785 1.03750563
v -0.0640027821 0.648854196 1.03875101
v -0.063018851 0.648319662 1.04122066
v -0.0640027821 0.647164226 1.04346788
v -0.0625992417 0.635449111 1.04037297
v -0.0649746582 0.635049701 1.03912759
v -0.0659585893 0.635584235 1.03665793
v -0.0649746582 0.636739671 1.03441072
v -0.0625992417 0.637839019 1.03370225
v -0.0602238253 0.63823843 1.03494763
v -0.0592398979 0.637703896 1.03741729
v -0.0602238253 0.63654846 1.03966451
v -0.0599287115 0.634315789 1.03703761
v -0.0603659227 0.635393381 1.03458798
v -0.0621113852 0.637203634 1.03357327
v -0.0641426295 0.638686061 1.03458798
v -0.0652697757 0.638972342 1.03703761
v -0.0648325607 0.63789475 1.03948724
v -0.0630870983 0.636084497 1.04050195
v -0.0610558577 0.63460207 1.03948724
v -0.0538083725 0.641335845 1.03903341
v -0.0542455837 0.642413437 1.03658378
v -0.0559910461 0.64422369 1.03556907
v -0.0580222867 0.645706117 1.03658378
v -0.0591494329 0.645992398 1.03903341
v -0.0587122217 0.644914806 1.04148304
v -0.0569667593 0.643104553 1.04249775
v -0.0549355187 0.641622126 1.04148304
v -0.0540645421 0.641071141 1.03903341
v -0.0552611127 0.641374886 1.03661907
v -0.0571710467 0.643019676 1.03561902
v -0.058675535 0.645041883 1.03661907
v -0.0588932633 0.646257102 1.03903341
v -0.0576966926 0.645953357 1.04144776
v -0.0557867587 0.644308567 1.04244781
v -0.0542822704 0.64228636 1.04144776
v -0.0511667058 0.643769383 1.03793669
v -0.0523632765 0.644073129 1.03552234
v -0.0542732105 0.645717919 1.03452229
v -0.0557776988 0.647740126 1.03552234
v -0.0559954271 0.648955345 1.03793669
v -0.0547988564 0.6486516 1.04035103
v -0.0528889224 0.64700681 1.04135108
v -0.0513844341 0.644984603 1.04035103
v -0.0535810664 0.644012868 1.03528488
v -0.055749055 0.645640671 1.03522897
v -0.056647066 0.64769125 1.03675926
v -0.055749055 0.648963392 1.03897929
v -0.0535810664 0.64871186 1.0405885
v -0.0514130779 0.647084057 1.04064441
v -0.0505150668 0.645033479 1.03911412
v -0.0514130779 0.643761337 1.03689408
v -0.0506063066 0.647857904 1.03187823
v -0.0527742952 0.649485707 1.03182232
v -0.0536723062 0.651536286 1.03335261
v -0.0527742952 0.652808428 1.03557265
v -0.0506063066 0.652556896 1.03718185
v -0.0484383181 0.650929093 1.03723776
v -0.047540307 0.648878515 1.03570747
v -0.0484383181 0.647606373 1.03348744
v -0.0493037365 0.662881732 1.04435682
v -0.0483294167 0.66324532 1.04185247
v -0.0460330844 0.664247274 1.04081511
v -0.0437599011 0.665300727 1.04185247
v -0.042841468 0.665788531 1.04435682
v -0.0438157879 0.665424943 1.04686117
v -0.0461121202 0.664422989 1.04789853
v -0.0483853035 0.663369536 1.04686117
v -0.0452135243 0.653788447 1.04462802
v -0.0442392044 0.654152036 1.04212368
v -0.0419428721 0.65515399 1.04108632
v -0.0396696888 0.656207442 1.04212368
v -0.0387512557 0.656695247 1.04462802
v -0.0397255756 0.656331658 1.04713237
v -0.0420219079 0.655329704 1.04816973
v -0.0442950912 0.654276252 1.04713237
v -0.0455012992 0.655653954 1.04462802
v -0.0444876105 0.655388296 1.04212701
v -0.0420063958 0.655036867 1.04109108
v -0.0395111181 0.654805481 1.04212701
v -0.0384634808 0.654829741 1.04462802
v -0.0394771695 0.655095398 1.04712903
v -0.0419583842 0.655446827 1.04816496
v -0.0444536619 0.655678213 1.04712903
v -0.0459893905 0.651486218 1.04487288
v -0.0449757017 0.65122056 1.04237187
v -0.042494487 0.650869131 1.04133594
v -0.0399992093 0.650637746 1.04237187
v -0.038951572 0.650662005 1.04487288
v -0.0399652608 0.650927663 1.04737389
v -0.0424464755 0.651279092 1.04840982
v -0.0449417531 0.651510477 1.04737389
v -0.0457882583 0.649831176 1.04487288
v -0.0448665246 0.650328755 1.04237163
v -0.0425412171 0.651262939 1.0413357
v -0.0401744768 0.652086496 1.04237163
v -0.0391527042 0.652317047 1.04487288
v -0.0400744379 0.651819468 1.04737413
v -0.0423997454 0.650885284 1.04841006
v -0.0447664857 0.650061727 1.04737413
v -0.0438242406 0.644588649 1.04455376
v -0.0429025069 0.645086229 1.04205251
v -0.0405771993 0.646020412 1.04101658
v -0.0382104591 0.64684397 1.04205251
v -0.0371886864 0.647074521 1.04455376
v -0.0381104201 0.646576941 1.04705501
v -0.0404357277 0.645642757 1.04809093
v -0.0428024679 0.6448192 1.04705501
v -0.0430859961 0.643402874 1.04455376
v -0.0430302322 0.644857466 1.04226589
v -0.0414960794 0.646882653 1.0413183
v -0.039382223 0.648292184 1.04226589
v -0.0379269309 0.648260295 1.04455376
v -0.0379826948 0.646805704 1.04684162
v -0.0395168476 0.644780517 1.04778922
v -0.041630704 0.643370986 1.04684162
v -0.0408098511 0.64098537 1.04307222
v -0.0407540873 0.642439961 1.04078436
v -0.0392199345 0.644465148 1.03983676
v -0.0371060781 0.645874679 1.04078436
v -0.035650786 0.645842791 1.04307222
v -0.0357065499 0.644388199 1.04536009
v -0.0372407027 0.642363012 1.04630768
v -0.039354559 0.640953481 1.04536009
f 1 2 10
f 1 10 9
f 2 3 11
f 2 11 10
f 3 4 12
f 3 12 11
f 4 5 13
f 4 13 12
f 5 6 14
f 5 14 13
f 6 7 15
f 6 15 14
f 7 8 16
f 7 16 15
f 8 1 9
f 8 9 16
f 1 3 2
f 9 10 11
f 1 4 3
f 9 11 12
f 1 5 4
f 9 12 13
f 1 6 5
f 9 13 14
f 1 7 6
f 9 14 15
f 1 8 7
f 9 15 16
f 17 18 26
f 17 26 25
f 18 19 27
f 18 27 26
f 19 20 28
f 19 28 27
f 20 21 29
f 20 29 28
f 21 22 30
f 21 30 29
f 22 23 31
f 22 31 30
f 23 24 32
f 23 32 31
f 24 17 25
f 24 25 32
f 17 19 18
f 25 26 27
f 17 20 19
f 25 27 28
f 17 21 20
f 25 28 29
f 17 22 21
f 25 29 30
f 17 23 22
f 25 30 31
f 17 24 23
f 25 31 32
f 33 34 42
f 33 42 41
f 34 35 43
f 34 43 42
f 35 36 44
f 35 44 43
f 36 37 45
f 36 45 44
f 37 38 46
f 37 46 45
f 38 39 47
f 38 47 46
f 39 40 48
f 39 48 47
f 40 33 41
f 40 41 48
f 33 35 34
f 41 42 43
f 33 36 35
f 41 43 44
f 33 37 36
f 41 44 45
f 33 38 37
f 41 45 46
f 33 39 38
f 41 46 47
f 33 40 39
f 41 47 48
f 49 50 58
f 49 58 57
f 50 51 59
f 50 59 58
f 51 52 60
f 51 60 59
f 52 53 61
f 52 61 60
f 53 54 62
f 53 62 61
f 54 55 63
f 54 63 62
f 55 56 64
f 55 64 63
f 56 49 57
f 56 57 64
f 49 51 50
f 57 58 59
f 49 52 51
f 57 59 60
f 49 53 52
f 57 60 61
f 49 54 53
f 57 61 62
f 49 55 54
f 57 62 63
f 49 56 55
f 57 63 64
f 65 66 74
f 65 74 73
f 66 67 75
f 66 75 74
f 67 68 76
f 67 76 75
f 68 69 77
f 68 77 76
f 69 70 78
f 69 78 77
f 70 71 79
f 70 79 78
f 71 72 80
f 71 80 79
f 72 65 73
f 72 73 80
f 65 67 66
f 73 74 75
f 65 68 67
f 73 75 76
f 65 69 68
f 73 76 77
f 65 70 69
f 73 77 78
f 65 71 70
f 73 78 79
f 65 72 71
f 73 79 80
f 81 82 90
f 81 90 89
f 82 83 91
f 82 91 90
f 83 84 92
f 83 92 91
f 84 85 93
f 84 93 92
f 85 86 94
f 85 94 93
f 86 87 95
f 86 95 94
f 87 88 96
f 87 96 95
f 88 81 89
f 88 89 96
f 81 83 82
f 89 90 91
f 81 84 83
f 89 91 92
f 81 85 84
f 89 92 93
f 81 86 85
f 89 93 94
f 81 87 86
f 89 94 95
f 81 88 87
f 89 95 96
f 97 98 106
f 97 106 105
f 98 99 107
f 98 107 106
f 99 100 108
f 99 108 107
f 100 101 109
f 100 109 108
f 101 102 110
f 101 110 109
f 102 103 111
f 102 111 110
f 103 104 112
f 103 112 111
f 104 97 105
f 104 105 112
f 97 99 98
f 105 106 107
f 97 100 99
f 105 107 108
f 97 101 100
f 105 108 109
f 97 102 101
f 105 109 110
f 97 103 102
f 105 110 111
f 97 104 103
f 105 111 112
f 113 114 122
f 113 122 121
f 114 115 123
f 114 123 122
f 115 116 124
f 115 124 123
f 116 117 125
f 116 125 124
f 117 118 126
f 117 126 125
f 118 119 127
f 118 127 126
f 119 120 128
f 119 128 127
f 120 113 121
f 120 121 128
f 113 115 114
f 121 122 123
f 113 116 115
f 121 123 124
f 113 117 116
f 121 124 125
f 113 118 117
f 121 125 126
f 113 119 118
f 121 126 127
f 113 120 119
f 121 127 128
f 129 130 138
f 129 138 137
f 130 131 139
f 130 139 138
f 131 132 140
f 131 140 139
f 132 133 141
f 132 141 140
f 133 134 142
f 133 142 141
f 134 135 143
f 134 143 142
f 135 136 144
f 135 144 143
f 136 129 137
f 136 137 144
f 129 131 130
f 137 138 139
f 129 132 131
f 137 139 140
f 129 133 132
f 137 140 141
f 129 134 133
f 137 141 142
f 129 135 134
f 137 142 143
f 129 136 135
f 137 143 144
f 145 146 154
f 145 154 153
f 146 147 155
f 146 155 154
f 147 148 156
f 147 156 155
f 148 149 157
f 148 157 156
f 149 150 158
f 149 158 157
f 150 151 159
f 150 159 158
f 151 152 160
f 151 160 159
f 152 145 153
f 152 153 160
f 145 147 146
f 153 154 155
f 145 148 147
f 153 155 156
f 145 149 148
f 153 156 157
f 145 150 149
f 153 157 158
f 145 151 150
f 153 158 159
f 145 152 151
f 153 159 160
f 161 162 170
f 161 170 169
f 162 163 171
f 162 171 170
f 163 164 172
f 163 172 171
f 164 165 173
f 164 173 172
f 165 166 174
f 165 174 173
f 166 167 175
f 166 175 174
f 167 168 176
f 167 176 175
f 168 161 169
f 168 169 176
f 161 163 162
f 169 170 171
f 161 164 163
f 169 171 172
f 161 165 164
f 169 172 173
f 161 166 165
f 169 173 174
f 161 167 166
f 169 174 175
f 161 168 167
f 169 175 176
f 177 178 186
f 177 186 185
f 178 179 187
f 178 187 186
f 179 180 188
f 179 188 187
f 180 181 189
f 180 189 188
f 181 182 190
f 181 190 189
f 182 183 191
f 182 191 190
f 183 184 192
f 183 192 191
f 184 177 185
f 184 185 192
f 177 179 178
f 185 186 187
f 177 180 179
f 185 187 188
f 177 181 180
f 185 188 189
f 177 182 181
f 185 189 190
f 177 183 182
f 185 190 191
f 177 184 183
f 185 191 192
f 193 194 202
f 193 202 201
f 194 195 203
f 194 203 202
f 195 196 204
f 195 204 203
f 196 197 205
f 196 205 204
f 197 198 206
f 197 206 205
f 198 199 207
f 198 207 206
f 199 200 208
f 199 208 207
f 200 193 201
f 200 201 208
f 193 195 194
f 201 202 203
f 193 196 195
f 201 203 204
f 193 197 196
f 201 204 205
f 193 198 197
f 201 205 206
f 193 199 198
f 201 206 207
f 193 200 199
f 201 207 208
f 209 210 218
f 209 218 217
f 210 211 219
f 210 219 218
f 211 212 220
f 211 220 219
f 212 213 221
f 212 221 220
f 213 214 222
f 213 222 221
f 214 215 223
f 214 223 222
f 215 216 224
f 215 224 223
f 216 209 217
f 216 217 224
f 209 211 210
f 217 218 219
f 209 212 211
f 217 219 220
f 209 213 212
f 217 220 221
f 209 214 213
f 217 221 222
f 209 215 214
f 217 222 223
f 209 216 215
f 217 223 224
f 225 226 234
f 225 234 233
f 226 227 235
f 226 235 234
f 227 228 236
f 227 236 235
f 228 229 237
f 228 237 236
f 229 230 238
f 229 238 237
f 230 231 239
f 230 239 238
f 231 232 240
f 231 240 239
f 232 225 233
f 232 233 240
f 225 227 226
f 233 234 235
f 225 228 227
f 233 235 236
f 225 229 228
f 233 236 237
f 225 230 229
f 233 237 238
f 225 231 230
f 233 238 239
f 225 232 231
f 233 239 240
f 241 242 250
f 241 250 249
f 242 243 251
f 242 251 250
f 243 244 252
f 243 252 251
f 244 245 253
f 244 253 252
f 245 246 254
f 245 254 253
f 246 247 255
f 246 255 254
f 247 248 256
f 247 256 255
f 248 241 249
f 248 249 256
f 241 243 242
f 249 250 251
f 241 244 243
f 249 251 252
f 241 245 244
f 249 252 253
f 241 246 245
f 249 253 254
f 241 247 246
f 249 254 255
f 241 248 247
f 249 255 256
f 257 258 266
f 257 266 265
f 258 259 267
f 258 267 266
f 259 260 268
f 259 268 267
f 260 261 269
f 260 269 268
f 261 262 270
f 261 270 269
f 262 263 271
f 262 271 270
f 263 264 272
f 263 272 271
f 264 257 265
f 264 265 272
f 257 259 258
f 265 266 267
f 257 260 259
f 265 267 268
f 257 261 260
f 265 268 269
f 257 262 261
f 265 269 270
f 257 263 262
f 265 270 271
f 257 264 263
f 265 271 272
f 273 274 282
f 273 282 281
f 274 275 283
f 274 283 282
f 275 276 284
f 275 284 283
f 276 277 285
f 276 285 284
f 277 278 286
f 277 286 285
f 278 279 287
f 278 287 286
f 279 280 288
f 279 288 287
f 280 273 281
f 280 281 288
f 273 275 274
f 281 282 283
f 273 276 275
f 281 283 284
f 273 277 276
f 281 284 285
f 273 278 277
f 281 285 286
f 273 279 278
f 281 286 287
f 273 280 279
f 281 287 288
f 289 290 298
f 289 298 297
f 290 291 299
f 290 299 298
f 291 292 300
f 291 300 299
f 292 293 301
f 292 301 300
f 293 294 302
f 293 302 301
f 294 295 303
f 294 303 302
f 295 296 304
f 295 304 303
f 296 289 297
f 296 297 304
f 289 291 290
f 297 298 299
f 289 292 291
f 297 299 300
f 289 293 292
f 297 300 301
f 289 294 293
f 297 301 302
f 289 295 294
f 297 302 303
f 289 296 295
f 297 303 304
f 305 306 314
f 305 314 313
f 306 307 315
f 306 315 314
f 307 308 316
f 307 316 315
f 308 309 317
f 308 317 316
f 309 310 318
f 309 318 317
f 310 311 319
f 310 319 318
f 311 312 320
f 311 320 319
f 312 305 313
f 312 313 320
f 305 307 306
f 313 314 315
f 305 308 307
f 313 315 316
f 305 309 308
f 313 316 317
f 305 310 309
f 313 317 318
f 305 311 310
f 313 318 319
f 305 312 311
f 313 319 320
f 321 322 330
f 321 330 329
f 322 323 331
f 322 331 330
f 323 324 332
f 323 332 331
f 324 325 333
f 324 333 332
f 325 326 334
f 325 334 333
f 326 327 335
f 326 335 334
f 327 328 336
f 327 336 335
f 328 321 329
f 328 329 336
f 321 323 322
f 329 330 331
f 321 324 323
f 329 331 332
f 321 325 324
f 329 332 333
f 321 326 325
f 329 333 334
f 321 327 326
f 329 334 335
f 321 328 327
f 329 335 336
f 337 338 346
f 337 346 345
f 338 339 347
f 338 347 346
f 339 340 348
f 339 348 347
f 340 341 349
f 340 349 348
f 341 342 350
f 341 350 349
f 342 343 351
f 342 351 350
f 343 344 352
f 343 352 351
f 344 337 345
f 344 345 352
f 337 339 338
f 345 346 347
f 337 340 339
f 345 347 348
f 337 341 340
f 345 348 349
f 337 342 341
f 345 349 350
f 337 343 342
f 345 350 351
f 337 344 343
f 345 351 352
f 353 354 362
f 353 362 361
f 354 355 363
f 354 363 362
f 355 356 364
f 355 364 363
f 356 357 365
f 356 365 364
f 357 358 366
f 357 366 365
f 358 359 367
f 358 367 366
f 359 360 368
f 359 368 367
f 360 353 361
f 360 361 368
f 353 355 354
f 361 362 363
f 353 356 355
f 361 363 364
f 353 357 356
f 361 364 365
f 353 358 357
f 361 365 366
f 353 359 358
f 361 366 367
f 353 360 359
f 361 367 368
f 369 370 378
f 369 378 377
f 370 371 379
f 370 379 378
f 371 372 380
f 371 380 379
f 372 373 381
f 372 381 380
f 373 374 382
f 373 382 381
f 374 375 383
f 374 383 382
f 375 376 384
f 375 384 383
f 376 369 377
f 376 377 384
f 369 371 370
f 377 378 379
f 369 372 371
f 377 379 380
f 369 373 372
f 377 380 381
f 369 374 373
f 377 381 382
f 369 375 374
f 377 382 383
f 369 376 375
f 377 383 384
f 385 386 394
f 385 394 393
f 386 387 395
f 386 395 394
f 387 388 396
f 387 396 395
f 388 389 397
f 388 397 396
f 389 390 398
f 389 398 397
f 390 391 399
f 390 399 398
f 391 392 400
f 391 400 399
f 392 385 393
f 392 393 400
f 385 387 386
f 393 394 395
f 385 388 387
f 393 395 396
f 385 389 388
f 393 396 397
f 385 390 389
f 393 397 398
f 385 391 390
f 393 398 399
f 385 392 391
f 393 399 400
f 401 402 410
f 401 410 409
f 402 403 411
f 402 411 410
f 403 404 412
f 403 412 411
f 404 405 413
f 404 413 412
f 405 406 414
f 405 414 413
f 406 407 415
f 406 415 414
f 407 408 416
f 407 416 415
f 408 401 409
f 408 409 416
f 401 403 402
f 409 410 411
f 401 404 403
f 409 411 412
f 401 405 404
f 409 412 413
f 401 406 405
f 409 413 414
f 401 407 406
f 409 414 415
f 401 408 407
f 409 415 416
f 417 418 426
f 417 426 425
f 418 419 427
f 418 427 426
f 419 420 428
f 419 428 427
f 420 421 429
f 420 429 428
f 421 422 430
f 421 430 429
f 422 423 431
f 422 431 430
f 423 424 432
f 423 432 431
f 424 417 425
f 424 425 432
f 417 419 418
f 425 426 427
f 417 420 419
f 425 427 428
f 417 421 420
f 425 428 429
f 417 422 421
f 425 429 430
f 417 423 422
f 425 430 431
f 417 424 423
f 425 431 432
f 433 434 442
f 433 442 441
f 434 435 443
f 434 443 442
f 435 436 444
f 435 444 443
f 436 437 445
f 436 445 444
f 437 438 446
f 437 446 445
f 438 439 447
f 438 447 446
f 439 440 448
f 439 448 447
f 440 433 441
f 440 441 448
f 433 435 434
f 441 442 443
f 433 436 435
f 441 443 444
f 433 437 436
f 441 444 445
f 433 438 437
f 441 445 446
f 433 439 438
f 441 446 447
f 433 440 439
f 441 447 448
f 449 450 458
f 449 458 457
f 450 451 459
f 450 459 458
f 451 452 460
f 451 460 459
f 452 453 461
f 452 461 460
f 453 454 462
f 453 462 461
f 454 455 463
f 454 463 462
f 455 456 464
f 455 464 463
f 456 449 457
f 456 457 464
f 449 451 450
f 457 458 459
f 449 452 451
f 457 459 460
f 449 453 452
f 457 460 461
f 449 454 453
f 457 461 462
f 449 455 454
f 457 462 463
f 449 456 455
f 457 463 464
f 465 466 474
f 465 474 473
f 466 467 475
f 466 475 474
f 467 468 476
f 467 476 475
f 468 469 477
f 468 477 476
f 469 470 478
f 469 478 477
f 470 471 479
f 470 479 478
f 471 472 480
f 471 480 479
f 472 465 473
f 472 473 480
f 465 467 466
f 473 474 475
f 465 468 467
f 473 475 476
f 465 469 468
f 473 476 477
f 465 470 469
f 473 477 478
f 465 471 470
f 473 478 479
f 465 472 471
f 473 479 480
f 481 482 490
f 481 490 489
f 482 483 491
f 482 491 490
f 483 484 492
f 483 492 491
f 484 485 493
f 484 493 492
f 485 486 494
f 485 494 493
f 486 487 495
f 486 495 494
f 487 488 496
f 487 496 495
f 488 481 489
f 488 489 496
f 481 483 482
f 489 490 491
f 481 484 483
f 489 491 492
f 481 485 484
f 489 492 493
f 481 486 485
f 489 493 494
f 481 487 486
f 489 494 495
f 481 488 487
f 489 495 496
f 497 498 506
f 497 506 505
f 498 499 507
f 498 507 506
f 499 500 508
f 499 508 507
f 500 501 509
f 500 509 508
f 501 502 510
f 501 510 509
f 502 503 511
f 502 511 510
f 503 504 512
f 503 512 511
f 504 497 505
f 504 505 512
f 497 499 498
f 505 506 507
f 497 500 499
f 505 507 508
f 497 501 500
f 505 508 509
f 497 502 501
f 505 509 510
f 497 503 502
f 505 510 511
f 497 504 503
f 505 511 512
f 513 514 522
f 513 522 521
f 514 515 523
f 514 523 522
f 515 516 524
f 515 524 523
f 516 517 525
f 516 525 524
f 517 518 526
f 517 526 525
f 518 519 527
f 518 527 526
f 519 520 528
f 519 528 527
f 520 513 521
f 520 521 528
f 513 515 514
f 521 522 523
f 513 516 515
f 521 523 524
f 513 517 516
f 521 524 525
f 513 518 517
f 521 525 526
f 513 519 518
f 521 526 527
f 513 520 519
f 521 527 528
f 529 530 538
f 529 538 537
f 530 531 539
f 530 539 538
f 531 532 540
f 531 540 539
f 532 533 541
f 532 541 540
f 533 534 542
f 533 542 541
f 534 535 543
f 534 543 542
f 535 536 544
f 535 544 543
f 536 529 537
f 536 537 544
f 529 531 530
f 537 538 539
f 529 532 531
f 537 539 540
f 529 533 532
f 537 540 541
f 529 534 533
f 537 541 542
f 529 535 534
f 537 542 543
f 529 536 535
f 537 543 544
f 545 546 554
f 545 554 553
f 546 547 555
f 546 555 554
f 547 548 556
f 547 556 555
f 548 549 557
f 548 557 556
f 549 550 558
f 549 558 557
f 550 551 559
f 550 559 558
f 551 552 560
f 551 560 559
f 552 545 553
f 552 553 560
f 545 547 546
f 553 554 555
f 545 548 547
f 553 555 556
f 545 549 548
f 553 556 557
f 545 550 549
f 553 557 558
f 545 551 550
f 553 558 559
f 545 552 551
f 553 559 560
f 561 562 570
f 561 570 569
f 562 563 571
f 562 571 570
f 563 564 572
f 563 572 571
f 564 565 573
f 564 573 572
f 565 566 574
f 565 574 573
f 566 567 575
f 566 575 574
f 567 568 576
f 567 576 575
f 568 561 569
f 568 569 576
f 561 563 562
f 569 570 571
f 561 564 563
f 569 571 572
f 561 565 564
f 569 572 573
f 561 566 565
f 569 573 574
f 561 567 566
f 569 574 575
f 561 568 567
f 569 575 576
f 577 578 586
f 577 586 585
f 578 579 587
f 578 587 586
f 579 580 588
f 579 588 587
f 580 581 589
f 580 589 588
f 581 582 590
f 581 590 589
f 582 583 591
f 582 591 590
f 583 584 592
f 583 592 591
f 584 577 585
f 584 585 592
f 577 579 578
f 585 586 587
f 577 580 579
f 585 587 588
f 577 581 580
f 585 588 589
f 577 582 581
f 585 589 590
f 577 583 582
f 585 590 591
f 577 584 583
f 585 591 592
f 593 594 602
f 593 602 601
f 594 595 603
f 594 603 602
f 595 596 604
f 595 604 603
f 596 597 605
f 596 605 604
f 597 598 606
f 597 606 605
f 598 599 607
f 598 607 606
f 599 600 608
f 599 608 607
f 600 593 601
f 600 601 608
f 593 595 594
f 601 602 603
f 593 596 595
f 601 603 604
f 593 597 596
f 601 604 605
f 593 598 597
f 601 605 606
f 593 599 598
f 601 606 607
f 593 600 599
f 601 607 608
f 609 610 618
f 609 618 617
f 610 611 619
f 610 619 618
f 611 612 620
f 611 620 619
f 612 613 621
f 612 621 620
f 613 614 622
f 613 622 621
f 614 615 623
f 614 623 622
f 615 616 624
f 615 624 623
f 616 609 617
f 616 617 624
f 609 611 610
f 617 618 619
f 609 612 611
f 617 619 620
f 609 613 612
f 617 620 621
f 609 614 613
f 617 621 622
f 609 615 614
f 617 622 623
f 609 616 615
f 617 623 624
f 625 626 634
f 625 634 633
f 626 627 635
f 626 635 634
f 627 628 636
f 627 636 635
f 628 629 637
f 628 637 636
f 629 630 638
f 629 638 637
f 630 631 639
f 630 639 638
f 631 632 640
f 631 640 639
f 632 625 633
f 632 633 640
f 625 627 626
f 633 634 635
f 625 628 627
f 633 635 636
f 625 629 628
f 633 636 637
f 625 630 629
f 633 637 638
f 625 631 630
f 633 638 639
f 625 632 631
f 633 639 640
f 641 642 650
f 641 650 649
f 642 643 651
f 642 651 650
f 643 644 652
f 643 652 651
f 644 645 653
f 644 653 652
f 645 646 654
f 645 654 653
f 646 647 655
f 646 655 654
f 647 648 656
f 647 656 655
f 648 641 649
f 648 649 656
f 641 643 642
f 649 650 651
f 641 644 643
f 649 651 652
f 641 645 644
f 649 652 653
f 641 646 645
f 649 653 654
f 641 647 646
f 649 654 655
f 641 648 647
f 649 655 656
f 657 658 666
f 657 666 665
f 658 659 667
f 658 667 666
f 659 660 668
f 659 668 667
f 660 661 669
f 660 669 668
f 661 662 670
f 661 670 669
f 662 663 671
f 662 671 670
f 663 664 672
f 663 672 671
f 664 657 665
f 664 665 672
f 657 659 658
f 665 666 667
f 657 660 659
f 665 667 668
f 657 661 660
f 665 668 669
f 657 662 661
f 665 669 670
f 657 663 662
f 665 670 671
f 657 664 663
f 665 671 672
f 673 674 682
f 673 682 681
f 674 675 683
f 674 683 682
f 675 676 684
f 675 684 683
f 676 677 685
f 676 685 684
f 677 678 686
f 677 686 685
f 678 679 687
f 678 687 686
f 679 680 688
f 679 688 687
f 680 673 681
f 680 681 688
f 673 675 674
f 681 682 683
f 673 676 675
f 681 683 684
f 673 677 676
f 681 684 685
f 673 678 677
f 681 685 686
f 673 679 678
f 681 686 687
f 673 680 679
f 681 687 688
f 689 690 698
f 689 698 697
f 690 691 699
f 690 699 698
f 691 692 700
f 691 700 699
f 692 693 701
f 692 701 700
f 693 694 702
f 693 702 701
f 694 695 703
f 694 703 702
f 695 696 704
f 695 704 703
f 696 689 697
f 696 697 704
f 689 691 690
f 697 698 699
f 689 692 691
f 697 699 700
f 689 693 692
f 697 700 701
f 689 694 693
f 697 701 702
f 689 695 694
f 697 702 703
f 689 696 695
f 697 703 704
f 705 706 714
f 705 714 713
f 706 707 715
f 706 715 714
f 707 708 716
f 707 716 715
f 708 709 717
f 708 717 716
f 709 710 718
f 709 718 717
f 710 711 719
f 710 719 718
f 711 712 720
f 711 720 719
f 712 705 713
f 712 713 720
f 705 707 706
f 713 714 715
f 705 708 707
f 713 715 716
f 705 709 708
f 713 716 717
f 705 710 709
f 713 717 718
f 705 711 710
f 713 718 719
f 705 712 711
f 713 719 720
f 721 722 730
f 721 730 729
f 722 723 731
f 722 731 730
f 723 724 732
f 723 732 731
f 724 725 733
f 724 733 732
f 725 726 734
f 725 734 733
f 726 727 735
f 726 735 734
f 727 728 736
f 727 736 735
f 728 721 729
f 728 729 736
f 721 723 722
f 729 730 731
f 721 724 723
f 729 731 732
f 721 725 724
f 729 732 733
f 721 726 725
f 729 733 734
f 721 727 726
f 729 734 735
f 721 728 727
f 729 735 736
f 737 738 746
f 737 746 745
f 738 739 747
f 738 747 746
f 739 740 748
f 739 748 747
f 740 741 749
f 740 749 748
f 741 742 750
f 741 750 749
f 742 743 751
f 742 751 750
f 743 744 752
f 743 752 751
f 744 737 745
f 744 745 752
f 737 739 738
f 745 746 747
f 737 740 739
f 745 747 748
f 737 741 740
f 745 748 749
f 737 742 741
f 745 749 750
f 737 743 742
f 745 750 751
f 737 744 743
f 745 751 752
f 753 754 762
f 753 762 761
f 754 755 763
f 754 763 762
f 755 756 764
f 755 764 763
f 756 757 765
f 756 765 764
f 757 758 766
f 757 766 765
f 758 759 767
f 758 767 766
f 759 760 768
f 759 768 767
f 760 753 761
f 760 761 768
f 753 755 754
f 761 762 763
f 753 756 755
f 761 763 764
f 753 757 756
f 761 764 765
f 753 758 757
f 761 765 766
f 753 759 758
f 761 766 767
f 753 760 759
f 761 767 768
f 769 770 778
f 769 778 777
f 770 771 779
f 770 779 778
f 771 772 780
f 771 780 779
f 772 773 781
f 772 781 780
f 773 774 782
f 773 782 781
f 774 775 783
f 774 783 782
f 775 776 784
f 775 784 783
f 776 769 777
f 776 777 784
f 769 771 770
f 777 778 779
f 769 772 771
f 777 779 780
f 769 773 772
f 777 780 781
f 769 774 773
f 777 781 782
f 769 775 774
f 777 782 783
f 769 776 775
f 777 783 784
f 785 786 794
f 785 794 793
f 786 787 795
f 786 795 794
f 787 788 796
f 787 796 795
f 788 789 797
f 788 797 796
f 789 790 798
f 789 798 797
f 790 791 799
f 790 799 798
f 791 792 800
f 791 800 799
f 792 785 793
f 792 793 800
f 785 787 786
f 793 794 795
f 785 788 787
f 793 795 796
f 785 789 788
f 793 796 797
f 785 790 789
f 793 797 798
f 785 791 790
f 793 798 799
f 785 792 791
f 793 799 800
f 801 802 810
f 801 810 809
f 802 803 811
f 802 811 810
f 803 804 812
f 803 812 811
f 804 805 813
f 804 813 812
f 805 806 814
f 805 814 813
f 806 807 815
f 806 815 814
f 807 808 816
f 807 816 815
f 808 801 809
f 808 809 816
f 801 803 802
f 809 810 811
f 801 804 803
f 809 811 812
f 801 805 804
f 809 812 813
f 801 806 805
f 809 813 814
f 801 807 806
f 809 814 815
f 801 808 807
f 809 815 816
f 817 818 826
f 817 826 825
f 818 819 827
f 818 827 826
f 819 820 828
f 819 828 827
f 820 821 829
f 820 829 828
f 821 822 830
f 821 830 829
f 822 823 831
f 822 831 830
f 823 824 832
f 823 832 831
f 824 817 825
f 824 825 832
f 817 819 818
f 825 826 827
f 817 820 819
f 825 827 828
f 817 821 820
f 825 828 829
f 817 822 821
f 825 829 830
f 817 823 822
f 825 830 831
f 817 824 823
f 825 831 832
f 833 834 842
f 833 842 841
f 834 835 843
f 834 843 842
f 835 836 844
f 835 844 843
f 836 837 845
f 836 845 844
f 837 838 846
f 837 846 845
f 838 839 847
f 838 847 846
f 839 840 848
f 839 848 847
f 840 833 841
f 840 841 848
f 833 835 834
f 841 842 843
f 833 836 835
f 841 843 844
f 833 837 836
f 841 844 845
f 833 838 837
f 841 845 846
f 833 839 838
f 841 846 847
f 833 840 839
f 841 847 848
f 849 850 858
f 849 858 857
f 850 851 859
f 850 859 858
f 851 852 860
f 851 860 859
f 852 853 861
f 852 861 860
f 853 854 862
f 853 862 861
f 854 855 863
f 854 863 862
f 855 856 864
f 855 864 863
f 856 849 857
f 856 857 864
f 849 851 850
f 857 858 859
f 849 852 851
f 857 859 860
f 849 853 852
f 857 860 861
f 849 854 853
f 857 861 862
f 849 855 854
f 857 862 863
f 849 856 855
f 857 863 864
f 865 866 874
f 865 874 873
f 866 867 875
f 866 875 874
f 867 868 876
f 867 876 875
f 868 869 877
f 868 877 876
f 869 870 878
f 869 878 877
f 870 871 879
f 870 879 878
f 871 872 880
f 871 880 879
f 872 865 873
f 872 873 880
f 865 867 866
f 873 874 875
f 865 868 867
f 873 875 876
f 865 869 868
f 873 876 877
f 865 870 869
f 873 877 878
f 865 871 870
f 873 878 879
f 865 872 871
f 873 879 880
f 881 882 890
f 881 890 889
f 882 883 891
f 882 891 890
f 883 884 892
f 883 892 891
f 884 885 893
f 884 893 892
f 885 886 894
f 885 894 893
f 886 887 895
f 886 895 894
f 887 888 896
f 887 896 895
f 888 881 889
f 888 889 896
f 881 883 882
f 889 890 891
f 881 884 883
f 889 891 892
f 881 885 884
f 889 892 893
f 881 886 885
f 889 893 894
f 881 887 886
f 889 894 895
f 881 888 887
f 889 895 896
f 897 898 906
f 897 906 905
f 898 899 907
f 898 907 906
f 899 900 908
f 899 908 907
f 900 901 909
f 900 909 908
f 901 902 910
f 901 910 909
f 902 903 911
f 902 911 910
f 903 904 912
f 903 912 911
f 904 897 905
f 904 905 912
f 897 899 898
f 905 906 907
f 897 900 899
f 905 907 908
f 897 901 900
f 905 908 909
f 897 902 901
f 905 909 910
f 897 903 902
f 905 910 911
f 897 904 903
f 905 911 912
f 913 914 922
f 913 922 921
f 914 915 923
f 914 923 922
f 915 916 924
f 915 924 923
f 916 917 925
f 916 925 924
f 917 918 926
f 917 926 925
f 918 919 927
f 918 927 926
f 919 920 928
f 919 928 927
f 920 913 921
f 920 921 928
f 913 915 914
f 921 922 923
f 913 916 915
f 921 923 924
f 913 917 916
f 921 924 925
f 913 918 917
f 921 925 926
f 913 919 918
f 921 926 927
f 913 920 919
f 921 927 928
f 929 930 938
f 929 938 937
f 930 931 939
f 930 939 938
f 931 932 940
f 931 940 939
f 932 933 941
f 932 941 940
f 933 934 942
f 933 942 941
f 934 935 943
f 934 943 942
f 935 936 944
f 935 944 943
f 936 929 937
f 936 937 944
f 929 931 930
f 937 938 939
f 929 932 931
f 937 939 940
f 929 933 932
f 937 940 941
f 929 934 933
f 937 941 942
f 929 935 934
f 937 942 943
f 929 936 935
f 937 943 944
f 945 946 954
f 945 954 953
f 946 947 955
f 946 955 954
f 947 948 956
f 947 956 955
f 948 949 957
f 948 957 956
f 949 950 958
f 949 958 957
f 950 951 959
f 950 959 958
f 951 952 960
f 951 960 959
f 952 945 953
f 952 953 960
f 945 947 946
f 953 954 955
f 945 948 947
f 953 955 956
f 945 949 948
f 953 956 957
f 945 950 949
f 953 957 958
f 945 951 950
f 953 958 959
f 945 952 951
f 953 959 960
f 961 962 970
f 961 970 969
f 962 963 971
f 962 971 970
f 963 964 972
f 963 972 971
f 964 965 973
f 964 973 972
f 965 966 974
f 965 974 973
f 966 967 975
f 966 975 974
f 967 968 976
f 967 976 975
f 968 961 969
f 968 969 976
f 961 963 962
f 969 970 971
f 961 964 963
f 969 971 972
f 961 965 964
f 969 972 973
f 961 966 965
f 969 973 974
f 961 967 966
f 969 974 975
f 961 968 967
f 969 975 976
f 977 978 986
f 977 986 985
f 978 979 987
f 978 987 986
f 979 980 988
f 979 988 987
f 980 981 989
f 980 989 988
f 981 982 990
f 981 990 989
f 982 983 991
f 982 991 990
f 983 984 992
f 983 992 991
f 984 977 985
f 984 985 992
f 977 979 978
f 985 986 987
f 977 980 979
f 985 987 988
f 977 981 980
f 985 988 989
f 977 982 981
f 985 989 990
f 977 983 982
f 985 990 991
f 977 984 983
f 985 991 992
f 993 994 1002
f 993 1002 1001
f 994 995 1003
f 994 1003 1002
f 995 996 1004
f 995 1004 1003
f 996 997 1005
f 996 1005 1004
f 997 998 1006
f 997 1006 1005
f 998 999 1007
f 998 1007 1006
f 999 1000 1008
f 999 1008 1007
f 1000 993 1001
f 1000 1001 1008
f 993 995 994
f 1001 1002 1003
f 993 996 995
f 1001 1003 1004
f 993 997 996
f 1001 1004 1005
f 993 998 997
f 1001 1005 1006
f 993 999 998
f 1001 1006 1007
f 993 1000 999
f 1001 1007 1008
f 1009 1010 1018
f 1009 1018 1017
f 1010 1011 1019
f 1010 1019 1018
f 1011 1012 1020
f 1011 1020 1019
f 1012 1013 1021
f 1012 1021 1020
f 1013 1014 1022
f 1013 1022 1021
f 1014 1015 1023
f 1014 1023 1022
f 1015 1016 1024
f 1015 1024 1023
f 1016 1009 1017
f 1016 1017 1024
f 1009 1011 1010
f 1017 1018 1019
f 1009 1012 1011
f 1017 1019 1020
f 1009 1013 1012
f 1017 1020 1021
f 1009 1014 1013
f 1017 1021 1022
f 1009 1015 1014
f 1017 1022 1023
f 1009 1016 1015
f 1017 1023 1024
f 1025 1026 1034
f 1025 1034 1033
f 1026 1027 1035
f 1026 1035 1034
f 1027 1028 1036
f 1027 1036 1035
f 1028 1029 1037
f 1028 1037 1036
f 1029 1030 1038
f 1029 1038 1037
f 1030 1031 1039
f 1030 1039 1038
f 1031 1032 1040
f 1031 1040 1039
f 1032 1025 1033
f 1032 1033 1040
f 1025 1027 1026
f 1033 1034 1035
f 1025 1028 1027
f 1033 1035 1036
f 1025 1029 1028
f 1033 1036 1037
f 1025 1030 1029
f 1033 1037 1038
f 1025 1031 1030
f 1033 1038 1039
f 1025 1032 1031
f 1033 1039 1040
f 1041 1042 1050
f 1041 1050 1049
f 1042 1043 1051
f 1042 1051 1050
f 1043 1044 1052
f 1043 1052 1051
f 1044 1045 1053
f 1044 1053 1052
f 1045 1046 1054
f 1045 1054 1053
f 1046 1047 1055
f 1046 1055 1054
f 1047 1048 1056
f 1047 1056 1055
f 1048 1041 1049
f 1048 1049 1056
f 1041 1043 1042
f 1049 1050 1051
f 1041 1044 1043
f 1049 1051 1052
f 1041 1045 1044
f 1049 1052 1053
f 1041 1046 1045
f 1049 1053 1054
f 1041 1047 1046
f 1049 1054 1055
f 1041 1048 1047
f 1049 1055 1056
f 1057 1058 1066
f 1057 1066 1065
f 1058 1059 1067
f 1058 1067 1066
f 1059 1060 1068
f 1059 1068 1067
f 1060 1061 1069
f 1060 1069 1068
f 1061 1062 1070
f 1061 1070 1069
f 1062 1063 1071
f 1062 1071 1070
f 1063 1064 1072
f 1063 1072 1071
f 1064 1057 1065
f 1064 1065 1072
f 1057 1059 1058
f 1065 1066 1067
f 1057 1060 1059
f 1065 1067 1068
f 1057 1061 1060
f 1065 1068 1069
f 1057 1062 1061
f 1065 1069 1070
f 1057 1063 1062
f 1065 1070 1071
f 1057 1064 1063
f 1065 1071 1072
f 1073 1074 1082
f 1073 1082 1081
f 1074 1075 1083
f 1074 1083 1082
f 1075 1076 1084
f 1075 1084 1083
f 1076 1077 1085
f 1076 1085 1084
f 1077 1078 1086
f 1077 1086 1085
f 1078 1079 1087
f 1078 1087 1086
f 1079 1080 1088
f 1079 1088 1087
f 1080 1073 1081
f 1080 1081 1088
f 1073 1075 1074
f 1081 1082 1083
f 1073 1076 1075
f 1081 1083 1084
f 1073 1077 1076
f 1081 1084 1085
f 1073 1078 1077
f 1081 1085 1086
f 1073 1079 1078
f 1081 1086 1087
f 1073 1080 1079
f 1081 1087 1088
f 1089 1090 1098
f 1089 1098 1097
f 1090 1091 1099
f 1090 1099 1098
f 1091 1092 1100
f 1091 1100 1099
f 1092 1093 1101
f 1092 1101 1100
f 1093 1094 1102
f 1093 1102 1101
f 1094 1095 1103
f 1094 1103 1102
f 1095 1096 1104
f 1095 1104 1103
f 1096 1089 1097
f 1096 1097 1104
f 1089 1091 1090
f 1097 1098 1099
f 1089 1092 1091
f 1097 1099 1100
f 1089 1093 1092
f 1097 1100 1101
f 1089 1094 1093
f 1097 1101 1102
f 1089 1095 1094
f 1097 1102 1103
f 1089 1096 1095
f 1097 1103 1104
f 1105 1106 1114
f 1105 1114 1113
f 1106 1107 1115
f 1106 1115 1114
f 1107 1108 1116
f 1107 1116 1115
f 1108 1109 1117
f 1108 1117 1116
f 1109 1110 1118
f 1109 1118 1117
f 1110 1111 1119
f 1110 1119 1118
f 1111 1112 1120
f 1111 1120 1119
f 1112 1105 1113
f 1112 1113 1120
f 1105 1107 1106
f 1113 1114 1115
f 1105 1108 1107
f 1113 1115 1116
f 1105 1109 1108
f 1113 1116 1117
f 1105 1110 1109
f 1113 1117 1118
f 1105 1111 1110
f 1113 1118 1119
f 1105 1112 1111
f 1113 1119 1120
f 1121 1122 1130
f 1121 1130 1129
f 1122 1123 1131
f 1122 1131 1130
f 1123 1124 1132
f 1123 1132 1131
f 1124 1125 1133
f 1124 1133 1132
f 1125 1126 1134
f 1125 1134 1133
f 1126 1127 1135
f 1126 1135 1134
f 1127 1128 1136
f 1127 1136 1135
f 1128 1121 1129
f 1128 1129 1136
f 1121 1123 1122
f 1129 1130 1131
f 1121 1124 1123
f 1129 1131 1132
f 1121 1125 1124
f 1129 1132 1133
f 1121 1126 1125
f 1129 1133 1134
f 1121 1127 1126
f 1129 1134 1135
f 1121 1128 1127
f 1129 1135 1136
f 1137 1138 1146
f 1137 1146 1145
f 1138 1139 1147
f 1138 1147 1146
f 1139 1140 1148
f 1139 1148 1147
f 1140 1141 1149
f 1140 1149 1148
f 1141 1142 1150
f 1141 1150 1149
f 1142 1143 1151
f 1142 1151 1150
f 1143 1144 1152
f 1143 1152 1151
f 1144 1137 1145
f 1144 1145 1152
f 1137 1139 1138
f 1145 1146 1147
f 1137 1140 1139
f 1145 1147 1148
f 1137 1141 1140
f 1145 1148 1149
f 1137 1142 1141
f 1145 1149 1150
f 1137 1143 1142
f 1145 1150 1151
f 1137 1144 1143
f 1145 1151 1152
f 1153 1154 1162
f 1153 1162 1161
f 1154 1155 1163
f 1154 1163 1162
f 1155 1156 1164
f 1155 1164 1163
f 1156 1157 1165
f 1156 1165 1164
f 1157 1158 1166
f 1157 1166 1165
f 1158 1159 1167
f 1158 1167 1166
f 1159 1160 1168
f 1159 1168 1167
f 1160 1153 1161
f 1160 1161 1168
f 1153 1155 1154
f 1161 1162 1163
f 1153 1156 1155
f 1161 1163 1164
f 1153 1157 1156
f 1161 1164 1165
f 1153 1158 1157
f 1161 1165 1166
f 1153 1159 1158
f 1161 1166 1167
f 1153 1160 1159
f 1161 1167 1168
f 1169 1170 1178
f 1169 1178 1177
f 1170 1171 1179
f 1170 1179 1178
f 1171 1172 1180
f 1171 1180 1179
f 1172 1173 1181
f 1172 1181 1180
f 1173 1174 1182
f 1173 1182 1181
f 1174 1175 1183
f 1174 1183 1182
f 1175 1176 1184
f 1175 1184 1183
f 1176 1169 1177
f 1176 1177 1184
f 1169 1171 1170
f 1177 1178 1179
f 1169 1172 1171
f 1177 1179 1180
f 1169 1173 1172
f 1177 1180 1181
f 1169 1174 1173
f 1177 1181 1182
f 1169 1175 1174
f 1177 1182 1183
f 1169 1176 1175
f 1177 1183 1184
f 1185 1186 1194
f 1185 1194 1193
f 1186 1187 1195
f 1186 1195 1194
f 1187 1188 1196
f 1187 1196 1195
f 1188 1189 1197
f 1188 1197 1196
f 1189 1190 1198
f 1189 1198 1197
f 1190 1191 1199
f 1190 1199 1198
f 1191 1192 1200
f 1191 1200 1199
f 1192 1185 1193
f 1192 1193 1200
f 1185 1187 1186
f 1193 1194 1195
f 1185 1188 1187
f 1193 1195 1196
f 1185 1189 1188
f 1193 1196 1197
f 1185 1190 1189
f 1193 1197 1198
f 1185 1191 1190
f 1193 1198 1199
f 1185 1192 1191
f 1193 1199 1200
f 1201 1202 1210
f 1201 1210 1209
f 1202 1203 1211
f 1202 1211 1210
f 1203 1204 1212
f 1203 1212 1211
f 1204 1205 1213
f 1204 1213 1212
f 1205 1206 1214
f 1205 1214 1213
f 1206 1207 1215
f 1206 1215 1214
f 1207 1208 1216
f 1207 1216 1215
f 1208 1201 1209
f 1208 1209 1216
f 1201 1203 1202
f 1209 1210 1211
f 1201 1204 1203
f 1209 1211 1212
f 1201 1205 1204
f 1209 1212 1213
f 1201 1206 1205
f 1209 1213 1214
f 1201 1207 1206
f 1209 1214 1215
f 1201 1208 1207
f 1209 1215 1216
f 1217 1218 1226
f 1217 1226 1225
f 1218 1219 1227
f 1218 1227 1226
f 1219 1220 1228
f 1219 1228 1227
f 1220 1221 1229
f 1220 1229 1228
f 1221 1222 1230
f 1221 1230 1229
f 1222 1223 1231
f 1222 1231 1230
f 1223 1224 1232
f 1223 1232 1231
f 1224 1217 1225
f 1224 1225 1232
f 1217 1219 1218
f 1225 1226 1227
f 1217 1220 1219
f 1225 1227 1228
f 1217 1221 1220
f 1225 1228 1229
f 1217 1222 1221
f 1225 1229 1230
f 1217 1223 1222
f 1225 1230 1231
f 1217 1224 1223
f 1225 1231 1232
f 1233 1234 1242
f 1233 1242 1241
f 1234 1235 1243
f 1234 1243 1242
f 1235 1236 1244
f 1235 1244 1243
f 1236 1237 1245
f 1236 1245 1244
f 1237 1238 1246
f 1237 1246 1245
f 1238 1239 1247
f 1238 1247 1246
f 1239 1240 1248
f 1239 1248 1247
f 1240 1233 1241
f 1240 1241 1248
f 1233 1235 1234
f 1241 1242 1243
f 1233 1236 1235
f 1241 1243 1244
f 1233 1237 1236
f 1241 1244 1245
f 1233 1238 1237
f 1241 1245 1246
f 1233 1239 1238
f 1241 1246 1247
f 1233 1240 1239
f 1241 1247 1248
f 1249 1250 1258
f 1249 1258 1257
f 1250 1251 1259
f 1250 1259 1258
f 1251 1252 1260
f 1251 1260 1259
f 1252 1253 1261
f 1252 1261 1260
f 1253 1254 1262
f 1253 1262 1261
f 1254 1255 1263
f 1254 1263 1262
f 1255 1256 1264
f 1255 1264 1263
f 1256 1249 1257
f 1256 1257 1264
f 1249 1251 1250
f 1257 1258 1259
f 1249 1252 1251
f 1257 1259 1260
f 1249 1253 1252
f 1257 1260 1261
f 1249 1254 1253
f 1257 1261 1262
f 1249 1255 1254
f 1257 1262 1263
f 1249 1256 1255
f 1257 1263 1264
f 1265 1266 1274
f 1265 1274 1273
f 1266 1267 1275
f 1266 1275 1274
f 1267 1268 1276
f 1267 1276 1275
f 1268 1269 1277
f 1268 1277 1276
f 1269 1270 1278
f 1269 1278 1277
f 1270 1271 1279
f 1270 1279 1278
f 1271 1272 1280
f 1271 1280 1279
f 1272 1265 1273
f 1272 1273 1280
f 1265 1267 1266
f 1273 1274 1275
f 1265 1268 1267
f 1273 1275 1276
f 1265 1269 1268
f 1273 1276 1277
f 1265 1270 1269
f 1273 1277 1278
f 1265 1271 1270
f 1273 1278 1279
f 1265 1272 1271
f 1273 1279 1280
f 1281 1282 1290
f 1281 1290 1289
f 1282 1283 1291
f 1282 1291 1290
f 1283 1284 1292
f 1283 1292 1291
f 1284 1285 1293
f 1284 1293 1292
f 1285 1286 1294
f 1285 1294 1293
f 1286 1287 1295
f 1286 1295 1294
f 1287 1288 1296
f 1287 1296 1295
f 1288 1281 1289
f 1288 1289 1296
f 1281 1283 1282
f 1289 1290 1291
f 1281 1284 1283
f 1289 1291 1292
f 1281 1285 1284
f 1289 1292 1293
f 1281 1286 1285
f 1289 1293 1294
f 1281 1287 1286
f 1289 1294 1295
f 1281 1288 1287
f 1289 1295 1296
f 1297 1298 1306
f 1297 1306 1305
f 1298 1299 1307
f 1298 1307 1306
f 1299 1300 1308
f 1299 1308 1307
f 1300 1301 1309
f 1300 1309 1308
f 1301 1302 1310
f 1301 1310 1309
f 1302 1303 1311
f 1302 1311 1310
f 1303 1304 1312
f 1303 1312 1311
f 1304 1297 1305
f 1304 1305 1312
f 1297 1299 1298
f 1305 1306 1307
f 1297 1300 1299
f 1305 1307 1308
f 1297 1301 1300
f 1305 1308 1309
f 1297 1302 1301
f 1305 1309 1310
f 1297 1303 1302
f 1305 1310 1311
f 1297 1304 1303
f 1305 1311 1312
f 1313 1314 1322
f 1313 1322 1321
f 1314 1315 1323
f 1314 1323 1322
f 1315 1316 1324
f 1315 1324 1323
f 1316 1317 1325
f 1316 1325 1324
f 1317 1318 1326
f 1317 1326 1325
f 1318 1319 1327
f 1318 1327 1326
f 1319 1320 1328
f 1319 1328 1327
f 1320 1313 1321
f 1320 1321 1328
f 1313 1315 1314
f 1321 1322 1323
f 1313 1316 1315
f 1321 1323 1324
f 1313 1317 1316
f 1321 1324 1325
f 1313 1318 1317
f 1321 1325 1326
f 1313 1319 1318
f 1321 1326 1327
f 1313 1320 1319
f 1321 1327 1328
f 1329 1330 1338
f 1329 1338 1337
f 1330 1331 1339
f 1330 1339 1338
f 1331 1332 1340
f 1331 1340 1339
f 1332 1333 1341
f 1332 1341 1340
f 1333 1334 1342
f 1333 1342 1341
f 1334 1335 1343
f 1334 1343 1342
f 1335 1336 1344
f 1335 1344 1343
f 1336 1329 1337
f 1336 1337 1344
f 1329 1331 1330
f 1337 1338 1339
f 1329 1332 1331
f 1337 1339 1340
f 1329 1333 1332
f 1337 1340 1341
f 1329 1334 1333
f 1337 1341 1342
f 1329 1335 1334
f 1337 1342 1343
f 1329 1336 1335
f 1337 1343 1344
f 1345 1346 1354
f 1345 1354 1353
f 1346 1347 1355
f 1346 1355 1354
f 1347 1348 1356
f 1347 1356 1355
f 1348 1349 1357
f 1348 1357 1356
f 1349 1350 1358
f 1349 1358 1357
f 1350 1351 1359
f 1350 1359 1358
f 1351 1352 1360
f 1351 1360 1359
f 1352 1345 1353
f 1352 1353 1360
f 1345 1347 1346
f 1353 1354 1355
f 1345 1348 1347
f 1353 1355 1356
f 1345 1349 1348
f 1353 1356 1357
f 1345 1350 1349
f 1353 1357 1358
f 1345 1351 1350
f 1353 1358 1359
f 1345 1352 1351
f 1353 1359 1360
f 1361 1362 1370
f 1361 1370 1369
f 1362 1363 1371
f 1362 1371 1370
f 1363 1364 1372
f 1363 1372 1371
f 1364 1365 1373
f 1364 1373 1372
f 1365 1366 1374
f 1365 1374 1373
f 1366 1367 1375
f 1366 1375 1374
f 1367 1368 1376
f 1367 1376 1375
f 1368 1361 1369
f 1368 1369 1376
f 1361 1363 1362
f 1369 1370 1371
f 1361 1364 1363
f 1369 1371 1372
f 1361 1365 1364
f 1369 1372 1373
f 1361 1366 1365
f 1369 1373 1374
f 1361 1367 1366
f 1369 1374 1375
f 1361 1368 1367
f 1369 1375 1376
f 1377 1378 1386
f 1377 1386 1385
f 1378 1379 1387
f 1378 1387 1386
f 1379 1380 1388
f 1379 1388 1387
f 1380 1381 1389
f 1380 1389 1388
f 1381 1382 1390
f 1381 1390 1389
f 1382 1383 1391
f 1382 1391 1390
f 1383 1384 1392
f 1383 1392 1391
f 1384 1377 1385
f 1384 1385 1392
f 1377 1379 1378
f 1385 1386 1387
f 1377 1380 1379
f 1385 1387 1388
f 1377 1381 1380
f 1385 1388 1389
f 1377 1382 1381
f 1385 1389 1390
f 1377 1383 1382
f 1385 1390 1391
f 1377 1384 1383
f 1385 1391 1392
f 1393 1394 1402
f 1393 1402 1401
f 1394 1395 1403
f 1394 1403 1402
f 1395 1396 1404
f 1395 1404 1403
f 1396 1397 1405
f 1396 1405 1404
f 1397 1398 1406
f 1397 1406 1405
f 1398 1399 1407
f 1398 1407 1406
f 1399 1400 1408
f 1399 1408 1407
f 1400 1393 1401
f 1400 1401 1408
f 1393 1395 1394
f 1401 1402 1403
f 1393 1396 1395
f 1401 1403 1404
f 1393 1397 1396
f 1401 1404 1405
f 1393 1398 1397
f 1401 1405 1406
f 1393 1399 1398
f 1401 1406 1407
f 1393 1400 1399
f 1401 1407 1408
f 1409 1410 1418
f 1409 1418 1417
f 1410 1411 1419
f 1410 1419 1418
f 1411 1412 1420
f 1411 1420 1419
f 1412 1413 1421
f 1412 1421 1420
f 1413 1414 1422
f 1413 1422 1421
f 1414 1415 1423
f 1414 1423 1422
f 1415 1416 1424
f 1415 1424 1423
f 1416 1409 1417
f 1416 1417 1424
f 1409 1411 1410
f 1417 1418 1419
f 1409 1412 1411
f 1417 1419 1420
f 1409 1413 1412
f 1417 1420 1421
f 1409 1414 1413
f 1417 1421 1422
f 1409 1415 1414
f 1417 1422 1423
f 1409 1416 1415
f 1417 1423 1424
f 1425 1426 1434
f 1425 1434 1433
f 1426 1427 1435
f 1426 1435 1434
f 1427 1428 1436
f 1427 1436 1435
f 1428 1429 1437
f 1428 1437 1436
f 1429 1430 1438
f 1429 1438 1437
f 1430 1431 1439
f 1430 1439 1438
f 1431 1432 1440
f 1431 1440 1439
f 1432 1425 1433
f 1432 1433 1440
f 1425 1427 1426
f 1433 1434 1435
f 1425 1428 1427
f 1433 1435 1436
f 1425 1429 1428
f 1433 1436 1437
f 1425 1430 1429
f 1433 1437 1438
f 1425 1431 1430
f 1433 1438 1439
f 1425 1432 1431
f 1433 1439 1440
f 1441 1442 1450
f 1441 1450 1449
f 1442 1443 1451
f 1442 1451 1450
f 1443 1444 1452
f 1443 1452 1451
f 1444 1445 1453
f 1444 1453 1452
f 1445 1446 1454
f 1445 1454 1453
f 1446 1447 1455
f 1446 1455 1454
f 1447 1448 1456
f 1447 1456 1455
f 1448 1441 1449
f 1448 1449 1456
f 1441 1443 1442
f 1449 1450 1451
f 1441 1444 1443
f 1449 1451 1452
f 1441 1445 1444
f 1449 1452 1453
f 1441 1446 1445
f 1449 1453 1454
f 1441 1447 1446
f 1449 1454 1455
f 1441 1448 1447
f 1449 1455 1456
f 1457 1458 1466
f 1457 1466 1465
f 1458 1459 1467
f 1458 1467 1466
f 1459 1460 1468
f 1459 1468 1467
f 1460 1461 1469
f 1460 1469 1468
f 1461 1462 1470
f 1461 1470 1469
f 1462 1463 1471
f 1462 1471 1470
f 1463 1464 1472
f 1463 1472 1471
f 1464 1457 1465
f 1464 1465 1472
f 1457 1459 1458
f 1465 1466 1467
f 1457 1460 1459
f 1465 1467 1468
f 1457 1461 1460
f 1465 1468 1469
f 1457 1462 1461
f 1465 1469 1470
f 1457 1463 1462
f 1465 1470 1471
f 1457 1464 1463
f 1465 1471 1472
f 1473 1474 1482
f 1473 1482 1481
f 1474 1475 1483
f 1474 1483 1482
f 1475 1476 1484
f 1475 1484 1483
f 1476 1477 1485
f 1476 1485 1484
f 1477 1478 1486
f 1477 1486 1485
f 1478 1479 1487
f 1478 1487 1486
f 1479 1480 1488
f 1479 1488 1487
f 1480 1473 1481
f 1480 1481 1488
f 1473 1475 1474
f 1481 1482 1483
f 1473 1476 1475
f 1481 1483 1484
f 1473 1477 1476
f 1481 1484 1485
f 1473 1478 1477
f 1481 1485 1486
f 1473 1479 1478
f 1481 1486 1487
f 1473 1480 1479
f 1481 1487 1488
f 1489 1490 1498
f 1489 1498 1497
f 1490 1491 1499
f 1490 1499 1498
f 1491 1492 1500
f 1491 1500 1499
f 1492 1493 1501
f 1492 1501 1500
f 1493 1494 1502
f 1493 1502 1501
f 1494 1495 1503
f 1494 1503 1502
f 1495 1496 1504
f 1495 1504 1503
f 1496 1489 1497
f 1496 1497 1504
f 1489 1491 1490
f 1497 1498 1499
f 1489 1492 1491
f 1497 1499 1500
f 1489 1493 1492
f 1497 1500 1501
f 1489 1494 1493
f 1497 1501 1502
f 1489 1495 1494
f 1497 1502 1503
f 1489 1496 1495
f 1497 1503 1504
f 1505 1506 1514
f 1505 1514 1513
f 1506 1507 1515
f 1506 1515 1514
f 1507 1508 1516
f 1507 1516 1515
f 1508 1509 1517
f 1508 1517 1516
f 1509 1510 1518
f 1509 1518 1517
f 1510 1511 1519
f 1510 1519 1518
f 1511 1512 1520
f 1511 1520 1519
f 1512 1505 1513
f 1512 1513 1520
f 1505 1507 1506
f 1513 1514 1515
f 1505 1508 1507
f 1513 1515 1516
f 1505 1509 1508
f 1513 1516 1517
f 1505 1510 1509
f 1513 1517 1518
f 1505 1511 1510
f 1513 1518 1519
f 1505 1512 1511
f 1513 1519 1520
f 1521 1522 1530
f 1521 1530 1529
f 1522 1523 1531
f 1522 1531 1530
f 1523 1524 1532
f 1523 1532 1531
f 1524 1525 1533
f 1524 1533 1532
f 1525 1526 1534
f 1525 1534 1533
f 1526 1527 1535
f 1526 1535 1534
f 1527 1528 1536
f 1527 1536 1535
f 1528 1521 1529
f 1528 1529 1536
f 1521 1523 1522
f 1529 1530 1531
f 1521 1524 1523
f 1529 1531 1532
f 1521 1525 1524
f 1529 1532 1533
f 1521 1526 1525
f 1529 1533 1534
f 1521 1527 1526
f 1529 1534 1535
f 1521 1528 1527
f 1529 1535 1536
f 1537 1538 1546
f 1537 1546 1545
f 1538 1539 1547
f 1538 1547 1546
f 1539 1540 1548
f 1539 1548 1547
f 1540 1541 1549
f 1540 1549 1548
f 1541 1542 1550
f 1541 1550 1549
f 1542 1543 1551
f 1542 1551 1550
f 1543 1544 1552
f 1543 1552 1551
f 1544 1537 1545
f 1544 1545 1552
f 1537 1539 1538
f 1545 1546 1547
f 1537 1540 1539
f 1545 1547 1548
f 1537 1541 1540
f 1545 1548 1549
f 1537 1542 1541
f 1545 1549 1550
f 1537 1543 1542
f 1545 1550 1551
f 1537 1544 1543
f 1545 1551 1552
f 1553 1554 1562
f 1553 1562 1561
f 1554 1555 1563
f 1554 1563 1562
f 1555 1556 1564
f 1555 1564 1563
f 1556 1557 1565
f 1556 1565 1564
f 1557 1558 1566
f 1557 1566 1565
f 1558 1559 1567
f 1558 1567 1566
f 1559 1560 1568
f 1559 1568 1567
f 1560 1553 1561
f 1560 1561 1568
f 1553 1555 1554
f 1561 1562 1563
f 1553 1556 1555
f 1561 1563 1564
f 1553 1557 1556
f 1561 1564 1565
f 1553 1558 1557
f 1561 1565 1566
f 1553 1559 1558
f 1561 1566 1567
f 1553 1560 1559
f 1561 1567 1568
f 1569 1570 1578
f 1569 1578 1577
f 1570 1571 1579
f 1570 1579 1578
f 1571 1572 1580
f 1571 1580 1579
f 1572 1573 1581
f 1572 1581 1580
f 1573 1574 1582
f 1573 1582 1581
f 1574 1575 1583
f 1574 1583 1582
f 1575 1576 1584
f 1575 1584 1583
f 1576 1569 1577
f 1576 1577 1584
f 1569 1571 1570
f 1577 1578 1579
f 1569 1572 1571
f 1577 1579 1580
f 1569 1573 1572
f 1577 1580 1581
f 1569 1574 1573
f 1577 1581 1582
f 1569 1575 1574
f 1577 1582 1583
f 1569 1576 1575
f 1577 1583 1584
f 1585 1586 1594
f 1585 1594 1593
f 1586 1587 1595
f 1586 1595 1594
f 1587 1588 1596
f 1587 1596 1595
f 1588 1589 1597
f 1588 1597 1596
f 1589 1590 1598
f 1589 1598 1597
f 1590 1591 1599
f 1590 1599 1598
f 1591 1592 1600
f 1591 1600 1599
f 1592 1585 1593
f 1592 1593 1600
f 1585 1587 1586
f 1593 1594 1595
f 1585 1588 1587
f 1593 1595 1596
f 1585 1589 1588
f 1593 1596 1597
f 1585 1590 1589
f 1593 1597 1598
f 1585 1591 1590
f 1593 1598 1599
f 1585 1592 1591
f 1593 1599 1600
f 1601 1602 1610
f 1601 1610 1609
f 1602 1603 1611
f 1602 1611 1610
f 1603 1604 1612
f 1603 1612 1611
f 1604 1605 1613
f 1604 1613 1612
f 1605 1606 1614
f 1605 1614 1613
f 1606 1607 1615
f 1606 1615 1614
f 1607 1608 1616
f 1607 1616 1615
f 1608 1601 1609
f 1608 1609 1616
f 1601 1603 1602
f 1609 1610 1611
f 1601 1604 1603
f 1609 1611 1612
f 1601 1605 1604
f 1609 1612 1613
f 1601 1606 1605
f 1609 1613 1614
f 1601 1607 1606
f 1609 1614 1615
f 1601 1608 1607
f 1609 1615 1616
f 1617 1618 1626
f 1617 1626 1625
f 1618 1619 1627
f 1618 1627 1626
f 1619 1620 1628
f 1619 1628 1627
f 1620 1621 1629
f 1620 1629 1628
f 1621 1622 1630
f 1621 1630 1629
f 1622 1623 1631
f 1622 1631 1630
f 1623 1624 1632
f 1623 1632 1631
f 1624 1617 1625
f 1624 1625 1632
f 1617 1619 1618
f 1625 1626 1627
f 1617 1620 1619
f 1625 1627 1628
f 1617 1621 1620
f 1625 1628 1629
f 1617 1622 1621
f 1625 1629 1630
f 1617 1623 1622
f 1625 1630 1631
f 1617 1624 1623
f 1625 1631 1632
f 1633 1634 1642
f 1633 1642 1641
f 1634 1635 1643
f 1634 1643 1642
f 1635 1636 1644
f 1635 1644 1643
f 1636 1637 1645
f 1636 1645 1644
f 1637 1638 1646
f 1637 1646 1645
f 1638 1639 1647
f 1638 1647 1646
f 1639 1640 1648
f 1639 1648 1647
f 1640 1633 1641
f 1640 1641 1648
f 1633 1635 1634
f 1641 1642 1643
f 1633 1636 1635
f 1641 1643 1644
f 1633 1637 1636
f 1641 1644 1645
f 1633 1638 1637
f 1641 1645 1646
f 1633 1639 1638
f 1641 1646 1647
f 1633 1640 1639
f 1641 1647 1648
f 1649 1650 1658
f 1649 1658 1657
f 1650 1651 1659
f 1650 1659 1658
f 1651 1652 1660
f 1651 1660 1659
f 1652 1653 1661
f 1652 1661 1660
f 1653 1654 1662
f 1653 1662 1661
f 1654 1655 1663
f 1654 1663 1662
f 1655 1656 1664
f 1655 1664 1663
f 1656 1649 1657
f 1656 1657 1664
f 1649 1651 1650
f 1657 1658 1659
f 1649 1652 1651
f 1657 1659 1660
f 1649 1653 1652
f 1657 1660 1661
f 1649 1654 1653
f 1657 1661 1662
f 1649 1655 1654
f 1657 1662 1663
f 1649 1656 1655
f 1657 1663 1664
f 1665 1666 1674
f 1665 1674 1673
f 1666 1667 1675
f 1666 1675 1674
f 1667 1668 1676
f 1667 1676 1675
f 1668 1669 1677
f 1668 1677 1676
f 1669 1670 1678
f 1669 1678 1677
f 1670 1671 1679
f 1670 1679 1678
f 1671 1672 1680
f 1671 1680 1679
f 1672 1665 1673
f 1672 1673 1680
f 1665 1667 1666
f 1673 1674 1675
f 1665 1668 1667
f 1673 1675 1676
f 1665 1669 1668
f 1673 1676 1677
f 1665 1670 1669
f 1673 1677 1678
f 1665 1671 1670
f 1673 1678 1679
f 1665 1672 1671
f 1673 1679 1680
f 1681 1682 1690
f 1681 1690 1689
f 1682 1683 1691
f 1682 1691 1690
f 1683 1684 1692
f 1683 1692 1691
f 1684 1685 1693
f 1684 1693 1692
f 1685 1686 1694
f 1685 1694 1693
f 1686 1687 1695
f 1686 1695 1694
f 1687 1688 1696
f 1687 1696 1695
f 1688 1681 1689
f 1688 1689 1696
f 1681 1683 1682
f 1689 1690 1691
f 1681 1684 1683
f 1689 1691 1692
f 1681 1685 1684
f 1689 1692 1693
f 1681 1686 1685
f 1689 1693 1694
f 1681 1687 1686
f 1689 1694 1695
f 1681 1688 1687
f 1689 1695 1696
f 1697 1698 1706
f 1697 1706 1705
f 1698 1699 1707
f 1698 1707 1706
f 1699 1700 1708
f 1699 1708 1707
f 1700 1701 1709
f 1700 1709 1708
f 1701 1702 1710
f 1701 1710 1709
f 1702 1703 1711
f 1702 1711 1710
f 1703 1704 1712
f 1703 1712 1711
f 1704 1697 1705
f 1704 1705 1712
f 1697 1699 1698
f 1705 1706 1707
f 1697 1700 1699
f 1705 1707 1708
f 1697 1701 1700
f 1705 1708 1709
f 1697 1702 1701
f 1705 1709 1710
f 1697 1703 1702
f 1705 1710 1711
f 1697 1704 1703
f 1705 1711 1712
f 1713 1714 1722
f 1713 1722 1721
f 1714 1715 1723
f 1714 1723 1722
f 1715 1716 1724
f 1715 1724 1723
f 1716 1717 1725
f 1716 1725 1724
f 1717 1718 1726
f 1717 1726 1725
f 1718 1719 1727
f 1718 1727 1726
f 1719 1720 1728
f 1719 1728 1727
f 1720 1713 1721
f 1720 1721 1728
f 1713 1715 1714
f 1721 1722 1723
f 1713 1716 1715
f 1721 1723 1724
f 1713 1717 1716
f 1721 1724 1725
f 1713 1718 1717
f 1721 1725 1726
f 1713 1719 1718
f 1721 1726 1727
f 1713 1720 1719
f 1721 1727 1728
f 1729 1730 1738
f 1729 1738 1737
f 1730 1731 1739
f 1730 1739 1738
f 1731 1732 1740
f 1731 1740 1739
f 1732 1733 1741
f 1732 1741 1740
f 1733 1734 1742
f 1733 1742 1741
f 1734 1735 1743
f 1734 1743 1742
f 1735 1736 1744
f 1735 1744 1743
f 1736 1729 1737
f 1736 1737 1744
f 1729 1731 1730
f 1737 1738 1739
f 1729 1732 1731
f 1737 1739 1740
f 1729 1733 1732
f 1737 1740 1741
f 1729 1734 1733
f 1737 1741 1742
f 1729 1735 1734
f 1737 1742 1743
f 1729 1736 1735
f 1737 1743 1744
f 1745 1746 1754
f 1745 1754 1753
f 1746 1747 1755
f 1746 1755 1754
f 1747 1748 1756
f 1747 1756 1755
f 1748 1749 1757
f 1748 1757 1756
f 1749 1750 1758
f 1749 1758 1757
f 1750 1751 1759
f 1750 1759 1758
f 1751 1752 1760
f 1751 1760 1759
f 1752 1745 1753
f 1752 1753 1760
f 1745 1747 1746
f 1753 1754 1755
f 1745 1748 1747
f 1753 1755 1756
f 1745 1749 1748
f 1753 1756 1757
f 1745 1750 1749
f 1753 1757 1758
f 1745 1751 1750
f 1753 1758 1759
f 1745 1752 1751
f 1753 1759 1760
f 1761 1762 1770
f 1761 1770 1769
f 1762 1763 1771
f 1762 1771 1770
f 1763 1764 1772
f 1763 1772 1771
f 1764 1765 1773
f 1764 1773 1772
f 1765 1766 1774
f 1765 1774 1773
f 1766 1767 1775
f 1766 1775 1774
f 1767 1768 1776
f 1767 1776 1775
f 1768 1761 1769
f 1768 1769 1776
f 1761 1763 1762
f 1769 1770 1771
f 1761 1764 1763
f 1769 1771 1772
f 1761 1765 1764
f 1769 1772 1773
f 1761 1766 1765
f 1769 1773 1774
f 1761 1767 1766
f 1769 1774 1775
f 1761 1768 1767
f 1769 1775 1776
f 1777 1778 1786
f 1777 1786 1785
f 1778 1779 1787
f 1778 1787 1786
f 1779 1780 1788
f 1779 1788 1787
f 1780 1781 1789
f 1780 1789 1788
f 1781 1782 1790
f 1781 1790 1789
f 1782 1783 1791
f 1782 1791 1790
f 1783 1784 1792
f 1783 1792 1791
f 1784 1777 1785
f 1784 1785 1792
f 1777 1779 1778
f 1785 1786 1787
f 1777 1780 1779
f 1785 1787 1788
f 1777 1781 1780
f 1785 1788 1789
f 1777 1782 1781
f 1785 1789 1790
f 1777 1783 1782
f 1785 1790 1791
f 1777 1784 1783
f 1785 1791 1792
f 1793 1794 1802
f 1793 1802 1801
f 1794 1795 1803
f 1794 1803 1802
f 1795 1796 1804
f 1795 1804 1803
f 1796 1797 1805
f 1796 1805 1804
f 1797 1798 1806
f 1797 1806 1805
f 1798 1799 1807
f 1798 1807 1806
f 1799 1800 1808
f 1799 1808 1807
f 1800 1793 1801
f 1800 1801 1808
f 1793 1795 1794
f 1801 1802 1803
f 1793 1796 1795
f 1801 1803 1804
f 1793 1797 1796
f 1801 1804 1805
f 1793 1798 1797
f 1801 1805 1806
f 1793 1799 1798
f 1801 1806 1807
f 1793 1800 1799
f 1801 1807 1808
f 1809 1810 1818
f 1809 1818 1817
f 1810 1811 1819
f 1810 1819 1818
f 1811 1812 1820
f 1811 1820 1819
f 1812 1813 1821
f 1812 1821 1820
f 1813 1814 1822
f 1813 1822 1821
f 1814 1815 1823
f 1814 1823 1822
f 1815 1816 1824
f 1815 1824 1823
f 1816 1809 1817
f 1816 1817 1824
f 1809 1811 1810
f 1817 1818 1819
f 1809 1812 1811
f 1817 1819 1820
f 1809 1813 1812
f 1817 1820 1821
f 1809 1814 1813
f 1817 1821 1822
f 1809 1815 1814
f 1817 1822 1823
f 1809 1816 1815
f 1817 1823 1824
f 1825 1826 1834
f 1825 1834 1833
f 1826 1827 1835
f 1826 1835 1834
f 1827 1828 1836
f 1827 1836 1835
f 1828 1829 1837
f 1828 1837 1836
f 1829 1830 1838
f 1829 1838 1837
f 1830 1831 1839
f 1830 1839 1838
f 1831 1832 1840
f 1831 1840 1839
f 1832 1825 1833
f 1832 1833 1840
f 1825 1827 1826
f 1833 1834 1835
f 1825 1828 1827
f 1833 1835 1836
f 1825 1829 1828
f 1833 1836 1837
f 1825 1830 1829
f 1833 1837 1838
f 1825 1831 1830
f 1833 1838 1839
f 1825 1832 1831
f 1833 1839 1840
f 1841 1842 1850
f 1841 1850 1849
f 1842 1843 1851
f 1842 1851 1850
f 1843 1844 1852
f 1843 1852 1851
f 1844 1845 1853
f 1844 1853 1852
f 1845 1846 1854
f 1845 1854 1853
f 1846 1847 1855
f 1846 1855 1854
f 1847 1848 1856
f 1847 1856 1855
f 1848 1841 1849
f 1848 1849 1856
f 1841 1843 1842
f 1849 1850 1851
f 1841 1844 1843
f 1849 1851 1852
f 1841 1845 1844
f 1849 1852 1853
f 1841 1846 1845
f 1849 1853 1854
f 1841 1847 1846
f 1849 1854 1855
f 1841 1848 1847
f 1849 1855 1856
f 1857 1858 1866
f 1857 1866 1865
f 1858 1859 1867
f 1858 1867 1866
f 1859 1860 1868
f 1859 1868 1867
f 1860 1861 1869
f 1860 1869 1868
f 1861 1862 1870
f 1861 1870 1869
f 1862 1863 1871
f 1862 1871 1870
f 1863 1864 1872
f 1863 1872 1871
f 1864 1857 1865
f 1864 1865 1872
f 1857 1859 1858
f 1865 1866 1867
f 1857 1860 1859
f 1865 1867 1868
f 1857 1861 1860
f 1865 1868 1869
f 1857 1862 1861
f 1865 1869 1870
f 1857 1863 1862
f 1865 1870 1871
f 1857 1864 1863
f 1865 1871 1872
f 1873 1874 1882
f 1873 1882 1881
f 1874 1875 1883
f 1874 1883 1882
f 1875 1876 1884
f 1875 1884 1883
f 1876 1877 1885
f 1876 1885 1884
f 1877 1878 1886
f 1877 1886 1885
f 1878 1879 1887
f 1878 1887 1886
f 1879 1880 1888
f 1879 1888 1887
f 1880 1873 1881
f 1880 1881 1888
f 1873 1875 1874
f 1881 1882 1883
f 1873 1876 1875
f 1881 1883 1884
f 1873 1877 1876
f 1881 1884 1885
f 1873 1878 1877
f 1881 1885 1886
f 1873 1879 1878
f 1881 1886 1887
f 1873 1880 1879
f 1881 1887 1888
f 1889 1890 1898
f 1889 1898 1897
f 1890 1891 1899
f 1890 1899 1898
f 1891 1892 1900
f 1891 1900 1899
f 1892 1893 1901
f 1892 1901 1900
f 1893 1894 1902
f 1893 1902 1901
f 1894 1895 1903
f 1894 1903 1902
f 1895 1896 1904
f 1895 1904 1903
f 1896 1889 1897
f 1896 1897 1904
f 1889 1891 1890
f 1897 1898 1899
f 1889 1892 1891
f 1897 1899 1900
f 1889 1893 1892
f 1897 1900 1901
f 1889 1894 1893
f 1897 1901 1902
f 1889 1895 1894
f 1897 1902 1903
f 1889 1896 1895
f 1897 1903 1904
f 1905 1906 1914
f 1905 1914 1913
f 1906 1907 1915
f 1906 1915 1914
f 1907 1908 1916
f 1907 1916 1915
f 1908 1909 1917
f 1908 1917 1916
f 1909 1910 1918
f 1909 1918 1917
f 1910 1911 1919
f 1910 1919 1918
f 1911 1912 1920
f 1911 1920 1919
f 1912 1905 1913
f 1912 1913 1920
f 1905 1907 1906
f 1913 1914 1915
f 1905 1908 1907
f 1913 1915 1916
f 1905 1909 1908
f 1913 1916 1917
f 1905 1910 1909
f 1913 1917 1918
f 1905 1911 1910
f 1913 1918 1919
f 1905 1912 1911
f 1913 1919 1920
f 1921 1922 1930
f 1921 1930 1929
f 1922 1923 1931
f 1922 1931 1930
f 1923 1924 1932
f 1923 1932 1931
f 1924 1925 1933
f 1924 1933 1932
f 1925 1926 1934
f 1925 1934 1933
f 1926 1927 1935
f 1926 1935 1934
f 1927 1928 1936
f 1927 1936 1935
f 1928 1921 1929
f 1928 1929 1936
f 1921 1923 1922
f 1929 1930 1931
f 1921 1924 1923
f 1929 1931 1932
f 1921 1925 1924
f 1929 1932 1933
f 1921 1926 1925
f 1929 1933 1934
f 1921 1927 1926
f 1929 1934 1935
f 1921 1928 1927
f 1929 1935 1936
f 1937 1938 1946
f 1937 1946 1945
f 1938 1939 1947
f 1938 1947 1946
f 1939 1940 1948
f 1939 1948 1947
f 1940 1941 1949
f 1940 1949 1948
f 1941 1942 1950
f 1941 1950 1949
f 1942 1943 1951
f 1942 1951 1950
f 1943 1944 1952
f 1943 1952 1951
f 1944 1937 1945
f 1944 1945 1952
f 1937 1939 1938
f 1945 1946 1947
f 1937 1940 1939
f 1945 1947 1948
f 1937 1941 1940
f 1945 1948 1949
f 1937 1942 1941
f 1945 1949 1950
f 1937 1943 1942
f 1945 1950 1951
f 1937 1944 1943
f 1945 1951 1952
f 1953 1954 1962
f 1953 1962 1961
f 1954 1955 1963
f 1954 1963 1962
f 1955 1956 1964
f 1955 1964 1963
f 1956 1957 1965
f 1956 1965 1964
f 1957 1958 1966
f 1957 1966 1965
f 1958 1959 1967
f 1958 1967 1966
f 1959 1960 1968
f 1959 1968 1967
f 1960 1953 1961
f 1960 1961 1968
f 1953 1955 1954
f 1961 1962 1963
f 1953 1956 1955
f 1961 1963 1964
f 1953 1957 1956
f 1961 1964 1965
f 1953 1958 1957
f 1961 1965 1966
f 1953 1959 1958
f 1961 1966 1967
f 1953 1960 1959
f 1961 1967 1968
f 1969 1970 1978
f 1969 1978 1977
f 1970 1971 1979
f 1970 1979 1978
f 1971 1972 1980
f 1971 1980 1979
f 1972 1973 1981
f 1972 1981 1980
f 1973 1974 1982
f 1973 1982 1981
f 1974 1975 1983
f 1974 1983 1982
f 1975 1976 1984
f 1975 1984 1983
f 1976 1969 1977
f 1976 1977 1984
f 1969 1971 1970
f 1977 1978 1979
f 1969 1972 1971
f 1977 1979 1980
f 1969 1973 1972
f 1977 1980 1981
f 1969 1974 1973
f 1977 1981 1982
f 1969 1975 1974
f 1977 1982 1983
f 1969 1976 1975
f 1977 1983 1984
f 1985 1986 1994
f 1985 1994 1993
f 1986 1987 1995
f 1986 1995 1994
f 1987 1988 1996
f 1987 1996 1995
f 1988 1989 1997
f 1988 1997 1996
f 1989 1990 1998
f 1989 1998 1997
f 1990 1991 1999
f 1990 1999 1998
f 1991 1992 2000
f 1991 2000 1999
f 1992 1985 1993
f 1992 1993 2000
f 1985 1987 1986
f 1993 1994 1995
f 1985 1988 1987
f 1993 1995 1996
f 1985 1989 1988
f 1993 1996 1997
f 1985 1990 1989
f 1993 1997 1998
f 1985 1991 1990
f 1993 1998 1999
f 1985 1992 1991
f 1993 1999 2000
f 2001 2002 2010
f 2001 2010 2009
f 2002 2003 2011
f 2002 2011 2010
f 2003 2004 2012
f 2003 2012 2011
f 2004 2005 2013
f 2004 2013 2012
f 2005 2006 2014
f 2005 2014 2013
f 2006 2007 2015
f 2006 2015 2014
f 2007 2008 2016
f 2007 2016 2015
f 2008 2001 2009
f 2008 2009 2016
f 2001 2003 2002
f 2009 2010 2011
f 2001 2004 2003
f 2009 2011 2012
f 2001 2005 2004
f 2009 2012 2013
f 2001 2006 2005
f 2009 2013 2014
f 2001 2007 2006
f 2009 2014 2015
f 2001 2008 2007
f 2009 2015 2016
f 2017 2018 2026
f 2017 2026 2025
f 2018 2019 2027
f 2018 2027 2026
f 2019 2020 2028
f 2019 2028 2027
f 2020 2021 2029
f 2020 2029 2028
f 2021 2022 2030
f 2021 2030 2029
f 2022 2023 2031
f 2022 2031 2030
f 2023 2024 2032
f 2023 2032 2031
f 2024 2017 2025
f 2024 2025 2032
f 2017 2019 2018
f 2025 2026 2027
f 2017 2020 2019
f 2025 2027 2028
f 2017 2021 2020
f 2025 2028 2029
f 2017 2022 2021
f 2025 2029 2030
f 2017 2023 2022
f 2025 2030 2031
f 2017 2024 2023
f 2025 2031 2032
f 2033 2034 2042
f 2033 2042 2041
f 2034 2035 2043
f 2034 2043 2042
f 2035 2036 2044
f 2035 2044 2043
f 2036 2037 2045
f 2036 2045 2044
f 2037 2038 2046
f 2037 2046 2045
f 2038 2039 2047
f 2038 2047 2046
f 2039 2040 2048
f 2039 2048 2047
f 2040 2033 2041
f 2040 2041 2048
f 2033 2035 2034
f 2041 2042 2043
f 2033 2036 2035
f 2041 2043 2044
f 2033 2037 2036
f 2041 2044 2045
f 2033 2038 2037
f 2041 2045 2046
f 2033 2039 2038
f 2041 2046 2047
f 2033 2040 2039
f 2041 2047 2048
f 2049 2050 2058
f 2049 2058 2057
f 2050 2051 2059
f 2050 2059 2058
f 2051 2052 2060
f 2051 2060 2059
f 2052 2053 2061
f 2052 2061 2060
f 2053 2054 2062
f 2053 2062 2061
f 2054 2055 2063
f 2054 2063 2062
f 2055 2056 2064
f 2055 2064 2063
f 2056 2049 2057
f 2056 2057 2064
f 2049 2051 2050
f 2057 2058 2059
f 2049 2052 2051
f 2057 2059 2060
f 2049 2053 2052
f 2057 2060 2061
f 2049 2054 2053
f 2057 2061 2062
f 2049 2055 2054
f 2057 2062 2063
f 2049 2056 2055
f 2057 2063 2064
f 2065 2066 2074
f 2065 2074 2073
f 2066 2067 2075
f 2066 2075 2074
f 2067 2068 2076
f 2067 2076 2075
f 2068 2069 2077
f 2068 2077 2076
f 2069 2070 2078
f 2069 2078 2077
f 2070 2071 2079
f 2070 2079 2078
f 2071 2072 2080
f 2071 2080 2079
f 2072 2065 2073
f 2072 2073 2080
f 2065 2067 2066
f 2073 2074 2075
f 2065 2068 2067
f 2073 2075 2076
f 2065 2069 2068
f 2073 2076 2077
f 2065 2070 2069
f 2073 2077 2078
f 2065 2071 2070
f 2073 2078 2079
f 2065 2072 2071
f 2073 2079 2080
f 2081 2082 2090
f 2081 2090 2089
f 2082 2083 2091
f 2082 2091 2090
f 2083 2084 2092
f 2083 2092 2091
f 2084 2085 2093
f 2084 2093 2092
f 2085 2086 2094
f 2085 2094 2093
f 2086 2087 2095
f 2086 2095 2094
f 2087 2088 2096
f 2087 2096 2095
f 2088 2081 2089
f 2088 2089 2096
f 2081 2083 2082
f 2089 2090 2091
f 2081 2084 2083
f 2089 2091 2092
f 2081 2085 2084
f 2089 2092 2093
f 2081 2086 2085
f 2089 2093 2094
f 2081 2087 2086
f 2089 2094 2095
f 2081 2088 2087
f 2089 2095 2096
f 2097 2098 2106
f 2097 2106 2105
f 2098 2099 2107
f 2098 2107 2106
f 2099 2100 2108
f 2099 2108 2107
f 2100 2101 2109
f 2100 2109 2108
f 2101 2102 2110
f 2101 2110 2109
f 2102 2103 2111
f 2102 2111 2110
f 2103 2104 2112
f 2103 2112 2111
f 2104 2097 2105
f 2104 2105 2112
f 2097 2099 2098
f 2105 2106 2107
f 2097 2100 2099
f 2105 2107 2108
f 2097 2101 2100
f 2105 2108 2109
f 2097 2102 2101
f 2105 2109 2110
f 2097 2103 2102
f 2105 2110 2111
f 2097 2104 2103
f 2105 2111 2112
f 2113 2114 2122
f 2113 2122 2121
f 2114 2115 2123
f 2114 2123 2122
f 2115 2116 2124
f 2115 2124 2123
f 2116 2117 2125
f 2116 2125 2124
f 2117 2118 2126
f 2117 2126 2125
f 2118 2119 2127
f 2118 2127 2126
f 2119 2120 2128
f 2119 2128 2127
f 2120 2113 2121
f 2120 2121 2128
f 2113 2115 2114
f 2121 2122 2123
f 2113 2116 2115
f 2121 2123 2124
f 2113 2117 2116
f 2121 2124 2125
f 2113 2118 2117
f 2121 2125 2126
f 2113 2119 2118
f 2121 2126 2127
f 2113 2120 2119
f 2121 2127 2128
f 2129 2130 2138
f 2129 2138 2137
f 2130 2131 2139
f 2130 2139 2138
f 2131 2132 2140
f 2131 2140 2139
f 2132 2133 2141
f 2132 2141 2140
f 2133 2134 2142
f 2133 2142 2141
f 2134 2135 2143
f 2134 2143 2142
f 2135 2136 2144
f 2135 2144 2143
f 2136 2129 2137
f 2136 2137 2144
f 2129 2131 2130
f 2137 2138 2139
f 2129 2132 2131
f 2137 2139 2140
f 2129 2133 2132
f 2137 2140 2141
f 2129 2134 2133
f 2137 2141 2142
f 2129 2135 2134
f 2137 2142 2143
f 2129 2136 2135
f 2137 2143 2144
f 2145 2146 2154
f 2145 2154 2153
f 2146 2147 2155
f 2146 2155 2154
f 2147 2148 2156
f 2147 2156 2155
f 2148 2149 2157
f 2148 2157 2156
f 2149 2150 2158
f 2149 2158 2157
f 2150 2151 2159
f 2150 2159 2158
f 2151 2152 2160
f 2151 2160 2159
f 2152 2145 2153
f 2152 2153 2160
f 2145 2147 2146
f 2153 2154 2155
f 2145 2148 2147
f 2153 2155 2156
f 2145 2149 2148
f 2153 2156 2157
f 2145 2150 2149
f 2153 2157 2158
f 2145 2151 2150
f 2153 2158 2159
f 2145 2152 2151
f 2153 2159 2160
f 2161 2162 2170
f 2161 2170 2169
f 2162 2163 2171
f 2162 2171 2170
f 2163 2164 2172
f 2163 2172 2171
f 2164 2165 2173
f 2164 2173 2172
f 2165 2166 2174
f 2165 2174 2173
f 2166 2167 2175
f 2166 2175 2174
f 2167 2168 2176
f 2167 2176 2175
f 2168 2161 2169
f 2168 2169 2176
f 2161 2163 2162
f 2169 2170 2171
f 2161 2164 2163
f 2169 2171 2172
f 2161 2165 2164
f 2169 2172 2173
f 2161 2166 2165
f 2169 2173 2174
f 2161 2167 2166
f 2169 2174 2175
f 2161 2168 2167
f 2169 2175 2176
f 2177 2178 2186
f 2177 2186 2185
f 2178 2179 2187
f 2178 2187 2186
f 2179 2180 2188
f 2179 2188 2187
f 2180 2181 2189
f 2180 2189 2188
f 2181 2182 2190
f 2181 2190 2189
f 2182 2183 2191
f 2182 2191 2190
f 2183 2184 2192
f 2183 2192 2191
f 2184 2177 2185
f 2184 2185 2192
f 2177 2179 2178
f 2185 2186 2187
f 2177 2180 2179
f 2185 2187 2188
f 2177 2181 2180
f 2185 2188 2189
f 2177 2182 2181
f 2185 2189 2190
f 2177 2183 2182
f 2185 2190 2191
f 2177 2184 2183
f 2185 2191 2192
f 2193 2194 2202
f 2193 2202 2201
f 2194 2195 2203
f 2194 2203 2202
f 2195 2196 2204
f 2195 2204 2203
f 2196 2197 2205
f 2196 2205 2204
f 2197 2198 2206
f 2197 2206 2205
f 2198 2199 2207
f 2198 2207 2206
f 2199 2200 2208
f 2199 2208 2207
f 2200 2193 2201
f 2200 2201 2208
f 2193 2195 2194
f 2201 2202 2203
f 2193 2196 2195
f 2201 2203 2204
f 2193 2197 2196
f 2201 2204 2205
f 2193 2198 2197
f 2201 2205 2206
f 2193 2199 2198
f 2201 2206 2207
f 2193 2200 2199
f 2201 2207 2208
f 2209 2210 2218
f 2209 2218 2217
f 2210 2211 2219
f 2210 2219 2218
f 2211 2212 2220
f 2211 2220 2219
f 2212 2213 2221
f 2212 2221 2220
f 2213 2214 2222
f 2213 2222 2221
f 2214 2215 2223
f 2214 2223 2222
f 2215 2216 2224
f 2215 2224 2223
f 2216 2209 2217
f 2216 2217 2224
f 2209 2211 2210
f 2217 2218 2219
f 2209 2212 2211
f 2217 2219 2220
f 2209 2213 2212
f 2217 2220 2221
f 2209 2214 2213
f 2217 2221 2222
f 2209 2215 2214
f 2217 2222 2223
f 2209 2216 2215
f 2217 2223 2224
f 2225 2226 2234
f 2225 2234 2233
f 2226 2227 2235
f 2226 2235 2234
f 2227 2228 2236
f 2227 2236 2235
f 2228 2229 2237
f 2228 2237 2236
f 2229 2230 2238
f 2229 2238 2237
f 2230 2231 2239
f 2230 2239 2238
f 2231 2232 2240
f 2231 2240 2239
f 2232 2225 2233
f 2232 2233 2240
f 2225 2227 2226
f 2233 2234 2235
f 2225 2228 2227
f 2233 2235 2236
f 2225 2229 2228
f 2233 2236 2237
f 2225 2230 2229
f 2233 2237 2238
f 2225 2231 2230
f 2233 2238 2239
f 2225 2232 2231
f 2233 2239 2240
f 2241 2242 2250
f 2241 2250 2249
f 2242 2243 2251
f 2242 2251 2250
f 2243 2244 2252
f 2243 2252 2251
f 2244 2245 2253
f 2244 2253 2252
f 2245 2246 2254
f 2245 2254 2253
f 2246 2247 2255
f 2246 2255 2254
f 2247 2248 2256
f 2247 2256 2255
f 2248 2241 2249
f 2248 2249 2256
f 2241 2243 2242
f 2249 2250 2251
f 2241 2244 2243
f 2249 2251 2252
f 2241 2245 2244
f 2249 2252 2253
f 2241 2246 2245
f 2249 2253 2254
f 2241 2247 2246
f 2249 2254 2255
f 2241 2248 2247
f 2249 2255 2256
f 2257 2258 2266
f 2257 2266 2265
f 2258 2259 2267
f 2258 2267 2266
f 2259 2260 2268
f 2259 2268 2267
f 2260 2261 2269
f 2260 2269 2268
f 2261 2262 2270
f 2261 2270 2269
f 2262 2263 2271
f 2262 2271 2270
f 2263 2264 2272
f 2263 2272 2271
f 2264 2257 2265
f 2264 2265 2272
f 2257 2259 2258
f 2265 2266 2267
f 2257 2260 2259
f 2265 2267 2268
f 2257 2261 2260
f 2265 2268 2269
f 2257 2262 2261
f 2265 2269 2270
f 2257 2263 2262
f 2265 2270 2271
f 2257 2264 2263
f 2265 2271 2272
f 2273 2274 2282
f 2273 2282 2281
f 2274 2275 2283
f 2274 2283 2282
f 2275 2276 2284
f 2275 2284 2283
f 2276 2277 2285
f 2276 2285 2284
f 2277 2278 2286
f 2277 2286 2285
f 2278 2279 2287
f 2278 2287 2286
f 2279 2280 2288
f 2279 2288 2287
f 2280 2273 2281
f 2280 2281 2288
f 2273 2275 2274
f 2281 2282 2283
f 2273 2276 2275
f 2281 2283 2284
f 2273 2277 2276
f 2281 2284 2285
f 2273 2278 2277
f 2281 2285 2286
f 2273 2279 2278
f 2281 2286 2287
f 2273 2280 2279
f 2281 2287 2288
f 2289 2290 2298
f 2289 2298 2297
f 2290 2291 2299
f 2290 2299 2298
f 2291 2292 2300
f 2291 2300 2299
f 2292 2293 2301
f 2292 2301 2300
f 2293 2294 2302
f 2293 2302 2301
f 2294 2295 2303
f 2294 2303 2302
f 2295 2296 2304
f 2295 2304 2303
f 2296 2289 2297
f 2296 2297 2304
f 2289 2291 2290
f 2297 2298 2299
f 2289 2292 2291
f 2297 2299 2300
f 2289 2293 2292
f 2297 2300 2301
f 2289 2294 2293
f 2297 2301 2302
f 2289 2295 2294
f 2297 2302 2303
f 2289 2296 2295
f 2297 2303 2304
f 2305 2306 2314
f 2305 2314 2313
f 2306 2307 2315
f 2306 2315 2314
f 2307 2308 2316
f 2307 2316 2315
f 2308 2309 2317
f 2308 2317 2316
f 2309 2310 2318
f 2309 2318 2317
f 2310 2311 2319
f 2310 2319 2318
f 2311 2312 2320
f 2311 2320 2319
f 2312 2305 2313
f 2312 2313 2320
f 2305 2307 2306
f 2313 2314 2315
f 2305 2308 2307
f 2313 2315 2316
f 2305 2309 2308
f 2313 2316 2317
f 2305 2310 2309
f 2313 2317 2318
f 2305 2311 2310
f 2313 2318 2319
f 2305 2312 2311
f 2313 2319 2320
f 2321 2322 2330
f 2321 2330 2329
f 2322 2323 2331
f 2322 2331 2330
f 2323 2324 2332
f 2323 2332 2331
f 2324 2325 2333
f 2324 2333 2332
f 2325 2326 2334
f 2325 2334 2333
f 2326 2327 2335
f 2326 2335 2334
f 2327 2328 2336
f 2327 2336 2335
f 2328 2321 2329
f 2328 2329 2336
f 2321 2323 2322
f 2329 2330 2331
f 2321 2324 2323
f 2329 2331 2332
f 2321 2325 2324
f 2329 2332 2333
f 2321 2326 2325
f 2329 2333 2334
f 2321 2327 2326
f 2329 2334 2335
f 2321 2328 2327
f 2329 2335 2336
f 2337 2338 2346
f 2337 2346 2345
f 2338 2339 2347
f 2338 2347 2346
f 2339 2340 2348
f 2339 2348 2347
f 2340 2341 2349
f 2340 2349 2348
f 2341 2342 2350
f 2341 2350 2349
f 2342 2343 2351
f 2342 2351 2350
f 2343 2344 2352
f 2343 2352 2351
f 2344 2337 2345
f 2344 2345 2352
f 2337 2339 2338
f 2345 2346 2347
f 2337 2340 2339
f 2345 2347 2348
f 2337 2341 2340
f 2345 2348 2349
f 2337 2342 2341
f 2345 2349 2350
f 2337 2343 2342
f 2345 2350 2351
f 2337 2344 2343
f 2345 2351 2352
f 2353 2354 2362
f 2353 2362 2361
f 2354 2355 2363
f 2354 2363 2362
f 2355 2356 2364
f 2355 2364 2363
f 2356 2357 2365
f 2356 2365 2364
f 2357 2358 2366
f 2357 2366 2365
f 2358 2359 2367
f 2358 2367 2366
f 2359 2360 2368
f 2359 2368 2367
f 2360 2353 2361
f 2360 2361 2368
f 2353 2355 2354
f 2361 2362 2363
f 2353 2356 2355
f 2361 2363 2364
f 2353 2357 2356
f 2361 2364 2365
f 2353 2358 2357
f 2361 2365 2366
f 2353 2359 2358
f 2361 2366 2367
f 2353 2360 2359
f 2361 2367 2368
f 2369 2370 2378
f 2369 2378 2377
f 2370 2371 2379
f 2370 2379 2378
f 2371 2372 2380
f 2371 2380 2379
f 2372 2373 2381
f 2372 2381 2380
f 2373 2374 2382
f 2373 2382 2381
f 2374 2375 2383
f 2374 2383 2382
f 2375 2376 2384
f 2375 2384 2383
f 2376 2369 2377
f 2376 2377 2384
f 2369 2371 2370
f 2377 2378 2379
f 2369 2372 2371
f 2377 2379 2380
f 2369 2373 2372
f 2377 2380 2381
f 2369 2374 2373
f 2377 2381 2382
f 2369 2375 2374
f 2377 2382 2383
f 2369 2376 2375
f 2377 2383 2384
f 2385 2386 2394
f 2385 2394 2393
f 2386 2387 2395
f 2386 2395 2394
f 2387 2388 2396
f 2387 2396 2395
f 2388 2389 2397
f 2388 2397 2396
f 2389 2390 2398
f 2389 2398 2397
f 2390 2391 2399
f 2390 2399 2398
f 2391 2392 2400
f 2391 2400 2399
f 2392 2385 2393
f 2392 2393 2400
f 2385 2387 2386
f 2393 2394 2395
f 2385 2388 2387
f 2393 2395 2396
f 2385 2389 2388
f 2393 2396 2397
f 2385 2390 2389
f 2393 2397 2398
f 2385 2391 2390
f 2393 2398 2399
f 2385 2392 2391
f 2393 2399 2400
f 2401 2402 2410
f 2401 2410 2409
f 2402 2403 2411
f 2402 2411 2410
f 2403 2404 2412
f 2403 2412 2411
f 2404 2405 2413
f 2404 2413 2412
f 2405 2406 2414
f 2405 2414 2413
f 2406 2407 2415
f 2406 2415 2414
f 2407 2408 2416
f 2407 2416 2415
f 2408 2401 2409
f 2408 2409 2416
f 2401 2403 2402
f 2409 2410 2411
f 2401 2404 2403
f 2409 2411 2412
f 2401 2405 2404
f 2409 2412 2413
f 2401 2406 2405
f 2409 2413 2414
f 2401 2407 2406
f 2409 2414 2415
f 2401 2408 2407
f 2409 2415 2416
f 2417 2418 2426
f 2417 2426 2425
f 2418 2419 2427
f 2418 2427 2426
f 2419 2420 2428
f 2419 2428 2427
f 2420 2421 2429
f 2420 2429 2428
f 2421 2422 2430
f 2421 2430 2429
f 2422 2423 2431
f 2422 2431 2430
f 2423 2424 2432
f 2423 2432 2431
f 2424 2417 2425
f 2424 2425 2432
f 2417 2419 2418
f 2425 2426 2427
f 2417 2420 2419
f 2425 2427 2428
f 2417 2421 2420
f 2425 2428 2429
f 2417 2422 2421
f 2425 2429 2430
f 2417 2423 2422
f 2425 2430 2431
f 2417 2424 2423
f 2425 2431 2432
f 2433 2434 2442
f 2433 2442 2441
f 2434 2435 2443
f 2434 2443 2442
f 2435 2436 2444
f 2435 2444 2443
f 2436 2437 2445
f 2436 2445 2444
f 2437 2438 2446
f 2437 2446 2445
f 2438 2439 2447
f 2438 2447 2446
f 2439 2440 2448
f 2439 2448 2447
f 2440 2433 2441
f 2440 2441 2448
f 2433 2435 2434
f 2441 2442 2443
f 2433 2436 2435
f 2441 2443 2444
f 2433 2437 2436
f 2441 2444 2445
f 2433 2438 2437
f 2441 2445 2446
f 2433 2439 2438
f 2441 2446 2447
f 2433 2440 2439
f 2441 2447 2448
f 2449 2450 2458
f 2449 2458 2457
f 2450 2451 2459
f 2450 2459 2458
f 2451 2452 2460
f 2451 2460 2459
f 2452 2453 2461
f 2452 2461 2460
f 2453 2454 2462
f 2453 2462 2461
f 2454 2455 2463
f 2454 2463 2462
f 2455 2456 2464
f 2455 2464 2463
f 2456 2449 2457
f 2456 2457 2464
f 2449 2451 2450
f 2457 2458 2459
f 2449 2452 2451
f 2457 2459 2460
f 2449 2453 2452
f 2457 2460 2461
f 2449 2454 2453
f 2457 2461 2462
f 2449 2455 2454
f 2457 2462 2463
f 2449 2456 2455
f 2457 2463 2464
f 2465 2466 2474
f 2465 2474 2473
f 2466 2467 2475
f 2466 2475 2474
f 2467 2468 2476
f 2467 2476 2475
f 2468 2469 2477
f 2468 2477 2476
f 2469 2470 2478
f 2469 2478 2477
f 2470 2471 2479
f 2470 2479 2478
f 2471 2472 2480
f 2471 2480 2479
f 2472 2465 2473
f 2472 2473 2480
f 2465 2467 2466
f 2473 2474 2475
f 2465 2468 2467
f 2473 2475 2476
f 2465 2469 2468
f 2473 2476 2477
f 2465 2470 2469
f 2473 2477 2478
f 2465 2471 2470
f 2473 2478 2479
f 2465 2472 2471
f 2473 2479 2480
f 2481 2482 2490
f 2481 2490 2489
f 2482 2483 2491
f 2482 2491 2490
f 2483 2484 2492
f 2483 2492 2491
f 2484 2485 2493
f 2484 2493 2492
f 2485 2486 2494
f 2485 2494 2493
f 2486 2487 2495
f 2486 2495 2494
f 2487 2488 2496
f 2487 2496 2495
f 2488 2481 2489
f 2488 2489 2496
f 2481 2483 2482
f 2489 2490 2491
f 2481 2484 2483
f 2489 2491 2492
f 2481 2485 2484
f 2489 2492 2493
f 2481 2486 2485
f 2489 2493 2494
f 2481 2487 2486
f 2489 2494 2495
f 2481 2488 2487
f 2489 2495 2496
f 2497 2498 2506
f 2497 2506 2505
f 2498 2499 2507
f 2498 2507 2506
f 2499 2500 2508
f 2499 2508 2507
f 2500 2501 2509
f 2500 2509 2508
f 2501 2502 2510
f 2501 2510 2509
f 2502 2503 2511
f 2502 2511 2510
f 2503 2504 2512
f 2503 2512 2511
f 2504 2497 2505
f 2504 2505 2512
f 2497 2499 2498
f 2505 2506 2507
f 2497 2500 2499
f 2505 2507 2508
f 2497 2501 2500
f 2505 2508 2509
f 2497 2502 2501
f 2505 2509 2510
f 2497 2503 2502
f 2505 2510 2511
f 2497 2504 2503
f 2505 2511 2512
f 2513 2514 2522
f 2513 2522 2521
f 2514 2515 2523
f 2514 2523 2522
f 2515 2516 2524
f 2515 2524 2523
f 2516 2517 2525
f 2516 2525 2524
f 2517 2518 2526
f 2517 2526 2525
f 2518 2519 2527
f 2518 2527 2526
f 2519 2520 2528
f 2519 2528 2527
f 2520 2513 2521
f 2520 2521 2528
f 2513 2515 2514
f 2521 2522 2523
f 2513 2516 2515
f 2521 2523 2524
f 2513 2517 2516
f 2521 2524 2525
f 2513 2518 2517
f 2521 2525 2526
f 2513 2519 2518
f 2521 2526 2527
f 2513 2520 2519
f 2521 2527 2528
f 2529 2530 2538
f 2529 2538 2537
f 2530 2531 2539
f 2530 2539 2538
f 2531 2532 2540
f 2531 2540 2539
f 2532 2533 2541
f 2532 2541 2540
f 2533 2534 2542
f 2533 2542 2541
f 2534 2535 2543
f 2534 2543 2542
f 2535 2536 2544
f 2535 2544 2543
f 2536 2529 2537
f 2536 2537 2544
f 2529 2531 2530
f 2537 2538 2539
f 2529 2532 2531
f 2537 2539 2540
f 2529 2533 2532
f 2537 2540 2541
f 2529 2534 2533
f 2537 2541 2542
f 2529 2535 2534
f 2537 2542 2543
f 2529 2536 2535
f 2537 2543 2544
f 2545 2546 2554
f 2545 2554 2553
f 2546 2547 2555
f 2546 2555 2554
f 2547 2548 2556
f 2547 2556 2555
f 2548 2549 2557
f 2548 2557 2556
f 2549 2550 2558
f 2549 2558 2557
f 2550 2551 2559
f 2550 2559 2558
f 2551 2552 2560
f 2551 2560 2559
f 2552 2545 2553
f 2552 2553 2560
f 2545 2547 2546
f 2553 2554 2555
f 2545 2548 2547
f 2553 2555 2556
f 2545 2549 2548
f 2553 2556 2557
f 2545 2550 2549
f 2553 2557 2558
f 2545 2551 2550
f 2553 2558 2559
f 2545 2552 2551
f 2553 2559 2560
f 2561 2562 2570
f 2561 2570 2569
f 2562 2563 2571
f 2562 2571 2570
f 2563 2564 2572
f 2563 2572 2571
f 2564 2565 2573
f 2564 2573 2572
f 2565 2566 2574
f 2565 2574 2573
f 2566 2567 2575
f 2566 2575 2574
f 2567 2568 2576
f 2567 2576 2575
f 2568 2561 2569
f 2568 2569 2576
f 2561 2563 2562
f 2569 2570 2571
f 2561 2564 2563
f 2569 2571 2572
f 2561 2565 2564
f 2569 2572 2573
f 2561 2566 2565
f 2569 2573 2574
f 2561 2567 2566
f 2569 2574 2575
f 2561 2568 2567
f 2569 2575 2576
f 2577 2578 2586
f 2577 2586 2585
f 2578 2579 2587
f 2578 2587 2586
f 2579 2580 2588
f 2579 2588 2587
f 2580 2581 2589
f 2580 2589 2588
f 2581 2582 2590
f 2581 2590 2589
f 2582 2583 2591
f 2582 2591 2590
f 2583 2584 2592
f 2583 2592 2591
f 2584 2577 2585
f 2584 2585 2592
f 2577 2579 2578
f 2585 2586 2587
f 2577 2580 2579
f 2585 2587 2588
f 2577 2581 2580
f 2585 2588 2589
f 2577 2582 2581
f 2585 2589 2590
f 2577 2583 2582
f 2585 2590 2591
f 2577 2584 2583
f 2585 2591 2592
f 2593 2594 2602
f 2593 2602 2601
f 2594 2595 2603
f 2594 2603 2602
f 2595 2596 2604
f 2595 2604 2603
f 2596 2597 2605
f 2596 2605 2604
f 2597 2598 2606
f 2597 2606 2605
f 2598 2599 2607
f 2598 2607 2606
f 2599 2600 2608
f 2599 2608 2607
f 2600 2593 2601
f 2600 2601 2608
f 2593 2595 2594
f 2601 2602 2603
f 2593 2596 2595
f 2601 2603 2604
f 2593 2597 2596
f 2601 2604 2605
f 2593 2598 2597
f 2601 2605 2606
f 2593 2599 2598
f 2601 2606 2607
f 2593 2600 2599
f 2601 2607 2608
f 2609 2610 2618
f 2609 2618 2617
f 2610 2611 2619
f 2610 2619 2618
f 2611 2612 2620
f 2611 2620 2619
f 2612 2613 2621
f 2612 2621 2620
f 2613 2614 2622
f 2613 2622 2621
f 2614 2615 2623
f 2614 2623 2622
f 2615 2616 2624
f 2615 2624 2623
f 2616 2609 2617
f 2616 2617 2624
f 2609 2611 2610
f 2617 2618 2619
f 2609 2612 2611
f 2617 2619 2620
f 2609 2613 2612
f 2617 2620 2621
f 2609 2614 2613
f 2617 2621 2622
f 2609 2615 2614
f 2617 2622 2623
f 2609 2616 2615
f 2617 2623 2624
f 2625 2626 2634
f 2625 2634 2633
f 2626 2627 2635
f 2626 2635 2634
f 2627 2628 2636
f 2627 2636 2635
f 2628 2629 2637
f 2628 2637 2636
f 2629 2630 2638
f 2629 2638 2637
f 2630 2631 2639
f 2630 2639 2638
f 2631 2632 2640
f 2631 2640 2639
f 2632 2625 2633
f 2632 2633 2640
f 2625 2627 2626
f 2633 2634 2635
f 2625 2628 2627
f 2633 2635 2636
f 2625 2629 2628
f 2633 2636 2637
f 2625 2630 2629
f 2633 2637 2638
f 2625 2631 2630
f 2633 2638 2639
f 2625 2632 2631
f 2633 2639 2640
f 2641 2642 2650
f 2641 2650 2649
f 2642 2643 2651
f 2642 2651 2650
f 2643 2644 2652
f 2643 2652 2651
f 2644 2645 2653
f 2644 2653 2652
f 2645 2646 2654
f 2645 2654 2653
f 2646 2647 2655
f 2646 2655 2654
f 2647 2648 2656
f 2647 2656 2655
f 2648 2641 2649
f 2648 2649 2656
f 2641 2643 2642
f 2649 2650 2651
f 2641 2644 2643
f 2649 2651 2652
f 2641 2645 2644
f 2649 2652 2653
f 2641 2646 2645
f 2649 2653 2654
f 2641 2647 2646
f 2649 2654 2655
f 2641 2648 2647
f 2649 2655 2656
f 2657 2658 2666
f 2657 2666 2665
f 2658 2659 2667
f 2658 2667 2666
f 2659 2660 2668
f 2659 2668 2667
f 2660 2661 2669
f 2660 2669 2668
f 2661 2662 2670
f 2661 2670 2669
f 2662 2663 2671
f 2662 2671 2670
f 2663 2664 2672
f 2663 2672 2671
f 2664 2657 2665
f 2664 2665 2672
f 2657 2659 2658
f 2665 2666 2667
f 2657 2660 2659
f 2665 2667 2668
f 2657 2661 2660
f 2665 2668 2669
f 2657 2662 2661
f 2665 2669 2670
f 2657 2663 2662
f 2665 2670 2671
f 2657 2664 2663
f 2665 2671 2672
f 2673 2674 2682
f 2673 2682 2681
f 2674 2675 2683
f 2674 2683 2682
f 2675 2676 2684
f 2675 2684 2683
f 2676 2677 2685
f 2676 2685 2684
f 2677 2678 2686
f 2677 2686 2685
f 2678 2679 2687
f 2678 2687 2686
f 2679 2680 2688
f 2679 2688 2687
f 2680 2673 2681
f 2680 2681 2688
f 2673 2675 2674
f 2681 2682 2683
f 2673 2676 2675
f 2681 2683 2684
f 2673 2677 2676
f 2681 2684 2685
f 2673 2678 2677
f 2681 2685 2686
f 2673 2679 2678
f 2681 2686 2687
f 2673 2680 2679
f 2681 2687 2688
f 2689 2690 2698
f 2689 2698 2697
f 2690 2691 2699
f 2690 2699 2698
f 2691 2692 2700
f 2691 2700 2699
f 2692 2693 2701
f 2692 2701 2700
f 2693 2694 2702
f 2693 2702 2701
f 2694 2695 2703
f 2694 2703 2702
f 2695 2696 2704
f 2695 2704 2703
f 2696 2689 2697
f 2696 2697 2704
f 2689 2691 2690
f 2697 2698 2699
f 2689 2692 2691
f 2697 2699 2700
f 2689 2693 2692
f 2697 2700 2701
f 2689 2694 2693
f 2697 2701 2702
f 2689 2695 2694
f 2697 2702 2703
f 2689 2696 2695
f 2697 2703 2704
f 2705 2706 2714
f 2705 2714 2713
f 2706 2707 2715
f 2706 2715 2714
f 2707 2708 2716
f 2707 2716 2715
f 2708 2709 2717
f 2708 2717 2716
f 2709 2710 2718
f 2709 2718 2717
f 2710 2711 2719
f 2710 2719 2718
f 2711 2712 2720
f 2711 2720 2719
f 2712 2705 2713
f 2712 2713 2720
f 2705 2707 2706
f 2713 2714 2715
f 2705 2708 2707
f 2713 2715 2716
f 2705 2709 2708
f 2713 2716 2717
f 2705 2710 2709
f 2713 2717 2718
f 2705 2711 2710
f 2713 2718 2719
f 2705 2712 2711
f 2713 2719 2720
f 2721 2722 2730
f 2721 2730 2729
f 2722 2723 2731
f 2722 2731 2730
f 2723 2724 2732
f 2723 2732 2731
f 2724 2725 2733
f 2724 2733 2732
f 2725 2726 2734
f 2725 2734 2733
f 2726 2727 2735
f 2726 2735 2734
f 2727 2728 2736
f 2727 2736 2735
f 2728 2721 2729
f 2728 2729 2736
f 2721 2723 2722
f 2729 2730 2731
f 2721 2724 2723
f 2729 2731 2732
f 2721 2725 2724
f 2729 2732 2733
f 2721 2726 2725
f 2729 2733 2734
f 2721 2727 2726
f 2729 2734 2735
f 2721 2728 2727
f 2729 2735 2736
f 2737 2738 2746
f 2737 2746 2745
f 2738 2739 2747
f 2738 2747 2746
f 2739 2740 2748
f 2739 2748 2747
f 2740 2741 2749
f 2740 2749 2748
f 2741 2742 2750
f 2741 2750 2749
f 2742 2743 2751
f 2742 2751 2750
f 2743 2744 2752
f 2743 2752 2751
f 2744 2737 2745
f 2744 2745 2752
f 2737 2739 2738
f 2745 2746 2747
f 2737 2740 2739
f 2745 2747 2748
f 2737 2741 2740
f 2745 2748 2749
f 2737 2742 2741
f 2745 2749 2750
f 2737 2743 2742
f 2745 2750 2751
f 2737 2744 2743
f 2745 2751 2752
f 2753 2754 2762
f 2753 2762 2761
f 2754 2755 2763
f 2754 2763 2762
f 2755 2756 2764
f 2755 2764 2763
f 2756 2757 2765
f 2756 2765 2764
f 2757 2758 2766
f 2757 2766 2765
f 2758 2759 2767
f 2758 2767 2766
f 2759 2760 2768
f 2759 2768 2767
f 2760 2753 2761
f 2760 2761 2768
f 2753 2755 2754
f 2761 2762 2763
f 2753 2756 2755
f 2761 2763 2764
f 2753 2757 2756
f 2761 2764 2765
f 2753 2758 2757
f 2761 2765 2766
f 2753 2759 2758
f 2761 2766 2767
f 2753 2760 2759
f 2761 2767 2768
f 2769 2770 2778
f 2769 2778 2777
f 2770 2771 2779
f 2770 2779 2778
f 2771 2772 2780
f 2771 2780 2779
f 2772 2773 2781
f 2772 2781 2780
f 2773 2774 2782
f 2773 2782 2781
f 2774 2775 2783
f 2774 2783 2782
f 2775 2776 2784
f 2775 2784 2783
f 2776 2769 2777
f 2776 2777 2784
f 2769 2771 2770
f 2777 2778 2779
f 2769 2772 2771
f 2777 2779 2780
f 2769 2773 2772
f 2777 2780 2781
f 2769 2774 2773
f 2777 2781 2782
f 2769 2775 2774
f 2777 2782 2783
f 2769 2776 2775
f 2777 2783 2784
f 2785 2786 2794
f 2785 2794 2793
f 2786 2787 2795
f 2786 2795 2794
f 2787 2788 2796
f 2787 2796 2795
f 2788 2789 2797
f 2788 2797 2796
f 2789 2790 2798
f 2789 2798 2797
f 2790 2791 2799
f 2790 2799 2798
f 2791 2792 2800
f 2791 2800 2799
f 2792 2785 2793
f 2792 2793 2800
f 2785 2787 2786
f 2793 2794 2795
f 2785 2788 2787
f 2793 2795 2796
f 2785 2789 2788
f 2793 2796 2797
f 2785 2790 2789
f 2793 2797 2798
f 2785 2791 2790
f 2793 2798 2799
f 2785 2792 2791
f 2793 2799 2800
f 2801 2802 2810
f 2801 2810 2809
f 2802 2803 2811
f 2802 2811 2810
f 2803 2804 2812
f 2803 2812 2811
f 2804 2805 2813
f 2804 2813 2812
f 2805 2806 2814
f 2805 2814 2813
f 2806 2807 2815
f 2806 2815 2814
f 2807 2808 2816
f 2807 2816 2815
f 2808 2801 2809
f 2808 2809 2816
f 2801 2803 2802
f 2809 2810 2811
f 2801 2804 2803
f 2809 2811 2812
f 2801 2805 2804
f 2809 2812 2813
f 2801 2806 2805
f 2809 2813 2814
f 2801 2807 2806
f 2809 2814 2815
f 2801 2808 2807
f 2809 2815 2816
f 2817 2818 2826
f 2817 2826 2825
f 2818 2819 2827
f 2818 2827 2826
f 2819 2820 2828
f 2819 2828 2827
f 2820 2821 2829
f 2820 2829 2828
f 2821 2822 2830
f 2821 2830 2829
f 2822 2823 2831
f 2822 2831 2830
f 2823 2824 2832
f 2823 2832 2831
f 2824 2817 2825
f 2824 2825 2832
f 2817 2819 2818
f 2825 2826 2827
f 2817 2820 2819
f 2825 2827 2828
f 2817 2821 2820
f 2825 2828 2829
f 2817 2822 2821
f 2825 2829 2830
f 2817 2823 2822
f 2825 2830 2831
f 2817 2824 2823
f 2825 2831 2832
f 2833 2834 2842
f 2833 2842 2841
f 2834 2835 2843
f 2834 2843 2842
f 2835 2836 2844
f 2835 2844 2843
f 2836 2837 2845
f 2836 2845 2844
f 2837 2838 2846
f 2837 2846 2845
f 2838 2839 2847
f 2838 2847 2846
f 2839 2840 2848
f 2839 2848 2847
f 2840 2833 2841
f 2840 2841 2848
f 2833 2835 2834
f 2841 2842 2843
f 2833 2836 2835
f 2841 2843 2844
f 2833 2837 2836
f 2841 2844 2845
f 2833 2838 2837
f 2841 2845 2846
f 2833 2839 2838
f 2841 2846 2847
f 2833 2840 2839
f 2841 2847 2848
f 2849 2850 2858
f 2849 2858 2857
f 2850 2851 2859
f 2850 2859 2858
f 2851 2852 2860
f 2851 2860 2859
f 2852 2853 2861
f 2852 2861 2860
f 2853 2854 2862
f 2853 2862 2861
f 2854 2855 2863
f 2854 2863 2862
f 2855 2856 2864
f 2855 2864 2863
f 2856 2849 2857
f 2856 2857 2864
f 2849 2851 2850
f 2857 2858 2859
f 2849 2852 2851
f 2857 2859 2860
f 2849 2853 2852
f 2857 2860 2861
f 2849 2854 2853
f 2857 2861 2862
f 2849 2855 2854
f 2857 2862 2863
f 2849 2856 2855
f 2857 2863 2864
f 2865 2866 2874
f 2865 2874 2873
f 2866 2867 2875
f 2866 2875 2874
f 2867 2868 2876
f 2867 2876 2875
f 2868 2869 2877
f 2868 2877 2876
f 2869 2870 2878
f 2869 2878 2877
f 2870 2871 2879
f 2870 2879 2878
f 2871 2872 2880
f 2871 2880 2879
f 2872 2865 2873
f 2872 2873 2880
f 2865 2867 2866
f 2873 2874 2875
f 2865 2868 2867
f 2873 2875 2876
f 2865 2869 2868
f 2873 2876 2877
f 2865 2870 2869
f 2873 2877 2878
f 2865 2871 2870
f 2873 2878 2879
f 2865 2872 2871
f 2873 2879 2880
f 2881 2882 2890
f 2881 2890 2889
f 2882 2883 2891
f 2882 2891 2890
f 2883 2884 2892
f 2883 2892 2891
f 2884 2885 2893
f 2884 2893 2892
f 2885 2886 2894
f 2885 2894 2893
f 2886 2887 2895
f 2886 2895 2894
f 2887 2888 2896
f 2887 2896 2895
f 2888 2881 2889
f 2888 2889 2896
f 2881 2883 2882
f 2889 2890 2891
f 2881 2884 2883
f 2889 2891 2892
f 2881 2885 2884
f 2889 2892 2893
f 2881 2886 2885
f 2889 2893 2894
f 2881 2887 2886
f 2889 2894 2895
f 2881 2888 2887
f 2889 2895 2896
f 2897 2898 2906
f 2897 2906 2905
f 2898 2899 2907
f 2898 2907 2906
f 2899 2900 2908
f 2899 2908 2907
f 2900 2901 2909
f 2900 2909 2908
f 2901 2902 2910
f 2901 2910 2909
f 2902 2903 2911
f 2902 2911 2910
f 2903 2904 2912
f 2903 2912 2911
f 2904 2897 2905
f 2904 2905 2912
f 2897 2899 2898
f 2905 2906 2907
f 2897 2900 2899
f 2905 2907 2908
f 2897 2901 2900
f 2905 2908 2909
f 2897 2902 2901
f 2905 2909 2910
f 2897 2903 2902
f 2905 2910 2911
f 2897 2904 2903
f 2905 2911 2912
f 2913 2914 2922
f 2913 2922 2921
f 2914 2915 2923
f 2914 2923 2922
f 2915 2916 2924
f 2915 2924 2923
f 2916 2917 2925
f 2916 2925 2924
f 2917 2918 2926
f 2917 2926 2925
f 2918 2919 2927
f 2918 2927 2926
f 2919 2920 2928
f 2919 2928 2927
f 2920 2913 2921
f 2920 2921 2928
f 2913 2915 2914
f 2921 2922 2923
f 2913 2916 2915
f 2921 2923 2924
f 2913 2917 2916
f 2921 2924 2925
f 2913 2918 2917
f 2921 2925 2926
f 2913 2919 2918
f 2921 2926 2927
f 2913 2920 2919
f 2921 2927 2928
f 2929 2930 2938
f 2929 2938 2937
f 2930 2931 2939
f 2930 2939 2938
f 2931 2932 2940
f 2931 2940 2939
f 2932 2933 2941
f 2932 2941 2940
f 2933 2934 2942
f 2933 2942 2941
f 2934 2935 2943
f 2934 2943 2942
f 2935 2936 2944
f 2935 2944 2943
f 2936 2929 2937
f 2936 2937 2944
f 2929 2931 2930
f 2937 2938 2939
f 2929 2932 2931
f 2937 2939 2940
f 2929 2933 2932
f 2937 2940 2941
f 2929 2934 2933
f 2937 2941 2942
f 2929 2935 2934
f 2937 2942 2943
f 2929 2936 2935
f 2937 2943 2944
f 2945 2946 2954
f 2945 2954 2953
f 2946 2947 2955
f 2946 2955 2954
f 2947 2948 2956
f 2947 2956 2955
f 2948 2949 2957
f 2948 2957 2956
f 2949 2950 2958
f 2949 2958 2957
f 2950 2951 2959
f 2950 2959 2958
f 2951 2952 2960
f 2951 2960 2959
f 2952 2945 2953
f 2952 2953 2960
f 2945 2947 2946
f 2953 2954 2955
f 2945 2948 2947
f 2953 2955 2956
f 2945 2949 2948
f 2953 2956 2957
f 2945 2950 2949
f 2953 2957 2958
f 2945 2951 2950
f 2953 2958 2959
f 2945 2952 2951
f 2953 2959 2960
f 2961 2962 2970
f 2961 2970 2969
f 2962 2963 2971
f 2962 2971 2970
f 2963 2964 2972
f 2963 2972 2971
f 2964 2965 2973
f 2964 2973 2972
f 2965 2966 2974
f 2965 2974 2973
f 2966 2967 2975
f 2966 2975 2974
f 2967 2968 2976
f 2967 2976 2975
f 2968 2961 2969
f 2968 2969 2976
f 2961 2963 2962
f 2969 2970 2971
f 2961 2964 2963
f 2969 2971 2972
f 2961 2965 2964
f 2969 2972 2973
f 2961 2966 2965
f 2969 2973 2974
f 2961 2967 2966
f 2969 2974 2975
f 2961 2968 2967
f 2969 2975 2976
f 2977 2978 2986
f 2977 2986 2985
f 2978 2979 2987
f 2978 2987 2986
f 2979 2980 2988
f 2979 2988 2987
f 2980 2981 2989
f 2980 2989 2988
f 2981 2982 2990
f 2981 2990 2989
f 2982 2983 2991
f 2982 2991 2990
f 2983 2984 2992
f 2983 2992 2991
f 2984 2977 2985
f 2984 2985 2992
f 2977 2979 2978
f 2985 2986 2987
f 2977 2980 2979
f 2985 2987 2988
f 2977 2981 2980
f 2985 2988 2989
f 2977 2982 2981
f 2985 2989 2990
f 2977 2983 2982
f 2985 2990 2991
f 2977 2984 2983
f 2985 2991 2992
f 2993 2994 3002
f 2993 3002 3001
f 2994 2995 3003
f 2994 3003 3002
f 2995 2996 3004
f 2995 3004 3003
f 2996 2997 3005
f 2996 3005 3004
f 2997 2998 3006
f 2997 3006 3005
f 2998 2999 3007
f 2998 3007 3006
f 2999 3000 3008
f 2999 3008 3007
f 3000 2993 3001
f 3000 3001 3008
f 2993 2995 2994
f 3001 3002 3003
f 2993 2996 2995
f 3001 3003 3004
f 2993 2997 2996
f 3001 3004 3005
f 2993 2998 2997
f 3001 3005 3006
f 2993 2999 2998
f 3001 3006 3007
f 2993 3000 2999
f 3001 3007 3008
f 3009 3010 3018
f 3009 3018 3017
f 3010 3011 3019
f 3010 3019 3018
f 3011 3012 3020
f 3011 3020 3019
f 3012 3013 3021
f 3012 3021 3020
f 3013 3014 3022
f 3013 3022 3021
f 3014 3015 3023
f 3014 3023 3022
f 3015 3016 3024
f 3015 3024 3023
f 3016 3009 3017
f 3016 3017 3024
f 3009 3011 3010
f 3017 3018 3019
f 3009 3012 3011
f 3017 3019 3020
f 3009 3013 3012
f 3017 3020 3021
f 3009 3014 3013
f 3017 3021 3022
f 3009 3015 3014
f 3017 3022 3023
f 3009 3016 3015
f 3017 3023 3024
f 3025 3026 3034
f 3025 3034 3033
f 3026 3027 3035
f 3026 3035 3034
f 3027 3028 3036
f 3027 3036 3035
f 3028 3029 3037
f 3028 3037 3036
f 3029 3030 3038
f 3029 3038 3037
f 3030 3031 3039
f 3030 3039 3038
f 3031 3032 3040
f 3031 3040 3039
f 3032 3025 3033
f 3032 3033 3040
f 3025 3027 3026
f 3033 3034 3035
f 3025 3028 3027
f 3033 3035 3036
f 3025 3029 3028
f 3033 3036 3037
f 3025 3030 3029
f 3033 3037 3038
f 3025 3031 3030
f 3033 3038 3039
f 3025 3032 3031
f 3033 3039 3040
f 3041 3042 3050
f 3041 3050 3049
f 3042 3043 3051
f 3042 3051 3050
f 3043 3044 3052
f 3043 3052 3051
f 3044 3045 3053
f 3044 3053 3052
f 3045 3046 3054
f 3045 3054 3053
f 3046 3047 3055
f 3046 3055 3054
f 3047 3048 3056
f 3047 3056 3055
f 3048 3041 3049
f 3048 3049 3056
f 3041 3043 3042
f 3049 3050 3051
f 3041 3044 3043
f 3049 3051 3052
f 3041 3045 3044
f 3049 3052 3053
f 3041 3046 3045
f 3049 3053 3054
f 3041 3047 3046
f 3049 3054 3055
f 3041 3048 3047
f 3049 3055 3056
f 3057 3058 3066
f 3057 3066 3065
f 3058 3059 3067
f 3058 3067 3066
f 3059 3060 3068
f 3059 3068 3067
f 3060 3061 3069
f 3060 3069 3068
f 3061 3062 3070
f 3061 3070 3069
f 3062 3063 3071
f 3062 3071 3070
f 3063 3064 3072
f 3063 3072 3071
f 3064 3057 3065
f 3064 3065 3072
f 3057 3059 3058
f 3065 3066 3067
f 3057 3060 3059
f 3065 3067 3068
f 3057 3061 3060
f 3065 3068 3069
f 3057 3062 3061
f 3065 3069 3070
f 3057 3063 3062
f 3065 3070 3071
f 3057 3064 3063
f 3065 3071 3072
f 3073 3074 3082
f 3073 3082 3081
f 3074 3075 3083
f 3074 3083 3082
f 3075 3076 3084
f 3075 3084 3083
f 3076 3077 3085
f 3076 3085 3084
f 3077 3078 3086
f 3077 3086 3085
f 3078 3079 3087
f 3078 3087 3086
f 3079 3080 3088
f 3079 3088 3087
f 3080 3073 3081
f 3080 3081 3088
f 3073 3075 3074
f 3081 3082 3083
f 3073 3076 3075
f 3081 3083 3084
f 3073 3077 3076
f 3081 3084 3085
f 3073 3078 3077
f 3081 3085 3086
f 3073 3079 3078
f 3081 3086 3087
f 3073 3080 3079
f 3081 3087 3088
f 3089 3090 3098
f 3089 3098 3097
f 3090 3091 3099
f 3090 3099 3098
f 3091 3092 3100
f 3091 3100 3099
f 3092 3093 3101
f 3092 3101 3100
f 3093 3094 3102
f 3093 3102 3101
f 3094 3095 3103
f 3094 3103 3102
f 3095 3096 3104
f 3095 3104 3103
f 3096 3089 3097
f 3096 3097 3104
f 3089 3091 3090
f 3097 3098 3099
f 3089 3092 3091
f 3097 3099 3100
f 3089 3093 3092
f 3097 3100 3101
f 3089 3094 3093
f 3097 3101 3102
f 3089 3095 3094
f 3097 3102 3103
f 3089 3096 3095
f 3097 3103 3104
f 3105 3106 3114
f 3105 3114 3113
f 3106 3107 3115
f 3106 3115 3114
f 3107 3108 3116
f 3107 3116 3115
f 3108 3109 3117
f 3108 3117 3116
f 3109 3110 3118
f 3109 3118 3117
f 3110 3111 3119
f 3110 3119 3118
f 3111 3112 3120
f 3111 3120 3119
f 3112 3105 3113
f 3112 3113 3120
f 3105 3107 3106
f 3113 3114 3115
f 3105 3108 3107
f 3113 3115 3116
f 3105 3109 3108
f 3113 3116 3117
f 3105 3110 3109
f 3113 3117 3118
f 3105 3111 3110
f 3113 3118 3119
f 3105 3112 3111
f 3113 3119 3120
f 3121 3122 3130
f 3121 3130 3129
f 3122 3123 3131
f 3122 3131 3130
f 3123 3124 3132
f 3123 3132 3131
f 3124 3125 3133
f 3124 3133 3132
f 3125 3126 3134
f 3125 3134 3133
f 3126 3127 3135
f 3126 3135 3134
f 3127 3128 3136
f 3127 3136 3135
f 3128 3121 3129
f 3128 3129 3136
f 3121 3123 3122
f 3129 3130 3131
f 3121 3124 3123
f 3129 3131 3132
f 3121 3125 3124
f 3129 3132 3133
f 3121 3126 3125
f 3129 3133 3134
f 3121 3127 3126
f 3129 3134 3135
f 3121 3128 3127
f 3129 3135 3136
f 3137 3138 3146
f 3137 3146 3145
f 3138 3139 3147
f 3138 3147 3146
f 3139 3140 3148
f 3139 3148 3147
f 3140 3141 3149
f 3140 3149 3148
f 3141 3142 3150
f 3141 3150 3149
f 3142 3143 3151
f 3142 3151 3150
f 3143 3144 3152
f 3143 3152 3151
f 3144 3137 3145
f 3144 3145 3152
f 3137 3139 3138
f 3145 3146 3147
f 3137 3140 3139
f 3145 3147 3148
f 3137 3141 3140
f 3145 3148 3149
f 3137 3142 3141
f 3145 3149 3150
f 3137 3143 3142
f 3145 3150 3151
f 3137 3144 3143
f 3145 3151 3152
f 3153 3154 3162
f 3153 3162 3161
f 3154 3155 3163
f 3154 3163 3162
f 3155 3156 3164
f 3155 3164 3163
f 3156 3157 3165
f 3156 3165 3164
f 3157 3158 3166
f 3157 3166 3165
f 3158 3159 3167
f 3158 3167 3166
f 3159 3160 3168
f 3159 3168 3167
f 3160 3153 3161
f 3160 3161 3168
f 3153 3155 3154
f 3161 3162 3163
f 3153 3156 3155
f 3161 3163 3164
f 3153 3157 3156
f 3161 3164 3165
f 3153 3158 3157
f 3161 3165 3166
f 3153 3159 3158
f 3161 3166 3167
f 3153 3160 3159
f 3161 3167 3168
f 3169 3170 3178
f 3169 3178 3177
f 3170 3171 3179
f 3170 3179 3178
f 3171 3172 3180
f 3171 3180 3179
f 3172 3173 3181
f 3172 3181 3180
f 3173 3174 3182
f 3173 3182 3181
f 3174 3175 3183
f 3174 3183 3182
f 3175 3176 3184
f 3175 3184 3183
f 3176 3169 3177
f 3176 3177 3184
f 3169 3171 3170
f 3177 3178 3179
f 3169 3172 3171
f 3177 3179 3180
f 3169 3173 3172
f 3177 3180 3181
f 3169 3174 3173
f 3177 3181 3182
f 3169 3175 3174
f 3177 3182 3183
f 3169 3176 3175
f 3177 3183 3184
f 3185 3186 3194
f 3185 3194 3193
f 3186 3187 3195
f 3186 3195 3194
f 3187 3188 3196
f 3187 3196 3195
f 3188 3189 3197
f 3188 3197 3196
f 3189 3190 3198
f 3189 3198 3197
f 3190 3191 3199
f 3190 3199 3198
f 3191 3192 3200
f 3191 3200 3199
f 3192 3185 3193
f 3192 3193 3200
f 3185 3187 3186
f 3193 3194 3195
f 3185 3188 3187
f 3193 3195 3196
f 3185 3189 3188
f 3193 3196 3197
f 3185 3190 3189
f 3193 3197 3198
f 3185 3191 3190
f 3193 3198 3199
f 3185 3192 3191
f 3193 3199 3200
f 3201 3202 3210
f 3201 3210 3209
f 3202 3203 3211
f 3202 3211 3210
f 3203 3204 3212
f 3203 3212 3211
f 3204 3205 3213
f 3204 3213 3212
f 3205 3206 3214
f 3205 3214 3213
f 3206 3207 3215
f 3206 3215 3214
f 3207 3208 3216
f 3207 3216 3215
f 3208 3201 3209
f 3208 3209 3216
f 3201 3203 3202
f 3209 3210 3211
f 3201 3204 3203
f 3209 3211 3212
f 3201 3205 3204
f 3209 3212 3213
f 3201 3206 3205
f 3209 3213 3214
f 3201 3207 3206
f 3209 3214 3215
f 3201 3208 3207
f 3209 3215 3216
f 3217 3218 3226
f 3217 3226 3225
f 3218 3219 3227
f 3218 3227 3226
f 3219 3220 3228
f 3219 3228 3227
f 3220 3221 3229
f 3220 3229 3228
f 3221 3222 3230
f 3221 3230 3229
f 3222 3223 3231
f 3222 3231 3230
f 3223 3224 3232
f 3223 3232 3231
f 3224 3217 3225
f 3224 3225 3232
f 3217 3219 3218
f 3225 3226 3227
f 3217 3220 3219
f 3225 3227 3228
f 3217 3221 3220
f 3225 3228 3229
f 3217 3222 3221
f 3225 3229 3230
f 3217 3223 3222
f 3225 3230 3231
f 3217 3224 3223
f 3225 3231 3232
f 3233 3234 3242
f 3233 3242 3241
f 3234 3235 3243
f 3234 3243 3242
f 3235 3236 3244
f 3235 3244 3243
f 3236 3237 3245
f 3236 3245 3244
f 3237 3238 3246
f 3237 3246 3245
f 3238 3239 3247
f 3238 3247 3246
f 3239 3240 3248
f 3239 3248 3247
f 3240 3233 3241
f 3240 3241 3248
f 3233 3235 3234
f 3241 3242 3243
f 3233 3236 3235
f 3241 3243 3244
f 3233 3237 3236
f 3241 3244 3245
f 3233 3238 3237
f 3241 3245 3246
f 3233 3239 3238
f 3241 3246 3247
f 3233 3240 3239
f 3241 3247 3248
f 3249 3250 3258
f 3249 3258 3257
f 3250 3251 3259
f 3250 3259 3258
f 3251 3252 3260
f 3251 3260 3259
f 3252 3253 3261
f 3252 3261 3260
f 3253 3254 3262
f 3253 3262 3261
f 3254 3255 3263
f 3254 3263 3262
f 3255 3256 3264
f 3255 3264 3263
f 3256 3249 3257
f 3256 3257 3264
f 3249 3251 3250
f 3257 3258 3259
f 3249 3252 3251
f 3257 3259 3260
f 3249 3253 3252
f 3257 3260 3261
f 3249 3254 3253
f 3257 3261 3262
f 3249 3255 3254
f 3257 3262 3263
f 3249 3256 3255
f 3257 3263 3264
f 3265 3266 3274
f 3265 3274 3273
f 3266 3267 3275
f 3266 3275 3274
f 3267 3268 3276
f 3267 3276 3275
f 3268 3269 3277
f 3268 3277 3276
f 3269 3270 3278
f 3269 3278 3277
f 3270 3271 3279
f 3270 3279 3278
f 3271 3272 3280
f 3271 3280 3279
f 3272 3265 3273
f 3272 3273 3280
f 3265 3267 3266
f 3273 3274 3275
f 3265 3268 3267
f 3273 3275 3276
f 3265 3269 3268
f 3273 3276 3277
f 3265 3270 3269
f 3273 3277 3278
f 3265 3271 3270
f 3273 3278 3279
f 3265 3272 3271
f 3273 3279 3280
f 3281 3282 3290
f 3281 3290 3289
f 3282 3283 3291
f 3282 3291 3290
f 3283 3284 3292
f 3283 3292 3291
f 3284 3285 3293
f 3284 3293 3292
f 3285 3286 3294
f 3285 3294 3293
f 3286 3287 3295
f 3286 3295 3294
f 3287 3288 3296
f 3287 3296 3295
f 3288 3281 3289
f 3288 3289 3296
f 3281 3283 3282
f 3289 3290 3291
f 3281 3284 3283
f 3289 3291 3292
f 3281 3285 3284
f 3289 3292 3293
f 3281 3286 3285
f 3289 3293 3294
f 3281 3287 3286
f 3289 3294 3295
f 3281 3288 3287
f 3289 3295 3296
f 3297 3298 3306
f 3297 3306 3305
f 3298 3299 3307
f 3298 3307 3306
f 3299 3300 3308
f 3299 3308 3307
f 3300 3301 3309
f 3300 3309 3308
f 3301 3302 3310
f 3301 3310 3309
f 3302 3303 3311
f 3302 3311 3310
f 3303 3304 3312
f 3303 3312 3311
f 3304 3297 3305
f 3304 3305 3312
f 3297 3299 3298
f 3305 3306 3307
f 3297 3300 3299
f 3305 3307 3308
f 3297 3301 3300
f 3305 3308 3309
f 3297 3302 3301
f 3305 3309 3310
f 3297 3303 3302
f 3305 3310 3311
f 3297 3304 3303
f 3305 3311 3312
f 3313 3314 3322
f 3313 3322 3321
f 3314 3315 3323
f 3314 3323 3322
f 3315 3316 3324
f 3315 3324 3323
f 3316 3317 3325
f 3316 3325 3324
f 3317 3318 3326
f 3317 3326 3325
f 3318 3319 3327
f 3318 3327 3326
f 3319 3320 3328
f 3319 3328 3327
f 3320 3313 3321
f 3320 3321 3328
f 3313 3315 3314
f 3321 3322 3323
f 3313 3316 3315
f 3321 3323 3324
f 3313 3317 3316
f 3321 3324 3325
f 3313 3318 3317
f 3321 3325 3326
f 3313 3319 3318
f 3321 3326 3327
f 3313 3320 3319
f 3321 3327 3328
f 3329 3330 3338
f 3329 3338 3337
f 3330 3331 3339
f 3330 3339 3338
f 3331 3332 3340
f 3331 3340 3339
f 3332 3333 3341
f 3332 3341 3340
f 3333 3334 3342
f 3333 3342 3341
f 3334 3335 3343
f 3334 3343 3342
f 3335 3336 3344
f 3335 3344 3343
f 3336 3329 3337
f 3336 3337 3344
f 3329 3331 3330
f 3337 3338 3339
f 3329 3332 3331
f 3337 3339 3340
f 3329 3333 3332
f 3337 3340 3341
f 3329 3334 3333
f 3337 3341 3342
f 3329 3335 3334
f 3337 3342 3343
f 3329 3336 3335
f 3337 3343 3344
f 3345 3346 3354
f 3345 3354 3353
f 3346 3347 3355
f 3346 3355 3354
f 3347 3348 3356
f 3347 3356 3355
f 3348 3349 3357
f 3348 3357 3356
f 3349 3350 3358
f 3349 3358 3357
f 3350 3351 3359
f 3350 3359 3358
f 3351 3352 3360
f 3351 3360 3359
f 3352 3345 3353
f 3352 3353 3360
f 3345 3347 3346
f 3353 3354 3355
f 3345 3348 3347
f 3353 3355 3356
f 3345 3349 3348
f 3353 3356 3357
f 3345 3350 3349
f 3353 3357 3358
f 3345 3351 3350
f 3353 3358 3359
f 3345 3352 3351
f 3353 3359 3360
f 3361 3362 3370
f 3361 3370 3369
f 3362 3363 3371
f 3362 3371 3370
f 3363 3364 3372
f 3363 3372 3371
f 3364 3365 3373
f 3364 3373 3372
f 3365 3366 3374
f 3365 3374 3373
f 3366 3367 3375
f 3366 3375 3374
f 3367 3368 3376
f 3367 3376 3375
f 3368 3361 3369
f 3368 3369 3376
f 3361 3363 3362
f 3369 3370 3371
f 3361 3364 3363
f 3369 3371 3372
f 3361 3365 3364
f 3369 3372 3373
f 3361 3366 3365
f 3369 3373 3374
f 3361 3367 3366
f 3369 3374 3375
f 3361 3368 3367
f 3369 3375 3376
f 3377 3378 3386
f 3377 3386 3385
f 3378 3379 3387
f 3378 3387 3386
f 3379 3380 3388
f 3379 3388 3387
f 3380 3381 3389
f 3380 3389 3388
f 3381 3382 3390
f 3381 3390 3389
f 3382 3383 3391
f 3382 3391 3390
f 3383 3384 3392
f 3383 3392 3391
f 3384 3377 3385
f 3384 3385 3392
f 3377 3379 3378
f 3385 3386 3387
f 3377 3380 3379
f 3385 3387 3388
f 3377 3381 3380
f 3385 3388 3389
f 3377 3382 3381
f 3385 3389 3390
f 3377 3383 3382
f 3385 3390 3391
f 3377 3384 3383
f 3385 3391 3392
f 3393 3394 3402
f 3393 3402 3401
f 3394 3395 3403
f 3394 3403 3402
f 3395 3396 3404
f 3395 3404 3403
f 3396 3397 3405
f 3396 3405 3404
f 3397 3398 3406
f 3397 3406 3405
f 3398 3399 3407
f 3398 3407 3406
f 3399 3400 3408
f 3399 3408 3407
f 3400 3393 3401
f 3400 3401 3408
f 3393 3395 3394
f 3401 3402 3403
f 3393 3396 3395
f 3401 3403 3404
f 3393 3397 3396
f 3401 3404 3405
f 3393 3398 3397
f 3401 3405 3406
f 3393 3399 3398
f 3401 3406 3407
f 3393 3400 3399
f 3401 3407 3408
f 3409 3410 3418
f 3409 3418 3417
f 3410 3411 3419
f 3410 3419 3418
f 3411 3412 3420
f 3411 3420 3419
f 3412 3413 3421
f 3412 3421 3420
f 3413 3414 3422
f 3413 3422 3421
f 3414 3415 3423
f 3414 3423 3422
f 3415 3416 3424
f 3415 3424 3423
f 3416 3409 3417
f 3416 3417 3424
f 3409 3411 3410
f 3417 3418 3419
f 3409 3412 3411
f 3417 3419 3420
f 3409 3413 3412
f 3417 3420 3421
f 3409 3414 3413
f 3417 3421 3422
f 3409 3415 3414
f 3417 3422 3423
f 3409 3416 3415
f 3417 3423 3424
f 3425 3426 3434
f 3425 3434 3433
f 3426 3427 3435
f 3426 3435 3434
f 3427 3428 3436
f 3427 3436 3435
f 3428 3429 3437
f 3428 3437 3436
f 3429 3430 3438
f 3429 3438 3437
f 3430 3431 3439
f 3430 3439 3438
f 3431 3432 3440
f 3431 3440 3439
f 3432 3425 3433
f 3432 3433 3440
f 3425 3427 3426
f 3433 3434 3435
f 3425 3428 3427
f 3433 3435 3436
f 3425 3429 3428
f 3433 3436 3437
f 3425 3430 3429
f 3433 3437 3438
f 3425 3431 3430
f 3433 3438 3439
f 3425 3432 3431
f 3433 3439 3440
f 3441 3442 3450
f 3441 3450 3449
f 3442 3443 3451
f 3442 3451 3450
f 3443 3444 3452
f 3443 3452 3451
f 3444 3445 3453
f 3444 3453 3452
f 3445 3446 3454
f 3445 3454 3453
f 3446 3447 3455
f 3446 3455 3454
f 3447 3448 3456
f 3447 3456 3455
f 3448 3441 3449
f 3448 3449 3456
f 3441 3443 3442
f 3449 3450 3451
f 3441 3444 3443
f 3449 3451 3452
f 3441 3445 3444
f 3449 3452 3453
f 3441 3446 3445
f 3449 3453 3454
f 3441 3447 3446
f 3449 3454 3455
f 3441 3448 3447
f 3449 3455 3456
f 3457 3458 3466
f 3457 3466 3465
f 3458 3459 3467
f 3458 3467 3466
f 3459 3460 3468
f 3459 3468 3467
f 3460 3461 3469
f 3460 3469 3468
f 3461 3462 3470
f 3461 3470 3469
f 3462 3463 3471
f 3462 3471 3470
f 3463 3464 3472
f 3463 3472 3471
f 3464 3457 3465
f 3464 3465 3472
f 3457 3459 3458
f 3465 3466 3467
f 3457 3460 3459
f 3465 3467 3468
f 3457 3461 3460
f 3465 3468 3469
f 3457 3462 3461
f 3465 3469 3470
f 3457 3463 3462
f 3465 3470 3471
f 3457 3464 3463
f 3465 3471 3472
f 3473 3474 3482
f 3473 3482 3481
f 3474 3475 3483
f 3474 3483 3482
f 3475 3476 3484
f 3475 3484 3483
f 3476 3477 3485
f 3476 3485 3484
f 3477 3478 3486
f 3477 3486 3485
f 3478 3479 3487
f 3478 3487 3486
f 3479 3480 3488
f 3479 3488 3487
f 3480 3473 3481
f 3480 3481 3488
f 3473 3475 3474
f 3481 3482 3483
f 3473 3476 3475
f 3481 3483 3484
f 3473 3477 3476
f 3481 3484 3485
f 3473 3478 3477
f 3481 3485 3486
f 3473 3479 3478
f 3481 3486 3487
f 3473 3480 3479
f 3481 3487 3488
f 3489 3490 3498
f 3489 3498 3497
f 3490 3491 3499
f 3490 3499 3498
f 3491 3492 3500
f 3491 3500 3499
f 3492 3493 3501
f 3492 3501 3500
f 3493 3494 3502
f 3493 3502 3501
f 3494 3495 3503
f 3494 3503 3502
f 3495 3496 3504
f 3495 3504 3503
f 3496 3489 3497
f 3496 3497 3504
f 3489 3491 3490
f 3497 3498 3499
f 3489 3492 3491
f 3497 3499 3500
f 3489 3493 3492
f 3497 3500 3501
f 3489 3494 3493
f 3497 3501 3502
f 3489 3495 3494
f 3497 3502 3503
f 3489 3496 3495
f 3497 3503 3504
f 3505 3506 3514
f 3505 3514 3513
f 3506 3507 3515
f 3506 3515 3514
f 3507 3508 3516
f 3507 3516 3515
f 3508 3509 3517
f 3508 3517 3516
f 3509 3510 3518
f 3509 3518 3517
f 3510 3511 3519
f 3510 3519 3518
f 3511 3512 3520
f 3511 3520 3519
f 3512 3505 3513
f 3512 3513 3520
f 3505 3507 3506
f 3513 3514 3515
f 3505 3508 3507
f 3513 3515 3516
f 3505 3509 3508
f 3513 3516 3517
f 3505 3510 3509
f 3513 3517 3518
f 3505 3511 3510
f 3513 3518 3519
f 3505 3512 3511
f 3513 3519 3520
f 3521 3522 3530
f 3521 3530 3529
f 3522 3523 3531
f 3522 3531 3530
f 3523 3524 3532
f 3523 3532 3531
f 3524 3525 3533
f 3524 3533 3532
f 3525 3526 3534
f 3525 3534 3533
f 3526 3527 3535
f 3526 3535 3534
f 3527 3528 3536
f 3527 3536 3535
f 3528 3521 3529
f 3528 3529 3536
f 3521 3523 3522
f 3529 3530 3531
f 3521 3524 3523
f 3529 3531 3532
f 3521 3525 3524
f 3529 3532 3533
f 3521 3526 3525
f 3529 3533 3534
f 3521 3527 3526
f 3529 3534 3535
f 3521 3528 3527
f 3529 3535 3536
f 3537 3538 3546
f 3537 3546 3545
f 3538 3539 3547
f 3538 3547 3546
f 3539 3540 3548
f 3539 3548 3547
f 3540 3541 3549
f 3540 3549 3548
f 3541 3542 3550
f 3541 3550 3549
f 3542 3543 3551
f 3542 3551 3550
f 3543 3544 3552
f 3543 3552 3551
f 3544 3537 3545
f 3544 3545 3552
f 3537 3539 3538
f 3545 3546 3547
f 3537 3540 3539
f 3545 3547 3548
f 3537 3541 3540
f 3545 3548 3549
f 3537 3542 3541
f 3545 3549 3550
f 3537 3543 3542
f 3545 3550 3551
f 3537 3544 3543
f 3545 3551 3552
f 3553 3554 3562
f 3553 3562 3561
f 3554 3555 3563
f 3554 3563 3562
f 3555 3556 3564
f 3555 3564 3563
f 3556 3557 3565
f 3556 3565 3564
f 3557 3558 3566
f 3557 3566 3565
f 3558 3559 3567
f 3558 3567 3566
f 3559 3560 3568
f 3559 3568 3567
f 3560 3553 3561
f 3560 3561 3568
f 3553 3555 3554
f 3561 3562 3563
f 3553 3556 3555
f 3561 3563 3564
f 3553 3557 3556
f 3561 3564 3565
f 3553 3558 3557
f 3561 3565 3566
f 3553 3559 3558
f 3561 3566 3567
f 3553 3560 3559
f 3561 3567 3568
f 3569 3570 3578
f 3569 3578 3577
f 3570 3571 3579
f 3570 3579 3578
f 3571 3572 3580
f 3571 3580 3579
f 3572 3573 3581
f 3572 3581 3580
f 3573 3574 3582
f 3573 3582 3581
f 3574 3575 3583
f 3574 3583 3582
f 3575 3576 3584
f 3575 3584 3583
f 3576 3569 3577
f 3576 3577 3584
f 3569 3571 3570
f 3577 3578 3579
f 3569 3572 3571
f 3577 3579 3580
f 3569 3573 3572
f 3577 3580 3581
f 3569 3574 3573
f 3577 3581 3582
f 3569 3575 3574
f 3577 3582 3583
f 3569 3576 3575
f 3577 3583 3584
f 3585 3586 3594
f 3585 3594 3593
f 3586 3587 3595
f 3586 3595 3594
f 3587 3588 3596
f 3587 3596 3595
f 3588 3589 3597
f 3588 3597 3596
f 3589 3590 3598
f 3589 3598 3597
f 3590 3591 3599
f 3590 3599 3598
f 3591 3592 3600
f 3591 3600 3599
f 3592 3585 3593
f 3592 3593 3600
f 3585 3587 3586
f 3593 3594 3595
f 3585 3588 3587
f 3593 3595 3596
f 3585 3589 3588
f 3593 3596 3597
f 3585 3590 3589
f 3593 3597 3598
f 3585 3591 3590
f 3593 3598 3599
f 3585 3592 3591
f 3593 3599 3600
f 3601 3602 3610
f 3601 3610 3609
f 3602 3603 3611
f 3602 3611 3610
f 3603 3604 3612
f 3603 3612 3611
f 3604 3605 3613
f 3604 3613 3612
f 3605 3606 3614
f 3605 3614 3613
f 3606 3607 3615
f 3606 3615 3614
f 3607 3608 3616
f 3607 3616 3615
f 3608 3601 3609
f 3608 3609 3616
f 3601 3603 3602
f 3609 3610 3611
f 3601 3604 3603
f 3609 3611 3612
f 3601 3605 3604
f 3609 3612 3613
f 3601 3606 3605
f 3609 3613 3614
f 3601 3607 3606
f 3609 3614 3615
f 3601 3608 3607
f 3609 3615 3616
f 3617 3618 3626
f 3617 3626 3625
f 3618 3619 3627
f 3618 3627 3626
f 3619 3620 3628
f 3619 3628 3627
f 3620 3621 3629
f 3620 3629 3628
f 3621 3622 3630
f 3621 3630 3629
f 3622 3623 3631
f 3622 3631 3630
f 3623 3624 3632
f 3623 3632 3631
f 3624 3617 3625
f 3624 3625 3632
f 3617 3619 3618
f 3625 3626 3627
f 3617 3620 3619
f 3625 3627 3628
f 3617 3621 3620
f 3625 3628 3629
f 3617 3622 3621
f 3625 3629 3630
f 3617 3623 3622
f 3625 3630 3631
f 3617 3624 3623
f 3625 3631 3632
f 3633 3634 3642
f 3633 3642 3641
f 3634 3635 3643
f 3634 3643 3642
f 3635 3636 3644
f 3635 3644 3643
f 3636 3637 3645
f 3636 3645 3644
f 3637 3638 3646
f 3637 3646 3645
f 3638 3639 3647
f 3638 3647 3646
f 3639 3640 3648
f 3639 3648 3647
f 3640 3633 3641
f 3640 3641 3648
f 3633 3635 3634
f 3641 3642 3643
f 3633 3636 3635
f 3641 3643 3644
f 3633 3637 3636
f 3641 3644 3645
f 3633 3638 3637
f 3641 3645 3646
f 3633 3639 3638
f 3641 3646 3647
f 3633 3640 3639
f 3641 3647 3648
f 3649 3650 3658
f 3649 3658 3657
f 3650 3651 3659
f 3650 3659 3658
f 3651 3652 3660
f 3651 3660 3659
f 3652 3653 3661
f 3652 3661 3660
f 3653 3654 3662
f 3653 3662 3661
f 3654 3655 3663
f 3654 3663 3662
f 3655 3656 3664
f 3655 3664 3663
f 3656 3649 3657
f 3656 3657 3664
f 3649 3651 3650
f 3657 3658 3659
f 3649 3652 3651
f 3657 3659 3660
f 3649 3653 3652
f 3657 3660 3661
f 3649 3654 3653
f 3657 3661 3662
f 3649 3655 3654
f 3657 3662 3663
f 3649 3656 3655
f 3657 3663 3664
f 3665 3666 3674
f 3665 3674 3673
f 3666 3667 3675
f 3666 3675 3674
f 3667 3668 3676
f 3667 3676 3675
f 3668 3669 3677
f 3668 3677 3676
f 3669 3670 3678
f 3669 3678 3677
f 3670 3671 3679
f 3670 3679 3678
f 3671 3672 3680
f 3671 3680 3679
f 3672 3665 3673
f 3672 3673 3680
f 3665 3667 3666
f 3673 3674 3675
f 3665 3668 3667
f 3673 3675 3676
f 3665 3669 3668
f 3673 3676 3677
f 3665 3670 3669
f 3673 3677 3678
f 3665 3671 3670
f 3673 3678 3679
f 3665 3672 3671
f 3673 3679 3680
f 3681 3682 3690
f 3681 3690 3689
f 3682 3683 3691
f 3682 3691 3690
f 3683 3684 3692
f 3683 3692 3691
f 3684 3685 3693
f 3684 3693 3692
f 3685 3686 3694
f 3685 3694 3693
f 3686 3687 3695
f 3686 3695 3694
f 3687 3688 3696
f 3687 3696 3695
f 3688 3681 3689
f 3688 3689 3696
f 3681 3683 3682
f 3689 3690 3691
f 3681 3684 3683
f 3689 3691 3692
f 3681 3685 3684
f 3689 3692 3693
f 3681 3686 3685
f 3689 3693 3694
f 3681 3687 3686
f 3689 3694 3695
f 3681 3688 3687
f 3689 3695 3696
f 3697 3698 3706
f 3697 3706 3705
f 3698 3699 3707
f 3698 3707 3706
f 3699 3700 3708
f 3699 3708 3707
f 3700 3701 3709
f 3700 3709 3708
f 3701 3702 3710
f 3701 3710 3709
f 3702 3703 3711
f 3702 3711 3710
f 3703 3704 3712
f 3703 3712 3711
f 3704 3697 3705
f 3704 3705 3712
f 3697 3699 3698
f 3705 3706 3707
f 3697 3700 3699
f 3705 3707 3708
f 3697 3701 3700
f 3705 3708 3709
f 3697 3702 3701
f 3705 3709 3710
f 3697 3703 3702
f 3705 3710 3711
f 3697 3704 3703
f 3705 3711 3712
f 3713 3714 3722
f 3713 3722 3721
f 3714 3715 3723
f 3714 3723 3722
f 3715 3716 3724
f 3715 3724 3723
f 3716 3717 3725
f 3716 3725 3724
f 3717 3718 3726
f 3717 3726 3725
f 3718 3719 3727
f 3718 3727 3726
f 3719 3720 3728
f 3719 3728 3727
f 3720 3713 3721
f 3720 3721 3728
f 3713 3715 3714
f 3721 3722 3723
f 3713 3716 3715
f 3721 3723 3724
f 3713 3717 3716
f 3721 3724 3725
f 3713 3718 3717
f 3721 3725 3726
f 3713 3719 3718
f 3721 3726 3727
f 3713 3720 3719
f 3721 3727 3728
f 3729 3730 3738
f 3729 3738 3737
f 3730 3731 3739
f 3730 3739 3738
f 3731 3732 3740
f 3731 3740 3739
f 3732 3733 3741
f 3732 3741 3740
f 3733 3734 3742
f 3733 3742 3741
f 3734 3735 3743
f 3734 3743 3742
f 3735 3736 3744
f 3735 3744 3743
f 3736 3729 3737
f 3736 3737 3744
f 3729 3731 3730
f 3737 3738 3739
f 3729 3732 3731
f 3737 3739 3740
f 3729 3733 3732
f 3737 3740 3741
f 3729 3734 3733
f 3737 3741 3742
f 3729 3735 3734
f 3737 3742 3743
f 3729 3736 3735
f 3737 3743 3744
f 3745 3746 3754
f 3745 3754 3753
f 3746 3747 3755
f 3746 3755 3754
f 3747 3748 3756
f 3747 3756 3755
f 3748 3749 3757
f 3748 3757 3756
f 3749 3750 3758
f 3749 3758 3757
f 3750 3751 3759
f 3750 3759 3758
f 3751 3752 3760
f 3751 3760 3759
f 3752 3745 3753
f 3752 3753 3760
f 3745 3747 3746
f 3753 3754 3755
f 3745 3748 3747
f 3753 3755 3756
f 3745 3749 3748
f 3753 3756 3757
f 3745 3750 3749
f 3753 3757 3758
f 3745 3751 3750
f 3753 3758 3759
f 3745 3752 3751
f 3753 3759 3760
f 3761 3762 3770
f 3761 3770 3769
f 3762 3763 3771
f 3762 3771 3770
f 3763 3764 3772
f 3763 3772 3771
f 3764 3765 3773
f 3764 3773 3772
f 3765 3766 3774
f 3765 3774 3773
f 3766 3767 3775
f 3766 3775 3774
f 3767 3768 3776
f 3767 3776 3775
f 3768 3761 3769
f 3768 3769 3776
f 3761 3763 3762
f 3769 3770 3771
f 3761 3764 3763
f 3769 3771 3772
f 3761 3765 3764
f 3769 3772 3773
f 3761 3766 3765
f 3769 3773 3774
f 3761 3767 3766
f 3769 3774 3775
f 3761 3768 3767
f 3769 3775 3776
f 3777 3778 3786
f 3777 3786 3785
f 3778 3779 3787
f 3778 3787 3786
f 3779 3780 3788
f 3779 3788 3787
f 3780 3781 3789
f 3780 3789 3788
f 3781 3782 3790
f 3781 3790 3789
f 3782 3783 3791
f 3782 3791 3790
f 3783 3784 3792
f 3783 3792 3791
f 3784 3777 3785
f 3784 3785 3792
f 3777 3779 3778
f 3785 3786 3787
f 3777 3780 3779
f 3785 3787 3788
f 3777 3781 3780
f 3785 3788 3789
f 3777 3782 3781
f 3785 3789 3790
f 3777 3783 3782
f 3785 3790 3791
f 3777 3784 3783
f 3785 3791 3792
f 3793 3794 3802
f 3793 3802 3801
f 3794 3795 3803
f 3794 3803 3802
f 3795 3796 3804
f 3795 3804 3803
f 3796 3797 3805
f 3796 3805 3804
f 3797 3798 3806
f 3797 3806 3805
f 3798 3799 3807
f 3798 3807 3806
f 3799 3800 3808
f 3799 3808 3807
f 3800 3793 3801
f 3800 3801 3808
f 3793 3795 3794
f 3801 3802 3803
f 3793 3796 3795
f 3801 3803 3804
f 3793 3797 3796
f 3801 3804 3805
f 3793 3798 3797
f 3801 3805 3806
f 3793 3799 3798
f 3801 3806 3807
f 3793 3800 3799
f 3801 3807 3808
f 3809 3810 3818
f 3809 3818 3817
f 3810 3811 3819
f 3810 3819 3818
f 3811 3812 3820
f 3811 3820 3819
f 3812 3813 3821
f 3812 3821 3820
f 3813 3814 3822
f 3813 3822 3821
f 3814 3815 3823
f 3814 3823 3822
f 3815 3816 3824
f 3815 3824 3823
f 3816 3809 3817
f 3816 3817 3824
f 3809 3811 3810
f 3817 3818 3819
f 3809 3812 3811
f 3817 3819 3820
f 3809 3813 3812
f 3817 3820 3821
f 3809 3814 3813
f 3817 3821 3822
f 3809 3815 3814
f 3817 3822 3823
f 3809 3816 3815
f 3817 3823 3824
f 3825 3826 3834
f 3825 3834 3833
f 3826 3827 3835
f 3826 3835 3834
f 3827 3828 3836
f 3827 3836 3835
f 3828 3829 3837
f 3828 3837 3836
f 3829 3830 3838
f 3829 3838 3837
f 3830 3831 3839
f 3830 3839 3838
f 3831 3832 3840
f 3831 3840 3839
f 3832 3825 3833
f 3832 3833 3840
f 3825 3827 3826
f 3833 3834 3835
f 3825 3828 3827
f 3833 3835 3836
f 3825 3829 3828
f 3833 3836 3837
f 3825 3830 3829
f 3833 3837 3838
f 3825 3831 3830
f 3833 3838 3839
f 3825 3832 3831
f 3833 3839 3840
f 3841 3842 3850
f 3841 3850 3849
f 3842 3843 3851
f 3842 3851 3850
f 3843 3844 3852
f 3843 3852 3851
f 3844 3845 3853
f 3844 3853 3852
f 3845 3846 3854
f 3845 3854 3853
f 3846 3847 3855
f 3846 3855 3854
f 3847 3848 3856
f 3847 3856 3855
f 3848 3841 3849
f 3848 3849 3856
f 3841 3843 3842
f 3849 3850 3851
f 3841 3844 3843
f 3849 3851 3852
f 3841 3845 3844
f 3849 3852 3853
f 3841 3846 3845
f 3849 3853 3854
f 3841 3847 3846
f 3849 3854 3855
f 3841 3848 3847
f 3849 3855 3856
f 3857 3858 3866
f 3857 3866 3865
f 3858 3859 3867
f 3858 3867 3866
f 3859 3860 3868
f 3859 3868 3867
f 3860 3861 3869
f 3860 3869 3868
f 3861 3862 3870
f 3861 3870 3869
f 3862 3863 3871
f 3862 3871 3870
f 3863 3864 3872
f 3863 3872 3871
f 3864 3857 3865
f 3864 3865 3872
f 3857 3859 3858
f 3865 3866 3867
f 3857 3860 3859
f 3865 3867 3868
f 3857 3861 3860
f 3865 3868 3869
f 3857 3862 3861
f 3865 3869 3870
f 3857 3863 3862
f 3865 3870 3871
f 3857 3864 3863
f 3865 3871 3872
f 3873 3874 3882
f 3873 3882 3881
f 3874 3875 3883
f 3874 3883 3882
f 3875 3876 3884
f 3875 3884 3883
f 3876 3877 3885
f 3876 3885 3884
f 3877 3878 3886
f 3877 3886 3885
f 3878 3879 3887
f 3878 3887 3886
f 3879 3880 3888
f 3879 3888 3887
f 3880 3873 3881
f 3880 3881 3888
f 3873 3875 3874
f 3881 3882 3883
f 3873 3876 3875
f 3881 3883 3884
f 3873 3877 3876
f 3881 3884 3885
f 3873 3878 3877
f 3881 3885 3886
f 3873 3879 3878
f 3881 3886 3887
f 3873 3880 3879
f 3881 3887 3888
f 3889 3890 3898
f 3889 3898 3897
f 3890 3891 3899
f 3890 3899 3898
f 3891 3892 3900
f 3891 3900 3899
f 3892 3893 3901
f 3892 3901 3900
f 3893 3894 3902
f 3893 3902 3901
f 3894 3895 3903
f 3894 3903 3902
f 3895 3896 3904
f 3895 3904 3903
f 3896 3889 3897
f 3896 3897 3904
f 3889 3891 3890
f 3897 3898 3899
f 3889 3892 3891
f 3897 3899 3900
f 3889 3893 3892
f 3897 3900 3901
f 3889 3894 3893
f 3897 3901 3902
f 3889 3895 3894
f 3897 3902 3903
f 3889 3896 3895
f 3897 3903 3904
f 3905 3906 3914
f 3905 3914 3913
f 3906 3907 3915
f 3906 3915 3914
f 3907 3908 3916
f 3907 3916 3915
f 3908 3909 3917
f 3908 3917 3916
f 3909 3910 3918
f 3909 3918 3917
f 3910 3911 3919
f 3910 3919 3918
f 3911 3912 3920
f 3911 3920 3919
f 3912 3905 3913
f 3912 3913 3920
f 3905 3907 3906
f 3913 3914 3915
f 3905 3908 3907
f 3913 3915 3916
f 3905 3909 3908
f 3913 3916 3917
f 3905 3910 3909
f 3913 3917 3918
f 3905 3911 3910
f 3913 3918 3919
f 3905 3912 3911
f 3913 3919 3920
f 3921 3922 3930
f 3921 3930 3929
f 3922 3923 3931
f 3922 3931 3930
f 3923 3924 3932
f 3923 3932 3931
f 3924 3925 3933
f 3924 3933 3932
f 3925 3926 3934
f 3925 3934 3933
f 3926 3927 3935
f 3926 3935 3934
f 3927 3928 3936
f 3927 3936 3935
f 3928 3921 3929
f 3928 3929 3936
f 3921 3923 3922
f 3929 3930 3931
f 3921 3924 3923
f 3929 3931 3932
f 3921 3925 3924
f 3929 3932 3933
f 3921 3926 3925
f 3929 3933 3934
f 3921 3927 3926
f 3929 3934 3935
f 3921 3928 3927
f 3929 3935 3936
f 3937 3938 3946
f 3937 3946 3945
f 3938 3939 3947
f 3938 3947 3946
f 3939 3940 3948
f 3939 3948 3947
f 3940 3941 3949
f 3940 3949 3948
f 3941 3942 3950
f 3941 3950 3949
f 3942 3943 3951
f 3942 3951 3950
f 3943 3944 3952
f 3943 3952 3951
f 3944 3937 3945
f 3944 3945 3952
f 3937 3939 3938
f 3945 3946 3947
f 3937 3940 3939
f 3945 3947 3948
f 3937 3941 3940
f 3945 3948 3949
f 3937 3942 3941
f 3945 3949 3950
f 3937 3943 3942
f 3945 3950 3951
f 3937 3944 3943
f 3945 3951 3952
f 3953 3954 3962
f 3953 3962 3961
f 3954 3955 3963
f 3954 3963 3962
f 3955 3956 3964
f 3955 3964 3963
f 3956 3957 3965
f 3956 3965 3964
f 3957 3958 3966
f 3957 3966 3965
f 3958 3959 3967
f 3958 3967 3966
f 3959 3960 3968
f 3959 3968 3967
f 3960 3953 3961
f 3960 3961 3968
f 3953 3955 3954
f 3961 3962 3963
f 3953 3956 3955
f 3961 3963 3964
f 3953 3957 3956
f 3961 3964 3965
f 3953 3958 3957
f 3961 3965 3966
f 3953 3959 3958
f 3961 3966 3967
f 3953 3960 3959
f 3961 3967 3968
f 3969 3970 3978
f 3969 3978 3977
f 3970 3971 3979
f 3970 3979 3978
f 3971 3972 3980
f 3971 3980 3979
f 3972 3973 3981
f 3972 3981 3980
f 3973 3974 3982
f 3973 3982 3981
f 3974 3975 3983
f 3974 3983 3982
f 3975 3976 3984
f 3975 3984 3983
f 3976 3969 3977
f 3976 3977 3984
f 3969 3971 3970
f 3977 3978 3979
f 3969 3972 3971
f 3977 3979 3980
f 3969 3973 3972
f 3977 3980 3981
f 3969 3974 3973
f 3977 3981 3982
f 3969 3975 3974
f 3977 3982 3983
f 3969 3976 3975
f 3977 3983 3984
f 3985 3986 3994
f 3985 3994 3993
f 3986 3987 3995
f 3986 3995 3994
f 3987 3988 3996
f 3987 3996 3995
f 3988 3989 3997
f 3988 3997 3996
f 3989 3990 3998
f 3989 3998 3997
f 3990 3991 3999
f 3990 3999 3998
f 3991 3992 4000
f 3991 4000 3999
f 3992 3985 3993
f 3992 3993 4000
f 3985 3987 3986
f 3993 3994 3995
f 3985 3988 3987
f 3993 3995 3996
f 3985 3989 3988
f 3993 3996 3997
f 3985 3990 3989
f 3993 3997 3998
f 3985 3991 3990
f 3993 3998 3999
f 3985 3992 3991
f 3993 3999 4000
f 4001 4002 4010
f 4001 4010 4009
f 4002 4003 4011
f 4002 4011 4010
f 4003 4004 4012
f 4003 4012 4011
f 4004 4005 4013
f 4004 4013 4012
f 4005 4006 4014
f 4005 4014 4013
f 4006 4007 4015
f 4006 4015 4014
f 4007 4008 4016
f 4007 4016 4015
f 4008 4001 4009
f 4008 4009 4016
f 4001 4003 4002
f 4009 4010 4011
f 4001 4004 4003
f 4009 4011 4012
f 4001 4005 4004
f 4009 4012 4013
f 4001 4006 4005
f 4009 4013 4014
f 4001 4007 4006
f 4009 4014 4015
f 4001 4008 4007
f 4009 4015 4016
f 4017 4018 4026
f 4017 4026 4025
f 4018 4019 4027
f 4018 4027 4026
f 4019 4020 4028
f 4019 4028 4027
f 4020 4021 4029
f 4020 4029 4028
f 4021 4022 4030
f 4021 4030 4029
f 4022 4023 4031
f 4022 4031 4030
f 4023 4024 4032
f 4023 4032 4031
f 4024 4017 4025
f 4024 4025 4032
f 4017 4019 4018
f 4025 4026 4027
f 4017 4020 4019
f 4025 4027 4028
f 4017 4021 4020
f 4025 4028 4029
f 4017 4022 4021
f 4025 4029 4030
f 4017 4023 4022
f 4025 4030 4031
f 4017 4024 4023
f 4025 4031 4032
f 4033 4034 4042
f 4033 4042 4041
f 4034 4035 4043
f 4034 4043 4042
f 4035 4036 4044
f 4035 4044 4043
f 4036 4037 4045
f 4036 4045 4044
f 4037 4038 4046
f 4037 4046 4045
f 4038 4039 4047
f 4038 4047 4046
f 4039 4040 4048
f 4039 4048 4047
f 4040 4033 4041
f 4040 4041 4048
f 4033 4035 4034
f 4041 4042 4043
f 4033 4036 4035
f 4041 4043 4044
f 4033 4037 4036
f 4041 4044 4045
f 4033 4038 4037
f 4041 4045 4046
f 4033 4039 4038
f 4041 4046 4047
f 4033 4040 4039
f 4041 4047 4048
f 4049 4050 4058
f 4049 4058 4057
f 4050 4051 4059
f 4050 4059 4058
f 4051 4052 4060
f 4051 4060 4059
f 4052 4053 4061
f 4052 4061 4060
f 4053 4054 4062
f 4053 4062 4061
f 4054 4055 4063
f 4054 4063 4062
f 4055 4056 4064
f 4055 4064 4063
f 4056 4049 4057
f 4056 4057 4064
f 4049 4051 4050
f 4057 4058 4059
f 4049 4052 4051
f 4057 4059 4060
f 4049 4053 4052
f 4057 4060 4061
f 4049 4054 4053
f 4057 4061 4062
f 4049 4055 4054
f 4057 4062 4063
f 4049 4056 4055
f 4057 4063 4064
f 4065 4066 4074
f 4065 4074 4073
f 4066 4067 4075
f 4066 4075 4074
f 4067 4068 4076
f 4067 4076 4075
f 4068 4069 4077
f 4068 4077 4076
f 4069 4070 4078
f 4069 4078 4077
f 4070 4071 4079
f 4070 4079 4078
f 4071 4072 4080
f 4071 4080 4079
f 4072 4065 4073
f 4072 4073 4080
f 4065 4067 4066
f 4073 4074 4075
f 4065 4068 4067
f 4073 4075 4076
f 4065 4069 4068
f 4073 4076 4077
f 4065 4070 4069
f 4073 4077 4078
f 4065 4071 4070
f 4073 4078 4079
f 4065 4072 4071
f 4073 4079 4080
f 4081 4082 4090
f 4081 4090 4089
f 4082 4083 4091
f 4082 4091 4090
f 4083 4084 4092
f 4083 4092 4091
f 4084 4085 4093
f 4084 4093 4092
f 4085 4086 4094
f 4085 4094 4093
f 4086 4087 4095
f 4086 4095 4094
f 4087 4088 4096
f 4087 4096 4095
f 4088 4081 4089
f 4088 4089 4096
f 4081 4083 4082
f 4089 4090 4091
f 4081 4084 4083
f 4089 4091 4092
f 4081 4085 4084
f 4089 4092 4093
f 4081 4086 4085
f 4089 4093 4094
f 4081 4087 4086
f 4089 4094 4095
f 4081 4088 4087
f 4089 4095 4096
f 4097 4098 4106
f 4097 4106 4105
f 4098 4099 4107
f 4098 4107 4106
f 4099 4100 4108
f 4099 4108 4107
f 4100 4101 4109
f 4100 4109 4108
f 4101 4102 4110
f 4101 4110 4109
f 4102 4103 4111
f 4102 4111 4110
f 4103 4104 4112
f 4103 4112 4111
f 4104 4097 4105
f 4104 4105 4112
f 4097 4099 4098
f 4105 4106 4107
f 4097 4100 4099
f 4105 4107 4108
f 4097 4101 4100
f 4105 4108 4109
f 4097 4102 4101
f 4105 4109 4110
f 4097 4103 4102
f 4105 4110 4111
f 4097 4104 4103
f 4105 4111 4112
f 4113 4114 4122
f 4113 4122 4121
f 4114 4115 4123
f 4114 4123 4122
f 4115 4116 4124
f 4115 4124 4123
f 4116 4117 4125
f 4116 4125 4124
f 4117 4118 4126
f 4117 4126 4125
f 4118 4119 4127
f 4118 4127 4126
f 4119 4120 4128
f 4119 4128 4127
f 4120 4113 4121
f 4120 4121 4128
f 4113 4115 4114
f 4121 4122 4123
f 4113 4116 4115
f 4121 4123 4124
f 4113 4117 4116
f 4121 4124 4125
f 4113 4118 4117
f 4121 4125 4126
f 4113 4119 4118
f 4121 4126 4127
f 4113 4120 4119
f 4121 4127 4128
f 4129 4130 4138
f 4129 4138 4137
f 4130 4131 4139
f 4130 4139 4138
f 4131 4132 4140
f 4131 4140 4139
f 4132 4133 4141
f 4132 4141 4140
f 4133 4134 4142
f 4133 4142 4141
f 4134 4135 4143
f 4134 4143 4142
f 4135 4136 4144
f 4135 4144 4143
f 4136 4129 4137
f 4136 4137 4144
f 4129 4131 4130
f 4137 4138 4139
f 4129 4132 4131
f 4137 4139 4140
f 4129 4133 4132
f 4137 4140 4141
f 4129 4134 4133
f 4137 4141 4142
f 4129 4135 4134
f 4137 4142 4143
f 4129 4136 4135
f 4137 4143 4144
f 4145 4146 4154
f 4145 4154 4153
f 4146 4147 4155
f 4146 4155 4154
f 4147 4148 4156
f 4147 4156 4155
f 4148 4149 4157
f 4148 4157 4156
f 4149 4150 4158
f 4149 4158 4157
f 4150 4151 4159
f 4150 4159 4158
f 4151 4152 4160
f 4151 4160 4159
f 4152 4145 4153
f 4152 4153 4160
f 4145 4147 4146
f 4153 4154 4155
f 4145 4148 4147
f 4153 4155 4156
f 4145 4149 4148
f 4153 4156 4157
f 4145 4150 4149
f 4153 4157 4158
f 4145 4151 4150
f 4153 4158 4159
f 4145 4152 4151
f 4153 4159 4160
f 4161 4162 4170
f 4161 4170 4169
f 4162 4163 4171
f 4162 4171 4170
f 4163 4164 4172
f 4163 4172 4171
f 4164 4165 4173
f 4164 4173 4172
f 4165 4166 4174
f 4165 4174 4173
f 4166 4167 4175
f 4166 4175 4174
f 4167 4168 4176
f 4167 4176 4175
f 4168 4161 4169
f 4168 4169 4176
f 4161 4163 4162
f 4169 4170 4171
f 4161 4164 4163
f 4169 4171 4172
f 4161 4165 4164
f 4169 4172 4173
f 4161 4166 4165
f 4169 4173 4174
f 4161 4167 4166
f 4169 4174 4175
f 4161 4168 4167
f 4169 4175 4176
f 4177 4178 4186
f 4177 4186 4185
f 4178 4179 4187
f 4178 4187 4186
f 4179 4180 4188
f 4179 4188 4187
f 4180 4181 4189
f 4180 4189 4188
f 4181 4182 4190
f 4181 4190 4189
f 4182 4183 4191
f 4182 4191 4190
f 4183 4184 4192
f 4183 4192 4191
f 4184 4177 4185
f 4184 4185 4192
f 4177 4179 4178
f 4185 4186 4187
f 4177 4180 4179
f 4185 4187 4188
f 4177 4181 4180
f 4185 4188 4189
f 4177 4182 4181
f 4185 4189 4190
f 4177 4183 4182
f 4185 4190 4191
f 4177 4184 4183
f 4185 4191 4192
f 4193 4194 4202
f 4193 4202 4201
f 4194 4195 4203
f 4194 4203 4202
f 4195 4196 4204
f 4195 4204 4203
f 4196 4197 4205
f 4196 4205 4204
f 4197 4198 4206
f 4197 4206 4205
f 4198 4199 4207
f 4198 4207 4206
f 4199 4200 4208
f 4199 4208 4207
f 4200 4193 4201
f 4200 4201 4208
f 4193 4195 4194
f 4201 4202 4203
f 4193 4196 4195
f 4201 4203 4204
f 4193 4197 4196
f 4201 4204 4205
f 4193 4198 4197
f 4201 4205 4206
f 4193 4199 4198
f 4201 4206 4207
f 4193 4200 4199
f 4201 4207 4208
f 4209 4210 4218
f 4209 4218 4217
f 4210 4211 4219
f 4210 4219 4218
f 4211 4212 4220
f 4211 4220 4219
f 4212 4213 4221
f 4212 4221 4220
f 4213 4214 4222
f 4213 4222 4221
f 4214 4215 4223
f 4214 4223 4222
f 4215 4216 4224
f 4215 4224 4223
f 4216 4209 4217
f 4216 4217 4224
f 4209 4211 4210
f 4217 4218 4219
f 4209 4212 4211
f 4217 4219 4220
f 4209 4213 4212
f 4217 4220 4221
f 4209 4214 4213
f 4217 4221 4222
f 4209 4215 4214
f 4217 4222 4223
f 4209 4216 4215
f 4217 4223 4224
f 4225 4226 4234
f 4225 4234 4233
f 4226 4227 4235
f 4226 4235 4234
f 4227 4228 4236
f 4227 4236 4235
f 4228 4229 4237
f 4228 4237 4236
f 4229 4230 4238
f 4229 4238 4237
f 4230 4231 4239
f 4230 4239 4238
f 4231 4232 4240
f 4231 4240 4239
f 4232 4225 4233
f 4232 4233 4240
f 4225 4227 4226
f 4233 4234 4235
f 4225 4228 4227
f 4233 4235 4236
f 4225 4229 4228
f 4233 4236 4237
f 4225 4230 4229
f 4233 4237 4238
f 4225 4231 4230
f 4233 4238 4239
f 4225 4232 4231
f 4233 4239 4240
f 4241 4242 4250
f 4241 4250 4249
f 4242 4243 4251
f 4242 4251 4250
f 4243 4244 4252
f 4243 4252 4251
f 4244 4245 4253
f 4244 4253 4252
f 4245 4246 4254
f 4245 4254 4253
f 4246 4247 4255
f 4246 4255 4254
f 4247 4248 4256
f 4247 4256 4255
f 4248 4241 4249
f 4248 4249 4256
f 4241 4243 4242
f 4249 4250 4251
f 4241 4244 4243
f 4249 4251 4252
f 4241 4245 4244
f 4249 4252 4253
f 4241 4246 4245
f 4249 4253 4254
f 4241 4247 4246
f 4249 4254 4255
f 4241 4248 4247
f 4249 4255 4256
f 4257 4258 4266
f 4257 4266 4265
f 4258 4259 4267
f 4258 4267 4266
f 4259 4260 4268
f 4259 4268 4267
f 4260 4261 4269
f 4260 4269 4268
f 4261 4262 4270
f 4261 4270 4269
f 4262 4263 4271
f 4262 4271 4270
f 4263 4264 4272
f 4263 4272 4271
f 4264 4257 4265
f 4264 4265 4272
f 4257 4259 4258
f 4265 4266 4267
f 4257 4260 4259
f 4265 4267 4268
f 4257 4261 4260
f 4265 4268 4269
f 4257 4262 4261
f 4265 4269 4270
f 4257 4263 4262
f 4265 4270 4271
f 4257 4264 4263
f 4265 4271 4272
f 4273 4274 4282
f 4273 4282 4281
f 4274 4275 4283
f 4274 4283 4282
f 4275 4276 4284
f 4275 4284 4283
f 4276 4277 4285
f 4276 4285 4284
f 4277 4278 4286
f 4277 4286 4285
f 4278 4279 4287
f 4278 4287 4286
f 4279 4280 4288
f 4279 4288 4287
f 4280 4273 4281
f 4280 4281 4288
f 4273 4275 4274
f 4281 4282 4283
f 4273 4276 4275
f 4281 4283 4284
f 4273 4277 4276
f 4281 4284 4285
f 4273 4278 4277
f 4281 4285 4286
f 4273 4279 4278
f 4281 4286 4287
f 4273 4280 4279
f 4281 4287 4288
f 4289 4290 4298
f 4289 4298 4297
f 4290 4291 4299
f 4290 4299 4298
f 4291 4292 4300
f 4291 4300 4299
f 4292 4293 4301
f 4292 4301 4300
f 4293 4294 4302
f 4293 4302 4301
f 4294 4295 4303
f 4294 4303 4302
f 4295 4296 4304
f 4295 4304 4303
f 4296 4289 4297
f 4296 4297 4304
f 4289 4291 4290
f 4297 4298 4299
f 4289 4292 4291
f 4297 4299 4300
f 4289 4293 4292
f 4297 4300 4301
f 4289 4294 4293
f 4297 4301 4302
f 4289 4295 4294
f 4297 4302 4303
f 4289 4296 4295
f 4297 4303 4304
f 4305 4306 4314
f 4305 4314 4313
f 4306 4307 4315
f 4306 4315 4314
f 4307 4308 4316
f 4307 4316 4315
f 4308 4309 4317
f 4308 4317 4316
f 4309 4310 4318
f 4309 4318 4317
f 4310 4311 4319
f 4310 4319 4318
f 4311 4312 4320
f 4311 4320 4319
f 4312 4305 4313
f 4312 4313 4320
f 4305 4307 4306
f 4313 4314 4315
f 4305 4308 4307
f 4313 4315 4316
f 4305 4309 4308
f 4313 4316 4317
f 4305 4310 4309
f 4313 4317 4318
f 4305 4311 4310
f 4313 4318 4319
f 4305 4312 4311
f 4313 4319 4320
f 4321 4322 4330
f 4321 4330 4329
f 4322 4323 4331
f 4322 4331 4330
f 4323 4324 4332
f 4323 4332 4331
f 4324 4325 4333
f 4324 4333 4332
f 4325 4326 4334
f 4325 4334 4333
f 4326 4327 4335
f 4326 4335 4334
f 4327 4328 4336
f 4327 4336 4335
f 4328 4321 4329
f 4328 4329 4336
f 4321 4323 4322
f 4329 4330 4331
f 4321 4324 4323
f 4329 4331 4332
f 4321 4325 4324
f 4329 4332 4333
f 4321 4326 4325
f 4329 4333 4334
f 4321 4327 4326
f 4329 4334 4335
f 4321 4328 4327
f 4329 4335 4336
f 4337 4338 4346
f 4337 4346 4345
f 4338 4339 4347
f 4338 4347 4346
f 4339 4340 4348
f 4339 4348 4347
f 4340 4341 4349
f 4340 4349 4348
f 4341 4342 4350
f 4341 4350 4349
f 4342 4343 4351
f 4342 4351 4350
f 4343 4344 4352
f 4343 4352 4351
f 4344 4337 4345
f 4344 4345 4352
f 4337 4339 4338
f 4345 4346 4347
f 4337 4340 4339
f 4345 4347 4348
f 4337 4341 4340
f 4345 4348 4349
f 4337 4342 4341
f 4345 4349 4350
f 4337 4343 4342
f 4345 4350 4351
f 4337 4344 4343
f 4345 4351 4352
f 4353 4354 4362
f 4353 4362 4361
f 4354 4355 4363
f 4354 4363 4362
f 4355 4356 4364
f 4355 4364 4363
f 4356 4357 4365
f 4356 4365 4364
f 4357 4358 4366
f 4357 4366 4365
f 4358 4359 4367
f 4358 4367 4366
f 4359 4360 4368
f 4359 4368 4367
f 4360 4353 4361
f 4360 4361 4368
f 4353 4355 4354
f 4361 4362 4363
f 4353 4356 4355
f 4361 4363 4364
f 4353 4357 4356
f 4361 4364 4365
f 4353 4358 4357
f 4361 4365 4366
f 4353 4359 4358
f 4361 4366 4367
f 4353 4360 4359
f 4361 4367 4368
f 4369 4370 4378
f 4369 4378 4377
f 4370 4371 4379
f 4370 4379 4378
f 4371 4372 4380
f 4371 4380 4379
f 4372 4373 4381
f 4372 4381 4380
f 4373 4374 4382
f 4373 4382 4381
f 4374 4375 4383
f 4374 4383 4382
f 4375 4376 4384
f 4375 4384 4383
f 4376 4369 4377
f 4376 4377 4384
f 4369 4371 4370
f 4377 4378 4379
f 4369 4372 4371
f 4377 4379 4380
f 4369 4373 4372
f 4377 4380 4381
f 4369 4374 4373
f 4377 4381 4382
f 4369 4375 4374
f 4377 4382 4383
f 4369 4376 4375
f 4377 4383 4384
f 4385 4386 4394
f 4385 4394 4393
f 4386 4387 4395
f 4386 4395 4394
f 4387 4388 4396
f 4387 4396 4395
f 4388 4389 4397
f 4388 4397 4396
f 4389 4390 4398
f 4389 4398 4397
f 4390 4391 4399
f 4390 4399 4398
f 4391 4392 4400
f 4391 4400 4399
f 4392 4385 4393
f 4392 4393 4400
f 4385 4387 4386
f 4393 4394 4395
f 4385 4388 4387
f 4393 4395 4396
f 4385 4389 4388
f 4393 4396 4397
f 4385 4390 4389
f 4393 4397 4398
f 4385 4391 4390
f 4393 4398 4399
f 4385 4392 4391
f 4393 4399 4400
f 4401 4402 4410
f 4401 4410 4409
f 4402 4403 4411
f 4402 4411 4410
f 4403 4404 4412
f 4403 4412 4411
f 4404 4405 4413
f 4404 4413 4412
f 4405 4406 4414
f 4405 4414 4413
f 4406 4407 4415
f 4406 4415 4414
f 4407 4408 4416
f 4407 4416 4415
f 4408 4401 4409
f 4408 4409 4416
f 4401 4403 4402
f 4409 4410 4411
f 4401 4404 4403
f 4409 4411 4412
f 4401 4405 4404
f 4409 4412 4413
f 4401 4406 4405
f 4409 4413 4414
f 4401 4407 4406
f 4409 4414 4415
f 4401 4408 4407
f 4409 4415 4416
f 4417 4418 4426
f 4417 4426 4425
f 4418 4419 4427
f 4418 4427 4426
f 4419 4420 4428
f 4419 4428 4427
f 4420 4421 4429
f 4420 4429 4428
f 4421 4422 4430
f 4421 4430 4429
f 4422 4423 4431
f 4422 4431 4430
f 4423 4424 4432
f 4423 4432 4431
f 4424 4417 4425
f 4424 4425 4432
f 4417 4419 4418
f 4425 4426 4427
f 4417 4420 4419
f 4425 4427 4428
f 4417 4421 4420
f 4425 4428 4429
f 4417 4422 4421
f 4425 4429 4430
f 4417 4423 4422
f 4425 4430 4431
f 4417 4424 4423
f 4425 4431 4432
f 4433 4434 4442
f 4433 4442 4441
f 4434 4435 4443
f 4434 4443 4442
f 4435 4436 4444
f 4435 4444 4443
f 4436 4437 4445
f 4436 4445 4444
f 4437 4438 4446
f 4437 4446 4445
f 4438 4439 4447
f 4438 4447 4446
f 4439 4440 4448
f 4439 4448 4447
f 4440 4433 4441
f 4440 4441 4448
f 4433 4435 4434
f 4441 4442 4443
f 4433 4436 4435
f 4441 4443 4444
f 4433 4437 4436
f 4441 4444 4445
f 4433 4438 4437
f 4441 4445 4446
f 4433 4439 4438
f 4441 4446 4447
f 4433 4440 4439
f 4441 4447 4448
f 4449 4450 4458
f 4449 4458 4457
f 4450 4451 4459
f 4450 4459 4458
f 4451 4452 4460
f 4451 4460 4459
f 4452 4453 4461
f 4452 4461 4460
f 4453 4454 4462
f 4453 4462 4461
f 4454 4455 4463
f 4454 4463 4462
f 4455 4456 4464
f 4455 4464 4463
f 4456 4449 4457
f 4456 4457 4464
f 4449 4451 4450
f 4457 4458 4459
f 4449 4452 4451
f 4457 4459 4460
f 4449 4453 4452
f 4457 4460 4461
f 4449 4454 4453
f 4457 4461 4462
f 4449 4455 4454
f 4457 4462 4463
f 4449 4456 4455
f 4457 4463 4464
f 4465 4466 4474
f 4465 4474 4473
f 4466 4467 4475
f 4466 4475 4474
f 4467 4468 4476
f 4467 4476 4475
f 4468 4469 4477
f 4468 4477 4476
f 4469 4470 4478
f 4469 4478 4477
f 4470 4471 4479
f 4470 4479 4478
f 4471 4472 4480
f 4471 4480 4479
f 4472 4465 4473
f 4472 4473 4480
f 4465 4467 4466
f 4473 4474 4475
f 4465 4468 4467
f 4473 4475 4476
f 4465 4469 4468
f 4473 4476 4477
f 4465 4470 4469
f 4473 4477 4478
f 4465 4471 4470
f 4473 4478 4479
f 4465 4472 4471
f 4473 4479 4480
f 4481 4482 4490
f 4481 4490 4489
f 4482 4483 4491
f 4482 4491 4490
f 4483 4484 4492
f 4483 4492 4491
f 4484 4485 4493
f 4484 4493 4492
f 4485 4486 4494
f 4485 4494 4493
f 4486 4487 4495
f 4486 4495 4494
f 4487 4488 4496
f 4487 4496 4495
f 4488 4481 4489
f 4488 4489 4496
f 4481 4483 4482
f 4489 4490 4491
f 4481 4484 4483
f 4489 4491 4492
f 4481 4485 4484
f 4489 4492 4493
f 4481 4486 4485
f 4489 4493 4494
f 4481 4487 4486
f 4489 4494 4495
f 4481 4488 4487
f 4489 4495 4496
f 4497 4498 4506
f 4497 4506 4505
f 4498 4499 4507
f 4498 4507 4506
f 4499 4500 4508
f 4499 4508 4507
f 4500 4501 4509
f 4500 4509 4508
f 4501 4502 4510
f 4501 4510 4509
f 4502 4503 4511
f 4502 4511 4510
f 4503 4504 4512
f 4503 4512 4511
f 4504 4497 4505
f 4504 4505 4512
f 4497 4499 4498
f 4505 4506 4507
f 4497 4500 4499
f 4505 4507 4508
f 4497 4501 4500
f 4505 4508 4509
f 4497 4502 4501
f 4505 4509 4510
f 4497 4503 4502
f 4505 4510 4511
f 4497 4504 4503
f 4505 4511 4512
f 4513 4514 4522
f 4513 4522 4521
f 4514 4515 4523
f 4514 4523 4522
f 4515 4516 4524
f 4515 4524 4523
f 4516 4517 4525
f 4516 4525 4524
f 4517 4518 4526
f 4517 4526 4525
f 4518 4519 4527
f 4518 4527 4526
f 4519 4520 4528
f 4519 4528 4527
f 4520 4513 4521
f 4520 4521 4528
f 4513 4515 4514
f 4521 4522 4523
f 4513 4516 4515
f 4521 4523 4524
f 4513 4517 4516
f 4521 4524 4525
f 4513 4518 4517
f 4521 4525 4526
f 4513 4519 4518
f 4521 4526 4527
f 4513 4520 4519
f 4521 4527 4528
f 4529 4530 4538
f 4529 4538 4537
f 4530 4531 4539
f 4530 4539 4538
f 4531 4532 4540
f 4531 4540 4539
f 4532 4533 4541
f 4532 4541 4540
f 4533 4534 4542
f 4533 4542 4541
f 4534 4535 4543
f 4534 4543 4542
f 4535 4536 4544
f 4535 4544 4543
f 4536 4529 4537
f 4536 4537 4544
f 4529 4531 4530
f 4537 4538 4539
f 4529 4532 4531
f 4537 4539 4540
f 4529 4533 4532
f 4537 4540 4541
f 4529 4534 4533
f 4537 4541 4542
f 4529 4535 4534
f 4537 4542 4543
f 4529 4536 4535
f 4537 4543 4544
f 4545 4546 4554
f 4545 4554 4553
f 4546 4547 4555
f 4546 4555 4554
f 4547 4548 4556
f 4547 4556 4555
f 4548 4549 4557
f 4548 4557 4556
f 4549 4550 4558
f 4549 4558 4557
f 4550 4551 4559
f 4550 4559 4558
f 4551 4552 4560
f 4551 4560 4559
f 4552 4545 4553
f 4552 4553 4560
f 4545 4547 4546
f 4553 4554 4555
f 4545 4548 4547
f 4553 4555 4556
f 4545 4549 4548
f 4553 4556 4557
f 4545 4550 4549
f 4553 4557 4558
f 4545 4551 4550
f 4553 4558 4559
f 4545 4552 4551
f 4553 4559 4560
f 4561 4562 4570
f 4561 4570 4569
f 4562 4563 4571
f 4562 4571 4570
f 4563 4564 4572
f 4563 4572 4571
f 4564 4565 4573
f 4564 4573 4572
f 4565 4566 4574
f 4565 4574 4573
f 4566 4567 4575
f 4566 4575 4574
f 4567 4568 4576
f 4567 4576 4575
f 4568 4561 4569
f 4568 4569 4576
f 4561 4563 4562
f 4569 4570 4571
f 4561 4564 4563
f 4569 4571 4572
f 4561 4565 4564
f 4569 4572 4573
f 4561 4566 4565
f 4569 4573 4574
f 4561 4567 4566
f 4569 4574 4575
f 4561 4568 4567
f 4569 4575 4576
f 4577 4578 4586
f 4577 4586 4585
f 4578 4579 4587
f 4578 4587 4586
f 4579 4580 4588
f 4579 4588 4587
f 4580 4581 4589
f 4580 4589 4588
f 4581 4582 4590
f 4581 4590 4589
f 4582 4583 4591
f 4582 4591 4590
f 4583 4584 4592
f 4583 4592 4591
f 4584 4577 4585
f 4584 4585 4592
f 4577 4579 4578
f 4585 4586 4587
f 4577 4580 4579
f 4585 4587 4588
f 4577 4581 4580
f 4585 4588 4589
f 4577 4582 4581
f 4585 4589 4590
f 4577 4583 4582
f 4585 4590 4591
f 4577 4584 4583
f 4585 4591 4592
f 4593 4594 4602
f 4593 4602 4601
f 4594 4595 4603
f 4594 4603 4602
f 4595 4596 4604
f 4595 4604 4603
f 4596 4597 4605
f 4596 4605 4604
f 4597 4598 4606
f 4597 4606 4605
f 4598 4599 4607
f 4598 4607 4606
f 4599 4600 4608
f 4599 4608 4607
f 4600 4593 4601
f 4600 4601 4608
f 4593 4595 4594
f 4601 4602 4603
f 4593 4596 4595
f 4601 4603 4604
f 4593 4597 4596
f 4601 4604 4605
f 4593 4598 4597
f 4601 4605 4606
f 4593 4599 4598
f 4601 4606 4607
f 4593 4600 4599
f 4601 4607 4608
f 4609 4610 4618
f 4609 4618 4617
f 4610 4611 4619
f 4610 4619 4618
f 4611 4612 4620
f 4611 4620 4619
f 4612 4613 4621
f 4612 4621 4620
f 4613 4614 4622
f 4613 4622 4621
f 4614 4615 4623
f 4614 4623 4622
f 4615 4616 4624
f 4615 4624 4623
f 4616 4609 4617
f 4616 4617 4624
f 4609 4611 4610
f 4617 4618 4619
f 4609 4612 4611
f 4617 4619 4620
f 4609 4613 4612
f 4617 4620 4621
f 4609 4614 4613
f 4617 4621 4622
f 4609 4615 4614
f 4617 4622 4623
f 4609 4616 4615
f 4617 4623 4624
f 4625 4626 4634
f 4625 4634 4633
f 4626 4627 4635
f 4626 4635 4634
f 4627 4628 4636
f 4627 4636 4635
f 4628 4629 4637
f 4628 4637 4636
f 4629 4630 4638
f 4629 4638 4637
f 4630 4631 4639
f 4630 4639 4638
f 4631 4632 4640
f 4631 4640 4639
f 4632 4625 4633
f 4632 4633 4640
f 4625 4627 4626
f 4633 4634 4635
f 4625 4628 4627
f 4633 4635 4636
f 4625 4629 4628
f 4633 4636 4637
f 4625 4630 4629
f 4633 4637 4638
f 4625 4631 4630
f 4633 4638 4639
f 4625 4632 4631
f 4633 4639 4640
f 4641 4642 4650
f 4641 4650 4649
f 4642 4643 4651
f 4642 4651 4650
f 4643 4644 4652
f 4643 4652 4651
f 4644 4645 4653
f 4644 4653 4652
f 4645 4646 4654
f 4645 4654 4653
f 4646 4647 4655
f 4646 4655 4654
f 4647 4648 4656
f 4647 4656 4655
f 4648 4641 4649
f 4648 4649 4656
f 4641 4643 4642
f 4649 4650 4651
f 4641 4644 4643
f 4649 4651 4652
f 4641 4645 4644
f 4649 4652 4653
f 4641 4646 4645
f 4649 4653 4654
f 4641 4647 4646
f 4649 4654 4655
f 4641 4648 4647
f 4649 4655 4656
f 4657 4658 4666
f 4657 4666 4665
f 4658 4659 4667
f 4658 4667 4666
f 4659 4660 4668
f 4659 4668 4667
f 4660 4661 4669
f 4660 4669 4668
f 4661 4662 4670
f 4661 4670 4669
f 4662 4663 4671
f 4662 4671 4670
f 4663 4664 4672
f 4663 4672 4671
f 4664 4657 4665
f 4664 4665 4672
f 4657 4659 4658
f 4665 4666 4667
f 4657 4660 4659
f 4665 4667 4668
f 4657 4661 4660
f 4665 4668 4669
f 4657 4662 4661
f 4665 4669 4670
f 4657 4663 4662
f 4665 4670 4671
f 4657 4664 4663
f 4665 4671 4672
f 4673 4674 4682
f 4673 4682 4681
f 4674 4675 4683
f 4674 4683 4682
f 4675 4676 4684
f 4675 4684 4683
f 4676 4677 4685
f 4676 4685 4684
f 4677 4678 4686
f 4677 4686 4685
f 4678 4679 4687
f 4678 4687 4686
f 4679 4680 4688
f 4679 4688 4687
f 4680 4673 4681
f 4680 4681 4688
f 4673 4675 4674
f 4681 4682 4683
f 4673 4676 4675
f 4681 4683 4684
f 4673 4677 4676
f 4681 4684 4685
f 4673 4678 4677
f 4681 4685 4686
f 4673 4679 4678
f 4681 4686 4687
f 4673 4680 4679
f 4681 4687 4688
f 4689 4690 4698
f 4689 4698 4697
f 4690 4691 4699
f 4690 4699 4698
f 4691 4692 4700
f 4691 4700 4699
f 4692 4693 4701
f 4692 4701 4700
f 4693 4694 4702
f 4693 4702 4701
f 4694 4695 4703
f 4694 4703 4702
f 4695 4696 4704
f 4695 4704 4703
f 4696 4689 4697
f 4696 4697 4704
f 4689 4691 4690
f 4697 4698 4699
f 4689 4692 4691
f 4697 4699 4700
f 4689 4693 4692
f 4697 4700 4701
f 4689 4694 4693
f 4697 4701 4702
f 4689 4695 4694
f 4697 4702 4703
f 4689 4696 4695
f 4697 4703 4704
f 4705 4706 4714
f 4705 4714 4713
f 4706 4707 4715
f 4706 4715 4714
f 4707 4708 4716
f 4707 4716 4715
f 4708 4709 4717
f 4708 4717 4716
f 4709 4710 4718
f 4709 4718 4717
f 4710 4711 4719
f 4710 4719 4718
f 4711 4712 4720
f 4711 4720 4719
f 4712 4705 4713
f 4712 4713 4720
f 4705 4707 4706
f 4713 4714 4715
f 4705 4708 4707
f 4713 4715 4716
f 4705 4709 4708
f 4713 4716 4717
f 4705 4710 4709
f 4713 4717 4718
f 4705 4711 4710
f 4713 4718 4719
f 4705 4712 4711
f 4713 4719 4720
f 4721 4722 4730
f 4721 4730 4729
f 4722 4723 4731
f 4722 4731 4730
f 4723 4724 4732
f 4723 4732 4731
f 4724 4725 4733
f 4724 4733 4732
f 4725 4726 4734
f 4725 4734 4733
f 4726 4727 4735
f 4726 4735 4734
f 4727 4728 4736
f 4727 4736 4735
f 4728 4721 4729
f 4728 4729 4736
f 4721 4723 4722
f 4729 4730 4731
f 4721 4724 4723
f 4729 4731 4732
f 4721 4725 4724
f 4729 4732 4733
f 4721 4726 4725
f 4729 4733 4734
f 4721 4727 4726
f 4729 4734 4735
f 4721 4728 4727
f 4729 4735 4736
f 4737 4738 4746
f 4737 4746 4745
f 4738 4739 4747
f 4738 4747 4746
f 4739 4740 4748
f 4739 4748 4747
f 4740 4741 4749
f 4740 4749 4748
f 4741 4742 4750
f 4741 4750 4749
f 4742 4743 4751
f 4742 4751 4750
f 4743 4744 4752
f 4743 4752 4751
f 4744 4737 4745
f 4744 4745 4752
f 4737 4739 4738
f 4745 4746 4747
f 4737 4740 4739
f 4745 4747 4748
f 4737 4741 4740
f 4745 4748 4749
f 4737 4742 4741
f 4745 4749 4750
f 4737 4743 4742
f 4745 4750 4751
f 4737 4744 4743
f 4745 4751 4752
f 4753 4754 4762
f 4753 4762 4761
f 4754 4755 4763
f 4754 4763 4762
f 4755 4756 4764
f 4755 4764 4763
f 4756 4757 4765
f 4756 4765 4764
f 4757 4758 4766
f 4757 4766 4765
f 4758 4759 4767
f 4758 4767 4766
f 4759 4760 4768
f 4759 4768 4767
f 4760 4753 4761
f 4760 4761 4768
f 4753 4755 4754
f 4761 4762 4763
f 4753 4756 4755
f 4761 4763 4764
f 4753 4757 4756
f 4761 4764 4765
f 4753 4758 4757
f 4761 4765 4766
f 4753 4759 4758
f 4761 4766 4767
f 4753 4760 4759
f 4761 4767 4768
f 4769 4770 4778
f 4769 4778 4777
f 4770 4771 4779
f 4770 4779 4778
f 4771 4772 4780
f 4771 4780 4779
f 4772 4773 4781
f 4772 4781 4780
f 4773 4774 4782
f 4773 4782 4781
f 4774 4775 4783
f 4774 4783 4782
f 4775 4776 4784
f 4775 4784 4783
f 4776 4769 4777
f 4776 4777 4784
f 4769 4771 4770
f 4777 4778 4779
f 4769 4772 4771
f 4777 4779 4780
f 4769 4773 4772
f 4777 4780 4781
f 4769 4774 4773
f 4777 4781 4782
f 4769 4775 4774
f 4777 4782 4783
f 4769 4776 4775
f 4777 4783 4784
f 4785 4786 4794
f 4785 4794 4793
f 4786 4787 4795
f 4786 4795 4794
f 4787 4788 4796
f 4787 4796 4795
f 4788 4789 4797
f 4788 4797 4796
f 4789 4790 4798
f 4789 4798 4797
f 4790 4791 4799
f 4790 4799 4798
f 4791 4792 4800
f 4791 4800 4799
f 4792 4785 4793
f 4792 4793 4800
f 4785 4787 4786
f 4793 4794 4795
f 4785 4788 4787
f 4793 4795 4796
f 4785 4789 4788
f 4793 4796 4797
f 4785 4790 4789
f 4793 4797 4798
f 4785 4791 4790
f 4793 4798 4799
f 4785 4792 4791
f 4793 4799 4800
f 4801 4802 4810
f 4801 4810 4809
f 4802 4803 4811
f 4802 4811 4810
f 4803 4804 4812
f 4803 4812 4811
f 4804 4805 4813
f 4804 4813 4812
f 4805 4806 4814
f 4805 4814 4813
f 4806 4807 4815
f 4806 4815 4814
f 4807 4808 4816
f 4807 4816 4815
f 4808 4801 4809
f 4808 4809 4816
f 4801 4803 4802
f 4809 4810 4811
f 4801 4804 4803
f 4809 4811 4812
f 4801 4805 4804
f 4809 4812 4813
f 4801 4806 4805
f 4809 4813 4814
f 4801 4807 4806
f 4809 4814 4815
f 4801 4808 4807
f 4809 4815 4816
f 4817 4818 4826
f 4817 4826 4825
f 4818 4819 4827
f 4818 4827 4826
f 4819 4820 4828
f 4819 4828 4827
f 4820 4821 4829
f 4820 4829 4828
f 4821 4822 4830
f 4821 4830 4829
f 4822 4823 4831
f 4822 4831 4830
f 4823 4824 4832
f 4823 4832 4831
f 4824 4817 4825
f 4824 4825 4832
f 4817 4819 4818
f 4825 4826 4827
f 4817 4820 4819
f 4825 4827 4828
f 4817 4821 4820
f 4825 4828 4829
f 4817 4822 4821
f 4825 4829 4830
f 4817 4823 4822
f 4825 4830 4831
f 4817 4824 4823
f 4825 4831 4832
f 4833 4834 4842
f 4833 4842 4841
f 4834 4835 4843
f 4834 4843 4842
f 4835 4836 4844
f 4835 4844 4843
f 4836 4837 4845
f 4836 4845 4844
f 4837 4838 4846
f 4837 4846 4845
f 4838 4839 4847
f 4838 4847 4846
f 4839 4840 4848
f 4839 4848 4847
f 4840 4833 4841
f 4840 4841 4848
f 4833 4835 4834
f 4841 4842 4843
f 4833 4836 4835
f 4841 4843 4844
f 4833 4837 4836
f 4841 4844 4845
f 4833 4838 4837
f 4841 4845 4846
f 4833 4839 4838
f 4841 4846 4847
f 4833 4840 4839
f 4841 4847 4848
f 4849 4850 4858
f 4849 4858 4857
f 4850 4851 4859
f 4850 4859 4858
f 4851 4852 4860
f 4851 4860 4859
f 4852 4853 4861
f 4852 4861 4860
f 4853 4854 4862
f 4853 4862 4861
f 4854 4855 4863
f 4854 4863 4862
f 4855 4856 4864
f 4855 4864 4863
f 4856 4849 4857
f 4856 4857 4864
f 4849 4851 4850
f 4857 4858 4859
f 4849 4852 4851
f 4857 4859 4860
f 4849 4853 4852
f 4857 4860 4861
f 4849 4854 4853
f 4857 4861 4862
f 4849 4855 4854
f 4857 4862 4863
f 4849 4856 4855
f 4857 4863 4864
f 4865 4866 4874
f 4865 4874 4873
f 4866 4867 4875
f 4866 4875 4874
f 4867 4868 4876
f 4867 4876 4875
f 4868 4869 4877
f 4868 4877 4876
f 4869 4870 4878
f 4869 4878 4877
f 4870 4871 4879
f 4870 4879 4878
f 4871 4872 4880
f 4871 4880 4879
f 4872 4865 4873
f 4872 4873 4880
f 4865 4867 4866
f 4873 4874 4875
f 4865 4868 4867
f 4873 4875 4876
f 4865 4869 4868
f 4873 4876 4877
f 4865 4870 4869
f 4873 4877 4878
f 4865 4871 4870
f 4873 4878 4879
f 4865 4872 4871
f 4873 4879 4880
f 4881 4882 4890
f 4881 4890 4889
f 4882 4883 4891
f 4882 4891 4890
f 4883 4884 4892
f 4883 4892 4891
f 4884 4885 4893
f 4884 4893 4892
f 4885 4886 4894
f 4885 4894 4893
f 4886 4887 4895
f 4886 4895 4894
f 4887 4888 4896
f 4887 4896 4895
f 4888 4881 4889
f 4888 4889 4896
f 4881 4883 4882
f 4889 4890 4891
f 4881 4884 4883
f 4889 4891 4892
f 4881 4885 4884
f 4889 4892 4893
f 4881 4886 4885
f 4889 4893 4894
f 4881 4887 4886
f 4889 4894 4895
f 4881 4888 4887
f 4889 4895 4896
f 4897 4898 4906
f 4897 4906 4905
f 4898 4899 4907
f 4898 4907 4906
f 4899 4900 4908
f 4899 4908 4907
f 4900 4901 4909
f 4900 4909 4908
f 4901 4902 4910
f 4901 4910 4909
f 4902 4903 4911
f 4902 4911 4910
f 4903 4904 4912
f 4903 4912 4911
f 4904 4897 4905
f 4904 4905 4912
f 4897 4899 4898
f 4905 4906 4907
f 4897 4900 4899
f 4905 4907 4908
f 4897 4901 4900
f 4905 4908 4909
f 4897 4902 4901
f 4905 4909 4910
f 4897 4903 4902
f 4905 4910 4911
f 4897 4904 4903
f 4905 4911 4912
f 4913 4914 4922
f 4913 4922 4921
f 4914 4915 4923
f 4914 4923 4922
f 4915 4916 4924
f 4915 4924 4923
f 4916 4917 4925
f 4916 4925 4924
f 4917 4918 4926
f 4917 4926 4925
f 4918 4919 4927
f 4918 4927 4926
f 4919 4920 4928
f 4919 4928 4927
f 4920 4913 4921
f 4920 4921 4928
f 4913 4915 4914
f 4921 4922 4923
f 4913 4916 4915
f 4921 4923 4924
f 4913 4917 4916
f 4921 4924 4925
f 4913 4918 4917
f 4921 4925 4926
f 4913 4919 4918
f 4921 4926 4927
f 4913 4920 4919
f 4921 4927 4928
f 4929 4930 4938
f 4929 4938 4937
f 4930 4931 4939
f 4930 4939 4938
f 4931 4932 4940
f 4931 4940 4939
f 4932 4933 4941
f 4932 4941 4940
f 4933 4934 4942
f 4933 4942 4941
f 4934 4935 4943
f 4934 4943 4942
f 4935 4936 4944
f 4935 4944 4943
f 4936 4929 4937
f 4936 4937 4944
f 4929 4931 4930
f 4937 4938 4939
f 4929 4932 4931
f 4937 4939 4940
f 4929 4933 4932
f 4937 4940 4941
f 4929 4934 4933
f 4937 4941 4942
f 4929 4935 4934
f 4937 4942 4943
f 4929 4936 4935
f 4937 4943 4944
f 4945 4946 4954
f 4945 4954 4953
f 4946 4947 4955
f 4946 4955 4954
f 4947 4948 4956
f 4947 4956 4955
f 4948 4949 4957
f 4948 4957 4956
f 4949 4950 4958
f 4949 4958 4957
f 4950 4951 4959
f 4950 4959 4958
f 4951 4952 4960
f 4951 4960 4959
f 4952 4945 4953
f 4952 4953 4960
f 4945 4947 4946
f 4953 4954 4955
f 4945 4948 4947
f 4953 4955 4956
f 4945 4949 4948
f 4953 4956 4957
f 4945 4950 4949
f 4953 4957 4958
f 4945 4951 4950
f 4953 4958 4959
f 4945 4952 4951
f 4953 4959 4960
f 4961 4962 4970
f 4961 4970 4969
f 4962 4963 4971
f 4962 4971 4970
f 4963 4964 4972
f 4963 4972 4971
f 4964 4965 4973
f 4964 4973 4972
f 4965 4966 4974
f 4965 4974 4973
f 4966 4967 4975
f 4966 4975 4974
f 4967 4968 4976
f 4967 4976 4975
f 4968 4961 4969
f 4968 4969 4976
f 4961 4963 4962
f 4969 4970 4971
f 4961 4964 4963
f 4969 4971 4972
f 4961 4965 4964
f 4969 4972 4973
f 4961 4966 4965
f 4969 4973 4974
f 4961 4967 4966
f 4969 4974 4975
f 4961 4968 4967
f 4969 4975 4976
f 4977 4978 4986
f 4977 4986 4985
f 4978 4979 4987
f 4978 4987 4986
f 4979 4980 4988
f 4979 4988 4987
f 4980 4981 4989
f 4980 4989 4988
f 4981 4982 4990
f 4981 4990 4989
f 4982 4983 4991
f 4982 4991 4990
f 4983 4984 4992
f 4983 4992 4991
f 4984 4977 4985
f 4984 4985 4992
f 4977 4979 4978
f 4985 4986 4987
f 4977 4980 4979
f 4985 4987 4988
f 4977 4981 4980
f 4985 4988 4989
f 4977 4982 4981
f 4985 4989 4990
f 4977 4983 4982
f 4985 4990 4991
f 4977 4984 4983
f 4985 4991 4992
f 4993 4994 5002
f 4993 5002 5001
f 4994 4995 5003
f 4994 5003 5002
f 4995 4996 5004
f 4995 5004 5003
f 4996 4997 5005
f 4996 5005 5004
f 4997 4998 5006
f 4997 5006 5005
f 4998 4999 5007
f 4998 5007 5006
f 4999 5000 5008
f 4999 5008 5007
f 5000 4993 5001
f 5000 5001 5008
f 4993 4995 4994
f 5001 5002 5003
f 4993 4996 4995
f 5001 5003 5004
f 4993 4997 4996
f 5001 5004 5005
f 4993 4998 4997
f 5001 5005 5006
f 4993 4999 4998
f 5001 5006 5007
f 4993 5000 4999
f 5001 5007 5008
f 5009 5010 5018
f 5009 5018 5017
f 5010 5011 5019
f 5010 5019 5018
f 5011 5012 5020
f 5011 5020 5019
f 5012 5013 5021
f 5012 5021 5020
f 5013 5014 5022
f 5013 5022 5021
f 5014 5015 5023
f 5014 5023 5022
f 5015 5016 5024
f 5015 5024 5023
f 5016 5009 5017
f 5016 5017 5024
f 5009 5011 5010
f 5017 5018 5019
f 5009 5012 5011
f 5017 5019 5020
f 5009 5013 5012
f 5017 5020 5021
f 5009 5014 5013
f 5017 5021 5022
f 5009 5015 5014
f 5017 5022 5023
f 5009 5016 5015
f 5017 5023 5024
f 5025 5026 5034
f 5025 5034 5033
f 5026 5027 5035
f 5026 5035 5034
f 5027 5028 5036
f 5027 5036 5035
f 5028 5029 5037
f 5028 5037 5036
f 5029 5030 5038
f 5029 5038 5037
f 5030 5031 5039
f 5030 5039 5038
f 5031 5032 5040
f 5031 5040 5039
f 5032 5025 5033
f 5032 5033 5040
f 5025 5027 5026
f 5033 5034 5035
f 5025 5028 5027
f 5033 5035 5036
f 5025 5029 5028
f 5033 5036 5037
f 5025 5030 5029
f 5033 5037 5038
f 5025 5031 5030
f 5033 5038 5039
f 5025 5032 5031
f 5033 5039 5040
f 5041 5042 5050
f 5041 5050 5049
f 5042 5043 5051
f 5042 5051 5050
f 5043 5044 5052
f 5043 5052 5051
f 5044 5045 5053
f 5044 5053 5052
f 5045 5046 5054
f 5045 5054 5053
f 5046 5047 5055
f 5046 5055 5054
f 5047 5048 5056
f 5047 5056 5055
f 5048 5041 5049
f 5048 5049 5056
f 5041 5043 5042
f 5049 5050 5051
f 5041 5044 5043
f 5049 5051 5052
f 5041 5045 5044
f 5049 5052 5053
f 5041 5046 5045
f 5049 5053 5054
f 5041 5047 5046
f 5049 5054 5055
f 5041 5048 5047
f 5049 5055 5056
f 5057 5058 5066
f 5057 5066 5065
f 5058 5059 5067
f 5058 5067 5066
f 5059 5060 5068
f 5059 5068 5067
f 5060 5061 5069
f 5060 5069 5068
f 5061 5062 5070
f 5061 5070 5069
f 5062 5063 5071
f 5062 5071 5070
f 5063 5064 5072
f 5063 5072 5071
f 5064 5057 5065
f 5064 5065 5072
f 5057 5059 5058
f 5065 5066 5067
f 5057 5060 5059
f 5065 5067 5068
f 5057 5061 5060
f 5065 5068 5069
f 5057 5062 5061
f 5065 5069 5070
f 5057 5063 5062
f 5065 5070 5071
f 5057 5064 5063
f 5065 5071 5072
f 5073 5074 5082
f 5073 5082 5081
f 5074 5075 5083
f 5074 5083 5082
f 5075 5076 5084
f 5075 5084 5083
f 5076 5077 5085
f 5076 5085 5084
f 5077 5078 5086
f 5077 5086 5085
f 5078 5079 5087
f 5078 5087 5086
f 5079 5080 5088
f 5079 5088 5087
f 5080 5073 5081
f 5080 5081 5088
f 5073 5075 5074
f 5081 5082 5083
f 5073 5076 5075
f 5081 5083 5084
f 5073 5077 5076
f 5081 5084 5085
f 5073 5078 5077
f 5081 5085 5086
f 5073 5079 5078
f 5081 5086 5087
f 5073 5080 5079
f 5081 5087 5088
f 5089 5090 5098
f 5089 5098 5097
f 5090 5091 5099
f 5090 5099 5098
f 5091 5092 5100
f 5091 5100 5099
f 5092 5093 5101
f 5092 5101 5100
f 5093 5094 5102
f 5093 5102 5101
f 5094 5095 5103
f 5094 5103 5102
f 5095 5096 5104
f 5095 5104 5103
f 5096 5089 5097
f 5096 5097 5104
f 5089 5091 5090
f 5097 5098 5099
f 5089 5092 5091
f 5097 5099 5100
f 5089 5093 5092
f 5097 5100 5101
f 5089 5094 5093
f 5097 5101 5102
f 5089 5095 5094
f 5097 5102 5103
f 5089 5096 5095
f 5097 5103 5104
f 5105 5106 5114
f 5105 5114 5113
f 5106 5107 5115
f 5106 5115 5114
f 5107 5108 5116
f 5107 5116 5115
f 5108 5109 5117
f 5108 5117 5116
f 5109 5110 5118
f 5109 5118 5117
f 5110 5111 5119
f 5110 5119 5118
f 5111 5112 5120
f 5111 5120 5119
f 5112 5105 5113
f 5112 5113 5120
f 5105 5107 5106
f 5113 5114 5115
f 5105 5108 5107
f 5113 5115 5116
f 5105 5109 5108
f 5113 5116 5117
f 5105 5110 5109
f 5113 5117 5118
f 5105 5111 5110
f 5113 5118 5119
f 5105 5112 5111
f 5113 5119 5120
f 5121 5122 5130
f 5121 5130 5129
f 5122 5123 5131
f 5122 5131 5130
f 5123 5124 5132
f 5123 5132 5131
f 5124 5125 5133
f 5124 5133 5132
f 5125 5126 5134
f 5125 5134 5133
f 5126 5127 5135
f 5126 5135 5134
f 5127 5128 5136
f 5127 5136 5135
f 5128 5121 5129
f 5128 5129 5136
f 5121 5123 5122
f 5129 5130 5131
f 5121 5124 5123
f 5129 5131 5132
f 5121 5125 5124
f 5129 5132 5133
f 5121 5126 5125
f 5129 5133 5134
f 5121 5127 5126
f 5129 5134 5135
f 5121 5128 5127
f 5129 5135 5136
f 5137 5138 5146
f 5137 5146 5145
f 5138 5139 5147
f 5138 5147 5146
f 5139 5140 5148
f 5139 5148 5147
f 5140 5141 5149
f 5140 5149 5148
f 5141 5142 5150
f 5141 5150 5149
f 5142 5143 5151
f 5142 5151 5150
f 5143 5144 5152
f 5143 5152 5151
f 5144 5137 5145
f 5144 5145 5152
f 5137 5139 5138
f 5145 5146 5147
f 5137 5140 5139
f 5145 5147 5148
f 5137 5141 5140
f 5145 5148 5149
f 5137 5142 5141
f 5145 5149 5150
f 5137 5143 5142
f 5145 5150 5151
f 5137 5144 5143
f 5145 5151 5152
f 5153 5154 5162
f 5153 5162 5161
f 5154 5155 5163
f 5154 5163 5162
f 5155 5156 5164
f 5155 5164 5163
f 5156 5157 5165
f 5156 5165 5164
f 5157 5158 5166
f 5157 5166 5165
f 5158 5159 5167
f 5158 5167 5166
f 5159 5160 5168
f 5159 5168 5167
f 5160 5153 5161
f 5160 5161 5168
f 5153 5155 5154
f 5161 5162 5163
f 5153 5156 5155
f 5161 5163 5164
f 5153 5157 5156
f 5161 5164 5165
f 5153 5158 5157
f 5161 5165 5166
f 5153 5159 5158
f 5161 5166 5167
f 5153 5160 5159
f 5161 5167 5168
f 5169 5170 5178
f 5169 5178 5177
f 5170 5171 5179
f 5170 5179 5178
f 5171 5172 5180
f 5171 5180 5179
f 5172 5173 5181
f 5172 5181 5180
f 5173 5174 5182
f 5173 5182 5181
f 5174 5175 5183
f 5174 5183 5182
f 5175 5176 5184
f 5175 5184 5183
f 5176 5169 5177
f 5176 5177 5184
f 5169 5171 5170
f 5177 5178 5179
f 5169 5172 5171
f 5177 5179 5180
f 5169 5173 5172
f 5177 5180 5181
f 5169 5174 5173
f 5177 5181 5182
f 5169 5175 5174
f 5177 5182 5183
f 5169 5176 5175
f 5177 5183 5184
f 5185 5186 5194
f 5185 5194 5193
f 5186 5187 5195
f 5186 5195 5194
f 5187 5188 5196
f 5187 5196 5195
f 5188 5189 5197
f 5188 5197 5196
f 5189 5190 5198
f 5189 5198 5197
f 5190 5191 5199
f 5190 5199 5198
f 5191 5192 5200
f 5191 5200 5199
f 5192 5185 5193
f 5192 5193 5200
f 5185 5187 5186
f 5193 5194 5195
f 5185 5188 5187
f 5193 5195 5196
f 5185 5189 5188
f 5193 5196 5197
f 5185 5190 5189
f 5193 5197 5198
f 5185 5191 5190
f 5193 5198 5199
f 5185 5192 5191
f 5193 5199 5200
f 5201 5202 5210
f 5201 5210 5209
f 5202 5203 5211
f 5202 5211 5210
f 5203 5204 5212
f 5203 5212 5211
f 5204 5205 5213
f 5204 5213 5212
f 5205 5206 5214
f 5205 5214 5213
f 5206 5207 5215
f 5206 5215 5214
f 5207 5208 5216
f 5207 5216 5215
f 5208 5201 5209
f 5208 5209 5216
f 5201 5203 5202
f 5209 5210 5211
f 5201 5204 5203
f 5209 5211 5212
f 5201 5205 5204
f 5209 5212 5213
f 5201 5206 5205
f 5209 5213 5214
f 5201 5207 5206
f 5209 5214 5215
f 5201 5208 5207
f 5209 5215 5216
f 5217 5218 5226
f 5217 5226 5225
f 5218 5219 5227
f 5218 5227 5226
f 5219 5220 5228
f 5219 5228 5227
f 5220 5221 5229
f 5220 5229 5228
f 5221 5222 5230
f 5221 5230 5229
f 5222 5223 5231
f 5222 5231 5230
f 5223 5224 5232
f 5223 5232 5231
f 5224 5217 5225
f 5224 5225 5232
f 5217 5219 5218
f 5225 5226 5227
f 5217 5220 5219
f 5225 5227 5228
f 5217 5221 5220
f 5225 5228 5229
f 5217 5222 5221
f 5225 5229 5230
f 5217 5223 5222
f 5225 5230 5231
f 5217 5224 5223
f 5225 5231 5232
f 5233 5234 5242
f 5233 5242 5241
f 5234 5235 5243
f 5234 5243 5242
f 5235 5236 5244
f 5235 5244 5243
f 5236 5237 5245
f 5236 5245 5244
f 5237 5238 5246
f 5237 5246 5245
f 5238 5239 5247
f 5238 5247 5246
f 5239 5240 5248
f 5239 5248 5247
f 5240 5233 5241
f 5240 5241 5248
f 5233 5235 5234
f 5241 5242 5243
f 5233 5236 5235
f 5241 5243 5244
f 5233 5237 5236
f 5241 5244 5245
f 5233 5238 5237
f 5241 5245 5246
f 5233 5239 5238
f 5241 5246 5247
f 5233 5240 5239
f 5241 5247 5248
f 5249 5250 5258
f 5249 5258 5257
f 5250 5251 5259
f 5250 5259 5258
f 5251 5252 5260
f 5251 5260 5259
f 5252 5253 5261
f 5252 5261 5260
f 5253 5254 5262
f 5253 5262 5261
f 5254 5255 5263
f 5254 5263 5262
f 5255 5256 5264
f 5255 5264 5263
f 5256 5249 5257
f 5256 5257 5264
f 5249 5251 5250
f 5257 5258 5259
f 5249 5252 5251
f 5257 5259 5260
f 5249 5253 5252
f 5257 5260 5261
f 5249 5254 5253
f 5257 5261 5262
f 5249 5255 5254
f 5257 5262 5263
f 5249 5256 5255
f 5257 5263 5264
f 5265 5266 5274
f 5265 5274 5273
f 5266 5267 5275
f 5266 5275 5274
f 5267 5268 5276
f 5267 5276 5275
f 5268 5269 5277
f 5268 5277 5276
f 5269 5270 5278
f 5269 5278 5277
f 5270 5271 5279
f 5270 5279 5278
f 5271 5272 5280
f 5271 5280 5279
f 5272 5265 5273
f 5272 5273 5280
f 5265 5267 5266
f 5273 5274 5275
f 5265 5268 5267
f 5273 5275 5276
f 5265 5269 5268
f 5273 5276 5277
f 5265 5270 5269
f 5273 5277 5278
f 5265 5271 5270
f 5273 5278 5279
f 5265 5272 5271
f 5273 5279 5280
f 5281 5282 5290
f 5281 5290 5289
f 5282 5283 5291
f 5282 5291 5290
f 5283 5284 5292
f 5283 5292 5291
f 5284 5285 5293
f 5284 5293 5292
f 5285 5286 5294
f 5285 5294 5293
f 5286 5287 5295
f 5286 5295 5294
f 5287 5288 5296
f 5287 5296 5295
f 5288 5281 5289
f 5288 5289 5296
f 5281 5283 5282
f 5289 5290 5291
f 5281 5284 5283
f 5289 5291 5292
f 5281 5285 5284
f 5289 5292 5293
f 5281 5286 5285
f 5289 5293 5294
f 5281 5287 5286
f 5289 5294 5295
f 5281 5288 5287
f 5289 5295 5296
f 5297 5298 5306
f 5297 5306 5305
f 5298 5299 5307
f 5298 5307 5306
f 5299 5300 5308
f 5299 5308 5307
f 5300 5301 5309
f 5300 5309 5308
f 5301 5302 5310
f 5301 5310 5309
f 5302 5303 5311
f 5302 5311 5310
f 5303 5304 5312
f 5303 5312 5311
f 5304 5297 5305
f 5304 5305 5312
f 5297 5299 5298
f 5305 5306 5307
f 5297 5300 5299
f 5305 5307 5308
f 5297 5301 5300
f 5305 5308 5309
f 5297 5302 5301
f 5305 5309 5310
f 5297 5303 5302
f 5305 5310 5311
f 5297 5304 5303
f 5305 5311 5312
f 5313 5314 5322
f 5313 5322 5321
f 5314 5315 5323
f 5314 5323 5322
f 5315 5316 5324
f 5315 5324 5323
f 5316 5317 5325
f 5316 5325 5324
f 5317 5318 5326
f 5317 5326 5325
f 5318 5319 5327
f 5318 5327 5326
f 5319 5320 5328
f 5319 5328 5327
f 5320 5313 5321
f 5320 5321 5328
f 5313 5315 5314
f 5321 5322 5323
f 5313 5316 5315
f 5321 5323 5324
f 5313 5317 5316
f 5321 5324 5325
f 5313 5318 5317
f 5321 5325 5326
f 5313 5319 5318
f 5321 5326 5327
f 5313 5320 5319
f 5321 5327 5328
f 5329 5330 5338
f 5329 5338 5337
f 5330 5331 5339
f 5330 5339 5338
f 5331 5332 5340
f 5331 5340 5339
f 5332 5333 5341
f 5332 5341 5340
f 5333 5334 5342
f 5333 5342 5341
f 5334 5335 5343
f 5334 5343 5342
f 5335 5336 5344
f 5335 5344 5343
f 5336 5329 5337
f 5336 5337 5344
f 5329 5331 5330
f 5337 5338 5339
f 5329 5332 5331
f 5337 5339 5340
f 5329 5333 5332
f 5337 5340 5341
f 5329 5334 5333
f 5337 5341 5342
f 5329 5335 5334
f 5337 5342 5343
f 5329 5336 5335
f 5337 5343 5344
f 5345 5346 5354
f 5345 5354 5353
f 5346 5347 5355
f 5346 5355 5354
f 5347 5348 5356
f 5347 5356 5355
f 5348 5349 5357
f 5348 5357 5356
f 5349 5350 5358
f 5349 5358 5357
f 5350 5351 5359
f 5350 5359 5358
f 5351 5352 5360
f 5351 5360 5359
f 5352 5345 5353
f 5352 5353 5360
f 5345 5347 5346
f 5353 5354 5355
f 5345 5348 5347
f 5353 5355 5356
f 5345 5349 5348
f 5353 5356 5357
f 5345 5350 5349
f 5353 5357 5358
f 5345 5351 5350
f 5353 5358 5359
f 5345 5352 5351
f 5353 5359 5360
f 5361 5362 5370
f 5361 5370 5369
f 5362 5363 5371
f 5362 5371 5370
f 5363 5364 5372
f 5363 5372 5371
f 5364 5365 5373
f 5364 5373 5372
f 5365 5366 5374
f 5365 5374 5373
f 5366 5367 5375
f 5366 5375 5374
f 5367 5368 5376
f 5367 5376 5375
f 5368 5361 5369
f 5368 5369 5376
f 5361 5363 5362
f 5369 5370 5371
f 5361 5364 5363
f 5369 5371 5372
f 5361 5365 5364
f 5369 5372 5373
f 5361 5366 5365
f 5369 5373 5374
f 5361 5367 5366
f 5369 5374 5375
f 5361 5368 5367
f 5369 5375 5376
f 5377 5378 5386
f 5377 5386 5385
f 5378 5379 5387
f 5378 5387 5386
f 5379 5380 5388
f 5379 5388 5387
f 5380 5381 5389
f 5380 5389 5388
f 5381 5382 5390
f 5381 5390 5389
f 5382 5383 5391
f 5382 5391 5390
f 5383 5384 5392
f 5383 5392 5391
f 5384 5377 5385
f 5384 5385 5392
f 5377 5379 5378
f 5385 5386 5387
f 5377 5380 5379
f 5385 5387 5388
f 5377 5381 5380
f 5385 5388 5389
f 5377 5382 5381
f 5385 5389 5390
f 5377 5383 5382
f 5385 5390 5391
f 5377 5384 5383
f 5385 5391 5392
f 5393 5394 5402
f 5393 5402 5401
f 5394 5395 5403
f 5394 5403 5402
f 5395 5396 5404
f 5395 5404 5403
f 5396 5397 5405
f 5396 5405 5404
f 5397 5398 5406
f 5397 5406 5405
f 5398 5399 5407
f 5398 5407 5406
f 5399 5400 5408
f 5399 5408 5407
f 5400 5393 5401
f 5400 5401 5408
f 5393 5395 5394
f 5401 5402 5403
f 5393 5396 5395
f 5401 5403 5404
f 5393 5397 5396
f 5401 5404 5405
f 5393 5398 5397
f 5401 5405 5406
f 5393 5399 5398
f 5401 5406 5407
f 5393 5400 5399
f 5401 5407 5408
f 5409 5410 5418
f 5409 5418 5417
f 5410 5411 5419
f 5410 5419 5418
f 5411 5412 5420
f 5411 5420 5419
f 5412 5413 5421
f 5412 5421 5420
f 5413 5414 5422
f 5413 5422 5421
f 5414 5415 5423
f 5414 5423 5422
f 5415 5416 5424
f 5415 5424 5423
f 5416 5409 5417
f 5416 5417 5424
f 5409 5411 5410
f 5417 5418 5419
f 5409 5412 5411
f 5417 5419 5420
f 5409 5413 5412
f 5417 5420 5421
f 5409 5414 5413
f 5417 5421 5422
f 5409 5415 5414
f 5417 5422 5423
f 5409 5416 5415
f 5417 5423 5424
f 5425 5426 5434
f 5425 5434 5433
f 5426 5427 5435
f 5426 5435 5434
f 5427 5428 5436
f 5427 5436 5435
f 5428 5429 5437
f 5428 5437 5436
f 5429 5430 5438
f 5429 5438 5437
f 5430 5431 5439
f 5430 5439 5438
f 5431 5432 5440
f 5431 5440 5439
f 5432 5425 5433
f 5432 5433 5440
f 5425 5427 5426
f 5433 5434 5435
f 5425 5428 5427
f 5433 5435 5436
f 5425 5429 5428
f 5433 5436 5437
f 5425 5430 5429
f 5433 5437 5438
f 5425 5431 5430
f 5433 5438 5439
f 5425 5432 5431
f 5433 5439 5440
f 5441 5442 5450
f 5441 5450 5449
f 5442 5443 5451
f 5442 5451 5450
f 5443 5444 5452
f 5443 5452 5451
f 5444 5445 5453
f 5444 5453 5452
f 5445 5446 5454
f 5445 5454 5453
f 5446 5447 5455
f 5446 5455 5454
f 5447 5448 5456
f 5447 5456 5455
f 5448 5441 5449
f 5448 5449 5456
f 5441 5443 5442
f 5449 5450 5451
f 5441 5444 5443
f 5449 5451 5452
f 5441 5445 5444
f 5449 5452 5453
f 5441 5446 5445
f 5449 5453 5454
f 5441 5447 5446
f 5449 5454 5455
f 5441 5448 5447
f 5449 5455 5456
f 5457 5458 5466
f 5457 5466 5465
f 5458 5459 5467
f 5458 5467 5466
f 5459 5460 5468
f 5459 5468 5467
f 5460 5461 5469
f 5460 5469 5468
f 5461 5462 5470
f 5461 5470 5469
f 5462 5463 5471
f 5462 5471 5470
f 5463 5464 5472
f 5463 5472 5471
f 5464 5457 5465
f 5464 5465 5472
f 5457 5459 5458
f 5465 5466 5467
f 5457 5460 5459
f 5465 5467 5468
f 5457 5461 5460
f 5465 5468 5469
f 5457 5462 5461
f 5465 5469 5470
f 5457 5463 5462
f 5465 5470 5471
f 5457 5464 5463
f 5465 5471 5472
f 5473 5474 5482
f 5473 5482 5481
f 5474 5475 5483
f 5474 5483 5482
f 5475 5476 5484
f 5475 5484 5483
f 5476 5477 5485
f 5476 5485 5484
f 5477 5478 5486
f 5477 5486 5485
f 5478 5479 5487
f 5478 5487 5486
f 5479 5480 5488
f 5479 5488 5487
f 5480 5473 5481
f 5480 5481 5488
f 5473 5475 5474
f 5481 5482 5483
f 5473 5476 5475
f 5481 5483 5484
f 5473 5477 5476
f 5481 5484 5485
f 5473 5478 5477
f 5481 5485 5486
f 5473 5479 5478
f 5481 5486 5487
f 5473 5480 5479
f 5481 5487 5488
f 5489 5490 5498
f 5489 5498 5497
f 5490 5491 5499
f 5490 5499 5498
f 5491 5492 5500
f 5491 5500 5499
f 5492 5493 5501
f 5492 5501 5500
f 5493 5494 5502
f 5493 5502 5501
f 5494 5495 5503
f 5494 5503 5502
f 5495 5496 5504
f 5495 5504 5503
f 5496 5489 5497
f 5496 5497 5504
f 5489 5491 5490
f 5497 5498 5499
f 5489 5492 5491
f 5497 5499 5500
f 5489 5493 5492
f 5497 5500 5501
f 5489 5494 5493
f 5497 5501 5502
f 5489 5495 5494
f 5497 5502 5503
f 5489 5496 5495
f 5497 5503 5504
f 5505 5506 5514
f 5505 5514 5513
f 5506 5507 5515
f 5506 5515 5514
f 5507 5508 5516
f 5507 5516 5515
f 5508 5509 5517
f 5508 5517 5516
f 5509 5510 5518
f 5509 5518 5517
f 5510 5511 5519
f 5510 5519 5518
f 5511 5512 5520
f 5511 5520 5519
f 5512 5505 5513
f 5512 5513 5520
f 5505 5507 5506
f 5513 5514 5515
f 5505 5508 5507
f 5513 5515 5516
f 5505 5509 5508
f 5513 5516 5517
f 5505 5510 5509
f 5513 5517 5518
f 5505 5511 5510
f 5513 5518 5519
f 5505 5512 5511
f 5513 5519 5520
f 5521 5522 5530
f 5521 5530 5529
f 5522 5523 5531
f 5522 5531 5530
f 5523 5524 5532
f 5523 5532 5531
f 5524 5525 5533
f 5524 5533 5532
f 5525 5526 5534
f 5525 5534 5533
f 5526 5527 5535
f 5526 5535 5534
f 5527 5528 5536
f 5527 5536 5535
f 5528 5521 5529
f 5528 5529 5536
f 5521 5523 5522
f 5529 5530 5531
f 5521 5524 5523
f 5529 5531 5532
f 5521 5525 5524
f 5529 5532 5533
f 5521 5526 5525
f 5529 5533 5534
f 5521 5527 5526
f 5529 5534 5535
f 5521 5528 5527
f 5529 5535 5536
f 5537 5538 5546
f 5537 5546 5545
f 5538 5539 5547
f 5538 5547 5546
f 5539 5540 5548
f 5539 5548 5547
f 5540 5541 5549
f 5540 5549 5548
f 5541 5542 5550
f 5541 5550 5549
f 5542 5543 5551
f 5542 5551 5550
f 5543 5544 5552
f 5543 5552 5551
f 5544 5537 5545
f 5544 5545 5552
f 5537 5539 5538
f 5545 5546 5547
f 5537 5540 5539
f 5545 5547 5548
f 5537 5541 5540
f 5545 5548 5549
f 5537 5542 5541
f 5545 5549 5550
f 5537 5543 5542
f 5545 5550 5551
f 5537 5544 5543
f 5545 5551 5552
f 5553 5554 5562
f 5553 5562 5561
f 5554 5555 5563
f 5554 5563 5562
f 5555 5556 5564
f 5555 5564 5563
f 5556 5557 5565
f 5556 5565 5564
f 5557 5558 5566
f 5557 5566 5565
f 5558 5559 5567
f 5558 5567 5566
f 5559 5560 5568
f 5559 5568 5567
f 5560 5553 5561
f 5560 5561 5568
f 5553 5555 5554
f 5561 5562 5563
f 5553 5556 5555
f 5561 5563 5564
f 5553 5557 5556
f 5561 5564 5565
f 5553 5558 5557
f 5561 5565 5566
f 5553 5559 5558
f 5561 5566 5567
f 5553 5560 5559
f 5561 5567 5568
f 5569 5570 5578
f 5569 5578 5577
f 5570 5571 5579
f 5570 5579 5578
f 5571 5572 5580
f 5571 5580 5579
f 5572 5573 5581
f 5572 5581 5580
f 5573 5574 5582
f 5573 5582 5581
f 5574 5575 5583
f 5574 5583 5582
f 5575 5576 5584
f 5575 5584 5583
f 5576 5569 5577
f 5576 5577 5584
f 5569 5571 5570
f 5577 5578 5579
f 5569 5572 5571
f 5577 5579 5580
f 5569 5573 5572
f 5577 5580 5581
f 5569 5574 5573
f 5577 5581 5582
f 5569 5575 5574
f 5577 5582 5583
f 5569 5576 5575
f 5577 5583 5584
f 5585 5586 5594
f 5585 5594 5593
f 5586 5587 5595
f 5586 5595 5594
f 5587 5588 5596
f 5587 5596 5595
f 5588 5589 5597
f 5588 5597 5596
f 5589 5590 5598
f 5589 5598 5597
f 5590 5591 5599
f 5590 5599 5598
f 5591 5592 5600
f 5591 5600 5599
f 5592 5585 5593
f 5592 5593 5600
f 5585 5587 5586
f 5593 5594 5595
f 5585 5588 5587
f 5593 5595 5596
f 5585 5589 5588
f 5593 5596 5597
f 5585 5590 5589
f 5593 5597 5598
f 5585 5591 5590
f 5593 5598 5599
f 5585 5592 5591
f 5593 5599 5600
f 5601 5602 5610
f 5601 5610 5609
f 5602 5603 5611
f 5602 5611 5610
f 5603 5604 5612
f 5603 5612 5611
f 5604 5605 5613
f 5604 5613 5612
f 5605 5606 5614
f 5605 5614 5613
f 5606 5607 5615
f 5606 5615 5614
f 5607 5608 5616
f 5607 5616 5615
f 5608 5601 5609
f 5608 5609 5616
f 5601 5603 5602
f 5609 5610 5611
f 5601 5604 5603
f 5609 5611 5612
f 5601 5605 5604
f 5609 5612 5613
f 5601 5606 5605
f 5609 5613 5614
f 5601 5607 5606
f 5609 5614 5615
f 5601 5608 5607
f 5609 5615 5616
f 5617 5618 5626
f 5617 5626 5625
f 5618 5619 5627
f 5618 5627 5626
f 5619 5620 5628
f 5619 5628 5627
f 5620 5621 5629
f 5620 5629 5628
f 5621 5622 5630
f 5621 5630 5629
f 5622 5623 5631
f 5622 5631 5630
f 5623 5624 5632
f 5623 5632 5631
f 5624 5617 5625
f 5624 5625 5632
f 5617 5619 5618
f 5625 5626 5627
f 5617 5620 5619
f 5625 5627 5628
f 5617 5621 5620
f 5625 5628 5629
f 5617 5622 5621
f 5625 5629 5630
f 5617 5623 5622
f 5625 5630 5631
f 5617 5624 5623
f 5625 5631 5632
f 5633 5634 5642
f 5633 5642 5641
f 5634 5635 5643
f 5634 5643 5642
f 5635 5636 5644
f 5635 5644 5643
f 5636 5637 5645
f 5636 5645 5644
f 5637 5638 5646
f 5637 5646 5645
f 5638 5639 5647
f 5638 5647 5646
f 5639 5640 5648
f 5639 5648 5647
f 5640 5633 5641
f 5640 5641 5648
f 5633 5635 5634
f 5641 5642 5643
f 5633 5636 5635
f 5641 5643 5644
f 5633 5637 5636
f 5641 5644 5645
f 5633 5638 5637
f 5641 5645 5646
f 5633 5639 5638
f 5641 5646 5647
f 5633 5640 5639
f 5641 5647 5648
f 5649 5650 5658
f 5649 5658 5657
f 5650 5651 5659
f 5650 5659 5658
f 5651 5652 5660
f 5651 5660 5659
f 5652 5653 5661
f 5652 5661 5660
f 5653 5654 5662
f 5653 5662 5661
f 5654 5655 5663
f 5654 5663 5662
f 5655 5656 5664
f 5655 5664 5663
f 5656 5649 5657
f 5656 5657 5664
f 5649 5651 5650
f 5657 5658 5659
f 5649 5652 5651
f 5657 5659 5660
f 5649 5653 5652
f 5657 5660 5661
f 5649 5654 5653
f 5657 5661 5662
f 5649 5655 5654
f 5657 5662 5663
f 5649 5656 5655
f 5657 5663 5664
f 5665 5666 5674
f 5665 5674 5673
f 5666 5667 5675
f 5666 5675 5674
f 5667 5668 5676
f 5667 5676 5675
f 5668 5669 5677
f 5668 5677 5676
f 5669 5670 5678
f 5669 5678 5677
f 5670 5671 5679
f 5670 5679 5678
f 5671 5672 5680
f 5671 5680 5679
f 5672 5665 5673
f 5672 5673 5680
f 5665 5667 5666
f 5673 5674 5675
f 5665 5668 5667
f 5673 5675 5676
f 5665 5669 5668
f 5673 5676 5677
f 5665 5670 5669
f 5673 5677 5678
f 5665 5671 5670
f 5673 5678 5679
f 5665 5672 5671
f 5673 5679 5680
f 5681 5682 5690
f 5681 5690 5689
f 5682 5683 5691
f 5682 5691 5690
f 5683 5684 5692
f 5683 5692 5691
f 5684 5685 5693
f 5684 5693 5692
f 5685 5686 5694
f 5685 5694 5693
f 5686 5687 5695
f 5686 5695 5694
f 5687 5688 5696
f 5687 5696 5695
f 5688 5681 5689
f 5688 5689 5696
f 5681 5683 5682
f 5689 5690 5691
f 5681 5684 5683
f 5689 5691 5692
f 5681 5685 5684
f 5689 5692 5693
f 5681 5686 5685
f 5689 5693 5694
f 5681 5687 5686
f 5689 5694 5695
f 5681 5688 5687
f 5689 5695 5696
f 5697 5698 5706
f 5697 5706 5705
f 5698 5699 5707
f 5698 5707 5706
f 5699 5700 5708
f 5699 5708 5707
f 5700 5701 5709
f 5700 5709 5708
f 5701 5702 5710
f 5701 5710 5709
f 5702 5703 5711
f 5702 5711 5710
f 5703 5704 5712
f 5703 5712 5711
f 5704 5697 5705
f 5704 5705 5712
f 5697 5699 5698
f 5705 5706 5707
f 5697 5700 5699
f 5705 5707 5708
f 5697 5701 5700
f 5705 5708 5709
f 5697 5702 5701
f 5705 5709 5710
f 5697 5703 5702
f 5705 5710 5711
f 5697 5704 5703
f 5705 5711 5712
f 5713 5714 5722
f 5713 5722 5721
f 5714 5715 5723
f 5714 5723 5722
f 5715 5716 5724
f 5715 5724 5723
f 5716 5717 5725
f 5716 5725 5724
f 5717 5718 5726
f 5717 5726 5725
f 5718 5719 5727
f 5718 5727 5726
f 5719 5720 5728
f 5719 5728 5727
f 5720 5713 5721
f 5720 5721 5728
f 5713 5715 5714
f 5721 5722 5723
f 5713 5716 5715
f 5721 5723 5724
f 5713 5717 5716
f 5721 5724 5725
f 5713 5718 5717
f 5721 5725 5726
f 5713 5719 5718
f 5721 5726 5727
f 5713 5720 5719
f 5721 5727 5728
f 5729 5730 5738
f 5729 5738 5737
f 5730 5731 5739
f 5730 5739 5738
f 5731 5732 5740
f 5731 5740 5739
f 5732 5733 5741
f 5732 5741 5740
f 5733 5734 5742
f 5733 5742 5741
f 5734 5735 5743
f 5734 5743 5742
f 5735 5736 5744
f 5735 5744 5743
f 5736 5729 5737
f 5736 5737 5744
f 5729 5731 5730
f 5737 5738 5739
f 5729 5732 5731
f 5737 5739 5740
f 5729 5733 5732
f 5737 5740 5741
f 5729 5734 5733
f 5737 5741 5742
f 5729 5735 5734
f 5737 5742 5743
f 5729 5736 5735
f 5737 5743 5744
f 5745 5746 5754
f 5745 5754 5753
f 5746 5747 5755
f 5746 5755 5754
f 5747 5748 5756
f 5747 5756 5755
f 5748 5749 5757
f 5748 5757 5756
f 5749 5750 5758
f 5749 5758 5757
f 5750 5751 5759
f 5750 5759 5758
f 5751 5752 5760
f 5751 5760 5759
f 5752 5745 5753
f 5752 5753 5760
f 5745 5747 5746
f 5753 5754 5755
f 5745 5748 5747
f 5753 5755 5756
f 5745 5749 5748
f 5753 5756 5757
f 5745 5750 5749
f 5753 5757 5758
f 5745 5751 5750
f 5753 5758 5759
f 5745 5752 5751
f 5753 5759 5760
f 5761 5762 5770
f 5761 5770 5769
f 5762 5763 5771
f 5762 5771 5770
f 5763 5764 5772
f 5763 5772 5771
f 5764 5765 5773
f 5764 5773 5772
f 5765 5766 5774
f 5765 5774 5773
f 5766 5767 5775
f 5766 5775 5774
f 5767 5768 5776
f 5767 5776 5775
f 5768 5761 5769
f 5768 5769 5776
f 5761 5763 5762
f 5769 5770 5771
f 5761 5764 5763
f 5769 5771 5772
f 5761 5765 5764
f 5769 5772 5773
f 5761 5766 5765
f 5769 5773 5774
f 5761 5767 5766
f 5769 5774 5775
f 5761 5768 5767
f 5769 5775 5776
f 5777 5778 5786
f 5777 5786 5785
f 5778 5779 5787
f 5778 5787 5786
f 5779 5780 5788
f 5779 5788 5787
f 5780 5781 5789
f 5780 5789 5788
f 5781 5782 5790
f 5781 5790 5789
f 5782 5783 5791
f 5782 5791 5790
f 5783 5784 5792
f 5783 5792 5791
f 5784 5777 5785
f 5784 5785 5792
f 5777 5779 5778
f 5785 5786 5787
f 5777 5780 5779
f 5785 5787 5788
f 5777 5781 5780
f 5785 5788 5789
f 5777 5782 5781
f 5785 5789 5790
f 5777 5783 5782
f 5785 5790 5791
f 5777 5784 5783
f 5785 5791 5792
f 5793 5794 5802
f 5793 5802 5801
f 5794 5795 5803
f 5794 5803 5802
f 5795 5796 5804
f 5795 5804 5803
f 5796 5797 5805
f 5796 5805 5804
f 5797 5798 5806
f 5797 5806 5805
f 5798 5799 5807
f 5798 5807 5806
f 5799 5800 5808
f 5799 5808 5807
f 5800 5793 5801
f 5800 5801 5808
f 5793 5795 5794
f 5801 5802 5803
f 5793 5796 5795
f 5801 5803 5804
f 5793 5797 5796
f 5801 5804 5805
f 5793 5798 5797
f 5801 5805 5806
f 5793 5799 5798
f 5801 5806 5807
f 5793 5800 5799
f 5801 5807 5808
f 5809 5810 5818
f 5809 5818 5817
f 5810 5811 5819
f 5810 5819 5818
f 5811 5812 5820
f 5811 5820 5819
f 5812 5813 5821
f 5812 5821 5820
f 5813 5814 5822
f 5813 5822 5821
f 5814 5815 5823
f 5814 5823 5822
f 5815 5816 5824
f 5815 5824 5823
f 5816 5809 5817
f 5816 5817 5824
f 5809 5811 5810
f 5817 5818 5819
f 5809 5812 5811
f 5817 5819 5820
f 5809 5813 5812
f 5817 5820 5821
f 5809 5814 5813
f 5817 5821 5822
f 5809 5815 5814
f 5817 5822 5823
f 5809 5816 5815
f 5817 5823 5824
f 5825 5826 5834
f 5825 5834 5833
f 5826 5827 5835
f 5826 5835 5834
f 5827 5828 5836
f 5827 5836 5835
f 5828 5829 5837
f 5828 5837 5836
f 5829 5830 5838
f 5829 5838 5837
f 5830 5831 5839
f 5830 5839 5838
f 5831 5832 5840
f 5831 5840 5839
f 5832 5825 5833
f 5832 5833 5840
f 5825 5827 5826
f 5833 5834 5835
f 5825 5828 5827
f 5833 5835 5836
f 5825 5829 5828
f 5833 5836 5837
f 5825 5830 5829
f 5833 5837 5838
f 5825 5831 5830
f 5833 5838 5839
f 5825 5832 5831
f 5833 5839 5840
f 5841 5842 5850
f 5841 5850 5849
f 5842 5843 5851
f 5842 5851 5850
f 5843 5844 5852
f 5843 5852 5851
f 5844 5845 5853
f 5844 5853 5852
f 5845 5846 5854
f 5845 5854 5853
f 5846 5847 5855
f 5846 5855 5854
f 5847 5848 5856
f 5847 5856 5855
f 5848 5841 5849
f 5848 5849 5856
f 5841 5843 5842
f 5849 5850 5851
f 5841 5844 5843
f 5849 5851 5852
f 5841 5845 5844
f 5849 5852 5853
f 5841 5846 5845
f 5849 5853 5854
f 5841 5847 5846
f 5849 5854 5855
f 5841 5848 5847
f 5849 5855 5856
f 5857 5858 5866
f 5857 5866 5865
f 5858 5859 5867
f 5858 5867 5866
f 5859 5860 5868
f 5859 5868 5867
f 5860 5861 5869
f 5860 5869 5868
f 5861 5862 5870
f 5861 5870 5869
f 5862 5863 5871
f 5862 5871 5870
f 5863 5864 5872
f 5863 5872 5871
f 5864 5857 5865
f 5864 5865 5872
f 5857 5859 5858
f 5865 5866 5867
f 5857 5860 5859
f 5865 5867 5868
f 5857 5861 5860
f 5865 5868 5869
f 5857 5862 5861
f 5865 5869 5870
f 5857 5863 5862
f 5865 5870 5871
f 5857 5864 5863
f 5865 5871 5872
f 5873 5874 5882
f 5873 5882 5881
f 5874 5875 5883
f 5874 5883 5882
f 5875 5876 5884
f 5875 5884 5883
f 5876 5877 5885
f 5876 5885 5884
f 5877 5878 5886
f 5877 5886 5885
f 5878 5879 5887
f 5878 5887 5886
f 5879 5880 5888
f 5879 5888 5887
f 5880 5873 5881
f 5880 5881 5888
f 5873 5875 5874
f 5881 5882 5883
f 5873 5876 5875
f 5881 5883 5884
f 5873 5877 5876
f 5881 5884 5885
f 5873 5878 5877
f 5881 5885 5886
f 5873 5879 5878
f 5881 5886 5887
f 5873 5880 5879
f 5881 5887 5888
f 5889 5890 5898
f 5889 5898 5897
f 5890 5891 5899
f 5890 5899 5898
f 5891 5892 5900
f 5891 5900 5899
f 5892 5893 5901
f 5892 5901 5900
f 5893 5894 5902
f 5893 5902 5901
f 5894 5895 5903
f 5894 5903 5902
f 5895 5896 5904
f 5895 5904 5903
f 5896 5889 5897
f 5896 5897 5904
f 5889 5891 5890
f 5897 5898 5899
f 5889 5892 5891
f 5897 5899 5900
f 5889 5893 5892
f 5897 5900 5901
f 5889 5894 5893
f 5897 5901 5902
f 5889 5895 5894
f 5897 5902 5903
f 5889 5896 5895
f 5897 5903 5904
f 5905 5906 5914
f 5905 5914 5913
f 5906 5907 5915
f 5906 5915 5914
f 5907 5908 5916
f 5907 5916 5915
f 5908 5909 5917
f 5908 5917 5916
f 5909 5910 5918
f 5909 5918 5917
f 5910 5911 5919
f 5910 5919 5918
f 5911 5912 5920
f 5911 5920 5919
f 5912 5905 5913
f 5912 5913 5920
f 5905 5907 5906
f 5913 5914 5915
f 5905 5908 5907
f 5913 5915 5916
f 5905 5909 5908
f 5913 5916 5917
f 5905 5910 5909
f 5913 5917 5918
f 5905 5911 5910
f 5913 5918 5919
f 5905 5912 5911
f 5913 5919 5920
f 5921 5922 5930
f 5921 5930 5929
f 5922 5923 5931
f 5922 5931 5930
f 5923 5924 5932
f 5923 5932 5931
f 5924 5925 5933
f 5924 5933 5932
f 5925 5926 5934
f 5925 5934 5933
f 5926 5927 5935
f 5926 5935 5934
f 5927 5928 5936
f 5927 5936 5935
f 5928 5921 5929
f 5928 5929 5936
f 5921 5923 5922
f 5929 5930 5931
f 5921 5924 5923
f 5929 5931 5932
f 5921 5925 5924
f 5929 5932 5933
f 5921 5926 5925
f 5929 5933 5934
f 5921 5927 5926
f 5929 5934 5935
f 5921 5928 5927
f 5929 5935 5936
f 5937 5938 5946
f 5937 5946 5945
f 5938 5939 5947
f 5938 5947 5946
f 5939 5940 5948
f 5939 5948 5947
f 5940 5941 5949
f 5940 5949 5948
f 5941 5942 5950
f 5941 5950 5949
f 5942 5943 5951
f 5942 5951 5950
f 5943 5944 5952
f 5943 5952 5951
f 5944 5937 5945
f 5944 5945 5952
f 5937 5939 5938
f 5945 5946 5947
f 5937 5940 5939
f 5945 5947 5948
f 5937 5941 5940
f 5945 5948 5949
f 5937 5942 5941
f 5945 5949 5950
f 5937 5943 5942
f 5945 5950 5951
f 5937 5944 5943
f 5945 5951 5952
f 5953 5954 5962
f 5953 5962 5961
f 5954 5955 5963
f 5954 5963 5962
f 5955 5956 5964
f 5955 5964 5963
f 5956 5957 5965
f 5956 5965 5964
f 5957 5958 5966
f 5957 5966 5965
f 5958 5959 5967
f 5958 5967 5966
f 5959 5960 5968
f 5959 5968 5967
f 5960 5953 5961
f 5960 5961 5968
f 5953 5955 5954
f 5961 5962 5963
f 5953 5956 5955
f 5961 5963 5964
f 5953 5957 5956
f 5961 5964 5965
f 5953 5958 5957
f 5961 5965 5966
f 5953 5959 5958
f 5961 5966 5967
f 5953 5960 5959
f 5961 5967 5968
f 5969 5970 5978
f 5969 5978 5977
f 5970 5971 5979
f 5970 5979 5978
f 5971 5972 5980
f 5971 5980 5979
f 5972 5973 5981
f 5972 5981 5980
f 5973 5974 5982
f 5973 5982 5981
f 5974 5975 5983
f 5974 5983 5982
f 5975 5976 5984
f 5975 5984 5983
f 5976 5969 5977
f 5976 5977 5984
f 5969 5971 5970
f 5977 5978 5979
f 5969 5972 5971
f 5977 5979 5980
f 5969 5973 5972
f 5977 5980 5981
f 5969 5974 5973
f 5977 5981 5982
f 5969 5975 5974
f 5977 5982 5983
f 5969 5976 5975
f 5977 5983 5984
f 5985 5986 5994
f 5985 5994 5993
f 5986 5987 5995
f 5986 5995 5994
f 5987 5988 5996
f 5987 5996 5995
f 5988 5989 5997
f 5988 5997 5996
f 5989 5990 5998
f 5989 5998 5997
f 5990 5991 5999
f 5990 5999 5998
f 5991 5992 6000
f 5991 6000 5999
f 5992 5985 5993
f 5992 5993 6000
f 5985 5987 5986
f 5993 5994 5995
f 5985 5988 5987
f 5993 5995 5996
f 5985 5989 5988
f 5993 5996 5997
f 5985 5990 5989
f 5993 5997 5998
f 5985 5991 5990
f 5993 5998 5999
f 5985 5992 5991
f 5993 5999 6000
f 6001 6002 6010
f 6001 6010 6009
f 6002 6003 6011
f 6002 6011 6010
f 6003 6004 6012
f 6003 6012 6011
f 6004 6005 6013
f 6004 6013 6012
f 6005 6006 6014
f 6005 6014 6013
f 6006 6007 6015
f 6006 6015 6014
f 6007 6008 6016
f 6007 6016 6015
f 6008 6001 6009
f 6008 6009 6016
f 6001 6003 6002
f 6009 6010 6011
f 6001 6004 6003
f 6009 6011 6012
f 6001 6005 6004
f 6009 6012 6013
f 6001 6006 6005
f 6009 6013 6014
f 6001 6007 6006
f 6009 6014 6015
f 6001 6008 6007
f 6009 6015 6016
f 6017 6018 6026
f 6017 6026 6025
f 6018 6019 6027
f 6018 6027 6026
f 6019 6020 6028
f 6019 6028 6027
f 6020 6021 6029
f 6020 6029 6028
f 6021 6022 6030
f 6021 6030 6029
f 6022 6023 6031
f 6022 6031 6030
f 6023 6024 6032
f 6023 6032 6031
f 6024 6017 6025
f 6024 6025 6032
f 6017 6019 6018
f 6025 6026 6027
f 6017 6020 6019
f 6025 6027 6028
f 6017 6021 6020
f 6025 6028 6029
f 6017 6022 6021
f 6025 6029 6030
f 6017 6023 6022
f 6025 6030 6031
f 6017 6024 6023
f 6025 6031 6032
f 6033 6034 6042
f 6033 6042 6041
f 6034 6035 6043
f 6034 6043 6042
f 6035 6036 6044
f 6035 6044 6043
f 6036 6037 6045
f 6036 6045 6044
f 6037 6038 6046
f 6037 6046 6045
f 6038 6039 6047
f 6038 6047 6046
f 6039 6040 6048
f 6039 6048 6047
f 6040 6033 6041
f 6040 6041 6048
f 6033 6035 6034
f 6041 6042 6043
f 6033 6036 6035
f 6041 6043 6044
f 6033 6037 6036
f 6041 6044 6045
f 6033 6038 6037
f 6041 6045 6046
f 6033 6039 6038
f 6041 6046 6047
f 6033 6040 6039
f 6041 6047 6048
f 6049 6050 6058
f 6049 6058 6057
f 6050 6051 6059
f 6050 6059 6058
f 6051 6052 6060
f 6051 6060 6059
f 6052 6053 6061
f 6052 6061 6060
f 6053 6054 6062
f 6053 6062 6061
f 6054 6055 6063
f 6054 6063 6062
f 6055 6056 6064
f 6055 6064 6063
f 6056 6049 6057
f 6056 6057 6064
f 6049 6051 6050
f 6057 6058 6059
f 6049 6052 6051
f 6057 6059 6060
f 6049 6053 6052
f 6057 6060 6061
f 6049 6054 6053
f 6057 6061 6062
f 6049 6055 6054
f 6057 6062 6063
f 6049 6056 6055
f 6057 6063 6064
f 6065 6066 6074
f 6065 6074 6073
f 6066 6067 6075
f 6066 6075 6074
f 6067 6068 6076
f 6067 6076 6075
f 6068 6069 6077
f 6068 6077 6076
f 6069 6070 6078
f 6069 6078 6077
f 6070 6071 6079
f 6070 6079 6078
f 6071 6072 6080
f 6071 6080 6079
f 6072 6065 6073
f 6072 6073 6080
f 6065 6067 6066
f 6073 6074 6075
f 6065 6068 6067
f 6073 6075 6076
f 6065 6069 6068
f 6073 6076 6077
f 6065 6070 6069
f 6073 6077 6078
f 6065 6071 6070
f 6073 6078 6079
f 6065 6072 6071
f 6073 6079 6080
f 6081 6082 6090
f 6081 6090 6089
f 6082 6083 6091
f 6082 6091 6090
f 6083 6084 6092
f 6083 6092 6091
f 6084 6085 6093
f 6084 6093 6092
f 6085 6086 6094
f 6085 6094 6093
f 6086 6087 6095
f 6086 6095 6094
f 6087 6088 6096
f 6087 6096 6095
f 6088 6081 6089
f 6088 6089 6096
f 6081 6083 6082
f 6089 6090 6091
f 6081 6084 6083
f 6089 6091 6092
f 6081 6085 6084
f 6089 6092 6093
f 6081 6086 6085
f 6089 6093 6094
f 6081 6087 6086
f 6089 6094 6095
f 6081 6088 6087
f 6089 6095 6096
f 6097 6098 6106
f 6097 6106 6105
f 6098 6099 6107
f 6098 6107 6106
f 6099 6100 6108
f 6099 6108 6107
f 6100 6101 6109
f 6100 6109 6108
f 6101 6102 6110
f 6101 6110 6109
f 6102 6103 6111
f 6102 6111 6110
f 6103 6104 6112
f 6103 6112 6111
f 6104 6097 6105
f 6104 6105 6112
f 6097 6099 6098
f 6105 6106 6107
f 6097 6100 6099
f 6105 6107 6108
f 6097 6101 6100
f 6105 6108 6109
f 6097 6102 6101
f 6105 6109 6110
f 6097 6103 6102
f 6105 6110 6111
f 6097 6104 6103
f 6105 6111 6112
f 6113 6114 6122
f 6113 6122 6121
f 6114 6115 6123
f 6114 6123 6122
f 6115 6116 6124
f 6115 6124 6123
f 6116 6117 6125
f 6116 6125 6124
f 6117 6118 6126
f 6117 6126 6125
f 6118 6119 6127
f 6118 6127 6126
f 6119 6120 6128
f 6119 6128 6127
f 6120 6113 6121
f 6120 6121 6128
f 6113 6115 6114
f 6121 6122 6123
f 6113 6116 6115
f 6121 6123 6124
f 6113 6117 6116
f 6121 6124 6125
f 6113 6118 6117
f 6121 6125 6126
f 6113 6119 6118
f 6121 6126 6127
f 6113 6120 6119
f 6121 6127 6128
f 6129 6130 6138
f 6129 6138 6137
f 6130 6131 6139
f 6130 6139 6138
f 6131 6132 6140
f 6131 6140 6139
f 6132 6133 6141
f 6132 6141 6140
f 6133 6134 6142
f 6133 6142 6141
f 6134 6135 6143
f 6134 6143 6142
f 6135 6136 6144
f 6135 6144 6143
f 6136 6129 6137
f 6136 6137 6144
f 6129 6131 6130
f 6137 6138 6139
f 6129 6132 6131
f 6137 6139 6140
f 6129 6133 6132
f 6137 6140 6141
f 6129 6134 6133
f 6137 6141 6142
f 6129 6135 6134
f 6137 6142 6143
f 6129 6136 6135
f 6137 6143 6144
f 6145 6146 6154
f 6145 6154 6153
f 6146 6147 6155
f 6146 6155 6154
f 6147 6148 6156
f 6147 6156 6155
f 6148 6149 6157
f 6148 6157 6156
f 6149 6150 6158
f 6149 6158 6157
f 6150 6151 6159
f 6150 6159 6158
f 6151 6152 6160
f 6151 6160 6159
f 6152 6145 6153
f 6152 6153 6160
f 6145 6147 6146
f 6153 6154 6155
f 6145 6148 6147
f 6153 6155 6156
f 6145 6149 6148
f 6153 6156 6157
f 6145 6150 6149
f 6153 6157 6158
f 6145 6151 6150
f 6153 6158 6159
f 6145 6152 6151
f 6153 6159 6160
f 6161 6162 6170
f 6161 6170 6169
f 6162 6163 6171
f 6162 6171 6170
f 6163 6164 6172
f 6163 6172 6171
f 6164 6165 6173
f 6164 6173 6172
f 6165 6166 6174
f 6165 6174 6173
f 6166 6167 6175
f 6166 6175 6174
f 6167 6168 6176
f 6167 6176 6175
f 6168 6161 6169
f 6168 6169 6176
f 6161 6163 6162
f 6169 6170 6171
f 6161 6164 6163
f 6169 6171 6172
f 6161 6165 6164
f 6169 6172 6173
f 6161 6166 6165
f 6169 6173 6174
f 6161 6167 6166
f 6169 6174 6175
f 6161 6168 6167
f 6169 6175 6176
f 6177 6178 6186
f 6177 6186 6185
f 6178 6179 6187
f 6178 6187 6186
f 6179 6180 6188
f 6179 6188 6187
f 6180 6181 6189
f 6180 6189 6188
f 6181 6182 6190
f 6181 6190 6189
f 6182 6183 6191
f 6182 6191 6190
f 6183 6184 6192
f 6183 6192 6191
f 6184 6177 6185
f 6184 6185 6192
f 6177 6179 6178
f 6185 6186 6187
f 6177 6180 6179
f 6185 6187 6188
f 6177 6181 6180
f 6185 6188 6189
f 6177 6182 6181
f 6185 6189 6190
f 6177 6183 6182
f 6185 6190 6191
f 6177 6184 6183
f 6185 6191 6192
f 6193 6194 6202
f 6193 6202 6201
f 6194 6195 6203
f 6194 6203 6202
f 6195 6196 6204
f 6195 6204 6203
f 6196 6197 6205
f 6196 6205 6204
f 6197 6198 6206
f 6197 6206 6205
f 6198 6199 6207
f 6198 6207 6206
f 6199 6200 6208
f 6199 6208 6207
f 6200 6193 6201
f 6200 6201 6208
f 6193 6195 6194
f 6201 6202 6203
f 6193 6196 6195
f 6201 6203 6204
f 6193 6197 6196
f 6201 6204 6205
f 6193 6198 6197
f 6201 6205 6206
f 6193 6199 6198
f 6201 6206 6207
f 6193 6200 6199
f 6201 6207 6208
f 6209 6210 6218
f 6209 6218 6217
f 6210 6211 6219
f 6210 6219 6218
f 6211 6212 6220
f 6211 6220 6219
f 6212 6213 6221
f 6212 6221 6220
f 6213 6214 6222
f 6213 6222 6221
f 6214 6215 6223
f 6214 6223 6222
f 6215 6216 6224
f 6215 6224 6223
f 6216 6209 6217
f 6216 6217 6224
f 6209 6211 6210
f 6217 6218 6219
f 6209 6212 6211
f 6217 6219 6220
f 6209 6213 6212
f 6217 6220 6221
f 6209 6214 6213
f 6217 6221 6222
f 6209 6215 6214
f 6217 6222 6223
f 6209 6216 6215
f 6217 6223 6224
f 6225 6226 6234
f 6225 6234 6233
f 6226 6227 6235
f 6226 6235 6234
f 6227 6228 6236
f 6227 6236 6235
f 6228 6229 6237
f 6228 6237 6236
f 6229 6230 6238
f 6229 6238 6237
f 6230 6231 6239
f 6230 6239 6238
f 6231 6232 6240
f 6231 6240 6239
f 6232 6225 6233
f 6232 6233 6240
f 6225 6227 6226
f 6233 6234 6235
f 6225 6228 6227
f 6233 6235 6236
f 6225 6229 6228
f 6233 6236 6237
f 6225 6230 6229
f 6233 6237 6238
f 6225 6231 6230
f 6233 6238 6239
f 6225 6232 6231
f 6233 6239 6240
f 6241 6242 6250
f 6241 6250 6249
f 6242 6243 6251
f 6242 6251 6250
f 6243 6244 6252
f 6243 6252 6251
f 6244 6245 6253
f 6244 6253 6252
f 6245 6246 6254
f 6245 6254 6253
f 6246 6247 6255
f 6246 6255 6254
f 6247 6248 6256
f 6247 6256 6255
f 6248 6241 6249
f 6248 6249 6256
f 6241 6243 6242
f 6249 6250 6251
f 6241 6244 6243
f 6249 6251 6252
f 6241 6245 6244
f 6249 6252 6253
f 6241 6246 6245
f 6249 6253 6254
f 6241 6247 6246
f 6249 6254 6255
f 6241 6248 6247
f 6249 6255 6256
f 6257 6258 6266
f 6257 6266 6265
f 6258 6259 6267
f 6258 6267 6266
f 6259 6260 6268
f 6259 6268 6267
f 6260 6261 6269
f 6260 6269 6268
f 6261 6262 6270
f 6261 6270 6269
f 6262 6263 6271
f 6262 6271 6270
f 6263 6264 6272
f 6263 6272 6271
f 6264 6257 6265
f 6264 6265 6272
f 6257 6259 6258
f 6265 6266 6267
f 6257 6260 6259
f 6265 6267 6268
f 6257 6261 6260
f 6265 6268 6269
f 6257 6262 6261
f 6265 6269 6270
f 6257 6263 6262
f 6265 6270 6271
f 6257 6264 6263
f 6265 6271 6272
f 6273 6274 6282
f 6273 6282 6281
f 6274 6275 6283
f 6274 6283 6282
f 6275 6276 6284
f 6275 6284 6283
f 6276 6277 6285
f 6276 6285 6284
f 6277 6278 6286
f 6277 6286 6285
f 6278 6279 6287
f 6278 6287 6286
f 6279 6280 6288
f 6279 6288 6287
f 6280 6273 6281
f 6280 6281 6288
f 6273 6275 6274
f 6281 6282 6283
f 6273 6276 6275
f 6281 6283 6284
f 6273 6277 6276
f 6281 6284 6285
f 6273 6278 6277
f 6281 6285 6286
f 6273 6279 6278
f 6281 6286 6287
f 6273 6280 6279
f 6281 6287 6288
f 6289 6290 6298
f 6289 6298 6297
f 6290 6291 6299
f 6290 6299 6298
f 6291 6292 6300
f 6291 6300 6299
f 6292 6293 6301
f 6292 6301 6300
f 6293 6294 6302
f 6293 6302 6301
f 6294 6295 6303
f 6294 6303 6302
f 6295 6296 6304
f 6295 6304 6303
f 6296 6289 6297
f 6296 6297 6304
f 6289 6291 6290
f 6297 6298 6299
f 6289 6292 6291
f 6297 6299 6300
f 6289 6293 6292
f 6297 6300 6301
f 6289 6294 6293
f 6297 6301 6302
f 6289 6295 6294
f 6297 6302 6303
f 6289 6296 6295
f 6297 6303 6304
f 6305 6306 6314
f 6305 6314 6313
f 6306 6307 6315
f 6306 6315 6314
f 6307 6308 6316
f 6307 6316 6315
f 6308 6309 6317
f 6308 6317 6316
f 6309 6310 6318
f 6309 6318 6317
f 6310 6311 6319
f 6310 6319 6318
f 6311 6312 6320
f 6311 6320 6319
f 6312 6305 6313
f 6312 6313 6320
f 6305 6307 6306
f 6313 6314 6315
f 6305 6308 6307
f 6313 6315 6316
f 6305 6309 6308
f 6313 6316 6317
f 6305 6310 6309
f 6313 6317 6318
f 6305 6311 6310
f 6313 6318 6319
f 6305 6312 6311
f 6313 6319 6320
f 6321 6322 6330
f 6321 6330 6329
f 6322 6323 6331
f 6322 6331 6330
f 6323 6324 6332
f 6323 6332 6331
f 6324 6325 6333
f 6324 6333 6332
f 6325 6326 6334
f 6325 6334 6333
f 6326 6327 6335
f 6326 6335 6334
f 6327 6328 6336
f 6327 6336 6335
f 6328 6321 6329
f 6328 6329 6336
f 6321 6323 6322
f 6329 6330 6331
f 6321 6324 6323
f 6329 6331 6332
f 6321 6325 6324
f 6329 6332 6333
f 6321 6326 6325
f 6329 6333 6334
f 6321 6327 6326
f 6329 6334 6335
f 6321 6328 6327
f 6329 6335 6336
f 6337 6338 6346
f 6337 6346 6345
f 6338 6339 6347
f 6338 6347 6346
f 6339 6340 6348
f 6339 6348 6347
f 6340 6341 6349
f 6340 6349 6348
f 6341 6342 6350
f 6341 6350 6349
f 6342 6343 6351
f 6342 6351 6350
f 6343 6344 6352
f 6343 6352 6351
f 6344 6337 6345
f 6344 6345 6352
f 6337 6339 6338
f 6345 6346 6347
f 6337 6340 6339
f 6345 6347 6348
f 6337 6341 6340
f 6345 6348 6349
f 6337 6342 6341
f 6345 6349 6350
f 6337 6343 6342
f 6345 6350 6351
f 6337 6344 6343
f 6345 6351 6352
f 6353 6354 6362
f 6353 6362 6361
f 6354 6355 6363
f 6354 6363 6362
f 6355 6356 6364
f 6355 6364 6363
f 6356 6357 6365
f 6356 6365 6364
f 6357 6358 6366
f 6357 6366 6365
f 6358 6359 6367
f 6358 6367 6366
f 6359 6360 6368
f 6359 6368 6367
f 6360 6353 6361
f 6360 6361 6368
f 6353 6355 6354
f 6361 6362 6363
f 6353 6356 6355
f 6361 6363 6364
f 6353 6357 6356
f 6361 6364 6365
f 6353 6358 6357
f 6361 6365 6366
f 6353 6359 6358
f 6361 6366 6367
f 6353 6360 6359
f 6361 6367 6368
f 6369 6370 6378
f 6369 6378 6377
f 6370 6371 6379
f 6370 6379 6378
f 6371 6372 6380
f 6371 6380 6379
f 6372 6373 6381
f 6372 6381 6380
f 6373 6374 6382
f 6373 6382 6381
f 6374 6375 6383
f 6374 6383 6382
f 6375 6376 6384
f 6375 6384 6383
f 6376 6369 6377
f 6376 6377 6384
f 6369 6371 6370
f 6377 6378 6379
f 6369 6372 6371
f 6377 6379 6380
f 6369 6373 6372
f 6377 6380 6381
f 6369 6374 6373
f 6377 6381 6382
f 6369 6375 6374
f 6377 6382 6383
f 6369 6376 6375
f 6377 6383 6384
f 6385 6386 6394
f 6385 6394 6393
f 6386 6387 6395
f 6386 6395 6394
f 6387 6388 6396
f 6387 6396 6395
f 6388 6389 6397
f 6388 6397 6396
f 6389 6390 6398
f 6389 6398 6397
f 6390 6391 6399
f 6390 6399 6398
f 6391 6392 6400
f 6391 6400 6399
f 6392 6385 6393
f 6392 6393 6400
f 6385 6387 6386
f 6393 6394 6395
f 6385 6388 6387
f 6393 6395 6396
f 6385 6389 6388
f 6393 6396 6397
f 6385 6390 6389
f 6393 6397 6398
f 6385 6391 6390
f 6393 6398 6399
f 6385 6392 6391
f 6393 6399 6400
f 6401 6402 6410
f 6401 6410 6409
f 6402 6403 6411
f 6402 6411 6410
f 6403 6404 6412
f 6403 6412 6411
f 6404 6405 6413
f 6404 6413 6412
f 6405 6406 6414
f 6405 6414 6413
f 6406 6407 6415
f 6406 6415 6414
f 6407 6408 6416
f 6407 6416 6415
f 6408 6401 6409
f 6408 6409 6416
f 6401 6403 6402
f 6409 6410 6411
f 6401 6404 6403
f 6409 6411 6412
f 6401 6405 6404
f 6409 6412 6413
f 6401 6406 6405
f 6409 6413 6414
f 6401 6407 6406
f 6409 6414 6415
f 6401 6408 6407
f 6409 6415 6416
f 6417 6418 6426
f 6417 6426 6425
f 6418 6419 6427
f 6418 6427 6426
f 6419 6420 6428
f 6419 6428 6427
f 6420 6421 6429
f 6420 6429 6428
f 6421 6422 6430
f 6421 6430 6429
f 6422 6423 6431
f 6422 6431 6430
f 6423 6424 6432
f 6423 6432 6431
f 6424 6417 6425
f 6424 6425 6432
f 6417 6419 6418
f 6425 6426 6427
f 6417 6420 6419
f 6425 6427 6428
f 6417 6421 6420
f 6425 6428 6429
f 6417 6422 6421
f 6425 6429 6430
f 6417 6423 6422
f 6425 6430 6431
f 6417 6424 6423
f 6425 6431 6432
f 6433 6434 6442
f 6433 6442 6441
f 6434 6435 6443
f 6434 6443 6442
f 6435 6436 6444
f 6435 6444 6443
f 6436 6437 6445
f 6436 6445 6444
f 6437 6438 6446
f 6437 6446 6445
f 6438 6439 6447
f 6438 6447 6446
f 6439 6440 6448
f 6439 6448 6447
f 6440 6433 6441
f 6440 6441 6448
f 6433 6435 6434
f 6441 6442 6443
f 6433 6436 6435
f 6441 6443 6444
f 6433 6437 6436
f 6441 6444 6445
f 6433 6438 6437
f 6441 6445 6446
f 6433 6439 6438
f 6441 6446 6447
f 6433 6440 6439
f 6441 6447 6448
f 6449 6450 6458
f 6449 6458 6457
f 6450 6451 6459
f 6450 6459 6458
f 6451 6452 6460
f 6451 6460 6459
f 6452 6453 6461
f 6452 6461 6460
f 6453 6454 6462
f 6453 6462 6461
f 6454 6455 6463
f 6454 6463 6462
f 6455 6456 6464
f 6455 6464 6463
f 6456 6449 6457
f 6456 6457 6464
f 6449 6451 6450
f 6457 6458 6459
f 6449 6452 6451
f 6457 6459 6460
f 6449 6453 6452
f 6457 6460 6461
f 6449 6454 6453
f 6457 6461 6462
f 6449 6455 6454
f 6457 6462 6463
f 6449 6456 6455
f 6457 6463 6464
f 6465 6466 6474
f 6465 6474 6473
f 6466 6467 6475
f 6466 6475 6474
f 6467 6468 6476
f 6467 6476 6475
f 6468 6469 6477
f 6468 6477 6476
f 6469 6470 6478
f 6469 6478 6477
f 6470 6471 6479
f 6470 6479 6478
f 6471 6472 6480
f 6471 6480 6479
f 6472 6465 6473
f 6472 6473 6480
f 6465 6467 6466
f 6473 6474 6475
f 6465 6468 6467
f 6473 6475 6476
f 6465 6469 6468
f 6473 6476 6477
f 6465 6470 6469
f 6473 6477 6478
f 6465 6471 6470
f 6473 6478 6479
f 6465 6472 6471
f 6473 6479 6480
f 6481 6482 6490
f 6481 6490 6489
f 6482 6483 6491
f 6482 6491 6490
f 6483 6484 6492
f 6483 6492 6491
f 6484 6485 6493
f 6484 6493 6492
f 6485 6486 6494
f 6485 6494 6493
f 6486 6487 6495
f 6486 6495 6494
f 6487 6488 6496
f 6487 6496 6495
f 6488 6481 6489
f 6488 6489 6496
f 6481 6483 6482
f 6489 6490 6491
f 6481 6484 6483
f 6489 6491 6492
f 6481 6485 6484
f 6489 6492 6493
f 6481 6486 6485
f 6489 6493 6494
f 6481 6487 6486
f 6489 6494 6495
f 6481 6488 6487
f 6489 6495 6496
f 6497 6498 6506
f 6497 6506 6505
f 6498 6499 6507
f 6498 6507 6506
f 6499 6500 6508
f 6499 6508 6507
f 6500 6501 6509
f 6500 6509 6508
f 6501 6502 6510
f 6501 6510 6509
f 6502 6503 6511
f 6502 6511 6510
f 6503 6504 6512
f 6503 6512 6511
f 6504 6497 6505
f 6504 6505 6512
f 6497 6499 6498
f 6505 6506 6507
f 6497 6500 6499
f 6505 6507 6508
f 6497 6501 6500
f 6505 6508 6509
f 6497 6502 6501
f 6505 6509 6510
f 6497 6503 6502
f 6505 6510 6511
f 6497 6504 6503
f 6505 6511 6512
f 6513 6514 6522
f 6513 6522 6521
f 6514 6515 6523
f 6514 6523 6522
f 6515 6516 6524
f 6515 6524 6523
f 6516 6517 6525
f 6516 6525 6524
f 6517 6518 6526
f 6517 6526 6525
f 6518 6519 6527
f 6518 6527 6526
f 6519 6520 6528
f 6519 6528 6527
f 6520 6513 6521
f 6520 6521 6528
f 6513 6515 6514
f 6521 6522 6523
f 6513 6516 6515
f 6521 6523 6524
f 6513 6517 6516
f 6521 6524 6525
f 6513 6518 6517
f 6521 6525 6526
f 6513 6519 6518
f 6521 6526 6527
f 6513 6520 6519
f 6521 6527 6528
f 6529 6530 6538
f 6529 6538 6537
f 6530 6531 6539
f 6530 6539 6538
f 6531 6532 6540
f 6531 6540 6539
f 6532 6533 6541
f 6532 6541 6540
f 6533 6534 6542
f 6533 6542 6541
f 6534 6535 6543
f 6534 6543 6542
f 6535 6536 6544
f 6535 6544 6543
f 6536 6529 6537
f 6536 6537 6544
f 6529 6531 6530
f 6537 6538 6539
f 6529 6532 6531
f 6537 6539 6540
f 6529 6533 6532
f 6537 6540 6541
f 6529 6534 6533
f 6537 6541 6542
f 6529 6535 6534
f 6537 6542 6543
f 6529 6536 6535
f 6537 6543 6544
f 6545 6546 6554
f 6545 6554 6553
f 6546 6547 6555
f 6546 6555 6554
f 6547 6548 6556
f 6547 6556 6555
f 6548 6549 6557
f 6548 6557 6556
f 6549 6550 6558
f 6549 6558 6557
f 6550 6551 6559
f 6550 6559 6558
f 6551 6552 6560
f 6551 6560 6559
f 6552 6545 6553
f 6552 6553 6560
f 6545 6547 6546
f 6553 6554 6555
f 6545 6548 6547
f 6553 6555 6556
f 6545 6549 6548
f 6553 6556 6557
f 6545 6550 6549
f 6553 6557 6558
f 6545 6551 6550
f 6553 6558 6559
f 6545 6552 6551
f 6553 6559 6560
f 6561 6562 6570
f 6561 6570 6569
f 6562 6563 6571
f 6562 6571 6570
f 6563 6564 6572
f 6563 6572 6571
f 6564 6565 6573
f 6564 6573 6572
f 6565 6566 6574
f 6565 6574 6573
f 6566 6567 6575
f 6566 6575 6574
f 6567 6568 6576
f 6567 6576 6575
f 6568 6561 6569
f 6568 6569 6576
f 6561 6563 6562
f 6569 6570 6571
f 6561 6564 6563
f 6569 6571 6572
f 6561 6565 6564
f 6569 6572 6573
f 6561 6566 6565
f 6569 6573 6574
f 6561 6567 6566
f 6569 6574 6575
f 6561 6568 6567
f 6569 6575 6576
f 6577 6578 6586
f 6577 6586 6585
f 6578 6579 6587
f 6578 6587 6586
f 6579 6580 6588
f 6579 6588 6587
f 6580 6581 6589
f 6580 6589 6588
f 6581 6582 6590
f 6581 6590 6589
f 6582 6583 6591
f 6582 6591 6590
f 6583 6584 6592
f 6583 6592 6591
f 6584 6577 6585
f 6584 6585 6592
f 6577 6579 6578
f 6585 6586 6587
f 6577 6580 6579
f 6585 6587 6588
f 6577 6581 6580
f 6585 6588 6589
f 6577 6582 6581
f 6585 6589 6590
f 6577 6583 6582
f 6585 6590 6591
f 6577 6584 6583
f 6585 6591 6592
f 6593 6594 6602
f 6593 6602 6601
f 6594 6595 6603
f 6594 6603 6602
f 6595 6596 6604
f 6595 6604 6603
f 6596 6597 6605
f 6596 6605 6604
f 6597 6598 6606
f 6597 6606 6605
f 6598 6599 6607
f 6598 6607 6606
f 6599 6600 6608
f 6599 6608 6607
f 6600 6593 6601
f 6600 6601 6608
f 6593 6595 6594
f 6601 6602 6603
f 6593 6596 6595
f 6601 6603 6604
f 6593 6597 6596
f 6601 6604 6605
f 6593 6598 6597
f 6601 6605 6606
f 6593 6599 6598
f 6601 6606 6607
f 6593 6600 6599
f 6601 6607 6608
f 6609 6610 6618
f 6609 6618 6617
f 6610 6611 6619
f 6610 6619 6618
f 6611 6612 6620
f 6611 6620 6619
f 6612 6613 6621
f 6612 6621 6620
f 6613 6614 6622
f 6613 6622 6621
f 6614 6615 6623
f 6614 6623 6622
f 6615 6616 6624
f 6615 6624 6623
f 6616 6609 6617
f 6616 6617 6624
f 6609 6611 6610
f 6617 6618 6619
f 6609 6612 6611
f 6617 6619 6620
f 6609 6613 6612
f 6617 6620 6621
f 6609 6614 6613
f 6617 6621 6622
f 6609 6615 6614
f 6617 6622 6623
f 6609 6616 6615
f 6617 6623 6624
f 6625 6626 6634
f 6625 6634 6633
f 6626 6627 6635
f 6626 6635 6634
f 6627 6628 6636
f 6627 6636 6635
f 6628 6629 6637
f 6628 6637 6636
f 6629 6630 6638
f 6629 6638 6637
f 6630 6631 6639
f 6630 6639 6638
f 6631 6632 6640
f 6631 6640 6639
f 6632 6625 6633
f 6632 6633 6640
f 6625 6627 6626
f 6633 6634 6635
f 6625 6628 6627
f 6633 6635 6636
f 6625 6629 6628
f 6633 6636 6637
f 6625 6630 6629
f 6633 6637 6638
f 6625 6631 6630
f 6633 6638 6639
f 6625 6632 6631
f 6633 6639 6640
f 6641 6642 6650
f 6641 6650 6649
f 6642 6643 6651
f 6642 6651 6650
f 6643 6644 6652
f 6643 6652 6651
f 6644 6645 6653
f 6644 6653 6652
f 6645 6646 6654
f 6645 6654 6653
f 6646 6647 6655
f 6646 6655 6654
f 6647 6648 6656
f 6647 6656 6655
f 6648 6641 6649
f 6648 6649 6656
f 6641 6643 6642
f 6649 6650 6651
f 6641 6644 6643
f 6649 6651 6652
f 6641 6645 6644
f 6649 6652 6653
f 6641 6646 6645
f 6649 6653 6654
f 6641 6647 6646
f 6649 6654 6655
f 6641 6648 6647
f 6649 6655 6656
f 6657 6658 6666
f 6657 6666 6665
f 6658 6659 6667
f 6658 6667 6666
f 6659 6660 6668
f 6659 6668 6667
f 6660 6661 6669
f 6660 6669 6668
f 6661 6662 6670
f 6661 6670 6669
f 6662 6663 6671
f 6662 6671 6670
f 6663 6664 6672
f 6663 6672 6671
f 6664 6657 6665
f 6664 6665 6672
f 6657 6659 6658
f 6665 6666 6667
f 6657 6660 6659
f 6665 6667 6668
f 6657 6661 6660
f 6665 6668 6669
f 6657 6662 6661
f 6665 6669 6670
f 6657 6663 6662
f 6665 6670 6671
f 6657 6664 6663
f 6665 6671 6672
f 6673 6674 6682
f 6673 6682 6681
f 6674 6675 6683
f 6674 6683 6682
f 6675 6676 6684
f 6675 6684 6683
f 6676 6677 6685
f 6676 6685 6684
f 6677 6678 6686
f 6677 6686 6685
f 6678 6679 6687
f 6678 6687 6686
f 6679 6680 6688
f 6679 6688 6687
f 6680 6673 6681
f 6680 6681 6688
f 6673 6675 6674
f 6681 6682 6683
f 6673 6676 6675
f 6681 6683 6684
f 6673 6677 6676
f 6681 6684 6685
f 6673 6678 6677
f 6681 6685 6686
f 6673 6679 6678
f 6681 6686 6687
f 6673 6680 6679
f 6681 6687 6688
f 6689 6690 6698
f 6689 6698 6697
f 6690 6691 6699
f 6690 6699 6698
f 6691 6692 6700
f 6691 6700 6699
f 6692 6693 6701
f 6692 6701 6700
f 6693 6694 6702
f 6693 6702 6701
f 6694 6695 6703
f 6694 6703 6702
f 6695 6696 6704
f 6695 6704 6703
f 6696 6689 6697
f 6696 6697 6704
f 6689 6691 6690
f 6697 6698 6699
f 6689 6692 6691
f 6697 6699 6700
f 6689 6693 6692
f 6697 6700 6701
f 6689 6694 6693
f 6697 6701 6702
f 6689 6695 6694
f 6697 6702 6703
f 6689 6696 6695
f 6697 6703 6704
f 6705 6706 6714
f 6705 6714 6713
f 6706 6707 6715
f 6706 6715 6714
f 6707 6708 6716
f 6707 6716 6715
f 6708 6709 6717
f 6708 6717 6716
f 6709 6710 6718
f 6709 6718 6717
f 6710 6711 6719
f 6710 6719 6718
f 6711 6712 6720
f 6711 6720 6719
f 6712 6705 6713
f 6712 6713 6720
f 6705 6707 6706
f 6713 6714 6715
f 6705 6708 6707
f 6713 6715 6716
f 6705 6709 6708
f 6713 6716 6717
f 6705 6710 6709
f 6713 6717 6718
f 6705 6711 6710
f 6713 6718 6719
f 6705 6712 6711
f 6713 6719 6720
f 6721 6722 6730
f 6721 6730 6729
f 6722 6723 6731
f 6722 6731 6730
f 6723 6724 6732
f 6723 6732 6731
f 6724 6725 6733
f 6724 6733 6732
f 6725 6726 6734
f 6725 6734 6733
f 6726 6727 6735
f 6726 6735 6734
f 6727 6728 6736
f 6727 6736 6735
f 6728 6721 6729
f 6728 6729 6736
f 6721 6723 6722
f 6729 6730 6731
f 6721 6724 6723
f 6729 6731 6732
f 6721 6725 6724
f 6729 6732 6733
f 6721 6726 6725
f 6729 6733 6734
f 6721 6727 6726
f 6729 6734 6735
f 6721 6728 6727
f 6729 6735 6736
f 6737 6738 6746
f 6737 6746 6745
f 6738 6739 6747
f 6738 6747 6746
f 6739 6740 6748
f 6739 6748 6747
f 6740 6741 6749
f 6740 6749 6748
f 6741 6742 6750
f 6741 6750 6749
f 6742 6743 6751
f 6742 6751 6750
f 6743 6744 6752
f 6743 6752 6751
f 6744 6737 6745
f 6744 6745 6752
f 6737 6739 6738
f 6745 6746 6747
f 6737 6740 6739
f 6745 6747 6748
f 6737 6741 6740
f 6745 6748 6749
f 6737 6742 6741
f 6745 6749 6750
f 6737 6743 6742
f 6745 6750 6751
f 6737 6744 6743
f 6745 6751 6752
f 6753 6754 6762
f 6753 6762 6761
f 6754 6755 6763
f 6754 6763 6762
f 6755 6756 6764
f 6755 6764 6763
f 6756 6757 6765
f 6756 6765 6764
f 6757 6758 6766
f 6757 6766 6765
f 6758 6759 6767
f 6758 6767 6766
f 6759 6760 6768
f 6759 6768 6767
f 6760 6753 6761
f 6760 6761 6768
f 6753 6755 6754
f 6761 6762 6763
f 6753 6756 6755
f 6761 6763 6764
f 6753 6757 6756
f 6761 6764 6765
f 6753 6758 6757
f 6761 6765 6766
f 6753 6759 6758
f 6761 6766 6767
f 6753 6760 6759
f 6761 6767 6768
f 6769 6770 6778
f 6769 6778 6777
f 6770 6771 6779
f 6770 6779 6778
f 6771 6772 6780
f 6771 6780 6779
f 6772 6773 6781
f 6772 6781 6780
f 6773 6774 6782
f 6773 6782 6781
f 6774 6775 6783
f 6774 6783 6782
f 6775 6776 6784
f 6775 6784 6783
f 6776 6769 6777
f 6776 6777 6784
f 6769 6771 6770
f 6777 6778 6779
f 6769 6772 6771
f 6777 6779 6780
f 6769 6773 6772
f 6777 6780 6781
f 6769 6774 6773
f 6777 6781 6782
f 6769 6775 6774
f 6777 6782 6783
f 6769 6776 6775
f 6777 6783 6784
f 6785 6786 6794
f 6785 6794 6793
f 6786 6787 6795
f 6786 6795 6794
f 6787 6788 6796
f 6787 6796 6795
f 6788 6789 6797
f 6788 6797 6796
f 6789 6790 6798
f 6789 6798 6797
f 6790 6791 6799
f 6790 6799 6798
f 6791 6792 6800
f 6791 6800 6799
f 6792 6785 6793
f 6792 6793 6800
f 6785 6787 6786
f 6793 6794 6795
f 6785 6788 6787
f 6793 6795 6796
f 6785 6789 6788
f 6793 6796 6797
f 6785 6790 6789
f 6793 6797 6798
f 6785 6791 6790
f 6793 6798 6799
f 6785 6792 6791
f 6793 6799 6800
f 6801 6802 6810
f 6801 6810 6809
f 6802 6803 6811
f 6802 6811 6810
f 6803 6804 6812
f 6803 6812 6811
f 6804 6805 6813
f 6804 6813 6812
f 6805 6806 6814
f 6805 6814 6813
f 6806 6807 6815
f 6806 6815 6814
f 6807 6808 6816
f 6807 6816 6815
f 6808 6801 6809
f 6808 6809 6816
f 6801 6803 6802
f 6809 6810 6811
f 6801 6804 6803
f 6809 6811 6812
f 6801 6805 6804
f 6809 6812 6813
f 6801 6806 6805
f 6809 6813 6814
f 6801 6807 6806
f 6809 6814 6815
f 6801 6808 6807
f 6809 6815 6816
f 6817 6818 6826
f 6817 6826 6825
f 6818 6819 6827
f 6818 6827 6826
f 6819 6820 6828
f 6819 6828 6827
f 6820 6821 6829
f 6820 6829 6828
f 6821 6822 6830
f 6821 6830 6829
f 6822 6823 6831
f 6822 6831 6830
f 6823 6824 6832
f 6823 6832 6831
f 6824 6817 6825
f 6824 6825 6832
f 6817 6819 6818
f 6825 6826 6827
f 6817 6820 6819
f 6825 6827 6828
f 6817 6821 6820
f 6825 6828 6829
f 6817 6822 6821
f 6825 6829 6830
f 6817 6823 6822
f 6825 6830 6831
f 6817 6824 6823
f 6825 6831 6832
f 6833 6834 6842
f 6833 6842 6841
f 6834 6835 6843
f 6834 6843 6842
f 6835 6836 6844
f 6835 6844 6843
f 6836 6837 6845
f 6836 6845 6844
f 6837 6838 6846
f 6837 6846 6845
f 6838 6839 6847
f 6838 6847 6846
f 6839 6840 6848
f 6839 6848 6847
f 6840 6833 6841
f 6840 6841 6848
f 6833 6835 6834
f 6841 6842 6843
f 6833 6836 6835
f 6841 6843 6844
f 6833 6837 6836
f 6841 6844 6845
f 6833 6838 6837
f 6841 6845 6846
f 6833 6839 6838
f 6841 6846 6847
f 6833 6840 6839
f 6841 6847 6848
f 6849 6850 6858
f 6849 6858 6857
f 6850 6851 6859
f 6850 6859 6858
f 6851 6852 6860
f 6851 6860 6859
f 6852 6853 6861
f 6852 6861 6860
f 6853 6854 6862
f 6853 6862 6861
f 6854 6855 6863
f 6854 6863 6862
f 6855 6856 6864
f 6855 6864 6863
f 6856 6849 6857
f 6856 6857 6864
f 6849 6851 6850
f 6857 6858 6859
f 6849 6852 6851
f 6857 6859 6860
f 6849 6853 6852
f 6857 6860 6861
f 6849 6854 6853
f 6857 6861 6862
f 6849 6855 6854
f 6857 6862 6863
f 6849 6856 6855
f 6857 6863 6864
f 6865 6866 6874
f 6865 6874 6873
f 6866 6867 6875
f 6866 6875 6874
f 6867 6868 6876
f 6867 6876 6875
f 6868 6869 6877
f 6868 6877 6876
f 6869 6870 6878
f 6869 6878 6877
f 6870 6871 6879
f 6870 6879 6878
f 6871 6872 6880
f 6871 6880 6879
f 6872 6865 6873
f 6872 6873 6880
f 6865 6867 6866
f 6873 6874 6875
f 6865 6868 6867
f 6873 6875 6876
f 6865 6869 6868
f 6873 6876 6877
f 6865 6870 6869
f 6873 6877 6878
f 6865 6871 6870
f 6873 6878 6879
f 6865 6872 6871
f 6873 6879 6880
f 6881 6882 6890
f 6881 6890 6889
f 6882 6883 6891
f 6882 6891 6890
f 6883 6884 6892
f 6883 6892 6891
f 6884 6885 6893
f 6884 6893 6892
f 6885 6886 6894
f 6885 6894 6893
f 6886 6887 6895
f 6886 6895 6894
f 6887 6888 6896
f 6887 6896 6895
f 6888 6881 6889
f 6888 6889 6896
f 6881 6883 6882
f 6889 6890 6891
f 6881 6884 6883
f 6889 6891 6892
f 6881 6885 6884
f 6889 6892 6893
f 6881 6886 6885
f 6889 6893 6894
f 6881 6887 6886
f 6889 6894 6895
f 6881 6888 6887
f 6889 6895 6896
f 6897 6898 6906
f 6897 6906 6905
f 6898 6899 6907
f 6898 6907 6906
f 6899 6900 6908
f 6899 6908 6907
f 6900 6901 6909
f 6900 6909 6908
f 6901 6902 6910
f 6901 6910 6909
f 6902 6903 6911
f 6902 6911 6910
f 6903 6904 6912
f 6903 6912 6911
f 6904 6897 6905
f 6904 6905 6912
f 6897 6899 6898
f 6905 6906 6907
f 6897 6900 6899
f 6905 6907 6908
f 6897 6901 6900
f 6905 6908 6909
f 6897 6902 6901
f 6905 6909 6910
f 6897 6903 6902
f 6905 6910 6911
f 6897 6904 6903
f 6905 6911 6912
f 6913 6914 6922
f 6913 6922 6921
f 6914 6915 6923
f 6914 6923 6922
f 6915 6916 6924
f 6915 6924 6923
f 6916 6917 6925
f 6916 6925 6924
f 6917 6918 6926
f 6917 6926 6925
f 6918 6919 6927
f 6918 6927 6926
f 6919 6920 6928
f 6919 6928 6927
f 6920 6913 6921
f 6920 6921 6928
f 6913 6915 6914
f 6921 6922 6923
f 6913 6916 6915
f 6921 6923 6924
f 6913 6917 6916
f 6921 6924 6925
f 6913 6918 6917
f 6921 6925 6926
f 6913 6919 6918
f 6921 6926 6927
f 6913 6920 6919
f 6921 6927 6928
f 6929 6930 6938
f 6929 6938 6937
f 6930 6931 6939
f 6930 6939 6938
f 6931 6932 6940
f 6931 6940 6939
f 6932 6933 6941
f 6932 6941 6940
f 6933 6934 6942
f 6933 6942 6941
f 6934 6935 6943
f 6934 6943 6942
f 6935 6936 6944
f 6935 6944 6943
f 6936 6929 6937
f 6936 6937 6944
f 6929 6931 6930
f 6937 6938 6939
f 6929 6932 6931
f 6937 6939 6940
f 6929 6933 6932
f 6937 6940 6941
f 6929 6934 6933
f 6937 6941 6942
f 6929 6935 6934
f 6937 6942 6943
f 6929 6936 6935
f 6937 6943 6944
f 6945 6946 6954
f 6945 6954 6953
f 6946 6947 6955
f 6946 6955 6954
f 6947 6948 6956
f 6947 6956 6955
f 6948 6949 6957
f 6948 6957 6956
f 6949 6950 6958
f 6949 6958 6957
f 6950 6951 6959
f 6950 6959 6958
f 6951 6952 6960
f 6951 6960 6959
f 6952 6945 6953
f 6952 6953 6960
f 6945 6947 6946
f 6953 6954 6955
f 6945 6948 6947
f 6953 6955 6956
f 6945 6949 6948
f 6953 6956 6957
f 6945 6950 6949
f 6953 6957 6958
f 6945 6951 6950
f 6953 6958 6959
f 6945 6952 6951
f 6953 6959 6960
f 6961 6962 6970
f 6961 6970 6969
f 6962 6963 6971
f 6962 6971 6970
f 6963 6964 6972
f 6963 6972 6971
f 6964 6965 6973
f 6964 6973 6972
f 6965 6966 6974
f 6965 6974 6973
f 6966 6967 6975
f 6966 6975 6974
f 6967 6968 6976
f 6967 6976 6975
f 6968 6961 6969
f 6968 6969 6976
f 6961 6963 6962
f 6969 6970 6971
f 6961 6964 6963
f 6969 6971 6972
f 6961 6965 6964
f 6969 6972 6973
f 6961 6966 6965
f 6969 6973 6974
f 6961 6967 6966
f 6969 6974 6975
f 6961 6968 6967
f 6969 6975 6976
f 6977 6978 6986
f 6977 6986 6985
f 6978 6979 6987
f 6978 6987 6986
f 6979 6980 6988
f 6979 6988 6987
f 6980 6981 6989
f 6980 6989 6988
f 6981 6982 6990
f 6981 6990 6989
f 6982 6983 6991
f 6982 6991 6990
f 6983 6984 6992
f 6983 6992 6991
f 6984 6977 6985
f 6984 6985 6992
f 6977 6979 6978
f 6985 6986 6987
f 6977 6980 6979
f 6985 6987 6988
f 6977 6981 6980
f 6985 6988 6989
f 6977 6982 6981
f 6985 6989 6990
f 6977 6983 6982
f 6985 6990 6991
f 6977 6984 6983
f 6985 6991 6992
f 6993 6994 7002
f 6993 7002 7001
f 6994 6995 7003
f 6994 7003 7002
f 6995 6996 7004
f 6995 7004 7003
f 6996 6997 7005
f 6996 7005 7004
f 6997 6998 7006
f 6997 7006 7005
f 6998 6999 7007
f 6998 7007 7006
f 6999 7000 7008
f 6999 7008 7007
f 7000 6993 7001
f 7000 7001 7008
f 6993 6995 6994
f 7001 7002 7003
f 6993 6996 6995
f 7001 7003 7004
f 6993 6997 6996
f 7001 7004 7005
f 6993 6998 6997
f 7001 7005 7006
f 6993 6999 6998
f 7001 7006 7007
f 6993 7000 6999
f 7001 7007 7008
f 7009 7010 7018
f 7009 7018 7017
f 7010 7011 7019
f 7010 7019 7018
f 7011 7012 7020
f 7011 7020 7019
f 7012 7013 7021
f 7012 7021 7020
f 7013 7014 7022
f 7013 7022 7021
f 7014 7015 7023
f 7014 7023 7022
f 7015 7016 7024
f 7015 7024 7023
f 7016 7009 7017
f 7016 7017 7024
f 7009 7011 7010
f 7017 7018 7019
f 7009 7012 7011
f 7017 7019 7020
f 7009 7013 7012
f 7017 7020 7021
f 7009 7014 7013
f 7017 7021 7022
f 7009 7015 7014
f 7017 7022 7023
f 7009 7016 7015
f 7017 7023 7024
f 7025 7026 7034
f 7025 7034 7033
f 7026 7027 7035
f 7026 7035 7034
f 7027 7028 7036
f 7027 7036 7035
f 7028 7029 7037
f 7028 7037 7036
f 7029 7030 7038
f 7029 7038 7037
f 7030 7031 7039
f 7030 7039 7038
f 7031 7032 7040
f 7031 7040 7039
f 7032 7025 7033
f 7032 7033 7040
f 7025 7027 7026
f 7033 7034 7035
f 7025 7028 7027
f 7033 7035 7036
f 7025 7029 7028
f 7033 7036 7037
f 7025 7030 7029
f 7033 7037 7038
f 7025 7031 7030
f 7033 7038 7039
f 7025 7032 7031
f 7033 7039 7040
f 7041 7042 7050
f 7041 7050 7049
f 7042 7043 7051
f 7042 7051 7050
f 7043 7044 7052
f 7043 7052 7051
f 7044 7045 7053
f 7044 7053 7052
f 7045 7046 7054
f 7045 7054 7053
f 7046 7047 7055
f 7046 7055 7054
f 7047 7048 7056
f 7047 7056 7055
f 7048 7041 7049
f 7048 7049 7056
f 7041 7043 7042
f 7049 7050 7051
f 7041 7044 7043
f 7049 7051 7052
f 7041 7045 7044
f 7049 7052 7053
f 7041 7046 7045
f 7049 7053 7054
f 7041 7047 7046
f 7049 7054 7055
f 7041 7048 7047
f 7049 7055 7056
f 7057 7058 7066
f 7057 7066 7065
f 7058 7059 7067
f 7058 7067 7066
f 7059 7060 7068
f 7059 7068 7067
f 7060 7061 7069
f 7060 7069 7068
f 7061 7062 7070
f 7061 7070 7069
f 7062 7063 7071
f 7062 7071 7070
f 7063 7064 7072
f 7063 7072 7071
f 7064 7057 7065
f 7064 7065 7072
f 7057 7059 7058
f 7065 7066 7067
f 7057 7060 7059
f 7065 7067 7068
f 7057 7061 7060
f 7065 7068 7069
f 7057 7062 7061
f 7065 7069 7070
f 7057 7063 7062
f 7065 7070 7071
f 7057 7064 7063
f 7065 7071 7072
f 7073 7074 7082
f 7073 7082 7081
f 7074 7075 7083
f 7074 7083 7082
f 7075 7076 7084
f 7075 7084 7083
f 7076 7077 7085
f 7076 7085 7084
f 7077 7078 7086
f 7077 7086 7085
f 7078 7079 7087
f 7078 7087 7086
f 7079 7080 7088
f 7079 7088 7087
f 7080 7073 7081
f 7080 7081 7088
f 7073 7075 7074
f 7081 7082 7083
f 7073 7076 7075
f 7081 7083 7084
f 7073 7077 7076
f 7081 7084 7085
f 7073 7078 7077
f 7081 7085 7086
f 7073 7079 7078
f 7081 7086 7087
f 7073 7080 7079
f 7081 7087 7088
f 7089 7090 7098
f 7089 7098 7097
f 7090 7091 7099
f 7090 7099 7098
f 7091 7092 7100
f 7091 7100 7099
f 7092 7093 7101
f 7092 7101 7100
f 7093 7094 7102
f 7093 7102 7101
f 7094 7095 7103
f 7094 7103 7102
f 7095 7096 7104
f 7095 7104 7103
f 7096 7089 7097
f 7096 7097 7104
f 7089 7091 7090
f 7097 7098 7099
f 7089 7092 7091
f 7097 7099 7100
f 7089 7093 7092
f 7097 7100 7101
f 7089 7094 7093
f 7097 7101 7102
f 7089 7095 7094
f 7097 7102 7103
f 7089 7096 7095
f 7097 7103 7104
f 7105 7106 7114
f 7105 7114 7113
f 7106 7107 7115
f 7106 7115 7114
f 7107 7108 7116
f 7107 7116 7115
f 7108 7109 7117
f 7108 7117 7116
f 7109 7110 7118
f 7109 7118 7117
f 7110 7111 7119
f 7110 7119 7118
f 7111 7112 7120
f 7111 7120 7119
f 7112 7105 7113
f 7112 7113 7120
f 7105 7107 7106
f 7113 7114 7115
f 7105 7108 7107
f 7113 7115 7116
f 7105 7109 7108
f 7113 7116 7117
f 7105 7110 7109
f 7113 7117 7118
f 7105 7111 7110
f 7113 7118 7119
f 7105 7112 7111
f 7113 7119 7120
f 7121 7122 7130
f 7121 7130 7129
f 7122 7123 7131
f 7122 7131 7130
f 7123 7124 7132
f 7123 7132 7131
f 7124 7125 7133
f 7124 7133 7132
f 7125 7126 7134
f 7125 7134 7133
f 7126 7127 7135
f 7126 7135 7134
f 7127 7128 7136
f 7127 7136 7135
f 7128 7121 7129
f 7128 7129 7136
f 7121 7123 7122
f 7129 7130 7131
f 7121 7124 7123
f 7129 7131 7132
f 7121 7125 7124
f 7129 7132 7133
f 7121 7126 7125
f 7129 7133 7134
f 7121 7127 7126
f 7129 7134 7135
f 7121 7128 7127
f 7129 7135 7136
f 7137 7138 7146
f 7137 7146 7145
f 7138 7139 7147
f 7138 7147 7146
f 7139 7140 7148
f 7139 7148 7147
f 7140 7141 7149
f 7140 7149 7148
f 7141 7142 7150
f 7141 7150 7149
f 7142 7143 7151
f 7142 7151 7150
f 7143 7144 7152
f 7143 7152 7151
f 7144 7137 7145
f 7144 7145 7152
f 7137 7139 7138
f 7145 7146 7147
f 7137 7140 7139
f 7145 7147 7148
f 7137 7141 7140
f 7145 7148 7149
f 7137 7142 7141
f 7145 7149 7150
f 7137 7143 7142
f 7145 7150 7151
f 7137 7144 7143
f 7145 7151 7152
f 7153 7154 7162
f 7153 7162 7161
f 7154 7155 7163
f 7154 7163 7162
f 7155 7156 7164
f 7155 7164 7163
f 7156 7157 7165
f 7156 7165 7164
f 7157 7158 7166
f 7157 7166 7165
f 7158 7159 7167
f 7158 7167 7166
f 7159 7160 7168
f 7159 7168 7167
f 7160 7153 7161
f 7160 7161 7168
f 7153 7155 7154
f 7161 7162 7163
f 7153 7156 7155
f 7161 7163 7164
f 7153 7157 7156
f 7161 7164 7165
f 7153 7158 7157
f 7161 7165 7166
f 7153 7159 7158
f 7161 7166 7167
f 7153 7160 7159
f 7161 7167 7168
f 7169 7170 7178
f 7169 7178 7177
f 7170 7171 7179
f 7170 7179 7178
f 7171 7172 7180
f 7171 7180 7179
f 7172 7173 7181
f 7172 7181 7180
f 7173 7174 7182
f 7173 7182 7181
f 7174 7175 7183
f 7174 7183 7182
f 7175 7176 7184
f 7175 7184 7183
f 7176 7169 7177
f 7176 7177 7184
f 7169 7171 7170
f 7177 7178 7179
f 7169 7172 7171
f 7177 7179 7180
f 7169 7173 7172
f 7177 7180 7181
f 7169 7174 7173
f 7177 7181 7182
f 7169 7175 7174
f 7177 7182 7183
f 7169 7176 7175
f 7177 7183 7184
f 7185 7186 7194
f 7185 7194 7193
f 7186 7187 7195
f 7186 7195 7194
f 7187 7188 7196
f 7187 7196 7195
f 7188 7189 7197
f 7188 7197 7196
f 7189 7190 7198
f 7189 7198 7197
f 7190 7191 7199
f 7190 7199 7198
f 7191 7192 7200
f 7191 7200 7199
f 7192 7185 7193
f 7192 7193 7200
f 7185 7187 7186
f 7193 7194 7195
f 7185 7188 7187
f 7193 7195 7196
f 7185 7189 7188
f 7193 7196 7197
f 7185 7190 7189
f 7193 7197 7198
f 7185 7191 7190
f 7193 7198 7199
f 7185 7192 7191
f 7193 7199 7200
f 7201 7202 7210
f 7201 7210 7209
f 7202 7203 7211
f 7202 7211 7210
f 7203 7204 7212
f 7203 7212 7211
f 7204 7205 7213
f 7204 7213 7212
f 7205 7206 7214
f 7205 7214 7213
f 7206 7207 7215
f 7206 7215 7214
f 7207 7208 7216
f 7207 7216 7215
f 7208 7201 7209
f 7208 7209 7216
f 7201 7203 7202
f 7209 7210 7211
f 7201 7204 7203
f 7209 7211 7212
f 7201 7205 7204
f 7209 7212 7213
f 7201 7206 7205
f 7209 7213 7214
f 7201 7207 7206
f 7209 7214 7215
f 7201 7208 7207
f 7209 7215 7216
f 7217 7218 7226
f 7217 7226 7225
f 7218 7219 7227
f 7218 7227 7226
f 7219 7220 7228
f 7219 7228 7227
f 7220 7221 7229
f 7220 7229 7228
f 7221 7222 7230
f 7221 7230 7229
f 7222 7223 7231
f 7222 7231 7230
f 7223 7224 7232
f 7223 7232 7231
f 7224 7217 7225
f 7224 7225 7232
f 7217 7219 7218
f 7225 7226 7227
f 7217 7220 7219
f 7225 7227 7228
f 7217 7221 7220
f 7225 7228 7229
f 7217 7222 7221
f 7225 7229 7230
f 7217 7223 7222
f 7225 7230 7231
f 7217 7224 7223
f 7225 7231 7232
f 7233 7234 7242
f 7233 7242 7241
f 7234 7235 7243
f 7234 7243 7242
f 7235 7236 7244
f 7235 7244 7243
f 7236 7237 7245
f 7236 7245 7244
f 7237 7238 7246
f 7237 7246 7245
f 7238 7239 7247
f 7238 7247 7246
f 7239 7240 7248
f 7239 7248 7247
f 7240 7233 7241
f 7240 7241 7248
f 7233 7235 7234
f 7241 7242 7243
f 7233 7236 7235
f 7241 7243 7244
f 7233 7237 7236
f 7241 7244 7245
f 7233 7238 7237
f 7241 7245 7246
f 7233 7239 7238
f 7241 7246 7247
f 7233 7240 7239
f 7241 7247 7248
f 7249 7250 7258
f 7249 7258 7257
f 7250 7251 7259
f 7250 7259 7258
f 7251 7252 7260
f 7251 7260 7259
f 7252 7253 7261
f 7252 7261 7260
f 7253 7254 7262
f 7253 7262 7261
f 7254 7255 7263
f 7254 7263 7262
f 7255 7256 7264
f 7255 7264 7263
f 7256 7249 7257
f 7256 7257 7264
f 7249 7251 7250
f 7257 7258 7259
f 7249 7252 7251
f 7257 7259 7260
f 7249 7253 7252
f 7257 7260 7261
f 7249 7254 7253
f 7257 7261 7262
f 7249 7255 7254
f 7257 7262 7263
f 7249 7256 7255
f 7257 7263 7264
f 7265 7266 7274
f 7265 7274 7273
f 7266 7267 7275
f 7266 7275 7274
f 7267 7268 7276
f 7267 7276 7275
f 7268 7269 7277
f 7268 7277 7276
f 7269 7270 7278
f 7269 7278 7277
f 7270 7271 7279
f 7270 7279 7278
f 7271 7272 7280
f 7271 7280 7279
f 7272 7265 7273
f 7272 7273 7280
f 7265 7267 7266
f 7273 7274 7275
f 7265 7268 7267
f 7273 7275 7276
f 7265 7269 7268
f 7273 7276 7277
f 7265 7270 7269
f 7273 7277 7278
f 7265 7271 7270
f 7273 7278 7279
f 7265 7272 7271
f 7273 7279 7280
f 7281 7282 7290
f 7281 7290 7289
f 7282 7283 7291
f 7282 7291 7290
f 7283 7284 7292
f 7283 7292 7291
f 7284 7285 7293
f 7284 7293 7292
f 7285 7286 7294
f 7285 7294 7293
f 7286 7287 7295
f 7286 7295 7294
f 7287 7288 7296
f 7287 7296 7295
f 7288 7281 7289
f 7288 7289 7296
f 7281 7283 7282
f 7289 7290 7291
f 7281 7284 7283
f 7289 7291 7292
f 7281 7285 7284
f 7289 7292 7293
f 7281 7286 7285
f 7289 7293 7294
f 7281 7287 7286
f 7289 7294 7295
f 7281 7288 7287
f 7289 7295 7296
f 7297 7298 7306
f 7297 7306 7305
f 7298 7299 7307
f 7298 7307 7306
f 7299 7300 7308
f 7299 7308 7307
f 7300 7301 7309
f 7300 7309 7308
f 7301 7302 7310
f 7301 7310 7309
f 7302 7303 7311
f 7302 7311 7310
f 7303 7304 7312
f 7303 7312 7311
f 7304 7297 7305
f 7304 7305 7312
f 7297 7299 7298
f 7305 7306 7307
f 7297 7300 7299
f 7305 7307 7308
f 7297 7301 7300
f 7305 7308 7309
f 7297 7302 7301
f 7305 7309 7310
f 7297 7303 7302
f 7305 7310 7311
f 7297 7304 7303
f 7305 7311 7312
f 7313 7314 7322
f 7313 7322 7321
f 7314 7315 7323
f 7314 7323 7322
f 7315 7316 7324
f 7315 7324 7323
f 7316 7317 7325
f 7316 7325 7324
f 7317 7318 7326
f 7317 7326 7325
f 7318 7319 7327
f 7318 7327 7326
f 7319 7320 7328
f 7319 7328 7327
f 7320 7313 7321
f 7320 7321 7328
f 7313 7315 7314
f 7321 7322 7323
f 7313 7316 7315
f 7321 7323 7324
f 7313 7317 7316
f 7321 7324 7325
f 7313 7318 7317
f 7321 7325 7326
f 7313 7319 7318
f 7321 7326 7327
f 7313 7320 7319
f 7321 7327 7328
f 7329 7330 7338
f 7329 7338 7337
f 7330 7331 7339
f 7330 7339 7338
f 7331 7332 7340
f 7331 7340 7339
f 7332 7333 7341
f 7332 7341 7340
f 7333 7334 7342
f 7333 7342 7341
f 7334 7335 7343
f 7334 7343 7342
f 7335 7336 7344
f 7335 7344 7343
f 7336 7329 7337
f 7336 7337 7344
f 7329 7331 7330
f 7337 7338 7339
f 7329 7332 7331
f 7337 7339 7340
f 7329 7333 7332
f 7337 7340 7341
f 7329 7334 7333
f 7337 7341 7342
f 7329 7335 7334
f 7337 7342 7343
f 7329 7336 7335
f 7337 7343 7344
f 7345 7346 7354
f 7345 7354 7353
f 7346 7347 7355
f 7346 7355 7354
f 7347 7348 7356
f 7347 7356 7355
f 7348 7349 7357
f 7348 7357 7356
f 7349 7350 7358
f 7349 7358 7357
f 7350 7351 7359
f 7350 7359 7358
f 7351 7352 7360
f 7351 7360 7359
f 7352 7345 7353
f 7352 7353 7360
f 7345 7347 7346
f 7353 7354 7355
f 7345 7348 7347
f 7353 7355 7356
f 7345 7349 7348
f 7353 7356 7357
f 7345 7350 7349
f 7353 7357 7358
f 7345 7351 7350
f 7353 7358 7359
f 7345 7352 7351
f 7353 7359 7360
f 7361 7362 7370
f 7361 7370 7369
f 7362 7363 7371
f 7362 7371 7370
f 7363 7364 7372
f 7363 7372 7371
f 7364 7365 7373
f 7364 7373 7372
f 7365 7366 7374
f 7365 7374 7373
f 7366 7367 7375
f 7366 7375 7374
f 7367 7368 7376
f 7367 7376 7375
f 7368 7361 7369
f 7368 7369 7376
f 7361 7363 7362
f 7369 7370 7371
f 7361 7364 7363
f 7369 7371 7372
f 7361 7365 7364
f 7369 7372 7373
f 7361 7366 7365
f 7369 7373 7374
f 7361 7367 7366
f 7369 7374 7375
f 7361 7368 7367
f 7369 7375 7376
f 7377 7378 7386
f 7377 7386 7385
f 7378 7379 7387
f 7378 7387 7386
f 7379 7380 7388
f 7379 7388 7387
f 7380 7381 7389
f 7380 7389 7388
f 7381 7382 7390
f 7381 7390 7389
f 7382 7383 7391
f 7382 7391 7390
f 7383 7384 7392
f 7383 7392 7391
f 7384 7377 7385
f 7384 7385 7392
f 7377 7379 7378
f 7385 7386 7387
f 7377 7380 7379
f 7385 7387 7388
f 7377 7381 7380
f 7385 7388 7389
f 7377 7382 7381
f 7385 7389 7390
f 7377 7383 7382
f 7385 7390 7391
f 7377 7384 7383
f 7385 7391 7392
f 7393 7394 7402
f 7393 7402 7401
f 7394 7395 7403
f 7394 7403 7402
f 7395 7396 7404
f 7395 7404 7403
f 7396 7397 7405
f 7396 7405 7404
f 7397 7398 7406
f 7397 7406 7405
f 7398 7399 7407
f 7398 7407 7406
f 7399 7400 7408
f 7399 7408 7407
f 7400 7393 7401
f 7400 7401 7408
f 7393 7395 7394
f 7401 7402 7403
f 7393 7396 7395
f 7401 7403 7404
f 7393 7397 7396
f 7401 7404 7405
f 7393 7398 7397
f 7401 7405 7406
f 7393 7399 7398
f 7401 7406 7407
f 7393 7400 7399
f 7401 7407 7408
f 7409 7410 7418
f 7409 7418 7417
f 7410 7411 7419
f 7410 7419 7418
f 7411 7412 7420
f 7411 7420 7419
f 7412 7413 7421
f 7412 7421 7420
f 7413 7414 7422
f 7413 7422 7421
f 7414 7415 7423
f 7414 7423 7422
f 7415 7416 7424
f 7415 7424 7423
f 7416 7409 7417
f 7416 7417 7424
f 7409 7411 7410
f 7417 7418 7419
f 7409 7412 7411
f 7417 7419 7420
f 7409 7413 7412
f 7417 7420 7421
f 7409 7414 7413
f 7417 7421 7422
f 7409 7415 7414
f 7417 7422 7423
f 7409 7416 7415
f 7417 7423 7424
f 7425 7426 7434
f 7425 7434 7433
f 7426 7427 7435
f 7426 7435 7434
f 7427 7428 7436
f 7427 7436 7435
f 7428 7429 7437
f 7428 7437 7436
f 7429 7430 7438
f 7429 7438 7437
f 7430 7431 7439
f 7430 7439 7438
f 7431 7432 7440
f 7431 7440 7439
f 7432 7425 7433
f 7432 7433 7440
f 7425 7427 7426
f 7433 7434 7435
f 7425 7428 7427
f 7433 7435 7436
f 7425 7429 7428
f 7433 7436 7437
f 7425 7430 7429
f 7433 7437 7438
f 7425 7431 7430
f 7433 7438 7439
f 7425 7432 7431
f 7433 7439 7440
f 7441 7442 7450
f 7441 7450 7449
f 7442 7443 7451
f 7442 7451 7450
f 7443 7444 7452
f 7443 7452 7451
f 7444 7445 7453
f 7444 7453 7452
f 7445 7446 7454
f 7445 7454 7453
f 7446 7447 7455
f 7446 7455 7454
f 7447 7448 7456
f 7447 7456 7455
f 7448 7441 7449
f 7448 7449 7456
f 7441 7443 7442
f 7449 7450 7451
f 7441 7444 7443
f 7449 7451 7452
f 7441 7445 7444
f 7449 7452 7453
f 7441 7446 7445
f 7449 7453 7454
f 7441 7447 7446
f 7449 7454 7455
f 7441 7448 7447
f 7449 7455 7456
f 7457 7458 7466
f 7457 7466 7465
f 7458 7459 7467
f 7458 7467 7466
f 7459 7460 7468
f 7459 7468 7467
f 7460 7461 7469
f 7460 7469 7468
f 7461 7462 7470
f 7461 7470 7469
f 7462 7463 7471
f 7462 7471 7470
f 7463 7464 7472
f 7463 7472 7471
f 7464 7457 7465
f 7464 7465 7472
f 7457 7459 7458
f 7465 7466 7467
f 7457 7460 7459
f 7465 7467 7468
f 7457 7461 7460
f 7465 7468 7469
f 7457 7462 7461
f 7465 7469 7470
f 7457 7463 7462
f 7465 7470 7471
f 7457 7464 7463
f 7465 7471 7472
f 7473 7474 7482
f 7473 7482 7481
f 7474 7475 7483
f 7474 7483 7482
f 7475 7476 7484
f 7475 7484 7483
f 7476 7477 7485
f 7476 7485 7484
f 7477 7478 7486
f 7477 7486 7485
f 7478 7479 7487
f 7478 7487 7486
f 7479 7480 7488
f 7479 7488 7487
f 7480 7473 7481
f 7480 7481 7488
f 7473 7475 7474
f 7481 7482 7483
f 7473 7476 7475
f 7481 7483 7484
f 7473 7477 7476
f 7481 7484 7485
f 7473 7478 7477
f 7481 7485 7486
f 7473 7479 7478
f 7481 7486 7487
f 7473 7480 7479
f 7481 7487 7488
f 7489 7490 7498
f 7489 7498 7497
f 7490 7491 7499
f 7490 7499 7498
f 7491 7492 7500
f 7491 7500 7499
f 7492 7493 7501
f 7492 7501 7500
f 7493 7494 7502
f 7493 7502 7501
f 7494 7495 7503
f 7494 7503 7502
f 7495 7496 7504
f 7495 7504 7503
f 7496 7489 7497
f 7496 7497 7504
f 7489 7491 7490
f 7497 7498 7499
f 7489 7492 7491
f 7497 7499 7500
f 7489 7493 7492
f 7497 7500 7501
f 7489 7494 7493
f 7497 7501 7502
f 7489 7495 7494
f 7497 7502 7503
f 7489 7496 7495
f 7497 7503 7504
f 7505 7506 7514
f 7505 7514 7513
f 7506 7507 7515
f 7506 7515 7514
f 7507 7508 7516
f 7507 7516 7515
f 7508 7509 7517
f 7508 7517 7516
f 7509 7510 7518
f 7509 7518 7517
f 7510 7511 7519
f 7510 7519 7518
f 7511 7512 7520
f 7511 7520 7519
f 7512 7505 7513
f 7512 7513 7520
f 7505 7507 7506
f 7513 7514 7515
f 7505 7508 7507
f 7513 7515 7516
f 7505 7509 7508
f 7513 7516 7517
f 7505 7510 7509
f 7513 7517 7518
f 7505 7511 7510
f 7513 7518 7519
f 7505 7512 7511
f 7513 7519 7520
f 7521 7522 7530
f 7521 7530 7529
f 7522 7523 7531
f 7522 7531 7530
f 7523 7524 7532
f 7523 7532 7531
f 7524 7525 7533
f 7524 7533 7532
f 7525 7526 7534
f 7525 7534 7533
f 7526 7527 7535
f 7526 7535 7534
f 7527 7528 7536
f 7527 7536 7535
f 7528 7521 7529
f 7528 7529 7536
f 7521 7523 7522
f 7529 7530 7531
f 7521 7524 7523
f 7529 7531 7532
f 7521 7525 7524
f 7529 7532 7533
f 7521 7526 7525
f 7529 7533 7534
f 7521 7527 7526
f 7529 7534 7535
f 7521 7528 7527
f 7529 7535 7536
f 7537 7538 7546
f 7537 7546 7545
f 7538 7539 7547
f 7538 7547 7546
f 7539 7540 7548
f 7539 7548 7547
f 7540 7541 7549
f 7540 7549 7548
f 7541 7542 7550
f 7541 7550 7549
f 7542 7543 7551
f 7542 7551 7550
f 7543 7544 7552
f 7543 7552 7551
f 7544 7537 7545
f 7544 7545 7552
f 7537 7539 7538
f 7545 7546 7547
f 7537 7540 7539
f 7545 7547 7548
f 7537 7541 7540
f 7545 7548 7549
f 7537 7542 7541
f 7545 7549 7550
f 7537 7543 7542
f 7545 7550 7551
f 7537 7544 7543
f 7545 7551 7552
f 7553 7554 7562
f 7553 7562 7561
f 7554 7555 7563
f 7554 7563 7562
f 7555 7556 7564
f 7555 7564 7563
f 7556 7557 7565
f 7556 7565 7564
f 7557 7558 7566
f 7557 7566 7565
f 7558 7559 7567
f 7558 7567 7566
f 7559 7560 7568
f 7559 7568 7567
f 7560 7553 7561
f 7560 7561 7568
f 7553 7555 7554
f 7561 7562 7563
f 7553 7556 7555
f 7561 7563 7564
f 7553 7557 7556
f 7561 7564 7565
f 7553 7558 7557
f 7561 7565 7566
f 7553 7559 7558
f 7561 7566 7567
f 7553 7560 7559
f 7561 7567 7568
f 7569 7570 7578
f 7569 7578 7577
f 7570 7571 7579
f 7570 7579 7578
f 7571 7572 7580
f 7571 7580 7579
f 7572 7573 7581
f 7572 7581 7580
f 7573 7574 7582
f 7573 7582 7581
f 7574 7575 7583
f 7574 7583 7582
f 7575 7576 7584
f 7575 7584 7583
f 7576 7569 7577
f 7576 7577 7584
f 7569 7571 7570
f 7577 7578 7579
f 7569 7572 7571
f 7577 7579 7580
f 7569 7573 7572
f 7577 7580 7581
f 7569 7574 7573
f 7577 7581 7582
f 7569 7575 7574
f 7577 7582 7583
f 7569 7576 7575
f 7577 7583 7584
f 7585 7586 7594
f 7585 7594 7593
f 7586 7587 7595
f 7586 7595 7594
f 7587 7588 7596
f 7587 7596 7595
f 7588 7589 7597
f 7588 7597 7596
f 7589 7590 7598
f 7589 7598 7597
f 7590 7591 7599
f 7590 7599 7598
f 7591 7592 7600
f 7591 7600 7599
f 7592 7585 7593
f 7592 7593 7600
f 7585 7587 7586
f 7593 7594 7595
f 7585 7588 7587
f 7593 7595 7596
f 7585 7589 7588
f 7593 7596 7597
f 7585 7590 7589
f 7593 7597 7598
f 7585 7591 7590
f 7593 7598 7599
f 7585 7592 7591
f 7593 7599 7600
f 7601 7602 7610
f 7601 7610 7609
f 7602 7603 7611
f 7602 7611 7610
f 7603 7604 7612
f 7603 7612 7611
f 7604 7605 7613
f 7604 7613 7612
f 7605 7606 7614
f 7605 7614 7613
f 7606 7607 7615
f 7606 7615 7614
f 7607 7608 7616
f 7607 7616 7615
f 7608 7601 7609
f 7608 7609 7616
f 7601 7603 7602
f 7609 7610 7611
f 7601 7604 7603
f 7609 7611 7612
f 7601 7605 7604
f 7609 7612 7613
f 7601 7606 7605
f 7609 7613 7614
f 7601 7607 7606
f 7609 7614 7615
f 7601 7608 7607
f 7609 7615 7616
f 7617 7618 7626
f 7617 7626 7625
f 7618 7619 7627
f 7618 7627 7626
f 7619 7620 7628
f 7619 7628 7627
f 7620 7621 7629
f 7620 7629 7628
f 7621 7622 7630
f 7621 7630 7629
f 7622 7623 7631
f 7622 7631 7630
f 7623 7624 7632
f 7623 7632 7631
f 7624 7617 7625
f 7624 7625 7632
f 7617 7619 7618
f 7625 7626 7627
f 7617 7620 7619
f 7625 7627 7628
f 7617 7621 7620
f 7625 7628 7629
f 7617 7622 7621
f 7625 7629 7630
f 7617 7623 7622
f 7625 7630 7631
f 7617 7624 7623
f 7625 7631 7632
f 7633 7634 7642
f 7633 7642 7641
f 7634 7635 7643
f 7634 7643 7642
f 7635 7636 7644
f 7635 7644 7643
f 7636 7637 7645
f 7636 7645 7644
f 7637 7638 7646
f 7637 7646 7645
f 7638 7639 7647
f 7638 7647 7646
f 7639 7640 7648
f 7639 7648 7647
f 7640 7633 7641
f 7640 7641 7648
f 7633 7635 7634
f 7641 7642 7643
f 7633 7636 7635
f 7641 7643 7644
f 7633 7637 7636
f 7641 7644 7645
f 7633 7638 7637
f 7641 7645 7646
f 7633 7639 7638
f 7641 7646 7647
f 7633 7640 7639
f 7641 7647 7648
f 7649 7650 7658
f 7649 7658 7657
f 7650 7651 7659
f 7650 7659 7658
f 7651 7652 7660
f 7651 7660 7659
f 7652 7653 7661
f 7652 7661 7660
f 7653 7654 7662
f 7653 7662 7661
f 7654 7655 7663
f 7654 7663 7662
f 7655 7656 7664
f 7655 7664 7663
f 7656 7649 7657
f 7656 7657 7664
f 7649 7651 7650
f 7657 7658 7659
f 7649 7652 7651
f 7657 7659 7660
f 7649 7653 7652
f 7657 7660 7661
f 7649 7654 7653
f 7657 7661 7662
f 7649 7655 7654
f 7657 7662 7663
f 7649 7656 7655
f 7657 7663 7664
f 7665 7666 7674
f 7665 7674 7673
f 7666 7667 7675
f 7666 7675 7674
f 7667 7668 7676
f 7667 7676 7675
f 7668 7669 7677
f 7668 7677 7676
f 7669 7670 7678
f 7669 7678 7677
f 7670 7671 7679
f 7670 7679 7678
f 7671 7672 7680
f 7671 7680 7679
f 7672 7665 7673
f 7672 7673 7680
f 7665 7667 7666
f 7673 7674 7675
f 7665 7668 7667
f 7673 7675 7676
f 7665 7669 7668
f 7673 7676 7677
f 7665 7670 7669
f 7673 7677 7678
f 7665 7671 7670
f 7673 7678 7679
f 7665 7672 7671
f 7673 7679 7680
f 7681 7682 7690
f 7681 7690 7689
f 7682 7683 7691
f 7682 7691 7690
f 7683 7684 7692
f 7683 7692 7691
f 7684 7685 7693
f 7684 7693 7692
f 7685 7686 7694
f 7685 7694 7693
f 7686 7687 7695
f 7686 7695 7694
f 7687 7688 7696
f 7687 7696 7695
f 7688 7681 7689
f 7688 7689 7696
f 7681 7683 7682
f 7689 7690 7691
f 7681 7684 7683
f 7689 7691 7692
f 7681 7685 7684
f 7689 7692 7693
f 7681 7686 7685
f 7689 7693 7694
f 7681 7687 7686
f 7689 7694 7695
f 7681 7688 7687
f 7689 7695 7696
f 7697 7698 7706
f 7697 7706 7705
f 7698 7699 7707
f 7698 7707 7706
f 7699 7700 7708
f 7699 7708 7707
f 7700 7701 7709
f 7700 7709 7708
f 7701 7702 7710
f 7701 7710 7709
f 7702 7703 7711
f 7702 7711 7710
f 7703 7704 7712
f 7703 7712 7711
f 7704 7697 7705
f 7704 7705 7712
f 7697 7699 7698
f 7705 7706 7707
f 7697 7700 7699
f 7705 7707 7708
f 7697 7701 7700
f 7705 7708 7709
f 7697 7702 7701
f 7705 7709 7710
f 7697 7703 7702
f 7705 7710 7711
f 7697 7704 7703
f 7705 7711 7712
f 7713 7714 7722
f 7713 7722 7721
f 7714 7715 7723
f 7714 7723 7722
f 7715 7716 7724
f 7715 7724 7723
f 7716 7717 7725
f 7716 7725 7724
f 7717 7718 7726
f 7717 7726 7725
f 7718 7719 7727
f 7718 7727 7726
f 7719 7720 7728
f 7719 7728 7727
f 7720 7713 7721
f 7720 7721 7728
f 7713 7715 7714
f 7721 7722 7723
f 7713 7716 7715
f 7721 7723 7724
f 7713 7717 7716
f 7721 7724 7725
f 7713 7718 7717
f 7721 7725 7726
f 7713 7719 7718
f 7721 7726 7727
f 7713 7720 7719
f 7721 7727 7728
f 7729 7730 7738
f 7729 7738 7737
f 7730 7731 7739
f 7730 7739 7738
f 7731 7732 7740
f 7731 7740 7739
f 7732 7733 7741
f 7732 7741 7740
f 7733 7734 7742
f 7733 7742 7741
f 7734 7735 7743
f 7734 7743 7742
f 7735 7736 7744
f 7735 7744 7743
f 7736 7729 7737
f 7736 7737 7744
f 7729 7731 7730
f 7737 7738 7739
f 7729 7732 7731
f 7737 7739 7740
f 7729 7733 7732
f 7737 7740 7741
f 7729 7734 7733
f 7737 7741 7742
f 7729 7735 7734
f 7737 7742 7743
f 7729 7736 7735
f 7737 7743 7744
f 7745 7746 7754
f 7745 7754 7753
f 7746 7747 7755
f 7746 7755 7754
f 7747 7748 7756
f 7747 7756 7755
f 7748 7749 7757
f 7748 7757 7756
f 7749 7750 7758
f 7749 7758 7757
f 7750 7751 7759
f 7750 7759 7758
f 7751 7752 7760
f 7751 7760 7759
f 7752 7745 7753
f 7752 7753 7760
f 7745 7747 7746
f 7753 7754 7755
f 7745 7748 7747
f 7753 7755 7756
f 7745 7749 7748
f 7753 7756 7757
f 7745 7750 7749
f 7753 7757 7758
f 7745 7751 7750
f 7753 7758 7759
f 7745 7752 7751
f 7753 7759 7760
f 7761 7762 7770
f 7761 7770 7769
f 7762 7763 7771
f 7762 7771 7770
f 7763 7764 7772
f 7763 7772 7771
f 7764 7765 7773
f 7764 7773 7772
f 7765 7766 7774
f 7765 7774 7773
f 7766 7767 7775
f 7766 7775 7774
f 7767 7768 7776
f 7767 7776 7775
f 7768 7761 7769
f 7768 7769 7776
f 7761 7763 7762
f 7769 7770 7771
f 7761 7764 7763
f 7769 7771 7772
f 7761 7765 7764
f 7769 7772 7773
f 7761 7766 7765
f 7769 7773 7774
f 7761 7767 7766
f 7769 7774 7775
f 7761 7768 7767
f 7769 7775 7776
f 7777 7778 7786
f 7777 7786 7785
f 7778 7779 7787
f 7778 7787 7786
f 7779 7780 7788
f 7779 7788 7787
f 7780 7781 7789
f 7780 7789 7788
f 7781 7782 7790
f 7781 7790 7789
f 7782 7783 7791
f 7782 7791 7790
f 7783 7784 7792
f 7783 7792 7791
f 7784 7777 7785
f 7784 7785 7792
f 7777 7779 7778
f 7785 7786 7787
f 7777 7780 7779
f 7785 7787 7788
f 7777 7781 7780
f 7785 7788 7789
f 7777 7782 7781
f 7785 7789 7790
f 7777 7783 7782
f 7785 7790 7791
f 7777 7784 7783
f 7785 7791 7792
f 7793 7794 7802
f 7793 7802 7801
f 7794 7795 7803
f 7794 7803 7802
f 7795 7796 7804
f 7795 7804 7803
f 7796 7797 7805
f 7796 7805 7804
f 7797 7798 7806
f 7797 7806 7805
f 7798 7799 7807
f 7798 7807 7806
f 7799 7800 7808
f 7799 7808 7807
f 7800 7793 7801
f 7800 7801 7808
f 7793 7795 7794
f 7801 7802 7803
f 7793 7796 7795
f 7801 7803 7804
f 7793 7797 7796
f 7801 7804 7805
f 7793 7798 7797
f 7801 7805 7806
f 7793 7799 7798
f 7801 7806 7807
f 7793 7800 7799
f 7801 7807 7808
f 7809 7810 7818
f 7809 7818 7817
f 7810 7811 7819
f 7810 7819 7818
f 7811 7812 7820
f 7811 7820 7819
f 7812 7813 7821
f 7812 7821 7820
f 7813 7814 7822
f 7813 7822 7821
f 7814 7815 7823
f 7814 7823 7822
f 7815 7816 7824
f 7815 7824 7823
f 7816 7809 7817
f 7816 7817 7824
f 7809 7811 7810
f 7817 7818 7819
f 7809 7812 7811
f 7817 7819 7820
f 7809 7813 7812
f 7817 7820 7821
f 7809 7814 7813
f 7817 7821 7822
f 7809 7815 7814
f 7817 7822 7823
f 7809 7816 7815
f 7817 7823 7824
f 7825 7826 7834
f 7825 7834 7833
f 7826 7827 7835
f 7826 7835 7834
f 7827 7828 7836
f 7827 7836 7835
f 7828 7829 7837
f 7828 7837 7836
f 7829 7830 7838
f 7829 7838 7837
f 7830 7831 7839
f 7830 7839 7838
f 7831 7832 7840
f 7831 7840 7839
f 7832 7825 7833
f 7832 7833 7840
f 7825 7827 7826
f 7833 7834 7835
f 7825 7828 7827
f 7833 7835 7836
f 7825 7829 7828
f 7833 7836 7837
f 7825 7830 7829
f 7833 7837 7838
f 7825 7831 7830
f 7833 7838 7839
f 7825 7832 7831
f 7833 7839 7840
f 7841 7842 7850
f 7841 7850 7849
f 7842 7843 7851
f 7842 7851 7850
f 7843 7844 7852
f 7843 7852 7851
f 7844 7845 7853
f 7844 7853 7852
f 7845 7846 7854
f 7845 7854 7853
f 7846 7847 7855
f 7846 7855 7854
f 7847 7848 7856
f 7847 7856 7855
f 7848 7841 7849
f 7848 7849 7856
f 7841 7843 7842
f 7849 7850 7851
f 7841 7844 7843
f 7849 7851 7852
f 7841 7845 7844
f 7849 7852 7853
f 7841 7846 7845
f 7849 7853 7854
f 7841 7847 7846
f 7849 7854 7855
f 7841 7848 7847
f 7849 7855 7856
f 7857 7858 7866
f 7857 7866 7865
f 7858 7859 7867
f 7858 7867 7866
f 7859 7860 7868
f 7859 7868 7867
f 7860 7861 7869
f 7860 7869 7868
f 7861 7862 7870
f 7861 7870 7869
f 7862 7863 7871
f 7862 7871 7870
f 7863 7864 7872
f 7863 7872 7871
f 7864 7857 7865
f 7864 7865 7872
f 7857 7859 7858
f 7865 7866 7867
f 7857 7860 7859
f 7865 7867 7868
f 7857 7861 7860
f 7865 7868 7869
f 7857 7862 7861
f 7865 7869 7870
f 7857 7863 7862
f 7865 7870 7871
f 7857 7864 7863
f 7865 7871 7872
f 7873 7874 7882
f 7873 7882 7881
f 7874 7875 7883
f 7874 7883 7882
f 7875 7876 7884
f 7875 7884 7883
f 7876 7877 7885
f 7876 7885 7884
f 7877 7878 7886
f 7877 7886 7885
f 7878 7879 7887
f 7878 7887 7886
f 7879 7880 7888
f 7879 7888 7887
f 7880 7873 7881
f 7880 7881 7888
f 7873 7875 7874
f 7881 7882 7883
f 7873 7876 7875
f 7881 7883 7884
f 7873 7877 7876
f 7881 7884 7885
f 7873 7878 7877
f 7881 7885 7886
f 7873 7879 7878
f 7881 7886 7887
f 7873 7880 7879
f 7881 7887 7888
f 7889 7890 7898
f 7889 7898 7897
f 7890 7891 7899
f 7890 7899 7898
f 7891 7892 7900
f 7891 7900 7899
f 7892 7893 7901
f 7892 7901 7900
f 7893 7894 7902
f 7893 7902 7901
f 7894 7895 7903
f 7894 7903 7902
f 7895 7896 7904
f 7895 7904 7903
f 7896 7889 7897
f 7896 7897 7904
f 7889 7891 7890
f 7897 7898 7899
f 7889 7892 7891
f 7897 7899 7900
f 7889 7893 7892
f 7897 7900 7901
f 7889 7894 7893
f 7897 7901 7902
f 7889 7895 7894
f 7897 7902 7903
f 7889 7896 7895
f 7897 7903 7904
f 7905 7906 7914
f 7905 7914 7913
f 7906 7907 7915
f 7906 7915 7914
f 7907 7908 7916
f 7907 7916 7915
f 7908 7909 7917
f 7908 7917 7916
f 7909 7910 7918
f 7909 7918 7917
f 7910 7911 7919
f 7910 7919 7918
f 7911 7912 7920
f 7911 7920 7919
f 7912 7905 7913
f 7912 7913 7920
f 7905 7907 7906
f 7913 7914 7915
f 7905 7908 7907
f 7913 7915 7916
f 7905 7909 7908
f 7913 7916 7917
f 7905 7910 7909
f 7913 7917 7918
f 7905 7911 7910
f 7913 7918 7919
f 7905 7912 7911
f 7913 7919 7920
f 7921 7922 7930
f 7921 7930 7929
f 7922 7923 7931
f 7922 7931 7930
f 7923 7924 7932
f 7923 7932 7931
f 7924 7925 7933
f 7924 7933 7932
f 7925 7926 7934
f 7925 7934 7933
f 7926 7927 7935
f 7926 7935 7934
f 7927 7928 7936
f 7927 7936 7935
f 7928 7921 7929
f 7928 7929 7936
f 7921 7923 7922
f 7929 7930 7931
f 7921 7924 7923
f 7929 7931 7932
f 7921 7925 7924
f 7929 7932 7933
f 7921 7926 7925
f 7929 7933 7934
f 7921 7927 7926
f 7929 7934 7935
f 7921 7928 7927
f 7929 7935 7936
f 7937 7938 7946
f 7937 7946 7945
f 7938 7939 7947
f 7938 7947 7946
f 7939 7940 7948
f 7939 7948 7947
f 7940 7941 7949
f 7940 7949 7948
f 7941 7942 7950
f 7941 7950 7949
f 7942 7943 7951
f 7942 7951 7950
f 7943 7944 7952
f 7943 7952 7951
f 7944 7937 7945
f 7944 7945 7952
f 7937 7939 7938
f 7945 7946 7947
f 7937 7940 7939
f 7945 7947 7948
f 7937 7941 7940
f 7945 7948 7949
f 7937 7942 7941
f 7945 7949 7950
f 7937 7943 7942
f 7945 7950 7951
f 7937 7944 7943
f 7945 7951 7952
f 7953 7954 7962
f 7953 7962 7961
f 7954 7955 7963
f 7954 7963 7962
f 7955 7956 7964
f 7955 7964 7963
f 7956 7957 7965
f 7956 7965 7964
f 7957 7958 7966
f 7957 7966 7965
f 7958 7959 7967
f 7958 7967 7966
f 7959 7960 7968
f 7959 7968 7967
f 7960 7953 7961
f 7960 7961 7968
f 7953 7955 7954
f 7961 7962 7963
f 7953 7956 7955
f 7961 7963 7964
f 7953 7957 7956
f 7961 7964 7965
f 7953 7958 7957
f 7961 7965 7966
f 7953 7959 7958
f 7961 7966 7967
f 7953 7960 7959
f 7961 7967 7968
f 7969 7970 7978
f 7969 7978 7977
f 7970 7971 7979
f 7970 7979 7978
f 7971 7972 7980
f 7971 7980 7979
f 7972 7973 7981
f 7972 7981 7980
f 7973 7974 7982
f 7973 7982 7981
f 7974 7975 7983
f 7974 7983 7982
f 7975 7976 7984
f 7975 7984 7983
f 7976 7969 7977
f 7976 7977 7984
f 7969 7971 7970
f 7977 7978 7979
f 7969 7972 7971
f 7977 7979 7980
f 7969 7973 7972
f 7977 7980 7981
f 7969 7974 7973
f 7977 7981 7982
f 7969 7975 7974
f 7977 7982 7983
f 7969 7976 7975
f 7977 7983 7984
f 7985 7986 7994
f 7985 7994 7993
f 7986 7987 7995
f 7986 7995 7994
f 7987 7988 7996
f 7987 7996 7995
f 7988 7989 7997
f 7988 7997 7996
f 7989 7990 7998
f 7989 7998 7997
f 7990 7991 7999
f 7990 7999 7998
f 7991 7992 8000
f 7991 8000 7999
f 7992 7985 7993
f 7992 7993 8000
f 7985 7987 7986
f 7993 7994 7995
f 7985 7988 7987
f 7993 7995 7996
f 7985 7989 7988
f 7993 7996 7997
f 7985 7990 7989
f 7993 7997 7998
f 7985 7991 7990
f 7993 7998 7999
f 7985 7992 7991
f 7993 7999 8000
f 8001 8002 8010
f 8001 8010 8009
f 8002 8003 8011
f 8002 8011 8010
f 8003 8004 8012
f 8003 8012 8011
f 8004 8005 8013
f 8004 8013 8012
f 8005 8006 8014
f 8005 8014 8013
f 8006 8007 8015
f 8006 8015 8014
f 8007 8008 8016
f 8007 8016 8015
f 8008 8001 8009
f 8008 8009 8016
f 8001 8003 8002
f 8009 8010 8011
f 8001 8004 8003
f 8009 8011 8012
f 8001 8005 8004
f 8009 8012 8013
f 8001 8006 8005
f 8009 8013 8014
f 8001 8007 8006
f 8009 8014 8015
f 8001 8008 8007
f 8009 8015 8016
f 8017 8018 8026
f 8017 8026 8025
f 8018 8019 8027
f 8018 8027 8026
f 8019 8020 8028
f 8019 8028 8027
f 8020 8021 8029
f 8020 8029 8028
f 8021 8022 8030
f 8021 8030 8029
f 8022 8023 8031
f 8022 8031 8030
f 8023 8024 8032
f 8023 8032 8031
f 8024 8017 8025
f 8024 8025 8032
f 8017 8019 8018
f 8025 8026 8027
f 8017 8020 8019
f 8025 8027 8028
f 8017 8021 8020
f 8025 8028 8029
f 8017 8022 8021
f 8025 8029 8030
f 8017 8023 8022
f 8025 8030 8031
f 8017 8024 8023
f 8025 8031 8032
f 8033 8034 8042
f 8033 8042 8041
f 8034 8035 8043
f 8034 8043 8042
f 8035 8036 8044
f 8035 8044 8043
f 8036 8037 8045
f 8036 8045 8044
f 8037 8038 8046
f 8037 8046 8045
f 8038 8039 8047
f 8038 8047 8046
f 8039 8040 8048
f 8039 8048 8047
f 8040 8033 8041
f 8040 8041 8048
f 8033 8035 8034
f 8041 8042 8043
f 8033 8036 8035
f 8041 8043 8044
f 8033 8037 8036
f 8041 8044 8045
f 8033 8038 8037
f 8041 8045 8046
f 8033 8039 8038
f 8041 8046 8047
f 8033 8040 8039
f 8041 8047 8048
f 8049 8050 8058
f 8049 8058 8057
f 8050 8051 8059
f 8050 8059 8058
f 8051 8052 8060
f 8051 8060 8059
f 8052 8053 8061
f 8052 8061 8060
f 8053 8054 8062
f 8053 8062 8061
f 8054 8055 8063
f 8054 8063 8062
f 8055 8056 8064
f 8055 8064 8063
f 8056 8049 8057
f 8056 8057 8064
f 8049 8051 8050
f 8057 8058 8059
f 8049 8052 8051
f 8057 8059 8060
f 8049 8053 8052
f 8057 8060 8061
f 8049 8054 8053
f 8057 8061 8062
f 8049 8055 8054
f 8057 8062 8063
f 8049 8056 8055
f 8057 8063 8064
f 8065 8066 8074
f 8065 8074 8073
f 8066 8067 8075
f 8066 8075 8074
f 8067 8068 8076
f 8067 8076 8075
f 8068 8069 8077
f 8068 8077 8076
f 8069 8070 8078
f 8069 8078 8077
f 8070 8071 8079
f 8070 8079 8078
f 8071 8072 8080
f 8071 8080 8079
f 8072 8065 8073
f 8072 8073 8080
f 8065 8067 8066
f 8073 8074 8075
f 8065 8068 8067
f 8073 8075 8076
f 8065 8069 8068
f 8073 8076 8077
f 8065 8070 8069
f 8073 8077 8078
f 8065 8071 8070
f 8073 8078 8079
f 8065 8072 8071
f 8073 8079 8080
f 8081 8082 8090
f 8081 8090 8089
f 8082 8083 8091
f 8082 8091 8090
f 8083 8084 8092
f 8083 8092 8091
f 8084 8085 8093
f 8084 8093 8092
f 8085 8086 8094
f 8085 8094 8093
f 8086 8087 8095
f 8086 8095 8094
f 8087 8088 8096
f 8087 8096 8095
f 8088 8081 8089
f 8088 8089 8096
f 8081 8083 8082
f 8089 8090 8091
f 8081 8084 8083
f 8089 8091 8092
f 8081 8085 8084
f 8089 8092 8093
f 8081 8086 8085
f 8089 8093 8094
f 8081 8087 8086
f 8089 8094 8095
f 8081 8088 8087
f 8089 8095 8096
f 8097 8098 8106
f 8097 8106 8105
f 8098 8099 8107
f 8098 8107 8106
f 8099 8100 8108
f 8099 8108 8107
f 8100 8101 8109
f 8100 8109 8108
f 8101 8102 8110
f 8101 8110 8109
f 8102 8103 8111
f 8102 8111 8110
f 8103 8104 8112
f 8103 8112 8111
f 8104 8097 8105
f 8104 8105 8112
f 8097 8099 8098
f 8105 8106 8107
f 8097 8100 8099
f 8105 8107 8108
f 8097 8101 8100
f 8105 8108 8109
f 8097 8102 8101
f 8105 8109 8110
f 8097 8103 8102
f 8105 8110 8111
f 8097 8104 8103
f 8105 8111 8112
f 8113 8114 8122
f 8113 8122 8121
f 8114 8115 8123
f 8114 8123 8122
f 8115 8116 8124
f 8115 8124 8123
f 8116 8117 8125
f 8116 8125 8124
f 8117 8118 8126
f 8117 8126 8125
f 8118 8119 8127
f 8118 8127 8126
f 8119 8120 8128
f 8119 8128 8127
f 8120 8113 8121
f 8120 8121 8128
f 8113 8115 8114
f 8121 8122 8123
f 8113 8116 8115
f 8121 8123 8124
f 8113 8117 8116
f 8121 8124 8125
f 8113 8118 8117
f 8121 8125 8126
f 8113 8119 8118
f 8121 8126 8127
f 8113 8120 8119
f 8121 8127 8128
f 8129 8130 8138
f 8129 8138 8137
f 8130 8131 8139
f 8130 8139 8138
f 8131 8132 8140
f 8131 8140 8139
f 8132 8133 8141
f 8132 8141 8140
f 8133 8134 8142
f 8133 8142 8141
f 8134 8135 8143
f 8134 8143 8142
f 8135 8136 8144
f 8135 8144 8143
f 8136 8129 8137
f 8136 8137 8144
f 8129 8131 8130
f 8137 8138 8139
f 8129 8132 8131
f 8137 8139 8140
f 8129 8133 8132
f 8137 8140 8141
f 8129 8134 8133
f 8137 8141 8142
f 8129 8135 8134
f 8137 8142 8143
f 8129 8136 8135
f 8137 8143 8144
f 8145 8146 8154
f 8145 8154 8153
f 8146 8147 8155
f 8146 8155 8154
f 8147 8148 8156
f 8147 8156 8155
f 8148 8149 8157
f 8148 8157 8156
f 8149 8150 8158
f 8149 8158 8157
f 8150 8151 8159
f 8150 8159 8158
f 8151 8152 8160
f 8151 8160 8159
f 8152 8145 8153
f 8152 8153 8160
f 8145 8147 8146
f 8153 8154 8155
f 8145 8148 8147
f 8153 8155 8156
f 8145 8149 8148
f 8153 8156 8157
f 8145 8150 8149
f 8153 8157 8158
f 8145 8151 8150
f 8153 8158 8159
f 8145 8152 8151
f 8153 8159 8160
f 8161 8162 8170
f 8161 8170 8169
f 8162 8163 8171
f 8162 8171 8170
f 8163 8164 8172
f 8163 8172 8171
f 8164 8165 8173
f 8164 8173 8172
f 8165 8166 8174
f 8165 8174 8173
f 8166 8167 8175
f 8166 8175 8174
f 8167 8168 8176
f 8167 8176 8175
f 8168 8161 8169
f 8168 8169 8176
f 8161 8163 8162
f 8169 8170 8171
f 8161 8164 8163
f 8169 8171 8172
f 8161 8165 8164
f 8169 8172 8173
f 8161 8166 8165
f 8169 8173 8174
f 8161 8167 8166
f 8169 8174 8175
f 8161 8168 8167
f 8169 8175 8176
f 8177 8178 8186
f 8177 8186 8185
f 8178 8179 8187
f 8178 8187 8186
f 8179 8180 8188
f 8179 8188 8187
f 8180 8181 8189
f 8180 8189 8188
f 8181 8182 8190
f 8181 8190 8189
f 8182 8183 8191
f 8182 8191 8190
f 8183 8184 8192
f 8183 8192 8191
f 8184 8177 8185
f 8184 8185 8192
f 8177 8179 8178
f 8185 8186 8187
f 8177 8180 8179
f 8185 8187 8188
f 8177 8181 8180
f 8185 8188 8189
f 8177 8182 8181
f 8185 8189 8190
f 8177 8183 8182
f 8185 8190 8191
f 8177 8184 8183
f 8185 8191 8192
f 8193 8194 8202
f 8193 8202 8201
f 8194 8195 8203
f 8194 8203 8202
f 8195 8196 8204
f 8195 8204 8203
f 8196 8197 8205
f 8196 8205 8204
f 8197 8198 8206
f 8197 8206 8205
f 8198 8199 8207
f 8198 8207 8206
f 8199 8200 8208
f 8199 8208 8207
f 8200 8193 8201
f 8200 8201 8208
f 8193 8195 8194
f 8201 8202 8203
f 8193 8196 8195
f 8201 8203 8204
f 8193 8197 8196
f 8201 8204 8205
f 8193 8198 8197
f 8201 8205 8206
f 8193 8199 8198
f 8201 8206 8207
f 8193 8200 8199
f 8201 8207 8208
f 8209 8210 8218
f 8209 8218 8217
f 8210 8211 8219
f 8210 8219 8218
f 8211 8212 8220
f 8211 8220 8219
f 8212 8213 8221
f 8212 8221 8220
f 8213 8214 8222
f 8213 8222 8221
f 8214 8215 8223
f 8214 8223 8222
f 8215 8216 8224
f 8215 8224 8223
f 8216 8209 8217
f 8216 8217 8224
f 8209 8211 8210
f 8217 8218 8219
f 8209 8212 8211
f 8217 8219 8220
f 8209 8213 8212
f 8217 8220 8221
f 8209 8214 8213
f 8217 8221 8222
f 8209 8215 8214
f 8217 8222 8223
f 8209 8216 8215
f 8217 8223 8224
f 8225 8226 8234
f 8225 8234 8233
f 8226 8227 8235
f 8226 8235 8234
f 8227 8228 8236
f 8227 8236 8235
f 8228 8229 8237
f 8228 8237 8236
f 8229 8230 8238
f 8229 8238 8237
f 8230 8231 8239
f 8230 8239 8238
f 8231 8232 8240
f 8231 8240 8239
f 8232 8225 8233
f 8232 8233 8240
f 8225 8227 8226
f 8233 8234 8235
f 8225 8228 8227
f 8233 8235 8236
f 8225 8229 8228
f 8233 8236 8237
f 8225 8230 8229
f 8233 8237 8238
f 8225 8231 8230
f 8233 8238 8239
f 8225 8232 8231
f 8233 8239 8240
f 8241 8242 8250
f 8241 8250 8249
f 8242 8243 8251
f 8242 8251 8250
f 8243 8244 8252
f 8243 8252 8251
f 8244 8245 8253
f 8244 8253 8252
f 8245 8246 8254
f 8245 8254 8253
f 8246 8247 8255
f 8246 8255 8254
f 8247 8248 8256
f 8247 8256 8255
f 8248 8241 8249
f 8248 8249 8256
f 8241 8243 8242
f 8249 8250 8251
f 8241 8244 8243
f 8249 8251 8252
f 8241 8245 8244
f 8249 8252 8253
f 8241 8246 8245
f 8249 8253 8254
f 8241 8247 8246
f 8249 8254 8255
f 8241 8248 8247
f 8249 8255 8256
f 8257 8258 8266
f 8257 8266 8265
f 8258 8259 8267
f 8258 8267 8266
f 8259 8260 8268
f 8259 8268 8267
f 8260 8261 8269
f 8260 8269 8268
f 8261 8262 8270
f 8261 8270 8269
f 8262 8263 8271
f 8262 8271 8270
f 8263 8264 8272
f 8263 8272 8271
f 8264 8257 8265
f 8264 8265 8272
f 8257 8259 8258
f 8265 8266 8267
f 8257 8260 8259
f 8265 8267 8268
f 8257 8261 8260
f 8265 8268 8269
f 8257 8262 8261
f 8265 8269 8270
f 8257 8263 8262
f 8265 8270 8271
f 8257 8264 8263
f 8265 8271 8272
f 8273 8274 8282
f 8273 8282 8281
f 8274 8275 8283
f 8274 8283 8282
f 8275 8276 8284
f 8275 8284 8283
f 8276 8277 8285
f 8276 8285 8284
f 8277 8278 8286
f 8277 8286 8285
f 8278 8279 8287
f 8278 8287 8286
f 8279 8280 8288
f 8279 8288 8287
f 8280 8273 8281
f 8280 8281 8288
f 8273 8275 8274
f 8281 8282 8283
f 8273 8276 8275
f 8281 8283 8284
f 8273 8277 8276
f 8281 8284 8285
f 8273 8278 8277
f 8281 8285 8286
f 8273 8279 8278
f 8281 8286 8287
f 8273 8280 8279
f 8281 8287 8288
f 8289 8290 8298
f 8289 8298 8297
f 8290 8291 8299
f 8290 8299 8298
f 8291 8292 8300
f 8291 8300 8299
f 8292 8293 8301
f 8292 8301 8300
f 8293 8294 8302
f 8293 8302 8301
f 8294 8295 8303
f 8294 8303 8302
f 8295 8296 8304
f 8295 8304 8303
f 8296 8289 8297
f 8296 8297 8304
f 8289 8291 8290
f 8297 8298 8299
f 8289 8292 8291
f 8297 8299 8300
f 8289 8293 8292
f 8297 8300 8301
f 8289 8294 8293
f 8297 8301 8302
f 8289 8295 8294
f 8297 8302 8303
f 8289 8296 8295
f 8297 8303 8304
f 8305 8306 8314
f 8305 8314 8313
f 8306 8307 8315
f 8306 8315 8314
f 8307 8308 8316
f 8307 8316 8315
f 8308 8309 8317
f 8308 8317 8316
f 8309 8310 8318
f 8309 8318 8317
f 8310 8311 8319
f 8310 8319 8318
f 8311 8312 8320
f 8311 8320 8319
f 8312 8305 8313
f 8312 8313 8320
f 8305 8307 8306
f 8313 8314 8315
f 8305 8308 8307
f 8313 8315 8316
f 8305 8309 8308
f 8313 8316 8317
f 8305 8310 8309
f 8313 8317 8318
f 8305 8311 8310
f 8313 8318 8319
f 8305 8312 8311
f 8313 8319 8320
f 8321 8322 8330
f 8321 8330 8329
f 8322 8323 8331
f 8322 8331 8330
f 8323 8324 8332
f 8323 8332 8331
f 8324 8325 8333
f 8324 8333 8332
f 8325 8326 8334
f 8325 8334 8333
f 8326 8327 8335
f 8326 8335 8334
f 8327 8328 8336
f 8327 8336 8335
f 8328 8321 8329
f 8328 8329 8336
f 8321 8323 8322
f 8329 8330 8331
f 8321 8324 8323
f 8329 8331 8332
f 8321 8325 8324
f 8329 8332 8333
f 8321 8326 8325
f 8329 8333 8334
f 8321 8327 8326
f 8329 8334 8335
f 8321 8328 8327
f 8329 8335 8336
f 8337 8338 8346
f 8337 8346 8345
f 8338 8339 8347
f 8338 8347 8346
f 8339 8340 8348
f 8339 8348 8347
f 8340 8341 8349
f 8340 8349 8348
f 8341 8342 8350
f 8341 8350 8349
f 8342 8343 8351
f 8342 8351 8350
f 8343 8344 8352
f 8343 8352 8351
f 8344 8337 8345
f 8344 8345 8352
f 8337 8339 8338
f 8345 8346 8347
f 8337 8340 8339
f 8345 8347 8348
f 8337 8341 8340
f 8345 8348 8349
f 8337 8342 8341
f 8345 8349 8350
f 8337 8343 8342
f 8345 8350 8351
f 8337 8344 8343
f 8345 8351 8352
f 8353 8354 8362
f 8353 8362 8361
f 8354 8355 8363
f 8354 8363 8362
f 8355 8356 8364
f 8355 8364 8363
f 8356 8357 8365
f 8356 8365 8364
f 8357 8358 8366
f 8357 8366 8365
f 8358 8359 8367
f 8358 8367 8366
f 8359 8360 8368
f 8359 8368 8367
f 8360 8353 8361
f 8360 8361 8368
f 8353 8355 8354
f 8361 8362 8363
f 8353 8356 8355
f 8361 8363 8364
f 8353 8357 8356
f 8361 8364 8365
f 8353 8358 8357
f 8361 8365 8366
f 8353 8359 8358
f 8361 8366 8367
f 8353 8360 8359
f 8361 8367 8368
f 8369 8370 8378
f 8369 8378 8377
f 8370 8371 8379
f 8370 8379 8378
f 8371 8372 8380
f 8371 8380 8379
f 8372 8373 8381
f 8372 8381 8380
f 8373 8374 8382
f 8373 8382 8381
f 8374 8375 8383
f 8374 8383 8382
f 8375 8376 8384
f 8375 8384 8383
f 8376 8369 8377
f 8376 8377 8384
f 8369 8371 8370
f 8377 8378 8379
f 8369 8372 8371
f 8377 8379 8380
f 8369 8373 8372
f 8377 8380 8381
f 8369 8374 8373
f 8377 8381 8382
f 8369 8375 8374
f 8377 8382 8383
f 8369 8376 8375
f 8377 8383 8384
f 8385 8386 8394
f 8385 8394 8393
f 8386 8387 8395
f 8386 8395 8394
f 8387 8388 8396
f 8387 8396 8395
f 8388 8389 8397
f 8388 8397 8396
f 8389 8390 8398
f 8389 8398 8397
f 8390 8391 8399
f 8390 8399 8398
f 8391 8392 8400
f 8391 8400 8399
f 8392 8385 8393
f 8392 8393 8400
f 8385 8387 8386
f 8393 8394 8395
f 8385 8388 8387
f 8393 8395 8396
f 8385 8389 8388
f 8393 8396 8397
f 8385 8390 8389
f 8393 8397 8398
f 8385 8391 8390
f 8393 8398 8399
f 8385 8392 8391
f 8393 8399 8400
f 8401 8402 8410
f 8401 8410 8409
f 8402 8403 8411
f 8402 8411 8410
f 8403 8404 8412
f 8403 8412 8411
f 8404 8405 8413
f 8404 8413 8412
f 8405 8406 8414
f 8405 8414 8413
f 8406 8407 8415
f 8406 8415 8414
f 8407 8408 8416
f 8407 8416 8415
f 8408 8401 8409
f 8408 8409 8416
f 8401 8403 8402
f 8409 8410 8411
f 8401 8404 8403
f 8409 8411 8412
f 8401 8405 8404
f 8409 8412 8413
f 8401 8406 8405
f 8409 8413 8414
f 8401 8407 8406
f 8409 8414 8415
f 8401 8408 8407
f 8409 8415 8416
f 8417 8418 8426
f 8417 8426 8425
f 8418 8419 8427
f 8418 8427 8426
f 8419 8420 8428
f 8419 8428 8427
f 8420 8421 8429
f 8420 8429 8428
f 8421 8422 8430
f 8421 8430 8429
f 8422 8423 8431
f 8422 8431 8430
f 8423 8424 8432
f 8423 8432 8431
f 8424 8417 8425
f 8424 8425 8432
f 8417 8419 8418
f 8425 8426 8427
f 8417 8420 8419
f 8425 8427 8428
f 8417 8421 8420
f 8425 8428 8429
f 8417 8422 8421
f 8425 8429 8430
f 8417 8423 8422
f 8425 8430 8431
f 8417 8424 8423
f 8425 8431 8432
f 8433 8434 8442
f 8433 8442 8441
f 8434 8435 8443
f 8434 8443 8442
f 8435 8436 8444
f 8435 8444 8443
f 8436 8437 8445
f 8436 8445 8444
f 8437 8438 8446
f 8437 8446 8445
f 8438 8439 8447
f 8438 8447 8446
f 8439 8440 8448
f 8439 8448 8447
f 8440 8433 8441
f 8440 8441 8448
f 8433 8435 8434
f 8441 8442 8443
f 8433 8436 8435
f 8441 8443 8444
f 8433 8437 8436
f 8441 8444 8445
f 8433 8438 8437
f 8441 8445 8446
f 8433 8439 8438
f 8441 8446 8447
f 8433 8440 8439
f 8441 8447 8448
f 8449 8450 8458
f 8449 8458 8457
f 8450 8451 8459
f 8450 8459 8458
f 8451 8452 8460
f 8451 8460 8459
f 8452 8453 8461
f 8452 8461 8460
f 8453 8454 8462
f 8453 8462 8461
f 8454 8455 8463
f 8454 8463 8462
f 8455 8456 8464
f 8455 8464 8463
f 8456 8449 8457
f 8456 8457 8464
f 8449 8451 8450
f 8457 8458 8459
f 8449 8452 8451
f 8457 8459 8460
f 8449 8453 8452
f 8457 8460 8461
f 8449 8454 8453
f 8457 8461 8462
f 8449 8455 8454
f 8457 8462 8463
f 8449 8456 8455
f 8457 8463 8464
f 8465 8466 8474
f 8465 8474 8473
f 8466 8467 8475
f 8466 8475 8474
f 8467 8468 8476
f 8467 8476 8475
f 8468 8469 8477
f 8468 8477 8476
f 8469 8470 8478
f 8469 8478 8477
f 8470 8471 8479
f 8470 8479 8478
f 8471 8472 8480
f 8471 8480 8479
f 8472 8465 8473
f 8472 8473 8480
f 8465 8467 8466
f 8473 8474 8475
f 8465 8468 8467
f 8473 8475 8476
f 8465 8469 8468
f 8473 8476 8477
f 8465 8470 8469
f 8473 8477 8478
f 8465 8471 8470
f 8473 8478 8479
f 8465 8472 8471
f 8473 8479 8480
f 8481 8482 8490
f 8481 8490 8489
f 8482 8483 8491
f 8482 8491 8490
f 8483 8484 8492
f 8483 8492 8491
f 8484 8485 8493
f 8484 8493 8492
f 8485 8486 8494
f 8485 8494 8493
f 8486 8487 8495
f 8486 8495 8494
f 8487 8488 8496
f 8487 8496 8495
f 8488 8481 8489
f 8488 8489 8496
f 8481 8483 8482
f 8489 8490 8491
f 8481 8484 8483
f 8489 8491 8492
f 8481 8485 8484
f 8489 8492 8493
f 8481 8486 8485
f 8489 8493 8494
f 8481 8487 8486
f 8489 8494 8495
f 8481 8488 8487
f 8489 8495 8496
f 8497 8498 8506
f 8497 8506 8505
f 8498 8499 8507
f 8498 8507 8506
f 8499 8500 8508
f 8499 8508 8507
f 8500 8501 8509
f 8500 8509 8508
f 8501 8502 8510
f 8501 8510 8509
f 8502 8503 8511
f 8502 8511 8510
f 8503 8504 8512
f 8503 8512 8511
f 8504 8497 8505
f 8504 8505 8512
f 8497 8499 8498
f 8505 8506 8507
f 8497 8500 8499
f 8505 8507 8508
f 8497 8501 8500
f 8505 8508 8509
f 8497 8502 8501
f 8505 8509 8510
f 8497 8503 8502
f 8505 8510 8511
f 8497 8504 8503
f 8505 8511 8512
f 8513 8514 8522
f 8513 8522 8521
f 8514 8515 8523
f 8514 8523 8522
f 8515 8516 8524
f 8515 8524 8523
f 8516 8517 8525
f 8516 8525 8524
f 8517 8518 8526
f 8517 8526 8525
f 8518 8519 8527
f 8518 8527 8526
f 8519 8520 8528
f 8519 8528 8527
f 8520 8513 8521
f 8520 8521 8528
f 8513 8515 8514
f 8521 8522 8523
f 8513 8516 8515
f 8521 8523 8524
f 8513 8517 8516
f 8521 8524 8525
f 8513 8518 8517
f 8521 8525 8526
f 8513 8519 8518
f 8521 8526 8527
f 8513 8520 8519
f 8521 8527 8528
f 8529 8530 8538
f 8529 8538 8537
f 8530 8531 8539
f 8530 8539 8538
f 8531 8532 8540
f 8531 8540 8539
f 8532 8533 8541
f 8532 8541 8540
f 8533 8534 8542
f 8533 8542 8541
f 8534 8535 8543
f 8534 8543 8542
f 8535 8536 8544
f 8535 8544 8543
f 8536 8529 8537
f 8536 8537 8544
f 8529 8531 8530
f 8537 8538 8539
f 8529 8532 8531
f 8537 8539 8540
f 8529 8533 8532
f 8537 8540 8541
f 8529 8534 8533
f 8537 8541 8542
f 8529 8535 8534
f 8537 8542 8543
f 8529 8536 8535
f 8537 8543 8544
f 8545 8546 8554
f 8545 8554 8553
f 8546 8547 8555
f 8546 8555 8554
f 8547 8548 8556
f 8547 8556 8555
f 8548 8549 8557
f 8548 8557 8556
f 8549 8550 8558
f 8549 8558 8557
f 8550 8551 8559
f 8550 8559 8558
f 8551 8552 8560
f 8551 8560 8559
f 8552 8545 8553
f 8552 8553 8560
f 8545 8547 8546
f 8553 8554 8555
f 8545 8548 8547
f 8553 8555 8556
f 8545 8549 8548
f 8553 8556 8557
f 8545 8550 8549
f 8553 8557 8558
f 8545 8551 8550
f 8553 8558 8559
f 8545 8552 8551
f 8553 8559 8560
f 8561 8562 8570
f 8561 8570 8569
f 8562 8563 8571
f 8562 8571 8570
f 8563 8564 8572
f 8563 8572 8571
f 8564 8565 8573
f 8564 8573 8572
f 8565 8566 8574
f 8565 8574 8573
f 8566 8567 8575
f 8566 8575 8574
f 8567 8568 8576
f 8567 8576 8575
f 8568 8561 8569
f 8568 8569 8576
f 8561 8563 8562
f 8569 8570 8571
f 8561 8564 8563
f 8569 8571 8572
f 8561 8565 8564
f 8569 8572 8573
f 8561 8566 8565
f 8569 8573 8574
f 8561 8567 8566
f 8569 8574 8575
f 8561 8568 8567
f 8569 8575 8576
f 8577 8578 8586
f 8577 8586 8585
f 8578 8579 8587
f 8578 8587 8586
f 8579 8580 8588
f 8579 8588 8587
f 8580 8581 8589
f 8580 8589 8588
f 8581 8582 8590
f 8581 8590 8589
f 8582 8583 8591
f 8582 8591 8590
f 8583 8584 8592
f 8583 8592 8591
f 8584 8577 8585
f 8584 8585 8592
f 8577 8579 8578
f 8585 8586 8587
f 8577 8580 8579
f 8585 8587 8588
f 8577 8581 8580
f 8585 8588 8589
f 8577 8582 8581
f 8585 8589 8590
f 8577 8583 8582
f 8585 8590 8591
f 8577 8584 8583
f 8585 8591 8592
f 8593 8594 8602
f 8593 8602 8601
f 8594 8595 8603
f 8594 8603 8602
f 8595 8596 8604
f 8595 8604 8603
f 8596 8597 8605
f 8596 8605 8604
f 8597 8598 8606
f 8597 8606 8605
f 8598 8599 8607
f 8598 8607 8606
f 8599 8600 8608
f 8599 8608 8607
f 8600 8593 8601
f 8600 8601 8608
f 8593 8595 8594
f 8601 8602 8603
f 8593 8596 8595
f 8601 8603 8604
f 8593 8597 8596
f 8601 8604 8605
f 8593 8598 8597
f 8601 8605 8606
f 8593 8599 8598
f 8601 8606 8607
f 8593 8600 8599
f 8601 8607 8608
f 8609 8610 8618
f 8609 8618 8617
f 8610 8611 8619
f 8610 8619 8618
f 8611 8612 8620
f 8611 8620 8619
f 8612 8613 8621
f 8612 8621 8620
f 8613 8614 8622
f 8613 8622 8621
f 8614 8615 8623
f 8614 8623 8622
f 8615 8616 8624
f 8615 8624 8623
f 8616 8609 8617
f 8616 8617 8624
f 8609 8611 8610
f 8617 8618 8619
f 8609 8612 8611
f 8617 8619 8620
f 8609 8613 8612
f 8617 8620 8621
f 8609 8614 8613
f 8617 8621 8622
f 8609 8615 8614
f 8617 8622 8623
f 8609 8616 8615
f 8617 8623 8624
f 8625 8626 8634
f 8625 8634 8633
f 8626 8627 8635
f 8626 8635 8634
f 8627 8628 8636
f 8627 8636 8635
f 8628 8629 8637
f 8628 8637 8636
f 8629 8630 8638
f 8629 8638 8637
f 8630 8631 8639
f 8630 8639 8638
f 8631 8632 8640
f 8631 8640 8639
f 8632 8625 8633
f 8632 8633 8640
f 8625 8627 8626
f 8633 8634 8635
f 8625 8628 8627
f 8633 8635 8636
f 8625 8629 8628
f 8633 8636 8637
f 8625 8630 8629
f 8633 8637 8638
f 8625 8631 8630
f 8633 8638 8639
f 8625 8632 8631
f 8633 8639 8640
f 8641 8642 8650
f 8641 8650 8649
f 8642 8643 8651
f 8642 8651 8650
f 8643 8644 8652
f 8643 8652 8651
f 8644 8645 8653
f 8644 8653 8652
f 8645 8646 8654
f 8645 8654 8653
f 8646 8647 8655
f 8646 8655 8654
f 8647 8648 8656
f 8647 8656 8655
f 8648 8641 8649
f 8648 8649 8656
f 8641 8643 8642
f 8649 8650 8651
f 8641 8644 8643
f 8649 8651 8652
f 8641 8645 8644
f 8649 8652 8653
f 8641 8646 8645
f 8649 8653 8654
f 8641 8647 8646
f 8649 8654 8655
f 8641 8648 8647
f 8649 8655 8656
f 8657 8658 8666
f 8657 8666 8665
f 8658 8659 8667
f 8658 8667 8666
f 8659 8660 8668
f 8659 8668 8667
f 8660 8661 8669
f 8660 8669 8668
f 8661 8662 8670
f 8661 8670 8669
f 8662 8663 8671
f 8662 8671 8670
f 8663 8664 8672
f 8663 8672 8671
f 8664 8657 8665
f 8664 8665 8672
f 8657 8659 8658
f 8665 8666 8667
f 8657 8660 8659
f 8665 8667 8668
f 8657 8661 8660
f 8665 8668 8669
f 8657 8662 8661
f 8665 8669 8670
f 8657 8663 8662
f 8665 8670 8671
f 8657 8664 8663
f 8665 8671 8672
f 8673 8674 8682
f 8673 8682 8681
f 8674 8675 8683
f 8674 8683 8682
f 8675 8676 8684
f 8675 8684 8683
f 8676 8677 8685
f 8676 8685 8684
f 8677 8678 8686
f 8677 8686 8685
f 8678 8679 8687
f 8678 8687 8686
f 8679 8680 8688
f 8679 8688 8687
f 8680 8673 8681
f 8680 8681 8688
f 8673 8675 8674
f 8681 8682 8683
f 8673 8676 8675
f 8681 8683 8684
f 8673 8677 8676
f 8681 8684 8685
f 8673 8678 8677
f 8681 8685 8686
f 8673 8679 8678
f 8681 8686 8687
f 8673 8680 8679
f 8681 8687 8688
f 8689 8690 8698
f 8689 8698 8697
f 8690 8691 8699
f 8690 8699 8698
f 8691 8692 8700
f 8691 8700 8699
f 8692 8693 8701
f 8692 8701 8700
f 8693 8694 8702
f 8693 8702 8701
f 8694 8695 8703
f 8694 8703 8702
f 8695 8696 8704
f 8695 8704 8703
f 8696 8689 8697
f 8696 8697 8704
f 8689 8691 8690
f 8697 8698 8699
f 8689 8692 8691
f 8697 8699 8700
f 8689 8693 8692
f 8697 8700 8701
f 8689 8694 8693
f 8697 8701 8702
f 8689 8695 8694
f 8697 8702 8703
f 8689 8696 8695
f 8697 8703 8704
f 8705 8706 8714
f 8705 8714 8713
f 8706 8707 8715
f 8706 8715 8714
f 8707 8708 8716
f 8707 8716 8715
f 8708 8709 8717
f 8708 8717 8716
f 8709 8710 8718
f 8709 8718 8717
f 8710 8711 8719
f 8710 8719 8718
f 8711 8712 8720
f 8711 8720 8719
f 8712 8705 8713
f 8712 8713 8720
f 8705 8707 8706
f 8713 8714 8715
f 8705 8708 8707
f 8713 8715 8716
f 8705 8709 8708
f 8713 8716 8717
f 8705 8710 8709
f 8713 8717 8718
f 8705 8711 8710
f 8713 8718 8719
f 8705 8712 8711
f 8713 8719 8720
f 8721 8722 8730
f 8721 8730 8729
f 8722 8723 8731
f 8722 8731 8730
f 8723 8724 8732
f 8723 8732 8731
f 8724 8725 8733
f 8724 8733 8732
f 8725 8726 8734
f 8725 8734 8733
f 8726 8727 8735
f 8726 8735 8734
f 8727 8728 8736
f 8727 8736 8735
f 8728 8721 8729
f 8728 8729 8736
f 8721 8723 8722
f 8729 8730 8731
f 8721 8724 8723
f 8729 8731 8732
f 8721 8725 8724
f 8729 8732 8733
f 8721 8726 8725
f 8729 8733 8734
f 8721 8727 8726
f 8729 8734 8735
f 8721 8728 8727
f 8729 8735 8736
f 8737 8738 8746
f 8737 8746 8745
f 8738 8739 8747
f 8738 8747 8746
f 8739 8740 8748
f 8739 8748 8747
f 8740 8741 8749
f 8740 8749 8748
f 8741 8742 8750
f 8741 8750 8749
f 8742 8743 8751
f 8742 8751 8750
f 8743 8744 8752
f 8743 8752 8751
f 8744 8737 8745
f 8744 8745 8752
f 8737 8739 8738
f 8745 8746 8747
f 8737 8740 8739
f 8745 8747 8748
f 8737 8741 8740
f 8745 8748 8749
f 8737 8742 8741
f 8745 8749 8750
f 8737 8743 8742
f 8745 8750 8751
f 8737 8744 8743
f 8745 8751 8752
f 8753 8754 8762
f 8753 8762 8761
f 8754 8755 8763
f 8754 8763 8762
f 8755 8756 8764
f 8755 8764 8763
f 8756 8757 8765
f 8756 8765 8764
f 8757 8758 8766
f 8757 8766 8765
f 8758 8759 8767
f 8758 8767 8766
f 8759 8760 8768
f 8759 8768 8767
f 8760 8753 8761
f 8760 8761 8768
f 8753 8755 8754
f 8761 8762 8763
f 8753 8756 8755
f 8761 8763 8764
f 8753 8757 8756
f 8761 8764 8765
f 8753 8758 8757
f 8761 8765 8766
f 8753 8759 8758
f 8761 8766 8767
f 8753 8760 8759
f 8761 8767 8768
f 8769 8770 8778
f 8769 8778 8777
f 8770 8771 8779
f 8770 8779 8778
f 8771 8772 8780
f 8771 8780 8779
f 8772 8773 8781
f 8772 8781 8780
f 8773 8774 8782
f 8773 8782 8781
f 8774 8775 8783
f 8774 8783 8782
f 8775 8776 8784
f 8775 8784 8783
f 8776 8769 8777
f 8776 8777 8784
f 8769 8771 8770
f 8777 8778 8779
f 8769 8772 8771
f 8777 8779 8780
f 8769 8773 8772
f 8777 8780 8781
f 8769 8774 8773
f 8777 8781 8782
f 8769 8775 8774
f 8777 8782 8783
f 8769 8776 8775
f 8777 8783 8784
f 8785 8786 8794
f 8785 8794 8793
f 8786 8787 8795
f 8786 8795 8794
f 8787 8788 8796
f 8787 8796 8795
f 8788 8789 8797
f 8788 8797 8796
f 8789 8790 8798
f 8789 8798 8797
f 8790 8791 8799
f 8790 8799 8798
f 8791 8792 8800
f 8791 8800 8799
f 8792 8785 8793
f 8792 8793 8800
f 8785 8787 8786
f 8793 8794 8795
f 8785 8788 8787
f 8793 8795 8796
f 8785 8789 8788
f 8793 8796 8797
f 8785 8790 8789
f 8793 8797 8798
f 8785 8791 8790
f 8793 8798 8799
f 8785 8792 8791
f 8793 8799 8800
f 8801 8802 8810
f 8801 8810 8809
f 8802 8803 8811
f 8802 8811 8810
f 8803 8804 8812
f 8803 8812 8811
f 8804 8805 8813
f 8804 8813 8812
f 8805 8806 8814
f 8805 8814 8813
f 8806 8807 8815
f 8806 8815 8814
f 8807 8808 8816
f 8807 8816 8815
f 8808 8801 8809
f 8808 8809 8816
f 8801 8803 8802
f 8809 8810 8811
f 8801 8804 8803
f 8809 8811 8812
f 8801 8805 8804
f 8809 8812 8813
f 8801 8806 8805
f 8809 8813 8814
f 8801 8807 8806
f 8809 8814 8815
f 8801 8808 8807
f 8809 8815 8816
f 8817 8818 8826
f 8817 8826 8825
f 8818 8819 8827
f 8818 8827 8826
f 8819 8820 8828
f 8819 8828 8827
f 8820 8821 8829
f 8820 8829 8828
f 8821 8822 8830
f 8821 8830 8829
f 8822 8823 8831
f 8822 8831 8830
f 8823 8824 8832
f 8823 8832 8831
f 8824 8817 8825
f 8824 8825 8832
f 8817 8819 8818
f 8825 8826 8827
f 8817 8820 8819
f 8825 8827 8828
f 8817 8821 8820
f 8825 8828 8829
f 8817 8822 8821
f 8825 8829 8830
f 8817 8823 8822
f 8825 8830 8831
f 8817 8824 8823
f 8825 8831 8832
f 8833 8834 8842
f 8833 8842 8841
f 8834 8835 8843
f 8834 8843 8842
f 8835 8836 8844
f 8835 8844 8843
f 8836 8837 8845
f 8836 8845 8844
f 8837 8838 8846
f 8837 8846 8845
f 8838 8839 8847
f 8838 8847 8846
f 8839 8840 8848
f 8839 8848 8847
f 8840 8833 8841
f 8840 8841 8848
f 8833 8835 8834
f 8841 8842 8843
f 8833 8836 8835
f 8841 8843 8844
f 8833 8837 8836
f 8841 8844 8845
f 8833 8838 8837
f 8841 8845 8846
f 8833 8839 8838
f 8841 8846 8847
f 8833 8840 8839
f 8841 8847 8848
f 8849 8850 8858
f 8849 8858 8857
f 8850 8851 8859
f 8850 8859 8858
f 8851 8852 8860
f 8851 8860 8859
f 8852 8853 8861
f 8852 8861 8860
f 8853 8854 8862
f 8853 8862 8861
f 8854 8855 8863
f 8854 8863 8862
f 8855 8856 8864
f 8855 8864 8863
f 8856 8849 8857
f 8856 8857 8864
f 8849 8851 8850
f 8857 8858 8859
f 8849 8852 8851
f 8857 8859 8860
f 8849 8853 8852
f 8857 8860 8861
f 8849 8854 8853
f 8857 8861 8862
f 8849 8855 8854
f 8857 8862 8863
f 8849 8856 8855
f 8857 8863 8864
f 8865 8866 8874
f 8865 8874 8873
f 8866 8867 8875
f 8866 8875 8874
f 8867 8868 8876
f 8867 8876 8875
f 8868 8869 8877
f 8868 8877 8876
f 8869 8870 8878
f 8869 8878 8877
f 8870 8871 8879
f 8870 8879 8878
f 8871 8872 8880
f 8871 8880 8879
f 8872 8865 8873
f 8872 8873 8880
f 8865 8867 8866
f 8873 8874 8875
f 8865 8868 8867
f 8873 8875 8876
f 8865 8869 8868
f 8873 8876 8877
f 8865 8870 8869
f 8873 8877 8878
f 8865 8871 8870
f 8873 8878 8879
f 8865 8872 8871
f 8873 8879 8880
f 8881 8882 8890
f 8881 8890 8889
f 8882 8883 8891
f 8882 8891 8890
f 8883 8884 8892
f 8883 8892 8891
f 8884 8885 8893
f 8884 8893 8892
f 8885 8886 8894
f 8885 8894 8893
f 8886 8887 8895
f 8886 8895 8894
f 8887 8888 8896
f 8887 8896 8895
f 8888 8881 8889
f 8888 8889 8896
f 8881 8883 8882
f 8889 8890 8891
f 8881 8884 8883
f 8889 8891 8892
f 8881 8885 8884
f 8889 8892 8893
f 8881 8886 8885
f 8889 8893 8894
f 8881 8887 8886
f 8889 8894 8895
f 8881 8888 8887
f 8889 8895 8896
f 8897 8898 8906
f 8897 8906 8905
f 8898 8899 8907
f 8898 8907 8906
f 8899 8900 8908
f 8899 8908 8907
f 8900 8901 8909
f 8900 8909 8908
f 8901 8902 8910
f 8901 8910 8909
f 8902 8903 8911
f 8902 8911 8910
f 8903 8904 8912
f 8903 8912 8911
f 8904 8897 8905
f 8904 8905 8912
f 8897 8899 8898
f 8905 8906 8907
f 8897 8900 8899
f 8905 8907 8908
f 8897 8901 8900
f 8905 8908 8909
f 8897 8902 8901
f 8905 8909 8910
f 8897 8903 8902
f 8905 8910 8911
f 8897 8904 8903
f 8905 8911 8912
f 8913 8914 8922
f 8913 8922 8921
f 8914 8915 8923
f 8914 8923 8922
f 8915 8916 8924
f 8915 8924 8923
f 8916 8917 8925
f 8916 8925 8924
f 8917 8918 8926
f 8917 8926 8925
f 8918 8919 8927
f 8918 8927 8926
f 8919 8920 8928
f 8919 8928 8927
f 8920 8913 8921
f 8920 8921 8928
f 8913 8915 8914
f 8921 8922 8923
f 8913 8916 8915
f 8921 8923 8924
f 8913 8917 8916
f 8921 8924 8925
f 8913 8918 8917
f 8921 8925 8926
f 8913 8919 8918
f 8921 8926 8927
f 8913 8920 8919
f 8921 8927 8928
f 8929 8930 8938
f 8929 8938 8937
f 8930 8931 8939
f 8930 8939 8938
f 8931 8932 8940
f 8931 8940 8939
f 8932 8933 8941
f 8932 8941 8940
f 8933 8934 8942
f 8933 8942 8941
f 8934 8935 8943
f 8934 8943 8942
f 8935 8936 8944
f 8935 8944 8943
f 8936 8929 8937
f 8936 8937 8944
f 8929 8931 8930
f 8937 8938 8939
f 8929 8932 8931
f 8937 8939 8940
f 8929 8933 8932
f 8937 8940 8941
f 8929 8934 8933
f 8937 8941 8942
f 8929 8935 8934
f 8937 8942 8943
f 8929 8936 8935
f 8937 8943 8944
f 8945 8946 8954
f 8945 8954 8953
f 8946 8947 8955
f 8946 8955 8954
f 8947 8948 8956
f 8947 8956 8955
f 8948 8949 8957
f 8948 8957 8956
f 8949 8950 8958
f 8949 8958 8957
f 8950 8951 8959
f 8950 8959 8958
f 8951 8952 8960
f 8951 8960 8959
f 8952 8945 8953
f 8952 8953 8960
f 8945 8947 8946
f 8953 8954 8955
f 8945 8948 8947
f 8953 8955 8956
f 8945 8949 8948
f 8953 8956 8957
f 8945 8950 8949
f 8953 8957 8958
f 8945 8951 8950
f 8953 8958 8959
f 8945 8952 8951
f 8953 8959 8960
f 8961 8962 8970
f 8961 8970 8969
f 8962 8963 8971
f 8962 8971 8970
f 8963 8964 8972
f 8963 8972 8971
f 8964 8965 8973
f 8964 8973 8972
f 8965 8966 8974
f 8965 8974 8973
f 8966 8967 8975
f 8966 8975 8974
f 8967 8968 8976
f 8967 8976 8975
f 8968 8961 8969
f 8968 8969 8976
f 8961 8963 8962
f 8969 8970 8971
f 8961 8964 8963
f 8969 8971 8972
f 8961 8965 8964
f 8969 8972 8973
f 8961 8966 8965
f 8969 8973 8974
f 8961 8967 8966
f 8969 8974 8975
f 8961 8968 8967
f 8969 8975 8976
f 8977 8978 8986
f 8977 8986 8985
f 8978 8979 8987
f 8978 8987 8986
f 8979 8980 8988
f 8979 8988 8987
f 8980 8981 8989
f 8980 8989 8988
f 8981 8982 8990
f 8981 8990 8989
f 8982 8983 8991
f 8982 8991 8990
f 8983 8984 8992
f 8983 8992 8991
f 8984 8977 8985
f 8984 8985 8992
f 8977 8979 8978
f 8985 8986 8987
f 8977 8980 8979
f 8985 8987 8988
f 8977 8981 8980
f 8985 8988 8989
f 8977 8982 8981
f 8985 8989 8990
f 8977 8983 8982
f 8985 8990 8991
f 8977 8984 8983
f 8985 8991 8992
f 8993 8994 9002
f 8993 9002 9001
f 8994 8995 9003
f 8994 9003 9002
f 8995 8996 9004
f 8995 9004 9003
f 8996 8997 9005
f 8996 9005 9004
f 8997 8998 9006
f 8997 9006 9005
f 8998 8999 9007
f 8998 9007 9006
f 8999 9000 9008
f 8999 9008 9007
f 9000 8993 9001
f 9000 9001 9008
f 8993 8995 8994
f 9001 9002 9003
f 8993 8996 8995
f 9001 9003 9004
f 8993 8997 8996
f 9001 9004 9005
f 8993 8998 8997
f 9001 9005 9006
f 8993 8999 8998
f 9001 9006 9007
f 8993 9000 8999
f 9001 9007 9008
f 9009 9010 9018
f 9009 9018 9017
f 9010 9011 9019
f 9010 9019 9018
f 9011 9012 9020
f 9011 9020 9019
f 9012 9013 9021
f 9012 9021 9020
f 9013 9014 9022
f 9013 9022 9021
f 9014 9015 9023
f 9014 9023 9022
f 9015 9016 9024
f 9015 9024 9023
f 9016 9009 9017
f 9016 9017 9024
f 9009 9011 9010
f 9017 9018 9019
f 9009 9012 9011
f 9017 9019 9020
f 9009 9013 9012
f 9017 9020 9021
f 9009 9014 9013
f 9017 9021 9022
f 9009 9015 9014
f 9017 9022 9023
f 9009 9016 9015
f 9017 9023 9024
f 9025 9026 9034
f 9025 9034 9033
f 9026 9027 9035
f 9026 9035 9034
f 9027 9028 9036
f 9027 9036 9035
f 9028 9029 9037
f 9028 9037 9036
f 9029 9030 9038
f 9029 9038 9037
f 9030 9031 9039
f 9030 9039 9038
f 9031 9032 9040
f 9031 9040 9039
f 9032 9025 9033
f 9032 9033 9040
f 9025 9027 9026
f 9033 9034 9035
f 9025 9028 9027
f 9033 9035 9036
f 9025 9029 9028
f 9033 9036 9037
f 9025 9030 9029
f 9033 9037 9038
f 9025 9031 9030
f 9033 9038 9039
f 9025 9032 9031
f 9033 9039 9040
f 9041 9042 9050
f 9041 9050 9049
f 9042 9043 9051
f 9042 9051 9050
f 9043 9044 9052
f 9043 9052 9051
f 9044 9045 9053
f 9044 9053 9052
f 9045 9046 9054
f 9045 9054 9053
f 9046 9047 9055
f 9046 9055 9054
f 9047 9048 9056
f 9047 9056 9055
f 9048 9041 9049
f 9048 9049 9056
f 9041 9043 9042
f 9049 9050 9051
f 9041 9044 9043
f 9049 9051 9052
f 9041 9045 9044
f 9049 9052 9053
f 9041 9046 9045
f 9049 9053 9054
f 9041 9047 9046
f 9049 9054 9055
f 9041 9048 9047
f 9049 9055 9056
f 9057 9058 9066
f 9057 9066 9065
f 9058 9059 9067
f 9058 9067 9066
f 9059 9060 9068
f 9059 9068 9067
f 9060 9061 9069
f 9060 9069 9068
f 9061 9062 9070
f 9061 9070 9069
f 9062 9063 9071
f 9062 9071 9070
f 9063 9064 9072
f 9063 9072 9071
f 9064 9057 9065
f 9064 9065 9072
f 9057 9059 9058
f 9065 9066 9067
f 9057 9060 9059
f 9065 9067 9068
f 9057 9061 9060
f 9065 9068 9069
f 9057 9062 9061
f 9065 9069 9070
f 9057 9063 9062
f 9065 9070 9071
f 9057 9064 9063
f 9065 9071 9072
f 9073 9074 9082
f 9073 9082 9081
f 9074 9075 9083
f 9074 9083 9082
f 9075 9076 9084
f 9075 9084 9083
f 9076 9077 9085
f 9076 9085 9084
f 9077 9078 9086
f 9077 9086 9085
f 9078 9079 9087
f 9078 9087 9086
f 9079 9080 9088
f 9079 9088 9087
f 9080 9073 9081
f 9080 9081 9088
f 9073 9075 9074
f 9081 9082 9083
f 9073 9076 9075
f 9081 9083 9084
f 9073 9077 9076
f 9081 9084 9085
f 9073 9078 9077
f 9081 9085 9086
f 9073 9079 9078
f 9081 9086 9087
f 9073 9080 9079
f 9081 9087 9088
f 9089 9090 9098
f 9089 9098 9097
f 9090 9091 9099
f 9090 9099 9098
f 9091 9092 9100
f 9091 9100 9099
f 9092 9093 9101
f 9092 9101 9100
f 9093 9094 9102
f 9093 9102 9101
f 9094 9095 9103
f 9094 9103 9102
f 9095 9096 9104
f 9095 9104 9103
f 9096 9089 9097
f 9096 9097 9104
f 9089 9091 9090
f 9097 9098 9099
f 9089 9092 9091
f 9097 9099 9100
f 9089 9093 9092
f 9097 9100 9101
f 9089 9094 9093
f 9097 9101 9102
f 9089 9095 9094
f 9097 9102 9103
f 9089 9096 9095
f 9097 9103 9104
f 9105 9106 9114
f 9105 9114 9113
f 9106 9107 9115
f 9106 9115 9114
f 9107 9108 9116
f 9107 9116 9115
f 9108 9109 9117
f 9108 9117 9116
f 9109 9110 9118
f 9109 9118 9117
f 9110 9111 9119
f 9110 9119 9118
f 9111 9112 9120
f 9111 9120 9119
f 9112 9105 9113
f 9112 9113 9120
f 9105 9107 9106
f 9113 9114 9115
f 9105 9108 9107
f 9113 9115 9116
f 9105 9109 9108
f 9113 9116 9117
f 9105 9110 9109
f 9113 9117 9118
f 9105 9111 9110
f 9113 9118 9119
f 9105 9112 9111
f 9113 9119 9120
f 9121 9122 9130
f 9121 9130 9129
f 9122 9123 9131
f 9122 9131 9130
f 9123 9124 9132
f 9123 9132 9131
f 9124 9125 9133
f 9124 9133 9132
f 9125 9126 9134
f 9125 9134 9133
f 9126 9127 9135
f 9126 9135 9134
f 9127 9128 9136
f 9127 9136 9135
f 9128 9121 9129
f 9128 9129 9136
f 9121 9123 9122
f 9129 9130 9131
f 9121 9124 9123
f 9129 9131 9132
f 9121 9125 9124
f 9129 9132 9133
f 9121 9126 9125
f 9129 9133 9134
f 9121 9127 9126
f 9129 9134 9135
f 9121 9128 9127
f 9129 9135 9136
f 9137 9138 9146
f 9137 9146 9145
f 9138 9139 9147
f 9138 9147 9146
f 9139 9140 9148
f 9139 9148 9147
f 9140 9141 9149
f 9140 9149 9148
f 9141 9142 9150
f 9141 9150 9149
f 9142 9143 9151
f 9142 9151 9150
f 9143 9144 9152
f 9143 9152 9151
f 9144 9137 9145
f 9144 9145 9152
f 9137 9139 9138
f 9145 9146 9147
f 9137 9140 9139
f 9145 9147 9148
f 9137 9141 9140
f 9145 9148 9149
f 9137 9142 9141
f 9145 9149 9150
f 9137 9143 9142
f 9145 9150 9151
f 9137 9144 9143
f 9145 9151 9152
f 9153 9154 9162
f 9153 9162 9161
f 9154 9155 9163
f 9154 9163 9162
f 9155 9156 9164
f 9155 9164 9163
f 9156 9157 9165
f 9156 9165 9164
f 9157 9158 9166
f 9157 9166 9165
f 9158 9159 9167
f 9158 9167 9166
f 9159 9160 9168
f 9159 9168 9167
f 9160 9153 9161
f 9160 9161 9168
f 9153 9155 9154
f 9161 9162 9163
f 9153 9156 9155
f 9161 9163 9164
f 9153 9157 9156
f 9161 9164 9165
f 9153 9158 9157
f 9161 9165 9166
f 9153 9159 9158
f 9161 9166 9167
f 9153 9160 9159
f 9161 9167 9168
f 9169 9170 9178
f 9169 9178 9177
f 9170 9171 9179
f 9170 9179 9178
f 9171 9172 9180
f 9171 9180 9179
f 9172 9173 9181
f 9172 9181 9180
f 9173 9174 9182
f 9173 9182 9181
f 9174 9175 9183
f 9174 9183 9182
f 9175 9176 9184
f 9175 9184 9183
f 9176 9169 9177
f 9176 9177 9184
f 9169 9171 9170
f 9177 9178 9179
f 9169 9172 9171
f 9177 9179 9180
f 9169 9173 9172
f 9177 9180 9181
f 9169 9174 9173
f 9177 9181 9182
f 9169 9175 9174
f 9177 9182 9183
f 9169 9176 9175
f 9177 9183 9184
f 9185 9186 9194
f 9185 9194 9193
f 9186 9187 9195
f 9186 9195 9194
f 9187 9188 9196
f 9187 9196 9195
f 9188 9189 9197
f 9188 9197 9196
f 9189 9190 9198
f 9189 9198 9197
f 9190 9191 9199
f 9190 9199 9198
f 9191 9192 9200
f 9191 9200 9199
f 9192 9185 9193
f 9192 9193 9200
f 9185 9187 9186
f 9193 9194 9195
f 9185 9188 9187
f 9193 9195 9196
f 9185 9189 9188
f 9193 9196 9197
f 9185 9190 9189
f 9193 9197 9198
f 9185 9191 9190
f 9193 9198 9199
f 9185 9192 9191
f 9193 9199 9200
f 9201 9202 9210
f 9201 9210 9209
f 9202 9203 9211
f 9202 9211 9210
f 9203 9204 9212
f 9203 9212 9211
f 9204 9205 9213
f 9204 9213 9212
f 9205 9206 9214
f 9205 9214 9213
f 9206 9207 9215
f 9206 9215 9214
f 9207 9208 9216
f 9207 9216 9215
f 9208 9201 9209
f 9208 9209 9216
f 9201 9203 9202
f 9209 9210 9211
f 9201 9204 9203
f 9209 9211 9212
f 9201 9205 9204
f 9209 9212 9213
f 9201 9206 9205
f 9209 9213 9214
f 9201 9207 9206
f 9209 9214 9215
f 9201 9208 9207
f 9209 9215 9216
f 9217 9218 9226
f 9217 9226 9225
f 9218 9219 9227
f 9218 9227 9226
f 9219 9220 9228
f 9219 9228 9227
f 9220 9221 9229
f 9220 9229 9228
f 9221 9222 9230
f 9221 9230 9229
f 9222 9223 9231
f 9222 9231 9230
f 9223 9224 9232
f 9223 9232 9231
f 9224 9217 9225
f 9224 9225 9232
f 9217 9219 9218
f 9225 9226 9227
f 9217 9220 9219
f 9225 9227 9228
f 9217 9221 9220
f 9225 9228 9229
f 9217 9222 9221
f 9225 9229 9230
f 9217 9223 9222
f 9225 9230 9231
f 9217 9224 9223
f 9225 9231 9232
f 9233 9234 9242
f 9233 9242 9241
f 9234 9235 9243
f 9234 9243 9242
f 9235 9236 9244
f 9235 9244 9243
f 9236 9237 9245
f 9236 9245 9244
f 9237 9238 9246
f 9237 9246 9245
f 9238 9239 9247
f 9238 9247 9246
f 9239 9240 9248
f 9239 9248 9247
f 9240 9233 9241
f 9240 9241 9248
f 9233 9235 9234
f 9241 9242 9243
f 9233 9236 9235
f 9241 9243 9244
f 9233 9237 9236
f 9241 9244 9245
f 9233 9238 9237
f 9241 9245 9246
f 9233 9239 9238
f 9241 9246 9247
f 9233 9240 9239
f 9241 9247 9248
f 9249 9250 9258
f 9249 9258 9257
f 9250 9251 9259
f 9250 9259 9258
f 9251 9252 9260
f 9251 9260 9259
f 9252 9253 9261
f 9252 9261 9260
f 9253 9254 9262
f 9253 9262 9261
f 9254 9255 9263
f 9254 9263 9262
f 9255 9256 9264
f 9255 9264 9263
f 9256 9249 9257
f 9256 9257 9264
f 9249 9251 9250
f 9257 9258 9259
f 9249 9252 9251
f 9257 9259 9260
f 9249 9253 9252
f 9257 9260 9261
f 9249 9254 9253
f 9257 9261 9262
f 9249 9255 9254
f 9257 9262 9263
f 9249 9256 9255
f 9257 9263 9264
f 9265 9266 9274
f 9265 9274 9273
f 9266 9267 9275
f 9266 9275 9274
f 9267 9268 9276
f 9267 9276 9275
f 9268 9269 9277
f 9268 9277 9276
f 9269 9270 9278
f 9269 9278 9277
f 9270 9271 9279
f 9270 9279 9278
f 9271 9272 9280
f 9271 9280 9279
f 9272 9265 9273
f 9272 9273 9280
f 9265 9267 9266
f 9273 9274 9275
f 9265 9268 9267
f 9273 9275 9276
f 9265 9269 9268
f 9273 9276 9277
f 9265 9270 9269
f 9273 9277 9278
f 9265 9271 9270
f 9273 9278 9279
f 9265 9272 9271
f 9273 9279 9280
f 9281 9282 9290
f 9281 9290 9289
f 9282 9283 9291
f 9282 9291 9290
f 9283 9284 9292
f 9283 9292 9291
f 9284 9285 9293
f 9284 9293 9292
f 9285 9286 9294
f 9285 9294 9293
f 9286 9287 9295
f 9286 9295 9294
f 9287 9288 9296
f 9287 9296 9295
f 9288 9281 9289
f 9288 9289 9296
f 9281 9283 9282
f 9289 9290 9291
f 9281 9284 9283
f 9289 9291 9292
f 9281 9285 9284
f 9289 9292 9293
f 9281 9286 9285
f 9289 9293 9294
f 9281 9287 9286
f 9289 9294 9295
f 9281 9288 9287
f 9289 9295 9296
f 9297 9298 9306
f 9297 9306 9305
f 9298 9299 9307
f 9298 9307 9306
f 9299 9300 9308
f 9299 9308 9307
f 9300 9301 9309
f 9300 9309 9308
f 9301 9302 9310
f 9301 9310 9309
f 9302 9303 9311
f 9302 9311 9310
f 9303 9304 9312
f 9303 9312 9311
f 9304 9297 9305
f 9304 9305 9312
f 9297 9299 9298
f 9305 9306 9307
f 9297 9300 9299
f 9305 9307 9308
f 9297 9301 9300
f 9305 9308 9309
f 9297 9302 9301
f 9305 9309 9310
f 9297 9303 9302
f 9305 9310 9311
f 9297 9304 9303
f 9305 9311 9312
f 9313 9314 9322
f 9313 9322 9321
f 9314 9315 9323
f 9314 9323 9322
f 9315 9316 9324
f 9315 9324 9323
f 9316 9317 9325
f 9316 9325 9324
f 9317 9318 9326
f 9317 9326 9325
f 9318 9319 9327
f 9318 9327 9326
f 9319 9320 9328
f 9319 9328 9327
f 9320 9313 9321
f 9320 9321 9328
f 9313 9315 9314
f 9321 9322 9323
f 9313 9316 9315
f 9321 9323 9324
f 9313 9317 9316
f 9321 9324 9325
f 9313 9318 9317
f 9321 9325 9326
f 9313 9319 9318
f 9321 9326 9327
f 9313 9320 9319
f 9321 9327 9328
f 9329 9330 9338
f 9329 9338 9337
f 9330 9331 9339
f 9330 9339 9338
f 9331 9332 9340
f 9331 9340 9339
f 9332 9333 9341
f 9332 9341 9340
f 9333 9334 9342
f 9333 9342 9341
f 9334 9335 9343
f 9334 9343 9342
f 9335 9336 9344
f 9335 9344 9343
f 9336 9329 9337
f 9336 9337 9344
f 9329 9331 9330
f 9337 9338 9339
f 9329 9332 9331
f 9337 9339 9340
f 9329 9333 9332
f 9337 9340 9341
f 9329 9334 9333
f 9337 9341 9342
f 9329 9335 9334
f 9337 9342 9343
f 9329 9336 9335
f 9337 9343 9344
f 9345 9346 9354
f 9345 9354 9353
f 9346 9347 9355
f 9346 9355 9354
f 9347 9348 9356
f 9347 9356 9355
f 9348 9349 9357
f 9348 9357 9356
f 9349 9350 9358
f 9349 9358 9357
f 9350 9351 9359
f 9350 9359 9358
f 9351 9352 9360
f 9351 9360 9359
f 9352 9345 9353
f 9352 9353 9360
f 9345 9347 9346
f 9353 9354 9355
f 9345 9348 9347
f 9353 9355 9356
f 9345 9349 9348
f 9353 9356 9357
f 9345 9350 9349
f 9353 9357 9358
f 9345 9351 9350
f 9353 9358 9359
f 9345 9352 9351
f 9353 9359 9360
f 9361 9362 9370
f 9361 9370 9369
f 9362 9363 9371
f 9362 9371 9370
f 9363 9364 9372
f 9363 9372 9371
f 9364 9365 9373
f 9364 9373 9372
f 9365 9366 9374
f 9365 9374 9373
f 9366 9367 9375
f 9366 9375 9374
f 9367 9368 9376
f 9367 9376 9375
f 9368 9361 9369
f 9368 9369 9376
f 9361 9363 9362
f 9369 9370 9371
f 9361 9364 9363
f 9369 9371 9372
f 9361 9365 9364
f 9369 9372 9373
f 9361 9366 9365
f 9369 9373 9374
f 9361 9367 9366
f 9369 9374 9375
f 9361 9368 9367
f 9369 9375 9376
f 9377 9378 9386
f 9377 9386 9385
f 9378 9379 9387
f 9378 9387 9386
f 9379 9380 9388
f 9379 9388 9387
f 9380 9381 9389
f 9380 9389 9388
f 9381 9382 9390
f 9381 9390 9389
f 9382 9383 9391
f 9382 9391 9390
f 9383 9384 9392
f 9383 9392 9391
f 9384 9377 9385
f 9384 9385 9392
f 9377 9379 9378
f 9385 9386 9387
f 9377 9380 9379
f 9385 9387 9388
f 9377 9381 9380
f 9385 9388 9389
f 9377 9382 9381
f 9385 9389 9390
f 9377 9383 9382
f 9385 9390 9391
f 9377 9384 9383
f 9385 9391 9392
f 9393 9394 9402
f 9393 9402 9401
f 9394 9395 9403
f 9394 9403 9402
f 9395 9396 9404
f 9395 9404 9403
f 9396 9397 9405
f 9396 9405 9404
f 9397 9398 9406
f 9397 9406 9405
f 9398 9399 9407
f 9398 9407 9406
f 9399 9400 9408
f 9399 9408 9407
f 9400 9393 9401
f 9400 9401 9408
f 9393 9395 9394
f 9401 9402 9403
f 9393 9396 9395
f 9401 9403 9404
f 9393 9397 9396
f 9401 9404 9405
f 9393 9398 9397
f 9401 9405 9406
f 9393 9399 9398
f 9401 9406 9407
f 9393 9400 9399
f 9401 9407 9408
f 9409 9410 9418
f 9409 9418 9417
f 9410 9411 9419
f 9410 9419 9418
f 9411 9412 9420
f 9411 9420 9419
f 9412 9413 9421
f 9412 9421 9420
f 9413 9414 9422
f 9413 9422 9421
f 9414 9415 9423
f 9414 9423 9422
f 9415 9416 9424
f 9415 9424 9423
f 9416 9409 9417
f 9416 9417 9424
f 9409 9411 9410
f 9417 9418 9419
f 9409 9412 9411
f 9417 9419 9420
f 9409 9413 9412
f 9417 9420 9421
f 9409 9414 9413
f 9417 9421 9422
f 9409 9415 9414
f 9417 9422 9423
f 9409 9416 9415
f 9417 9423 9424
f 9425 9426 9434
f 9425 9434 9433
f 9426 9427 9435
f 9426 9435 9434
f 9427 9428 9436
f 9427 9436 9435
f 9428 9429 9437
f 9428 9437 9436
f 9429 9430 9438
f 9429 9438 9437
f 9430 9431 9439
f 9430 9439 9438
f 9431 9432 9440
f 9431 9440 9439
f 9432 9425 9433
f 9432 9433 9440
f 9425 9427 9426
f 9433 9434 9435
f 9425 9428 9427
f 9433 9435 9436
f 9425 9429 9428
f 9433 9436 9437
f 9425 9430 9429
f 9433 9437 9438
f 9425 9431 9430
f 9433 9438 9439
f 9425 9432 9431
f 9433 9439 9440
f 9441 9442 9450
f 9441 9450 9449
f 9442 9443 9451
f 9442 9451 9450
f 9443 9444 9452
f 9443 9452 9451
f 9444 9445 9453
f 9444 9453 9452
f 9445 9446 9454
f 9445 9454 9453
f 9446 9447 9455
f 9446 9455 9454
f 9447 9448 9456
f 9447 9456 9455
f 9448 9441 9449
f 9448 9449 9456
f 9441 9443 9442
f 9449 9450 9451
f 9441 9444 9443
f 9449 9451 9452
f 9441 9445 9444
f 9449 9452 9453
f 9441 9446 9445
f 9449 9453 9454
f 9441 9447 9446
f 9449 9454 9455
f 9441 9448 9447
f 9449 9455 9456
f 9457 9458 9466
f 9457 9466 9465
f 9458 9459 9467
f 9458 9467 9466
f 9459 9460 9468
f 9459 9468 9467
f 9460 9461 9469
f 9460 9469 9468
f 9461 9462 9470
f 9461 9470 9469
f 9462 9463 9471
f 9462 9471 9470
f 9463 9464 9472
f 9463 9472 9471
f 9464 9457 9465
f 9464 9465 9472
f 9457 9459 9458
f 9465 9466 9467
f 9457 9460 9459
f 9465 9467 9468
f 9457 9461 9460
f 9465 9468 9469
f 9457 9462 9461
f 9465 9469 9470
f 9457 9463 9462
f 9465 9470 9471
f 9457 9464 9463
f 9465 9471 9472
f 9473 9474 9482
f 9473 9482 9481
f 9474 9475 9483
f 9474 9483 9482
f 9475 9476 9484
f 9475 9484 9483
f 9476 9477 9485
f 9476 9485 9484
f 9477 9478 9486
f 9477 9486 9485
f 9478 9479 9487
f 9478 9487 9486
f 9479 9480 9488
f 9479 9488 9487
f 9480 9473 9481
f 9480 9481 9488
f 9473 9475 9474
f 9481 9482 9483
f 9473 9476 9475
f 9481 9483 9484
f 9473 9477 9476
f 9481 9484 9485
f 9473 9478 9477
f 9481 9485 9486
f 9473 9479 9478
f 9481 9486 9487
f 9473 9480 9479
f 9481 9487 9488
f 9489 9490 9498
f 9489 9498 9497
f 9490 9491 9499
f 9490 9499 9498
f 9491 9492 9500
f 9491 9500 9499
f 9492 9493 9501
f 9492 9501 9500
f 9493 9494 9502
f 9493 9502 9501
f 9494 9495 9503
f 9494 9503 9502
f 9495 9496 9504
f 9495 9504 9503
f 9496 9489 9497
f 9496 9497 9504
f 9489 9491 9490
f 9497 9498 9499
f 9489 9492 9491
f 9497 9499 9500
f 9489 9493 9492
f 9497 9500 9501
f 9489 9494 9493
f 9497 9501 9502
f 9489 9495 9494
f 9497 9502 9503
f 9489 9496 9495
f 9497 9503 9504
f 9505 9506 9514
f 9505 9514 9513
f 9506 9507 9515
f 9506 9515 9514
f 9507 9508 9516
f 9507 9516 9515
f 9508 9509 9517
f 9508 9517 9516
f 9509 9510 9518
f 9509 9518 9517
f 9510 9511 9519
f 9510 9519 9518
f 9511 9512 9520
f 9511 9520 9519
f 9512 9505 9513
f 9512 9513 9520
f 9505 9507 9506
f 9513 9514 9515
f 9505 9508 9507
f 9513 9515 9516
f 9505 9509 9508
f 9513 9516 9517
f 9505 9510 9509
f 9513 9517 9518
f 9505 9511 9510
f 9513 9518 9519
f 9505 9512 9511
f 9513 9519 9520
f 9521 9522 9530
f 9521 9530 9529
f 9522 9523 9531
f 9522 9531 9530
f 9523 9524 9532
f 9523 9532 9531
f 9524 9525 9533
f 9524 9533 9532
f 9525 9526 9534
f 9525 9534 9533
f 9526 9527 9535
f 9526 9535 9534
f 9527 9528 9536
f 9527 9536 9535
f 9528 9521 9529
f 9528 9529 9536
f 9521 9523 9522
f 9529 9530 9531
f 9521 9524 9523
f 9529 9531 9532
f 9521 9525 9524
f 9529 9532 9533
f 9521 9526 9525
f 9529 9533 9534
f 9521 9527 9526
f 9529 9534 9535
f 9521 9528 9527
f 9529 9535 9536
f 9537 9538 9546
f 9537 9546 9545
f 9538 9539 9547
f 9538 9547 9546
f 9539 9540 9548
f 9539 9548 9547
f 9540 9541 9549
f 9540 9549 9548
f 9541 9542 9550
f 9541 9550 9549
f 9542 9543 9551
f 9542 9551 9550
f 9543 9544 9552
f 9543 9552 9551
f 9544 9537 9545
f 9544 9545 9552
f 9537 9539 9538
f 9545 9546 9547
f 9537 9540 9539
f 9545 9547 9548
f 9537 9541 9540
f 9545 9548 9549
f 9537 9542 9541
f 9545 9549 9550
f 9537 9543 9542
f 9545 9550 9551
f 9537 9544 9543
f 9545 9551 9552
f 9553 9554 9562
f 9553 9562 9561
f 9554 9555 9563
f 9554 9563 9562
f 9555 9556 9564
f 9555 9564 9563
f 9556 9557 9565
f 9556 9565 9564
f 9557 9558 9566
f 9557 9566 9565
f 9558 9559 9567
f 9558 9567 9566
f 9559 9560 9568
f 9559 9568 9567
f 9560 9553 9561
f 9560 9561 9568
f 9553 9555 9554
f 9561 9562 9563
f 9553 9556 9555
f 9561 9563 9564
f 9553 9557 9556
f 9561 9564 9565
f 9553 9558 9557
f 9561 9565 9566
f 9553 9559 9558
f 9561 9566 9567
f 9553 9560 9559
f 9561 9567 9568
f 9569 9570 9578
f 9569 9578 9577
f 9570 9571 9579
f 9570 9579 9578
f 9571 9572 9580
f 9571 9580 9579
f 9572 9573 9581
f 9572 9581 9580
f 9573 9574 9582
f 9573 9582 9581
f 9574 9575 9583
f 9574 9583 9582
f 9575 9576 9584
f 9575 9584 9583
f 9576 9569 9577
f 9576 9577 9584
f 9569 9571 9570
f 9577 9578 9579
f 9569 9572 9571
f 9577 9579 9580
f 9569 9573 9572
f 9577 9580 9581
f 9569 9574 9573
f 9577 9581 9582
f 9569 9575 9574
f 9577 9582 9583
f 9569 9576 9575
f 9577 9583 9584
f 9585 9586 9594
f 9585 9594 9593
f 9586 9587 9595
f 9586 9595 9594
f 9587 9588 9596
f 9587 9596 9595
f 9588 9589 9597
f 9588 9597 9596
f 9589 9590 9598
f 9589 9598 9597
f 9590 9591 9599
f 9590 9599 9598
f 9591 9592 9600
f 9591 9600 9599
f 9592 9585 9593
f 9592 9593 9600
f 9585 9587 9586
f 9593 9594 9595
f 9585 9588 9587
f 9593 9595 9596
f 9585 9589 9588
f 9593 9596 9597
f 9585 9590 9589
f 9593 9597 9598
f 9585 9591 9590
f 9593 9598 9599
f 9585 9592 9591
f 9593 9599 9600
f 9601 9602 9610
f 9601 9610 9609
f 9602 9603 9611
f 9602 9611 9610
f 9603 9604 9612
f 9603 9612 9611
f 9604 9605 9613
f 9604 9613 9612
f 9605 9606 9614
f 9605 9614 9613
f 9606 9607 9615
f 9606 9615 9614
f 9607 9608 9616
f 9607 9616 9615
f 9608 9601 9609
f 9608 9609 9616
f 9601 9603 9602
f 9609 9610 9611
f 9601 9604 9603
f 9609 9611 9612
f 9601 9605 9604
f 9609 9612 9613
f 9601 9606 9605
f 9609 9613 9614
f 9601 9607 9606
f 9609 9614 9615
f 9601 9608 9607
f 9609 9615 9616
f 9617 9618 9626
f 9617 9626 9625
f 9618 9619 9627
f 9618 9627 9626
f 9619 9620 9628
f 9619 9628 9627
f 9620 9621 9629
f 9620 9629 9628
f 9621 9622 9630
f 9621 9630 9629
f 9622 9623 9631
f 9622 9631 9630
f 9623 9624 9632
f 9623 9632 9631
f 9624 9617 9625
f 9624 9625 9632
f 9617 9619 9618
f 9625 9626 9627
f 9617 9620 9619
f 9625 9627 9628
f 9617 9621 9620
f 9625 9628 9629
f 9617 9622 9621
f 9625 9629 9630
f 9617 9623 9622
f 9625 9630 9631
f 9617 9624 9623
f 9625 9631 9632
f 9633 9634 9642
f 9633 9642 9641
f 9634 9635 9643
f 9634 9643 9642
f 9635 9636 9644
f 9635 9644 9643
f 9636 9637 9645
f 9636 9645 9644
f 9637 9638 9646
f 9637 9646 9645
f 9638 9639 9647
f 9638 9647 9646
f 9639 9640 9648
f 9639 9648 9647
f 9640 9633 9641
f 9640 9641 9648
f 9633 9635 9634
f 9641 9642 9643
f 9633 9636 9635
f 9641 9643 9644
f 9633 9637 9636
f 9641 9644 9645
f 9633 9638 9637
f 9641 9645 9646
f 9633 9639 9638
f 9641 9646 9647
f 9633 9640 9639
f 9641 9647 9648
f 9649 9650 9658
f 9649 9658 9657
f 9650 9651 9659
f 9650 9659 9658
f 9651 9652 9660
f 9651 9660 9659
f 9652 9653 9661
f 9652 9661 9660
f 9653 9654 9662
f 9653 9662 9661
f 9654 9655 9663
f 9654 9663 9662
f 9655 9656 9664
f 9655 9664 9663
f 9656 9649 9657
f 9656 9657 9664
f 9649 9651 9650
f 9657 9658 9659
f 9649 9652 9651
f 9657 9659 9660
f 9649 9653 9652
f 9657 9660 9661
f 9649 9654 9653
f 9657 9661 9662
f 9649 9655 9654
f 9657 9662 9663
f 9649 9656 9655
f 9657 9663 9664
f 9665 9666 9674
f 9665 9674 9673
f 9666 9667 9675
f 9666 9675 9674
f 9667 9668 9676
f 9667 9676 9675
f 9668 9669 9677
f 9668 9677 9676
f 9669 9670 9678
f 9669 9678 9677
f 9670 9671 9679
f 9670 9679 9678
f 9671 9672 9680
f 9671 9680 9679
f 9672 9665 9673
f 9672 9673 9680
f 9665 9667 9666
f 9673 9674 9675
f 9665 9668 9667
f 9673 9675 9676
f 9665 9669 9668
f 9673 9676 9677
f 9665 9670 9669
f 9673 9677 9678
f 9665 9671 9670
f 9673 9678 9679
f 9665 9672 9671
f 9673 9679 9680
f 9681 9682 9690
f 9681 9690 9689
f 9682 9683 9691
f 9682 9691 9690
f 9683 9684 9692
f 9683 9692 9691
f 9684 9685 9693
f 9684 9693 9692
f 9685 9686 9694
f 9685 9694 9693
f 9686 9687 9695
f 9686 9695 9694
f 9687 9688 9696
f 9687 9696 9695
f 9688 9681 9689
f 9688 9689 9696
f 9681 9683 9682
f 9689 9690 9691
f 9681 9684 9683
f 9689 9691 9692
f 9681 9685 9684
f 9689 9692 9693
f 9681 9686 9685
f 9689 9693 9694
f 9681 9687 9686
f 9689 9694 9695
f 9681 9688 9687
f 9689 9695 9696
f 9697 9698 9706
f 9697 9706 9705
f 9698 9699 9707
f 9698 9707 9706
f 9699 9700 9708
f 9699 9708 9707
f 9700 9701 9709
f 9700 9709 9708
f 9701 9702 9710
f 9701 9710 9709
f 9702 9703 9711
f 9702 9711 9710
f 9703 9704 9712
f 9703 9712 9711
f 9704 9697 9705
f 9704 9705 9712
f 9697 9699 9698
f 9705 9706 9707
f 9697 9700 9699
f 9705 9707 9708
f 9697 9701 9700
f 9705 9708 9709
f 9697 9702 9701
f 9705 9709 9710
f 9697 9703 9702
f 9705 9710 9711
f 9697 9704 9703
f 9705 9711 9712
f 9713 9714 9722
f 9713 9722 9721
f 9714 9715 9723
f 9714 9723 9722
f 9715 9716 9724
f 9715 9724 9723
f 9716 9717 9725
f 9716 9725 9724
f 9717 9718 9726
f 9717 9726 9725
f 9718 9719 9727
f 9718 9727 9726
f 9719 9720 9728
f 9719 9728 9727
f 9720 9713 9721
f 9720 9721 9728
f 9713 9715 9714
f 9721 9722 9723
f 9713 9716 9715
f 9721 9723 9724
f 9713 9717 9716
f 9721 9724 9725
f 9713 9718 9717
f 9721 9725 9726
f 9713 9719 9718
f 9721 9726 9727
f 9713 9720 9719
f 9721 9727 9728
f 9729 9730 9738
f 9729 9738 9737
f 9730 9731 9739
f 9730 9739 9738
f 9731 9732 9740
f 9731 9740 9739
f 9732 9733 9741
f 9732 9741 9740
f 9733 9734 9742
f 9733 9742 9741
f 9734 9735 9743
f 9734 9743 9742
f 9735 9736 9744
f 9735 9744 9743
f 9736 9729 9737
f 9736 9737 9744
f 9729 9731 9730
f 9737 9738 9739
f 9729 9732 9731
f 9737 9739 9740
f 9729 9733 9732
f 9737 9740 9741
f 9729 9734 9733
f 9737 9741 9742
f 9729 9735 9734
f 9737 9742 9743
f 9729 9736 9735
f 9737 9743 9744
f 9745 9746 9754
f 9745 9754 9753
f 9746 9747 9755
f 9746 9755 9754
f 9747 9748 9756
f 9747 9756 9755
f 9748 9749 9757
f 9748 9757 9756
f 9749 9750 9758
f 9749 9758 9757
f 9750 9751 9759
f 9750 9759 9758
f 9751 9752 9760
f 9751 9760 9759
f 9752 9745 9753
f 9752 9753 9760
f 9745 9747 9746
f 9753 9754 9755
f 9745 9748 9747
f 9753 9755 9756
f 9745 9749 9748
f 9753 9756 9757
f 9745 9750 9749
f 9753 9757 9758
f 9745 9751 9750
f 9753 9758 9759
f 9745 9752 9751
f 9753 9759 9760
f 9761 9762 9770
f 9761 9770 9769
f 9762 9763 9771
f 9762 9771 9770
f 9763 9764 9772
f 9763 9772 9771
f 9764 9765 9773
f 9764 9773 9772
f 9765 9766 9774
f 9765 9774 9773
f 9766 9767 9775
f 9766 9775 9774
f 9767 9768 9776
f 9767 9776 9775
f 9768 9761 9769
f 9768 9769 9776
f 9761 9763 9762
f 9769 9770 9771
f 9761 9764 9763
f 9769 9771 9772
f 9761 9765 9764
f 9769 9772 9773
f 9761 9766 9765
f 9769 9773 9774
f 9761 9767 9766
f 9769 9774 9775
f 9761 9768 9767
f 9769 9775 9776
f 9777 9778 9786
f 9777 9786 9785
f 9778 9779 9787
f 9778 9787 9786
f 9779 9780 9788
f 9779 9788 9787
f 9780 9781 9789
f 9780 9789 9788
f 9781 9782 9790
f 9781 9790 9789
f 9782 9783 9791
f 9782 9791 9790
f 9783 9784 9792
f 9783 9792 9791
f 9784 9777 9785
f 9784 9785 9792
f 9777 9779 9778
f 9785 9786 9787
f 9777 9780 9779
f 9785 9787 9788
f 9777 9781 9780
f 9785 9788 9789
f 9777 9782 9781
f 9785 9789 9790
f 9777 9783 9782
f 9785 9790 9791
f 9777 9784 9783
f 9785 9791 9792
f 9793 9794 9802
f 9793 9802 9801
f 9794 9795 9803
f 9794 9803 9802
f 9795 9796 9804
f 9795 9804 9803
f 9796 9797 9805
f 9796 9805 9804
f 9797 9798 9806
f 9797 9806 9805
f 9798 9799 9807
f 9798 9807 9806
f 9799 9800 9808
f 9799 9808 9807
f 9800 9793 9801
f 9800 9801 9808
f 9793 9795 9794
f 9801 9802 9803
f 9793 9796 9795
f 9801 9803 9804
f 9793 9797 9796
f 9801 9804 9805
f 9793 9798 9797
f 9801 9805 9806
f 9793 9799 9798
f 9801 9806 9807
f 9793 9800 9799
f 9801 9807 9808
f 9809 9810 9818
f 9809 9818 9817
f 9810 9811 9819
f 9810 9819 9818
f 9811 9812 9820
f 9811 9820 9819
f 9812 9813 9821
f 9812 9821 9820
f 9813 9814 9822
f 9813 9822 9821
f 9814 9815 9823
f 9814 9823 9822
f 9815 9816 9824
f 9815 9824 9823
f 9816 9809 9817
f 9816 9817 9824
f 9809 9811 9810
f 9817 9818 9819
f 9809 9812 9811
f 9817 9819 9820
f 9809 9813 9812
f 9817 9820 9821
f 9809 9814 9813
f 9817 9821 9822
f 9809 9815 9814
f 9817 9822 9823
f 9809 9816 9815
f 9817 9823 9824
f 9825 9826 9834
f 9825 9834 9833
f 9826 9827 9835
f 9826 9835 9834
f 9827 9828 9836
f 9827 9836 9835
f 9828 9829 9837
f 9828 9837 9836
f 9829 9830 9838
f 9829 9838 9837
f 9830 9831 9839
f 9830 9839 9838
f 9831 9832 9840
f 9831 9840 9839
f 9832 9825 9833
f 9832 9833 9840
f 9825 9827 9826
f 9833 9834 9835
f 9825 9828 9827
f 9833 9835 9836
f 9825 9829 9828
f 9833 9836 9837
f 9825 9830 9829
f 9833 9837 9838
f 9825 9831 9830
f 9833 9838 9839
f 9825 9832 9831
f 9833 9839 9840
f 9841 9842 9850
f 9841 9850 9849
f 9842 9843 9851
f 9842 9851 9850
f 9843 9844 9852
f 9843 9852 9851
f 9844 9845 9853
f 9844 9853 9852
f 9845 9846 9854
f 9845 9854 9853
f 9846 9847 9855
f 9846 9855 9854
f 9847 9848 9856
f 9847 9856 9855
f 9848 9841 9849
f 9848 9849 9856
f 9841 9843 9842
f 9849 9850 9851
f 9841 9844 9843
f 9849 9851 9852
f 9841 9845 9844
f 9849 9852 9853
f 9841 9846 9845
f 9849 9853 9854
f 9841 9847 9846
f 9849 9854 9855
f 9841 9848 9847
f 9849 9855 9856
f 9857 9858 9866
f 9857 9866 9865
f 9858 9859 9867
f 9858 9867 9866
f 9859 9860 9868
f 9859 9868 9867
f 9860 9861 9869
f 9860 9869 9868
f 9861 9862 9870
f 9861 9870 9869
f 9862 9863 9871
f 9862 9871 9870
f 9863 9864 9872
f 9863 9872 9871
f 9864 9857 9865
f 9864 9865 9872
f 9857 9859 9858
f 9865 9866 9867
f 9857 9860 9859
f 9865 9867 9868
f 9857 9861 9860
f 9865 9868 9869
f 9857 9862 9861
f 9865 9869 9870
f 9857 9863 9862
f 9865 9870 9871
f 9857 9864 9863
f 9865 9871 9872
f 9873 9874 9882
f 9873 9882 9881
f 9874 9875 9883
f 9874 9883 9882
f 9875 9876 9884
f 9875 9884 9883
f 9876 9877 9885
f 9876 9885 9884
f 9877 9878 9886
f 9877 9886 9885
f 9878 9879 9887
f 9878 9887 9886
f 9879 9880 9888
f 9879 9888 9887
f 9880 9873 9881
f 9880 9881 9888
f 9873 9875 9874
f 9881 9882 9883
f 9873 9876 9875
f 9881 9883 9884
f 9873 9877 9876
f 9881 9884 9885
f 9873 9878 9877
f 9881 9885 9886
f 9873 9879 9878
f 9881 9886 9887
f 9873 9880 9879
f 9881 9887 9888
f 9889 9890 9898
f 9889 9898 9897
f 9890 9891 9899
f 9890 9899 9898
f 9891 9892 9900
f 9891 9900 9899
f 9892 9893 9901
f 9892 9901 9900
f 9893 9894 9902
f 9893 9902 9901
f 9894 9895 9903
f 9894 9903 9902
f 9895 9896 9904
f 9895 9904 9903
f 9896 9889 9897
f 9896 9897 9904
f 9889 9891 9890
f 9897 9898 9899
f 9889 9892 9891
f 9897 9899 9900
f 9889 9893 9892
f 9897 9900 9901
f 9889 9894 9893
f 9897 9901 9902
f 9889 9895 9894
f 9897 9902 9903
f 9889 9896 9895
f 9897 9903 9904
f 9905 9906 9914
f 9905 9914 9913
f 9906 9907 9915
f 9906 9915 9914
f 9907 9908 9916
f 9907 9916 9915
f 9908 9909 9917
f 9908 9917 9916
f 9909 9910 9918
f 9909 9918 9917
f 9910 9911 9919
f 9910 9919 9918
f 9911 9912 9920
f 9911 9920 9919
f 9912 9905 9913
f 9912 9913 9920
f 9905 9907 9906
f 9913 9914 9915
f 9905 9908 9907
f 9913 9915 9916
f 9905 9909 9908
f 9913 9916 9917
f 9905 9910 9909
f 9913 9917 9918
f 9905 9911 9910
f 9913 9918 9919
f 9905 9912 9911
f 9913 9919 9920
f 9921 9922 9930
f 9921 9930 9929
f 9922 9923 9931
f 9922 9931 9930
f 9923 9924 9932
f 9923 9932 9931
f 9924 9925 9933
f 9924 9933 9932
f 9925 9926 9934
f 9925 9934 9933
f 9926 9927 9935
f 9926 9935 9934
f 9927 9928 9936
f 9927 9936 9935
f 9928 9921 9929
f 9928 9929 9936
f 9921 9923 9922
f 9929 9930 9931
f 9921 9924 9923
f 9929 9931 9932
f 9921 9925 9924
f 9929 9932 9933
f 9921 9926 9925
f 9929 9933 9934
f 9921 9927 9926
f 9929 9934 9935
f 9921 9928 9927
f 9929 9935 9936
f 9937 9938 9946
f 9937 9946 9945
f 9938 9939 9947
f 9938 9947 9946
f 9939 9940 9948
f 9939 9948 9947
f 9940 9941 9949
f 9940 9949 9948
f 9941 9942 9950
f 9941 9950 9949
f 9942 9943 9951
f 9942 9951 9950
f 9943 9944 9952
f 9943 9952 9951
f 9944 9937 9945
f 9944 9945 9952
f 9937 9939 9938
f 9945 9946 9947
f 9937 9940 9939
f 9945 9947 9948
f 9937 9941 9940
f 9945 9948 9949
f 9937 9942 9941
f 9945 9949 9950
f 9937 9943 9942
f 9945 9950 9951
f 9937 9944 9943
f 9945 9951 9952
f 9953 9954 9962
f 9953 9962 9961
f 9954 9955 9963
f 9954 9963 9962
f 9955 9956 9964
f 9955 9964 9963
f 9956 9957 9965
f 9956 9965 9964
f 9957 9958 9966
f 9957 9966 9965
f 9958 9959 9967
f 9958 9967 9966
f 9959 9960 9968
f 9959 9968 9967
f 9960 9953 9961
f 9960 9961 9968
f 9953 9955 9954
f 9961 9962 9963
f 9953 9956 9955
f 9961 9963 9964
f 9953 9957 9956
f 9961 9964 9965
f 9953 9958 9957
f 9961 9965 9966
f 9953 9959 9958
f 9961 9966 9967
f 9953 9960 9959
f 9961 9967 9968
f 9969 9970 9978
f 9969 9978 9977
f 9970 9971 9979
f 9970 9979 9978
f 9971 9972 9980
f 9971 9980 9979
f 9972 9973 9981
f 9972 9981 9980
f 9973 9974 9982
f 9973 9982 9981
f 9974 9975 9983
f 9974 9983 9982
f 9975 9976 9984
f 9975 9984 9983
f 9976 9969 9977
f 9976 9977 9984
f 9969 9971 9970
f 9977 9978 9979
f 9969 9972 9971
f 9977 9979 9980
f 9969 9973 9972
f 9977 9980 9981
f 9969 9974 9973
f 9977 9981 9982
f 9969 9975 9974
f 9977 9982 9983
f 9969 9976 9975
f 9977 9983 9984
f 9985 9986 9994
f 9985 9994 9993
f 9986 9987 9995
f 9986 9995 9994
f 9987 9988 9996
f 9987 9996 9995
f 9988 9989 9997
f 9988 9997 9996
f 9989 9990 9998
f 9989 9998 9997
f 9990 9991 9999
f 9990 9999 9998
f 9991 9992 10000
f 9991 10000 9999
f 9992 9985 9993
f 9992 9993 10000
f 9985 9987 9986
f 9993 9994 9995
f 9985 9988 9987
f 9993 9995 9996
f 9985 9989 9988
f 9993 9996 9997
f 9985 9990 9989
f 9993 9997 9998
f 9985 9991 9990
f 9993 9998 9999
f 9985 9992 9991
f 9993 9999 10000
f 10001 10002 10010
f 10001 10010 10009
f 10002 10003 10011
f 10002 10011 10010
f 10003 10004 10012
f 10003 10012 10011
f 10004 10005 10013
f 10004 10013 10012
f 10005 10006 10014
f 10005 10014 10013
f 10006 10007 10015
f 10006 10015 10014
f 10007 10008 10016
f 10007 10016 10015
f 10008 10001 10009
f 10008 10009 10016
f 10001 10003 10002
f 10009 10010 10011
f 10001 10004 10003
f 10009 10011 10012
f 10001 10005 10004
f 10009 10012 10013
f 10001 10006 10005
f 10009 10013 10014
f 10001 10007 10006
f 10009 10014 10015
f 10001 10008 10007
f 10009 10015 10016
f 10017 10018 10026
f 10017 10026 10025
f 10018 10019 10027
f 10018 10027 10026
f 10019 10020 10028
f 10019 10028 10027
f 10020 10021 10029
f 10020 10029 10028
f 10021 10022 10030
f 10021 10030 10029
f 10022 10023 10031
f 10022 10031 10030
f 10023 10024 10032
f 10023 10032 10031
f 10024 10017 10025
f 10024 10025 10032
f 10017 10019 10018
f 10025 10026 10027
f 10017 10020 10019
f 10025 10027 10028
f 10017 10021 10020
f 10025 10028 10029
f 10017 10022 10021
f 10025 10029 10030
f 10017 10023 10022
f 10025 10030 10031
f 10017 10024 10023
f 10025 10031 10032
f 10033 10034 10042
f 10033 10042 10041
f 10034 10035 10043
f 10034 10043 10042
f 10035 10036 10044
f 10035 10044 10043
f 10036 10037 10045
f 10036 10045 10044
f 10037 10038 10046
f 10037 10046 10045
f 10038 10039 10047
f 10038 10047 10046
f 10039 10040 10048
f 10039 10048 10047
f 10040 10033 10041
f 10040 10041 10048
f 10033 10035 10034
f 10041 10042 10043
f 10033 10036 10035
f 10041 10043 10044
f 10033 10037 10036
f 10041 10044 10045
f 10033 10038 10037
f 10041 10045 10046
f 10033 10039 10038
f 10041 10046 10047
f 10033 10040 10039
f 10041 10047 10048
f 10049 10050 10058
f 10049 10058 10057
f 10050 10051 10059
f 10050 10059 10058
f 10051 10052 10060
f 10051 10060 10059
f 10052 10053 10061
f 10052 10061 10060
f 10053 10054 10062
f 10053 10062 10061
f 10054 10055 10063
f 10054 10063 10062
f 10055 10056 10064
f 10055 10064 10063
f 10056 10049 10057
f 10056 10057 10064
f 10049 10051 10050
f 10057 10058 10059
f 10049 10052 10051
f 10057 10059 10060
f 10049 10053 10052
f 10057 10060 10061
f 10049 10054 10053
f 10057 10061 10062
f 10049 10055 10054
f 10057 10062 10063
f 10049 10056 10055
f 10057 10063 10064
f 10065 10066 10074
f 10065 10074 10073
f 10066 10067 10075
f 10066 10075 10074
f 10067 10068 10076
f 10067 10076 10075
f 10068 10069 10077
f 10068 10077 10076
f 10069 10070 10078
f 10069 10078 10077
f 10070 10071 10079
f 10070 10079 10078
f 10071 10072 10080
f 10071 10080 10079
f 10072 10065 10073
f 10072 10073 10080
f 10065 10067 10066
f 10073 10074 10075
f 10065 10068 10067
f 10073 10075 10076
f 10065 10069 10068
f 10073 10076 10077
f 10065 10070 10069
f 10073 10077 10078
f 10065 10071 10070
f 10073 10078 10079
f 10065 10072 10071
f 10073 10079 10080
f 10081 10082 10090
f 10081 10090 10089
f 10082 10083 10091
f 10082 10091 10090
f 10083 10084 10092
f 10083 10092 10091
f 10084 10085 10093
f 10084 10093 10092
f 10085 10086 10094
f 10085 10094 10093
f 10086 10087 10095
f 10086 10095 10094
f 10087 10088 10096
f 10087 10096 10095
f 10088 10081 10089
f 10088 10089 10096
f 10081 10083 10082
f 10089 10090 10091
f 10081 10084 10083
f 10089 10091 10092
f 10081 10085 10084
f 10089 10092 10093
f 10081 10086 10085
f 10089 10093 10094
f 10081 10087 10086
f 10089 10094 10095
f 10081 10088 10087
f 10089 10095 10096
f 10097 10098 10106
f 10097 10106 10105
f 10098 10099 10107
f 10098 10107 10106
f 10099 10100 10108
f 10099 10108 10107
f 10100 10101 10109
f 10100 10109 10108
f 10101 10102 10110
f 10101 10110 10109
f 10102 10103 10111
f 10102 10111 10110
f 10103 10104 10112
f 10103 10112 10111
f 10104 10097 10105
f 10104 10105 10112
f 10097 10099 10098
f 10105 10106 10107
f 10097 10100 10099
f 10105 10107 10108
f 10097 10101 10100
f 10105 10108 10109
f 10097 10102 10101
f 10105 10109 10110
f 10097 10103 10102
f 10105 10110 10111
f 10097 10104 10103
f 10105 10111 10112
f 10113 10114 10122
f 10113 10122 10121
f 10114 10115 10123
f 10114 10123 10122
f 10115 10116 10124
f 10115 10124 10123
f 10116 10117 10125
f 10116 10125 10124
f 10117 10118 10126
f 10117 10126 10125
f 10118 10119 10127
f 10118 10127 10126
f 10119 10120 10128
f 10119 10128 10127
f 10120 10113 10121
f 10120 10121 10128
f 10113 10115 10114
f 10121 10122 10123
f 10113 10116 10115
f 10121 10123 10124
f 10113 10117 10116
f 10121 10124 10125
f 10113 10118 10117
f 10121 10125 10126
f 10113 10119 10118
f 10121 10126 10127
f 10113 10120 10119
f 10121 10127 10128
f 10129 10130 10138
f 10129 10138 10137
f 10130 10131 10139
f 10130 10139 10138
f 10131 10132 10140
f 10131 10140 10139
f 10132 10133 10141
f 10132 10141 10140
f 10133 10134 10142
f 10133 10142 10141
f 10134 10135 10143
f 10134 10143 10142
f 10135 10136 10144
f 10135 10144 10143
f 10136 10129 10137
f 10136 10137 10144
f 10129 10131 10130
f 10137 10138 10139
f 10129 10132 10131
f 10137 10139 10140
f 10129 10133 10132
f 10137 10140 10141
f 10129 10134 10133
f 10137 10141 10142
f 10129 10135 10134
f 10137 10142 10143
f 10129 10136 10135
f 10137 10143 10144
f 10145 10146 10154
f 10145 10154 10153
f 10146 10147 10155
f 10146 10155 10154
f 10147 10148 10156
f 10147 10156 10155
f 10148 10149 10157
f 10148 10157 10156
f 10149 10150 10158
f 10149 10158 10157
f 10150 10151 10159
f 10150 10159 10158
f 10151 10152 10160
f 10151 10160 10159
f 10152 10145 10153
f 10152 10153 10160
f 10145 10147 10146
f 10153 10154 10155
f 10145 10148 10147
f 10153 10155 10156
f 10145 10149 10148
f 10153 10156 10157
f 10145 10150 10149
f 10153 10157 10158
f 10145 10151 10150
f 10153 10158 10159
f 10145 10152 10151
f 10153 10159 10160
f 10161 10162 10170
f 10161 10170 10169
f 10162 10163 10171
f 10162 10171 10170
f 10163 10164 10172
f 10163 10172 10171
f 10164 10165 10173
f 10164 10173 10172
f 10165 10166 10174
f 10165 10174 10173
f 10166 10167 10175
f 10166 10175 10174
f 10167 10168 10176
f 10167 10176 10175
f 10168 10161 10169
f 10168 10169 10176
f 10161 10163 10162
f 10169 10170 10171
f 10161 10164 10163
f 10169 10171 10172
f 10161 10165 10164
f 10169 10172 10173
f 10161 10166 10165
f 10169 10173 10174
f 10161 10167 10166
f 10169 10174 10175
f 10161 10168 10167
f 10169 10175 10176
f 10177 10178 10186
f 10177 10186 10185
f 10178 10179 10187
f 10178 10187 10186
f 10179 10180 10188
f 10179 10188 10187
f 10180 10181 10189
f 10180 10189 10188
f 10181 10182 10190
f 10181 10190 10189
f 10182 10183 10191
f 10182 10191 10190
f 10183 10184 10192
f 10183 10192 10191
f 10184 10177 10185
f 10184 10185 10192
f 10177 10179 10178
f 10185 10186 10187
f 10177 10180 10179
f 10185 10187 10188
f 10177 10181 10180
f 10185 10188 10189
f 10177 10182 10181
f 10185 10189 10190
f 10177 10183 10182
f 10185 10190 10191
f 10177 10184 10183
f 10185 10191 10192
f 10193 10194 10202
f 10193 10202 10201
f 10194 10195 10203
f 10194 10203 10202
f 10195 10196 10204
f 10195 10204 10203
f 10196 10197 10205
f 10196 10205 10204
f 10197 10198 10206
f 10197 10206 10205
f 10198 10199 10207
f 10198 10207 10206
f 10199 10200 10208
f 10199 10208 10207
f 10200 10193 10201
f 10200 10201 10208
f 10193 10195 10194
f 10201 10202 10203
f 10193 10196 10195
f 10201 10203 10204
f 10193 10197 10196
f 10201 10204 10205
f 10193 10198 10197
f 10201 10205 10206
f 10193 10199 10198
f 10201 10206 10207
f 10193 10200 10199
f 10201 10207 10208
f 10209 10210 10218
f 10209 10218 10217
f 10210 10211 10219
f 10210 10219 10218
f 10211 10212 10220
f 10211 10220 10219
f 10212 10213 10221
f 10212 10221 10220
f 10213 10214 10222
f 10213 10222 10221
f 10214 10215 10223
f 10214 10223 10222
f 10215 10216 10224
f 10215 10224 10223
f 10216 10209 10217
f 10216 10217 10224
f 10209 10211 10210
f 10217 10218 10219
f 10209 10212 10211
f 10217 10219 10220
f 10209 10213 10212
f 10217 10220 10221
f 10209 10214 10213
f 10217 10221 10222
f 10209 10215 10214
f 10217 10222 10223
f 10209 10216 10215
f 10217 10223 10224
f 10225 10226 10234
f 10225 10234 10233
f 10226 10227 10235
f 10226 10235 10234
f 10227 10228 10236
f 10227 10236 10235
f 10228 10229 10237
f 10228 10237 10236
f 10229 10230 10238
f 10229 10238 10237
f 10230 10231 10239
f 10230 10239 10238
f 10231 10232 10240
f 10231 10240 10239
f 10232 10225 10233
f 10232 10233 10240
f 10225 10227 10226
f 10233 10234 10235
f 10225 10228 10227
f 10233 10235 10236
f 10225 10229 10228
f 10233 10236 10237
f 10225 10230 10229
f 10233 10237 10238
f 10225 10231 10230
f 10233 10238 10239
f 10225 10232 10231
f 10233 10239 10240
f 10241 10242 10250
f 10241 10250 10249
f 10242 10243 10251
f 10242 10251 10250
f 10243 10244 10252
f 10243 10252 10251
f 10244 10245 10253
f 10244 10253 10252
f 10245 10246 10254
f 10245 10254 10253
f 10246 10247 10255
f 10246 10255 10254
f 10247 10248 10256
f 10247 10256 10255
f 10248 10241 10249
f 10248 10249 10256
f 10241 10243 10242
f 10249 10250 10251
f 10241 10244 10243
f 10249 10251 10252
f 10241 10245 10244
f 10249 10252 10253
f 10241 10246 10245
f 10249 10253 10254
f 10241 10247 10246
f 10249 10254 10255
f 10241 10248 10247
f 10249 10255 10256
f 10257 10258 10266
f 10257 10266 10265
f 10258 10259 10267
f 10258 10267 10266
f 10259 10260 10268
f 10259 10268 10267
f 10260 10261 10269
f 10260 10269 10268
f 10261 10262 10270
f 10261 10270 10269
f 10262 10263 10271
f 10262 10271 10270
f 10263 10264 10272
f 10263 10272 10271
f 10264 10257 10265
f 10264 10265 10272
f 10257 10259 10258
f 10265 10266 10267
f 10257 10260 10259
f 10265 10267 10268
f 10257 10261 10260
f 10265 10268 10269
f 10257 10262 10261
f 10265 10269 10270
f 10257 10263 10262
f 10265 10270 10271
f 10257 10264 10263
f 10265 10271 10272
f 10273 10274 10282
f 10273 10282 10281
f 10274 10275 10283
f 10274 10283 10282
f 10275 10276 10284
f 10275 10284 10283
f 10276 10277 10285
f 10276 10285 10284
f 10277 10278 10286
f 10277 10286 10285
f 10278 10279 10287
f 10278 10287 10286
f 10279 10280 10288
f 10279 10288 10287
f 10280 10273 10281
f 10280 10281 10288
f 10273 10275 10274
f 10281 10282 10283
f 10273 10276 10275
f 10281 10283 10284
f 10273 10277 10276
f 10281 10284 10285
f 10273 10278 10277
f 10281 10285 10286
f 10273 10279 10278
f 10281 10286 10287
f 10273 10280 10279
f 10281 10287 10288
f 10289 10290 10298
f 10289 10298 10297
f 10290 10291 10299
f 10290 10299 10298
f 10291 10292 10300
f 10291 10300 10299
f 10292 10293 10301
f 10292 10301 10300
f 10293 10294 10302
f 10293 10302 10301
f 10294 10295 10303
f 10294 10303 10302
f 10295 10296 10304
f 10295 10304 10303
f 10296 10289 10297
f 10296 10297 10304
f 10289 10291 10290
f 10297 10298 10299
f 10289 10292 10291
f 10297 10299 10300
f 10289 10293 10292
f 10297 10300 10301
f 10289 10294 10293
f 10297 10301 10302
f 10289 10295 10294
f 10297 10302 10303
f 10289 10296 10295
f 10297 10303 10304
f 10305 10306 10314
f 10305 10314 10313
f 10306 10307 10315
f 10306 10315 10314
f 10307 10308 10316
f 10307 10316 10315
f 10308 10309 10317
f 10308 10317 10316
f 10309 10310 10318
f 10309 10318 10317
f 10310 10311 10319
f 10310 10319 10318
f 10311 10312 10320
f 10311 10320 10319
f 10312 10305 10313
f 10312 10313 10320
f 10305 10307 10306
f 10313 10314 10315
f 10305 10308 10307
f 10313 10315 10316
f 10305 10309 10308
f 10313 10316 10317
f 10305 10310 10309
f 10313 10317 10318
f 10305 10311 10310
f 10313 10318 10319
f 10305 10312 10311
f 10313 10319 10320
f 10321 10322 10330
f 10321 10330 10329
f 10322 10323 10331
f 10322 10331 10330
f 10323 10324 10332
f 10323 10332 10331
f 10324 10325 10333
f 10324 10333 10332
f 10325 10326 10334
f 10325 10334 10333
f 10326 10327 10335
f 10326 10335 10334
f 10327 10328 10336
f 10327 10336 10335
f 10328 10321 10329
f 10328 10329 10336
f 10321 10323 10322
f 10329 10330 10331
f 10321 10324 10323
f 10329 10331 10332
f 10321 10325 10324
f 10329 10332 10333
f 10321 10326 10325
f 10329 10333 10334
f 10321 10327 10326
f 10329 10334 10335
f 10321 10328 10327
f 10329 10335 10336
f 10337 10338 10346
f 10337 10346 10345
f 10338 10339 10347
f 10338 10347 10346
f 10339 10340 10348
f 10339 10348 10347
f 10340 10341 10349
f 10340 10349 10348
f 10341 10342 10350
f 10341 10350 10349
f 10342 10343 10351
f 10342 10351 10350
f 10343 10344 10352
f 10343 10352 10351
f 10344 10337 10345
f 10344 10345 10352
f 10337 10339 10338
f 10345 10346 10347
f 10337 10340 10339
f 10345 10347 10348
f 10337 10341 10340
f 10345 10348 10349
f 10337 10342 10341
f 10345 10349 10350
f 10337 10343 10342
f 10345 10350 10351
f 10337 10344 10343
f 10345 10351 10352
f 10353 10354 10362
f 10353 10362 10361
f 10354 10355 10363
f 10354 10363 10362
f 10355 10356 10364
f 10355 10364 10363
f 10356 10357 10365
f 10356 10365 10364
f 10357 10358 10366
f 10357 10366 10365
f 10358 10359 10367
f 10358 10367 10366
f 10359 10360 10368
f 10359 10368 10367
f 10360 10353 10361
f 10360 10361 10368
f 10353 10355 10354
f 10361 10362 10363
f 10353 10356 10355
f 10361 10363 10364
f 10353 10357 10356
f 10361 10364 10365
f 10353 10358 10357
f 10361 10365 10366
f 10353 10359 10358
f 10361 10366 10367
f 10353 10360 10359
f 10361 10367 10368
f 10369 10370 10378
f 10369 10378 10377
f 10370 10371 10379
f 10370 10379 10378
f 10371 10372 10380
f 10371 10380 10379
f 10372 10373 10381
f 10372 10381 10380
f 10373 10374 10382
f 10373 10382 10381
f 10374 10375 10383
f 10374 10383 10382
f 10375 10376 10384
f 10375 10384 10383
f 10376 10369 10377
f 10376 10377 10384
f 10369 10371 10370
f 10377 10378 10379
f 10369 10372 10371
f 10377 10379 10380
f 10369 10373 10372
f 10377 10380 10381
f 10369 10374 10373
f 10377 10381 10382
f 10369 10375 10374
f 10377 10382 10383
f 10369 10376 10375
f 10377 10383 10384
f 10385 10386 10394
f 10385 10394 10393
f 10386 10387 10395
f 10386 10395 10394
f 10387 10388 10396
f 10387 10396 10395
f 10388 10389 10397
f 10388 10397 10396
f 10389 10390 10398
f 10389 10398 10397
f 10390 10391 10399
f 10390 10399 10398
f 10391 10392 10400
f 10391 10400 10399
f 10392 10385 10393
f 10392 10393 10400
f 10385 10387 10386
f 10393 10394 10395
f 10385 10388 10387
f 10393 10395 10396
f 10385 10389 10388
f 10393 10396 10397
f 10385 10390 10389
f 10393 10397 10398
f 10385 10391 10390
f 10393 10398 10399
f 10385 10392 10391
f 10393 10399 10400
f 10401 10402 10410
f 10401 10410 10409
f 10402 10403 10411
f 10402 10411 10410
f 10403 10404 10412
f 10403 10412 10411
f 10404 10405 10413
f 10404 10413 10412
f 10405 10406 10414
f 10405 10414 10413
f 10406 10407 10415
f 10406 10415 10414
f 10407 10408 10416
f 10407 10416 10415
f 10408 10401 10409
f 10408 10409 10416
f 10401 10403 10402
f 10409 10410 10411
f 10401 10404 10403
f 10409 10411 10412
f 10401 10405 10404
f 10409 10412 10413
f 10401 10406 10405
f 10409 10413 10414
f 10401 10407 10406
f 10409 10414 10415
f 10401 10408 10407
f 10409 10415 10416
f 10417 10418 10426
f 10417 10426 10425
f 10418 10419 10427
f 10418 10427 10426
f 10419 10420 10428
f 10419 10428 10427
f 10420 10421 10429
f 10420 10429 10428
f 10421 10422 10430
f 10421 10430 10429
f 10422 10423 10431
f 10422 10431 10430
f 10423 10424 10432
f 10423 10432 10431
f 10424 10417 10425
f 10424 10425 10432
f 10417 10419 10418
f 10425 10426 10427
f 10417 10420 10419
f 10425 10427 10428
f 10417 10421 10420
f 10425 10428 10429
f 10417 10422 10421
f 10425 10429 10430
f 10417 10423 10422
f 10425 10430 10431
f 10417 10424 10423
f 10425 10431 10432
f 10433 10434 10442
f 10433 10442 10441
f 10434 10435 10443
f 10434 10443 10442
f 10435 10436 10444
f 10435 10444 10443
f 10436 10437 10445
f 10436 10445 10444
f 10437 10438 10446
f 10437 10446 10445
f 10438 10439 10447
f 10438 10447 10446
f 10439 10440 10448
f 10439 10448 10447
f 10440 10433 10441
f 10440 10441 10448
f 10433 10435 10434
f 10441 10442 10443
f 10433 10436 10435
f 10441 10443 10444
f 10433 10437 10436
f 10441 10444 10445
f 10433 10438 10437
f 10441 10445 10446
f 10433 10439 10438
f 10441 10446 10447
f 10433 10440 10439
f 10441 10447 10448
f 10449 10450 10458
f 10449 10458 10457
f 10450 10451 10459
f 10450 10459 10458
f 10451 10452 10460
f 10451 10460 10459
f 10452 10453 10461
f 10452 10461 10460
f 10453 10454 10462
f 10453 10462 10461
f 10454 10455 10463
f 10454 10463 10462
f 10455 10456 10464
f 10455 10464 10463
f 10456 10449 10457
f 10456 10457 10464
f 10449 10451 10450
f 10457 10458 10459
f 10449 10452 10451
f 10457 10459 10460
f 10449 10453 10452
f 10457 10460 10461
f 10449 10454 10453
f 10457 10461 10462
f 10449 10455 10454
f 10457 10462 10463
f 10449 10456 10455
f 10457 10463 10464
f 10465 10466 10474
f 10465 10474 10473
f 10466 10467 10475
f 10466 10475 10474
f 10467 10468 10476
f 10467 10476 10475
f 10468 10469 10477
f 10468 10477 10476
f 10469 10470 10478
f 10469 10478 10477
f 10470 10471 10479
f 10470 10479 10478
f 10471 10472 10480
f 10471 10480 10479
f 10472 10465 10473
f 10472 10473 10480
f 10465 10467 10466
f 10473 10474 10475
f 10465 10468 10467
f 10473 10475 10476
f 10465 10469 10468
f 10473 10476 10477
f 10465 10470 10469
f 10473 10477 10478
f 10465 10471 10470
f 10473 10478 10479
f 10465 10472 10471
f 10473 10479 10480
f 10481 10482 10490
f 10481 10490 10489
f 10482 10483 10491
f 10482 10491 10490
f 10483 10484 10492
f 10483 10492 10491
f 10484 10485 10493
f 10484 10493 10492
f 10485 10486 10494
f 10485 10494 10493
f 10486 10487 10495
f 10486 10495 10494
f 10487 10488 10496
f 10487 10496 10495
f 10488 10481 10489
f 10488 10489 10496
f 10481 10483 10482
f 10489 10490 10491
f 10481 10484 10483
f 10489 10491 10492
f 10481 10485 10484
f 10489 10492 10493
f 10481 10486 10485
f 10489 10493 10494
f 10481 10487 10486
f 10489 10494 10495
f 10481 10488 10487
f 10489 10495 10496
f 10497 10498 10506
f 10497 10506 10505
f 10498 10499 10507
f 10498 10507 10506
f 10499 10500 10508
f 10499 10508 10507
f 10500 10501 10509
f 10500 10509 10508
f 10501 10502 10510
f 10501 10510 10509
f 10502 10503 10511
f 10502 10511 10510
f 10503 10504 10512
f 10503 10512 10511
f 10504 10497 10505
f 10504 10505 10512
f 10497 10499 10498
f 10505 10506 10507
f 10497 10500 10499
f 10505 10507 10508
f 10497 10501 10500
f 10505 10508 10509
f 10497 10502 10501
f 10505 10509 10510
f 10497 10503 10502
f 10505 10510 10511
f 10497 10504 10503
f 10505 10511 10512
f 10513 10514 10522
f 10513 10522 10521
f 10514 10515 10523
f 10514 10523 10522
f 10515 10516 10524
f 10515 10524 10523
f 10516 10517 10525
f 10516 10525 10524
f 10517 10518 10526
f 10517 10526 10525
f 10518 10519 10527
f 10518 10527 10526
f 10519 10520 10528
f 10519 10528 10527
f 10520 10513 10521
f 10520 10521 10528
f 10513 10515 10514
f 10521 10522 10523
f 10513 10516 10515
f 10521 10523 10524
f 10513 10517 10516
f 10521 10524 10525
f 10513 10518 10517
f 10521 10525 10526
f 10513 10519 10518
f 10521 10526 10527
f 10513 10520 10519
f 10521 10527 10528
f 10529 10530 10538
f 10529 10538 10537
f 10530 10531 10539
f 10530 10539 10538
f 10531 10532 10540
f 10531 10540 10539
f 10532 10533 10541
f 10532 10541 10540
f 10533 10534 10542
f 10533 10542 10541
f 10534 10535 10543
f 10534 10543 10542
f 10535 10536 10544
f 10535 10544 10543
f 10536 10529 10537
f 10536 10537 10544
f 10529 10531 10530
f 10537 10538 10539
f 10529 10532 10531
f 10537 10539 10540
f 10529 10533 10532
f 10537 10540 10541
f 10529 10534 10533
f 10537 10541 10542
f 10529 10535 10534
f 10537 10542 10543
f 10529 10536 10535
f 10537 10543 10544
f 10545 10546 10554
f 10545 10554 10553
f 10546 10547 10555
f 10546 10555 10554
f 10547 10548 10556
f 10547 10556 10555
f 10548 10549 10557
f 10548 10557 10556
f 10549 10550 10558
f 10549 10558 10557
f 10550 10551 10559
f 10550 10559 10558
f 10551 10552 10560
f 10551 10560 10559
f 10552 10545 10553
f 10552 10553 10560
f 10545 10547 10546
f 10553 10554 10555
f 10545 10548 10547
f 10553 10555 10556
f 10545 10549 10548
f 10553 10556 10557
f 10545 10550 10549
f 10553 10557 10558
f 10545 10551 10550
f 10553 10558 10559
f 10545 10552 10551
f 10553 10559 10560
f 10561 10562 10570
f 10561 10570 10569
f 10562 10563 10571
f 10562 10571 10570
f 10563 10564 10572
f 10563 10572 10571
f 10564 10565 10573
f 10564 10573 10572
f 10565 10566 10574
f 10565 10574 10573
f 10566 10567 10575
f 10566 10575 10574
f 10567 10568 10576
f 10567 10576 10575
f 10568 10561 10569
f 10568 10569 10576
f 10561 10563 10562
f 10569 10570 10571
f 10561 10564 10563
f 10569 10571 10572
f 10561 10565 10564
f 10569 10572 10573
f 10561 10566 10565
f 10569 10573 10574
f 10561 10567 10566
f 10569 10574 10575
f 10561 10568 10567
f 10569 10575 10576
f 10577 10578 10586
f 10577 10586 10585
f 10578 10579 10587
f 10578 10587 10586
f 10579 10580 10588
f 10579 10588 10587
f 10580 10581 10589
f 10580 10589 10588
f 10581 10582 10590
f 10581 10590 10589
f 10582 10583 10591
f 10582 10591 10590
f 10583 10584 10592
f 10583 10592 10591
f 10584 10577 10585
f 10584 10585 10592
f 10577 10579 10578
f 10585 10586 10587
f 10577 10580 10579
f 10585 10587 10588
f 10577 10581 10580
f 10585 10588 10589
f 10577 10582 10581
f 10585 10589 10590
f 10577 10583 10582
f 10585 10590 10591
f 10577 10584 10583
f 10585 10591 10592
f 10593 10594 10602
f 10593 10602 10601
f 10594 10595 10603
f 10594 10603 10602
f 10595 10596 10604
f 10595 10604 10603
f 10596 10597 10605
f 10596 10605 10604
f 10597 10598 10606
f 10597 10606 10605
f 10598 10599 10607
f 10598 10607 10606
f 10599 10600 10608
f 10599 10608 10607
f 10600 10593 10601
f 10600 10601 10608
f 10593 10595 10594
f 10601 10602 10603
f 10593 10596 10595
f 10601 10603 10604
f 10593 10597 10596
f 10601 10604 10605
f 10593 10598 10597
f 10601 10605 10606
f 10593 10599 10598
f 10601 10606 10607
f 10593 10600 10599
f 10601 10607 10608
f 10609 10610 10618
f 10609 10618 10617
f 10610 10611 10619
f 10610 10619 10618
f 10611 10612 10620
f 10611 10620 10619
f 10612 10613 10621
f 10612 10621 10620
f 10613 10614 10622
f 10613 10622 10621
f 10614 10615 10623
f 10614 10623 10622
f 10615 10616 10624
f 10615 10624 10623
f 10616 10609 10617
f 10616 10617 10624
f 10609 10611 10610
f 10617 10618 10619
f 10609 10612 10611
f 10617 10619 10620
f 10609 10613 10612
f 10617 10620 10621
f 10609 10614 10613
f 10617 10621 10622
f 10609 10615 10614
f 10617 10622 10623
f 10609 10616 10615
f 10617 10623 10624
f 10625 10626 10634
f 10625 10634 10633
f 10626 10627 10635
f 10626 10635 10634
f 10627 10628 10636
f 10627 10636 10635
f 10628 10629 10637
f 10628 10637 10636
f 10629 10630 10638
f 10629 10638 10637
f 10630 10631 10639
f 10630 10639 10638
f 10631 10632 10640
f 10631 10640 10639
f 10632 10625 10633
f 10632 10633 10640
f 10625 10627 10626
f 10633 10634 10635
f 10625 10628 10627
f 10633 10635 10636
f 10625 10629 10628
f 10633 10636 10637
f 10625 10630 10629
f 10633 10637 10638
f 10625 10631 10630
f 10633 10638 10639
f 10625 10632 10631
f 10633 10639 10640
f 10641 10642 10650
f 10641 10650 10649
f 10642 10643 10651
f 10642 10651 10650
f 10643 10644 10652
f 10643 10652 10651
f 10644 10645 10653
f 10644 10653 10652
f 10645 10646 10654
f 10645 10654 10653
f 10646 10647 10655
f 10646 10655 10654
f 10647 10648 10656
f 10647 10656 10655
f 10648 10641 10649
f 10648 10649 10656
f 10641 10643 10642
f 10649 10650 10651
f 10641 10644 10643
f 10649 10651 10652
f 10641 10645 10644
f 10649 10652 10653
f 10641 10646 10645
f 10649 10653 10654
f 10641 10647 10646
f 10649 10654 10655
f 10641 10648 10647
f 10649 10655 10656
f 10657 10658 10666
f 10657 10666 10665
f 10658 10659 10667
f 10658 10667 10666
f 10659 10660 10668
f 10659 10668 10667
f 10660 10661 10669
f 10660 10669 10668
f 10661 10662 10670
f 10661 10670 10669
f 10662 10663 10671
f 10662 10671 10670
f 10663 10664 10672
f 10663 10672 10671
f 10664 10657 10665
f 10664 10665 10672
f 10657 10659 10658
f 10665 10666 10667
f 10657 10660 10659
f 10665 10667 10668
f 10657 10661 10660
f 10665 10668 10669
f 10657 10662 10661
f 10665 10669 10670
f 10657 10663 10662
f 10665 10670 10671
f 10657 10664 10663
f 10665 10671 10672
f 10673 10674 10682
f 10673 10682 10681
f 10674 10675 10683
f 10674 10683 10682
f 10675 10676 10684
f 10675 10684 10683
f 10676 10677 10685
f 10676 10685 10684
f 10677 10678 10686
f 10677 10686 10685
f 10678 10679 10687
f 10678 10687 10686
f 10679 10680 10688
f 10679 10688 10687
f 10680 10673 10681
f 10680 10681 10688
f 10673 10675 10674
f 10681 10682 10683
f 10673 10676 10675
f 10681 10683 10684
f 10673 10677 10676
f 10681 10684 10685
f 10673 10678 10677
f 10681 10685 10686
f 10673 10679 10678
f 10681 10686 10687
f 10673 10680 10679
f 10681 10687 10688
f 10689 10690 10698
f 10689 10698 10697
f 10690 10691 10699
f 10690 10699 10698
f 10691 10692 10700
f 10691 10700 10699
f 10692 10693 10701
f 10692 10701 10700
f 10693 10694 10702
f 10693 10702 10701
f 10694 10695 10703
f 10694 10703 10702
f 10695 10696 10704
f 10695 10704 10703
f 10696 10689 10697
f 10696 10697 10704
f 10689 10691 10690
f 10697 10698 10699
f 10689 10692 10691
f 10697 10699 10700
f 10689 10693 10692
f 10697 10700 10701
f 10689 10694 10693
f 10697 10701 10702
f 10689 10695 10694
f 10697 10702 10703
f 10689 10696 10695
f 10697 10703 10704
f 10705 10706 10714
f 10705 10714 10713
f 10706 10707 10715
f 10706 10715 10714
f 10707 10708 10716
f 10707 10716 10715
f 10708 10709 10717
f 10708 10717 10716
f 10709 10710 10718
f 10709 10718 10717
f 10710 10711 10719
f 10710 10719 10718
f 10711 10712 10720
f 10711 10720 10719
f 10712 10705 10713
f 10712 10713 10720
f 10705 10707 10706
f 10713 10714 10715
f 10705 10708 10707
f 10713 10715 10716
f 10705 10709 10708
f 10713 10716 10717
f 10705 10710 10709
f 10713 10717 10718
f 10705 10711 10710
f 10713 10718 10719
f 10705 10712 10711
f 10713 10719 10720
f 10721 10722 10730
f 10721 10730 10729
f 10722 10723 10731
f 10722 10731 10730
f 10723 10724 10732
f 10723 10732 10731
f 10724 10725 10733
f 10724 10733 10732
f 10725 10726 10734
f 10725 10734 10733
f 10726 10727 10735
f 10726 10735 10734
f 10727 10728 10736
f 10727 10736 10735
f 10728 10721 10729
f 10728 10729 10736
f 10721 10723 10722
f 10729 10730 10731
f 10721 10724 10723
f 10729 10731 10732
f 10721 10725 10724
f 10729 10732 10733
f 10721 10726 10725
f 10729 10733 10734
f 10721 10727 10726
f 10729 10734 10735
f 10721 10728 10727
f 10729 10735 10736
f 10737 10738 10746
f 10737 10746 10745
f 10738 10739 10747
f 10738 10747 10746
f 10739 10740 10748
f 10739 10748 10747
f 10740 10741 10749
f 10740 10749 10748
f 10741 10742 10750
f 10741 10750 10749
f 10742 10743 10751
f 10742 10751 10750
f 10743 10744 10752
f 10743 10752 10751
f 10744 10737 10745
f 10744 10745 10752
f 10737 10739 10738
f 10745 10746 10747
f 10737 10740 10739
f 10745 10747 10748
f 10737 10741 10740
f 10745 10748 10749
f 10737 10742 10741
f 10745 10749 10750
f 10737 10743 10742
f 10745 10750 10751
f 10737 10744 10743
f 10745 10751 10752
f 10753 10754 10762
f 10753 10762 10761
f 10754 10755 10763
f 10754 10763 10762
f 10755 10756 10764
f 10755 10764 10763
f 10756 10757 10765
f 10756 10765 10764
f 10757 10758 10766
f 10757 10766 10765
f 10758 10759 10767
f 10758 10767 10766
f 10759 10760 10768
f 10759 10768 10767
f 10760 10753 10761
f 10760 10761 10768
f 10753 10755 10754
f 10761 10762 10763
f 10753 10756 10755
f 10761 10763 10764
f 10753 10757 10756
f 10761 10764 10765
f 10753 10758 10757
f 10761 10765 10766
f 10753 10759 10758
f 10761 10766 10767
f 10753 10760 10759
f 10761 10767 10768
f 10769 10770 10778
f 10769 10778 10777
f 10770 10771 10779
f 10770 10779 10778
f 10771 10772 10780
f 10771 10780 10779
f 10772 10773 10781
f 10772 10781 10780
f 10773 10774 10782
f 10773 10782 10781
f 10774 10775 10783
f 10774 10783 10782
f 10775 10776 10784
f 10775 10784 10783
f 10776 10769 10777
f 10776 10777 10784
f 10769 10771 10770
f 10777 10778 10779
f 10769 10772 10771
f 10777 10779 10780
f 10769 10773 10772
f 10777 10780 10781
f 10769 10774 10773
f 10777 10781 10782
f 10769 10775 10774
f 10777 10782 10783
f 10769 10776 10775
f 10777 10783 10784
f 10785 10786 10794
f 10785 10794 10793
f 10786 10787 10795
f 10786 10795 10794
f 10787 10788 10796
f 10787 10796 10795
f 10788 10789 10797
f 10788 10797 10796
f 10789 10790 10798
f 10789 10798 10797
f 10790 10791 10799
f 10790 10799 10798
f 10791 10792 10800
f 10791 10800 10799
f 10792 10785 10793
f 10792 10793 10800
f 10785 10787 10786
f 10793 10794 10795
f 10785 10788 10787
f 10793 10795 10796
f 10785 10789 10788
f 10793 10796 10797
f 10785 10790 10789
f 10793 10797 10798
f 10785 10791 10790
f 10793 10798 10799
f 10785 10792 10791
f 10793 10799 10800
f 10801 10802 10810
f 10801 10810 10809
f 10802 10803 10811
f 10802 10811 10810
f 10803 10804 10812
f 10803 10812 10811
f 10804 10805 10813
f 10804 10813 10812
f 10805 10806 10814
f 10805 10814 10813
f 10806 10807 10815
f 10806 10815 10814
f 10807 10808 10816
f 10807 10816 10815
f 10808 10801 10809
f 10808 10809 10816
f 10801 10803 10802
f 10809 10810 10811
f 10801 10804 10803
f 10809 10811 10812
f 10801 10805 10804
f 10809 10812 10813
f 10801 10806 10805
f 10809 10813 10814
f 10801 10807 10806
f 10809 10814 10815
f 10801 10808 10807
f 10809 10815 10816
f 10817 10818 10826
f 10817 10826 10825
f 10818 10819 10827
f 10818 10827 10826
f 10819 10820 10828
f 10819 10828 10827
f 10820 10821 10829
f 10820 10829 10828
f 10821 10822 10830
f 10821 10830 10829
f 10822 10823 10831
f 10822 10831 10830
f 10823 10824 10832
f 10823 10832 10831
f 10824 10817 10825
f 10824 10825 10832
f 10817 10819 10818
f 10825 10826 10827
f 10817 10820 10819
f 10825 10827 10828
f 10817 10821 10820
f 10825 10828 10829
f 10817 10822 10821
f 10825 10829 10830
f 10817 10823 10822
f 10825 10830 10831
f 10817 10824 10823
f 10825 10831 10832
f 10833 10834 10842
f 10833 10842 10841
f 10834 10835 10843
f 10834 10843 10842
f 10835 10836 10844
f 10835 10844 10843
f 10836 10837 10845
f 10836 10845 10844
f 10837 10838 10846
f 10837 10846 10845
f 10838 10839 10847
f 10838 10847 10846
f 10839 10840 10848
f 10839 10848 10847
f 10840 10833 10841
f 10840 10841 10848
f 10833 10835 10834
f 10841 10842 10843
f 10833 10836 10835
f 10841 10843 10844
f 10833 10837 10836
f 10841 10844 10845
f 10833 10838 10837
f 10841 10845 10846
f 10833 10839 10838
f 10841 10846 10847
f 10833 10840 10839
f 10841 10847 10848
f 10849 10850 10858
f 10849 10858 10857
f 10850 10851 10859
f 10850 10859 10858
f 10851 10852 10860
f 10851 10860 10859
f 10852 10853 10861
f 10852 10861 10860
f 10853 10854 10862
f 10853 10862 10861
f 10854 10855 10863
f 10854 10863 10862
f 10855 10856 10864
f 10855 10864 10863
f 10856 10849 10857
f 10856 10857 10864
f 10849 10851 10850
f 10857 10858 10859
f 10849 10852 10851
f 10857 10859 10860
f 10849 10853 10852
f 10857 10860 10861
f 10849 10854 10853
f 10857 10861 10862
f 10849 10855 10854
f 10857 10862 10863
f 10849 10856 10855
f 10857 10863 10864
f 10865 10866 10874
f 10865 10874 10873
f 10866 10867 10875
f 10866 10875 10874
f 10867 10868 10876
f 10867 10876 10875
f 10868 10869 10877
f 10868 10877 10876
f 10869 10870 10878
f 10869 10878 10877
f 10870 10871 10879
f 10870 10879 10878
f 10871 10872 10880
f 10871 10880 10879
f 10872 10865 10873
f 10872 10873 10880
f 10865 10867 10866
f 10873 10874 10875
f 10865 10868 10867
f 10873 10875 10876
f 10865 10869 10868
f 10873 10876 10877
f 10865 10870 10869
f 10873 10877 10878
f 10865 10871 10870
f 10873 10878 10879
f 10865 10872 10871
f 10873 10879 10880
f 10881 10882 10890
f 10881 10890 10889
f 10882 10883 10891
f 10882 10891 10890
f 10883 10884 10892
f 10883 10892 10891
f 10884 10885 10893
f 10884 10893 10892
f 10885 10886 10894
f 10885 10894 10893
f 10886 10887 10895
f 10886 10895 10894
f 10887 10888 10896
f 10887 10896 10895
f 10888 10881 10889
f 10888 10889 10896
f 10881 10883 10882
f 10889 10890 10891
f 10881 10884 10883
f 10889 10891 10892
f 10881 10885 10884
f 10889 10892 10893
f 10881 10886 10885
f 10889 10893 10894
f 10881 10887 10886
f 10889 10894 10895
f 10881 10888 10887
f 10889 10895 10896
f 10897 10898 10906
f 10897 10906 10905
f 10898 10899 10907
f 10898 10907 10906
f 10899 10900 10908
f 10899 10908 10907
f 10900 10901 10909
f 10900 10909 10908
f 10901 10902 10910
f 10901 10910 10909
f 10902 10903 10911
f 10902 10911 10910
f 10903 10904 10912
f 10903 10912 10911
f 10904 10897 10905
f 10904 10905 10912
f 10897 10899 10898
f 10905 10906 10907
f 10897 10900 10899
f 10905 10907 10908
f 10897 10901 10900
f 10905 10908 10909
f 10897 10902 10901
f 10905 10909 10910
f 10897 10903 10902
f 10905 10910 10911
f 10897 10904 10903
f 10905 10911 10912
f 10913 10914 10922
f 10913 10922 10921
f 10914 10915 10923
f 10914 10923 10922
f 10915 10916 10924
f 10915 10924 10923
f 10916 10917 10925
f 10916 10925 10924
f 10917 10918 10926
f 10917 10926 10925
f 10918 10919 10927
f 10918 10927 10926
f 10919 10920 10928
f 10919 10928 10927
f 10920 10913 10921
f 10920 10921 10928
f 10913 10915 10914
f 10921 10922 10923
f 10913 10916 10915
f 10921 10923 10924
f 10913 10917 10916
f 10921 10924 10925
f 10913 10918 10917
f 10921 10925 10926
f 10913 10919 10918
f 10921 10926 10927
f 10913 10920 10919
f 10921 10927 10928
f 10929 10930 10938
f 10929 10938 10937
f 10930 10931 10939
f 10930 10939 10938
f 10931 10932 10940
f 10931 10940 10939
f 10932 10933 10941
f 10932 10941 10940
f 10933 10934 10942
f 10933 10942 10941
f 10934 10935 10943
f 10934 10943 10942
f 10935 10936 10944
f 10935 10944 10943
f 10936 10929 10937
f 10936 10937 10944
f 10929 10931 10930
f 10937 10938 10939
f 10929 10932 10931
f 10937 10939 10940
f 10929 10933 10932
f 10937 10940 10941
f 10929 10934 10933
f 10937 10941 10942
f 10929 10935 10934
f 10937 10942 10943
f 10929 10936 10935
f 10937 10943 10944
f 10945 10946 10954
f 10945 10954 10953
f 10946 10947 10955
f 10946 10955 10954
f 10947 10948 10956
f 10947 10956 10955
f 10948 10949 10957
f 10948 10957 10956
f 10949 10950 10958
f 10949 10958 10957
f 10950 10951 10959
f 10950 10959 10958
f 10951 10952 10960
f 10951 10960 10959
f 10952 10945 10953
f 10952 10953 10960
f 10945 10947 10946
f 10953 10954 10955
f 10945 10948 10947
f 10953 10955 10956
f 10945 10949 10948
f 10953 10956 10957
f 10945 10950 10949
f 10953 10957 10958
f 10945 10951 10950
f 10953 10958 10959
f 10945 10952 10951
f 10953 10959 10960
f 10961 10962 10970
f 10961 10970 10969
f 10962 10963 10971
f 10962 10971 10970
f 10963 10964 10972
f 10963 10972 10971
f 10964 10965 10973
f 10964 10973 10972
f 10965 10966 10974
f 10965 10974 10973
f 10966 10967 10975
f 10966 10975 10974
f 10967 10968 10976
f 10967 10976 10975
f 10968 10961 10969
f 10968 10969 10976
f 10961 10963 10962
f 10969 10970 10971
f 10961 10964 10963
f 10969 10971 10972
f 10961 10965 10964
f 10969 10972 10973
f 10961 10966 10965
f 10969 10973 10974
f 10961 10967 10966
f 10969 10974 10975
f 10961 10968 10967
f 10969 10975 10976
f 10977 10978 10986
f 10977 10986 10985
f 10978 10979 10987
f 10978 10987 10986
f 10979 10980 10988
f 10979 10988 10987
f 10980 10981 10989
f 10980 10989 10988
f 10981 10982 10990
f 10981 10990 10989
f 10982 10983 10991
f 10982 10991 10990
f 10983 10984 10992
f 10983 10992 10991
f 10984 10977 10985
f 10984 10985 10992
f 10977 10979 10978
f 10985 10986 10987
f 10977 10980 10979
f 10985 10987 10988
f 10977 10981 10980
f 10985 10988 10989
f 10977 10982 10981
f 10985 10989 10990
f 10977 10983 10982
f 10985 10990 10991
f 10977 10984 10983
f 10985 10991 10992
f 10993 10994 11002
f 10993 11002 11001
f 10994 10995 11003
f 10994 11003 11002
f 10995 10996 11004
f 10995 11004 11003
f 10996 10997 11005
f 10996 11005 11004
f 10997 10998 11006
f 10997 11006 11005
f 10998 10999 11007
f 10998 11007 11006
f 10999 11000 11008
f 10999 11008 11007
f 11000 10993 11001
f 11000 11001 11008
f 10993 10995 10994
f 11001 11002 11003
f 10993 10996 10995
f 11001 11003 11004
f 10993 10997 10996
f 11001 11004 11005
f 10993 10998 10997
f 11001 11005 11006
f 10993 10999 10998
f 11001 11006 11007
f 10993 11000 10999
f 11001 11007 11008
f 11009 11010 11018
f 11009 11018 11017
f 11010 11011 11019
f 11010 11019 11018
f 11011 11012 11020
f 11011 11020 11019
f 11012 11013 11021
f 11012 11021 11020
f 11013 11014 11022
f 11013 11022 11021
f 11014 11015 11023
f 11014 11023 11022
f 11015 11016 11024
f 11015 11024 11023
f 11016 11009 11017
f 11016 11017 11024
f 11009 11011 11010
f 11017 11018 11019
f 11009 11012 11011
f 11017 11019 11020
f 11009 11013 11012
f 11017 11020 11021
f 11009 11014 11013
f 11017 11021 11022
f 11009 11015 11014
f 11017 11022 11023
f 11009 11016 11015
f 11017 11023 11024
f 11025 11026 11034
f 11025 11034 11033
f 11026 11027 11035
f 11026 11035 11034
f 11027 11028 11036
f 11027 11036 11035
f 11028 11029 11037
f 11028 11037 11036
f 11029 11030 11038
f 11029 11038 11037
f 11030 11031 11039
f 11030 11039 11038
f 11031 11032 11040
f 11031 11040 11039
f 11032 11025 11033
f 11032 11033 11040
f 11025 11027 11026
f 11033 11034 11035
f 11025 11028 11027
f 11033 11035 11036
f 11025 11029 11028
f 11033 11036 11037
f 11025 11030 11029
f 11033 11037 11038
f 11025 11031 11030
f 11033 11038 11039
f 11025 11032 11031
f 11033 11039 11040
f 11041 11042 11050
f 11041 11050 11049
f 11042 11043 11051
f 11042 11051 11050
f 11043 11044 11052
f 11043 11052 11051
f 11044 11045 11053
f 11044 11053 11052
f 11045 11046 11054
f 11045 11054 11053
f 11046 11047 11055
f 11046 11055 11054
f 11047 11048 11056
f 11047 11056 11055
f 11048 11041 11049
f 11048 11049 11056
f 11041 11043 11042
f 11049 11050 11051
f 11041 11044 11043
f 11049 11051 11052
f 11041 11045 11044
f 11049 11052 11053
f 11041 11046 11045
f 11049 11053 11054
f 11041 11047 11046
f 11049 11054 11055
f 11041 11048 11047
f 11049 11055 11056
f 11057 11058 11066
f 11057 11066 11065
f 11058 11059 11067
f 11058 11067 11066
f 11059 11060 11068
f 11059 11068 11067
f 11060 11061 11069
f 11060 11069 11068
f 11061 11062 11070
f 11061 11070 11069
f 11062 11063 11071
f 11062 11071 11070
f 11063 11064 11072
f 11063 11072 11071
f 11064 11057 11065
f 11064 11065 11072
f 11057 11059 11058
f 11065 11066 11067
f 11057 11060 11059
f 11065 11067 11068
f 11057 11061 11060
f 11065 11068 11069
f 11057 11062 11061
f 11065 11069 11070
f 11057 11063 11062
f 11065 11070 11071
f 11057 11064 11063
f 11065 11071 11072
f 11073 11074 11082
f 11073 11082 11081
f 11074 11075 11083
f 11074 11083 11082
f 11075 11076 11084
f 11075 11084 11083
f 11076 11077 11085
f 11076 11085 11084
f 11077 11078 11086
f 11077 11086 11085
f 11078 11079 11087
f 11078 11087 11086
f 11079 11080 11088
f 11079 11088 11087
f 11080 11073 11081
f 11080 11081 11088
f 11073 11075 11074
f 11081 11082 11083
f 11073 11076 11075
f 11081 11083 11084
f 11073 11077 11076
f 11081 11084 11085
f 11073 11078 11077
f 11081 11085 11086
f 11073 11079 11078
f 11081 11086 11087
f 11073 11080 11079
f 11081 11087 11088
f 11089 11090 11098
f 11089 11098 11097
f 11090 11091 11099
f 11090 11099 11098
f 11091 11092 11100
f 11091 11100 11099
f 11092 11093 11101
f 11092 11101 11100
f 11093 11094 11102
f 11093 11102 11101
f 11094 11095 11103
f 11094 11103 11102
f 11095 11096 11104
f 11095 11104 11103
f 11096 11089 11097
f 11096 11097 11104
f 11089 11091 11090
f 11097 11098 11099
f 11089 11092 11091
f 11097 11099 11100
f 11089 11093 11092
f 11097 11100 11101
f 11089 11094 11093
f 11097 11101 11102
f 11089 11095 11094
f 11097 11102 11103
f 11089 11096 11095
f 11097 11103 11104
f 11105 11106 11114
f 11105 11114 11113
f 11106 11107 11115
f 11106 11115 11114
f 11107 11108 11116
f 11107 11116 11115
f 11108 11109 11117
f 11108 11117 11116
f 11109 11110 11118
f 11109 11118 11117
f 11110 11111 11119
f 11110 11119 11118
f 11111 11112 11120
f 11111 11120 11119
f 11112 11105 11113
f 11112 11113 11120
f 11105 11107 11106
f 11113 11114 11115
f 11105 11108 11107
f 11113 11115 11116
f 11105 11109 11108
f 11113 11116 11117
f 11105 11110 11109
f 11113 11117 11118
f 11105 11111 11110
f 11113 11118 11119
f 11105 11112 11111
f 11113 11119 11120
f 11121 11122 11130
f 11121 11130 11129
f 11122 11123 11131
f 11122 11131 11130
f 11123 11124 11132
f 11123 11132 11131
f 11124 11125 11133
f 11124 11133 11132
f 11125 11126 11134
f 11125 11134 11133
f 11126 11127 11135
f 11126 11135 11134
f 11127 11128 11136
f 11127 11136 11135
f 11128 11121 11129
f 11128 11129 11136
f 11121 11123 11122
f 11129 11130 11131
f 11121 11124 11123
f 11129 11131 11132
f 11121 11125 11124
f 11129 11132 11133
f 11121 11126 11125
f 11129 11133 11134
f 11121 11127 11126
f 11129 11134 11135
f 11121 11128 11127
f 11129 11135 11136
f 11137 11138 11146
f 11137 11146 11145
f 11138 11139 11147
f 11138 11147 11146
f 11139 11140 11148
f 11139 11148 11147
f 11140 11141 11149
f 11140 11149 11148
f 11141 11142 11150
f 11141 11150 11149
f 11142 11143 11151
f 11142 11151 11150
f 11143 11144 11152
f 11143 11152 11151
f 11144 11137 11145
f 11144 11145 11152
f 11137 11139 11138
f 11145 11146 11147
f 11137 11140 11139
f 11145 11147 11148
f 11137 11141 11140
f 11145 11148 11149
f 11137 11142 11141
f 11145 11149 11150
f 11137 11143 11142
f 11145 11150 11151
f 11137 11144 11143
f 11145 11151 11152
f 11153 11154 11162
f 11153 11162 11161
f 11154 11155 11163
f 11154 11163 11162
f 11155 11156 11164
f 11155 11164 11163
f 11156 11157 11165
f 11156 11165 11164
f 11157 11158 11166
f 11157 11166 11165
f 11158 11159 11167
f 11158 11167 11166
f 11159 11160 11168
f 11159 11168 11167
f 11160 11153 11161
f 11160 11161 11168
f 11153 11155 11154
f 11161 11162 11163
f 11153 11156 11155
f 11161 11163 11164
f 11153 11157 11156
f 11161 11164 11165
f 11153 11158 11157
f 11161 11165 11166
f 11153 11159 11158
f 11161 11166 11167
f 11153 11160 11159
f 11161 11167 11168
f 11169 11170 11178
f 11169 11178 11177
f 11170 11171 11179
f 11170 11179 11178
f 11171 11172 11180
f 11171 11180 11179
f 11172 11173 11181
f 11172 11181 11180
f 11173 11174 11182
f 11173 11182 11181
f 11174 11175 11183
f 11174 11183 11182
f 11175 11176 11184
f 11175 11184 11183
f 11176 11169 11177
f 11176 11177 11184
f 11169 11171 11170
f 11177 11178 11179
f 11169 11172 11171
f 11177 11179 11180
f 11169 11173 11172
f 11177 11180 11181
f 11169 11174 11173
f 11177 11181 11182
f 11169 11175 11174
f 11177 11182 11183
f 11169 11176 11175
f 11177 11183 11184
f 11185 11186 11194
f 11185 11194 11193
f 11186 11187 11195
f 11186 11195 11194
f 11187 11188 11196
f 11187 11196 11195
f 11188 11189 11197
f 11188 11197 11196
f 11189 11190 11198
f 11189 11198 11197
f 11190 11191 11199
f 11190 11199 11198
f 11191 11192 11200
f 11191 11200 11199
f 11192 11185 11193
f 11192 11193 11200
f 11185 11187 11186
f 11193 11194 11195
f 11185 11188 11187
f 11193 11195 11196
f 11185 11189 11188
f 11193 11196 11197
f 11185 11190 11189
f 11193 11197 11198
f 11185 11191 11190
f 11193 11198 11199
f 11185 11192 11191
f 11193 11199 11200
f 11201 11202 11210
f 11201 11210 11209
f 11202 11203 11211
f 11202 11211 11210
f 11203 11204 11212
f 11203 11212 11211
f 11204 11205 11213
f 11204 11213 11212
f 11205 11206 11214
f 11205 11214 11213
f 11206 11207 11215
f 11206 11215 11214
f 11207 11208 11216
f 11207 11216 11215
f 11208 11201 11209
f 11208 11209 11216
f 11201 11203 11202
f 11209 11210 11211
f 11201 11204 11203
f 11209 11211 11212
f 11201 11205 11204
f 11209 11212 11213
f 11201 11206 11205
f 11209 11213 11214
f 11201 11207 11206
f 11209 11214 11215
f 11201 11208 11207
f 11209 11215 11216
f 11217 11218 11226
f 11217 11226 11225
f 11218 11219 11227
f 11218 11227 11226
f 11219 11220 11228
f 11219 11228 11227
f 11220 11221 11229
f 11220 11229 11228
f 11221 11222 11230
f 11221 11230 11229
f 11222 11223 11231
f 11222 11231 11230
f 11223 11224 11232
f 11223 11232 11231
f 11224 11217 11225
f 11224 11225 11232
f 11217 11219 11218
f 11225 11226 11227
f 11217 11220 11219
f 11225 11227 11228
f 11217 11221 11220
f 11225 11228 11229
f 11217 11222 11221
f 11225 11229 11230
f 11217 11223 11222
f 11225 11230 11231
f 11217 11224 11223
f 11225 11231 11232
f 11233 11234 11242
f 11233 11242 11241
f 11234 11235 11243
f 11234 11243 11242
f 11235 11236 11244
f 11235 11244 11243
f 11236 11237 11245
f 11236 11245 11244
f 11237 11238 11246
f 11237 11246 11245
f 11238 11239 11247
f 11238 11247 11246
f 11239 11240 11248
f 11239 11248 11247
f 11240 11233 11241
f 11240 11241 11248
f 11233 11235 11234
f 11241 11242 11243
f 11233 11236 11235
f 11241 11243 11244
f 11233 11237 11236
f 11241 11244 11245
f 11233 11238 11237
f 11241 11245 11246
f 11233 11239 11238
f 11241 11246 11247
f 11233 11240 11239
f 11241 11247 11248
f 11249 11250 11258
f 11249 11258 11257
f 11250 11251 11259
f 11250 11259 11258
f 11251 11252 11260
f 11251 11260 11259
f 11252 11253 11261
f 11252 11261 11260
f 11253 11254 11262
f 11253 11262 11261
f 11254 11255 11263
f 11254 11263 11262
f 11255 11256 11264
f 11255 11264 11263
f 11256 11249 11257
f 11256 11257 11264
f 11249 11251 11250
f 11257 11258 11259
f 11249 11252 11251
f 11257 11259 11260
f 11249 11253 11252
f 11257 11260 11261
f 11249 11254 11253
f 11257 11261 11262
f 11249 11255 11254
f 11257 11262 11263
f 11249 11256 11255
f 11257 11263 11264
f 11265 11266 11274
f 11265 11274 11273
f 11266 11267 11275
f 11266 11275 11274
f 11267 11268 11276
f 11267 11276 11275
f 11268 11269 11277
f 11268 11277 11276
f 11269 11270 11278
f 11269 11278 11277
f 11270 11271 11279
f 11270 11279 11278
f 11271 11272 11280
f 11271 11280 11279
f 11272 11265 11273
f 11272 11273 11280
f 11265 11267 11266
f 11273 11274 11275
f 11265 11268 11267
f 11273 11275 11276
f 11265 11269 11268
f 11273 11276 11277
f 11265 11270 11269
f 11273 11277 11278
f 11265 11271 11270
f 11273 11278 11279
f 11265 11272 11271
f 11273 11279 11280
f 11281 11282 11290
f 11281 11290 11289
f 11282 11283 11291
f 11282 11291 11290
f 11283 11284 11292
f 11283 11292 11291
f 11284 11285 11293
f 11284 11293 11292
f 11285 11286 11294
f 11285 11294 11293
f 11286 11287 11295
f 11286 11295 11294
f 11287 11288 11296
f 11287 11296 11295
f 11288 11281 11289
f 11288 11289 11296
f 11281 11283 11282
f 11289 11290 11291
f 11281 11284 11283
f 11289 11291 11292
f 11281 11285 11284
f 11289 11292 11293
f 11281 11286 11285
f 11289 11293 11294
f 11281 11287 11286
f 11289 11294 11295
f 11281 11288 11287
f 11289 11295 11296
f 11297 11298 11306
f 11297 11306 11305
f 11298 11299 11307
f 11298 11307 11306
f 11299 11300 11308
f 11299 11308 11307
f 11300 11301 11309
f 11300 11309 11308
f 11301 11302 11310
f 11301 11310 11309
f 11302 11303 11311
f 11302 11311 11310
f 11303 11304 11312
f 11303 11312 11311
f 11304 11297 11305
f 11304 11305 11312
f 11297 11299 11298
f 11305 11306 11307
f 11297 11300 11299
f 11305 11307 11308
f 11297 11301 11300
f 11305 11308 11309
f 11297 11302 11301
f 11305 11309 11310
f 11297 11303 11302
f 11305 11310 11311
f 11297 11304 11303
f 11305 11311 11312
f 11313 11314 11322
f 11313 11322 11321
f 11314 11315 11323
f 11314 11323 11322
f 11315 11316 11324
f 11315 11324 11323
f 11316 11317 11325
f 11316 11325 11324
f 11317 11318 11326
f 11317 11326 11325
f 11318 11319 11327
f 11318 11327 11326
f 11319 11320 11328
f 11319 11328 11327
f 11320 11313 11321
f 11320 11321 11328
f 11313 11315 11314
f 11321 11322 11323
f 11313 11316 11315
f 11321 11323 11324
f 11313 11317 11316
f 11321 11324 11325
f 11313 11318 11317
f 11321 11325 11326
f 11313 11319 11318
f 11321 11326 11327
f 11313 11320 11319
f 11321 11327 11328
f 11329 11330 11338
f 11329 11338 11337
f 11330 11331 11339
f 11330 11339 11338
f 11331 11332 11340
f 11331 11340 11339
f 11332 11333 11341
f 11332 11341 11340
f 11333 11334 11342
f 11333 11342 11341
f 11334 11335 11343
f 11334 11343 11342
f 11335 11336 11344
f 11335 11344 11343
f 11336 11329 11337
f 11336 11337 11344
f 11329 11331 11330
f 11337 11338 11339
f 11329 11332 11331
f 11337 11339 11340
f 11329 11333 11332
f 11337 11340 11341
f 11329 11334 11333
f 11337 11341 11342
f 11329 11335 11334
f 11337 11342 11343
f 11329 11336 11335
f 11337 11343 11344
f 11345 11346 11354
f 11345 11354 11353
f 11346 11347 11355
f 11346 11355 11354
f 11347 11348 11356
f 11347 11356 11355
f 11348 11349 11357
f 11348 11357 11356
f 11349 11350 11358
f 11349 11358 11357
f 11350 11351 11359
f 11350 11359 11358
f 11351 11352 11360
f 11351 11360 11359
f 11352 11345 11353
f 11352 11353 11360
f 11345 11347 11346
f 11353 11354 11355
f 11345 11348 11347
f 11353 11355 11356
f 11345 11349 11348
f 11353 11356 11357
f 11345 11350 11349
f 11353 11357 11358
f 11345 11351 11350
f 11353 11358 11359
f 11345 11352 11351
f 11353 11359 11360
f 11361 11362 11370
f 11361 11370 11369
f 11362 11363 11371
f 11362 11371 11370
f 11363 11364 11372
f 11363 11372 11371
f 11364 11365 11373
f 11364 11373 11372
f 11365 11366 11374
f 11365 11374 11373
f 11366 11367 11375
f 11366 11375 11374
f 11367 11368 11376
f 11367 11376 11375
f 11368 11361 11369
f 11368 11369 11376
f 11361 11363 11362
f 11369 11370 11371
f 11361 11364 11363
f 11369 11371 11372
f 11361 11365 11364
f 11369 11372 11373
f 11361 11366 11365
f 11369 11373 11374
f 11361 11367 11366
f 11369 11374 11375
f 11361 11368 11367
f 11369 11375 11376
f 11377 11378 11386
f 11377 11386 11385
f 11378 11379 11387
f 11378 11387 11386
f 11379 11380 11388
f 11379 11388 11387
f 11380 11381 11389
f 11380 11389 11388
f 11381 11382 11390
f 11381 11390 11389
f 11382 11383 11391
f 11382 11391 11390
f 11383 11384 11392
f 11383 11392 11391
f 11384 11377 11385
f 11384 11385 11392
f 11377 11379 11378
f 11385 11386 11387
f 11377 11380 11379
f 11385 11387 11388
f 11377 11381 11380
f 11385 11388 11389
f 11377 11382 11381
f 11385 11389 11390
f 11377 11383 11382
f 11385 11390 11391
f 11377 11384 11383
f 11385 11391 11392
f 11393 11394 11402
f 11393 11402 11401
f 11394 11395 11403
f 11394 11403 11402
f 11395 11396 11404
f 11395 11404 11403
f 11396 11397 11405
f 11396 11405 11404
f 11397 11398 11406
f 11397 11406 11405
f 11398 11399 11407
f 11398 11407 11406
f 11399 11400 11408
f 11399 11408 11407
f 11400 11393 11401
f 11400 11401 11408
f 11393 11395 11394
f 11401 11402 11403
f 11393 11396 11395
f 11401 11403 11404
f 11393 11397 11396
f 11401 11404 11405
f 11393 11398 11397
f 11401 11405 11406
f 11393 11399 11398
f 11401 11406 11407
f 11393 11400 11399
f 11401 11407 11408
f 11409 11410 11418
f 11409 11418 11417
f 11410 11411 11419
f 11410 11419 11418
f 11411 11412 11420
f 11411 11420 11419
f 11412 11413 11421
f 11412 11421 11420
f 11413 11414 11422
f 11413 11422 11421
f 11414 11415 11423
f 11414 11423 11422
f 11415 11416 11424
f 11415 11424 11423
f 11416 11409 11417
f 11416 11417 11424
f 11409 11411 11410
f 11417 11418 11419
f 11409 11412 11411
f 11417 11419 11420
f 11409 11413 11412
f 11417 11420 11421
f 11409 11414 11413
f 11417 11421 11422
f 11409 11415 11414
f 11417 11422 11423
f 11409 11416 11415
f 11417 11423 11424
f 11425 11426 11434
f 11425 11434 11433
f 11426 11427 11435
f 11426 11435 11434
f 11427 11428 11436
f 11427 11436 11435
f 11428 11429 11437
f 11428 11437 11436
f 11429 11430 11438
f 11429 11438 11437
f 11430 11431 11439
f 11430 11439 11438
f 11431 11432 11440
f 11431 11440 11439
f 11432 11425 11433
f 11432 11433 11440
f 11425 11427 11426
f 11433 11434 11435
f 11425 11428 11427
f 11433 11435 11436
f 11425 11429 11428
f 11433 11436 11437
f 11425 11430 11429
f 11433 11437 11438
f 11425 11431 11430
f 11433 11438 11439
f 11425 11432 11431
f 11433 11439 11440
f 11441 11442 11450
f 11441 11450 11449
f 11442 11443 11451
f 11442 11451 11450
f 11443 11444 11452
f 11443 11452 11451
f 11444 11445 11453
f 11444 11453 11452
f 11445 11446 11454
f 11445 11454 11453
f 11446 11447 11455
f 11446 11455 11454
f 11447 11448 11456
f 11447 11456 11455
f 11448 11441 11449
f 11448 11449 11456
f 11441 11443 11442
f 11449 11450 11451
f 11441 11444 11443
f 11449 11451 11452
f 11441 11445 11444
f 11449 11452 11453
f 11441 11446 11445
f 11449 11453 11454
f 11441 11447 11446
f 11449 11454 11455
f 11441 11448 11447
f 11449 11455 11456
f 11457 11458 11466
f 11457 11466 11465
f 11458 11459 11467
f 11458 11467 11466
f 11459 11460 11468
f 11459 11468 11467
f 11460 11461 11469
f 11460 11469 11468
f 11461 11462 11470
f 11461 11470 11469
f 11462 11463 11471
f 11462 11471 11470
f 11463 11464 11472
f 11463 11472 11471
f 11464 11457 11465
f 11464 11465 11472
f 11457 11459 11458
f 11465 11466 11467
f 11457 11460 11459
f 11465 11467 11468
f 11457 11461 11460
f 11465 11468 11469
f 11457 11462 11461
f 11465 11469 11470
f 11457 11463 11462
f 11465 11470 11471
f 11457 11464 11463
f 11465 11471 11472
f 11473 11474 11482
f 11473 11482 11481
f 11474 11475 11483
f 11474 11483 11482
f 11475 11476 11484
f 11475 11484 11483
f 11476 11477 11485
f 11476 11485 11484
f 11477 11478 11486
f 11477 11486 11485
f 11478 11479 11487
f 11478 11487 11486
f 11479 11480 11488
f 11479 11488 11487
f 11480 11473 11481
f 11480 11481 11488
f 11473 11475 11474
f 11481 11482 11483
f 11473 11476 11475
f 11481 11483 11484
f 11473 11477 11476
f 11481 11484 11485
f 11473 11478 11477
f 11481 11485 11486
f 11473 11479 11478
f 11481 11486 11487
f 11473 11480 11479
f 11481 11487 11488
f 11489 11490 11498
f 11489 11498 11497
f 11490 11491 11499
f 11490 11499 11498
f 11491 11492 11500
f 11491 11500 11499
f 11492 11493 11501
f 11492 11501 11500
f 11493 11494 11502
f 11493 11502 11501
f 11494 11495 11503
f 11494 11503 11502
f 11495 11496 11504
f 11495 11504 11503
f 11496 11489 11497
f 11496 11497 11504
f 11489 11491 11490
f 11497 11498 11499
f 11489 11492 11491
f 11497 11499 11500
f 11489 11493 11492
f 11497 11500 11501
f 11489 11494 11493
f 11497 11501 11502
f 11489 11495 11494
f 11497 11502 11503
f 11489 11496 11495
f 11497 11503 11504
f 11505 11506 11514
f 11505 11514 11513
f 11506 11507 11515
f 11506 11515 11514
f 11507 11508 11516
f 11507 11516 11515
f 11508 11509 11517
f 11508 11517 11516
f 11509 11510 11518
f 11509 11518 11517
f 11510 11511 11519
f 11510 11519 11518
f 11511 11512 11520
f 11511 11520 11519
f 11512 11505 11513
f 11512 11513 11520
f 11505 11507 11506
f 11513 11514 11515
f 11505 11508 11507
f 11513 11515 11516
f 11505 11509 11508
f 11513 11516 11517
f 11505 11510 11509
f 11513 11517 11518
f 11505 11511 11510
f 11513 11518 11519
f 11505 11512 11511
f 11513 11519 11520
f 11521 11522 11530
f 11521 11530 11529
f 11522 11523 11531
f 11522 11531 11530
f 11523 11524 11532
f 11523 11532 11531
f 11524 11525 11533
f 11524 11533 11532
f 11525 11526 11534
f 11525 11534 11533
f 11526 11527 11535
f 11526 11535 11534
f 11527 11528 11536
f 11527 11536 11535
f 11528 11521 11529
f 11528 11529 11536
f 11521 11523 11522
f 11529 11530 11531
f 11521 11524 11523
f 11529 11531 11532
f 11521 11525 11524
f 11529 11532 11533
f 11521 11526 11525
f 11529 11533 11534
f 11521 11527 11526
f 11529 11534 11535
f 11521 11528 11527
f 11529 11535 11536
f 11537 11538 11546
f 11537 11546 11545
f 11538 11539 11547
f 11538 11547 11546
f 11539 11540 11548
f 11539 11548 11547
f 11540 11541 11549
f 11540 11549 11548
f 11541 11542 11550
f 11541 11550 11549
f 11542 11543 11551
f 11542 11551 11550
f 11543 11544 11552
f 11543 11552 11551
f 11544 11537 11545
f 11544 11545 11552
f 11537 11539 11538
f 11545 11546 11547
f 11537 11540 11539
f 11545 11547 11548
f 11537 11541 11540
f 11545 11548 11549
f 11537 11542 11541
f 11545 11549 11550
f 11537 11543 11542
f 11545 11550 11551
f 11537 11544 11543
f 11545 11551 11552
f 11553 11554 11562
f 11553 11562 11561
f 11554 11555 11563
f 11554 11563 11562
f 11555 11556 11564
f 11555 11564 11563
f 11556 11557 11565
f 11556 11565 11564
f 11557 11558 11566
f 11557 11566 11565
f 11558 11559 11567
f 11558 11567 11566
f 11559 11560 11568
f 11559 11568 11567
f 11560 11553 11561
f 11560 11561 11568
f 11553 11555 11554
f 11561 11562 11563
f 11553 11556 11555
f 11561 11563 11564
f 11553 11557 11556
f 11561 11564 11565
f 11553 11558 11557
f 11561 11565 11566
f 11553 11559 11558
f 11561 11566 11567
f 11553 11560 11559
f 11561 11567 11568
f 11569 11570 11578
f 11569 11578 11577
f 11570 11571 11579
f 11570 11579 11578
f 11571 11572 11580
f 11571 11580 11579
f 11572 11573 11581
f 11572 11581 11580
f 11573 11574 11582
f 11573 11582 11581
f 11574 11575 11583
f 11574 11583 11582
f 11575 11576 11584
f 11575 11584 11583
f 11576 11569 11577
f 11576 11577 11584
f 11569 11571 11570
f 11577 11578 11579
f 11569 11572 11571
f 11577 11579 11580
f 11569 11573 11572
f 11577 11580 11581
f 11569 11574 11573
f 11577 11581 11582
f 11569 11575 11574
f 11577 11582 11583
f 11569 11576 11575
f 11577 11583 11584
f 11585 11586 11594
f 11585 11594 11593
f 11586 11587 11595
f 11586 11595 11594
f 11587 11588 11596
f 11587 11596 11595
f 11588 11589 11597
f 11588 11597 11596
f 11589 11590 11598
f 11589 11598 11597
f 11590 11591 11599
f 11590 11599 11598
f 11591 11592 11600
f 11591 11600 11599
f 11592 11585 11593
f 11592 11593 11600
f 11585 11587 11586
f 11593 11594 11595
f 11585 11588 11587
f 11593 11595 11596
f 11585 11589 11588
f 11593 11596 11597
f 11585 11590 11589
f 11593 11597 11598
f 11585 11591 11590
f 11593 11598 11599
f 11585 11592 11591
f 11593 11599 11600
f 11601 11602 11610
f 11601 11610 11609
f 11602 11603 11611
f 11602 11611 11610
f 11603 11604 11612
f 11603 11612 11611
f 11604 11605 11613
f 11604 11613 11612
f 11605 11606 11614
f 11605 11614 11613
f 11606 11607 11615
f 11606 11615 11614
f 11607 11608 11616
f 11607 11616 11615
f 11608 11601 11609
f 11608 11609 11616
f 11601 11603 11602
f 11609 11610 11611
f 11601 11604 11603
f 11609 11611 11612
f 11601 11605 11604
f 11609 11612 11613
f 11601 11606 11605
f 11609 11613 11614
f 11601 11607 11606
f 11609 11614 11615
f 11601 11608 11607
f 11609 11615 11616
f 11617 11618 11626
f 11617 11626 11625
f 11618 11619 11627
f 11618 11627 11626
f 11619 11620 11628
f 11619 11628 11627
f 11620 11621 11629
f 11620 11629 11628
f 11621 11622 11630
f 11621 11630 11629
f 11622 11623 11631
f 11622 11631 11630
f 11623 11624 11632
f 11623 11632 11631
f 11624 11617 11625
f 11624 11625 11632
f 11617 11619 11618
f 11625 11626 11627
f 11617 11620 11619
f 11625 11627 11628
f 11617 11621 11620
f 11625 11628 11629
f 11617 11622 11621
f 11625 11629 11630
f 11617 11623 11622
f 11625 11630 11631
f 11617 11624 11623
f 11625 11631 11632
f 11633 11634 11642
f 11633 11642 11641
f 11634 11635 11643
f 11634 11643 11642
f 11635 11636 11644
f 11635 11644 11643
f 11636 11637 11645
f 11636 11645 11644
f 11637 11638 11646
f 11637 11646 11645
f 11638 11639 11647
f 11638 11647 11646
f 11639 11640 11648
f 11639 11648 11647
f 11640 11633 11641
f 11640 11641 11648
f 11633 11635 11634
f 11641 11642 11643
f 11633 11636 11635
f 11641 11643 11644
f 11633 11637 11636
f 11641 11644 11645
f 11633 11638 11637
f 11641 11645 11646
f 11633 11639 11638
f 11641 11646 11647
f 11633 11640 11639
f 11641 11647 11648
f 11649 11650 11658
f 11649 11658 11657
f 11650 11651 11659
f 11650 11659 11658
f 11651 11652 11660
f 11651 11660 11659
f 11652 11653 11661
f 11652 11661 11660
f 11653 11654 11662
f 11653 11662 11661
f 11654 11655 11663
f 11654 11663 11662
f 11655 11656 11664
f 11655 11664 11663
f 11656 11649 11657
f 11656 11657 11664
f 11649 11651 11650
f 11657 11658 11659
f 11649 11652 11651
f 11657 11659 11660
f 11649 11653 11652
f 11657 11660 11661
f 11649 11654 11653
f 11657 11661 11662
f 11649 11655 11654
f 11657 11662 11663
f 11649 11656 11655
f 11657 11663 11664
f 11665 11666 11674
f 11665 11674 11673
f 11666 11667 11675
f 11666 11675 11674
f 11667 11668 11676
f 11667 11676 11675
f 11668 11669 11677
f 11668 11677 11676
f 11669 11670 11678
f 11669 11678 11677
f 11670 11671 11679
f 11670 11679 11678
f 11671 11672 11680
f 11671 11680 11679
f 11672 11665 11673
f 11672 11673 11680
f 11665 11667 11666
f 11673 11674 11675
f 11665 11668 11667
f 11673 11675 11676
f 11665 11669 11668
f 11673 11676 11677
f 11665 11670 11669
f 11673 11677 11678
f 11665 11671 11670
f 11673 11678 11679
f 11665 11672 11671
f 11673 11679 11680
f 11681 11682 11690
f 11681 11690 11689
f 11682 11683 11691
f 11682 11691 11690
f 11683 11684 11692
f 11683 11692 11691
f 11684 11685 11693
f 11684 11693 11692
f 11685 11686 11694
f 11685 11694 11693
f 11686 11687 11695
f 11686 11695 11694
f 11687 11688 11696
f 11687 11696 11695
f 11688 11681 11689
f 11688 11689 11696
f 11681 11683 11682
f 11689 11690 11691
f 11681 11684 11683
f 11689 11691 11692
f 11681 11685 11684
f 11689 11692 11693
f 11681 11686 11685
f 11689 11693 11694
f 11681 11687 11686
f 11689 11694 11695
f 11681 11688 11687
f 11689 11695 11696
f 11697 11698 11706
f 11697 11706 11705
f 11698 11699 11707
f 11698 11707 11706
f 11699 11700 11708
f 11699 11708 11707
f 11700 11701 11709
f 11700 11709 11708
f 11701 11702 11710
f 11701 11710 11709
f 11702 11703 11711
f 11702 11711 11710
f 11703 11704 11712
f 11703 11712 11711
f 11704 11697 11705
f 11704 11705 11712
f 11697 11699 11698
f 11705 11706 11707
f 11697 11700 11699
f 11705 11707 11708
f 11697 11701 11700
f 11705 11708 11709
f 11697 11702 11701
f 11705 11709 11710
f 11697 11703 11702
f 11705 11710 11711
f 11697 11704 11703
f 11705 11711 11712
f 11713 11714 11722
f 11713 11722 11721
f 11714 11715 11723
f 11714 11723 11722
f 11715 11716 11724
f 11715 11724 11723
f 11716 11717 11725
f 11716 11725 11724
f 11717 11718 11726
f 11717 11726 11725
f 11718 11719 11727
f 11718 11727 11726
f 11719 11720 11728
f 11719 11728 11727
f 11720 11713 11721
f 11720 11721 11728
f 11713 11715 11714
f 11721 11722 11723
f 11713 11716 11715
f 11721 11723 11724
f 11713 11717 11716
f 11721 11724 11725
f 11713 11718 11717
f 11721 11725 11726
f 11713 11719 11718
f 11721 11726 11727
f 11713 11720 11719
f 11721 11727 11728
f 11729 11730 11738
f 11729 11738 11737
f 11730 11731 11739
f 11730 11739 11738
f 11731 11732 11740
f 11731 11740 11739
f 11732 11733 11741
f 11732 11741 11740
f 11733 11734 11742
f 11733 11742 11741
f 11734 11735 11743
f 11734 11743 11742
f 11735 11736 11744
f 11735 11744 11743
f 11736 11729 11737
f 11736 11737 11744
f 11729 11731 11730
f 11737 11738 11739
f 11729 11732 11731
f 11737 11739 11740
f 11729 11733 11732
f 11737 11740 11741
f 11729 11734 11733
f 11737 11741 11742
f 11729 11735 11734
f 11737 11742 11743
f 11729 11736 11735
f 11737 11743 11744
f 11745 11746 11754
f 11745 11754 11753
f 11746 11747 11755
f 11746 11755 11754
f 11747 11748 11756
f 11747 11756 11755
f 11748 11749 11757
f 11748 11757 11756
f 11749 11750 11758
f 11749 11758 11757
f 11750 11751 11759
f 11750 11759 11758
f 11751 11752 11760
f 11751 11760 11759
f 11752 11745 11753
f 11752 11753 11760
f 11745 11747 11746
f 11753 11754 11755
f 11745 11748 11747
f 11753 11755 11756
f 11745 11749 11748
f 11753 11756 11757
f 11745 11750 11749
f 11753 11757 11758
f 11745 11751 11750
f 11753 11758 11759
f 11745 11752 11751
f 11753 11759 11760
f 11761 11762 11770
f 11761 11770 11769
f 11762 11763 11771
f 11762 11771 11770
f 11763 11764 11772
f 11763 11772 11771
f 11764 11765 11773
f 11764 11773 11772
f 11765 11766 11774
f 11765 11774 11773
f 11766 11767 11775
f 11766 11775 11774
f 11767 11768 11776
f 11767 11776 11775
f 11768 11761 11769
f 11768 11769 11776
f 11761 11763 11762
f 11769 11770 11771
f 11761 11764 11763
f 11769 11771 11772
f 11761 11765 11764
f 11769 11772 11773
f 11761 11766 11765
f 11769 11773 11774
f 11761 11767 11766
f 11769 11774 11775
f 11761 11768 11767
f 11769 11775 11776
f 11777 11778 11786
f 11777 11786 11785
f 11778 11779 11787
f 11778 11787 11786
f 11779 11780 11788
f 11779 11788 11787
f 11780 11781 11789
f 11780 11789 11788
f 11781 11782 11790
f 11781 11790 11789
f 11782 11783 11791
f 11782 11791 11790
f 11783 11784 11792
f 11783 11792 11791
f 11784 11777 11785
f 11784 11785 11792
f 11777 11779 11778
f 11785 11786 11787
f 11777 11780 11779
f 11785 11787 11788
f 11777 11781 11780
f 11785 11788 11789
f 11777 11782 11781
f 11785 11789 11790
f 11777 11783 11782
f 11785 11790 11791
f 11777 11784 11783
f 11785 11791 11792
f 11793 11794 11802
f 11793 11802 11801
f 11794 11795 11803
f 11794 11803 11802
f 11795 11796 11804
f 11795 11804 11803
f 11796 11797 11805
f 11796 11805 11804
f 11797 11798 11806
f 11797 11806 11805
f 11798 11799 11807
f 11798 11807 11806
f 11799 11800 11808
f 11799 11808 11807
f 11800 11793 11801
f 11800 11801 11808
f 11793 11795 11794
f 11801 11802 11803
f 11793 11796 11795
f 11801 11803 11804
f 11793 11797 11796
f 11801 11804 11805
f 11793 11798 11797
f 11801 11805 11806
f 11793 11799 11798
f 11801 11806 11807
f 11793 11800 11799
f 11801 11807 11808
f 11809 11810 11818
f 11809 11818 11817
f 11810 11811 11819
f 11810 11819 11818
f 11811 11812 11820
f 11811 11820 11819
f 11812 11813 11821
f 11812 11821 11820
f 11813 11814 11822
f 11813 11822 11821
f 11814 11815 11823
f 11814 11823 11822
f 11815 11816 11824
f 11815 11824 11823
f 11816 11809 11817
f 11816 11817 11824
f 11809 11811 11810
f 11817 11818 11819
f 11809 11812 11811
f 11817 11819 11820
f 11809 11813 11812
f 11817 11820 11821
f 11809 11814 11813
f 11817 11821 11822
f 11809 11815 11814
f 11817 11822 11823
f 11809 11816 11815
f 11817 11823 11824
f 11825 11826 11834
f 11825 11834 11833
f 11826 11827 11835
f 11826 11835 11834
f 11827 11828 11836
f 11827 11836 11835
f 11828 11829 11837
f 11828 11837 11836
f 11829 11830 11838
f 11829 11838 11837
f 11830 11831 11839
f 11830 11839 11838
f 11831 11832 11840
f 11831 11840 11839
f 11832 11825 11833
f 11832 11833 11840
f 11825 11827 11826
f 11833 11834 11835
f 11825 11828 11827
f 11833 11835 11836
f 11825 11829 11828
f 11833 11836 11837
f 11825 11830 11829
f 11833 11837 11838
f 11825 11831 11830
f 11833 11838 11839
f 11825 11832 11831
f 11833 11839 11840
f 11841 11842 11850
f 11841 11850 11849
f 11842 11843 11851
f 11842 11851 11850
f 11843 11844 11852
f 11843 11852 11851
f 11844 11845 11853
f 11844 11853 11852
f 11845 11846 11854
f 11845 11854 11853
f 11846 11847 11855
f 11846 11855 11854
f 11847 11848 11856
f 11847 11856 11855
f 11848 11841 11849
f 11848 11849 11856
f 11841 11843 11842
f 11849 11850 11851
f 11841 11844 11843
f 11849 11851 11852
f 11841 11845 11844
f 11849 11852 11853
f 11841 11846 11845
f 11849 11853 11854
f 11841 11847 11846
f 11849 11854 11855
f 11841 11848 11847
f 11849 11855 11856
f 11857 11858 11866
f 11857 11866 11865
f 11858 11859 11867
f 11858 11867 11866
f 11859 11860 11868
f 11859 11868 11867
f 11860 11861 11869
f 11860 11869 11868
f 11861 11862 11870
f 11861 11870 11869
f 11862 11863 11871
f 11862 11871 11870
f 11863 11864 11872
f 11863 11872 11871
f 11864 11857 11865
f 11864 11865 11872
f 11857 11859 11858
f 11865 11866 11867
f 11857 11860 11859
f 11865 11867 11868
f 11857 11861 11860
f 11865 11868 11869
f 11857 11862 11861
f 11865 11869 11870
f 11857 11863 11862
f 11865 11870 11871
f 11857 11864 11863
f 11865 11871 11872
f 11873 11874 11882
f 11873 11882 11881
f 11874 11875 11883
f 11874 11883 11882
f 11875 11876 11884
f 11875 11884 11883
f 11876 11877 11885
f 11876 11885 11884
f 11877 11878 11886
f 11877 11886 11885
f 11878 11879 11887
f 11878 11887 11886
f 11879 11880 11888
f 11879 11888 11887
f 11880 11873 11881
f 11880 11881 11888
f 11873 11875 11874
f 11881 11882 11883
f 11873 11876 11875
f 11881 11883 11884
f 11873 11877 11876
f 11881 11884 11885
f 11873 11878 11877
f 11881 11885 11886
f 11873 11879 11878
f 11881 11886 11887
f 11873 11880 11879
f 11881 11887 11888
f 11889 11890 11898
f 11889 11898 11897
f 11890 11891 11899
f 11890 11899 11898
f 11891 11892 11900
f 11891 11900 11899
f 11892 11893 11901
f 11892 11901 11900
f 11893 11894 11902
f 11893 11902 11901
f 11894 11895 11903
f 11894 11903 11902
f 11895 11896 11904
f 11895 11904 11903
f 11896 11889 11897
f 11896 11897 11904
f 11889 11891 11890
f 11897 11898 11899
f 11889 11892 11891
f 11897 11899 11900
f 11889 11893 11892
f 11897 11900 11901
f 11889 11894 11893
f 11897 11901 11902
f 11889 11895 11894
f 11897 11902 11903
f 11889 11896 11895
f 11897 11903 11904
f 11905 11906 11914
f 11905 11914 11913
f 11906 11907 11915
f 11906 11915 11914
f 11907 11908 11916
f 11907 11916 11915
f 11908 11909 11917
f 11908 11917 11916
f 11909 11910 11918
f 11909 11918 11917
f 11910 11911 11919
f 11910 11919 11918
f 11911 11912 11920
f 11911 11920 11919
f 11912 11905 11913
f 11912 11913 11920
f 11905 11907 11906
f 11913 11914 11915
f 11905 11908 11907
f 11913 11915 11916
f 11905 11909 11908
f 11913 11916 11917
f 11905 11910 11909
f 11913 11917 11918
f 11905 11911 11910
f 11913 11918 11919
f 11905 11912 11911
f 11913 11919 11920
f 11921 11922 11930
f 11921 11930 11929
f 11922 11923 11931
f 11922 11931 11930
f 11923 11924 11932
f 11923 11932 11931
f 11924 11925 11933
f 11924 11933 11932
f 11925 11926 11934
f 11925 11934 11933
f 11926 11927 11935
f 11926 11935 11934
f 11927 11928 11936
f 11927 11936 11935
f 11928 11921 11929
f 11928 11929 11936
f 11921 11923 11922
f 11929 11930 11931
f 11921 11924 11923
f 11929 11931 11932
f 11921 11925 11924
f 11929 11932 11933
f 11921 11926 11925
f 11929 11933 11934
f 11921 11927 11926
f 11929 11934 11935
f 11921 11928 11927
f 11929 11935 11936
f 11937 11938 11946
f 11937 11946 11945
f 11938 11939 11947
f 11938 11947 11946
f 11939 11940 11948
f 11939 11948 11947
f 11940 11941 11949
f 11940 11949 11948
f 11941 11942 11950
f 11941 11950 11949
f 11942 11943 11951
f 11942 11951 11950
f 11943 11944 11952
f 11943 11952 11951
f 11944 11937 11945
f 11944 11945 11952
f 11937 11939 11938
f 11945 11946 11947
f 11937 11940 11939
f 11945 11947 11948
f 11937 11941 11940
f 11945 11948 11949
f 11937 11942 11941
f 11945 11949 11950
f 11937 11943 11942
f 11945 11950 11951
f 11937 11944 11943
f 11945 11951 11952
f 11953 11954 11962
f 11953 11962 11961
f 11954 11955 11963
f 11954 11963 11962
f 11955 11956 11964
f 11955 11964 11963
f 11956 11957 11965
f 11956 11965 11964
f 11957 11958 11966
f 11957 11966 11965
f 11958 11959 11967
f 11958 11967 11966
f 11959 11960 11968
f 11959 11968 11967
f 11960 11953 11961
f 11960 11961 11968
f 11953 11955 11954
f 11961 11962 11963
f 11953 11956 11955
f 11961 11963 11964
f 11953 11957 11956
f 11961 11964 11965
f 11953 11958 11957
f 11961 11965 11966
f 11953 11959 11958
f 11961 11966 11967
f 11953 11960 11959
f 11961 11967 11968
f 11969 11970 11978
f 11969 11978 11977
f 11970 11971 11979
f 11970 11979 11978
f 11971 11972 11980
f 11971 11980 11979
f 11972 11973 11981
f 11972 11981 11980
f 11973 11974 11982
f 11973 11982 11981
f 11974 11975 11983
f 11974 11983 11982
f 11975 11976 11984
f 11975 11984 11983
f 11976 11969 11977
f 11976 11977 11984
f 11969 11971 11970
f 11977 11978 11979
f 11969 11972 11971
f 11977 11979 11980
f 11969 11973 11972
f 11977 11980 11981
f 11969 11974 11973
f 11977 11981 11982
f 11969 11975 11974
f 11977 11982 11983
f 11969 11976 11975
f 11977 11983 11984
f 11985 11986 11994
f 11985 11994 11993
f 11986 11987 11995
f 11986 11995 11994
f 11987 11988 11996
f 11987 11996 11995
f 11988 11989 11997
f 11988 11997 11996
f 11989 11990 11998
f 11989 11998 11997
f 11990 11991 11999
f 11990 11999 11998
f 11991 11992 12000
f 11991 12000 11999
f 11992 11985 11993
f 11992 11993 12000
f 11985 11987 11986
f 11993 11994 11995
f 11985 11988 11987
f 11993 11995 11996
f 11985 11989 11988
f 11993 11996 11997
f 11985 11990 11989
f 11993 11997 11998
f 11985 11991 11990
f 11993 11998 11999
f 11985 11992 11991
f 11993 11999 12000
f 12001 12002 12010
f 12001 12010 12009
f 12002 12003 12011
f 12002 12011 12010
f 12003 12004 12012
f 12003 12012 12011
f 12004 12005 12013
f 12004 12013 12012
f 12005 12006 12014
f 12005 12014 12013
f 12006 12007 12015
f 12006 12015 12014
f 12007 12008 12016
f 12007 12016 12015
f 12008 12001 12009
f 12008 12009 12016
f 12001 12003 12002
f 12009 12010 12011
f 12001 12004 12003
f 12009 12011 12012
f 12001 12005 12004
f 12009 12012 12013
f 12001 12006 12005
f 12009 12013 12014
f 12001 12007 12006
f 12009 12014 12015
f 12001 12008 12007
f 12009 12015 12016
f 12017 12018 12026
f 12017 12026 12025
f 12018 12019 12027
f 12018 12027 12026
f 12019 12020 12028
f 12019 12028 12027
f 12020 12021 12029
f 12020 12029 12028
f 12021 12022 12030
f 12021 12030 12029
f 12022 12023 12031
f 12022 12031 12030
f 12023 12024 12032
f 12023 12032 12031
f 12024 12017 12025
f 12024 12025 12032
f 12017 12019 12018
f 12025 12026 12027
f 12017 12020 12019
f 12025 12027 12028
f 12017 12021 12020
f 12025 12028 12029
f 12017 12022 12021
f 12025 12029 12030
f 12017 12023 12022
f 12025 12030 12031
f 12017 12024 12023
f 12025 12031 12032
f 12033 12034 12042
f 12033 12042 12041
f 12034 12035 12043
f 12034 12043 12042
f 12035 12036 12044
f 12035 12044 12043
f 12036 12037 12045
f 12036 12045 12044
f 12037 12038 12046
f 12037 12046 12045
f 12038 12039 12047
f 12038 12047 12046
f 12039 12040 12048
f 12039 12048 12047
f 12040 12033 12041
f 12040 12041 12048
f 12033 12035 12034
f 12041 12042 12043
f 12033 12036 12035
f 12041 12043 12044
f 12033 12037 12036
f 12041 12044 12045
f 12033 12038 12037
f 12041 12045 12046
f 12033 12039 12038
f 12041 12046 12047
f 12033 12040 12039
f 12041 12047 12048
f 12049 12050 12058
f 12049 12058 12057
f 12050 12051 12059
f 12050 12059 12058
f 12051 12052 12060
f 12051 12060 12059
f 12052 12053 12061
f 12052 12061 12060
f 12053 12054 12062
f 12053 12062 12061
f 12054 12055 12063
f 12054 12063 12062
f 12055 12056 12064
f 12055 12064 12063
f 12056 12049 12057
f 12056 12057 12064
f 12049 12051 12050
f 12057 12058 12059
f 12049 12052 12051
f 12057 12059 12060
f 12049 12053 12052
f 12057 12060 12061
f 12049 12054 12053
f 12057 12061 12062
f 12049 12055 12054
f 12057 12062 12063
f 12049 12056 12055
f 12057 12063 12064
f 12065 12066 12074
f 12065 12074 12073
f 12066 12067 12075
f 12066 12075 12074
f 12067 12068 12076
f 12067 12076 12075
f 12068 12069 12077
f 12068 12077 12076
f 12069 12070 12078
f 12069 12078 12077
f 12070 12071 12079
f 12070 12079 12078
f 12071 12072 12080
f 12071 12080 12079
f 12072 12065 12073
f 12072 12073 12080
f 12065 12067 12066
f 12073 12074 12075
f 12065 12068 12067
f 12073 12075 12076
f 12065 12069 12068
f 12073 12076 12077
f 12065 12070 12069
f 12073 12077 12078
f 12065 12071 12070
f 12073 12078 12079
f 12065 12072 12071
f 12073 12079 12080
f 12081 12082 12090
f 12081 12090 12089
f 12082 12083 12091
f 12082 12091 12090
f 12083 12084 12092
f 12083 12092 12091
f 12084 12085 12093
f 12084 12093 12092
f 12085 12086 12094
f 12085 12094 12093
f 12086 12087 12095
f 12086 12095 12094
f 12087 12088 12096
f 12087 12096 12095
f 12088 12081 12089
f 12088 12089 12096
f 12081 12083 12082
f 12089 12090 12091
f 12081 12084 12083
f 12089 12091 12092
f 12081 12085 12084
f 12089 12092 12093
f 12081 12086 12085
f 12089 12093 12094
f 12081 12087 12086
f 12089 12094 12095
f 12081 12088 12087
f 12089 12095 12096
f 12097 12098 12106
f 12097 12106 12105
f 12098 12099 12107
f 12098 12107 12106
f 12099 12100 12108
f 12099 12108 12107
f 12100 12101 12109
f 12100 12109 12108
f 12101 12102 12110
f 12101 12110 12109
f 12102 12103 12111
f 12102 12111 12110
f 12103 12104 12112
f 12103 12112 12111
f 12104 12097 12105
f 12104 12105 12112
f 12097 12099 12098
f 12105 12106 12107
f 12097 12100 12099
f 12105 12107 12108
f 12097 12101 12100
f 12105 12108 12109
f 12097 12102 12101
f 12105 12109 12110
f 12097 12103 12102
f 12105 12110 12111
f 12097 12104 12103
f 12105 12111 12112
f 12113 12114 12122
f 12113 12122 12121
f 12114 12115 12123
f 12114 12123 12122
f 12115 12116 12124
f 12115 12124 12123
f 12116 12117 12125
f 12116 12125 12124
f 12117 12118 12126
f 12117 12126 12125
f 12118 12119 12127
f 12118 12127 12126
f 12119 12120 12128
f 12119 12128 12127
f 12120 12113 12121
f 12120 12121 12128
f 12113 12115 12114
f 12121 12122 12123
f 12113 12116 12115
f 12121 12123 12124
f 12113 12117 12116
f 12121 12124 12125
f 12113 12118 12117
f 12121 12125 12126
f 12113 12119 12118
f 12121 12126 12127
f 12113 12120 12119
f 12121 12127 12128
f 12129 12130 12138
f 12129 12138 12137
f 12130 12131 12139
f 12130 12139 12138
f 12131 12132 12140
f 12131 12140 12139
f 12132 12133 12141
f 12132 12141 12140
f 12133 12134 12142
f 12133 12142 12141
f 12134 12135 12143
f 12134 12143 12142
f 12135 12136 12144
f 12135 12144 12143
f 12136 12129 12137
f 12136 12137 12144
f 12129 12131 12130
f 12137 12138 12139
f 12129 12132 12131
f 12137 12139 12140
f 12129 12133 12132
f 12137 12140 12141
f 12129 12134 12133
f 12137 12141 12142
f 12129 12135 12134
f 12137 12142 12143
f 12129 12136 12135
f 12137 12143 12144
f 12145 12146 12154
f 12145 12154 12153
f 12146 12147 12155
f 12146 12155 12154
f 12147 12148 12156
f 12147 12156 12155
f 12148 12149 12157
f 12148 12157 12156
f 12149 12150 12158
f 12149 12158 12157
f 12150 12151 12159
f 12150 12159 12158
f 12151 12152 12160
f 12151 12160 12159
f 12152 12145 12153
f 12152 12153 12160
f 12145 12147 12146
f 12153 12154 12155
f 12145 12148 12147
f 12153 12155 12156
f 12145 12149 12148
f 12153 12156 12157
f 12145 12150 12149
f 12153 12157 12158
f 12145 12151 12150
f 12153 12158 12159
f 12145 12152 12151
f 12153 12159 12160
f 12161 12162 12170
f 12161 12170 12169
f 12162 12163 12171
f 12162 12171 12170
f 12163 12164 12172
f 12163 12172 12171
f 12164 12165 12173
f 12164 12173 12172
f 12165 12166 12174
f 12165 12174 12173
f 12166 12167 12175
f 12166 12175 12174
f 12167 12168 12176
f 12167 12176 12175
f 12168 12161 12169
f 12168 12169 12176
f 12161 12163 12162
f 12169 12170 12171
f 12161 12164 12163
f 12169 12171 12172
f 12161 12165 12164
f 12169 12172 12173
f 12161 12166 12165
f 12169 12173 12174
f 12161 12167 12166
f 12169 12174 12175
f 12161 12168 12167
f 12169 12175 12176
f 12177 12178 12186
f 12177 12186 12185
f 12178 12179 12187
f 12178 12187 12186
f 12179 12180 12188
f 12179 12188 12187
f 12180 12181 12189
f 12180 12189 12188
f 12181 12182 12190
f 12181 12190 12189
f 12182 12183 12191
f 12182 12191 12190
f 12183 12184 12192
f 12183 12192 12191
f 12184 12177 12185
f 12184 12185 12192
f 12177 12179 12178
f 12185 12186 12187
f 12177 12180 12179
f 12185 12187 12188
f 12177 12181 12180
f 12185 12188 12189
f 12177 12182 12181
f 12185 12189 12190
f 12177 12183 12182
f 12185 12190 12191
f 12177 12184 12183
f 12185 12191 12192
f 12193 12194 12202
f 12193 12202 12201
f 12194 12195 12203
f 12194 12203 12202
f 12195 12196 12204
f 12195 12204 12203
f 12196 12197 12205
f 12196 12205 12204
f 12197 12198 12206
f 12197 12206 12205
f 12198 12199 12207
f 12198 12207 12206
f 12199 12200 12208
f 12199 12208 12207
f 12200 12193 12201
f 12200 12201 12208
f 12193 12195 12194
f 12201 12202 12203
f 12193 12196 12195
f 12201 12203 12204
f 12193 12197 12196
f 12201 12204 12205
f 12193 12198 12197
f 12201 12205 12206
f 12193 12199 12198
f 12201 12206 12207
f 12193 12200 12199
f 12201 12207 12208
f 12209 12210 12218
f 12209 12218 12217
f 12210 12211 12219
f 12210 12219 12218
f 12211 12212 12220
f 12211 12220 12219
f 12212 12213 12221
f 12212 12221 12220
f 12213 12214 12222
f 12213 12222 12221
f 12214 12215 12223
f 12214 12223 12222
f 12215 12216 12224
f 12215 12224 12223
f 12216 12209 12217
f 12216 12217 12224
f 12209 12211 12210
f 12217 12218 12219
f 12209 12212 12211
f 12217 12219 12220
f 12209 12213 12212
f 12217 12220 12221
f 12209 12214 12213
f 12217 12221 12222
f 12209 12215 12214
f 12217 12222 12223
f 12209 12216 12215
f 12217 12223 12224
f 12225 12226 12234
f 12225 12234 12233
f 12226 12227 12235
f 12226 12235 12234
f 12227 12228 12236
f 12227 12236 12235
f 12228 12229 12237
f 12228 12237 12236
f 12229 12230 12238
f 12229 12238 12237
f 12230 12231 12239
f 12230 12239 12238
f 12231 12232 12240
f 12231 12240 12239
f 12232 12225 12233
f 12232 12233 12240
f 12225 12227 12226
f 12233 12234 12235
f 12225 12228 12227
f 12233 12235 12236
f 12225 12229 12228
f 12233 12236 12237
f 12225 12230 12229
f 12233 12237 12238
f 12225 12231 12230
f 12233 12238 12239
f 12225 12232 12231
f 12233 12239 12240
f 12241 12242 12250
f 12241 12250 12249
f 12242 12243 12251
f 12242 12251 12250
f 12243 12244 12252
f 12243 12252 12251
f 12244 12245 12253
f 12244 12253 12252
f 12245 12246 12254
f 12245 12254 12253
f 12246 12247 12255
f 12246 12255 12254
f 12247 12248 12256
f 12247 12256 12255
f 12248 12241 12249
f 12248 12249 12256
f 12241 12243 12242
f 12249 12250 12251
f 12241 12244 12243
f 12249 12251 12252
f 12241 12245 12244
f 12249 12252 12253
f 12241 12246 12245
f 12249 12253 12254
f 12241 12247 12246
f 12249 12254 12255
f 12241 12248 12247
f 12249 12255 12256
f 12257 12258 12266
f 12257 12266 12265
f 12258 12259 12267
f 12258 12267 12266
f 12259 12260 12268
f 12259 12268 12267
f 12260 12261 12269
f 12260 12269 12268
f 12261 12262 12270
f 12261 12270 12269
f 12262 12263 12271
f 12262 12271 12270
f 12263 12264 12272
f 12263 12272 12271
f 12264 12257 12265
f 12264 12265 12272
f 12257 12259 12258
f 12265 12266 12267
f 12257 12260 12259
f 12265 12267 12268
f 12257 12261 12260
f 12265 12268 12269
f 12257 12262 12261
f 12265 12269 12270
f 12257 12263 12262
f 12265 12270 12271
f 12257 12264 12263
f 12265 12271 12272
f 12273 12274 12282
f 12273 12282 12281
f 12274 12275 12283
f 12274 12283 12282
f 12275 12276 12284
f 12275 12284 12283
f 12276 12277 12285
f 12276 12285 12284
f 12277 12278 12286
f 12277 12286 12285
f 12278 12279 12287
f 12278 12287 12286
f 12279 12280 12288
f 12279 12288 12287
f 12280 12273 12281
f 12280 12281 12288
f 12273 12275 12274
f 12281 12282 12283
f 12273 12276 12275
f 12281 12283 12284
f 12273 12277 12276
f 12281 12284 12285
f 12273 12278 12277
f 12281 12285 12286
f 12273 12279 12278
f 12281 12286 12287
f 12273 12280 12279
f 12281 12287 12288
f 12289 12290 12298
f 12289 12298 12297
f 12290 12291 12299
f 12290 12299 12298
f 12291 12292 12300
f 12291 12300 12299
f 12292 12293 12301
f 12292 12301 12300
f 12293 12294 12302
f 12293 12302 12301
f 12294 12295 12303
f 12294 12303 12302
f 12295 12296 12304
f 12295 12304 12303
f 12296 12289 12297
f 12296 12297 12304
f 12289 12291 12290
f 12297 12298 12299
f 12289 12292 12291
f 12297 12299 12300
f 12289 12293 12292
f 12297 12300 12301
f 12289 12294 12293
f 12297 12301 12302
f 12289 12295 12294
f 12297 12302 12303
f 12289 12296 12295
f 12297 12303 12304
f 12305 12306 12314
f 12305 12314 12313
f 12306 12307 12315
f 12306 12315 12314
f 12307 12308 12316
f 12307 12316 12315
f 12308 12309 12317
f 12308 12317 12316
f 12309 12310 12318
f 12309 12318 12317
f 12310 12311 12319
f 12310 12319 12318
f 12311 12312 12320
f 12311 12320 12319
f 12312 12305 12313
f 12312 12313 12320
f 12305 12307 12306
f 12313 12314 12315
f 12305 12308 12307
f 12313 12315 12316
f 12305 12309 12308
f 12313 12316 12317
f 12305 12310 12309
f 12313 12317 12318
f 12305 12311 12310
f 12313 12318 12319
f 12305 12312 12311
f 12313 12319 12320
f 12321 12322 12330
f 12321 12330 12329
f 12322 12323 12331
f 12322 12331 12330
f 12323 12324 12332
f 12323 12332 12331
f 12324 12325 12333
f 12324 12333 12332
f 12325 12326 12334
f 12325 12334 12333
f 12326 12327 12335
f 12326 12335 12334
f 12327 12328 12336
f 12327 12336 12335
f 12328 12321 12329
f 12328 12329 12336
f 12321 12323 12322
f 12329 12330 12331
f 12321 12324 12323
f 12329 12331 12332
f 12321 12325 12324
f 12329 12332 12333
f 12321 12326 12325
f 12329 12333 12334
f 12321 12327 12326
f 12329 12334 12335
f 12321 12328 12327
f 12329 12335 12336
f 12337 12338 12346
f 12337 12346 12345
f 12338 12339 12347
f 12338 12347 12346
f 12339 12340 12348
f 12339 12348 12347
f 12340 12341 12349
f 12340 12349 12348
f 12341 12342 12350
f 12341 12350 12349
f 12342 12343 12351
f 12342 12351 12350
f 12343 12344 12352
f 12343 12352 12351
f 12344 12337 12345
f 12344 12345 12352
f 12337 12339 12338
f 12345 12346 12347
f 12337 12340 12339
f 12345 12347 12348
f 12337 12341 12340
f 12345 12348 12349
f 12337 12342 12341
f 12345 12349 12350
f 12337 12343 12342
f 12345 12350 12351
f 12337 12344 12343
f 12345 12351 12352
f 12353 12354 12362
f 12353 12362 12361
f 12354 12355 12363
f 12354 12363 12362
f 12355 12356 12364
f 12355 12364 12363
f 12356 12357 12365
f 12356 12365 12364
f 12357 12358 12366
f 12357 12366 12365
f 12358 12359 12367
f 12358 12367 12366
f 12359 12360 12368
f 12359 12368 12367
f 12360 12353 12361
f 12360 12361 12368
f 12353 12355 12354
f 12361 12362 12363
f 12353 12356 12355
f 12361 12363 12364
f 12353 12357 12356
f 12361 12364 12365
f 12353 12358 12357
f 12361 12365 12366
f 12353 12359 12358
f 12361 12366 12367
f 12353 12360 12359
f 12361 12367 12368
f 12369 12370 12378
f 12369 12378 12377
f 12370 12371 12379
f 12370 12379 12378
f 12371 12372 12380
f 12371 12380 12379
f 12372 12373 12381
f 12372 12381 12380
f 12373 12374 12382
f 12373 12382 12381
f 12374 12375 12383
f 12374 12383 12382
f 12375 12376 12384
f 12375 12384 12383
f 12376 12369 12377
f 12376 12377 12384
f 12369 12371 12370
f 12377 12378 12379
f 12369 12372 12371
f 12377 12379 12380
f 12369 12373 12372
f 12377 12380 12381
f 12369 12374 12373
f 12377 12381 12382
f 12369 12375 12374
f 12377 12382 12383
f 12369 12376 12375
f 12377 12383 12384
f 12385 12386 12394
f 12385 12394 12393
f 12386 12387 12395
f 12386 12395 12394
f 12387 12388 12396
f 12387 12396 12395
f 12388 12389 12397
f 12388 12397 12396
f 12389 12390 12398
f 12389 12398 12397
f 12390 12391 12399
f 12390 12399 12398
f 12391 12392 12400
f 12391 12400 12399
f 12392 12385 12393
f 12392 12393 12400
f 12385 12387 12386
f 12393 12394 12395
f 12385 12388 12387
f 12393 12395 12396
f 12385 12389 12388
f 12393 12396 12397
f 12385 12390 12389
f 12393 12397 12398
f 12385 12391 12390
f 12393 12398 12399
f 12385 12392 12391
f 12393 12399 12400
f 12401 12402 12410
f 12401 12410 12409
f 12402 12403 12411
f 12402 12411 12410
f 12403 12404 12412
f 12403 12412 12411
f 12404 12405 12413
f 12404 12413 12412
f 12405 12406 12414
f 12405 12414 12413
f 12406 12407 12415
f 12406 12415 12414
f 12407 12408 12416
f 12407 12416 12415
f 12408 12401 12409
f 12408 12409 12416
f 12401 12403 12402
f 12409 12410 12411
f 12401 12404 12403
f 12409 12411 12412
f 12401 12405 12404
f 12409 12412 12413
f 12401 12406 12405
f 12409 12413 12414
f 12401 12407 12406
f 12409 12414 12415
f 12401 12408 12407
f 12409 12415 12416
f 12417 12418 12426
f 12417 12426 12425
f 12418 12419 12427
f 12418 12427 12426
f 12419 12420 12428
f 12419 12428 12427
f 12420 12421 12429
f 12420 12429 12428
f 12421 12422 12430
f 12421 12430 12429
f 12422 12423 12431
f 12422 12431 12430
f 12423 12424 12432
f 12423 12432 12431
f 12424 12417 12425
f 12424 12425 12432
f 12417 12419 12418
f 12425 12426 12427
f 12417 12420 12419
f 12425 12427 12428
f 12417 12421 12420
f 12425 12428 12429
f 12417 12422 12421
f 12425 12429 12430
f 12417 12423 12422
f 12425 12430 12431
f 12417 12424 12423
f 12425 12431 12432
f 12433 12434 12442
f 12433 12442 12441
f 12434 12435 12443
f 12434 12443 12442
f 12435 12436 12444
f 12435 12444 12443
f 12436 12437 12445
f 12436 12445 12444
f 12437 12438 12446
f 12437 12446 12445
f 12438 12439 12447
f 12438 12447 12446
f 12439 12440 12448
f 12439 12448 12447
f 12440 12433 12441
f 12440 12441 12448
f 12433 12435 12434
f 12441 12442 12443
f 12433 12436 12435
f 12441 12443 12444
f 12433 12437 12436
f 12441 12444 12445
f 12433 12438 12437
f 12441 12445 12446
f 12433 12439 12438
f 12441 12446 12447
f 12433 12440 12439
f 12441 12447 12448
f 12449 12450 12458
f 12449 12458 12457
f 12450 12451 12459
f 12450 12459 12458
f 12451 12452 12460
f 12451 12460 12459
f 12452 12453 12461
f 12452 12461 12460
f 12453 12454 12462
f 12453 12462 12461
f 12454 12455 12463
f 12454 12463 12462
f 12455 12456 12464
f 12455 12464 12463
f 12456 12449 12457
f 12456 12457 12464
f 12449 12451 12450
f 12457 12458 12459
f 12449 12452 12451
f 12457 12459 12460
f 12449 12453 12452
f 12457 12460 12461
f 12449 12454 12453
f 12457 12461 12462
f 12449 12455 12454
f 12457 12462 12463
f 12449 12456 12455
f 12457 12463 12464
f 12465 12466 12474
f 12465 12474 12473
f 12466 12467 12475
f 12466 12475 12474
f 12467 12468 12476
f 12467 12476 12475
f 12468 12469 12477
f 12468 12477 12476
f 12469 12470 12478
f 12469 12478 12477
f 12470 12471 12479
f 12470 12479 12478
f 12471 12472 12480
f 12471 12480 12479
f 12472 12465 12473
f 12472 12473 12480
f 12465 12467 12466
f 12473 12474 12475
f 12465 12468 12467
f 12473 12475 12476
f 12465 12469 12468
f 12473 12476 12477
f 12465 12470 12469
f 12473 12477 12478
f 12465 12471 12470
f 12473 12478 12479
f 12465 12472 12471
f 12473 12479 12480
f 12481 12482 12490
f 12481 12490 12489
f 12482 12483 12491
f 12482 12491 12490
f 12483 12484 12492
f 12483 12492 12491
f 12484 12485 12493
f 12484 12493 12492
f 12485 12486 12494
f 12485 12494 12493
f 12486 12487 12495
f 12486 12495 12494
f 12487 12488 12496
f 12487 12496 12495
f 12488 12481 12489
f 12488 12489 12496
f 12481 12483 12482
f 12489 12490 12491
f 12481 12484 12483
f 12489 12491 12492
f 12481 12485 12484
f 12489 12492 12493
f 12481 12486 12485
f 12489 12493 12494
f 12481 12487 12486
f 12489 12494 12495
f 12481 12488 12487
f 12489 12495 12496
f 12497 12498 12506
f 12497 12506 12505
f 12498 12499 12507
f 12498 12507 12506
f 12499 12500 12508
f 12499 12508 12507
f 12500 12501 12509
f 12500 12509 12508
f 12501 12502 12510
f 12501 12510 12509
f 12502 12503 12511
f 12502 12511 12510
f 12503 12504 12512
f 12503 12512 12511
f 12504 12497 12505
f 12504 12505 12512
f 12497 12499 12498
f 12505 12506 12507
f 12497 12500 12499
f 12505 12507 12508
f 12497 12501 12500
f 12505 12508 12509
f 12497 12502 12501
f 12505 12509 12510
f 12497 12503 12502
f 12505 12510 12511
f 12497 12504 12503
f 12505 12511 12512
f 12513 12514 12522
f 12513 12522 12521
f 12514 12515 12523
f 12514 12523 12522
f 12515 12516 12524
f 12515 12524 12523
f 12516 12517 12525
f 12516 12525 12524
f 12517 12518 12526
f 12517 12526 12525
f 12518 12519 12527
f 12518 12527 12526
f 12519 12520 12528
f 12519 12528 12527
f 12520 12513 12521
f 12520 12521 12528
f 12513 12515 12514
f 12521 12522 12523
f 12513 12516 12515
f 12521 12523 12524
f 12513 12517 12516
f 12521 12524 12525
f 12513 12518 12517
f 12521 12525 12526
f 12513 12519 12518
f 12521 12526 12527
f 12513 12520 12519
f 12521 12527 12528
f 12529 12530 12538
f 12529 12538 12537
f 12530 12531 12539
f 12530 12539 12538
f 12531 12532 12540
f 12531 12540 12539
f 12532 12533 12541
f 12532 12541 12540
f 12533 12534 12542
f 12533 12542 12541
f 12534 12535 12543
f 12534 12543 12542
f 12535 12536 12544
f 12535 12544 12543
f 12536 12529 12537
f 12536 12537 12544
f 12529 12531 12530
f 12537 12538 12539
f 12529 12532 12531
f 12537 12539 12540
f 12529 12533 12532
f 12537 12540 12541
f 12529 12534 12533
f 12537 12541 12542
f 12529 12535 12534
f 12537 12542 12543
f 12529 12536 12535
f 12537 12543 12544
f 12545 12546 12554
f 12545 12554 12553
f 12546 12547 12555
f 12546 12555 12554
f 12547 12548 12556
f 12547 12556 12555
f 12548 12549 12557
f 12548 12557 12556
f 12549 12550 12558
f 12549 12558 12557
f 12550 12551 12559
f 12550 12559 12558
f 12551 12552 12560
f 12551 12560 12559
f 12552 12545 12553
f 12552 12553 12560
f 12545 12547 12546
f 12553 12554 12555
f 12545 12548 12547
f 12553 12555 12556
f 12545 12549 12548
f 12553 12556 12557
f 12545 12550 12549
f 12553 12557 12558
f 12545 12551 12550
f 12553 12558 12559
f 12545 12552 12551
f 12553 12559 12560
