# Fixed original-ID centerlines. XYZ exactly original float32 model rows.
# original_id 131
v 0.087337404489517212 0.90370917320251465 0.66645795106887817
# original_id 546
v -0.18665905296802521 -0.44618022441864014 0.90770107507705688
# original_id 2706
v 0.60342085361480713 -0.69149923324584961 -0.23579360544681549
# original_id 3570
v 0.22150161862373352 0.87090975046157837 0.36707139015197754
# original_id 3990
v 0.089253239333629608 0.90654236078262329 0.66947382688522339
# original_id 4920
v -0.61953556537628174 -0.73349183797836304 -0.27267628908157349
# original_id 6105
v 0.27848836779594421 0.93123006820678711 -0.030271764844655991
# original_id 6591
v 0.62982946634292603 -1.1318016052246094 -0.32367095351219177
# original_id 7676
v -0.38190147280693054 -0.68324851989746094 0.8607298731803894
# original_id 7686
v 0.06020316481590271 0.90437191724777222 0.6698615550994873
# original_id 7743
v 0.63227128982543945 -1.1379077434539795 -0.29893609881401062
# original_id 7754
v -0.60106885433197021 -1.1371898651123047 -0.30979543924331665
# original_id 7756
v -0.15923531353473663 -0.39443403482437134 0.94066345691680908
# original_id 8165
v 0.18301780521869659 0.85962182283401489 0.61149454116821289
# original_id 8239
v 0.31868144869804382 0.94893330335617065 0.098635755479335785
# original_id 8405
v 0.63075858354568481 1.102370023727417 -0.30983111262321472
# original_id 8409
v 0.46803149580955505 1.1398210525512695 -0.31162750720977783
# original_id 8528
v -0.16054242849349976 -0.45402520895004272 0.89628630876541138
# original_id 8635
v -0.10936747491359711 -0.94687271118164062 0.65709167718887329
# original_id 8707
v -0.0089193535968661308 0.90542614459991455 0.67041122913360596
# original_id 8744
v 0.28042271733283997 0.92968547344207764 0.16257005929946899
# original_id 8806
v 0.090354762971401215 0.88100945949554443 0.68124896287918091
# original_id 8863
v -0.63227874040603638 0.94669103622436523 -0.28636807203292847
# original_id 9022
v 0.18513008952140808 0.86607605218887329 0.41967833042144775
# original_id 9100
v 0.24877583980560303 0.89716768264770508 0.13064691424369812
# original_id 9409
v -0.1812644898891449 0.60273420810699463 0.66932928562164307
# original_id 9442
v -0.63046455383300781 0.82423281669616699 -0.28675729036331177
# original_id 9557
v 0.33949390053749084 1.1338160037994385 -0.30319353938102722
# original_id 9678
v -0.58681696653366089 -1.1366540193557739 -0.309682697057724
# original_id 10039
v -0.28936430811882019 0.37928426265716553 0.24849946796894073
# original_id 10163
v 0.092017874121665955 -0.94448262453079224 0.65739411115646362
# original_id 10273
v 0.62704235315322876 1.0664620399475098 -0.28937262296676636
# original_id 10391
v -0.62958675622940063 -1.0978021621704102 -0.28870907425880432
# original_id 10429
v -0.3115730881690979 0.46730303764343262 0.26255902647972107
# original_id 10464
v 0.31256100535392761 0.93140703439712524 0.012043638154864311
# original_id 10510
v -0.031821850687265396 0.89871913194656372 0.67103433609008789
# original_id 10538
v -0.19167084991931915 -0.44824612140655518 0.90165805816650391
# original_id 10566
v 0.35830187797546387 -0.94801920652389526 0.65579473972320557
# original_id 10592
v -0.10877873748540878 -0.9479827880859375 0.65726256370544434
# original_id 10645
v 0.27619141340255737 0.94613897800445557 0.16172695159912109
# original_id 10717
v -0.070340253412723541 -0.86829143762588501 0.6314467191696167
# original_id 10726
v -0.37074920535087585 -0.94618481397628784 0.65412998199462891
# original_id 10780
v -0.089105144143104553 0.90537470579147339 0.67135399580001831
# original_id 10842
v 0.62683373689651489 -0.88650596141815186 -0.2888323962688446
# original_id 10891
v -0.62665730714797974 -0.26073837280273438 -0.23771290481090546
# original_id 11038
v -0.62863671779632568 0.24991919100284576 -0.28954446315765381
# original_id 11331
v 0.42083775997161865 1.1330498456954956 -0.29933163523674011
# original_id 11360
v -0.12425585091114044 0.89067327976226807 0.6699938178062439
# original_id 11752
v 0.62075209617614746 0.58876419067382812 -0.28268823027610779
# original_id 11785
v -0.6244276762008667 -0.72732990980148315 -0.27541881799697876
# original_id 11912
v -0.21678154170513153 0.46673795580863953 0.56691205501556396
# original_id 12035
v 0.31705361604690552 0.93018412590026855 0.022522320970892906
# original_id 12107
v -0.22338993847370148 -0.39022162556648254 0.77752429246902466
# original_id 12114
v -0.11431236565113068 0.87921005487442017 0.68315970897674561
# original_id 12126
v -0.62340289354324341 0.0021824862342327833 -0.25985163450241089
# original_id 12149
v 0.17843917012214661 0.86820870637893677 0.60581874847412109
# original_id 12156
v -0.0090109556913375854 -1.1350390911102295 -0.33297750353813171
# original_id 12271
v 0.58329272270202637 1.1426043510437012 -0.29955002665519714
# original_id 12356
v -0.19610871374607086 -0.14068658649921417 0.74662572145462036
# original_id 12385
v -0.17673414945602417 -0.44737941026687622 0.88235509395599365
# original_id 12410
v 0.27771210670471191 0.93558573722839355 -0.030171327292919159
# original_id 12438
v -0.2481597363948822 0.42589747905731201 0.52813082933425903
# original_id 12574
v -0.22384360432624817 -0.94769167900085449 0.65679872035980225
# original_id 12580
v -0.15833981335163116 0.53442281484603882 0.63239622116088867
# original_id 12594
v -0.19738860428333282 -0.44367325305938721 0.9184650182723999
# original_id 12605
v 0.29333585500717163 0.94734591245651245 0.14251483976840973
# original_id 12648
v -0.6306336522102356 -1.1141823530197144 -0.28731364011764526
# original_id 12672
v 0.57389706373214722 -1.1252113580703735 -0.28537645936012268
# original_id 12789
v -0.24994008243083954 0.42723646759986877 0.54057830572128296
# original_id 12792
v 0.1406572014093399 0.8749433159828186 0.65330332517623901
# original_id 12846
v -0.61847108602523804 -1.1367291212081909 -0.30957791209220886
# original_id 12902
v -0.32151073217391968 -0.95357638597488403 0.64930230379104614
# original_id 13074
v 0.18345998227596283 0.58963704109191895 0.65933656692504883
# original_id 13149
v -0.098071575164794922 -0.53059613704681396 0.97618144750595093
# original_id 13228
v -0.19626383483409882 -0.94821411371231079 0.63785964250564575
# original_id 13242
v 0.33253249526023865 1.1303659677505493 -0.29842540621757507
# original_id 13364
v -0.37207052111625671 -0.56037896871566772 0.99463546276092529
# original_id 13786
v -0.29615664482116699 -1.1338437795639038 -0.31266763806343079
# original_id 13798
v -0.16699047386646271 0.75398147106170654 0.68195050954818726
# original_id 14219
v -0.37982994318008423 -0.71279430389404297 0.8245810866355896
# original_id 14264
v -0.38055390119552612 -0.68536108732223511 0.85874360799789429
# original_id 14467
v -0.6313098669052124 -0.76467257738113403 -0.28900068998336792
# original_id 14492
v -0.63092160224914551 -0.21885846555233002 -0.23737385869026184
# original_id 14917
v -0.23910844326019287 0.44648849964141846 0.56580471992492676
# original_id 14978
v -0.55003613233566284 1.1319426298141479 -0.30473333597183228
# original_id 15042
v 0.62559086084365845 -1.1145654916763306 -0.28735750913619995
# original_id 15387
v 0.60084426403045654 -1.1343672275543213 -0.32277628779411316
# original_id 15474
v -0.20350202918052673 -0.94654935598373413 0.65546077489852905
# original_id 15625
v -0.20720598101615906 -0.40758076310157776 0.92571407556533813
# original_id 15648
v 0.30399155616760254 0.93549811840057373 -0.0082713533192873001
# original_id 15933
v -0.62456899881362915 0.79986673593521118 -0.28027623891830444
# original_id 15982
v -0.62348920106887817 0.55459266901016235 -0.24770230054855347
# original_id 16067
v -0.6231846809387207 0.93208330869674683 -0.28540605306625366
# original_id 16096
v 0.21340359747409821 -0.94555187225341797 0.65714311599731445
# original_id 16114
v 0.57734858989715576 1.1401398181915283 -0.28656795620918274
# original_id 16119
v -0.30126059055328369 1.029435396194458 0.063342586159706116
# original_id 16122
v 0.25087466835975647 0.89840775728225708 0.2359061986207962
# original_id 16201
v -0.37319391965866089 -0.56197720766067505 0.99428564310073853
# original_id 16270
v -0.14393076300621033 -0.43085220456123352 0.88522094488143921
# original_id 16393
v -0.2478337436914444 0.022993443533778191 0.47392112016677856
# original_id 16451
v -0.62976735830307007 1.1375715732574463 -0.29015800356864929
# original_id 16762
v 0.18571352958679199 0.8703644871711731 0.52428799867630005
# original_id 16877
v 0.16454294323921204 0.53512084484100342 0.6319270133972168
# original_id 16991
v -0.25137513875961304 -0.43829599022865295 0.90913933515548706
# original_id 17014
v -0.15408314764499664 0.86776363849639893 0.65000998973846436
# original_id 17180
v -0.10501576960086823 0.87682050466537476 0.67892307043075562
# original_id 17283
v 0.21687120199203491 -0.9485967755317688 0.6563490629196167
# original_id 17308
v -0.18730676174163818 0.83949971199035645 0.65209102630615234
# original_id 17395
v -0.22330664098262787 -0.44089481234550476 0.90484058856964111
# original_id 17884
v 0.62385565042495728 -0.075274944305419922 -0.28649181127548218
# original_id 17908
v -0.62125712633132935 -0.47821968793869019 -0.25359600782394409
# original_id 18145
v -0.63120687007904053 0.81748515367507935 -0.28611984848976135
# original_id 18594
v 0.1489679217338562 0.87661409378051758 0.64695751667022705
# original_id 18651
v 0.61666029691696167 1.1413122415542603 -0.28985834121704102
# original_id 18704
v -0.62437856197357178 -1.1379163265228271 -0.28701815009117126
# original_id 18746
v 0.33005723357200623 0.93497073650360107 0.052302524447441101
# original_id 18761
v 0.21966482698917389 0.86402946710586548 0.369914710521698
# original_id 18914
v 0.20363636314868927 1.1278113126754761 -0.29847919940948486
# original_id 18928
v -0.29156967997550964 0.37952059507369995 0.24827389419078827
# original_id 18941
v 0.10924351215362549 0.88456869125366211 0.68546676635742188
# original_id 18961
v 0.24691419303417206 0.9508325457572937 0.18296152353286743
# original_id 18994
v 0.31929284334182739 0.93581598997116089 0.078536160290241241
# original_id 19064
v 0.065759278833866119 -1.1307941675186157 -0.30206304788589478
# original_id 19168
v 0.12175963073968887 -1.1300711631774902 -0.31066441535949707
# original_id 19381
v 0.2909710705280304 0.92918640375137329 0.15215671062469482
# original_id 19391
v -0.6059412956237793 -1.1348072290420532 -0.28930780291557312
# original_id 19433
v 0.63089644908905029 -1.1371456384658813 -0.30858135223388672
# original_id 19450
v -0.17700672149658203 0.53452861309051514 0.63238328695297241
# original_id 19716
v 0.021857753396034241 0.9026913046836853 0.667167067527771
# original_id 19748
v 0.24830324947834015 0.93095588684082031 0.17793568968772888
# original_id 19776
v 0.47430601716041565 1.1360533237457275 -0.29932737350463867
# original_id 19839
v -0.16844485700130463 -0.35048657655715942 0.86736351251602173
# original_id 19888
v 0.63149654865264893 -1.1327364444732666 -0.28618022799491882
# original_id 19901
v -0.25008165836334229 -0.18540865182876587 0.76153641939163208
# original_id 20041
v -0.094891786575317383 -0.94964897632598877 0.64607828855514526
# original_id 20069
v 0.62775617837905884 -1.0817157030105591 -0.28966027498245239
# original_id 20441
v -0.62785595655441284 -0.43844503164291382 -0.26351630687713623
# original_id 20457
v -0.1775340735912323 0.68535637855529785 0.68318277597427368
# original_id 20475
v -0.37705966830253601 -0.64095616340637207 0.91517269611358643
# original_id 20496
v 0.18262526392936707 0.84667474031448364 0.64963597059249878
# original_id 20634
v -0.066925168037414551 -0.94636726379394531 0.65562623739242554
# original_id 20642
v -0.2522423267364502 -0.41196537017822266 0.93118232488632202
# original_id 20645
v -0.19728904962539673 0.059171620756387711 0.43678528070449829
# original_id 20654
v 0.12160804867744446 0.90644222497940063 0.67126673460006714
# original_id 20682
v 0.53336530923843384 1.1410080194473267 -0.31040382385253906
# original_id 20773
v -0.17208471894264221 0.44470730423927307 0.64413249492645264
# original_id 20836
v -0.067682445049285889 0.89473074674606323 0.66907286643981934
# original_id 21156
v -0.62482196092605591 0.79512405395507812 -0.27451354265213013
# original_id 21219
v -0.54265898466110229 1.1334843635559082 -0.30369836091995239
# original_id 21289
v -0.28004938364028931 -0.18456263840198517 0.67621010541915894
# original_id 21329
v -0.18565836548805237 0.53308957815170288 0.63531076908111572
# original_id 21407
v -0.17549404501914978 0.40327274799346924 0.52375876903533936
# original_id 21456
v -0.5991857647895813 1.1313513517379761 -0.2829778790473938
# original_id 21469
v -0.37370026111602783 -0.56432169675827026 0.99283057451248169
# original_id 21545
v 0.28546014428138733 1.125133752822876 -0.29808607697486877
# original_id 21588
v -0.22379030287265778 0.46501338481903076 0.56746757030487061
# original_id 21593
v -0.62994164228439331 -0.02922755666077137 -0.26169157028198242
# original_id 21634
v 0.12168111652135849 0.89688533544540405 0.63634634017944336
# original_id 21678
v 0.37591850757598877 -0.95157855749130249 0.65701359510421753
# original_id 21682
v -0.33886498212814331 -0.94888323545455933 0.65493184328079224
# original_id 21777
v -0.62904298305511475 -0.58289706707000732 -0.29569566249847412
# original_id 21859
v -0.62328076362609863 -0.46458208560943604 -0.25937733054161072
# original_id 22302
v 0.62035912275314331 -0.34080362319946289 -0.27636441588401794
# original_id 22436
v 0.133055180311203 0.80480682849884033 0.50552338361740112
# original_id 22610
v 0.2344830185174942 -0.94806063175201416 0.65628331899642944
# original_id 22982
v 0.60125541687011719 -1.1373081207275391 -0.30972209572792053
# original_id 23085
v 0.62306421995162964 1.0697951316833496 -0.28774189949035645
# original_id 23131
v -0.25088441371917725 -0.95193862915039062 0.65464752912521362
# original_id 23311
v -0.078931331634521484 -0.95110636949539185 0.64302349090576172
# original_id 23357
v -0.58159804344177246 -1.1252092123031616 -0.28950804471969604
# original_id 23491
v 0.24690036475658417 0.89707988500595093 0.15575657784938812
# original_id 23540
v -0.19238917529582977 -1.1330729722976685 -0.31283664703369141
# original_id 23747
v 0.098287835717201233 0.89681017398834229 0.67011064291000366
# original_id 23860
v 0.088986285030841827 -0.94907546043395996 0.65647882223129272
# original_id 23901
v 0.62100017070770264 -1.1355831623077393 -0.32741466164588928
# original_id 23938
v -0.19653837382793427 0.065645299851894379 0.46210747957229614
# original_id 23955
v -0.062279462814331055 -1.137174129486084 -0.304949551820755
# original_id 24031
v -0.31307613849639893 0.46982330083847046 0.24578942358493805
# original_id 24145
v 0.62063050270080566 0.87709128856658936 -0.26218900084495544
# original_id 24306
v 0.6242632269859314 -0.78878653049468994 -0.29013198614120483
# original_id 24459
v 0.55393010377883911 1.1423583030700684 -0.32099068164825439
# original_id 24559
v 0.14077731966972351 0.52624917030334473 0.63675928115844727
# original_id 24628
v -0.57751703262329102 -1.1366747617721558 -0.30956339836120605
# original_id 24642
v -0.32297515869140625 -0.95390719175338745 0.64205604791641235
# original_id 24664
v 0.52278101444244385 1.1321003437042236 -0.31110689043998718
# original_id 24673
v -0.62221008539199829 -0.28792166709899902 -0.23796150088310242
# original_id 24705
v -0.35651853680610657 1.1333161592483521 -0.30500108003616333
# original_id 24722
v 0.19150197505950928 -0.94807332754135132 0.6581873893737793
# original_id 24966
v -0.37383058667182922 -0.64276951551437378 0.90996718406677246
# original_id 25083
v -0.36392036080360413 -0.56046187877655029 0.99226665496826172
# original_id 25207
v 0.26410603523254395 0.94735425710678101 0.17023219168186188
# original_id 25208
v 0.61782026290893555 -1.1375713348388672 -0.30981135368347168
# original_id 25239
v -0.24810543656349182 -0.1816815584897995 0.75878447294235229
# original_id 25246
v -0.62499451637268066 -0.5642886757850647 -0.26161253452301025
# original_id 25341
v -0.12501396238803864 -0.95158249139785767 0.65734630823135376
# original_id 25342
v 0.029395725578069687 0.88284051418304443 0.67963004112243652
# original_id 25397
v 0.30056393146514893 1.1385452747344971 -0.310993492603302
# original_id 25432
v 0.06390959769487381 -0.95000851154327393 0.65783894062042236
# original_id 25454
v 0.12003977596759796 0.88640117645263672 0.65683960914611816
# original_id 25492
v -0.18610252439975739 0.8362613320350647 0.65169441699981689
# original_id 25511
v -0.37407985329627991 -0.58121675252914429 0.98803472518920898
# original_id 25652
v -0.1822248101234436 0.73673522472381592 0.66910862922668457
# original_id 25891
v 0.24915437400341034 0.86055946350097656 0.32946810126304626
# original_id 25913
v 0.6276695728302002 -0.62943631410598755 -0.23896296322345734
# original_id 25929
v -0.35818788409233093 -0.94704371690750122 0.65593767166137695
# original_id 26016
v -0.158366858959198 -0.5336906909942627 0.97488850355148315
# original_id 26022
v -0.61884677410125732 -0.6061205267906189 -0.27259856462478638
# original_id 26120
v -0.1609414666891098 0.53019589185714722 0.64968538284301758
# original_id 26180
v -0.4806787371635437 -1.1271446943283081 -0.30073347687721252
# original_id 26304
v -0.15585894882678986 -0.55335319042205811 0.99880188703536987
# original_id 26457
v -0.22311730682849884 -0.44022253155708313 0.88527524471282959
# original_id 26484
v -0.62798953056335449 0.36374559998512268 -0.28835994005203247
# original_id 26493
v 0.093125782907009125 -1.1279770135879517 -0.29959553480148315
# original_id 26837
v 0.6255195140838623 -0.94955253601074219 -0.28904473781585693
# original_id 27040
v 0.246061772108078 0.89252275228500366 0.17572949826717377
# original_id 27117
v 0.48254376649856567 1.1342282295227051 -0.31057798862457275
# original_id 27375
v 0.62841272354125977 -1.1324111223220825 -0.3250964879989624
# original_id 27462
v 0.30511367321014404 0.9471590518951416 0.12703104317188263
# original_id 27468
v -0.24933335185050964 0.048258919268846512 0.46600019931793213
# original_id 27576
v -0.34982442855834961 -0.53330522775650024 0.97506749629974365
# original_id 27603
v -0.12132439017295837 -0.94701182842254639 0.65623319149017334
# original_id 27624
v -0.28218036890029907 0.037782024592161179 0.44964084029197693
# original_id 27630
v -0.0067126555368304253 0.8944554328918457 0.6681402325630188
# original_id 27642
v 0.26647680997848511 0.94827216863632202 0.16868525743484497
# original_id 27669
v 0.09588892012834549 0.88133454322814941 0.68023312091827393
# original_id 27698
v -0.63180172443389893 1.012842059135437 -0.28632858395576477
# original_id 27824
v 0.18495748937129974 0.53868949413299561 0.65836977958679199
# original_id 27838
v 0.62622398138046265 -0.74448633193969727 -0.28634703159332275
# original_id 28131
v -0.18505562841892242 0.52784872055053711 0.63504141569137573
# original_id 28184
v 0.14293941855430603 -0.40701571106910706 0.93650883436203003
# original_id 28293
v -0.5775374174118042 -1.129219651222229 -0.28658837080001831
# original_id 28298
v 0.33007964491844177 0.92999422550201416 0.051149170845746994
# original_id 28519
v 0.620522141456604 0.24911163747310638 -0.23339629173278809
# original_id 28525
v 0.62309163808822632 0.16251000761985779 -0.23754394054412842
# original_id 28536
v -0.24299739301204681 -0.029300041496753693 0.39110314846038818
# original_id 28576
v 0.62152934074401855 0.19442936778068542 -0.23664015531539917
# original_id 28712
v -0.22045713663101196 0.46477729082107544 0.56630754470825195
# original_id 28758
v -0.38265565037727356 -0.7201264500617981 0.81420248746871948
# original_id 28765
v 0.18439836800098419 0.87145709991455078 0.64270114898681641
# original_id 28871
v -0.58147603273391724 -1.1370013952255249 -0.30985179543495178
# original_id 28875
v 0.12336046248674393 0.90223383903503418 0.66983157396316528
# original_id 28881
v -0.62032175064086914 1.1378214359283447 -0.28820145130157471
# original_id 28987
v 0.18647032976150513 0.85458886623382568 0.55154263973236084
# original_id 29059
v -0.14358998835086823 0.87035495042800903 0.65016525983810425
# original_id 29206
v -0.37428101897239685 -0.65647232532501221 0.89298057556152344
# original_id 29243
v -0.63057947158813477 0.7943878173828125 -0.28661146759986877
# original_id 29275
v -0.62710660696029663 0.93700122833251953 -0.28529390692710876
# original_id 29418
v 0.62549781799316406 1.1237108707427979 -0.28846633434295654
# original_id 29532
v 0.38012167811393738 1.1421257257461548 -0.30964812636375427
# original_id 29592
v -0.24765504896640778 -0.95203709602355957 0.65798789262771606
# original_id 29696
v 0.32207736372947693 0.92987525463104248 0.030047107487916946
# original_id 29725
v -0.62977087497711182 1.1262432336807251 -0.28957661986351013
# original_id 29747
v 0.31792908906936646 -0.94513785839080811 0.63447660207748413
# original_id 29826
v -0.17673926055431366 0.52871978282928467 0.65038180351257324
# original_id 29889
v -0.62798047065734863 0.074345104396343231 -0.28664711117744446
# original_id 30064
v 0.62664908170700073 0.64262288808822632 -0.28683289885520935
# original_id 30090
v -0.37525990605354309 -0.94409167766571045 0.65450596809387207
# original_id 30197
v -0.15881077945232391 0.53216218948364258 0.65153360366821289
# original_id 30214
v -0.17407843470573425 0.55100488662719727 0.6849440336227417
# original_id 30241
v -0.18326826393604279 0.47829699516296387 0.65170896053314209
# original_id 30377
v -0.21575309336185455 -0.4412941038608551 0.89536124467849731
# original_id 30401
v 0.62146025896072388 -0.12658669054508209 -0.28663656115531921
# original_id 30509
v 0.18559058010578156 0.8548586368560791 0.4259164035320282
# original_id 30532
v 0.12197535485029221 -0.95068776607513428 0.65768313407897949
# original_id 30621
v 0.12133699655532837 0.89261865615844727 0.6696631908416748
# original_id 30723
v 0.31805860996246338 -0.9498753547668457 0.6587371826171875
# original_id 30743
v -0.17025867104530334 -0.40016809105873108 0.94672989845275879
# original_id 30764
v -0.15295092761516571 0.5324476957321167 0.65207624435424805
# original_id 30855
v 0.083506882190704346 -0.4184737503528595 0.93991029262542725
# original_id 31045
v 0.62511253356933594 0.61895471811294556 -0.28608787059783936
# original_id 31085
v -0.6302114725112915 0.30409395694732666 -0.28943076729774475
# original_id 31086
v -0.62443959712982178 0.23084327578544617 -0.275523841381073
# original_id 31100
v -0.2314489483833313 1.1301791667938232 -0.30130985379219055
# original_id 31132
v 0.51326853036880493 -1.1348941326141357 -0.34271734952926636
# original_id 31136
v 0.6265142560005188 -0.82455039024353027 -0.28894418478012085
# original_id 31225
v 0.35387331247329712 1.1359251737594604 -0.29827240109443665
# original_id 31749
v 0.47876432538032532 1.1376392841339111 -0.31320938467979431
# original_id 31869
v -0.13786949217319489 -0.43506443500518799 0.88928335905075073
# original_id 32002
v -0.11286220699548721 -0.9507407546043396 0.64277410507202148
# original_id 32021
v -0.31794551014900208 0.34876376390457153 0.22884112596511841
# original_id 32036
v -0.31674870848655701 0.35265469551086426 0.22797577083110809
# original_id 32413
v -0.62195563316345215 -0.55902647972106934 -0.26211783289909363
# original_id 32473
v 0.092800818383693695 -0.94799572229385376 0.65615338087081909
# original_id 32477
v -0.18226875364780426 0.46456825733184814 0.65938848257064819
# original_id 32583
v -0.18620564043521881 0.85149639844894409 0.65120887756347656
# original_id 32635
v 0.069086626172065735 -0.94841623306274414 0.65679121017456055
# original_id 32665
v 0.62473666667938232 -0.91544216871261597 -0.28954792022705078
# original_id 32788
v 0.18465881049633026 0.86001867055892944 0.61468249559402466
# original_id 32834
v -0.62778317928314209 0.70032620429992676 -0.26002663373947144
# original_id 32921
v -0.22900812327861786 1.1334818601608276 -0.30468100309371948
# original_id 32985
v 0.62329369783401489 0.51285243034362793 -0.25791874527931213
# original_id 33109
v -0.22421936690807343 -0.94850009679794312 0.65687263011932373
# original_id 33173
v -0.62476909160614014 -1.1249955892562866 -0.28846091032028198
# original_id 33260
v 0.18687257170677185 0.86225205659866333 0.59766989946365356
# original_id 33717
v 0.60160273313522339 -1.1283303499221802 -0.28655415773391724
# original_id 33893
v -0.09819476306438446 -0.9485313892364502 0.64512532949447632
# original_id 33922
v 0.39870119094848633 1.1377122402191162 -0.31186631321907043
# original_id 33938
v -0.11273568868637085 0.86492252349853516 0.6699751615524292
# original_id 34128
v -0.28536081314086914 -0.53835266828536987 0.99079811573028564
# original_id 34179
v -0.6218222975730896 0.86494594812393188 -0.28499814867973328
# original_id 34291
v -0.55867648124694824 -1.1347016096115112 -0.31088104844093323
# original_id 34549
v -0.58350569009780884 1.1358761787414551 -0.28770822286605835
# original_id 34570
v -0.36566513776779175 -0.94869107007980347 0.64529561996459961
# original_id 34825
v 0.41358569264411926 1.1373469829559326 -0.30990689992904663
# original_id 34847
v 0.28214767575263977 1.1342566013336182 -0.30399620532989502
# original_id 34892
v 0.6224898099899292 -0.9823189377784729 -0.28898775577545166
# original_id 34893
v -0.62834060192108154 0.9129447340965271 -0.28610384464263916
# original_id 34936
v 0.2503761351108551 0.90500843524932861 0.23594346642494202
# original_id 35116
v -0.21509471535682678 -0.44145321846008301 0.89432549476623535
# original_id 35210
v -0.037195399403572083 -0.45341682434082031 0.89735114574432373
# original_id 35287
v -0.34827381372451782 -0.53720515966415405 0.99066841602325439
# original_id 35338
v -0.1812259703874588 0.61642885208129883 0.66964113712310791
# original_id 35566
v 0.61914533376693726 -0.84743165969848633 -0.27529922127723694
# original_id 35614
v 0.44999244809150696 1.1417735815048218 -0.31114304065704346
# original_id 35887
v -0.17496059834957123 0.40013629198074341 0.52433496713638306
# original_id 36183
v 0.25121858716011047 0.8540644645690918 0.36191004514694214
# original_id 36255
v -0.24055510759353638 0.014011241495609283 0.40058067440986633
# original_id 36327
v 0.044690072536468506 0.88549625873565674 0.68229728937149048
# original_id 36364
v 0.59544551372528076 -1.1329746246337891 -0.28977435827255249
# original_id 36461
v -0.22299335896968842 -0.94906264543533325 0.64240586757659912
# original_id 36464
v -0.15916422009468079 -0.34843400120735168 0.86987853050231934
# original_id 36509
v -0.61919838190078735 -1.1233451366424561 -0.28648963570594788
# original_id 36537
v 0.46256223320960999 1.1403248310089111 -0.31361153721809387
# original_id 36538
v 0.6189618706703186 -0.40378850698471069 -0.28031936287879944
# original_id 36541
v -0.35998222231864929 -1.1334744691848755 -0.31294143199920654
# original_id 36572
v -0.19497473537921906 -0.13091903924942017 0.74393123388290405
# original_id 36618
v -0.31519678235054016 0.34956982731819153 0.22909393906593323
# original_id 36689
v -0.3523050844669342 -0.95055365562438965 0.6408616304397583
# original_id 36894
v 0.16426129639148712 0.88664138317108154 0.63093280792236328
# original_id 36950
v 0.20763641595840454 0.85792088508605957 0.37747326493263245
# original_id 36987
v -0.22975616157054901 -0.43593648076057434 0.89494156837463379
# original_id 37019
v -0.20050704479217529 -0.44230669736862183 0.91508591175079346
# original_id 37053
v 0.1125401109457016 -0.94584643840789795 0.656482994556427
# original_id 37157
v 0.36476039886474609 -0.9460182785987854 0.65542614459991455
# original_id 37159
v -0.29439026117324829 -0.01755109429359436 0.39549705386161804
# original_id 37180
v 0.28630432486534119 0.94800639152526855 0.1514708548784256
# original_id 37215
v -0.063329979777336121 0.90358990430831909 0.66996902227401733
# original_id 37386
v 0.62216365337371826 0.13628241419792175 -0.23541167378425598
# original_id 37583
v 0.1839216947555542 0.86147546768188477 0.63009989261627197
# original_id 37667
v -0.18537589907646179 0.8617979884147644 0.65090817213058472
# original_id 37681
v -0.02825605683028698 0.88869941234588623 0.67961114645004272
# original_id 37693
v 0.11391840130090714 0.89900481700897217 0.667685866355896
# original_id 37694
v -0.60453927516937256 1.1334201097488403 -0.27502173185348511
# original_id 37698
v -0.23901087045669556 -0.21225845813751221 0.74542742967605591
# original_id 37731
v 0.2475275844335556 0.88647526502609253 0.13599130511283875
# original_id 37819
v -0.28927689790725708 -0.1903393566608429 0.67612844705581665
# original_id 37894
v -0.16050119698047638 0.75589603185653687 0.68190497159957886
# original_id 37958
v -0.6180262565612793 0.57722872495651245 -0.23795811831951141
# original_id 37993
v 0.18533714115619659 0.52736943960189819 0.62998610734939575
# original_id 38192
v 0.63063609600067139 1.1240987777709961 -0.30967667698860168
# original_id 38386
v -0.18901728093624115 0.86852627992630005 0.65229344367980957
# original_id 38391
v -0.067251197993755341 -0.95334279537200928 0.65072256326675415
# original_id 38396
v 0.2917029857635498 0.945057213306427 0.15077985823154449
# original_id 38403
v -0.37932920455932617 -0.95088565349578857 0.65712755918502808
# original_id 38475
v -0.21951216459274292 0.4658152163028717 0.56625694036483765
# original_id 38481
v 0.32886523008346558 0.93355947732925415 0.04568958654999733
# original_id 38544
v -0.60919636487960815 1.1411011219024658 -0.28847432136535645
# original_id 38556
v 0.18320895731449127 0.53095197677612305 0.65186315774917603
# original_id 38670
v -0.17727985978126526 0.62008243799209595 0.68280446529388428
# original_id 38955
v -0.19808387756347656 -0.95179694890975952 0.64591622352600098
# original_id 38968
v 0.1185830682516098 0.90553241968154907 0.66865038871765137
# original_id 39007
v -0.17715391516685486 0.53239685297012329 0.66710382699966431
# original_id 39048
v -0.14697723090648651 0.52122223377227783 0.63795167207717896
# original_id 39088
v -0.63110470771789551 1.1369169950485229 -0.28714993596076965
# original_id 39091
v -0.19791553914546967 -0.92180460691452026 0.63875406980514526
# original_id 39129
v 0.626922607421875 0.45768862962722778 -0.26267638802528381
# original_id 39142
v -0.63232618570327759 0.51228296756744385 -0.28632211685180664
# original_id 39180
v -0.22308413684368134 -0.43970441818237305 0.85630631446838379
# original_id 39254
v -0.14560982584953308 -0.15728501975536346 0.72940003871917725
# original_id 39391
v 0.013372268527746201 0.87891578674316406 0.68551945686340332
# original_id 39526
v -0.22319623827934265 -0.44029721617698669 0.89402079582214355
# original_id 39560
v -0.62812495231628418 0.94817608594894409 -0.28716716170310974
# original_id 39591
v -0.25355756282806396 1.1355999708175659 -0.31108957529067993
# original_id 39639
v -0.25160682201385498 -0.41651841998100281 0.93353158235549927
# original_id 39696
v -0.18760000169277191 0.53444302082061768 0.66990387439727783
# original_id 39741
v -0.16333884000778198 0.74988287687301636 0.68135398626327515
# original_id 39798
v -0.38148239254951477 -0.72088849544525146 0.81743621826171875
# original_id 39940
v 0.63137662410736084 1.130696177482605 -0.28644019365310669
# original_id 40024
v 0.17605680227279663 0.52990347146987915 0.63391339778900146
# original_id 40130
v -0.070814661681652069 -0.83406549692153931 0.63404607772827148
# original_id 40195
v 0.1208314374089241 0.88541841506958008 0.66888946294784546
# original_id 40434
v 0.62566494941711426 -0.02772875502705574 -0.28451511263847351
# original_id 40787
v 0.46458902955055237 1.135050892829895 -0.31286206841468811
# original_id 40852
v 0.62434160709381104 0.064359948039054871 -0.26191204786300659
# original_id 40926
v 0.045647520571947098 0.90273624658584595 0.67003834247589111
# original_id 41080
v 0.3151945173740387 0.94744139909744263 0.11091602593660355
# original_id 41096
v 0.54725044965744019 -1.1327798366546631 -0.31304320693016052
# original_id 41198
v 0.32895451784133911 -0.94721925258636475 0.65646106004714966
# original_id 41217
v -0.15982228517532349 0.88539880514144897 0.63560020923614502
# original_id 41244
v -0.62124395370483398 -1.1111572980880737 -0.27234524488449097
# original_id 41256
v 0.32175549864768982 0.94326996803283691 0.058557953685522079
# original_id 41492
v 0.57685554027557373 1.1395485401153564 -0.28584817051887512
# original_id 41546
v -0.24585831165313721 -0.17073315382003784 0.75291740894317627
# original_id 41622
v -0.16457903385162354 -0.40399521589279175 0.95166319608688354
# original_id 41718
v -0.31891840696334839 0.35122683644294739 0.22539478540420532
# original_id 41734
v -0.16644379496574402 0.85548305511474609 0.64590293169021606
# original_id 41748
v -0.10543689876794815 -0.94797760248184204 0.6574370265007019
# original_id 41792
v -0.34061861038208008 -0.94628947973251343 0.65451061725616455
# original_id 42182
v -0.28795301914215088 0.37591099739074707 0.24806992709636688
# original_id 42234
v -0.32528746128082275 -0.85819190740585327 0.63246643543243408
# original_id 42254
v 0.62187051773071289 -0.62499099969863892 -0.23849757015705109
# original_id 42262
v -0.35269233584403992 -0.54036819934844971 0.99003267288208008
# original_id 42402
v -0.246002197265625 -0.16982734203338623 0.75382709503173828
# original_id 42416
v 0.4902535080909729 1.1408205032348633 -0.31096583604812622
# original_id 42431
v -0.25022533535957336 0.3695472776889801 0.31234550476074219
# original_id 42445
v 0.37435641884803772 -0.94764816761016846 0.6564599871635437
# original_id 42574
v 0.15299339592456818 0.52482426166534424 0.63496142625808716
# original_id 42766
v 0.62225067615509033 1.1350343227386475 -0.2878870964050293
# original_id 42880
v 0.45055082440376282 -1.1353760957717896 -0.34270209074020386
# original_id 42914
v 0.57868945598602295 1.1425186395645142 -0.28723341226577759
# original_id 42962
v -0.12616589665412903 -0.95117348432540894 0.65805047750473022
# original_id 43042
v -0.22855928540229797 0.45625239610671997 0.57368892431259155
# original_id 43145
v 0.045933574438095093 -0.53380364179611206 0.97578918933868408
# original_id 43238
v 0.62441837787628174 -0.28409159183502197 -0.28861662745475769
# original_id 43264
v -0.18379083275794983 0.71758711338043213 0.66969293355941772
# original_id 43604
v -0.57833588123321533 1.1377551555633545 -0.28567114472389221
# original_id 43607
v -0.17888176441192627 0.52710354328155518 0.63388633728027344
# original_id 43626
v 0.39780864119529724 1.1305742263793945 -0.29904699325561523
# original_id 43720
v -0.43804332613945007 1.1402145624160767 -0.31280255317687988
# original_id 43747
v -0.21476531028747559 -0.44111117720603943 0.88402855396270752
# original_id 43834
v -0.62076455354690552 -1.0495846271514893 -0.27247592806816101
# original_id 43841
v 0.091790929436683655 0.88594937324523926 0.68113815784454346
# original_id 43845
v -0.63074022531509399 1.0744314193725586 -0.2863171398639679
# original_id 43863
v 0.029339021071791649 0.9051787257194519 0.66899698972702026
# original_id 43959
v -0.25222963094711304 0.37020626664161682 0.31527641415596008
# original_id 44074
v -0.45002317428588867 1.1417436599731445 -0.31291434168815613
# original_id 44107
v -0.03537362813949585 0.88491886854171753 0.68055450916290283
# original_id 44226
v -0.22417420148849487 -0.44042310118675232 0.86594676971435547
# original_id 44274
v 0.21289904415607452 0.85071045160293579 0.37939843535423279
# original_id 44342
v 0.14089687168598175 -0.41268324851989746 0.94319534301757812
# original_id 44665
v 0.15215012431144714 0.52866017818450928 0.64944088459014893
# original_id 44706
v -0.22146295011043549 -0.43960469961166382 0.89625781774520874
# original_id 44778
v -0.63102817535400391 -0.75631362199783325 -0.29788810014724731
# original_id 44864
v -0.24548697471618652 0.42439144849777222 0.52065426111221313
# original_id 45461
v -0.63138431310653687 -0.4555530846118927 -0.26689177751541138
# original_id 45679
v 0.243372842669487 0.85429579019546509 0.36040389537811279
# original_id 45743
v -0.25953963398933411 -0.013923824764788151 0.39769801497459412
# original_id 45803
v 0.050386056303977966 0.89510858058929443 0.6693454384803772
# original_id 45805
v -0.62535762786865234 -1.102756142616272 -0.28561317920684814
# original_id 45813
v 0.2661266028881073 0.95067083835601807 0.17104688286781311
# original_id 45838
v 0.32881617546081543 0.93491256237030029 0.07029656320810318
# original_id 45859
v 0.30496180057525635 0.93238204717636108 -7.1029094215191435e-06
# original_id 45869
v 0.064178720116615295 -0.94493269920349121 0.63475143909454346
# original_id 45949
v -0.62536531686782837 -1.1001932621002197 -0.28404632210731506
# original_id 46110
v -0.30909436941146851 -0.19183483719825745 0.66163533926010132
# original_id 46222
v 0.61808609962463379 0.6080736517906189 -0.27326565980911255
# original_id 46232
v -0.62995153665542603 0.68057006597518921 -0.25502321124076843
# original_id 46319
v 0.34865808486938477 1.1388921737670898 -0.31086662411689758
# original_id 46327
v 0.5914609432220459 1.1380025148391724 -0.28649419546127319
# original_id 46332
v -0.29239431023597717 1.0299825668334961 0.0664992555975914
# original_id 46405
v -0.62014728784561157 -0.52890825271606445 -0.24661321938037872
# original_id 46461
v 0.085446305572986603 -0.94792962074279785 0.65613234043121338
# original_id 46515
v -0.19926325976848602 0.072654224932193756 0.45828548073768616
# original_id 46566
v -0.28894364833831787 -0.018628273159265518 0.39778396487236023
# original_id 46570
v -0.096018753945827484 -0.94655948877334595 0.65659815073013306
# original_id 46576
v -0.30306756496429443 0.025380237028002739 0.44555199146270752
# original_id 46604
v -0.19554293155670166 -0.1273556649684906 0.73670798540115356
# original_id 46746
v -0.62758356332778931 0.16399459540843964 -0.29144251346588135
# original_id 46770
v 0.61886322498321533 0.096651151776313782 -0.23348969221115112
# original_id 46988
v 0.32010942697525024 0.93525338172912598 0.061156317591667175
# original_id 46991
v -0.18464855849742889 0.83628171682357788 0.65105187892913818
# original_id 47023
v 0.28714466094970703 0.94622725248336792 0.15026652812957764
# original_id 47068
v -0.22295118868350983 0.07385195791721344 0.45672890543937683
# original_id 47246
v -0.37415137887001038 -0.76434957981109619 0.75645536184310913
# original_id 47475
v -0.36800366640090942 -0.55849331617355347 0.99413150548934937
# original_id 47633
v -0.12949053943157196 -0.16925810277462006 0.72156500816345215
# original_id 47719
v -0.23047982156276703 -0.94698339700698853 0.65756076574325562
# original_id 47735
v -0.12298333644866943 -0.95197659730911255 0.64956426620483398
# original_id 47793
v 0.31124153733253479 1.1404727697372437 -0.31093466281890869
# original_id 47814
v 0.31774267554283142 0.93183249235153198 0.027021072804927826
# original_id 47887
v 0.62523972988128662 0.89395600557327271 -0.26274389028549194
# original_id 47987
v -0.18281644582748413 0.59929168224334717 0.66953492164611816
# original_id 48086
v -0.62665879726409912 -0.56265431642532349 -0.27054953575134277
# original_id 48104
v -0.44060501456260681 -1.1370894908905029 -0.31157380342483521
# original_id 48290
v 0.10122372955083847 0.90493971109390259 0.67046999931335449
# original_id 48329
v -0.62059396505355835 -0.67770326137542725 -0.28573828935623169
# original_id 48365
v -0.56541013717651367 1.1434416770935059 -0.3168674111366272
# original_id 48772
v 0.23576603829860687 0.8989253044128418 0.23794612288475037
# original_id 48783
v -0.62477743625640869 0.90065240859985352 -0.28598886728286743
# original_id 48915
v -0.18026168644428253 0.670448899269104 0.66909706592559814
# original_id 48989
v 0.015215900726616383 0.90669214725494385 0.66854608058929443
# original_id 49020
v -0.094201870262622833 0.88691902160644531 0.68112152814865112
# original_id 49042
v -0.34154757857322693 -0.53826314210891724 0.98816788196563721
# original_id 49081
v 0.03071259893476963 -0.52890884876251221 0.97370493412017822
# original_id 49307
v 0.62605369091033936 1.1251370906829834 -0.28811186552047729
# original_id 49366
v 0.16255994141101837 0.52896177768707275 0.65117508172988892
# original_id 49699
v 0.37764272093772888 -0.94865477085113525 0.65517425537109375
# original_id 49708
v -0.24980063736438751 -0.41043657064437866 0.93228828907012939
# original_id 49726
v -0.63052999973297119 -0.38313570618629456 -0.26342007517814636
# original_id 49977
v 0.62898707389831543 -0.75306993722915649 -0.32746520638465881
# original_id 50592
v 0.06569952517747879 -0.94622611999511719 0.65728467702865601
# original_id 50636
v 0.62749618291854858 1.0961669683456421 -0.28831711411476135
# original_id 50684
v 0.32413053512573242 0.95111006498336792 0.077942535281181335
# original_id 50864
v -0.36149027943611145 -0.95004743337631226 0.64089155197143555
# original_id 50881
v -0.095495253801345825 0.87975525856018066 0.68050223588943481
# original_id 51036
v 0.20941942930221558 -0.94840365648269653 0.65669012069702148
# original_id 51047
v -0.63394415378570557 -1.1306061744689941 -0.28898191452026367
# original_id 51106
v -0.23664607107639313 -0.43558040261268616 0.90963709354400635
# original_id 51144
v 0.58566421270370483 1.1174759864807129 -0.27447736263275146
# original_id 51166
v -0.15838022530078888 -0.40477213263511658 0.95409870147705078
# original_id 51254
v 0.34414538741111755 -0.94780349731445312 0.656086266040802
# original_id 51259
v -0.06741148978471756 -0.95133507251739502 0.65147167444229126
# original_id 51269
v -0.19827459752559662 0.064044222235679626 0.44265204668045044
# original_id 51279
v -0.61393511295318604 -1.1348117589950562 -0.28789260983467102
# original_id 51386
v 0.62555092573165894 0.94252109527587891 -0.26302149891853333
# original_id 51408
v 0.62234252691268921 0.23899336159229279 -0.23542033135890961
# original_id 51436
v -0.12109629809856415 0.8994479775428772 0.67078685760498047
# original_id 51467
v 0.18638378381729126 0.86100494861602783 0.65205860137939453
# original_id 51894
v -0.25103938579559326 0.35283872485160828 0.31678140163421631
# original_id 51990
v -0.63034683465957642 0.32347816228866577 -0.28569141030311584
# original_id 52122
v -0.18490953743457794 0.55895155668258667 0.6696898341178894
# original_id 52166
v 0.21843631565570831 -1.127777099609375 -0.29958498477935791
# original_id 52288
v -0.62924486398696899 -0.54442530870437622 -0.26253518462181091
# original_id 52387
v -0.24919308722019196 -0.93766635656356812 0.65584373474121094
# original_id 52403
v 0.30016803741455078 0.94605261087417603 0.13405339419841766
# original_id 52420
v 0.18339218199253082 0.87014675140380859 0.5423312783241272
# original_id 52446
v -0.62892758846282959 0.67455387115478516 -0.23470973968505859
# original_id 52518
v 0.61922085285186768 -0.97333049774169922 -0.27615070343017578
# original_id 52549
v -0.18438325822353363 0.86758339405059814 0.65067470073699951
# original_id 52550
v 0.623310387134552 -0.49878212809562683 -0.28854021430015564
# original_id 52625
v -0.15566343069076538 0.53382253646850586 0.65418738126754761
# original_id 52655
v -0.15390002727508545 -0.21528619527816772 0.463714599609375
# original_id 52737
v -0.62346792221069336 -0.59949058294296265 -0.27572482824325562
# original_id 52820
v -0.021339382976293564 0.89900976419448853 0.670093834400177
# original_id 52884
v 0.55880993604660034 -1.1288902759552002 -0.31095215678215027
# original_id 53078
v -0.37077391147613525 -0.95290428400039673 0.65749180316925049
# original_id 53103
v -0.32483646273612976 -0.92657160758972168 0.63659429550170898
# original_id 53249
v -0.62843328714370728 -0.72865426540374756 -0.28642380237579346
# original_id 53305
v 0.18491816520690918 0.85898679494857788 0.41941168904304504
# original_id 53392
v -0.15429483354091644 -0.16716143488883972 0.73696994781494141
# original_id 53513
v -0.24733872711658478 0.44489869475364685 0.56403553485870361
# original_id 53524
v -0.15810848772525787 -0.53129792213439941 0.97424823045730591
# original_id 53631
v -0.22449444234371185 -0.4404512345790863 0.88771390914916992
# original_id 53695
v 0.21973893046379089 0.86422550678253174 0.37375807762145996
# original_id 53801
v -0.62751275300979614 0.68858593702316284 -0.23640544712543488
# original_id 53859
v 0.62397396564483643 -0.51536101102828979 -0.26246881484985352
# original_id 53900
v -0.63053643703460693 0.88013029098510742 -0.2858542799949646
# original_id 53921
v 0.32370060682296753 0.93524587154388428 0.097621388733386993
# original_id 53947
v 0.14592675864696503 0.53422427177429199 0.63200473785400391
# original_id 54023
v -0.070535294711589813 -0.84505677223205566 0.63335198163986206
# original_id 54193
v -0.24956022202968597 -0.55109131336212158 0.9987446665763855
# original_id 54450
v -0.068915598094463348 -0.94768935441970825 0.63724380731582642
# original_id 54566
v 0.0037996731698513031 0.89121460914611816 0.67069405317306519
# original_id 54617
v -0.62632709741592407 -0.65432965755462646 -0.28791129589080811
# original_id 54621
v -0.19721682369709015 -0.93416696786880493 0.6355137825012207
# original_id 54696
v 0.020522823557257652 0.88449227809906006 0.19979648292064667
# original_id 54711
v -0.2180294543504715 -0.44012352824211121 0.88371443748474121
# original_id 54797
v 0.62699085474014282 -0.66948622465133667 -0.32626354694366455
# original_id 55109
v -0.62649083137512207 0.14538796246051788 -0.28710684180259705
# original_id 55163
v -0.27889814972877502 1.0300097465515137 0.06436234712600708
# original_id 55166
v 0.24780520796775818 0.88852441310882568 0.19240352511405945
# original_id 55176
v -0.31134334206581116 0.46926966309547424 0.24321219325065613
# original_id 55225
v 0.21349777281284332 0.8616102933883667 0.37084901332855225
# original_id 55236
v 0.078719533979892731 0.90232110023498535 0.66801363229751587
# original_id 55344
v 0.058243349194526672 0.89849656820297241 0.66821074485778809
# original_id 55504
v -0.31127303838729858 0.46913006901741028 0.23673476278781891
# original_id 55530
v 0.62415289878845215 1.0183942317962646 -0.26240083575248718
# original_id 55583
v -0.069618701934814453 -0.94871771335601807 0.65702342987060547
# original_id 55806
v -0.23954391479492188 -0.21094150841236115 0.74185192584991455
# original_id 55841
v -0.19696401059627533 -0.13597671687602997 0.72681117057800293
# original_id 55944
v -0.17665101587772369 0.46470293402671814 0.65659928321838379
# original_id 56050
v -0.098312780261039734 -0.94771325588226318 0.65703970193862915
# original_id 56170
v -0.62722945213317871 0.57767558097839355 -0.24646684527397156
# original_id 56190
v 0.6320686936378479 -1.1371546983718872 -0.32174605131149292
# original_id 56254
v -0.24763202667236328 -0.017443638294935226 0.38569441437721252
# original_id 56313
v 0.62149995565414429 -0.26847988367080688 -0.28451034426689148
# original_id 56362
v 0.18315301835536957 0.8562125563621521 0.64936298131942749
# original_id 56420
v 0.18661704659461975 0.85654038190841675 0.61278045177459717
# original_id 56428
v -0.2402605414390564 -0.43666517734527588 0.90505385398864746
# original_id 56502
v -0.37532535195350647 -0.56515973806381226 0.99314552545547485
# original_id 56525
v -0.37825274467468262 -0.76283079385757446 0.76021492481231689
# original_id 56591
v -0.62182337045669556 -1.1111441850662231 -0.27433666586875916
# original_id 56670
v -0.17266401648521423 -0.40767467021942139 0.93813937902450562
# original_id 56776
v -0.62694817781448364 -0.37814897298812866 -0.26254817843437195
# original_id 56783
v -0.23810692131519318 -0.27629032731056213 0.55864733457565308
# original_id 56916
v -0.20220284163951874 -0.20577807724475861 0.51217317581176758
# original_id 56978
v 0.4662279486656189 1.12900710105896 -0.30054455995559692
# original_id 56997
v 0.044746387749910355 0.88477730751037598 0.68447738885879517
# original_id 57122
v 0.57602864503860474 1.1374163627624512 -0.2844713032245636
# original_id 57162
v -0.24982678890228271 -0.18976768851280212 0.76393115520477295
# original_id 57176
v -0.30970680713653564 -0.20128564536571503 0.66605186462402344
# original_id 57246
v -0.28905999660491943 0.37398344278335571 0.24688759446144104
# original_id 57253
v 0.09505857527256012 -0.94787740707397461 0.65605813264846802
# original_id 57258
v 0.55574190616607666 1.1418694257736206 -0.31129178404808044
# original_id 57272
v -0.2527749240398407 -0.4378783106803894 0.92130565643310547
# original_id 57275
v -0.37415784597396851 -0.78296190500259399 0.73045587539672852
# original_id 57276
v 0.12012223899364471 0.90097808837890625 0.65454298257827759
# original_id 57351
v -0.22968508303165436 -0.033692769706249237 0.38510078191757202
# original_id 57360
v -0.16752994060516357 0.75147080421447754 0.68166804313659668
# original_id 57389
v -0.37358734011650085 -0.68400979042053223 0.8567206859588623
# original_id 57437
v -0.62612760066986084 0.83497393131256104 -0.28640857338905334
# original_id 57536
v -0.56301301717758179 -1.1304929256439209 -0.31145191192626953
# original_id 57545
v 0.58325093984603882 -1.1366735696792603 -0.30960899591445923
# original_id 57553
v -0.61356061697006226 -0.88252782821655273 -0.26202595233917236
# original_id 57574
v -0.19575260579586029 -0.44288820028305054 0.91196030378341675
# original_id 57823
v -0.62360578775405884 0.80523866415023804 -0.27451154589653015
# original_id 57926
v 0.42530572414398193 1.1416032314300537 -0.31106138229370117
# original_id 57969
v -0.6282651424407959 -0.47684475779533386 -0.26198190450668335
# original_id 58041
v 0.10832931846380234 0.88408201932907104 0.68294650316238403
# original_id 58065
v 0.23549830913543701 0.86219966411590576 0.37514540553092957
# original_id 58073
v 0.0845293328166008 -0.94623643159866333 0.65608584880828857
# original_id 58458
v -0.12256519496440887 0.87233245372772217 0.66966044902801514
# original_id 58488
v -0.37674695253372192 -0.57830566167831421 0.99441635608673096
# original_id 58503
v 0.62650871276855469 0.53685122728347778 -0.26096633076667786
# original_id 58610
v -0.35168555378913879 -0.94669151306152344 0.65436941385269165
# original_id 58774
v 0.62500631809234619 -0.995219886302948 -0.28838235139846802
# original_id 58777
v 0.61929845809936523 1.1124547719955444 -0.27769967913627625
# original_id 58999
v -0.47363772988319397 1.1413514614105225 -0.31379187107086182
# original_id 59035
v 0.14043416082859039 -0.41404420137405396 0.93882298469543457
# original_id 59111
v -0.18172135949134827 0.49152761697769165 0.64625000953674316
# original_id 59154
v -0.49368757009506226 -1.1386491060256958 -0.31029847264289856
# original_id 59204
v -0.62666738033294678 0.12381557375192642 -0.28515186905860901
# original_id 59786
v -0.16886319220066071 -1.1241337060928345 -0.30327913165092468
# original_id 60012
v -0.31015744805335999 0.4701351523399353 0.23002222180366516
# original_id 60176
v 0.06073359027504921 0.89479070901870728 0.66782885789871216
# original_id 60200
v 0.62239319086074829 -1.1259268522262573 -0.28902605175971985
# original_id 60202
v 0.48552107810974121 1.1275098323822021 -0.30192890763282776
# original_id 60211
v -0.18383921682834625 -0.43620681762695312 0.90360176563262939
# original_id 60300
v 0.30782625079154968 0.94758427143096924 0.12263128161430359
# original_id 60357
v 0.13511697947978973 -0.44676482677459717 0.90838265419006348
# original_id 60396
v -0.081539541482925415 -0.9482501745223999 0.65538644790649414
# original_id 60433
v -0.37649115920066833 -0.75848543643951416 0.76463425159454346
# original_id 60548
v -0.62547117471694946 0.73186749219894409 -0.24822969734668732
# original_id 60565
v 0.049596652388572693 -1.1341438293457031 -0.29087117314338684
# original_id 60628
v 0.61584979295730591 1.1449594497680664 -0.28803515434265137
# original_id 60668
v 0.61677122116088867 -0.7027161717414856 -0.26232746243476868
# original_id 60805
v 0.62443935871124268 -0.73227775096893311 -0.26055818796157837
# original_id 60830
v -0.24636740982532501 -0.43681886792182922 0.9044918417930603
# original_id 61125
v 0.015091788023710251 0.90034228563308716 0.67083144187927246
# original_id 61223
v -0.2741197943687439 1.0309451818466187 0.062799729406833649
# original_id 61390
v -0.62734329700469971 -0.046424314379692078 -0.26058688759803772
# original_id 61421
v 0.37359112501144409 -0.95234048366546631 0.65423178672790527
# original_id 61426
v -0.14666388928890228 -0.16439107060432434 0.73440849781036377
# original_id 61432
v -0.15487910807132721 0.88210529088973999 0.63757443428039551
# original_id 61486
v -0.37569457292556763 -0.73360621929168701 0.79432553052902222
# original_id 61556
v 0.61883038282394409 -0.16236039996147156 -0.28548547625541687
# original_id 61625
v 0.042875789105892181 -0.54652106761932373 0.98307764530181885
# original_id 61768
v -0.25132128596305847 -0.43883883953094482 0.9186674952507019
# original_id 61822
v 0.19920846819877625 -0.94764256477355957 0.65701490640640259
# original_id 61831
v -0.10910557955503464 0.90422821044921875 0.66739022731781006
# original_id 61857
v -0.25357010960578918 -0.94914442300796509 0.65816837549209595
# original_id 61881
v 0.30849924683570862 0.92921411991119385 0.12832921743392944
# original_id 62051
v -0.22464588284492493 -0.53418117761611938 0.97511100769042969
# original_id 62074
v 0.62154674530029297 0.0042469133622944355 -0.28810051083564758
# original_id 62361
v 0.62436985969543457 0.26656761765480042 -0.23446601629257202
# original_id 62428
v 0.62353396415710449 -1.0442311763763428 -0.28719925880432129
# original_id 62490
v -0.18029290437698364 0.51966637372970581 0.63617825508117676
# original_id 62546
v -0.37379753589630127 -0.59940963983535767 0.9652753472328186
# original_id 62689
v -0.62883353233337402 0.69746804237365723 -0.25418940186500549
# original_id 62801
v -0.62708699703216553 -0.32921496033668518 -0.26500457525253296
# original_id 63165
v -0.10201770812273026 0.88253653049468994 0.68020457029342651
# original_id 63226
v -0.36674028635025024 -0.95199722051620483 0.65546488761901855
# original_id 63329
v -0.18255853652954102 0.73506474494934082 0.66944122314453125
# original_id 63391
v 0.60757637023925781 1.1402928829193115 -0.28540745377540588
# original_id 63468
v -0.17781591415405273 0.73457366228103638 0.66874092817306519
# original_id 63615
v -0.27380803227424622 1.0289976596832275 0.059808600693941116
# original_id 64452
v 0.064096666872501373 -1.1320666074752808 -0.309592604637146
# original_id 64554
v 0.62545633316040039 -0.43915185332298279 -0.29004973173141479
# original_id 64730
v 0.25018361210823059 0.85767412185668945 0.34873008728027344
# original_id 65014
v -0.22802262008190155 0.42322567105293274 0.51636838912963867
# original_id 65038
v -0.31102082133293152 0.35897630453109741 0.23234684765338898
# original_id 65071
v -0.17489106953144073 0.51136845350265503 0.63907700777053833
# original_id 65087
v -0.10374512523412704 0.87641763687133789 0.68043392896652222
# original_id 65436
v -0.094059988856315613 -0.95135605335235596 0.63824760913848877
# original_id 65461
v -0.20133014023303986 -0.12778949737548828 0.74205696582794189
# original_id 65467
v -0.32373782992362976 -0.86074912548065186 0.63641130924224854
# original_id 65477
v -0.081650979816913605 0.89572048187255859 0.67111098766326904
# original_id 65559
v 0.62102079391479492 -0.19735431671142578 -0.28705507516860962
# original_id 65592
v 0.13208641111850739 0.80340844392776489 0.40609994530677795
# original_id 65615
v 0.18465897440910339 0.83501774072647095 0.65064167976379395
# original_id 65651
v 0.24923229217529297 0.89768457412719727 0.086738653481006622
# original_id 65902
v 0.17507141828536987 0.53058171272277832 0.6507568359375
# original_id 65925
v 0.61911898851394653 -0.90403860807418823 -0.28700867295265198
# original_id 65984
v -0.24533054232597351 -0.17980660498142242 0.75867205858230591
# original_id 65986
v -0.24880661070346832 0.37109589576721191 0.3117394745349884
# original_id 66007
v -0.3221161961555481 -0.95251721143722534 0.64214831590652466
# original_id 66236
v -0.62971806526184082 -0.46527108550071716 -0.26520249247550964
# original_id 66396
v -0.249543696641922 -0.1671120673418045 0.75425058603286743
# original_id 66471
v -0.027200361713767052 0.90339857339859009 0.67002159357070923
# original_id 66506
v -0.17091923952102661 -0.40775847434997559 0.94186007976531982
# original_id 66520
v -0.37238878011703491 -0.58085227012634277 0.98938405513763428
# original_id 66530
v -0.60378682613372803 1.1324188709259033 -0.27254751324653625
# original_id 66567
v 0.62285399436950684 -1.0914380550384521 -0.28869032859802246
# original_id 66588
v 0.62420910596847534 -0.40285581350326538 -0.28995078802108765
# original_id 66603
v -0.16669407486915588 0.74741196632385254 0.6823083758354187
# original_id 66765
v 0.62649327516555786 1.1276657581329346 -0.3258165717124939
# original_id 66871
v 0.28272312879562378 0.94434338808059692 0.16131436824798584
# original_id 66927
v 0.31073909997940063 0.92916160821914673 0.0036346244160085917
# original_id 66936
v -0.22116728127002716 -0.95016944408416748 0.64530640840530396
# original_id 66990
v -0.15401548147201538 0.53231507539749146 0.65186178684234619
# original_id 67048
v -0.069603040814399719 -0.95075947046279907 0.64563846588134766
# original_id 67161
v -0.62851369380950928 0.071203596889972687 -0.28439345955848694
# original_id 67421
v 0.61954087018966675 -0.24742728471755981 -0.28572800755500793
# original_id 67473
v -0.1851026713848114 0.40353643894195557 0.4905315637588501
# original_id 67528
v -0.18297483026981354 0.66866946220397949 0.66947424411773682
# original_id 67559
v -0.22407977283000946 -0.43993291258811951 0.86027711629867554
# original_id 67759
v -0.23928941786289215 -0.18994861841201782 0.7650255560874939
# original_id 67791
v 0.62145543098449707 -0.5102541446685791 -0.26120403409004211
# original_id 67953
v 0.23588745296001434 0.86025375127792358 0.36800652742385864
# original_id 68008
v 0.18660174310207367 0.53136593103408813 0.66025775671005249
# original_id 68206
v -0.30103501677513123 -0.19646458327770233 0.66981440782546997
# original_id 68268
v -0.30438312888145447 0.46833935379981995 0.26198431849479675
# original_id 68352
v -0.12240330874919891 0.87849241495132446 0.66995334625244141
# original_id 68376
v -0.62795644998550415 0.11680227518081665 -0.28945407271385193
# original_id 68477
v -0.21308933198451996 -0.44080004096031189 0.87987136840820312
# original_id 68504
v -0.61964285373687744 -0.6542847752571106 -0.27525782585144043
# original_id 68615
v -0.63255947828292847 -0.7070080041885376 -0.28996568918228149
# original_id 68657
v -0.62771713733673096 0.85557901859283447 -0.28651213645935059
# original_id 69492
v 0.59965229034423828 1.1328084468841553 -0.28156915307044983
# original_id 69584
v 0.30964389443397522 0.95054268836975098 0.11977943032979965
# original_id 69666
v 0.17700089514255524 0.87126767635345459 0.64961129426956177
# original_id 69873
v 0.57578247785568237 1.1336603164672852 -0.28633156418800354
# original_id 69876
v -0.28826192021369934 1.0267959833145142 0.068381018936634064
# original_id 69899
v -0.071760699152946472 -0.88084602355957031 0.63972419500350952
# original_id 70018
v 0.13941997289657593 -0.41069281101226807 0.93907260894775391
# original_id 70027
v -0.20802006125450134 0.069791220128536224 0.45702806115150452
# original_id 70066
v 0.31906133890151978 -0.948691725730896 0.65862053632736206
# original_id 70072
v -0.11596813052892685 -0.94960492849349976 0.65067881345748901
# original_id 70111
v -0.061393536627292633 0.90015918016433716 0.66999292373657227
# original_id 70188
v 0.63061738014221191 -1.1379988193511963 -0.31726706027984619
# original_id 70214
v 0.62553566694259644 0.38584437966346741 -0.26167863607406616
# original_id 70240
v -0.62492787837982178 0.63420730829238892 -0.23353220522403717
# original_id 70380
v -0.17452789843082428 0.85947251319885254 0.64765578508377075
# original_id 70383
v 0.62328445911407471 -0.7578507661819458 -0.25995779037475586
# original_id 70394
v 0.045489072799682617 0.89510864019393921 0.67086851596832275
# original_id 70425
v -0.24032048881053925 -0.94701123237609863 0.65673381090164185
# original_id 70471
v -0.6107373833656311 -0.77569872140884399 -0.26542633771896362
# original_id 70603
v -0.19037073850631714 -0.44913536310195923 0.90464496612548828
# original_id 70609
v 0.34528416395187378 -0.94820475578308105 0.65631461143493652
# original_id 70620
v -0.18550348281860352 0.53325456380844116 0.63311046361923218
# original_id 70641
v 0.62482362985610962 -1.0395883321762085 -0.28917616605758667
# original_id 70655
v -0.62675637006759644 -0.086727753281593323 -0.23994053900241852
# original_id 70697
v -0.62803584337234497 -0.36623767018318176 -0.2623494565486908
# original_id 70850
v 0.62611407041549683 1.1179156303405762 -0.28681182861328125
# original_id 70910
v -0.18602697551250458 -0.44905814528465271 0.90248942375183105
# original_id 71005
v -0.24497975409030914 -0.19463078677654266 0.74705815315246582
# original_id 71023
v -0.24671302735805511 -0.19219617545604706 0.75244611501693726
# original_id 71047
v -0.37373638153076172 -0.94358354806900024 0.65428853034973145
# original_id 71168
v 0.62076282501220703 0.84571820497512817 -0.26303929090499878
# original_id 71170
v 0.62663984298706055 -1.0354455709457397 -0.28705072402954102
# original_id 71373
v -0.17983080446720123 -0.41076654195785522 0.93921148777008057
# original_id 71604
v -0.62785768508911133 0.78982573747634888 -0.28061628341674805
# original_id 71797
v -0.14801560342311859 -0.16176171600818634 0.73350656032562256
# original_id 71829
v 0.10008945316076279 -0.9481232762336731 0.65631371736526489
# original_id 71886
v -0.036716263741254807 0.88515841960906982 0.67995756864547729
# original_id 71889
v 0.11657924950122833 0.89175057411193848 0.6686251163482666
# original_id 71922
v -0.63018763065338135 -0.32718285918235779 -0.26164481043815613
# original_id 72005
v -0.50062817335128784 1.1416974067687988 -0.31229826807975769
# original_id 72013
v 0.19308771193027496 -0.94520461559295654 0.63586694002151489
# original_id 72022
v -0.28098762035369873 -0.53055620193481445 0.97385305166244507
# original_id 72134
v -0.61104685068130493 1.1308802366256714 -0.27518242597579956
# original_id 72227
v -0.11993944644927979 0.86814701557159424 0.66925537586212158
# original_id 72263
v -0.1022179052233696 0.87674695253372192 0.68009829521179199
# original_id 72301
v -0.13523703813552856 -0.17028528451919556 0.72120928764343262
# original_id 72407
v 0.14124630391597748 -1.1347179412841797 -0.32764407992362976
# original_id 72457
v -0.32619312405586243 -1.1341445446014404 -0.32692542672157288
# original_id 72524
v -0.13329944014549255 -0.15414190292358398 0.70366853475570679
# original_id 72525
v -0.19325755536556244 -0.54233658313751221 0.98067551851272583
# original_id 72540
v 0.62822985649108887 1.127535343170166 -0.3084462583065033
# original_id 72560
v 0.17868632078170776 0.87453651428222656 0.65268075466156006
# original_id 72757
v -0.63186734914779663 -0.71397006511688232 -0.29620420932769775
# original_id 72774
v -0.62301886081695557 0.91988766193389893 -0.27488008141517639
# original_id 72885
v -0.22323498129844666 -0.44030612707138062 0.87401115894317627
# original_id 73107
v -0.0012320110108703375 -1.1339907646179199 -0.32645842432975769
# original_id 73311
v -0.48609587550163269 -1.1336407661437988 -0.31330594420433044
# original_id 73506
v -0.345569908618927 -0.94859111309051514 0.64593213796615601
# original_id 74176
v -0.24006998538970947 -0.95209783315658569 0.65705907344818115
# original_id 74458
v 0.24835154414176941 -0.94775533676147461 0.65746110677719116
# original_id 74529
v -0.58516460657119751 -1.1346802711486816 -0.32697281241416931
# original_id 74675
v 0.31915727257728577 0.94469082355499268 0.093606516718864441
# original_id 74774
v 0.16564388573169708 0.88220590353012085 0.63450324535369873
# original_id 74838
v 0.61974084377288818 0.12379509955644608 -0.22805824875831604
# original_id 74910
v 0.17086072266101837 0.88102996349334717 0.63031178712844849
# original_id 75231
v -0.38070067763328552 -0.68433159589767456 0.86137771606445312
# original_id 75486
v -0.21271422505378723 -0.40721243619918823 0.92553508281707764
# original_id 75501
v -0.18915687501430511 -0.44856241345405579 0.90805602073669434
# original_id 75616
v 0.18503794074058533 0.86095529794692993 0.48663803935050964
# original_id 75691
v -0.33214318752288818 -0.94766902923583984 0.65503424406051636
# original_id 75705
v 0.35774293541908264 1.1287258863449097 -0.30555993318557739
# original_id 75710
v -0.19466744363307953 -0.95231813192367554 0.6458556056022644
# original_id 75834
v -0.63009345531463623 -0.39237260818481445 -0.26962113380432129
# original_id 75841
v 0.15173734724521637 0.52158099412918091 0.63705533742904663
# original_id 75892
v -0.6206364631652832 -1.1331026554107666 -0.30540123581886292
# original_id 75923
v 0.62094783782958984 -0.54981148242950439 -0.25987863540649414
# original_id 75950
v -0.32397282123565674 -0.94531184434890747 0.64043152332305908
# original_id 75994
v -0.18430733680725098 0.46201017498970032 0.64637088775634766
# original_id 76056
v 0.19168071448802948 -0.94818931818008423 0.65592128038406372
# original_id 76084
v -0.19771040976047516 -0.93880295753479004 0.63805359601974487
# original_id 76426
v -0.11772676557302475 -0.95199334621429443 0.6552581787109375
# original_id 76639
v -0.62930691242218018 0.14907845854759216 -0.28718701004981995
# original_id 77511
v -0.36638608574867249 -0.9478183388710022 0.65474873781204224
# original_id 77588
v -0.17489862442016602 0.67871183156967163 0.68308466672897339
# original_id 77801
v -0.16736339032649994 -0.22868494689464569 0.49587187170982361
# original_id 78053
v 0.26809799671173096 -1.138657808303833 -0.31028065085411072
# original_id 78296
v 0.62029522657394409 -0.40853950381278992 -0.28804585337638855
# original_id 78307
v 0.62884795665740967 0.3917994499206543 -0.34028902649879456
# original_id 78533
v 0.62931489944458008 -1.1056092977523804 -0.32850372791290283
# original_id 78814
v 0.32742172479629517 0.93254637718200684 0.05655461922287941
# original_id 79114
v -0.58754491806030273 -1.1273554563522339 -0.31960177421569824
# original_id 79151
v -0.24316138029098511 -0.18929395079612732 0.7639089822769165
# original_id 79268
v -0.077355280518531799 0.90079987049102783 0.66955238580703735
# original_id 79375
v -0.10367190837860107 0.88371151685714722 0.68134880065917969
# original_id 79403
v -0.37415269017219543 -0.65543836355209351 0.89401191473007202
# original_id 79429
v 0.56991541385650635 -1.1349420547485352 -0.32895937561988831
# original_id 79458
v -0.37687504291534424 -0.68090248107910156 0.86216521263122559
# original_id 79590
v -0.6304662823677063 -1.125219464302063 -0.28789275884628296
# original_id 79607
v -0.6272430419921875 1.1107844114303589 -0.28669688105583191
# original_id 79649
v -0.62103301286697388 -0.23655591905117035 -0.23775750398635864
# original_id 79693
v 0.080710746347904205 -0.40395161509513855 0.92270117998123169
# original_id 79703
v 0.40969541668891907 1.132178783416748 -0.29624748229980469
# original_id 79717
v -0.24026703834533691 -0.95094060897827148 0.6505277156829834
# original_id 79727
v -0.2702820897102356 1.0234957933425903 0.047485236078500748
# original_id 80103
v -0.31093773245811462 0.47376123070716858 0.2609308660030365
# original_id 80180
v 0.18696822226047516 0.86254537105560303 0.57122081518173218
# original_id 80186
v -0.63067984580993652 0.71120119094848633 -0.26160120964050293
# original_id 80205
v 0.066961698234081268 -0.94629716873168945 0.65632641315460205
# original_id 80223
v -0.61266136169433594 -0.77563178539276123 -0.26013985276222229
# original_id 80285
v -0.24040395021438599 -0.029715487733483315 0.38321602344512939
# original_id 80294
v -0.16864046454429626 0.74990570545196533 0.6820608377456665
# original_id 80578
v -0.22236298024654388 -0.94878476858139038 0.65576881170272827
# original_id 80630
v -0.62653559446334839 -0.68490874767303467 -0.29020199179649353
# original_id 80723
v 0.18552160263061523 0.53192770481109619 0.64959949254989624
# original_id 80786
v -0.6286388635635376 0.085777103900909424 -0.28750056028366089
# original_id 80791
v -0.62331974506378174 -0.49534288048744202 -0.26262658834457397
# original_id 80835
v -0.30434617400169373 0.49439829587936401 0.27406695485115051
# original_id 80863
v 0.1849750429391861 0.86480724811553955 0.38529470562934875
# original_id 81179
v 0.090094804763793945 0.90023589134216309 0.66893470287322998
# original_id 81183
v 0.23411111533641815 0.85424137115478516 0.3779473602771759
# original_id 81203
v -0.63116604089736938 -0.063017852604389191 -0.23732723295688629
# original_id 81265
v -0.62510693073272705 0.80674362182617188 -0.2853533923625946
# original_id 81342
v -0.37416422367095947 -0.95192152261734009 0.65687888860702515
# original_id 81395
v -0.17364451289176941 0.5504753589630127 0.68270820379257202
# original_id 81544
v 0.16302084922790527 0.53106653690338135 0.63363176584243774
# original_id 81550
v 0.62661916017532349 -0.27697771787643433 -0.29447305202484131
# original_id 81681
v 0.17932555079460144 0.86687380075454712 0.48798635601997375
# original_id 81891
v 0.62135422229766846 0.70274645090103149 -0.28589591383934021
# original_id 81935
v -0.63174343109130859 -0.39436578750610352 -0.26137199997901917
# original_id 82075
v -0.37852743268013 1.1366060972213745 -0.31196719408035278
# original_id 82092
v -0.018882172182202339 0.89765244722366333 0.671070396900177
# original_id 82182
v 0.51226049661636353 1.1411060094833374 -0.31167805194854736
# original_id 82222
v -0.12745626270771027 0.90218120813369751 0.67274123430252075
# original_id 82438
v 0.62472909688949585 0.86751812696456909 -0.33853629231452942
# original_id 82508
v -0.24757105112075806 0.44345024228096008 0.56683945655822754
# original_id 82526
v 0.18633949756622314 0.86470907926559448 0.44859534502029419
# original_id 82844
v -0.28518348932266235 -1.1381922960281372 -0.31380259990692139
# original_id 82917
v 0.62553972005844116 -0.04147576168179512 -0.28654783964157104
# original_id 83014
v -0.27390599250793457 1.0287971496582031 0.044588815420866013
# original_id 83227
v 0.31314653158187866 0.94851851463317871 0.11675871908664703
# original_id 83275
v 0.12763217091560364 -0.44754558801651001 0.89888554811477661
# original_id 83288
v -0.62473517656326294 -0.56334918737411499 -0.26174396276473999
# original_id 83315
v -0.60241127014160156 -1.1334022283554077 -0.30840229988098145
# original_id 83458
v 0.23035617172718048 -0.9503135085105896 0.65605056285858154
# original_id 83468
v -0.29775911569595337 1.0241725444793701 0.064047142863273621
# original_id 83637
v -0.24974380433559418 0.37346452474594116 0.30989664793014526
# original_id 83737
v 0.62488293647766113 0.43559947609901428 -0.26263481378555298
# original_id 83860
v -0.56763100624084473 1.1375994682312012 -0.31187194585800171
# original_id 83913
v -0.24085657298564911 -0.43698433041572571 0.91053527593612671
# original_id 83936
v -0.24978114664554596 -0.94609421491622925 0.65596240758895874
# original_id 84094
v 0.37309643626213074 -0.95195108652114868 0.65854638814926147
# original_id 84431
v -0.26097938418388367 0.71500736474990845 0.20540751516819
# original_id 84500
v 0.61710375547409058 0.072416774928569794 -0.23652498424053192
# original_id 84546
v 0.12271126359701157 0.89283066987991333 0.64555656909942627
# original_id 84548
v -0.32427874207496643 -0.94199621677398682 0.63770544528961182
# original_id 84568
v 0.37089475989341736 -0.94645249843597412 0.65458744764328003
# original_id 84641
v -0.17270521819591522 -0.22861668467521667 0.46046391129493713
# original_id 84727
v -0.59360307455062866 -1.1310527324676514 -0.29009333252906799
# original_id 84739
v 0.62738388776779175 1.0490113496780396 -0.32482096552848816
# original_id 84899
v -0.24835041165351868 -0.95081943273544312 0.6508641242980957
# original_id 84985
v -0.067731522023677826 -0.95245605707168579 0.64277958869934082
# original_id 85003
v -0.46908706426620483 1.1324088573455811 -0.30048903822898865
# original_id 85178
v -0.1759972870349884 -0.41304627060890198 0.94263583421707153
# original_id 85218
v 0.16503369808197021 0.52511847019195557 0.6355624794960022
# original_id 85263
v 0.62639611959457397 -0.25520768761634827 -0.2881493866443634
# original_id 85449
v -0.61960667371749878 -1.0504040718078613 -0.27483314275741577
# original_id 85459
v 0.18515691161155701 0.86484992504119873 0.4767298698425293
# original_id 85575
v 0.38917094469070435 1.1436566114425659 -0.31116828322410583
# original_id 85660
v -0.22403372824192047 -0.53196614980697632 0.97523415088653564
# original_id 85849
v 0.61927294731140137 -0.70563101768493652 -0.26306095719337463
# original_id 85855
v 0.2172369658946991 -0.94565415382385254 0.65830731391906738
# original_id 85870
v -0.29260382056236267 -0.53903341293334961 0.99015939235687256
# original_id 86001
v -0.63175970315933228 0.15348571538925171 -0.28962185978889465
# original_id 86093
v -0.61988860368728638 -0.53167349100112915 -0.25139075517654419
# original_id 86138
v -0.16343621909618378 0.53302919864654541 0.65426254272460938
# original_id 86497
v 0.62328660488128662 0.43317681550979614 -0.33823126554489136
# original_id 86643
v -0.63241696357727051 0.58370888233184814 -0.25237798690795898
# original_id 86735
v 0.62836623191833496 -1.0287221670150757 -0.33101561665534973
# original_id 87262
v 0.62727528810501099 -0.67149651050567627 -0.33581435680389404
# original_id 87624
v -0.13375681638717651 -0.19815649092197418 0.67729645967483521
# original_id 87648
v 0.096384018659591675 0.90408730506896973 0.66873461008071899
# original_id 87763
v -0.01092995423823595 0.89723038673400879 0.18416467308998108
# original_id 87893
v 0.24828808009624481 0.8559078574180603 0.32575643062591553
# original_id 87900
v -0.24652579426765442 -0.13922813534736633 0.74274361133575439
# original_id 87912
v -0.5596388578414917 -1.1328204870223999 -0.30978068709373474
# original_id 87993
v 0.62797397375106812 -0.96417510509490967 -0.28838890790939331
# original_id 88036
v -0.37351253628730774 -0.57993656396865845 0.98843079805374146
# original_id 88042
v -0.1129433736205101 -0.9478764533996582 0.65550726652145386
# original_id 88209
v 0.56958037614822388 -1.1339281797409058 -0.31444829702377319
# original_id 88268
v -0.41651687026023865 1.1349456310272217 -0.30031096935272217
# original_id 88331
v -0.61255073547363281 1.1313070058822632 -0.2786199152469635
# original_id 88384
v -0.20208384096622467 0.057804819196462631 0.46056100726127625
# original_id 88392
v 0.12255138158798218 0.89621978998184204 0.67078202962875366
# original_id 88509
v -0.17871756851673126 0.8578605055809021 0.64817732572555542
# original_id 88599
v -0.62897515296936035 -0.14991749823093414 -0.23806963860988617
# original_id 88794
v -0.16663558781147003 0.51274359226226807 0.6350063681602478
# original_id 88868
v -0.37289887666702271 -0.58039522171020508 0.99451029300689697
# original_id 88869
v -0.19633869826793671 -0.44326037168502808 0.90423458814620972
# original_id 88870
v -0.12144099920988083 -0.95050925016403198 0.64632904529571533
# original_id 88885
v -0.3579394519329071 -0.55620819330215454 0.99654495716094971
# original_id 88943
v -0.10700894147157669 -0.95024806261062622 0.64690029621124268
# original_id 88982
v 0.62517112493515015 -1.0391284227371216 -0.28889167308807373
# original_id 89068
v -0.18110346794128418 0.74007463455200195 0.66891366243362427
# original_id 89388
v -0.0068111708387732506 0.89610236883163452 0.66837471723556519
# original_id 89489
v 0.3151915967464447 0.93879741430282593 0.027861364185810089
# original_id 89525
v -0.3249090313911438 -0.90631502866744995 0.63352227210998535
# original_id 89533
v 0.10032325983047485 0.88778460025787354 0.68028604984283447
# original_id 89602
v 0.11102267354726791 0.89484304189682007 0.66911548376083374
# original_id 89709
v -0.18399336934089661 0.5303419828414917 0.65046614408493042
# original_id 89859
v 0.62521886825561523 -1.0601754188537598 -0.28783810138702393
# original_id 89861
v 0.32390284538269043 0.92917340993881226 0.052525240927934647
# original_id 89899
v 0.14073184132575989 -0.41456940770149231 0.94474470615386963
# original_id 89901
v -0.62773293256759644 1.1401045322418213 -0.28565388917922974
# original_id 90468
v 0.10171701014041901 0.90156632661819458 0.66974705457687378
# original_id 90495
v -0.1811385303735733 0.40302202105522156 0.49230441451072693
# original_id 90524
v -0.1857820600271225 0.53366518020629883 0.65677434206008911
# original_id 90590
v -0.16395261883735657 -0.24706107378005981 0.4713890552520752
# original_id 90812
v -0.3747556209564209 1.139973521232605 -0.31300428509712219
# original_id 90813
v 0.14089329540729523 0.87601077556610107 0.65068906545639038
# original_id 91003
v -0.62511676549911499 0.36762306094169617 -0.28785920143127441
# original_id 91063
v -0.62807965278625488 -0.043300163000822067 -0.27336370944976807
# original_id 91075
v -0.16113196313381195 -0.33734089136123657 0.86593961715698242
# original_id 91123
v 0.24614560604095459 -0.94380491971969604 0.65572273731231689
# original_id 91205
v -0.14741897583007812 -0.53641813993453979 0.9853290319442749
# original_id 91317
v 0.19576750695705414 -1.1392308473587036 -0.30992573499679565
# original_id 91330
v -0.24916158616542816 -0.93630343675613403 0.65326923131942749
# original_id 91463
v 0.063158333301544189 -0.94539511203765869 0.65787690877914429
# original_id 91636
v 0.62837868928909302 -1.0625194311141968 -0.33801361918449402
# original_id 91704
v -0.23187346756458282 -1.1376857757568359 -0.31423982977867126
# original_id 91865
v -0.30052796006202698 1.0215047597885132 0.061215288937091827
# original_id 91900
v 0.6155279278755188 -1.1110864877700806 -0.28506922721862793
# original_id 91934
v 0.62052041292190552 0.0065813162364065647 -0.2609497606754303
# original_id 91945
v 0.62713581323623657 1.1123734712600708 -0.32510298490524292
# original_id 92297
v 0.22854578495025635 -0.94723784923553467 0.65649211406707764
# original_id 92467
v -0.081796064972877502 -0.94734728336334229 0.65508496761322021
# original_id 92608
v 0.62475001811981201 0.11883203685283661 -0.23609419167041779
# original_id 92811
v -0.3126758337020874 0.35881954431533813 0.23310253024101257
# original_id 92820
v 0.10563603043556213 0.8897060751914978 0.68293648958206177
# original_id 92958
v -0.62635326385498047 -0.065897785127162933 -0.23608493804931641
# original_id 93143
v -0.27950000762939453 -0.014756958931684494 0.39670652151107788
# original_id 93179
v -0.25161778926849365 -0.40719866752624512 0.92810535430908203
# original_id 93218
v 0.24526001513004303 -0.9522441029548645 0.65665698051452637
# original_id 93368
v 0.6279304027557373 -1.0840320587158203 -0.28825688362121582
# original_id 93658
v -0.24594968557357788 -0.95244407653808594 0.65599042177200317
# original_id 93701
v -0.15619169175624847 0.53325605392456055 0.65768307447433472
# original_id 93717
v 0.6234811544418335 -0.26542896032333374 -0.28645706176757812
# original_id 93735
v -0.15734940767288208 0.51549947261810303 0.6357383131980896
# original_id 93747
v -0.068985424935817719 -0.94829863309860229 0.65528559684753418
# original_id 93761
v 0.03553454577922821 0.88531303405761719 0.20064833760261536
# original_id 93771
v -0.19524961709976196 -0.94335460662841797 0.6570848822593689
# original_id 93881
v -0.30215510725975037 0.48809811472892761 0.27744847536087036
# original_id 93965
v -0.23885329067707062 0.4574228823184967 0.56875288486480713
# original_id 93966
v -0.21820388734340668 -0.44062203168869019 0.89821213483810425
# original_id 94075
v 0.19427873194217682 -0.94010233879089355 0.63683861494064331
# original_id 94094
v -0.17787256836891174 0.53416144847869873 0.66774636507034302
# original_id 94121
v -0.22293923795223236 -0.43776777386665344 0.91034978628158569
# original_id 94187
v -0.62931054830551147 -1.0599434375762939 -0.2886868417263031
# original_id 94324
v -0.10705038160085678 -0.94850409030914307 0.65661710500717163
# original_id 94410
v -0.10280180722475052 0.90398538112640381 0.6668279767036438
# original_id 94789
v -0.62477022409439087 -0.52774715423583984 -0.25753003358840942
# original_id 94794
v -0.24708002805709839 -0.19634492695331573 0.74433571100234985
# original_id 94846
v -0.2502034604549408 -0.19017611443996429 0.76144218444824219
# original_id 94885
v -0.63095998764038086 -0.66031813621520996 -0.29033592343330383
# original_id 94959
v -0.43652001023292542 1.1356188058853149 -0.3117506206035614
# original_id 95042
v -0.17608951032161713 -0.17433285713195801 0.42118823528289795
# original_id 95322
v -0.47878283262252808 -1.1293920278549194 -0.3120618462562561
# original_id 95520
v -0.090010419487953186 -0.53760707378387451 0.98964828252792358
# original_id 95729
v -0.14628668129444122 -0.53813648223876953 0.97813093662261963
# original_id 96009
v -0.63107156753540039 0.44664952158927917 -0.28895238041877747
# original_id 96060
v 0.62548476457595825 0.88937067985534668 -0.32989713549613953
# original_id 96063
v 0.6214863657951355 -0.8849979043006897 -0.34328508377075195
# original_id 96125
v 0.62814116477966309 0.78907179832458496 -0.32496625185012817
# original_id 96238
v -0.10320396721363068 0.89918619394302368 0.6697041392326355
# original_id 96254
v 0.62560147047042847 0.0093416925519704819 -0.28072044253349304
# original_id 96383
v 0.62745249271392822 1.1116585731506348 -0.30762162804603577
# original_id 96393
v 0.57659727334976196 -1.1363210678100586 -0.30925014615058899
# original_id 96456
v 0.62375479936599731 -1.1036361455917358 -0.28567057847976685
# original_id 96603
v 0.58659684658050537 1.1384314298629761 -0.28873401880264282
# original_id 96631
v 0.24772626161575317 0.86246955394744873 0.32941305637359619
# original_id 96664
v 0.59785634279251099 1.1317920684814453 -0.27145352959632874
# original_id 96730
v 0.58001571893692017 -1.1281687021255493 -0.28786289691925049
# original_id 96765
v 0.09113997220993042 -0.43950226902961731 0.88961160182952881
# original_id 96847
v 0.6284831166267395 -1.1213870048522949 -0.32958966493606567
# original_id 96856
v 0.18745376169681549 0.8628239631652832 0.65080761909484863
# original_id 96893
v 0.18411524593830109 0.85436332225799561 0.61659079790115356
# original_id 96980
v 0.23140215873718262 0.90738600492477417 0.23589693009853363
# original_id 97067
v -0.11627587676048279 -0.94901448488235474 0.6449735164642334
# original_id 97182
v -0.37568977475166321 -0.95252633094787598 0.65577888488769531
# original_id 97373
v 0.62122452259063721 -0.14218795299530029 -0.28747272491455078
# original_id 97460
v -0.3755163848400116 -0.8910180926322937 0.65106624364852905
# original_id 97497
v -0.27197271585464478 0.70923507213592529 0.23255516588687897
# original_id 97508
v -0.24221056699752808 -0.19101497530937195 0.7512701153755188
# original_id 97536
v -0.29423049092292786 -0.19999651610851288 0.66626465320587158
# original_id 97548
v 0.18364182114601135 0.87004470825195312 0.53282302618026733
# original_id 97620
v -0.19597691297531128 -0.95247894525527954 0.64060324430465698
# original_id 97867
v -0.6136772632598877 -0.78152352571487427 -0.26709616184234619
# original_id 97920
v -0.20033138990402222 -0.94647592306137085 0.65590775012969971
# original_id 98193
v -0.22670301795005798 0.45284658670425415 0.57729756832122803
# original_id 98262
v -0.24757884442806244 -0.86421936750411987 0.6495441198348999
# original_id 98440
v 0.087317220866680145 0.90469223260879517 0.66820031404495239
# original_id 98517
v 0.24765563011169434 0.8922155499458313 0.063188351690769196
# original_id 98534
v 0.41382035613059998 1.1265463829040527 -0.30006533861160278
# original_id 98562
v -0.14398157596588135 -0.53594785928726196 0.97557693719863892
# original_id 98592
v -0.24846836924552917 0.79462718963623047 0.19604514539241791
# original_id 98619
v -0.21651601791381836 -0.44048017263412476 0.89829939603805542
# original_id 98658
v -0.18553896248340607 0.65061920881271362 0.67092519998550415
# original_id 98769
v 0.18129883706569672 0.54068690538406372 0.65557223558425903
# original_id 99015
v -0.06990552693605423 -0.95275008678436279 0.64587223529815674
# original_id 99019
v 0.1201300323009491 0.90300488471984863 0.66149598360061646
# original_id 99024
v -0.21739105880260468 -0.5292695164680481 0.96486890316009521
# original_id 99035
v 0.62545067071914673 1.0046951770782471 -0.32638952136039734
# original_id 99372
v -0.62766599655151367 -1.1137523651123047 -0.28689667582511902
# original_id 99424
v -0.63022857904434204 0.96995425224304199 -0.28649252653121948
# original_id 99696
v -0.15771384537220001 -1.1261025667190552 -0.30832737684249878
# original_id 100254
v 0.62632781267166138 0.43425667285919189 -0.32664093375205994
# original_id 100273
v 0.43756511807441711 -1.1289114952087402 -0.31122767925262451
# original_id 100297
v 0.62568265199661255 -0.1071396991610527 -0.33547848463058472
# original_id 100371
v 0.62692552804946899 0.18029586970806122 -0.33674204349517822
# original_id 100429
v -0.29849305748939514 1.0293377637863159 0.06556566059589386
# original_id 100571
v 0.61656641960144043 -1.1347130537033081 -0.31772124767303467
# original_id 100646
v -0.18618710339069366 0.86479395627975464 0.65115755796432495
# original_id 100963
v -0.63023525476455688 -1.1370209455490112 -0.28617030382156372
# original_id 101011
v -0.15148049592971802 0.87627679109573364 0.64042967557907104
# original_id 101103
v -0.63050013780593872 -0.46431812644004822 -0.2629663348197937
# original_id 101209
v -0.16387239098548889 0.86007475852966309 0.64617466926574707
# original_id 101241
v -0.24748192727565765 -0.94236695766448975 0.65580302476882935
# original_id 101267
v -0.62878119945526123 1.1027271747589111 -0.28655323386192322
# original_id 101279
v -0.25297698378562927 0.37161737680435181 0.31203764677047729
# original_id 101365
v -0.15843170881271362 0.88436144590377808 0.63840687274932861
# original_id 101375
v 0.62697792053222656 -1.1339648962020874 -0.28923627734184265
# original_id 101457
v -0.62788492441177368 -0.12333697825670242 -0.23723931610584259
# original_id 101617
v 0.57408243417739868 -1.1297075748443604 -0.28796705603599548
# original_id 101780
v -0.14108361303806305 -0.39083713293075562 0.91970056295394897
# original_id 101935
v -0.24741755425930023 -0.18222592771053314 0.75869446992874146
# original_id 101944
v -0.32312625646591187 -0.95160472393035889 0.65730917453765869
# original_id 102063
v -0.17867565155029297 0.4586566686630249 0.64078330993652344
# original_id 102077
v -0.6298443078994751 0.92427712678909302 -0.28627109527587891
# original_id 102213
v 0.13259914517402649 0.80696094036102295 0.37528964877128601
# original_id 102214
v -0.62423872947692871 -0.4928373396396637 -0.26310056447982788
# original_id 102273
v -0.3258918821811676 -0.9315761923789978 0.63978117704391479
# original_id 102322
v -0.23092541098594666 -0.95035701990127563 0.64428693056106567
# original_id 102334
v 0.53358161449432373 1.1323670148849487 -0.29644516110420227
# original_id 102358
v -0.62698858976364136 0.83594316244125366 -0.28638115525245667
# original_id 102481
v -0.1822226494550705 0.66550546884536743 0.66882616281509399
# original_id 102599
v -0.092485785484313965 0.88847911357879639 0.68204855918884277
# original_id 102685
v -0.24988964200019836 0.7853659987449646 0.1995185911655426
# original_id 102774
v -0.15838328003883362 -1.1273329257965088 -0.29985296726226807
# original_id 102863
v 0.18657051026821136 0.51962131261825562 0.6389499306678772
# original_id 102962
v -0.35210135579109192 -0.5375821590423584 0.99146473407745361
# original_id 103058
v -0.31214448809623718 0.4725320041179657 0.26088866591453552
# original_id 103386
v -0.61509811878204346 -0.48421671986579895 -0.24761305749416351
# original_id 103476
v -0.12171605229377747 0.90548741817474365 0.67080014944076538
# original_id 104141
v 0.62511283159255981 -0.85372674465179443 -0.2886626124382019
# original_id 104397
v 0.62766820192337036 -0.88043034076690674 -0.33489179611206055
# original_id 104628
v 0.62428140640258789 -0.56423771381378174 -0.26398754119873047
# original_id 104643
v -0.24459727108478546 0.050803873687982559 0.46539768576622009
# original_id 104707
v -0.61598038673400879 1.1232242584228516 -0.28553184866905212
# original_id 104711
v -0.62204170227050781 -0.55628794431686401 -0.27079582214355469
# original_id 104715
v -0.24903851747512817 0.4278094470500946 0.53481900691986084
# original_id 105064
v -0.33274427056312561 -0.94614964723587036 0.65528720617294312
# original_id 105148
v -0.12328147143125534 0.88059061765670776 0.66940921545028687
# original_id 105196
v -0.62442106008529663 -0.83846491575241089 -0.2621210515499115
# original_id 105310
v -0.22640565037727356 -0.94881552457809448 0.64599168300628662
# original_id 105336
v -0.11404735594987869 -0.95066642761230469 0.6459202766418457
# original_id 105723
v 0.23743347823619843 -0.94991844892501831 0.65623658895492554
# original_id 105854
v -0.18066133558750153 0.85871517658233643 0.64849334955215454
# original_id 106496
v -0.15659618377685547 -0.40222206711769104 0.95168942213058472
# original_id 106912
v 0.62751096487045288 0.54683166742324829 -0.26064068078994751
# original_id 107444
v -0.62583255767822266 -1.065808892250061 -0.28733989596366882
# original_id 107493
v -0.63076514005661011 -0.30533546209335327 -0.23863525688648224
# original_id 107719
v 0.34685623645782471 1.1319130659103394 -0.29689270257949829
# original_id 107723
v -0.17471657693386078 0.74966728687286377 0.68318343162536621
# original_id 108322
v 0.6272624135017395 0.3819214403629303 -0.3271561861038208
# original_id 108628
v 0.24825751781463623 0.85673737525939941 0.34576258063316345
# original_id 108706
v -0.098637379705905914 0.88622665405273438 0.68028312921524048
# original_id 108783
v 0.62247627973556519 -1.0509477853775024 -0.28032988309860229
# original_id 108800
v -0.23629866540431976 0.42357361316680908 0.52233636379241943
# original_id 108923
v -0.1453053206205368 -0.39746171236038208 0.94716209173202515
# original_id 109057
v 0.18380655348300934 0.86702060699462891 0.62752509117126465
# original_id 109123
v -0.25182610750198364 -0.42510950565338135 0.92699623107910156
# original_id 109187
v -0.19708088040351868 0.070053413510322571 0.45670390129089355
# original_id 109203
v 0.52960103750228882 1.1397495269775391 -0.31182926893234253
# original_id 109323
v -0.62582284212112427 -0.029002062976360321 -0.24846301972866058
# original_id 109392
v 0.62278413772583008 1.1261787414550781 -0.28718447685241699
# original_id 109432
v -0.32490575313568115 -0.94884985685348511 0.6455879807472229
# original_id 109620
v -0.62421363592147827 -0.59222745895385742 -0.28297972679138184
# original_id 109697
v -0.62661480903625488 -0.6372334361076355 -0.28736284375190735
# original_id 109701
v -0.25213161110877991 0.79039305448532104 0.15620610117912292
# original_id 110113
v -0.24171946942806244 -0.19106402993202209 0.76459556818008423
# original_id 110236
v -0.24202351272106171 -0.26747235655784607 0.56294131278991699
# original_id 110332
v -0.63143301010131836 1.1202677488327026 -0.28580030798912048
# original_id 110432
v 0.60259896516799927 1.1313899755477905 -0.2777237594127655
# original_id 110636
v -0.16471876204013824 -0.40216484665870667 0.95240157842636108
# original_id 110791
v 0.18341602385044098 0.87004548311233521 0.59309744834899902
# original_id 110931
v 0.086492560803890228 -1.1307482719421387 -0.31102409958839417
# original_id 111262
v 0.6265418529510498 -0.81904780864715576 -0.33408543467521667
# original_id 111480
v 0.58905178308486938 1.1258444786071777 -0.27541711926460266
# original_id 111570
v 0.057972002774477005 0.89777123928070068 0.66876333951950073
# original_id 111924
v -0.27554073929786682 0.0029082754626870155 0.38883724808692932
# original_id 111970
v -0.18741744756698608 0.85715329647064209 0.65200495719909668
# original_id 111998
v -0.36507037281990051 -0.95219731330871582 0.65792208909988403
# original_id 112079
v 0.17867259681224823 0.59784442186355591 0.65679168701171875
# original_id 112251
v -0.28830140829086304 0.3753056526184082 0.24726277589797974
# original_id 112271
v 0.18364140391349792 0.52819865942001343 0.63459479808807373
# original_id 112328
v -0.62397611141204834 0.87324905395507812 -0.28812876343727112
# original_id 112369
v 0.33838880062103271 1.1384944915771484 -0.31107246875762939
# original_id 112524
v -0.62584793567657471 0.8367275595664978 -0.28578543663024902
# original_id 112659
v 0.62572509050369263 -0.61589306592941284 -0.23873594403266907
# original_id 112753
v -0.12795066833496094 -0.94319301843643188 0.65526038408279419
# original_id 112788
v 0.6273999810218811 0.076244249939918518 -0.23589743673801422
# original_id 112824
v -0.10160426050424576 -0.94478553533554077 0.65798360109329224
# original_id 112836
v -0.091186255216598511 0.88779187202453613 0.68170207738876343
# original_id 113006
v 0.61982393264770508 -0.53413325548171997 -0.25003492832183838
# original_id 113014
v 0.62571263313293457 -1.0505789518356323 -0.28946146368980408
# original_id 113118
v -0.11571327596902847 0.86553055047988892 0.66886758804321289
# original_id 113240
v -0.16569143533706665 0.51861482858657837 0.63811403512954712
# original_id 113280
v -0.27918541431427002 -0.5381549596786499 0.98894757032394409
# original_id 113300
v 0.62028211355209351 -0.21968477964401245 -0.27841711044311523
# original_id 113320
v 0.13258643448352814 0.80405765771865845 0.51735508441925049
# original_id 113484
v -0.25087127089500427 0.35552296042442322 0.31516784429550171
# original_id 113788
v -0.095284141600131989 -0.53538709878921509 0.99330103397369385
# original_id 114042
v -0.15813909471035004 0.88594865798950195 0.63740181922912598
# original_id 114081
v -0.62688982486724854 -0.76905637979507446 -0.28884679079055786
# original_id 114115
v 0.62654364109039307 -0.25749653577804565 -0.28836381435394287
# original_id 114174
v 0.067279763519763947 0.89707118272781372 0.18691790103912354
# original_id 114210
v -0.29151910543441772 1.0288175344467163 0.070010364055633545
# original_id 114293
v -0.62515509128570557 0.99971240758895874 -0.28789561986923218
# original_id 114403
v 0.62531697750091553 0.65631783008575439 -0.28632670640945435
# original_id 114431
v 0.06395653635263443 0.89831924438476562 0.66897076368331909
# original_id 114507
v 0.045924697071313858 0.89575660228729248 0.18803294003009796
# original_id 114583
v -0.026454180479049683 -1.134006142616272 -0.28832688927650452
# original_id 114786
v -0.12345319241285324 0.89063340425491333 0.67075443267822266
# original_id 114795
v 0.59034836292266846 -1.1268136501312256 -0.28523761034011841
# original_id 114834
v 0.36987707018852234 -0.94458800554275513 0.65613853931427002
# original_id 115862
v -0.4508039653301239 1.1372518539428711 -0.31272163987159729
# original_id 115903
v 0.17861038446426392 1.1405460834503174 -0.31047487258911133
# original_id 115909
v -0.62940108776092529 0.3710290789604187 -0.28645583987236023
# original_id 115937
v 0.62631672620773315 0.1227477490901947 -0.33509796857833862
# original_id 115943
v -0.24596986174583435 1.1404601335525513 -0.31177788972854614
# original_id 116008
v 0.62587720155715942 -0.2617192268371582 -0.28789395093917847
# original_id 116040
v 0.62728267908096313 0.58388245105743408 -0.32716071605682373
# original_id 116063
v 0.62271565198898315 -0.34260255098342896 -0.33820712566375732
# original_id 116324
v 0.079188115894794464 0.88721483945846558 0.68340766429901123
# original_id 116344
v 0.14365288615226746 0.88822329044342041 0.61824333667755127
# original_id 116354
v -0.032967198640108109 0.88901937007904053 0.68106043338775635
# original_id 116429
v 0.62438374757766724 0.32061421871185303 -0.2526264488697052
# original_id 116504
v -0.28287580609321594 1.0282615423202515 0.069366760551929474
# original_id 116576
v 0.086162462830543518 -0.94802010059356689 0.65670669078826904
# original_id 116740
v 0.13057869672775269 0.80448395013809204 0.39350840449333191
# original_id 116862
v -0.6322021484375 -0.52221149206161499 -0.26323676109313965
# original_id 116921
v -0.30435919761657715 0.36029472947120667 0.23175284266471863
# original_id 116928
v 0.11307048052549362 0.90313893556594849 0.66843962669372559
# original_id 116948
v -0.62162339687347412 -0.28721597790718079 -0.23767231404781342
# original_id 117028
v -0.16053713858127594 0.88376766443252563 0.63862460851669312
# original_id 117045
v -0.32169181108474731 -0.94870865345001221 0.65581667423248291
# original_id 117126
v -0.62569940090179443 -0.04641454666852951 -0.25526818633079529
# original_id 117203
v -0.24839100241661072 0.44678261876106262 0.56592178344726562
# original_id 117208
v 0.62209486961364746 1.1354882717132568 -0.28878417611122131
# original_id 117261
v -0.21229471266269684 -0.43617528676986694 0.91544735431671143
# original_id 117356
v 0.30000212788581848 0.94885987043380737 0.13585254549980164
# original_id 117390
v 0.32317844033241272 1.1414368152618408 -0.31079733371734619
# original_id 117741
v -0.14834743738174438 -0.16084538400173187 0.72495549917221069
# original_id 117944
v -0.62785971164703369 1.0817594528198242 -0.28637099266052246
# original_id 117969
v -0.18384630978107452 0.81375348567962646 0.65082693099975586
# original_id 118116
v 0.12190543115139008 -0.94521528482437134 0.65224850177764893
# original_id 118227
v 0.031300719827413559 0.90031594038009644 0.67138707637786865
# original_id 118299
v 0.62469327449798584 0.52591311931610107 -0.25961819291114807
# original_id 118594
v 0.40128123760223389 1.1371502876281738 -0.31089183688163757
# original_id 118689
v -0.071714341640472412 -0.93690770864486694 0.63949054479598999
# original_id 118839
v -0.16856402158737183 0.52516984939575195 0.63618296384811401
# original_id 118945
v 0.18391308188438416 0.86636990308761597 0.41066905856132507
# original_id 119119
v -0.01167227141559124 0.90379202365875244 0.66977417469024658
# original_id 119150
v -0.14504678547382355 -0.1606774777173996 0.7265850305557251
# original_id 119241
v -0.16582627594470978 0.75928640365600586 0.68233150243759155
# original_id 119279
v -0.089388526976108551 -0.45392879843711853 0.9194411039352417
# original_id 119355
v -0.62907075881958008 0.20433428883552551 -0.28793773055076599
# original_id 119476
v -0.17494557797908783 0.44662764668464661 0.64392703771591187
# original_id 119494
v -0.3753010630607605 -0.80131030082702637 0.70884454250335693
# original_id 119649
v -0.24611394107341766 0.435843825340271 0.55174189805984497
# original_id 119653
v -0.62829059362411499 0.2682458758354187 -0.28477904200553894
# original_id 119699
v 0.62676239013671875 -0.33004701137542725 -0.3270757794380188
# original_id 119832
v -0.62343549728393555 0.41352164745330811 -0.27947032451629639
# original_id 120487
v 0.62522202730178833 -0.45580178499221802 -0.33459660410881042
# original_id 120704
v 0.078145690262317657 0.9017871618270874 0.67099177837371826
# original_id 121016
v -0.30644413828849792 0.017539821565151215 0.44843336939811707
# original_id 121025
v -0.37449046969413757 -0.79173517227172852 0.72067391872406006
# original_id 121149
v 0.55938810110092163 -1.1336588859558105 -0.31815505027770996
# original_id 121267
v 0.17658038437366486 0.51733887195587158 0.63423436880111694
# original_id 121311
v 0.1159835010766983 0.89707660675048828 0.667835533618927
# original_id 121474
v -0.37504410743713379 -0.7194979190826416 0.81285905838012695
# original_id 121600
v 0.61954796314239502 -0.78648918867111206 -0.27474391460418701
# original_id 121716
v -0.48128652572631836 1.1336334943771362 -0.3060840368270874
# original_id 121750
v -0.25248736143112183 -0.43967035412788391 0.9141547679901123
# original_id 121786
v 0.61584186553955078 0.771137535572052 -0.26154458522796631
# original_id 121791
v -0.37423226237297058 -0.58665168285369873 0.98207372426986694
# original_id 121827
v -0.3741670548915863 -0.68808144330978394 0.85258084535598755
# original_id 121911
v -0.071291856467723846 -0.83326923847198486 0.63402432203292847
# original_id 121929
v -0.24553699791431427 -0.15970565378665924 0.75029116868972778
# original_id 121970
v 0.12059621512889862 -0.95029735565185547 0.65478813648223877
# original_id 121996
v 0.11934719979763031 -0.41365617513656616 0.92355489730834961
# original_id 122111
v -0.16399586200714111 0.53317528963088989 0.63219952583312988
# original_id 122156
v -0.27433976531028748 -0.53506267070770264 0.98518913984298706
# original_id 122311
v 0.14820699393749237 0.8834349513053894 0.6337851881980896
# original_id 122518
v 0.18431149423122406 0.85335731506347656 0.43097952008247375
# original_id 122581
v -0.24895165860652924 0.44258975982666016 0.55991852283477783
# original_id 122640
v -0.16274179518222809 -0.53780680894851685 0.99140876531600952
# original_id 122852
v -0.24877922236919403 -0.25840288400650024 0.56762701272964478
# original_id 122853
v 0.17709995806217194 0.52561396360397339 0.63339972496032715
# original_id 122872
v 0.62052863836288452 0.34987106919288635 -0.26014846563339233
# original_id 122979
v -0.63027358055114746 -0.71095627546310425 -0.29592537879943848
# original_id 122996
v -0.28700923919677734 1.0302368402481079 0.069286629557609558
# original_id 123008
v -0.18656817078590393 0.53210949897766113 0.66569840908050537
# original_id 123124
v -0.16874447464942932 0.53395599126815796 0.65325796604156494
# original_id 123133
v -0.24235321581363678 -0.1912962943315506 0.75104802846908569
# original_id 123293
v -0.34377795457839966 1.133968710899353 -0.30030584335327148
# original_id 123397
v -0.62305009365081787 0.53905409574508667 -0.25471597909927368
# original_id 123473
v 0.043856967240571976 0.88393503427505493 0.20061756670475006
# original_id 123645
v -0.62987262010574341 0.58016496896743774 -0.25869929790496826
# original_id 123686
v -0.61537271738052368 -1.0099136829376221 -0.26251894235610962
# original_id 124583
v -0.3685932457447052 1.1355838775634766 -0.31092962622642517
# original_id 124789
v 0.62027162313461304 0.77044761180877686 -0.275734543800354
# original_id 124922
v -0.62840229272842407 -0.78209954500198364 -0.26329439878463745
# original_id 124943
v 0.32399797439575195 0.93097561597824097 0.040550768375396729
# original_id 125004
v 0.1823393851518631 0.568825364112854 0.6593431830406189
# original_id 125137
v -0.62549203634262085 -0.83849573135375977 -0.26250872015953064
# original_id 125242
v -0.63038784265518188 0.72017908096313477 -0.27216967940330505
# original_id 125344
v -0.63134318590164185 0.74920719861984253 -0.26104497909545898
# original_id 125462
v -0.22029154002666473 0.067572303116321564 0.4605536162853241
# original_id 125467
v 0.11244525015354156 0.90256530046463013 0.66847133636474609
# original_id 125470
v -0.18311645090579987 0.46601203083992004 0.65829598903656006
# original_id 125729
v -0.62732470035552979 -0.39835900068283081 -0.2654794454574585
# original_id 125767
v -0.29310423135757446 1.0271044969558716 0.065977603197097778
# original_id 125794
v -0.6317974328994751 -0.53529894351959229 -0.26189950108528137
# original_id 125844
v 0.078035175800323486 -1.1275732517242432 -0.31050291657447815
# original_id 125855
v -0.2337663471698761 -0.19735996425151825 0.74319750070571899
# original_id 125964
v -0.16194950044155121 0.75162136554718018 0.68077468872070312
# original_id 126415
v -0.16783933341503143 -0.45476433634757996 0.89551275968551636
# original_id 126446
v -0.62542378902435303 -0.33006009459495544 -0.25778985023498535
# original_id 126521
v -0.18514367938041687 0.40093740820884705 0.48490312695503235
# original_id 126585
v 0.065670296549797058 0.90598660707473755 0.67036926746368408
# original_id 126607
v -0.62820380926132202 1.0470890998840332 -0.28645676374435425
# original_id 126631
v -0.1966153085231781 -0.12974414229393005 0.74089908599853516
# original_id 126660
v -0.23871229588985443 0.44394564628601074 0.56657087802886963
# original_id 126964
v 0.23911252617835999 0.89232146739959717 0.11115426570177078
# original_id 127005
v -0.35060155391693115 -0.53900080919265747 0.99051123857498169
# original_id 127385
v -0.37559908628463745 -0.84163063764572144 0.64762645959854126
# original_id 127411
v -0.13215754926204681 -0.16829061508178711 0.72073858976364136
# original_id 127544
v -0.17560561001300812 -0.41484132409095764 0.94459992647171021
# original_id 127995
v -0.096936896443367004 0.90440088510513306 0.66821765899658203
# original_id 128517
v 0.62597364187240601 0.37841081619262695 -0.33596578240394592
# original_id 128621
v 0.62640011310577393 -0.18633127212524414 -0.33977979421615601
# original_id 128721
v 0.62860161066055298 0.72773730754852295 -0.3218381404876709
# original_id 128977
v -0.62943440675735474 -0.55985748767852783 -0.26584643125534058
# original_id 128988
v -0.62593930959701538 -1.0476070642471313 -0.28735250234603882
# original_id 129232
v 0.620430588722229 -0.72890371084213257 -0.25005093216896057
# original_id 129246
v -0.31118783354759216 0.019569408148527145 0.44738656282424927
# original_id 129247
v -0.25026017427444458 -0.41475757956504822 0.92917674779891968
# original_id 129256
v -0.61837202310562134 -1.1265604496002197 -0.28652951121330261
# original_id 129297
v 0.62005466222763062 0.8906179666519165 -0.26227718591690063
# original_id 129360
v 0.18196845054626465 0.8625786304473877 0.64792251586914062
# original_id 129427
v -0.25075134634971619 -0.40552115440368652 0.92555004358291626
# original_id 129598
v -0.25029230117797852 0.35879680514335632 0.31641659140586853
# original_id 129741
v -0.16155518591403961 -0.22556139528751373 0.47529739141464233
# original_id 130000
v 0.3600274920463562 -0.94487810134887695 0.65741056203842163
# original_id 130040
v -0.3741384744644165 -0.69356095790863037 0.84443116188049316
# original_id 130155
v -0.32709234952926636 -0.94729506969451904 0.65526282787322998
# original_id 130185
v -0.18433842062950134 0.46473658084869385 0.65370208024978638
# original_id 130204
v 0.28277087211608887 0.94685238599777222 0.15551221370697021
# original_id 130241
v 0.28485214710235596 0.94101732969284058 -0.027097942307591438
# original_id 130270
v -0.15516334772109985 -0.16553008556365967 0.73849916458129883
# original_id 130377
v 0.37779808044433594 1.1374369859695435 -0.30727064609527588
# original_id 130437
v -0.29870712757110596 0.48922330141067505 0.27608010172843933
# original_id 130461
v 0.20869748294353485 0.86157578229904175 0.37325763702392578
# original_id 130467
v -0.17602214217185974 -0.41675704717636108 0.93887901306152344
# original_id 130656
v -0.62783282995223999 0.22411531209945679 -0.28758752346038818
# original_id 130724
v 0.3220079243183136 0.94734746217727661 0.091626346111297607
# original_id 130996
v -0.3737427294254303 -0.58211690187454224 0.98626834154129028
# original_id 131022
v -0.27767640352249146 -0.53926301002502441 0.98186725378036499
# original_id 131094
v -0.37427741289138794 -0.82282054424285889 0.66648799180984497
# original_id 131188
v -0.079453490674495697 -0.94811338186264038 0.64505547285079956
# original_id 131478
v 0.61779773235321045 0.77658265829086304 -0.2808229923248291
# original_id 131616
v -0.62800323963165283 0.44247516989707947 -0.28243818879127502
# original_id 131943
v -0.040242299437522888 -0.53370565176010132 0.98950660228729248
# original_id 132108
v -0.15372727811336517 -0.5404365062713623 0.97637838125228882
# original_id 132308
v 0.62788814306259155 -0.90213775634765625 -0.3335648775100708
# original_id 132330
v -0.62228268384933472 -0.49349755048751831 -0.26147308945655823
# original_id 132882
v 0.60092532634735107 -1.1337695121765137 -0.28967580199241638
# original_id 132945
v 0.026158256456255913 -1.1251041889190674 -0.28099304437637329
# original_id 133174
v -0.28344523906707764 0.0020765946246683598 0.37774264812469482
# original_id 133232
v -0.117411769926548 -0.95242112874984741 0.65750044584274292
# original_id 133255
v -0.37651249766349792 -0.93774622678756714 0.65415829420089722
# original_id 133375
v -0.62708824872970581 0.75835657119750977 -0.26075494289398193
# original_id 133484
v -0.17449449002742767 0.81262630224227905 0.64974260330200195
# original_id 133567
v -0.63107562065124512 -0.010644489899277687 -0.2598680853843689
# original_id 133704
v -0.1784205287694931 0.53388619422912598 0.67011559009552002
# original_id 133790
v -0.24969339370727539 -0.443320631980896 0.91556143760681152
# original_id 133947
v 0.62057572603225708 0.78431826829910278 -0.26116785407066345
# original_id 134078
v -0.32420739531517029 -0.93771332502365112 0.63680738210678101
# original_id 134098
v 0.24075089395046234 -0.94733822345733643 0.65564799308776855
# original_id 134130
v -0.62334829568862915 0.55631738901138306 -0.25150871276855469
# original_id 134168
v 0.085343584418296814 -0.4150911271572113 0.94171005487442017
# original_id 134232
v -0.17708759009838104 0.39942145347595215 0.51463949680328369
# original_id 134354
v -0.29966428875923157 0.48627400398254395 0.27380526065826416
# original_id 134491
v 0.23114319145679474 0.90382784605026245 0.23624618351459503
# original_id 134698
v -0.62940007448196411 0.79747962951660156 -0.29184779524803162
# original_id 134817
v -0.18504038453102112 0.65479272603988647 0.67030137777328491
# original_id 134929
v 0.62013906240463257 -0.2856525182723999 -0.27820685505867004
# original_id 134935
v 0.18393903970718384 0.51640361547470093 0.61763811111450195
# original_id 135027
v -0.37554463744163513 -0.81015360355377197 0.69742739200592041
# original_id 135149
v -0.16515399515628815 0.53209024667739868 0.63569283485412598
# original_id 135173
v -0.18531833589076996 0.53414106369018555 0.65843379497528076
# original_id 135202
v -0.62629026174545288 0.046827483922243118 -0.28056815266609192
# original_id 135255
v -0.63058710098266602 0.78022438287734985 -0.29566633701324463
# original_id 135273
v 0.58029806613922119 1.140430212020874 -0.28588926792144775
# original_id 135365
v 0.39240789413452148 -1.1382114887237549 -0.31424963474273682
# original_id 136139
v -0.27954757213592529 1.1389001607894897 -0.31304123997688293
# original_id 136196
v -0.63442885875701904 -0.76093858480453491 -0.2770540714263916
# original_id 136394
v 0.62123507261276245 -0.26029792428016663 -0.28540924191474915
# original_id 136468
v 0.62488079071044922 -0.19466617703437805 -0.28766828775405884
# original_id 136955
v -0.24789173901081085 0.42377516627311707 0.52120226621627808
# original_id 136958
v 0.17350253462791443 0.87188863754272461 0.64992409944534302
# original_id 136998
v -0.2205091118812561 0.41983318328857422 0.50834017992019653
# original_id 137123
v 0.62572610378265381 -0.74588388204574585 -0.26399660110473633
# original_id 137202
v -0.23959751427173615 0.42225253582000732 0.5186084508895874
# original_id 137210
v 0.58400154113769531 -1.1328839063644409 -0.28879544138908386
# original_id 137231
v 0.62623071670532227 -1.0189391374588013 -0.2899075448513031
# original_id 137357
v 0.24629686772823334 0.89556342363357544 0.061185702681541443
# original_id 137466
v -0.34334418177604675 -0.55284374952316284 0.9985886812210083
# original_id 137485
v -0.37542381882667542 -0.87951439619064331 0.65082025527954102
# original_id 137498
v -0.62700778245925903 -0.30613890290260315 -0.23646889626979828
# original_id 137636
v -0.62883764505386353 -0.40587463974952698 -0.26200315356254578
# original_id 137785
v -0.6219976544380188 -0.55064111948013306 -0.26258555054664612
# original_id 137889
v 0.30610838532447815 1.1386417150497437 -0.31115227937698364
# original_id 138038
v 0.62382209300994873 1.0127769708633423 -0.332572340965271
# original_id 138043
v -0.16876371204853058 -0.39836174249649048 0.94557231664657593
# original_id 138060
v -0.24811340868473053 -0.18179985880851746 0.75856679677963257
# original_id 138214
v -0.17493556439876556 0.53250527381896973 0.63314121961593628
# original_id 138327
v 0.087207593023777008 0.88604944944381714 0.68210023641586304
# original_id 138330
v -0.62933945655822754 -1.0119466781616211 -0.26116302609443665
# original_id 138345
v -0.1785786896944046 -0.41485941410064697 0.94258415699005127
# original_id 138558
v -0.62759393453598022 1.0379873514175415 -0.28706800937652588
# original_id 138583
v -0.20656700432300568 -0.12775960564613342 0.74016988277435303
# original_id 138671
v -0.17339321970939636 0.61379408836364746 0.68272185325622559
# original_id 138773
v 0.63149809837341309 1.1414322853088379 -0.28643596172332764
# original_id 138788
v 0.62427610158920288 1.1453025341033936 -0.28833168745040894
# original_id 138800
v -0.28681954741477966 0.04125499352812767 0.44689944386482239
# original_id 138924
v -0.071729987859725952 -0.92863595485687256 0.63956212997436523
# original_id 138943
v -0.17422884702682495 0.40085306763648987 0.51988768577575684
# original_id 138951
v 0.62182235717773438 -0.05705985426902771 -0.28538262844085693
# original_id 139069
v -0.17564302682876587 0.53915137052536011 0.65810376405715942
# original_id 139164
v -0.42992851138114929 1.1402578353881836 -0.3124428391456604
# original_id 139220
v -0.18123896420001984 -0.17611512541770935 0.41308808326721191
# original_id 139368
v -0.62909471988677979 0.90606528520584106 -0.28684908151626587
# original_id 139388
v -0.37533196806907654 -0.78196781873703003 0.73193907737731934
# original_id 140066
v -0.23389044404029846 1.1378049850463867 -0.31079533696174622
# original_id 140448
v -0.31988772749900818 -1.1303218603134155 -0.31136482954025269
# original_id 140543
v 0.15416178107261658 0.88727933168411255 0.63018792867660522
# original_id 140750
v -0.63165688514709473 0.99016577005386353 -0.28621366620063782
# original_id 140842
v -0.19678004086017609 -0.13756190240383148 0.73541873693466187
# original_id 140937
v -0.18635435402393341 0.84960591793060303 0.6515471339225769
# original_id 140966
v -0.37607032060623169 -0.94731152057647705 0.6551063060760498
# original_id 141031
v 0.62435382604598999 0.41122794151306152 -0.26088938117027283
# original_id 141379
v -0.62695491313934326 0.83993434906005859 -0.28644639253616333
# original_id 141445
v -0.24857991933822632 0.46066880226135254 0.55637204647064209
# original_id 141491
v -0.25101500749588013 -0.44302380084991455 0.91936248540878296
# original_id 141558
v -0.12081336975097656 -0.90206348896026611 0.6528441309928894
# original_id 141578
v 0.1868528425693512 0.86090856790542603 0.50864893198013306
# original_id 141600
v 0.31179201602935791 1.1356363296508789 -0.31174445152282715
# original_id 141614
v 0.55580258369445801 1.1365339756011963 -0.31125253438949585
# original_id 141625
v -0.32309222221374512 -0.94731593132019043 0.65653181076049805
# original_id 141762
v 0.62799751758575439 -0.56357347965240479 -0.26300707459449768
# original_id 141888
v -0.62313759326934814 -0.6800239086151123 -0.28641289472579956
# original_id 141973
v 0.13192953169345856 0.80808067321777344 0.45599958300590515
# original_id 142075
v -0.2474394291639328 -0.95103508234024048 0.65606552362442017
# original_id 142131
v 0.25034162402153015 0.90012717247009277 0.23739829659461975
# original_id 142250
v 0.18510136008262634 0.85987377166748047 0.48255634307861328
# original_id 142309
v 0.13391390442848206 -0.41496393084526062 0.94447559118270874
# original_id 142326
v 0.62288278341293335 0.51533383131027222 -0.25946250557899475
# original_id 142725
v 0.041130375117063522 0.88752835988998413 0.19509845972061157
# original_id 143016
v -0.62485158443450928 -0.99041658639907837 -0.26321667432785034
# original_id 143059
v -0.62763369083404541 0.13972292840480804 -0.28794962167739868
# original_id 143099
v -0.37309026718139648 -0.82283943891525269 0.65729302167892456
# original_id 143234
v -0.16151194274425507 -0.34558209776878357 0.86664831638336182
# original_id 143635
v -0.24596080183982849 0.44833147525787354 0.56212902069091797
# original_id 143775
v -0.62016993761062622 -0.48100391030311584 -0.24916571378707886
# original_id 144223
v 0.62692254781723022 0.10014268010854721 -0.33299922943115234
# original_id 144258
v -0.626220703125 0.24663560092449188 -0.28809395432472229
# original_id 144346
v -0.090391665697097778 0.89874434471130371 0.67023694515228271
# original_id 144580
v -0.046025045216083527 0.90364623069763184 0.66689682006835938
# original_id 144668
v -0.22801844775676727 0.067967683076858521 0.45394814014434814
# original_id 144793
v -0.37552580237388611 -0.60415709018707275 0.96151071786880493
# original_id 144953
v -0.1239161491394043 -1.1344276666641235 -0.3280525803565979
# original_id 145182
v -0.28178709745407104 1.0254950523376465 0.065242089331150055
# original_id 145265
v 0.30830848217010498 0.93178606033325195 0.12342755496501923
# original_id 145273
v 0.18351761996746063 0.87106537818908691 0.53029543161392212
# original_id 145308
v -0.11507420241832733 -0.95085465908050537 0.65752536058425903
# original_id 145382
v -0.63177430629730225 -0.46753504872322083 -0.26204246282577515
# original_id 145458
v -0.25145953893661499 -0.42085453867912292 0.93560898303985596
# original_id 145655
v 0.62104654312133789 -0.094091981649398804 -0.2766033411026001
# original_id 145759
v 0.12027353793382645 0.89027148485183716 0.65305936336517334
# original_id 145853
v -0.62638074159622192 0.5815352201461792 -0.23666296899318695
# original_id 145938
v -0.20038993656635284 -0.44105896353721619 0.90193063020706177
# original_id 146318
v -0.14859460294246674 -0.39724424481391907 0.94695788621902466
# original_id 146358
v 0.11558277904987335 0.88796836137771606 0.65282297134399414
# original_id 146405
v -0.18293501436710358 0.53509807586669922 0.66166830062866211
# original_id 146504
v -0.62507528066635132 1.0005844831466675 -0.28520265221595764
# original_id 146571
v -0.037238866090774536 -1.1305496692657471 -0.28752517700195312
# original_id 146639
v -0.62521243095397949 0.54228663444519043 -0.24895024299621582
# original_id 146928
v 0.030988277867436409 -1.1312046051025391 -0.28960776329040527
# original_id 146958
v -0.22956307232379913 0.46344497799873352 0.56594693660736084
# original_id 147044
v 0.13181886076927185 0.80587530136108398 0.44054132699966431
# original_id 147045
v -0.62353014945983887 0.49085953831672668 -0.27414274215698242
# original_id 147131
v -0.091423742473125458 0.90324395895004272 0.67007434368133545
# original_id 147168
v -0.62768042087554932 -0.73433846235275269 -0.285215824842453
# original_id 147254
v 0.62773776054382324 -0.617095947265625 -0.33545580506324768
# original_id 147535
v 0.62636256217956543 -0.82764905691146851 -0.28882715106010437
# original_id 147872
v 0.62763130664825439 0.04602697491645813 -0.32839930057525635
# original_id 148308
v -0.25056302547454834 -0.42597633600234985 0.9280281662940979
# original_id 148408
v 0.17625446617603302 0.86333727836608887 0.64662420749664307
# original_id 148542
v -0.55194789171218872 1.139987587928772 -0.31112045049667358
# original_id 148551
v -0.37868976593017578 -0.57021987438201904 0.99316716194152832
# original_id 148562
v -0.19914364814758301 0.066365920007228851 0.46034139394760132
# original_id 148566
v 0.10867036879062653 0.89824020862579346 0.66757142543792725
# original_id 148865
v 0.19330587983131409 -0.95108586549758911 0.6574898362159729
# original_id 148876
v -0.24882905185222626 -0.15506429970264435 0.74945145845413208
# original_id 148926
v -0.019290104508399963 0.88539868593215942 0.68296283483505249
# original_id 148957
v -0.087062865495681763 0.88572847843170166 0.68312197923660278
# original_id 148979
v -0.21701805293560028 -0.53751528263092041 0.98932534456253052
# original_id 149270
v -0.19810816645622253 -0.9463387131690979 0.63869267702102661
# original_id 149347
v -0.3008960485458374 0.49124988913536072 0.27231237292289734
# original_id 149471
v -0.53027516603469849 1.1420083045959473 -0.31271007657051086
# original_id 149682
v 0.62299966812133789 -0.51006734371185303 -0.26110750436782837
# original_id 149815
v -0.165251225233078 0.88380205631256104 0.63067400455474854
# original_id 149900
v 0.54382270574569702 -1.1262050867080688 -0.31004860997200012
# original_id 149922
v -0.17545230686664581 0.40174287557601929 0.52103626728057861
# original_id 149942
v -0.62615096569061279 1.1126292943954468 -0.27831393480300903
# original_id 149973
v -0.62879472970962524 0.70182305574417114 -0.2340252548456192
# original_id 150081
v -0.62768405675888062 0.81084960699081421 -0.28943109512329102
# original_id 150243
v -0.30133715271949768 1.1389944553375244 -0.31276005506515503
# original_id 150255
v -0.63037198781967163 -0.3126494288444519 -0.23658756911754608
# original_id 150371
v -0.17571616172790527 0.53216689825057983 0.64952749013900757
# original_id 150724
v -0.092250026762485504 0.9032784104347229 0.66870838403701782
# original_id 150905
v -0.62522053718566895 -0.76311385631561279 -0.2739848792552948
# original_id 150964
v 0.25711703300476074 1.1370773315429688 -0.31080427765846252
# original_id 151588
v -0.62516301870346069 -0.55408477783203125 -0.26285800337791443
# original_id 151621
v -0.5924190878868103 1.1403895616531372 -0.28705564141273499
# original_id 151729
v -0.2265230119228363 -0.13877874612808228 0.73918336629867554
# original_id 151941
v 0.6240774393081665 0.25959330797195435 -0.23525689542293549
# original_id 152084
v -0.6309736967086792 -0.29544320702552795 -0.23724888265132904
# original_id 152134
v -0.63038885593414307 -0.0049293013289570808 -0.26156273484230042
# original_id 152163
v -0.054534342139959335 0.89993995428085327 0.66968119144439697
# original_id 152268
v -0.16771471500396729 0.68525421619415283 0.68094009160995483
# original_id 152684
v -0.17461216449737549 0.46643200516700745 0.65790951251983643
# original_id 152703
v -0.63131117820739746 -0.64780384302139282 -0.28911814093589783
# original_id 152855
v 0.6256026029586792 0.10261359810829163 -0.23675845563411713
# original_id 152906
v -0.25023344159126282 -0.94731104373931885 0.65690088272094727
# original_id 152961
v -0.17694160342216492 0.53406506776809692 0.65526533126831055
# original_id 153073
v -0.32436984777450562 -0.91354405879974365 0.63968420028686523
# original_id 153227
v 0.20625539124011993 0.85889142751693726 0.37341120839118958
# original_id 153277
v 0.62674504518508911 0.33845898509025574 -0.26355603337287903
# original_id 153280
v -0.62936985492706299 -0.76419031620025635 -0.29551759362220764
# original_id 153433
v 0.32158389687538147 -0.94385349750518799 0.63720071315765381
# original_id 153616
v -0.0015539631713181734 -1.1348258256912231 -0.28785812854766846
# original_id 153695
v -0.27440083026885986 -0.53982329368591309 0.98184502124786377
# original_id 154165
v 0.18160578608512878 0.53230875730514526 0.65847128629684448
# original_id 154341
v 0.62348270416259766 -0.93442505598068237 -0.33181741833686829
# original_id 154393
v 0.62830930948257446 -1.080388069152832 -0.33070886135101318
# original_id 154949
v -0.048437923192977905 0.90570223331451416 0.66988527774810791
# original_id 155031
v -0.29510477185249329 0.023334041237831116 0.44882577657699585
# original_id 155148
v -0.19786930084228516 -0.13146317005157471 0.73348373174667358
# original_id 155249
v 0.62736028432846069 -0.98441964387893677 -0.28793245553970337
# original_id 155251
v -0.28953149914741516 -0.18810100853443146 0.67601680755615234
# original_id 155386
v -0.63025861978530884 -0.7624085545539856 -0.28181377053260803
# original_id 155560
v 0.6217963695526123 -1.1251546144485474 -0.28761643171310425
# original_id 155583
v 0.62328547239303589 -0.02399098128080368 -0.28539535403251648
# original_id 155588
v -0.62589150667190552 0.70162707567214966 -0.2382289320230484
# original_id 155625
v 0.62581801414489746 0.46104025840759277 -0.26143205165863037
# original_id 155840
v -0.32511115074157715 -0.93443775177001953 0.63643425703048706
# original_id 155853
v -0.2087344229221344 -0.95080161094665527 0.64317071437835693
# original_id 155875
v -0.1619899719953537 0.75551033020019531 0.68151772022247314
# original_id 155970
v 0.62051814794540405 -1.115577220916748 -0.28512629866600037
# original_id 155979
v 0.27394363284111023 0.95009112358093262 0.16666124761104584
# original_id 155982
v -0.32843932509422302 -0.9463728666305542 0.65469413995742798
# original_id 156260
v -0.2078767716884613 -0.94967389106750488 0.64913862943649292
# original_id 156262
v -0.071276426315307617 -0.94885486364364624 0.65385627746582031
# original_id 156345
v 0.34328097105026245 -0.94795703887939453 0.65701669454574585
# original_id 156360
v -0.19807344675064087 -0.87013065814971924 0.63166135549545288
# original_id 156717
v -0.12207736819982529 -0.92670607566833496 0.6550823450088501
# original_id 156759
v -0.63154500722885132 -0.73375922441482544 -0.29798966646194458
# original_id 156851
v -0.16766335070133209 0.51613861322402954 0.63872593641281128
# original_id 156878
v -0.36277851462364197 -0.94774240255355835 0.65732425451278687
# original_id 157068
v 0.6258474588394165 0.84356296062469482 -0.26351675391197205
# original_id 157072
v -0.4332028329372406 -1.1364456415176392 -0.31439179182052612
# original_id 157098
v 0.61865466833114624 -1.0476436614990234 -0.28255167603492737
# original_id 157159
v -0.12395422905683517 0.90098237991333008 0.66986298561096191
# original_id 157163
v -0.33750486373901367 -0.53609710931777954 0.97226095199584961
# original_id 157182
v -0.63001513481140137 0.44352108240127563 -0.28579658269882202
# original_id 157299
v -0.1835164874792099 0.46376833319664001 0.6483498215675354
# original_id 157438
v -0.62596243619918823 0.48148006200790405 -0.27601313591003418
# original_id 157781
v -0.63003748655319214 0.52438139915466309 -0.28895062208175659
# original_id 157794
v 0.10363422334194183 -1.1314139366149902 -0.31121990084648132
# original_id 157959
v 0.62787967920303345 -0.61466842889785767 -0.33148190379142761
# original_id 158342
v -0.63017064332962036 -1.0251047611236572 -0.28550079464912415
# original_id 158487
v 0.26711899042129517 0.93896263837814331 -0.041959535330533981
# original_id 158511
v -0.14941154420375824 0.88350427150726318 0.63146483898162842
# original_id 158594
v -0.60931158065795898 -1.1305499076843262 -0.28649953007698059
# original_id 158737
v 0.17582201957702637 0.8652946949005127 0.64916259050369263
# original_id 158805
v -0.59477466344833374 -1.1334546804428101 -0.3086097240447998
# original_id 158806
v 0.11399911344051361 0.90169280767440796 0.66817575693130493
# original_id 158809
v -0.1987953782081604 -0.44232234358787537 0.91613477468490601
# original_id 158810
v 0.11472077667713165 -0.94537699222564697 0.65555793046951294
# original_id 158891
v -0.35052603483200073 -0.94754952192306519 0.65476429462432861
# original_id 158925
v -0.37917864322662354 -0.67480182647705078 0.87284910678863525
# original_id 159164
v 0.12092679738998413 0.89186346530914307 0.64625471830368042
# original_id 159347
v 0.28984376788139343 0.93250113725662231 -0.021974300965666771
# original_id 159372
v -0.17859470844268799 0.4610009491443634 0.64216822385787964
# original_id 159507
v -0.62099224328994751 -1.0095912218093872 -0.2619345486164093
# original_id 159535
v 0.16487778723239899 0.88670855760574341 0.63604027032852173
# original_id 159596
v -0.52597713470458984 1.1387391090393066 -0.31143778562545776
# original_id 159663
v 0.072404585778713226 0.90168827772140503 0.67077022790908813
# original_id 159772
v -0.17296653985977173 0.68377846479415894 0.68215745687484741
# original_id 159774
v 0.62470990419387817 -0.52260178327560425 -0.26121261715888977
# original_id 159800
v -0.62573236227035522 0.91933852434158325 -0.28645080327987671
# original_id 159915
v -0.2496345192193985 -0.86617505550384521 0.64983606338500977
# original_id 159945
v -0.11975608021020889 -0.88556915521621704 0.65199601650238037
# original_id 160070
v 0.18076170980930328 0.56647658348083496 0.65251684188842773
# original_id 160098
v -0.17999023199081421 0.53441131114959717 0.65679425001144409
# original_id 160213
v -0.62178784608840942 -0.72681492567062378 -0.27534714341163635
# original_id 160216
v -0.16204890608787537 0.76247662305831909 0.68280404806137085
# original_id 160219
v 0.057554472237825394 -1.1300218105316162 -0.28563264012336731
# original_id 160238
v 0.001480366918258369 0.90267163515090942 0.66970533132553101
# original_id 160253
v -0.62013727426528931 -0.60441678762435913 -0.27487277984619141
# original_id 160446
v -0.63263452053070068 -0.046410467475652695 -0.26448282599449158
# original_id 160495
v -0.54093605279922485 -1.1324965953826904 -0.31186565756797791
# original_id 160730
v -0.19825170934200287 0.06332533061504364 0.42104595899581909
# original_id 161051
v -0.62804800271987915 -0.69948893785476685 -0.28828057646751404
# original_id 161478
v -0.31569039821624756 0.35059717297554016 0.22712881863117218
# original_id 161582
v 0.61669617891311646 -0.72938889265060425 -0.26035776734352112
# original_id 161585
v -0.27155867218971252 0.00071607826976105571 0.38731691241264343
# original_id 161612
v -0.092958100140094757 -0.45202368497848511 0.9224664568901062
# original_id 161664
v -0.12172063440084457 -0.94760674238204956 0.65588080883026123
# original_id 161735
v -0.12182693928480148 0.88329166173934937 0.67015105485916138
# original_id 161832
v -0.30044522881507874 0.37244713306427002 0.24963830411434174
# original_id 161867
v -0.084451295435428619 -0.95044136047363281 0.64392954111099243
# original_id 162128
v -0.62934011220932007 -0.76545453071594238 -0.2608790397644043
# original_id 162138
v -0.16009537875652313 0.5288512110710144 0.63535493612289429
# original_id 162280
v 0.62642556428909302 -0.10037190467119217 -0.28782975673675537
# original_id 162351
v 0.62730240821838379 -1.1177955865859985 -0.28649839758872986
# original_id 162496
v -0.62762939929962158 1.1073676347732544 -0.28686115145683289
# original_id 162526
v 0.44512653350830078 1.1352260112762451 -0.30808341503143311
# original_id 162527
v 0.62314063310623169 -0.12687245011329651 -0.28687912225723267
# original_id 162611
v -0.23668040335178375 -0.94517111778259277 0.65759670734405518
# original_id 162653
v -0.24689292907714844 -0.8923872709274292 0.65266340970993042
# original_id 162678
v -0.51640182733535767 1.134774923324585 -0.31370154023170471
# original_id 162833
v -0.17261984944343567 0.61258763074874878 0.68482488393783569
# original_id 163113
v 0.17487655580043793 0.54088383913040161 0.65262401103973389
# original_id 163197
v 0.62202978134155273 0.31580585241317749 -0.23806977272033691
# original_id 163516
v -0.17242385447025299 0.46571704745292664 0.64737063646316528
# original_id 163586
v -0.20688863098621368 -0.95137381553649902 0.63776928186416626
# original_id 163633
v -0.028921032324433327 0.89950424432754517 0.67020410299301147
# original_id 163642
v 0.57819294929504395 1.1353188753128052 -0.28845468163490295
# original_id 163809
v 0.62447279691696167 1.0108296871185303 -0.33960610628128052
# original_id 163812
v 0.23004062473773956 -1.1324906349182129 -0.31177636981010437
# original_id 163902
v 0.62534403800964355 0.97747254371643066 -0.32451602816581726
# original_id 164228
v 0.62442785501480103 0.87495476007461548 -0.33775737881660461
# original_id 164555
v -0.63202005624771118 -0.9909977912902832 -0.26272779703140259
# original_id 164692
v -0.17643661797046661 -0.41434833407402039 0.93733394145965576
# original_id 164790
v 0.13527789711952209 0.80196684598922729 0.51684015989303589
# original_id 164856
v -0.62603014707565308 1.0600991249084473 -0.285666823387146
# original_id 164857
v 0.58630746603012085 1.1179600954055786 -0.27172797918319702
# original_id 164981
v -0.063432402908802032 0.90589314699172974 0.67021352052688599
# original_id 165109
v 0.029184512794017792 0.88783133029937744 0.68098127841949463
# original_id 165118
v 0.32125219702720642 0.92830455303192139 0.091667473316192627
# original_id 165245
v -0.21466211974620819 -0.54318463802337646 0.99796879291534424
# original_id 165260
v 0.62382376194000244 -0.069038383662700653 -0.28399917483329773
# original_id 165308
v 0.11704367399215698 0.90785801410675049 0.66898399591445923
# original_id 165374
v -0.62975096702575684 0.54741233587265015 -0.25846919417381287
# original_id 165456
v 0.0043930984102189541 0.898948073387146 0.67014622688293457
# original_id 165570
v 0.51107913255691528 1.138014554977417 -0.31337881088256836
# original_id 165580
v -0.62583690881729126 -0.31864678859710693 -0.26168510317802429
# original_id 165901
v -0.1858980655670166 0.41061738133430481 0.49648979306221008
# original_id 165928
v -0.62741124629974365 -0.015622755512595177 -0.28449225425720215
# original_id 165999
v -0.62949079275131226 1.0940062999725342 -0.28670161962509155
# original_id 166081
v -0.17466917634010315 0.44317498803138733 0.63596487045288086
# original_id 166197
v -0.023789752274751663 0.9034343957901001 0.67084842920303345
# original_id 166229
v 0.62307512760162354 0.85361874103546143 -0.26341712474822998
# original_id 166241
v 0.063037581741809845 0.89425396919250488 0.18731211125850677
# original_id 166344
v -0.17315925657749176 0.87558984756469727 0.65013766288757324
# original_id 166592
v -0.10893022269010544 0.90136039257049561 0.66779035329818726
# original_id 166752
v 0.62789297103881836 -1.1020932197570801 -0.33012315630912781
# original_id 166777
v -0.17306502163410187 -0.17482538521289825 0.42342635989189148
# original_id 166814
v 0.28247696161270142 1.1319189071655273 -0.29763334989547729
# original_id 166973
v -0.6289859414100647 0.035497669130563736 -0.28636282682418823
# original_id 166977
v 0.15833695232868195 0.87575709819793701 0.65091001987457275
# original_id 167382
v -0.60441523790359497 -1.1300861835479736 -0.28164315223693848
# original_id 167465
v -0.20574817061424255 0.071794614195823669 0.45693168044090271
# original_id 167479
v 0.62334269285202026 0.022472357377409935 -0.27908077836036682
# original_id 167552
v -0.24891892075538635 -0.41687193512916565 0.93418258428573608
# original_id 167556
v 0.62431693077087402 -1.0991584062576294 -0.28758057951927185
# original_id 167674
v -0.63109374046325684 1.0039088726043701 -0.28875237703323364
# original_id 167695
v -0.57057678699493408 1.1401135921478271 -0.31036132574081421
# original_id 167697
v -0.24764002859592438 -0.4091087281703949 0.93201196193695068
# original_id 167817
v -0.62752622365951538 -0.0020585940219461918 -0.26054081320762634
# original_id 167890
v 0.6252472996711731 -0.84323972463607788 -0.28945598006248474
# original_id 167974
v 0.31290382146835327 0.93083488941192627 0.098878480494022369
# original_id 168017
v -0.26312175393104553 0.71039277315139771 0.23039411008358002
# original_id 168065
v -0.37387266755104065 -0.5815473198890686 0.98735910654067993
# original_id 168205
v -0.32243707776069641 -0.95156252384185791 0.64885556697845459
# original_id 168348
v 0.44192242622375488 1.1387796401977539 -0.30845850706100464
# original_id 168405
v 0.23165175318717957 0.85878419876098633 0.37511435151100159
# original_id 168458
v -0.62731719017028809 -0.31878358125686646 -0.25900453329086304
# original_id 168479
v -0.24882669746875763 -0.91232156753540039 0.65376764535903931
# original_id 168658
v -0.17437635362148285 0.62082201242446899 0.6827080249786377
# original_id 168847
v -0.62881356477737427 -0.64460831880569458 -0.29722210764884949
# original_id 168868
v -0.63076227903366089 1.107397198677063 -0.2864849865436554
# original_id 168885
v -0.1871388703584671 0.85984706878662109 0.65125125646591187
# original_id 168913
v -0.22486546635627747 -0.53999817371368408 0.9903070330619812
# original_id 169083
v -0.01641334593296051 0.9019399881362915 0.66959464550018311
# original_id 169179
v -0.62577241659164429 0.96485632658004761 -0.28426909446716309
# original_id 169250
v 0.62389206886291504 0.56560969352722168 -0.26316151022911072
# original_id 169402
v -0.082122817635536194 -0.54049712419509888 0.97795343399047852
# original_id 169759
v 0.62139958143234253 -0.85204470157623291 -0.28413113951683044
# original_id 169779
v -0.3167768120765686 -0.55050444602966309 0.99856257438659668
# original_id 169985
v 0.62550973892211914 -0.20917031168937683 -0.3381284773349762
# original_id 169987
v 0.43262636661529541 -1.1303346157073975 -0.31034350395202637
# original_id 169988
v -0.34676826000213623 -1.1347359418869019 -0.3115445077419281
# original_id 170025
v 0.2712135910987854 -1.1333101987838745 -0.31371694803237915
# original_id 170138
v 0.6273496150970459 0.026767231523990631 -0.33016210794448853
# original_id 170197
v 0.61807721853256226 -1.1088758707046509 -0.28345537185668945
# original_id 170287
v 0.62152296304702759 1.1203075647354126 -0.28583899140357971
# original_id 170308
v 0.18575891852378845 0.86876529455184937 0.65189403295516968
# original_id 170335
v -0.22495177388191223 0.41910228133201599 0.50936305522918701
# original_id 170428
v -0.24676059186458588 0.42958313226699829 0.53001999855041504
# original_id 170544
v 0.62140709161758423 0.24347583949565887 -0.23479549586772919
# original_id 170680
v -0.3563656210899353 -0.53801149129867554 0.98863327503204346
# original_id 170731
v -0.60079950094223022 -1.1327811479568481 -0.28879290819168091
# original_id 170898
v 0.32269683480262756 0.92796033620834351 0.091258034110069275
# original_id 170916
v -0.25177001953125 -0.43649733066558838 0.92500579357147217
# original_id 170996
v -0.62646633386611938 0.76397287845611572 -0.25988581776618958
# original_id 171114
v -0.24986256659030914 -0.43538594245910645 0.92452526092529297
# original_id 171151
v -0.25104355812072754 0.79366779327392578 0.18921850621700287
# original_id 171218
v -0.17297607660293579 0.52352982759475708 0.63604378700256348
# original_id 171365
v 0.62005889415740967 -0.157207190990448 -0.27756756544113159
# original_id 171442
v -0.63031387329101562 -0.57733488082885742 -0.28757864236831665
# original_id 171839
v 0.62819594144821167 0.29192307591438293 -0.23872324824333191
# original_id 171958
v 0.035026255995035172 0.88486045598983765 0.19839198887348175
# original_id 172034
v -0.34355202317237854 -0.54061412811279297 0.98019033670425415
# original_id 172073
v 0.62024790048599243 0.56794434785842896 -0.2628878653049469
# original_id 172127
v 0.6278235912322998 0.77351784706115723 -0.26123270392417908
# original_id 172240
v -0.033880811184644699 0.90358179807662964 0.66832119226455688
# original_id 172403
v 0.62528818845748901 1.0961555242538452 -0.32052376866340637
# original_id 172538
v 0.62361019849777222 -0.79427027702331543 -0.28825473785400391
# original_id 172632
v 0.62540996074676514 -0.028010239824652672 -0.33293616771697998
# original_id 172822
v 0.6268882155418396 -0.48546171188354492 -0.29120349884033203
# original_id 173087
v 0.18491183221340179 0.87316954135894775 0.65188056230545044
# original_id 173120
v -0.22978250682353973 0.42101117968559265 0.50552529096603394
# original_id 173133
v -0.62927049398422241 -0.99054789543151855 -0.26201251149177551
# original_id 173291
v -0.61710065603256226 -1.1309419870376587 -0.28890058398246765
# original_id 173342
v 0.62305521965026855 0.26114127039909363 -0.23445113003253937
# original_id 173458
v -0.62958937883377075 -1.1173442602157593 -0.28592744469642639
# original_id 173542
v -0.62987709045410156 -0.014260699041187763 -0.26592332124710083
# original_id 173798
v 0.55392128229141235 1.1352111101150513 -0.31118705868721008
# original_id 173803
v -0.1157359853386879 -0.94642931222915649 0.65506875514984131
# original_id 173921
v -0.32557809352874756 -0.92462879419326782 0.63665199279785156
# original_id 174009
v -0.62117993831634521 0.6261136531829834 -0.24129602313041687
# original_id 174082
v -0.62932080030441284 0.37995660305023193 -0.28518971800804138
# original_id 174167
v -0.24582162499427795 0.35200253129005432 0.31651413440704346
# original_id 174198
v -0.24950975179672241 -0.87269484996795654 0.65038877725601196
# original_id 174222
v -0.53355342149734497 1.1333770751953125 -0.30083313584327698
# original_id 174245
v -0.14795733988285065 0.86865544319152832 0.64980357885360718
# original_id 174323
v 0.6262052059173584 0.53969532251358032 -0.26060232520103455
# original_id 174339
v -0.18967375159263611 0.86962759494781494 0.65043789148330688
# original_id 174360
v -0.62664264440536499 0.65694493055343628 -0.2332557886838913
# original_id 174377
v -0.3492341935634613 -0.55303144454956055 0.99850749969482422
# original_id 174378
v -0.15501216053962708 -0.53879249095916748 0.99057084321975708
# original_id 174526
v -0.12053512036800385 -0.87892568111419678 0.65118527412414551
# original_id 174544
v -0.34986138343811035 -0.53741472959518433 0.99075150489807129
# original_id 174574
v -0.19840574264526367 -0.13930293917655945 0.74340707063674927
# original_id 174632
v 0.18174362182617188 0.53421872854232788 0.64936631917953491
# original_id 174770
v 0.04758092388510704 -1.1312816143035889 -0.28660070896148682
# original_id 174815
v -0.61262637376785278 1.1319088935852051 -0.271556556224823
# original_id 174876
v 0.62848168611526489 -0.70779186487197876 -0.33881592750549316
# original_id 174877
v 0.068162456154823303 0.9049370288848877 0.67058295011520386
# original_id 174887
v 0.621101975440979 0.90558528900146484 -0.26185202598571777
# original_id 174983
v -0.18161146342754364 0.47059869766235352 0.65211862325668335
# original_id 175080
v -0.62797456979751587 0.4697270393371582 -0.28585624694824219
# original_id 175139
v -0.04114903137087822 0.90361124277114868 0.66717737913131714
# original_id 175238
v -0.62789571285247803 -0.35365569591522217 -0.26162922382354736
# original_id 175270
v -0.15730290114879608 -0.34684270620346069 0.86871510744094849
# original_id 175452
v -0.6316642165184021 0.032798759639263153 -0.28662288188934326
# original_id 175482
v 0.62755399942398071 -0.2714371383190155 -0.32934406399726868
# original_id 175812
v 0.60545104742050171 -1.1341454982757568 -0.33149722218513489
# original_id 175842
v 0.32410600781440735 0.94771552085876465 0.070116713643074036
# original_id 175891
v -0.58187997341156006 1.1442406177520752 -0.28629210591316223
# original_id 175893
v -0.2110428661108017 0.42357060313224792 0.5035935640335083
# original_id 176057
v -0.62183427810668945 -1.1334574222564697 -0.28855255246162415
# original_id 176171
v -0.62596398591995239 -0.41299480199813843 -0.26039525866508484
# original_id 176225
v -0.29762870073318481 1.0273697376251221 0.06442561000585556
# original_id 176253
v -0.18559475243091583 0.48552036285400391 0.64832842350006104
# original_id 176302
v -0.19490282237529755 -0.13896013796329498 0.74508523941040039
# original_id 176369
v -0.63035416603088379 -0.64354640245437622 -0.28627088665962219
# original_id 176475
v -0.18132038414478302 0.4981081485748291 0.63922935724258423
# original_id 176671
v -0.1876455545425415 0.83462077379226685 0.65227741003036499
# original_id 176728
v 0.29051440954208374 0.9355434775352478 -0.020063808187842369
# original_id 176816
v -0.38912856578826904 1.1396770477294922 -0.31281664967536926
# original_id 176841
v 0.32129937410354614 0.94800096750259399 0.06724635511636734
# original_id 176868
v 0.091089405119419098 -0.41016626358032227 0.93718403577804565
# original_id 176870
v -0.18417073786258698 -0.41536793112754822 0.94038921594619751
# original_id 176903
v -0.24964101612567902 0.35168364644050598 0.31561768054962158
# original_id 176913
v -0.62896972894668579 -0.32316151261329651 -0.2662200927734375
# original_id 176918
v -0.62968313694000244 0.86545544862747192 -0.28644117712974548
# original_id 176973
v -0.6282505989074707 -0.62351489067077637 -0.28871750831604004
# original_id 177215
v -0.16544125974178314 0.88013428449630737 0.63735461235046387
# original_id 177259
v 0.18231865763664246 0.87097257375717163 0.46059772372245789
# original_id 177276
v -0.63123327493667603 -0.7219279408454895 -0.29817071557044983
# original_id 177287
v 0.23124830424785614 0.8693920373916626 0.36921337246894836
# original_id 177475
v -0.41947931051254272 1.132314920425415 -0.29999357461929321
# original_id 177484
v 0.0084118079394102097 0.90505480766296387 0.67076289653778076
# original_id 177534
v 0.31721684336662292 -0.9485468864440918 0.65596038103103638
# original_id 177578
v 0.039378907531499863 0.9041820764541626 0.67178213596343994
# original_id 177692
v -0.16218222677707672 -0.3442961573600769 0.8624536395072937
# original_id 178029
v 0.62143105268478394 0.33036443591117859 -0.3259223997592926
# original_id 178047
v -0.62793451547622681 0.51047295331954956 -0.28410351276397705
# original_id 178195
v -0.62921720743179321 0.052838101983070374 -0.28950062394142151
# original_id 178459
v 0.6285969614982605 0.36928999423980713 -0.32613149285316467
# original_id 178777
v -0.30679914355278015 0.48091253638267517 0.26157933473587036
# original_id 178793
v -0.25165295600891113 -0.41499713063240051 0.93278330564498901
# original_id 178909
v -0.61737114191055298 -0.71941816806793213 -0.27453842759132385
# original_id 179050
v -0.19944062829017639 0.067002147436141968 0.44187635183334351
# original_id 179172
v 0.60845673084259033 1.1416375637054443 -0.28988146781921387
# original_id 179184
v 0.32359513640403748 0.94988632202148438 0.080157138407230377
# original_id 179195
v -0.62613588571548462 -0.54098910093307495 -0.25992944836616516
# original_id 179319
v -0.17256245017051697 0.74445617198944092 0.68402546644210815
# original_id 179477
v -0.15417560935020447 -0.16541846096515656 0.73452699184417725
# original_id 179487
v -0.62608820199966431 -0.66967970132827759 -0.28766629099845886
# original_id 179523
v -0.62444585561752319 -0.46852564811706543 -0.2598845362663269
# original_id 179647
v -0.62635231018066406 -0.31872674822807312 -0.26144003868103027
# original_id 179648
v 0.62178361415863037 -0.79353010654449463 -0.28666988015174866
# original_id 179711
v -0.37327075004577637 -0.84530782699584961 0.65036404132843018
# original_id 179823
v -0.6320720911026001 0.79617434740066528 -0.28633922338485718
# original_id 179891
v -0.29615181684494019 -0.012722126208245754 0.39712417125701904
# original_id 179984
v -0.34646418690681458 -0.53985804319381714 0.98973160982131958
# original_id 180063
v 0.015803048387169838 0.8851921558380127 0.20083616673946381
# original_id 180072
v 0.021062320098280907 0.88595020771026611 0.68303459882736206
# original_id 180128
v -0.41339579224586487 1.1382185220718384 -0.31202742457389832
# original_id 180168
v -0.0013040766352787614 -1.1287393569946289 -0.28651115298271179
# original_id 180241
v -0.6306159496307373 -1.0946272611618042 -0.28915801644325256
# original_id 180362
v -0.62895345687866211 -0.077134817838668823 -0.23659306764602661
# original_id 180434
v -0.11228398233652115 0.88593208789825439 0.68591219186782837
# original_id 180884
v -0.29282313585281372 -1.1335318088531494 -0.3142026960849762
# original_id 180894
v 0.62680381536483765 0.50881487131118774 -0.33155891299247742
# original_id 180900
v -0.17918059229850769 0.45960351824760437 0.6413988471031189
# original_id 181090
v 0.62374645471572876 0.64293557405471802 -0.33148148655891418
# original_id 181179
v 0.62198948860168457 -0.52748328447341919 -0.26165536046028137
# original_id 181220
v 0.16900607943534851 0.87269330024719238 0.65107333660125732
# original_id 181383
v -0.19468928873538971 0.076282598078250885 0.46047711372375488
# original_id 181475
v -0.12446076422929764 0.90007638931274414 0.67050594091415405
# original_id 181485
v 0.18023529648780823 0.87045633792877197 0.6492353081703186
# original_id 181578
v 0.62348270416259766 -0.66198843717575073 -0.23906190693378448
# original_id 181595
v 0.11616893857717514 0.90651547908782959 0.67030829191207886
# original_id 181635
v -0.077678978443145752 -0.46342653036117554 0.92207348346710205
# original_id 181752
v -0.17230533063411713 0.67994731664657593 0.68413972854614258
# original_id 181907
v 0.3208605945110321 -0.94839709997177124 0.6560128927230835
# original_id 182117
v -0.63003778457641602 -0.46440526843070984 -0.27343255281448364
# original_id 182305
v 0.62506198883056641 -0.29315948486328125 -0.28862297534942627
# original_id 182535
v -0.077987916767597198 -0.86096280813217163 0.63116687536239624
# original_id 182660
v 0.61985135078430176 -0.57201361656188965 -0.23522129654884338
# original_id 182741
v 0.62090378999710083 -0.98592770099639893 -0.28492563962936401
# original_id 182801
v -0.17388240993022919 0.62789297103881836 0.68277794122695923
# original_id 182973
v 0.034518919885158539 0.88269424438476562 0.67881429195404053
# original_id 183019
v -0.62754285335540771 0.34385243058204651 -0.28503516316413879
# original_id 183211
v 0.61863398551940918 -0.69242954254150391 -0.23599132895469666
# original_id 183304
v 0.62568575143814087 -0.47401165962219238 -0.33212792873382568
# original_id 183423
v 0.62575942277908325 0.18246544897556305 -0.3272857666015625
# original_id 183548
v 0.2831169068813324 -1.1325421333312988 -0.31209337711334229
# original_id 183603
v -0.63159263134002686 -0.66017687320709229 -0.28720739483833313
# original_id 183613
v 0.62532061338424683 -0.22782613337039948 -0.33735784888267517
# original_id 183715
v 0.060968045145273209 0.89287441968917847 0.67760211229324341
# original_id 183760
v 0.62326508760452271 0.31602630019187927 -0.23769447207450867
# original_id 183799
v 0.31273481249809265 0.94589221477508545 0.11312798410654068
# original_id 183811
v 0.32174873352050781 0.92975807189941406 0.039936155080795288
# original_id 183833
v 0.17537616193294525 0.87278032302856445 0.65097731351852417
# original_id 184088
v 0.13590770959854126 0.80367332696914673 0.53950142860412598
# original_id 184108
v -0.63247799873352051 -0.42841073870658875 -0.2618500292301178
# original_id 184227
v -0.62391644716262817 -0.016702596098184586 -0.25932586193084717
# original_id 184491
v 0.62748444080352783 -1.0732276439666748 -0.28980624675750732
# original_id 184722
v -0.62627494335174561 0.35131382942199707 -0.27331408858299255
# original_id 184852
v -0.51915079355239868 1.1400258541107178 -0.31316408514976501
# original_id 184870
v -0.15595144033432007 0.52233141660690308 0.63609766960144043
# original_id 184885
v -0.22064042091369629 -0.43862473964691162 0.90638500452041626
# original_id 184980
v -0.17359420657157898 -0.16275189816951752 0.73266583681106567
# original_id 185163
v 0.18303321301937103 0.87042200565338135 0.45570144057273865
# original_id 185165
v 0.51245576143264771 -1.1333593130111694 -0.31256982684135437
# original_id 185256
v -0.62627565860748291 0.87445545196533203 -0.28479066491127014
# original_id 185282
v -0.17439468204975128 0.4391205906867981 0.62999159097671509
# original_id 185332
v 0.046097829937934875 0.89306241273880005 0.19321456551551819
# original_id 185725
v -0.11270302534103394 0.90418052673339844 0.6659005880355835
# original_id 185743
v 0.62782168388366699 0.29596826434135437 -0.32790583372116089
# original_id 185803
v 0.2103886753320694 -1.1338809728622437 -0.31436425447463989
# original_id 185829
v 0.62514263391494751 1.1015723943710327 -0.32504266500473022
# original_id 185910
v -0.22518900036811829 1.1383578777313232 -0.31151273846626282
# original_id 186002
v -0.34608125686645508 -1.1309226751327515 -0.31254717707633972
# original_id 186055
v 0.62848132848739624 -0.62343293428421021 -0.33215504884719849
# original_id 186096
v 0.62786406278610229 -0.079191461205482483 -0.32807451486587524
# original_id 186393
v 0.62294524908065796 1.0846819877624512 -0.28713789582252502
# original_id 186586
v 0.62267619371414185 -1.1239218711853027 -0.28766563534736633
# original_id 186599
v 0.62464267015457153 -1.1114001274108887 -0.28782707452774048
# original_id 186656
v -0.122002974152565 0.88010495901107788 0.67071998119354248
# original_id 186712
v -0.62880563735961914 -0.64487946033477783 -0.28895881772041321
# original_id 186733
v -0.63108605146408081 -0.5102236270904541 -0.26438844203948975
# original_id 186735
v 0.1804344654083252 0.86779141426086426 0.63205063343048096
# original_id 187054
v -0.100563645362854 0.88895517587661743 0.68222147226333618
# original_id 187308
v 0.081474639475345612 0.88630515336990356 0.68356204032897949
# original_id 187311
v -0.63153970241546631 -1.0080504417419434 -0.26182708144187927
# original_id 187314
v 0.22597961127758026 0.86630302667617798 0.3694089949131012
# original_id 187363
v 0.62786215543746948 -0.82457977533340454 -0.28854617476463318
# original_id 187482
v 0.62431097030639648 0.51129567623138428 -0.25860902667045593
# original_id 187530
v -0.1605353057384491 -0.54005903005599976 0.99112129211425781
# original_id 187561
v -0.38088628649711609 -0.72126251459121704 0.81403952836990356
# original_id 187618
v 0.62091857194900513 -0.34919589757919312 -0.28769749402999878
# original_id 187628
v -0.16442245244979858 0.88466495275497437 0.63764584064483643
# original_id 187639
v 0.62171977758407593 0.3342171311378479 -0.25927445292472839
# original_id 187644
v -0.28969568014144897 -0.53802263736724854 0.99100911617279053
# original_id 187730
v -0.30094656348228455 0.47209414839744568 0.25860738754272461
# original_id 187792
v 0.62453943490982056 -0.03915715217590332 -0.28631669282913208
# original_id 187807
v -0.21937490999698639 -0.53921365737915039 0.9892614483833313
# original_id 187887
v -0.47747257351875305 -1.1363105773925781 -0.31241509318351746
# original_id 187935
v 0.040178120136260986 0.90547823905944824 0.67217385768890381
# original_id 187944
v 0.61972790956497192 0.9594954252243042 -0.2624165415763855
# original_id 188004
v -0.15801173448562622 -0.4000173807144165 0.94789117574691772
# original_id 188015
v -0.15824337303638458 -0.34363806247711182 0.86268317699432373
# original_id 188093
v -0.6303439736366272 -0.72332155704498291 -0.29117581248283386
# original_id 188446
v 0.62589490413665771 -0.074818305671215057 -0.33456975221633911
# original_id 188540
v 0.40302386879920959 -1.1351839303970337 -0.31306314468383789
# original_id 188597
v 0.62878471612930298 0.57117056846618652 -0.3253898024559021
# original_id 188638
v 0.62710851430892944 0.23395979404449463 -0.33218055963516235
# original_id 188663
v 0.62849414348602295 0.3426874577999115 -0.33249351382255554
# original_id 188686
v 0.24760566651821136 0.86192286014556885 0.34192708134651184
# original_id 188843
v -0.6311647891998291 -0.99271059036254883 -0.26117309927940369
# original_id 189037
v 0.13581831753253937 0.80312168598175049 0.53585910797119141
# original_id 189041
v 0.61843568086624146 0.18754811584949493 -0.23598313331604004
# original_id 189108
v -0.63177156448364258 -1.1263396739959717 -0.2877255380153656
# original_id 189141
v -0.63039684295654297 -0.26533916592597961 -0.2376120388507843
# original_id 189317
v -0.62811273336410522 -0.56344753503799438 -0.26092201471328735
# original_id 189341
v 0.24753212928771973 0.83624869585037231 0.31628087162971497
# original_id 189363
v -0.37577667832374573 -0.56818878650665283 0.99294418096542358
# original_id 189406
v -0.091034889221191406 0.88652557134628296 0.68156254291534424
# original_id 189434
v 0.6251760721206665 -0.12150821089744568 -0.28802639245986938
# original_id 189533
v -0.63100087642669678 0.53084743022918701 -0.26299765706062317
# original_id 189566
v -0.17459391057491302 0.44290027022361755 0.64014524221420288
# original_id 189578
v -0.62073540687561035 0.62430775165557861 -0.23006676137447357
# original_id 189629
v 0.1334272027015686 0.80412709712982178 0.4685804545879364
# original_id 189646
v -0.63062304258346558 -0.46389126777648926 -0.26061153411865234
# original_id 189665
v -0.29902249574661255 0.48761633038520813 0.27687162160873413
# original_id 189682
v -0.63136667013168335 -1.0092107057571411 -0.26332244277000427
# original_id 189717
v -0.072784870862960815 -0.93540972471237183 0.64212930202484131
# original_id 189733
v -0.62861579656600952 -0.34481391310691833 -0.26279100775718689
# original_id 189749
v -0.24604211747646332 -0.92601597309112549 0.65568500757217407
# original_id 189753
v -0.37574189901351929 -0.57956033945083618 0.99594420194625854
# original_id 189785
v -0.021354885771870613 0.88294136524200439 0.68291938304901123
# original_id 189788
v -0.62869048118591309 0.583110511302948 -0.23701664805412292
# original_id 189821
v -0.62739992141723633 1.0401331186294556 -0.2864609956741333
# original_id 189848
v -0.3249545693397522 -0.88758432865142822 0.63491755723953247
# original_id 189896
v 0.618183434009552 -0.50831621885299683 -0.26001912355422974
# original_id 189924
v 0.62777554988861084 -0.59110093116760254 -0.23855136334896088
# original_id 189983
v -0.15252029895782471 0.88579785823822021 0.63492858409881592
# original_id 190044
v 0.62390846014022827 -0.11305040866136551 -0.28741559386253357
# original_id 190095
v 0.11678996682167053 0.89682143926620483 0.65723878145217896
# original_id 190354
v 0.11987263709306717 0.87649369239807129 0.66907358169555664
# original_id 190385
v -0.6324428915977478 -0.064102165400981903 -0.23566071689128876
# original_id 190393
v 0.62363332509994507 0.79116874933242798 -0.26203781366348267
# original_id 190409
v -0.18062849342823029 0.39338752627372742 0.46161919832229614
# original_id 190446
v -0.19786973297595978 -0.89361649751663208 0.63401401042938232
# original_id 190662
v -0.24596057832241058 0.44320258498191833 0.56065309047698975
# original_id 190780
v -0.27941247820854187 0.040716148912906647 0.45152297616004944
# original_id 190803
v 0.075868241488933563 -1.1345288753509521 -0.34281414747238159
# original_id 190826
v -0.61780989170074463 -0.40790510177612305 -0.2574821412563324
# original_id 190877
v 0.62336504459381104 -0.25325784087181091 -0.33623906970024109
# original_id 190895
v 0.6272161602973938 0.27237141132354736 -0.3261081874370575
# original_id 191216
v 0.18351705372333527 0.8727186918258667 0.65086275339126587
# original_id 191241
v -0.61929696798324585 1.1357296705245972 -0.28794047236442566
# original_id 191312
v -0.22570940852165222 -0.14141388237476349 0.74040019512176514
# original_id 191360
v -0.25070944428443909 -0.40936911106109619 0.92497450113296509
# original_id 191464
v -0.61899358034133911 -0.73380672931671143 -0.2749253511428833
# original_id 191525
v 0.10691098868846893 0.90459215641021729 0.66862350702285767
# original_id 191527
v 0.11764457076787949 -0.94506675004959106 0.65510374307632446
# original_id 191689
v 0.60063022375106812 1.1323214769363403 -0.27366369962692261
# original_id 191768
v 0.18558430671691895 0.86016547679901123 0.55225026607513428
# original_id 192013
v -0.41616666316986084 1.1409794092178345 -0.31323099136352539
# original_id 192054
v -0.63025492429733276 1.0555226802825928 -0.28645917773246765
# original_id 192058
v 0.21636301279067993 0.8565477728843689 0.37205076217651367
# original_id 192150
v 0.3200867772102356 -0.94595599174499512 0.65715581178665161
# original_id 192324
v -0.11244246363639832 0.88610684871673584 0.68340742588043213
# original_id 192335
v 0.17120179533958435 0.54120153188705444 0.65151810646057129
# original_id 192404
v -0.62758666276931763 1.0915963649749756 -0.28652852773666382
# original_id 192470
v -0.37296178936958313 -0.86088705062866211 0.65111351013183594
# original_id 192548
v -0.02739517018198967 -1.1318168640136719 -0.2892821729183197
# original_id 192601
v -0.63036900758743286 -0.55064266920089722 -0.26433321833610535
# original_id 192619
v -0.62729865312576294 0.96158629655838013 -0.28754842281341553
# original_id 192695
v -0.6288987398147583 -0.042825844138860703 -0.27159103751182556
# original_id 192697
v -0.62647432088851929 -0.071684293448925018 -0.23857694864273071
# original_id 192699
v -0.62742114067077637 0.31585797667503357 -0.28672128915786743
# original_id 192802
v -0.62870299816131592 -0.66495794057846069 -0.28594022989273071
# original_id 192834
v -0.38102114200592041 -0.94628387689590454 0.65817499160766602
# original_id 192970
v 0.06561172753572464 -1.1314799785614014 -0.33468514680862427
# original_id 193012
v -0.28564679622650146 0.038556449115276337 0.4545348584651947
# original_id 193285
v -0.46776548027992249 1.1421225070953369 -0.31239652633666992
# original_id 193312
v 0.62534016370773315 -0.16293013095855713 -0.33740627765655518
# original_id 193381
v 0.62562233209609985 1.1166661977767944 -0.28806421160697937
# original_id 193402
v 0.62543672323226929 -0.54131883382797241 -0.26180848479270935
# original_id 193475
v 0.62652164697647095 -0.94687288999557495 -0.2889939546585083
# original_id 193539
v 0.088646881282329559 -0.39695584774017334 0.90877538919448853
# original_id 193638
v 0.62643831968307495 -1.0523538589477539 -0.28872281312942505
# original_id 193644
v 0.61940914392471313 0.91722017526626587 -0.26130691170692444
# original_id 193774
v 0.0792117640376091 -0.94449186325073242 0.65816706418991089
# original_id 193951
v -0.25228381156921387 -0.42978835105895996 0.92727100849151611
# original_id 194016
v 0.31614136695861816 1.1356048583984375 -0.31153133511543274
# original_id 194039
v -0.20070895552635193 -0.95094573497772217 0.64592832326889038
# original_id 194045
v 0.62163162231445312 0.77598351240158081 -0.26142916083335876
# original_id 194162
v -0.25245124101638794 0.7902875542640686 0.18029153347015381
# original_id 194169
v 0.24666358530521393 0.9029732346534729 0.093843273818492889
# original_id 194204
v -0.62580704689025879 -0.68377012014389038 -0.28634202480316162
# original_id 194229
v -0.0021150934044271708 0.90053397417068481 0.66845995187759399
# original_id 194253
v 0.43430331349372864 1.1384803056716919 -0.31045499444007874
# original_id 194300
v -0.62832140922546387 -1.0042765140533447 -0.26368966698646545
# original_id 194306
v -0.18960455060005188 -0.41503560543060303 0.93979215621948242
# original_id 194331
v 0.12383734434843063 0.8957597017288208 0.669624924659729
# original_id 194431
v -0.27220886945724487 -0.82150000333786011 0.66107434034347534
# original_id 194467
v -0.25084733963012695 0.43748283386230469 0.55181527137756348
# original_id 194505
v -0.1580454409122467 -0.53764939308166504 0.99120604991912842
# original_id 194514
v 0.62157732248306274 -0.5075143575668335 -0.26342150568962097
# original_id 194538
v -0.3868308961391449 -0.71530824899673462 0.80978798866271973
# original_id 194619
v 0.62230402231216431 0.33319011330604553 -0.26097127795219421
# original_id 194684
v -0.22321869432926178 -0.40987744927406311 0.92940419912338257
# original_id 194695
v -0.24703256785869598 0.42600861191749573 0.53107476234436035
# original_id 194711
v 0.62671530246734619 1.1022934913635254 -0.2953161895275116
# original_id 194722
v -0.23215781152248383 -0.53873193264007568 0.98870718479156494
# original_id 194860
v -0.48711070418357849 -1.1310480833053589 -0.31190335750579834
# original_id 194901
v -0.62889724969863892 0.9673917293548584 -0.28650006651878357
# original_id 194934
v 0.62792670726776123 0.60405325889587402 -0.32353505492210388
# original_id 194956
v 0.19590538740158081 -0.94795405864715576 0.65853732824325562
# original_id 195278
v 0.62645387649536133 -0.46250262856483459 -0.33446970582008362
# original_id 195359
v -0.3551371693611145 -1.1326406002044678 -0.31271225214004517
# original_id 195379
v 0.18289047479629517 0.87453556060791016 0.65063899755477905
# original_id 195412
v 0.626289963722229 0.65712851285934448 -0.33675459027290344
# original_id 195486
v 0.28477528691291809 -1.1371369361877441 -0.31362643837928772
# original_id 195499
v 0.62770247459411621 0.24589228630065918 -0.33224189281463623
# original_id 195588
v 0.62430649995803833 -0.16978876292705536 -0.33791470527648926
# original_id 195603
v 0.62771964073181152 0.038148682564496994 -0.32690158486366272
# original_id 195663
v 0.6092185378074646 -1.1261061429977417 -0.28433287143707275
# original_id 195707
v 0.62372571229934692 -0.62114554643630981 -0.23947538435459137
# original_id 195730
v -0.011379756033420563 0.90272748470306396 0.66932505369186401
# original_id 195823
v -0.62962990999221802 -0.81519746780395508 -0.26088294386863708
# original_id 195887
v -0.086240872740745544 0.90134960412979126 0.67092853784561157
# original_id 195946
v -0.62752211093902588 0.63454508781433105 -0.23479725420475006
# original_id 195956
v 0.13231027126312256 0.80523002147674561 0.52686113119125366
# original_id 196021
v -0.24941143393516541 0.44161540269851685 0.56064039468765259
# original_id 196167
v -0.62903785705566406 0.85034334659576416 -0.28674480319023132
# original_id 196225
v -0.29936647415161133 0.50776475667953491 0.27706801891326904
# original_id 196231
v 0.62745004892349243 -0.65321874618530273 -0.23878501355648041
# original_id 196323
v -0.60860425233840942 1.1267393827438354 -0.28678324818611145
# original_id 196393
v 0.62317878007888794 1.0473604202270508 -0.28899466991424561
# original_id 196405
v -0.24976666271686554 -0.4403013288974762 0.92269998788833618
# original_id 196466
v -0.62336713075637817 -0.67258518934249878 -0.28610694408416748
# original_id 196506
v 0.43279311060905457 1.1388258934020996 -0.31201693415641785
# original_id 196536
v 0.62500005960464478 -0.68962067365646362 -0.23720765113830566
# original_id 196598
v -0.63097250461578369 -0.32280239462852478 -0.26107639074325562
# original_id 196609
v -0.62784701585769653 0.24973833560943604 -0.28994461894035339
# original_id 196655
v -0.63041788339614868 0.89011967182159424 -0.28692233562469482
# original_id 196694
v 0.62636995315551758 -0.82563018798828125 -0.28836971521377563
# original_id 196735
v -0.62695455551147461 0.62418192625045776 -0.23301482200622559
# original_id 196752
v -0.15154364705085754 -0.54227221012115479 0.98986262083053589
# original_id 196924
v -0.21850296854972839 -0.41981440782546997 0.93152457475662231
# original_id 196938
v -0.63034516572952271 0.76371651887893677 -0.26537972688674927
# original_id 196997
v 0.62229633331298828 0.73324733972549438 -0.27963188290596008
# original_id 197012
v 0.17951345443725586 0.87380284070968628 0.41366580128669739
# original_id 197064
v -0.28797587752342224 -0.54469722509384155 0.99115341901779175
# original_id 197154
v -0.62803107500076294 0.085113093256950378 -0.28454756736755371
# original_id 197424
v 0.62753736972808838 -0.34898704290390015 -0.28808742761611938
# original_id 197567
v -0.62426048517227173 0.1547631174325943 -0.27422374486923218
# original_id 197711
v 0.62833285331726074 -0.86931520700454712 -0.32747450470924377
# original_id 197714
v 0.62789028882980347 0.32807633280754089 -0.32820677757263184
# original_id 197785
v 0.62922966480255127 0.41346743702888489 -0.32936549186706543
# original_id 197842
v -0.62690061330795288 -0.6753419041633606 -0.28712862730026245
# original_id 197868
v 0.6283915638923645 -0.45794281363487244 -0.32578402757644653
# original_id 197883
v 0.62713021039962769 -0.58301007747650146 -0.33257174491882324
# original_id 198074
v -0.1967054158449173 -0.13887189328670502 0.71509981155395508
# original_id 198143
v -0.62813729047775269 -1.1239187717437744 -0.28828808665275574
# original_id 198229
v -0.62720966339111328 -0.41803714632987976 -0.26217740774154663
# original_id 198254
v -0.11245785653591156 0.90296506881713867 0.66945832967758179
# original_id 198291
v -0.19494733214378357 0.06810317188501358 0.46084937453269958
# original_id 198302
v -0.62908637523651123 -0.28081607818603516 -0.23800654709339142
# original_id 198455
v 0.57426893711090088 -1.1319185495376587 -0.30873164534568787
# original_id 198479
v 0.62494891881942749 -0.61293536424636841 -0.23954777419567108
# original_id 198484
v -0.62569248676300049 -0.5667654275894165 -0.26194679737091064
# original_id 198525
v 0.30520227551460266 0.93018615245819092 0.12371727079153061
# original_id 198795
v 0.60933965444564819 -1.1283841133117676 -0.28616493940353394
# original_id 198808
v 0.23158943653106689 0.85727179050445557 0.37304741144180298
# original_id 198836
v -0.018158275634050369 0.88361889123916626 0.6851152777671814
# original_id 198837
v 0.12069401890039444 0.87612438201904297 0.66818839311599731
# original_id 198854
v -0.62454342842102051 0.84841072559356689 -0.28547698259353638
# original_id 198951
v -0.20395584404468536 -0.1327192485332489 0.74462050199508667
# original_id 198993
v -0.12636540830135345 -0.94798630475997925 0.65748143196105957
# original_id 199183
v -0.23456807434558868 -0.20969639718532562 0.75093114376068115
# original_id 199225
v -0.62847745418548584 -0.008254610002040863 -0.28777197003364563
# original_id 199243
v 0.62160563468933105 0.30966782569885254 -0.23520912230014801
# original_id 199288
v -0.069954410195350647 -0.88164037466049194 0.6389470100402832
# original_id 199463
v -0.63267660140991211 0.58087617158889771 -0.24901676177978516
# original_id 199480
v 0.023627746850252151 0.8866158127784729 0.68185842037200928
# original_id 199917
v 0.62763327360153198 0.41454076766967773 -0.34015378355979919
# original_id 199953
v 0.62501436471939087 0.23260103166103363 -0.327625572681427
# original_id 200135
v 0.6226995587348938 0.041300468146800995 -0.25891351699829102
# original_id 200174
v 0.62615984678268433 -0.55015867948532104 -0.26421797275543213
# original_id 200237
v -0.62969970703125 -0.95220917463302612 -0.26384037733078003
# original_id 200276
v 0.17491099238395691 0.8719710111618042 0.50661975145339966
# original_id 200296
v -0.22446240484714508 -0.13567276298999786 0.73946362733840942
# original_id 200371
v 0.62546426057815552 -0.90566229820251465 -0.28737935423851013
# original_id 200383
v 0.6232457160949707 0.88831073045730591 -0.26163160800933838
# original_id 200550
v -0.62483245134353638 -0.0080470191314816475 -0.26048722863197327
# original_id 200827
v 0.069104462862014771 -0.41927209496498108 0.95720231533050537
# original_id 200857
v 0.29554262757301331 0.94512951374053955 0.14162100851535797
# original_id 200867
v -0.24174554646015167 0.78394949436187744 0.16569647192955017
# original_id 200916
v 0.62575149536132812 0.45630151033401489 -0.26088613271713257
# original_id 201130
v -0.33753398060798645 -0.53725278377532959 0.98483824729919434
# original_id 201150
v -0.62718725204467773 0.61314642429351807 -0.23648525774478912
# original_id 201263
v 0.62224149703979492 0.35105261206626892 -0.24911776185035706
# original_id 201312
v 0.24939703941345215 0.84984445571899414 0.35281243920326233
# original_id 201317
v -0.20005662739276886 -0.13720817863941193 0.73396563529968262
# original_id 201362
v -0.18186581134796143 -0.55063873529434204 0.99905514717102051
# original_id 201407
v 0.17569275200366974 0.87122488021850586 0.43485537171363831
# original_id 201533
v -0.63195586204528809 0.99519205093383789 -0.28638994693756104
# original_id 201538
v -0.37600827217102051 -0.79955923557281494 0.71100932359695435
# original_id 201552
v -0.38202741742134094 -0.67635464668273926 0.86985921859741211
# original_id 201627
v -0.5422440767288208 -1.1278377771377563 -0.31029397249221802
# original_id 201675
v -0.30589097738265991 -0.55069983005523682 0.99862390756607056
# original_id 201690
v 0.62610447406768799 -0.48784074187278748 -0.28933161497116089
# original_id 201866
v -0.62639570236206055 0.23130463063716888 -0.28252780437469482
# original_id 202082
v 0.62756657600402832 0.42498132586479187 -0.32823151350021362
# original_id 202188
v -0.53259867429733276 1.1244498491287231 -0.30504506826400757
# original_id 202352
v 0.62806880474090576 -1.0972821712493896 -0.28938066959381104
# original_id 202363
v -0.62797826528549194 -0.25178337097167969 -0.23656259477138519
# original_id 202385
v 0.62311625480651855 0.19353412091732025 -0.23346580564975739
# original_id 202392
v 0.62436485290527344 0.41210809350013733 -0.25965410470962524
# original_id 202406
v 0.62537044286727905 0.89660733938217163 -0.26277667284011841
# original_id 202431
v -0.62697464227676392 -0.56053149700164795 -0.25818303227424622
# original_id 202576
v 0.62467324733734131 -0.71546429395675659 -0.26365634799003601
# original_id 202619
v -0.22115632891654968 -0.53893405199050903 0.99148666858673096
# original_id 202711
v -0.62640970945358276 -0.69554376602172852 -0.28548920154571533
# original_id 202736
v 0.44154825806617737 1.1420819759368896 -0.31090548634529114
# original_id 202793
v 0.50391197204589844 1.13733971118927 -0.31296655535697937
# original_id 202950
v 0.18213336169719696 0.87049728631973267 0.44001886248588562
# original_id 203003
v 0.62489074468612671 0.70745217800140381 -0.28633886575698853
# original_id 203018
v 0.36359027028083801 1.1414092779159546 -0.31070640683174133
# original_id 203119
v 0.48823127150535583 1.1218202114105225 -0.29827567934989929
# original_id 203145
v -0.47869330644607544 1.1311349868774414 -0.29814505577087402
# original_id 203284
v -0.10406883060932159 -1.1344753503799438 -0.33229181170463562
# original_id 203428
v 0.53836214542388916 -1.1289790868759155 -0.3129524290561676
# original_id 203433
v -0.61734658479690552 -0.71901106834411621 -0.27258351445198059
# original_id 203451
v 0.38294312357902527 -1.1331042051315308 -0.31536313891410828
# original_id 203594
v 0.62780386209487915 0.25980380177497864 -0.33361327648162842
# original_id 203777
v -0.63102459907531738 -1.0307438373565674 -0.28692406415939331
# original_id 203787
v 0.269797682762146 0.92963272333145142 0.17061153054237366
# original_id 203813
v -0.602283775806427 1.1374114751815796 -0.28534266352653503
# original_id 203815
v 0.16649980843067169 0.87530100345611572 0.6540369987487793
# original_id 203859
v 0.53679519891738892 1.133018970489502 -0.30980941653251648
# original_id 203884
v 0.13122557103633881 0.81533759832382202 0.45731478929519653
# original_id 203929
v 0.24923071265220642 0.84801465272903442 0.35019859671592712
# original_id 203941
v 0.62646913528442383 1.034621000289917 -0.28812167048454285
# original_id 204086
v -0.63073182106018066 0.7604784369468689 -0.26004546880722046
# original_id 204148
v 0.59261715412139893 -1.1274373531341553 -0.28731060028076172
# original_id 204197
v 0.62583506107330322 0.8463786244392395 -0.26310557126998901
# original_id 204201
v 0.33226701617240906 1.1401875019073486 -0.31016707420349121
# original_id 204228
v -0.25393331050872803 0.3395456075668335 0.30947777628898621
# original_id 204397
v 0.62883800268173218 -0.74599635601043701 -0.26443904638290405
# original_id 204428
v 0.18263253569602966 0.87100136280059814 0.54361307621002197
# original_id 204442
v 0.18422549962997437 0.86574012041091919 0.51257193088531494
# original_id 204640
v -0.19763988256454468 -0.93628931045532227 0.63653784990310669
# original_id 204792
v -0.021766979247331619 0.8847014307975769 0.68319147825241089
# original_id 204860
v 0.29524797201156616 1.1301838159561157 -0.30260041356086731
# original_id 204874
v -0.047637701034545898 0.8826555609703064 0.68377107381820679
# original_id 205182
v 0.2461094856262207 0.85704910755157471 0.3562321662902832
# original_id 205290
v 0.18104512989521027 0.86111998558044434 0.6047624945640564
# original_id 205382
v -0.29837203025817871 0.37932854890823364 0.24939247965812683
# original_id 205422
v -0.34311094880104065 1.1359267234802246 -0.31052395701408386
# original_id 205456
v -0.071023121476173401 -0.92482078075408936 0.63686859607696533
# original_id 205618
v 0.18234778940677643 0.8680911660194397 0.55859982967376709
# original_id 205635
v -0.15218992531299591 -0.53870606422424316 0.98915892839431763
# original_id 205660
v 0.18704758584499359 0.86092346906661987 0.57966947555541992
# original_id 205804
v 0.29112094640731812 1.1354523897171021 -0.29838666319847107
# original_id 205882
v 0.62538784742355347 -0.92235732078552246 -0.3355405330657959
# original_id 205929
v -0.29437977075576782 0.03954155370593071 0.45120289921760559
# original_id 205948
v -0.34820747375488281 -1.1334077119827271 -0.31248363852500916
# original_id 205975
v -0.067678302526473999 -1.1346035003662109 -0.32992509007453918
# original_id 206089
v 0.62538188695907593 -0.85007572174072266 -0.33150175213813782
# original_id 206270
v 0.62521648406982422 0.56299465894699097 -0.33438223600387573
# original_id 206359
v -0.63178765773773193 0.34830325841903687 -0.28826361894607544
# original_id 206454
v 0.6241910457611084 1.1138513088226318 -0.3073236346244812
# original_id 206653
v -0.18745458126068115 0.83882993459701538 0.65173780918121338
# original_id 206794
v -0.62826061248779297 -0.51256537437438965 -0.26087221503257751
# original_id 206812
v -0.62514519691467285 -1.1189438104629517 -0.28704831004142761
# original_id 206833
v 0.11768388748168945 0.90631884336471558 0.66945987939834595
# original_id 206980
v 0.62638342380523682 1.1462266445159912 -0.28496906161308289
# original_id 206986
v 0.027808127924799919 0.89517182111740112 0.68626922369003296
# original_id 207063
v 0.18491223454475403 0.86133432388305664 0.5628315806388855
# original_id 207097
v 0.33257865905761719 -0.9465327262878418 0.65607357025146484
# original_id 207167
v -0.14608015120029449 -0.39052057266235352 0.94025671482086182
# original_id 207187
v 0.23284998536109924 -0.94900155067443848 0.65618026256561279
# original_id 207393
v -0.6266208291053772 0.24596415460109711 -0.27787569165229797
# original_id 207406
v -0.14876614511013031 -0.39867499470710754 0.94477742910385132
# original_id 207490
v -0.32432824373245239 -0.85723316669464111 0.63840615749359131
# original_id 207539
v 0.62141597270965576 -0.51837813854217529 -0.2586398720741272
# original_id 207662
v 0.10687258094549179 0.8835681676864624 0.6840253472328186
# original_id 207817
v -0.61665654182434082 -1.0562425851821899 -0.27301818132400513
# original_id 207971
v -0.12446534633636475 0.89587253332138062 0.66774260997772217
# original_id 208047
v -0.62280023097991943 -1.0064350366592407 -0.26474645733833313
# original_id 208058
v -0.31069624423980713 0.47469404339790344 0.24596475064754486
# original_id 208065
v -0.55783069133758545 -1.1347999572753906 -0.31198808550834656
# original_id 208116
v -0.038567248731851578 0.90129232406616211 0.66927415132522583
# original_id 208155
v -0.62836205959320068 -0.72432756423950195 -0.2857494056224823
# original_id 208318
v 0.62528449296951294 0.93996602296829224 -0.33494797348976135
# original_id 208334
v 0.090955421328544617 -1.1301236152648926 -0.3436223566532135
# original_id 208381
v -0.2831694483757019 0.043398939073085785 0.44719219207763672
# original_id 208444
v -0.62960344552993774 0.033090785145759583 -0.28574630618095398
# original_id 208451
v -0.61637604236602783 -0.65888959169387817 -0.27338698506355286
# original_id 208610
v 0.2503960132598877 -1.1323404312133789 -0.31303885579109192
# original_id 208632
v 0.62507683038711548 0.41271954774856567 -0.33734187483787537
# original_id 208702
v 0.62824064493179321 -0.72680717706680298 -0.33422970771789551
# original_id 208810
v 0.46581700444221497 1.1235126256942749 -0.3102896511554718
# original_id 208819
v 0.62389755249023438 0.022906476631760597 -0.26206555962562561
# original_id 208841
v 0.30515390634536743 0.93103903532028198 -0.0026245999615639448
# original_id 208971
v -0.20371814072132111 0.074157342314720154 0.45693325996398926
# original_id 208977
v -0.1969156414270401 -0.13899350166320801 0.71733939647674561
# original_id 209049
v -0.08124677836894989 0.90558904409408569 0.67008483409881592
# original_id 209121
v -0.6306266188621521 0.73270899057388306 -0.26138213276863098
# original_id 209187
v -0.19501356780529022 0.070007950067520142 0.46198919415473938
# original_id 209191
v 0.10438469797372818 0.90184062719345093 0.67304790019989014
# original_id 209280
v -0.63163483142852783 -0.40751940011978149 -0.26207143068313599
# original_id 209424
v -0.11626004427671432 -0.94971203804016113 0.64559698104858398
# original_id 209534
v -0.62679785490036011 -0.78376078605651855 -0.26223787665367126
# original_id 209651
v -0.062885023653507233 -1.1391545534133911 -0.29718402028083801
# original_id 209781
v 0.32338404655456543 0.93228626251220703 0.06041824072599411
# original_id 209839
v 0.62653553485870361 -0.50632280111312866 -0.25877201557159424
# original_id 209912
v -0.16644479334354401 0.88516324758529663 0.63669264316558838
# original_id 209940
v -0.62758761644363403 0.12531733512878418 -0.28371125459671021
# original_id 210011
v -0.18622177839279175 0.71914881467819214 0.67063385248184204
# original_id 210012
v 0.18393136560916901 0.54405021667480469 0.6523127555847168
# original_id 210071
v 0.49355027079582214 1.1313207149505615 -0.31126895546913147
# original_id 210135
v -0.61548566818237305 -0.53654897212982178 -0.24899804592132568
# original_id 210169
v -0.6290898323059082 0.52152448892593384 -0.26166373491287231
# original_id 210501
v 0.62182605266571045 -0.4643072783946991 -0.33966401219367981
# original_id 210632
v -0.019443843513727188 0.89748471975326538 0.18840786814689636
# original_id 210651
v 0.62128084897994995 0.0017088125459849834 -0.28598755598068237
# original_id 210789
v 0.62808346748352051 0.78083664178848267 -0.32950326800346375
# original_id 210835
v 0.62328702211380005 0.46848639845848083 -0.34058663249015808
# original_id 210839
v 0.62692111730575562 -0.28137436509132385 -0.33599197864532471
# original_id 210840
v -0.29485869407653809 -1.1298333406448364 -0.3128541111946106
# original_id 211032
v -0.62628746032714844 0.95939183235168457 -0.28646036982536316
# original_id 211098
v 0.62454509735107422 -0.73437941074371338 -0.26177352666854858
# original_id 211165
v -0.37653887271881104 -0.7815096378326416 0.73488897085189819
# original_id 211186
v 0.62373286485671997 0.89662402868270874 -0.26293656229972839
# original_id 211305
v -0.63060891628265381 -1.1219967603683472 -0.28819504380226135
# original_id 211307
v 0.57316911220550537 -1.1333924531936646 -0.28529500961303711
# original_id 211351
v 0.62608647346496582 0.80532515048980713 -0.26291263103485107
# original_id 211372
v -0.63119709491729736 -0.014794107526540756 -0.26189550757408142
# original_id 211459
v -0.18599347770214081 0.53918802738189697 0.66957086324691772
# original_id 211518
v 0.57326006889343262 -1.1316545009613037 -0.28821408748626709
# original_id 211582
v -0.098638974130153656 0.890544593334198 0.68314898014068604
# original_id 211686
v -0.63062590360641479 -0.78128814697265625 -0.26224344968795776
# original_id 211722
v -0.17420054972171783 0.44487616419792175 0.64567470550537109
# original_id 211811
v 0.62544912099838257 -0.68107789754867554 -0.23858223855495453
# original_id 211851
v 0.1055363267660141 0.90078854560852051 0.67068773508071899
# original_id 211907
v 0.62256771326065063 -0.57613140344619751 -0.24037112295627594
# original_id 211914
v -0.63075995445251465 0.58665680885314941 -0.2359028160572052
# original_id 211933
v 0.62793117761611938 0.58840197324752808 -0.28788661956787109
# original_id 212020
v -0.17161527276039124 0.61319780349731445 0.68438839912414551
# original_id 212170
v -0.17620721459388733 0.39700853824615479 0.51479792594909668
# original_id 212212
v -0.31175532937049866 0.47674089670181274 0.26091462373733521
# original_id 212236
v 0.4943784773349762 1.1358751058578491 -0.29777264595031738
# original_id 212376
v 0.042294241487979889 -0.53748679161071777 0.98655635118484497
# original_id 212410
v 0.052525926381349564 0.90634137392044067 0.67072319984436035
# original_id 212433
v 0.62396538257598877 0.61352193355560303 -0.34326779842376709
# original_id 212619
v -0.37280437350273132 -0.95025819540023804 0.65570956468582153
# original_id 212648
v -0.25326249003410339 -0.94837427139282227 0.65570026636123657
# original_id 212687
v -0.6299399733543396 -0.33999854326248169 -0.26188650727272034
# original_id 212729
v 0.63623344898223877 -1.0909804105758667 -0.30937719345092773
# original_id 212765
v -0.37362146377563477 -0.73659884929656982 0.78917723894119263
# original_id 212921
v 0.42737701535224915 -1.1309093236923218 -0.31208553910255432
# original_id 213060
v 0.62559604644775391 -0.130049929022789 -0.33532333374023438
# original_id 213258
v 0.52036106586456299 1.1370865106582642 -0.31046643853187561
# original_id 213300
v 0.59431213140487671 1.1377085447311401 -0.28489446640014648
# original_id 213363
v -0.25090822577476501 -0.42189967632293701 0.93158316612243652
# original_id 213379
v -0.069402292370796204 0.90452241897583008 0.67036950588226318
# original_id 213440
v 0.13198284804821014 0.80452072620391846 0.51810985803604126
# original_id 213491
v -0.30409014225006104 0.37839445471763611 0.25138476490974426
# original_id 213578
v -0.076799437403678894 0.90572947263717651 0.67031925916671753
# original_id 213668
v 0.60558021068572998 1.128318190574646 -0.27520665526390076
# original_id 213669
v 0.036679171025753021 0.88891184329986572 0.68305802345275879
# original_id 213798
v -0.62918341159820557 -0.44990959763526917 -0.26035010814666748
# original_id 213817
v 0.30424267053604126 0.95188075304031372 0.12598633766174316
# original_id 213888
v 0.079934701323509216 -0.41391405463218689 0.94035434722900391
# original_id 214042
v -0.24856802821159363 -0.94184702634811401 0.65460556745529175
# original_id 214127
v -0.62949103116989136 0.46258723735809326 -0.291462242603302
# original_id 214206
v 0.34108445048332214 -1.1345452070236206 -0.33211624622344971
# original_id 214290
v 0.18564324080944061 0.87089025974273682 0.46450001001358032
# original_id 214311
v -0.21707543730735779 -0.41308870911598206 0.93240845203399658
# original_id 214315
v -0.25064724683761597 -0.19254246354103088 0.75106203556060791
# original_id 214334
v -0.2304828017950058 -0.53866857290267944 0.99047768115997314
# original_id 214384
v 0.37794438004493713 1.1410431861877441 -0.31117615103721619
# original_id 214452
v -0.46746334433555603 -1.1343696117401123 -0.31267115473747253
# original_id 214617
v -0.10174338519573212 0.89475339651107788 0.68582761287689209
# original_id 214766
v 0.37593498826026917 1.133813738822937 -0.31263843178749084
# original_id 214856
v -0.15279956161975861 0.531577467918396 0.63367712497711182
# original_id 214906
v -0.25898513197898865 1.1363656520843506 -0.31112688779830933
# original_id 214921
v -0.15581588447093964 -1.1296075582504272 -0.30845844745635986
# original_id 214946
v 0.4916461706161499 -1.1389162540435791 -0.31046414375305176
# original_id 214953
v 0.62744873762130737 -0.77145034074783325 -0.33442464470863342
# original_id 214993
v 0.41121694445610046 -1.1289485692977905 -0.31229081749916077
# original_id 215014
v 0.62637448310852051 0.89190185070037842 -0.32506805658340454
# original_id 215070
v 0.62890845537185669 -0.74541503190994263 -0.33427998423576355
# original_id 215189
v -0.63050156831741333 -1.0374261140823364 -0.28903204202651978
# original_id 215199
v -0.30876171588897705 0.47660717368125916 0.2605404257774353
# original_id 215427
v 0.1322639137506485 0.80867725610733032 0.51205134391784668
# original_id 215474
v -0.63199096918106079 -0.51785576343536377 -0.26214620471000671
# original_id 215695
v 0.6244010329246521 -0.72694480419158936 -0.26162815093994141
# original_id 215773
v 0.62500709295272827 -0.060681890696287155 -0.28775691986083984
# original_id 215823
v 0.62658745050430298 -1.1190773248672485 -0.28728437423706055
# original_id 215931
v 0.13194072246551514 0.80571287870407104 0.44893684983253479
# original_id 215953
v 0.31560137867927551 0.93589556217193604 0.039744816720485687
# original_id 215992
v -0.20962072908878326 -0.94587820768356323 0.65643113851547241
# original_id 216051
v -0.03835098072886467 0.88487082719802856 0.68103986978530884
# original_id 216112
v -0.32491379976272583 -0.89343583583831787 0.63995486497879028
# original_id 216152
v 0.62562042474746704 -0.50677430629730225 -0.26161724328994751
# original_id 216292
v -0.63042563199996948 1.0871673822402954 -0.28729957342147827
# original_id 216445
v -0.48588404059410095 -1.1328518390655518 -0.31191167235374451
# original_id 216508
v -0.12737579643726349 0.90208786725997925 0.66982585191726685
# original_id 216625
v 0.57574689388275146 1.1191186904907227 -0.28582566976547241
# original_id 216712
v 0.21318268775939941 -1.1339133977890015 -0.31383773684501648
# original_id 216772
v 0.62583088874816895 0.70051193237304688 -0.328126460313797
# original_id 216874
v 0.24449622631072998 1.1350144147872925 -0.3094535768032074
# original_id 217059
v 0.62506932020187378 0.15639761090278625 -0.33213621377944946
# original_id 217256
v -0.21785251796245575 0.4241689145565033 0.5096011757850647
# original_id 217449
v -0.6273542046546936 0.75185239315032959 -0.26270851492881775
# original_id 217489
v 0.1848716139793396 0.50890243053436279 0.63917571306228638
# original_id 217735
v 0.33194512128829956 -0.94591152667999268 0.65642911195755005
# original_id 217807
v 0.21976853907108307 -0.94877690076828003 0.65725487470626831
# original_id 217849
v -0.17670165002346039 0.44214603304862976 0.6388390064239502
# original_id 217878
v -0.007088799960911274 0.9050668478012085 0.67013704776763916
# original_id 217985
v -0.25339397788047791 -0.94178414344787598 0.65746742486953735
# original_id 218013
v -0.04497937485575676 0.88332206010818481 0.68324905633926392
# original_id 218021
v -0.62976354360580444 0.91799467802047729 -0.28521627187728882
# original_id 218087
v -0.11885113269090652 -0.94240593910217285 0.65705925226211548
# original_id 218203
v 0.18355989456176758 0.86939716339111328 0.40255901217460632
# original_id 218304
v -0.6129300594329834 -1.0491772890090942 -0.27473405003547668
# original_id 218322
v -0.017676861956715584 -1.1346876621246338 -0.28703871369361877
# original_id 218510
v -0.046882674098014832 0.90090364217758179 0.66815859079360962
# original_id 218606
v -0.62870204448699951 -0.33844602108001709 -0.26330170035362244
# original_id 218752
v 0.0031309537589550018 0.89531999826431274 0.18705254793167114
# original_id 218797
v 0.62467694282531738 -0.65402764081954956 -0.33426094055175781
# original_id 219018
v 0.62577140331268311 0.034901455044746399 -0.26093199849128723
# original_id 219027
v -0.61432874202728271 -1.1342003345489502 -0.30857199430465698
# original_id 219105
v -0.63076311349868774 -0.97533464431762695 -0.26142862439155579
# original_id 219224
v -0.084980055689811707 0.90386664867401123 0.67005318403244019
# original_id 219474
v -0.62940526008605957 -0.25094151496887207 -0.23667123913764954
# original_id 219566
v 0.18189191818237305 0.86850547790527344 0.5227501392364502
# original_id 219588
v -0.10230450332164764 -0.94567739963531494 0.65733301639556885
# original_id 219602
v 0.33135533332824707 -0.94781607389450073 0.65674906969070435
# original_id 219825
v 0.50136148929595947 1.1402455568313599 -0.30248025059700012
# original_id 219860
v -0.17066384851932526 0.55063009262084961 0.6840285062789917
# original_id 219918
v -0.21622687578201294 -0.13199439644813538 0.7409173846244812
# original_id 220392
v -0.24028724431991577 -0.19014844298362732 0.76245719194412231
# original_id 220415
v -0.045595657080411911 0.90366619825363159 0.66783404350280762
# original_id 220453
v -0.1712145060300827 0.81543678045272827 0.64743953943252563
# original_id 220459
v -0.10398753732442856 0.90565341711044312 0.66834068298339844
# original_id 220765
v -0.61831468343734741 -0.7737128734588623 -0.2638879120349884
# original_id 220999
v -0.62262606620788574 -0.21524752676486969 -0.23575711250305176
# original_id 221394
v 0.62235313653945923 -0.67291343212127686 -0.23943793773651123
# original_id 221411
v 0.62648493051528931 -0.71919757127761841 -0.26317670941352844
# original_id 221437
v 0.62291622161865234 0.96333223581314087 -0.26167502999305725
# original_id 221802
v 0.62503820657730103 0.62036800384521484 -0.28639504313468933
# original_id 221979
v -0.63038897514343262 1.090378999710083 -0.28736582398414612
# original_id 222002
v 0.11052899062633514 0.89357733726501465 0.65373533964157104
# original_id 222036
v 0.62308990955352783 0.68176406621932983 -0.28568810224533081
# original_id 222037
v 0.62342303991317749 0.72350084781646729 -0.2783474326133728
# original_id 222183
v -0.63183456659317017 0.45186761021614075 -0.28958180546760559
# original_id 222235
v -0.62738966941833496 0.56675457954406738 -0.25957497954368591
# original_id 222379
v 0.62132120132446289 -0.68911725282669067 -0.23876906931400299
# original_id 222701
v 0.62463533878326416 0.52634173631668091 -0.33452293276786804
# original_id 222832
v 0.62731271982192993 1.0711015462875366 -0.28754958510398865
# original_id 223038
v -0.62090718746185303 0.62733864784240723 -0.22971102595329285
# original_id 223481
v -0.62844324111938477 -0.67712891101837158 -0.28597211837768555
# original_id 223535
v -0.62366610765457153 -0.49507015943527222 -0.2627522349357605
# original_id 223687
v 0.62308382987976074 -0.40883070230484009 -0.28514999151229858
# original_id 223881
v 0.61812096834182739 1.1341413259506226 -0.28636562824249268
# original_id 223887
v 0.62730097770690918 0.65972393751144409 -0.28829464316368103
# original_id 223896
v -0.61535876989364624 -1.1102734804153442 -0.27465012669563293
# original_id 223947
v -0.62908536195755005 0.018147071823477745 -0.28869250416755676
# original_id 223973
v -0.63040268421173096 0.53347098827362061 -0.25957205891609192
# original_id 224007
v 0.048404484987258911 0.90559065341949463 0.67024248838424683
# original_id 224060
v -0.6331629753112793 0.5816994309425354 -0.24322862923145294
# original_id 224076
v -0.63161790370941162 0.57012462615966797 -0.26333820819854736
# original_id 224139
v 0.62765222787857056 -0.40467652678489685 -0.28656348586082458
# original_id 224203
v -0.15556338429450989 -0.53912299871444702 0.98898005485534668
# original_id 224281
v 0.62511283159255981 -0.9228096604347229 -0.33368712663650513
# original_id 224654
v 0.61831462383270264 -0.54108023643493652 -0.25603911280632019
# original_id 224697
v -0.6124146580696106 -1.1339432001113892 -0.28867104649543762
# original_id 224882
v -0.62885469198226929 -0.44208744168281555 -0.26146247982978821
# original_id 224897
v -0.55993551015853882 1.1438628435134888 -0.31216025352478027
# original_id 225239
v 0.62290400266647339 -1.1232753992080688 -0.28769874572753906
# original_id 225421
v -0.24551413953304291 -0.93611305952072144 0.65660625696182251
# original_id 225478
v -0.62454420328140259 0.97977429628372192 -0.28662887215614319
# original_id 225522
v -0.12380757182836533 -0.94761401414871216 0.65626758337020874
# original_id 225583
v 0.24499726295471191 0.85927712917327881 0.33100461959838867
# original_id 225716
v -0.11316133290529251 0.90612494945526123 0.66949528455734253
# original_id 225720
v 0.62129372358322144 0.7324187159538269 -0.27527469396591187
# original_id 225815
v -0.62798571586608887 0.07679343968629837 -0.28417468070983887
# original_id 226051
v 0.6233750581741333 0.72269415855407715 -0.33755427598953247
# original_id 226131
v 0.18004514276981354 0.86161750555038452 0.48358768224716187
# original_id 226273
v 0.62412834167480469 0.87072104215621948 -0.33397436141967773
# original_id 226318
v 0.6275022029876709 -0.073525711894035339 -0.33439663052558899
# original_id 226366
v 0.62599486112594604 -0.50283074378967285 -0.3363107442855835
# original_id 226426
v 0.61187869310379028 -1.1271675825119019 -0.28732591867446899
# original_id 226450
v -0.62895530462265015 -1.0443763732910156 -0.28498664498329163
# original_id 226478
v 0.16644369065761566 0.8749382495880127 0.65333223342895508
# original_id 226556
v 0.62589842081069946 1.0304901599884033 -0.28785258531570435
# original_id 226576
v 0.61911970376968384 -1.1273467540740967 -0.28732684254646301
# original_id 226803
v -0.63085728883743286 0.70331811904907227 -0.26249092817306519
# original_id 226867
v 0.025155706331133842 0.88457387685775757 0.6841425895690918
# original_id 226900
v -0.26248493790626526 0.71352583169937134 0.20895074307918549
# original_id 226939
v 0.091744609177112579 -0.41683334112167358 0.94094187021255493
# original_id 226941
v -0.11666090041399002 -0.94914275407791138 0.6539074182510376
# original_id 227041
v -0.62664175033569336 0.53802031278610229 -0.26451826095581055
# original_id 227290
v 0.37390679121017456 1.1375190019607544 -0.31205359101295471
# original_id 227291
v -0.24888457357883453 -0.14537906646728516 0.74664539098739624
# original_id 227415
v 0.4311462938785553 1.1349437236785889 -0.31254994869232178
# original_id 227445
v -0.1863631010055542 0.85613799095153809 0.65128916501998901
# original_id 227481
v 0.62291133403778076 0.69762164354324341 -0.28606405854225159
# original_id 227583
v -0.63182675838470459 -1.1202384233474731 -0.28698769211769104
# original_id 227653
v -0.62763863801956177 -0.061768677085638046 -0.23470386862754822
# original_id 227795
v 0.62403410673141479 1.0362999439239502 -0.33555606007575989
# original_id 227847
v 0.10995505750179291 -1.1306000947952271 -0.31171140074729919
# original_id 227953
v 0.62523198127746582 -0.15422485768795013 -0.33760249614715576
# original_id 227958
v -0.18000489473342896 -1.128266453742981 -0.31287479400634766
# original_id 227970
v 0.62466150522232056 -0.01011389959603548 -0.33428966999053955
# original_id 227980
v -0.63220834732055664 -1.0004094839096069 -0.26287442445755005
# original_id 228166
v 0.24881462752819061 0.85519468784332275 0.35225769877433777
# original_id 228247
v -0.59431850910186768 1.1431108713150024 -0.28689515590667725
# original_id 228308
v 0.6227685809135437 -0.75215786695480347 -0.26147747039794922
# original_id 228358
v -0.62824249267578125 -1.1293150186538696 -0.28803634643554688
# original_id 228411
v 0.13410802185535431 0.8055574893951416 0.40938302874565125
# original_id 228440
v -0.62834024429321289 0.74592918157577515 -0.26466396450996399
# original_id 228458
v -0.55933624505996704 1.1406359672546387 -0.31338071823120117
# original_id 228525
v -0.58542776107788086 -1.1273092031478882 -0.29107069969177246
# original_id 228529
v -0.63120865821838379 -0.0028751222416758537 -0.26085144281387329
# original_id 228544
v -0.33591708540916443 -0.94902265071868896 0.64166456460952759
# original_id 228574
v -0.62685877084732056 -0.37342759966850281 -0.2624891996383667
# original_id 228588
v -0.62979590892791748 0.81985747814178467 -0.2874768078327179
# original_id 228633
v 0.62306088209152222 -0.61992019414901733 -0.23935726284980774
# original_id 228637
v -0.631977379322052 -0.53551912307739258 -0.2625775933265686
# original_id 228785
v -0.36127248406410217 -0.94778096675872803 0.653190016746521
# original_id 228849
v 0.13232788443565369 0.80452090501785278 0.45115840435028076
# original_id 229007
v -0.32622566819190979 -0.86912047863006592 0.63982182741165161
# original_id 229024
v -0.62950599193572998 0.64617049694061279 -0.23389922082424164
# original_id 229077
v 0.2465994656085968 0.85667252540588379 0.32842493057250977
# original_id 229096
v 0.18675050139427185 0.85815930366516113 0.60408651828765869
# original_id 229145
v 0.2481447160243988 0.85923343896865845 0.3579290509223938
# original_id 229188
v -0.37617835402488708 -0.63548380136489868 0.91868823766708374
# original_id 229193
v -0.63065558671951294 0.98956906795501709 -0.28613501787185669
# original_id 229299
v 0.061509743332862854 0.90666669607162476 0.67069005966186523
# original_id 229659
v 0.62695091962814331 -0.8272632360458374 -0.3341698944568634
# original_id 229754
v 0.62528377771377563 0.13426992297172546 -0.33746212720870972
# original_id 230132
v -0.63001918792724609 -0.44171079993247986 -0.26317983865737915
# original_id 230363
v 0.18268214166164398 0.87047141790390015 0.51949542760848999
# original_id 230567
v -0.18748797476291656 0.85053586959838867 0.65169805288314819
# original_id 230577
v 0.15563675761222839 0.88411378860473633 0.63725167512893677
# original_id 230596
v 0.62476789951324463 -0.78433132171630859 -0.28779876232147217
# original_id 230684
v -0.63148617744445801 1.1408692598342896 -0.28412321209907532
# original_id 230966
v -0.46478894352912903 -1.1319406032562256 -0.31307163834571838
# original_id 231327
v 0.62555420398712158 0.64603465795516968 -0.33755680918693542
# original_id 231415
v -0.61991041898727417 -0.65831184387207031 -0.27411505579948425
# original_id 231769
v 0.1805407702922821 0.86282652616500854 0.64806669950485229
# original_id 231775
v 0.13244004547595978 0.8071666955947876 0.51664108037948608
# original_id 232047
v -0.20815812051296234 -0.53720372915267944 0.97558063268661499
# original_id 232138
v -0.62936443090438843 0.54684597253799438 -0.26149937510490417
# original_id 232165
v -0.62758618593215942 -0.66975653171539307 -0.2861991822719574
# original_id 232399
v 0.62105536460876465 0.56556111574172974 -0.25936701893806458
# original_id 232470
v 0.53973764181137085 -1.1393463611602783 -0.31046855449676514
# original_id 232578
v 0.03324621170759201 -1.1283767223358154 -0.2853703498840332
# original_id 232618
v -0.34559491276741028 1.1323119401931763 -0.29906612634658813
# original_id 232674
v -0.62880724668502808 -0.082378983497619629 -0.24027258157730103
# original_id 232901
v -0.38072663545608521 -1.1299605369567871 -0.31190228462219238
# original_id 232980
v -0.63164103031158447 -1.0026112794876099 -0.26324182748794556
# original_id 233037
v 0.62580841779708862 0.81641119718551636 -0.32832783460617065
# original_id 233039
v 0.62537634372711182 0.011874089948832989 -0.33026924729347229
# original_id 233153
v -0.62694895267486572 0.35294243693351746 -0.2871059775352478
# original_id 233333
v -0.25084954500198364 -0.43335714936256409 0.92933452129364014
# original_id 233498
v -0.63052588701248169 -0.018452448770403862 -0.26429769396781921
# original_id 233545
v 0.1831171065568924 0.62250369787216187 0.65665996074676514
# original_id 233565
v -0.18429817259311676 0.53011012077331543 0.67182642221450806
# original_id 233590
v 0.31401342153549194 0.93239271640777588 0.10048475116491318
# original_id 233897
v -0.5354541540145874 1.1379135847091675 -0.3120880126953125
# original_id 233912
v -0.62053489685058594 0.5969698429107666 -0.23161564767360687
# original_id 233996
v 0.62730354070663452 -0.57181823253631592 -0.23640987277030945
# original_id 234024
v 0.13152648508548737 0.80564987659454346 0.49683812260627747
# original_id 234033
v 0.18464545905590057 0.85537517070770264 0.60178142786026001
# original_id 234061
v -0.63085317611694336 0.18483169376850128 -0.29043218493461609
# original_id 234098
v -0.18578840792179108 0.84414756298065186 0.65188330411911011
# original_id 234142
v 0.62451785802841187 -0.045559696853160858 -0.28566858172416687
# original_id 234457
v -0.25840118527412415 1.1351722478866577 -0.31031477451324463
# original_id 234495
v -0.29237890243530273 0.041582297533750534 0.44844076037406921
# original_id 234584
v 0.17928354442119598 0.53380197286605835 0.63134372234344482
# original_id 234606
v 0.62759500741958618 0.2052835077047348 -0.33716744184494019
# original_id 234641
v 0.62662869691848755 0.016585100442171097 -0.32875508069992065
# original_id 234829
v -0.62997454404830933 -1.052077054977417 -0.28793606162071228
# original_id 234967
v 0.62613421678543091 -1.0565277338027954 -0.28879114985466003
# original_id 235049
v -0.63187545537948608 0.74674558639526367 -0.26051387190818787
# original_id 235103
v 0.099405087530612946 0.90564066171646118 0.66829907894134521
# original_id 235204
v 0.62610429525375366 -0.26150572299957275 -0.28735819458961487
# original_id 235268
v 0.18398608267307281 0.87222099304199219 0.53363144397735596
# original_id 235288
v -0.073381640017032623 -0.94881290197372437 0.65523868799209595
# original_id 235480
v -0.20303471386432648 -0.94757896661758423 0.644664466381073
# original_id 235502
v -0.24674290418624878 -0.87104511260986328 0.65134823322296143
# original_id 235508
v 0.23415340483188629 0.90457737445831299 0.23701532185077667
# original_id 235584
v 0.37515577673912048 1.1332665681838989 -0.31234756112098694
# original_id 235643
v -0.62678629159927368 0.0011109354672953486 -0.26655545830726624
# original_id 235726
v -0.21547673642635345 -0.53890484571456909 0.98815315961837769
# original_id 235728
v 0.62416410446166992 -0.20127557218074799 -0.28672465682029724
# original_id 235730
v 0.18281146883964539 0.61070501804351807 0.65390264987945557
# original_id 235824
v 0.18205377459526062 0.87612324953079224 0.65104705095291138
# original_id 236041
v 0.36750471591949463 1.1403796672821045 -0.30647426843643188
# original_id 236084
v 0.13771501183509827 -0.4145585298538208 0.9413372278213501
# original_id 236505
v -0.62700337171554565 -0.80776745080947876 -0.26286700367927551
# original_id 236589
v -0.62720519304275513 0.61336392164230347 -0.23256014287471771
# original_id 236599
v 0.13097311556339264 0.8060687780380249 0.5059514045715332
# original_id 236609
v -0.62977248430252075 -0.41512975096702576 -0.26193973422050476
# original_id 236689
v -0.62898224592208862 -0.025423739105463028 -0.2608153223991394
# original_id 236706
v -0.35019657015800476 -0.94898200035095215 0.64531707763671875
# original_id 236898
v -0.62616145610809326 -1.1305886507034302 -0.28792476654052734
# original_id 237011
v -0.62964373826980591 0.40901565551757812 -0.28549432754516602
# original_id 237028
v 0.090917676687240601 -0.41218233108520508 0.93789005279541016
# original_id 237099
v -0.62881070375442505 0.90345823764801025 -0.28617238998413086
# original_id 237161
v -0.1222362294793129 -0.94393271207809448 0.65506207942962646
# original_id 237165
v 0.15980955958366394 0.53196632862091064 0.65195304155349731
# original_id 237179
v -0.62861579656600952 0.84410125017166138 -0.28576040267944336
# original_id 237275
v -0.61426740884780884 -1.1388537883758545 -0.28693702816963196
# original_id 237404
v 0.62720239162445068 -0.55845564603805542 -0.26634013652801514
# original_id 237704
v 0.16687527298927307 0.87583714723587036 0.65093123912811279
# original_id 237750
v 0.62795281410217285 -0.73835361003875732 -0.33178988099098206
# original_id 237754
v 0.62636405229568481 -0.66968303918838501 -0.32892131805419922
# original_id 237858
v 0.62632548809051514 -0.21914947032928467 -0.33648616075515747
# original_id 237863
v 0.6264653205871582 -0.29812207818031311 -0.33530178666114807
# original_id 238059
v 0.57893306016921997 1.1343917846679688 -0.28547972440719604
# original_id 238233
v 0.11252881586551666 -0.94939345121383667 0.65202319622039795
# original_id 238296
v -0.62660121917724609 -0.37686198949813843 -0.26163634657859802
# original_id 238436
v -0.62845462560653687 -0.47787520289421082 -0.26167461276054382
# original_id 238485
v -0.36979126930236816 -0.95059996843338013 0.65542584657669067
# original_id 238583
v 0.16005709767341614 0.88160765171051025 0.64096617698669434
# original_id 238722
v -0.32625091075897217 -0.83317118883132935 0.63379758596420288
# original_id 238725
v 0.218685582280159 1.1246438026428223 -0.29723390936851501
# original_id 238766
v 0.24571822583675385 0.90076750516891479 0.15509235858917236
# original_id 238779
v -0.37575531005859375 -0.82492303848266602 0.68014854192733765
# original_id 238877
v -0.62952613830566406 0.015834212303161621 -0.28727841377258301
# original_id 238974
v -0.47987678647041321 1.1326509714126587 -0.30027499794960022
# original_id 239042
v 0.62604576349258423 -0.50041621923446655 -0.29654768109321594
# original_id 239091
v 0.62343162298202515 0.99382179975509644 -0.33175274729728699
# original_id 239121
v 0.62454921007156372 0.71928143501281738 -0.33469098806381226
# original_id 239218
v 0.62681013345718384 0.65200114250183105 -0.3309268057346344
# original_id 239219
v 0.62140834331512451 -0.13527710735797882 -0.33994379639625549
# original_id 239413
v 0.62953430414199829 0.13384014368057251 -0.32270112633705139
# original_id 239419
v 0.054442182183265686 0.8997577428817749 0.67691904306411743
# original_id 239580
v 0.62371474504470825 -1.1012232303619385 -0.28790503740310669
# original_id 239733
v -0.62673944234848022 -0.020850149914622307 -0.25977283716201782
# original_id 239776
v 0.6223989725112915 0.44873073697090149 -0.25768250226974487
# original_id 239781
v -0.62649261951446533 -0.25059047341346741 -0.23700620234012604
# original_id 239867
v -0.090329311788082123 -0.95143496990203857 0.64789938926696777
# original_id 240036
v 0.62501621246337891 0.13685677945613861 -0.23671859502792358
# original_id 240088
v -0.15472136437892914 0.53350645303726196 0.65592426061630249
# original_id 240117
v 0.62486296892166138 -0.92609292268753052 -0.28869578242301941
# original_id 240276
v -0.61780577898025513 -1.1184022426605225 -0.27305099368095398
# original_id 240399
v -0.50422376394271851 -1.1310842037200928 -0.31234824657440186
# original_id 240435
v 0.62597399950027466 -0.47479397058486938 -0.28641244769096375
# original_id 240454
v 0.19362717866897583 1.1353659629821777 -0.31173008680343628
# original_id 240540
v -0.62997865676879883 0.5096895694732666 -0.29371923208236694
# original_id 240547
v -0.62780117988586426 0.49041351675987244 -0.29520684480667114
# original_id 240601
v 0.032199148088693619 0.902454674243927 0.67009615898132324
# original_id 240624
v 0.62046098709106445 -0.1674976646900177 -0.33098679780960083
# original_id 240727
v 0.62607890367507935 0.027613317593932152 -0.33236494660377502
# original_id 240907
v -0.62969774007797241 -0.97647261619567871 -0.26201662421226501
# original_id 241051
v 0.62319409847259521 0.15664477646350861 -0.23686477541923523
# original_id 241279
v 0.18287123739719391 0.86882495880126953 0.50764966011047363
# original_id 241356
v -0.25160256028175354 -0.43726959824562073 0.92817717790603638
# original_id 241392
v -0.19744855165481567 -0.92446357011795044 0.6356194019317627
# original_id 241437
v -0.62717616558074951 0.33664005994796753 -0.28248578310012817
# original_id 241468
v 0.62515890598297119 0.08450886607170105 -0.23596049845218658
# original_id 241476
v -0.11698433756828308 -0.94918471574783325 0.64502894878387451
# original_id 241477
v 0.12009744346141815 0.89508223533630371 0.6678396463394165
# original_id 241510
v -0.5223691463470459 1.1407511234283447 -0.31236222386360168
# original_id 241555
v 0.62360495328903198 -0.97216993570327759 -0.28943833708763123
# original_id 241634
v 0.62549549341201782 -0.32715630531311035 -0.29065835475921631
# original_id 241643
v 0.18391448259353638 0.5509498119354248 0.66176354885101318
# original_id 241705
v 0.62104290723800659 -0.57069724798202515 -0.23755183815956116
# original_id 241888
v -0.51653069257736206 -1.1334249973297119 -0.31525635719299316
# original_id 241973
v 0.1954030841588974 -1.1348658800125122 -0.31361281871795654
# original_id 242014
v 0.10822045803070068 -1.1310268640518188 -0.31014502048492432
# original_id 242055
v -0.39518380165100098 -1.1314504146575928 -0.33464634418487549
# original_id 242065
v 0.064553983509540558 -0.94538503885269165 0.65769296884536743
# original_id 242099
v 0.62318432331085205 -0.14713361859321594 -0.34168493747711182
# original_id 242117
v 0.41822168231010437 -1.1282007694244385 -0.30914008617401123
# original_id 242313
v 0.31406304240226746 0.92979216575622559 0.1024223193526268
# original_id 242450
v 0.62008893489837646 -1.1266874074935913 -0.28768500685691833
# original_id 242500
v -0.11652352660894394 0.90159624814987183 0.66971206665039062
# original_id 242995
v -0.19876684248447418 -0.86245030164718628 0.63266581296920776
# original_id 243177
v 0.18282851576805115 0.5477256178855896 0.6528705358505249
# original_id 243188
v -0.22317880392074585 -0.44038468599319458 0.87661451101303101
# original_id 243287
v 0.6280517578125 -0.55831289291381836 -0.26406976580619812
# original_id 243308
v -0.60754883289337158 -1.1333280801773071 -0.28961452841758728
# original_id 243490
v 0.62675756216049194 0.69300723075866699 -0.32743492722511292
# original_id 243567
v 0.025394216179847717 0.90266668796539307 0.66913807392120361
# original_id 243939
v 0.62592196464538574 1.0359891653060913 -0.2898610532283783
# original_id 244086
v 0.12159936875104904 0.90226590633392334 0.67037421464920044
# original_id 244157
v -0.63013792037963867 0.81777268648147583 -0.28590548038482666
# original_id 244387
v -0.62802708148956299 -0.5002439022064209 -0.26304987072944641
# original_id 244559
v 0.24671797454357147 0.85757732391357422 0.32436159253120422
# original_id 244634
v -0.62580746412277222 0.661948561668396 -0.23496191203594208
# original_id 244653
v 0.62502133846282959 1.131732702255249 -0.28980538249015808
# original_id 244700
v -0.62753146886825562 -0.60312867164611816 -0.28551200032234192
# original_id 244843
v -0.37548854947090149 -0.71188873052597046 0.8156205415725708
# original_id 244850
v -0.62977707386016846 -0.72650450468063354 -0.28462028503417969
# original_id 244936
v 0.62591826915740967 0.70942622423171997 -0.32636287808418274
# original_id 245007
v -0.0046106129884719849 0.89785701036453247 0.18731695413589478
# original_id 245101
v 0.62750262022018433 0.79642879962921143 -0.33183532953262329
# original_id 245105
v 0.62373572587966919 0.87867343425750732 -0.33530953526496887
# original_id 245141
v 0.62704241275787354 -0.064361222088336945 -0.33494213223457336
# original_id 245164
v 0.62440228462219238 -0.032510325312614441 -0.33686730265617371
# original_id 245242
v -0.08281320333480835 0.9027937650680542 0.67342841625213623
# original_id 245285
v -0.60600680112838745 -1.1310629844665527 -0.28650259971618652
# original_id 245447
v -0.6290317177772522 -0.42582210898399353 -0.26421836018562317
# original_id 245844
v -0.22489224374294281 -0.9487994909286499 0.64317560195922852
# original_id 245886
v -0.62738162279129028 0.59158283472061157 -0.23596848547458649
# original_id 245894
v 0.62335121631622314 -0.27969211339950562 -0.2850404679775238
# original_id 245899
v -0.21582233905792236 -0.39120474457740784 0.77834713459014893
# original_id 245992
v 0.62469315528869629 -0.33240154385566711 -0.28954678773880005
# original_id 246034
v -0.37214472889900208 -0.82491719722747803 0.68004065752029419
# original_id 246142
v -0.62552827596664429 -0.60303270816802979 -0.28746283054351807
# original_id 246257
v 0.62407922744750977 -0.15460659563541412 -0.28882068395614624
# original_id 246264
v 0.6212041974067688 -0.47647184133529663 -0.28482553362846375
# original_id 246399
v -0.37046137452125549 -1.1377400159835815 -0.30994290113449097
# original_id 246415
v 0.6254766583442688 0.2632465660572052 -0.33720138669013977
# original_id 246466
v 0.25146418809890747 0.90745824575424194 0.23219430446624756
# original_id 246480
v 0.62289798259735107 0.29263627529144287 -0.33639466762542725
# original_id 246495
v -0.23709161579608917 -1.1374083757400513 -0.31018635630607605
# original_id 246754
v -0.32926157116889954 -0.83456778526306152 0.63225269317626953
# original_id 246830
v 0.62373983860015869 0.15186889469623566 -0.23735959827899933
# original_id 246930
v -0.6257016658782959 -0.031965192407369614 -0.26093325018882751
# original_id 247032
v -0.26276302337646484 0.71025460958480835 0.22822819650173187
# original_id 247136
v -0.37258002161979675 -0.94595962762832642 0.65340650081634521
# original_id 247207
v -0.22249531745910645 -0.43468749523162842 0.91439944505691528
# original_id 247240
v 0.62327301502227783 -0.1844809502363205 -0.28768312931060791
# original_id 247264
v -0.1510050892829895 0.53465688228607178 0.65277725458145142
# original_id 247291
v 0.62712603807449341 0.6382911205291748 -0.29067379236221313
# original_id 247295
v -0.32565459609031677 -0.87535232305526733 0.63686907291412354
# original_id 247359
v -0.16015756130218506 0.88427376747131348 0.64033675193786621
# original_id 247370
v 0.62157976627349854 0.33938974142074585 -0.26129570603370667
# original_id 247412
v -0.63026279211044312 0.76055294275283813 -0.26272514462471008
# original_id 247504
v -0.62715911865234375 -1.1075301170349121 -0.28675973415374756
# original_id 247623
v -0.62909966707229614 0.15967413783073425 -0.28498196601867676
# original_id 247660
v 0.62703371047973633 0.31215959787368774 -0.24161195755004883
# original_id 247747
v -0.62968701124191284 0.045251037925481796 -0.28781509399414062
# original_id 247919
v 0.62135326862335205 0.067753702402114868 -0.33271259069442749
# original_id 248133
v 0.62381690740585327 0.12351017445325851 -0.23465344309806824
# original_id 248209
v 0.62271088361740112 0.79633378982543945 -0.26286807656288147
# original_id 248214
v -0.59237730503082275 -1.134001612663269 -0.29033401608467102
# original_id 248308
v 0.62263953685760498 -0.72083717584609985 -0.26140156388282776
# original_id 248326
v 0.62661832571029663 0.96661841869354248 -0.26302140951156616
# original_id 248349
v 0.37095355987548828 -0.94606047868728638 0.65485048294067383
# original_id 248492
v 0.62658518552780151 0.07524794340133667 -0.23682296276092529
# original_id 248496
v -0.20642529428005219 -0.95028179883956909 0.64496588706970215
# original_id 248497
v -0.070510424673557281 -0.95156514644622803 0.63962608575820923
# original_id 248615
v 0.62214195728302002 0.57179224491119385 -0.26191139221191406
# original_id 248727
v 0.027436563745141029 0.89553737640380859 0.68283802270889282
# original_id 248790
v -0.62837785482406616 -1.1058187484741211 -0.28724920749664307
# original_id 248889
v -0.17786714434623718 0.87449371814727783 0.65106368064880371
# original_id 249488
v 0.18463921546936035 0.8288494348526001 0.65008223056793213
# original_id 249630
v 0.5957411527633667 1.1363272666931152 -0.28180354833602905
# original_id 249651
v -0.25919747352600098 0.71540200710296631 0.2140132337808609
# original_id 249736
v -0.17717994749546051 0.44398155808448792 0.63741040229797363
# original_id 249776
v 0.087744727730751038 -0.41285043954849243 0.93693888187408447
# original_id 249780
v -0.19801616668701172 -0.91842979192733765 0.6357804536819458
# original_id 249787
v -0.62584888935089111 0.63843029737472534 -0.23252730071544647
# original_id 249812
v -0.38202998042106628 1.1394582986831665 -0.31237870454788208
# original_id 249853
v 0.62039953470230103 0.096322439610958099 -0.23192387819290161
# original_id 249897
v -0.14877414703369141 0.8672713041305542 0.64824563264846802
# original_id 249941
v -0.094438239932060242 0.89507448673248291 0.68546056747436523
# original_id 249950
v 0.37565675377845764 1.1355658769607544 -0.31235751509666443
# original_id 250054
v 0.24966385960578918 0.85849416255950928 0.359121173620224
# original_id 250099
v 0.61767387390136719 1.1358389854431152 -0.28620123863220215
# original_id 250147
v -0.62803125381469727 -0.57698923349380493 -0.28744539618492126
# original_id 250300
v -0.18526265025138855 0.81047016382217407 0.65136462450027466
# original_id 250483
v -0.24911133944988251 -0.94926106929779053 0.65659594535827637
# original_id 250599
v 0.6260567307472229 -0.40001124143600464 -0.33856114745140076
# original_id 250608
v 0.12851428985595703 -0.4407660961151123 0.91679739952087402
# original_id 250697
v 0.62180525064468384 1.0885599851608276 -0.2853083610534668
# original_id 250698
v 0.62104672193527222 -0.53924936056137085 -0.25987729430198669
# original_id 250700
v -0.62828534841537476 -1.0273118019104004 -0.28763988614082336
# original_id 250929
v 0.10251232981681824 -0.94607967138290405 0.65534323453903198
# original_id 251087
v -0.24226394295692444 -0.40720841288566589 0.92541617155075073
# original_id 251269
v -0.62438976764678955 0.59940415620803833 -0.23244228959083557
# original_id 251356
v 0.2517063319683075 1.1371357440948486 -0.31087023019790649
# original_id 251413
v 0.25041350722312927 0.8610832691192627 0.36003774404525757
# original_id 251454
v 0.62628597021102905 1.1266254186630249 -0.28951501846313477
# original_id 251537
v -0.071226537227630615 -0.89397400617599487 0.63568234443664551
# original_id 251691
v 0.62619549036026001 0.70700728893280029 -0.32567512989044189
# original_id 251884
v 0.62668389081954956 -0.059116598218679428 -0.33475023508071899
# original_id 251900
v 0.12055155634880066 0.90764790773391724 0.66933506727218628
# original_id 251931
v 0.62663424015045166 -0.5321042537689209 -0.33364301919937134
# original_id 252469
v -0.35764425992965698 -0.95035082101821899 0.6463547945022583
# original_id 252557
v 0.62561488151550293 0.087781921029090881 -0.23741383850574493
# original_id 252566
v 0.51642602682113647 1.1363464593887329 -0.30977091193199158
# original_id 252759
v 0.18378809094429016 0.56750887632369995 0.65572285652160645
# original_id 252790
v 0.37263929843902588 1.1415448188781738 -0.31067031621932983
# original_id 252826
v -0.63087975978851318 0.017207762226462364 -0.28623348474502563
# original_id 252856
v -0.35658159852027893 1.138440728187561 -0.31230175495147705
# original_id 252905
v -0.63032609224319458 -0.091272242367267609 -0.23627413809299469
# original_id 253008
v 0.62779247760772705 1.0027779340744019 -0.32719129323959351
# original_id 253191
v 0.088899292051792145 -1.1335947513580322 -0.31042182445526123
# original_id 253552
v 0.18358781933784485 0.87132805585861206 0.53366822004318237
# original_id 253702
v -0.6323125958442688 -1.0899506807327271 -0.28868600726127625
# original_id 253888
v 0.62026244401931763 0.91781675815582275 -0.2611667811870575
# original_id 253933
v 0.1852567046880722 0.8652147650718689 0.56284433603286743
# original_id 254014
v 0.62474638223648071 0.95493888854980469 -0.33205282688140869
# original_id 254151
v 0.62226128578186035 -0.36670622229576111 -0.2889988124370575
# original_id 254202
v -0.5421479344367981 1.1349166631698608 -0.29936346411705017
# original_id 254395
v 0.62382960319519043 -0.53729718923568726 -0.25939935445785522
# original_id 254553
v 0.62421554327011108 0.16012248396873474 -0.23765368759632111
# original_id 254666
v -0.055146846920251846 0.90535473823547363 0.6711585521697998
# original_id 254790
v 0.55668520927429199 1.1410825252532959 -0.30634483695030212
# original_id 254806
v -0.21156114339828491 -0.5371396541595459 0.98576450347900391
# original_id 254905
v 0.0043925652280449867 0.90517681837081909 0.67018038034439087
# original_id 255008
v -0.62614136934280396 0.57853811979293823 -0.23826779425144196
# original_id 255075
v -0.12207569181919098 -0.92112666368484497 0.65375345945358276
# original_id 255241
v 0.62373387813568115 0.74859684705734253 -0.28538230061531067
# original_id 255339
v -0.33421111106872559 1.1365432739257812 -0.31133776903152466
# original_id 255495
v -0.63137143850326538 -1.0880259275436401 -0.29028818011283875
# original_id 255594
v -0.14790120720863342 -1.1304167509078979 -0.31168743968009949
# original_id 255606
v -0.29387211799621582 0.039868060499429703 0.45298969745635986
# original_id 255633
v 0.52453327178955078 1.1247559785842896 -0.29615303874015808
# original_id 255701
v -0.24719429016113281 -0.93702894449234009 0.6548306941986084
# original_id 255706
v 0.62668585777282715 -0.38399139046669006 -0.33237826824188232
# original_id 255916
v 0.6246640682220459 -0.33907309174537659 -0.33368700742721558
# original_id 255926
v -0.62777179479598999 0.54409545660018921 -0.2623189389705658
# original_id 256082
v 0.1802276074886322 0.8732038140296936 0.46502745151519775
# original_id 256123
v 0.60519033670425415 -1.1300607919692993 -0.28636932373046875
# original_id 256306
v -0.63021367788314819 0.71387201547622681 -0.26572614908218384
# original_id 256464
v 0.2994421124458313 0.9298974871635437 0.13797479867935181
# original_id 256607
v -0.62632584571838379 0.59036356210708618 -0.23555302619934082
# original_id 256711
v 0.6250641942024231 -0.35235145688056946 -0.29176649451255798
# original_id 256810
v 0.62498414516448975 0.74360197782516479 -0.28644672036170959
# original_id 256884
v -0.46398788690567017 -1.1293909549713135 -0.31071865558624268
# original_id 256945
v -0.63119965791702271 -0.071702435612678528 -0.23879538476467133
# original_id 256953
v -0.49766919016838074 -1.1335046291351318 -0.31260457634925842
# original_id 256989
v -0.6295008659362793 0.45940768718719482 -0.29004666209220886
# original_id 257057
v -0.62902069091796875 -0.34770685434341431 -0.26107203960418701
# original_id 257148
v -0.32984158396720886 -1.1331658363342285 -0.31137749552726746
# original_id 257257
v 0.3804033100605011 -1.1314332485198975 -0.30914780497550964
# original_id 257278
v -0.62598687410354614 -0.76108467578887939 -0.26310312747955322
# original_id 257371
v -0.10109139978885651 -1.1341516971588135 -0.34206736087799072
# original_id 257529
v 0.18433515727519989 0.87277013063430786 0.54625529050827026
# original_id 257634
v 0.18390294909477234 0.83943456411361694 0.64960753917694092
# original_id 257674
v 0.17876361310482025 0.50849628448486328 0.63377189636230469
# original_id 257730
v -0.63038861751556396 0.74814116954803467 -0.26464128494262695
# original_id 257777
v -0.6265227198600769 -0.54323965311050415 -0.26101061701774597
# original_id 257862
v 0.20598602294921875 1.1301203966140747 -0.30337369441986084
# original_id 257885
v -0.37037205696105957 -0.94922393560409546 0.64548885822296143
# original_id 257930
v 0.13236530125141144 0.80443894863128662 0.44660389423370361
# original_id 257941
v -0.62981992959976196 -0.48558631539344788 -0.25936508178710938
# original_id 257968
v -0.20309939980506897 -0.95034432411193848 0.63694959878921509
# original_id 258438
v -0.14473597705364227 -1.1343512535095215 -0.31091830134391785
# original_id 258466
v -0.3290306031703949 -1.1296186447143555 -0.314308762550354
# original_id 258475
v -0.62753927707672119 0.059197302907705307 -0.28125789761543274
# original_id 258554
v 0.62750440835952759 0.71455544233322144 -0.32739374041557312
# original_id 258970
v -0.18645906448364258 0.8698611855506897 0.65112310647964478
# original_id 259139
v -0.3254733681678772 -0.89170551300048828 0.63566756248474121
# original_id 259166
v -0.63260680437088013 -0.52548182010650635 -0.26505279541015625
# original_id 259212
v -0.34422817826271057 -0.9483221173286438 0.65390801429748535
# original_id 259232
v -0.62757986783981323 0.62022489309310913 -0.23558874428272247
# original_id 259313
v 0.61983078718185425 -0.79778152704238892 -0.28444445133209229
# original_id 259337
v -0.19868119060993195 -0.86223602294921875 0.63764339685440063
# original_id 259472
v 0.24784380197525024 0.85243266820907593 0.36063939332962036
# original_id 259519
v 0.62470442056655884 0.69693940877914429 -0.28696656227111816
# original_id 259555
v 0.0060498039238154888 -1.1325334310531616 -0.28714796900749207
# original_id 259748
v -0.63153499364852905 -0.0039815674535930157 -0.26204624772071838
# original_id 260119
v 0.62332218885421753 0.040857631713151932 -0.26042279601097107
# original_id 260552
v -0.61348658800125122 -1.1369398832321167 -0.28620773553848267
# original_id 260671
v 0.16206265985965729 0.8848603367805481 0.63519346714019775
# original_id 260727
v 0.62357878684997559 0.60710906982421875 -0.2831304669380188
# original_id 260802
v 0.62181401252746582 0.55894052982330322 -0.25718966126441956
# original_id 260966
v -0.63192659616470337 -0.57855689525604248 -0.28833547234535217
# original_id 260982
v -0.6292041540145874 0.52971184253692627 -0.26150131225585938
# original_id 261123
v 0.23081058263778687 -1.1322243213653564 -0.31064707040786743
# original_id 261216
v 0.18272839486598969 0.87144404649734497 0.45639115571975708
# original_id 261511
v -0.63067531585693359 -1.0492489337921143 -0.28661110997200012
# original_id 261650
v 0.62316465377807617 -1.0418131351470947 -0.28640064597129822
# original_id 261685
v 0.62474149465560913 0.21369798481464386 -0.23437073826789856
# original_id 261826
v -0.6248968243598938 -0.54779762029647827 -0.26048678159713745
# original_id 261964
v -0.62770909070968628 1.1049503087997437 -0.28282031416893005
# original_id 262052
v -0.63023710250854492 0.89578181505203247 -0.28627544641494751
# original_id 262098
v -0.12075336277484894 -0.92157173156738281 0.65404844284057617
# original_id 262146
v -0.071361564099788666 0.46758937835693359 0.55280780792236328
# original_id 262171
v -0.36913043260574341 -0.81986385583877563 0.68579387664794922
# original_id 262182
v -0.62775301933288574 1.0733004808425903 -0.28706899285316467
# original_id 262279
v -0.62848842144012451 0.52842932939529419 -0.25698721408843994
# original_id 262345
v -0.50451153516769409 -1.128609299659729 -0.30594632029533386
# original_id 262395
v -0.62501925230026245 0.12537457048892975 -0.28195065259933472
# original_id 262408
v 0.20661818981170654 -1.1300632953643799 -0.30952280759811401
# original_id 262454
v -0.62728828191757202 0.18742085993289948 -0.28359007835388184
# original_id 262506
v -0.62564253807067871 0.031997255980968475 -0.28233888745307922
# original_id 262529
v 0.62649834156036377 0.64281100034713745 -0.32621574401855469
# original_id 262762
v 0.62404865026473999 1.1139777898788452 -0.28640788793563843
# original_id 262811
v -0.62987905740737915 -0.96912682056427002 -0.26133456826210022
# original_id 262858
v 0.62503218650817871 1.0468794107437134 -0.28655058145523071
# original_id 262920
v 0.62477511167526245 0.15690776705741882 -0.23788124322891235
# original_id 262927
v 0.18222250044345856 0.86290812492370605 0.64978522062301636
# original_id 262950
v 0.18254090845584869 0.83427232503890991 0.64970964193344116
# original_id 262968
v -0.62909704446792603 1.1333854198455811 -0.28578048944473267
# original_id 263034
v 0.18368902802467346 0.60425561666488647 0.65391653776168823
# original_id 263072
v -0.63097363710403442 -0.5467529296875 -0.26211288571357727
# original_id 263234
v -0.63009166717529297 -0.5096585750579834 -0.26162990927696228
# original_id 263241
v 0.62383049726486206 -0.68522131443023682 -0.23863247036933899
# original_id 263259
v 0.62264972925186157 0.10599187761545181 -0.23674960434436798
# original_id 263382
v 0.24780389666557312 0.84492611885070801 0.32327860593795776
# original_id 263421
v -0.36817234754562378 -0.82220667600631714 0.68070250749588013
# original_id 263431
v 0.25043058395385742 0.84999543428421021 0.3675365149974823
# original_id 263467
v 0.62572503089904785 1.1236342191696167 -0.28892654180526733
# original_id 263482
v 0.623432457447052 0.26922744512557983 -0.23283383250236511
# original_id 263681
v 0.62340760231018066 0.31750291585922241 -0.23740582168102264
# original_id 263929
v 0.62743657827377319 -0.25547447800636292 -0.33366334438323975
# original_id 263954
v 0.62438291311264038 -0.29958692193031311 -0.28802382946014404
# original_id 264261
v -0.62798964977264404 0.72202807664871216 -0.26383966207504272
# original_id 264325
v 0.31323546171188354 0.92681628465652466 0.11705107241868973
# original_id 264646
v -0.48369228839874268 1.1365793943405151 -0.31313827633857727
# original_id 264666
v 0.18122994899749756 0.5714949369430542 0.6549111008644104
# original_id 264727
v -0.62782531976699829 0.52048790454864502 -0.26055926084518433
# original_id 264858
v 0.2128763347864151 -1.1325087547302246 -0.31385189294815063
# original_id 264890
v -0.62961173057556152 0.2058471143245697 -0.2848336398601532
# original_id 264933
v 0.035665813833475113 0.9052390456199646 0.66871249675750732
# original_id 264944
v 0.62806528806686401 0.51300466060638428 -0.32593891024589539
# original_id 265069
v 0.62523514032363892 0.56081503629684448 -0.32886213064193726
# original_id 265185
v 0.62527793645858765 1.0650269985198975 -0.2884637713432312
# original_id 265219
v -0.60652297735214233 -1.1344366073608398 -0.28972375392913818
# original_id 265376
v -0.17394350469112396 0.87418156862258911 0.65276408195495605
# original_id 265413
v 0.62484705448150635 0.80503487586975098 -0.2628958523273468
# original_id 265670
v 0.50561964511871338 1.1350102424621582 -0.30780264735221863
# original_id 265810
v 0.51335227489471436 -1.1322721242904663 -0.3121490478515625
# original_id 266183
v 0.35984492301940918 -1.1294922828674316 -0.31345477700233459
# original_id 266193
v -0.22164459526538849 -1.1321684122085571 -0.31174427270889282
# original_id 266381
v 0.62442463636398315 -0.52956217527389526 -0.26187855005264282
# original_id 266483
v -0.1304156631231308 -0.38871821761131287 0.92030549049377441
# original_id 266526
v 0.62179553508758545 0.37764072418212891 -0.25850769877433777
# original_id 266546
v 0.6274111270904541 0.18720619380474091 -0.23465365171432495
# original_id 266679
v 0.62518817186355591 -0.73492932319641113 -0.26300337910652161
# original_id 266760
v 0.62622535228729248 -1.120299220085144 -0.28658050298690796
# original_id 266895
v 0.62277305126190186 0.43953734636306763 -0.26214092969894409
# original_id 267072
v -0.63089984655380249 0.52878516912460327 -0.26133179664611816
# original_id 267275
v 0.013768418692052364 0.90648174285888672 0.66940498352050781
# original_id 267296
v -0.1876441091299057 -1.1321382522583008 -0.31318211555480957
# original_id 267408
v -0.11988922208547592 -0.54971408843994141 0.99976956844329834
# original_id 267466
v -0.62977045774459839 -0.76907038688659668 -0.26102343201637268
# original_id 267504
v 0.62482839822769165 1.085446834564209 -0.28839391469955444
# original_id 267519
v -0.62899458408355713 -1.0244967937469482 -0.28981250524520874
# original_id 267594
v 0.62327218055725098 -0.73498690128326416 -0.26012033224105835
# original_id 267753
v -0.34047108888626099 -0.94998288154602051 0.64352554082870483
# original_id 268073
v 0.62659680843353271 -0.50920802354812622 -0.26117321848869324
# original_id 268138
v -0.37299329042434692 -0.82286745309829712 0.68111807107925415
# original_id 268151
v -0.62815368175506592 1.0836924314498901 -0.28635019063949585
# original_id 268176
v 0.62512153387069702 0.53070682287216187 -0.26101654767990112
# original_id 268179
v 0.62391096353530884 1.1165133714675903 -0.28571248054504395
# original_id 268185
v 0.6231725811958313 -0.028048602864146233 -0.2864457368850708
# original_id 268238
v -0.62768065929412842 0.076195903122425079 -0.28664326667785645
# original_id 268570
v 0.62208974361419678 -0.86691093444824219 -0.28586846590042114
# original_id 268665
v 0.62625551223754883 -0.53010505437850952 -0.26042646169662476
# original_id 268782
v 0.62153500318527222 0.85143250226974487 -0.26257240772247314
# original_id 268972
v 0.30454316735267639 1.1407589912414551 -0.31070247292518616
# original_id 269016
v 0.62922775745391846 -1.1249339580535889 -0.28741553425788879
# original_id 269295
v 0.62070047855377197 -0.0083122784271836281 -0.28464573621749878
# original_id 269395
v -0.53590941429138184 -1.1307221651077271 -0.31167972087860107
# original_id 269496
v 0.62406635284423828 -0.13395276665687561 -0.28753626346588135
# original_id 269550
v 0.018291838467121124 0.90554434061050415 0.66906028985977173
# original_id 269560
v 0.57600575685501099 -1.1310673952102661 -0.28601846098899841
# original_id 269663
v 0.62956589460372925 -0.072313621640205383 -0.33132728934288025
# original_id 269786
v 0.62286734580993652 1.0643619298934937 -0.28810405731201172
# original_id 269788
v 0.62296879291534424 -0.52945804595947266 -0.26053878664970398
# original_id 269938
v 0.62417149543762207 0.10698741674423218 -0.23349006474018097
# original_id 270039
v 0.62210506200790405 -0.85717439651489258 -0.28562599420547485
# original_id 270246
v 0.62116450071334839 0.078707598149776459 -0.23340964317321777
# original_id 270860
v -0.62928354740142822 -0.76715844869613647 -0.26092666387557983
# original_id 271026
v 0.62769633531570435 -1.1244281530380249 -0.2870182991027832
# original_id 271066
v 0.62371242046356201 0.13250406086444855 -0.23409031331539154
# original_id 271210
v 0.62429004907608032 -0.72306293249130249 -0.26236137747764587
# original_id 271410
v -0.62931990623474121 -1.0861067771911621 -0.28452795743942261
# original_id 271469
v 0.62623494863510132 -0.347322016954422 -0.28935030102729797
# original_id 271499
v 0.52436256408691406 -1.1314244270324707 -0.31193983554840088
# original_id 271512
v -0.63059091567993164 1.0794588327407837 -0.28568157553672791
# original_id 271528
v 0.18252182006835938 0.56024128198623657 0.65969192981719971
# original_id 271634
v -0.47473412752151489 1.1346452236175537 -0.30541887879371643
# original_id 271697
v -0.41081967949867249 1.1369138956069946 -0.31161615252494812
# original_id 272096
v 0.61835110187530518 -1.1280570030212402 -0.28862389922142029
# original_id 272274
v -0.63134562969207764 -0.55254065990447998 -0.262999027967453
# original_id 272455
v -0.24849839508533478 -0.89644306898117065 0.65206390619277954
# original_id 272500
v -0.32378259301185608 -0.90242546796798706 0.63316404819488525
# original_id 272615
v 0.62566781044006348 -0.019087884575128555 -0.28823280334472656
# original_id 272657
v -0.62612748146057129 0.53148907423019409 -0.26052632927894592
# original_id 272728
v 0.62783396244049072 -0.83526057004928589 -0.33246415853500366
# original_id 272734
v -0.62639272212982178 0.49393740296363831 -0.27342700958251953
# original_id 272899
v -0.23573407530784607 -1.1340519189834595 -0.31420385837554932
# original_id 273065
v 0.62764078378677368 1.1162141561508179 -0.3065984845161438
# original_id 273095
v -0.6314767599105835 -0.21880911290645599 -0.23612625896930695
# original_id 273323
v 0.62115991115570068 -0.73222392797470093 -0.26167964935302734
# original_id 273336
v 0.31213608384132385 0.92852485179901123 0.11314596980810165
# original_id 273451
v -0.6293749213218689 0.30969902873039246 -0.28837010264396667
# original_id 273556
v 0.32088840007781982 0.95229172706604004 0.079775355756282806
# original_id 273746
v 0.1861150860786438 0.86467581987380981 0.54168176651000977
# original_id 273962
v -0.18571542203426361 0.64799696207046509 0.67196637392044067
# original_id 274066
v 0.62447589635848999 -0.31187841296195984 -0.33587223291397095
# original_id 274129
v 0.62517386674880981 -0.62962597608566284 -0.23982906341552734
# original_id 274139
v 0.27668976783752441 0.9293220043182373 0.16519966721534729
# original_id 274147
v -0.62914568185806274 -0.9508470892906189 -0.2617717981338501
# original_id 274216
v 0.62436997890472412 -1.085667610168457 -0.28578057885169983
# original_id 274227
v 0.62471866607666016 -0.89240097999572754 -0.28905057907104492
# original_id 274530
v 0.62887167930603027 -0.68128591775894165 -0.23684930801391602
# original_id 274878
v 0.1905517578125 1.1372272968292236 -0.3124755322933197
# original_id 275366
v 0.62343162298202515 0.80109739303588867 -0.26275229454040527
# original_id 275503
v 0.62679922580718994 -1.1217910051345825 -0.28682228922843933
# original_id 275518
v -0.36965689063072205 -0.95119315385818481 0.65534257888793945
# original_id 275618
v -0.62597358226776123 0.60016906261444092 -0.23473042249679565
# original_id 275708
v -0.34357205033302307 -0.95028001070022583 0.64464288949966431
# original_id 275769
v -0.012607474811375141 -1.1314480304718018 -0.286765456199646
# original_id 275829
v -0.63000261783599854 0.2779085636138916 -0.28752580285072327
# original_id 275971
v 0.46909850835800171 1.1316745281219482 -0.29616740345954895
# original_id 276365
v -0.62991142272949219 -0.20125916600227356 -0.23576600849628448
# original_id 276472
v 0.62533795833587646 -0.67159223556518555 -0.23817135393619537
# original_id 276668
v -0.62665003538131714 0.59251964092254639 -0.23532070219516754
# original_id 276813
v -0.22275465726852417 -0.44040986895561218 0.87248581647872925
# original_id 276819
v 0.62110310792922974 1.1350843906402588 -0.28900700807571411
# original_id 276864
v 0.62522023916244507 0.078723922371864319 -0.23975008726119995
# original_id 276874
v -0.3388093113899231 1.1376105546951294 -0.30818358063697815
# original_id 276918
v -0.51097720861434937 -1.1320221424102783 -0.30731788277626038
# original_id 277066
v -0.34710460901260376 -0.55343526601791382 0.99517512321472168
# original_id 277080
v -0.160268634557724 -1.1334700584411621 -0.31196072697639465
# original_id 277121
v -0.21307405829429626 -1.1328462362289429 -0.31404069066047668
# original_id 277706
v -0.51419556140899658 1.1409746408462524 -0.31253063678741455
# original_id 277841
v -0.22325558960437775 -0.44037169218063354 0.87328177690505981
# original_id 277884
v 0.62640327215194702 0.086474962532520294 -0.23467354476451874
# original_id 277965
v -0.16982159018516541 0.87478387355804443 0.65119659900665283
# original_id 278085
v -0.15655888617038727 -1.1292330026626587 -0.31124484539031982
# original_id 278223
v 0.62526112794876099 0.15051096677780151 -0.33839115500450134
# original_id 278239
v 0.62163197994232178 -1.0460163354873657 -0.28541120886802673
# original_id 278262
v 0.61090326309204102 -1.1283119916915894 -0.28645962476730347
# original_id 278538
v 0.29716578125953674 1.1363867521286011 -0.30034142732620239
# original_id 278625
v -0.62743866443634033 -0.50698018074035645 -0.2600628137588501
# original_id 278632
v 0.62711286544799805 -0.67560553550720215 -0.23823736608028412
# original_id 278739
v -0.070992879569530487 0.46230596303939819 0.55307751893997192
# original_id 278880
v -0.62945985794067383 0.37663710117340088 -0.28920939564704895
# original_id 278898
v -0.15989923477172852 0.87705129384994507 0.65155762434005737
# original_id 278993
v 0.62924289703369141 0.25055983662605286 -0.32881748676300049
# original_id 279204
v -0.63104230165481567 -1.0362074375152588 -0.28662976622581482
# original_id 279548
v -0.6309586763381958 1.1285381317138672 -0.28477591276168823
# original_id 279617
v -0.14615043997764587 0.53046536445617676 0.64943826198577881
# original_id 279698
v 0.24548730254173279 0.89984321594238281 0.11985193938016891
# original_id 279834
v -0.49313810467720032 -1.1310257911682129 -0.30997061729431152
# original_id 280147
v 0.62529212236404419 1.0944980382919312 -0.28776624798774719
# original_id 280503
v -0.35012289881706238 -0.94845974445343018 0.6548454761505127
# original_id 280506
v -0.24954932928085327 0.78920108079910278 0.1380704790353775
# original_id 280640
v 0.6246914267539978 0.43353146314620972 -0.26040220260620117
# original_id 281179
v 0.30797621607780457 0.93135464191436768 0.11743404716253281
# original_id 281437
v -0.19558171927928925 0.057245377451181412 0.46472546458244324
# original_id 281608
v -0.62943309545516968 -1.0732640027999878 -0.28693050146102905
# original_id 281676
v 0.18215015530586243 0.86871963739395142 0.42510300874710083
# original_id 282073
v -0.62948894500732422 -0.98456478118896484 -0.25964891910552979
# original_id 282149
v -0.62931418418884277 -0.23687106370925903 -0.23649983108043671
# original_id 282237
v -0.62935608625411987 -0.89396142959594727 -0.2602139413356781
# original_id 282386
v 0.62446331977844238 -0.071953356266021729 -0.28697779774665833
# original_id 282458
v -0.62873572111129761 0.30431511998176575 -0.2843625545501709
# original_id 282745
v 0.62587857246398926 -0.46097418665885925 -0.28854405879974365
# original_id 282850
v -0.62742835283279419 0.7762991189956665 -0.28714975714683533
# original_id 282985
v -0.63166517019271851 -0.68355011940002441 -0.28921002149581909
# original_id 283040
v 0.62580227851867676 1.1078208684921265 -0.28751653432846069
# original_id 283218
v -0.62676906585693359 -0.26956501603126526 -0.2335633784532547
# original_id 283256
v 0.18325135111808777 0.57805764675140381 0.65855121612548828
# original_id 283286
v -0.62693148851394653 -0.53995275497436523 -0.26036173105239868
# original_id 283448
v -0.62825471162796021 0.61167067289352417 -0.23440854251384735
# original_id 283472
v 0.62389326095581055 0.43277519941329956 -0.25981968641281128
# original_id 283476
v -0.32445299625396729 -0.91164010763168335 0.63423705101013184
# original_id 283705
v -0.62798202037811279 0.40447047352790833 -0.28743433952331543
# original_id 283860
v -0.62420862913131714 -0.41599476337432861 -0.26141604781150818
# original_id 283930
v 0.62527817487716675 0.15691700577735901 -0.33297348022460938
# original_id 284046
v -0.63058191537857056 -1.1167571544647217 -0.28698930144309998
# original_id 284309
v -0.63110733032226562 1.0562528371810913 -0.28624972701072693
# original_id 284472
v -0.0088004674762487411 -1.1323894262313843 -0.28931519389152527
# original_id 284748
v -0.37946844100952148 -0.94612038135528564 0.65808886289596558
# original_id 284822
v 0.62584781646728516 1.0893212556838989 -0.28834027051925659
# original_id 284979
v -0.62945663928985596 -0.28319314122200012 -0.23368141055107117
# original_id 284985
v 0.6253090500831604 0.82891470193862915 -0.26269528269767761
# original_id 285182
v 0.62381434440612793 -0.16847725212574005 -0.28776374459266663
# original_id 285224
v 0.62612944841384888 0.63415157794952393 -0.2855149507522583
# original_id 285370
v -0.071769937872886658 -0.92487049102783203 0.6401592493057251
# original_id 285403
v -0.49081498384475708 -1.1315178871154785 -0.31093138456344604
# original_id 285536
v -0.17913976311683655 -1.1321840286254883 -0.31395521759986877
# original_id 285560
v 0.62432181835174561 -0.2184533029794693 -0.28887465596199036
# original_id 285609
v -0.63123422861099243 0.75394546985626221 -0.26100042462348938
# original_id 285691
v 0.62331610918045044 0.032539471983909607 -0.26614260673522949
# original_id 285850
v 0.18312720954418182 0.86433887481689453 0.64923429489135742
# original_id 286124
v -0.50675040483474731 1.1361193656921387 -0.30951526761054993
# original_id 286286
v 0.040120773017406464 -1.1272834539413452 -0.28392678499221802
# original_id 286718
v 0.62337678670883179 0.39412772655487061 -0.26098489761352539
# original_id 286776
v 0.62651330232620239 -0.67404425144195557 -0.23791567981243134
# original_id 286899
v 0.2875131368637085 1.1369389295578003 -0.31130194664001465
# original_id 286919
v 0.62493222951889038 0.53258246183395386 -0.26044124364852905
# original_id 286935
v 0.3938601016998291 1.137697696685791 -0.31011638045310974
# original_id 287029
v 0.47641965746879578 1.1213014125823975 -0.29859194159507751
# original_id 287046
v -0.2923312783241272 -0.53700506687164307 0.98999863862991333
# original_id 287089
v -0.089266739785671234 -0.53550797700881958 0.99128186702728271
# original_id 287247
v -0.096122346818447113 -0.5346907377243042 0.99079829454421997
# original_id 287285
v -0.026876598596572876 -0.53699147701263428 0.9896044135093689
# original_id 287422
v 0.62096863985061646 0.034040424972772598 -0.251161128282547
# original_id 287461
v 0.62692528963088989 -0.65281611680984497 -0.2387365996837616
# original_id 287708
v -0.48621818423271179 1.1325596570968628 -0.30133318901062012
# original_id 287710
v 0.62588155269622803 -0.72888976335525513 -0.25839248299598694
# original_id 287721
v 0.62641239166259766 0.9639582633972168 -0.2629207968711853
# original_id 287865
v -0.49752771854400635 1.1398357152938843 -0.31094536185264587
# original_id 287908
v 0.62658518552780151 -0.38834130764007568 -0.28893423080444336
# original_id 287968
v 0.28256809711456299 1.1324375867843628 -0.30021825432777405
# original_id 287971
v 0.18307702243328094 0.86978483200073242 0.41214615106582642
# original_id 288164
v 0.62556564807891846 1.0110267400741577 -0.2626553475856781
# original_id 288239
v -0.28478896617889404 -0.54016572237014771 0.99010974168777466
# original_id 288248
v 0.62341481447219849 -0.41410291194915771 -0.28630360960960388
# original_id 288276
v -0.22588129341602325 -0.53974455595016479 0.99102413654327393
# original_id 288321
v -0.22599971294403076 -0.53796565532684326 0.99123013019561768
# original_id 288330
v -0.033388640731573105 -0.53579646348953247 0.99084872007369995
# original_id 288374
v 0.14960832893848419 0.87734997272491455 0.65170615911483765
# original_id 288397
v 0.62492382526397705 0.35187923908233643 -0.33715566992759705
# original_id 288556
v -0.036332201212644577 -0.53580254316329956 0.99297678470611572
# original_id 288585
v -0.37935322523117065 -0.74934589862823486 0.77507352828979492
# original_id 288909
v 0.32988488674163818 0.93136543035507202 0.074679851531982422
# original_id 288950
v 0.62682247161865234 0.80637443065643311 -0.2627204954624176
# original_id 288952
v -0.21608522534370422 -0.53943926095962524 0.99100357294082642
# original_id 288991
v 0.3022003173828125 0.92745620012283325 0.13525810837745667
# original_id 289044
v -0.63109958171844482 1.0681915283203125 -0.2863309383392334
# original_id 289089
v 0.40181493759155273 1.1292603015899658 -0.29911285638809204
# original_id 289121
v 0.62627947330474854 -0.38756239414215088 -0.28927558660507202
# original_id 289237
v -0.17392440140247345 0.57365471124649048 0.68360245227813721
# original_id 289460
v 0.54428166151046753 1.1274561882019043 -0.29801458120346069
# original_id 289464
v 0.073420822620391846 -0.94657933712005615 0.65638428926467896
# original_id 289616
v 0.16244553029537201 -0.53660780191421509 0.99172884225845337
# original_id 289652
v -0.54008936882019043 1.1196392774581909 -0.29915845394134521
# original_id 289837
v 0.628528892993927 -0.75084853172302246 -0.26186683773994446
# original_id 290291
v 0.62637066841125488 0.99830001592636108 -0.26326462626457214
# original_id 290555
v 0.42150667309761047 -1.1317800283432007 -0.3081372082233429
# original_id 290682
v -0.18689507246017456 0.4938761293888092 0.64311397075653076
# original_id 290705
v -0.37699165940284729 -0.64831274747848511 0.90122455358505249
# original_id 290860
v 0.26684349775314331 0.93865907192230225 -0.041579928249120712
# original_id 290980
v 0.62311011552810669 0.80555981397628784 -0.26356512308120728
# original_id 291246
v -0.15346120297908783 -0.53763943910598755 0.98985397815704346
# original_id 291268
v 0.6269039511680603 -0.39127373695373535 -0.28755927085876465
# original_id 291490
v -0.62973898649215698 0.20131067931652069 -0.28774398565292358
# original_id 291529
v -0.22290480136871338 -0.54035145044326782 0.99036878347396851
# original_id 291690
v -0.53693681955337524 1.1319608688354492 -0.29705342650413513
# original_id 291761
v 0.62130963802337646 0.026632083579897881 -0.26094937324523926
# original_id 291818
v -0.63148468732833862 -0.24206802248954773 -0.2371242493391037
# original_id 292168
v -0.50692707300186157 1.1399468183517456 -0.31123900413513184
# original_id 292343
v -0.071563996374607086 -0.90395510196685791 0.64129871129989624
# original_id 292415
v -0.62895530462265015 0.12761259078979492 -0.28511974215507507
# original_id 292636
v -0.53094470500946045 1.1233989000320435 -0.29834389686584473
# original_id 293093
v 0.50453555583953857 1.1391600370407104 -0.31025812029838562
# original_id 293360
v -0.083240799605846405 -0.53648573160171509 0.98469436168670654
# original_id 293560
v -0.55276733636856079 1.1162999868392944 -0.29822635650634766
# original_id 293634
v 0.62319689989089966 0.042119957506656647 -0.26129943132400513
# original_id 293665
v 0.62499743700027466 -0.63236278295516968 -0.23955069482326508
# original_id 293760
v 0.62415993213653564 0.16553370654582977 -0.23582027852535248
# original_id 293984
v 0.62078893184661865 -0.68986475467681885 -0.23635002970695496
# original_id 294007
v 0.62342846393585205 -0.16850939393043518 -0.28788313269615173
# original_id 294100
v 0.6240047812461853 -0.047079995274543762 -0.28665173053741455
# original_id 294158
v -0.63010573387145996 0.0096876407042145729 -0.28760766983032227
# original_id 294275
v 0.62441271543502808 -0.12806342542171478 -0.28734004497528076
# original_id 294304
v 0.5429803729057312 1.1326788663864136 -0.29651877284049988
# original_id 294363
v 0.37135124206542969 -1.1322643756866455 -0.31526568531990051
# original_id 294452
v -0.54629319906234741 1.1199215650558472 -0.30065861344337463
# original_id 294520
v 0.62385910749435425 0.04702305793762207 -0.26154324412345886
# original_id 294540
v 0.62506401538848877 -0.53196424245834351 -0.26043063402175903
# original_id 294641
v 0.6248096227645874 -1.038617730140686 -0.28617629408836365
# original_id 294814
v 0.62485229969024658 -1.1152247190475464 -0.28576147556304932
# original_id 295163
v 0.54509943723678589 1.122134804725647 -0.29953950643539429
# original_id 295855
v 0.62275934219360352 0.74805784225463867 -0.28654524683952332
# original_id 296163
v -0.54599845409393311 1.1330680847167969 -0.29660248756408691
# original_id 296246
v 0.62699580192565918 -0.6541784405708313 -0.23920238018035889
# original_id 296536
v -0.62838739156723022 0.40787997841835022 -0.29121163487434387
# original_id 296972
v 0.13106803596019745 0.80913800001144409 0.51979315280914307
# original_id 296993
v -0.5471346378326416 1.1192964315414429 -0.29853713512420654
# original_id 297022
v 0.62331855297088623 0.49464920163154602 -0.25879403948783875
# original_id 297083
v 0.62498664855957031 -0.63795393705368042 -0.24057155847549438
# original_id 297894
v 0.47970911860466003 1.1234277486801147 -0.29606136679649353
# original_id 298129
v 0.6241077184677124 0.71233147382736206 -0.28728687763214111
# original_id 298708
v -0.54550153017044067 1.1283822059631348 -0.29999107122421265
# original_id 298964
v 0.1845163106918335 0.59911870956420898 0.65585112571716309
# original_id 299125
v -0.63020199537277222 0.90161669254302979 -0.2863985002040863
# original_id 299247
v 0.62761795520782471 0.077555455267429352 -0.23395936191082001
# original_id 299519
v -0.55245369672775269 1.1250464916229248 -0.2983253002166748
# original_id 300413
v 0.59340274333953857 -1.1300842761993408 -0.28747785091400146
# original_id 300564
v -0.1624608039855957 0.52911263704299927 0.6320648193359375
# original_id 300936
v 0.62474483251571655 1.0079673528671265 -0.2621992826461792
# original_id 301180
v 0.6264117956161499 0.057404890656471252 -0.26068669557571411
# original_id 301296
v 0.62602710723876953 0.38325947523117065 -0.2607143223285675
# original_id 301346
v 0.62102794647216797 0.81856489181518555 -0.26245725154876709
# original_id 301528
v -0.62540328502655029 0.60924369096755981 -0.23279215395450592
# original_id 301531
v -0.6283411979675293 0.89827460050582886 -0.2848753035068512
# original_id 301586
v 0.62206941843032837 0.3572443425655365 -0.25946435332298279
# original_id 301765
v 0.62456315755844116 -0.12470494955778122 -0.28757646679878235
# original_id 302373
v -0.62664377689361572 1.0865479707717896 -0.28604322671890259
# original_id 302596
v 0.62474644184112549 -0.22314460575580597 -0.28850823640823364
# original_id 303384
v -0.3777829110622406 -0.82130032777786255 0.66567987203598022
# original_id 303895
v -0.6294589638710022 0.15248236060142517 -0.28998178243637085
# original_id 304347
v 0.6278001070022583 -1.0873403549194336 -0.28976637125015259
# original_id 304672
v 0.6257515549659729 1.1353074312210083 -0.28878316283226013
# original_id 305232
v -0.35468858480453491 -0.94760262966156006 0.65438872575759888
# original_id 305264
v -0.62780940532684326 0.42685362696647644 -0.28513476252555847
# original_id 305293
v -0.51282060146331787 1.1397700309753418 -0.31089749932289124
# original_id 305314
v -0.63032341003417969 1.0189260244369507 -0.28722310066223145
# original_id 305338
v -0.32439863681793213 -0.85038256645202637 0.63026171922683716
# original_id 305477
v -0.62751686573028564 0.13282220065593719 -0.28640782833099365
# original_id 305727
v -0.63109201192855835 0.94562608003616333 -0.28635239601135254
# original_id 305808
v 0.62361222505569458 0.38568773865699768 -0.26124179363250732
# original_id 305819
v -0.62893694639205933 -0.90255898237228394 -0.25996765494346619
# original_id 305830
v -0.62729775905609131 -0.6296088695526123 -0.28420445322990417
# original_id 305877
v 0.62523216009140015 0.7017856240272522 -0.28709632158279419
# original_id 305992
v 0.50393933057785034 1.1403263807296753 -0.30940955877304077
# original_id 306037
v 0.62608045339584351 -0.38776341080665588 -0.28909575939178467
# original_id 306400
v 0.62596368789672852 1.083594799041748 -0.2886868417263031
# original_id 306550
v 0.62620151042938232 0.82468855381011963 -0.26266399025917053
# original_id 306597
v 0.62647396326065063 -0.65210962295532227 -0.2385832667350769
# original_id 306627
v 0.62463480234146118 -0.064234524965286255 -0.28769463300704956
# original_id 306649
v -0.36026936769485474 -0.94943618774414062 0.65449494123458862
# original_id 306741
v 0.62623655796051025 -0.38777029514312744 -0.28910794854164124
# original_id 307796
v -0.63011705875396729 0.55756241083145142 -0.26246130466461182
# original_id 307820
v 0.62367618083953857 0.038165915757417679 -0.26150190830230713
# original_id 307840
v -0.30233657360076904 0.4681490957736969 0.26183003187179565
# original_id 308276
v -0.62924224138259888 0.24394500255584717 -0.29045182466506958
# original_id 308677
v 0.62541723251342773 -0.66457623243331909 -0.23806872963905334
# original_id 309243
v 0.62719351053237915 -1.1009896993637085 -0.28782787919044495
# original_id 309306
v 0.62729126214981079 0.83236563205718994 -0.26188790798187256
# original_id 309820
v 0.47077262401580811 1.1277819871902466 -0.29705953598022461
# original_id 310083
v -0.63059955835342407 1.1178873777389526 -0.28619840741157532
l 1 5
l 1 827
l 1 1008
l 2 728
l 2 776
l 4 117
l 4 1724
l 4 1823
l 5 1008
l 6 1892
l 7 61
l 7 1277
l 8 217
l 8 564
l 9 81
l 9 774
l 10 1248
l 10 2376
l 11 127
l 11 1038
l 12 851
l 12 1516
l 13 1838
l 14 288
l 14 568
l 14 2090
l 15 770
l 15 1284
l 16 983
l 16 1659
l 17 277
l 17 323
l 17 383
l 18 1245
l 19 39
l 19 966
l 20 1180
l 20 2255
l 21 2070
l 21 2832
l 22 225
l 22 422
l 23 372
l 23 3036
l 24 529
l 24 2884
l 25 345
l 25 2875
l 26 472
l 27 2364
l 28 76
l 28 448
l 28 1079
l 28 1114
l 29 183
l 29 240
l 29 799
l 29 1516
l 30 119
l 31 283
l 31 583
l 32 2296
l 32 2755
l 32 2797
l 33 444
l 33 1755
l 35 52
l 35 688
l 36 1568
l 36 1658
l 37 728
l 37 735
l 37 906
l 38 334
l 38 1272
l 39 397
l 39 966
l 40 687
l 40 1490
l 41 1774
l 42 738
l 42 2563
l 43 1421
l 43 1450
l 43 2270
l 44 2835
l 45 1851
l 45 2894
l 46 1976
l 47 810
l 47 1010
l 48 1140
l 49 2182
l 49 2702
l 50 1536
l 51 237
l 51 355
l 52 251
l 52 470
l 52 913
l 53 2548
l 54 1757
l 54 1901
l 55 1611
l 55 2432
l 56 1102
l 56 2090
l 57 764
l 58 986
l 59 1686
l 59 1708
l 60 1245
l 61 1277
l 62 1328
l 62 1641
l 62 1943
l 63 292
l 63 820
l 64 1209
l 64 2220
l 65 332
l 65 1518
l 66 353
l 66 2029
l 67 1020
l 67 1668
l 67 2903
l 68 1040
l 68 2795
l 69 1067
l 70 927
l 71 783
l 71 2268
l 72 1616
l 73 1110
l 73 3010
l 75 1003
l 75 1437
l 76 1079
l 77 98
l 77 465
l 78 1758
l 78 2164
l 79 589
l 79 819
l 80 2534
l 81 774
l 82 433
l 82 1131
l 82 1469
l 82 1481
l 83 2823
l 84 1251
l 84 1392
l 85 149
l 85 3009
l 86 1489
l 86 1815
l 86 2997
l 87 166
l 87 1700
l 88 958
l 88 1005
l 88 2237
l 89 775
l 89 2213
l 90 2138
l 91 148
l 91 596
l 91 830
l 92 1308
l 92 1416
l 93 247
l 93 1045
l 94 107
l 94 496
l 94 879
l 95 392
l 95 410
l 95 1322
l 96 1027
l 96 1706
l 97 308
l 97 1383
l 98 154
l 99 278
l 101 364
l 101 921
l 102 2272
l 102 2380
l 103 833
l 103 872
l 104 628
l 104 1201
l 105 1678
l 105 2599
l 105 2870
l 106 663
l 106 753
l 107 496
l 107 879
l 107 2253
l 108 2106
l 109 964
l 109 1798
l 110 1583
l 110 2888
l 111 1059
l 111 1393
l 112 2364
l 112 2528
l 113 2946
l 114 625
l 114 1738
l 115 1030
l 115 1704
l 116 232
l 116 356
l 116 798
l 117 534
l 117 553
l 117 1823
l 117 1899
l 118 2466
l 118 2679
l 120 599
l 120 2120
l 121 130
l 122 441
l 122 2950
l 123 657
l 123 1242
l 124 755
l 126 2523
l 126 2756
l 127 192
l 127 720
l 128 417
l 128 1345
l 129 2525
l 129 2794
l 130 2070
l 131 2845
l 131 3056
l 132 1391
l 133 1038
l 134 580
l 134 970
l 135 296
l 135 664
l 135 2482
l 136 951
l 136 3028
l 137 1792
l 137 2314
l 137 2379
l 138 792
l 138 1529
l 139 189
l 139 2374
l 140 567
l 140 2675
l 141 558
l 141 956
l 142 488
l 142 1265
l 142 1610
l 142 1735
l 143 503
l 143 1543
l 143 1737
l 144 241
l 144 361
l 144 2527
l 144 2621
l 145 1090
l 145 2073
l 146 1185
l 146 2177
l 147 719
l 148 596
l 148 742
l 149 2639
l 149 3009
l 151 229
l 151 730
l 152 315
l 152 1443
l 153 2071
l 154 570
l 155 1600
l 156 237
l 156 1418
l 157 2443
l 157 2561
l 159 487
l 159 632
l 159 859
l 160 398
l 160 2691
l 162 1744
l 163 1828
l 164 2441
l 165 1073
l 165 2115
l 166 192
l 167 2296
l 167 2755
l 168 868
l 168 1382
l 168 2606
l 169 1288
l 169 1552
l 170 231
l 170 2360
l 171 2467
l 172 2772
l 173 889
l 173 922
l 175 1028
l 175 1700
l 176 1430
l 176 1999
l 176 2143
l 176 2882
l 177 2148
l 178 552
l 178 2124
l 179 2026
l 180 1660
l 180 2383
l 181 584
l 182 539
l 182 782
l 183 240
l 184 676
l 185 2197
l 185 2625
l 186 1161
l 187 2629
l 188 787
l 188 1432
l 189 2374
l 189 2966
l 190 465
l 190 908
l 191 224
l 191 440
l 192 1028
l 193 1344
l 194 850
l 194 2003
l 195 411
l 195 2011
l 196 1580
l 196 1778
l 197 1341
l 197 2789
l 198 491
l 199 1408
l 199 1412
l 200 461
l 200 1711
l 201 681
l 201 895
l 201 1285
l 201 1615
l 202 653
l 202 655
l 202 911
l 203 987
l 203 2320
l 204 2831
l 204 2984
l 205 2367
l 205 3030
l 205 3047
l 206 532
l 207 523
l 207 1540
l 208 258
l 208 883
l 209 974
l 211 533
l 211 547
l 212 928
l 212 1145
l 214 1919
l 215 551
l 216 277
l 216 404
l 216 2155
l 218 515
l 218 619
l 218 2207
l 219 1064
l 220 1504
l 220 1655
l 221 1549
l 222 1883
l 222 1914
l 222 2130
l 223 912
l 224 440
l 224 1490
l 225 422
l 225 915
l 226 1608
l 226 3033
l 227 700
l 227 1015
l 227 1473
l 229 417
l 229 730
l 230 609
l 230 715
l 231 2360
l 232 356
l 232 919
l 233 506
l 233 1642
l 234 2641
l 234 2985
l 235 565
l 235 588
l 235 818
l 236 1849
l 236 2050
l 237 355
l 238 377
l 238 1827
l 239 1766
l 241 2527
l 242 1889
l 243 1896
l 244 1678
l 244 2599
l 245 803
l 246 1313
l 246 1748
l 248 2740
l 249 1279
l 249 2216
l 250 952
l 250 1382
l 251 470
l 252 1099
l 252 2873
l 253 1470
l 254 917
l 254 1449
l 254 1465
l 255 692
l 255 2323
l 255 2785
l 256 2567
l 256 2911
l 257 738
l 257 1369
l 258 521
l 258 883
l 259 832
l 259 2276
l 260 1693
l 260 1707
l 261 309
l 261 1013
l 262 1559
l 262 2990
l 263 529
l 263 1212
l 264 1207
l 264 1894
l 265 381
l 265 746
l 265 901
l 265 1935
l 265 2503
l 266 717
l 266 1727
l 267 1343
l 268 690
l 268 2566
l 269 1309
l 269 2208
l 270 2287
l 271 2826
l 271 2889
l 272 1283
l 272 2045
l 273 290
l 273 1363
l 275 1424
l 275 1824
l 275 1978
l 276 779
l 276 1079
l 279 909
l 279 1072
l 280 327
l 280 1545
l 281 327
l 281 395
l 281 1545
l 282 1453
l 283 583
l 284 1238
l 285 1368
l 285 2381
l 286 491
l 286 816
l 286 2959
l 287 673
l 287 2025
l 287 2485
l 288 568
l 288 993
l 289 649
l 289 2334
l 290 1363
l 290 1809
l 291 1386
l 291 1825
l 292 820
l 293 322
l 293 1996
l 293 2356
l 294 1102
l 294 2372
l 294 2412
l 295 1295
l 295 2659
l 296 664
l 297 1176
l 297 2925
l 298 752
l 298 1123
l 299 1831
l 299 2941
l 300 1113
l 300 1719
l 301 893
l 301 2125
l 302 416
l 302 1702
l 303 494
l 303 2680
l 304 597
l 305 1600
l 305 2923
l 305 2938
l 306 1479
l 306 1776
l 306 2505
l 307 1531
l 307 2258
l 308 1383
l 308 2556
l 311 1253
l 311 1685
l 311 1750
l 313 1630
l 313 2800
l 314 1558
l 314 2057
l 315 1356
l 315 1443
l 316 2602
l 316 2695
l 316 2739
l 317 437
l 317 565
l 318 578
l 319 1295
l 319 3014
l 320 689
l 320 1071
l 320 2545
l 321 1391
l 321 1697
l 322 1266
l 323 383
l 324 795
l 324 2300
l 325 1951
l 325 2554
l 326 665
l 326 1250
l 327 1545
l 328 2444
l 328 2623
l 329 773
l 329 1526
l 329 2701
l 330 429
l 330 1281
l 330 1467
l 331 371
l 332 595
l 332 1518
l 333 1519
l 333 1894
l 333 2460
l 334 1142
l 334 1272
l 335 454
l 335 948
l 335 1749
l 336 353
l 336 462
l 336 1276
l 337 719
l 337 1579
l 337 2200
l 338 2483
l 338 2804
l 339 1087
l 339 1819
l 340 1029
l 340 1074
l 340 1624
l 341 1153
l 342 916
l 342 1197
l 342 1517
l 343 682
l 343 751
l 344 559
l 344 2012
l 345 2875
l 346 1480
l 347 1244
l 347 1488
l 348 2646
l 349 1112
l 349 2418
l 350 759
l 350 2822
l 351 1680
l 351 2688
l 352 502
l 352 1016
l 353 462
l 354 996
l 356 1231
l 357 2071
l 358 672
l 358 822
l 358 1473
l 358 1687
l 359 1351
l 359 1621
l 359 1777
l 360 780
l 360 1926
l 361 1584
l 361 2109
l 361 2621
l 362 963
l 362 1303
l 363 955
l 363 1797
l 364 921
l 364 2384
l 364 2731
l 365 2499
l 365 2595
l 366 1485
l 366 2031
l 367 1508
l 367 1731
l 367 2490
l 368 428
l 368 696
l 369 743
l 369 1170
l 369 1181
l 371 432
l 371 533
l 372 3036
l 373 1147
l 374 1406
l 374 1606
l 374 1735
l 375 1220
l 375 2173
l 375 2406
l 376 685
l 376 1244
l 377 1827
l 378 2532
l 379 1216
l 379 2418
l 380 1205
l 381 746
l 382 1483
l 382 2784
l 382 2817
l 383 2136
l 384 3017
l 385 725
l 385 2188
l 385 2306
l 386 848
l 386 1788
l 387 525
l 387 1442
l 387 2065
l 387 2394
l 388 2274
l 389 1037
l 389 1130
l 390 572
l 391 460
l 391 1714
l 392 579
l 393 403
l 394 1101
l 395 1545
l 396 723
l 396 1033
l 397 966
l 397 2273
l 398 2691
l 399 582
l 399 1111
l 400 666
l 400 2118
l 400 3034
l 402 1057
l 402 1253
l 402 1643
l 404 2155
l 405 425
l 405 675
l 405 1036
l 406 487
l 407 539
l 407 782
l 407 833
l 408 1166
l 408 2850
l 410 1322
l 411 2011
l 412 1006
l 412 1418
l 413 484
l 413 637
l 413 2187
l 414 834
l 414 1315
l 414 1773
l 414 2547
l 414 2744
l 415 2153
l 416 1702
l 417 647
l 417 1345
l 417 1650
l 418 810
l 418 2955
l 419 426
l 419 972
l 419 1143
l 419 1359
l 420 547
l 420 705
l 421 874
l 421 2121
l 421 2261
l 422 1346
l 423 2717
l 423 2809
l 423 2954
l 424 1174
l 424 2492
l 424 2525
l 425 1036
l 426 1143
l 427 745
l 427 2238
l 428 696
l 429 1899
l 430 920
l 430 2438
l 431 486
l 431 2450
l 432 961
l 433 1469
l 434 1328
l 434 1332
l 435 2206
l 436 2089
l 436 2695
l 437 565
l 437 948
l 438 725
l 439 444
l 439 2572
l 439 2588
l 441 2149
l 441 2950
l 442 688
l 442 2138
l 445 581
l 445 701
l 446 2702
l 447 535
l 447 649
l 448 1114
l 449 986
l 449 2198
l 450 1134
l 450 1240
l 451 882
l 451 2156
l 452 601
l 452 1156
l 453 1089
l 453 1764
l 453 2139
l 454 948
l 454 1749
l 455 562
l 456 1193
l 456 1264
l 456 1477
l 457 1250
l 457 1478
l 458 2573
l 459 2598
l 460 2149
l 461 1711
l 463 1236
l 463 1398
l 464 571
l 464 622
l 466 754
l 466 1255
l 467 1560
l 468 718
l 468 907
l 469 1341
l 469 1376
l 469 1925
l 470 913
l 471 1267
l 471 2026
l 471 2052
l 471 2168
l 473 1066
l 473 1261
l 474 1501
l 475 889
l 475 922
l 475 2424
l 476 1380
l 476 1972
l 477 856
l 477 1609
l 477 2315
l 477 2359
l 478 1312
l 478 2430
l 479 2448
l 479 3021
l 480 695
l 480 1052
l 481 2771
l 481 2794
l 482 1053
l 482 1083
l 482 1120
l 483 1655
l 483 1750
l 483 2032
l 484 2187
l 485 1092
l 485 2617
l 486 2450
l 488 1610
l 490 2224
l 490 2227
l 490 2455
l 491 816
l 491 935
l 491 2513
l 492 2877
l 492 2907
l 493 1739
l 493 2827
l 494 2623
l 495 1083
l 497 1850
l 497 2356
l 498 569
l 498 857
l 499 1578
l 500 1075
l 500 1838
l 501 729
l 501 1494
l 502 956
l 503 1737
l 504 1666
l 504 2313
l 504 2452
l 504 2700
l 506 1642
l 507 1060
l 507 1503
l 507 1765
l 507 2518
l 508 567
l 508 992
l 508 2729
l 509 1128
l 509 1270
l 509 1675
l 509 1717
l 510 1910
l 510 2500
l 511 2957
l 512 2721
l 513 2678
l 513 2733
l 514 934
l 514 2209
l 514 2317
l 514 2654
l 515 1168
l 516 2083
l 516 2674
l 517 535
l 517 2531
l 518 1776
l 518 2505
l 519 1029
l 519 2688
l 520 2471
l 521 690
l 521 953
l 521 2484
l 522 865
l 522 1271
l 523 1094
l 523 1540
l 524 839
l 524 1593
l 525 1195
l 527 1048
l 527 1672
l 528 1422
l 528 2127
l 528 2535
l 529 1212
l 529 2884
l 530 1278
l 530 1742
l 531 843
l 531 1165
l 531 1392
l 534 553
l 535 1445
l 535 1484
l 536 2119
l 537 1113
l 537 1802
l 540 1774
l 542 869
l 542 2585
l 543 1586
l 543 1931
l 544 971
l 544 1784
l 545 788
l 545 2085
l 546 1751
l 547 705
l 548 2456
l 549 790
l 549 1389
l 550 630
l 550 656
l 550 1401
l 552 556
l 552 2124
l 553 1281
l 553 1899
l 554 1192
l 554 1528
l 555 1106
l 556 614
l 557 2940
l 558 956
l 558 1493
l 558 2427
l 559 2012
l 560 1478
l 560 2036
l 561 1461
l 563 2016
l 563 2307
l 564 720
l 565 818
l 566 954
l 566 1326
l 568 993
l 569 628
l 569 857
l 570 1854
l 571 622
l 573 680
l 573 1575
l 574 2363
l 574 2461
l 575 1098
l 575 1215
l 576 793
l 577 2136
l 577 2845
l 577 3056
l 580 970
l 581 701
l 582 1111
l 583 744
l 584 1377
l 584 2643
l 585 638
l 585 1646
l 585 1971
l 586 1362
l 586 2167
l 587 1017
l 587 1876
l 588 818
l 589 685
l 589 819
l 590 805
l 590 1204
l 590 1273
l 591 1051
l 591 1115
l 592 893
l 593 984
l 593 2001
l 594 2887
l 594 3038
l 595 1410
l 595 1518
l 597 2342
l 598 2462
l 599 2120
l 600 699
l 600 1618
l 600 2006
l 601 1156
l 602 752
l 603 905
l 603 1867
l 604 1679
l 604 2924
l 605 1520
l 605 2878
l 605 3030
l 606 1479
l 606 1776
l 608 1915
l 608 2747
l 608 2811
l 609 715
l 609 2438
l 610 1707
l 610 1710
l 610 2965
l 611 2667
l 611 2876
l 612 2152
l 612 2720
l 612 2978
l 613 1055
l 615 1137
l 615 1786
l 616 1482
l 617 2062
l 617 2186
l 617 3007
l 618 735
l 619 710
l 619 2207
l 620 849
l 620 2608
l 621 943
l 622 2949
l 623 2142
l 623 2745
l 624 1538
l 624 1688
l 625 654
l 625 1738
l 626 878
l 627 2166
l 627 2777
l 627 2824
l 627 2934
l 629 2794
l 630 656
l 631 1164
l 631 1541
l 632 859
l 633 743
l 633 1742
l 634 1031
l 634 1037
l 634 1130
l 634 1513
l 634 1874
l 635 2194
l 636 1651
l 636 2552
l 637 2187
l 638 1201
l 638 1373
l 639 1432
l 639 1949
l 640 1597
l 640 1805
l 640 2281
l 641 1464
l 641 2191
l 642 1402
l 642 2004
l 642 2661
l 642 2953
l 643 877
l 644 982
l 644 2160
l 645 1667
l 645 2741
l 646 2709
l 646 2863
l 647 1650
l 648 1399
l 649 2334
l 650 747
l 650 1246
l 650 1718
l 651 802
l 651 1083
l 652 791
l 652 1109
l 653 655
l 654 1738
l 657 1242
l 658 2890
l 659 1082
l 659 1846
l 659 2353
l 660 1085
l 660 1640
l 661 945
l 662 904
l 662 1498
l 663 753
l 665 1250
l 665 1350
l 665 2010
l 666 2118
l 666 2369
l 667 801
l 667 1962
l 668 1327
l 668 2434
l 668 2565
l 669 1157
l 669 2357
l 670 2590
l 670 2675
l 670 2730
l 671 1929
l 672 1687
l 673 2025
l 673 2835
l 675 854
l 677 1032
l 677 1405
l 678 1206
l 679 1568
l 679 1593
l 680 871
l 681 895
l 682 751
l 683 2834
l 683 3028
l 684 795
l 684 2309
l 685 819
l 685 1741
l 686 941
l 687 1276
l 688 2138
l 689 2545
l 691 869
l 691 1016
l 692 2785
l 694 923
l 694 1247
l 694 1589
l 695 1052
l 697 1097
l 697 2278
l 698 1440
l 698 1872
l 698 1939
l 699 2006
l 700 1473
l 701 1001
l 702 1832
l 702 3051
l 703 1069
l 703 1816
l 706 2132
l 706 2387
l 707 1218
l 707 1544
l 708 1966
l 708 2009
l 709 1100
l 709 2591
l 710 848
l 711 1329
l 711 1766
l 711 1790
l 712 1569
l 712 2459
l 713 1134
l 713 1219
l 714 2015
l 715 2438
l 716 1604
l 716 2139
l 717 1727
l 717 1771
l 717 1900
l 718 2338
l 719 1459
l 719 1579
l 721 3018
l 721 3037
l 722 1963
l 722 2596
l 723 902
l 723 1033
l 723 1074
l 724 2355
l 724 2962
l 726 767
l 726 811
l 726 1560
l 727 817
l 727 1004
l 727 2282
l 728 735
l 728 776
l 729 1494
l 731 910
l 732 2397
l 732 2630
l 733 2363
l 734 1638
l 734 1917
l 734 2783
l 736 969
l 736 2214
l 737 2214
l 738 2563
l 739 1500
l 739 2079
l 739 2788
l 740 2996
l 741 1348
l 741 1575
l 741 1934
l 742 2891
l 744 2612
l 745 2238
l 746 2503
l 747 1246
l 747 1718
l 747 1975
l 748 2936
l 748 2976
l 749 962
l 750 1210
l 751 899
l 751 1689
l 752 1123
l 754 1255
l 756 2685
l 757 888
l 758 2037
l 758 2390
l 759 2822
l 760 1790
l 760 2436
l 761 1218
l 761 1723
l 762 1531
l 762 2258
l 763 2849
l 763 2858
l 765 1946
l 765 2242
l 766 2444
l 766 2842
l 767 811
l 767 952
l 768 931
l 768 950
l 769 799
l 770 1284
l 771 773
l 771 1526
l 771 2701
l 772 944
l 772 2577
l 774 805
l 775 2213
l 777 835
l 777 1384
l 777 2325
l 778 1068
l 778 1491
l 779 1079
l 780 1003
l 781 837
l 781 1239
l 783 2268
l 784 1918
l 784 2021
l 785 863
l 785 1093
l 786 1506
l 787 1432
l 788 2085
l 789 1298
l 789 1404
l 789 2338
l 790 881
l 790 3027
l 791 1499
l 792 1529
l 792 1770
l 793 925
l 793 1271
l 794 1635
l 794 2133
l 795 2300
l 795 2942
l 796 1081
l 796 1258
l 797 1598
l 798 919
l 798 2149
l 800 1097
l 800 2278
l 801 2141
l 801 2203
l 802 1083
l 804 897
l 804 1195
l 805 1521
l 805 2041
l 806 1850
l 806 1996
l 807 1444
l 807 1557
l 807 1623
l 808 2886
l 808 2975
l 809 1920
l 810 1010
l 810 2955
l 812 847
l 813 1058
l 813 2185
l 813 2229
l 814 2096
l 814 2112
l 815 2334
l 815 2660
l 816 2513
l 817 1004
l 817 2282
l 821 1930
l 821 2056
l 821 2892
l 822 1687
l 823 1986
l 824 2299
l 825 959
l 825 1438
l 825 1967
l 826 2260
l 827 1008
l 828 1618
l 828 2006
l 829 947
l 829 1878
l 829 2346
l 830 1446
l 831 996
l 831 2190
l 832 2276
l 833 872
l 834 2547
l 835 2325
l 836 2344
l 836 3008
l 836 3040
l 837 1239
l 838 926
l 838 1228
l 838 1713
l 838 2597
l 839 1626
l 840 1587
l 840 2625
l 841 2243
l 842 1573
l 842 2326
l 843 1165
l 844 2059
l 845 1758
l 846 1833
l 846 2415
l 848 1788
l 849 2608
l 851 1516
l 852 942
l 852 2115
l 853 938
l 853 1706
l 854 1036
l 855 2769
l 855 2880
l 856 1609
l 858 1034
l 858 1464
l 858 2606
l 860 2336
l 860 2592
l 861 2801
l 862 1522
l 863 1306
l 864 2582
l 865 925
l 865 1271
l 866 1644
l 866 2360
l 866 2579
l 867 2347
l 868 1382
l 869 1016
l 869 2585
l 870 2811
l 871 1256
l 871 1348
l 873 1132
l 874 2121
l 874 2261
l 875 1384
l 875 2325
l 876 2925
l 878 2054
l 879 2253
l 880 1831
l 880 2927
l 881 3027
l 882 968
l 882 2156
l 883 1221
l 884 1023
l 884 2046
l 884 2162
l 885 1226
l 885 2016
l 886 936
l 886 1334
l 887 2456
l 889 2424
l 890 2159
l 890 2265
l 890 2537
l 891 2371
l 891 2530
l 892 2341
l 893 2125
l 894 2505
l 896 1671
l 897 984
l 897 1195
l 897 2001
l 898 1725
l 899 1065
l 899 1689
l 899 1969
l 900 1430
l 900 2882
l 901 1935
l 901 2503
l 902 1074
l 903 1039
l 904 1124
l 904 1498
l 905 1867
l 906 1410
l 908 1682
l 909 1072
l 914 1466
l 914 2816
l 914 2899
l 915 946
l 916 1431
l 918 2422
l 920 1385
l 920 2438
l 921 2384
l 922 2144
l 922 2179
l 923 1247
l 923 1589
l 924 1319
l 925 1271
l 926 1228
l 926 2597
l 928 1145
l 929 1908
l 930 1729
l 930 1839
l 931 1307
l 932 976
l 932 1011
l 933 2510
l 933 2721
l 934 2654
l 935 2513
l 936 1475
l 937 2558
l 937 2762
l 937 2821
l 938 1706
l 939 1489
l 939 1637
l 941 1808
l 942 2115
l 944 2577
l 947 1909
l 947 2346
l 949 1269
l 949 1891
l 950 1307
l 951 2834
l 951 3028
l 952 1382
l 953 2484
l 955 1124
l 955 1797
l 956 1493
l 957 1654
l 958 1005
l 959 1280
l 959 1862
l 960 1006
l 960 1372
l 960 1418
l 961 1013
l 963 1303
l 964 1167
l 964 1798
l 964 2564
l 965 1077
l 965 2421
l 967 981
l 967 2281
l 968 1158
l 969 2214
l 971 1784
l 971 1911
l 972 1359
l 973 1360
l 973 1599
l 974 1835
l 975 1129
l 975 2928
l 975 2929
l 976 1011
l 976 1292
l 977 1290
l 977 1505
l 977 2292
l 978 2226
l 978 2539
l 979 1062
l 979 1293
l 980 2161
l 980 2400
l 980 2538
l 981 1597
l 982 1605
l 983 2105
l 983 2822
l 984 2001
l 985 2478
l 985 3054
l 986 1322
l 987 2320
l 988 1100
l 988 1895
l 989 1040
l 989 1333
l 989 2795
l 992 2918
l 994 1312
l 994 2430
l 995 2146
l 995 2502
l 996 2190
l 997 2552
l 997 2793
l 998 1337
l 998 1904
l 1000 1222
l 1002 1403
l 1002 2426
l 1002 2633
l 1007 1532
l 1007 2429
l 1009 1335
l 1012 1054
l 1012 1649
l 1012 1928
l 1014 1314
l 1014 2829
l 1015 1564
l 1015 1902
l 1015 2154
l 1015 2520
l 1019 2631
l 1020 2108
l 1020 2903
l 1021 1627
l 1021 1947
l 1022 1055
l 1022 2222
l 1022 2861
l 1023 2046
l 1024 1633
l 1024 2195
l 1025 2196
l 1026 1782
l 1026 2419
l 1027 1706
l 1032 1405
l 1032 1861
l 1034 2209
l 1035 1557
l 1035 2712
l 1037 1130
l 1037 1162
l 1037 2569
l 1040 2174
l 1040 2795
l 1041 2114
l 1041 2764
l 1043 1163
l 1043 1378
l 1044 1524
l 1044 1760
l 1045 1531
l 1045 2258
l 1046 1157
l 1047 1294
l 1048 1486
l 1049 1071
l 1050 2653
l 1050 2991
l 1051 1115
l 1053 1120
l 1053 1855
l 1054 1649
l 1056 1112
l 1056 2251
l 1057 1253
l 1057 1643
l 1057 1685
l 1058 2185
l 1059 1393
l 1061 1612
l 1061 1630
l 1061 2786
l 1061 2800
l 1062 1989
l 1063 1379
l 1063 2453
l 1065 1969
l 1066 1453
l 1067 1641
l 1067 1943
l 1068 1491
l 1069 1550
l 1069 1816
l 1070 1233
l 1071 2545
l 1072 2146
l 1073 1307
l 1075 1838
l 1076 1679
l 1077 2883
l 1078 1338
l 1078 1448
l 1078 1457
l 1080 1741
l 1081 1258
l 1081 1733
l 1082 1846
l 1083 1820
l 1083 2175
l 1084 1502
l 1084 2863
l 1085 1332
l 1086 1411
l 1086 2117
l 1087 1819
l 1088 1426
l 1088 1924
l 1089 1999
l 1090 2073
l 1090 2197
l 1091 2561
l 1093 1616
l 1095 1709
l 1095 1720
l 1095 1817
l 1095 3039
l 1096 2030
l 1096 2879
l 1097 2278
l 1098 1215
l 1099 3057
l 1100 1895
l 1100 2204
l 1102 2096
l 1103 1242
l 1103 2632
l 1104 2377
l 1104 2819
l 1107 1297
l 1107 1547
l 1108 1624
l 1108 2343
l 1109 1499
l 1110 2732
l 1110 3010
l 1112 1216
l 1112 2418
l 1113 1802
l 1114 2080
l 1115 1371
l 1116 2002
l 1117 2011
l 1117 2449
l 1118 2583
l 1118 3012
l 1119 2273
l 1120 1855
l 1121 2312
l 1122 1921
l 1122 2422
l 1124 1178
l 1124 1498
l 1126 2915
l 1126 3025
l 1127 2201
l 1127 2389
l 1128 1270
l 1129 2928
l 1129 2929
l 1131 1469
l 1133 1595
l 1134 1240
l 1135 1414
l 1135 1608
l 1136 2302
l 1138 1387
l 1138 1804
l 1139 1905
l 1141 2078
l 1141 3014
l 1145 1674
l 1145 2869
l 1146 1394
l 1146 2378
l 1146 2476
l 1147 1363
l 1148 2425
l 1149 1843
l 1149 1948
l 1150 1189
l 1150 2656
l 1151 1821
l 1152 1211
l 1152 1365
l 1154 2574
l 1155 1219
l 1155 1401
l 1158 2231
l 1158 2690
l 1160 1237
l 1160 1517
l 1162 1829
l 1162 2569
l 1163 1378
l 1164 1541
l 1165 1392
l 1166 2850
l 1167 2564
l 1168 2029
l 1169 1925
l 1169 2080
l 1170 1181
l 1171 2781
l 1171 2809
l 1172 1301
l 1172 2605
l 1173 1207
l 1173 1894
l 1174 2492
l 1175 2782
l 1176 2925
l 1177 1355
l 1177 1864
l 1178 1650
l 1179 1984
l 1179 2260
l 1179 2939
l 1180 1960
l 1182 1537
l 1183 1548
l 1184 2751
l 1184 2971
l 1185 2177
l 1186 2040
l 1187 1937
l 1188 2844
l 1189 2656
l 1189 2830
l 1190 2446
l 1190 2900
l 1190 3031
l 1191 1950
l 1191 1993
l 1191 2158
l 1192 1528
l 1193 1264
l 1193 1477
l 1196 1216
l 1196 1316
l 1196 2676
l 1197 2503
l 1198 1827
l 1198 2534
l 1199 2383
l 1200 2470
l 1200 2747
l 1200 2811
l 1200 2933
l 1201 1304
l 1202 1229
l 1202 1657
l 1202 1927
l 1204 1273
l 1206 1433
l 1209 1318
l 1209 3015
l 1210 1286
l 1210 1472
l 1211 1365
l 1211 2382
l 1213 1882
l 1213 1965
l 1214 1826
l 1214 1938
l 1217 2034
l 1217 2570
l 1217 3022
l 1220 1413
l 1220 2173
l 1220 2406
l 1221 1449
l 1223 2396
l 1224 1416
l 1224 2818
l 1225 1387
l 1226 2016
l 1226 2308
l 1227 1525
l 1227 2123
l 1228 2629
l 1229 1289
l 1230 2147
l 1230 2176
l 1231 1789
l 1232 2626
l 1232 2748
l 1232 2810
l 1232 2895
l 1234 2660
l 1234 2745
l 1235 2250
l 1235 2423
l 1235 2677
l 1235 2916
l 1236 1398
l 1237 1517
l 1238 1275
l 1241 2366
l 1244 1488
l 1248 1691
l 1248 2376
l 1252 1929
l 1252 2875
l 1253 1685
l 1253 1750
l 1254 1747
l 1256 1348
l 1258 1733
l 1259 1956
l 1259 2493
l 1260 2687
l 1261 1852
l 1262 2330
l 1262 2421
l 1262 2708
l 1263 1546
l 1263 2934
l 1265 1735
l 1266 1666
l 1267 2026
l 1268 2388
l 1268 2729
l 1268 2918
l 1269 1891
l 1269 2613
l 1274 1378
l 1274 1491
l 1275 1506
l 1275 1693
l 1277 1712
l 1278 1742
l 1279 2216
l 1280 1311
l 1280 1438
l 1280 1862
l 1281 1467
l 1282 1348
l 1282 1575
l 1283 2045
l 1285 1615
l 1286 1472
l 1287 1390
l 1287 3026
l 1288 1552
l 1289 1927
l 1290 1505
l 1291 2945
l 1291 2948
l 1296 1417
l 1296 2395
l 1298 1404
l 1300 1647
l 1300 2077
l 1300 2571
l 1301 2280
l 1302 2172
l 1304 1373
l 1305 1879
l 1305 1927
l 1306 1486
l 1309 2208
l 1309 2337
l 1310 2184
l 1311 1862
l 1312 2430
l 1313 1748
l 1314 2829
l 1315 2547
l 1317 2716
l 1318 1554
l 1318 3015
l 1319 1413
l 1320 1732
l 1320 2575
l 1321 2891
l 1323 1842
l 1323 2067
l 1324 1447
l 1325 1451
l 1325 1481
l 1327 2434
l 1327 2565
l 1329 1790
l 1330 1640
l 1330 1664
l 1330 1703
l 1330 2249
l 1331 2082
l 1331 2962
l 1333 2795
l 1336 1682
l 1336 2854
l 1337 1904
l 1338 1448
l 1338 1457
l 1339 1705
l 1339 2145
l 1340 1453
l 1340 2711
l 1341 2789
l 1342 1570
l 1346 1821
l 1347 1822
l 1347 1863
l 1348 1716
l 1349 1870
l 1350 2010
l 1350 2277
l 1351 1563
l 1351 2183
l 1352 1353
l 1352 2110
l 1353 2110
l 1354 2130
l 1354 2417
l 1355 1864
l 1355 2093
l 1355 2912
l 1356 1443
l 1357 2233
l 1357 3046
l 1358 1465
l 1358 1535
l 1361 2448
l 1361 3011
l 1362 2167
l 1363 1809
l 1364 2670
l 1364 2685
l 1365 2382
l 1366 2375
l 1367 1478
l 1367 2036
l 1368 2381
l 1369 2563
l 1369 2906
l 1370 2051
l 1371 2451
l 1373 1971
l 1374 1533
l 1375 2084
l 1375 2497
l 1376 1925
l 1377 1670
l 1377 2643
l 1379 2453
l 1379 2522
l 1380 1930
l 1380 2298
l 1381 1860
l 1381 2074
l 1381 2368
l 1382 2606
l 1384 2325
l 1385 2438
l 1386 1825
l 1387 1804
l 1388 1665
l 1388 1847
l 1389 3035
l 1390 3026
l 1391 1697
l 1391 1729
l 1391 1839
l 1394 2576
l 1395 2116
l 1395 3052
l 1396 1421
l 1396 1962
l 1397 2279
l 1400 2064
l 1400 2673
l 1402 2004
l 1402 2881
l 1405 1744
l 1405 1861
l 1406 2199
l 1407 1555
l 1408 1412
l 1409 1869
l 1409 2646
l 1411 2117
l 1412 2289
l 1413 1535
l 1414 1608
l 1417 2395
l 1417 2920
l 1419 2681
l 1420 1507
l 1420 2820
l 1421 1450
l 1422 2535
l 1423 1510
l 1423 1811
l 1424 1978
l 1425 1957
l 1425 2576
l 1426 1924
l 1426 2199
l 1427 1515
l 1428 2315
l 1428 2359
l 1429 1854
l 1430 1999
l 1431 2179
l 1432 1949
l 1433 2341
l 1434 1868
l 1434 2007
l 1434 2086
l 1436 1834
l 1436 2433
l 1436 2644
l 1436 2952
l 1437 2683
l 1439 1527
l 1439 2408
l 1440 1939
l 1440 2779
l 1441 2151
l 1442 2065
l 1444 2712
l 1445 1484
l 1449 1465
l 1451 1481
l 1452 2247
l 1452 2615
l 1454 2354
l 1455 1890
l 1455 2024
l 1456 1667
l 1458 1611
l 1458 2361
l 1458 2698
l 1459 2642
l 1460 1529
l 1460 1770
l 1462 1622
l 1462 1709
l 1462 1817
l 1463 2736
l 1463 2799
l 1464 2191
l 1464 2606
l 1465 1535
l 1466 2899
l 1468 2570
l 1471 1754
l 1471 2697
l 1471 2905
l 1476 2642
l 1478 2036
l 1479 1776
l 1482 1814
l 1482 2517
l 1483 2784
l 1483 2817
l 1485 2031
l 1487 1492
l 1487 1567
l 1487 2584
l 1489 1637
l 1489 2997
l 1492 2237
l 1492 2584
l 1493 2427
l 1495 2519
l 1495 2694
l 1497 1723
l 1497 1840
l 1499 2367
l 1499 3047
l 1500 2079
l 1502 2863
l 1503 1765
l 1503 2243
l 1504 1655
l 1504 2032
l 1507 2491
l 1507 2820
l 1508 1731
l 1509 2348
l 1509 2511
l 1510 1811
l 1511 2611
l 1511 2776
l 1512 2967
l 1513 1874
l 1514 1603
l 1514 2523
l 1514 2543
l 1519 1894
l 1519 2460
l 1520 2878
l 1521 2041
l 1523 1712
l 1524 1760
l 1525 2123
l 1526 2701
l 1527 2408
l 1527 2504
l 1528 1691
l 1529 1770
l 1530 1762
l 1530 2119
l 1531 2258
l 1532 1676
l 1532 2429
l 1533 1684
l 1534 2626
l 1534 2748
l 1538 1688
l 1539 1586
l 1539 1931
l 1539 2645
l 1542 2042
l 1542 2792
l 1544 2056
l 1546 2232
l 1546 2824
l 1549 2319
l 1550 1816
l 1551 2091
l 1551 2202
l 1552 2482
l 1553 2774
l 1553 2802
l 1554 1797
l 1554 2220
l 1554 3015
l 1555 1875
l 1556 2234
l 1556 2768
l 1556 2997
l 1557 1623
l 1557 2712
l 1558 1617
l 1558 2057
l 1559 2990
l 1559 3023
l 1561 2815
l 1562 1796
l 1562 2857
l 1563 2183
l 1564 1902
l 1565 1787
l 1565 2742
l 1567 2683
l 1569 2459
l 1571 2706
l 1572 2128
l 1572 2472
l 1572 2637
l 1573 2326
l 1573 2539
l 1574 1665
l 1574 1847
l 1579 2200
l 1580 1778
l 1580 2017
l 1580 2111
l 1580 2205
l 1580 2587
l 1581 1645
l 1582 2952
l 1583 2888
l 1583 3046
l 1584 1768
l 1584 2109
l 1585 2391
l 1585 2657
l 1586 2645
l 1587 2625
l 1588 1745
l 1590 2013
l 1591 1903
l 1591 2288
l 1592 1803
l 1592 2254
l 1592 2593
l 1594 2079
l 1594 2788
l 1596 2589
l 1596 2757
l 1596 2860
l 1597 1998
l 1600 2938
l 1601 1698
l 1601 2131
l 1601 2723
l 1603 2543
l 1604 2139
l 1605 2917
l 1606 1735
l 1607 2048
l 1607 2478
l 1607 3054
l 1608 3033
l 1611 2027
l 1611 2361
l 1611 2432
l 1612 1630
l 1613 2407
l 1613 2516
l 1614 2562
l 1617 2057
l 1618 2006
l 1620 1866
l 1621 1777
l 1622 1817
l 1624 2343
l 1625 2943
l 1625 2944
l 1625 2972
l 1627 1907
l 1627 1947
l 1627 2165
l 1628 1656
l 1628 2393
l 1628 2586
l 1628 2703
l 1629 2981
l 1630 2800
l 1631 2043
l 1632 1785
l 1632 2457
l 1633 2195
l 1634 1810
l 1634 2100
l 1635 1783
l 1635 1954
l 1636 2494
l 1638 2783
l 1639 1663
l 1639 1888
l 1640 1664
l 1640 2249
l 1641 1943
l 1644 2543
l 1644 2579
l 1646 1648
l 1646 2498
l 1647 2077
l 1648 2498
l 1649 1928
l 1651 2552
l 1652 2604
l 1652 2704
l 1653 2014
l 1655 2032
l 1656 2393
l 1656 2586
l 1657 1927
l 1658 2126
l 1659 1808
l 1660 1746
l 1660 2693
l 1661 2351
l 1661 2541
l 1662 2044
l 1663 1888
l 1663 1952
l 1665 1847
l 1665 2885
l 1668 2903
l 1669 2172
l 1669 2404
l 1671 2338
l 1673 1979
l 1673 2692
l 1674 2869
l 1675 1717
l 1676 2429
l 1677 2047
l 1677 2639
l 1677 2973
l 1678 2599
l 1680 2688
l 1681 2370
l 1681 2531
l 1682 2854
l 1683 1938
l 1683 1980
l 1683 2095
l 1683 2310
l 1683 2969
l 1686 1708
l 1688 2920
l 1690 2135
l 1694 2210
l 1695 2126
l 1696 1865
l 1696 2669
l 1698 2131
l 1699 2163
l 1701 1714
l 1703 2249
l 1704 2445
l 1705 1885
l 1705 2442
l 1705 2901
l 1709 1817
l 1710 2965
l 1713 2597
l 1715 2447
l 1715 2594
l 1716 1934
l 1718 1975
l 1719 1802
l 1720 3039
l 1721 1829
l 1721 2151
l 1722 2212
l 1722 2658
l 1723 1840
l 1724 1823
l 1726 2645
l 1728 1836
l 1729 1839
l 1730 1845
l 1730 1990
l 1731 2490
l 1732 2575
l 1732 2686
l 1733 2947
l 1734 2185
l 1734 2229
l 1736 2066
l 1739 2827
l 1740 2678
l 1740 2896
l 1743 1911
l 1743 1972
l 1743 2392
l 1746 2693
l 1752 2017
l 1752 2335
l 1753 1897
l 1753 2812
l 1754 2697
l 1755 2634
l 1756 1909
l 1756 2397
l 1756 2666
l 1757 1901
l 1758 2164
l 1759 2295
l 1759 2753
l 1761 2386
l 1761 2724
l 1762 2763
l 1762 2798
l 1763 2454
l 1764 2143
l 1766 1888
l 1767 3053
l 1768 2109
l 1771 1900
l 1773 2744
l 1775 2180
l 1775 2508
l 1778 2205
l 1779 1795
l 1779 2104
l 1779 2402
l 1779 2500
l 1780 2294
l 1780 2986
l 1781 1950
l 1781 2158
l 1781 2328
l 1782 2419
l 1783 1954
l 1784 1911
l 1785 2457
l 1786 2477
l 1787 2742
l 1791 1848
l 1792 2544
l 1793 2172
l 1793 2479
l 1795 2402
l 1796 2504
l 1796 2857
l 1798 2564
l 1800 2707
l 1801 2760
l 1805 1998
l 1805 2321
l 1806 1887
l 1806 2557
l 1807 2245
l 1807 2721
l 1807 2750
l 1810 2100
l 1812 2796
l 1813 2609
l 1813 2775
l 1813 3043
l 1814 2316
l 1815 2997
l 1818 2107
l 1818 2734
l 1820 2175
l 1820 2218
l 1822 1863
l 1822 1933
l 1824 1978
l 1826 1938
l 1828 2638
l 1828 2663
l 1828 2807
l 1829 2151
l 1830 1941
l 1830 2570
l 1831 2927
l 1831 2941
l 1832 3051
l 1834 2055
l 1837 2286
l 1840 2127
l 1841 2327
l 1841 2796
l 1842 2225
l 1843 2103
l 1843 2754
l 1844 1955
l 1844 2019
l 1845 1990
l 1845 2947
l 1848 1964
l 1849 2050
l 1849 2766
l 1850 1996
l 1850 2356
l 1851 2894
l 1852 2053
l 1853 2737
l 1856 1875
l 1856 3023
l 1857 2305
l 1857 2705
l 1857 2770
l 1858 2254
l 1858 2593
l 1859 1979
l 1859 2297
l 1860 2074
l 1865 2192
l 1865 2264
l 1865 2669
l 1868 2007
l 1868 2086
l 1869 2181
l 1869 2307
l 1869 2646
l 1871 2239
l 1871 2568
l 1871 2689
l 1872 1939
l 1873 2180
l 1876 2289
l 1877 2008
l 1878 2346
l 1879 2578
l 1882 1965
l 1883 1914
l 1883 2130
l 1884 1913
l 1884 2129
l 1886 2743
l 1887 2068
l 1887 2555
l 1887 2557
l 1888 1952
l 1888 2436
l 1890 2024
l 1893 2144
l 1893 2179
l 1895 2204
l 1896 2094
l 1897 2812
l 1898 2904
l 1903 2288
l 1906 2733
l 1906 2814
l 1907 2165
l 1909 2666
l 1910 2826
l 1911 2392
l 1912 2906
l 1913 2129
l 1915 2811
l 1916 1956
l 1916 2349
l 1916 2493
l 1917 2725
l 1917 2783
l 1918 2610
l 1918 2640
l 1921 2422
l 1922 2635
l 1923 2959
l 1924 2403
l 1926 2428
l 1928 2030
l 1930 2892
l 1932 1973
l 1932 2342
l 1933 2123
l 1933 2352
l 1933 2399
l 1942 1981
l 1942 2213
l 1944 2893
l 1945 2215
l 1946 2242
l 1946 2913
l 1948 2189
l 1950 1993
l 1950 2158
l 1952 2436
l 1953 2386
l 1953 2474
l 1955 2019
l 1955 2871
l 1956 2493
l 1958 2005
l 1958 2864
l 1959 2365
l 1961 2439
l 1962 2270
l 1962 2542
l 1963 2596
l 1964 3003
l 1966 2009
l 1968 2932
l 1968 3001
l 1968 3045
l 1970 2727
l 1972 1992
l 1973 2342
l 1974 2294
l 1974 2986
l 1977 2713
l 1977 3021
l 1979 2297
l 1979 2692
l 1980 2095
l 1981 2213
l 1982 2077
l 1982 2571
l 1983 2291
l 1983 2322
l 1984 2939
l 1985 2941
l 1987 2663
l 1987 2807
l 1988 2573
l 1989 2102
l 1991 2018
l 1991 2046
l 1991 2134
l 1992 2298
l 1995 2140
l 1996 2169
l 1997 2442
l 1997 2544
l 1997 2901
l 1998 2321
l 1998 2518
l 1999 2143
l 2000 2908
l 2005 2329
l 2005 2659
l 2005 2864
l 2009 2451
l 2011 2319
l 2013 2989
l 2016 2307
l 2017 2335
l 2018 2134
l 2020 2699
l 2020 2983
l 2022 2833
l 2023 2084
l 2023 2497
l 2024 2277
l 2030 2879
l 2033 2440
l 2033 2692
l 2033 2897
l 2034 3022
l 2035 2075
l 2035 2353
l 2038 2059
l 2038 2884
l 2042 2792
l 2047 2979
l 2048 3054
l 2049 2271
l 2049 2481
l 2050 2766
l 2052 2168
l 2054 2285
l 2054 2580
l 2055 2972
l 2058 2980
l 2058 3041
l 2060 3008
l 2060 3040
l 2061 2437
l 2061 2627
l 2062 3007
l 2063 2470
l 2063 2933
l 2064 2673
l 2065 2394
l 2067 2671
l 2067 2992
l 2068 2555
l 2068 2871
l 2069 2228
l 2069 2611
l 2069 2872
l 2070 2832
l 2071 2354
l 2072 2331
l 2075 2353
l 2076 2332
l 2076 2526
l 2077 2571
l 2078 3014
l 2082 2962
l 2083 2674
l 2084 2497
l 2087 2097
l 2087 2865
l 2088 2257
l 2089 2353
l 2089 2373
l 2089 2602
l 2090 2372
l 2090 2412
l 2091 2202
l 2092 2649
l 2092 2852
l 2093 2912
l 2094 2112
l 2094 2636
l 2095 2969
l 2097 2865
l 2098 2311
l 2099 2417
l 2099 2652
l 2102 2819
l 2103 2754
l 2104 2402
l 2104 2500
l 2105 2822
l 2107 2231
l 2107 2734
l 2107 2866
l 2111 2587
l 2112 2636
l 2113 2252
l 2113 2274
l 2114 2764
l 2118 3034
l 2127 2535
l 2128 2637
l 2131 2723
l 2132 2387
l 2135 2227
l 2135 2455
l 2137 2917
l 2137 2974
l 2141 2203
l 2141 2270
l 2142 2745
l 2144 2179
l 2145 2442
l 2146 2502
l 2147 2176
l 2150 2240
l 2150 2779
l 2152 2720
l 2152 2978
l 2154 2520
l 2157 2749
l 2159 2537
l 2161 2538
l 2163 2458
l 2166 2767
l 2166 2777
l 2169 2345
l 2170 2174
l 2170 2795
l 2171 2758
l 2171 2951
l 2171 2968
l 2172 2404
l 2174 2795
l 2175 2218
l 2175 2600
l 2178 2735
l 2178 2836
l 2180 2410
l 2180 2508
l 2182 2702
l 2185 2229
l 2186 2275
l 2188 2306
l 2188 2477
l 2192 2264
l 2195 2964
l 2196 2475
l 2196 2514
l 2197 2625
l 2198 2591
l 2201 2389
l 2210 2668
l 2211 2761
l 2212 2658
l 2215 2944
l 2216 2627
l 2217 2385
l 2217 2665
l 2218 2600
l 2219 2431
l 2219 2601
l 2221 2416
l 2222 2651
l 2222 2855
l 2222 2861
l 2225 2515
l 2227 2455
l 2228 2872
l 2230 2389
l 2230 2441
l 2231 2690
l 2232 2805
l 2232 2934
l 2233 3046
l 2234 2768
l 2234 2839
l 2235 2368
l 2235 2681
l 2239 2689
l 2240 2779
l 2241 2288
l 2241 3024
l 2245 2750
l 2246 2524
l 2246 2619
l 2247 2615
l 2248 2902
l 2250 2916
l 2251 2676
l 2252 2274
l 2254 2593
l 2259 2449
l 2260 2939
l 2262 2843
l 2263 2279
l 2265 2537
l 2267 2917
l 2267 2931
l 2267 3050
l 2269 2495
l 2270 2542
l 2271 2481
l 2272 2380
l 2283 2846
l 2284 2847
l 2284 2922
l 2285 2580
l 2285 2805
l 2286 2581
l 2286 2935
l 2291 2322
l 2292 2668
l 2293 2308
l 2293 3049
l 2294 2735
l 2294 2986
l 2295 2753
l 2300 2309
l 2300 2942
l 2301 2603
l 2304 2469
l 2304 2628
l 2305 2705
l 2305 2818
l 2310 2969
l 2312 2610
l 2312 2640
l 2313 2700
l 2314 2379
l 2315 2359
l 2317 2654
l 2320 2371
l 2323 2785
l 2324 2473
l 2324 2687
l 2326 2539
l 2327 2796
l 2328 2622
l 2329 2864
l 2330 2708
l 2332 2526
l 2333 2517
l 2333 2813
l 2336 2592
l 2337 2447
l 2339 2657
l 2339 2818
l 2340 2601
l 2340 2627
l 2344 2696
l 2344 3040
l 2345 2903
l 2348 2511
l 2349 2514
l 2350 2772
l 2350 2914
l 2352 2399
l 2355 2962
l 2356 2445
l 2358 2423
l 2358 2677
l 2361 2698
l 2362 2778
l 2362 2842
l 2363 2461
l 2364 2528
l 2367 3047
l 2368 2681
l 2369 2568
l 2370 2596
l 2371 2530
l 2372 2412
l 2373 2602
l 2373 2616
l 2377 2819
l 2378 2476
l 2382 2464
l 2382 2701
l 2385 2665
l 2386 2474
l 2388 2729
l 2389 3003
l 2390 2644
l 2391 2657
l 2393 2703
l 2395 2920
l 2397 2630
l 2398 2512
l 2398 2554
l 2400 2538
l 2401 2420
l 2403 2498
l 2405 2435
l 2407 2516
l 2409 2614
l 2409 2841
l 2410 2508
l 2413 2722
l 2415 2988
l 2417 2652
l 2421 2708
l 2423 2677
l 2426 2633
l 2428 2584
l 2431 2601
l 2433 2644
l 2433 2952
l 2435 2732
l 2435 3010
l 2437 2627
l 2440 2897
l 2440 3020
l 2443 2479
l 2443 2561
l 2444 2623
l 2446 2900
l 2446 3002
l 2447 2594
l 2448 3011
l 2452 2700
l 2453 2522
l 2458 2830
l 2463 2840
l 2464 2701
l 2465 2559
l 2466 2679
l 2468 2550
l 2468 2780
l 2469 2628
l 2469 2989
l 2470 2811
l 2470 2933
l 2473 2687
l 2474 2724
l 2475 2514
l 2478 3054
l 2480 2769
l 2483 2804
l 2487 2509
l 2487 2667
l 2487 2719
l 2487 2853
l 2488 2553
l 2488 2890
l 2489 2837
l 2490 2491
l 2492 2752
l 2496 2560
l 2496 2641
l 2496 2728
l 2499 2595
l 2501 2624
l 2501 2859
l 2506 2549
l 2507 2520
l 2507 2810
l 2509 2853
l 2510 2721
l 2515 2964
l 2517 2813
l 2519 2694
l 2523 2543
l 2523 2756
l 2532 3029
l 2533 2551
l 2536 2619
l 2536 2687
l 2540 2620
l 2540 2796
l 2546 2662
l 2546 2848
l 2550 2738
l 2550 2780
l 2558 2821
l 2560 2728
l 2566 2874
l 2567 2911
l 2572 2588
l 2578 2838
l 2580 2805
l 2581 2935
l 2583 2851
l 2583 3012
l 2589 2757
l 2590 2730
l 2602 2616
l 2604 2704
l 2607 2655
l 2609 2907
l 2610 2640
l 2611 2776
l 2614 2841
l 2618 2977
l 2624 2859
l 2626 2748
l 2626 2810
l 2634 2650
l 2634 2806
l 2638 2663
l 2639 2973
l 2639 3000
l 2641 2728
l 2641 2985
l 2647 2714
l 2648 2999
l 2649 2852
l 2650 2806
l 2651 2684
l 2660 2745
l 2661 2953
l 2662 2848
l 2663 2807
l 2667 2876
l 2670 2685
l 2671 2992
l 2675 2730
l 2678 2711
l 2678 2896
l 2695 2739
l 2696 3040
l 2699 2983
l 2699 3050
l 2705 2718
l 2705 2770
l 2705 2818
l 2709 2996
l 2713 3021
l 2715 2868
l 2716 2738
l 2716 2780
l 2717 2954
l 2718 2770
l 2719 2853
l 2725 2783
l 2725 2893
l 2729 2918
l 2731 2873
l 2732 3010
l 2733 2814
l 2734 2866
l 2736 2799
l 2738 2780
l 2746 2825
l 2746 2881
l 2748 2895
l 2751 2971
l 2755 2797
l 2757 2860
l 2758 2951
l 2758 2968
l 2761 2992
l 2762 2856
l 2763 2787
l 2763 2798
l 2763 2995
l 2765 3018
l 2767 2777
l 2768 2839
l 2771 2794
l 2772 2914
l 2774 2802
l 2775 2907
l 2775 3043
l 2777 2824
l 2778 2842
l 2781 2809
l 2781 3024
l 2782 2924
l 2786 2800
l 2787 2995
l 2790 2803
l 2790 2839
l 2791 2817
l 2801 3012
l 2803 2839
l 2806 2883
l 2816 2899
l 2825 2881
l 2826 2889
l 2831 2984
l 2834 3028
l 2838 2968
l 2843 2905
l 2845 3056
l 2847 2867
l 2847 2922
l 2847 3053
l 2849 2858
l 2855 2861
l 2857 3032
l 2860 2870
l 2867 2922
l 2876 2913
l 2877 2907
l 2880 2898
l 2886 2975
l 2887 3038
l 2897 3020
l 2900 3002
l 2909 3019
l 2909 3044
l 2909 3055
l 2910 2987
l 2915 3025
l 2917 2974
l 2917 3050
l 2919 2976
l 2919 3032
l 2926 3007
l 2926 3056
l 2930 2945
l 2930 2948
l 2932 3001
l 2932 3045
l 2936 2976
l 2940 3016
l 2943 2944
l 2945 2948
l 2956 3042
l 2956 3048
l 2958 2991
l 2958 2998
l 2961 2979
l 2961 2993
l 2961 3004
l 2976 3032
l 2978 3035
l 2980 3041
l 2982 3004
l 2984 3006
l 2990 3023
l 2991 2998
l 2993 3004
l 2994 3017
l 3000 3009
l 3009 3013
l 3011 3021
l 3018 3037
l 3019 3044
l 3042 3048
l 3044 3055
