# GAER fixed 3D contour tubes. Original world coordinates; Z-up. Depth proxy, not certified surface.
v -0.061142236 0.635336876 1.03712738
v -0.0613351762 0.636010706 1.03553402
v -0.0621621832 0.637392998 1.03487408
v -0.0631388053 0.638673902 1.03553402
v -0.0636929497 0.639103174 1.03712738
v -0.063500002 0.638429284 1.03872073
v -0.0626730025 0.637047052 1.03938079
v -0.0616963804 0.635766089 1.03872073
v -0.054332573 0.639950991 1.03824079
v -0.054999534 0.640286565 1.0366683
v -0.0560671948 0.641497314 1.03601694
v -0.0569101349 0.642874062 1.0366683
v -0.0570345707 0.643610239 1.03824079
v -0.0563676134 0.643274665 1.03981328
v -0.0552999526 0.642063856 1.04046464
v -0.0544570088 0.640687168 1.03981328
v -0.0513829142 0.642590821 1.03444839
v -0.0519127399 0.643075407 1.03286266
v -0.0527088568 0.644477129 1.03220582
v -0.0533049107 0.645974934 1.03286266
v -0.0533517376 0.646691382 1.03444839
v -0.0528219119 0.646206856 1.03603411
v -0.052025795 0.644805074 1.03669095
v -0.0514297448 0.643307269 1.03603411
v -0.0478589758 0.646211267 1.03830123
v -0.0473478213 0.64460808 1.03785551
v -0.0463140197 0.643944025 1.03662252
v -0.0453631617 0.64460808 1.03532434
v -0.0450522415 0.646211267 1.03472173
v -0.0455633961 0.647814453 1.03516734
v -0.0465971977 0.648478508 1.03640044
v -0.0475480556 0.647814453 1.03769851
v -0.0421909504 0.645798266 1.04531312
v -0.0418865383 0.644192696 1.04471338
v -0.0409998111 0.643527687 1.0433712
v -0.0400502011 0.644192696 1.04207265
v -0.0395939723 0.645798266 1.04157853
v -0.0398983844 0.647403836 1.04217827
v -0.0407851115 0.648068905 1.04352045
v -0.0417347252 0.647403836 1.044819
v -0.0348576047 0.645450473 1.04620075
v -0.0349336453 0.643849492 1.04552162
v -0.0354053266 0.64318639 1.04398274
v -0.0359963514 0.643849492 1.04248571
v -0.0363604985 0.645450473 1.04190743
v -0.0362844579 0.647051454 1.04258657
v -0.0358127765 0.647714555 1.04412544
v -0.0352217555 0.647051454 1.04562247
v -0.0288311653 0.646893799 1.04157162
v -0.0298226029 0.645472109 1.04141021
v -0.0309451986 0.644883215 1.04021728
v -0.0315413512 0.645472109 1.03869152
v -0.0312618427 0.646893799 1.03772676
v -0.030270407 0.648315489 1.03788805
v -0.0291478112 0.648904324 1.03908098
v -0.0285516568 0.648315489 1.04060674
v -0.0283160936 0.638281643 1.03841329
v -0.0279782526 0.638889611 1.03681755
v -0.0268837083 0.640070796 1.03615665
v -0.0256736316 0.641133308 1.03681755
v -0.0250568707 0.641454756 1.03841329
v -0.0253947116 0.640846789 1.04000902
v -0.0264892559 0.639665604 1.04067004
v -0.0276993327 0.638603091 1.04000902
v -0.0204333887 0.63837117 1.04001415
v -0.0204727072 0.636819899 1.03922534
v -0.0212597307 0.636177361 1.03781188
v -0.0223334301 0.636819899 1.03660166
v -0.023064848 0.63837117 1.03630376
v -0.0230255276 0.63992244 1.03709257
v -0.022238506 0.640564978 1.03850603
v -0.0211648066 0.63992244 1.03971612
v -0.0209637918 0.640029728 1.0329107
v -0.0224489458 0.640936077 1.03285694
v -0.0230641179 0.642340899 1.03368044
v -0.0224489458 0.643421173 1.03489888
v -0.0209637918 0.643544137 1.03579855
v -0.0194786377 0.642637789 1.03585231
v -0.0188634656 0.641232967 1.03502882
v -0.0194786377 0.640152693 1.03381038
v -0.0162637662 0.6428262 1.03055036
v -0.0165802576 0.643423736 1.02894628
v -0.0175280012 0.644723952 1.02828193
v -0.0185518209 0.645965099 1.02894628
v -0.0190519765 0.646420181 1.03055036
v -0.0187354833 0.645822644 1.03215432
v -0.0177877396 0.644522429 1.03281879
v -0.01676392 0.643281281 1.03215432
v -0.0123257693 0.649726987 1.03691292
v -0.0117530916 0.648125529 1.03654206
v -0.010580549 0.647462189 1.03543961
v -0.00949499942 0.648125529 1.03425145
v -0.00913234428 0.649726987 1.03367364
v -0.00970502105 0.651328444 1.0340445
v -0.0108775645 0.651991785 1.03514683
v -0.0119631132 0.651328444 1.03633499
v -0.0103755211 0.643932581 1.03908694
v -0.00945004262 0.644065619 1.03761864
v -0.00826012995 0.645181119 1.03701043
v -0.00750281895 0.646625638 1.03761864
v -0.00762173114 0.647553086 1.03908694
v -0.00854721013 0.647420049 1.04055524
v -0.0097371228 0.646304548 1.04116344
v -0.0104944343 0.644860029 1.04055524
v -0.00464494806 0.642414629 1.03908694
v -0.00453049736 0.643076599 1.03748107
v -0.00408858992 0.644623339 1.03681588
v -0.00357808964 0.646148801 1.03748107
v -0.00329804025 0.646759391 1.03908694
v -0.00341249094 0.646097481 1.04069281
v -0.00385439815 0.644550741 1.04135799
v -0.00436489843 0.643025279 1.04069281
v 0.00011606756 0.640536666 1.03853106
v 0.000220864327 0.641204059 1.03692675
v 0.000687035732 0.642743886 1.03626227
v 0.00124150491 0.644254267 1.03692675
v 0.00155947125 0.644850314 1.03853106
v 0.00145467452 0.64418292 1.04013526
v 0.000988503103 0.642643034 1.04079986
v 0.000434033951 0.641132712 1.04013526
v 0.00624524336 0.641316712 1.04059565
v 0.00599225145 0.639713407 1.03996682
v 0.00562777882 0.639049292 1.03839958
v 0.00536532886 0.639713407 1.03681207
v 0.00535864057 0.641316712 1.03613412
v 0.00561163248 0.642920017 1.03676307
v 0.00597610511 0.643584132 1.03833032
v 0.00623855554 0.642920017 1.03991783
v 0.0122223459 0.6418643 1.03851032
v 0.0122668659 0.640300512 1.03774691
v 0.0116998767 0.639652729 1.0362339
v 0.0108535131 0.640300512 1.03485763
v 0.0102235628 0.6418643 1.03442419
v 0.0101790419 0.643428087 1.0351876
v 0.0107460311 0.644075811 1.03670061
v 0.0115923956 0.643428087 1.03807688
v 0.0184979681 0.644335985 1.03463197
v 0.0180563293 0.642728269 1.03413165
v 0.0170540232 0.642062306 1.03287387
v 0.0160781872 0.642728269 1.03159547
v 0.015700452 0.644335985 1.0310452
v 0.0161420908 0.645943701 1.03154564
v 0.0171443969 0.646609604 1.03280342
v 0.018120233 0.645943701 1.03408182
v 0.0230956376 0.641533792 1.03008282
v 0.0231543891 0.640080154 1.029127
v 0.0222802777 0.639478028 1.02774727
v 0.0209853426 0.640080154 1.02675188
v 0.0200281423 0.641533792 1.02672398
v 0.0199693907 0.64298743 1.0276798
v 0.020843504 0.643589556 1.02905941
v 0.0221384373 0.64298743 1.03005481
v 0.0249413587 0.646731555 1.02716601
v 0.0241421796 0.646865129 1.02562535
v 0.0228558294 0.647849083 1.02498722
v 0.0218358375 0.649107099 1.02562535
v 0.0216796976 0.649902165 1.02716601
v 0.0224788766 0.649768591 1.02870667
v 0.023765225 0.648784637 1.0293448
v 0.0247852188 0.647526681 1.02870667
v 0.0294906534 0.648927093 1.0274663
v 0.029425798 0.647326946 1.02678394
v 0.0289643295 0.646664202 1.02524197
v 0.0283765718 0.647326946 1.02374351
v 0.0280068237 0.648927093 1.0231663
v 0.0280716792 0.650527179 1.02384865
v 0.0285331476 0.651189983 1.02539074
v 0.0291209053 0.650527179 1.0268892
v 0.0343705304 0.649474561 1.02568436
v 0.0344032124 0.647868991 1.02501261
v 0.0342986956 0.647203922 1.02340734
v 0.034118209 0.647868991 1.02180886
v 0.0339674763 0.649474561 1.02115345
v 0.0339347981 0.651080132 1.02182519
v 0.0340393111 0.6517452 1.02343047
v 0.0342197977 0.651080132 1.02502894
v 0.0390400849 0.649548352 1.02657485
v 0.0393165126 0.647945642 1.02595437
v 0.0397242419 0.647281826 1.02439773
v 0.0400244333 0.647945642 1.02281678
v 0.0400412343 0.649548352 1.02213764
v 0.0397648066 0.651151061 1.02275825
v 0.0393570773 0.651814938 1.02431488
v 0.039056886 0.651151061 1.02589583
v 0.0447978117 0.650407016 1.0281415
v 0.0448492728 0.648799419 1.02747583
v 0.045061361 0.648133516 1.02588153
v 0.0453098454 0.648799419 1.02429259
v 0.04544916 0.650407016 1.02363956
v 0.0453976989 0.652014613 1.02430522
v 0.0451856107 0.652680516 1.02589953
v 0.0449371263 0.652014613 1.02748859
v 0.0508962385 0.649252534 1.02803719
v 0.0508202016 0.647651613 1.02735806
v 0.0503485166 0.646988451 1.02581918
v 0.0497574955 0.647651613 1.02432215
v 0.0493933484 0.649252534 1.02374387
v 0.0494693853 0.650853515 1.024423
v 0.0499410704 0.651516676 1.02596188
v 0.0505320914 0.650853515 1.02745891
v 0.0574702956 0.651500404 1.02379131
v 0.057440754 0.649992883 1.02292144
v 0.0565369688 0.649368405 1.02157116
v 0.055288367 0.649992883 1.0205313
v 0.0544263646 0.651500404 1.02041113
v 0.0544559062 0.653007925 1.021281
v 0.0553596914 0.653632343 1.02263129
v 0.0566082932 0.653007925 1.02367115
v 0.060884282 0.65371871 1.01922762
v 0.0599695332 0.652241051 1.01932764
v 0.0585319214 0.651629031 1.01856029
v 0.0574135818 0.652241051 1.01737511
v 0.0572696216 0.65371871 1.01646614
v 0.0581843704 0.655196309 1.01636612
v 0.0596219823 0.65580833 1.01713347
v 0.0607403256 0.655196309 1.01831865
v 0.0609961636 0.645169377 1.013448
v 0.0610433519 0.646041572 1.01194239
v 0.0619783029 0.647370875 1.01131868
v 0.0632533282 0.648378551 1.01194239
v 0.0641215444 0.648474336 1.013448
v 0.0640743598 0.647602141 1.01495373
v 0.0631394088 0.646272838 1.01557744
v 0.0618643798 0.645265162 1.01495373
v 0.0669616684 0.643479526 1.013448
v 0.067083098 0.644137919 1.01184118
v 0.0675040558 0.645690322 1.01117563
v 0.06797795 0.647227347 1.01184118
v 0.0682271719 0.647848725 1.013448
v 0.0681057423 0.647190332 1.01505494
v 0.0676847845 0.645637929 1.01572049
v 0.0672108904 0.644100904 1.01505494
v 0.07288903 0.643947482 1.01525807
v 0.0726794675 0.642341852 1.01461911
v 0.0723546296 0.641676843 1.01304352
v 0.0721047968 0.642341852 1.01145446
v 0.0720763132 0.643947482 1.01078248
v 0.0722858757 0.645553052 1.01142156
v 0.0726107135 0.646218121 1.01299703
v 0.0728605464 0.645553052 1.01458621
v 0.0787242576 0.645054638 1.01372254
v 0.0787479728 0.643462777 1.01301849
v 0.0783673823 0.642803431 1.01145315
v 0.0778054297 0.643462777 1.00994325
v 0.0773912966 0.645054638 1.00937343
v 0.077367574 0.64664644 1.01007748
v 0.0777481645 0.647305846 1.01164293
v 0.0783101171 0.64664644 1.01315272
v 0.0847416818 0.645602882 1.01154399
v 0.0844709277 0.643998861 1.01092434
v 0.0836229548 0.643334448 1.00955701
v 0.0826945081 0.643998861 1.00824296
v 0.0822294429 0.645602882 1.00775194
v 0.0825002044 0.647206843 1.00837159
v 0.0833481699 0.647871256 1.00973904
v 0.084276624 0.647206843 1.01105309
v 0.0902160108 0.645993233 1.00621438
v 0.089783296 0.644385338 1.00570691
v 0.08879067 0.643719316 1.0044415
v 0.0878195912 0.644385338 1.0031594
v 0.0874389112 0.645993233 1.00261176
v 0.087871626 0.647601128 1.00311935
v 0.088864252 0.64826715 1.00438476
v 0.0898353308 0.647601128 1.00566673
v 0.0955361724 0.645332873 1.00321186
v 0.0951405242 0.643727481 1.00266755
v 0.0940489247 0.643062472 1.00148594
v 0.0929008275 0.643727481 1.00035906
v 0.0923687592 0.645332873 0.999947131
v 0.0927644074 0.646938264 1.00049138
v 0.0938560069 0.647603273 1.0016731
v 0.0950041041 0.646938264 1.00279987
v 0.0989808515 0.646657109 0.997466862
v 0.0983438119 0.64504981 0.997264564
v 0.0968472362 0.644384027 0.996675372
v 0.0953677967 0.64504981 0.996044397
v 0.0947721228 0.646657109 0.995741248
v 0.0954091623 0.648264408 0.995943546
v 0.0969057381 0.648930132 0.996532738
v 0.0983851776 0.648264408 0.997163713
v 0.100651681 0.64487952 0.990800202
v 0.0998670757 0.643332839 0.990650833
v 0.0985879153 0.642692149 0.98965919
v 0.0975635126 0.643332839 0.988406062
v 0.0973939449 0.64487952 0.987625599
v 0.0981785506 0.646426201 0.987774909
v 0.099457711 0.647066832 0.988766611
v 0.100482114 0.646426201 0.990019739
v 0.103569478 0.641500473 0.989212871
v 0.103718735 0.642149687 0.987604678
v 0.104079083 0.643716991 0.986938536
v 0.10443943 0.645284355 0.987604678
v 0.104588695 0.645933568 0.989212871
v 0.10443943 0.645284355 0.990821123
v 0.104079083 0.643716991 0.991487265
v 0.103718735 0.642149687 0.990821123
v 0.109565139 0.642554522 0.991446257
v 0.109328419 0.640950263 0.990813434
v 0.108978607 0.64028573 0.989243031
v 0.108720616 0.640950263 0.987654984
v 0.10870558 0.642554522 0.986979485
v 0.1089423 0.644158781 0.987612307
v 0.109292105 0.644823253 0.989182711
v 0.109550096 0.644158781 0.990770817
v 0.115291111 0.642966688 0.989348412
v 0.115229115 0.64136678 0.988665283
v 0.114770249 0.640704095 0.987122476
v 0.114183307 0.64136678 0.985623658
v 0.113812111 0.642966688 0.985046864
v 0.113874108 0.644566536 0.985729933
v 0.114332974 0.64522928 0.987272799
v 0.114919916 0.644566536 0.988771617
v 0.12034183 0.643734396 0.987714708
v 0.120271765 0.642126262 0.987052083
v 0.12007454 0.641460121 0.98545599
v 0.119865693 0.642126262 0.983861387
v 0.119767562 0.643734396 0.983202338
v 0.119837627 0.645342529 0.983864963
v 0.120034851 0.64600867 0.985461056
v 0.120243698 0.645342529 0.987055659
v 0.125486672 0.64306134 0.988098502
v 0.125450224 0.641453624 0.987432182
v 0.125283748 0.640787661 0.985832512
v 0.125084743 0.641453624 0.984236538
v 0.124969803 0.64306134 0.983579218
v 0.125006258 0.644669116 0.984245539
v 0.125172734 0.645335019 0.985845208
v 0.125371739 0.644669116 0.987441123
v 0.131461605 0.643999338 0.986399472
v 0.131454766 0.642404377 0.985702336
v 0.131046265 0.64174366 0.984144509
v 0.130475387 0.642404377 0.982638597
v 0.130076557 0.643999338 0.982066751
v 0.130083397 0.645594358 0.982763946
v 0.130491912 0.646255016 0.984321713
v 0.131062776 0.645594358 0.985827625
v 0.13675417 0.644549608 0.984536111
v 0.136926576 0.642977595 0.983808637
v 0.136683255 0.642326474 0.982212722
v 0.136166736 0.642977595 0.980683208
v 0.135679588 0.644549608 0.980116129
v 0.135507166 0.646121621 0.980843544
v 0.135750487 0.646772742 0.982439458
v 0.136267021 0.646121621 0.983968973
v 0.142740354 0.646492243 0.983651996
v 0.142664313 0.644891262 0.98297286
v 0.142192632 0.644228101 0.981434047
v 0.141601607 0.644891262 0.979937017
v 0.141237468 0.646492243 0.979358733
v 0.141313493 0.648093164 0.980037868
v 0.14178519 0.648756325 0.981576681
v 0.142376199 0.648093164 0.983073711
v 0.148068979 0.645650148 0.980575502
v 0.147752285 0.644042432 0.979988039
v 0.147060797 0.64337647 0.97853601
v 0.146399558 0.644042432 0.977069914
v 0.146155939 0.645650148 0.976448596
v 0.146472633 0.647257864 0.977035999
v 0.147164121 0.647923827 0.978488088
v 0.147825345 0.647257864 0.979954183
v 0.152913749 0.646200418 0.978851736
v 0.152765661 0.644592822 0.978200674
v 0.152497247 0.643926919 0.976614892
v 0.152265728 0.644592822 0.975023329
v 0.152206734 0.646200418 0.974358261
v 0.152354822 0.647808015 0.975009322
v 0.152623251 0.648473859 0.976595104
v 0.152854756 0.647808015 0.978186667
v 0.158038169 0.64534992 0.97909528
v 0.157890081 0.643742323 0.978444278
v 0.157621667 0.64307642 0.976858497
v 0.157390192 0.643742323 0.975266874
v 0.157331213 0.64534992 0.974601805
v 0.157479316 0.646957517 0.975252867
v 0.157747716 0.64762336 0.976838648
v 0.157979205 0.646957517 0.978430212
v 0.163883179 0.645900071 0.977088451
v 0.163807139 0.64429915 0.976409256
v 0.163335457 0.643635988 0.974870503
v 0.162744433 0.64429915 0.973373473
v 0.162380278 0.645900071 0.972795129
v 0.162456319 0.647501051 0.973474324
v 0.162928 0.648164213 0.975013137
v 0.163519025 0.647501051 0.976510108
v 0.169266358 0.646450281 0.975202978
v 0.169265375 0.644855857 0.974504411
v 0.168862179 0.644195437 0.972945154
v 0.168292969 0.644855857 0.971438527
v 0.16789116 0.646450281 0.970867097
v 0.167892143 0.648044705 0.971565604
v 0.168295339 0.648705125 0.973124921
v 0.168864563 0.648044705 0.974631548
v 0.174768671 0.64741987 0.973636627
v 0.174810246 0.645829976 0.972928941
v 0.174446002 0.645171463 0.971359313
v 0.173889324 0.645829976 0.969847143
v 0.17346631 0.64741987 0.969278336
v 0.173424736 0.649009705 0.969986022
v 0.17378898 0.649668217 0.97155565
v 0.174345657 0.649009705 0.97306782
v 0.180330202 0.64820677 0.971896112
v 0.180296496 0.646609247 0.971205533
v 0.179863423 0.645947516 0.969654799
v 0.179284662 0.646609247 0.968152344
v 0.178899243 0.64820677 0.967578292
v 0.17893295 0.649804235 0.968268931
v 0.179366022 0.650465965 0.969819665
v 0.179944769 0.649804235 0.97132206
v 0.185811609 0.648756742 0.969977677
v 0.185735568 0.647155821 0.969298482
v 0.185263887 0.64649266 0.967759728
v 0.184672862 0.647155821 0.966262698
v 0.184308723 0.648756742 0.965684354
v 0.184384748 0.650357723 0.966363549
v 0.184856445 0.651020885 0.967902303
v 0.185447454 0.650357723 0.969399333
v 0.191694021 0.649306774 0.967863977
v 0.190732315 0.647868574 0.96767205
v 0.18963781 0.647272885 0.966456652
v 0.189051643 0.647868574 0.96492964
v 0.189317182 0.649306774 0.963985622
v 0.190278888 0.650744975 0.964177549
v 0.191373393 0.651340723 0.965393007
v 0.19195956 0.650744975 0.966919959
v 0.195750058 0.643202543 0.9639467
v 0.194764033 0.641776919 0.963787019
v 0.193637267 0.641186416 0.962598801
v 0.193029806 0.641776919 0.961078107
v 0.193297505 0.643202543 0.96011579
v 0.194283545 0.644628167 0.960275471
v 0.195410311 0.64521867 0.96146369
v 0.196017757 0.644628167 0.962984383
v 0.200772673 0.643469036 0.962005675
v 0.200579882 0.641861916 0.961365163
v 0.20000191 0.641196251 0.95986414
v 0.199377343 0.641861916 0.958381951
v 0.199072033 0.643469036 0.957786798
v 0.199264839 0.645076096 0.95842731
v 0.199842811 0.645741761 0.959928274
v 0.200467378 0.645076096 0.961410522
v 0.206172809 0.643641174 0.959787548
v 0.20595704 0.642033458 0.959155917
v 0.205358148 0.641367555 0.957663298
v 0.204726949 0.642033458 0.95618397
v 0.204433188 0.643641174 0.955584645
v 0.204648957 0.64524883 0.956216276
v 0.205247849 0.645914733 0.957708895
v 0.205879048 0.64524883 0.959188223
v 0.211491644 0.643774629 0.957568288
v 0.211341709 0.642169178 0.956912339
v 0.210802794 0.641504169 0.955396593
v 0.210190549 0.642169178 0.95390898
v 0.209863633 0.643774629 0.953320861
v 0.210013554 0.64538002 0.95397681
v 0.210552484 0.646045029 0.955492556
v 0.211164728 0.64538002 0.956980228
v 0.216889158 0.644326091 0.955679893
v 0.216813132 0.64272517 0.955000758
v 0.216341436 0.642062008 0.953461945
v 0.215750426 0.64272517 0.951964915
v 0.215386271 0.644326091 0.951386631
v 0.215462312 0.645927072 0.952065766
v 0.215933993 0.646590233 0.953604579
v 0.216525018 0.645927072 0.955101609
v 0.222763553 0.644877613 0.953574836
v 0.222602233 0.643283129 0.952895284
v 0.221852526 0.64262265 0.951469839
v 0.220953599 0.643283129 0.950133502
v 0.220432043 0.644877613 0.949669063
v 0.220593363 0.646472096 0.950348556
v 0.22134307 0.647132576 0.951774001
v 0.222241998 0.646472096 0.953110337
v 0.228552371 0.646026313 0.948762774
v 0.228200153 0.644418597 0.948195815
v 0.227282241 0.643752694 0.946875155
v 0.226336315 0.644418597 0.945574462
v 0.22591649 0.646026313 0.945055604
v 0.226268709 0.64763397 0.945622504
v 0.227186635 0.648299932 0.946943164
v 0.228132546 0.64763397 0.948243916
v 0.233386457 0.645220697 0.945981979
v 0.233076558 0.643612862 0.945391297
v 0.232391432 0.642946839 0.943936229
v 0.231732443 0.643612862 0.94246918
v 0.23148559 0.645220697 0.94184947
v 0.231795505 0.646828532 0.942440152
v 0.232480615 0.647494555 0.943895221
v 0.233139619 0.646828532 0.94536227
v 0.239045769 0.645772815 0.943968236
v 0.238518074 0.644180119 0.943504512
v 0.237629578 0.643520415 0.942160845
v 0.236900732 0.644180119 0.940724313
v 0.2367585 0.645772815 0.940036356
v 0.237286195 0.64736551 0.940500081
v 0.238174692 0.648025215 0.941843748
v 0.238903537 0.64736551 0.94328028
v 0.2442929 0.643534958 0.939614415
v 0.243471116 0.642011642 0.939429104
v 0.242282376 0.641380668 0.938325107
v 0.241423011 0.642011642 0.936949074
v 0.241396442 0.643534958 0.936107039
v 0.242218226 0.645058215 0.93629235
v 0.243406981 0.645689189 0.937396348
v 0.244266346 0.645058215 0.93877238
v 0.249126375 0.641417325 0.935673296
v 0.24843438 0.639854312 0.935344338
v 0.247384161 0.639206886 0.934116304
v 0.246590927 0.639854312 0.932708621
v 0.246519327 0.641417325 0.931945741
v 0.247211307 0.642980397 0.932274699
v 0.248261526 0.643627822 0.933502674
v 0.249054775 0.642980397 0.934910417
v 0.254323244 0.640522599 0.932607889
v 0.254010558 0.638916254 0.932014585
v 0.253127813 0.638250887 0.930669904
v 0.25219214 0.638916254 0.929361463
v 0.251751631 0.640522599 0.928855836
v 0.252064288 0.642129004 0.929449081
v 0.252947032 0.642794371 0.930793822
v 0.253882706 0.642129004 0.932102203
v 0.260098964 0.642058372 0.928152502
v 0.25974822 0.640450716 0.927584589
v 0.258831948 0.639784813 0.926262796
v 0.257886887 0.640450716 0.924961448
v 0.257466644 0.642058372 0.924442828
v 0.257817388 0.643666029 0.925010741
v 0.25873366 0.644331932 0.926332533
v 0.259678721 0.643666029 0.927633882
v 0.265008539 0.640877485 0.924999952
v 0.264585018 0.639274597 0.924469352
v 0.263794601 0.638610661 0.923067749
v 0.263100266 0.639274597 0.921616137
v 0.262908816 0.640877485 0.920964837
v 0.263332337 0.642480373 0.921495378
v 0.264122754 0.643144369 0.922896981
v 0.264817089 0.642480373 0.924348652
v 0.270254642 0.641083002 0.92288202
v 0.270041019 0.639475346 0.922249496
v 0.269443929 0.638809443 0.920756102
v 0.268813103 0.639475346 0.919276655
v 0.26851812 0.641083002 0.918677807
v 0.268731743 0.642690599 0.919310272
v 0.269328833 0.643356502 0.920803666
v 0.269959629 0.642690599 0.922283113
v 0.275945276 0.641198754 0.920469463
v 0.275416553 0.639606178 0.920006514
v 0.274526775 0.638946533 0.918663681
v 0.273797184 0.639606178 0.917227507
v 0.273655146 0.641198754 0.916539252
v 0.274183869 0.642791331 0.917002141
v 0.275073647 0.643450975 0.918345034
v 0.275803238 0.642791331 0.919781208
v 0.280973166 0.639375627 0.916659415
v 0.28050667 0.637776256 0.91615504
v 0.279675931 0.63711375 0.914776206
v 0.278967589 0.637776256 0.913330734
v 0.278796613 0.639375627 0.912665248
v 0.279263139 0.640975058 0.913169682
v 0.280093879 0.641637504 0.914548457
v 0.28080219 0.640975058 0.915993989
v 0.286192179 0.639930844 0.914863229
v 0.286046505 0.638325632 0.914205849
v 0.285511345 0.637660742 0.912688732
v 0.284900218 0.638325632 0.911200583
v 0.284571081 0.639930844 0.91061312
v 0.284716755 0.641536057 0.911270559
v 0.285251886 0.642200947 0.912787676
v 0.285863042 0.641536057 0.914275825
v 0.291623294 0.640090942 0.912619233
v 0.291477621 0.63848573 0.911961794
v 0.29094249 0.63782084 0.910444677
v 0.290331334 0.63848573 0.908956587
v 0.290002197 0.640090942 0.908369124
v 0.290147871 0.641696215 0.909026563
v 0.290683001 0.642361104 0.91054368
v 0.291294158 0.641696215 0.912031829
v 0.296962321 0.640646279 0.910748661
v 0.296481967 0.639066696 0.91019702
v 0.29590112 0.638412416 0.908692122
v 0.295560062 0.639066696 0.907115519
v 0.295658559 0.640646279 0.906390727
v 0.296138912 0.642225862 0.906942368
v 0.29671976 0.642880142 0.908447206
v 0.297060817 0.642225862 0.910023868
v 0.301828623 0.638021946 0.909572542
v 0.301348388 0.636442363 0.909020841
v 0.300767601 0.635788023 0.907516003
v 0.300426453 0.636442363 0.9059394
v 0.300524801 0.638021946 0.905214667
v 0.301005036 0.639601588 0.905766308
v 0.301585823 0.640255868 0.907271147
v 0.30192697 0.639601588 0.908847749
v 0.307429403 0.63857764 0.90761447
v 0.307353377 0.636976659 0.906935334
v 0.306881666 0.636313498 0.905396521
v 0.306290656 0.636976659 0.903899491
v 0.305926502 0.63857764 0.903321207
v 0.306002557 0.640178621 0.904000342
v 0.306474239 0.640841722 0.905539155
v 0.307065248 0.640178621 0.907036185
v 0.312951207 0.639133275 0.905681431
v 0.312850922 0.637530625 0.905009449
v 0.312357128 0.636866808 0.903477907
v 0.311759114 0.637530625 0.901983976
v 0.311407179 0.639133275 0.901402771
v 0.311507463 0.640735924 0.902074754
v 0.312001258 0.641399801 0.903606296
v 0.312599272 0.640735924 0.905100226
v 0.318431348 0.639551997 0.903644323
v 0.318331063 0.637949347 0.902972281
v 0.317837268 0.637285531 0.90144074
v 0.317239255 0.637949347 0.899946809
v 0.316887319 0.639551997 0.899365604
v 0.316987604 0.641154647 0.900037646
v 0.317481399 0.641818464 0.901569188
v 0.318079412 0.641154647 0.903063118
v 0.324351817 0.640107691 0.901516736
v 0.323398113 0.638664722 0.901320994
v 0.322305441 0.638067007 0.90010488
v 0.321713895 0.638664722 0.89858079
v 0.321969986 0.640107691 0.89764148
v 0.32292372 0.64155066 0.897837162
v 0.324016392 0.642148376 0.899053335
v 0.324607939 0.64155066 0.900577426
v 0.328870922 0.633863866 0.897272527
v 0.327817023 0.632479131 0.897229433
v 0.326582015 0.631905496 0.896145046
v 0.325889319 0.632479131 0.894654632
v 0.326144725 0.633863866 0.893631279
v 0.327198625 0.635248661 0.893674374
v 0.328433663 0.635822237 0.894758761
v 0.329126328 0.635248661 0.896249175
v 0.333774298 0.632988095 0.894414425
v 0.333449543 0.631380558 0.893830895
v 0.332750887 0.630714715 0.892382205
v 0.332087666 0.631380558 0.890917003
v 0.331848323 0.632988095 0.890293539
v 0.332173109 0.634595633 0.890877068
v 0.332871735 0.635261476 0.892325759
v 0.333534986 0.634595633 0.89379096
v 0.339129597 0.633513629 0.892523646
v 0.338989824 0.631908715 0.89186424
v 0.338460147 0.631243944 0.890345156
v 0.337850839 0.631908715 0.888856232
v 0.337518811 0.633513629 0.888269663
v 0.337658554 0.635118544 0.888929009
v 0.338188231 0.635783374 0.890448093
v 0.338797569 0.635118544 0.891937077
v 0.344595939 0.633740366 0.890323639
v 0.344461173 0.632135689 0.889662564
v 0.343936056 0.631470978 0.88814187
v 0.343328178 0.632135689 0.886652291
v 0.342993617 0.633740366 0.886066437
v 0.343128383 0.635345042 0.886727512
v 0.3436535 0.636009693 0.888248205
v 0.344261378 0.635345042 0.889737785
v 0.350220144 0.634294689 0.888346314
v 0.349960178 0.632686436 0.887732923
v 0.349320918 0.632020295 0.886257231
v 0.34867686 0.632686436 0.884783566
v 0.348405272 0.634294689 0.884175301
v 0.348665237 0.635902882 0.884788632
v 0.349304497 0.636569023 0.886264384
v 0.349948555 0.635902882 0.887737989
v 0.355756044 0.633787155 0.88546294
v 0.355307758 0.632186174 0.884947121
v 0.354494601 0.631523013 0.883558154
v 0.353792906 0.632186174 0.882109702
v 0.353613734 0.633787155 0.881450236
v 0.354062051 0.635388076 0.881966054
v 0.354875207 0.636051238 0.883354962
v 0.355576873 0.635388076 0.884803414
v 0.361128926 0.633135736 0.882530391
v 0.36066395 0.631536245 0.882024944
v 0.359835118 0.63087368 0.880644977
v 0.359127969 0.631536245 0.879198909
v 0.358956754 0.633135736 0.87853384
v 0.35942173 0.634735227 0.879039288
v 0.360250533 0.635397792 0.880419195
v 0.360957682 0.634735227 0.881865263
v 0.36660701 0.632511377 0.879561305
v 0.366403639 0.630912483 0.878903747
v 0.365618348 0.630250216 0.877498448
v 0.364711106 0.630912483 0.876168668
v 0.364213377 0.632511377 0.875693262
v 0.364416718 0.634110272 0.87635082
v 0.365202039 0.634772539 0.877756119
v 0.366109282 0.634110272 0.879085898
v 0.372660279 0.634569585 0.875389338
v 0.372256905 0.632961392 0.874859154
v 0.371296287 0.632295251 0.873569369
v 0.370341092 0.632961392 0.872275531
v 0.369950891 0.634569585 0.871735573
v 0.370354235 0.636177778 0.872265756
v 0.371314883 0.63684392 0.873555541
v 0.372270077 0.636177778 0.874849379
v 0.376490384 0.630768895 0.870952487
v 0.37495625 0.630931556 0.870146155
v 0.374320805 0.631978512 0.86890918
v 0.37495625 0.63329643 0.867966056
v 0.376490384 0.634113312 0.867869377
v 0.378024489 0.633950651 0.868675709
v 0.378659934 0.632903695 0.869912744
v 0.378024489 0.631585777 0.870855808
v 0.379903227 0.614458978 0.855097771
v 0.378312618 0.614753187 0.854454696
v 0.377653748 0.615803838 0.853233159
v 0.378312618 0.616995513 0.852148712
v 0.379903227 0.617630064 0.851836562
v 0.381493837 0.617335856 0.852479637
v 0.382152677 0.616285145 0.853701174
v 0.381493837 0.615093529 0.854785621
v 0.266989022 -0.484052688 -0.0631139427
v 0.265387088 -0.483701587 -0.0636975467
v 0.264723539 -0.482646644 -0.0649128482
v 0.265387088 -0.481505871 -0.0660479367
v 0.266989022 -0.480947465 -0.0664379001
v 0.268590987 -0.481298566 -0.0658542961
v 0.269254535 -0.482353508 -0.0646389946
v 0.268590987 -0.483494282 -0.0635039061
v 0.271178335 -0.518571615 -0.0953631252
v 0.269589037 -0.51831919 -0.0960268527
v 0.268930733 -0.517338991 -0.0973059013
v 0.269589037 -0.516205192 -0.0984510183
v 0.271178335 -0.515581965 -0.098791413
v 0.272767633 -0.515834391 -0.0981276855
v 0.273425937 -0.51681459 -0.0968486369
v 0.272767633 -0.517948389 -0.0957035199
v 0.277345806 -0.534427583 -0.107041515
v 0.275754303 -0.534164369 -0.107695691
v 0.275095075 -0.533180237 -0.108971253
v 0.275754303 -0.532051682 -0.110120989
v 0.277345806 -0.531439781 -0.110471405
v 0.27893734 -0.531702936 -0.109817229
v 0.279596537 -0.532687068 -0.108541667
v 0.27893734 -0.533815622 -0.107391931
v 0.281485468 -0.572158217 -0.142047405
v 0.279896915 -0.571872294 -0.142699227
v 0.279238909 -0.570823133 -0.143922508
v 0.279896915 -0.569625318 -0.145000651
v 0.281485468 -0.568980515 -0.145302102
v 0.283074021 -0.569266438 -0.14465028
v 0.283731997 -0.570315599 -0.143426999
v 0.283074021 -0.571513414 -0.142348856
v 0.290187061 -0.583449304 -0.156562448
v 0.289199352 -0.584878802 -0.156456634
v 0.287796587 -0.585470855 -0.157300353
v 0.286800534 -0.584878802 -0.158599362
v 0.286794633 -0.583449304 -0.159592718
v 0.287782371 -0.582019866 -0.159698531
v 0.289185107 -0.581427753 -0.158854812
v 0.29018116 -0.582019866 -0.157555804
v 0.297422945 -0.582588196 -0.158824295
v 0.297213376 -0.584193766 -0.159463286
v 0.29688853 -0.584858835 -0.161038816
v 0.296638697 -0.584193766 -0.162627965
v 0.296610236 -0.582588196 -0.163299844
v 0.296819776 -0.580982566 -0.162660852
v 0.297144622 -0.580317557 -0.161085322
v 0.297394454 -0.580982566 -0.159496158
v 0.305163383 -0.58666867 -0.161062062
v 0.305024892 -0.586013377 -0.162668794
v 0.304828584 -0.584416926 -0.163334325
v 0.304689497 -0.582814455 -0.162668794
v 0.30468908 -0.582144737 -0.161062062
v 0.304827571 -0.582800031 -0.159455344
v 0.305023849 -0.584396482 -0.158789814
v 0.305162936 -0.585998893 -0.159455344
v 0.314691335 -0.582895517 -0.161787853
v 0.314372957 -0.582309067 -0.163395584
v 0.313675404 -0.580859959 -0.164061531
v 0.313007265 -0.579396963 -0.163395584
v 0.312759936 -0.578777194 -0.161787853
v 0.313078314 -0.579363644 -0.160180107
v 0.313775897 -0.580812812 -0.159514159
v 0.314444035 -0.582275748 -0.160180107
v 0.323021799 -0.578345478 -0.161539271
v 0.322932988 -0.57768476 -0.163147271
v 0.322664529 -0.576099038 -0.163813323
v 0.322373658 -0.57451731 -0.163147271
v 0.322230786 -0.573866069 -0.161539271
v 0.322319567 -0.574526846 -0.159931287
v 0.322588056 -0.576112568 -0.159265235
v 0.322878927 -0.577694297 -0.159931287
v 0.330964506 -0.580101252 -0.16149649
v 0.330889314 -0.579437137 -0.163103804
v 0.330601215 -0.577854753 -0.163769573
v 0.330269009 -0.576281071 -0.163103804
v 0.330087274 -0.575637937 -0.16149649
v 0.330162466 -0.576302052 -0.159889191
v 0.330450535 -0.577884376 -0.159223422
v 0.330782741 -0.579458117 -0.159889191
v 0.340603262 -0.574751616 -0.160960749
v 0.340364605 -0.57411772 -0.162564293
v 0.339578539 -0.572713792 -0.163228497
v 0.33870548 -0.571362197 -0.162564293
v 0.338256896 -0.570854723 -0.160960749
v 0.338495553 -0.571488619 -0.15935719
v 0.339281619 -0.572892547 -0.158692986
v 0.340154648 -0.574244142 -0.15935719
v 0.349301755 -0.569200277 -0.159904882
v 0.348968893 -0.568619549 -0.161511764
v 0.348285019 -0.567163706 -0.162177354
v 0.347650737 -0.56568563 -0.161511764
v 0.34743759 -0.565051079 -0.159904882
v 0.347770423 -0.565631866 -0.158298001
v 0.348454297 -0.56708765 -0.157632411
v 0.349088609 -0.568565786 -0.158298001
v 0.357184142 -0.567184567 -0.161746249
v 0.35703662 -0.566529155 -0.163352102
v 0.356854141 -0.564930916 -0.164017275
v 0.356743604 -0.563326061 -0.163352102
v 0.356769741 -0.562654734 -0.161746249
v 0.356917262 -0.563310206 -0.160140395
v 0.357099771 -0.564908445 -0.159475222
v 0.357210308 -0.56651324 -0.160140395
v 0.365222275 -0.567866743 -0.160808712
v 0.365097046 -0.567210972 -0.162416324
v 0.364882708 -0.565616965 -0.163082227
v 0.364704788 -0.564018488 -0.162416324
v 0.364667505 -0.563351929 -0.160808712
v 0.364792705 -0.564007699 -0.1592011
v 0.365007073 -0.565601707 -0.158535212
v 0.365184993 -0.567200124 -0.1592011
v 0.3744542 -0.564980388 -0.162207246
v 0.374095231 -0.564408064 -0.16381152
v 0.373436719 -0.562940061 -0.164476022
v 0.372864425 -0.561436415 -0.16381152
v 0.372713566 -0.560777843 -0.162207246
v 0.373072535 -0.561350167 -0.160602972
v 0.373731047 -0.56281817 -0.159938455
v 0.374303341 -0.564321816 -0.160602972
v 0.383345097 -0.560446024 -0.162131906
v 0.383034348 -0.559856296 -0.163739949
v 0.382326841 -0.558412015 -0.164406031
v 0.381636977 -0.556959271 -0.163739949
v 0.381368876 -0.556348979 -0.162131906
v 0.381679595 -0.556938708 -0.160523847
v 0.382387131 -0.558382988 -0.15985778
v 0.383076996 -0.559835732 -0.160523847
v 0.391385257 -0.556696892 -0.162492961
v 0.391272098 -0.556040108 -0.164101049
v 0.391040832 -0.554448605 -0.164767146
v 0.390826941 -0.552854598 -0.164101049
v 0.390755713 -0.552191973 -0.162492961
v 0.390868872 -0.552848756 -0.160884887
v 0.391100109 -0.55444032 -0.16021879
v 0.391314 -0.556034267 -0.160884887
v 0.399253905 -0.558332801 -0.16235213
v 0.399143219 -0.55767566 -0.163960263
v 0.398908883 -0.556084633 -0.164626375
v 0.398688197 -0.55449158 -0.163960263
v 0.398610413 -0.553829789 -0.16235213
v 0.398721099 -0.554486871 -0.160743997
v 0.398955435 -0.556077957 -0.160077885
v 0.399176151 -0.557670951 -0.160743997
v 0.4085778 -0.554144382 -0.162665889
v 0.408251375 -0.55356127 -0.164273247
v 0.407558978 -0.552109599 -0.164939031
v 0.406906247 -0.550639629 -0.164273247
v 0.406675547 -0.550012469 -0.162665889
v 0.407001972 -0.550595522 -0.16105853
v 0.40769437 -0.552047253 -0.160392731
v 0.4083471 -0.553517222 -0.16105853
v 0.461085707 0.00962014031 0.322510809
v 0.461885601 0.00990946312 0.320992053
v 0.462916285 0.0111632803 0.320362985
v 0.463574022 0.0126471231 0.320992053
v 0.463473469 0.0134917758 0.322510809
v 0.462673575 0.013202453 0.324029535
v 0.461642891 0.0119486349 0.324658632
v 0.460985154 0.0104647931 0.324029535
v 0.466851711 0.00609150017 0.324978501
v 0.467823446 0.00614755554 0.323535323
v 0.469080299 0.00719306385 0.322937548
v 0.469886065 0.00861557946 0.323535323
v 0.469768703 0.00958181359 0.324978501
v 0.468796968 0.00952575821 0.326421678
v 0.467540115 0.0084802499 0.327019453
v 0.46673438 0.00705773383 0.326421678
v 0.471627027 0.00134186202 0.329913884
v 0.472229987 0.00167397596 0.328315049
v 0.473771036 0.00213947939 0.327652812
v 0.475347459 0.00246568699 0.328315049
v 0.476035833 0.00246151048 0.329913884
v 0.475432873 0.00212939666 0.331512749
v 0.473891824 0.00166389323 0.332174987
v 0.472315371 0.00133768562 0.331512749
v 0.475073278 -0.0194476284 0.324175626
v 0.473465145 -0.0192408059 0.323542207
v 0.472799033 -0.0187722426 0.322003722
v 0.473465145 -0.0183164179 0.320461452
v 0.475073278 -0.0181403477 0.319818795
v 0.476681441 -0.0183471702 0.320452213
v 0.477347553 -0.0188157316 0.321990669
v 0.476681441 -0.0192715582 0.323532969
v 0.473478228 -0.032156188 0.322013497
v 0.471870154 -0.0321282968 0.321347564
v 0.471204072 -0.0320178457 0.319743127
v 0.471870154 -0.0318895318 0.31814
v 0.473478228 -0.0318185203 0.317477316
v 0.475086302 -0.0318464115 0.318143219
v 0.475752413 -0.0319568627 0.319747657
v 0.475086302 -0.0320851766 0.321350783
v 0.475395441 -0.0419215076 0.322358757
v 0.473789662 -0.0422299206 0.321761727
v 0.473124534 -0.0428082123 0.320260644
v 0.473789662 -0.0433176234 0.318734795
v 0.475395441 -0.043459747 0.318078011
v 0.47700125 -0.0431513302 0.318675041
v 0.477666378 -0.0425730422 0.320176125
v 0.47700125 -0.0420636311 0.321701974
v 0.47436595 -0.0466215834 0.327408493
v 0.472775847 -0.0465489514 0.326703936
v 0.472117186 -0.0468407422 0.325119257
v 0.472775847 -0.0473260283 0.323582768
v 0.47436595 -0.0477205403 0.3229945
v 0.475956053 -0.0477931723 0.323699057
v 0.476614684 -0.0475013815 0.325283736
v 0.475956053 -0.0470160954 0.326820225
v 0.470608443 -0.0586278364 0.324256957
v 0.471290052 -0.058546789 0.322657257
v 0.472894251 -0.0586795174 0.321994662
v 0.474481344 -0.0589482673 0.322657257
v 0.475121617 -0.0591956116 0.324256957
v 0.474440008 -0.0592766553 0.325856656
v 0.472835809 -0.0591439307 0.326519251
v 0.471248716 -0.0588751808 0.325856656
v 0.471305162 -0.0710730925 0.324898452
v 0.46969822 -0.0712614805 0.324256271
v 0.469032586 -0.0715901628 0.322681785
v 0.46969822 -0.0718666017 0.321097255
v 0.471305162 -0.0719288662 0.320430934
v 0.472912103 -0.0717404783 0.321073115
v 0.473577708 -0.0714117959 0.322647601
v 0.472912103 -0.071135357 0.324232101
v 0.472214431 -0.0785749108 0.327676773
v 0.473139912 -0.078441903 0.326208472
v 0.474329829 -0.0773264021 0.325600296
v 0.475087136 -0.0758818537 0.326208472
v 0.474968225 -0.0749544576 0.327676773
v 0.474042743 -0.0750874728 0.329145104
v 0.472852856 -0.0762029737 0.32975328
v 0.472095519 -0.0776475146 0.329145104
v 0.479102135 -0.0782916844 0.329650074
v 0.478976458 -0.0798112527 0.328810275
v 0.479586869 -0.0804406703 0.327306479
v 0.48057577 -0.0798112527 0.326019615
v 0.481363893 -0.0782916844 0.325703502
v 0.481489539 -0.0767721236 0.326543301
v 0.480879158 -0.0761426985 0.328047097
v 0.479890257 -0.0767721236 0.329333961
v 0.484548539 -0.0817194059 0.336540043
v 0.484462947 -0.0831856802 0.33560577
v 0.485275418 -0.0837930366 0.334191144
v 0.486510009 -0.0831856802 0.333124846
v 0.487443507 -0.0817194059 0.333031476
v 0.487529129 -0.0802531317 0.333965719
v 0.486716658 -0.0796457827 0.335380346
v 0.485482067 -0.0802531317 0.336446673
v 0.491293639 -0.0873558149 0.337492853
v 0.491827816 -0.0868506506 0.335914999
v 0.49253881 -0.0854023769 0.335261434
v 0.493010104 -0.0838593692 0.335914999
v 0.492965639 -0.0831255093 0.337492853
v 0.492431462 -0.0836306661 0.339070708
v 0.491720468 -0.0850789398 0.339724272
v 0.491249174 -0.0866219476 0.339070708
v 0.49821496 -0.0889730677 0.337492853
v 0.498352826 -0.0883209035 0.335884809
v 0.49873212 -0.0867580175 0.335218728
v 0.499130636 -0.0851999149 0.335884809
v 0.499314934 -0.0845593289 0.337492853
v 0.499177039 -0.0852114856 0.339100897
v 0.498797774 -0.086774379 0.339766979
v 0.498399258 -0.0883324742 0.339100897
v 0.504836738 -0.0907514095 0.337289602
v 0.504974663 -0.0900992528 0.335681558
v 0.505353928 -0.0885363594 0.335015506
v 0.505752444 -0.0869782642 0.335681558
v 0.505936742 -0.0863376707 0.337289602
v 0.505798876 -0.0869898349 0.338897645
v 0.505419552 -0.0885527208 0.339563727
v 0.505021036 -0.0901108161 0.338897645
v 0.511629283 -0.0900702104 0.339529723
v 0.511730731 -0.0916783661 0.338871181
v 0.512003124 -0.0923444927 0.337286204
v 0.512286961 -0.0916783661 0.335703194
v 0.512415946 -0.0900702104 0.33504951
v 0.512314498 -0.0884620473 0.335708052
v 0.512042105 -0.0877959207 0.337293029
v 0.511758268 -0.0884620473 0.338876009
v 0.519174933 -0.0909065828 0.339645088
v 0.519066274 -0.0902493522 0.338036865
v 0.518802643 -0.0886628777 0.337370694
v 0.518538535 -0.0870764926 0.338036865
v 0.518428624 -0.0864194781 0.339645088
v 0.518537283 -0.0870767087 0.34125331
v 0.518800855 -0.0886631832 0.341919452
v 0.519064963 -0.0902495682 0.34125331
v 0.526130736 -0.0877526999 0.339562982
v 0.526192784 -0.0893569142 0.338890105
v 0.526116252 -0.0900213942 0.337283015
v 0.525945961 -0.0893569142 0.335683137
v 0.525781691 -0.0877526999 0.335027665
v 0.525719643 -0.0861484855 0.335700542
v 0.525796175 -0.0854839981 0.337307632
v 0.525966465 -0.0861484855 0.33890751
v 0.532981634 -0.0899308175 0.33857882
v 0.532859325 -0.0892754346 0.336970806
v 0.532617748 -0.0876854137 0.336304754
v 0.532398462 -0.0860921666 0.336970806
v 0.532329917 -0.0854290053 0.33857882
v 0.532452226 -0.0860843882 0.340186805
v 0.532693744 -0.0876744092 0.340852857
v 0.532913029 -0.0892676488 0.340186805
v 0.540864825 -0.0877760649 0.337058306
v 0.540197194 -0.0873650387 0.335504144
v 0.539324999 -0.0860030279 0.334860384
v 0.538759291 -0.0844878927 0.335504144
v 0.538831294 -0.0837071761 0.337058306
v 0.539498985 -0.0841182098 0.338612467
v 0.54037112 -0.0854802132 0.339256227
v 0.540936887 -0.0869953483 0.338612467
v 0.548904479 -0.0820749924 0.334133118
v 0.548120975 -0.0818093047 0.332601577
v 0.547034204 -0.0806065202 0.331967175
v 0.546280861 -0.0791712105 0.332601577
v 0.54630214 -0.0783441663 0.334133118
v 0.547085643 -0.078609854 0.33566469
v 0.548172414 -0.0798126385 0.336299092
v 0.548925757 -0.0812479481 0.33566469
v 0.553501666 -0.0786558092 0.33251968
v 0.55265069 -0.0788665563 0.331015825
v 0.551107347 -0.0783565119 0.330392897
v 0.54977566 -0.0774244368 0.331015825
v 0.549435735 -0.0766163394 0.33251968
v 0.55028671 -0.0764055848 0.334023535
v 0.551830113 -0.0769156367 0.334646434
v 0.55316174 -0.0778477043 0.334023535
v 0.554537416 -0.0714357719 0.329901636
v 0.553754389 -0.071431227 0.328346968
v 0.552300692 -0.070722498 0.327702999
v 0.551027954 -0.0697247609 0.328346968
v 0.550681651 -0.0690224618 0.329901636
v 0.551464677 -0.0690270066 0.331456304
v 0.552918315 -0.0697357282 0.332100272
v 0.554191113 -0.0707334727 0.331456304
v 0.561971486 -0.0650211051 0.328071326
v 0.561136842 -0.0649046898 0.326548189
v 0.559860826 -0.063902773 0.325917304
v 0.558890879 -0.0626022741 0.326548189
v 0.558795214 -0.0617649965 0.328071326
v 0.559629858 -0.0618814155 0.329594463
v 0.560905874 -0.0628833324 0.330225378
v 0.56187582 -0.0641838312 0.329594463
v 0.564754903 -0.0598732494 0.322435021
v 0.563165665 -0.059250515 0.322776407
v 0.562507331 -0.0581187047 0.323923469
v 0.563165665 -0.0571408123 0.325204283
v 0.564754903 -0.0568896793 0.325868577
v 0.566344202 -0.0575124137 0.325527191
v 0.567002475 -0.0586442277 0.32438013
v 0.566344202 -0.0596221201 0.323099315
v 0.562484324 -0.0547220185 0.317526758
v 0.56095022 -0.054612115 0.318341941
v 0.560314715 -0.0536478572 0.319644451
v 0.56095022 -0.0523940958 0.32067132
v 0.562484324 -0.0515852682 0.320820987
v 0.564018428 -0.0516951717 0.320005804
v 0.564653873 -0.0526594296 0.318703264
v 0.564018428 -0.0539131872 0.317676425
v 0.560213745 -0.0495692752 0.312623739
v 0.558611929 -0.0491872877 0.313188106
v 0.55794847 -0.0480663516 0.314342827
v 0.558611929 -0.0468630902 0.315411538
v 0.560213745 -0.0462823659 0.315768152
v 0.5618155 -0.0466643497 0.315203786
v 0.56247896 -0.0477852896 0.314049035
v 0.5618155 -0.0489885472 0.312980354
v 0.561237931 -0.0454745255 0.30792135
v 0.559636831 -0.0449928641 0.308405876
v 0.55897367 -0.0436677597 0.309319317
v 0.559636831 -0.0422754362 0.310126662
v 0.561237931 -0.0416315012 0.310354918
v 0.562838972 -0.0421131626 0.309870392
v 0.563502133 -0.0434382707 0.308956921
v 0.562838972 -0.0448305905 0.308149606
v 0.5588907 -0.0425161123 0.301437616
v 0.557289779 -0.041976545 0.301857322
v 0.556626678 -0.0405446887 0.302592307
v 0.557289779 -0.0390593112 0.303212047
v 0.5588907 -0.038390521 0.303353459
v 0.560491562 -0.0389300883 0.302933753
v 0.561154664 -0.0403619409 0.302198768
v 0.560491562 -0.0418473221 0.301579058
v 0.559864283 -0.0396130718 0.295257866
v 0.558263421 -0.0390580632 0.295657068
v 0.557600319 -0.0375993513 0.296337217
v 0.558263421 -0.036091432 0.296899885
v 0.559864283 -0.0354176238 0.297015488
v 0.561465144 -0.0359726362 0.296616316
v 0.562128246 -0.0374313481 0.295936167
v 0.561465144 -0.0389392674 0.295373499
v 0.557497084 -0.036857456 0.287949204
v 0.555905223 -0.0361615308 0.288057625
v 0.555245817 -0.0346947946 0.288723975
v 0.555905223 -0.0333164483 0.289557964
v 0.557497084 -0.0328339003 0.290071011
v 0.559088945 -0.0335298292 0.28996259
v 0.559748352 -0.0349965617 0.28929621
v 0.559088945 -0.0363749117 0.288462251
v 0.561832249 -0.0326031074 0.282291621
v 0.56024307 -0.0319829695 0.282638103
v 0.559584796 -0.0308610722 0.28379488
v 0.56024307 -0.029894609 0.285084367
v 0.561832249 -0.0296497215 0.285751194
v 0.563421428 -0.0302698612 0.285404712
v 0.564079702 -0.0313917585 0.284247935
v 0.563421428 -0.0323582217 0.282958448
v 0.559606135 -0.0259282496 0.278408796
v 0.558003604 -0.0256196 0.279014438
v 0.557339847 -0.0246625654 0.280308127
v 0.558003604 -0.0236177631 0.281532019
v 0.559606135 -0.0230972283 0.28196919
v 0.561208665 -0.0234058779 0.281363547
v 0.561872423 -0.0243629124 0.280069858
v 0.561208665 -0.0254077129 0.278845966
v 0.562853873 -0.0195342451 0.275202632
v 0.562258065 -0.0199196897 0.273613125
v 0.560711741 -0.0203730613 0.272954732
v 0.559120715 -0.020628782 0.273613125
v 0.558417022 -0.0205370542 0.275202632
v 0.55901289 -0.0201516114 0.276792139
v 0.560559213 -0.0196982399 0.277450562
v 0.56215018 -0.0194425192 0.276792139
v 0.557586849 -0.00526215415 0.277231067
v 0.556990921 -0.00564679597 0.275641412
v 0.555444658 -0.00610021967 0.274982959
v 0.55385381 -0.00635681581 0.275641412
v 0.553150356 -0.00626627356 0.277231067
v 0.553746283 -0.00588163175 0.278820753
v 0.555292547 -0.00542820804 0.279479206
v 0.556883395 -0.00517161191 0.278820753
v 0.556394994 -0.00299220439 0.270739466
v 0.554805398 -0.00233341404 0.271002829
v 0.554147005 -0.00106919708 0.272002012
v 0.554805398 5.98854276e-05 0.273151696
v 0.556394994 0.000392432295 0.273778409
v 0.557984591 -0.000266357965 0.273515046
v 0.558642983 -0.00153057498 0.272515863
v 0.557984591 -0.0026596575 0.271366179
v 0.557421386 0.00147212355 0.265767336
v 0.55583179 0.00213091378 0.266030699
v 0.555173397 0.00339513086 0.267029881
v 0.55583179 0.00452421326 0.268179566
v 0.557421386 0.00485676015 0.268806279
v 0.559010983 0.00419797003 0.268542916
v 0.559669375 0.00293375296 0.267543733
v 0.559010983 0.00180467032 0.266394049
v 0.554591179 -0.475762308 -0.157958463
v 0.554642439 -0.477292091 -0.158787474
v 0.553935289 -0.477925748 -0.160246432
v 0.552883983 -0.477292091 -0.16148068
v 0.552104354 -0.475762308 -0.161767215
v 0.552053154 -0.474232525 -0.160938203
v 0.552760303 -0.473598868 -0.159479246
v 0.55381161 -0.474232525 -0.158244997
v 0.56349051 -0.472315431 -0.163769066
v 0.56354171 -0.473845214 -0.164598092
v 0.562834561 -0.474478871 -0.166057035
v 0.561783254 -0.473845214 -0.167291284
v 0.561003625 -0.472315431 -0.167577818
v 0.560952425 -0.470785648 -0.166748807
v 0.561659575 -0.470151991 -0.165289849
v 0.562710881 -0.470785648 -0.164055616
v 0.572642863 -0.470581204 -0.171484053
v 0.571742654 -0.470483154 -0.172970712
v 0.570493162 -0.469439298 -0.173586518
v 0.569626272 -0.46806109 -0.172970712
v 0.569649816 -0.467155874 -0.171484053
v 0.570550025 -0.467253923 -0.169997394
v 0.571799517 -0.46829778 -0.169381589
v 0.572666407 -0.469675988 -0.169997394
v 0.578318357 -0.46109888 -0.173380747
v 0.57765013 -0.460935324 -0.174979761
v 0.576199412 -0.460237682 -0.175642088
v 0.574815929 -0.459414572 -0.174979761
v 0.574310184 -0.458948195 -0.173380747
v 0.574978411 -0.45911175 -0.171781734
v 0.576429188 -0.459809393 -0.171119392
v 0.577812612 -0.460632503 -0.171781734
v 0.583681941 -0.450227529 -0.17383939
v 0.583012998 -0.450136006 -0.175443828
v 0.581463099 -0.449704409 -0.176108405
v 0.5799402 -0.44918555 -0.175443828
v 0.579336345 -0.448883384 -0.17383939
v 0.580005348 -0.448974907 -0.172234952
v 0.581555247 -0.449406505 -0.171570361
v 0.583078146 -0.449925333 -0.172234952
v 0.585025668 -0.439554065 -0.174897701
v 0.584390044 -0.439353764 -0.176505819
v 0.582844973 -0.438907415 -0.177171916
v 0.58129555 -0.438476473 -0.176505819
v 0.580649376 -0.438313365 -0.174897701
v 0.581285 -0.438513637 -0.173289597
v 0.582830071 -0.438959986 -0.1726235
v 0.584379494 -0.439390957 -0.173289597
v 0.590241969 -0.427090794 -0.173551306
v 0.589615345 -0.426857531 -0.175158486
v 0.588071585 -0.426406026 -0.175824195
v 0.586515069 -0.426000744 -0.175158486
v 0.58585757 -0.425879121 -0.173551306
v 0.586484253 -0.426112413 -0.171944126
v 0.588027954 -0.426563919 -0.171278417
v 0.58958447 -0.4269692 -0.171944126
v 0.591636598 -0.415532082 -0.174012929
v 0.590971053 -0.415488243 -0.175620809
v 0.589371979 -0.415316224 -0.176286802
v 0.587776124 -0.415116787 -0.175620809
v 0.587118268 -0.415006757 -0.174012929
v 0.587783813 -0.415050596 -0.172405049
v 0.589382887 -0.415222615 -0.171739042
v 0.590978742 -0.415422052 -0.172405049
v 0.590711474 -0.404327989 -0.176180735
v 0.589119136 -0.403898925 -0.175623506
v 0.588459611 -0.403289795 -0.174132183
v 0.589119136 -0.402857393 -0.172580361
v 0.590711474 -0.402855068 -0.171877071
v 0.592303813 -0.403284132 -0.172434315
v 0.592963398 -0.403893262 -0.173925638
v 0.592303813 -0.404325634 -0.17547746
v 0.591897786 -0.400124073 -0.181295067
v 0.590308189 -0.399465293 -0.181031704
v 0.589649796 -0.398201078 -0.180032521
v 0.590308189 -0.397071987 -0.178882837
v 0.591897786 -0.396739423 -0.178256109
v 0.593487382 -0.397398233 -0.178519487
v 0.594145775 -0.398662448 -0.17951867
v 0.593487382 -0.399791539 -0.180668354
v 0.593084097 -0.394964308 -0.187041759
v 0.591494501 -0.394305527 -0.186778381
v 0.590836048 -0.393041283 -0.185779199
v 0.591494501 -0.391912222 -0.184629515
v 0.593084097 -0.391579658 -0.184002802
v 0.594673634 -0.392238468 -0.184266165
v 0.595332086 -0.393502682 -0.185265347
v 0.594673634 -0.394631743 -0.186415032
v 0.599441648 -0.519964695 -0.307235599
v 0.597852051 -0.519305885 -0.306972206
v 0.597193599 -0.51804167 -0.305973023
v 0.597852051 -0.51691258 -0.304823339
v 0.599441648 -0.516580045 -0.304196626
v 0.601031184 -0.517238855 -0.304459989
v 0.601689637 -0.51850307 -0.305459172
v 0.601031184 -0.519632161 -0.306608856
v 0.600674391 -0.5146029 -0.313207299
v 0.599084795 -0.513944089 -0.312943935
v 0.598426342 -0.512679875 -0.311944753
v 0.599084795 -0.511550784 -0.310795069
v 0.600674391 -0.51121825 -0.310168326
v 0.602263927 -0.511877 -0.310431719
v 0.60292238 -0.513141215 -0.311430901
v 0.602263927 -0.514270306 -0.312580585
v 0.604167819 -0.507797658 -0.317659527
v 0.603510082 -0.507684529 -0.319267243
v 0.601913393 -0.507491827 -0.319933176
v 0.600313008 -0.507332504 -0.319267243
v 0.599646389 -0.50729984 -0.317659527
v 0.600304127 -0.50741297 -0.316051811
v 0.601900816 -0.507605672 -0.315385878
v 0.60350126 -0.507764995 -0.316051811
v 0.605583787 -0.488839209 -0.311062723
v 0.604958475 -0.488601118 -0.312669694
v 0.603415191 -0.488147914 -0.313335329
v 0.60185802 -0.487745106 -0.312669694
v 0.60119909 -0.487628639 -0.311062723
v 0.601824462 -0.487866759 -0.309455723
v 0.603367686 -0.488319933 -0.308790088
v 0.604924858 -0.488722742 -0.309455723
v 0.610465705 -0.484681875 -0.316677153
v 0.609661639 -0.484692097 -0.318221003
v 0.608215511 -0.483964115 -0.318860501
v 0.606974423 -0.482924432 -0.318221003
v 0.606665432 -0.482182026 -0.316677153
v 0.607469499 -0.482171804 -0.315133274
v 0.608915627 -0.482899755 -0.314493805
v 0.610156715 -0.483939469 -0.315133274
v 0.615803361 -0.473496735 -0.316605717
v 0.615095973 -0.473390162 -0.318192661
v 0.613648534 -0.472680897 -0.318849981
v 0.612308979 -0.471784443 -0.318192661
v 0.611862004 -0.471225858 -0.316605717
v 0.612569392 -0.471332431 -0.315018803
v 0.614016831 -0.472041696 -0.314361483
v 0.615356386 -0.47293818 -0.315018803
v 0.619025886 -0.465573788 -0.322375864
v 0.617429912 -0.46529001 -0.321741343
v 0.616768897 -0.464998484 -0.320157617
v 0.617429912 -0.464870006 -0.318552434
v 0.619025886 -0.464979827 -0.317866057
v 0.6206218 -0.465263605 -0.318500578
v 0.621282816 -0.465555131 -0.320084304
v 0.6206218 -0.465683609 -0.321689487
v 0.616426468 -0.452282071 -0.321523815
v 0.614822209 -0.452216715 -0.320851326
v 0.614157677 -0.451840997 -0.319286913
v 0.614822209 -0.451375067 -0.317746937
v 0.616426468 -0.451091826 -0.317133546
v 0.618030667 -0.451157182 -0.317806035
v 0.618695199 -0.451532871 -0.319370449
v 0.618030667 -0.45199883 -0.320910394
v 0.617647886 -0.448066533 -0.326765209
v 0.61605829 -0.447407752 -0.326501817
v 0.615399897 -0.446143538 -0.325502634
v 0.61605829 -0.445014447 -0.32435295
v 0.617647886 -0.444681913 -0.323726237
v 0.619237483 -0.445340693 -0.3239896
v 0.619895875 -0.446604908 -0.324988782
v 0.619237483 -0.447733998 -0.326138467
v 0.618869364 -0.442753822 -0.332682222
v 0.617279768 -0.442095011 -0.332418859
v 0.616621375 -0.440830797 -0.331419677
v 0.617279768 -0.439701706 -0.330269992
v 0.618869364 -0.439369172 -0.329643279
v 0.620458961 -0.440027952 -0.329906642
v 0.621117353 -0.441292167 -0.330905825
v 0.620458961 -0.442421257 -0.332055509
v 0.620090842 -0.438009262 -0.336828977
v 0.618489563 -0.437363684 -0.337051123
v 0.617826283 -0.435772091 -0.337290078
v 0.618489563 -0.434166849 -0.337405831
v 0.620090842 -0.43348828 -0.33733061
v 0.621692061 -0.434133857 -0.337108463
v 0.622355342 -0.435725421 -0.336869538
v 0.621692061 -0.437330693 -0.336753756
v 0.621140003 -0.445955396 -0.354796886
v 0.619536638 -0.445335716 -0.355071455
v 0.618872523 -0.44378233 -0.355491012
v 0.619536638 -0.442205161 -0.355809808
v 0.621140003 -0.441528112 -0.35584107
v 0.622743368 -0.442147791 -0.355566531
v 0.623407483 -0.443701178 -0.355146974
v 0.622743368 -0.445278347 -0.354828179
v 0.622317255 -0.444513887 -0.364336252
v 0.620713711 -0.443896711 -0.364615321
v 0.620049477 -0.442347795 -0.365051061
v 0.620713711 -0.4407745 -0.365388185
v 0.622317255 -0.440098405 -0.365429193
v 0.623920798 -0.440715581 -0.365150124
v 0.624584973 -0.442264467 -0.364714384
v 0.623920798 -0.443837792 -0.36437726
v 0.623375952 -0.452729672 -0.382552236
v 0.621768773 -0.452183723 -0.382938147
v 0.621102989 -0.450808108 -0.383771628
v 0.621768773 -0.44940868 -0.3845644
v 0.623375952 -0.448805183 -0.384852111
v 0.624983191 -0.449351132 -0.384466171
v 0.625648916 -0.450726718 -0.38363272
v 0.624983191 -0.452126145 -0.382839918
v 0.624307573 -0.472825497 -0.41250819
v 0.622701943 -0.472242862 -0.412843585
v 0.622036815 -0.470767826 -0.413485497
v 0.622701943 -0.469264477 -0.41405797
v 0.624307573 -0.468613446 -0.414225578
v 0.625913262 -0.469196081 -0.413890213
v 0.626578331 -0.470671117 -0.413248271
v 0.625913262 -0.472174466 -0.412675828
v 0.625549853 -0.46700865 -0.4209041
v 0.623960257 -0.46634987 -0.420640737
v 0.623301804 -0.465085655 -0.419641554
v 0.623960257 -0.463956565 -0.41849187
v 0.625549853 -0.46362403 -0.417865127
v 0.62713939 -0.464282811 -0.41812852
v 0.627797842 -0.465547025 -0.419127703
v 0.62713939 -0.466676116 -0.420277387
v 0.626792073 -0.461605519 -0.426921844
v 0.625202477 -0.460946739 -0.426658452
v 0.624544084 -0.459682524 -0.425659269
v 0.625202477 -0.458553433 -0.424509585
v 0.626792073 -0.458220899 -0.423882872
v 0.62838167 -0.458879679 -0.424146235
v 0.629040062 -0.460143894 -0.425145417
v 0.62838167 -0.461272985 -0.426295102
v 0.623446584 -0.295816958 -0.373601794
v 0.621842086 -0.295956969 -0.372941345
v 0.621177495 -0.29649961 -0.371426731
v 0.621842086 -0.297127008 -0.369945258
v 0.623446584 -0.297471613 -0.369364679
v 0.625051022 -0.297331601 -0.370025158
v 0.625715613 -0.296788961 -0.371539742
v 0.625051022 -0.296161592 -0.373021245
v 0.624813795 -0.276943594 -0.366210818
v 0.623205781 -0.277285486 -0.365638584
v 0.622539699 -0.278068662 -0.364233911
v 0.623205781 -0.278834343 -0.362819642
v 0.624813795 -0.279134005 -0.362224191
v 0.626421869 -0.278792113 -0.362796426
v 0.627087951 -0.278008938 -0.364201099
v 0.626421869 -0.277243257 -0.365615398
v 0.62254566 -0.242948905 -0.344572872
v 0.620937765 -0.243269861 -0.343988299
v 0.620271742 -0.243988141 -0.342549354
v 0.620937765 -0.244682997 -0.341098905
v 0.62254566 -0.244947389 -0.340486676
v 0.624153614 -0.244626418 -0.341071248
v 0.624819636 -0.243908137 -0.342510194
v 0.624153614 -0.243213281 -0.343960643
v 0.626075208 -0.232501611 -0.341820478
v 0.625415206 -0.232409909 -0.343428612
v 0.62381804 -0.232221439 -0.344094723
v 0.622219384 -0.232046589 -0.343428612
v 0.621555626 -0.231987789 -0.341820478
v 0.622215629 -0.232079476 -0.340212345
v 0.623812795 -0.232267961 -0.339546233
v 0.625411451 -0.232442811 -0.340212345
v 0.625064731 -0.222630933 -0.344413668
v 0.623473108 -0.222170606 -0.343879819
v 0.622813821 -0.221487716 -0.342420667
v 0.623473108 -0.220982298 -0.340890944
v 0.625064731 -0.220950395 -0.340186775
v 0.626656294 -0.221410722 -0.340720624
v 0.627315581 -0.222093612 -0.342179775
v 0.626656294 -0.222599044 -0.343709499
v 0.626245022 -0.217955217 -0.349885285
v 0.624655306 -0.217374951 -0.349477381
v 0.623996854 -0.216374114 -0.348214507
v 0.624655306 -0.215538993 -0.346836418
v 0.626245022 -0.215358779 -0.346150398
v 0.627834678 -0.21593903 -0.346558303
v 0.62849313 -0.216939867 -0.347821206
v 0.627834678 -0.217775002 -0.349199295
v 0.627455533 -0.210131928 -0.353166968
v 0.625852942 -0.209911004 -0.352524221
v 0.625189185 -0.20914501 -0.351109028
v 0.625852942 -0.208282679 -0.3497504
v 0.627455533 -0.207829133 -0.349244207
v 0.629058063 -0.208050057 -0.349886954
v 0.62972188 -0.208816051 -0.351302147
v 0.629058063 -0.209678382 -0.352660775
v 0.62485671 -0.203980654 -0.358033538
v 0.623254776 -0.203630969 -0.357448906
v 0.622591257 -0.202578157 -0.356231749
v 0.623254776 -0.201438963 -0.355095059
v 0.62485671 -0.200880691 -0.354704678
v 0.626458585 -0.201230377 -0.35528931
v 0.627122104 -0.202283174 -0.356506467
v 0.626458585 -0.203422382 -0.357643157
v 0.62603581 -0.197725654 -0.364315599
v 0.624441504 -0.197393984 -0.363700449
v 0.623781145 -0.197008505 -0.362136662
v 0.624441504 -0.196795017 -0.360540271
v 0.62603581 -0.196878582 -0.359846443
v 0.627630055 -0.197210252 -0.360461563
v 0.628290474 -0.19759573 -0.36202538
v 0.627630055 -0.197809219 -0.363621771
v 0.627310336 -0.185934812 -0.361335903
v 0.625720739 -0.185276017 -0.36107251
v 0.625062346 -0.184011802 -0.360073328
v 0.625720739 -0.182882726 -0.358923644
v 0.627310336 -0.182550177 -0.358296931
v 0.628899932 -0.183208957 -0.358560294
v 0.629558325 -0.184473187 -0.359559476
v 0.628899932 -0.185602263 -0.360709161
v 0.628394008 -0.188674241 -0.375091791
v 0.626792192 -0.188297018 -0.374524355
v 0.626128674 -0.187186375 -0.37335971
v 0.626792192 -0.185992926 -0.372280091
v 0.628394008 -0.185415775 -0.371917933
v 0.629995883 -0.185793012 -0.37248534
v 0.630659342 -0.186903641 -0.373649985
v 0.629995883 -0.18809709 -0.374729604
v 0.625887752 -0.175195813 -0.372191906
v 0.624285519 -0.174654856 -0.371779025
v 0.623621881 -0.1732288 -0.371033311
v 0.624285519 -0.171753019 -0.370391607
v 0.625887752 -0.171092018 -0.370229781
v 0.627489924 -0.17163299 -0.370642662
v 0.628153563 -0.173059046 -0.371388376
v 0.627489924 -0.174534813 -0.372030079
v 0.626921356 -0.180947587 -0.390725404
v 0.625318944 -0.180706516 -0.390089512
v 0.624655187 -0.179893419 -0.388700813
v 0.625318944 -0.178984597 -0.387372792
v 0.626921356 -0.178512439 -0.386883378
v 0.628523707 -0.17875351 -0.38751927
v 0.629187465 -0.179566592 -0.388907969
v 0.628523707 -0.180475414 -0.39023599
v 0.624499559 -0.161039114 -0.381502688
v 0.622897685 -0.160661891 -0.380935252
v 0.622234225 -0.159551248 -0.379770607
v 0.622897685 -0.158357799 -0.378690988
v 0.624499559 -0.157780647 -0.3783288
v 0.626101375 -0.158157885 -0.378896236
v 0.626764834 -0.159268513 -0.380060881
v 0.626101375 -0.160461962 -0.3811405
v 0.625493288 -0.170798272 -0.39970234
v 0.62388736 -0.170130819 -0.399777234
v 0.623222172 -0.168560162 -0.400124609
v 0.62388736 -0.167006373 -0.400541008
v 0.625493288 -0.166379645 -0.400782496
v 0.627099216 -0.167047098 -0.400707603
v 0.627764404 -0.168617755 -0.400360227
v 0.627099216 -0.170171544 -0.399943829
v 0.625096023 -0.166848794 -0.410499334
v 0.624434114 -0.168456495 -0.41041398
v 0.622830629 -0.169122428 -0.410289258
v 0.62122488 -0.168456495 -0.410198241
v 0.620557487 -0.166848794 -0.410194248
v 0.621219456 -0.165241092 -0.410279602
v 0.622822881 -0.164575145 -0.410404325
v 0.62442863 -0.165241092 -0.410495341
v 0.623910248 -0.17144835 -0.423544198
v 0.622305095 -0.170775279 -0.423516959
v 0.621640265 -0.169172034 -0.423650175
v 0.622305095 -0.167577803 -0.423865825
v 0.623910248 -0.166926444 -0.424037576
v 0.625515342 -0.167599514 -0.424064845
v 0.626180172 -0.169202745 -0.423931628
v 0.625515342 -0.17079699 -0.423715949
v 0.621199667 -0.171746999 -0.435337961
v 0.619592667 -0.171115533 -0.435558915
v 0.618927002 -0.169642448 -0.436204731
v 0.619592667 -0.168190688 -0.436897129
v 0.621199667 -0.16761066 -0.437230498
v 0.622806728 -0.168242142 -0.437009573
v 0.623472393 -0.169715211 -0.436363757
v 0.622806728 -0.171166971 -0.435671359
v 0.622046649 -0.191270292 -0.466633677
v 0.620438874 -0.190724298 -0.467017055
v 0.619772851 -0.189367399 -0.467880458
v 0.620438874 -0.187994465 -0.468718082
v 0.622046649 -0.187409729 -0.469039291
v 0.623654485 -0.187955722 -0.468655914
v 0.624320447 -0.189312607 -0.467792511
v 0.623654485 -0.190685555 -0.466954887
v 0.628893077 -0.557208061 -0.859516501
v 0.628397405 -0.558806002 -0.859997153
v 0.627025366 -0.559467852 -0.860839605
v 0.625580788 -0.558806002 -0.861550272
v 0.624909759 -0.557208061 -0.861712933
v 0.625405431 -0.55561012 -0.861232281
v 0.626777411 -0.554948211 -0.860389829
v 0.628222048 -0.55561012 -0.859679163
v 0.632517695 -0.557976425 -0.871697307
v 0.631015956 -0.557137311 -0.871963322
v 0.630393863 -0.555565476 -0.871548057
v 0.631015956 -0.554181576 -0.870694816
v 0.632517695 -0.553796351 -0.869903326
v 0.634019494 -0.554635465 -0.869637311
v 0.634641528 -0.556207299 -0.870052576
v 0.634019494 -0.5575912 -0.870905876
v 0.635587752 -0.551524103 -0.877307415
v 0.634588122 -0.551666677 -0.87872535
v 0.633162618 -0.550858617 -0.879312694
v 0.63214612 -0.549573302 -0.87872535
v 0.632134199 -0.548563659 -0.877307415
v 0.633133769 -0.548421144 -0.875889421
v 0.634559333 -0.549229205 -0.875302076
v 0.635575831 -0.550514519 -0.875889421
v 0.645720661 -0.543959618 -0.880115926
v 0.644915104 -0.54395467 -0.881659031
v 0.643484354 -0.543196678 -0.882298231
v 0.642266572 -0.542129636 -0.881659031
v 0.641975045 -0.541378677 -0.880115926
v 0.642780602 -0.541383624 -0.878572822
v 0.644211352 -0.542141616 -0.877933681
v 0.645429194 -0.543208659 -0.878572822
v 0.647158206 -0.534746706 -0.883178115
v 0.646465123 -0.534607172 -0.884768784
v 0.645035565 -0.533864021 -0.885427654
v 0.643706918 -0.532952547 -0.884768784
v 0.643257558 -0.532406688 -0.883178115
v 0.643950701 -0.532546222 -0.881587446
v 0.645380259 -0.533289433 -0.880928576
v 0.646708846 -0.534200907 -0.881587446
v 0.656277478 -0.525782466 -0.883393764
v 0.655735135 -0.525322139 -0.884982526
v 0.654861748 -0.523967803 -0.885640621
v 0.654168963 -0.522512794 -0.884982526
v 0.654062569 -0.521809459 -0.883393764
v 0.654604912 -0.522269726 -0.881805062
v 0.655478299 -0.523624063 -0.881146967
v 0.656171143 -0.525079131 -0.881805062
v 0.664429963 -0.524552941 -0.888154745
v 0.662840366 -0.523894191 -0.887891352
v 0.662181914 -0.522629976 -0.8868922
v 0.662840366 -0.521500885 -0.885742486
v 0.664429963 -0.521168351 -0.885115802
v 0.666019499 -0.521827102 -0.885379136
v 0.666677952 -0.523091316 -0.886378348
v 0.666019499 -0.524220407 -0.887528002
v 0.657177448 -0.516980648 -0.894343674
v 0.655743241 -0.51681149 -0.89337182
v 0.655149162 -0.515619099 -0.892251432
v 0.655743241 -0.514101923 -0.891638756
v 0.657177448 -0.513148665 -0.891892791
v 0.658611655 -0.513317823 -0.892864645
v 0.659205735 -0.514510274 -0.893985033
v 0.658611655 -0.516027451 -0.894597709
v 0.654209256 -0.514081597 -0.904535651
v 0.652664959 -0.513656616 -0.903854012
v 0.652025282 -0.512264252 -0.903028011
v 0.652664959 -0.510720134 -0.902541518
v 0.654209256 -0.509928763 -0.902679563
v 0.655753553 -0.510353744 -0.903361261
v 0.65639323 -0.511746109 -0.904187262
v 0.655753553 -0.513290226 -0.904673696
v 0.651242971 -0.508430958 -0.913270831
v 0.649816751 -0.508429229 -0.912272811
v 0.64922601 -0.507434964 -0.91097188
v 0.649816751 -0.5060305 -0.910130084
v 0.651242971 -0.505038559 -0.910240531
v 0.652669132 -0.505040288 -0.911238551
v 0.653259933 -0.506034613 -0.912539542
v 0.652669132 -0.507439077 -0.913381338
v 0.645644367 -0.497377515 -0.918248773
v 0.645726323 -0.498443574 -0.919622421
v 0.644784808 -0.499792635 -0.920191407
v 0.643371344 -0.500634372 -0.919622421
v 0.642313957 -0.500475764 -0.918248773
v 0.642232001 -0.499409676 -0.916875124
v 0.643173575 -0.498060644 -0.916306138
v 0.64458698 -0.497218877 -0.916875124
v 0.641919315 -0.493378937 -0.921495318
v 0.641745448 -0.494134456 -0.923053861
v 0.640752554 -0.495410204 -0.923699439
v 0.639522254 -0.496458888 -0.923053861
v 0.638775229 -0.496666193 -0.921495318
v 0.638949096 -0.495910674 -0.919936776
v 0.63994199 -0.494634926 -0.919291198
v 0.64117229 -0.493586242 -0.919936776
v 0.633809805 -0.486073405 -0.922313511
v 0.633663297 -0.486798584 -0.92388922
v 0.632797003 -0.488160074 -0.924541891
v 0.631718338 -0.489360303 -0.92388922
v 0.63105917 -0.489696264 -0.922313511
v 0.631205678 -0.488971084 -0.920737863
v 0.632071972 -0.487609595 -0.920085192
v 0.633150637 -0.486409336 -0.920737863
v 0.625699699 -0.481059104 -0.925557911
v 0.625800192 -0.481903762 -0.927076638
v 0.625142515 -0.483387589 -0.927705765
v 0.624111772 -0.484641403 -0.927076638
v 0.623311877 -0.484930724 -0.925557911
v 0.623211384 -0.484086096 -0.924039185
v 0.623869061 -0.482602239 -0.923410058
v 0.624899805 -0.481348425 -0.924039185
v 0.61869657 -0.478105009 -0.92962724
v 0.618269861 -0.479621589 -0.92888695
v 0.616851568 -0.480249792 -0.928097069
v 0.615272462 -0.479621589 -0.927720308
v 0.614457607 -0.478105009 -0.927977383
v 0.614884317 -0.476588428 -0.928717673
v 0.616302609 -0.475960225 -0.929507494
v 0.617881715 -0.476588428 -0.929884255
v 0.608861387 -0.500303745 -0.964856505
v 0.607263386 -0.49962014 -0.964952707
v 0.606601536 -0.498112708 -0.965518057
v 0.607263386 -0.496664464 -0.966221333
v 0.608861387 -0.496123791 -0.966650605
v 0.610459387 -0.496807426 -0.966554403
v 0.611121297 -0.498314887 -0.965989053
v 0.610459387 -0.499763101 -0.965285778
v 0.61227119 -0.500707328 -0.98206383
v 0.611531913 -0.50227344 -0.982240021
v 0.609941065 -0.502922118 -0.98195982
v 0.608430505 -0.50227344 -0.981387496
v 0.607885122 -0.500707328 -0.980858207
v 0.608624399 -0.499141276 -0.980682075
v 0.610215306 -0.498492599 -0.980962217
v 0.611725807 -0.499141276 -0.9815346
v 0.60419929 -0.49107495 -0.988019884
v 0.604316652 -0.4920412 -0.989463091
v 0.603510916 -0.493463695 -0.990060866
v 0.602254033 -0.49450922 -0.989463091
v 0.601282299 -0.494565278 -0.988019884
v 0.601164937 -0.493599027 -0.986576736
v 0.601970732 -0.492176503 -0.985978961
v 0.603227556 -0.491131008 -0.986576736
v 0.595599115 -0.48577708 -0.991299331
v 0.595608413 -0.48650229 -0.992881775
v 0.595101058 -0.488033026 -0.993537247
v 0.594374299 -0.489472568 -0.992881775
v 0.593853772 -0.489977658 -0.991299331
v 0.593844473 -0.489252448 -0.989716887
v 0.594351828 -0.487721711 -0.989061415
v 0.595078588 -0.48628217 -0.989716887
v 0.586660206 -0.483692348 -0.991299331
v 0.586386025 -0.484306812 -0.992904782
v 0.585906327 -0.485842317 -0.993569732
v 0.585502088 -0.487399399 -0.992904782
v 0.585410058 -0.488065928 -0.991299331
v 0.58568418 -0.487451464 -0.98969388
v 0.586163878 -0.485915929 -0.989028931
v 0.586568177 -0.484358877 -0.98969388
v 0.576671958 -0.482915878 -0.992399395
v 0.576610446 -0.484499723 -0.991679788
v 0.576993048 -0.485155761 -0.990113497
v 0.577595711 -0.484499723 -0.988617957
v 0.578065336 -0.482915878 -0.988069296
v 0.578126907 -0.481332064 -0.988788903
v 0.577744246 -0.480675995 -0.990355253
v 0.577141643 -0.481332064 -0.991850734
v 0.567012727 -0.482549131 -0.987537682
v 0.567263424 -0.48415637 -0.986917973
v 0.567969382 -0.484822094 -0.985472798
v 0.568717003 -0.48415637 -0.984048724
v 0.569068313 -0.482549131 -0.983479917
v 0.568817556 -0.480941892 -0.984099627
v 0.568111658 -0.480276167 -0.98554486
v 0.567364037 -0.480941892 -0.986968935
v 0.577893734 0.0637625456 -0.380628586
v 0.57715708 0.0638042688 -0.382205218
v 0.575618625 0.0633178204 -0.382858306
v 0.574179411 0.0625881478 -0.382205218
v 0.573682666 0.0620426834 -0.380628586
v 0.57441926 0.0620009564 -0.379051954
v 0.575957775 0.0624874085 -0.378398865
v 0.577396929 0.0632170811 -0.379051954
v 0.572075248 0.0779881105 -0.377498955
v 0.571366727 0.0780208707 -0.37908861
v 0.569802165 0.0776352361 -0.379747093
v 0.568298101 0.0770571157 -0.37908861
v 0.567735493 0.0766251683 -0.377498955
v 0.568444014 0.0765924081 -0.375909269
v 0.570008576 0.0769780427 -0.375250816
v 0.571512699 0.0775561631 -0.375909269
v 0.569725275 0.089778319 -0.376447082
v 0.569139183 0.089448832 -0.378052711
v 0.567657411 0.0888227075 -0.37871781
v 0.566147864 0.0882667154 -0.378052711
v 0.565494895 0.0881065652 -0.376447082
v 0.566080928 0.0884360522 -0.374841422
v 0.567562759 0.0890621766 -0.374176353
v 0.569072306 0.0896181688 -0.374841422
v 0.563611507 0.0993855819 -0.378780425
v 0.563281238 0.0985827073 -0.380289227
v 0.561965406 0.0976297781 -0.380914181
v 0.560434759 0.097085014 -0.380289227
v 0.559585989 0.0972675234 -0.378780425
v 0.559916317 0.098070398 -0.377271652
v 0.56123215 0.0990233272 -0.376646698
v 0.562762797 0.0995680913 -0.377271652
v 0.559144735 0.103677236 -0.384982705
v 0.557608724 0.103690982 -0.384163737
v 0.556972504 0.10448996 -0.382754117
v 0.557608724 0.105606146 -0.381579608
v 0.559144735 0.106385686 -0.381328195
v 0.560680687 0.106371939 -0.382147163
v 0.561316907 0.105572961 -0.383556753
v 0.560680687 0.104456775 -0.384731293
v 0.556667686 0.109923691 -0.390192956
v 0.555234373 0.109641269 -0.389246434
v 0.554640651 0.110210061 -0.387712091
v 0.555234373 0.111296877 -0.386488795
v 0.556667686 0.112265073 -0.386293083
v 0.558101058 0.112547494 -0.387239635
v 0.55869472 0.111978702 -0.388773948
v 0.558101058 0.110891886 -0.389997274
v 0.550632417 0.120796308 -0.393540651
v 0.549056232 0.120130427 -0.393220693
v 0.548403323 0.119021237 -0.392048687
v 0.549056232 0.11811848 -0.390711188
v 0.550632417 0.117950991 -0.389991671
v 0.552208602 0.118616872 -0.390311629
v 0.552861452 0.119726062 -0.391483605
v 0.552208602 0.120628811 -0.392821103
v 0.544941902 0.157660902 -0.353824258
v 0.543367028 0.156990677 -0.353506863
v 0.542714715 0.155881986 -0.352334082
v 0.543367028 0.15498428 -0.350992918
v 0.544941902 0.154823422 -0.35026899
v 0.546516776 0.155493632 -0.350586385
v 0.547169089 0.156602323 -0.351759166
v 0.546516776 0.157500044 -0.35310033
v 0.541036129 0.164405689 -0.356554508
v 0.540531337 0.163897961 -0.358141214
v 0.539102137 0.163152635 -0.358798444
v 0.537585676 0.162606314 -0.358141214
v 0.536870241 0.162579015 -0.356554508
v 0.537374973 0.163086742 -0.354967833
v 0.538804233 0.163832068 -0.354310602
v 0.540320694 0.16437839 -0.354967833
v 0.538840771 0.175819695 -0.355411768
v 0.53835988 0.175265402 -0.356990248
v 0.536945999 0.174488485 -0.357644081
v 0.535427332 0.173944071 -0.356990248
v 0.534693539 0.173951045 -0.355411768
v 0.535174489 0.174505338 -0.353833258
v 0.536588311 0.17528224 -0.353179425
v 0.538106978 0.175826669 -0.353833258
v 0.532762587 0.182749286 -0.36043787
v 0.532228053 0.182339355 -0.362042964
v 0.530840695 0.181524932 -0.362707824
v 0.529413164 0.180783093 -0.362042964
v 0.528781772 0.180548385 -0.36043787
v 0.529316306 0.180958301 -0.358832747
v 0.530703664 0.181772724 -0.358167887
v 0.532131195 0.182514578 -0.358832747
v 0.527226388 0.196831241 -0.356907368
v 0.526557446 0.196689963 -0.358508229
v 0.525072217 0.196069807 -0.359171301
v 0.523640752 0.195334062 -0.358508229
v 0.523101568 0.1949137 -0.356907368
v 0.523770511 0.195054978 -0.355306536
v 0.52525574 0.19567512 -0.354643434
v 0.526687205 0.196410879 -0.355306536
v 0.521527052 0.206904516 -0.357840002
v 0.520867288 0.206773415 -0.359445512
v 0.519335985 0.20628044 -0.360110551
v 0.517830193 0.20571436 -0.359445512
v 0.517231941 0.205406785 -0.357840002
v 0.517891765 0.205537871 -0.356234491
v 0.519423008 0.206030846 -0.355569482
v 0.5209288 0.206596926 -0.356234491
v 0.517305136 0.219174072 -0.357660055
v 0.515736282 0.218617022 -0.357151568
v 0.515086412 0.217938498 -0.355686158
v 0.515736282 0.217535943 -0.354122251
v 0.517305136 0.217645183 -0.353375971
v 0.51887393 0.218202218 -0.353884459
v 0.519523799 0.218880758 -0.355349869
v 0.51887393 0.219283313 -0.356913775
v 0.514201343 0.237534985 -0.346880376
v 0.513487875 0.237588555 -0.348467261
v 0.511919022 0.237218678 -0.349124551
v 0.510413826 0.236642018 -0.348467261
v 0.509854019 0.236196399 -0.346880376
v 0.510567546 0.236142829 -0.345293492
v 0.5121364 0.236512706 -0.344636202
v 0.513641536 0.237089351 -0.345293492
v 0.509652913 0.242005795 -0.353134632
v 0.508114994 0.241981462 -0.352319539
v 0.507477999 0.242707044 -0.350871116
v 0.508114994 0.243757501 -0.349637896
v 0.509652913 0.244517505 -0.349342227
v 0.511190772 0.244541839 -0.35015735
v 0.511827826 0.243816257 -0.351605773
v 0.511190772 0.242765784 -0.352838993
v 0.509455502 0.250474155 -0.355438083
v 0.508752823 0.250486284 -0.35703063
v 0.507191777 0.250088722 -0.357690305
v 0.50568682 0.249514282 -0.35703063
v 0.505119443 0.249099508 -0.355438083
v 0.505822122 0.249087363 -0.353845537
v 0.507383227 0.249484941 -0.353185862
v 0.508888185 0.250059366 -0.353845537
v 0.502037585 0.267956018 -0.349867553
v 0.500475883 0.267392009 -0.349344909
v 0.499829024 0.266764134 -0.347855806
v 0.500475883 0.266440243 -0.346272498
v 0.502037585 0.266610026 -0.345522523
v 0.503599286 0.267174065 -0.346045196
v 0.504246116 0.26780194 -0.347534299
v 0.503599286 0.268125832 -0.349117577
v 0.502199531 0.278648973 -0.346629858
v 0.501519382 0.278658837 -0.34823215
v 0.49992916 0.278412044 -0.348895848
v 0.498360455 0.278053224 -0.34823215
v 0.497732162 0.277792513 -0.346629858
v 0.498412311 0.277782679 -0.345027536
v 0.500002503 0.278029472 -0.344363838
v 0.501571238 0.278388292 -0.345027536
v 0.500114679 0.289389938 -0.345801651
v 0.499463767 0.289248228 -0.347409874
v 0.497891009 0.288912445 -0.348076016
v 0.496317655 0.288579315 -0.347409874
v 0.495665401 0.288443953 -0.345801651
v 0.496316314 0.288585663 -0.344193429
v 0.497889102 0.288921416 -0.343527287
v 0.499462426 0.289254576 -0.344193429
v 0.497935742 0.298697889 -0.346670896
v 0.497351617 0.298288524 -0.348258793
v 0.495817363 0.297794908 -0.348916501
v 0.494231761 0.297506154 -0.348258793
v 0.493523598 0.297591478 -0.346670896
v 0.494107723 0.298000842 -0.345083028
v 0.495641947 0.298494458 -0.344425291
v 0.49722755 0.298783183 -0.345083028
v 0.495715588 0.30693838 -0.348692417
v 0.495138466 0.306505084 -0.35027647
v 0.493608207 0.305997193 -0.350932628
v 0.492021263 0.305712253 -0.35027647
v 0.491307229 0.305817157 -0.348692417
v 0.491884351 0.306250453 -0.347108334
v 0.493414611 0.306758344 -0.346452177
v 0.495001554 0.307043284 -0.347108334
v 0.49357906 0.315815568 -0.349785686
v 0.492912382 0.315751642 -0.351392418
v 0.491330296 0.315461516 -0.352057934
v 0.489759535 0.315115154 -0.351392418
v 0.489120275 0.314915448 -0.349785686
v 0.489786953 0.314979374 -0.348178953
v 0.491369039 0.3152695 -0.347513407
v 0.4929398 0.315615863 -0.348178953
v 0.489369065 0.327687263 -0.349922746
v 0.487771899 0.327279329 -0.349363506
v 0.487110317 0.32664752 -0.347882539
v 0.487771899 0.326161921 -0.346347392
v 0.489369065 0.326107025 -0.345657319
v 0.490966231 0.326514959 -0.346216589
v 0.491627783 0.327146769 -0.347697556
v 0.490966231 0.327632368 -0.349232703
v 0.487774581 0.344863087 -0.341263503
v 0.486171484 0.344440997 -0.340732455
v 0.485507458 0.34364903 -0.339331746
v 0.486171484 0.342951149 -0.337881863
v 0.487774581 0.342756152 -0.337232143
v 0.489377707 0.343178272 -0.33776316
v 0.490041733 0.343970209 -0.339163899
v 0.489377707 0.34466809 -0.340613782
v 0.486254781 0.362261206 -0.331858844
v 0.484646559 0.362014234 -0.331240177
v 0.483980417 0.36142531 -0.329743654
v 0.484646559 0.360839486 -0.328245908
v 0.486254781 0.360599875 -0.327624351
v 0.487863004 0.360846877 -0.328243017
v 0.488529146 0.361435801 -0.329739541
v 0.487863004 0.362021625 -0.331237257
v 0.487701148 0.371737421 -0.330659479
v 0.486093462 0.371612728 -0.330003828
v 0.485427529 0.371393353 -0.328410536
v 0.486093462 0.371207774 -0.326812953
v 0.487701148 0.371164709 -0.32614693
v 0.489308864 0.371289372 -0.326802611
v 0.489974797 0.371508777 -0.328395873
v 0.489308864 0.371694326 -0.329993457
v 0.485719562 0.383045942 -0.329212666
v 0.484111339 0.382792115 -0.328596801
v 0.483445197 0.382182539 -0.327108562
v 0.484111339 0.381574273 -0.325619817
v 0.485719562 0.381323665 -0.325002611
v 0.487327784 0.381577522 -0.325618476
v 0.487993926 0.382187098 -0.327106714
v 0.487327784 0.382795364 -0.328595459
v 0.487668484 0.400674313 -0.318813413
v 0.486065328 0.400364727 -0.318209916
v 0.485401273 0.399416178 -0.316910148
v 0.486065328 0.398384303 -0.315675467
v 0.487668484 0.397873551 -0.315229177
v 0.489271611 0.398183137 -0.315832645
v 0.489935666 0.399131715 -0.317132443
v 0.489271611 0.400163591 -0.318367094
v 0.490625262 0.431988955 -0.291067272
v 0.489068747 0.431959331 -0.290288508
v 0.488424003 0.431212753 -0.288854241
v 0.489068747 0.430186599 -0.28760469
v 0.490625262 0.429481924 -0.287271768
v 0.492181778 0.429511547 -0.288050562
v 0.492826521 0.430258095 -0.289484829
v 0.492181778 0.431284279 -0.29073438
v 0.499861598 0.43374899 -0.292502284
v 0.499921829 0.432270765 -0.29341951
v 0.49909398 0.431658447 -0.294823021
v 0.497862995 0.432270765 -0.295890689
v 0.496949971 0.43374899 -0.295997053
v 0.49688974 0.435227245 -0.295079827
v 0.497717619 0.435839564 -0.293676317
v 0.498948604 0.435227245 -0.292608649
v 0.505010247 0.437536418 -0.298715591
v 0.504415691 0.435937583 -0.29906249
v 0.502886653 0.435275316 -0.299565971
v 0.501318753 0.435937583 -0.299931109
v 0.500630558 0.437536418 -0.299944013
v 0.501225114 0.439135283 -0.299597144
v 0.502754152 0.43979755 -0.299093634
v 0.504322052 0.439135283 -0.298728496
v 0.503454745 0.433520526 -0.312534869
v 0.501852751 0.434199125 -0.31259194
v 0.501189172 0.435802042 -0.312449127
v 0.501852751 0.437390357 -0.312190086
v 0.503454745 0.438033611 -0.311966538
v 0.505056739 0.437355012 -0.311909437
v 0.505720317 0.435752064 -0.31205225
v 0.505056739 0.434163779 -0.312311321
v 0.504475415 0.437719524 -0.318645
v 0.502877533 0.438409209 -0.31860885
v 0.502215683 0.439959764 -0.318175435
v 0.502877533 0.441462904 -0.317598671
v 0.504475415 0.442038089 -0.317216426
v 0.506073296 0.441348404 -0.317252606
v 0.506735146 0.439797848 -0.317685992
v 0.506073296 0.438294709 -0.318262756
v 0.505292177 0.438601553 -0.327968121
v 0.503691435 0.43928498 -0.327996284
v 0.503028393 0.440876931 -0.327759206
v 0.503691435 0.442444861 -0.327395737
v 0.505292177 0.443070292 -0.327118844
v 0.50689286 0.442386866 -0.327090681
v 0.507555902 0.440794915 -0.327327788
v 0.50689286 0.439226985 -0.327691227
v 0.506202221 0.441197723 -0.336494386
v 0.504608095 0.441885352 -0.336367399
v 0.503947794 0.443344712 -0.335685909
v 0.504608095 0.444720924 -0.334849179
v 0.506202221 0.445207834 -0.334347308
v 0.507796347 0.444520235 -0.334474325
v 0.508456647 0.443060875 -0.335155785
v 0.507796347 0.441684633 -0.335992545
v 0.507256329 0.445654958 -0.341317385
v 0.505659282 0.44634527 -0.341263175
v 0.50499773 0.447880507 -0.340777874
v 0.505659282 0.449361354 -0.340145767
v 0.507256329 0.449920356 -0.339737117
v 0.508853436 0.449230075 -0.339791328
v 0.509514987 0.447694808 -0.340276659
v 0.508853436 0.446213961 -0.340908766
v 0.510343969 0.448702991 -0.350101918
v 0.509681821 0.447095066 -0.350181192
v 0.508078754 0.446429044 -0.350310683
v 0.506473839 0.447095066 -0.350414574
v 0.505807221 0.448702991 -0.350432009
v 0.506469369 0.450310916 -0.350352734
v 0.508072436 0.450976938 -0.350223243
v 0.509677351 0.450310916 -0.350119352
v 0.508806765 0.445978612 -0.361347347
v 0.507202804 0.44665432 -0.361376584
v 0.506538391 0.448235244 -0.36167568
v 0.507202804 0.449795276 -0.362069428
v 0.508806765 0.450420588 -0.362327158
v 0.510410726 0.44974488 -0.362297893
v 0.511075079 0.448163956 -0.361998796
v 0.510410726 0.446603924 -0.361605078
v 0.505698085 0.439447761 -0.38167122
v 0.504094303 0.440124393 -0.381679744
v 0.503429949 0.441713154 -0.381934047
v 0.504094303 0.443283349 -0.382285148
v 0.505698085 0.443915188 -0.382527411
v 0.507301927 0.443238556 -0.382518888
v 0.50796622 0.441649824 -0.382264584
v 0.507301927 0.4400796 -0.381913453
v 0.506507158 0.440123856 -0.392663717
v 0.504905999 0.440805912 -0.39269942
v 0.504242778 0.442401469 -0.392488599
v 0.504905999 0.443975896 -0.392154783
v 0.506507158 0.44460693 -0.391893536
v 0.508108258 0.443924904 -0.391857862
v 0.508771479 0.442329317 -0.392068654
v 0.508108258 0.44075489 -0.39240247
v 0.507430971 0.442797273 -0.401328921
v 0.505836844 0.443484634 -0.401200414
v 0.505176544 0.444942474 -0.400515735
v 0.505836844 0.446316838 -0.399675936
v 0.507430971 0.446802646 -0.399172992
v 0.509025097 0.446115315 -0.399301499
v 0.509685397 0.444657445 -0.399986178
v 0.509025097 0.443283081 -0.400825977
v 0.508496702 0.447743118 -0.406933188
v 0.506907165 0.448401928 -0.406669825
v 0.506248713 0.449666142 -0.405670643
v 0.506907165 0.450795233 -0.404520959
v 0.508496702 0.451127768 -0.403894246
v 0.510086298 0.450468987 -0.404157609
v 0.51074475 0.449204773 -0.405156791
v 0.510086298 0.448075682 -0.406306475
v 0.51181227 0.453737289 -0.410576493
v 0.51116854 0.453937858 -0.412181348
v 0.509584069 0.454216361 -0.412846088
v 0.507986903 0.454409689 -0.412181348
v 0.507312715 0.454404563 -0.410576493
v 0.507956386 0.454204023 -0.408971637
v 0.509540915 0.45392552 -0.408306867
v 0.511138022 0.453732193 -0.408971637
v 0.513359487 0.466915697 -0.404224306
v 0.512824178 0.467432916 -0.405797839
v 0.511331797 0.468047917 -0.406449616
v 0.509756684 0.468400449 -0.405797839
v 0.509021461 0.468283981 -0.404224306
v 0.50955677 0.467766732 -0.402650774
v 0.511049151 0.467151731 -0.401998997
v 0.512624264 0.466799229 -0.402650774
v 0.515810847 0.472638667 -0.408095688
v 0.514337063 0.473541737 -0.407889336
v 0.513726592 0.474643558 -0.406687886
v 0.514337063 0.475298703 -0.405195147
v 0.515810847 0.475123376 -0.40428552
v 0.517284632 0.474220335 -0.404491901
v 0.517895103 0.473118514 -0.405693352
v 0.517284632 0.472463369 -0.407186091
v 0.516871631 0.476892889 -0.412943721
v 0.515282929 0.477539361 -0.412646741
v 0.514624834 0.47874558 -0.411578029
v 0.515282929 0.479804933 -0.410363585
v 0.516871631 0.480096877 -0.409714848
v 0.518460333 0.479450405 -0.410011798
v 0.519118428 0.478244215 -0.411080539
v 0.518460333 0.477184862 -0.412294954
v 0.517962039 0.482001752 -0.417452753
v 0.516373396 0.482647061 -0.417152971
v 0.515715361 0.483848214 -0.416078568
v 0.516373396 0.484901577 -0.414858907
v 0.517962039 0.485190094 -0.414208472
v 0.519550681 0.484544754 -0.414508253
v 0.520208716 0.483343601 -0.415582657
v 0.519550681 0.482290268 -0.416802317
v 0.519025028 0.4865354 -0.422410607
v 0.517423391 0.486941904 -0.421863288
v 0.516759932 0.488114178 -0.420760661
v 0.517423391 0.489365518 -0.419748634
v 0.519025028 0.489962876 -0.419420063
v 0.520626724 0.489556372 -0.419967383
v 0.521290123 0.488384098 -0.421070009
v 0.520626724 0.487132788 -0.422082037
v 0.516649246 0.491580307 -0.428419948
v 0.515115142 0.491675824 -0.427603036
v 0.514479637 0.492616862 -0.426283658
v 0.515115142 0.493852198 -0.425234705
v 0.516649246 0.494658142 -0.425070643
v 0.51818341 0.494562626 -0.425887555
v 0.518818915 0.493621588 -0.427206933
v 0.51818341 0.492386252 -0.428255886
v 0.514348269 0.497701138 -0.43268922
v 0.512746155 0.498035043 -0.432096094
v 0.512082517 0.499051392 -0.43084839
v 0.512746155 0.500154853 -0.42967701
v 0.514348269 0.500699043 -0.429268122
v 0.515950441 0.500365138 -0.429861277
v 0.51661402 0.49934876 -0.431108952
v 0.515950441 0.498245299 -0.432280332
v 0.515408754 0.501919985 -0.437377095
v 0.513807356 0.502392232 -0.436884522
v 0.513144016 0.503696501 -0.435941666
v 0.513807356 0.505068839 -0.435100883
v 0.515408754 0.505705237 -0.434854656
v 0.517010152 0.50523299 -0.435347229
v 0.517673492 0.503928721 -0.436290085
v 0.517010152 0.502556384 -0.437130868
v 0.512959123 0.505291522 -0.443865955
v 0.511357009 0.505924761 -0.443616241
v 0.510693431 0.50750047 -0.44328934
v 0.511357009 0.509095669 -0.44307673
v 0.512959123 0.509775817 -0.443102986
v 0.514561296 0.509142578 -0.443352699
v 0.515224874 0.507566869 -0.443679601
v 0.514561296 0.50597173 -0.443892211
v 0.515967846 0.507092118 -0.455571264
v 0.515308201 0.505484879 -0.45546335
v 0.513706863 0.504819095 -0.455312788
v 0.512101889 0.505484879 -0.455207795
v 0.511433482 0.507092118 -0.455209851
v 0.512093127 0.508699417 -0.455317736
v 0.513694465 0.509365201 -0.455468297
v 0.515299439 0.508699417 -0.45557332
v 0.510975957 0.504462063 -0.468880802
v 0.509374082 0.505078554 -0.468590856
v 0.508710563 0.506631494 -0.468168706
v 0.509374082 0.508211255 -0.467861682
v 0.510975957 0.508892417 -0.467849612
v 0.512577832 0.508275926 -0.468139589
v 0.513241351 0.506722987 -0.468561709
v 0.512577832 0.505143225 -0.468868732
v 0.512042046 0.50968492 -0.475116521
v 0.51044023 0.510062158 -0.474549085
v 0.509776711 0.511172831 -0.47338447
v 0.51044023 0.512366235 -0.472304821
v 0.512042046 0.512943387 -0.471942663
v 0.513643861 0.512566209 -0.47251007
v 0.51430738 0.511455536 -0.473674715
v 0.513643861 0.510262072 -0.474754333
v 0.50968641 0.514877021 -0.480001718
v 0.508084953 0.515337169 -0.479497969
v 0.507421613 0.516617835 -0.478523225
v 0.508084953 0.517968714 -0.477648497
v 0.50968641 0.518598616 -0.477386206
v 0.511287808 0.518138409 -0.477889955
v 0.511951149 0.516857803 -0.4788647
v 0.511287808 0.515506864 -0.479739428
v 0.510659516 0.518136561 -0.487188965
v 0.509123743 0.518374741 -0.486404926
v 0.508487582 0.519530535 -0.485269338
v 0.509123743 0.520926893 -0.48444742
v 0.510659516 0.521745861 -0.484420627
v 0.512195349 0.52150768 -0.485204667
v 0.512831509 0.520351887 -0.486340255
v 0.512195349 0.518955529 -0.487162173
v 0.50487864 0.524031758 -0.490157843
v 0.503273249 0.524687886 -0.490307301
v 0.502608299 0.526203632 -0.490846306
v 0.503273249 0.527691066 -0.491459101
v 0.50487864 0.528278828 -0.491786748
v 0.506484032 0.5276227 -0.49163729
v 0.507149041 0.526106954 -0.491098315
v 0.506484032 0.524619579 -0.490485489
v 0.507430971 0.498388141 -0.535651505
v 0.505822718 0.49900347 -0.535906732
v 0.505156577 0.50049001 -0.536520422
v 0.505822718 0.501976907 -0.537133098
v 0.507430971 0.502593279 -0.537385881
v 0.509039164 0.501977921 -0.537130713
v 0.509705305 0.500491381 -0.536517024
v 0.509039164 0.499004453 -0.535904288
v 0.504925191 0.502165735 -0.54521507
v 0.503323793 0.502695918 -0.54478538
v 0.502660513 0.504108012 -0.544013262
v 0.503323793 0.505574882 -0.543351114
v 0.504925191 0.506237209 -0.543186724
v 0.506526589 0.505707085 -0.543616414
v 0.50718987 0.504294932 -0.544388533
v 0.506526589 0.502828121 -0.545050681
v 0.505928159 0.505483449 -0.551399767
v 0.504326046 0.506120384 -0.551159918
v 0.503662407 0.507700861 -0.550856769
v 0.504326046 0.50929904 -0.550667942
v 0.505928159 0.509978652 -0.550704062
v 0.507530332 0.509341717 -0.550943911
v 0.50819397 0.50776124 -0.551247001
v 0.507530332 0.50616312 -0.551435828
v 0.505376041 0.507335484 -0.564864278
v 0.504758 0.505740106 -0.564543307
v 0.503191948 0.505079269 -0.564167798
v 0.501595318 0.505740106 -0.563957691
v 0.500903308 0.507335484 -0.564036071
v 0.501521349 0.508930802 -0.564357042
v 0.503087401 0.509591639 -0.564732552
v 0.504684031 0.508930802 -0.564942658
v 0.500112057 0.501453698 -0.58192867
v 0.498537779 0.502178371 -0.581765234
v 0.497885674 0.503773689 -0.582009792
v 0.498537779 0.505305231 -0.582519054
v 0.500112057 0.505875766 -0.582994759
v 0.501686335 0.505151153 -0.583158195
v 0.502338409 0.503555775 -0.582913637
v 0.501686335 0.502024293 -0.582404375
v 0.498774827 0.500096679 -0.595387161
v 0.498178393 0.498488814 -0.595088422
v 0.49671036 0.497822821 -0.59443152
v 0.495230734 0.498488814 -0.59380126
v 0.494606227 0.500096679 -0.593566775
v 0.495202661 0.501704514 -0.593865514
v 0.496670693 0.502370477 -0.594522417
v 0.498150319 0.501704514 -0.595152676
v 0.492623985 0.503142893 -0.605292261
v 0.492032498 0.501535535 -0.604981601
v 0.49056378 0.500869691 -0.604326069
v 0.489078224 0.501535535 -0.603709698
v 0.488446027 0.503142893 -0.603493512
v 0.489037514 0.504750311 -0.603804171
v 0.490506232 0.505416155 -0.604459763
v 0.491991788 0.504750311 -0.605076134
v 0.486045778 0.499055088 -0.624845982
v 0.485393226 0.497446895 -0.624711931
v 0.483820885 0.496780753 -0.624374032
v 0.482249856 0.497446895 -0.624030292
v 0.481600374 0.499055088 -0.623881936
v 0.482252955 0.50066328 -0.624015987
v 0.483825266 0.501329422 -0.624353886
v 0.485396326 0.50066328 -0.624697685
v 0.484878272 0.501002908 -0.630234361
v 0.483271569 0.501657665 -0.630375445
v 0.482606053 0.503253579 -0.630576551
v 0.483271569 0.504855633 -0.630719841
v 0.484878272 0.50552547 -0.63072145
v 0.486484945 0.504870653 -0.630580306
v 0.48715046 0.503274798 -0.63037926
v 0.486484945 0.501672745 -0.63023591
v 0.4824301 0.498577505 -0.638562739
v 0.48320204 0.498617142 -0.640122473
v 0.484703124 0.498017579 -0.640768528
v 0.486054063 0.497130036 -0.640122473
v 0.486463487 0.496474445 -0.638562739
v 0.485691547 0.496434808 -0.637003005
v 0.484190464 0.497034371 -0.636357009
v 0.482839525 0.497921884 -0.637003005
v 0.481527328 0.493551135 -0.634726644
v 0.481412053 0.492054254 -0.633845627
v 0.480360508 0.491434246 -0.632604718
v 0.478988677 0.492054254 -0.631730735
v 0.478100151 0.493551135 -0.631735802
v 0.478215426 0.495047987 -0.632616818
v 0.479266971 0.495668024 -0.633857787
v 0.480638802 0.495047987 -0.63473171
v 0.473115623 0.488554686 -0.65097636
v 0.471525878 0.489260525 -0.650908113
v 0.470867395 0.490842581 -0.651214063
v 0.471525878 0.492374152 -0.651714981
v 0.473115623 0.492958009 -0.652117372
v 0.474705368 0.492252171 -0.652185619
v 0.475363851 0.490670115 -0.651879668
v 0.474705368 0.489138573 -0.65137881
v 0.473199248 0.480454594 -0.674746692
v 0.471595883 0.48113209 -0.674727678
v 0.470931768 0.482728541 -0.674928486
v 0.471595883 0.484308839 -0.675231457
v 0.473199248 0.484947205 -0.675459087
v 0.474802613 0.484269708 -0.675478101
v 0.475466758 0.482673228 -0.675277352
v 0.474802613 0.48109296 -0.674974382
v 0.472783923 0.485532612 -0.684681296
v 0.472121894 0.483924538 -0.684604585
v 0.470520109 0.483258456 -0.68446064
v 0.468916863 0.483924538 -0.684333861
v 0.468251348 0.485532612 -0.684298456
v 0.468913376 0.487140715 -0.684375167
v 0.470515162 0.487806797 -0.684519053
v 0.472118407 0.487140715 -0.684645891
v 0.470986605 0.48009786 -0.701512039
v 0.46938467 0.480747581 -0.701307476
v 0.468721151 0.482342988 -0.701096654
v 0.46938467 0.483949572 -0.701003075
v 0.470986605 0.484626204 -0.701081574
v 0.472588539 0.483976483 -0.701286197
v 0.473252058 0.482381046 -0.701497018
v 0.472588539 0.480774492 -0.701590538
v 0.470758915 0.487691283 -0.70739311
v 0.470093042 0.486083269 -0.707361639
v 0.468489796 0.485417217 -0.707234859
v 0.466888338 0.486083269 -0.707087159
v 0.466226786 0.487691283 -0.707004905
v 0.46689266 0.489299297 -0.707036376
v 0.468495935 0.489965379 -0.707163155
v 0.470097393 0.489299297 -0.707310915
v 0.468814373 0.480567217 -0.726072788
v 0.467206329 0.481205165 -0.726265788
v 0.466540247 0.482756883 -0.726688504
v 0.467206329 0.484313309 -0.727093399
v 0.468814373 0.484962761 -0.727243245
v 0.470422447 0.484324813 -0.727050304
v 0.471088529 0.482773095 -0.726627529
v 0.470422447 0.481216669 -0.726222634
v 0.46907118 0.474781781 -0.746842563
v 0.467470676 0.475377679 -0.74717927
v 0.466807693 0.476903915 -0.74769032
v 0.467470676 0.478466481 -0.748076379
v 0.46907118 0.479150027 -0.748111248
v 0.470671713 0.478554159 -0.747774541
v 0.471334666 0.477027893 -0.747263432
v 0.470671713 0.475465328 -0.746877432
v 0.475244701 0.470862269 -0.767246246
v 0.474560976 0.469262004 -0.767204463
v 0.472965628 0.468599141 -0.767418027
v 0.471393198 0.469262004 -0.767761886
v 0.470764786 0.470862269 -0.768034577
v 0.471448511 0.472462565 -0.768076301
v 0.473043859 0.473125428 -0.767862737
v 0.474616289 0.472462565 -0.767518938
v 0.474004805 0.472035378 -0.776409745
v 0.472407818 0.472722441 -0.776321948
v 0.471746325 0.47423175 -0.775761068
v 0.472407818 0.475679129 -0.775055647
v 0.474004805 0.476216763 -0.774618924
v 0.475601792 0.475529701 -0.774706781
v 0.476263285 0.474020422 -0.775267661
v 0.475601792 0.472573012 -0.775973082
v 0.477175891 0.477528036 -0.782489598
v 0.476679444 0.47597912 -0.783109665
v 0.475208998 0.475337535 -0.783785164
v 0.473625928 0.47597912 -0.784120381
v 0.472857565 0.477528036 -0.783918917
v 0.473354012 0.479076982 -0.78329885
v 0.474824458 0.479718566 -0.782623351
v 0.476407558 0.479076982 -0.782288194
v 0.481764704 0.479088694 -0.791723728
v 0.48122251 0.477514923 -0.792233109
v 0.47972241 0.476863056 -0.792828798
v 0.478143066 0.477514923 -0.793161809
v 0.477409691 0.479088694 -0.793037117
v 0.477951854 0.480662435 -0.792527735
v 0.479451954 0.481314331 -0.791932046
v 0.481031299 0.480662435 -0.791599035
v 0.480531633 0.47929281 -0.80179292
v 0.478928626 0.479970217 -0.801832795
v 0.47826463 0.481571347 -0.801672637
v 0.478928626 0.483158261 -0.801406264
v 0.480531633 0.483801395 -0.801189721
v 0.48213464 0.483123958 -0.801149905
v 0.482798636 0.481522858 -0.801310062
v 0.48213464 0.479935914 -0.801576376
v 0.48354736 0.481937498 -0.813211381
v 0.482888788 0.480329573 -0.813316286
v 0.48131153 0.479663551 -0.813630581
v 0.479739487 0.480329573 -0.813970089
v 0.479093581 0.481937498 -0.814135969
v 0.479752153 0.483545423 -0.814031065
v 0.481329441 0.484211445 -0.813716829
v 0.482901454 0.483545423 -0.813377321
v 0.487975597 0.481051207 -0.826167583
v 0.487288773 0.479453027 -0.826102555
v 0.485690922 0.478791028 -0.826299369
v 0.484117985 0.479453027 -0.826642632
v 0.483491421 0.481051207 -0.826931357
v 0.484178245 0.482649386 -0.826996386
v 0.485776126 0.483311385 -0.826799572
v 0.487349033 0.482649386 -0.826456308
v 0.488533974 0.478591889 -0.842512846
v 0.487914979 0.476987958 -0.842785716
v 0.486364543 0.476323605 -0.843215764
v 0.484790921 0.476987958 -0.843551099
v 0.484115899 0.478591889 -0.843595266
v 0.484734893 0.480195791 -0.843322396
v 0.486285329 0.480860144 -0.842892349
v 0.487858951 0.480195791 -0.842557013
v 0.49284938 0.48271656 -0.847094715
v 0.492863894 0.481315017 -0.848127007
v 0.491864264 0.480734468 -0.849428475
v 0.490436077 0.481315017 -0.850236773
v 0.489415914 0.48271656 -0.850078404
v 0.48940137 0.484118104 -0.849046111
v 0.490401 0.484698623 -0.847744644
v 0.491829216 0.484118104 -0.846936345
v 0.497342855 0.485050768 -0.854119062
v 0.49649322 0.485231459 -0.855627596
v 0.495319754 0.486355126 -0.856252432
v 0.494509816 0.487763554 -0.855627596
v 0.49453786 0.488631696 -0.854119062
v 0.495387465 0.488451034 -0.852610528
v 0.496560961 0.487327367 -0.851985633
v 0.497370899 0.485918909 -0.852610528
v 0.505730629 0.491297573 -0.854919374
v 0.50581342 0.49210605 -0.856458724
v 0.505199611 0.493605018 -0.857096374
v 0.504248857 0.49491635 -0.856458724
v 0.503518105 0.495271951 -0.854919374
v 0.503435373 0.494463444 -0.853380024
v 0.504049122 0.492964506 -0.852742374
v 0.504999876 0.491653144 -0.853380024
v 0.511134267 0.495903879 -0.846485376
v 0.511622667 0.494307399 -0.846978247
v 0.51246053 0.493646115 -0.848353267
v 0.513157189 0.494307399 -0.849805057
v 0.513304412 0.495903879 -0.85048306
v 0.512816012 0.49750033 -0.849990249
v 0.511978149 0.498161614 -0.84861517
v 0.51128149 0.49750033 -0.847163439
v 0.519693971 0.495355725 -0.844519794
v 0.519719958 0.493748426 -0.845187664
v 0.519673407 0.493082672 -0.84679538
v 0.519581676 0.493748426 -0.848401129
v 0.519498467 0.495355725 -0.849064291
v 0.519472539 0.496963024 -0.84839642
v 0.519519031 0.497628778 -0.846788704
v 0.519610763 0.496963024 -0.845182955
v 0.52818656 0.496423274 -0.846977353
v 0.528152227 0.494825125 -0.847666442
v 0.527727544 0.494163126 -0.849219322
v 0.527161241 0.494825125 -0.850726426
v 0.526785016 0.496423274 -0.85130477
v 0.526819348 0.498021424 -0.85061568
v 0.527244031 0.498683393 -0.849062741
v 0.527810395 0.498021424 -0.847555697
v 0.536602318 0.49721849 -0.849992692
v 0.536653578 0.495688707 -0.850821733
v 0.535946369 0.49505505 -0.852280676
v 0.534895062 0.495688707 -0.85351491
v 0.534115493 0.49721849 -0.853801489
v 0.534064233 0.498748273 -0.852972448
v 0.534771383 0.49938193 -0.851513505
v 0.53582269 0.498748273 -0.850279272
v 0.541865587 0.501327932 -0.855917275
v 0.541880131 0.499926418 -0.856949568
v 0.540880501 0.499345869 -0.858251095
v 0.539452255 0.499926418 -0.859059334
v 0.538432121 0.501327932 -0.858900964
v 0.538417578 0.502729475 -0.857868671
v 0.539417207 0.503310025 -0.856567204
v 0.540845394 0.502729475 -0.855758905
v 0.546655536 0.505437374 -0.861429334
v 0.546670079 0.50403583 -0.862461627
v 0.54567045 0.503455281 -0.863763094
v 0.544242203 0.50403583 -0.864571393
v 0.54322207 0.505437374 -0.864413023
v 0.543207526 0.506838918 -0.86338073
v 0.544207156 0.507419467 -0.862079263
v 0.545635343 0.506838918 -0.861270964
v 0.549728751 0.507789612 -0.86987716
v 0.548243582 0.50869602 -0.869930983
v 0.547628403 0.510100782 -0.869107425
v 0.548243582 0.511181116 -0.867888927
v 0.549728751 0.51130408 -0.866989315
v 0.55121392 0.510397673 -0.866935551
v 0.55182904 0.508992851 -0.867759049
v 0.55121392 0.507912576 -0.868977547
v 0.550866604 0.512803614 -0.875464797
v 0.549277008 0.513462424 -0.875201404
v 0.548618615 0.514726639 -0.874202251
v 0.549277008 0.51585573 -0.873052537
v 0.550866604 0.516188264 -0.872425795
v 0.5524562 0.515529454 -0.872689188
v 0.553114593 0.514265239 -0.8736884
v 0.5524562 0.513136148 -0.874838054
v 0.552004457 0.517815769 -0.881044269
v 0.550402641 0.518193007 -0.880476832
v 0.549739122 0.519303679 -0.879312217
v 0.550402641 0.520497143 -0.878232598
v 0.552004457 0.521074295 -0.87787044
v 0.553606272 0.520697057 -0.878437877
v 0.554269791 0.519586384 -0.879602492
v 0.553606272 0.51839298 -0.880682111
v 0.549490213 0.523665428 -0.886616528
v 0.547956109 0.523775339 -0.885801315
v 0.547320664 0.524739563 -0.884498835
v 0.547956109 0.525993347 -0.883471966
v 0.549490213 0.526802182 -0.883322299
v 0.551024318 0.526692271 -0.884137511
v 0.551659822 0.525727987 -0.885439992
v 0.551024318 0.524474263 -0.886466861
v 0.548635721 0.531022549 -0.892036498
v 0.547549665 0.529674768 -0.892221332
v 0.546127558 0.529116511 -0.891386986
v 0.545202494 0.529674768 -0.890022159
v 0.545316279 0.531022549 -0.888926446
v 0.546402335 0.532370329 -0.888741553
v 0.547824442 0.532928586 -0.889575958
v 0.548749506 0.532370329 -0.890940726
v 0.541837871 0.534095228 -0.896463215
v 0.541222215 0.532498419 -0.896144986
v 0.539998293 0.531836987 -0.895098746
v 0.538882971 0.532498419 -0.893937349
v 0.538529694 0.534095228 -0.893341124
v 0.53914535 0.535692036 -0.893659353
v 0.540369272 0.536353469 -0.894705594
v 0.541484535 0.535692036 -0.89586699
v 0.534940183 0.533428788 -0.9065395
v 0.534157932 0.531876624 -0.906444967
v 0.532801092 0.531233668 -0.905564189
v 0.531664491 0.531876624 -0.904413164
v 0.531413913 0.533428788 -0.903666139
v 0.532196164 0.534981012 -0.903760672
v 0.533553004 0.535623908 -0.904641449
v 0.534689605 0.534981012 -0.905792475
v 0.528622806 0.541333497 -0.911109686
v 0.528741121 0.540244401 -0.912462413
v 0.527826071 0.538873672 -0.913022757
v 0.526413739 0.538024247 -0.912462413
v 0.525331438 0.538193762 -0.911109686
v 0.525213122 0.539282858 -0.909756899
v 0.526128173 0.540653586 -0.909196556
v 0.527540505 0.541503012 -0.909756899
v 0.522252977 0.548154712 -0.916636288
v 0.522370338 0.547188461 -0.918079495
v 0.521564603 0.545765996 -0.91867727
v 0.52030772 0.544720471 -0.918079495
v 0.519336045 0.544664383 -0.916636288
v 0.519218683 0.545630634 -0.915193141
v 0.520024419 0.547053158 -0.914595366
v 0.521281302 0.548098683 -0.915193141
v 0.515235364 0.552510262 -0.919399619
v 0.515335858 0.551665604 -0.920918345
v 0.51467818 0.550181746 -0.921547413
v 0.513647437 0.548927903 -0.920918345
v 0.512847543 0.548638582 -0.919399619
v 0.512747049 0.54948324 -0.917880833
v 0.513404727 0.550967097 -0.917251766
v 0.51443547 0.552220881 -0.917880833
v 0.508482277 0.556675076 -0.92216289
v 0.50858283 0.555830419 -0.923681676
v 0.507925093 0.554346561 -0.924310744
v 0.50689441 0.553092778 -0.923681676
v 0.506094515 0.552803457 -0.92216289
v 0.505993962 0.553648114 -0.920644164
v 0.5066517 0.555131972 -0.920015097
v 0.507682383 0.556385756 -0.920644164
v 0.502660215 0.558904111 -0.925737262
v 0.502209723 0.557369828 -0.925049484
v 0.500778377 0.556734264 -0.924289465
v 0.499204725 0.557369828 -0.923902512
v 0.498410493 0.558904111 -0.924115181
v 0.498860985 0.560438454 -0.924802959
v 0.500292301 0.561073959 -0.925562978
v 0.501865983 0.560438454 -0.925949991
v 0.492197424 0.539306164 -0.96093154
v 0.490672767 0.540105939 -0.960675001
v 0.490041196 0.541691244 -0.961018562
v 0.490672767 0.543133438 -0.961761117
v 0.492197424 0.543587685 -0.962467551
v 0.493722111 0.542787969 -0.962724149
v 0.494353652 0.541202605 -0.962380588
v 0.493722111 0.539760411 -0.961638033
v 0.487257659 0.54348743 -0.968902826
v 0.486808002 0.541914701 -0.968307436
v 0.485426098 0.541263282 -0.967473149
v 0.483921379 0.541914701 -0.966888666
v 0.483175337 0.54348743 -0.966896355
v 0.483624965 0.545060158 -0.967491746
v 0.485006899 0.545711637 -0.968326032
v 0.486511588 0.545060158 -0.968910515
v 0.479147166 0.534244597 -0.993318856
v 0.478955299 0.532740653 -0.992463648
v 0.477809399 0.532117665 -0.991310835
v 0.476380646 0.532740653 -0.990535796
v 0.475506037 0.534244597 -0.99059242
v 0.475697875 0.535748601 -0.991447628
v 0.476843774 0.536371589 -0.992600441
v 0.478272527 0.535748601 -0.99337548
v 0.468352139 0.53343451 -0.991212666
v 0.468327105 0.531861603 -0.99046725
v 0.468875617 0.531210124 -0.98894912
v 0.469676286 0.531861603 -0.987547457
v 0.470260143 0.53343451 -0.987083435
v 0.470285147 0.535007358 -0.987828791
v 0.469736665 0.535658836 -0.989346981
v 0.468935966 0.535007358 -0.990748584
v 0.460372031 0.537822068 -0.986401796
v 0.460612267 0.536265731 -0.985659897
v 0.461721331 0.535621107 -0.984483242
v 0.463049531 0.536265731 -0.983561039
v 0.463818848 0.537822068 -0.983433545
v 0.463578582 0.539378345 -0.984175384
v 0.462469518 0.540022969 -0.985352039
v 0.461141318 0.539378345 -0.986274242
v 0.452243418 0.539560795 -0.972819686
v 0.452811301 0.537955642 -0.972457469
v 0.454051286 0.537290812 -0.971432507
v 0.455237001 0.537955642 -0.970345199
v 0.455673873 0.539560795 -0.96983254
v 0.45510599 0.541165888 -0.970194757
v 0.453866005 0.541830778 -0.971219718
v 0.45268029 0.541165888 -0.972306967
v 0.443210334 0.536240757 -0.966389179
v 0.443734676 0.534680545 -0.965822637
v 0.445226848 0.534034252 -0.965201437
v 0.446812779 0.534680545 -0.964889526
v 0.44756344 0.536240757 -0.965069532
v 0.447039098 0.537800968 -0.965636075
v 0.445546895 0.538447201 -0.966257215
v 0.443960994 0.537800968 -0.966569185
v 0.442196727 0.551907659 -0.933058262
v 0.440620065 0.551185846 -0.933210969
v 0.439967006 0.549591422 -0.932962894
v 0.440620065 0.54805845 -0.932459354
v 0.442196727 0.547484815 -0.931995392
v 0.443773359 0.548206627 -0.931842685
v 0.444426447 0.549800992 -0.932090759
v 0.443773359 0.551334023 -0.932594299
v 0.435652792 0.545554817 -0.928463757
v 0.436672956 0.544153273 -0.928622127
v 0.438101172 0.543572783 -0.927813828
v 0.439100802 0.544153273 -0.926512361
v 0.439086288 0.545554817 -0.925480068
v 0.438066125 0.54695636 -0.925321698
v 0.436637908 0.54753691 -0.926129997
v 0.435638279 0.54695636 -0.927431464
v 0.431093812 0.543166876 -0.921416998
v 0.431180239 0.542374194 -0.922964394
v 0.432064563 0.541018724 -0.923605323
v 0.433228761 0.539894462 -0.922964394
v 0.433990896 0.539660037 -0.921416998
v 0.433904469 0.540452719 -0.919869661
v 0.433020145 0.541808188 -0.919228733
v 0.431855947 0.542932391 -0.919869661
v 0.422121376 0.535906136 -0.921926558
v 0.422341317 0.535209715 -0.923506618
v 0.423319221 0.533926964 -0.924161136
v 0.424482197 0.532809258 -0.923506618
v 0.425149024 0.532511353 -0.921926558
v 0.424929053 0.533207774 -0.920346439
v 0.423951179 0.534490585 -0.91969192
v 0.422788203 0.535608292 -0.920346439
v 0.418696374 0.530449271 -0.916097343
v 0.417228729 0.530565441 -0.917026103
v 0.416620791 0.529802561 -0.91846782
v 0.417228729 0.528607547 -0.919577956
v 0.418696374 0.527680397 -0.919706225
v 0.420164049 0.527564228 -0.918777466
v 0.420771986 0.528327107 -0.917335749
v 0.420164049 0.529522121 -0.916225612
v 0.417465478 0.524890244 -0.911934674
v 0.41598925 0.524870694 -0.912856936
v 0.415377766 0.523920834 -0.914181292
v 0.41598925 0.522597134 -0.915132105
v 0.417465478 0.521674931 -0.915152252
v 0.418941706 0.521694481 -0.914230049
v 0.41955319 0.522644281 -0.912905633
v 0.418941706 0.523968041 -0.91195488
v 0.410760075 0.519131184 -0.909274697
v 0.411648601 0.517638385 -0.909385026
v 0.413110018 0.517019987 -0.908669472
v 0.414288282 0.517638385 -0.907547176
v 0.414493144 0.519131184 -0.906675637
v 0.413604647 0.520623982 -0.906565249
v 0.412143201 0.521242321 -0.907280803
v 0.410964966 0.520623982 -0.908403099
v 0.407964885 0.518611789 -0.898801029
v 0.406458139 0.518299282 -0.899614811
v 0.405834019 0.517002642 -0.900594234
v 0.406458139 0.515481412 -0.901165664
v 0.407964885 0.514626741 -0.900994301
v 0.409471631 0.514939249 -0.900180519
v 0.410095721 0.516235888 -0.899201095
v 0.409471631 0.517757118 -0.898629665
v 0.406816185 0.513464808 -0.892998755
v 0.405324548 0.513278067 -0.893876374
v 0.404706687 0.512121856 -0.895021558
v 0.405324548 0.510673463 -0.895763516
v 0.406816185 0.509781361 -0.895667613
v 0.40830785 0.509968102 -0.894789994
v 0.408925712 0.511124313 -0.89364475
v 0.40830785 0.512572706 -0.892902792
v 0.399868965 0.507989109 -0.888672829
v 0.40063116 0.506437004 -0.888873458
v 0.40221709 0.505794108 -0.888554573
v 0.403697729 0.506437004 -0.887903035
v 0.404205739 0.507989109 -0.887300432
v 0.403443545 0.509541154 -0.887099802
v 0.401857615 0.51018405 -0.887418687
v 0.400376976 0.509541154 -0.888070226
v 0.399112374 0.50665468 -0.877526104
v 0.399852127 0.505086243 -0.877677798
v 0.401435912 0.504436612 -0.877362013
v 0.402935952 0.505086243 -0.876763761
v 0.403473586 0.50665468 -0.876233459
v 0.402733833 0.508223057 -0.876081705
v 0.401150048 0.508872688 -0.876397491
v 0.399649978 0.508223057 -0.876995802
v 0.394416898 0.503644466 -0.87027961
v 0.395165086 0.50208199 -0.870450258
v 0.396749645 0.501434803 -0.870133221
v 0.398242325 0.50208199 -0.869514227
v 0.398768783 0.503644466 -0.868955851
v 0.398020595 0.505206883 -0.868785262
v 0.396436036 0.50585407 -0.869102299
v 0.394943357 0.505206883 -0.869721293
v 0.393657088 0.502078295 -0.859591663
v 0.394408911 0.500518501 -0.859770477
v 0.395993859 0.499872416 -0.859453321
v 0.397483528 0.500518501 -0.858825982
v 0.398005277 0.502078295 -0.858255863
v 0.397253484 0.503638089 -0.858077049
v 0.395668507 0.504284143 -0.858394206
v 0.394178838 0.503638089 -0.859021604
v 0.391130865 0.501001418 -0.850808501
v 0.389619678 0.500656426 -0.851600587
v 0.38899371 0.499325514 -0.852531731
v 0.389619678 0.49778831 -0.853056371
v 0.391130865 0.496945262 -0.852867305
v 0.392642021 0.497290254 -0.85207516
v 0.393267989 0.498621196 -0.851144075
v 0.392642021 0.50015837 -0.850619376
v 0.387934715 0.494948119 -0.845585406
v 0.388710797 0.493406832 -0.84581393
v 0.390298128 0.492768377 -0.845493197
v 0.391766906 0.493406832 -0.844811082
v 0.392256707 0.494948119 -0.844167233
v 0.391480625 0.496489435 -0.843938708
v 0.389893293 0.497127861 -0.844259381
v 0.388424516 0.496489435 -0.844941497
v 0.38344118 0.493706405 -0.835696459
v 0.384188086 0.492143035 -0.835864246
v 0.385772496 0.49149546 -0.835547388
v 0.387266308 0.492143035 -0.834931433
v 0.387794435 0.493706405 -0.834377348
v 0.387047529 0.495269775 -0.834209561
v 0.385463119 0.49591735 -0.834526479
v 0.383969337 0.495269775 -0.835142374
v 0.384673715 0.492468327 -0.825958908
v 0.383077055 0.491960377 -0.826430976
v 0.382415712 0.490560502 -0.827226639
v 0.383077055 0.489088744 -0.827879846
v 0.384673715 0.488407254 -0.828007996
v 0.386270344 0.488915235 -0.827535927
v 0.386931717 0.49031508 -0.826740265
v 0.386270344 0.491786838 -0.826087058
v 0.381444335 0.486263841 -0.820933521
v 0.382184386 0.484695643 -0.821085691
v 0.383768141 0.484046042 -0.820769548
v 0.385267824 0.484695643 -0.820170343
v 0.385804981 0.486263841 -0.819639027
v 0.38506493 0.487832069 -0.819486856
v 0.383481205 0.488481641 -0.819802999
v 0.381981492 0.487832069 -0.820402205
v 0.377084523 0.486142308 -0.809399664
v 0.377768517 0.484541595 -0.809394836
v 0.379347205 0.483878553 -0.809081256
v 0.380895764 0.484541595 -0.808642566
v 0.381507128 0.486142308 -0.808335781
v 0.380823135 0.48774299 -0.808340609
v 0.379244447 0.488406032 -0.808654189
v 0.377695888 0.48774299 -0.809092879
v 0.378507674 0.486412644 -0.799130976
v 0.376900345 0.485744625 -0.799150944
v 0.376234591 0.484137356 -0.799091041
v 0.376900345 0.482532382 -0.798986375
v 0.378507674 0.481869876 -0.79889828
v 0.380114973 0.482537925 -0.798878312
v 0.380780756 0.484145194 -0.798938215
v 0.380114973 0.485750139 -0.799042881
v 0.378365576 0.489798397 -0.781651914
v 0.376757473 0.489138365 -0.781559825
v 0.376091361 0.487551332 -0.781299353
v 0.376757473 0.48596701 -0.781023026
v 0.378365576 0.485313445 -0.78089273
v 0.37997368 0.485973477 -0.780984759
v 0.380639791 0.487560511 -0.781245291
v 0.37997368 0.489144832 -0.781521618
v 0.378094673 0.492116868 -0.765509188
v 0.376486808 0.491451412 -0.765463591
v 0.375820786 0.489852965 -0.765286207
v 0.376486808 0.488257825 -0.765080929
v 0.378094673 0.487600446 -0.764968038
v 0.379702538 0.488265872 -0.765013635
v 0.380368531 0.489864349 -0.765191019
v 0.379702538 0.491459489 -0.765396237
v 0.37771526 0.493495852 -0.750785053
v 0.376107842 0.492827863 -0.750792325
v 0.375441998 0.491221637 -0.750709713
v 0.376107842 0.489618063 -0.750585556
v 0.37771526 0.488956541 -0.750492632
v 0.379322708 0.48962453 -0.750485361
v 0.379988521 0.491230756 -0.750567973
v 0.379322708 0.49283433 -0.750692129
v 0.374953449 0.491647243 -0.737579346
v 0.375620216 0.490039259 -0.73757714
v 0.377227247 0.489373237 -0.737514675
v 0.378833205 0.490039259 -0.737428486
v 0.379497319 0.491647243 -0.737369061
v 0.378830552 0.493255198 -0.737371266
v 0.377223521 0.49392125 -0.737433791
v 0.375617564 0.493255198 -0.737519979
v 0.376584649 0.493051082 -0.725953877
v 0.374979615 0.492400289 -0.726128399
v 0.374314785 0.490806699 -0.726348758
v 0.374979615 0.489203781 -0.726485908
v 0.376584649 0.488530517 -0.726459444
v 0.378189683 0.48918131 -0.726284921
v 0.378854513 0.4907749 -0.726064563
v 0.378189683 0.492377818 -0.725927413
v 0.375862598 0.491492122 -0.715638995
v 0.37425822 0.490849704 -0.715847433
v 0.373593688 0.489265889 -0.716130316
v 0.37425822 0.487668455 -0.716322005
v 0.375862598 0.486993164 -0.716310143
v 0.377466947 0.487635583 -0.716101706
v 0.378131509 0.489219397 -0.715818763
v 0.377466947 0.490816832 -0.715627134
v 0.375146866 0.489979535 -0.705354571
v 0.373542756 0.489340454 -0.70557493
v 0.372878313 0.487760723 -0.705880046
v 0.373542756 0.486165702 -0.706091106
v 0.375146866 0.485489726 -0.70608449
v 0.376750976 0.486128807 -0.705864131
v 0.377415419 0.487708539 -0.705559015
v 0.376750976 0.489303559 -0.705347955
v 0.374401987 0.488191754 -0.695362926
v 0.372799128 0.487570554 -0.695636928
v 0.372135192 0.486013323 -0.696042418
v 0.372799128 0.48443228 -0.696341813
v 0.374401987 0.483753592 -0.696359754
v 0.376004845 0.484374762 -0.696085751
v 0.376668781 0.485931993 -0.695680261
v 0.376004845 0.487513036 -0.695380867
v 0.373576283 0.485673904 -0.686241448
v 0.371976256 0.485100299 -0.686617017
v 0.371313512 0.483607054 -0.687217951
v 0.371976256 0.482068896 -0.687692165
v 0.373576283 0.48138684 -0.687761962
v 0.375176281 0.481960416 -0.687386394
v 0.375839055 0.483453691 -0.686785519
v 0.375176281 0.484991848 -0.686311245
v 0.372639507 0.482401341 -0.679875612
v 0.371038646 0.481772333 -0.679607809
v 0.370375544 0.480200022 -0.67926389
v 0.371038646 0.478605419 -0.679045439
v 0.372639507 0.477922678 -0.679080307
v 0.374240369 0.478551686 -0.679348171
v 0.37490347 0.480123997 -0.67969203
v 0.374240369 0.48171857 -0.679910481
v 0.376919329 0.491831005 -0.653245866
v 0.37531817 0.491217107 -0.652946651
v 0.374654949 0.489666045 -0.65251714
v 0.37531817 0.488086402 -0.652208924
v 0.376919329 0.487403512 -0.652202547
v 0.378520519 0.48801738 -0.652501762
v 0.379183739 0.489568442 -0.652931273
v 0.378520519 0.491148084 -0.653239489
v 0.376337379 0.491369069 -0.640521228
v 0.37473613 0.490773201 -0.640854537
v 0.37407288 0.489249319 -0.641372263
v 0.37473613 0.487690091 -0.641771078
v 0.376337379 0.487008899 -0.641817391
v 0.377938628 0.487604767 -0.641484082
v 0.378601879 0.489128649 -0.640966356
v 0.377938628 0.490687877 -0.640567541
v 0.375248104 0.486256987 -0.634118259
v 0.373646766 0.485653013 -0.63443619
v 0.372983485 0.484387517 -0.635430515
v 0.373646766 0.483201861 -0.636518836
v 0.375248104 0.48279056 -0.637063563
v 0.376849413 0.483394563 -0.636745632
v 0.377512723 0.484660059 -0.635751247
v 0.376849413 0.485845715 -0.634662986
v 0.377749741 0.481600285 -0.629272699
v 0.37615025 0.480917424 -0.629199088
v 0.375487715 0.479315042 -0.62935257
v 0.37615025 0.477731794 -0.629643261
v 0.377749741 0.477095127 -0.629900873
v 0.379349232 0.477777988 -0.629974544
v 0.380011767 0.479380369 -0.629821062
v 0.379349232 0.480963618 -0.62953037
v 0.377481341 0.483837128 -0.614663363
v 0.375873685 0.483170122 -0.614638567
v 0.375207752 0.481568187 -0.614495456
v 0.375873685 0.47996971 -0.614317834
v 0.377481341 0.479311049 -0.614209771
v 0.379089028 0.479978055 -0.614234567
v 0.379754961 0.481579989 -0.614377677
v 0.379089028 0.483178467 -0.614555299
v 0.377018869 0.484376609 -0.602098227
v 0.375417948 0.483754396 -0.601815283
v 0.374754816 0.482191145 -0.601432323
v 0.375417948 0.480602562 -0.601173759
v 0.377018869 0.479919255 -0.601190984
v 0.37861976 0.480541468 -0.601473987
v 0.379282892 0.482104719 -0.601856887
v 0.37861976 0.483693302 -0.602115452
v 0.3808842 0.490901947 -0.580009997
v 0.379283458 0.490276098 -0.579734325
v 0.378620386 0.488707751 -0.579372704
v 0.379283458 0.487115622 -0.579136968
v 0.3808842 0.486432344 -0.57916528
v 0.382484972 0.487058163 -0.579440951
v 0.383148044 0.48862651 -0.579802573
v 0.382484972 0.490218669 -0.580038309
v 0.378062785 0.488520324 -0.568035364
v 0.378729165 0.486912251 -0.568024218
v 0.380335987 0.486246139 -0.567956865
v 0.381942034 0.486912251 -0.567872763
v 0.382606477 0.488520324 -0.567821205
v 0.381940126 0.490128428 -0.567832351
v 0.380333304 0.490794539 -0.567899704
v 0.378727257 0.490128428 -0.567983806
v 0.387231648 0.523502827 -0.510483265
v 0.385623902 0.522836745 -0.510443509
v 0.384957939 0.521237731 -0.510270596
v 0.385623902 0.519642532 -0.510065734
v 0.387231648 0.518985569 -0.509948969
v 0.388839394 0.519651651 -0.509988725
v 0.389505357 0.521250665 -0.510161698
v 0.388839394 0.522845864 -0.510366499
v 0.384683996 0.522880197 -0.496912807
v 0.385360569 0.521276772 -0.4968777
v 0.386936456 0.520612597 -0.496552676
v 0.388488472 0.521276772 -0.496128201
v 0.389107525 0.522880197 -0.495852858
v 0.388430923 0.524483681 -0.495887995
v 0.386855066 0.525147855 -0.496212989
v 0.38530302 0.524483681 -0.496637493
v 0.380246937 0.519665301 -0.490826696
v 0.380930096 0.51806432 -0.490814298
v 0.3825064 0.517401159 -0.490489274
v 0.384052426 0.51806432 -0.490041971
v 0.384662598 0.519665301 -0.489734411
v 0.38397944 0.521266341 -0.489746779
v 0.382403135 0.521929502 -0.490071833
v 0.38085708 0.521266341 -0.490519136
v 0.382094502 0.523239315 -0.477247536
v 0.380486697 0.52257359 -0.477203608
v 0.379820734 0.520975292 -0.477024704
v 0.380486697 0.519380629 -0.476815611
v 0.382094502 0.518723786 -0.476698816
v 0.383702308 0.51938951 -0.476742715
v 0.384368271 0.520987809 -0.476921618
v 0.383702308 0.522582471 -0.477130711
v 0.379602551 0.523009062 -0.463261575
v 0.380266428 0.521402061 -0.463177651
v 0.381841391 0.520736456 -0.462851226
v 0.383404851 0.521402061 -0.462473541
v 0.384040952 0.523009062 -0.462265819
v 0.383377075 0.524616003 -0.462349772
v 0.381802112 0.525281668 -0.462676197
v 0.380238652 0.524616003 -0.463053882
v 0.375276089 0.520143807 -0.456936181
v 0.37602675 0.518582404 -0.457105547
v 0.377609521 0.517935693 -0.456778884
v 0.379097223 0.518582404 -0.456147522
v 0.379618376 0.520143807 -0.455581307
v 0.378867686 0.52170521 -0.455411911
v 0.377284944 0.52235198 -0.455738604
v 0.375797242 0.52170521 -0.456369966
v 0.376784384 0.521085858 -0.446951389
v 0.3751764 0.520422757 -0.446881801
v 0.374510348 0.518830121 -0.446658403
v 0.3751764 0.517240822 -0.446412086
v 0.376784384 0.516585886 -0.446287125
v 0.378392339 0.517248988 -0.446356714
v 0.379058391 0.518841684 -0.446580082
v 0.378392339 0.520430982 -0.446826428
v 0.376948804 0.526508212 -0.42857033
v 0.375340641 0.525872588 -0.428370386
v 0.374674529 0.524330735 -0.427913219
v 0.375340641 0.522785723 -0.427466631
v 0.376948804 0.522142708 -0.427292228
v 0.378556967 0.522778273 -0.427492172
v 0.379223108 0.524320126 -0.427949339
v 0.378556967 0.525865138 -0.428395927
v 0.37710458 0.531948686 -0.409875244
v 0.37551108 0.531255007 -0.409973741
v 0.374851048 0.529655516 -0.40978384
v 0.37551108 0.528087199 -0.409416765
v 0.37710458 0.527468681 -0.409087539
v 0.378698081 0.52816236 -0.408989042
v 0.379358113 0.529761851 -0.409178942
v 0.378698081 0.531330228 -0.409546018
v 0.371025205 0.529253364 -0.400896847
v 0.371717244 0.527659297 -0.40079698
v 0.373202324 0.526998937 -0.400173515
v 0.374610454 0.527659297 -0.399391711
v 0.375116825 0.529253364 -0.398909509
v 0.374424785 0.53084749 -0.399009407
v 0.372939706 0.53150779 -0.399632841
v 0.371531546 0.53084749 -0.400414675
v 0.366926402 0.527189314 -0.393698812
v 0.36775142 0.525657594 -0.393756241
v 0.369218528 0.525023162 -0.393066883
v 0.370468289 0.525657594 -0.39203459
v 0.370768636 0.527189314 -0.391264051
v 0.369943619 0.528721035 -0.391206622
v 0.36847651 0.529355526 -0.39189595
v 0.36722675 0.528721035 -0.392928243
v 0.362840474 0.524132133 -0.387934685
v 0.363404483 0.522527874 -0.387562782
v 0.364612579 0.521863341 -0.38650021
v 0.365757078 0.522527874 -0.38536942
v 0.366167516 0.524132133 -0.38483277
v 0.365603507 0.525736392 -0.385204673
v 0.36439541 0.526400924 -0.386267245
v 0.363250911 0.525736392 -0.387398064
v 0.356183857 0.526026666 -0.382182896
v 0.356663078 0.524421453 -0.381709874
v 0.357663035 0.523756564 -0.380449682
v 0.358597994 0.524421453 -0.379140526
v 0.358920246 0.526026666 -0.378549278
v 0.358441055 0.527631938 -0.3790223
v 0.357441068 0.528296828 -0.380282521
v 0.356506139 0.527631938 -0.381591678
v 0.348716676 0.523001015 -0.377296567
v 0.349330723 0.521431744 -0.376860052
v 0.350184679 0.520781755 -0.375489503
v 0.350778311 0.521431744 -0.373987764
v 0.350763857 0.523001015 -0.37323454
v 0.35014981 0.524570286 -0.373671025
v 0.349295855 0.525220275 -0.375041574
v 0.348702252 0.524570286 -0.376543313
v 0.342050731 0.522234619 -0.374994248
v 0.342080653 0.52062881 -0.374322891
v 0.342327416 0.519963682 -0.372733295
v 0.34264642 0.52062881 -0.371156603
v 0.342850834 0.522234619 -0.370516419
v 0.342820883 0.523840368 -0.371187776
v 0.342574149 0.524505496 -0.372777373
v 0.342255145 0.523840368 -0.374354064
v 0.335285455 0.523788571 -0.374993116
v 0.335313916 0.522183001 -0.374321222
v 0.335563749 0.521517932 -0.372732073
v 0.335888594 0.522183001 -0.371156543
v 0.336098164 0.523788571 -0.370517552
v 0.336069673 0.525394142 -0.371189415
v 0.33581984 0.52605921 -0.372778594
v 0.335495025 0.525394142 -0.374354124
v 0.328186244 0.523052692 -0.37246871
v 0.3282592 0.521444499 -0.371806502
v 0.328418374 0.520778358 -0.370206177
v 0.328570515 0.521444499 -0.368605167
v 0.328626513 0.523052692 -0.36794132
v 0.328553557 0.524660885 -0.368603528
v 0.328394383 0.525327027 -0.370203853
v 0.328242242 0.524660885 -0.371804863
v 0.32111159 0.523713171 -0.373614699
v 0.321140051 0.522107601 -0.372942835
v 0.321389884 0.521442533 -0.371353686
v 0.321714729 0.522107601 -0.369778156
v 0.321924299 0.523713171 -0.369139165
v 0.321895808 0.525318742 -0.369811028
v 0.321645975 0.52598381 -0.371400177
v 0.32132113 0.525318742 -0.372975737
v 0.313786238 0.523870766 -0.369855016
v 0.313777506 0.522273064 -0.369164139
v 0.314111143 0.521611214 -0.367589086
v 0.314591706 0.522273064 -0.366052449
v 0.314937711 0.523870766 -0.365454406
v 0.314946443 0.525468528 -0.366145283
v 0.314612776 0.526130319 -0.367720336
v 0.314132214 0.525468528 -0.369256973
v 0.307199985 0.525364637 -0.36997354
v 0.307231367 0.52375865 -0.36930269
v 0.30747512 0.523093462 -0.367712647
v 0.307788461 0.52375865 -0.366134852
v 0.307987869 0.525364637 -0.365493566
v 0.307956487 0.526970565 -0.366164416
v 0.307712734 0.527635813 -0.367754459
v 0.307399392 0.526970565 -0.369332254
v 0.300075412 0.524628699 -0.367445588
v 0.300145268 0.523020506 -0.366783112
v 0.300310642 0.522354364 -0.365183413
v 0.300474614 0.523020506 -0.363583565
v 0.300541192 0.524628699 -0.362920761
v 0.300471336 0.526236951 -0.363583237
v 0.300305992 0.526903093 -0.365182936
v 0.30014199 0.526236951 -0.366782784
v 0.293777227 0.527595878 -0.366274387
v 0.293810844 0.526915908 -0.36787647
v 0.293614626 0.525318623 -0.368540078
v 0.293303519 0.523739755 -0.36787647
v 0.293059796 0.523104072 -0.366274387
v 0.293026179 0.523784041 -0.364672303
v 0.293222398 0.525381267 -0.364008695
v 0.293533504 0.526960194 -0.364672303
v 0.287061304 0.529046953 -0.366396278
v 0.287021726 0.528376639 -0.368002266
v 0.286759794 0.526789486 -0.368667513
v 0.286428928 0.525215268 -0.368002266
v 0.286222965 0.524576128 -0.366396278
v 0.286262542 0.525246501 -0.364790291
v 0.286524475 0.526833653 -0.364125073
v 0.28685534 0.528407812 -0.364790291
v 0.280239224 0.530135214 -0.367004424
v 0.280181229 0.529467821 -0.368611097
v 0.279902756 0.527883649 -0.369276613
v 0.279566973 0.526310623 -0.368611097
v 0.279370517 0.525670171 -0.367004424
v 0.279428512 0.526337504 -0.365397751
v 0.279706985 0.527921736 -0.364732236
v 0.280042768 0.529494762 -0.365397751
v 0.273551375 0.531674147 -0.367004424
v 0.273402095 0.531024933 -0.368612647
v 0.273041755 0.529457629 -0.369278789
v 0.272681415 0.527890265 -0.368612647
v 0.272532135 0.527241051 -0.367004424
v 0.272681415 0.527890265 -0.365396202
v 0.273041755 0.529457629 -0.36473006
v 0.273402095 0.531024933 -0.365396202
v 0.265598029 0.531012535 -0.36917457
v 0.265569299 0.529422164 -0.36846742
v 0.265956104 0.528763413 -0.366903275
v 0.266531825 0.529422164 -0.365398377
v 0.26695925 0.531012535 -0.364834279
v 0.266987979 0.532602906 -0.365541428
v 0.266601175 0.533261657 -0.367105573
v 0.266025424 0.532602906 -0.368610471
v 0.258541286 0.53163439 -0.364840299
v 0.258512646 0.530044019 -0.364133149
v 0.258899599 0.529385269 -0.362569034
v 0.25947544 0.530044019 -0.361064196
v 0.259902865 0.53163439 -0.360500127
v 0.259931505 0.533224761 -0.361207247
v 0.259544551 0.533883512 -0.362771362
v 0.258968711 0.533224761 -0.36427623
v 0.252972454 0.535404921 -0.362670213
v 0.252823204 0.534755707 -0.364278436
v 0.252462864 0.533188403 -0.364944577
v 0.252102494 0.531621039 -0.364278436
v 0.251953244 0.530971885 -0.362670213
v 0.252102494 0.531621039 -0.36106199
v 0.252462864 0.533188403 -0.360395849
v 0.252823204 0.534755707 -0.36106199
v 0.246213242 0.536958992 -0.362670213
v 0.246063977 0.536309779 -0.364278436
v 0.245703623 0.534742415 -0.364944577
v 0.245343283 0.533175111 -0.364278436
v 0.245194018 0.532525897 -0.362670213
v 0.245343283 0.533175111 -0.36106199
v 0.245703623 0.534742415 -0.360395849
v 0.246063977 0.536309779 -0.36106199
v 0.239454016 0.538513005 -0.362670213
v 0.239304751 0.537863791 -0.364278436
v 0.238944396 0.536296427 -0.364944577
v 0.238584056 0.534729123 -0.364278436
v 0.238434792 0.534079909 -0.362670213
v 0.238584056 0.534729123 -0.36106199
v 0.238944396 0.536296427 -0.360395849
v 0.239304751 0.537863791 -0.36106199
v 0.232702255 0.540065289 -0.362670213
v 0.232543975 0.539418161 -0.364278406
v 0.232175499 0.537852764 -0.364944547
v 0.231812701 0.536285996 -0.364278406
v 0.2316681 0.53563565 -0.362670213
v 0.23182638 0.536282778 -0.36106199
v 0.232194856 0.537848234 -0.360395849
v 0.232557654 0.539415002 -0.36106199
v 0.225958005 0.541663826 -0.362609625
v 0.225792021 0.541018605 -0.364217788
v 0.225416616 0.539454758 -0.3648839
v 0.225051731 0.537888467 -0.364217788
v 0.224911094 0.537237227 -0.362609625
v 0.225077078 0.537882507 -0.361001432
v 0.225452483 0.539446294 -0.36033532
v 0.225817367 0.541012585 -0.361001432
v 0.219198912 0.543258905 -0.362557799
v 0.219041929 0.54261148 -0.364166021
v 0.218674645 0.541045785 -0.364832163
v 0.218312204 0.539478898 -0.364166021
v 0.218166918 0.53882879 -0.362557799
v 0.218323901 0.539476216 -0.360949606
v 0.218691185 0.541041911 -0.360283464
v 0.219053626 0.542608798 -0.360949606
v 0.212433547 0.544814348 -0.362557799
v 0.212284282 0.544165134 -0.364166021
v 0.211923942 0.54259783 -0.364832193
v 0.211563587 0.541030467 -0.364166021
v 0.211414322 0.540381253 -0.362557799
v 0.211563587 0.541030467 -0.360949576
v 0.211923942 0.54259783 -0.360283434
v 0.212284282 0.544165134 -0.360949576
v 0.205670789 0.546369195 -0.362557799
v 0.205526099 0.545718968 -0.364166021
v 0.205169857 0.544150651 -0.364832163
v 0.204810753 0.542583048 -0.364166021
v 0.204659134 0.541934371 -0.362557799
v 0.204803824 0.542584658 -0.360949576
v 0.205160066 0.544152915 -0.360283434
v 0.20551917 0.545720518 -0.360949576
v 0.199365079 0.545682549 -0.364648551
v 0.198840454 0.544096768 -0.364158541
v 0.19805862 0.543439865 -0.362748802
v 0.197477549 0.544096768 -0.361245126
v 0.197437644 0.545682549 -0.36052835
v 0.197962269 0.547268331 -0.36101836
v 0.198744118 0.547925234 -0.362428099
v 0.199325174 0.547268331 -0.363931775
v 0.192557186 0.546679676 -0.370966673
v 0.192032427 0.545093954 -0.370476604
v 0.191251054 0.54443711 -0.369066596
v 0.190670803 0.545093954 -0.367562592
v 0.190631568 0.546679676 -0.366845638
v 0.191156328 0.548265398 -0.367335707
v 0.1919377 0.548922241 -0.368745744
v 0.192517951 0.548265398 -0.370249748
v 0.185329139 0.550432444 -0.368933201
v 0.185183987 0.549782336 -0.370541424
v 0.184827343 0.548214138 -0.371207565
v 0.184468105 0.546646535 -0.370541424
v 0.18431671 0.545997798 -0.368933201
v 0.184461862 0.546647966 -0.367324978
v 0.184818521 0.548216164 -0.366658837
v 0.185177758 0.549783707 -0.367324978
v 0.178550467 0.551990449 -0.368933767
v 0.178418949 0.551337242 -0.37054193
v 0.178074539 0.549766362 -0.371208072
v 0.177718967 0.548197925 -0.37054193
v 0.177560553 0.547550738 -0.368933767
v 0.177692071 0.548203886 -0.367325604
v 0.178036481 0.549774826 -0.366659492
v 0.178392053 0.551343262 -0.367325604
v 0.171738803 0.553462565 -0.369052202
v 0.171638206 0.55280298 -0.370659977
v 0.171321556 0.551226139 -0.37132594
v 0.170974314 0.549655795 -0.370659977
v 0.170799896 0.549011767 -0.369052202
v 0.170900479 0.549671352 -0.367444426
v 0.171217144 0.551248193 -0.366778433
v 0.171564385 0.552818537 -0.367444426
v 0.164908558 0.554868162 -0.369259596
v 0.164843425 0.55420202 -0.370866507
v 0.16455856 0.55261904 -0.371532112
v 0.16422084 0.551046431 -0.370866507
v 0.164028093 0.550405443 -0.369259596
v 0.164093226 0.551071584 -0.367652714
v 0.164378092 0.552654624 -0.366987109
v 0.164715812 0.554227233 -0.367652714
v 0.15810822 0.556151867 -0.369614333
v 0.158011958 0.555491447 -0.371222019
v 0.157699168 0.553913832 -0.371887952
v 0.157353088 0.55234319 -0.371222019
v 0.157176435 0.551699579 -0.369614333
v 0.157272711 0.552359998 -0.368006617
v 0.157585502 0.553937614 -0.367340684
v 0.157931581 0.555508256 -0.368006617
v 0.151383132 0.557698488 -0.369614333
v 0.151233867 0.557049274 -0.371222556
v 0.150873512 0.55548197 -0.371888697
v 0.150513172 0.553914607 -0.371222556
v 0.150363907 0.553265393 -0.369614333
v 0.150513172 0.553914607 -0.36800611
v 0.150873512 0.55548197 -0.367339939
v 0.151233867 0.557049274 -0.36800611
v 0.143543124 0.557038188 -0.371818274
v 0.143538803 0.555439413 -0.371129721
v 0.143865988 0.554777205 -0.369553506
v 0.144333005 0.555439413 -0.368012875
v 0.144666284 0.557038188 -0.367410362
v 0.144670591 0.558636963 -0.368098915
v 0.144343406 0.559299171 -0.36967513
v 0.143876404 0.558636963 -0.371215761
v 0.13641502 0.557044446 -0.368277252
v 0.136410758 0.555445671 -0.367588729
v 0.136738017 0.554783404 -0.366012484
v 0.137205079 0.555445671 -0.364471883
v 0.137538344 0.557044446 -0.363869369
v 0.137542605 0.558643162 -0.364557922
v 0.137215346 0.559305429 -0.366134137
v 0.136748284 0.558643162 -0.367674738
v 0.130719632 0.560816705 -0.36607331
v 0.130570367 0.560167491 -0.367681533
v 0.130210027 0.558600128 -0.368347675
v 0.129849672 0.557032824 -0.367681533
v 0.129700407 0.55638361 -0.36607331
v 0.129849672 0.557032824 -0.364465088
v 0.130210027 0.558600128 -0.363798946
v 0.130570367 0.560167491 -0.364465088
v 0.123833619 0.562396526 -0.36607331
v 0.123828888 0.561721206 -0.367677689
v 0.123598322 0.560128927 -0.368342251
v 0.123276986 0.558552444 -0.367677689
v 0.123053104 0.55791527 -0.36607331
v 0.123057835 0.558590591 -0.364468932
v 0.123288408 0.560182869 -0.3638044
v 0.123609744 0.561759353 -0.364468932
v 0.116810344 0.560986996 -0.369291574
v 0.116528369 0.559390604 -0.36865744
v 0.116233423 0.558729351 -0.36707443
v 0.116098277 0.559390604 -0.365469873
v 0.116202094 0.560986996 -0.364783674
v 0.116484068 0.562583387 -0.365417808
v 0.116779014 0.563244641 -0.367000818
v 0.116914168 0.562583387 -0.368605375
v 0.109972581 0.564101517 -0.367944539
v 0.109959148 0.563427329 -0.369549364
v 0.109720767 0.561836302 -0.370214105
v 0.109397069 0.560260415 -0.369549364
v 0.109177686 0.559622765 -0.367944539
v 0.109191112 0.560296953 -0.366339713
v 0.109429501 0.56188798 -0.365674973
v 0.109753191 0.563463867 -0.366339713
v 0.103313997 0.565635383 -0.367944539
v 0.103164732 0.564986169 -0.369552761
v 0.102804385 0.563418806 -0.370218903
v 0.102444038 0.561851501 -0.369552761
v 0.102294773 0.561202288 -0.367944539
v 0.102444038 0.561851501 -0.366336316
v 0.102804385 0.563418806 -0.365670174
v 0.103164732 0.564986169 -0.366336316
v 0.0957732499 0.5649755 -0.370203972
v 0.0958346426 0.563367367 -0.369540483
v 0.0960126072 0.562701225 -0.367942125
v 0.0962028876 0.563367367 -0.366345167
v 0.0962940305 0.5649755 -0.365685135
v 0.0962326378 0.566583633 -0.366348594
v 0.0960546732 0.567249775 -0.367946953
v 0.0958643854 0.566583633 -0.36954391
v 0.0883655548 0.56355226 -0.368569136
v 0.088440761 0.561944127 -0.367907017
v 0.0885891467 0.561277986 -0.366305649
v 0.0887237787 0.561944127 -0.364703059
v 0.0887658 0.56355226 -0.36403802
v 0.0886905938 0.565160394 -0.364700109
v 0.0885422155 0.565826476 -0.366301507
v 0.0884075761 0.565160394 -0.367904097
v 0.0821851417 0.567053437 -0.366680354
v 0.082092151 0.566392362 -0.368287981
v 0.0817823857 0.56481415 -0.368953884
v 0.0814372897 0.56324327 -0.368287981
v 0.0812590197 0.562599957 -0.366680354
v 0.0813520104 0.563261032 -0.365072727
v 0.0816617832 0.564839244 -0.364406824
v 0.0820068792 0.566410065 -0.365072727
v 0.0754581243 0.568600535 -0.366680354
v 0.0753088593 0.567951322 -0.368288577
v 0.074948512 0.566384017 -0.368954718
v 0.0745881647 0.564816654 -0.368288577
v 0.0744389072 0.56416744 -0.366680354
v 0.0745881647 0.564816654 -0.365072131
v 0.074948512 0.566384017 -0.36440599
v 0.0753088593 0.567951322 -0.365072131
v 0.0685306713 0.570187688 -0.366680354
v 0.0685673952 0.56950748 -0.368282229
v 0.0683742315 0.567909777 -0.368945748
v 0.0680643246 0.566330612 -0.368282229
v 0.0678192228 0.565694928 -0.366680354
v 0.0677824989 0.566375196 -0.365078479
v 0.0679756626 0.567972898 -0.36441496
v 0.0682855695 0.569552064 -0.365078479
v 0.0610348731 0.570838571 -0.367923766
v 0.0610269569 0.570170939 -0.369531393
v 0.0610966273 0.568564117 -0.370197266
v 0.06120307 0.566959321 -0.369531393
v 0.0612839349 0.566296637 -0.367923766
v 0.0612918511 0.566964209 -0.36631617
v 0.0612221844 0.568571031 -0.365650266
v 0.061115738 0.570175827 -0.36631617
v 0.0535760447 0.56941843 -0.366278768
v 0.0535368808 0.568749964 -0.36788556
v 0.0535789505 0.56714201 -0.368551105
v 0.0536776148 0.565536559 -0.36788556
v 0.0537750721 0.564874053 -0.366278768
v 0.0538142398 0.565542579 -0.364672005
v 0.0537721701 0.567150474 -0.36400646
v 0.0536735058 0.568755925 -0.364672005
v 0.0473138317 0.570121765 -0.367307514
v 0.0470305197 0.569509745 -0.36891228
v 0.0465490483 0.567974687 -0.36957702
v 0.0461514592 0.566415727 -0.36891228
v 0.0460706502 0.565746188 -0.367307514
v 0.0463539585 0.566358209 -0.365702748
v 0.04683543 0.567893267 -0.365038007
v 0.0472330227 0.569452226 -0.365702748
v 0.0408123434 0.573162258 -0.365366936
v 0.0406630784 0.572513044 -0.366975158
v 0.0403027311 0.57094574 -0.3676413
v 0.0399423838 0.569378376 -0.366975158
v 0.0397931226 0.568729162 -0.365366936
v 0.0399423838 0.569378376 -0.363758713
v 0.0403027311 0.57094574 -0.363092571
v 0.0406630784 0.572513044 -0.363758713
v 0.0329595357 0.573319733 -0.367307514
v 0.0330113918 0.572655559 -0.368915737
v 0.0331334174 0.571052015 -0.369581878
v 0.0332541279 0.569448292 -0.368915737
v 0.0333028138 0.568783939 -0.367307514
v 0.033250954 0.569448054 -0.365699291
v 0.0331289284 0.571051657 -0.36503315
v 0.0330082178 0.57265532 -0.365699291
v 0.025386842 0.569839954 -0.36763522
v 0.0254376829 0.568232179 -0.366969883
v 0.025637554 0.567566276 -0.365374058
v 0.0258693751 0.568232179 -0.363782525
v 0.0259973463 0.569839954 -0.363127649
v 0.0259465035 0.57144773 -0.363792986
v 0.0257466324 0.572113633 -0.365388811
v 0.0255148131 0.57144773 -0.366980314
v 0.0194197856 0.57361573 -0.36538142
v 0.0192705244 0.572966516 -0.366989642
v 0.0189101752 0.571399212 -0.367655814
v 0.0185498279 0.569831848 -0.366989642
v 0.0184005667 0.569182634 -0.36538142
v 0.0185498279 0.569831848 -0.363773197
v 0.0189101752 0.571399212 -0.363107055
v 0.0192705244 0.572966516 -0.363773197
v 0.0118919797 0.572958469 -0.367643505
v 0.0119584529 0.571350217 -0.366980672
v 0.0121243959 0.570684075 -0.365381032
v 0.0122926002 0.571350217 -0.363781631
v 0.0123645347 0.572958469 -0.363119364
v 0.0122980615 0.574566662 -0.363782197
v 0.0121321194 0.575232804 -0.365381837
v 0.0119639141 0.574566662 -0.366981238
v 0.004377014 0.57368803 -0.36388582
v 0.00448331237 0.573028982 -0.365493447
v 0.00465295976 0.57142961 -0.36615935
v 0.00478657847 0.569826841 -0.365493447
v 0.00480589643 0.569159567 -0.36388582
v 0.00469959807 0.569818616 -0.362278193
v 0.00452995067 0.571417928 -0.36161229
v 0.00439633196 0.573020697 -0.362278193
v -0.00229989388 0.57381773 -0.365783483
v -0.0021991278 0.573132157 -0.367380351
v -0.00233401242 0.57152766 -0.368041784
v -0.00262553408 0.569944143 -0.367380351
v -0.00290292338 0.569309115 -0.365783483
v -0.00300368946 0.569994688 -0.364186615
v -0.00286880485 0.571599185 -0.363525152
v -0.00257728319 0.573182762 -0.364186615
v -0.00903617311 0.575541139 -0.365565151
v -0.00894093327 0.574855924 -0.367162526
v -0.00908082537 0.573251903 -0.367824167
v -0.00937390234 0.571668744 -0.367162526
v -0.00964848325 0.571033776 -0.365565151
v -0.00974372309 0.571718991 -0.363967806
v -0.00960383099 0.573322952 -0.363306165
v -0.00931075402 0.57490617 -0.363967806
v -0.0167654138 0.575719953 -0.367426693
v -0.0166440774 0.575062633 -0.369033962
v -0.016461337 0.573464632 -0.369699717
v -0.0163242389 0.571862102 -0.369033962
v -0.0163130946 0.571193755 -0.367426693
v -0.0164344311 0.571851075 -0.365819424
v -0.0166171715 0.573449075 -0.36515367
v -0.0167542696 0.575051606 -0.365819424
v -0.0242778026 0.571809649 -0.368346691
v -0.0241914913 0.570201993 -0.367684752
v -0.0240691211 0.56953609 -0.366081089
v -0.0239823796 0.570201993 -0.364475101
v -0.023982076 0.571809649 -0.363807559
v -0.0240683872 0.573417306 -0.364469498
v -0.0241907556 0.574083209 -0.366073161
v -0.0242774989 0.573417306 -0.367679149
v -0.0305565838 0.575295508 -0.366483539
v -0.0306452885 0.574633598 -0.368091077
v -0.0309510492 0.573054612 -0.36875695
v -0.0312947594 0.571483433 -0.368091077
v -0.0314750746 0.570840418 -0.366483539
v -0.0313863717 0.571502328 -0.364876002
v -0.0310806073 0.573081315 -0.364210129
v -0.030736899 0.574652493 -0.364876002
v -0.0379644781 0.576899529 -0.366483539
v -0.037935026 0.576233864 -0.368091673
v -0.0378331505 0.57462889 -0.368757814
v -0.0377185307 0.57302475 -0.368091673
v -0.0376583077 0.572361112 -0.366483539
v -0.0376877561 0.573026776 -0.364875376
v -0.0377896316 0.57463181 -0.364209265
v -0.0379042551 0.57623595 -0.364875376
v -0.0458524115 0.574346602 -0.366342485
v -0.0458129831 0.573681533 -0.367950678
v -0.0457024649 0.572077155 -0.368616819
v -0.0455855951 0.570473135 -0.367950678
v -0.045530837 0.569809198 -0.366342485
v -0.0455702655 0.570474267 -0.364734292
v -0.0456807874 0.572078645 -0.364068151
v -0.0457976535 0.573682666 -0.364734292
v -0.0526069291 0.573588669 -0.368685395
v -0.0525093451 0.571981966 -0.368022829
v -0.0524114706 0.571316421 -0.366417348
v -0.0523706451 0.571981966 -0.364809394
v -0.0524107814 0.573588669 -0.364140898
v -0.0525083691 0.575195432 -0.364803433
v -0.0526062399 0.575860977 -0.366408944
v -0.0526470654 0.575195432 -0.368016899
v -0.0604604483 0.573718548 -0.365713
v -0.0603913702 0.573055863 -0.367321134
v -0.0602548234 0.571453393 -0.367987275
v -0.0601307973 0.569849968 -0.367321134
v -0.0600919425 0.56918478 -0.365713
v -0.0601610206 0.569847524 -0.364104837
v -0.0602975674 0.571449935 -0.363438725
v -0.0604215935 0.57305336 -0.364104837
v -0.0674654618 0.574654877 -0.36655286
v -0.0673947036 0.573992312 -0.368160993
v -0.0672565624 0.57239002 -0.368827105
v -0.0671319515 0.570786595 -0.368160993
v -0.0670938715 0.570121348 -0.36655286
v -0.0671646297 0.570783913 -0.364944726
v -0.0673027709 0.572386205 -0.364278615
v -0.0674273819 0.57398963 -0.364944726
v -0.0752541423 0.572506011 -0.365864277
v -0.0751796439 0.571843743 -0.36747238
v -0.0750383288 0.570241749 -0.368138462
v -0.0749129951 0.568638384 -0.36747238
v -0.074877046 0.567972958 -0.365864277
v -0.0749515519 0.568635166 -0.364256173
v -0.0750928596 0.570237219 -0.363590062
v -0.0752182007 0.571840584 -0.364256173
v -0.0822637379 0.571156442 -0.368998975
v -0.0821842849 0.569548428 -0.368337035
v -0.0820470676 0.568882406 -0.366734624
v -0.0819324553 0.569548428 -0.365130454
v -0.0819075927 0.571156442 -0.364464223
v -0.0819870457 0.572764456 -0.365126163
v -0.0821242705 0.573430479 -0.366728574
v -0.0822388753 0.572764456 -0.368332744
v -0.0897737294 0.572256744 -0.364725411
v -0.0896760449 0.571596742 -0.366333187
v -0.0895143673 0.569996595 -0.366999149
v -0.0893834159 0.568393648 -0.366333187
v -0.0893598944 0.567726851 -0.364725411
v -0.0894575864 0.568386853 -0.363117605
v -0.0896192566 0.569986999 -0.362451643
v -0.089750208 0.571589947 -0.363117605
v -0.0971803069 0.569797695 -0.369341075
v -0.0971106887 0.568189442 -0.36867857
v -0.096952185 0.567523301 -0.367078185
v -0.09679766 0.568189442 -0.365477383
v -0.0967376232 0.569797695 -0.364813954
v -0.0968072489 0.571405888 -0.365476459
v -0.0969657451 0.572072029 -0.367076844
v -0.0971202701 0.571405888 -0.368677646
v -0.104186714 0.569948316 -0.365580499
v -0.104106218 0.568340361 -0.36491856
v -0.103971541 0.567674339 -0.36331594
v -0.103861578 0.568340361 -0.361711442
v -0.103840746 0.569948316 -0.361044943
v -0.10392125 0.57155627 -0.361706883
v -0.104055919 0.572222292 -0.363309503
v -0.104165882 0.57155627 -0.364914
v -0.111662693 0.569526374 -0.368236899
v -0.111580707 0.567918479 -0.36757499
v -0.111448973 0.567252517 -0.365972102
v -0.111344658 0.567918479 -0.364367217
v -0.11132887 0.569526374 -0.36370042
v -0.111410856 0.571134269 -0.364362329
v -0.11154259 0.571800292 -0.365965217
v -0.111646906 0.571134269 -0.367570102
v -0.118921936 0.569647312 -0.364487529
v -0.118884176 0.568040609 -0.363818824
v -0.11865557 0.567375064 -0.362226665
v -0.118370026 0.568040609 -0.360643744
v -0.118194818 0.569647312 -0.359997272
v -0.118232578 0.571254015 -0.360666007
v -0.118461192 0.57191956 -0.362258136
v -0.118746728 0.571254015 -0.363841087
v -0.125887334 0.570151687 -0.365931571
v -0.125800714 0.56854403 -0.365269631
v -0.125679016 0.567878127 -0.363665909
v -0.125593543 0.56854403 -0.362059861
v -0.125594363 0.570151687 -0.36139226
v -0.125680983 0.571759284 -0.362054199
v -0.125802681 0.572425187 -0.363657922
v -0.125888154 0.571759284 -0.365263969
v -0.13347894 0.569248796 -0.36355114
v -0.133433431 0.567641437 -0.362884581
v -0.133222222 0.566975594 -0.361290127
v -0.132969037 0.567641437 -0.359701842
v -0.132822186 0.569248796 -0.359050065
v -0.132867694 0.570856214 -0.359716624
v -0.133078903 0.571522057 -0.361311048
v -0.133332089 0.570856214 -0.362899363
v -0.140184328 0.572882354 -0.361574709
v -0.140172988 0.572215617 -0.363182664
v -0.140086994 0.570609689 -0.363848686
v -0.139976755 0.569005191 -0.363182664
v -0.139906824 0.56834203 -0.361574709
v -0.139918178 0.569008768 -0.359966755
v -0.140004158 0.570614696 -0.359300703
v -0.140114397 0.572219193 -0.359966755
v -0.148042381 0.57061702 -0.361030281
v -0.148070186 0.569948792 -0.362637401
v -0.148018673 0.568341196 -0.363303095
v -0.147918031 0.566735923 -0.362637401
v -0.147827208 0.566073358 -0.361030281
v -0.147799402 0.566741586 -0.359423161
v -0.147850916 0.568349123 -0.358757466
v -0.147951558 0.569954395 -0.359423161
v -0.154948696 0.569915235 -0.363297105
v -0.154870838 0.568307161 -0.362635106
v -0.154730171 0.567641079 -0.361033022
v -0.154609099 0.568307161 -0.35942933
v -0.154578537 0.569915235 -0.358763456
v -0.154656395 0.571523249 -0.359425455
v -0.154797062 0.572189331 -0.361027539
v -0.154918134 0.571523249 -0.362631232
v -0.16315718 0.570305586 -0.359841436
v -0.163027033 0.569648921 -0.361448288
v -0.162585542 0.568102241 -0.362113863
v -0.16209133 0.566571593 -0.361448288
v -0.161833882 0.565953612 -0.359841436
v -0.161964014 0.566610277 -0.358234584
v -0.162405506 0.568156958 -0.357569009
v -0.162899733 0.569687605 -0.358234584
v -0.171289906 0.567266285 -0.360341012
v -0.170720994 0.566731155 -0.361896664
v -0.170134321 0.56522423 -0.36254105
v -0.169873551 0.563628376 -0.361896664
v -0.17009142 0.562878311 -0.360341012
v -0.170660332 0.563413441 -0.358785331
v -0.171247005 0.564920366 -0.358140975
v -0.171507791 0.56651628 -0.358785331
v -0.179057166 0.56596005 -0.364213288
v -0.178632662 0.565369308 -0.365794748
v -0.178179488 0.563821554 -0.366449803
v -0.177963093 0.562223315 -0.365794748
v -0.178110272 0.56151098 -0.364213288
v -0.178534776 0.562101662 -0.362631828
v -0.17898795 0.563649476 -0.361976773
v -0.17920433 0.565247655 -0.362631828
v -0.186783627 0.563969374 -0.363314152
v -0.186499938 0.563339889 -0.364912093
v -0.186173737 0.561763287 -0.365573972
v -0.185996115 0.56016314 -0.364912093
v -0.186071113 0.559476733 -0.363314152
v -0.186354816 0.560106218 -0.361716211
v -0.186681017 0.56168282 -0.361054331
v -0.186858639 0.563282967 -0.361716211
v -0.194397807 0.563530147 -0.365989417
v -0.194087774 0.562906861 -0.367584884
v -0.193737864 0.561334908 -0.368245751
v -0.19355306 0.559735179 -0.367584884
v -0.193641603 0.559044659 -0.365989417
v -0.193951637 0.559667945 -0.36439395
v -0.194301546 0.561239898 -0.363733083
v -0.19448635 0.562839627 -0.36439395
v -0.202442482 0.561326206 -0.365307361
v -0.202541918 0.560621083 -0.366895795
v -0.202290878 0.559029162 -0.367553741
v -0.201836452 0.557482958 -0.366895795
v -0.20144482 0.556888223 -0.365307361
v -0.201345399 0.557593346 -0.363718957
v -0.201596424 0.559185266 -0.363061011
v -0.20205085 0.560731471 -0.363718957
v -0.209672615 0.557796001 -0.365738511
v -0.209580302 0.556188762 -0.365076363
v -0.209470615 0.555523038 -0.363471687
v -0.209407821 0.556188762 -0.361864537
v -0.209428698 0.557796001 -0.361196309
v -0.209521011 0.559403241 -0.361858457
v -0.209630698 0.560068965 -0.363463104
v -0.209693491 0.559403241 -0.365070283
v -0.216951117 0.558585644 -0.366776019
v -0.216885507 0.556977451 -0.366113096
v -0.216717899 0.556311309 -0.364513636
v -0.216546461 0.556977451 -0.362914562
v -0.216471627 0.558585644 -0.362252623
v -0.216537237 0.560193896 -0.362915546
v -0.216704845 0.560860038 -0.364515007
v -0.216876283 0.560193896 -0.36611408
v -0.224807024 0.557838261 -0.36408928
v -0.224429548 0.55624038 -0.363510877
v -0.223865613 0.55557853 -0.362002879
v -0.223445535 0.55624038 -0.360448658
v -0.223415405 0.557838261 -0.359758645
v -0.223792881 0.559436083 -0.360337049
v -0.22435683 0.560097933 -0.361845046
v -0.224776894 0.559436083 -0.363399267
v -0.232319549 0.556797445 -0.361887693
v -0.231942073 0.555199623 -0.36130929
v -0.231378123 0.554537773 -0.359801292
v -0.230958059 0.555199623 -0.358247072
v -0.230927929 0.556797445 -0.357557058
v -0.231305391 0.558395267 -0.358135462
v -0.23186934 0.559057117 -0.359643459
v -0.232289419 0.558395267 -0.36119768
v -0.239775956 0.556049943 -0.359278321
v -0.239411801 0.554448962 -0.358700037
v -0.238820791 0.553785801 -0.357203007
v -0.23834911 0.554448962 -0.355664194
v -0.238273069 0.556049943 -0.354985029
v -0.238637209 0.557650864 -0.355563343
v -0.239228234 0.558314025 -0.357060373
v -0.239699915 0.557650864 -0.358599156
v -0.245580122 0.555302382 -0.356652498
v -0.245344296 0.553780794 -0.355840594
v -0.245741695 0.553150535 -0.354267389
v -0.246539533 0.553780794 -0.35285446
v -0.247270435 0.555302382 -0.352429509
v -0.247506276 0.556824028 -0.353241414
v -0.247108877 0.557454288 -0.354814619
v -0.246311039 0.556824028 -0.356227547
v -0.255078614 0.54975903 -0.365999192
v -0.254847318 0.548263073 -0.365139663
v -0.255345762 0.547643423 -0.363591194
v -0.256281912 0.548263073 -0.362260848
v -0.257107407 0.54975903 -0.361927956
v -0.257338703 0.551254988 -0.362787485
v -0.256840289 0.551874578 -0.364335954
v -0.255904138 0.551254988 -0.3656663
v -0.264664382 0.549709618 -0.363355488
v -0.264689386 0.549016774 -0.364952207
v -0.264377087 0.547437191 -0.36561358
v -0.263910383 0.545896113 -0.364952207
v -0.263562709 0.545296311 -0.363355488
v -0.263537675 0.545989156 -0.361758769
v -0.263850003 0.547568738 -0.361097395
v -0.264316678 0.549109817 -0.361758769
v -0.272490323 0.545808554 -0.364202827
v -0.272084028 0.544219375 -0.363620073
v -0.271580964 0.543561161 -0.362089157
v -0.271275848 0.544219375 -0.360506833
v -0.271347374 0.545808554 -0.359800041
v -0.271753669 0.547397733 -0.360382795
v -0.272256732 0.548056006 -0.361913711
v -0.272561878 0.547397733 -0.363496035
v -0.280036032 0.545057952 -0.36156854
v -0.279656321 0.543460727 -0.360989988
v -0.27909714 0.542799115 -0.359480113
v -0.278686076 0.543460727 -0.357923359
v -0.278663933 0.545057952 -0.357231677
v -0.279043674 0.546655238 -0.357810229
v -0.279602855 0.54731679 -0.359320104
v -0.280013889 0.546655238 -0.360876858
v -0.287590235 0.543961048 -0.359428734
v -0.287206382 0.542364895 -0.358849853
v -0.286655724 0.541703761 -0.35733664
v -0.286260784 0.542364895 -0.355775535
v -0.286252975 0.543961048 -0.355080992
v -0.2866368 0.545557201 -0.355659902
v -0.287187487 0.546218336 -0.357173085
v -0.287582397 0.545557201 -0.35873419
v -0.294921249 0.545330405 -0.35477379
v -0.294434518 0.544762075 -0.356345445
v -0.293922484 0.54323101 -0.356996477
v -0.293685049 0.541634142 -0.356345445
v -0.293861359 0.540906906 -0.35477379
v -0.294348091 0.541475296 -0.353202105
v -0.294860125 0.543006301 -0.352551103
v -0.29509756 0.544603169 -0.353202105
v -0.302437693 0.540060878 -0.363028526
v -0.302201688 0.538528204 -0.362237811
v -0.302549839 0.537893355 -0.360654801
v -0.303278178 0.538528204 -0.359206825
v -0.303960085 0.540060878 -0.358742118
v -0.30419609 0.541593611 -0.359532833
v -0.303847939 0.54222846 -0.361115843
v -0.3031196 0.541593611 -0.362563789
v -0.311946869 0.539585412 -0.360833198
v -0.312050879 0.538879752 -0.362421066
v -0.311804235 0.537287056 -0.363078803
v -0.311351448 0.535740256 -0.362421066
v -0.31095776 0.535145521 -0.360833198
v -0.31085375 0.535851121 -0.3592453
v -0.311100364 0.537443876 -0.358587563
v -0.31155315 0.538990617 -0.3592453
v -0.319485933 0.536556542 -0.360502899
v -0.319076478 0.534968495 -0.35991922
v -0.318580747 0.534310758 -0.358385682
v -0.318289071 0.534968495 -0.356800646
v -0.318372369 0.536556542 -0.356092542
v -0.318781823 0.538144529 -0.356676221
v -0.319277585 0.538802326 -0.358209759
v -0.31956923 0.538144529 -0.359794796
v -0.326011926 0.534834087 -0.359097153
v -0.325774819 0.533303976 -0.358301699
v -0.326132923 0.5326702 -0.356720477
v -0.326876432 0.533303976 -0.355279773
v -0.327569813 0.534834087 -0.3548235
v -0.32780692 0.536364138 -0.355618984
v -0.327448815 0.536997974 -0.357200176
v -0.326705337 0.536364138 -0.358640879
v -0.335453749 0.53061682 -0.36674127
v -0.335218966 0.529078603 -0.365961045
v -0.33554253 0.528441429 -0.364373744
v -0.336234838 0.529078603 -0.362909228
v -0.336890399 0.53061682 -0.362425357
v -0.337125152 0.532155097 -0.363205582
v -0.336801618 0.53279227 -0.364792883
v -0.33610931 0.532155097 -0.366257399
v -0.344291598 0.531579018 -0.362644911
v -0.343930632 0.530969441 -0.364234954
v -0.343533039 0.529407918 -0.364893585
v -0.343331754 0.527809262 -0.364234954
v -0.343444705 0.527109861 -0.362644911
v -0.343805671 0.527719438 -0.361054897
v -0.344203264 0.529280961 -0.360396266
v -0.344404548 0.530879617 -0.361054897
v -0.352749735 0.52978909 -0.367066175
v -0.352305233 0.52920562 -0.368644834
v -0.351831406 0.527663529 -0.369298756
v -0.351605743 0.526066124 -0.368644834
v -0.351760507 0.5253492 -0.367066175
v -0.352204978 0.52593267 -0.365487516
v -0.352678806 0.527474701 -0.364833623
v -0.352904469 0.529072106 -0.365487516
v -0.360419631 0.527966142 -0.365903318
v -0.360340238 0.527304351 -0.367511392
v -0.360193253 0.525702834 -0.368177474
v -0.360064745 0.524099708 -0.367511392
v -0.360029995 0.523434103 -0.365903318
v -0.360109389 0.524095893 -0.364295244
v -0.360256374 0.52569741 -0.363629162
v -0.360384881 0.527300477 -0.364295244
v -0.367819458 0.528513849 -0.367281228
v -0.367751181 0.527851045 -0.368889391
v -0.367613822 0.526248693 -0.369555503
v -0.367487878 0.524645388 -0.368889391
v -0.367447108 0.523980379 -0.367281228
v -0.367515415 0.524643123 -0.365673065
v -0.367652744 0.526245475 -0.365006924
v -0.367778689 0.52784878 -0.365673065
v -0.375921339 0.526688278 -0.36603564
v -0.375672281 0.526051581 -0.367636502
v -0.375375092 0.524469793 -0.368299603
v -0.375203848 0.522869468 -0.367636502
v -0.375258863 0.522188008 -0.36603564
v -0.375507921 0.522824705 -0.364434779
v -0.37580514 0.524406493 -0.363771677
v -0.375976384 0.526006818 -0.364434779
v -0.382622063 0.523913264 -0.370923102
v -0.382717073 0.522314191 -0.37024194
v -0.383262992 0.521651804 -0.368727565
v -0.383939981 0.522314191 -0.367267042
v -0.384351492 0.523913264 -0.366715968
v -0.384256452 0.525512338 -0.36739713
v -0.383710563 0.526174724 -0.368911535
v -0.383033544 0.525512338 -0.370372027
v -0.391027212 0.522567272 -0.374835968
v -0.391159832 0.520961463 -0.374177277
v -0.391646147 0.520296276 -0.372643918
v -0.392201245 0.520961463 -0.371134102
v -0.392499983 0.522567272 -0.370532244
v -0.392367363 0.524173081 -0.371190935
v -0.391881078 0.524838269 -0.372724324
v -0.391325951 0.524173081 -0.37423414
v -0.398738295 0.523001909 -0.376430899
v -0.398939729 0.521394491 -0.375793964
v -0.399328351 0.520728648 -0.374233276
v -0.399676532 0.521394491 -0.372663051
v -0.399780273 0.523001909 -0.372003108
v -0.39957884 0.524609387 -0.372640073
v -0.399190217 0.525275171 -0.374200761
v -0.398842037 0.524609387 -0.375770986
v -0.40638122 0.523053885 -0.378460318
v -0.406571686 0.52144593 -0.377821326
v -0.406975448 0.520779848 -0.376264572
v -0.407355994 0.52144593 -0.374701977
v -0.407490402 0.523053885 -0.374048889
v -0.407299936 0.524661839 -0.37468788
v -0.406896174 0.525327861 -0.376244634
v -0.406515628 0.524661839 -0.37780723
v -0.412856787 0.523285151 -0.379588068
v -0.413028866 0.521749496 -0.378786594
v -0.41408655 0.521113396 -0.377559066
v -0.41541028 0.521749496 -0.376624554
v -0.416224599 0.523285151 -0.376530498
v -0.41605252 0.524820745 -0.377331972
v -0.414994836 0.525456846 -0.3785595
v -0.413671106 0.524820745 -0.379494011
v -0.425289422 0.513663948 -0.399796933
v -0.425543457 0.512169957 -0.398940384
v -0.42678231 0.511551142 -0.39788565
v -0.428280264 0.512169957 -0.397250563
v -0.42915985 0.513663948 -0.397407174
v -0.428905815 0.515157938 -0.398263723
v -0.427666992 0.515776753 -0.399318457
v -0.426169038 0.515157938 -0.399953514
v -0.450080782 0.464148462 -0.472184867
v -0.451664448 0.464864016 -0.472084194
v -0.452320397 0.466448575 -0.472382605
v -0.451664448 0.467973888 -0.472905308
v -0.450080782 0.46854648 -0.473346144
v -0.448497117 0.467830896 -0.473446816
v -0.447841167 0.466246367 -0.473148406
v -0.448497117 0.464721024 -0.472625673
v -0.451170087 0.461521804 -0.491351694
v -0.451802164 0.459926575 -0.491058737
v -0.453383833 0.459265828 -0.490755677
v -0.454988569 0.459926575 -0.490620077
v -0.455676317 0.461521804 -0.490731329
v -0.45504421 0.463117033 -0.491024286
v -0.453462541 0.46377781 -0.491327345
v -0.451857835 0.463117033 -0.491462946
v -0.454036206 0.460502177 -0.502277434
v -0.455643862 0.461142391 -0.502088547
v -0.456309766 0.462658912 -0.501552939
v -0.455643862 0.464163363 -0.500984311
v -0.454036206 0.46477446 -0.500715852
v -0.45242852 0.464134246 -0.500904739
v -0.451762617 0.462617755 -0.501440346
v -0.45242852 0.461113304 -0.502008975
v -0.452972084 0.465144277 -0.506811619
v -0.454580307 0.465804458 -0.506900609
v -0.455246449 0.467398107 -0.507116735
v -0.454580307 0.468991667 -0.507333279
v -0.452972084 0.469651699 -0.50742346
v -0.451363862 0.468991518 -0.507334471
v -0.45069772 0.467397869 -0.507118344
v -0.451363862 0.465804309 -0.506901801
v -0.454046458 0.456700176 -0.528719366
v -0.455653906 0.457343251 -0.528900266
v -0.45631972 0.45886144 -0.529431283
v -0.455653906 0.460365415 -0.530001283
v -0.454046458 0.460974157 -0.530276358
v -0.45243901 0.460331082 -0.530095458
v -0.451773196 0.458812892 -0.5295645
v -0.45243901 0.457308918 -0.528994501
v -0.454393923 0.449586272 -0.549404979
v -0.455999136 0.450209677 -0.54965955
v -0.456664056 0.451761693 -0.550083041
v -0.455999136 0.453333139 -0.550427377
v -0.454393923 0.454003513 -0.550490916
v -0.452788711 0.453380108 -0.550236344
v -0.452123821 0.451828092 -0.549812853
v -0.452788711 0.450256646 -0.549468517
v -0.449742883 0.450748831 -0.561939359
v -0.45041725 0.449144274 -0.56196779
v -0.452001274 0.448479652 -0.562249243
v -0.453567088 0.449144274 -0.562618911
v -0.454197437 0.450748831 -0.562860191
v -0.453523099 0.452353358 -0.562831759
v -0.451939046 0.45301798 -0.562550306
v -0.450373232 0.452353358 -0.562180638
v -0.447175592 0.450106919 -0.573682308
v -0.447787672 0.448500901 -0.573958337
v -0.449314684 0.447835654 -0.574464142
v -0.45086211 0.448500901 -0.574903429
v -0.451523542 0.450106919 -0.575018942
v -0.450911462 0.451712966 -0.574742913
v -0.449384451 0.452378184 -0.574237108
v -0.447836995 0.451712966 -0.573797822
v -0.443362743 0.451878965 -0.582770944
v -0.444004446 0.450277567 -0.583003044
v -0.445591569 0.449614257 -0.583269894
v -0.447194397 0.450277567 -0.583415091
v -0.44787401 0.451878965 -0.583353639
v -0.447232306 0.453480363 -0.583121538
v -0.445645183 0.454143703 -0.582854748
v -0.444042355 0.453480363 -0.582709551
v -0.444400966 0.452043951 -0.594916701
v -0.445058018 0.45043686 -0.595041811
v -0.446656078 0.449771166 -0.595224082
v -0.448259026 0.45043686 -0.595356643
v -0.44892785 0.452043951 -0.595361888
v -0.448270798 0.453651041 -0.595236719
v -0.446672738 0.454316735 -0.595054507
v -0.44506982 0.453651041 -0.594921947
v -0.4412058 0.452720582 -0.604890585
v -0.441867381 0.451113343 -0.604986668
v -0.443439007 0.450447619 -0.605328679
v -0.444999993 0.451113343 -0.605716288
v -0.445635945 0.452720582 -0.605922401
v -0.444974363 0.454327792 -0.605826318
v -0.443402737 0.454993546 -0.605484307
v -0.441841751 0.454327792 -0.605096698
v -0.438907474 0.451192319 -0.618490756
v -0.439560324 0.449586481 -0.618649662
v -0.441155344 0.448921323 -0.618858635
v -0.442758143 0.449586481 -0.618995249
v -0.443429887 0.451192319 -0.618979514
v -0.442777038 0.452798128 -0.618820608
v -0.441182017 0.453463286 -0.618611634
v -0.439579189 0.452798128 -0.61847502
v -0.438777447 0.453930676 -0.627211273
v -0.439439595 0.452322572 -0.627286792
v -0.44104144 0.451656461 -0.627430141
v -0.442644626 0.452322572 -0.627557337
v -0.443310052 0.453930676 -0.627593875
v -0.442647934 0.455538779 -0.627518356
v -0.441046089 0.456204861 -0.627375007
v -0.439442873 0.455538779 -0.62724787
v -0.436940998 0.451477379 -0.641809881
v -0.437582314 0.4498761 -0.642044127
v -0.439169109 0.449212849 -0.642312944
v -0.440771908 0.4498761 -0.642458856
v -0.441451788 0.451477379 -0.64239645
v -0.440810472 0.453078628 -0.642162204
v -0.439223677 0.453741878 -0.641893387
v -0.437620878 0.453078628 -0.641747475
v -0.438303471 0.453646898 -0.648321152
v -0.439910442 0.454307169 -0.648429394
v -0.440576106 0.455909848 -0.648565352
v -0.439910442 0.457516074 -0.648649395
v -0.438303471 0.458184958 -0.648632348
v -0.43669647 0.457524687 -0.648524106
v -0.436030835 0.455922008 -0.648388147
v -0.43669647 0.454315782 -0.648304045
v -0.438159645 0.447390914 -0.668455303
v -0.43976599 0.448052198 -0.668567121
v -0.440431356 0.449656665 -0.668681681
v -0.43976599 0.451264441 -0.668731868
v -0.438159645 0.451933682 -0.668688297
v -0.436553299 0.451272398 -0.668576479
v -0.435887933 0.449667931 -0.668461919
v -0.436553299 0.448060185 -0.668411732
v -0.437049896 0.45276919 -0.675685585
v -0.438645512 0.453422934 -0.675447404
v -0.439306438 0.454760551 -0.674550712
v -0.438645512 0.455998451 -0.673520744
v -0.437049896 0.456411541 -0.672960818
v -0.435454249 0.455757797 -0.673198998
v -0.434793323 0.454420209 -0.67409575
v -0.435454249 0.45318228 -0.675125718
v -0.436216325 0.456639737 -0.68077457
v -0.437823385 0.457300037 -0.680882037
v -0.43848905 0.458902627 -0.68101871
v -0.437823385 0.460508764 -0.681104481
v -0.436216325 0.461177588 -0.681089163
v -0.434609294 0.460517287 -0.680981696
v -0.433943629 0.458914667 -0.680845022
v -0.434609294 0.457308531 -0.680759251
v -0.436020821 0.450470269 -0.70088917
v -0.437628806 0.451129764 -0.70098716
v -0.438294858 0.452727795 -0.70116818
v -0.437628806 0.454328269 -0.701326191
v -0.436020821 0.454993665 -0.70136863
v -0.434412837 0.45433417 -0.70127064
v -0.433746785 0.452736109 -0.701089621
v -0.434412837 0.451135635 -0.700931609
v -0.435718238 0.453867048 -0.710496962
v -0.43732217 0.454512239 -0.710294008
v -0.437986553 0.455962002 -0.709596276
v -0.43732217 0.457367122 -0.708812416
v -0.435718238 0.457904458 -0.70840162
v -0.434114277 0.457259238 -0.708604574
v -0.433449894 0.455809474 -0.709302366
v -0.434114277 0.454404384 -0.710086226
v -0.434807897 0.458131462 -0.715581834
v -0.436416119 0.458791286 -0.715673745
v -0.437082261 0.460385501 -0.715885341
v -0.436416119 0.461980313 -0.716092706
v -0.434807897 0.462641448 -0.716174364
v -0.433199674 0.461981654 -0.716082513
v -0.432533532 0.460387409 -0.715870917
v -0.433199674 0.458792627 -0.715663493
v -0.435620993 0.449686348 -0.739180803
v -0.437229067 0.450347394 -0.739265621
v -0.437895179 0.45193699 -0.739509642
v -0.437229067 0.453524053 -0.739769995
v -0.435620993 0.45417884 -0.739894092
v -0.43401289 0.453517795 -0.739809275
v -0.433346778 0.451928198 -0.739565194
v -0.43401289 0.450341135 -0.7393049
v -0.435204953 0.453190625 -0.748297036
v -0.436812878 0.453833133 -0.748118579
v -0.4374789 0.455365181 -0.747629285
v -0.436812878 0.456889302 -0.74711591
v -0.435204953 0.457512707 -0.746879101
v -0.433597028 0.456870168 -0.747057617
v -0.432931006 0.45533812 -0.747546852
v -0.433597028 0.453814 -0.748060286
v -0.435267001 0.455497742 -0.757666469
v -0.436875075 0.456142962 -0.757499456
v -0.437541187 0.457710177 -0.757138491
v -0.436875075 0.459281325 -0.756795049
v -0.435267001 0.459936053 -0.756670296
v -0.433658928 0.459290832 -0.756837308
v -0.432992846 0.457723618 -0.757198274
v -0.433658928 0.456152469 -0.757541716
v -0.435476422 0.457535237 -0.767700136
v -0.437084347 0.458181292 -0.767534971
v -0.437750369 0.459753484 -0.767196119
v -0.437084347 0.461330801 -0.766882122
v -0.435476422 0.461989284 -0.7667768
v -0.433868468 0.461343199 -0.766941965
v -0.433202446 0.459771037 -0.767280817
v -0.433868468 0.458193719 -0.767594874
v -0.435656905 0.459653527 -0.777715266
v -0.437264919 0.460299253 -0.777549386
v -0.437930971 0.461869627 -0.777202368
v -0.437264919 0.46344471 -0.776877403
v -0.435656905 0.464101881 -0.776764929
v -0.434048921 0.463456124 -0.776930809
v -0.433382869 0.46188575 -0.777277827
v -0.434048921 0.460310668 -0.777602792
v -0.435823083 0.461984962 -0.788212478
v -0.437410593 0.462471843 -0.787690103
v -0.438068151 0.463871986 -0.786891818
v -0.437410593 0.465365261 -0.786285281
v -0.435823083 0.466076881 -0.786225736
v -0.434235573 0.46559003 -0.786748171
v -0.433578014 0.464189857 -0.787546456
v -0.434235573 0.462696582 -0.788152993
v -0.436338395 0.469706655 -0.793842077
v -0.43704775 0.468122393 -0.793972671
v -0.438644201 0.467466176 -0.793747127
v -0.44019255 0.468122393 -0.793297589
v -0.440785795 0.469706655 -0.79288733
v -0.440076441 0.471290916 -0.792756736
v -0.43847999 0.471947163 -0.79298228
v -0.43693164 0.471290916 -0.793431878
v -0.438264668 0.467941999 -0.809372783
v -0.438914955 0.466337413 -0.80919224
v -0.440508604 0.465672791 -0.808971643
v -0.442112058 0.466337413 -0.808840156
v -0.442786068 0.467941999 -0.808874846
v -0.442135781 0.469546586 -0.809055388
v -0.440542132 0.470211208 -0.809275985
v -0.438938648 0.469546586 -0.809407473
v -0.441792756 0.465512246 -0.823265672
v -0.443369895 0.466079414 -0.82279557
v -0.444023192 0.467604905 -0.822269976
v -0.443369895 0.469195098 -0.821996808
v -0.441792756 0.469918489 -0.822136045
v -0.440215588 0.469351321 -0.822606206
v -0.439562291 0.46782583 -0.82313174
v -0.440215588 0.466235638 -0.823404968
v -0.444684505 0.471032888 -0.830226839
v -0.44626981 0.471537232 -0.829714358
v -0.446926475 0.472969294 -0.828974009
v -0.44626981 0.474490196 -0.828439415
v -0.444684505 0.475209028 -0.828423738
v -0.443099231 0.474704683 -0.828936219
v -0.442442566 0.473272651 -0.829676569
v -0.443099231 0.47175172 -0.830211163
v -0.444964409 0.47304213 -0.840768695
v -0.446552277 0.473526567 -0.840245128
v -0.447209984 0.474921882 -0.839438498
v -0.446552277 0.476410687 -0.838821232
v -0.444964409 0.477120876 -0.838754952
v -0.443376511 0.47663644 -0.839278519
v -0.442718804 0.475241154 -0.840085149
v -0.443376511 0.47375235 -0.840702415
v -0.447580785 0.479330719 -0.846920192
v -0.449103624 0.479527175 -0.846100092
v -0.44973439 0.48064816 -0.844927192
v -0.449103624 0.482037067 -0.844088614
v -0.447580785 0.482880265 -0.844075561
v -0.446057975 0.482683808 -0.844895661
v -0.445427209 0.481562823 -0.846068501
v -0.446057975 0.480173916 -0.846907079
v -0.450800419 0.483937472 -0.854435444
v -0.452317119 0.484194726 -0.853620887
v -0.452945381 0.485409498 -0.85254395
v -0.452317119 0.48687017 -0.851835489
v -0.450800419 0.487721086 -0.851910532
v -0.449283689 0.487463802 -0.852725089
v -0.448655456 0.486249059 -0.853802025
v -0.449283689 0.484788388 -0.854510486
v -0.453837782 0.488810718 -0.861013532
v -0.455419332 0.48934263 -0.860517681
v -0.456074446 0.490819961 -0.859870791
v -0.455419332 0.492377311 -0.859451771
v -0.453837782 0.493102431 -0.85950613
v -0.452256203 0.492570549 -0.860001922
v -0.451601088 0.491093218 -0.860648811
v -0.452256203 0.489535838 -0.861067832
v -0.45441699 0.490165025 -0.872377574
v -0.45599708 0.490708023 -0.871889055
v -0.456651568 0.492201746 -0.871280313
v -0.45599708 0.493771166 -0.870907903
v -0.45441699 0.494496942 -0.870990038
v -0.452836931 0.493953943 -0.871478558
v -0.452182442 0.492460221 -0.8720873
v -0.452836931 0.490890801 -0.87245971
v -0.457644492 0.495198607 -0.880656302
v -0.459161758 0.495450705 -0.879841208
v -0.45979026 0.496657789 -0.878755808
v -0.459161758 0.498112768 -0.878035903
v -0.457644492 0.498963326 -0.878103256
v -0.456127197 0.498711228 -0.878918409
v -0.455498725 0.497504145 -0.88000381
v -0.456127197 0.496049166 -0.880723655
v -0.460657299 0.500406325 -0.887643814
v -0.462064505 0.500528932 -0.886626482
v -0.462647408 0.501688421 -0.885466337
v -0.462064505 0.503205538 -0.884842873
v -0.460657299 0.504191577 -0.885121405
v -0.459250093 0.504068971 -0.886138678
v -0.458667219 0.502909482 -0.887298822
v -0.459250093 0.501392365 -0.887922287
v -0.467954218 0.505622745 -0.896287858
v -0.469364583 0.505671501 -0.895268738
v -0.469948798 0.506741285 -0.894025981
v -0.469364583 0.508205354 -0.893287539
v -0.467954218 0.509206116 -0.893486023
v -0.466543823 0.50915736 -0.894505084
v -0.465959609 0.508087635 -0.89574784
v -0.466543823 0.506623507 -0.896486282
v -0.470583946 0.511613846 -0.901985586
v -0.472103089 0.511845231 -0.90116781
v -0.472732335 0.51302141 -0.900049448
v -0.472103089 0.514453471 -0.899285614
v -0.470583946 0.515302539 -0.899323821
v -0.469064802 0.515071154 -0.900141656
v -0.468435526 0.513894975 -0.901259959
v -0.469064802 0.512462914 -0.902023792
v -0.474070728 0.515752852 -0.910311043
v -0.475583941 0.51605314 -0.909504712
v -0.476210713 0.517327785 -0.908498406
v -0.475583941 0.518830121 -0.907881677
v -0.474070728 0.519680023 -0.908015728
v -0.472557545 0.519379735 -0.90882206
v -0.471930742 0.51810509 -0.909828365
v -0.472557545 0.516602755 -0.910445094
v -0.477199823 0.521043003 -0.918046355
v -0.478614688 0.52102679 -0.917032421
v -0.479200751 0.522010386 -0.915721238
v -0.478614688 0.523417711 -0.914880931
v -0.477199823 0.524424255 -0.915003657
v -0.475784957 0.524440527 -0.916017532
v -0.475198895 0.523456872 -0.917328715
v -0.475784957 0.522049606 -0.918169081
v -0.481597036 0.529610574 -0.923296332
v -0.482104599 0.528022587 -0.922795653
v -0.483534455 0.52736479 -0.922052026
v -0.485049069 0.528022587 -0.921501219
v -0.485761166 0.529610574 -0.921465755
v -0.485253602 0.531198621 -0.921966493
v -0.483823717 0.531856358 -0.922710061
v -0.482309133 0.531198621 -0.923260868
v -0.496355683 0.512948275 -0.959413409
v -0.497911066 0.513706744 -0.959224701
v -0.498555332 0.515291095 -0.959548652
v -0.497911066 0.516773224 -0.960195482
v -0.496355683 0.51728493 -0.960786343
v -0.49480027 0.516526401 -0.960975051
v -0.494156003 0.51494211 -0.9606511
v -0.49480027 0.51345998 -0.96000427
v -0.497302324 0.511421025 -0.980341733
v -0.497984856 0.509819686 -0.980338752
v -0.499566585 0.509156406 -0.980041564
v -0.501120925 0.509819686 -0.979624212
v -0.501737356 0.511421025 -0.979331195
v -0.501054823 0.513022304 -0.979334116
v -0.499473125 0.513685644 -0.979631364
v -0.497918785 0.513022304 -0.980048716
v -0.500518024 0.519102335 -0.985675573
v -0.500436127 0.518036306 -0.987049222
v -0.501377642 0.516687214 -0.987618208
v -0.502791107 0.515845478 -0.987049222
v -0.503848493 0.516004086 -0.985675573
v -0.50393039 0.517070174 -0.984301925
v -0.502988875 0.518419206 -0.983732939
v -0.50157541 0.519261003 -0.984301925
v -0.50812006 0.5238868 -0.988595128
v -0.508024931 0.523044169 -0.990115345
v -0.508687377 0.521562696 -0.990745008
v -0.509719312 0.520310163 -0.990115345
v -0.510516226 0.520020366 -0.988595128
v -0.510611296 0.520862937 -0.987074912
v -0.50994885 0.52234441 -0.986445189
v -0.508916914 0.523596942 -0.987074912
v -0.5151034 0.528229237 -0.991463125
v -0.515188873 0.527468801 -0.993026614
v -0.516005218 0.526074469 -0.993674278
v -0.517074287 0.524862945 -0.993026614
v -0.517769873 0.524544001 -0.991463125
v -0.51768446 0.525304377 -0.989899576
v -0.516868055 0.526698768 -0.989251971
v -0.515798986 0.527910233 -0.989899576
v -0.521912813 0.533855021 -0.992669642
v -0.522215962 0.53326124 -0.994277656
v -0.522993147 0.531853259 -0.994943678
v -0.523789167 0.530455828 -0.994277656
v -0.524137676 0.529887497 -0.992669642
v -0.523834586 0.530481279 -0.991061628
v -0.523057401 0.53188926 -0.990395546
v -0.522261381 0.53328675 -0.991061628
v -0.531537473 0.534247935 -0.993723929
v -0.531558335 0.532686234 -0.992955327
v -0.530933142 0.532039344 -0.991465092
v -0.530028224 0.532686234 -0.990126133
v -0.529373527 0.534247935 -0.989722848
v -0.529352725 0.535809636 -0.99049145
v -0.529977858 0.536456525 -0.991981745
v -0.530882835 0.535809636 -0.993320644
v -0.537506402 0.537927687 -0.985904694
v -0.539114058 0.537320316 -0.985628188
v -0.539780021 0.535892129 -0.984888554
v -0.539114058 0.534479797 -0.984119177
v -0.537506402 0.533910632 -0.983770728
v -0.535898685 0.534518003 -0.984047294
v -0.535232723 0.53594619 -0.984786868
v -0.535898685 0.537358522 -0.985556245
v -0.531957388 0.564004123 -0.94054687
v -0.533563852 0.563477635 -0.940131664
v -0.534229219 0.562126696 -0.939258516
v -0.533563852 0.560742676 -0.938438892
v -0.531957388 0.560136259 -0.938152909
v -0.530350983 0.560662687 -0.938568115
v -0.529685557 0.562013626 -0.939441264
v -0.530350983 0.563397706 -0.940260887
v -0.534033775 0.576523244 -0.923554718
v -0.535502255 0.575616539 -0.923781812
v -0.53611052 0.574092805 -0.923200011
v -0.535502255 0.572844684 -0.922150135
v -0.534033775 0.572603285 -0.921247065
v -0.532565296 0.573509991 -0.921019971
v -0.53195703 0.575033724 -0.921601772
v -0.532565296 0.576281846 -0.922651649
v -0.543469012 0.573735833 -0.921437681
v -0.542689443 0.57220608 -0.921151161
v -0.541638136 0.571572423 -0.919916868
v -0.540930927 0.57220608 -0.918457925
v -0.540982187 0.573735833 -0.917628944
v -0.541761816 0.575265646 -0.917915463
v -0.542813122 0.575899303 -0.919149697
v -0.543520272 0.575265646 -0.92060864
v -0.548452914 0.569460034 -0.915702462
v -0.547673285 0.567930222 -0.915415943
v -0.546621978 0.567296565 -0.914181709
v -0.545914829 0.567930222 -0.912722766
v -0.545966029 0.569460034 -0.911893725
v -0.546745658 0.570989788 -0.912180245
v -0.547796965 0.571623445 -0.913414478
v -0.548504114 0.570989788 -0.914873481
v -0.555908322 0.570849717 -0.910930514
v -0.555932403 0.570160866 -0.912528932
v -0.555645347 0.568576813 -0.91319102
v -0.555215299 0.567025423 -0.912528932
v -0.554894269 0.566415489 -0.910930514
v -0.554870188 0.56710434 -0.909332037
v -0.555157244 0.568688393 -0.908669949
v -0.555587292 0.570239842 -0.909332037
v -0.565964818 0.567408681 -0.911793947
v -0.565921187 0.566669345 -0.913369238
v -0.565251231 0.565201163 -0.91402173
v -0.564347386 0.563864231 -0.913369238
v -0.563739061 0.563441694 -0.911793947
v -0.563782632 0.564181089 -0.910218656
v -0.564452589 0.565649271 -0.909566164
v -0.565356493 0.566986203 -0.910218656
v -0.571886837 0.560271084 -0.909051657
v -0.570794582 0.558921993 -0.909182429
v -0.569415033 0.558363199 -0.908279836
v -0.568556368 0.558921993 -0.906872511
v -0.568721473 0.560271084 -0.905784905
v -0.569813728 0.561620116 -0.905654132
v -0.571193278 0.562178969 -0.906556785
v -0.572052002 0.561620116 -0.907964051
v -0.576515496 0.557908416 -0.901675045
v -0.576779425 0.556951106 -0.903104782
v -0.576173723 0.555430412 -0.903697014
v -0.575053334 0.554237068 -0.903104782
v -0.574074447 0.554070115 -0.901675045
v -0.573810577 0.555027425 -0.900245309
v -0.57441622 0.556548119 -0.899653137
v -0.575536668 0.557741463 -0.900245309
v -0.586536765 0.552590847 -0.898469687
v -0.586634099 0.55157584 -0.899880469
v -0.5857535 0.550192654 -0.900464833
v -0.584410667 0.549251676 -0.899880469
v -0.583392322 0.549304008 -0.898469687
v -0.583294928 0.550319076 -0.897058904
v -0.584175587 0.551702201 -0.89647454
v -0.58551842 0.552643239 -0.897058904
v -0.586350918 0.546387017 -0.891247094
v -0.587902069 0.546485126 -0.892030895
v -0.588544607 0.545954823 -0.893559277
v -0.587902069 0.545106709 -0.894936979
v -0.586350918 0.544437706 -0.895356953
v -0.584799707 0.544339597 -0.894573152
v -0.584157228 0.5448699 -0.89304471
v -0.584799707 0.545718014 -0.891667008
v -0.5912233 0.538120329 -0.892021
v -0.590586901 0.537921369 -0.893629014
v -0.589069486 0.537388623 -0.894295037
v -0.58755976 0.53683418 -0.893629014
v -0.586942255 0.536582828 -0.892021
v -0.587578595 0.536781788 -0.890413046
v -0.589096069 0.537314534 -0.889746964
v -0.590605736 0.537868977 -0.890413046
v -0.594966829 0.528151095 -0.893633544
v -0.594333053 0.527944982 -0.895241618
v -0.592816412 0.527409971 -0.8959077
v -0.591305315 0.526859403 -0.895241618
v -0.59068501 0.526615858 -0.893633544
v -0.591318786 0.526821911 -0.892025411
v -0.592835426 0.527356923 -0.891359329
v -0.594346464 0.527907491 -0.892025411
v -0.595543206 0.520369172 -0.890233397
v -0.597097456 0.520433605 -0.891014636
v -0.597741246 0.519853413 -0.892524302
v -0.597097456 0.518968463 -0.893878043
v -0.595543206 0.518297195 -0.894282877
v -0.593988955 0.518232763 -0.893501639
v -0.593345225 0.518812954 -0.891991973
v -0.593988955 0.519697905 -0.890638232
v -0.596833706 0.515444756 -0.885041237
v -0.598373294 0.514658213 -0.885243893
v -0.599011004 0.51346457 -0.88633877
v -0.598373294 0.51256305 -0.887684405
v -0.596833706 0.512481809 -0.888492584
v -0.595294118 0.513268352 -0.888289869
v -0.594656348 0.514461994 -0.887195051
v -0.595294118 0.515363455 -0.885849416
v -0.592233777 0.505222738 -0.881435812
v -0.591210842 0.505069852 -0.882835984
v -0.589787841 0.505887687 -0.883415937
v -0.588798285 0.507197142 -0.882835984
v -0.588821948 0.508231163 -0.881435812
v -0.589844882 0.508384049 -0.880035698
v -0.591267884 0.507566214 -0.879455745
v -0.59225738 0.506256759 -0.880035698
v -0.58567977 0.497899383 -0.87594229
v -0.584750354 0.497962356 -0.877412736
v -0.583477795 0.498982102 -0.878021836
v -0.582607627 0.500361204 -0.877412736
v -0.582649529 0.501291811 -0.87594229
v -0.583579004 0.501228869 -0.874471784
v -0.584851503 0.500209093 -0.873862684
v -0.585721672 0.498829991 -0.874471784
v -0.578209281 0.492820442 -0.873572648
v -0.577722192 0.493333012 -0.875163317
v -0.576979518 0.494762868 -0.875822186
v -0.576416314 0.496272415 -0.875163317
v -0.576362491 0.496977419 -0.873572648
v -0.57684952 0.496464878 -0.871981978
v -0.577592194 0.495035022 -0.871323109
v -0.578155398 0.493525445 -0.871981978
v -0.569225013 0.493139088 -0.87133491
v -0.569434583 0.491533488 -0.871973872
v -0.569759429 0.490868419 -0.873549402
v -0.570009232 0.491533488 -0.875138581
v -0.570037723 0.493139088 -0.875810444
v -0.569828153 0.494744658 -0.875171423
v -0.569503307 0.495409727 -0.873595893
v -0.569253504 0.494744658 -0.872006774
v -0.562206864 0.49397245 -0.874341905
v -0.561548948 0.492427438 -0.874800324
v -0.560792446 0.491787463 -0.876231551
v -0.560380518 0.492427438 -0.877797067
v -0.560554445 0.49397245 -0.878579855
v -0.561212361 0.495517462 -0.878121376
v -0.561968863 0.496157438 -0.876690209
v -0.562380791 0.495517462 -0.875124693
v -0.551727235 0.499167621 -0.864314854
v -0.551100791 0.497577339 -0.864644647
v -0.549942136 0.496918648 -0.86576432
v -0.54892993 0.497577339 -0.867017984
v -0.548657119 0.499167621 -0.867671251
v -0.549283564 0.500757873 -0.867341459
v -0.550442219 0.501416624 -0.866221786
v -0.551454425 0.500757873 -0.864968121
v -0.543315649 0.498023599 -0.856890559
v -0.543128908 0.496505588 -0.857721746
v -0.54201287 0.495876789 -0.858900368
v -0.540621281 0.496505588 -0.859736085
v -0.539769411 0.498023599 -0.859739304
v -0.539956212 0.49954164 -0.858908117
v -0.541072249 0.50017041 -0.857729495
v -0.542463779 0.49954164 -0.856893778
v -0.538570762 0.494672447 -0.850435793
v -0.540079415 0.493820757 -0.850266159
v -0.54070431 0.492298722 -0.850834548
v -0.540079415 0.49099797 -0.851808071
v -0.538570762 0.490680456 -0.85261637
v -0.537062168 0.491532147 -0.852786005
v -0.536437273 0.493054181 -0.852217615
v -0.537062168 0.494354934 -0.851244152
v -0.536809325 0.489139557 -0.84120512
v -0.536329031 0.487574816 -0.84179759
v -0.534893274 0.486926675 -0.842538357
v -0.533343136 0.487574816 -0.842993438
v -0.532586634 0.489139557 -0.842896223
v -0.533066928 0.490704268 -0.842303753
v -0.534502685 0.491352409 -0.841562986
v -0.536052823 0.490704268 -0.841107905
v -0.532153785 0.487223387 -0.829386115
v -0.531548858 0.48561582 -0.829669058
v -0.530054867 0.484949976 -0.830264688
v -0.528546929 0.48561582 -0.830824077
v -0.527908444 0.487223387 -0.83101958
v -0.528513312 0.488830924 -0.830736637
v -0.530007303 0.489496768 -0.830141008
v -0.531515241 0.488830924 -0.829581618
v -0.52613008 0.488264859 -0.813502014
v -0.525502205 0.486658752 -0.813739479
v -0.523947358 0.485993505 -0.814151764
v -0.522376299 0.486658752 -0.814497352
v -0.521709383 0.488264859 -0.814573765
v -0.522337258 0.489870936 -0.8143363
v -0.523892105 0.490536183 -0.813924074
v -0.525463164 0.489870936 -0.813578486
v -0.523756206 0.488062143 -0.80379355
v -0.525364101 0.48740679 -0.80391705
v -0.526030123 0.485839337 -0.804277182
v -0.525364101 0.484277993 -0.804662883
v -0.523756206 0.483637393 -0.804848313
v -0.522148311 0.484292746 -0.804724753
v -0.521482289 0.485860199 -0.804364622
v -0.522148311 0.487421542 -0.80397892
v -0.523520827 0.485843241 -0.794129789
v -0.525126278 0.485170513 -0.794118464
v -0.525791287 0.483569801 -0.7942788
v -0.525126278 0.481978834 -0.794516921
v -0.523520827 0.48132953 -0.794693291
v -0.521915376 0.482002258 -0.794704616
v -0.521250427 0.483602941 -0.79454422
v -0.521915376 0.485193938 -0.794306159
v -0.524694085 0.483062416 -0.781768978
v -0.524032533 0.481454253 -0.781848431
v -0.522432745 0.480788112 -0.782013059
v -0.520831823 0.481454253 -0.782166421
v -0.520167589 0.483062416 -0.782218695
v -0.520829141 0.484670579 -0.782139242
v -0.52242893 0.485336691 -0.781974614
v -0.524029851 0.484670579 -0.781821251
v -0.52319777 0.483364284 -0.76815778
v -0.522527516 0.48175779 -0.768162131
v -0.520926774 0.481092334 -0.768320501
v -0.519333303 0.48175779 -0.768540084
v -0.518680513 0.483364284 -0.768692255
v -0.519350827 0.484970778 -0.768687904
v -0.520951509 0.485636204 -0.768529534
v -0.52254498 0.484970778 -0.768309951
v -0.521357656 0.484373391 -0.75357306
v -0.520673275 0.482774973 -0.753490448
v -0.519070506 0.482112885 -0.753641963
v -0.517488241 0.482774973 -0.753938854
v -0.516853333 0.484373391 -0.754207194
v -0.517537653 0.485971838 -0.754289806
v -0.519140422 0.486633927 -0.754138291
v -0.520722687 0.485971838 -0.7538414
v -0.518830121 0.486848503 -0.737406015
v -0.518166602 0.485240936 -0.737331271
v -0.516560853 0.484575033 -0.73724097
v -0.514953375 0.485240936 -0.737188041
v -0.514285862 0.486848503 -0.737203419
v -0.514949381 0.4884561 -0.737278163
v -0.51655513 0.489121974 -0.737368464
v -0.518162608 0.4884561 -0.737421393
v -0.522445679 0.485097498 -0.728725314
v -0.521786153 0.483490646 -0.728610754
v -0.52022934 0.482825071 -0.728206396
v -0.518687248 0.483490646 -0.727749109
v -0.518063188 0.485097498 -0.727506816
v -0.518722773 0.48670435 -0.727621436
v -0.520279586 0.487369955 -0.728025794
v -0.521821678 0.48670435 -0.728483021
v -0.524916053 0.485905588 -0.715704024
v -0.524279952 0.484300435 -0.715482712
v -0.522707403 0.483635545 -0.715143502
v -0.521119535 0.484300435 -0.714885116
v -0.520446539 0.485905588 -0.71485889
v -0.52108264 0.487510741 -0.715080261
v -0.522655189 0.488175601 -0.715419471
v -0.524243057 0.487510741 -0.715677857
v -0.509961665 0.513038576 -0.66474992
v -0.509435117 0.511434972 -0.664324105
v -0.508047044 0.510770738 -0.663510263
v -0.506610692 0.511434972 -0.662785232
v -0.505967319 0.513038576 -0.662573636
v -0.506493926 0.514642179 -0.662999451
v -0.507881939 0.515306413 -0.663813293
v -0.509318352 0.514642179 -0.664538383
v -0.514335513 0.516209126 -0.652688324
v -0.515940368 0.515544355 -0.652576029
v -0.516605139 0.514005125 -0.652107894
v -0.515940368 0.512493193 -0.651558161
v -0.514335513 0.511894107 -0.651248872
v -0.512730658 0.512558877 -0.651361167
v -0.512065887 0.514098108 -0.651829243
v -0.512730658 0.515610039 -0.652378976
v -0.510772526 0.528801322 -0.623521686
v -0.512375295 0.528146684 -0.623340428
v -0.513039172 0.526685715 -0.622665942
v -0.512375295 0.525274217 -0.621893287
v -0.510772526 0.524738967 -0.621475101
v -0.509169817 0.525393546 -0.621656358
v -0.50850594 0.526854515 -0.622330844
v -0.509169817 0.528266072 -0.623103499
v -0.519009948 0.530033469 -0.621716619
v -0.518631756 0.528437853 -0.621132553
v -0.517458916 0.527776897 -0.620029032
v -0.516178489 0.528437853 -0.61905247
v -0.515540421 0.530033469 -0.618774891
v -0.515918612 0.531629086 -0.619358957
v -0.517091393 0.532289982 -0.620462477
v -0.51837188 0.531629086 -0.62143904
v -0.522884727 0.528696895 -0.611338258
v -0.522300839 0.527115047 -0.610906005
v -0.520760775 0.526459813 -0.610427439
v -0.519166768 0.527115047 -0.610182822
v -0.518452466 0.528696895 -0.610315502
v -0.519036412 0.530278802 -0.610747755
v -0.520576417 0.530934036 -0.61122632
v -0.522170484 0.530278802 -0.611470938
v -0.523999274 0.537626982 -0.591947019
v -0.525567353 0.536876082 -0.592032373
v -0.526216924 0.535327137 -0.591575265
v -0.525567353 0.533887446 -0.590843439
v -0.523999274 0.533400357 -0.590265632
v -0.522431135 0.534151256 -0.590180278
v -0.521781564 0.535700202 -0.590637445
v -0.522431135 0.537139893 -0.591369212
v -0.528454006 0.54349196 -0.579782963
v -0.530042529 0.542780399 -0.579801738
v -0.530700505 0.541226923 -0.579372942
v -0.530042529 0.539741516 -0.578747749
v -0.528454006 0.539194405 -0.578292429
v -0.526865482 0.539905965 -0.578273594
v -0.526207507 0.541459441 -0.57870239
v -0.526865482 0.542944849 -0.579327583
v -0.531125903 0.545697093 -0.562250495
v -0.530480981 0.544089019 -0.56208235
v -0.528914869 0.543422937 -0.561716676
v -0.527344942 0.544089019 -0.561367691
v -0.526690841 0.545697093 -0.561239839
v -0.527335763 0.547305167 -0.561407983
v -0.528901875 0.547971308 -0.561773658
v -0.530471802 0.547305167 -0.562122643
v -0.53535068 0.541642904 -0.557799041
v -0.534330487 0.540241361 -0.557957411
v -0.5329023 0.539660811 -0.557149172
v -0.531902671 0.540241361 -0.555847645
v -0.531917214 0.541642904 -0.554815352
v -0.532937348 0.543044448 -0.554656982
v -0.534365594 0.543624997 -0.555465281
v -0.535365224 0.543044448 -0.556766748
v -0.539880812 0.539279342 -0.550869226
v -0.539399803 0.538816035 -0.552476764
v -0.538309455 0.537633717 -0.553142607
v -0.537248373 0.536425054 -0.552476764
v -0.536838174 0.53589803 -0.550869226
v -0.537319183 0.536361337 -0.549261749
v -0.538409591 0.537543654 -0.548595846
v -0.539470613 0.538752317 -0.549261749
v -0.552483857 0.527740955 -0.556997776
v -0.55200392 0.527276695 -0.558605313
v -0.55091399 0.526094019 -0.559271216
v -0.54985249 0.524885654 -0.558605313
v -0.549441338 0.524359524 -0.556997776
v -0.549921274 0.524823785 -0.555390239
v -0.551011205 0.52600646 -0.554724336
v -0.552072704 0.527214825 -0.555390239
v -0.557421565 0.521981716 -0.553032458
v -0.556401432 0.520580173 -0.553190827
v -0.554973185 0.519999623 -0.552382529
v -0.553973556 0.520580173 -0.551081061
v -0.553988099 0.521981716 -0.550048769
v -0.555008292 0.52338326 -0.549890399
v -0.556436479 0.523963809 -0.550698698
v -0.557436109 0.52338326 -0.552000165
v -0.562676609 0.517913222 -0.54653281
v -0.56203717 0.51630646 -0.546334028
v -0.56046623 0.515640914 -0.545988441
v -0.558884084 0.51630646 -0.545698524
v -0.558217525 0.517913222 -0.545634091
v -0.558857024 0.519519985 -0.545832932
v -0.560427964 0.52018553 -0.54617846
v -0.56201005 0.519519985 -0.546468377
v -0.560447812 0.525111198 -0.528868139
v -0.562048137 0.52455467 -0.528468907
v -0.562711 0.523090899 -0.527799547
v -0.562048137 0.521577299 -0.527252078
v -0.560447812 0.520900488 -0.527147293
v -0.558847427 0.521457016 -0.527546525
v -0.558184564 0.522920787 -0.528215885
v -0.558847427 0.524434388 -0.528763354
v -0.555046141 0.540583551 -0.496625215
v -0.556647003 0.540023565 -0.496233016
v -0.557310104 0.538556457 -0.495571256
v -0.556647003 0.537041545 -0.495027572
v -0.555046141 0.536366343 -0.494920433
v -0.55344528 0.536926329 -0.495312631
v -0.552782238 0.538393497 -0.495974392
v -0.55344528 0.53990835 -0.496518105
v -0.557440042 0.542869151 -0.479785919
v -0.557031155 0.541340411 -0.479060709
v -0.555642188 0.540707171 -0.478224158
v -0.554086685 0.541340411 -0.477766275
v -0.553275883 0.542869151 -0.477955312
v -0.553684771 0.544397891 -0.478680521
v -0.555073738 0.54503113 -0.479517102
v -0.556629241 0.544397891 -0.479974955
v -0.563419878 0.544505835 -0.480940193
v -0.562880397 0.542923808 -0.480453968
v -0.562104404 0.542268515 -0.479040265
v -0.561546504 0.542923808 -0.477527171
v -0.561533451 0.544505835 -0.476801068
v -0.562072873 0.546087801 -0.477287263
v -0.562848866 0.546743095 -0.478700966
v -0.563406825 0.546087801 -0.480214059
v -0.56714499 0.542109668 -0.471891046
v -0.56860894 0.542108953 -0.472832859
v -0.569215298 0.541166186 -0.474164605
v -0.56860894 0.539833546 -0.47510618
v -0.56714499 0.538891792 -0.475106031
v -0.56568104 0.538892508 -0.474164248
v -0.565074623 0.539835274 -0.472832471
v -0.56568104 0.541167915 -0.471890897
v -0.568677187 0.536411345 -0.467553496
v -0.570258379 0.53617537 -0.468242168
v -0.570913315 0.535174251 -0.469506651
v -0.570258379 0.533994377 -0.470606208
v -0.568677187 0.533326864 -0.470896721
v -0.567095995 0.533562779 -0.470208049
v -0.566441 0.534563959 -0.468943596
v -0.567095995 0.535743833 -0.467844039
v -0.569786489 0.531616926 -0.46220839
v -0.571369469 0.531361401 -0.462886035
v -0.57202512 0.530334234 -0.464129031
v -0.571369469 0.529137015 -0.465209305
v -0.569786489 0.528471112 -0.465493977
v -0.568203568 0.528726578 -0.464816332
v -0.567547917 0.529753804 -0.463573337
v -0.568203568 0.530951023 -0.462493092
v -0.571237504 0.526137948 -0.457716763
v -0.572820425 0.525882483 -0.458394378
v -0.573476076 0.524855256 -0.459637374
v -0.572820425 0.523658037 -0.460717618
v -0.571237504 0.522992134 -0.46100232
v -0.569654584 0.523247659 -0.460324675
v -0.568998873 0.524274826 -0.45908168
v -0.569654584 0.525472045 -0.458001435
v -0.572347164 0.521904707 -0.453290612
v -0.573955357 0.521268964 -0.453489631
v -0.574621499 0.519736767 -0.4539783
v -0.573955357 0.518205702 -0.454470396
v -0.572347164 0.517572582 -0.454677612
v -0.570738912 0.518208325 -0.454478592
v -0.57007277 0.519740462 -0.453989923
v -0.570738912 0.521271586 -0.453497827
v -0.571190894 0.521437526 -0.442133665
v -0.572799027 0.520794988 -0.442310125
v -0.573465109 0.519252717 -0.442766011
v -0.572799027 0.517714143 -0.443234295
v -0.571190894 0.517080545 -0.443440646
v -0.569582701 0.517723083 -0.443264186
v -0.568916619 0.519265354 -0.44280827
v -0.569582701 0.520803928 -0.442340016
v -0.572176218 0.516472101 -0.435712695
v -0.573667467 0.516315579 -0.4365969
v -0.57428515 0.515198767 -0.437780678
v -0.573667467 0.513775885 -0.438570589
v -0.572176218 0.512880385 -0.438503921
v -0.570684969 0.513036907 -0.437619716
v -0.570067286 0.514153719 -0.436435938
v -0.570684969 0.515576601 -0.435646027
v -0.576838434 0.512368739 -0.430223793
v -0.57842803 0.512036145 -0.430850506
v -0.579086423 0.510907114 -0.43200019
v -0.57842803 0.509642899 -0.432999372
v -0.576838434 0.508984089 -0.433262736
v -0.575248837 0.509316623 -0.432636023
v -0.574590445 0.510445714 -0.431486338
v -0.575248837 0.511709929 -0.430487156
v -0.574391246 0.506390631 -0.424546838
v -0.575998247 0.505945504 -0.425046295
v -0.576663911 0.504971147 -0.426326007
v -0.575998247 0.504038274 -0.427636296
v -0.574391246 0.503693402 -0.428209603
v -0.572784245 0.504138529 -0.427710116
v -0.57211858 0.505112946 -0.426430434
v -0.572784245 0.506045759 -0.425120145
v -0.576264501 0.499936342 -0.42102021
v -0.577825844 0.499917567 -0.421789676
v -0.578472555 0.499214441 -0.423244834
v -0.577825844 0.498238832 -0.424533278
v -0.576264501 0.497562259 -0.424900264
v -0.574703217 0.497581035 -0.424130797
v -0.574056506 0.498284161 -0.422675639
v -0.574703217 0.49925977 -0.421387196
v -0.577907264 0.494399577 -0.417239457
v -0.579486191 0.494189352 -0.4179416
v -0.580140173 0.493222594 -0.419233024
v -0.579486191 0.492065668 -0.420357287
v -0.577907264 0.491396248 -0.420655757
v -0.576328397 0.491606504 -0.419953614
v -0.575674415 0.492573231 -0.41866219
v -0.576328397 0.493730187 -0.417537928
v -0.57901597 0.489704996 -0.411990017
v -0.580617785 0.489127845 -0.412352175
v -0.581281304 0.487934411 -0.413431793
v -0.580617785 0.486823767 -0.414596438
v -0.57901597 0.48644653 -0.415163875
v -0.577414155 0.487023681 -0.414801687
v -0.576750636 0.488217145 -0.413722068
v -0.577414155 0.489327759 -0.412557423
v -0.576566219 0.484538972 -0.407341331
v -0.578144252 0.483804941 -0.407307863
v -0.578797936 0.482268721 -0.407800674
v -0.578144252 0.480830163 -0.40853107
v -0.576566219 0.480332017 -0.409071207
v -0.574988186 0.481066018 -0.409104675
v -0.574334562 0.482602268 -0.408611864
v -0.574988186 0.484040797 -0.407881469
v -0.577747524 0.481553525 -0.396845728
v -0.577010632 0.479976922 -0.396807075
v -0.575474262 0.479323864 -0.397300303
v -0.574038386 0.479976922 -0.39803648
v -0.573544145 0.481553525 -0.398584366
v -0.574281037 0.483130097 -0.398623019
v -0.575817347 0.483783156 -0.398129791
v -0.577253222 0.483130097 -0.397393614
v -0.56407702 0.490121126 -0.372061491
v -0.563277006 0.488587469 -0.371866614
v -0.56171304 0.487952203 -0.372291654
v -0.560301363 0.488587469 -0.373087674
v -0.559868813 0.490121126 -0.373788357
v -0.560668826 0.491654813 -0.373983234
v -0.562232792 0.49229005 -0.373558164
v -0.563644469 0.491654813 -0.372762144
v -0.559399366 0.496922553 -0.352276415
v -0.55870235 0.495332181 -0.35215354
v -0.557100534 0.494673431 -0.352328092
v -0.555532277 0.495332181 -0.352697849
v -0.554916203 0.496922553 -0.353046179
v -0.55561322 0.498512894 -0.353169084
v -0.557214975 0.499171644 -0.352994531
v -0.558783233 0.498512894 -0.352624774
v -0.557073236 0.496482164 -0.343322247
v -0.558678031 0.495943248 -0.343727738
v -0.559342742 0.494543344 -0.344520509
v -0.558678031 0.493102461 -0.345236212
v -0.557073236 0.492464691 -0.345455527
v -0.5554685 0.493003607 -0.345050037
v -0.554803789 0.494403541 -0.344257236
v -0.5554685 0.495844394 -0.343541563
v -0.558166862 0.491473973 -0.3376472
v -0.55965203 0.491351008 -0.338546842
v -0.56026721 0.490270734 -0.33976531
v -0.55965203 0.488865912 -0.340588838
v -0.558166862 0.487959534 -0.340535045
v -0.556681693 0.488082498 -0.339635432
v -0.556066573 0.489162773 -0.338416964
v -0.556681693 0.490567595 -0.337593406
v -0.562770605 0.487524301 -0.332349449
v -0.564255774 0.487401336 -0.333249092
v -0.564870894 0.486321062 -0.33446756
v -0.564255774 0.48491624 -0.335291088
v -0.562770605 0.484009862 -0.335237294
v -0.561285436 0.484132826 -0.334337682
v -0.560670257 0.485213101 -0.333119214
v -0.561285436 0.486617923 -0.332295656
v -0.563864231 0.482619077 -0.326887876
v -0.565450609 0.48196128 -0.327172041
v -0.56610775 0.480746478 -0.328231543
v -0.565450609 0.47968626 -0.32944575
v -0.563864231 0.479401708 -0.330103397
v -0.562277794 0.480059505 -0.329819202
v -0.561620712 0.481274307 -0.3287597
v -0.562277794 0.482334524 -0.327545494
v -0.560900927 0.479108393 -0.323969036
v -0.562388003 0.4782269 -0.32417345
v -0.563003957 0.477109998 -0.325358063
v -0.562388003 0.476411968 -0.326828927
v -0.560900927 0.476541698 -0.327724457
v -0.55941385 0.477423191 -0.327520043
v -0.558797896 0.478540063 -0.32633546
v -0.55941385 0.479238093 -0.324864566
v -0.558995783 0.472981155 -0.320349395
v -0.56059444 0.47236076 -0.320648521
v -0.561256647 0.471090078 -0.321636945
v -0.56059444 0.469913423 -0.322735637
v -0.558995783 0.469520062 -0.323300987
v -0.557397068 0.470140457 -0.323001862
v -0.55673486 0.471411169 -0.322013468
v -0.557397068 0.472587824 -0.320914775
v -0.559264898 0.470109373 -0.313361466
v -0.560789287 0.469778091 -0.314133823
v -0.561420739 0.468478084 -0.315104067
v -0.560789287 0.466970861 -0.315703869
v -0.559264898 0.466139376 -0.315581828
v -0.55774045 0.466470659 -0.314809471
v -0.557109058 0.467770666 -0.313839227
v -0.55774045 0.469277889 -0.313239455
v -0.56386745 0.465868026 -0.307655782
v -0.565456986 0.465535492 -0.308282495
v -0.566115439 0.464406401 -0.309432179
v -0.565456986 0.463142186 -0.310431361
v -0.56386745 0.462483406 -0.310694754
v -0.562277853 0.46281594 -0.310068011
v -0.561619401 0.463945031 -0.308918327
v -0.562277853 0.465209246 -0.307919145
v -0.561451554 0.460242689 -0.30229193
v -0.56305337 0.459665537 -0.302654117
v -0.563716888 0.458472073 -0.303733736
v -0.56305337 0.45736143 -0.304898381
v -0.561451554 0.456984192 -0.305465788
v -0.559849739 0.457561344 -0.30510363
v -0.55918622 0.458754808 -0.304024011
v -0.559849739 0.459865451 -0.302859366
v -0.564719915 0.453857958 -0.297917664
v -0.564004779 0.452272117 -0.297856838
v -0.562434435 0.451615214 -0.298221081
v -0.560928822 0.452272117 -0.298797011
v -0.560369849 0.453857958 -0.299247265
v -0.561085045 0.455443829 -0.299308091
v -0.562655389 0.456100732 -0.298943847
v -0.564161003 0.455443829 -0.298367918
v -0.554410696 0.463882655 -0.273099154
v -0.553578198 0.462377399 -0.272832185
v -0.552003205 0.461753875 -0.273233175
v -0.550608337 0.462377399 -0.274067253
v -0.550210655 0.463882655 -0.274845779
v -0.551043093 0.46538794 -0.275112748
v -0.552618086 0.466011435 -0.274711758
v -0.554013014 0.46538794 -0.27387771
v -0.532187223 0.503586352 -0.217327997
v -0.533749521 0.503117979 -0.216719657
v -0.534396589 0.501693904 -0.215955868
v -0.533749521 0.500148356 -0.215484038
v -0.532187223 0.499386668 -0.215580568
v -0.530624986 0.499855042 -0.216188908
v -0.529977858 0.501279116 -0.216952696
v -0.530624986 0.502824664 -0.217424527
v -0.528528869 0.51075983 -0.193772212
v -0.527826786 0.509173632 -0.193626672
v -0.526223898 0.50851661 -0.193797767
v -0.524659216 0.509173632 -0.194185272
v -0.524049282 0.51075983 -0.194562197
v -0.524751365 0.512346029 -0.194707736
v -0.526354194 0.513003051 -0.194536626
v -0.527918935 0.512346029 -0.194149122
v -0.527350307 0.508309484 -0.188331068
v -0.528915346 0.50778842 -0.188887164
v -0.529563606 0.506304026 -0.1895248
v -0.528915346 0.504725933 -0.189870462
v -0.527350307 0.50397855 -0.189721659
v -0.525785267 0.504499614 -0.189165562
v -0.525137007 0.505983949 -0.188527927
v -0.525785267 0.507562101 -0.188182279
v -0.532173872 0.506008744 -0.179911464
v -0.53153336 0.50440073 -0.179726601
v -0.529974043 0.503734648 -0.179332808
v -0.528409421 0.50440073 -0.178960755
v -0.527755976 0.506008744 -0.178828388
v -0.528396547 0.507616699 -0.179013252
v -0.529955804 0.508282781 -0.17940706
v -0.531520486 0.507616699 -0.179779112
v -0.534515321 0.506490707 -0.168685898
v -0.533843338 0.504884958 -0.168688312
v -0.532244921 0.50421977 -0.168868914
v -0.530656278 0.504884958 -0.169121891
v -0.530008078 0.506490707 -0.169299066
v -0.53068006 0.508096516 -0.169296652
v -0.532278538 0.508761704 -0.16911605
v -0.533867121 0.508096516 -0.168863073
v -0.529024363 0.507282555 -0.155759037
v -0.528368711 0.505675316 -0.155889198
v -0.526816428 0.505009532 -0.156310275
v -0.52527684 0.505675316 -0.156775579
v -0.524651766 0.507282555 -0.157012567
v -0.525307417 0.508889794 -0.156882405
v -0.52685976 0.509555578 -0.156461343
v -0.528399348 0.508889794 -0.155996025
v -0.527837873 0.507329226 -0.145930797
v -0.527160823 0.505726635 -0.145990118
v -0.525556445 0.505062819 -0.145866066
v -0.523964465 0.505726635 -0.145631269
v -0.523317516 0.507329226 -0.145423293
v -0.523994505 0.508931816 -0.145363957
v -0.525598884 0.509595633 -0.145488024
v -0.527190864 0.508931816 -0.145722821
v -0.53116256 0.505724072 -0.138244942
v -0.530474365 0.504129112 -0.138357446
v -0.528869689 0.503468513 -0.1382204
v -0.527288616 0.504129112 -0.137914062
v -0.526657283 0.505724072 -0.137617901
v -0.527345479 0.507318974 -0.137505397
v -0.528950155 0.507979631 -0.137642458
v -0.530531228 0.507318974 -0.137948781
v -0.53027904 0.505042315 -0.127951548
v -0.529625118 0.503437102 -0.128111944
v -0.528027892 0.502772212 -0.128304005
v -0.526422977 0.503437102 -0.128415242
v -0.525750577 0.505042315 -0.128380477
v -0.5264045 0.506647587 -0.128220081
v -0.528001726 0.507312477 -0.12802802
v -0.529606581 0.506647587 -0.127916798
v -0.529309213 0.50451684 -0.118026972
v -0.528654397 0.502910852 -0.118175752
v -0.52705723 0.502245605 -0.118367054
v -0.525453269 0.502910852 -0.118488818
v -0.524782062 0.50451684 -0.118469715
v -0.525436819 0.506122887 -0.118320934
v -0.527034044 0.506788135 -0.118129633
v -0.528638005 0.506122887 -0.118007861
v -0.528335333 0.503997207 -0.108083673
v -0.527671218 0.502389133 -0.108140945
v -0.526073694 0.501723051 -0.108326182
v -0.524478495 0.502389133 -0.108530872
v -0.523820162 0.503997207 -0.108635113
v -0.524484217 0.505605221 -0.10857784
v -0.5260818 0.506271303 -0.108392604
v -0.52767694 0.505605221 -0.108187906
v -0.526696444 0.504833281 -0.0966284499
v -0.5260337 0.503225088 -0.0966964513
v -0.524436235 0.502559006 -0.0968824029
v -0.522839904 0.503225088 -0.0970773697
v -0.522179723 0.504833281 -0.0971671492
v -0.522842467 0.506441474 -0.0970991477
v -0.524439931 0.507107615 -0.0969131961
v -0.526036263 0.506441474 -0.0967182294
v -0.523564637 0.506379843 -0.0868829563
v -0.525170803 0.505709827 -0.086921528
v -0.52583611 0.504121363 -0.0871750414
v -0.525170803 0.50254488 -0.0874949917
v -0.523564637 0.501903951 -0.087693952
v -0.52195853 0.502573967 -0.0876553729
v -0.521293223 0.504162431 -0.0874018595
v -0.52195853 0.505738854 -0.0870819166
v -0.523553491 0.503895581 -0.0790643543
v -0.525161743 0.503258049 -0.0792574659
v -0.525827885 0.501722515 -0.079735592
v -0.525161743 0.500188529 -0.0802186504
v -0.523553491 0.499554724 -0.080423668
v -0.521945298 0.500192285 -0.0802305564
v -0.521279156 0.501727819 -0.0797524378
v -0.521945298 0.503261745 -0.0792693794
v -0.523503006 0.50144881 -0.0711492151
v -0.525109351 0.500879288 -0.0715032965
v -0.525774717 0.499438554 -0.0722185969
v -0.525109351 0.497970521 -0.0728760958
v -0.523503006 0.497335166 -0.0730906501
v -0.521896601 0.497904658 -0.0727365687
v -0.521231234 0.499345422 -0.0720212683
v -0.521896601 0.500813425 -0.0713637695
v -0.524261415 0.4972727 -0.0650752485
v -0.525858641 0.49684456 -0.065618977
v -0.526520252 0.495590121 -0.0666283295
v -0.525858641 0.494244188 -0.0675120428
v -0.524261415 0.493595243 -0.0677524433
v -0.52266413 0.494023383 -0.0672087073
v -0.522002578 0.495277822 -0.0661993548
v -0.52266413 0.496623725 -0.0653156415
v -0.527300537 0.491265684 -0.0602953173
v -0.52660954 0.489668071 -0.0603128523
v -0.525048733 0.489006311 -0.0607079938
v -0.52353245 0.489668071 -0.0612492748
v -0.522948802 0.491265684 -0.0616196208
v -0.523639798 0.492863297 -0.0616020821
v -0.525200605 0.493525058 -0.0612069406
v -0.526716888 0.492863297 -0.0606656596
v -0.518838823 0.498445243 -0.0407830663
v -0.518137932 0.496851891 -0.0407709293
v -0.516574502 0.496191889 -0.0411585458
v -0.515064359 0.496851891 -0.041718848
v -0.514492095 0.498445243 -0.0421236269
v -0.515192926 0.500038624 -0.0421357639
v -0.516756356 0.500698566 -0.0417481512
v -0.518266559 0.500038624 -0.0411878452
v -0.517206907 0.496919036 -0.0341565944
v -0.518810332 0.496401995 -0.0345945023
v -0.519474506 0.49503082 -0.0354364887
v -0.518810332 0.493608773 -0.0361893289
v -0.517206907 0.492968857 -0.0364120193
v -0.515603423 0.493485898 -0.0359741114
v -0.514939249 0.494857043 -0.0351321287
v -0.515603423 0.49627912 -0.0343792886
v -0.517760336 0.493610799 -0.0285378918
v -0.519368351 0.492962629 -0.0286934562
v -0.520034432 0.491410911 -0.0291162077
v -0.519368351 0.489864677 -0.0295585059
v -0.517760336 0.489229679 -0.0297612585
v -0.516152322 0.48987785 -0.029605696
v -0.51548624 0.491429567 -0.0291829426
v -0.516152322 0.492975801 -0.0287406445
v -0.519140005 0.490641147 -0.0192161649
v -0.518455207 0.489041209 -0.0192533359
v -0.516896427 0.488378465 -0.0196547247
v -0.515376747 0.489041209 -0.0201852024
v -0.514786303 0.490641147 -0.0205340218
v -0.515471101 0.492241114 -0.0204968508
v -0.517029881 0.492903858 -0.020095462
v -0.518549562 0.492241114 -0.0195649844
v -0.512640655 0.493981719 -0.00438616611
v -0.511941373 0.492387623 -0.00437928736
v -0.510378718 0.491727322 -0.00476926798
v -0.508867979 0.492387623 -0.00532766245
v -0.508294165 0.493981719 -0.00572737074
v -0.508993387 0.495575786 -0.00573424902
v -0.510556102 0.496236086 -0.0053442684
v -0.512066841 0.495575786 -0.00478587439
v -0.509224236 0.49619779 0.00422740541
v -0.510831296 0.495622993 0.00456980243
v -0.511496902 0.494181901 0.00528416689
v -0.510831296 0.492718697 0.00595203368
v -0.509224236 0.492090464 0.0061821756
v -0.507617235 0.492665261 0.00583977811
v -0.506951571 0.494106352 0.00512541411
v -0.507617235 0.495569557 0.00445754733
v -0.509218633 0.509798408 0.0229122303
v -0.510766923 0.509003222 0.0228872746
v -0.511408269 0.507535994 0.0235699005
v -0.510766923 0.506256104 0.0245602336
v -0.509218633 0.505913377 0.025278151
v -0.507670283 0.506708503 0.0253031068
v -0.507028997 0.50817579 0.0246204808
v -0.507670283 0.509455621 0.0236301478
v -0.517251194 0.507178009 0.0245590396
v -0.516955316 0.505569816 0.0251559187
v -0.516253829 0.504903674 0.0266030915
v -0.515557647 0.505569816 0.0280528273
v -0.515274584 0.507178009 0.0286558867
v -0.515570462 0.508786201 0.0280590076
v -0.516271949 0.509452343 0.0266118348
v -0.516968131 0.508786201 0.0251620989
v -0.524412334 0.50778985 0.0291272402
v -0.523845375 0.506183922 0.0294874348
v -0.522586584 0.505518734 0.0304889381
v -0.521373212 0.506183922 0.031545084
v -0.520916164 0.50778985 0.0320371948
v -0.521483064 0.509395778 0.0316770002
v -0.522741854 0.510060966 0.0306754969
v -0.523955226 0.509395778 0.029619351
v -0.525822699 0.508510828 0.0388868935
v -0.527430713 0.507894814 0.0386321768
v -0.528096795 0.506391168 0.0380616672
v -0.527430713 0.504880667 0.0375095643
v -0.525822699 0.504248142 0.0372992791
v -0.524214625 0.504864097 0.0375539958
v -0.523548543 0.506367803 0.0381245054
v -0.524214625 0.507878304 0.0386766084
v -0.524960101 0.502575219 0.0455131605
v -0.524320722 0.500968874 0.0453109033
v -0.522840083 0.500303447 0.0446824096
v -0.521385431 0.500968874 0.0439958386
v -0.520808876 0.502575219 0.0436533801
v -0.521448255 0.504181623 0.0438556373
v -0.522928894 0.50484699 0.044484131
v -0.524383545 0.504181623 0.045170702
v -0.515589893 0.509738743 0.0602289326
v -0.517187774 0.509161711 0.0606081337
v -0.517849684 0.507655919 0.0611779578
v -0.517187774 0.506103516 0.0616046079
v -0.515589893 0.50541383 0.0616381578
v -0.513991952 0.505990863 0.0612589568
v -0.513330102 0.507496655 0.0606891327
v -0.513991952 0.509049058 0.0602624826
v -0.521472573 0.512276947 0.0736172125
v -0.520985782 0.51072979 0.074249275
v -0.519524455 0.51008898 0.0749450251
v -0.517944694 0.51072979 0.0752969012
v -0.517171919 0.512276947 0.0750987828
v -0.51765871 0.513824046 0.0744667202
v -0.519120038 0.514464915 0.0737709701
v -0.520699799 0.513824046 0.0734190941
v -0.52403754 0.517146468 0.084919326
v -0.525603533 0.516412795 0.0847204626
v -0.526252151 0.514814138 0.0849521831
v -0.525603533 0.513287008 0.0854787529
v -0.52403754 0.512725949 0.085991703
v -0.522471607 0.513459682 0.0861905664
v -0.521822929 0.515058339 0.0859588459
v -0.522471607 0.516585469 0.0854322761
v -0.52494669 0.52017194 0.0972594097
v -0.526547074 0.519487381 0.0972419754
v -0.527209997 0.517900348 0.097510241
v -0.526547074 0.516340435 0.0979070514
v -0.52494669 0.5157215 0.098199971
v -0.523346305 0.516406059 0.0982174054
v -0.522683442 0.517993093 0.0979491398
v -0.523346305 0.519552946 0.0975523293
v -0.526395619 0.522089243 0.108303659
v -0.52799356 0.52140069 0.10825178
v -0.528655469 0.519807458 0.108483151
v -0.52799356 0.518242717 0.108862244
v -0.526395619 0.517623127 0.109166987
v -0.524797678 0.518311679 0.109218873
v -0.524135828 0.519904912 0.108987495
v -0.524797678 0.521469653 0.108608402
v -0.5275594 0.524530113 0.119807296
v -0.529161036 0.523848295 0.11980959
v -0.529824436 0.522265196 0.120098956
v -0.529161036 0.520708144 0.120505877
v -0.5275594 0.520089209 0.120791979
v -0.525957763 0.520771027 0.120789677
v -0.525294304 0.522354186 0.120500319
v -0.525957763 0.523911238 0.120093398
v -0.528569877 0.527276218 0.131697029
v -0.530167639 0.526587486 0.131642655
v -0.53082943 0.524993777 0.131871372
v -0.530167639 0.523428738 0.132249177
v -0.528569877 0.522809088 0.13255477
v -0.526972115 0.52349782 0.132609144
v -0.526310325 0.525091529 0.132380426
v -0.526972115 0.526656568 0.132002622
v -0.530165195 0.528782606 0.141992837
v -0.531766355 0.528182268 0.142318249
v -0.532429576 0.526651204 0.142814487
v -0.531766355 0.525086403 0.143190831
v -0.530165195 0.524404466 0.143226832
v -0.528563976 0.525004864 0.142901406
v -0.527900755 0.526535869 0.142405182
v -0.528563976 0.528100669 0.142028838
v -0.525984943 0.534683108 0.157948643
v -0.527552783 0.534152985 0.15848811
v -0.528202176 0.532660961 0.159106329
v -0.527552783 0.531080961 0.159441173
v -0.525984943 0.530338645 0.159296483
v -0.524417102 0.530868709 0.158757016
v -0.52376771 0.532360792 0.158138797
v -0.524417102 0.533940732 0.157803953
v -0.523280501 0.537765801 0.1710127
v -0.52488786 0.537117839 0.171176016
v -0.525553644 0.535535991 0.171466827
v -0.52488786 0.533946812 0.171714798
v -0.523280501 0.533281326 0.171774641
v -0.521673143 0.533929229 0.171611324
v -0.521007359 0.535511136 0.171320513
v -0.521673143 0.537100255 0.171072558
v -0.525247693 0.538531721 0.180481762
v -0.526854694 0.537887275 0.180661425
v -0.527520359 0.536309361 0.180973291
v -0.526854694 0.534722328 0.181234658
v -0.525247693 0.534055829 0.181292444
v -0.523640633 0.534700274 0.181112781
v -0.522975028 0.536278188 0.180800915
v -0.523640633 0.537865222 0.180539533
v -0.522400379 0.541778505 0.193233564
v -0.523970008 0.541235924 0.193755105
v -0.524620175 0.539731264 0.194341257
v -0.523970008 0.538146079 0.194648653
v -0.522400379 0.537408829 0.194497243
v -0.52083075 0.537951469 0.193975702
v -0.520180583 0.539456069 0.19338955
v -0.52083075 0.541041315 0.193082139
v -0.518909454 0.546387434 0.20760709
v -0.520482302 0.545825481 0.208097473
v -0.52113378 0.544302166 0.208631471
v -0.520482302 0.542709827 0.208896264
v -0.518909454 0.54198122 0.208736762
v -0.517336607 0.542543173 0.208246395
v -0.516685069 0.544066548 0.207712397
v -0.517336607 0.545658886 0.207447588
v -0.518972456 0.546205163 0.219986498
v -0.518299222 0.544599891 0.219985411
v -0.516702414 0.543935001 0.219789743
v -0.515117466 0.544599891 0.219514117
v -0.514472783 0.546205163 0.219319999
v -0.515146077 0.547810435 0.219321087
v -0.516742826 0.548475325 0.219516754
v -0.518327773 0.547810435 0.219792381
v -0.515961409 0.547653615 0.228430301
v -0.517566085 0.54697907 0.228430748
v -0.518230796 0.545383811 0.228222474
v -0.517566085 0.543802261 0.227927491
v -0.515961409 0.543160856 0.227718577
v -0.514356673 0.543835402 0.22771813
v -0.513691962 0.54543066 0.227926403
v -0.514356673 0.54701221 0.228221402
v -0.517920673 0.54369545 0.23577328
v -0.517260849 0.542087257 0.235681012
v -0.515665174 0.541421115 0.235480353
v -0.514068425 0.542087257 0.235288858
v -0.513405859 0.54369545 0.235218689
v -0.514065683 0.545303583 0.235310957
v -0.515661359 0.545969725 0.235511616
v -0.517258167 0.545303583 0.235703111
v -0.513711333 0.547465086 0.245762542
v -0.515281081 0.54692167 0.246282831
v -0.515931308 0.545416296 0.246866867
v -0.515281081 0.543830752 0.247172534
v -0.513711333 0.54309386 0.247020766
v -0.512141585 0.543637276 0.246500477
v -0.511491358 0.54514271 0.245916441
v -0.512141585 0.546728253 0.245610774
v -0.509535193 0.553469598 0.261234581
v -0.511133373 0.552890837 0.26161027
v -0.511795342 0.551383138 0.262174904
v -0.511133373 0.549829721 0.262597769
v -0.509535193 0.549140513 0.262631118
v -0.507937074 0.549719274 0.26225546
v -0.507275105 0.551226974 0.261690795
v -0.507937074 0.55278039 0.26126793
v -0.510565758 0.556024373 0.272290856
v -0.512163818 0.555446684 0.272668689
v -0.512825727 0.553940237 0.273236722
v -0.512163818 0.552387536 0.273662239
v -0.510565758 0.551698089 0.273695946
v -0.508967757 0.552275777 0.273318112
v -0.508305848 0.553782165 0.27275005
v -0.508967757 0.555334926 0.272324562
v -0.506383061 0.56206733 0.287707299
v -0.507948637 0.561548531 0.288264006
v -0.508597136 0.560067356 0.288908809
v -0.507948637 0.558491468 0.289263934
v -0.506383061 0.557743967 0.289121419
v -0.504817426 0.558262765 0.288564682
v -0.504168987 0.559743941 0.287919909
v -0.504817426 0.561319828 0.287564754
v -0.503756344 0.565111637 0.300149143
v -0.505363703 0.564464092 0.30031392
v -0.506029546 0.562883317 0.300610244
v -0.505363703 0.561295152 0.300864547
v -0.503756344 0.560630023 0.300927848
v -0.502148926 0.561277509 0.300763071
v -0.501483142 0.562858343 0.300466716
v -0.502148926 0.564446509 0.300212443
v -0.507791758 0.563572228 0.308630705
v -0.507074475 0.561986208 0.308644682
v -0.505550146 0.561329246 0.309169054
v -0.504111707 0.561986208 0.309896618
v -0.50360173 0.563572228 0.310401231
v -0.504319012 0.565158248 0.310387254
v -0.505843341 0.56581521 0.309862882
v -0.50728178 0.565158248 0.309135318
v -0.509608567 0.562541902 0.313795179
v -0.511211038 0.561934173 0.314099848
v -0.511874795 0.560396254 0.314573407
v -0.511211038 0.55882901 0.314938486
v -0.509608567 0.55815053 0.314981192
v -0.508006096 0.558758259 0.314676523
v -0.507342279 0.560296178 0.314202935
v -0.508006096 0.561863422 0.313837886
v -0.50361079 0.572171628 0.332638055
v -0.505210459 0.571582794 0.332990795
v -0.505873084 0.570064545 0.333525628
v -0.505210459 0.5685063 0.3339293
v -0.50361079 0.567820847 0.333965361
v -0.502011061 0.568409681 0.333612621
v -0.501348495 0.569927931 0.333077788
v -0.502011061 0.571486175 0.332674086
v -0.506907761 0.570202351 0.338962138
v -0.508515179 0.569554687 0.33912611
v -0.509180963 0.567973673 0.339421421
v -0.508515179 0.566385448 0.339675099
v -0.506907761 0.565720379 0.339738518
v -0.505300343 0.566368043 0.339574546
v -0.504634559 0.567949057 0.339279234
v -0.505300343 0.569537282 0.339025557
v -0.502945244 0.575790524 0.353447556
v -0.504550099 0.575164855 0.353698462
v -0.50521487 0.573607743 0.35410291
v -0.504550099 0.572031319 0.35442403
v -0.502945244 0.571359038 0.35447368
v -0.50134033 0.571984708 0.354222804
v -0.500675559 0.57354182 0.353818327
v -0.50134033 0.575118244 0.353497207
v -0.507561386 0.573104203 0.360738903
v -0.506866813 0.571508884 0.360789984
v -0.505336761 0.570848107 0.361292511
v -0.503867626 0.571508884 0.361952066
v -0.503319919 0.573104203 0.362382323
v -0.504014552 0.574699521 0.362331212
v -0.505544543 0.575360358 0.361828715
v -0.507013738 0.574699521 0.36116913
v -0.508433759 0.573802471 0.367424697
v -0.51003176 0.573224545 0.367802203
v -0.510693669 0.571717739 0.368369222
v -0.51003176 0.57016474 0.368793637
v -0.508433759 0.569475234 0.368826777
v -0.506835699 0.57005316 0.368449271
v -0.50617379 0.571559966 0.367882252
v -0.506835699 0.573112965 0.367457837
v -0.502458811 0.583413363 0.386006743
v -0.504060984 0.582807541 0.386316925
v -0.504724622 0.58127135 0.386796415
v -0.504060984 0.579704702 0.387164354
v -0.502458811 0.579025328 0.387205184
v -0.500856638 0.57963115 0.386895031
v -0.500193 0.58116734 0.386415541
v -0.500856638 0.582733929 0.386047602
v -0.508125246 0.577966213 0.389882326
v -0.507151604 0.576531887 0.38972497
v -0.505703211 0.575937748 0.390486151
v -0.504628599 0.576531887 0.391719967
v -0.504557192 0.577966213 0.392703682
v -0.505530894 0.579400599 0.392861038
v -0.506979227 0.579994678 0.392099857
v -0.508053839 0.579400599 0.390866011
v -0.512356997 0.574983537 0.396125346
v -0.511693537 0.573375583 0.396192104
v -0.510088503 0.57270956 0.396293879
v -0.508482099 0.573375583 0.396371096
v -0.507815301 0.574983537 0.396378487
v -0.508478761 0.576591492 0.39631176
v -0.510083795 0.577257514 0.396209985
v -0.511690199 0.576591492 0.396132767
v -0.509556115 0.578279316 0.408104628
v -0.508893073 0.576671839 0.408185184
v -0.507287741 0.576005995 0.408283502
v -0.505680442 0.576671839 0.408342004
v -0.505012751 0.578279316 0.408326387
v -0.505675793 0.579886854 0.408245832
v -0.507281125 0.580552697 0.408147514
v -0.508888364 0.579886854 0.408089012
v -0.512820125 0.575496018 0.412094057
v -0.511935532 0.574002683 0.411961794
v -0.510456324 0.573384106 0.412639558
v -0.509248912 0.574002683 0.413730294
v -0.509020686 0.575496018 0.414595097
v -0.509905219 0.576989412 0.41472736
v -0.511384487 0.577607989 0.414049596
v -0.512591898 0.576989412 0.41295886
v -0.514327884 0.575348079 0.418296754
v -0.515929222 0.574747503 0.418620855
v -0.516592562 0.573216677 0.419117659
v -0.515929222 0.571652412 0.419496149
v -0.514327884 0.570971012 0.419534624
v -0.512726486 0.571571648 0.419210494
v -0.512063205 0.573102415 0.418713689
v -0.512726486 0.574666679 0.418335199
v -0.508713067 0.584123135 0.435508162
v -0.510308325 0.583561897 0.435920954
v -0.510969102 0.58207202 0.436532378
v -0.510308325 0.580526292 0.436984241
v -0.508713067 0.57983017 0.437011898
v -0.507117867 0.580391407 0.436599106
v -0.50645709 0.581881285 0.435987711
v -0.507117867 0.583427012 0.435535818
v -0.512970209 0.581979275 0.443120271
v -0.512219429 0.58040905 0.44309181
v -0.510704696 0.579758644 0.44365114
v -0.509313464 0.58040905 0.444470555
v -0.508860588 0.581979275 0.445070118
v -0.509611428 0.5835495 0.445098579
v -0.511126101 0.584199905 0.444539279
v -0.512517393 0.5835495 0.443719834
v -0.514688492 0.581017673 0.448047638
v -0.516280651 0.580475211 0.448495746
v -0.516940176 0.579004824 0.44915387
v -0.516280651 0.577467799 0.449636459
v -0.514688492 0.576764643 0.449660867
v -0.513096273 0.577307105 0.44921276
v -0.512436807 0.578777492 0.448554665
v -0.513096273 0.580314457 0.448072046
v -0.506963909 0.59395057 0.469243228
v -0.508555591 0.59341085 0.469696552
v -0.509214878 0.591943204 0.470360994
v -0.508555591 0.590407312 0.470847338
v -0.506963909 0.589702904 0.470870703
v -0.505372286 0.590242624 0.47041738
v -0.504712999 0.591710269 0.469752938
v -0.505372286 0.593246162 0.469266593
v -0.512441933 0.588861406 0.473466128
v -0.511468589 0.587426841 0.47330901
v -0.510020256 0.586832643 0.474070191
v -0.508945405 0.587426841 0.475303769
v -0.508873641 0.588861406 0.476287127
v -0.509846985 0.59029597 0.476444244
v -0.511295319 0.590890229 0.475683063
v -0.512370169 0.59029597 0.474449486
v -0.514443219 0.587896109 0.478870094
v -0.516043305 0.587303519 0.479214698
v -0.516706049 0.585780919 0.479736775
v -0.516043305 0.584220231 0.480130494
v -0.514443219 0.583535612 0.480165213
v -0.512843132 0.584128201 0.479820579
v -0.512180328 0.585650802 0.479298502
v -0.512843132 0.58721149 0.478904814
v -0.508275151 0.597663522 0.496581793
v -0.509860873 0.597159028 0.497092903
v -0.510517657 0.595727742 0.497834563
v -0.509860873 0.594208002 0.498372346
v -0.508275151 0.593490124 0.498391241
v -0.506689489 0.593994617 0.497880131
v -0.506032646 0.595425904 0.49713847
v -0.506689489 0.596945643 0.496600688
v -0.509335697 0.599947631 0.506732166
v -0.510934591 0.599259973 0.506705701
v -0.511596918 0.597673595 0.506979406
v -0.510934591 0.596117795 0.507393003
v -0.509335697 0.595503986 0.507704139
v -0.507736802 0.596191645 0.507730603
v -0.507074475 0.597778022 0.507456899
v -0.507736802 0.599333823 0.507043302
v -0.51041764 0.601869643 0.515882611
v -0.511998534 0.601393402 0.516434133
v -0.512653351 0.599991441 0.517231524
v -0.511998534 0.598484933 0.517807603
v -0.51041764 0.597756445 0.517825007
v -0.508836806 0.598232687 0.517273426
v -0.508181989 0.599634647 0.516476095
v -0.508836806 0.601141155 0.515899956
v -0.503322065 0.613614559 0.535565615
v -0.504916787 0.613055348 0.535983086
v -0.505577326 0.611567199 0.536598861
v -0.504916787 0.61002183 0.537052274
v -0.503322065 0.609324455 0.537077665
v -0.501727343 0.609883666 0.536660194
v -0.501066744 0.611371815 0.536044419
v -0.501727343 0.612917185 0.535591006
v -0.508911908 0.608230531 0.539338708
v -0.507946372 0.606790483 0.539182782
v -0.506495118 0.606194019 0.539936543
v -0.505408168 0.606790483 0.541158378
v -0.505322337 0.608230531 0.542132616
v -0.506287813 0.60967052 0.542288542
v -0.507739127 0.610266984 0.541534841
v -0.508826017 0.60967052 0.540312946
v -0.51245445 0.605562389 0.544353545
v -0.511519909 0.604101419 0.544203997
v -0.510057271 0.603496253 0.544928372
v -0.508923411 0.604101419 0.546102345
v -0.508782387 0.605562389 0.547038198
v -0.509716928 0.607023358 0.547187746
v -0.511179566 0.607628524 0.54646337
v -0.512313426 0.607023358 0.545289397
v -0.516495287 0.602689326 0.55033344
v -0.51583159 0.601081371 0.550397635
v -0.514226377 0.600415289 0.550496459
v -0.512619913 0.601081371 0.550571918
v -0.511953175 0.602689326 0.550579846
v -0.512616873 0.60429728 0.550515652
v -0.514222085 0.604963362 0.550416887
v -0.51582855 0.60429728 0.550341368
v -0.511479855 0.608080029 0.561174393
v -0.513086915 0.607435048 0.561351895
v -0.51375258 0.605856299 0.561659515
v -0.513086915 0.60426861 0.561917007
v -0.511479855 0.603602052 0.561973512
v -0.509872854 0.604247034 0.56179601
v -0.509207189 0.605825782 0.56148839
v -0.509872854 0.607413471 0.561230958
v -0.513495684 0.608206749 0.568532884
v -0.515094101 0.607624233 0.568901479
v -0.51575619 0.606111646 0.569452822
v -0.515094101 0.60455519 0.569863975
v -0.513495684 0.603866458 0.569894016
v -0.511897266 0.604449034 0.56952548
v -0.511235178 0.605961561 0.568974137
v -0.511897266 0.607518077 0.568562984
v -0.508917689 0.614884198 0.582818508
v -0.510510445 0.614336193 0.583257675
v -0.511170208 0.612859309 0.583900869
v -0.510510445 0.611318707 0.584371328
v -0.508917689 0.610616803 0.584393501
v -0.507324874 0.611164808 0.583954394
v -0.506665111 0.612641692 0.583311141
v -0.507324874 0.614182293 0.582840681
v -0.512192011 0.614778578 0.592401028
v -0.511568367 0.613174856 0.592664003
v -0.510010064 0.612510562 0.593064785
v -0.508430064 0.613174856 0.593368649
v -0.507753789 0.614778578 0.593397558
v -0.508377492 0.61638236 0.593134582
v -0.509935737 0.617046654 0.5927338
v -0.511515796 0.61638236 0.592429936
v -0.512486219 0.616210341 0.599114656
v -0.514093459 0.615563154 0.599281907
v -0.514759243 0.613981962 0.599576592
v -0.514093459 0.612393081 0.599826157
v -0.512486219 0.611727178 0.599884331
v -0.510878921 0.612374365 0.599717081
v -0.510213196 0.613955498 0.599422395
v -0.510878921 0.615544438 0.599172831
v -0.509336054 0.620175719 0.610949397
v -0.510944009 0.619509518 0.610975742
v -0.511610091 0.617905617 0.611093938
v -0.510944009 0.616303504 0.611234725
v -0.509336054 0.615641713 0.611315668
v -0.50772804 0.616307914 0.611289382
v -0.507062018 0.617911816 0.611171186
v -0.50772804 0.619513929 0.61103034
v -0.515036523 0.615302742 0.615841866
v -0.514369845 0.613694847 0.615860462
v -0.512765229 0.613028824 0.615968287
v -0.511162519 0.613694847 0.616102219
v -0.51050061 0.615302742 0.616183698
v -0.511167228 0.616910696 0.616165102
v -0.512771904 0.617576718 0.616057217
v -0.514374614 0.616910696 0.615923345
v -0.510460794 0.619884014 0.625896573
v -0.51206857 0.619216859 0.62590605
v -0.512734532 0.617611527 0.626003265
v -0.51206857 0.616008341 0.626131237
v -0.510460794 0.615346432 0.626214981
v -0.508853018 0.616013527 0.626205504
v -0.508187056 0.617618918 0.626108348
v -0.508853018 0.619222105 0.625980377
v -0.515321553 0.616440952 0.631571949
v -0.514674067 0.614833057 0.631732345
v -0.513131022 0.614167094 0.632185698
v -0.511596262 0.614833057 0.632666409
v -0.510968864 0.616440952 0.632892966
v -0.511616349 0.618048787 0.63273263
v -0.513159394 0.61871475 0.632279277
v -0.514694154 0.618048787 0.631798506
v -0.514772832 0.619466245 0.639583945
v -0.516371131 0.618883908 0.639953375
v -0.51703316 0.617371321 0.640504718
v -0.516371131 0.615814567 0.640914917
v -0.514772832 0.615125537 0.640943766
v -0.513174534 0.615707874 0.640574336
v -0.512512505 0.617220461 0.640022993
v -0.513174534 0.618777215 0.639612794
v -0.510671794 0.625112593 0.65238589
v -0.512213826 0.624710143 0.653086185
v -0.51285249 0.623342752 0.653953552
v -0.512213826 0.62181133 0.654479802
v -0.510671794 0.621013045 0.654356718
v -0.509129822 0.621415436 0.653656423
v -0.508491158 0.622782886 0.652789056
v -0.509129822 0.624314308 0.652262807
v -0.505622208 0.632839382 0.667390466
v -0.507218957 0.632266641 0.667780995
v -0.50788033 0.630764067 0.668359756
v -0.507218957 0.629211843 0.668787718
v -0.505622208 0.628519118 0.668814123
v -0.504025459 0.629091859 0.668423593
v -0.503364027 0.630594432 0.667844832
v -0.504025459 0.632146657 0.66741693
v -0.507975936 0.632362902 0.674586177
v -0.509583175 0.631694734 0.674563229
v -0.510248899 0.630087376 0.67462039
v -0.509583175 0.628482342 0.674724221
v -0.507975936 0.627819836 0.674813926
v -0.506368697 0.628488004 0.674836874
v -0.505702972 0.630095363 0.674779713
v -0.506368697 0.631700397 0.674675882
v -0.508440197 0.631458163 0.68353802
v -0.507777035 0.629850805 0.683620274
v -0.506171405 0.629184961 0.683714032
v -0.504563868 0.629850805 0.683764458
v -0.503895998 0.631458163 0.683741927
v -0.504559159 0.633065522 0.683659673
v -0.506164789 0.633731306 0.683565915
v -0.507772326 0.633065522 0.683515549
v -0.510923922 0.630589008 0.689726591
v -0.510252595 0.62898314 0.689703465
v -0.508648217 0.628317952 0.68982029
v -0.507050633 0.62898314 0.690008581
v -0.506395698 0.630589008 0.69015801
v -0.507067084 0.632194877 0.690181077
v -0.508671463 0.632860065 0.690064251
v -0.510268986 0.632194877 0.68987602
v -0.509758592 0.630696654 0.69800818
v -0.50910008 0.629088461 0.697907269
v -0.507508159 0.62842232 0.697678745
v -0.505915403 0.629088461 0.697456419
v -0.505254745 0.630696654 0.697370589
v -0.505913258 0.632304907 0.697471559
v -0.507505178 0.632971048 0.697700083
v -0.509097934 0.632304907 0.697922409
v -0.506506681 0.632787049 0.705025971
v -0.5081141 0.63211906 0.705011308
v -0.508779883 0.630512118 0.70507884
v -0.5081141 0.628907561 0.705189049
v -0.506506681 0.628245294 0.705277383
v -0.504899263 0.628913224 0.705292046
v -0.504233479 0.630520165 0.705224454
v -0.504899263 0.632124782 0.705114245
v -0.508001745 0.633735478 0.712472737
v -0.509602368 0.633138478 0.71280694
v -0.51026541 0.63161087 0.713313818
v -0.509602368 0.6300475 0.713696539
v -0.508001745 0.629364192 0.713730812
v -0.506401122 0.629961193 0.713396668
v -0.50573808 0.6314888 0.712889731
v -0.506401122 0.63305217 0.712507069
v -0.504514992 0.638309479 0.724022925
v -0.506068826 0.637821555 0.724637568
v -0.506712437 0.636364758 0.725340128
v -0.506068826 0.634792387 0.725719035
v -0.504514992 0.634025514 0.72555232
v -0.502961218 0.634513438 0.724937677
v -0.502317607 0.635970235 0.724235117
v -0.502961218 0.637542605 0.723856211
v -0.503966153 0.639451027 0.73563689
v -0.503284752 0.637849391 0.735661983
v -0.501691341 0.637185991 0.735436201
v -0.500119269 0.637849391 0.735091746
v -0.499489456 0.639451027 0.734830379
v -0.500170887 0.641052663 0.734805286
v -0.501764297 0.641716063 0.735031068
v -0.50333637 0.641052663 0.735375524
v -0.501564801 0.639918089 0.741566181
v -0.503168762 0.639241755 0.741563618
v -0.503833115 0.637650251 0.741327345
v -0.503168762 0.636075854 0.740995646
v -0.501564801 0.635440826 0.740762949
v -0.49996081 0.63611716 0.740765512
v -0.499296427 0.637708664 0.741001785
v -0.49996081 0.639283061 0.741333425
v -0.502994418 0.637131989 0.748636246
v -0.502284944 0.635547876 0.748768151
v -0.500688255 0.634891748 0.748543978
v -0.499139726 0.635547876 0.748094976
v -0.498546392 0.637131989 0.74768424
v -0.499255866 0.638716102 0.747552335
v -0.500852525 0.639372289 0.747776508
v -0.502401054 0.638716102 0.74822551
v -0.499881238 0.64085263 0.759732842
v -0.499100089 0.639304638 0.75988692
v -0.497541696 0.638663471 0.759450495
v -0.496118963 0.639304638 0.758679271
v -0.495665282 0.64085263 0.758024991
v -0.496446431 0.642400563 0.757870913
v -0.498004794 0.64304179 0.758307278
v -0.499427557 0.642400563 0.759078562
v -0.494393289 0.64352113 0.769956291
v -0.493710786 0.641921401 0.769884169
v -0.492175698 0.641258776 0.769399881
v -0.490687281 0.641921401 0.768787026
v -0.490117371 0.64352113 0.768404603
v -0.490799874 0.645120859 0.768476725
v -0.492334962 0.645783484 0.768961072
v -0.493823409 0.645120859 0.769573927
v -0.491610557 0.644770086 0.776839137
v -0.49318403 0.644025683 0.776853085
v -0.493835777 0.642514408 0.776286185
v -0.49318403 0.641121507 0.775470555
v -0.491610557 0.640662968 0.774883986
v -0.490037084 0.641407371 0.774870098
v -0.489385337 0.642918646 0.775436997
v -0.490037084 0.644311547 0.776252568
v -0.489723086 0.639939249 0.781646669
v -0.491257221 0.639130414 0.781496942
v -0.491892666 0.63787663 0.780470133
v -0.491257221 0.636912405 0.779167593
v -0.489723086 0.636802495 0.778352439
v -0.488188982 0.63761133 0.778502107
v -0.487553537 0.638865054 0.779528916
v -0.488188982 0.639829338 0.780831456
v -0.490071774 0.634440362 0.784137487
v -0.489445359 0.634165168 0.782536864
v -0.487875968 0.633807957 0.781873882
v -0.486282974 0.633577943 0.782536864
v -0.485599488 0.633609951 0.784137487
v -0.486225933 0.633885145 0.785738111
v -0.487795293 0.634242356 0.786401093
v -0.489388317 0.63447237 0.785738111
v -0.494797438 0.623313427 0.781573236
v -0.494228065 0.622933984 0.779972613
v -0.492744058 0.622310817 0.77930963
v -0.491214782 0.621809006 0.779972613
v -0.490536034 0.6217224 0.781573236
v -0.491105437 0.622101843 0.783173859
v -0.492589444 0.62272501 0.783836842
v -0.49411872 0.623226821 0.783173859
v -0.493523896 0.620418966 0.787312388
v -0.495125711 0.619841814 0.786950231
v -0.49578923 0.61864841 0.785870612
v -0.495125711 0.617537737 0.784705997
v -0.493523896 0.617160499 0.78413856
v -0.491922081 0.617737651 0.784500718
v -0.491258562 0.618931115 0.785580337
v -0.491922081 0.620041728 0.786745012
v -0.493669033 0.614429057 0.790885091
v -0.493336171 0.612935722 0.790054858
v -0.492003798 0.612317145 0.789120913
v -0.490452409 0.612935722 0.788630307
v -0.489590794 0.614429057 0.788870394
v -0.489923686 0.615922451 0.789700568
v -0.491256058 0.616541028 0.790634513
v -0.492807448 0.615922451 0.791125178
v -0.489907861 0.613708377 0.798178852
v -0.4893004 0.612100601 0.797902942
v -0.487868458 0.611434639 0.797170699
v -0.486450911 0.612100601 0.796410978
v -0.48587808 0.613708377 0.796068907
v -0.486485541 0.615316212 0.796344817
v -0.487917453 0.615982175 0.797077119
v -0.48933503 0.615316212 0.797836781
v -0.485245317 0.614849627 0.806974828
v -0.484646678 0.613241494 0.80668211
v -0.483217984 0.612575412 0.805943668
v -0.481796175 0.613241494 0.805192053
v -0.481214106 0.614849627 0.804867625
v -0.481812775 0.61645776 0.805160344
v -0.483241439 0.617123842 0.805898786
v -0.484663248 0.61645776 0.8066504
v -0.481651753 0.613906801 0.81397295
v -0.481081724 0.612299263 0.813625276
v -0.479663551 0.61163336 0.812866628
v -0.478227973 0.612299263 0.812141478
v -0.477615923 0.613906801 0.811874568
v -0.478185952 0.615514398 0.812222242
v -0.479604125 0.616180301 0.81298089
v -0.481039703 0.615514398 0.81370604
v -0.477218688 0.614365816 0.822373569
v -0.476643682 0.612758279 0.822033882
v -0.47530961 0.612092435 0.821135521
v -0.473997951 0.612758279 0.820204735
v -0.473477036 0.614365816 0.819786847
v -0.474052042 0.615973294 0.820126534
v -0.475386113 0.616639197 0.821024895
v -0.476697773 0.615973294 0.821955621
v -0.469843775 0.614501476 0.831032932
v -0.469166607 0.612918496 0.830776274
v -0.46792528 0.612262845 0.829747021
v -0.466846913 0.612918496 0.828548133
v -0.466563225 0.614501476 0.827881873
v -0.467240393 0.616084397 0.828138471
v -0.468481719 0.616740108 0.829167724
v -0.469560087 0.616084397 0.830366611
v -0.461349308 0.61841625 0.838937163
v -0.46066913 0.616834044 0.838683844
v -0.459426135 0.616178691 0.837656438
v -0.458348423 0.616834044 0.836456776
v -0.458067328 0.61841625 0.835787594
v -0.458747506 0.619998455 0.836040914
v -0.459990501 0.620653808 0.837068319
v -0.461068213 0.619998455 0.838267982
v -0.45422098 0.618604362 0.847312033
v -0.45361343 0.617007494 0.846978664
v -0.452415705 0.616346061 0.845902562
v -0.45132941 0.617007494 0.844713986
v -0.450990915 0.618604362 0.844109297
v -0.451598465 0.62020117 0.844442666
v -0.452796191 0.620862603 0.845518768
v -0.453882486 0.62020117 0.846707344
v -0.446471363 0.620921075 0.853935063
v -0.445717245 0.619368255 0.853711426
v -0.444524646 0.618725002 0.852618635
v -0.443592191 0.619368255 0.851296961
v -0.443466097 0.620921075 0.850520492
v -0.444220215 0.622473955 0.850744188
v -0.445412815 0.623117208 0.85183692
v -0.44634527 0.622473955 0.853158653
v -0.43835327 0.624251544 0.861284614
v -0.437632501 0.622688293 0.861026049
v -0.436464816 0.622040749 0.859909177
v -0.435534209 0.622688293 0.858588278
v -0.435385823 0.624251544 0.857837081
v -0.436106563 0.625814855 0.858095646
v -0.437274247 0.62646234 0.859212458
v -0.438204855 0.625814855 0.860533416
v -0.431031048 0.625796795 0.867218316
v -0.430546284 0.624192178 0.866748929
v -0.429548025 0.623527527 0.865487278
v -0.428620994 0.624192178 0.864172339
v -0.428308278 0.625796795 0.863574445
v -0.428793013 0.627401412 0.864043832
v -0.429791301 0.628066063 0.865305483
v -0.430718303 0.627401412 0.866620421
v -0.424543083 0.625373185 0.871584356
v -0.424010843 0.623782933 0.871117532
v -0.423145324 0.623124242 0.869758427
v -0.422453552 0.623782933 0.868303239
v -0.422340721 0.625373185 0.867604315
v -0.422872961 0.626963437 0.868071139
v -0.42373848 0.627622128 0.869430184
v -0.424430281 0.626963437 0.870885432
v -0.41716668 0.628123224 0.874911249
v -0.416781217 0.62651825 0.874358475
v -0.416033894 0.625853419 0.872933805
v -0.415362477 0.62651825 0.871471822
v -0.415160298 0.628123224 0.870828927
v -0.415545762 0.629728198 0.87138176
v -0.416293085 0.630393028 0.87280643
v -0.416964501 0.629728198 0.874268413
v -0.411857039 0.626280546 0.877808034
v -0.411681145 0.62468642 0.877131283
v -0.410897076 0.62402612 0.875724375
v -0.409964144 0.62468642 0.874411464
v -0.409428805 0.626280546 0.873961627
v -0.409604728 0.627874613 0.874638379
v -0.410388798 0.628534973 0.876045227
v -0.411321729 0.627874613 0.877358139
v -0.405342579 0.626248777 0.882383645
v -0.404858053 0.624652326 0.881886899
v -0.404031456 0.623991072 0.880505025
v -0.403347015 0.624652326 0.879047513
v -0.403205663 0.626248777 0.87836808
v -0.403690189 0.627845168 0.878864825
v -0.404516786 0.628506482 0.880246758
v -0.405201226 0.627845168 0.881704271
v -0.398486048 0.628096879 0.884929657
v -0.398085922 0.626492858 0.884384692
v -0.397327185 0.625828445 0.882965863
v -0.396654278 0.626492858 0.881504416
v -0.396461397 0.628096879 0.880856395
v -0.396861523 0.629700959 0.88140136
v -0.397620261 0.630365372 0.882820189
v -0.398293167 0.629700959 0.884281635
v -0.392475337 0.627277374 0.8887797
v -0.392142445 0.625670075 0.888200164
v -0.391436785 0.625004292 0.88675487
v -0.390771747 0.625670075 0.885290384
v -0.390536875 0.627277374 0.884664714
v -0.390869766 0.628884673 0.88524425
v -0.391575426 0.629550457 0.886689544
v -0.392240465 0.628884673 0.88815397
v -0.38567242 0.628561735 0.890942097
v -0.385198206 0.626979828 0.890391827
v -0.384606659 0.626324534 0.888891518
v -0.384244323 0.626979828 0.887320042
v -0.384323418 0.628561735 0.886597991
v -0.384797633 0.630143642 0.887148261
v -0.385389179 0.630798876 0.88864851
v -0.385751545 0.630143642 0.890219986
v -0.379293919 0.629763484 0.892894506
v -0.379301131 0.62817353 0.892185986
v -0.378863066 0.627514899 0.890635371
v -0.378236324 0.62817353 0.889150918
v -0.377788037 0.629763484 0.888602257
v -0.377780825 0.631353498 0.889310718
v -0.378218889 0.632012129 0.890861332
v -0.378845632 0.631353498 0.892345786
v -0.374315381 0.62673229 0.894927025
v -0.374420702 0.62515676 0.894194484
v -0.374060333 0.624504149 0.892621458
v -0.373445362 0.62515676 0.891129494
v -0.37293604 0.62673229 0.890592456
v -0.372830719 0.628307879 0.891325057
v -0.373191088 0.62896049 0.892898083
v -0.373806059 0.628307879 0.894390047
v -0.368017972 0.627379179 0.896480501
v -0.367659867 0.625782907 0.895885766
v -0.367173702 0.625121713 0.894350588
v -0.366844326 0.625782907 0.892774403
v -0.366864622 0.627379179 0.892080426
v -0.367222726 0.628975511 0.892675221
v -0.367708862 0.629636705 0.894210339
v -0.368038267 0.628975511 0.895786524
v -0.36174649 0.628314435 0.898224473
v -0.361347169 0.626722574 0.897644222
v -0.360824049 0.626063228 0.896120489
v -0.360483587 0.626722574 0.894545913
v -0.360525191 0.628314435 0.893842757
v -0.360924512 0.629906297 0.894423008
v -0.361447632 0.630565643 0.895946681
v -0.361788094 0.629906297 0.897521317
v -0.355354071 0.62926054 0.90000838
v -0.355069011 0.627658188 0.899390876
v -0.354647875 0.626994431 0.897837758
v -0.354337335 0.627658188 0.896258771
v -0.354319334 0.62926054 0.895578921
v -0.354604393 0.630862892 0.896196425
v -0.35502553 0.631526649 0.897749543
v -0.35533607 0.630862892 0.89932853
v -0.349632502 0.629388332 0.901046693
v -0.349696755 0.627806246 0.900323451
v -0.349303454 0.627150953 0.898759484
v -0.348683 0.627806246 0.897270977
v -0.348198891 0.629388332 0.896729827
v -0.348134667 0.630970359 0.89745307
v -0.348527968 0.631625712 0.899017036
v -0.349148393 0.630970359 0.900505602
v -0.34478572 0.627114534 0.903487086
v -0.344254583 0.625524044 0.903019786
v -0.343389124 0.624865294 0.901660681
v -0.342696279 0.625524044 0.900206029
v -0.342581958 0.627114534 0.899507821
v -0.343113095 0.628705025 0.899975181
v -0.343978584 0.629363835 0.901334226
v -0.344671398 0.628705025 0.902788937
v -0.334461898 0.629813492 0.90613389
v -0.334222138 0.630829275 0.904740751
v -0.334925681 0.632313251 0.904163718
v -0.336160451 0.633396089 0.904740751
v -0.337203115 0.633443475 0.90613389
v -0.337442905 0.632427633 0.90752697
v -0.336739331 0.630943656 0.908104002
v -0.335504562 0.629860818 0.90752697
v -0.32764706 0.640349209 0.91588372
v -0.326933086 0.638783514 0.915620804
v -0.325765163 0.638135016 0.914504766
v -0.324827462 0.638783514 0.913189352
v -0.324669242 0.640349209 0.912445188
v -0.325383216 0.641914845 0.912708104
v -0.326551139 0.642563343 0.913824141
v -0.32748884 0.641914845 0.915139496
v -0.322876424 0.636087358 0.920358658
v -0.32290706 0.63457948 0.919489384
v -0.322099566 0.633954942 0.918079436
v -0.320926994 0.63457948 0.916954696
v -0.320076197 0.636087358 0.916773975
v -0.320045561 0.637595177 0.917643249
v -0.320853025 0.638219774 0.919053197
v -0.322025597 0.637595177 0.920177937
v -0.316937208 0.635387063 0.92425102
v -0.316546559 0.633778811 0.923711419
v -0.31561017 0.633112669 0.922403932
v -0.314676553 0.633778811 0.921094418
v -0.314292639 0.635387063 0.920550048
v -0.314683288 0.636995256 0.92108959
v -0.315619707 0.637661397 0.922397137
v -0.316553295 0.636995256 0.923706591
v -0.310343474 0.636126399 0.929310858
v -0.309672773 0.634562731 0.928943098
v -0.308692396 0.633915067 0.927658737
v -0.307976633 0.634562731 0.926210225
v -0.307944804 0.636126399 0.925445914
v -0.308615535 0.637690067 0.925813675
v -0.309595913 0.638337731 0.927097976
v -0.310311645 0.637690067 0.928546548
v -0.303197742 0.639230549 0.932783365
v -0.302573889 0.637656331 0.932379723
v -0.301633239 0.637004316 0.931068182
v -0.300926775 0.637656331 0.929617047
v -0.300868362 0.639230549 0.928876281
v -0.301492214 0.640804708 0.929279923
v -0.302432865 0.641456783 0.930591464
v -0.303139299 0.640804708 0.932042658
v -0.297228128 0.639358997 0.937115848
v -0.296754956 0.637753427 0.936637998
v -0.295760155 0.637088358 0.935373783
v -0.294826537 0.637753427 0.934063792
v -0.294500947 0.639358997 0.933475316
v -0.294974148 0.640964568 0.933953166
v -0.29596892 0.641629636 0.93521744
v -0.296902567 0.640964568 0.936527431
v -0.2907767 0.640134454 0.942103624
v -0.290355176 0.638526618 0.941586494
v -0.289396703 0.637860656 0.940294981
v -0.288462788 0.638526618 0.938985646
v -0.288100481 0.640134454 0.938425422
v -0.288522035 0.641742229 0.938942552
v -0.289480507 0.642408192 0.940234065
v -0.290414423 0.641742229 0.9415434
v -0.28465122 0.639706314 0.946247339
v -0.284102976 0.638118505 0.945790827
v -0.28322494 0.637460828 0.944439292
v -0.2825315 0.638118505 0.942984402
v -0.282428831 0.639706314 0.942278445
v -0.282977104 0.641294122 0.942734897
v -0.28385514 0.641951859 0.944086432
v -0.284548581 0.641294122 0.945541322
v -0.277653843 0.64249289 0.949466884
v -0.277255386 0.640888751 0.948920965
v -0.276498199 0.640224278 0.947501302
v -0.275825858 0.640888751 0.946039617
v -0.275632203 0.64249289 0.945392072
v -0.27603066 0.64409703 0.945937991
v -0.276787847 0.644761503 0.947357595
v -0.277460188 0.64409703 0.948819339
v -0.27237922 0.640675843 0.952338994
v -0.271958292 0.639073312 0.951805353
v -0.271182984 0.638409495 0.950395226
v -0.270507455 0.639073312 0.948934734
v -0.270327419 0.640675843 0.948279321
v -0.270748317 0.642278433 0.948812962
v -0.271523654 0.64294219 0.950223088
v -0.272199184 0.642278433 0.951683581
v -0.265346736 0.643646717 0.955684483
v -0.265069783 0.642038524 0.955078602
v -0.264408708 0.641372383 0.953612566
v -0.263750732 0.642038524 0.9521451
v -0.263481289 0.643646717 0.951535821
v -0.263758212 0.64525497 0.952141702
v -0.264419317 0.645921111 0.953607798
v -0.265077293 0.64525497 0.955075264
v -0.260537714 0.640708745 0.957666099
v -0.260261536 0.639100552 0.95705992
v -0.259600818 0.63843441 0.955593646
v -0.258942634 0.639100552 0.954126298
v -0.258672506 0.640708745 0.953517377
v -0.258948684 0.642316997 0.954123557
v -0.259609401 0.642983139 0.955589831
v -0.260267586 0.642316997 0.957057178
v -0.253661811 0.643673301 0.96093756
v -0.253340453 0.642065704 0.960352421
v -0.25264439 0.641399801 0.958902538
v -0.251981318 0.642065704 0.957437217
v -0.251739681 0.643673301 0.956814885
v -0.252061039 0.645280957 0.957400084
v -0.252757132 0.64594686 0.958849967
v -0.253420174 0.645280957 0.960315228
v -0.248717263 0.641066015 0.963177443
v -0.248416483 0.639458001 0.962582469
v -0.247736394 0.638791978 0.961125135
v -0.247075394 0.639458001 0.95965898
v -0.246820688 0.641066015 0.959042907
v -0.247121468 0.642674088 0.959637821
v -0.247801542 0.643340111 0.961095214
v -0.248462543 0.642674088 0.962561369
v -0.241879568 0.64387691 0.966342092
v -0.241622657 0.642268717 0.965727329
v -0.240977317 0.641602576 0.96425426
v -0.240321591 0.642268717 0.96278578
v -0.240039587 0.64387691 0.962182105
v -0.240296498 0.645485044 0.962796867
v -0.240941823 0.646151185 0.964269996
v -0.241597548 0.645485044 0.965738475
v -0.237090185 0.640957773 0.96832031
v -0.236827284 0.63934958 0.96770817
v -0.236177042 0.638683438 0.966237247
v -0.235520363 0.63934958 0.964769244
v -0.235241905 0.640957773 0.964164019
v -0.235504791 0.642565966 0.964776158
v -0.236155033 0.643232107 0.966247082
v -0.236811727 0.642565966 0.967715085
v -0.230262578 0.643809736 0.971507788
v -0.229533166 0.642284214 0.971094489
v -0.228708863 0.641652286 0.969697535
v -0.228272542 0.642284214 0.968135357
v -0.228479773 0.643809736 0.967323005
v -0.229209185 0.645335257 0.967736363
v -0.230033487 0.645967126 0.969133258
v -0.230469823 0.645335257 0.970695436
v -0.223803863 0.645748496 0.973980248
v -0.223664165 0.644144475 0.973318636
v -0.223110661 0.643480122 0.971807837
v -0.222467601 0.644144475 0.97033304
v -0.222111672 0.645748496 0.969758034
v -0.222251371 0.647352517 0.970419705
v -0.222804874 0.64801687 0.971930444
v -0.223447934 0.647352517 0.973405242
v -0.218899712 0.642931402 0.976060212
v -0.218901679 0.641340733 0.975353122
v -0.218459472 0.640681863 0.973803818
v -0.217832118 0.641340733 0.972319722
v -0.217387125 0.642931402 0.971770287
v -0.217385158 0.644522071 0.972477317
v -0.217827365 0.645180941 0.97402668
v -0.218454704 0.644522071 0.975510776
v -0.212654293 0.644030511 0.977905035
v -0.212288812 0.642435312 0.97731179
v -0.211802185 0.641774595 0.975776613
v -0.21147947 0.642435312 0.974198818
v -0.211509719 0.644030511 0.973502636
v -0.2118752 0.645625651 0.974095941
v -0.212361827 0.646286428 0.975631118
v -0.212684542 0.645625651 0.977208912
v -0.206977069 0.644503057 0.979164243
v -0.207063168 0.642924309 0.978435934
v -0.206687599 0.642270386 0.97686702
v -0.206070364 0.642924309 0.975376546
v -0.205573037 0.644503057 0.974837601
v -0.205486938 0.646081746 0.975565851
v -0.205862492 0.646735668 0.977134764
v -0.206479728 0.646081746 0.978625238
v -0.202200219 0.641850591 0.981299639
v -0.202147692 0.640253782 0.980608582
v -0.201662391 0.63959235 0.979073286
v -0.201028571 0.640253782 0.977593124
v -0.200617537 0.641850591 0.977035105
v -0.200670063 0.643447399 0.977726161
v -0.201155365 0.644108832 0.979261458
v -0.201789185 0.643447399 0.98074162
v -0.196074277 0.643103421 0.983212292
v -0.195486933 0.641542614 0.982713282
v -0.19479984 0.640896082 0.981250405
v -0.19441551 0.641542614 0.979680538
v -0.194559053 0.643103421 0.978923321
v -0.195146397 0.644664228 0.979422331
v -0.195833474 0.64531076 0.980885267
v -0.19621782 0.644664228 0.982455075
v -0.189872012 0.645134151 0.985647142
v -0.189599216 0.643525958 0.985039413
v -0.188940778 0.642859757 0.983572125
v -0.188282371 0.643525958 0.982104897
v -0.188009709 0.645134151 0.981497109
v -0.188282505 0.646742404 0.982104838
v -0.188940942 0.647408545 0.983572066
v -0.18959935 0.646742404 0.985039353
v -0.184653625 0.643103957 0.988340557
v -0.184593767 0.641506433 0.987651765
v -0.18410255 0.640844703 0.986118436
v -0.183467686 0.641506433 0.98463887
v -0.183061108 0.643103957 0.984079659
v -0.183120951 0.644701481 0.98476845
v -0.183612183 0.645363212 0.98630172
v -0.184247032 0.644701481 0.987781346
v -0.17856662 0.643782854 0.989862144
v -0.178225249 0.64218533 0.989260793
v -0.177760869 0.641523659 0.987719178
v -0.177445501 0.64218533 0.986140311
v -0.177463889 0.643782854 0.985449076
v -0.17780526 0.645380318 0.986050427
v -0.178269655 0.646042049 0.987592041
v -0.178585008 0.645380318 0.989170909
v -0.172755793 0.644502461 0.99132812
v -0.172368139 0.642909765 0.990742326
v -0.171862781 0.642250061 0.989212811
v -0.17153576 0.642909765 0.987635493
v -0.171578631 0.644502461 0.986934364
v -0.171966299 0.646095216 0.987520099
v -0.172471642 0.64675492 0.989049673
v -0.172798663 0.646095216 0.990626991
v -0.167525843 0.64549011 0.992681861
v -0.166731969 0.64396292 0.992421865
v -0.165643707 0.643330336 0.991219521
v -0.164898545 0.64396292 0.989779115
v -0.164932996 0.64549011 0.988944471
v -0.16572687 0.6470173 0.989204466
v -0.166815132 0.647649884 0.990406871
v -0.167560294 0.6470173 0.991847217
v -0.160651088 0.649864852 0.999738991
v -0.159899175 0.648298204 0.999637187
v -0.158514202 0.647649288 0.998806
v -0.157307461 0.648298204 0.997732282
v -0.156985849 0.649864852 0.9970451
v -0.157737762 0.651431501 0.997146845
v -0.159122735 0.652080417 0.997978032
v -0.160329476 0.651431501 0.99905175
v -0.157409385 0.649628043 1.00664687
v -0.156970397 0.648023903 1.00613308
v -0.15576455 0.647359431 1.00506783
v -0.154498205 0.648023903 1.00407541
v -0.15391317 0.649628043 1.00373697
v -0.154352143 0.651232183 1.00425088
v -0.15555799 0.651896656 1.00531602
v -0.156824335 0.651232183 1.00630856
v -0.151263818 0.648901939 1.010782
v -0.151333839 0.647357523 1.00998187
v -0.15071775 0.646717846 1.00848472
v -0.149776444 0.647357523 1.00716758
v -0.149061307 0.648901939 1.00680208
v -0.148991287 0.650446296 1.0076021
v -0.149607375 0.651085973 1.00909925
v -0.150548682 0.650446296 1.01041639
v -0.146132976 0.644068003 1.01088011
v -0.145582631 0.644581318 1.00931048
v -0.144915208 0.646051705 1.00866032
v -0.144521669 0.647617757 1.00931048
v -0.144632548 0.64836216 1.01088011
v -0.145182893 0.647848785 1.01244974
v -0.145850316 0.646378458 1.01309991
v -0.146243855 0.644812346 1.01244974
v -0.140895888 0.645404637 1.01330745
v -0.140918672 0.64381659 1.01259482
v -0.140493229 0.643158793 1.01104033
v -0.139868766 0.64381659 1.00955451
v -0.139411107 0.645404637 1.00900781
v -0.139388323 0.646992624 1.00972044
v -0.139813781 0.647650421 1.01127493
v -0.140438229 0.646992624 1.01276064
v -0.135593176 0.644418359 1.01666522
v -0.134926632 0.642876327 1.01620924
v -0.134168878 0.642237544 1.01477814
v -0.133763805 0.642876327 1.0132103
v -0.133948684 0.644418359 1.01242411
v -0.134615228 0.645960391 1.01288021
v -0.135372981 0.646599114 1.01431119
v -0.135778055 0.645960391 1.01587903
v -0.126434609 0.647481561 1.01597393
v -0.126190037 0.648462653 1.014557
v -0.126848951 0.6499632 1.01397002
v -0.128025383 0.651104093 1.014557
v -0.129030183 0.651217103 1.01597393
v -0.129274756 0.650235951 1.01739085
v -0.128615841 0.648735464 1.01797783
v -0.127439409 0.647594571 1.01739085
v -0.121650107 0.65453732 1.02582335
v -0.12104772 0.652945995 1.02545595
v -0.119953334 0.652286887 1.02427351
v -0.119008034 0.652945995 1.02296889
v -0.118765555 0.65453732 1.0223062
v -0.119367942 0.656128585 1.02267373
v -0.120462321 0.656787694 1.02385604
v -0.121407628 0.656128585 1.02516067
v -0.116408996 0.649555922 1.0259763
v -0.115888499 0.650061011 1.02439392
v -0.115161717 0.651500583 1.0237385
v -0.114654392 0.65303129 1.02439392
v -0.114663705 0.653756499 1.0259763
v -0.11518421 0.65325141 1.0275588
v -0.115910992 0.651811898 1.02821422
v -0.116418317 0.650281131 1.0275588
v -0.111047588 0.648291588 1.0259763
v -0.110913008 0.648944974 1.02436852
v -0.110519081 0.650504291 1.0237025
v -0.110096566 0.652056098 1.02436852
v -0.109892957 0.652691364 1.0259763
v -0.110027537 0.652037978 1.0275842
v -0.110421464 0.650478661 1.02825022
v -0.110843986 0.648926854 1.0275842
v -0.104954317 0.649024487 1.02795219
v -0.105332479 0.647431791 1.02736032
v -0.105813481 0.646772027 1.02582288
v -0.106115565 0.647431791 1.02424061
v -0.106061772 0.649024487 1.02354038
v -0.10568361 0.650617242 1.02413225
v -0.105202608 0.651276946 1.02566957
v -0.104900524 0.650617242 1.02725184
v -0.0994001627 0.6490165 1.02552235
v -0.0995750949 0.647410035 1.02487516
v -0.10013812 0.646744609 1.02336836
v -0.100759432 0.647410035 1.02188468
v -0.101075061 0.6490165 1.02129316
v -0.100900128 0.650622904 1.02194047
v -0.100337103 0.651288331 1.02344716
v -0.0997157991 0.650622904 1.02493083
v -0.0944627002 0.64956826 1.0237484
v -0.0945620164 0.647960067 1.02308965
v -0.0947859958 0.647293925 1.02149701
v -0.0950034335 0.647960067 1.01990366
v -0.095086962 0.64956826 1.01924264
v -0.0949876457 0.651176453 1.01990139
v -0.0947636664 0.651842594 1.02149391
v -0.0945462286 0.651176453 1.02308738
v -0.0910630152 0.648962855 1.02359211
v -0.0905779526 0.647355258 1.0231334
v -0.0894722492 0.646689355 1.02196538
v -0.0883936062 0.647355258 1.02077246
v -0.0879738778 0.648962855 1.02025318
v -0.0884589404 0.650570452 1.0207119
v -0.0895646513 0.651236355 1.02187991
v -0.0906432942 0.650570452 1.02307296
v -0.0881165937 0.649894834 1.03058898
v -0.0873449519 0.648334682 1.03061509
v -0.0858537182 0.647688448 1.02999163
v -0.0845164284 0.648334682 1.02908373
v -0.0841164589 0.649894834 1.02842331
v -0.0848881006 0.651454926 1.0283972
v -0.0863793418 0.652101159 1.02902067
v -0.0877166241 0.651454926 1.02992857
v -0.0837833136 0.652780652 1.03702474
v -0.0833334625 0.6511724 1.03653336
v -0.0822510123 0.650506258 1.035344
v -0.0811700448 0.6511724 1.03415322
v -0.0807237849 0.652780652 1.03365862
v -0.081173636 0.654388845 1.03415
v -0.0822560936 0.655054986 1.03533936
v -0.0833370537 0.654388845 1.03653014
v -0.0792396963 0.64833343 1.0372448
v -0.0786123201 0.64864254 1.03565073
v -0.07739342 0.649695337 1.03499055
v -0.0762970001 0.650875211 1.03565073
v -0.0759653375 0.651490927 1.0372448
v -0.0765927061 0.651181817 1.03883886
v -0.0778116062 0.65012902 1.03949916
v -0.0789080262 0.648949146 1.03883886
v -0.0755469948 0.642549276 1.03694773
v -0.0749195293 0.642858326 1.03535378
v -0.073700726 0.643911242 1.03469348
v -0.072604537 0.645091295 1.03535378
v -0.0722731054 0.64570725 1.03694773
v -0.0729005709 0.6453982 1.03854179
v -0.0741193742 0.644345284 1.03920209
v -0.0752155632 0.643165231 1.03854179
v -0.0706151053 0.639434695 1.03885341
v -0.0702218339 0.639972448 1.03724515
v -0.0692610145 0.641262114 1.03657901
v -0.0682954788 0.642548203 1.03724515
v -0.0678908303 0.643077433 1.03885341
v -0.0682841018 0.64253968 1.04046166
v -0.0692449212 0.641250074 1.0411278
v -0.0702104568 0.639963925 1.04046166
v -0.0665586442 0.635800958 1.03689885
v -0.0665075555 0.636648417 1.03537917
v -0.0655990019 0.637993217 1.03474975
v -0.0643652156 0.639047563 1.03537917
v -0.0635289177 0.639193892 1.03689885
v -0.0635800064 0.638346434 1.03841853
v -0.0644885525 0.637001634 1.03904796
v -0.0657223463 0.635947287 1.03841853
f 1 2 10
f 1 10 9
f 2 3 11
f 2 11 10
f 3 4 12
f 3 12 11
f 4 5 13
f 4 13 12
f 5 6 14
f 5 14 13
f 6 7 15
f 6 15 14
f 7 8 16
f 7 16 15
f 8 1 9
f 8 9 16
f 9 10 18
f 9 18 17
f 10 11 19
f 10 19 18
f 11 12 20
f 11 20 19
f 12 13 21
f 12 21 20
f 13 14 22
f 13 22 21
f 14 15 23
f 14 23 22
f 15 16 24
f 15 24 23
f 16 9 17
f 16 17 24
f 17 18 26
f 17 26 25
f 18 19 27
f 18 27 26
f 19 20 28
f 19 28 27
f 20 21 29
f 20 29 28
f 21 22 30
f 21 30 29
f 22 23 31
f 22 31 30
f 23 24 32
f 23 32 31
f 24 17 25
f 24 25 32
f 25 26 34
f 25 34 33
f 26 27 35
f 26 35 34
f 27 28 36
f 27 36 35
f 28 29 37
f 28 37 36
f 29 30 38
f 29 38 37
f 30 31 39
f 30 39 38
f 31 32 40
f 31 40 39
f 32 25 33
f 32 33 40
f 33 34 42
f 33 42 41
f 34 35 43
f 34 43 42
f 35 36 44
f 35 44 43
f 36 37 45
f 36 45 44
f 37 38 46
f 37 46 45
f 38 39 47
f 38 47 46
f 39 40 48
f 39 48 47
f 40 33 41
f 40 41 48
f 41 42 50
f 41 50 49
f 42 43 51
f 42 51 50
f 43 44 52
f 43 52 51
f 44 45 53
f 44 53 52
f 45 46 54
f 45 54 53
f 46 47 55
f 46 55 54
f 47 48 56
f 47 56 55
f 48 41 49
f 48 49 56
f 49 50 58
f 49 58 57
f 50 51 59
f 50 59 58
f 51 52 60
f 51 60 59
f 52 53 61
f 52 61 60
f 53 54 62
f 53 62 61
f 54 55 63
f 54 63 62
f 55 56 64
f 55 64 63
f 56 49 57
f 56 57 64
f 57 58 66
f 57 66 65
f 58 59 67
f 58 67 66
f 59 60 68
f 59 68 67
f 60 61 69
f 60 69 68
f 61 62 70
f 61 70 69
f 62 63 71
f 62 71 70
f 63 64 72
f 63 72 71
f 64 57 65
f 64 65 72
f 65 66 74
f 65 74 73
f 66 67 75
f 66 75 74
f 67 68 76
f 67 76 75
f 68 69 77
f 68 77 76
f 69 70 78
f 69 78 77
f 70 71 79
f 70 79 78
f 71 72 80
f 71 80 79
f 72 65 73
f 72 73 80
f 73 74 82
f 73 82 81
f 74 75 83
f 74 83 82
f 75 76 84
f 75 84 83
f 76 77 85
f 76 85 84
f 77 78 86
f 77 86 85
f 78 79 87
f 78 87 86
f 79 80 88
f 79 88 87
f 80 73 81
f 80 81 88
f 81 82 90
f 81 90 89
f 82 83 91
f 82 91 90
f 83 84 92
f 83 92 91
f 84 85 93
f 84 93 92
f 85 86 94
f 85 94 93
f 86 87 95
f 86 95 94
f 87 88 96
f 87 96 95
f 88 81 89
f 88 89 96
f 89 90 98
f 89 98 97
f 90 91 99
f 90 99 98
f 91 92 100
f 91 100 99
f 92 93 101
f 92 101 100
f 93 94 102
f 93 102 101
f 94 95 103
f 94 103 102
f 95 96 104
f 95 104 103
f 96 89 97
f 96 97 104
f 97 98 106
f 97 106 105
f 98 99 107
f 98 107 106
f 99 100 108
f 99 108 107
f 100 101 109
f 100 109 108
f 101 102 110
f 101 110 109
f 102 103 111
f 102 111 110
f 103 104 112
f 103 112 111
f 104 97 105
f 104 105 112
f 105 106 114
f 105 114 113
f 106 107 115
f 106 115 114
f 107 108 116
f 107 116 115
f 108 109 117
f 108 117 116
f 109 110 118
f 109 118 117
f 110 111 119
f 110 119 118
f 111 112 120
f 111 120 119
f 112 105 113
f 112 113 120
f 113 114 122
f 113 122 121
f 114 115 123
f 114 123 122
f 115 116 124
f 115 124 123
f 116 117 125
f 116 125 124
f 117 118 126
f 117 126 125
f 118 119 127
f 118 127 126
f 119 120 128
f 119 128 127
f 120 113 121
f 120 121 128
f 121 122 130
f 121 130 129
f 122 123 131
f 122 131 130
f 123 124 132
f 123 132 131
f 124 125 133
f 124 133 132
f 125 126 134
f 125 134 133
f 126 127 135
f 126 135 134
f 127 128 136
f 127 136 135
f 128 121 129
f 128 129 136
f 129 130 138
f 129 138 137
f 130 131 139
f 130 139 138
f 131 132 140
f 131 140 139
f 132 133 141
f 132 141 140
f 133 134 142
f 133 142 141
f 134 135 143
f 134 143 142
f 135 136 144
f 135 144 143
f 136 129 137
f 136 137 144
f 137 138 146
f 137 146 145
f 138 139 147
f 138 147 146
f 139 140 148
f 139 148 147
f 140 141 149
f 140 149 148
f 141 142 150
f 141 150 149
f 142 143 151
f 142 151 150
f 143 144 152
f 143 152 151
f 144 137 145
f 144 145 152
f 145 146 154
f 145 154 153
f 146 147 155
f 146 155 154
f 147 148 156
f 147 156 155
f 148 149 157
f 148 157 156
f 149 150 158
f 149 158 157
f 150 151 159
f 150 159 158
f 151 152 160
f 151 160 159
f 152 145 153
f 152 153 160
f 153 154 162
f 153 162 161
f 154 155 163
f 154 163 162
f 155 156 164
f 155 164 163
f 156 157 165
f 156 165 164
f 157 158 166
f 157 166 165
f 158 159 167
f 158 167 166
f 159 160 168
f 159 168 167
f 160 153 161
f 160 161 168
f 161 162 170
f 161 170 169
f 162 163 171
f 162 171 170
f 163 164 172
f 163 172 171
f 164 165 173
f 164 173 172
f 165 166 174
f 165 174 173
f 166 167 175
f 166 175 174
f 167 168 176
f 167 176 175
f 168 161 169
f 168 169 176
f 169 170 178
f 169 178 177
f 170 171 179
f 170 179 178
f 171 172 180
f 171 180 179
f 172 173 181
f 172 181 180
f 173 174 182
f 173 182 181
f 174 175 183
f 174 183 182
f 175 176 184
f 175 184 183
f 176 169 177
f 176 177 184
f 177 178 186
f 177 186 185
f 178 179 187
f 178 187 186
f 179 180 188
f 179 188 187
f 180 181 189
f 180 189 188
f 181 182 190
f 181 190 189
f 182 183 191
f 182 191 190
f 183 184 192
f 183 192 191
f 184 177 185
f 184 185 192
f 185 186 194
f 185 194 193
f 186 187 195
f 186 195 194
f 187 188 196
f 187 196 195
f 188 189 197
f 188 197 196
f 189 190 198
f 189 198 197
f 190 191 199
f 190 199 198
f 191 192 200
f 191 200 199
f 192 185 193
f 192 193 200
f 193 194 202
f 193 202 201
f 194 195 203
f 194 203 202
f 195 196 204
f 195 204 203
f 196 197 205
f 196 205 204
f 197 198 206
f 197 206 205
f 198 199 207
f 198 207 206
f 199 200 208
f 199 208 207
f 200 193 201
f 200 201 208
f 201 202 210
f 201 210 209
f 202 203 211
f 202 211 210
f 203 204 212
f 203 212 211
f 204 205 213
f 204 213 212
f 205 206 214
f 205 214 213
f 206 207 215
f 206 215 214
f 207 208 216
f 207 216 215
f 208 201 209
f 208 209 216
f 209 210 218
f 209 218 217
f 210 211 219
f 210 219 218
f 211 212 220
f 211 220 219
f 212 213 221
f 212 221 220
f 213 214 222
f 213 222 221
f 214 215 223
f 214 223 222
f 215 216 224
f 215 224 223
f 216 209 217
f 216 217 224
f 217 218 226
f 217 226 225
f 218 219 227
f 218 227 226
f 219 220 228
f 219 228 227
f 220 221 229
f 220 229 228
f 221 222 230
f 221 230 229
f 222 223 231
f 222 231 230
f 223 224 232
f 223 232 231
f 224 217 225
f 224 225 232
f 225 226 234
f 225 234 233
f 226 227 235
f 226 235 234
f 227 228 236
f 227 236 235
f 228 229 237
f 228 237 236
f 229 230 238
f 229 238 237
f 230 231 239
f 230 239 238
f 231 232 240
f 231 240 239
f 232 225 233
f 232 233 240
f 233 234 242
f 233 242 241
f 234 235 243
f 234 243 242
f 235 236 244
f 235 244 243
f 236 237 245
f 236 245 244
f 237 238 246
f 237 246 245
f 238 239 247
f 238 247 246
f 239 240 248
f 239 248 247
f 240 233 241
f 240 241 248
f 241 242 250
f 241 250 249
f 242 243 251
f 242 251 250
f 243 244 252
f 243 252 251
f 244 245 253
f 244 253 252
f 245 246 254
f 245 254 253
f 246 247 255
f 246 255 254
f 247 248 256
f 247 256 255
f 248 241 249
f 248 249 256
f 249 250 258
f 249 258 257
f 250 251 259
f 250 259 258
f 251 252 260
f 251 260 259
f 252 253 261
f 252 261 260
f 253 254 262
f 253 262 261
f 254 255 263
f 254 263 262
f 255 256 264
f 255 264 263
f 256 249 257
f 256 257 264
f 257 258 266
f 257 266 265
f 258 259 267
f 258 267 266
f 259 260 268
f 259 268 267
f 260 261 269
f 260 269 268
f 261 262 270
f 261 270 269
f 262 263 271
f 262 271 270
f 263 264 272
f 263 272 271
f 264 257 265
f 264 265 272
f 265 266 274
f 265 274 273
f 266 267 275
f 266 275 274
f 267 268 276
f 267 276 275
f 268 269 277
f 268 277 276
f 269 270 278
f 269 278 277
f 270 271 279
f 270 279 278
f 271 272 280
f 271 280 279
f 272 265 273
f 272 273 280
f 273 274 282
f 273 282 281
f 274 275 283
f 274 283 282
f 275 276 284
f 275 284 283
f 276 277 285
f 276 285 284
f 277 278 286
f 277 286 285
f 278 279 287
f 278 287 286
f 279 280 288
f 279 288 287
f 280 273 281
f 280 281 288
f 281 282 290
f 281 290 289
f 282 283 291
f 282 291 290
f 283 284 292
f 283 292 291
f 284 285 293
f 284 293 292
f 285 286 294
f 285 294 293
f 286 287 295
f 286 295 294
f 287 288 296
f 287 296 295
f 288 281 289
f 288 289 296
f 289 290 298
f 289 298 297
f 290 291 299
f 290 299 298
f 291 292 300
f 291 300 299
f 292 293 301
f 292 301 300
f 293 294 302
f 293 302 301
f 294 295 303
f 294 303 302
f 295 296 304
f 295 304 303
f 296 289 297
f 296 297 304
f 297 298 306
f 297 306 305
f 298 299 307
f 298 307 306
f 299 300 308
f 299 308 307
f 300 301 309
f 300 309 308
f 301 302 310
f 301 310 309
f 302 303 311
f 302 311 310
f 303 304 312
f 303 312 311
f 304 297 305
f 304 305 312
f 305 306 314
f 305 314 313
f 306 307 315
f 306 315 314
f 307 308 316
f 307 316 315
f 308 309 317
f 308 317 316
f 309 310 318
f 309 318 317
f 310 311 319
f 310 319 318
f 311 312 320
f 311 320 319
f 312 305 313
f 312 313 320
f 313 314 322
f 313 322 321
f 314 315 323
f 314 323 322
f 315 316 324
f 315 324 323
f 316 317 325
f 316 325 324
f 317 318 326
f 317 326 325
f 318 319 327
f 318 327 326
f 319 320 328
f 319 328 327
f 320 313 321
f 320 321 328
f 321 322 330
f 321 330 329
f 322 323 331
f 322 331 330
f 323 324 332
f 323 332 331
f 324 325 333
f 324 333 332
f 325 326 334
f 325 334 333
f 326 327 335
f 326 335 334
f 327 328 336
f 327 336 335
f 328 321 329
f 328 329 336
f 329 330 338
f 329 338 337
f 330 331 339
f 330 339 338
f 331 332 340
f 331 340 339
f 332 333 341
f 332 341 340
f 333 334 342
f 333 342 341
f 334 335 343
f 334 343 342
f 335 336 344
f 335 344 343
f 336 329 337
f 336 337 344
f 337 338 346
f 337 346 345
f 338 339 347
f 338 347 346
f 339 340 348
f 339 348 347
f 340 341 349
f 340 349 348
f 341 342 350
f 341 350 349
f 342 343 351
f 342 351 350
f 343 344 352
f 343 352 351
f 344 337 345
f 344 345 352
f 345 346 354
f 345 354 353
f 346 347 355
f 346 355 354
f 347 348 356
f 347 356 355
f 348 349 357
f 348 357 356
f 349 350 358
f 349 358 357
f 350 351 359
f 350 359 358
f 351 352 360
f 351 360 359
f 352 345 353
f 352 353 360
f 353 354 362
f 353 362 361
f 354 355 363
f 354 363 362
f 355 356 364
f 355 364 363
f 356 357 365
f 356 365 364
f 357 358 366
f 357 366 365
f 358 359 367
f 358 367 366
f 359 360 368
f 359 368 367
f 360 353 361
f 360 361 368
f 361 362 370
f 361 370 369
f 362 363 371
f 362 371 370
f 363 364 372
f 363 372 371
f 364 365 373
f 364 373 372
f 365 366 374
f 365 374 373
f 366 367 375
f 366 375 374
f 367 368 376
f 367 376 375
f 368 361 369
f 368 369 376
f 369 370 378
f 369 378 377
f 370 371 379
f 370 379 378
f 371 372 380
f 371 380 379
f 372 373 381
f 372 381 380
f 373 374 382
f 373 382 381
f 374 375 383
f 374 383 382
f 375 376 384
f 375 384 383
f 376 369 377
f 376 377 384
f 377 378 386
f 377 386 385
f 378 379 387
f 378 387 386
f 379 380 388
f 379 388 387
f 380 381 389
f 380 389 388
f 381 382 390
f 381 390 389
f 382 383 391
f 382 391 390
f 383 384 392
f 383 392 391
f 384 377 385
f 384 385 392
f 385 386 394
f 385 394 393
f 386 387 395
f 386 395 394
f 387 388 396
f 387 396 395
f 388 389 397
f 388 397 396
f 389 390 398
f 389 398 397
f 390 391 399
f 390 399 398
f 391 392 400
f 391 400 399
f 392 385 393
f 392 393 400
f 393 394 402
f 393 402 401
f 394 395 403
f 394 403 402
f 395 396 404
f 395 404 403
f 396 397 405
f 396 405 404
f 397 398 406
f 397 406 405
f 398 399 407
f 398 407 406
f 399 400 408
f 399 408 407
f 400 393 401
f 400 401 408
f 401 402 410
f 401 410 409
f 402 403 411
f 402 411 410
f 403 404 412
f 403 412 411
f 404 405 413
f 404 413 412
f 405 406 414
f 405 414 413
f 406 407 415
f 406 415 414
f 407 408 416
f 407 416 415
f 408 401 409
f 408 409 416
f 409 410 418
f 409 418 417
f 410 411 419
f 410 419 418
f 411 412 420
f 411 420 419
f 412 413 421
f 412 421 420
f 413 414 422
f 413 422 421
f 414 415 423
f 414 423 422
f 415 416 424
f 415 424 423
f 416 409 417
f 416 417 424
f 417 418 426
f 417 426 425
f 418 419 427
f 418 427 426
f 419 420 428
f 419 428 427
f 420 421 429
f 420 429 428
f 421 422 430
f 421 430 429
f 422 423 431
f 422 431 430
f 423 424 432
f 423 432 431
f 424 417 425
f 424 425 432
f 425 426 434
f 425 434 433
f 426 427 435
f 426 435 434
f 427 428 436
f 427 436 435
f 428 429 437
f 428 437 436
f 429 430 438
f 429 438 437
f 430 431 439
f 430 439 438
f 431 432 440
f 431 440 439
f 432 425 433
f 432 433 440
f 433 434 442
f 433 442 441
f 434 435 443
f 434 443 442
f 435 436 444
f 435 444 443
f 436 437 445
f 436 445 444
f 437 438 446
f 437 446 445
f 438 439 447
f 438 447 446
f 439 440 448
f 439 448 447
f 440 433 441
f 440 441 448
f 441 442 450
f 441 450 449
f 442 443 451
f 442 451 450
f 443 444 452
f 443 452 451
f 444 445 453
f 444 453 452
f 445 446 454
f 445 454 453
f 446 447 455
f 446 455 454
f 447 448 456
f 447 456 455
f 448 441 449
f 448 449 456
f 449 450 458
f 449 458 457
f 450 451 459
f 450 459 458
f 451 452 460
f 451 460 459
f 452 453 461
f 452 461 460
f 453 454 462
f 453 462 461
f 454 455 463
f 454 463 462
f 455 456 464
f 455 464 463
f 456 449 457
f 456 457 464
f 457 458 466
f 457 466 465
f 458 459 467
f 458 467 466
f 459 460 468
f 459 468 467
f 460 461 469
f 460 469 468
f 461 462 470
f 461 470 469
f 462 463 471
f 462 471 470
f 463 464 472
f 463 472 471
f 464 457 465
f 464 465 472
f 465 466 474
f 465 474 473
f 466 467 475
f 466 475 474
f 467 468 476
f 467 476 475
f 468 469 477
f 468 477 476
f 469 470 478
f 469 478 477
f 470 471 479
f 470 479 478
f 471 472 480
f 471 480 479
f 472 465 473
f 472 473 480
f 473 474 482
f 473 482 481
f 474 475 483
f 474 483 482
f 475 476 484
f 475 484 483
f 476 477 485
f 476 485 484
f 477 478 486
f 477 486 485
f 478 479 487
f 478 487 486
f 479 480 488
f 479 488 487
f 480 473 481
f 480 481 488
f 481 482 490
f 481 490 489
f 482 483 491
f 482 491 490
f 483 484 492
f 483 492 491
f 484 485 493
f 484 493 492
f 485 486 494
f 485 494 493
f 486 487 495
f 486 495 494
f 487 488 496
f 487 496 495
f 488 481 489
f 488 489 496
f 489 490 498
f 489 498 497
f 490 491 499
f 490 499 498
f 491 492 500
f 491 500 499
f 492 493 501
f 492 501 500
f 493 494 502
f 493 502 501
f 494 495 503
f 494 503 502
f 495 496 504
f 495 504 503
f 496 489 497
f 496 497 504
f 497 498 506
f 497 506 505
f 498 499 507
f 498 507 506
f 499 500 508
f 499 508 507
f 500 501 509
f 500 509 508
f 501 502 510
f 501 510 509
f 502 503 511
f 502 511 510
f 503 504 512
f 503 512 511
f 504 497 505
f 504 505 512
f 505 506 514
f 505 514 513
f 506 507 515
f 506 515 514
f 507 508 516
f 507 516 515
f 508 509 517
f 508 517 516
f 509 510 518
f 509 518 517
f 510 511 519
f 510 519 518
f 511 512 520
f 511 520 519
f 512 505 513
f 512 513 520
f 513 514 522
f 513 522 521
f 514 515 523
f 514 523 522
f 515 516 524
f 515 524 523
f 516 517 525
f 516 525 524
f 517 518 526
f 517 526 525
f 518 519 527
f 518 527 526
f 519 520 528
f 519 528 527
f 520 513 521
f 520 521 528
f 521 522 530
f 521 530 529
f 522 523 531
f 522 531 530
f 523 524 532
f 523 532 531
f 524 525 533
f 524 533 532
f 525 526 534
f 525 534 533
f 526 527 535
f 526 535 534
f 527 528 536
f 527 536 535
f 528 521 529
f 528 529 536
f 529 530 538
f 529 538 537
f 530 531 539
f 530 539 538
f 531 532 540
f 531 540 539
f 532 533 541
f 532 541 540
f 533 534 542
f 533 542 541
f 534 535 543
f 534 543 542
f 535 536 544
f 535 544 543
f 536 529 537
f 536 537 544
f 537 538 546
f 537 546 545
f 538 539 547
f 538 547 546
f 539 540 548
f 539 548 547
f 540 541 549
f 540 549 548
f 541 542 550
f 541 550 549
f 542 543 551
f 542 551 550
f 543 544 552
f 543 552 551
f 544 537 545
f 544 545 552
f 545 546 554
f 545 554 553
f 546 547 555
f 546 555 554
f 547 548 556
f 547 556 555
f 548 549 557
f 548 557 556
f 549 550 558
f 549 558 557
f 550 551 559
f 550 559 558
f 551 552 560
f 551 560 559
f 552 545 553
f 552 553 560
f 553 554 562
f 553 562 561
f 554 555 563
f 554 563 562
f 555 556 564
f 555 564 563
f 556 557 565
f 556 565 564
f 557 558 566
f 557 566 565
f 558 559 567
f 558 567 566
f 559 560 568
f 559 568 567
f 560 553 561
f 560 561 568
f 561 562 570
f 561 570 569
f 562 563 571
f 562 571 570
f 563 564 572
f 563 572 571
f 564 565 573
f 564 573 572
f 565 566 574
f 565 574 573
f 566 567 575
f 566 575 574
f 567 568 576
f 567 576 575
f 568 561 569
f 568 569 576
f 569 570 578
f 569 578 577
f 570 571 579
f 570 579 578
f 571 572 580
f 571 580 579
f 572 573 581
f 572 581 580
f 573 574 582
f 573 582 581
f 574 575 583
f 574 583 582
f 575 576 584
f 575 584 583
f 576 569 577
f 576 577 584
f 577 578 586
f 577 586 585
f 578 579 587
f 578 587 586
f 579 580 588
f 579 588 587
f 580 581 589
f 580 589 588
f 581 582 590
f 581 590 589
f 582 583 591
f 582 591 590
f 583 584 592
f 583 592 591
f 584 577 585
f 584 585 592
f 585 586 594
f 585 594 593
f 586 587 595
f 586 595 594
f 587 588 596
f 587 596 595
f 588 589 597
f 588 597 596
f 589 590 598
f 589 598 597
f 590 591 599
f 590 599 598
f 591 592 600
f 591 600 599
f 592 585 593
f 592 593 600
f 593 594 602
f 593 602 601
f 594 595 603
f 594 603 602
f 595 596 604
f 595 604 603
f 596 597 605
f 596 605 604
f 597 598 606
f 597 606 605
f 598 599 607
f 598 607 606
f 599 600 608
f 599 608 607
f 600 593 601
f 600 601 608
f 601 602 610
f 601 610 609
f 602 603 611
f 602 611 610
f 603 604 612
f 603 612 611
f 604 605 613
f 604 613 612
f 605 606 614
f 605 614 613
f 606 607 615
f 606 615 614
f 607 608 616
f 607 616 615
f 608 601 609
f 608 609 616
f 609 610 618
f 609 618 617
f 610 611 619
f 610 619 618
f 611 612 620
f 611 620 619
f 612 613 621
f 612 621 620
f 613 614 622
f 613 622 621
f 614 615 623
f 614 623 622
f 615 616 624
f 615 624 623
f 616 609 617
f 616 617 624
f 617 618 626
f 617 626 625
f 618 619 627
f 618 627 626
f 619 620 628
f 619 628 627
f 620 621 629
f 620 629 628
f 621 622 630
f 621 630 629
f 622 623 631
f 622 631 630
f 623 624 632
f 623 632 631
f 624 617 625
f 624 625 632
f 625 626 634
f 625 634 633
f 626 627 635
f 626 635 634
f 627 628 636
f 627 636 635
f 628 629 637
f 628 637 636
f 629 630 638
f 629 638 637
f 630 631 639
f 630 639 638
f 631 632 640
f 631 640 639
f 632 625 633
f 632 633 640
f 633 634 642
f 633 642 641
f 634 635 643
f 634 643 642
f 635 636 644
f 635 644 643
f 636 637 645
f 636 645 644
f 637 638 646
f 637 646 645
f 638 639 647
f 638 647 646
f 639 640 648
f 639 648 647
f 640 633 641
f 640 641 648
f 641 642 650
f 641 650 649
f 642 643 651
f 642 651 650
f 643 644 652
f 643 652 651
f 644 645 653
f 644 653 652
f 645 646 654
f 645 654 653
f 646 647 655
f 646 655 654
f 647 648 656
f 647 656 655
f 648 641 649
f 648 649 656
f 649 650 658
f 649 658 657
f 650 651 659
f 650 659 658
f 651 652 660
f 651 660 659
f 652 653 661
f 652 661 660
f 653 654 662
f 653 662 661
f 654 655 663
f 654 663 662
f 655 656 664
f 655 664 663
f 656 649 657
f 656 657 664
f 657 658 666
f 657 666 665
f 658 659 667
f 658 667 666
f 659 660 668
f 659 668 667
f 660 661 669
f 660 669 668
f 661 662 670
f 661 670 669
f 662 663 671
f 662 671 670
f 663 664 672
f 663 672 671
f 664 657 665
f 664 665 672
f 665 666 674
f 665 674 673
f 666 667 675
f 666 675 674
f 667 668 676
f 667 676 675
f 668 669 677
f 668 677 676
f 669 670 678
f 669 678 677
f 670 671 679
f 670 679 678
f 671 672 680
f 671 680 679
f 672 665 673
f 672 673 680
f 673 674 682
f 673 682 681
f 674 675 683
f 674 683 682
f 675 676 684
f 675 684 683
f 676 677 685
f 676 685 684
f 677 678 686
f 677 686 685
f 678 679 687
f 678 687 686
f 679 680 688
f 679 688 687
f 680 673 681
f 680 681 688
f 681 682 690
f 681 690 689
f 682 683 691
f 682 691 690
f 683 684 692
f 683 692 691
f 684 685 693
f 684 693 692
f 685 686 694
f 685 694 693
f 686 687 695
f 686 695 694
f 687 688 696
f 687 696 695
f 688 681 689
f 688 689 696
f 689 690 698
f 689 698 697
f 690 691 699
f 690 699 698
f 691 692 700
f 691 700 699
f 692 693 701
f 692 701 700
f 693 694 702
f 693 702 701
f 694 695 703
f 694 703 702
f 695 696 704
f 695 704 703
f 696 689 697
f 696 697 704
f 697 698 706
f 697 706 705
f 698 699 707
f 698 707 706
f 699 700 708
f 699 708 707
f 700 701 709
f 700 709 708
f 701 702 710
f 701 710 709
f 702 703 711
f 702 711 710
f 703 704 712
f 703 712 711
f 704 697 705
f 704 705 712
f 1 3 2
f 705 706 707
f 1 4 3
f 705 707 708
f 1 5 4
f 705 708 709
f 1 6 5
f 705 709 710
f 1 7 6
f 705 710 711
f 1 8 7
f 705 711 712
f 713 714 722
f 713 722 721
f 714 715 723
f 714 723 722
f 715 716 724
f 715 724 723
f 716 717 725
f 716 725 724
f 717 718 726
f 717 726 725
f 718 719 727
f 718 727 726
f 719 720 728
f 719 728 727
f 720 713 721
f 720 721 728
f 721 722 730
f 721 730 729
f 722 723 731
f 722 731 730
f 723 724 732
f 723 732 731
f 724 725 733
f 724 733 732
f 725 726 734
f 725 734 733
f 726 727 735
f 726 735 734
f 727 728 736
f 727 736 735
f 728 721 729
f 728 729 736
f 729 730 738
f 729 738 737
f 730 731 739
f 730 739 738
f 731 732 740
f 731 740 739
f 732 733 741
f 732 741 740
f 733 734 742
f 733 742 741
f 734 735 743
f 734 743 742
f 735 736 744
f 735 744 743
f 736 729 737
f 736 737 744
f 737 738 746
f 737 746 745
f 738 739 747
f 738 747 746
f 739 740 748
f 739 748 747
f 740 741 749
f 740 749 748
f 741 742 750
f 741 750 749
f 742 743 751
f 742 751 750
f 743 744 752
f 743 752 751
f 744 737 745
f 744 745 752
f 745 746 754
f 745 754 753
f 746 747 755
f 746 755 754
f 747 748 756
f 747 756 755
f 748 749 757
f 748 757 756
f 749 750 758
f 749 758 757
f 750 751 759
f 750 759 758
f 751 752 760
f 751 760 759
f 752 745 753
f 752 753 760
f 753 754 762
f 753 762 761
f 754 755 763
f 754 763 762
f 755 756 764
f 755 764 763
f 756 757 765
f 756 765 764
f 757 758 766
f 757 766 765
f 758 759 767
f 758 767 766
f 759 760 768
f 759 768 767
f 760 753 761
f 760 761 768
f 761 762 770
f 761 770 769
f 762 763 771
f 762 771 770
f 763 764 772
f 763 772 771
f 764 765 773
f 764 773 772
f 765 766 774
f 765 774 773
f 766 767 775
f 766 775 774
f 767 768 776
f 767 776 775
f 768 761 769
f 768 769 776
f 769 770 778
f 769 778 777
f 770 771 779
f 770 779 778
f 771 772 780
f 771 780 779
f 772 773 781
f 772 781 780
f 773 774 782
f 773 782 781
f 774 775 783
f 774 783 782
f 775 776 784
f 775 784 783
f 776 769 777
f 776 777 784
f 777 778 786
f 777 786 785
f 778 779 787
f 778 787 786
f 779 780 788
f 779 788 787
f 780 781 789
f 780 789 788
f 781 782 790
f 781 790 789
f 782 783 791
f 782 791 790
f 783 784 792
f 783 792 791
f 784 777 785
f 784 785 792
f 785 786 794
f 785 794 793
f 786 787 795
f 786 795 794
f 787 788 796
f 787 796 795
f 788 789 797
f 788 797 796
f 789 790 798
f 789 798 797
f 790 791 799
f 790 799 798
f 791 792 800
f 791 800 799
f 792 785 793
f 792 793 800
f 793 794 802
f 793 802 801
f 794 795 803
f 794 803 802
f 795 796 804
f 795 804 803
f 796 797 805
f 796 805 804
f 797 798 806
f 797 806 805
f 798 799 807
f 798 807 806
f 799 800 808
f 799 808 807
f 800 793 801
f 800 801 808
f 801 802 810
f 801 810 809
f 802 803 811
f 802 811 810
f 803 804 812
f 803 812 811
f 804 805 813
f 804 813 812
f 805 806 814
f 805 814 813
f 806 807 815
f 806 815 814
f 807 808 816
f 807 816 815
f 808 801 809
f 808 809 816
f 809 810 818
f 809 818 817
f 810 811 819
f 810 819 818
f 811 812 820
f 811 820 819
f 812 813 821
f 812 821 820
f 813 814 822
f 813 822 821
f 814 815 823
f 814 823 822
f 815 816 824
f 815 824 823
f 816 809 817
f 816 817 824
f 817 818 826
f 817 826 825
f 818 819 827
f 818 827 826
f 819 820 828
f 819 828 827
f 820 821 829
f 820 829 828
f 821 822 830
f 821 830 829
f 822 823 831
f 822 831 830
f 823 824 832
f 823 832 831
f 824 817 825
f 824 825 832
f 825 826 834
f 825 834 833
f 826 827 835
f 826 835 834
f 827 828 836
f 827 836 835
f 828 829 837
f 828 837 836
f 829 830 838
f 829 838 837
f 830 831 839
f 830 839 838
f 831 832 840
f 831 840 839
f 832 825 833
f 832 833 840
f 833 834 842
f 833 842 841
f 834 835 843
f 834 843 842
f 835 836 844
f 835 844 843
f 836 837 845
f 836 845 844
f 837 838 846
f 837 846 845
f 838 839 847
f 838 847 846
f 839 840 848
f 839 848 847
f 840 833 841
f 840 841 848
f 841 842 850
f 841 850 849
f 842 843 851
f 842 851 850
f 843 844 852
f 843 852 851
f 844 845 853
f 844 853 852
f 845 846 854
f 845 854 853
f 846 847 855
f 846 855 854
f 847 848 856
f 847 856 855
f 848 841 849
f 848 849 856
f 849 850 858
f 849 858 857
f 850 851 859
f 850 859 858
f 851 852 860
f 851 860 859
f 852 853 861
f 852 861 860
f 853 854 862
f 853 862 861
f 854 855 863
f 854 863 862
f 855 856 864
f 855 864 863
f 856 849 857
f 856 857 864
f 713 715 714
f 857 858 859
f 713 716 715
f 857 859 860
f 713 717 716
f 857 860 861
f 713 718 717
f 857 861 862
f 713 719 718
f 857 862 863
f 713 720 719
f 857 863 864
f 865 866 874
f 865 874 873
f 866 867 875
f 866 875 874
f 867 868 876
f 867 876 875
f 868 869 877
f 868 877 876
f 869 870 878
f 869 878 877
f 870 871 879
f 870 879 878
f 871 872 880
f 871 880 879
f 872 865 873
f 872 873 880
f 873 874 882
f 873 882 881
f 874 875 883
f 874 883 882
f 875 876 884
f 875 884 883
f 876 877 885
f 876 885 884
f 877 878 886
f 877 886 885
f 878 879 887
f 878 887 886
f 879 880 888
f 879 888 887
f 880 873 881
f 880 881 888
f 881 882 890
f 881 890 889
f 882 883 891
f 882 891 890
f 883 884 892
f 883 892 891
f 884 885 893
f 884 893 892
f 885 886 894
f 885 894 893
f 886 887 895
f 886 895 894
f 887 888 896
f 887 896 895
f 888 881 889
f 888 889 896
f 889 890 898
f 889 898 897
f 890 891 899
f 890 899 898
f 891 892 900
f 891 900 899
f 892 893 901
f 892 901 900
f 893 894 902
f 893 902 901
f 894 895 903
f 894 903 902
f 895 896 904
f 895 904 903
f 896 889 897
f 896 897 904
f 897 898 906
f 897 906 905
f 898 899 907
f 898 907 906
f 899 900 908
f 899 908 907
f 900 901 909
f 900 909 908
f 901 902 910
f 901 910 909
f 902 903 911
f 902 911 910
f 903 904 912
f 903 912 911
f 904 897 905
f 904 905 912
f 905 906 914
f 905 914 913
f 906 907 915
f 906 915 914
f 907 908 916
f 907 916 915
f 908 909 917
f 908 917 916
f 909 910 918
f 909 918 917
f 910 911 919
f 910 919 918
f 911 912 920
f 911 920 919
f 912 905 913
f 912 913 920
f 913 914 922
f 913 922 921
f 914 915 923
f 914 923 922
f 915 916 924
f 915 924 923
f 916 917 925
f 916 925 924
f 917 918 926
f 917 926 925
f 918 919 927
f 918 927 926
f 919 920 928
f 919 928 927
f 920 913 921
f 920 921 928
f 921 922 930
f 921 930 929
f 922 923 931
f 922 931 930
f 923 924 932
f 923 932 931
f 924 925 933
f 924 933 932
f 925 926 934
f 925 934 933
f 926 927 935
f 926 935 934
f 927 928 936
f 927 936 935
f 928 921 929
f 928 929 936
f 929 930 938
f 929 938 937
f 930 931 939
f 930 939 938
f 931 932 940
f 931 940 939
f 932 933 941
f 932 941 940
f 933 934 942
f 933 942 941
f 934 935 943
f 934 943 942
f 935 936 944
f 935 944 943
f 936 929 937
f 936 937 944
f 937 938 946
f 937 946 945
f 938 939 947
f 938 947 946
f 939 940 948
f 939 948 947
f 940 941 949
f 940 949 948
f 941 942 950
f 941 950 949
f 942 943 951
f 942 951 950
f 943 944 952
f 943 952 951
f 944 937 945
f 944 945 952
f 945 946 954
f 945 954 953
f 946 947 955
f 946 955 954
f 947 948 956
f 947 956 955
f 948 949 957
f 948 957 956
f 949 950 958
f 949 958 957
f 950 951 959
f 950 959 958
f 951 952 960
f 951 960 959
f 952 945 953
f 952 953 960
f 953 954 962
f 953 962 961
f 954 955 963
f 954 963 962
f 955 956 964
f 955 964 963
f 956 957 965
f 956 965 964
f 957 958 966
f 957 966 965
f 958 959 967
f 958 967 966
f 959 960 968
f 959 968 967
f 960 953 961
f 960 961 968
f 961 962 970
f 961 970 969
f 962 963 971
f 962 971 970
f 963 964 972
f 963 972 971
f 964 965 973
f 964 973 972
f 965 966 974
f 965 974 973
f 966 967 975
f 966 975 974
f 967 968 976
f 967 976 975
f 968 961 969
f 968 969 976
f 969 970 978
f 969 978 977
f 970 971 979
f 970 979 978
f 971 972 980
f 971 980 979
f 972 973 981
f 972 981 980
f 973 974 982
f 973 982 981
f 974 975 983
f 974 983 982
f 975 976 984
f 975 984 983
f 976 969 977
f 976 977 984
f 977 978 986
f 977 986 985
f 978 979 987
f 978 987 986
f 979 980 988
f 979 988 987
f 980 981 989
f 980 989 988
f 981 982 990
f 981 990 989
f 982 983 991
f 982 991 990
f 983 984 992
f 983 992 991
f 984 977 985
f 984 985 992
f 985 986 994
f 985 994 993
f 986 987 995
f 986 995 994
f 987 988 996
f 987 996 995
f 988 989 997
f 988 997 996
f 989 990 998
f 989 998 997
f 990 991 999
f 990 999 998
f 991 992 1000
f 991 1000 999
f 992 985 993
f 992 993 1000
f 993 994 1002
f 993 1002 1001
f 994 995 1003
f 994 1003 1002
f 995 996 1004
f 995 1004 1003
f 996 997 1005
f 996 1005 1004
f 997 998 1006
f 997 1006 1005
f 998 999 1007
f 998 1007 1006
f 999 1000 1008
f 999 1008 1007
f 1000 993 1001
f 1000 1001 1008
f 1001 1002 1010
f 1001 1010 1009
f 1002 1003 1011
f 1002 1011 1010
f 1003 1004 1012
f 1003 1012 1011
f 1004 1005 1013
f 1004 1013 1012
f 1005 1006 1014
f 1005 1014 1013
f 1006 1007 1015
f 1006 1015 1014
f 1007 1008 1016
f 1007 1016 1015
f 1008 1001 1009
f 1008 1009 1016
f 1009 1010 1018
f 1009 1018 1017
f 1010 1011 1019
f 1010 1019 1018
f 1011 1012 1020
f 1011 1020 1019
f 1012 1013 1021
f 1012 1021 1020
f 1013 1014 1022
f 1013 1022 1021
f 1014 1015 1023
f 1014 1023 1022
f 1015 1016 1024
f 1015 1024 1023
f 1016 1009 1017
f 1016 1017 1024
f 1017 1018 1026
f 1017 1026 1025
f 1018 1019 1027
f 1018 1027 1026
f 1019 1020 1028
f 1019 1028 1027
f 1020 1021 1029
f 1020 1029 1028
f 1021 1022 1030
f 1021 1030 1029
f 1022 1023 1031
f 1022 1031 1030
f 1023 1024 1032
f 1023 1032 1031
f 1024 1017 1025
f 1024 1025 1032
f 1025 1026 1034
f 1025 1034 1033
f 1026 1027 1035
f 1026 1035 1034
f 1027 1028 1036
f 1027 1036 1035
f 1028 1029 1037
f 1028 1037 1036
f 1029 1030 1038
f 1029 1038 1037
f 1030 1031 1039
f 1030 1039 1038
f 1031 1032 1040
f 1031 1040 1039
f 1032 1025 1033
f 1032 1033 1040
f 1033 1034 1042
f 1033 1042 1041
f 1034 1035 1043
f 1034 1043 1042
f 1035 1036 1044
f 1035 1044 1043
f 1036 1037 1045
f 1036 1045 1044
f 1037 1038 1046
f 1037 1046 1045
f 1038 1039 1047
f 1038 1047 1046
f 1039 1040 1048
f 1039 1048 1047
f 1040 1033 1041
f 1040 1041 1048
f 1041 1042 1050
f 1041 1050 1049
f 1042 1043 1051
f 1042 1051 1050
f 1043 1044 1052
f 1043 1052 1051
f 1044 1045 1053
f 1044 1053 1052
f 1045 1046 1054
f 1045 1054 1053
f 1046 1047 1055
f 1046 1055 1054
f 1047 1048 1056
f 1047 1056 1055
f 1048 1041 1049
f 1048 1049 1056
f 1049 1050 1058
f 1049 1058 1057
f 1050 1051 1059
f 1050 1059 1058
f 1051 1052 1060
f 1051 1060 1059
f 1052 1053 1061
f 1052 1061 1060
f 1053 1054 1062
f 1053 1062 1061
f 1054 1055 1063
f 1054 1063 1062
f 1055 1056 1064
f 1055 1064 1063
f 1056 1049 1057
f 1056 1057 1064
f 1057 1058 1066
f 1057 1066 1065
f 1058 1059 1067
f 1058 1067 1066
f 1059 1060 1068
f 1059 1068 1067
f 1060 1061 1069
f 1060 1069 1068
f 1061 1062 1070
f 1061 1070 1069
f 1062 1063 1071
f 1062 1071 1070
f 1063 1064 1072
f 1063 1072 1071
f 1064 1057 1065
f 1064 1065 1072
f 1065 1066 1074
f 1065 1074 1073
f 1066 1067 1075
f 1066 1075 1074
f 1067 1068 1076
f 1067 1076 1075
f 1068 1069 1077
f 1068 1077 1076
f 1069 1070 1078
f 1069 1078 1077
f 1070 1071 1079
f 1070 1079 1078
f 1071 1072 1080
f 1071 1080 1079
f 1072 1065 1073
f 1072 1073 1080
f 1073 1074 1082
f 1073 1082 1081
f 1074 1075 1083
f 1074 1083 1082
f 1075 1076 1084
f 1075 1084 1083
f 1076 1077 1085
f 1076 1085 1084
f 1077 1078 1086
f 1077 1086 1085
f 1078 1079 1087
f 1078 1087 1086
f 1079 1080 1088
f 1079 1088 1087
f 1080 1073 1081
f 1080 1081 1088
f 1081 1082 1090
f 1081 1090 1089
f 1082 1083 1091
f 1082 1091 1090
f 1083 1084 1092
f 1083 1092 1091
f 1084 1085 1093
f 1084 1093 1092
f 1085 1086 1094
f 1085 1094 1093
f 1086 1087 1095
f 1086 1095 1094
f 1087 1088 1096
f 1087 1096 1095
f 1088 1081 1089
f 1088 1089 1096
f 1089 1090 1098
f 1089 1098 1097
f 1090 1091 1099
f 1090 1099 1098
f 1091 1092 1100
f 1091 1100 1099
f 1092 1093 1101
f 1092 1101 1100
f 1093 1094 1102
f 1093 1102 1101
f 1094 1095 1103
f 1094 1103 1102
f 1095 1096 1104
f 1095 1104 1103
f 1096 1089 1097
f 1096 1097 1104
f 1097 1098 1106
f 1097 1106 1105
f 1098 1099 1107
f 1098 1107 1106
f 1099 1100 1108
f 1099 1108 1107
f 1100 1101 1109
f 1100 1109 1108
f 1101 1102 1110
f 1101 1110 1109
f 1102 1103 1111
f 1102 1111 1110
f 1103 1104 1112
f 1103 1112 1111
f 1104 1097 1105
f 1104 1105 1112
f 1105 1106 1114
f 1105 1114 1113
f 1106 1107 1115
f 1106 1115 1114
f 1107 1108 1116
f 1107 1116 1115
f 1108 1109 1117
f 1108 1117 1116
f 1109 1110 1118
f 1109 1118 1117
f 1110 1111 1119
f 1110 1119 1118
f 1111 1112 1120
f 1111 1120 1119
f 1112 1105 1113
f 1112 1113 1120
f 1113 1114 1122
f 1113 1122 1121
f 1114 1115 1123
f 1114 1123 1122
f 1115 1116 1124
f 1115 1124 1123
f 1116 1117 1125
f 1116 1125 1124
f 1117 1118 1126
f 1117 1126 1125
f 1118 1119 1127
f 1118 1127 1126
f 1119 1120 1128
f 1119 1128 1127
f 1120 1113 1121
f 1120 1121 1128
f 1121 1122 1130
f 1121 1130 1129
f 1122 1123 1131
f 1122 1131 1130
f 1123 1124 1132
f 1123 1132 1131
f 1124 1125 1133
f 1124 1133 1132
f 1125 1126 1134
f 1125 1134 1133
f 1126 1127 1135
f 1126 1135 1134
f 1127 1128 1136
f 1127 1136 1135
f 1128 1121 1129
f 1128 1129 1136
f 1129 1130 1138
f 1129 1138 1137
f 1130 1131 1139
f 1130 1139 1138
f 1131 1132 1140
f 1131 1140 1139
f 1132 1133 1141
f 1132 1141 1140
f 1133 1134 1142
f 1133 1142 1141
f 1134 1135 1143
f 1134 1143 1142
f 1135 1136 1144
f 1135 1144 1143
f 1136 1129 1137
f 1136 1137 1144
f 1137 1138 1146
f 1137 1146 1145
f 1138 1139 1147
f 1138 1147 1146
f 1139 1140 1148
f 1139 1148 1147
f 1140 1141 1149
f 1140 1149 1148
f 1141 1142 1150
f 1141 1150 1149
f 1142 1143 1151
f 1142 1151 1150
f 1143 1144 1152
f 1143 1152 1151
f 1144 1137 1145
f 1144 1145 1152
f 1145 1146 1154
f 1145 1154 1153
f 1146 1147 1155
f 1146 1155 1154
f 1147 1148 1156
f 1147 1156 1155
f 1148 1149 1157
f 1148 1157 1156
f 1149 1150 1158
f 1149 1158 1157
f 1150 1151 1159
f 1150 1159 1158
f 1151 1152 1160
f 1151 1160 1159
f 1152 1145 1153
f 1152 1153 1160
f 865 867 866
f 1153 1154 1155
f 865 868 867
f 1153 1155 1156
f 865 869 868
f 1153 1156 1157
f 865 870 869
f 1153 1157 1158
f 865 871 870
f 1153 1158 1159
f 865 872 871
f 1153 1159 1160
f 1161 1162 1170
f 1161 1170 1169
f 1162 1163 1171
f 1162 1171 1170
f 1163 1164 1172
f 1163 1172 1171
f 1164 1165 1173
f 1164 1173 1172
f 1165 1166 1174
f 1165 1174 1173
f 1166 1167 1175
f 1166 1175 1174
f 1167 1168 1176
f 1167 1176 1175
f 1168 1161 1169
f 1168 1169 1176
f 1169 1170 1178
f 1169 1178 1177
f 1170 1171 1179
f 1170 1179 1178
f 1171 1172 1180
f 1171 1180 1179
f 1172 1173 1181
f 1172 1181 1180
f 1173 1174 1182
f 1173 1182 1181
f 1174 1175 1183
f 1174 1183 1182
f 1175 1176 1184
f 1175 1184 1183
f 1176 1169 1177
f 1176 1177 1184
f 1177 1178 1186
f 1177 1186 1185
f 1178 1179 1187
f 1178 1187 1186
f 1179 1180 1188
f 1179 1188 1187
f 1180 1181 1189
f 1180 1189 1188
f 1181 1182 1190
f 1181 1190 1189
f 1182 1183 1191
f 1182 1191 1190
f 1183 1184 1192
f 1183 1192 1191
f 1184 1177 1185
f 1184 1185 1192
f 1185 1186 1194
f 1185 1194 1193
f 1186 1187 1195
f 1186 1195 1194
f 1187 1188 1196
f 1187 1196 1195
f 1188 1189 1197
f 1188 1197 1196
f 1189 1190 1198
f 1189 1198 1197
f 1190 1191 1199
f 1190 1199 1198
f 1191 1192 1200
f 1191 1200 1199
f 1192 1185 1193
f 1192 1193 1200
f 1193 1194 1202
f 1193 1202 1201
f 1194 1195 1203
f 1194 1203 1202
f 1195 1196 1204
f 1195 1204 1203
f 1196 1197 1205
f 1196 1205 1204
f 1197 1198 1206
f 1197 1206 1205
f 1198 1199 1207
f 1198 1207 1206
f 1199 1200 1208
f 1199 1208 1207
f 1200 1193 1201
f 1200 1201 1208
f 1201 1202 1210
f 1201 1210 1209
f 1202 1203 1211
f 1202 1211 1210
f 1203 1204 1212
f 1203 1212 1211
f 1204 1205 1213
f 1204 1213 1212
f 1205 1206 1214
f 1205 1214 1213
f 1206 1207 1215
f 1206 1215 1214
f 1207 1208 1216
f 1207 1216 1215
f 1208 1201 1209
f 1208 1209 1216
f 1209 1210 1218
f 1209 1218 1217
f 1210 1211 1219
f 1210 1219 1218
f 1211 1212 1220
f 1211 1220 1219
f 1212 1213 1221
f 1212 1221 1220
f 1213 1214 1222
f 1213 1222 1221
f 1214 1215 1223
f 1214 1223 1222
f 1215 1216 1224
f 1215 1224 1223
f 1216 1209 1217
f 1216 1217 1224
f 1217 1218 1226
f 1217 1226 1225
f 1218 1219 1227
f 1218 1227 1226
f 1219 1220 1228
f 1219 1228 1227
f 1220 1221 1229
f 1220 1229 1228
f 1221 1222 1230
f 1221 1230 1229
f 1222 1223 1231
f 1222 1231 1230
f 1223 1224 1232
f 1223 1232 1231
f 1224 1217 1225
f 1224 1225 1232
f 1225 1226 1234
f 1225 1234 1233
f 1226 1227 1235
f 1226 1235 1234
f 1227 1228 1236
f 1227 1236 1235
f 1228 1229 1237
f 1228 1237 1236
f 1229 1230 1238
f 1229 1238 1237
f 1230 1231 1239
f 1230 1239 1238
f 1231 1232 1240
f 1231 1240 1239
f 1232 1225 1233
f 1232 1233 1240
f 1233 1234 1242
f 1233 1242 1241
f 1234 1235 1243
f 1234 1243 1242
f 1235 1236 1244
f 1235 1244 1243
f 1236 1237 1245
f 1236 1245 1244
f 1237 1238 1246
f 1237 1246 1245
f 1238 1239 1247
f 1238 1247 1246
f 1239 1240 1248
f 1239 1248 1247
f 1240 1233 1241
f 1240 1241 1248
f 1161 1163 1162
f 1241 1242 1243
f 1161 1164 1163
f 1241 1243 1244
f 1161 1165 1164
f 1241 1244 1245
f 1161 1166 1165
f 1241 1245 1246
f 1161 1167 1166
f 1241 1246 1247
f 1161 1168 1167
f 1241 1247 1248
f 1249 1250 1258
f 1249 1258 1257
f 1250 1251 1259
f 1250 1259 1258
f 1251 1252 1260
f 1251 1260 1259
f 1252 1253 1261
f 1252 1261 1260
f 1253 1254 1262
f 1253 1262 1261
f 1254 1255 1263
f 1254 1263 1262
f 1255 1256 1264
f 1255 1264 1263
f 1256 1249 1257
f 1256 1257 1264
f 1257 1258 1266
f 1257 1266 1265
f 1258 1259 1267
f 1258 1267 1266
f 1259 1260 1268
f 1259 1268 1267
f 1260 1261 1269
f 1260 1269 1268
f 1261 1262 1270
f 1261 1270 1269
f 1262 1263 1271
f 1262 1271 1270
f 1263 1264 1272
f 1263 1272 1271
f 1264 1257 1265
f 1264 1265 1272
f 1265 1266 1274
f 1265 1274 1273
f 1266 1267 1275
f 1266 1275 1274
f 1267 1268 1276
f 1267 1276 1275
f 1268 1269 1277
f 1268 1277 1276
f 1269 1270 1278
f 1269 1278 1277
f 1270 1271 1279
f 1270 1279 1278
f 1271 1272 1280
f 1271 1280 1279
f 1272 1265 1273
f 1272 1273 1280
f 1273 1274 1282
f 1273 1282 1281
f 1274 1275 1283
f 1274 1283 1282
f 1275 1276 1284
f 1275 1284 1283
f 1276 1277 1285
f 1276 1285 1284
f 1277 1278 1286
f 1277 1286 1285
f 1278 1279 1287
f 1278 1287 1286
f 1279 1280 1288
f 1279 1288 1287
f 1280 1273 1281
f 1280 1281 1288
f 1281 1282 1290
f 1281 1290 1289
f 1282 1283 1291
f 1282 1291 1290
f 1283 1284 1292
f 1283 1292 1291
f 1284 1285 1293
f 1284 1293 1292
f 1285 1286 1294
f 1285 1294 1293
f 1286 1287 1295
f 1286 1295 1294
f 1287 1288 1296
f 1287 1296 1295
f 1288 1281 1289
f 1288 1289 1296
f 1289 1290 1298
f 1289 1298 1297
f 1290 1291 1299
f 1290 1299 1298
f 1291 1292 1300
f 1291 1300 1299
f 1292 1293 1301
f 1292 1301 1300
f 1293 1294 1302
f 1293 1302 1301
f 1294 1295 1303
f 1294 1303 1302
f 1295 1296 1304
f 1295 1304 1303
f 1296 1289 1297
f 1296 1297 1304
f 1297 1298 1306
f 1297 1306 1305
f 1298 1299 1307
f 1298 1307 1306
f 1299 1300 1308
f 1299 1308 1307
f 1300 1301 1309
f 1300 1309 1308
f 1301 1302 1310
f 1301 1310 1309
f 1302 1303 1311
f 1302 1311 1310
f 1303 1304 1312
f 1303 1312 1311
f 1304 1297 1305
f 1304 1305 1312
f 1305 1306 1314
f 1305 1314 1313
f 1306 1307 1315
f 1306 1315 1314
f 1307 1308 1316
f 1307 1316 1315
f 1308 1309 1317
f 1308 1317 1316
f 1309 1310 1318
f 1309 1318 1317
f 1310 1311 1319
f 1310 1319 1318
f 1311 1312 1320
f 1311 1320 1319
f 1312 1305 1313
f 1312 1313 1320
f 1313 1314 1322
f 1313 1322 1321
f 1314 1315 1323
f 1314 1323 1322
f 1315 1316 1324
f 1315 1324 1323
f 1316 1317 1325
f 1316 1325 1324
f 1317 1318 1326
f 1317 1326 1325
f 1318 1319 1327
f 1318 1327 1326
f 1319 1320 1328
f 1319 1328 1327
f 1320 1313 1321
f 1320 1321 1328
f 1321 1322 1330
f 1321 1330 1329
f 1322 1323 1331
f 1322 1331 1330
f 1323 1324 1332
f 1323 1332 1331
f 1324 1325 1333
f 1324 1333 1332
f 1325 1326 1334
f 1325 1334 1333
f 1326 1327 1335
f 1326 1335 1334
f 1327 1328 1336
f 1327 1336 1335
f 1328 1321 1329
f 1328 1329 1336
f 1329 1330 1338
f 1329 1338 1337
f 1330 1331 1339
f 1330 1339 1338
f 1331 1332 1340
f 1331 1340 1339
f 1332 1333 1341
f 1332 1341 1340
f 1333 1334 1342
f 1333 1342 1341
f 1334 1335 1343
f 1334 1343 1342
f 1335 1336 1344
f 1335 1344 1343
f 1336 1329 1337
f 1336 1337 1344
f 1337 1338 1346
f 1337 1346 1345
f 1338 1339 1347
f 1338 1347 1346
f 1339 1340 1348
f 1339 1348 1347
f 1340 1341 1349
f 1340 1349 1348
f 1341 1342 1350
f 1341 1350 1349
f 1342 1343 1351
f 1342 1351 1350
f 1343 1344 1352
f 1343 1352 1351
f 1344 1337 1345
f 1344 1345 1352
f 1345 1346 1354
f 1345 1354 1353
f 1346 1347 1355
f 1346 1355 1354
f 1347 1348 1356
f 1347 1356 1355
f 1348 1349 1357
f 1348 1357 1356
f 1349 1350 1358
f 1349 1358 1357
f 1350 1351 1359
f 1350 1359 1358
f 1351 1352 1360
f 1351 1360 1359
f 1352 1345 1353
f 1352 1353 1360
f 1353 1354 1362
f 1353 1362 1361
f 1354 1355 1363
f 1354 1363 1362
f 1355 1356 1364
f 1355 1364 1363
f 1356 1357 1365
f 1356 1365 1364
f 1357 1358 1366
f 1357 1366 1365
f 1358 1359 1367
f 1358 1367 1366
f 1359 1360 1368
f 1359 1368 1367
f 1360 1353 1361
f 1360 1361 1368
f 1361 1362 1370
f 1361 1370 1369
f 1362 1363 1371
f 1362 1371 1370
f 1363 1364 1372
f 1363 1372 1371
f 1364 1365 1373
f 1364 1373 1372
f 1365 1366 1374
f 1365 1374 1373
f 1366 1367 1375
f 1366 1375 1374
f 1367 1368 1376
f 1367 1376 1375
f 1368 1361 1369
f 1368 1369 1376
f 1369 1370 1378
f 1369 1378 1377
f 1370 1371 1379
f 1370 1379 1378
f 1371 1372 1380
f 1371 1380 1379
f 1372 1373 1381
f 1372 1381 1380
f 1373 1374 1382
f 1373 1382 1381
f 1374 1375 1383
f 1374 1383 1382
f 1375 1376 1384
f 1375 1384 1383
f 1376 1369 1377
f 1376 1377 1384
f 1249 1251 1250
f 1377 1378 1379
f 1249 1252 1251
f 1377 1379 1380
f 1249 1253 1252
f 1377 1380 1381
f 1249 1254 1253
f 1377 1381 1382
f 1249 1255 1254
f 1377 1382 1383
f 1249 1256 1255
f 1377 1383 1384
f 1385 1386 1394
f 1385 1394 1393
f 1386 1387 1395
f 1386 1395 1394
f 1387 1388 1396
f 1387 1396 1395
f 1388 1389 1397
f 1388 1397 1396
f 1389 1390 1398
f 1389 1398 1397
f 1390 1391 1399
f 1390 1399 1398
f 1391 1392 1400
f 1391 1400 1399
f 1392 1385 1393
f 1392 1393 1400
f 1393 1394 1402
f 1393 1402 1401
f 1394 1395 1403
f 1394 1403 1402
f 1395 1396 1404
f 1395 1404 1403
f 1396 1397 1405
f 1396 1405 1404
f 1397 1398 1406
f 1397 1406 1405
f 1398 1399 1407
f 1398 1407 1406
f 1399 1400 1408
f 1399 1408 1407
f 1400 1393 1401
f 1400 1401 1408
f 1401 1402 1410
f 1401 1410 1409
f 1402 1403 1411
f 1402 1411 1410
f 1403 1404 1412
f 1403 1412 1411
f 1404 1405 1413
f 1404 1413 1412
f 1405 1406 1414
f 1405 1414 1413
f 1406 1407 1415
f 1406 1415 1414
f 1407 1408 1416
f 1407 1416 1415
f 1408 1401 1409
f 1408 1409 1416
f 1409 1410 1418
f 1409 1418 1417
f 1410 1411 1419
f 1410 1419 1418
f 1411 1412 1420
f 1411 1420 1419
f 1412 1413 1421
f 1412 1421 1420
f 1413 1414 1422
f 1413 1422 1421
f 1414 1415 1423
f 1414 1423 1422
f 1415 1416 1424
f 1415 1424 1423
f 1416 1409 1417
f 1416 1417 1424
f 1417 1418 1426
f 1417 1426 1425
f 1418 1419 1427
f 1418 1427 1426
f 1419 1420 1428
f 1419 1428 1427
f 1420 1421 1429
f 1420 1429 1428
f 1421 1422 1430
f 1421 1430 1429
f 1422 1423 1431
f 1422 1431 1430
f 1423 1424 1432
f 1423 1432 1431
f 1424 1417 1425
f 1424 1425 1432
f 1425 1426 1434
f 1425 1434 1433
f 1426 1427 1435
f 1426 1435 1434
f 1427 1428 1436
f 1427 1436 1435
f 1428 1429 1437
f 1428 1437 1436
f 1429 1430 1438
f 1429 1438 1437
f 1430 1431 1439
f 1430 1439 1438
f 1431 1432 1440
f 1431 1440 1439
f 1432 1425 1433
f 1432 1433 1440
f 1433 1434 1442
f 1433 1442 1441
f 1434 1435 1443
f 1434 1443 1442
f 1435 1436 1444
f 1435 1444 1443
f 1436 1437 1445
f 1436 1445 1444
f 1437 1438 1446
f 1437 1446 1445
f 1438 1439 1447
f 1438 1447 1446
f 1439 1440 1448
f 1439 1448 1447
f 1440 1433 1441
f 1440 1441 1448
f 1441 1442 1450
f 1441 1450 1449
f 1442 1443 1451
f 1442 1451 1450
f 1443 1444 1452
f 1443 1452 1451
f 1444 1445 1453
f 1444 1453 1452
f 1445 1446 1454
f 1445 1454 1453
f 1446 1447 1455
f 1446 1455 1454
f 1447 1448 1456
f 1447 1456 1455
f 1448 1441 1449
f 1448 1449 1456
f 1449 1450 1458
f 1449 1458 1457
f 1450 1451 1459
f 1450 1459 1458
f 1451 1452 1460
f 1451 1460 1459
f 1452 1453 1461
f 1452 1461 1460
f 1453 1454 1462
f 1453 1462 1461
f 1454 1455 1463
f 1454 1463 1462
f 1455 1456 1464
f 1455 1464 1463
f 1456 1449 1457
f 1456 1457 1464
f 1457 1458 1466
f 1457 1466 1465
f 1458 1459 1467
f 1458 1467 1466
f 1459 1460 1468
f 1459 1468 1467
f 1460 1461 1469
f 1460 1469 1468
f 1461 1462 1470
f 1461 1470 1469
f 1462 1463 1471
f 1462 1471 1470
f 1463 1464 1472
f 1463 1472 1471
f 1464 1457 1465
f 1464 1465 1472
f 1465 1466 1474
f 1465 1474 1473
f 1466 1467 1475
f 1466 1475 1474
f 1467 1468 1476
f 1467 1476 1475
f 1468 1469 1477
f 1468 1477 1476
f 1469 1470 1478
f 1469 1478 1477
f 1470 1471 1479
f 1470 1479 1478
f 1471 1472 1480
f 1471 1480 1479
f 1472 1465 1473
f 1472 1473 1480
f 1473 1474 1482
f 1473 1482 1481
f 1474 1475 1483
f 1474 1483 1482
f 1475 1476 1484
f 1475 1484 1483
f 1476 1477 1485
f 1476 1485 1484
f 1477 1478 1486
f 1477 1486 1485
f 1478 1479 1487
f 1478 1487 1486
f 1479 1480 1488
f 1479 1488 1487
f 1480 1473 1481
f 1480 1481 1488
f 1481 1482 1490
f 1481 1490 1489
f 1482 1483 1491
f 1482 1491 1490
f 1483 1484 1492
f 1483 1492 1491
f 1484 1485 1493
f 1484 1493 1492
f 1485 1486 1494
f 1485 1494 1493
f 1486 1487 1495
f 1486 1495 1494
f 1487 1488 1496
f 1487 1496 1495
f 1488 1481 1489
f 1488 1489 1496
f 1489 1490 1498
f 1489 1498 1497
f 1490 1491 1499
f 1490 1499 1498
f 1491 1492 1500
f 1491 1500 1499
f 1492 1493 1501
f 1492 1501 1500
f 1493 1494 1502
f 1493 1502 1501
f 1494 1495 1503
f 1494 1503 1502
f 1495 1496 1504
f 1495 1504 1503
f 1496 1489 1497
f 1496 1497 1504
f 1497 1498 1506
f 1497 1506 1505
f 1498 1499 1507
f 1498 1507 1506
f 1499 1500 1508
f 1499 1508 1507
f 1500 1501 1509
f 1500 1509 1508
f 1501 1502 1510
f 1501 1510 1509
f 1502 1503 1511
f 1502 1511 1510
f 1503 1504 1512
f 1503 1512 1511
f 1504 1497 1505
f 1504 1505 1512
f 1505 1506 1514
f 1505 1514 1513
f 1506 1507 1515
f 1506 1515 1514
f 1507 1508 1516
f 1507 1516 1515
f 1508 1509 1517
f 1508 1517 1516
f 1509 1510 1518
f 1509 1518 1517
f 1510 1511 1519
f 1510 1519 1518
f 1511 1512 1520
f 1511 1520 1519
f 1512 1505 1513
f 1512 1513 1520
f 1513 1514 1522
f 1513 1522 1521
f 1514 1515 1523
f 1514 1523 1522
f 1515 1516 1524
f 1515 1524 1523
f 1516 1517 1525
f 1516 1525 1524
f 1517 1518 1526
f 1517 1526 1525
f 1518 1519 1527
f 1518 1527 1526
f 1519 1520 1528
f 1519 1528 1527
f 1520 1513 1521
f 1520 1521 1528
f 1521 1522 1530
f 1521 1530 1529
f 1522 1523 1531
f 1522 1531 1530
f 1523 1524 1532
f 1523 1532 1531
f 1524 1525 1533
f 1524 1533 1532
f 1525 1526 1534
f 1525 1534 1533
f 1526 1527 1535
f 1526 1535 1534
f 1527 1528 1536
f 1527 1536 1535
f 1528 1521 1529
f 1528 1529 1536
f 1385 1387 1386
f 1529 1530 1531
f 1385 1388 1387
f 1529 1531 1532
f 1385 1389 1388
f 1529 1532 1533
f 1385 1390 1389
f 1529 1533 1534
f 1385 1391 1390
f 1529 1534 1535
f 1385 1392 1391
f 1529 1535 1536
f 1537 1538 1546
f 1537 1546 1545
f 1538 1539 1547
f 1538 1547 1546
f 1539 1540 1548
f 1539 1548 1547
f 1540 1541 1549
f 1540 1549 1548
f 1541 1542 1550
f 1541 1550 1549
f 1542 1543 1551
f 1542 1551 1550
f 1543 1544 1552
f 1543 1552 1551
f 1544 1537 1545
f 1544 1545 1552
f 1545 1546 1554
f 1545 1554 1553
f 1546 1547 1555
f 1546 1555 1554
f 1547 1548 1556
f 1547 1556 1555
f 1548 1549 1557
f 1548 1557 1556
f 1549 1550 1558
f 1549 1558 1557
f 1550 1551 1559
f 1550 1559 1558
f 1551 1552 1560
f 1551 1560 1559
f 1552 1545 1553
f 1552 1553 1560
f 1553 1554 1562
f 1553 1562 1561
f 1554 1555 1563
f 1554 1563 1562
f 1555 1556 1564
f 1555 1564 1563
f 1556 1557 1565
f 1556 1565 1564
f 1557 1558 1566
f 1557 1566 1565
f 1558 1559 1567
f 1558 1567 1566
f 1559 1560 1568
f 1559 1568 1567
f 1560 1553 1561
f 1560 1561 1568
f 1561 1562 1570
f 1561 1570 1569
f 1562 1563 1571
f 1562 1571 1570
f 1563 1564 1572
f 1563 1572 1571
f 1564 1565 1573
f 1564 1573 1572
f 1565 1566 1574
f 1565 1574 1573
f 1566 1567 1575
f 1566 1575 1574
f 1567 1568 1576
f 1567 1576 1575
f 1568 1561 1569
f 1568 1569 1576
f 1569 1570 1578
f 1569 1578 1577
f 1570 1571 1579
f 1570 1579 1578
f 1571 1572 1580
f 1571 1580 1579
f 1572 1573 1581
f 1572 1581 1580
f 1573 1574 1582
f 1573 1582 1581
f 1574 1575 1583
f 1574 1583 1582
f 1575 1576 1584
f 1575 1584 1583
f 1576 1569 1577
f 1576 1577 1584
f 1577 1578 1586
f 1577 1586 1585
f 1578 1579 1587
f 1578 1587 1586
f 1579 1580 1588
f 1579 1588 1587
f 1580 1581 1589
f 1580 1589 1588
f 1581 1582 1590
f 1581 1590 1589
f 1582 1583 1591
f 1582 1591 1590
f 1583 1584 1592
f 1583 1592 1591
f 1584 1577 1585
f 1584 1585 1592
f 1585 1586 1594
f 1585 1594 1593
f 1586 1587 1595
f 1586 1595 1594
f 1587 1588 1596
f 1587 1596 1595
f 1588 1589 1597
f 1588 1597 1596
f 1589 1590 1598
f 1589 1598 1597
f 1590 1591 1599
f 1590 1599 1598
f 1591 1592 1600
f 1591 1600 1599
f 1592 1585 1593
f 1592 1593 1600
f 1593 1594 1602
f 1593 1602 1601
f 1594 1595 1603
f 1594 1603 1602
f 1595 1596 1604
f 1595 1604 1603
f 1596 1597 1605
f 1596 1605 1604
f 1597 1598 1606
f 1597 1606 1605
f 1598 1599 1607
f 1598 1607 1606
f 1599 1600 1608
f 1599 1608 1607
f 1600 1593 1601
f 1600 1601 1608
f 1601 1602 1610
f 1601 1610 1609
f 1602 1603 1611
f 1602 1611 1610
f 1603 1604 1612
f 1603 1612 1611
f 1604 1605 1613
f 1604 1613 1612
f 1605 1606 1614
f 1605 1614 1613
f 1606 1607 1615
f 1606 1615 1614
f 1607 1608 1616
f 1607 1616 1615
f 1608 1601 1609
f 1608 1609 1616
f 1609 1610 1618
f 1609 1618 1617
f 1610 1611 1619
f 1610 1619 1618
f 1611 1612 1620
f 1611 1620 1619
f 1612 1613 1621
f 1612 1621 1620
f 1613 1614 1622
f 1613 1622 1621
f 1614 1615 1623
f 1614 1623 1622
f 1615 1616 1624
f 1615 1624 1623
f 1616 1609 1617
f 1616 1617 1624
f 1617 1618 1626
f 1617 1626 1625
f 1618 1619 1627
f 1618 1627 1626
f 1619 1620 1628
f 1619 1628 1627
f 1620 1621 1629
f 1620 1629 1628
f 1621 1622 1630
f 1621 1630 1629
f 1622 1623 1631
f 1622 1631 1630
f 1623 1624 1632
f 1623 1632 1631
f 1624 1617 1625
f 1624 1625 1632
f 1625 1626 1634
f 1625 1634 1633
f 1626 1627 1635
f 1626 1635 1634
f 1627 1628 1636
f 1627 1636 1635
f 1628 1629 1637
f 1628 1637 1636
f 1629 1630 1638
f 1629 1638 1637
f 1630 1631 1639
f 1630 1639 1638
f 1631 1632 1640
f 1631 1640 1639
f 1632 1625 1633
f 1632 1633 1640
f 1633 1634 1642
f 1633 1642 1641
f 1634 1635 1643
f 1634 1643 1642
f 1635 1636 1644
f 1635 1644 1643
f 1636 1637 1645
f 1636 1645 1644
f 1637 1638 1646
f 1637 1646 1645
f 1638 1639 1647
f 1638 1647 1646
f 1639 1640 1648
f 1639 1648 1647
f 1640 1633 1641
f 1640 1641 1648
f 1641 1642 1650
f 1641 1650 1649
f 1642 1643 1651
f 1642 1651 1650
f 1643 1644 1652
f 1643 1652 1651
f 1644 1645 1653
f 1644 1653 1652
f 1645 1646 1654
f 1645 1654 1653
f 1646 1647 1655
f 1646 1655 1654
f 1647 1648 1656
f 1647 1656 1655
f 1648 1641 1649
f 1648 1649 1656
f 1649 1650 1658
f 1649 1658 1657
f 1650 1651 1659
f 1650 1659 1658
f 1651 1652 1660
f 1651 1660 1659
f 1652 1653 1661
f 1652 1661 1660
f 1653 1654 1662
f 1653 1662 1661
f 1654 1655 1663
f 1654 1663 1662
f 1655 1656 1664
f 1655 1664 1663
f 1656 1649 1657
f 1656 1657 1664
f 1657 1658 1666
f 1657 1666 1665
f 1658 1659 1667
f 1658 1667 1666
f 1659 1660 1668
f 1659 1668 1667
f 1660 1661 1669
f 1660 1669 1668
f 1661 1662 1670
f 1661 1670 1669
f 1662 1663 1671
f 1662 1671 1670
f 1663 1664 1672
f 1663 1672 1671
f 1664 1657 1665
f 1664 1665 1672
f 1665 1666 1674
f 1665 1674 1673
f 1666 1667 1675
f 1666 1675 1674
f 1667 1668 1676
f 1667 1676 1675
f 1668 1669 1677
f 1668 1677 1676
f 1669 1670 1678
f 1669 1678 1677
f 1670 1671 1679
f 1670 1679 1678
f 1671 1672 1680
f 1671 1680 1679
f 1672 1665 1673
f 1672 1673 1680
f 1673 1674 1682
f 1673 1682 1681
f 1674 1675 1683
f 1674 1683 1682
f 1675 1676 1684
f 1675 1684 1683
f 1676 1677 1685
f 1676 1685 1684
f 1677 1678 1686
f 1677 1686 1685
f 1678 1679 1687
f 1678 1687 1686
f 1679 1680 1688
f 1679 1688 1687
f 1680 1673 1681
f 1680 1681 1688
f 1681 1682 1690
f 1681 1690 1689
f 1682 1683 1691
f 1682 1691 1690
f 1683 1684 1692
f 1683 1692 1691
f 1684 1685 1693
f 1684 1693 1692
f 1685 1686 1694
f 1685 1694 1693
f 1686 1687 1695
f 1686 1695 1694
f 1687 1688 1696
f 1687 1696 1695
f 1688 1681 1689
f 1688 1689 1696
f 1689 1690 1698
f 1689 1698 1697
f 1690 1691 1699
f 1690 1699 1698
f 1691 1692 1700
f 1691 1700 1699
f 1692 1693 1701
f 1692 1701 1700
f 1693 1694 1702
f 1693 1702 1701
f 1694 1695 1703
f 1694 1703 1702
f 1695 1696 1704
f 1695 1704 1703
f 1696 1689 1697
f 1696 1697 1704
f 1697 1698 1706
f 1697 1706 1705
f 1698 1699 1707
f 1698 1707 1706
f 1699 1700 1708
f 1699 1708 1707
f 1700 1701 1709
f 1700 1709 1708
f 1701 1702 1710
f 1701 1710 1709
f 1702 1703 1711
f 1702 1711 1710
f 1703 1704 1712
f 1703 1712 1711
f 1704 1697 1705
f 1704 1705 1712
f 1537 1539 1538
f 1705 1706 1707
f 1537 1540 1539
f 1705 1707 1708
f 1537 1541 1540
f 1705 1708 1709
f 1537 1542 1541
f 1705 1709 1710
f 1537 1543 1542
f 1705 1710 1711
f 1537 1544 1543
f 1705 1711 1712
f 1713 1714 1722
f 1713 1722 1721
f 1714 1715 1723
f 1714 1723 1722
f 1715 1716 1724
f 1715 1724 1723
f 1716 1717 1725
f 1716 1725 1724
f 1717 1718 1726
f 1717 1726 1725
f 1718 1719 1727
f 1718 1727 1726
f 1719 1720 1728
f 1719 1728 1727
f 1720 1713 1721
f 1720 1721 1728
f 1721 1722 1730
f 1721 1730 1729
f 1722 1723 1731
f 1722 1731 1730
f 1723 1724 1732
f 1723 1732 1731
f 1724 1725 1733
f 1724 1733 1732
f 1725 1726 1734
f 1725 1734 1733
f 1726 1727 1735
f 1726 1735 1734
f 1727 1728 1736
f 1727 1736 1735
f 1728 1721 1729
f 1728 1729 1736
f 1729 1730 1738
f 1729 1738 1737
f 1730 1731 1739
f 1730 1739 1738
f 1731 1732 1740
f 1731 1740 1739
f 1732 1733 1741
f 1732 1741 1740
f 1733 1734 1742
f 1733 1742 1741
f 1734 1735 1743
f 1734 1743 1742
f 1735 1736 1744
f 1735 1744 1743
f 1736 1729 1737
f 1736 1737 1744
f 1737 1738 1746
f 1737 1746 1745
f 1738 1739 1747
f 1738 1747 1746
f 1739 1740 1748
f 1739 1748 1747
f 1740 1741 1749
f 1740 1749 1748
f 1741 1742 1750
f 1741 1750 1749
f 1742 1743 1751
f 1742 1751 1750
f 1743 1744 1752
f 1743 1752 1751
f 1744 1737 1745
f 1744 1745 1752
f 1745 1746 1754
f 1745 1754 1753
f 1746 1747 1755
f 1746 1755 1754
f 1747 1748 1756
f 1747 1756 1755
f 1748 1749 1757
f 1748 1757 1756
f 1749 1750 1758
f 1749 1758 1757
f 1750 1751 1759
f 1750 1759 1758
f 1751 1752 1760
f 1751 1760 1759
f 1752 1745 1753
f 1752 1753 1760
f 1753 1754 1762
f 1753 1762 1761
f 1754 1755 1763
f 1754 1763 1762
f 1755 1756 1764
f 1755 1764 1763
f 1756 1757 1765
f 1756 1765 1764
f 1757 1758 1766
f 1757 1766 1765
f 1758 1759 1767
f 1758 1767 1766
f 1759 1760 1768
f 1759 1768 1767
f 1760 1753 1761
f 1760 1761 1768
f 1761 1762 1770
f 1761 1770 1769
f 1762 1763 1771
f 1762 1771 1770
f 1763 1764 1772
f 1763 1772 1771
f 1764 1765 1773
f 1764 1773 1772
f 1765 1766 1774
f 1765 1774 1773
f 1766 1767 1775
f 1766 1775 1774
f 1767 1768 1776
f 1767 1776 1775
f 1768 1761 1769
f 1768 1769 1776
f 1769 1770 1778
f 1769 1778 1777
f 1770 1771 1779
f 1770 1779 1778
f 1771 1772 1780
f 1771 1780 1779
f 1772 1773 1781
f 1772 1781 1780
f 1773 1774 1782
f 1773 1782 1781
f 1774 1775 1783
f 1774 1783 1782
f 1775 1776 1784
f 1775 1784 1783
f 1776 1769 1777
f 1776 1777 1784
f 1777 1778 1786
f 1777 1786 1785
f 1778 1779 1787
f 1778 1787 1786
f 1779 1780 1788
f 1779 1788 1787
f 1780 1781 1789
f 1780 1789 1788
f 1781 1782 1790
f 1781 1790 1789
f 1782 1783 1791
f 1782 1791 1790
f 1783 1784 1792
f 1783 1792 1791
f 1784 1777 1785
f 1784 1785 1792
f 1785 1786 1794
f 1785 1794 1793
f 1786 1787 1795
f 1786 1795 1794
f 1787 1788 1796
f 1787 1796 1795
f 1788 1789 1797
f 1788 1797 1796
f 1789 1790 1798
f 1789 1798 1797
f 1790 1791 1799
f 1790 1799 1798
f 1791 1792 1800
f 1791 1800 1799
f 1792 1785 1793
f 1792 1793 1800
f 1793 1794 1802
f 1793 1802 1801
f 1794 1795 1803
f 1794 1803 1802
f 1795 1796 1804
f 1795 1804 1803
f 1796 1797 1805
f 1796 1805 1804
f 1797 1798 1806
f 1797 1806 1805
f 1798 1799 1807
f 1798 1807 1806
f 1799 1800 1808
f 1799 1808 1807
f 1800 1793 1801
f 1800 1801 1808
f 1801 1802 1810
f 1801 1810 1809
f 1802 1803 1811
f 1802 1811 1810
f 1803 1804 1812
f 1803 1812 1811
f 1804 1805 1813
f 1804 1813 1812
f 1805 1806 1814
f 1805 1814 1813
f 1806 1807 1815
f 1806 1815 1814
f 1807 1808 1816
f 1807 1816 1815
f 1808 1801 1809
f 1808 1809 1816
f 1809 1810 1818
f 1809 1818 1817
f 1810 1811 1819
f 1810 1819 1818
f 1811 1812 1820
f 1811 1820 1819
f 1812 1813 1821
f 1812 1821 1820
f 1813 1814 1822
f 1813 1822 1821
f 1814 1815 1823
f 1814 1823 1822
f 1815 1816 1824
f 1815 1824 1823
f 1816 1809 1817
f 1816 1817 1824
f 1817 1818 1826
f 1817 1826 1825
f 1818 1819 1827
f 1818 1827 1826
f 1819 1820 1828
f 1819 1828 1827
f 1820 1821 1829
f 1820 1829 1828
f 1821 1822 1830
f 1821 1830 1829
f 1822 1823 1831
f 1822 1831 1830
f 1823 1824 1832
f 1823 1832 1831
f 1824 1817 1825
f 1824 1825 1832
f 1825 1826 1834
f 1825 1834 1833
f 1826 1827 1835
f 1826 1835 1834
f 1827 1828 1836
f 1827 1836 1835
f 1828 1829 1837
f 1828 1837 1836
f 1829 1830 1838
f 1829 1838 1837
f 1830 1831 1839
f 1830 1839 1838
f 1831 1832 1840
f 1831 1840 1839
f 1832 1825 1833
f 1832 1833 1840
f 1833 1834 1842
f 1833 1842 1841
f 1834 1835 1843
f 1834 1843 1842
f 1835 1836 1844
f 1835 1844 1843
f 1836 1837 1845
f 1836 1845 1844
f 1837 1838 1846
f 1837 1846 1845
f 1838 1839 1847
f 1838 1847 1846
f 1839 1840 1848
f 1839 1848 1847
f 1840 1833 1841
f 1840 1841 1848
f 1841 1842 1850
f 1841 1850 1849
f 1842 1843 1851
f 1842 1851 1850
f 1843 1844 1852
f 1843 1852 1851
f 1844 1845 1853
f 1844 1853 1852
f 1845 1846 1854
f 1845 1854 1853
f 1846 1847 1855
f 1846 1855 1854
f 1847 1848 1856
f 1847 1856 1855
f 1848 1841 1849
f 1848 1849 1856
f 1849 1850 1858
f 1849 1858 1857
f 1850 1851 1859
f 1850 1859 1858
f 1851 1852 1860
f 1851 1860 1859
f 1852 1853 1861
f 1852 1861 1860
f 1853 1854 1862
f 1853 1862 1861
f 1854 1855 1863
f 1854 1863 1862
f 1855 1856 1864
f 1855 1864 1863
f 1856 1849 1857
f 1856 1857 1864
f 1857 1858 1866
f 1857 1866 1865
f 1858 1859 1867
f 1858 1867 1866
f 1859 1860 1868
f 1859 1868 1867
f 1860 1861 1869
f 1860 1869 1868
f 1861 1862 1870
f 1861 1870 1869
f 1862 1863 1871
f 1862 1871 1870
f 1863 1864 1872
f 1863 1872 1871
f 1864 1857 1865
f 1864 1865 1872
f 1865 1866 1874
f 1865 1874 1873
f 1866 1867 1875
f 1866 1875 1874
f 1867 1868 1876
f 1867 1876 1875
f 1868 1869 1877
f 1868 1877 1876
f 1869 1870 1878
f 1869 1878 1877
f 1870 1871 1879
f 1870 1879 1878
f 1871 1872 1880
f 1871 1880 1879
f 1872 1865 1873
f 1872 1873 1880
f 1873 1874 1882
f 1873 1882 1881
f 1874 1875 1883
f 1874 1883 1882
f 1875 1876 1884
f 1875 1884 1883
f 1876 1877 1885
f 1876 1885 1884
f 1877 1878 1886
f 1877 1886 1885
f 1878 1879 1887
f 1878 1887 1886
f 1879 1880 1888
f 1879 1888 1887
f 1880 1873 1881
f 1880 1881 1888
f 1881 1882 1890
f 1881 1890 1889
f 1882 1883 1891
f 1882 1891 1890
f 1883 1884 1892
f 1883 1892 1891
f 1884 1885 1893
f 1884 1893 1892
f 1885 1886 1894
f 1885 1894 1893
f 1886 1887 1895
f 1886 1895 1894
f 1887 1888 1896
f 1887 1896 1895
f 1888 1881 1889
f 1888 1889 1896
f 1889 1890 1898
f 1889 1898 1897
f 1890 1891 1899
f 1890 1899 1898
f 1891 1892 1900
f 1891 1900 1899
f 1892 1893 1901
f 1892 1901 1900
f 1893 1894 1902
f 1893 1902 1901
f 1894 1895 1903
f 1894 1903 1902
f 1895 1896 1904
f 1895 1904 1903
f 1896 1889 1897
f 1896 1897 1904
f 1897 1898 1906
f 1897 1906 1905
f 1898 1899 1907
f 1898 1907 1906
f 1899 1900 1908
f 1899 1908 1907
f 1900 1901 1909
f 1900 1909 1908
f 1901 1902 1910
f 1901 1910 1909
f 1902 1903 1911
f 1902 1911 1910
f 1903 1904 1912
f 1903 1912 1911
f 1904 1897 1905
f 1904 1905 1912
f 1905 1906 1914
f 1905 1914 1913
f 1906 1907 1915
f 1906 1915 1914
f 1907 1908 1916
f 1907 1916 1915
f 1908 1909 1917
f 1908 1917 1916
f 1909 1910 1918
f 1909 1918 1917
f 1910 1911 1919
f 1910 1919 1918
f 1911 1912 1920
f 1911 1920 1919
f 1912 1905 1913
f 1912 1913 1920
f 1913 1914 1922
f 1913 1922 1921
f 1914 1915 1923
f 1914 1923 1922
f 1915 1916 1924
f 1915 1924 1923
f 1916 1917 1925
f 1916 1925 1924
f 1917 1918 1926
f 1917 1926 1925
f 1918 1919 1927
f 1918 1927 1926
f 1919 1920 1928
f 1919 1928 1927
f 1920 1913 1921
f 1920 1921 1928
f 1921 1922 1930
f 1921 1930 1929
f 1922 1923 1931
f 1922 1931 1930
f 1923 1924 1932
f 1923 1932 1931
f 1924 1925 1933
f 1924 1933 1932
f 1925 1926 1934
f 1925 1934 1933
f 1926 1927 1935
f 1926 1935 1934
f 1927 1928 1936
f 1927 1936 1935
f 1928 1921 1929
f 1928 1929 1936
f 1929 1930 1938
f 1929 1938 1937
f 1930 1931 1939
f 1930 1939 1938
f 1931 1932 1940
f 1931 1940 1939
f 1932 1933 1941
f 1932 1941 1940
f 1933 1934 1942
f 1933 1942 1941
f 1934 1935 1943
f 1934 1943 1942
f 1935 1936 1944
f 1935 1944 1943
f 1936 1929 1937
f 1936 1937 1944
f 1937 1938 1946
f 1937 1946 1945
f 1938 1939 1947
f 1938 1947 1946
f 1939 1940 1948
f 1939 1948 1947
f 1940 1941 1949
f 1940 1949 1948
f 1941 1942 1950
f 1941 1950 1949
f 1942 1943 1951
f 1942 1951 1950
f 1943 1944 1952
f 1943 1952 1951
f 1944 1937 1945
f 1944 1945 1952
f 1945 1946 1954
f 1945 1954 1953
f 1946 1947 1955
f 1946 1955 1954
f 1947 1948 1956
f 1947 1956 1955
f 1948 1949 1957
f 1948 1957 1956
f 1949 1950 1958
f 1949 1958 1957
f 1950 1951 1959
f 1950 1959 1958
f 1951 1952 1960
f 1951 1960 1959
f 1952 1945 1953
f 1952 1953 1960
f 1953 1954 1962
f 1953 1962 1961
f 1954 1955 1963
f 1954 1963 1962
f 1955 1956 1964
f 1955 1964 1963
f 1956 1957 1965
f 1956 1965 1964
f 1957 1958 1966
f 1957 1966 1965
f 1958 1959 1967
f 1958 1967 1966
f 1959 1960 1968
f 1959 1968 1967
f 1960 1953 1961
f 1960 1961 1968
f 1961 1962 1970
f 1961 1970 1969
f 1962 1963 1971
f 1962 1971 1970
f 1963 1964 1972
f 1963 1972 1971
f 1964 1965 1973
f 1964 1973 1972
f 1965 1966 1974
f 1965 1974 1973
f 1966 1967 1975
f 1966 1975 1974
f 1967 1968 1976
f 1967 1976 1975
f 1968 1961 1969
f 1968 1969 1976
f 1969 1970 1978
f 1969 1978 1977
f 1970 1971 1979
f 1970 1979 1978
f 1971 1972 1980
f 1971 1980 1979
f 1972 1973 1981
f 1972 1981 1980
f 1973 1974 1982
f 1973 1982 1981
f 1974 1975 1983
f 1974 1983 1982
f 1975 1976 1984
f 1975 1984 1983
f 1976 1969 1977
f 1976 1977 1984
f 1977 1978 1986
f 1977 1986 1985
f 1978 1979 1987
f 1978 1987 1986
f 1979 1980 1988
f 1979 1988 1987
f 1980 1981 1989
f 1980 1989 1988
f 1981 1982 1990
f 1981 1990 1989
f 1982 1983 1991
f 1982 1991 1990
f 1983 1984 1992
f 1983 1992 1991
f 1984 1977 1985
f 1984 1985 1992
f 1985 1986 1994
f 1985 1994 1993
f 1986 1987 1995
f 1986 1995 1994
f 1987 1988 1996
f 1987 1996 1995
f 1988 1989 1997
f 1988 1997 1996
f 1989 1990 1998
f 1989 1998 1997
f 1990 1991 1999
f 1990 1999 1998
f 1991 1992 2000
f 1991 2000 1999
f 1992 1985 1993
f 1992 1993 2000
f 1993 1994 2002
f 1993 2002 2001
f 1994 1995 2003
f 1994 2003 2002
f 1995 1996 2004
f 1995 2004 2003
f 1996 1997 2005
f 1996 2005 2004
f 1997 1998 2006
f 1997 2006 2005
f 1998 1999 2007
f 1998 2007 2006
f 1999 2000 2008
f 1999 2008 2007
f 2000 1993 2001
f 2000 2001 2008
f 2001 2002 2010
f 2001 2010 2009
f 2002 2003 2011
f 2002 2011 2010
f 2003 2004 2012
f 2003 2012 2011
f 2004 2005 2013
f 2004 2013 2012
f 2005 2006 2014
f 2005 2014 2013
f 2006 2007 2015
f 2006 2015 2014
f 2007 2008 2016
f 2007 2016 2015
f 2008 2001 2009
f 2008 2009 2016
f 2009 2010 2018
f 2009 2018 2017
f 2010 2011 2019
f 2010 2019 2018
f 2011 2012 2020
f 2011 2020 2019
f 2012 2013 2021
f 2012 2021 2020
f 2013 2014 2022
f 2013 2022 2021
f 2014 2015 2023
f 2014 2023 2022
f 2015 2016 2024
f 2015 2024 2023
f 2016 2009 2017
f 2016 2017 2024
f 2017 2018 2026
f 2017 2026 2025
f 2018 2019 2027
f 2018 2027 2026
f 2019 2020 2028
f 2019 2028 2027
f 2020 2021 2029
f 2020 2029 2028
f 2021 2022 2030
f 2021 2030 2029
f 2022 2023 2031
f 2022 2031 2030
f 2023 2024 2032
f 2023 2032 2031
f 2024 2017 2025
f 2024 2025 2032
f 2025 2026 2034
f 2025 2034 2033
f 2026 2027 2035
f 2026 2035 2034
f 2027 2028 2036
f 2027 2036 2035
f 2028 2029 2037
f 2028 2037 2036
f 2029 2030 2038
f 2029 2038 2037
f 2030 2031 2039
f 2030 2039 2038
f 2031 2032 2040
f 2031 2040 2039
f 2032 2025 2033
f 2032 2033 2040
f 2033 2034 2042
f 2033 2042 2041
f 2034 2035 2043
f 2034 2043 2042
f 2035 2036 2044
f 2035 2044 2043
f 2036 2037 2045
f 2036 2045 2044
f 2037 2038 2046
f 2037 2046 2045
f 2038 2039 2047
f 2038 2047 2046
f 2039 2040 2048
f 2039 2048 2047
f 2040 2033 2041
f 2040 2041 2048
f 2041 2042 2050
f 2041 2050 2049
f 2042 2043 2051
f 2042 2051 2050
f 2043 2044 2052
f 2043 2052 2051
f 2044 2045 2053
f 2044 2053 2052
f 2045 2046 2054
f 2045 2054 2053
f 2046 2047 2055
f 2046 2055 2054
f 2047 2048 2056
f 2047 2056 2055
f 2048 2041 2049
f 2048 2049 2056
f 2049 2050 2058
f 2049 2058 2057
f 2050 2051 2059
f 2050 2059 2058
f 2051 2052 2060
f 2051 2060 2059
f 2052 2053 2061
f 2052 2061 2060
f 2053 2054 2062
f 2053 2062 2061
f 2054 2055 2063
f 2054 2063 2062
f 2055 2056 2064
f 2055 2064 2063
f 2056 2049 2057
f 2056 2057 2064
f 2057 2058 2066
f 2057 2066 2065
f 2058 2059 2067
f 2058 2067 2066
f 2059 2060 2068
f 2059 2068 2067
f 2060 2061 2069
f 2060 2069 2068
f 2061 2062 2070
f 2061 2070 2069
f 2062 2063 2071
f 2062 2071 2070
f 2063 2064 2072
f 2063 2072 2071
f 2064 2057 2065
f 2064 2065 2072
f 2065 2066 2074
f 2065 2074 2073
f 2066 2067 2075
f 2066 2075 2074
f 2067 2068 2076
f 2067 2076 2075
f 2068 2069 2077
f 2068 2077 2076
f 2069 2070 2078
f 2069 2078 2077
f 2070 2071 2079
f 2070 2079 2078
f 2071 2072 2080
f 2071 2080 2079
f 2072 2065 2073
f 2072 2073 2080
f 2073 2074 2082
f 2073 2082 2081
f 2074 2075 2083
f 2074 2083 2082
f 2075 2076 2084
f 2075 2084 2083
f 2076 2077 2085
f 2076 2085 2084
f 2077 2078 2086
f 2077 2086 2085
f 2078 2079 2087
f 2078 2087 2086
f 2079 2080 2088
f 2079 2088 2087
f 2080 2073 2081
f 2080 2081 2088
f 2081 2082 2090
f 2081 2090 2089
f 2082 2083 2091
f 2082 2091 2090
f 2083 2084 2092
f 2083 2092 2091
f 2084 2085 2093
f 2084 2093 2092
f 2085 2086 2094
f 2085 2094 2093
f 2086 2087 2095
f 2086 2095 2094
f 2087 2088 2096
f 2087 2096 2095
f 2088 2081 2089
f 2088 2089 2096
f 2089 2090 2098
f 2089 2098 2097
f 2090 2091 2099
f 2090 2099 2098
f 2091 2092 2100
f 2091 2100 2099
f 2092 2093 2101
f 2092 2101 2100
f 2093 2094 2102
f 2093 2102 2101
f 2094 2095 2103
f 2094 2103 2102
f 2095 2096 2104
f 2095 2104 2103
f 2096 2089 2097
f 2096 2097 2104
f 2097 2098 2106
f 2097 2106 2105
f 2098 2099 2107
f 2098 2107 2106
f 2099 2100 2108
f 2099 2108 2107
f 2100 2101 2109
f 2100 2109 2108
f 2101 2102 2110
f 2101 2110 2109
f 2102 2103 2111
f 2102 2111 2110
f 2103 2104 2112
f 2103 2112 2111
f 2104 2097 2105
f 2104 2105 2112
f 2105 2106 2114
f 2105 2114 2113
f 2106 2107 2115
f 2106 2115 2114
f 2107 2108 2116
f 2107 2116 2115
f 2108 2109 2117
f 2108 2117 2116
f 2109 2110 2118
f 2109 2118 2117
f 2110 2111 2119
f 2110 2119 2118
f 2111 2112 2120
f 2111 2120 2119
f 2112 2105 2113
f 2112 2113 2120
f 2113 2114 2122
f 2113 2122 2121
f 2114 2115 2123
f 2114 2123 2122
f 2115 2116 2124
f 2115 2124 2123
f 2116 2117 2125
f 2116 2125 2124
f 2117 2118 2126
f 2117 2126 2125
f 2118 2119 2127
f 2118 2127 2126
f 2119 2120 2128
f 2119 2128 2127
f 2120 2113 2121
f 2120 2121 2128
f 2121 2122 2130
f 2121 2130 2129
f 2122 2123 2131
f 2122 2131 2130
f 2123 2124 2132
f 2123 2132 2131
f 2124 2125 2133
f 2124 2133 2132
f 2125 2126 2134
f 2125 2134 2133
f 2126 2127 2135
f 2126 2135 2134
f 2127 2128 2136
f 2127 2136 2135
f 2128 2121 2129
f 2128 2129 2136
f 2129 2130 2138
f 2129 2138 2137
f 2130 2131 2139
f 2130 2139 2138
f 2131 2132 2140
f 2131 2140 2139
f 2132 2133 2141
f 2132 2141 2140
f 2133 2134 2142
f 2133 2142 2141
f 2134 2135 2143
f 2134 2143 2142
f 2135 2136 2144
f 2135 2144 2143
f 2136 2129 2137
f 2136 2137 2144
f 2137 2138 2146
f 2137 2146 2145
f 2138 2139 2147
f 2138 2147 2146
f 2139 2140 2148
f 2139 2148 2147
f 2140 2141 2149
f 2140 2149 2148
f 2141 2142 2150
f 2141 2150 2149
f 2142 2143 2151
f 2142 2151 2150
f 2143 2144 2152
f 2143 2152 2151
f 2144 2137 2145
f 2144 2145 2152
f 2145 2146 2154
f 2145 2154 2153
f 2146 2147 2155
f 2146 2155 2154
f 2147 2148 2156
f 2147 2156 2155
f 2148 2149 2157
f 2148 2157 2156
f 2149 2150 2158
f 2149 2158 2157
f 2150 2151 2159
f 2150 2159 2158
f 2151 2152 2160
f 2151 2160 2159
f 2152 2145 2153
f 2152 2153 2160
f 2153 2154 2162
f 2153 2162 2161
f 2154 2155 2163
f 2154 2163 2162
f 2155 2156 2164
f 2155 2164 2163
f 2156 2157 2165
f 2156 2165 2164
f 2157 2158 2166
f 2157 2166 2165
f 2158 2159 2167
f 2158 2167 2166
f 2159 2160 2168
f 2159 2168 2167
f 2160 2153 2161
f 2160 2161 2168
f 2161 2162 2170
f 2161 2170 2169
f 2162 2163 2171
f 2162 2171 2170
f 2163 2164 2172
f 2163 2172 2171
f 2164 2165 2173
f 2164 2173 2172
f 2165 2166 2174
f 2165 2174 2173
f 2166 2167 2175
f 2166 2175 2174
f 2167 2168 2176
f 2167 2176 2175
f 2168 2161 2169
f 2168 2169 2176
f 2169 2170 2178
f 2169 2178 2177
f 2170 2171 2179
f 2170 2179 2178
f 2171 2172 2180
f 2171 2180 2179
f 2172 2173 2181
f 2172 2181 2180
f 2173 2174 2182
f 2173 2182 2181
f 2174 2175 2183
f 2174 2183 2182
f 2175 2176 2184
f 2175 2184 2183
f 2176 2169 2177
f 2176 2177 2184
f 2177 2178 2186
f 2177 2186 2185
f 2178 2179 2187
f 2178 2187 2186
f 2179 2180 2188
f 2179 2188 2187
f 2180 2181 2189
f 2180 2189 2188
f 2181 2182 2190
f 2181 2190 2189
f 2182 2183 2191
f 2182 2191 2190
f 2183 2184 2192
f 2183 2192 2191
f 2184 2177 2185
f 2184 2185 2192
f 2185 2186 2194
f 2185 2194 2193
f 2186 2187 2195
f 2186 2195 2194
f 2187 2188 2196
f 2187 2196 2195
f 2188 2189 2197
f 2188 2197 2196
f 2189 2190 2198
f 2189 2198 2197
f 2190 2191 2199
f 2190 2199 2198
f 2191 2192 2200
f 2191 2200 2199
f 2192 2185 2193
f 2192 2193 2200
f 2193 2194 2202
f 2193 2202 2201
f 2194 2195 2203
f 2194 2203 2202
f 2195 2196 2204
f 2195 2204 2203
f 2196 2197 2205
f 2196 2205 2204
f 2197 2198 2206
f 2197 2206 2205
f 2198 2199 2207
f 2198 2207 2206
f 2199 2200 2208
f 2199 2208 2207
f 2200 2193 2201
f 2200 2201 2208
f 2201 2202 2210
f 2201 2210 2209
f 2202 2203 2211
f 2202 2211 2210
f 2203 2204 2212
f 2203 2212 2211
f 2204 2205 2213
f 2204 2213 2212
f 2205 2206 2214
f 2205 2214 2213
f 2206 2207 2215
f 2206 2215 2214
f 2207 2208 2216
f 2207 2216 2215
f 2208 2201 2209
f 2208 2209 2216
f 2209 2210 2218
f 2209 2218 2217
f 2210 2211 2219
f 2210 2219 2218
f 2211 2212 2220
f 2211 2220 2219
f 2212 2213 2221
f 2212 2221 2220
f 2213 2214 2222
f 2213 2222 2221
f 2214 2215 2223
f 2214 2223 2222
f 2215 2216 2224
f 2215 2224 2223
f 2216 2209 2217
f 2216 2217 2224
f 2217 2218 2226
f 2217 2226 2225
f 2218 2219 2227
f 2218 2227 2226
f 2219 2220 2228
f 2219 2228 2227
f 2220 2221 2229
f 2220 2229 2228
f 2221 2222 2230
f 2221 2230 2229
f 2222 2223 2231
f 2222 2231 2230
f 2223 2224 2232
f 2223 2232 2231
f 2224 2217 2225
f 2224 2225 2232
f 2225 2226 2234
f 2225 2234 2233
f 2226 2227 2235
f 2226 2235 2234
f 2227 2228 2236
f 2227 2236 2235
f 2228 2229 2237
f 2228 2237 2236
f 2229 2230 2238
f 2229 2238 2237
f 2230 2231 2239
f 2230 2239 2238
f 2231 2232 2240
f 2231 2240 2239
f 2232 2225 2233
f 2232 2233 2240
f 2233 2234 2242
f 2233 2242 2241
f 2234 2235 2243
f 2234 2243 2242
f 2235 2236 2244
f 2235 2244 2243
f 2236 2237 2245
f 2236 2245 2244
f 2237 2238 2246
f 2237 2246 2245
f 2238 2239 2247
f 2238 2247 2246
f 2239 2240 2248
f 2239 2248 2247
f 2240 2233 2241
f 2240 2241 2248
f 2241 2242 2250
f 2241 2250 2249
f 2242 2243 2251
f 2242 2251 2250
f 2243 2244 2252
f 2243 2252 2251
f 2244 2245 2253
f 2244 2253 2252
f 2245 2246 2254
f 2245 2254 2253
f 2246 2247 2255
f 2246 2255 2254
f 2247 2248 2256
f 2247 2256 2255
f 2248 2241 2249
f 2248 2249 2256
f 2249 2250 2258
f 2249 2258 2257
f 2250 2251 2259
f 2250 2259 2258
f 2251 2252 2260
f 2251 2260 2259
f 2252 2253 2261
f 2252 2261 2260
f 2253 2254 2262
f 2253 2262 2261
f 2254 2255 2263
f 2254 2263 2262
f 2255 2256 2264
f 2255 2264 2263
f 2256 2249 2257
f 2256 2257 2264
f 2257 2258 2266
f 2257 2266 2265
f 2258 2259 2267
f 2258 2267 2266
f 2259 2260 2268
f 2259 2268 2267
f 2260 2261 2269
f 2260 2269 2268
f 2261 2262 2270
f 2261 2270 2269
f 2262 2263 2271
f 2262 2271 2270
f 2263 2264 2272
f 2263 2272 2271
f 2264 2257 2265
f 2264 2265 2272
f 2265 2266 2274
f 2265 2274 2273
f 2266 2267 2275
f 2266 2275 2274
f 2267 2268 2276
f 2267 2276 2275
f 2268 2269 2277
f 2268 2277 2276
f 2269 2270 2278
f 2269 2278 2277
f 2270 2271 2279
f 2270 2279 2278
f 2271 2272 2280
f 2271 2280 2279
f 2272 2265 2273
f 2272 2273 2280
f 2273 2274 2282
f 2273 2282 2281
f 2274 2275 2283
f 2274 2283 2282
f 2275 2276 2284
f 2275 2284 2283
f 2276 2277 2285
f 2276 2285 2284
f 2277 2278 2286
f 2277 2286 2285
f 2278 2279 2287
f 2278 2287 2286
f 2279 2280 2288
f 2279 2288 2287
f 2280 2273 2281
f 2280 2281 2288
f 2281 2282 2290
f 2281 2290 2289
f 2282 2283 2291
f 2282 2291 2290
f 2283 2284 2292
f 2283 2292 2291
f 2284 2285 2293
f 2284 2293 2292
f 2285 2286 2294
f 2285 2294 2293
f 2286 2287 2295
f 2286 2295 2294
f 2287 2288 2296
f 2287 2296 2295
f 2288 2281 2289
f 2288 2289 2296
f 2289 2290 2298
f 2289 2298 2297
f 2290 2291 2299
f 2290 2299 2298
f 2291 2292 2300
f 2291 2300 2299
f 2292 2293 2301
f 2292 2301 2300
f 2293 2294 2302
f 2293 2302 2301
f 2294 2295 2303
f 2294 2303 2302
f 2295 2296 2304
f 2295 2304 2303
f 2296 2289 2297
f 2296 2297 2304
f 2297 2298 2306
f 2297 2306 2305
f 2298 2299 2307
f 2298 2307 2306
f 2299 2300 2308
f 2299 2308 2307
f 2300 2301 2309
f 2300 2309 2308
f 2301 2302 2310
f 2301 2310 2309
f 2302 2303 2311
f 2302 2311 2310
f 2303 2304 2312
f 2303 2312 2311
f 2304 2297 2305
f 2304 2305 2312
f 2305 2306 2314
f 2305 2314 2313
f 2306 2307 2315
f 2306 2315 2314
f 2307 2308 2316
f 2307 2316 2315
f 2308 2309 2317
f 2308 2317 2316
f 2309 2310 2318
f 2309 2318 2317
f 2310 2311 2319
f 2310 2319 2318
f 2311 2312 2320
f 2311 2320 2319
f 2312 2305 2313
f 2312 2313 2320
f 2313 2314 2322
f 2313 2322 2321
f 2314 2315 2323
f 2314 2323 2322
f 2315 2316 2324
f 2315 2324 2323
f 2316 2317 2325
f 2316 2325 2324
f 2317 2318 2326
f 2317 2326 2325
f 2318 2319 2327
f 2318 2327 2326
f 2319 2320 2328
f 2319 2328 2327
f 2320 2313 2321
f 2320 2321 2328
f 2321 2322 2330
f 2321 2330 2329
f 2322 2323 2331
f 2322 2331 2330
f 2323 2324 2332
f 2323 2332 2331
f 2324 2325 2333
f 2324 2333 2332
f 2325 2326 2334
f 2325 2334 2333
f 2326 2327 2335
f 2326 2335 2334
f 2327 2328 2336
f 2327 2336 2335
f 2328 2321 2329
f 2328 2329 2336
f 2329 2330 2338
f 2329 2338 2337
f 2330 2331 2339
f 2330 2339 2338
f 2331 2332 2340
f 2331 2340 2339
f 2332 2333 2341
f 2332 2341 2340
f 2333 2334 2342
f 2333 2342 2341
f 2334 2335 2343
f 2334 2343 2342
f 2335 2336 2344
f 2335 2344 2343
f 2336 2329 2337
f 2336 2337 2344
f 2337 2338 2346
f 2337 2346 2345
f 2338 2339 2347
f 2338 2347 2346
f 2339 2340 2348
f 2339 2348 2347
f 2340 2341 2349
f 2340 2349 2348
f 2341 2342 2350
f 2341 2350 2349
f 2342 2343 2351
f 2342 2351 2350
f 2343 2344 2352
f 2343 2352 2351
f 2344 2337 2345
f 2344 2345 2352
f 2345 2346 2354
f 2345 2354 2353
f 2346 2347 2355
f 2346 2355 2354
f 2347 2348 2356
f 2347 2356 2355
f 2348 2349 2357
f 2348 2357 2356
f 2349 2350 2358
f 2349 2358 2357
f 2350 2351 2359
f 2350 2359 2358
f 2351 2352 2360
f 2351 2360 2359
f 2352 2345 2353
f 2352 2353 2360
f 2353 2354 2362
f 2353 2362 2361
f 2354 2355 2363
f 2354 2363 2362
f 2355 2356 2364
f 2355 2364 2363
f 2356 2357 2365
f 2356 2365 2364
f 2357 2358 2366
f 2357 2366 2365
f 2358 2359 2367
f 2358 2367 2366
f 2359 2360 2368
f 2359 2368 2367
f 2360 2353 2361
f 2360 2361 2368
f 2361 2362 2370
f 2361 2370 2369
f 2362 2363 2371
f 2362 2371 2370
f 2363 2364 2372
f 2363 2372 2371
f 2364 2365 2373
f 2364 2373 2372
f 2365 2366 2374
f 2365 2374 2373
f 2366 2367 2375
f 2366 2375 2374
f 2367 2368 2376
f 2367 2376 2375
f 2368 2361 2369
f 2368 2369 2376
f 2369 2370 2378
f 2369 2378 2377
f 2370 2371 2379
f 2370 2379 2378
f 2371 2372 2380
f 2371 2380 2379
f 2372 2373 2381
f 2372 2381 2380
f 2373 2374 2382
f 2373 2382 2381
f 2374 2375 2383
f 2374 2383 2382
f 2375 2376 2384
f 2375 2384 2383
f 2376 2369 2377
f 2376 2377 2384
f 2377 2378 2386
f 2377 2386 2385
f 2378 2379 2387
f 2378 2387 2386
f 2379 2380 2388
f 2379 2388 2387
f 2380 2381 2389
f 2380 2389 2388
f 2381 2382 2390
f 2381 2390 2389
f 2382 2383 2391
f 2382 2391 2390
f 2383 2384 2392
f 2383 2392 2391
f 2384 2377 2385
f 2384 2385 2392
f 2385 2386 2394
f 2385 2394 2393
f 2386 2387 2395
f 2386 2395 2394
f 2387 2388 2396
f 2387 2396 2395
f 2388 2389 2397
f 2388 2397 2396
f 2389 2390 2398
f 2389 2398 2397
f 2390 2391 2399
f 2390 2399 2398
f 2391 2392 2400
f 2391 2400 2399
f 2392 2385 2393
f 2392 2393 2400
f 2393 2394 2402
f 2393 2402 2401
f 2394 2395 2403
f 2394 2403 2402
f 2395 2396 2404
f 2395 2404 2403
f 2396 2397 2405
f 2396 2405 2404
f 2397 2398 2406
f 2397 2406 2405
f 2398 2399 2407
f 2398 2407 2406
f 2399 2400 2408
f 2399 2408 2407
f 2400 2393 2401
f 2400 2401 2408
f 2401 2402 2410
f 2401 2410 2409
f 2402 2403 2411
f 2402 2411 2410
f 2403 2404 2412
f 2403 2412 2411
f 2404 2405 2413
f 2404 2413 2412
f 2405 2406 2414
f 2405 2414 2413
f 2406 2407 2415
f 2406 2415 2414
f 2407 2408 2416
f 2407 2416 2415
f 2408 2401 2409
f 2408 2409 2416
f 2409 2410 2418
f 2409 2418 2417
f 2410 2411 2419
f 2410 2419 2418
f 2411 2412 2420
f 2411 2420 2419
f 2412 2413 2421
f 2412 2421 2420
f 2413 2414 2422
f 2413 2422 2421
f 2414 2415 2423
f 2414 2423 2422
f 2415 2416 2424
f 2415 2424 2423
f 2416 2409 2417
f 2416 2417 2424
f 2417 2418 2426
f 2417 2426 2425
f 2418 2419 2427
f 2418 2427 2426
f 2419 2420 2428
f 2419 2428 2427
f 2420 2421 2429
f 2420 2429 2428
f 2421 2422 2430
f 2421 2430 2429
f 2422 2423 2431
f 2422 2431 2430
f 2423 2424 2432
f 2423 2432 2431
f 2424 2417 2425
f 2424 2425 2432
f 2425 2426 2434
f 2425 2434 2433
f 2426 2427 2435
f 2426 2435 2434
f 2427 2428 2436
f 2427 2436 2435
f 2428 2429 2437
f 2428 2437 2436
f 2429 2430 2438
f 2429 2438 2437
f 2430 2431 2439
f 2430 2439 2438
f 2431 2432 2440
f 2431 2440 2439
f 2432 2425 2433
f 2432 2433 2440
f 2433 2434 2442
f 2433 2442 2441
f 2434 2435 2443
f 2434 2443 2442
f 2435 2436 2444
f 2435 2444 2443
f 2436 2437 2445
f 2436 2445 2444
f 2437 2438 2446
f 2437 2446 2445
f 2438 2439 2447
f 2438 2447 2446
f 2439 2440 2448
f 2439 2448 2447
f 2440 2433 2441
f 2440 2441 2448
f 2441 2442 2450
f 2441 2450 2449
f 2442 2443 2451
f 2442 2451 2450
f 2443 2444 2452
f 2443 2452 2451
f 2444 2445 2453
f 2444 2453 2452
f 2445 2446 2454
f 2445 2454 2453
f 2446 2447 2455
f 2446 2455 2454
f 2447 2448 2456
f 2447 2456 2455
f 2448 2441 2449
f 2448 2449 2456
f 2449 2450 2458
f 2449 2458 2457
f 2450 2451 2459
f 2450 2459 2458
f 2451 2452 2460
f 2451 2460 2459
f 2452 2453 2461
f 2452 2461 2460
f 2453 2454 2462
f 2453 2462 2461
f 2454 2455 2463
f 2454 2463 2462
f 2455 2456 2464
f 2455 2464 2463
f 2456 2449 2457
f 2456 2457 2464
f 2457 2458 2466
f 2457 2466 2465
f 2458 2459 2467
f 2458 2467 2466
f 2459 2460 2468
f 2459 2468 2467
f 2460 2461 2469
f 2460 2469 2468
f 2461 2462 2470
f 2461 2470 2469
f 2462 2463 2471
f 2462 2471 2470
f 2463 2464 2472
f 2463 2472 2471
f 2464 2457 2465
f 2464 2465 2472
f 2465 2466 2474
f 2465 2474 2473
f 2466 2467 2475
f 2466 2475 2474
f 2467 2468 2476
f 2467 2476 2475
f 2468 2469 2477
f 2468 2477 2476
f 2469 2470 2478
f 2469 2478 2477
f 2470 2471 2479
f 2470 2479 2478
f 2471 2472 2480
f 2471 2480 2479
f 2472 2465 2473
f 2472 2473 2480
f 2473 2474 2482
f 2473 2482 2481
f 2474 2475 2483
f 2474 2483 2482
f 2475 2476 2484
f 2475 2484 2483
f 2476 2477 2485
f 2476 2485 2484
f 2477 2478 2486
f 2477 2486 2485
f 2478 2479 2487
f 2478 2487 2486
f 2479 2480 2488
f 2479 2488 2487
f 2480 2473 2481
f 2480 2481 2488
f 2481 2482 2490
f 2481 2490 2489
f 2482 2483 2491
f 2482 2491 2490
f 2483 2484 2492
f 2483 2492 2491
f 2484 2485 2493
f 2484 2493 2492
f 2485 2486 2494
f 2485 2494 2493
f 2486 2487 2495
f 2486 2495 2494
f 2487 2488 2496
f 2487 2496 2495
f 2488 2481 2489
f 2488 2489 2496
f 2489 2490 2498
f 2489 2498 2497
f 2490 2491 2499
f 2490 2499 2498
f 2491 2492 2500
f 2491 2500 2499
f 2492 2493 2501
f 2492 2501 2500
f 2493 2494 2502
f 2493 2502 2501
f 2494 2495 2503
f 2494 2503 2502
f 2495 2496 2504
f 2495 2504 2503
f 2496 2489 2497
f 2496 2497 2504
f 2497 2498 2506
f 2497 2506 2505
f 2498 2499 2507
f 2498 2507 2506
f 2499 2500 2508
f 2499 2508 2507
f 2500 2501 2509
f 2500 2509 2508
f 2501 2502 2510
f 2501 2510 2509
f 2502 2503 2511
f 2502 2511 2510
f 2503 2504 2512
f 2503 2512 2511
f 2504 2497 2505
f 2504 2505 2512
f 2505 2506 2514
f 2505 2514 2513
f 2506 2507 2515
f 2506 2515 2514
f 2507 2508 2516
f 2507 2516 2515
f 2508 2509 2517
f 2508 2517 2516
f 2509 2510 2518
f 2509 2518 2517
f 2510 2511 2519
f 2510 2519 2518
f 2511 2512 2520
f 2511 2520 2519
f 2512 2505 2513
f 2512 2513 2520
f 2513 2514 2522
f 2513 2522 2521
f 2514 2515 2523
f 2514 2523 2522
f 2515 2516 2524
f 2515 2524 2523
f 2516 2517 2525
f 2516 2525 2524
f 2517 2518 2526
f 2517 2526 2525
f 2518 2519 2527
f 2518 2527 2526
f 2519 2520 2528
f 2519 2528 2527
f 2520 2513 2521
f 2520 2521 2528
f 2521 2522 2530
f 2521 2530 2529
f 2522 2523 2531
f 2522 2531 2530
f 2523 2524 2532
f 2523 2532 2531
f 2524 2525 2533
f 2524 2533 2532
f 2525 2526 2534
f 2525 2534 2533
f 2526 2527 2535
f 2526 2535 2534
f 2527 2528 2536
f 2527 2536 2535
f 2528 2521 2529
f 2528 2529 2536
f 2529 2530 2538
f 2529 2538 2537
f 2530 2531 2539
f 2530 2539 2538
f 2531 2532 2540
f 2531 2540 2539
f 2532 2533 2541
f 2532 2541 2540
f 2533 2534 2542
f 2533 2542 2541
f 2534 2535 2543
f 2534 2543 2542
f 2535 2536 2544
f 2535 2544 2543
f 2536 2529 2537
f 2536 2537 2544
f 2537 2538 2546
f 2537 2546 2545
f 2538 2539 2547
f 2538 2547 2546
f 2539 2540 2548
f 2539 2548 2547
f 2540 2541 2549
f 2540 2549 2548
f 2541 2542 2550
f 2541 2550 2549
f 2542 2543 2551
f 2542 2551 2550
f 2543 2544 2552
f 2543 2552 2551
f 2544 2537 2545
f 2544 2545 2552
f 2545 2546 2554
f 2545 2554 2553
f 2546 2547 2555
f 2546 2555 2554
f 2547 2548 2556
f 2547 2556 2555
f 2548 2549 2557
f 2548 2557 2556
f 2549 2550 2558
f 2549 2558 2557
f 2550 2551 2559
f 2550 2559 2558
f 2551 2552 2560
f 2551 2560 2559
f 2552 2545 2553
f 2552 2553 2560
f 2553 2554 2562
f 2553 2562 2561
f 2554 2555 2563
f 2554 2563 2562
f 2555 2556 2564
f 2555 2564 2563
f 2556 2557 2565
f 2556 2565 2564
f 2557 2558 2566
f 2557 2566 2565
f 2558 2559 2567
f 2558 2567 2566
f 2559 2560 2568
f 2559 2568 2567
f 2560 2553 2561
f 2560 2561 2568
f 2561 2562 2570
f 2561 2570 2569
f 2562 2563 2571
f 2562 2571 2570
f 2563 2564 2572
f 2563 2572 2571
f 2564 2565 2573
f 2564 2573 2572
f 2565 2566 2574
f 2565 2574 2573
f 2566 2567 2575
f 2566 2575 2574
f 2567 2568 2576
f 2567 2576 2575
f 2568 2561 2569
f 2568 2569 2576
f 2569 2570 2578
f 2569 2578 2577
f 2570 2571 2579
f 2570 2579 2578
f 2571 2572 2580
f 2571 2580 2579
f 2572 2573 2581
f 2572 2581 2580
f 2573 2574 2582
f 2573 2582 2581
f 2574 2575 2583
f 2574 2583 2582
f 2575 2576 2584
f 2575 2584 2583
f 2576 2569 2577
f 2576 2577 2584
f 2577 2578 2586
f 2577 2586 2585
f 2578 2579 2587
f 2578 2587 2586
f 2579 2580 2588
f 2579 2588 2587
f 2580 2581 2589
f 2580 2589 2588
f 2581 2582 2590
f 2581 2590 2589
f 2582 2583 2591
f 2582 2591 2590
f 2583 2584 2592
f 2583 2592 2591
f 2584 2577 2585
f 2584 2585 2592
f 2585 2586 2594
f 2585 2594 2593
f 2586 2587 2595
f 2586 2595 2594
f 2587 2588 2596
f 2587 2596 2595
f 2588 2589 2597
f 2588 2597 2596
f 2589 2590 2598
f 2589 2598 2597
f 2590 2591 2599
f 2590 2599 2598
f 2591 2592 2600
f 2591 2600 2599
f 2592 2585 2593
f 2592 2593 2600
f 2593 2594 2602
f 2593 2602 2601
f 2594 2595 2603
f 2594 2603 2602
f 2595 2596 2604
f 2595 2604 2603
f 2596 2597 2605
f 2596 2605 2604
f 2597 2598 2606
f 2597 2606 2605
f 2598 2599 2607
f 2598 2607 2606
f 2599 2600 2608
f 2599 2608 2607
f 2600 2593 2601
f 2600 2601 2608
f 2601 2602 2610
f 2601 2610 2609
f 2602 2603 2611
f 2602 2611 2610
f 2603 2604 2612
f 2603 2612 2611
f 2604 2605 2613
f 2604 2613 2612
f 2605 2606 2614
f 2605 2614 2613
f 2606 2607 2615
f 2606 2615 2614
f 2607 2608 2616
f 2607 2616 2615
f 2608 2601 2609
f 2608 2609 2616
f 2609 2610 2618
f 2609 2618 2617
f 2610 2611 2619
f 2610 2619 2618
f 2611 2612 2620
f 2611 2620 2619
f 2612 2613 2621
f 2612 2621 2620
f 2613 2614 2622
f 2613 2622 2621
f 2614 2615 2623
f 2614 2623 2622
f 2615 2616 2624
f 2615 2624 2623
f 2616 2609 2617
f 2616 2617 2624
f 2617 2618 2626
f 2617 2626 2625
f 2618 2619 2627
f 2618 2627 2626
f 2619 2620 2628
f 2619 2628 2627
f 2620 2621 2629
f 2620 2629 2628
f 2621 2622 2630
f 2621 2630 2629
f 2622 2623 2631
f 2622 2631 2630
f 2623 2624 2632
f 2623 2632 2631
f 2624 2617 2625
f 2624 2625 2632
f 2625 2626 2634
f 2625 2634 2633
f 2626 2627 2635
f 2626 2635 2634
f 2627 2628 2636
f 2627 2636 2635
f 2628 2629 2637
f 2628 2637 2636
f 2629 2630 2638
f 2629 2638 2637
f 2630 2631 2639
f 2630 2639 2638
f 2631 2632 2640
f 2631 2640 2639
f 2632 2625 2633
f 2632 2633 2640
f 2633 2634 2642
f 2633 2642 2641
f 2634 2635 2643
f 2634 2643 2642
f 2635 2636 2644
f 2635 2644 2643
f 2636 2637 2645
f 2636 2645 2644
f 2637 2638 2646
f 2637 2646 2645
f 2638 2639 2647
f 2638 2647 2646
f 2639 2640 2648
f 2639 2648 2647
f 2640 2633 2641
f 2640 2641 2648
f 2641 2642 2650
f 2641 2650 2649
f 2642 2643 2651
f 2642 2651 2650
f 2643 2644 2652
f 2643 2652 2651
f 2644 2645 2653
f 2644 2653 2652
f 2645 2646 2654
f 2645 2654 2653
f 2646 2647 2655
f 2646 2655 2654
f 2647 2648 2656
f 2647 2656 2655
f 2648 2641 2649
f 2648 2649 2656
f 2649 2650 2658
f 2649 2658 2657
f 2650 2651 2659
f 2650 2659 2658
f 2651 2652 2660
f 2651 2660 2659
f 2652 2653 2661
f 2652 2661 2660
f 2653 2654 2662
f 2653 2662 2661
f 2654 2655 2663
f 2654 2663 2662
f 2655 2656 2664
f 2655 2664 2663
f 2656 2649 2657
f 2656 2657 2664
f 2657 2658 2666
f 2657 2666 2665
f 2658 2659 2667
f 2658 2667 2666
f 2659 2660 2668
f 2659 2668 2667
f 2660 2661 2669
f 2660 2669 2668
f 2661 2662 2670
f 2661 2670 2669
f 2662 2663 2671
f 2662 2671 2670
f 2663 2664 2672
f 2663 2672 2671
f 2664 2657 2665
f 2664 2665 2672
f 2665 2666 2674
f 2665 2674 2673
f 2666 2667 2675
f 2666 2675 2674
f 2667 2668 2676
f 2667 2676 2675
f 2668 2669 2677
f 2668 2677 2676
f 2669 2670 2678
f 2669 2678 2677
f 2670 2671 2679
f 2670 2679 2678
f 2671 2672 2680
f 2671 2680 2679
f 2672 2665 2673
f 2672 2673 2680
f 2673 2674 2682
f 2673 2682 2681
f 2674 2675 2683
f 2674 2683 2682
f 2675 2676 2684
f 2675 2684 2683
f 2676 2677 2685
f 2676 2685 2684
f 2677 2678 2686
f 2677 2686 2685
f 2678 2679 2687
f 2678 2687 2686
f 2679 2680 2688
f 2679 2688 2687
f 2680 2673 2681
f 2680 2681 2688
f 2681 2682 2690
f 2681 2690 2689
f 2682 2683 2691
f 2682 2691 2690
f 2683 2684 2692
f 2683 2692 2691
f 2684 2685 2693
f 2684 2693 2692
f 2685 2686 2694
f 2685 2694 2693
f 2686 2687 2695
f 2686 2695 2694
f 2687 2688 2696
f 2687 2696 2695
f 2688 2681 2689
f 2688 2689 2696
f 2689 2690 2698
f 2689 2698 2697
f 2690 2691 2699
f 2690 2699 2698
f 2691 2692 2700
f 2691 2700 2699
f 2692 2693 2701
f 2692 2701 2700
f 2693 2694 2702
f 2693 2702 2701
f 2694 2695 2703
f 2694 2703 2702
f 2695 2696 2704
f 2695 2704 2703
f 2696 2689 2697
f 2696 2697 2704
f 2697 2698 2706
f 2697 2706 2705
f 2698 2699 2707
f 2698 2707 2706
f 2699 2700 2708
f 2699 2708 2707
f 2700 2701 2709
f 2700 2709 2708
f 2701 2702 2710
f 2701 2710 2709
f 2702 2703 2711
f 2702 2711 2710
f 2703 2704 2712
f 2703 2712 2711
f 2704 2697 2705
f 2704 2705 2712
f 2705 2706 2714
f 2705 2714 2713
f 2706 2707 2715
f 2706 2715 2714
f 2707 2708 2716
f 2707 2716 2715
f 2708 2709 2717
f 2708 2717 2716
f 2709 2710 2718
f 2709 2718 2717
f 2710 2711 2719
f 2710 2719 2718
f 2711 2712 2720
f 2711 2720 2719
f 2712 2705 2713
f 2712 2713 2720
f 2713 2714 2722
f 2713 2722 2721
f 2714 2715 2723
f 2714 2723 2722
f 2715 2716 2724
f 2715 2724 2723
f 2716 2717 2725
f 2716 2725 2724
f 2717 2718 2726
f 2717 2726 2725
f 2718 2719 2727
f 2718 2727 2726
f 2719 2720 2728
f 2719 2728 2727
f 2720 2713 2721
f 2720 2721 2728
f 2721 2722 2730
f 2721 2730 2729
f 2722 2723 2731
f 2722 2731 2730
f 2723 2724 2732
f 2723 2732 2731
f 2724 2725 2733
f 2724 2733 2732
f 2725 2726 2734
f 2725 2734 2733
f 2726 2727 2735
f 2726 2735 2734
f 2727 2728 2736
f 2727 2736 2735
f 2728 2721 2729
f 2728 2729 2736
f 2729 2730 2738
f 2729 2738 2737
f 2730 2731 2739
f 2730 2739 2738
f 2731 2732 2740
f 2731 2740 2739
f 2732 2733 2741
f 2732 2741 2740
f 2733 2734 2742
f 2733 2742 2741
f 2734 2735 2743
f 2734 2743 2742
f 2735 2736 2744
f 2735 2744 2743
f 2736 2729 2737
f 2736 2737 2744
f 2737 2738 2746
f 2737 2746 2745
f 2738 2739 2747
f 2738 2747 2746
f 2739 2740 2748
f 2739 2748 2747
f 2740 2741 2749
f 2740 2749 2748
f 2741 2742 2750
f 2741 2750 2749
f 2742 2743 2751
f 2742 2751 2750
f 2743 2744 2752
f 2743 2752 2751
f 2744 2737 2745
f 2744 2745 2752
f 2745 2746 2754
f 2745 2754 2753
f 2746 2747 2755
f 2746 2755 2754
f 2747 2748 2756
f 2747 2756 2755
f 2748 2749 2757
f 2748 2757 2756
f 2749 2750 2758
f 2749 2758 2757
f 2750 2751 2759
f 2750 2759 2758
f 2751 2752 2760
f 2751 2760 2759
f 2752 2745 2753
f 2752 2753 2760
f 2753 2754 2762
f 2753 2762 2761
f 2754 2755 2763
f 2754 2763 2762
f 2755 2756 2764
f 2755 2764 2763
f 2756 2757 2765
f 2756 2765 2764
f 2757 2758 2766
f 2757 2766 2765
f 2758 2759 2767
f 2758 2767 2766
f 2759 2760 2768
f 2759 2768 2767
f 2760 2753 2761
f 2760 2761 2768
f 2761 2762 2770
f 2761 2770 2769
f 2762 2763 2771
f 2762 2771 2770
f 2763 2764 2772
f 2763 2772 2771
f 2764 2765 2773
f 2764 2773 2772
f 2765 2766 2774
f 2765 2774 2773
f 2766 2767 2775
f 2766 2775 2774
f 2767 2768 2776
f 2767 2776 2775
f 2768 2761 2769
f 2768 2769 2776
f 2769 2770 2778
f 2769 2778 2777
f 2770 2771 2779
f 2770 2779 2778
f 2771 2772 2780
f 2771 2780 2779
f 2772 2773 2781
f 2772 2781 2780
f 2773 2774 2782
f 2773 2782 2781
f 2774 2775 2783
f 2774 2783 2782
f 2775 2776 2784
f 2775 2784 2783
f 2776 2769 2777
f 2776 2777 2784
f 2777 2778 2786
f 2777 2786 2785
f 2778 2779 2787
f 2778 2787 2786
f 2779 2780 2788
f 2779 2788 2787
f 2780 2781 2789
f 2780 2789 2788
f 2781 2782 2790
f 2781 2790 2789
f 2782 2783 2791
f 2782 2791 2790
f 2783 2784 2792
f 2783 2792 2791
f 2784 2777 2785
f 2784 2785 2792
f 2785 2786 2794
f 2785 2794 2793
f 2786 2787 2795
f 2786 2795 2794
f 2787 2788 2796
f 2787 2796 2795
f 2788 2789 2797
f 2788 2797 2796
f 2789 2790 2798
f 2789 2798 2797
f 2790 2791 2799
f 2790 2799 2798
f 2791 2792 2800
f 2791 2800 2799
f 2792 2785 2793
f 2792 2793 2800
f 2793 2794 2802
f 2793 2802 2801
f 2794 2795 2803
f 2794 2803 2802
f 2795 2796 2804
f 2795 2804 2803
f 2796 2797 2805
f 2796 2805 2804
f 2797 2798 2806
f 2797 2806 2805
f 2798 2799 2807
f 2798 2807 2806
f 2799 2800 2808
f 2799 2808 2807
f 2800 2793 2801
f 2800 2801 2808
f 2801 2802 2810
f 2801 2810 2809
f 2802 2803 2811
f 2802 2811 2810
f 2803 2804 2812
f 2803 2812 2811
f 2804 2805 2813
f 2804 2813 2812
f 2805 2806 2814
f 2805 2814 2813
f 2806 2807 2815
f 2806 2815 2814
f 2807 2808 2816
f 2807 2816 2815
f 2808 2801 2809
f 2808 2809 2816
f 2809 2810 2818
f 2809 2818 2817
f 2810 2811 2819
f 2810 2819 2818
f 2811 2812 2820
f 2811 2820 2819
f 2812 2813 2821
f 2812 2821 2820
f 2813 2814 2822
f 2813 2822 2821
f 2814 2815 2823
f 2814 2823 2822
f 2815 2816 2824
f 2815 2824 2823
f 2816 2809 2817
f 2816 2817 2824
f 2817 2818 2826
f 2817 2826 2825
f 2818 2819 2827
f 2818 2827 2826
f 2819 2820 2828
f 2819 2828 2827
f 2820 2821 2829
f 2820 2829 2828
f 2821 2822 2830
f 2821 2830 2829
f 2822 2823 2831
f 2822 2831 2830
f 2823 2824 2832
f 2823 2832 2831
f 2824 2817 2825
f 2824 2825 2832
f 2825 2826 2834
f 2825 2834 2833
f 2826 2827 2835
f 2826 2835 2834
f 2827 2828 2836
f 2827 2836 2835
f 2828 2829 2837
f 2828 2837 2836
f 2829 2830 2838
f 2829 2838 2837
f 2830 2831 2839
f 2830 2839 2838
f 2831 2832 2840
f 2831 2840 2839
f 2832 2825 2833
f 2832 2833 2840
f 2833 2834 2842
f 2833 2842 2841
f 2834 2835 2843
f 2834 2843 2842
f 2835 2836 2844
f 2835 2844 2843
f 2836 2837 2845
f 2836 2845 2844
f 2837 2838 2846
f 2837 2846 2845
f 2838 2839 2847
f 2838 2847 2846
f 2839 2840 2848
f 2839 2848 2847
f 2840 2833 2841
f 2840 2841 2848
f 2841 2842 2850
f 2841 2850 2849
f 2842 2843 2851
f 2842 2851 2850
f 2843 2844 2852
f 2843 2852 2851
f 2844 2845 2853
f 2844 2853 2852
f 2845 2846 2854
f 2845 2854 2853
f 2846 2847 2855
f 2846 2855 2854
f 2847 2848 2856
f 2847 2856 2855
f 2848 2841 2849
f 2848 2849 2856
f 2849 2850 2858
f 2849 2858 2857
f 2850 2851 2859
f 2850 2859 2858
f 2851 2852 2860
f 2851 2860 2859
f 2852 2853 2861
f 2852 2861 2860
f 2853 2854 2862
f 2853 2862 2861
f 2854 2855 2863
f 2854 2863 2862
f 2855 2856 2864
f 2855 2864 2863
f 2856 2849 2857
f 2856 2857 2864
f 2857 2858 2866
f 2857 2866 2865
f 2858 2859 2867
f 2858 2867 2866
f 2859 2860 2868
f 2859 2868 2867
f 2860 2861 2869
f 2860 2869 2868
f 2861 2862 2870
f 2861 2870 2869
f 2862 2863 2871
f 2862 2871 2870
f 2863 2864 2872
f 2863 2872 2871
f 2864 2857 2865
f 2864 2865 2872
f 2865 2866 2874
f 2865 2874 2873
f 2866 2867 2875
f 2866 2875 2874
f 2867 2868 2876
f 2867 2876 2875
f 2868 2869 2877
f 2868 2877 2876
f 2869 2870 2878
f 2869 2878 2877
f 2870 2871 2879
f 2870 2879 2878
f 2871 2872 2880
f 2871 2880 2879
f 2872 2865 2873
f 2872 2873 2880
f 2873 2874 2882
f 2873 2882 2881
f 2874 2875 2883
f 2874 2883 2882
f 2875 2876 2884
f 2875 2884 2883
f 2876 2877 2885
f 2876 2885 2884
f 2877 2878 2886
f 2877 2886 2885
f 2878 2879 2887
f 2878 2887 2886
f 2879 2880 2888
f 2879 2888 2887
f 2880 2873 2881
f 2880 2881 2888
f 2881 2882 2890
f 2881 2890 2889
f 2882 2883 2891
f 2882 2891 2890
f 2883 2884 2892
f 2883 2892 2891
f 2884 2885 2893
f 2884 2893 2892
f 2885 2886 2894
f 2885 2894 2893
f 2886 2887 2895
f 2886 2895 2894
f 2887 2888 2896
f 2887 2896 2895
f 2888 2881 2889
f 2888 2889 2896
f 2889 2890 2898
f 2889 2898 2897
f 2890 2891 2899
f 2890 2899 2898
f 2891 2892 2900
f 2891 2900 2899
f 2892 2893 2901
f 2892 2901 2900
f 2893 2894 2902
f 2893 2902 2901
f 2894 2895 2903
f 2894 2903 2902
f 2895 2896 2904
f 2895 2904 2903
f 2896 2889 2897
f 2896 2897 2904
f 2897 2898 2906
f 2897 2906 2905
f 2898 2899 2907
f 2898 2907 2906
f 2899 2900 2908
f 2899 2908 2907
f 2900 2901 2909
f 2900 2909 2908
f 2901 2902 2910
f 2901 2910 2909
f 2902 2903 2911
f 2902 2911 2910
f 2903 2904 2912
f 2903 2912 2911
f 2904 2897 2905
f 2904 2905 2912
f 2905 2906 2914
f 2905 2914 2913
f 2906 2907 2915
f 2906 2915 2914
f 2907 2908 2916
f 2907 2916 2915
f 2908 2909 2917
f 2908 2917 2916
f 2909 2910 2918
f 2909 2918 2917
f 2910 2911 2919
f 2910 2919 2918
f 2911 2912 2920
f 2911 2920 2919
f 2912 2905 2913
f 2912 2913 2920
f 1713 1715 1714
f 2913 2914 2915
f 1713 1716 1715
f 2913 2915 2916
f 1713 1717 1716
f 2913 2916 2917
f 1713 1718 1717
f 2913 2917 2918
f 1713 1719 1718
f 2913 2918 2919
f 1713 1720 1719
f 2913 2919 2920
f 2921 2922 2930
f 2921 2930 2929
f 2922 2923 2931
f 2922 2931 2930
f 2923 2924 2932
f 2923 2932 2931
f 2924 2925 2933
f 2924 2933 2932
f 2925 2926 2934
f 2925 2934 2933
f 2926 2927 2935
f 2926 2935 2934
f 2927 2928 2936
f 2927 2936 2935
f 2928 2921 2929
f 2928 2929 2936
f 2929 2930 2938
f 2929 2938 2937
f 2930 2931 2939
f 2930 2939 2938
f 2931 2932 2940
f 2931 2940 2939
f 2932 2933 2941
f 2932 2941 2940
f 2933 2934 2942
f 2933 2942 2941
f 2934 2935 2943
f 2934 2943 2942
f 2935 2936 2944
f 2935 2944 2943
f 2936 2929 2937
f 2936 2937 2944
f 2937 2938 2946
f 2937 2946 2945
f 2938 2939 2947
f 2938 2947 2946
f 2939 2940 2948
f 2939 2948 2947
f 2940 2941 2949
f 2940 2949 2948
f 2941 2942 2950
f 2941 2950 2949
f 2942 2943 2951
f 2942 2951 2950
f 2943 2944 2952
f 2943 2952 2951
f 2944 2937 2945
f 2944 2945 2952
f 2945 2946 2954
f 2945 2954 2953
f 2946 2947 2955
f 2946 2955 2954
f 2947 2948 2956
f 2947 2956 2955
f 2948 2949 2957
f 2948 2957 2956
f 2949 2950 2958
f 2949 2958 2957
f 2950 2951 2959
f 2950 2959 2958
f 2951 2952 2960
f 2951 2960 2959
f 2952 2945 2953
f 2952 2953 2960
f 2953 2954 2962
f 2953 2962 2961
f 2954 2955 2963
f 2954 2963 2962
f 2955 2956 2964
f 2955 2964 2963
f 2956 2957 2965
f 2956 2965 2964
f 2957 2958 2966
f 2957 2966 2965
f 2958 2959 2967
f 2958 2967 2966
f 2959 2960 2968
f 2959 2968 2967
f 2960 2953 2961
f 2960 2961 2968
f 2961 2962 2970
f 2961 2970 2969
f 2962 2963 2971
f 2962 2971 2970
f 2963 2964 2972
f 2963 2972 2971
f 2964 2965 2973
f 2964 2973 2972
f 2965 2966 2974
f 2965 2974 2973
f 2966 2967 2975
f 2966 2975 2974
f 2967 2968 2976
f 2967 2976 2975
f 2968 2961 2969
f 2968 2969 2976
f 2969 2970 2978
f 2969 2978 2977
f 2970 2971 2979
f 2970 2979 2978
f 2971 2972 2980
f 2971 2980 2979
f 2972 2973 2981
f 2972 2981 2980
f 2973 2974 2982
f 2973 2982 2981
f 2974 2975 2983
f 2974 2983 2982
f 2975 2976 2984
f 2975 2984 2983
f 2976 2969 2977
f 2976 2977 2984
f 2977 2978 2986
f 2977 2986 2985
f 2978 2979 2987
f 2978 2987 2986
f 2979 2980 2988
f 2979 2988 2987
f 2980 2981 2989
f 2980 2989 2988
f 2981 2982 2990
f 2981 2990 2989
f 2982 2983 2991
f 2982 2991 2990
f 2983 2984 2992
f 2983 2992 2991
f 2984 2977 2985
f 2984 2985 2992
f 2985 2986 2994
f 2985 2994 2993
f 2986 2987 2995
f 2986 2995 2994
f 2987 2988 2996
f 2987 2996 2995
f 2988 2989 2997
f 2988 2997 2996
f 2989 2990 2998
f 2989 2998 2997
f 2990 2991 2999
f 2990 2999 2998
f 2991 2992 3000
f 2991 3000 2999
f 2992 2985 2993
f 2992 2993 3000
f 2993 2994 3002
f 2993 3002 3001
f 2994 2995 3003
f 2994 3003 3002
f 2995 2996 3004
f 2995 3004 3003
f 2996 2997 3005
f 2996 3005 3004
f 2997 2998 3006
f 2997 3006 3005
f 2998 2999 3007
f 2998 3007 3006
f 2999 3000 3008
f 2999 3008 3007
f 3000 2993 3001
f 3000 3001 3008
f 3001 3002 3010
f 3001 3010 3009
f 3002 3003 3011
f 3002 3011 3010
f 3003 3004 3012
f 3003 3012 3011
f 3004 3005 3013
f 3004 3013 3012
f 3005 3006 3014
f 3005 3014 3013
f 3006 3007 3015
f 3006 3015 3014
f 3007 3008 3016
f 3007 3016 3015
f 3008 3001 3009
f 3008 3009 3016
f 3009 3010 3018
f 3009 3018 3017
f 3010 3011 3019
f 3010 3019 3018
f 3011 3012 3020
f 3011 3020 3019
f 3012 3013 3021
f 3012 3021 3020
f 3013 3014 3022
f 3013 3022 3021
f 3014 3015 3023
f 3014 3023 3022
f 3015 3016 3024
f 3015 3024 3023
f 3016 3009 3017
f 3016 3017 3024
f 3017 3018 3026
f 3017 3026 3025
f 3018 3019 3027
f 3018 3027 3026
f 3019 3020 3028
f 3019 3028 3027
f 3020 3021 3029
f 3020 3029 3028
f 3021 3022 3030
f 3021 3030 3029
f 3022 3023 3031
f 3022 3031 3030
f 3023 3024 3032
f 3023 3032 3031
f 3024 3017 3025
f 3024 3025 3032
f 3025 3026 3034
f 3025 3034 3033
f 3026 3027 3035
f 3026 3035 3034
f 3027 3028 3036
f 3027 3036 3035
f 3028 3029 3037
f 3028 3037 3036
f 3029 3030 3038
f 3029 3038 3037
f 3030 3031 3039
f 3030 3039 3038
f 3031 3032 3040
f 3031 3040 3039
f 3032 3025 3033
f 3032 3033 3040
f 3033 3034 3042
f 3033 3042 3041
f 3034 3035 3043
f 3034 3043 3042
f 3035 3036 3044
f 3035 3044 3043
f 3036 3037 3045
f 3036 3045 3044
f 3037 3038 3046
f 3037 3046 3045
f 3038 3039 3047
f 3038 3047 3046
f 3039 3040 3048
f 3039 3048 3047
f 3040 3033 3041
f 3040 3041 3048
f 3041 3042 3050
f 3041 3050 3049
f 3042 3043 3051
f 3042 3051 3050
f 3043 3044 3052
f 3043 3052 3051
f 3044 3045 3053
f 3044 3053 3052
f 3045 3046 3054
f 3045 3054 3053
f 3046 3047 3055
f 3046 3055 3054
f 3047 3048 3056
f 3047 3056 3055
f 3048 3041 3049
f 3048 3049 3056
f 3049 3050 3058
f 3049 3058 3057
f 3050 3051 3059
f 3050 3059 3058
f 3051 3052 3060
f 3051 3060 3059
f 3052 3053 3061
f 3052 3061 3060
f 3053 3054 3062
f 3053 3062 3061
f 3054 3055 3063
f 3054 3063 3062
f 3055 3056 3064
f 3055 3064 3063
f 3056 3049 3057
f 3056 3057 3064
f 3057 3058 3066
f 3057 3066 3065
f 3058 3059 3067
f 3058 3067 3066
f 3059 3060 3068
f 3059 3068 3067
f 3060 3061 3069
f 3060 3069 3068
f 3061 3062 3070
f 3061 3070 3069
f 3062 3063 3071
f 3062 3071 3070
f 3063 3064 3072
f 3063 3072 3071
f 3064 3057 3065
f 3064 3065 3072
f 3065 3066 3074
f 3065 3074 3073
f 3066 3067 3075
f 3066 3075 3074
f 3067 3068 3076
f 3067 3076 3075
f 3068 3069 3077
f 3068 3077 3076
f 3069 3070 3078
f 3069 3078 3077
f 3070 3071 3079
f 3070 3079 3078
f 3071 3072 3080
f 3071 3080 3079
f 3072 3065 3073
f 3072 3073 3080
f 3073 3074 3082
f 3073 3082 3081
f 3074 3075 3083
f 3074 3083 3082
f 3075 3076 3084
f 3075 3084 3083
f 3076 3077 3085
f 3076 3085 3084
f 3077 3078 3086
f 3077 3086 3085
f 3078 3079 3087
f 3078 3087 3086
f 3079 3080 3088
f 3079 3088 3087
f 3080 3073 3081
f 3080 3081 3088
f 3081 3082 3090
f 3081 3090 3089
f 3082 3083 3091
f 3082 3091 3090
f 3083 3084 3092
f 3083 3092 3091
f 3084 3085 3093
f 3084 3093 3092
f 3085 3086 3094
f 3085 3094 3093
f 3086 3087 3095
f 3086 3095 3094
f 3087 3088 3096
f 3087 3096 3095
f 3088 3081 3089
f 3088 3089 3096
f 3089 3090 3098
f 3089 3098 3097
f 3090 3091 3099
f 3090 3099 3098
f 3091 3092 3100
f 3091 3100 3099
f 3092 3093 3101
f 3092 3101 3100
f 3093 3094 3102
f 3093 3102 3101
f 3094 3095 3103
f 3094 3103 3102
f 3095 3096 3104
f 3095 3104 3103
f 3096 3089 3097
f 3096 3097 3104
f 3097 3098 3106
f 3097 3106 3105
f 3098 3099 3107
f 3098 3107 3106
f 3099 3100 3108
f 3099 3108 3107
f 3100 3101 3109
f 3100 3109 3108
f 3101 3102 3110
f 3101 3110 3109
f 3102 3103 3111
f 3102 3111 3110
f 3103 3104 3112
f 3103 3112 3111
f 3104 3097 3105
f 3104 3105 3112
f 3105 3106 3114
f 3105 3114 3113
f 3106 3107 3115
f 3106 3115 3114
f 3107 3108 3116
f 3107 3116 3115
f 3108 3109 3117
f 3108 3117 3116
f 3109 3110 3118
f 3109 3118 3117
f 3110 3111 3119
f 3110 3119 3118
f 3111 3112 3120
f 3111 3120 3119
f 3112 3105 3113
f 3112 3113 3120
f 3113 3114 3122
f 3113 3122 3121
f 3114 3115 3123
f 3114 3123 3122
f 3115 3116 3124
f 3115 3124 3123
f 3116 3117 3125
f 3116 3125 3124
f 3117 3118 3126
f 3117 3126 3125
f 3118 3119 3127
f 3118 3127 3126
f 3119 3120 3128
f 3119 3128 3127
f 3120 3113 3121
f 3120 3121 3128
f 3121 3122 3130
f 3121 3130 3129
f 3122 3123 3131
f 3122 3131 3130
f 3123 3124 3132
f 3123 3132 3131
f 3124 3125 3133
f 3124 3133 3132
f 3125 3126 3134
f 3125 3134 3133
f 3126 3127 3135
f 3126 3135 3134
f 3127 3128 3136
f 3127 3136 3135
f 3128 3121 3129
f 3128 3129 3136
f 3129 3130 3138
f 3129 3138 3137
f 3130 3131 3139
f 3130 3139 3138
f 3131 3132 3140
f 3131 3140 3139
f 3132 3133 3141
f 3132 3141 3140
f 3133 3134 3142
f 3133 3142 3141
f 3134 3135 3143
f 3134 3143 3142
f 3135 3136 3144
f 3135 3144 3143
f 3136 3129 3137
f 3136 3137 3144
f 3137 3138 3146
f 3137 3146 3145
f 3138 3139 3147
f 3138 3147 3146
f 3139 3140 3148
f 3139 3148 3147
f 3140 3141 3149
f 3140 3149 3148
f 3141 3142 3150
f 3141 3150 3149
f 3142 3143 3151
f 3142 3151 3150
f 3143 3144 3152
f 3143 3152 3151
f 3144 3137 3145
f 3144 3145 3152
f 3145 3146 3154
f 3145 3154 3153
f 3146 3147 3155
f 3146 3155 3154
f 3147 3148 3156
f 3147 3156 3155
f 3148 3149 3157
f 3148 3157 3156
f 3149 3150 3158
f 3149 3158 3157
f 3150 3151 3159
f 3150 3159 3158
f 3151 3152 3160
f 3151 3160 3159
f 3152 3145 3153
f 3152 3153 3160
f 3153 3154 3162
f 3153 3162 3161
f 3154 3155 3163
f 3154 3163 3162
f 3155 3156 3164
f 3155 3164 3163
f 3156 3157 3165
f 3156 3165 3164
f 3157 3158 3166
f 3157 3166 3165
f 3158 3159 3167
f 3158 3167 3166
f 3159 3160 3168
f 3159 3168 3167
f 3160 3153 3161
f 3160 3161 3168
f 3161 3162 3170
f 3161 3170 3169
f 3162 3163 3171
f 3162 3171 3170
f 3163 3164 3172
f 3163 3172 3171
f 3164 3165 3173
f 3164 3173 3172
f 3165 3166 3174
f 3165 3174 3173
f 3166 3167 3175
f 3166 3175 3174
f 3167 3168 3176
f 3167 3176 3175
f 3168 3161 3169
f 3168 3169 3176
f 3169 3170 3178
f 3169 3178 3177
f 3170 3171 3179
f 3170 3179 3178
f 3171 3172 3180
f 3171 3180 3179
f 3172 3173 3181
f 3172 3181 3180
f 3173 3174 3182
f 3173 3182 3181
f 3174 3175 3183
f 3174 3183 3182
f 3175 3176 3184
f 3175 3184 3183
f 3176 3169 3177
f 3176 3177 3184
f 3177 3178 3186
f 3177 3186 3185
f 3178 3179 3187
f 3178 3187 3186
f 3179 3180 3188
f 3179 3188 3187
f 3180 3181 3189
f 3180 3189 3188
f 3181 3182 3190
f 3181 3190 3189
f 3182 3183 3191
f 3182 3191 3190
f 3183 3184 3192
f 3183 3192 3191
f 3184 3177 3185
f 3184 3185 3192
f 3185 3186 3194
f 3185 3194 3193
f 3186 3187 3195
f 3186 3195 3194
f 3187 3188 3196
f 3187 3196 3195
f 3188 3189 3197
f 3188 3197 3196
f 3189 3190 3198
f 3189 3198 3197
f 3190 3191 3199
f 3190 3199 3198
f 3191 3192 3200
f 3191 3200 3199
f 3192 3185 3193
f 3192 3193 3200
f 3193 3194 3202
f 3193 3202 3201
f 3194 3195 3203
f 3194 3203 3202
f 3195 3196 3204
f 3195 3204 3203
f 3196 3197 3205
f 3196 3205 3204
f 3197 3198 3206
f 3197 3206 3205
f 3198 3199 3207
f 3198 3207 3206
f 3199 3200 3208
f 3199 3208 3207
f 3200 3193 3201
f 3200 3201 3208
f 3201 3202 3210
f 3201 3210 3209
f 3202 3203 3211
f 3202 3211 3210
f 3203 3204 3212
f 3203 3212 3211
f 3204 3205 3213
f 3204 3213 3212
f 3205 3206 3214
f 3205 3214 3213
f 3206 3207 3215
f 3206 3215 3214
f 3207 3208 3216
f 3207 3216 3215
f 3208 3201 3209
f 3208 3209 3216
f 3209 3210 3218
f 3209 3218 3217
f 3210 3211 3219
f 3210 3219 3218
f 3211 3212 3220
f 3211 3220 3219
f 3212 3213 3221
f 3212 3221 3220
f 3213 3214 3222
f 3213 3222 3221
f 3214 3215 3223
f 3214 3223 3222
f 3215 3216 3224
f 3215 3224 3223
f 3216 3209 3217
f 3216 3217 3224
f 3217 3218 3226
f 3217 3226 3225
f 3218 3219 3227
f 3218 3227 3226
f 3219 3220 3228
f 3219 3228 3227
f 3220 3221 3229
f 3220 3229 3228
f 3221 3222 3230
f 3221 3230 3229
f 3222 3223 3231
f 3222 3231 3230
f 3223 3224 3232
f 3223 3232 3231
f 3224 3217 3225
f 3224 3225 3232
f 3225 3226 3234
f 3225 3234 3233
f 3226 3227 3235
f 3226 3235 3234
f 3227 3228 3236
f 3227 3236 3235
f 3228 3229 3237
f 3228 3237 3236
f 3229 3230 3238
f 3229 3238 3237
f 3230 3231 3239
f 3230 3239 3238
f 3231 3232 3240
f 3231 3240 3239
f 3232 3225 3233
f 3232 3233 3240
f 3233 3234 3242
f 3233 3242 3241
f 3234 3235 3243
f 3234 3243 3242
f 3235 3236 3244
f 3235 3244 3243
f 3236 3237 3245
f 3236 3245 3244
f 3237 3238 3246
f 3237 3246 3245
f 3238 3239 3247
f 3238 3247 3246
f 3239 3240 3248
f 3239 3248 3247
f 3240 3233 3241
f 3240 3241 3248
f 3241 3242 3250
f 3241 3250 3249
f 3242 3243 3251
f 3242 3251 3250
f 3243 3244 3252
f 3243 3252 3251
f 3244 3245 3253
f 3244 3253 3252
f 3245 3246 3254
f 3245 3254 3253
f 3246 3247 3255
f 3246 3255 3254
f 3247 3248 3256
f 3247 3256 3255
f 3248 3241 3249
f 3248 3249 3256
f 3249 3250 3258
f 3249 3258 3257
f 3250 3251 3259
f 3250 3259 3258
f 3251 3252 3260
f 3251 3260 3259
f 3252 3253 3261
f 3252 3261 3260
f 3253 3254 3262
f 3253 3262 3261
f 3254 3255 3263
f 3254 3263 3262
f 3255 3256 3264
f 3255 3264 3263
f 3256 3249 3257
f 3256 3257 3264
f 3257 3258 3266
f 3257 3266 3265
f 3258 3259 3267
f 3258 3267 3266
f 3259 3260 3268
f 3259 3268 3267
f 3260 3261 3269
f 3260 3269 3268
f 3261 3262 3270
f 3261 3270 3269
f 3262 3263 3271
f 3262 3271 3270
f 3263 3264 3272
f 3263 3272 3271
f 3264 3257 3265
f 3264 3265 3272
f 3265 3266 3274
f 3265 3274 3273
f 3266 3267 3275
f 3266 3275 3274
f 3267 3268 3276
f 3267 3276 3275
f 3268 3269 3277
f 3268 3277 3276
f 3269 3270 3278
f 3269 3278 3277
f 3270 3271 3279
f 3270 3279 3278
f 3271 3272 3280
f 3271 3280 3279
f 3272 3265 3273
f 3272 3273 3280
f 3273 3274 3282
f 3273 3282 3281
f 3274 3275 3283
f 3274 3283 3282
f 3275 3276 3284
f 3275 3284 3283
f 3276 3277 3285
f 3276 3285 3284
f 3277 3278 3286
f 3277 3286 3285
f 3278 3279 3287
f 3278 3287 3286
f 3279 3280 3288
f 3279 3288 3287
f 3280 3273 3281
f 3280 3281 3288
f 3281 3282 3290
f 3281 3290 3289
f 3282 3283 3291
f 3282 3291 3290
f 3283 3284 3292
f 3283 3292 3291
f 3284 3285 3293
f 3284 3293 3292
f 3285 3286 3294
f 3285 3294 3293
f 3286 3287 3295
f 3286 3295 3294
f 3287 3288 3296
f 3287 3296 3295
f 3288 3281 3289
f 3288 3289 3296
f 3289 3290 3298
f 3289 3298 3297
f 3290 3291 3299
f 3290 3299 3298
f 3291 3292 3300
f 3291 3300 3299
f 3292 3293 3301
f 3292 3301 3300
f 3293 3294 3302
f 3293 3302 3301
f 3294 3295 3303
f 3294 3303 3302
f 3295 3296 3304
f 3295 3304 3303
f 3296 3289 3297
f 3296 3297 3304
f 3297 3298 3306
f 3297 3306 3305
f 3298 3299 3307
f 3298 3307 3306
f 3299 3300 3308
f 3299 3308 3307
f 3300 3301 3309
f 3300 3309 3308
f 3301 3302 3310
f 3301 3310 3309
f 3302 3303 3311
f 3302 3311 3310
f 3303 3304 3312
f 3303 3312 3311
f 3304 3297 3305
f 3304 3305 3312
f 3305 3306 3314
f 3305 3314 3313
f 3306 3307 3315
f 3306 3315 3314
f 3307 3308 3316
f 3307 3316 3315
f 3308 3309 3317
f 3308 3317 3316
f 3309 3310 3318
f 3309 3318 3317
f 3310 3311 3319
f 3310 3319 3318
f 3311 3312 3320
f 3311 3320 3319
f 3312 3305 3313
f 3312 3313 3320
f 3313 3314 3322
f 3313 3322 3321
f 3314 3315 3323
f 3314 3323 3322
f 3315 3316 3324
f 3315 3324 3323
f 3316 3317 3325
f 3316 3325 3324
f 3317 3318 3326
f 3317 3326 3325
f 3318 3319 3327
f 3318 3327 3326
f 3319 3320 3328
f 3319 3328 3327
f 3320 3313 3321
f 3320 3321 3328
f 3321 3322 3330
f 3321 3330 3329
f 3322 3323 3331
f 3322 3331 3330
f 3323 3324 3332
f 3323 3332 3331
f 3324 3325 3333
f 3324 3333 3332
f 3325 3326 3334
f 3325 3334 3333
f 3326 3327 3335
f 3326 3335 3334
f 3327 3328 3336
f 3327 3336 3335
f 3328 3321 3329
f 3328 3329 3336
f 3329 3330 3338
f 3329 3338 3337
f 3330 3331 3339
f 3330 3339 3338
f 3331 3332 3340
f 3331 3340 3339
f 3332 3333 3341
f 3332 3341 3340
f 3333 3334 3342
f 3333 3342 3341
f 3334 3335 3343
f 3334 3343 3342
f 3335 3336 3344
f 3335 3344 3343
f 3336 3329 3337
f 3336 3337 3344
f 3337 3338 3346
f 3337 3346 3345
f 3338 3339 3347
f 3338 3347 3346
f 3339 3340 3348
f 3339 3348 3347
f 3340 3341 3349
f 3340 3349 3348
f 3341 3342 3350
f 3341 3350 3349
f 3342 3343 3351
f 3342 3351 3350
f 3343 3344 3352
f 3343 3352 3351
f 3344 3337 3345
f 3344 3345 3352
f 3345 3346 3354
f 3345 3354 3353
f 3346 3347 3355
f 3346 3355 3354
f 3347 3348 3356
f 3347 3356 3355
f 3348 3349 3357
f 3348 3357 3356
f 3349 3350 3358
f 3349 3358 3357
f 3350 3351 3359
f 3350 3359 3358
f 3351 3352 3360
f 3351 3360 3359
f 3352 3345 3353
f 3352 3353 3360
f 3353 3354 3362
f 3353 3362 3361
f 3354 3355 3363
f 3354 3363 3362
f 3355 3356 3364
f 3355 3364 3363
f 3356 3357 3365
f 3356 3365 3364
f 3357 3358 3366
f 3357 3366 3365
f 3358 3359 3367
f 3358 3367 3366
f 3359 3360 3368
f 3359 3368 3367
f 3360 3353 3361
f 3360 3361 3368
f 3361 3362 3370
f 3361 3370 3369
f 3362 3363 3371
f 3362 3371 3370
f 3363 3364 3372
f 3363 3372 3371
f 3364 3365 3373
f 3364 3373 3372
f 3365 3366 3374
f 3365 3374 3373
f 3366 3367 3375
f 3366 3375 3374
f 3367 3368 3376
f 3367 3376 3375
f 3368 3361 3369
f 3368 3369 3376
f 3369 3370 3378
f 3369 3378 3377
f 3370 3371 3379
f 3370 3379 3378
f 3371 3372 3380
f 3371 3380 3379
f 3372 3373 3381
f 3372 3381 3380
f 3373 3374 3382
f 3373 3382 3381
f 3374 3375 3383
f 3374 3383 3382
f 3375 3376 3384
f 3375 3384 3383
f 3376 3369 3377
f 3376 3377 3384
f 3377 3378 3386
f 3377 3386 3385
f 3378 3379 3387
f 3378 3387 3386
f 3379 3380 3388
f 3379 3388 3387
f 3380 3381 3389
f 3380 3389 3388
f 3381 3382 3390
f 3381 3390 3389
f 3382 3383 3391
f 3382 3391 3390
f 3383 3384 3392
f 3383 3392 3391
f 3384 3377 3385
f 3384 3385 3392
f 3385 3386 3394
f 3385 3394 3393
f 3386 3387 3395
f 3386 3395 3394
f 3387 3388 3396
f 3387 3396 3395
f 3388 3389 3397
f 3388 3397 3396
f 3389 3390 3398
f 3389 3398 3397
f 3390 3391 3399
f 3390 3399 3398
f 3391 3392 3400
f 3391 3400 3399
f 3392 3385 3393
f 3392 3393 3400
f 3393 3394 3402
f 3393 3402 3401
f 3394 3395 3403
f 3394 3403 3402
f 3395 3396 3404
f 3395 3404 3403
f 3396 3397 3405
f 3396 3405 3404
f 3397 3398 3406
f 3397 3406 3405
f 3398 3399 3407
f 3398 3407 3406
f 3399 3400 3408
f 3399 3408 3407
f 3400 3393 3401
f 3400 3401 3408
f 3401 3402 3410
f 3401 3410 3409
f 3402 3403 3411
f 3402 3411 3410
f 3403 3404 3412
f 3403 3412 3411
f 3404 3405 3413
f 3404 3413 3412
f 3405 3406 3414
f 3405 3414 3413
f 3406 3407 3415
f 3406 3415 3414
f 3407 3408 3416
f 3407 3416 3415
f 3408 3401 3409
f 3408 3409 3416
f 3409 3410 3418
f 3409 3418 3417
f 3410 3411 3419
f 3410 3419 3418
f 3411 3412 3420
f 3411 3420 3419
f 3412 3413 3421
f 3412 3421 3420
f 3413 3414 3422
f 3413 3422 3421
f 3414 3415 3423
f 3414 3423 3422
f 3415 3416 3424
f 3415 3424 3423
f 3416 3409 3417
f 3416 3417 3424
f 3417 3418 3426
f 3417 3426 3425
f 3418 3419 3427
f 3418 3427 3426
f 3419 3420 3428
f 3419 3428 3427
f 3420 3421 3429
f 3420 3429 3428
f 3421 3422 3430
f 3421 3430 3429
f 3422 3423 3431
f 3422 3431 3430
f 3423 3424 3432
f 3423 3432 3431
f 3424 3417 3425
f 3424 3425 3432
f 3425 3426 3434
f 3425 3434 3433
f 3426 3427 3435
f 3426 3435 3434
f 3427 3428 3436
f 3427 3436 3435
f 3428 3429 3437
f 3428 3437 3436
f 3429 3430 3438
f 3429 3438 3437
f 3430 3431 3439
f 3430 3439 3438
f 3431 3432 3440
f 3431 3440 3439
f 3432 3425 3433
f 3432 3433 3440
f 3433 3434 3442
f 3433 3442 3441
f 3434 3435 3443
f 3434 3443 3442
f 3435 3436 3444
f 3435 3444 3443
f 3436 3437 3445
f 3436 3445 3444
f 3437 3438 3446
f 3437 3446 3445
f 3438 3439 3447
f 3438 3447 3446
f 3439 3440 3448
f 3439 3448 3447
f 3440 3433 3441
f 3440 3441 3448
f 3441 3442 3450
f 3441 3450 3449
f 3442 3443 3451
f 3442 3451 3450
f 3443 3444 3452
f 3443 3452 3451
f 3444 3445 3453
f 3444 3453 3452
f 3445 3446 3454
f 3445 3454 3453
f 3446 3447 3455
f 3446 3455 3454
f 3447 3448 3456
f 3447 3456 3455
f 3448 3441 3449
f 3448 3449 3456
f 3449 3450 3458
f 3449 3458 3457
f 3450 3451 3459
f 3450 3459 3458
f 3451 3452 3460
f 3451 3460 3459
f 3452 3453 3461
f 3452 3461 3460
f 3453 3454 3462
f 3453 3462 3461
f 3454 3455 3463
f 3454 3463 3462
f 3455 3456 3464
f 3455 3464 3463
f 3456 3449 3457
f 3456 3457 3464
f 3457 3458 3466
f 3457 3466 3465
f 3458 3459 3467
f 3458 3467 3466
f 3459 3460 3468
f 3459 3468 3467
f 3460 3461 3469
f 3460 3469 3468
f 3461 3462 3470
f 3461 3470 3469
f 3462 3463 3471
f 3462 3471 3470
f 3463 3464 3472
f 3463 3472 3471
f 3464 3457 3465
f 3464 3465 3472
f 3465 3466 3474
f 3465 3474 3473
f 3466 3467 3475
f 3466 3475 3474
f 3467 3468 3476
f 3467 3476 3475
f 3468 3469 3477
f 3468 3477 3476
f 3469 3470 3478
f 3469 3478 3477
f 3470 3471 3479
f 3470 3479 3478
f 3471 3472 3480
f 3471 3480 3479
f 3472 3465 3473
f 3472 3473 3480
f 3473 3474 3482
f 3473 3482 3481
f 3474 3475 3483
f 3474 3483 3482
f 3475 3476 3484
f 3475 3484 3483
f 3476 3477 3485
f 3476 3485 3484
f 3477 3478 3486
f 3477 3486 3485
f 3478 3479 3487
f 3478 3487 3486
f 3479 3480 3488
f 3479 3488 3487
f 3480 3473 3481
f 3480 3481 3488
f 3481 3482 3490
f 3481 3490 3489
f 3482 3483 3491
f 3482 3491 3490
f 3483 3484 3492
f 3483 3492 3491
f 3484 3485 3493
f 3484 3493 3492
f 3485 3486 3494
f 3485 3494 3493
f 3486 3487 3495
f 3486 3495 3494
f 3487 3488 3496
f 3487 3496 3495
f 3488 3481 3489
f 3488 3489 3496
f 3489 3490 3498
f 3489 3498 3497
f 3490 3491 3499
f 3490 3499 3498
f 3491 3492 3500
f 3491 3500 3499
f 3492 3493 3501
f 3492 3501 3500
f 3493 3494 3502
f 3493 3502 3501
f 3494 3495 3503
f 3494 3503 3502
f 3495 3496 3504
f 3495 3504 3503
f 3496 3489 3497
f 3496 3497 3504
f 3497 3498 3506
f 3497 3506 3505
f 3498 3499 3507
f 3498 3507 3506
f 3499 3500 3508
f 3499 3508 3507
f 3500 3501 3509
f 3500 3509 3508
f 3501 3502 3510
f 3501 3510 3509
f 3502 3503 3511
f 3502 3511 3510
f 3503 3504 3512
f 3503 3512 3511
f 3504 3497 3505
f 3504 3505 3512
f 3505 3506 3514
f 3505 3514 3513
f 3506 3507 3515
f 3506 3515 3514
f 3507 3508 3516
f 3507 3516 3515
f 3508 3509 3517
f 3508 3517 3516
f 3509 3510 3518
f 3509 3518 3517
f 3510 3511 3519
f 3510 3519 3518
f 3511 3512 3520
f 3511 3520 3519
f 3512 3505 3513
f 3512 3513 3520
f 3513 3514 3522
f 3513 3522 3521
f 3514 3515 3523
f 3514 3523 3522
f 3515 3516 3524
f 3515 3524 3523
f 3516 3517 3525
f 3516 3525 3524
f 3517 3518 3526
f 3517 3526 3525
f 3518 3519 3527
f 3518 3527 3526
f 3519 3520 3528
f 3519 3528 3527
f 3520 3513 3521
f 3520 3521 3528
f 3521 3522 3530
f 3521 3530 3529
f 3522 3523 3531
f 3522 3531 3530
f 3523 3524 3532
f 3523 3532 3531
f 3524 3525 3533
f 3524 3533 3532
f 3525 3526 3534
f 3525 3534 3533
f 3526 3527 3535
f 3526 3535 3534
f 3527 3528 3536
f 3527 3536 3535
f 3528 3521 3529
f 3528 3529 3536
f 3529 3530 3538
f 3529 3538 3537
f 3530 3531 3539
f 3530 3539 3538
f 3531 3532 3540
f 3531 3540 3539
f 3532 3533 3541
f 3532 3541 3540
f 3533 3534 3542
f 3533 3542 3541
f 3534 3535 3543
f 3534 3543 3542
f 3535 3536 3544
f 3535 3544 3543
f 3536 3529 3537
f 3536 3537 3544
f 3537 3538 3546
f 3537 3546 3545
f 3538 3539 3547
f 3538 3547 3546
f 3539 3540 3548
f 3539 3548 3547
f 3540 3541 3549
f 3540 3549 3548
f 3541 3542 3550
f 3541 3550 3549
f 3542 3543 3551
f 3542 3551 3550
f 3543 3544 3552
f 3543 3552 3551
f 3544 3537 3545
f 3544 3545 3552
f 3545 3546 3554
f 3545 3554 3553
f 3546 3547 3555
f 3546 3555 3554
f 3547 3548 3556
f 3547 3556 3555
f 3548 3549 3557
f 3548 3557 3556
f 3549 3550 3558
f 3549 3558 3557
f 3550 3551 3559
f 3550 3559 3558
f 3551 3552 3560
f 3551 3560 3559
f 3552 3545 3553
f 3552 3553 3560
f 3553 3554 3562
f 3553 3562 3561
f 3554 3555 3563
f 3554 3563 3562
f 3555 3556 3564
f 3555 3564 3563
f 3556 3557 3565
f 3556 3565 3564
f 3557 3558 3566
f 3557 3566 3565
f 3558 3559 3567
f 3558 3567 3566
f 3559 3560 3568
f 3559 3568 3567
f 3560 3553 3561
f 3560 3561 3568
f 3561 3562 3570
f 3561 3570 3569
f 3562 3563 3571
f 3562 3571 3570
f 3563 3564 3572
f 3563 3572 3571
f 3564 3565 3573
f 3564 3573 3572
f 3565 3566 3574
f 3565 3574 3573
f 3566 3567 3575
f 3566 3575 3574
f 3567 3568 3576
f 3567 3576 3575
f 3568 3561 3569
f 3568 3569 3576
f 3569 3570 3578
f 3569 3578 3577
f 3570 3571 3579
f 3570 3579 3578
f 3571 3572 3580
f 3571 3580 3579
f 3572 3573 3581
f 3572 3581 3580
f 3573 3574 3582
f 3573 3582 3581
f 3574 3575 3583
f 3574 3583 3582
f 3575 3576 3584
f 3575 3584 3583
f 3576 3569 3577
f 3576 3577 3584
f 3577 3578 3586
f 3577 3586 3585
f 3578 3579 3587
f 3578 3587 3586
f 3579 3580 3588
f 3579 3588 3587
f 3580 3581 3589
f 3580 3589 3588
f 3581 3582 3590
f 3581 3590 3589
f 3582 3583 3591
f 3582 3591 3590
f 3583 3584 3592
f 3583 3592 3591
f 3584 3577 3585
f 3584 3585 3592
f 3585 3586 3594
f 3585 3594 3593
f 3586 3587 3595
f 3586 3595 3594
f 3587 3588 3596
f 3587 3596 3595
f 3588 3589 3597
f 3588 3597 3596
f 3589 3590 3598
f 3589 3598 3597
f 3590 3591 3599
f 3590 3599 3598
f 3591 3592 3600
f 3591 3600 3599
f 3592 3585 3593
f 3592 3593 3600
f 3593 3594 3602
f 3593 3602 3601
f 3594 3595 3603
f 3594 3603 3602
f 3595 3596 3604
f 3595 3604 3603
f 3596 3597 3605
f 3596 3605 3604
f 3597 3598 3606
f 3597 3606 3605
f 3598 3599 3607
f 3598 3607 3606
f 3599 3600 3608
f 3599 3608 3607
f 3600 3593 3601
f 3600 3601 3608
f 3601 3602 3610
f 3601 3610 3609
f 3602 3603 3611
f 3602 3611 3610
f 3603 3604 3612
f 3603 3612 3611
f 3604 3605 3613
f 3604 3613 3612
f 3605 3606 3614
f 3605 3614 3613
f 3606 3607 3615
f 3606 3615 3614
f 3607 3608 3616
f 3607 3616 3615
f 3608 3601 3609
f 3608 3609 3616
f 3609 3610 3618
f 3609 3618 3617
f 3610 3611 3619
f 3610 3619 3618
f 3611 3612 3620
f 3611 3620 3619
f 3612 3613 3621
f 3612 3621 3620
f 3613 3614 3622
f 3613 3622 3621
f 3614 3615 3623
f 3614 3623 3622
f 3615 3616 3624
f 3615 3624 3623
f 3616 3609 3617
f 3616 3617 3624
f 3617 3618 3626
f 3617 3626 3625
f 3618 3619 3627
f 3618 3627 3626
f 3619 3620 3628
f 3619 3628 3627
f 3620 3621 3629
f 3620 3629 3628
f 3621 3622 3630
f 3621 3630 3629
f 3622 3623 3631
f 3622 3631 3630
f 3623 3624 3632
f 3623 3632 3631
f 3624 3617 3625
f 3624 3625 3632
f 3625 3626 3634
f 3625 3634 3633
f 3626 3627 3635
f 3626 3635 3634
f 3627 3628 3636
f 3627 3636 3635
f 3628 3629 3637
f 3628 3637 3636
f 3629 3630 3638
f 3629 3638 3637
f 3630 3631 3639
f 3630 3639 3638
f 3631 3632 3640
f 3631 3640 3639
f 3632 3625 3633
f 3632 3633 3640
f 3633 3634 3642
f 3633 3642 3641
f 3634 3635 3643
f 3634 3643 3642
f 3635 3636 3644
f 3635 3644 3643
f 3636 3637 3645
f 3636 3645 3644
f 3637 3638 3646
f 3637 3646 3645
f 3638 3639 3647
f 3638 3647 3646
f 3639 3640 3648
f 3639 3648 3647
f 3640 3633 3641
f 3640 3641 3648
f 3641 3642 3650
f 3641 3650 3649
f 3642 3643 3651
f 3642 3651 3650
f 3643 3644 3652
f 3643 3652 3651
f 3644 3645 3653
f 3644 3653 3652
f 3645 3646 3654
f 3645 3654 3653
f 3646 3647 3655
f 3646 3655 3654
f 3647 3648 3656
f 3647 3656 3655
f 3648 3641 3649
f 3648 3649 3656
f 3649 3650 3658
f 3649 3658 3657
f 3650 3651 3659
f 3650 3659 3658
f 3651 3652 3660
f 3651 3660 3659
f 3652 3653 3661
f 3652 3661 3660
f 3653 3654 3662
f 3653 3662 3661
f 3654 3655 3663
f 3654 3663 3662
f 3655 3656 3664
f 3655 3664 3663
f 3656 3649 3657
f 3656 3657 3664
f 3657 3658 3666
f 3657 3666 3665
f 3658 3659 3667
f 3658 3667 3666
f 3659 3660 3668
f 3659 3668 3667
f 3660 3661 3669
f 3660 3669 3668
f 3661 3662 3670
f 3661 3670 3669
f 3662 3663 3671
f 3662 3671 3670
f 3663 3664 3672
f 3663 3672 3671
f 3664 3657 3665
f 3664 3665 3672
f 3665 3666 3674
f 3665 3674 3673
f 3666 3667 3675
f 3666 3675 3674
f 3667 3668 3676
f 3667 3676 3675
f 3668 3669 3677
f 3668 3677 3676
f 3669 3670 3678
f 3669 3678 3677
f 3670 3671 3679
f 3670 3679 3678
f 3671 3672 3680
f 3671 3680 3679
f 3672 3665 3673
f 3672 3673 3680
f 3673 3674 3682
f 3673 3682 3681
f 3674 3675 3683
f 3674 3683 3682
f 3675 3676 3684
f 3675 3684 3683
f 3676 3677 3685
f 3676 3685 3684
f 3677 3678 3686
f 3677 3686 3685
f 3678 3679 3687
f 3678 3687 3686
f 3679 3680 3688
f 3679 3688 3687
f 3680 3673 3681
f 3680 3681 3688
f 3681 3682 3690
f 3681 3690 3689
f 3682 3683 3691
f 3682 3691 3690
f 3683 3684 3692
f 3683 3692 3691
f 3684 3685 3693
f 3684 3693 3692
f 3685 3686 3694
f 3685 3694 3693
f 3686 3687 3695
f 3686 3695 3694
f 3687 3688 3696
f 3687 3696 3695
f 3688 3681 3689
f 3688 3689 3696
f 3689 3690 3698
f 3689 3698 3697
f 3690 3691 3699
f 3690 3699 3698
f 3691 3692 3700
f 3691 3700 3699
f 3692 3693 3701
f 3692 3701 3700
f 3693 3694 3702
f 3693 3702 3701
f 3694 3695 3703
f 3694 3703 3702
f 3695 3696 3704
f 3695 3704 3703
f 3696 3689 3697
f 3696 3697 3704
f 3697 3698 3706
f 3697 3706 3705
f 3698 3699 3707
f 3698 3707 3706
f 3699 3700 3708
f 3699 3708 3707
f 3700 3701 3709
f 3700 3709 3708
f 3701 3702 3710
f 3701 3710 3709
f 3702 3703 3711
f 3702 3711 3710
f 3703 3704 3712
f 3703 3712 3711
f 3704 3697 3705
f 3704 3705 3712
f 3705 3706 3714
f 3705 3714 3713
f 3706 3707 3715
f 3706 3715 3714
f 3707 3708 3716
f 3707 3716 3715
f 3708 3709 3717
f 3708 3717 3716
f 3709 3710 3718
f 3709 3718 3717
f 3710 3711 3719
f 3710 3719 3718
f 3711 3712 3720
f 3711 3720 3719
f 3712 3705 3713
f 3712 3713 3720
f 3713 3714 3722
f 3713 3722 3721
f 3714 3715 3723
f 3714 3723 3722
f 3715 3716 3724
f 3715 3724 3723
f 3716 3717 3725
f 3716 3725 3724
f 3717 3718 3726
f 3717 3726 3725
f 3718 3719 3727
f 3718 3727 3726
f 3719 3720 3728
f 3719 3728 3727
f 3720 3713 3721
f 3720 3721 3728
f 3721 3722 3730
f 3721 3730 3729
f 3722 3723 3731
f 3722 3731 3730
f 3723 3724 3732
f 3723 3732 3731
f 3724 3725 3733
f 3724 3733 3732
f 3725 3726 3734
f 3725 3734 3733
f 3726 3727 3735
f 3726 3735 3734
f 3727 3728 3736
f 3727 3736 3735
f 3728 3721 3729
f 3728 3729 3736
f 3729 3730 3738
f 3729 3738 3737
f 3730 3731 3739
f 3730 3739 3738
f 3731 3732 3740
f 3731 3740 3739
f 3732 3733 3741
f 3732 3741 3740
f 3733 3734 3742
f 3733 3742 3741
f 3734 3735 3743
f 3734 3743 3742
f 3735 3736 3744
f 3735 3744 3743
f 3736 3729 3737
f 3736 3737 3744
f 3737 3738 3746
f 3737 3746 3745
f 3738 3739 3747
f 3738 3747 3746
f 3739 3740 3748
f 3739 3748 3747
f 3740 3741 3749
f 3740 3749 3748
f 3741 3742 3750
f 3741 3750 3749
f 3742 3743 3751
f 3742 3751 3750
f 3743 3744 3752
f 3743 3752 3751
f 3744 3737 3745
f 3744 3745 3752
f 3745 3746 3754
f 3745 3754 3753
f 3746 3747 3755
f 3746 3755 3754
f 3747 3748 3756
f 3747 3756 3755
f 3748 3749 3757
f 3748 3757 3756
f 3749 3750 3758
f 3749 3758 3757
f 3750 3751 3759
f 3750 3759 3758
f 3751 3752 3760
f 3751 3760 3759
f 3752 3745 3753
f 3752 3753 3760
f 3753 3754 3762
f 3753 3762 3761
f 3754 3755 3763
f 3754 3763 3762
f 3755 3756 3764
f 3755 3764 3763
f 3756 3757 3765
f 3756 3765 3764
f 3757 3758 3766
f 3757 3766 3765
f 3758 3759 3767
f 3758 3767 3766
f 3759 3760 3768
f 3759 3768 3767
f 3760 3753 3761
f 3760 3761 3768
f 3761 3762 3770
f 3761 3770 3769
f 3762 3763 3771
f 3762 3771 3770
f 3763 3764 3772
f 3763 3772 3771
f 3764 3765 3773
f 3764 3773 3772
f 3765 3766 3774
f 3765 3774 3773
f 3766 3767 3775
f 3766 3775 3774
f 3767 3768 3776
f 3767 3776 3775
f 3768 3761 3769
f 3768 3769 3776
f 3769 3770 3778
f 3769 3778 3777
f 3770 3771 3779
f 3770 3779 3778
f 3771 3772 3780
f 3771 3780 3779
f 3772 3773 3781
f 3772 3781 3780
f 3773 3774 3782
f 3773 3782 3781
f 3774 3775 3783
f 3774 3783 3782
f 3775 3776 3784
f 3775 3784 3783
f 3776 3769 3777
f 3776 3777 3784
f 3777 3778 3786
f 3777 3786 3785
f 3778 3779 3787
f 3778 3787 3786
f 3779 3780 3788
f 3779 3788 3787
f 3780 3781 3789
f 3780 3789 3788
f 3781 3782 3790
f 3781 3790 3789
f 3782 3783 3791
f 3782 3791 3790
f 3783 3784 3792
f 3783 3792 3791
f 3784 3777 3785
f 3784 3785 3792
f 3785 3786 3794
f 3785 3794 3793
f 3786 3787 3795
f 3786 3795 3794
f 3787 3788 3796
f 3787 3796 3795
f 3788 3789 3797
f 3788 3797 3796
f 3789 3790 3798
f 3789 3798 3797
f 3790 3791 3799
f 3790 3799 3798
f 3791 3792 3800
f 3791 3800 3799
f 3792 3785 3793
f 3792 3793 3800
f 3793 3794 3802
f 3793 3802 3801
f 3794 3795 3803
f 3794 3803 3802
f 3795 3796 3804
f 3795 3804 3803
f 3796 3797 3805
f 3796 3805 3804
f 3797 3798 3806
f 3797 3806 3805
f 3798 3799 3807
f 3798 3807 3806
f 3799 3800 3808
f 3799 3808 3807
f 3800 3793 3801
f 3800 3801 3808
f 3801 3802 3810
f 3801 3810 3809
f 3802 3803 3811
f 3802 3811 3810
f 3803 3804 3812
f 3803 3812 3811
f 3804 3805 3813
f 3804 3813 3812
f 3805 3806 3814
f 3805 3814 3813
f 3806 3807 3815
f 3806 3815 3814
f 3807 3808 3816
f 3807 3816 3815
f 3808 3801 3809
f 3808 3809 3816
f 3809 3810 3818
f 3809 3818 3817
f 3810 3811 3819
f 3810 3819 3818
f 3811 3812 3820
f 3811 3820 3819
f 3812 3813 3821
f 3812 3821 3820
f 3813 3814 3822
f 3813 3822 3821
f 3814 3815 3823
f 3814 3823 3822
f 3815 3816 3824
f 3815 3824 3823
f 3816 3809 3817
f 3816 3817 3824
f 3817 3818 3826
f 3817 3826 3825
f 3818 3819 3827
f 3818 3827 3826
f 3819 3820 3828
f 3819 3828 3827
f 3820 3821 3829
f 3820 3829 3828
f 3821 3822 3830
f 3821 3830 3829
f 3822 3823 3831
f 3822 3831 3830
f 3823 3824 3832
f 3823 3832 3831
f 3824 3817 3825
f 3824 3825 3832
f 3825 3826 3834
f 3825 3834 3833
f 3826 3827 3835
f 3826 3835 3834
f 3827 3828 3836
f 3827 3836 3835
f 3828 3829 3837
f 3828 3837 3836
f 3829 3830 3838
f 3829 3838 3837
f 3830 3831 3839
f 3830 3839 3838
f 3831 3832 3840
f 3831 3840 3839
f 3832 3825 3833
f 3832 3833 3840
f 3833 3834 3842
f 3833 3842 3841
f 3834 3835 3843
f 3834 3843 3842
f 3835 3836 3844
f 3835 3844 3843
f 3836 3837 3845
f 3836 3845 3844
f 3837 3838 3846
f 3837 3846 3845
f 3838 3839 3847
f 3838 3847 3846
f 3839 3840 3848
f 3839 3848 3847
f 3840 3833 3841
f 3840 3841 3848
f 3841 3842 3850
f 3841 3850 3849
f 3842 3843 3851
f 3842 3851 3850
f 3843 3844 3852
f 3843 3852 3851
f 3844 3845 3853
f 3844 3853 3852
f 3845 3846 3854
f 3845 3854 3853
f 3846 3847 3855
f 3846 3855 3854
f 3847 3848 3856
f 3847 3856 3855
f 3848 3841 3849
f 3848 3849 3856
f 3849 3850 3858
f 3849 3858 3857
f 3850 3851 3859
f 3850 3859 3858
f 3851 3852 3860
f 3851 3860 3859
f 3852 3853 3861
f 3852 3861 3860
f 3853 3854 3862
f 3853 3862 3861
f 3854 3855 3863
f 3854 3863 3862
f 3855 3856 3864
f 3855 3864 3863
f 3856 3849 3857
f 3856 3857 3864
f 3857 3858 3866
f 3857 3866 3865
f 3858 3859 3867
f 3858 3867 3866
f 3859 3860 3868
f 3859 3868 3867
f 3860 3861 3869
f 3860 3869 3868
f 3861 3862 3870
f 3861 3870 3869
f 3862 3863 3871
f 3862 3871 3870
f 3863 3864 3872
f 3863 3872 3871
f 3864 3857 3865
f 3864 3865 3872
f 3865 3866 3874
f 3865 3874 3873
f 3866 3867 3875
f 3866 3875 3874
f 3867 3868 3876
f 3867 3876 3875
f 3868 3869 3877
f 3868 3877 3876
f 3869 3870 3878
f 3869 3878 3877
f 3870 3871 3879
f 3870 3879 3878
f 3871 3872 3880
f 3871 3880 3879
f 3872 3865 3873
f 3872 3873 3880
f 2921 2923 2922
f 3873 3874 3875
f 2921 2924 2923
f 3873 3875 3876
f 2921 2925 2924
f 3873 3876 3877
f 2921 2926 2925
f 3873 3877 3878
f 2921 2927 2926
f 3873 3878 3879
f 2921 2928 2927
f 3873 3879 3880
f 3881 3882 3890
f 3881 3890 3889
f 3882 3883 3891
f 3882 3891 3890
f 3883 3884 3892
f 3883 3892 3891
f 3884 3885 3893
f 3884 3893 3892
f 3885 3886 3894
f 3885 3894 3893
f 3886 3887 3895
f 3886 3895 3894
f 3887 3888 3896
f 3887 3896 3895
f 3888 3881 3889
f 3888 3889 3896
f 3889 3890 3898
f 3889 3898 3897
f 3890 3891 3899
f 3890 3899 3898
f 3891 3892 3900
f 3891 3900 3899
f 3892 3893 3901
f 3892 3901 3900
f 3893 3894 3902
f 3893 3902 3901
f 3894 3895 3903
f 3894 3903 3902
f 3895 3896 3904
f 3895 3904 3903
f 3896 3889 3897
f 3896 3897 3904
f 3897 3898 3906
f 3897 3906 3905
f 3898 3899 3907
f 3898 3907 3906
f 3899 3900 3908
f 3899 3908 3907
f 3900 3901 3909
f 3900 3909 3908
f 3901 3902 3910
f 3901 3910 3909
f 3902 3903 3911
f 3902 3911 3910
f 3903 3904 3912
f 3903 3912 3911
f 3904 3897 3905
f 3904 3905 3912
f 3905 3906 3914
f 3905 3914 3913
f 3906 3907 3915
f 3906 3915 3914
f 3907 3908 3916
f 3907 3916 3915
f 3908 3909 3917
f 3908 3917 3916
f 3909 3910 3918
f 3909 3918 3917
f 3910 3911 3919
f 3910 3919 3918
f 3911 3912 3920
f 3911 3920 3919
f 3912 3905 3913
f 3912 3913 3920
f 3913 3914 3922
f 3913 3922 3921
f 3914 3915 3923
f 3914 3923 3922
f 3915 3916 3924
f 3915 3924 3923
f 3916 3917 3925
f 3916 3925 3924
f 3917 3918 3926
f 3917 3926 3925
f 3918 3919 3927
f 3918 3927 3926
f 3919 3920 3928
f 3919 3928 3927
f 3920 3913 3921
f 3920 3921 3928
f 3921 3922 3930
f 3921 3930 3929
f 3922 3923 3931
f 3922 3931 3930
f 3923 3924 3932
f 3923 3932 3931
f 3924 3925 3933
f 3924 3933 3932
f 3925 3926 3934
f 3925 3934 3933
f 3926 3927 3935
f 3926 3935 3934
f 3927 3928 3936
f 3927 3936 3935
f 3928 3921 3929
f 3928 3929 3936
f 3929 3930 3938
f 3929 3938 3937
f 3930 3931 3939
f 3930 3939 3938
f 3931 3932 3940
f 3931 3940 3939
f 3932 3933 3941
f 3932 3941 3940
f 3933 3934 3942
f 3933 3942 3941
f 3934 3935 3943
f 3934 3943 3942
f 3935 3936 3944
f 3935 3944 3943
f 3936 3929 3937
f 3936 3937 3944
f 3937 3938 3946
f 3937 3946 3945
f 3938 3939 3947
f 3938 3947 3946
f 3939 3940 3948
f 3939 3948 3947
f 3940 3941 3949
f 3940 3949 3948
f 3941 3942 3950
f 3941 3950 3949
f 3942 3943 3951
f 3942 3951 3950
f 3943 3944 3952
f 3943 3952 3951
f 3944 3937 3945
f 3944 3945 3952
f 3945 3946 3954
f 3945 3954 3953
f 3946 3947 3955
f 3946 3955 3954
f 3947 3948 3956
f 3947 3956 3955
f 3948 3949 3957
f 3948 3957 3956
f 3949 3950 3958
f 3949 3958 3957
f 3950 3951 3959
f 3950 3959 3958
f 3951 3952 3960
f 3951 3960 3959
f 3952 3945 3953
f 3952 3953 3960
f 3953 3954 3962
f 3953 3962 3961
f 3954 3955 3963
f 3954 3963 3962
f 3955 3956 3964
f 3955 3964 3963
f 3956 3957 3965
f 3956 3965 3964
f 3957 3958 3966
f 3957 3966 3965
f 3958 3959 3967
f 3958 3967 3966
f 3959 3960 3968
f 3959 3968 3967
f 3960 3953 3961
f 3960 3961 3968
f 3961 3962 3970
f 3961 3970 3969
f 3962 3963 3971
f 3962 3971 3970
f 3963 3964 3972
f 3963 3972 3971
f 3964 3965 3973
f 3964 3973 3972
f 3965 3966 3974
f 3965 3974 3973
f 3966 3967 3975
f 3966 3975 3974
f 3967 3968 3976
f 3967 3976 3975
f 3968 3961 3969
f 3968 3969 3976
f 3969 3970 3978
f 3969 3978 3977
f 3970 3971 3979
f 3970 3979 3978
f 3971 3972 3980
f 3971 3980 3979
f 3972 3973 3981
f 3972 3981 3980
f 3973 3974 3982
f 3973 3982 3981
f 3974 3975 3983
f 3974 3983 3982
f 3975 3976 3984
f 3975 3984 3983
f 3976 3969 3977
f 3976 3977 3984
f 3977 3978 3986
f 3977 3986 3985
f 3978 3979 3987
f 3978 3987 3986
f 3979 3980 3988
f 3979 3988 3987
f 3980 3981 3989
f 3980 3989 3988
f 3981 3982 3990
f 3981 3990 3989
f 3982 3983 3991
f 3982 3991 3990
f 3983 3984 3992
f 3983 3992 3991
f 3984 3977 3985
f 3984 3985 3992
f 3985 3986 3994
f 3985 3994 3993
f 3986 3987 3995
f 3986 3995 3994
f 3987 3988 3996
f 3987 3996 3995
f 3988 3989 3997
f 3988 3997 3996
f 3989 3990 3998
f 3989 3998 3997
f 3990 3991 3999
f 3990 3999 3998
f 3991 3992 4000
f 3991 4000 3999
f 3992 3985 3993
f 3992 3993 4000
f 3993 3994 4002
f 3993 4002 4001
f 3994 3995 4003
f 3994 4003 4002
f 3995 3996 4004
f 3995 4004 4003
f 3996 3997 4005
f 3996 4005 4004
f 3997 3998 4006
f 3997 4006 4005
f 3998 3999 4007
f 3998 4007 4006
f 3999 4000 4008
f 3999 4008 4007
f 4000 3993 4001
f 4000 4001 4008
f 4001 4002 4010
f 4001 4010 4009
f 4002 4003 4011
f 4002 4011 4010
f 4003 4004 4012
f 4003 4012 4011
f 4004 4005 4013
f 4004 4013 4012
f 4005 4006 4014
f 4005 4014 4013
f 4006 4007 4015
f 4006 4015 4014
f 4007 4008 4016
f 4007 4016 4015
f 4008 4001 4009
f 4008 4009 4016
f 4009 4010 4018
f 4009 4018 4017
f 4010 4011 4019
f 4010 4019 4018
f 4011 4012 4020
f 4011 4020 4019
f 4012 4013 4021
f 4012 4021 4020
f 4013 4014 4022
f 4013 4022 4021
f 4014 4015 4023
f 4014 4023 4022
f 4015 4016 4024
f 4015 4024 4023
f 4016 4009 4017
f 4016 4017 4024
f 4017 4018 4026
f 4017 4026 4025
f 4018 4019 4027
f 4018 4027 4026
f 4019 4020 4028
f 4019 4028 4027
f 4020 4021 4029
f 4020 4029 4028
f 4021 4022 4030
f 4021 4030 4029
f 4022 4023 4031
f 4022 4031 4030
f 4023 4024 4032
f 4023 4032 4031
f 4024 4017 4025
f 4024 4025 4032
f 4025 4026 4034
f 4025 4034 4033
f 4026 4027 4035
f 4026 4035 4034
f 4027 4028 4036
f 4027 4036 4035
f 4028 4029 4037
f 4028 4037 4036
f 4029 4030 4038
f 4029 4038 4037
f 4030 4031 4039
f 4030 4039 4038
f 4031 4032 4040
f 4031 4040 4039
f 4032 4025 4033
f 4032 4033 4040
f 4033 4034 4042
f 4033 4042 4041
f 4034 4035 4043
f 4034 4043 4042
f 4035 4036 4044
f 4035 4044 4043
f 4036 4037 4045
f 4036 4045 4044
f 4037 4038 4046
f 4037 4046 4045
f 4038 4039 4047
f 4038 4047 4046
f 4039 4040 4048
f 4039 4048 4047
f 4040 4033 4041
f 4040 4041 4048
f 4041 4042 4050
f 4041 4050 4049
f 4042 4043 4051
f 4042 4051 4050
f 4043 4044 4052
f 4043 4052 4051
f 4044 4045 4053
f 4044 4053 4052
f 4045 4046 4054
f 4045 4054 4053
f 4046 4047 4055
f 4046 4055 4054
f 4047 4048 4056
f 4047 4056 4055
f 4048 4041 4049
f 4048 4049 4056
f 4049 4050 4058
f 4049 4058 4057
f 4050 4051 4059
f 4050 4059 4058
f 4051 4052 4060
f 4051 4060 4059
f 4052 4053 4061
f 4052 4061 4060
f 4053 4054 4062
f 4053 4062 4061
f 4054 4055 4063
f 4054 4063 4062
f 4055 4056 4064
f 4055 4064 4063
f 4056 4049 4057
f 4056 4057 4064
f 4057 4058 4066
f 4057 4066 4065
f 4058 4059 4067
f 4058 4067 4066
f 4059 4060 4068
f 4059 4068 4067
f 4060 4061 4069
f 4060 4069 4068
f 4061 4062 4070
f 4061 4070 4069
f 4062 4063 4071
f 4062 4071 4070
f 4063 4064 4072
f 4063 4072 4071
f 4064 4057 4065
f 4064 4065 4072
f 4065 4066 4074
f 4065 4074 4073
f 4066 4067 4075
f 4066 4075 4074
f 4067 4068 4076
f 4067 4076 4075
f 4068 4069 4077
f 4068 4077 4076
f 4069 4070 4078
f 4069 4078 4077
f 4070 4071 4079
f 4070 4079 4078
f 4071 4072 4080
f 4071 4080 4079
f 4072 4065 4073
f 4072 4073 4080
f 4073 4074 4082
f 4073 4082 4081
f 4074 4075 4083
f 4074 4083 4082
f 4075 4076 4084
f 4075 4084 4083
f 4076 4077 4085
f 4076 4085 4084
f 4077 4078 4086
f 4077 4086 4085
f 4078 4079 4087
f 4078 4087 4086
f 4079 4080 4088
f 4079 4088 4087
f 4080 4073 4081
f 4080 4081 4088
f 4081 4082 4090
f 4081 4090 4089
f 4082 4083 4091
f 4082 4091 4090
f 4083 4084 4092
f 4083 4092 4091
f 4084 4085 4093
f 4084 4093 4092
f 4085 4086 4094
f 4085 4094 4093
f 4086 4087 4095
f 4086 4095 4094
f 4087 4088 4096
f 4087 4096 4095
f 4088 4081 4089
f 4088 4089 4096
f 4089 4090 4098
f 4089 4098 4097
f 4090 4091 4099
f 4090 4099 4098
f 4091 4092 4100
f 4091 4100 4099
f 4092 4093 4101
f 4092 4101 4100
f 4093 4094 4102
f 4093 4102 4101
f 4094 4095 4103
f 4094 4103 4102
f 4095 4096 4104
f 4095 4104 4103
f 4096 4089 4097
f 4096 4097 4104
f 4097 4098 4106
f 4097 4106 4105
f 4098 4099 4107
f 4098 4107 4106
f 4099 4100 4108
f 4099 4108 4107
f 4100 4101 4109
f 4100 4109 4108
f 4101 4102 4110
f 4101 4110 4109
f 4102 4103 4111
f 4102 4111 4110
f 4103 4104 4112
f 4103 4112 4111
f 4104 4097 4105
f 4104 4105 4112
f 4105 4106 4114
f 4105 4114 4113
f 4106 4107 4115
f 4106 4115 4114
f 4107 4108 4116
f 4107 4116 4115
f 4108 4109 4117
f 4108 4117 4116
f 4109 4110 4118
f 4109 4118 4117
f 4110 4111 4119
f 4110 4119 4118
f 4111 4112 4120
f 4111 4120 4119
f 4112 4105 4113
f 4112 4113 4120
f 4113 4114 4122
f 4113 4122 4121
f 4114 4115 4123
f 4114 4123 4122
f 4115 4116 4124
f 4115 4124 4123
f 4116 4117 4125
f 4116 4125 4124
f 4117 4118 4126
f 4117 4126 4125
f 4118 4119 4127
f 4118 4127 4126
f 4119 4120 4128
f 4119 4128 4127
f 4120 4113 4121
f 4120 4121 4128
f 4121 4122 4130
f 4121 4130 4129
f 4122 4123 4131
f 4122 4131 4130
f 4123 4124 4132
f 4123 4132 4131
f 4124 4125 4133
f 4124 4133 4132
f 4125 4126 4134
f 4125 4134 4133
f 4126 4127 4135
f 4126 4135 4134
f 4127 4128 4136
f 4127 4136 4135
f 4128 4121 4129
f 4128 4129 4136
f 4129 4130 4138
f 4129 4138 4137
f 4130 4131 4139
f 4130 4139 4138
f 4131 4132 4140
f 4131 4140 4139
f 4132 4133 4141
f 4132 4141 4140
f 4133 4134 4142
f 4133 4142 4141
f 4134 4135 4143
f 4134 4143 4142
f 4135 4136 4144
f 4135 4144 4143
f 4136 4129 4137
f 4136 4137 4144
f 4137 4138 4146
f 4137 4146 4145
f 4138 4139 4147
f 4138 4147 4146
f 4139 4140 4148
f 4139 4148 4147
f 4140 4141 4149
f 4140 4149 4148
f 4141 4142 4150
f 4141 4150 4149
f 4142 4143 4151
f 4142 4151 4150
f 4143 4144 4152
f 4143 4152 4151
f 4144 4137 4145
f 4144 4145 4152
f 4145 4146 4154
f 4145 4154 4153
f 4146 4147 4155
f 4146 4155 4154
f 4147 4148 4156
f 4147 4156 4155
f 4148 4149 4157
f 4148 4157 4156
f 4149 4150 4158
f 4149 4158 4157
f 4150 4151 4159
f 4150 4159 4158
f 4151 4152 4160
f 4151 4160 4159
f 4152 4145 4153
f 4152 4153 4160
f 4153 4154 4162
f 4153 4162 4161
f 4154 4155 4163
f 4154 4163 4162
f 4155 4156 4164
f 4155 4164 4163
f 4156 4157 4165
f 4156 4165 4164
f 4157 4158 4166
f 4157 4166 4165
f 4158 4159 4167
f 4158 4167 4166
f 4159 4160 4168
f 4159 4168 4167
f 4160 4153 4161
f 4160 4161 4168
f 4161 4162 4170
f 4161 4170 4169
f 4162 4163 4171
f 4162 4171 4170
f 4163 4164 4172
f 4163 4172 4171
f 4164 4165 4173
f 4164 4173 4172
f 4165 4166 4174
f 4165 4174 4173
f 4166 4167 4175
f 4166 4175 4174
f 4167 4168 4176
f 4167 4176 4175
f 4168 4161 4169
f 4168 4169 4176
f 4169 4170 4178
f 4169 4178 4177
f 4170 4171 4179
f 4170 4179 4178
f 4171 4172 4180
f 4171 4180 4179
f 4172 4173 4181
f 4172 4181 4180
f 4173 4174 4182
f 4173 4182 4181
f 4174 4175 4183
f 4174 4183 4182
f 4175 4176 4184
f 4175 4184 4183
f 4176 4169 4177
f 4176 4177 4184
f 4177 4178 4186
f 4177 4186 4185
f 4178 4179 4187
f 4178 4187 4186
f 4179 4180 4188
f 4179 4188 4187
f 4180 4181 4189
f 4180 4189 4188
f 4181 4182 4190
f 4181 4190 4189
f 4182 4183 4191
f 4182 4191 4190
f 4183 4184 4192
f 4183 4192 4191
f 4184 4177 4185
f 4184 4185 4192
f 4185 4186 4194
f 4185 4194 4193
f 4186 4187 4195
f 4186 4195 4194
f 4187 4188 4196
f 4187 4196 4195
f 4188 4189 4197
f 4188 4197 4196
f 4189 4190 4198
f 4189 4198 4197
f 4190 4191 4199
f 4190 4199 4198
f 4191 4192 4200
f 4191 4200 4199
f 4192 4185 4193
f 4192 4193 4200
f 4193 4194 4202
f 4193 4202 4201
f 4194 4195 4203
f 4194 4203 4202
f 4195 4196 4204
f 4195 4204 4203
f 4196 4197 4205
f 4196 4205 4204
f 4197 4198 4206
f 4197 4206 4205
f 4198 4199 4207
f 4198 4207 4206
f 4199 4200 4208
f 4199 4208 4207
f 4200 4193 4201
f 4200 4201 4208
f 4201 4202 4210
f 4201 4210 4209
f 4202 4203 4211
f 4202 4211 4210
f 4203 4204 4212
f 4203 4212 4211
f 4204 4205 4213
f 4204 4213 4212
f 4205 4206 4214
f 4205 4214 4213
f 4206 4207 4215
f 4206 4215 4214
f 4207 4208 4216
f 4207 4216 4215
f 4208 4201 4209
f 4208 4209 4216
f 4209 4210 4218
f 4209 4218 4217
f 4210 4211 4219
f 4210 4219 4218
f 4211 4212 4220
f 4211 4220 4219
f 4212 4213 4221
f 4212 4221 4220
f 4213 4214 4222
f 4213 4222 4221
f 4214 4215 4223
f 4214 4223 4222
f 4215 4216 4224
f 4215 4224 4223
f 4216 4209 4217
f 4216 4217 4224
f 4217 4218 4226
f 4217 4226 4225
f 4218 4219 4227
f 4218 4227 4226
f 4219 4220 4228
f 4219 4228 4227
f 4220 4221 4229
f 4220 4229 4228
f 4221 4222 4230
f 4221 4230 4229
f 4222 4223 4231
f 4222 4231 4230
f 4223 4224 4232
f 4223 4232 4231
f 4224 4217 4225
f 4224 4225 4232
f 4225 4226 4234
f 4225 4234 4233
f 4226 4227 4235
f 4226 4235 4234
f 4227 4228 4236
f 4227 4236 4235
f 4228 4229 4237
f 4228 4237 4236
f 4229 4230 4238
f 4229 4238 4237
f 4230 4231 4239
f 4230 4239 4238
f 4231 4232 4240
f 4231 4240 4239
f 4232 4225 4233
f 4232 4233 4240
f 4233 4234 4242
f 4233 4242 4241
f 4234 4235 4243
f 4234 4243 4242
f 4235 4236 4244
f 4235 4244 4243
f 4236 4237 4245
f 4236 4245 4244
f 4237 4238 4246
f 4237 4246 4245
f 4238 4239 4247
f 4238 4247 4246
f 4239 4240 4248
f 4239 4248 4247
f 4240 4233 4241
f 4240 4241 4248
f 4241 4242 4250
f 4241 4250 4249
f 4242 4243 4251
f 4242 4251 4250
f 4243 4244 4252
f 4243 4252 4251
f 4244 4245 4253
f 4244 4253 4252
f 4245 4246 4254
f 4245 4254 4253
f 4246 4247 4255
f 4246 4255 4254
f 4247 4248 4256
f 4247 4256 4255
f 4248 4241 4249
f 4248 4249 4256
f 4249 4250 4258
f 4249 4258 4257
f 4250 4251 4259
f 4250 4259 4258
f 4251 4252 4260
f 4251 4260 4259
f 4252 4253 4261
f 4252 4261 4260
f 4253 4254 4262
f 4253 4262 4261
f 4254 4255 4263
f 4254 4263 4262
f 4255 4256 4264
f 4255 4264 4263
f 4256 4249 4257
f 4256 4257 4264
f 4257 4258 4266
f 4257 4266 4265
f 4258 4259 4267
f 4258 4267 4266
f 4259 4260 4268
f 4259 4268 4267
f 4260 4261 4269
f 4260 4269 4268
f 4261 4262 4270
f 4261 4270 4269
f 4262 4263 4271
f 4262 4271 4270
f 4263 4264 4272
f 4263 4272 4271
f 4264 4257 4265
f 4264 4265 4272
f 4265 4266 4274
f 4265 4274 4273
f 4266 4267 4275
f 4266 4275 4274
f 4267 4268 4276
f 4267 4276 4275
f 4268 4269 4277
f 4268 4277 4276
f 4269 4270 4278
f 4269 4278 4277
f 4270 4271 4279
f 4270 4279 4278
f 4271 4272 4280
f 4271 4280 4279
f 4272 4265 4273
f 4272 4273 4280
f 4273 4274 4282
f 4273 4282 4281
f 4274 4275 4283
f 4274 4283 4282
f 4275 4276 4284
f 4275 4284 4283
f 4276 4277 4285
f 4276 4285 4284
f 4277 4278 4286
f 4277 4286 4285
f 4278 4279 4287
f 4278 4287 4286
f 4279 4280 4288
f 4279 4288 4287
f 4280 4273 4281
f 4280 4281 4288
f 4281 4282 4290
f 4281 4290 4289
f 4282 4283 4291
f 4282 4291 4290
f 4283 4284 4292
f 4283 4292 4291
f 4284 4285 4293
f 4284 4293 4292
f 4285 4286 4294
f 4285 4294 4293
f 4286 4287 4295
f 4286 4295 4294
f 4287 4288 4296
f 4287 4296 4295
f 4288 4281 4289
f 4288 4289 4296
f 4289 4290 4298
f 4289 4298 4297
f 4290 4291 4299
f 4290 4299 4298
f 4291 4292 4300
f 4291 4300 4299
f 4292 4293 4301
f 4292 4301 4300
f 4293 4294 4302
f 4293 4302 4301
f 4294 4295 4303
f 4294 4303 4302
f 4295 4296 4304
f 4295 4304 4303
f 4296 4289 4297
f 4296 4297 4304
f 4297 4298 4306
f 4297 4306 4305
f 4298 4299 4307
f 4298 4307 4306
f 4299 4300 4308
f 4299 4308 4307
f 4300 4301 4309
f 4300 4309 4308
f 4301 4302 4310
f 4301 4310 4309
f 4302 4303 4311
f 4302 4311 4310
f 4303 4304 4312
f 4303 4312 4311
f 4304 4297 4305
f 4304 4305 4312
f 4305 4306 4314
f 4305 4314 4313
f 4306 4307 4315
f 4306 4315 4314
f 4307 4308 4316
f 4307 4316 4315
f 4308 4309 4317
f 4308 4317 4316
f 4309 4310 4318
f 4309 4318 4317
f 4310 4311 4319
f 4310 4319 4318
f 4311 4312 4320
f 4311 4320 4319
f 4312 4305 4313
f 4312 4313 4320
f 4313 4314 4322
f 4313 4322 4321
f 4314 4315 4323
f 4314 4323 4322
f 4315 4316 4324
f 4315 4324 4323
f 4316 4317 4325
f 4316 4325 4324
f 4317 4318 4326
f 4317 4326 4325
f 4318 4319 4327
f 4318 4327 4326
f 4319 4320 4328
f 4319 4328 4327
f 4320 4313 4321
f 4320 4321 4328
f 4321 4322 4330
f 4321 4330 4329
f 4322 4323 4331
f 4322 4331 4330
f 4323 4324 4332
f 4323 4332 4331
f 4324 4325 4333
f 4324 4333 4332
f 4325 4326 4334
f 4325 4334 4333
f 4326 4327 4335
f 4326 4335 4334
f 4327 4328 4336
f 4327 4336 4335
f 4328 4321 4329
f 4328 4329 4336
f 4329 4330 4338
f 4329 4338 4337
f 4330 4331 4339
f 4330 4339 4338
f 4331 4332 4340
f 4331 4340 4339
f 4332 4333 4341
f 4332 4341 4340
f 4333 4334 4342
f 4333 4342 4341
f 4334 4335 4343
f 4334 4343 4342
f 4335 4336 4344
f 4335 4344 4343
f 4336 4329 4337
f 4336 4337 4344
f 4337 4338 4346
f 4337 4346 4345
f 4338 4339 4347
f 4338 4347 4346
f 4339 4340 4348
f 4339 4348 4347
f 4340 4341 4349
f 4340 4349 4348
f 4341 4342 4350
f 4341 4350 4349
f 4342 4343 4351
f 4342 4351 4350
f 4343 4344 4352
f 4343 4352 4351
f 4344 4337 4345
f 4344 4345 4352
f 4345 4346 4354
f 4345 4354 4353
f 4346 4347 4355
f 4346 4355 4354
f 4347 4348 4356
f 4347 4356 4355
f 4348 4349 4357
f 4348 4357 4356
f 4349 4350 4358
f 4349 4358 4357
f 4350 4351 4359
f 4350 4359 4358
f 4351 4352 4360
f 4351 4360 4359
f 4352 4345 4353
f 4352 4353 4360
f 4353 4354 4362
f 4353 4362 4361
f 4354 4355 4363
f 4354 4363 4362
f 4355 4356 4364
f 4355 4364 4363
f 4356 4357 4365
f 4356 4365 4364
f 4357 4358 4366
f 4357 4366 4365
f 4358 4359 4367
f 4358 4367 4366
f 4359 4360 4368
f 4359 4368 4367
f 4360 4353 4361
f 4360 4361 4368
f 4361 4362 4370
f 4361 4370 4369
f 4362 4363 4371
f 4362 4371 4370
f 4363 4364 4372
f 4363 4372 4371
f 4364 4365 4373
f 4364 4373 4372
f 4365 4366 4374
f 4365 4374 4373
f 4366 4367 4375
f 4366 4375 4374
f 4367 4368 4376
f 4367 4376 4375
f 4368 4361 4369
f 4368 4369 4376
f 4369 4370 4378
f 4369 4378 4377
f 4370 4371 4379
f 4370 4379 4378
f 4371 4372 4380
f 4371 4380 4379
f 4372 4373 4381
f 4372 4381 4380
f 4373 4374 4382
f 4373 4382 4381
f 4374 4375 4383
f 4374 4383 4382
f 4375 4376 4384
f 4375 4384 4383
f 4376 4369 4377
f 4376 4377 4384
f 4377 4378 4386
f 4377 4386 4385
f 4378 4379 4387
f 4378 4387 4386
f 4379 4380 4388
f 4379 4388 4387
f 4380 4381 4389
f 4380 4389 4388
f 4381 4382 4390
f 4381 4390 4389
f 4382 4383 4391
f 4382 4391 4390
f 4383 4384 4392
f 4383 4392 4391
f 4384 4377 4385
f 4384 4385 4392
f 4385 4386 4394
f 4385 4394 4393
f 4386 4387 4395
f 4386 4395 4394
f 4387 4388 4396
f 4387 4396 4395
f 4388 4389 4397
f 4388 4397 4396
f 4389 4390 4398
f 4389 4398 4397
f 4390 4391 4399
f 4390 4399 4398
f 4391 4392 4400
f 4391 4400 4399
f 4392 4385 4393
f 4392 4393 4400
f 4393 4394 4402
f 4393 4402 4401
f 4394 4395 4403
f 4394 4403 4402
f 4395 4396 4404
f 4395 4404 4403
f 4396 4397 4405
f 4396 4405 4404
f 4397 4398 4406
f 4397 4406 4405
f 4398 4399 4407
f 4398 4407 4406
f 4399 4400 4408
f 4399 4408 4407
f 4400 4393 4401
f 4400 4401 4408
f 4401 4402 4410
f 4401 4410 4409
f 4402 4403 4411
f 4402 4411 4410
f 4403 4404 4412
f 4403 4412 4411
f 4404 4405 4413
f 4404 4413 4412
f 4405 4406 4414
f 4405 4414 4413
f 4406 4407 4415
f 4406 4415 4414
f 4407 4408 4416
f 4407 4416 4415
f 4408 4401 4409
f 4408 4409 4416
f 4409 4410 4418
f 4409 4418 4417
f 4410 4411 4419
f 4410 4419 4418
f 4411 4412 4420
f 4411 4420 4419
f 4412 4413 4421
f 4412 4421 4420
f 4413 4414 4422
f 4413 4422 4421
f 4414 4415 4423
f 4414 4423 4422
f 4415 4416 4424
f 4415 4424 4423
f 4416 4409 4417
f 4416 4417 4424
f 4417 4418 4426
f 4417 4426 4425
f 4418 4419 4427
f 4418 4427 4426
f 4419 4420 4428
f 4419 4428 4427
f 4420 4421 4429
f 4420 4429 4428
f 4421 4422 4430
f 4421 4430 4429
f 4422 4423 4431
f 4422 4431 4430
f 4423 4424 4432
f 4423 4432 4431
f 4424 4417 4425
f 4424 4425 4432
f 4425 4426 4434
f 4425 4434 4433
f 4426 4427 4435
f 4426 4435 4434
f 4427 4428 4436
f 4427 4436 4435
f 4428 4429 4437
f 4428 4437 4436
f 4429 4430 4438
f 4429 4438 4437
f 4430 4431 4439
f 4430 4439 4438
f 4431 4432 4440
f 4431 4440 4439
f 4432 4425 4433
f 4432 4433 4440
f 4433 4434 4442
f 4433 4442 4441
f 4434 4435 4443
f 4434 4443 4442
f 4435 4436 4444
f 4435 4444 4443
f 4436 4437 4445
f 4436 4445 4444
f 4437 4438 4446
f 4437 4446 4445
f 4438 4439 4447
f 4438 4447 4446
f 4439 4440 4448
f 4439 4448 4447
f 4440 4433 4441
f 4440 4441 4448
f 4441 4442 4450
f 4441 4450 4449
f 4442 4443 4451
f 4442 4451 4450
f 4443 4444 4452
f 4443 4452 4451
f 4444 4445 4453
f 4444 4453 4452
f 4445 4446 4454
f 4445 4454 4453
f 4446 4447 4455
f 4446 4455 4454
f 4447 4448 4456
f 4447 4456 4455
f 4448 4441 4449
f 4448 4449 4456
f 4449 4450 4458
f 4449 4458 4457
f 4450 4451 4459
f 4450 4459 4458
f 4451 4452 4460
f 4451 4460 4459
f 4452 4453 4461
f 4452 4461 4460
f 4453 4454 4462
f 4453 4462 4461
f 4454 4455 4463
f 4454 4463 4462
f 4455 4456 4464
f 4455 4464 4463
f 4456 4449 4457
f 4456 4457 4464
f 4457 4458 4466
f 4457 4466 4465
f 4458 4459 4467
f 4458 4467 4466
f 4459 4460 4468
f 4459 4468 4467
f 4460 4461 4469
f 4460 4469 4468
f 4461 4462 4470
f 4461 4470 4469
f 4462 4463 4471
f 4462 4471 4470
f 4463 4464 4472
f 4463 4472 4471
f 4464 4457 4465
f 4464 4465 4472
f 4465 4466 4474
f 4465 4474 4473
f 4466 4467 4475
f 4466 4475 4474
f 4467 4468 4476
f 4467 4476 4475
f 4468 4469 4477
f 4468 4477 4476
f 4469 4470 4478
f 4469 4478 4477
f 4470 4471 4479
f 4470 4479 4478
f 4471 4472 4480
f 4471 4480 4479
f 4472 4465 4473
f 4472 4473 4480
f 4473 4474 4482
f 4473 4482 4481
f 4474 4475 4483
f 4474 4483 4482
f 4475 4476 4484
f 4475 4484 4483
f 4476 4477 4485
f 4476 4485 4484
f 4477 4478 4486
f 4477 4486 4485
f 4478 4479 4487
f 4478 4487 4486
f 4479 4480 4488
f 4479 4488 4487
f 4480 4473 4481
f 4480 4481 4488
f 4481 4482 4490
f 4481 4490 4489
f 4482 4483 4491
f 4482 4491 4490
f 4483 4484 4492
f 4483 4492 4491
f 4484 4485 4493
f 4484 4493 4492
f 4485 4486 4494
f 4485 4494 4493
f 4486 4487 4495
f 4486 4495 4494
f 4487 4488 4496
f 4487 4496 4495
f 4488 4481 4489
f 4488 4489 4496
f 4489 4490 4498
f 4489 4498 4497
f 4490 4491 4499
f 4490 4499 4498
f 4491 4492 4500
f 4491 4500 4499
f 4492 4493 4501
f 4492 4501 4500
f 4493 4494 4502
f 4493 4502 4501
f 4494 4495 4503
f 4494 4503 4502
f 4495 4496 4504
f 4495 4504 4503
f 4496 4489 4497
f 4496 4497 4504
f 4497 4498 4506
f 4497 4506 4505
f 4498 4499 4507
f 4498 4507 4506
f 4499 4500 4508
f 4499 4508 4507
f 4500 4501 4509
f 4500 4509 4508
f 4501 4502 4510
f 4501 4510 4509
f 4502 4503 4511
f 4502 4511 4510
f 4503 4504 4512
f 4503 4512 4511
f 4504 4497 4505
f 4504 4505 4512
f 4505 4506 4514
f 4505 4514 4513
f 4506 4507 4515
f 4506 4515 4514
f 4507 4508 4516
f 4507 4516 4515
f 4508 4509 4517
f 4508 4517 4516
f 4509 4510 4518
f 4509 4518 4517
f 4510 4511 4519
f 4510 4519 4518
f 4511 4512 4520
f 4511 4520 4519
f 4512 4505 4513
f 4512 4513 4520
f 4513 4514 4522
f 4513 4522 4521
f 4514 4515 4523
f 4514 4523 4522
f 4515 4516 4524
f 4515 4524 4523
f 4516 4517 4525
f 4516 4525 4524
f 4517 4518 4526
f 4517 4526 4525
f 4518 4519 4527
f 4518 4527 4526
f 4519 4520 4528
f 4519 4528 4527
f 4520 4513 4521
f 4520 4521 4528
f 4521 4522 4530
f 4521 4530 4529
f 4522 4523 4531
f 4522 4531 4530
f 4523 4524 4532
f 4523 4532 4531
f 4524 4525 4533
f 4524 4533 4532
f 4525 4526 4534
f 4525 4534 4533
f 4526 4527 4535
f 4526 4535 4534
f 4527 4528 4536
f 4527 4536 4535
f 4528 4521 4529
f 4528 4529 4536
f 4529 4530 4538
f 4529 4538 4537
f 4530 4531 4539
f 4530 4539 4538
f 4531 4532 4540
f 4531 4540 4539
f 4532 4533 4541
f 4532 4541 4540
f 4533 4534 4542
f 4533 4542 4541
f 4534 4535 4543
f 4534 4543 4542
f 4535 4536 4544
f 4535 4544 4543
f 4536 4529 4537
f 4536 4537 4544
f 4537 4538 4546
f 4537 4546 4545
f 4538 4539 4547
f 4538 4547 4546
f 4539 4540 4548
f 4539 4548 4547
f 4540 4541 4549
f 4540 4549 4548
f 4541 4542 4550
f 4541 4550 4549
f 4542 4543 4551
f 4542 4551 4550
f 4543 4544 4552
f 4543 4552 4551
f 4544 4537 4545
f 4544 4545 4552
f 3881 3883 3882
f 4545 4546 4547
f 3881 3884 3883
f 4545 4547 4548
f 3881 3885 3884
f 4545 4548 4549
f 3881 3886 3885
f 4545 4549 4550
f 3881 3887 3886
f 4545 4550 4551
f 3881 3888 3887
f 4545 4551 4552
f 4553 4554 4562
f 4553 4562 4561
f 4554 4555 4563
f 4554 4563 4562
f 4555 4556 4564
f 4555 4564 4563
f 4556 4557 4565
f 4556 4565 4564
f 4557 4558 4566
f 4557 4566 4565
f 4558 4559 4567
f 4558 4567 4566
f 4559 4560 4568
f 4559 4568 4567
f 4560 4553 4561
f 4560 4561 4568
f 4561 4562 4570
f 4561 4570 4569
f 4562 4563 4571
f 4562 4571 4570
f 4563 4564 4572
f 4563 4572 4571
f 4564 4565 4573
f 4564 4573 4572
f 4565 4566 4574
f 4565 4574 4573
f 4566 4567 4575
f 4566 4575 4574
f 4567 4568 4576
f 4567 4576 4575
f 4568 4561 4569
f 4568 4569 4576
f 4569 4570 4578
f 4569 4578 4577
f 4570 4571 4579
f 4570 4579 4578
f 4571 4572 4580
f 4571 4580 4579
f 4572 4573 4581
f 4572 4581 4580
f 4573 4574 4582
f 4573 4582 4581
f 4574 4575 4583
f 4574 4583 4582
f 4575 4576 4584
f 4575 4584 4583
f 4576 4569 4577
f 4576 4577 4584
f 4577 4578 4586
f 4577 4586 4585
f 4578 4579 4587
f 4578 4587 4586
f 4579 4580 4588
f 4579 4588 4587
f 4580 4581 4589
f 4580 4589 4588
f 4581 4582 4590
f 4581 4590 4589
f 4582 4583 4591
f 4582 4591 4590
f 4583 4584 4592
f 4583 4592 4591
f 4584 4577 4585
f 4584 4585 4592
f 4585 4586 4594
f 4585 4594 4593
f 4586 4587 4595
f 4586 4595 4594
f 4587 4588 4596
f 4587 4596 4595
f 4588 4589 4597
f 4588 4597 4596
f 4589 4590 4598
f 4589 4598 4597
f 4590 4591 4599
f 4590 4599 4598
f 4591 4592 4600
f 4591 4600 4599
f 4592 4585 4593
f 4592 4593 4600
f 4593 4594 4602
f 4593 4602 4601
f 4594 4595 4603
f 4594 4603 4602
f 4595 4596 4604
f 4595 4604 4603
f 4596 4597 4605
f 4596 4605 4604
f 4597 4598 4606
f 4597 4606 4605
f 4598 4599 4607
f 4598 4607 4606
f 4599 4600 4608
f 4599 4608 4607
f 4600 4593 4601
f 4600 4601 4608
f 4601 4602 4610
f 4601 4610 4609
f 4602 4603 4611
f 4602 4611 4610
f 4603 4604 4612
f 4603 4612 4611
f 4604 4605 4613
f 4604 4613 4612
f 4605 4606 4614
f 4605 4614 4613
f 4606 4607 4615
f 4606 4615 4614
f 4607 4608 4616
f 4607 4616 4615
f 4608 4601 4609
f 4608 4609 4616
f 4609 4610 4618
f 4609 4618 4617
f 4610 4611 4619
f 4610 4619 4618
f 4611 4612 4620
f 4611 4620 4619
f 4612 4613 4621
f 4612 4621 4620
f 4613 4614 4622
f 4613 4622 4621
f 4614 4615 4623
f 4614 4623 4622
f 4615 4616 4624
f 4615 4624 4623
f 4616 4609 4617
f 4616 4617 4624
f 4617 4618 4626
f 4617 4626 4625
f 4618 4619 4627
f 4618 4627 4626
f 4619 4620 4628
f 4619 4628 4627
f 4620 4621 4629
f 4620 4629 4628
f 4621 4622 4630
f 4621 4630 4629
f 4622 4623 4631
f 4622 4631 4630
f 4623 4624 4632
f 4623 4632 4631
f 4624 4617 4625
f 4624 4625 4632
f 4625 4626 4634
f 4625 4634 4633
f 4626 4627 4635
f 4626 4635 4634
f 4627 4628 4636
f 4627 4636 4635
f 4628 4629 4637
f 4628 4637 4636
f 4629 4630 4638
f 4629 4638 4637
f 4630 4631 4639
f 4630 4639 4638
f 4631 4632 4640
f 4631 4640 4639
f 4632 4625 4633
f 4632 4633 4640
f 4633 4634 4642
f 4633 4642 4641
f 4634 4635 4643
f 4634 4643 4642
f 4635 4636 4644
f 4635 4644 4643
f 4636 4637 4645
f 4636 4645 4644
f 4637 4638 4646
f 4637 4646 4645
f 4638 4639 4647
f 4638 4647 4646
f 4639 4640 4648
f 4639 4648 4647
f 4640 4633 4641
f 4640 4641 4648
f 4641 4642 4650
f 4641 4650 4649
f 4642 4643 4651
f 4642 4651 4650
f 4643 4644 4652
f 4643 4652 4651
f 4644 4645 4653
f 4644 4653 4652
f 4645 4646 4654
f 4645 4654 4653
f 4646 4647 4655
f 4646 4655 4654
f 4647 4648 4656
f 4647 4656 4655
f 4648 4641 4649
f 4648 4649 4656
f 4649 4650 4658
f 4649 4658 4657
f 4650 4651 4659
f 4650 4659 4658
f 4651 4652 4660
f 4651 4660 4659
f 4652 4653 4661
f 4652 4661 4660
f 4653 4654 4662
f 4653 4662 4661
f 4654 4655 4663
f 4654 4663 4662
f 4655 4656 4664
f 4655 4664 4663
f 4656 4649 4657
f 4656 4657 4664
f 4657 4658 4666
f 4657 4666 4665
f 4658 4659 4667
f 4658 4667 4666
f 4659 4660 4668
f 4659 4668 4667
f 4660 4661 4669
f 4660 4669 4668
f 4661 4662 4670
f 4661 4670 4669
f 4662 4663 4671
f 4662 4671 4670
f 4663 4664 4672
f 4663 4672 4671
f 4664 4657 4665
f 4664 4665 4672
f 4665 4666 4674
f 4665 4674 4673
f 4666 4667 4675
f 4666 4675 4674
f 4667 4668 4676
f 4667 4676 4675
f 4668 4669 4677
f 4668 4677 4676
f 4669 4670 4678
f 4669 4678 4677
f 4670 4671 4679
f 4670 4679 4678
f 4671 4672 4680
f 4671 4680 4679
f 4672 4665 4673
f 4672 4673 4680
f 4673 4674 4682
f 4673 4682 4681
f 4674 4675 4683
f 4674 4683 4682
f 4675 4676 4684
f 4675 4684 4683
f 4676 4677 4685
f 4676 4685 4684
f 4677 4678 4686
f 4677 4686 4685
f 4678 4679 4687
f 4678 4687 4686
f 4679 4680 4688
f 4679 4688 4687
f 4680 4673 4681
f 4680 4681 4688
f 4681 4682 4690
f 4681 4690 4689
f 4682 4683 4691
f 4682 4691 4690
f 4683 4684 4692
f 4683 4692 4691
f 4684 4685 4693
f 4684 4693 4692
f 4685 4686 4694
f 4685 4694 4693
f 4686 4687 4695
f 4686 4695 4694
f 4687 4688 4696
f 4687 4696 4695
f 4688 4681 4689
f 4688 4689 4696
f 4689 4690 4698
f 4689 4698 4697
f 4690 4691 4699
f 4690 4699 4698
f 4691 4692 4700
f 4691 4700 4699
f 4692 4693 4701
f 4692 4701 4700
f 4693 4694 4702
f 4693 4702 4701
f 4694 4695 4703
f 4694 4703 4702
f 4695 4696 4704
f 4695 4704 4703
f 4696 4689 4697
f 4696 4697 4704
f 4697 4698 4706
f 4697 4706 4705
f 4698 4699 4707
f 4698 4707 4706
f 4699 4700 4708
f 4699 4708 4707
f 4700 4701 4709
f 4700 4709 4708
f 4701 4702 4710
f 4701 4710 4709
f 4702 4703 4711
f 4702 4711 4710
f 4703 4704 4712
f 4703 4712 4711
f 4704 4697 4705
f 4704 4705 4712
f 4705 4706 4714
f 4705 4714 4713
f 4706 4707 4715
f 4706 4715 4714
f 4707 4708 4716
f 4707 4716 4715
f 4708 4709 4717
f 4708 4717 4716
f 4709 4710 4718
f 4709 4718 4717
f 4710 4711 4719
f 4710 4719 4718
f 4711 4712 4720
f 4711 4720 4719
f 4712 4705 4713
f 4712 4713 4720
f 4713 4714 4722
f 4713 4722 4721
f 4714 4715 4723
f 4714 4723 4722
f 4715 4716 4724
f 4715 4724 4723
f 4716 4717 4725
f 4716 4725 4724
f 4717 4718 4726
f 4717 4726 4725
f 4718 4719 4727
f 4718 4727 4726
f 4719 4720 4728
f 4719 4728 4727
f 4720 4713 4721
f 4720 4721 4728
f 4721 4722 4730
f 4721 4730 4729
f 4722 4723 4731
f 4722 4731 4730
f 4723 4724 4732
f 4723 4732 4731
f 4724 4725 4733
f 4724 4733 4732
f 4725 4726 4734
f 4725 4734 4733
f 4726 4727 4735
f 4726 4735 4734
f 4727 4728 4736
f 4727 4736 4735
f 4728 4721 4729
f 4728 4729 4736
f 4729 4730 4738
f 4729 4738 4737
f 4730 4731 4739
f 4730 4739 4738
f 4731 4732 4740
f 4731 4740 4739
f 4732 4733 4741
f 4732 4741 4740
f 4733 4734 4742
f 4733 4742 4741
f 4734 4735 4743
f 4734 4743 4742
f 4735 4736 4744
f 4735 4744 4743
f 4736 4729 4737
f 4736 4737 4744
f 4737 4738 4746
f 4737 4746 4745
f 4738 4739 4747
f 4738 4747 4746
f 4739 4740 4748
f 4739 4748 4747
f 4740 4741 4749
f 4740 4749 4748
f 4741 4742 4750
f 4741 4750 4749
f 4742 4743 4751
f 4742 4751 4750
f 4743 4744 4752
f 4743 4752 4751
f 4744 4737 4745
f 4744 4745 4752
f 4745 4746 4754
f 4745 4754 4753
f 4746 4747 4755
f 4746 4755 4754
f 4747 4748 4756
f 4747 4756 4755
f 4748 4749 4757
f 4748 4757 4756
f 4749 4750 4758
f 4749 4758 4757
f 4750 4751 4759
f 4750 4759 4758
f 4751 4752 4760
f 4751 4760 4759
f 4752 4745 4753
f 4752 4753 4760
f 4753 4754 4762
f 4753 4762 4761
f 4754 4755 4763
f 4754 4763 4762
f 4755 4756 4764
f 4755 4764 4763
f 4756 4757 4765
f 4756 4765 4764
f 4757 4758 4766
f 4757 4766 4765
f 4758 4759 4767
f 4758 4767 4766
f 4759 4760 4768
f 4759 4768 4767
f 4760 4753 4761
f 4760 4761 4768
f 4761 4762 4770
f 4761 4770 4769
f 4762 4763 4771
f 4762 4771 4770
f 4763 4764 4772
f 4763 4772 4771
f 4764 4765 4773
f 4764 4773 4772
f 4765 4766 4774
f 4765 4774 4773
f 4766 4767 4775
f 4766 4775 4774
f 4767 4768 4776
f 4767 4776 4775
f 4768 4761 4769
f 4768 4769 4776
f 4769 4770 4778
f 4769 4778 4777
f 4770 4771 4779
f 4770 4779 4778
f 4771 4772 4780
f 4771 4780 4779
f 4772 4773 4781
f 4772 4781 4780
f 4773 4774 4782
f 4773 4782 4781
f 4774 4775 4783
f 4774 4783 4782
f 4775 4776 4784
f 4775 4784 4783
f 4776 4769 4777
f 4776 4777 4784
f 4777 4778 4786
f 4777 4786 4785
f 4778 4779 4787
f 4778 4787 4786
f 4779 4780 4788
f 4779 4788 4787
f 4780 4781 4789
f 4780 4789 4788
f 4781 4782 4790
f 4781 4790 4789
f 4782 4783 4791
f 4782 4791 4790
f 4783 4784 4792
f 4783 4792 4791
f 4784 4777 4785
f 4784 4785 4792
f 4785 4786 4794
f 4785 4794 4793
f 4786 4787 4795
f 4786 4795 4794
f 4787 4788 4796
f 4787 4796 4795
f 4788 4789 4797
f 4788 4797 4796
f 4789 4790 4798
f 4789 4798 4797
f 4790 4791 4799
f 4790 4799 4798
f 4791 4792 4800
f 4791 4800 4799
f 4792 4785 4793
f 4792 4793 4800
f 4793 4794 4802
f 4793 4802 4801
f 4794 4795 4803
f 4794 4803 4802
f 4795 4796 4804
f 4795 4804 4803
f 4796 4797 4805
f 4796 4805 4804
f 4797 4798 4806
f 4797 4806 4805
f 4798 4799 4807
f 4798 4807 4806
f 4799 4800 4808
f 4799 4808 4807
f 4800 4793 4801
f 4800 4801 4808
f 4801 4802 4810
f 4801 4810 4809
f 4802 4803 4811
f 4802 4811 4810
f 4803 4804 4812
f 4803 4812 4811
f 4804 4805 4813
f 4804 4813 4812
f 4805 4806 4814
f 4805 4814 4813
f 4806 4807 4815
f 4806 4815 4814
f 4807 4808 4816
f 4807 4816 4815
f 4808 4801 4809
f 4808 4809 4816
f 4809 4810 4818
f 4809 4818 4817
f 4810 4811 4819
f 4810 4819 4818
f 4811 4812 4820
f 4811 4820 4819
f 4812 4813 4821
f 4812 4821 4820
f 4813 4814 4822
f 4813 4822 4821
f 4814 4815 4823
f 4814 4823 4822
f 4815 4816 4824
f 4815 4824 4823
f 4816 4809 4817
f 4816 4817 4824
f 4817 4818 4826
f 4817 4826 4825
f 4818 4819 4827
f 4818 4827 4826
f 4819 4820 4828
f 4819 4828 4827
f 4820 4821 4829
f 4820 4829 4828
f 4821 4822 4830
f 4821 4830 4829
f 4822 4823 4831
f 4822 4831 4830
f 4823 4824 4832
f 4823 4832 4831
f 4824 4817 4825
f 4824 4825 4832
f 4825 4826 4834
f 4825 4834 4833
f 4826 4827 4835
f 4826 4835 4834
f 4827 4828 4836
f 4827 4836 4835
f 4828 4829 4837
f 4828 4837 4836
f 4829 4830 4838
f 4829 4838 4837
f 4830 4831 4839
f 4830 4839 4838
f 4831 4832 4840
f 4831 4840 4839
f 4832 4825 4833
f 4832 4833 4840
f 4833 4834 4842
f 4833 4842 4841
f 4834 4835 4843
f 4834 4843 4842
f 4835 4836 4844
f 4835 4844 4843
f 4836 4837 4845
f 4836 4845 4844
f 4837 4838 4846
f 4837 4846 4845
f 4838 4839 4847
f 4838 4847 4846
f 4839 4840 4848
f 4839 4848 4847
f 4840 4833 4841
f 4840 4841 4848
f 4841 4842 4850
f 4841 4850 4849
f 4842 4843 4851
f 4842 4851 4850
f 4843 4844 4852
f 4843 4852 4851
f 4844 4845 4853
f 4844 4853 4852
f 4845 4846 4854
f 4845 4854 4853
f 4846 4847 4855
f 4846 4855 4854
f 4847 4848 4856
f 4847 4856 4855
f 4848 4841 4849
f 4848 4849 4856
f 4849 4850 4858
f 4849 4858 4857
f 4850 4851 4859
f 4850 4859 4858
f 4851 4852 4860
f 4851 4860 4859
f 4852 4853 4861
f 4852 4861 4860
f 4853 4854 4862
f 4853 4862 4861
f 4854 4855 4863
f 4854 4863 4862
f 4855 4856 4864
f 4855 4864 4863
f 4856 4849 4857
f 4856 4857 4864
f 4857 4858 4866
f 4857 4866 4865
f 4858 4859 4867
f 4858 4867 4866
f 4859 4860 4868
f 4859 4868 4867
f 4860 4861 4869
f 4860 4869 4868
f 4861 4862 4870
f 4861 4870 4869
f 4862 4863 4871
f 4862 4871 4870
f 4863 4864 4872
f 4863 4872 4871
f 4864 4857 4865
f 4864 4865 4872
f 4865 4866 4874
f 4865 4874 4873
f 4866 4867 4875
f 4866 4875 4874
f 4867 4868 4876
f 4867 4876 4875
f 4868 4869 4877
f 4868 4877 4876
f 4869 4870 4878
f 4869 4878 4877
f 4870 4871 4879
f 4870 4879 4878
f 4871 4872 4880
f 4871 4880 4879
f 4872 4865 4873
f 4872 4873 4880
f 4873 4874 4882
f 4873 4882 4881
f 4874 4875 4883
f 4874 4883 4882
f 4875 4876 4884
f 4875 4884 4883
f 4876 4877 4885
f 4876 4885 4884
f 4877 4878 4886
f 4877 4886 4885
f 4878 4879 4887
f 4878 4887 4886
f 4879 4880 4888
f 4879 4888 4887
f 4880 4873 4881
f 4880 4881 4888
f 4881 4882 4890
f 4881 4890 4889
f 4882 4883 4891
f 4882 4891 4890
f 4883 4884 4892
f 4883 4892 4891
f 4884 4885 4893
f 4884 4893 4892
f 4885 4886 4894
f 4885 4894 4893
f 4886 4887 4895
f 4886 4895 4894
f 4887 4888 4896
f 4887 4896 4895
f 4888 4881 4889
f 4888 4889 4896
f 4889 4890 4898
f 4889 4898 4897
f 4890 4891 4899
f 4890 4899 4898
f 4891 4892 4900
f 4891 4900 4899
f 4892 4893 4901
f 4892 4901 4900
f 4893 4894 4902
f 4893 4902 4901
f 4894 4895 4903
f 4894 4903 4902
f 4895 4896 4904
f 4895 4904 4903
f 4896 4889 4897
f 4896 4897 4904
f 4553 4555 4554
f 4897 4898 4899
f 4553 4556 4555
f 4897 4899 4900
f 4553 4557 4556
f 4897 4900 4901
f 4553 4558 4557
f 4897 4901 4902
f 4553 4559 4558
f 4897 4902 4903
f 4553 4560 4559
f 4897 4903 4904
f 4905 4906 4914
f 4905 4914 4913
f 4906 4907 4915
f 4906 4915 4914
f 4907 4908 4916
f 4907 4916 4915
f 4908 4909 4917
f 4908 4917 4916
f 4909 4910 4918
f 4909 4918 4917
f 4910 4911 4919
f 4910 4919 4918
f 4911 4912 4920
f 4911 4920 4919
f 4912 4905 4913
f 4912 4913 4920
f 4913 4914 4922
f 4913 4922 4921
f 4914 4915 4923
f 4914 4923 4922
f 4915 4916 4924
f 4915 4924 4923
f 4916 4917 4925
f 4916 4925 4924
f 4917 4918 4926
f 4917 4926 4925
f 4918 4919 4927
f 4918 4927 4926
f 4919 4920 4928
f 4919 4928 4927
f 4920 4913 4921
f 4920 4921 4928
f 4921 4922 4930
f 4921 4930 4929
f 4922 4923 4931
f 4922 4931 4930
f 4923 4924 4932
f 4923 4932 4931
f 4924 4925 4933
f 4924 4933 4932
f 4925 4926 4934
f 4925 4934 4933
f 4926 4927 4935
f 4926 4935 4934
f 4927 4928 4936
f 4927 4936 4935
f 4928 4921 4929
f 4928 4929 4936
f 4929 4930 4938
f 4929 4938 4937
f 4930 4931 4939
f 4930 4939 4938
f 4931 4932 4940
f 4931 4940 4939
f 4932 4933 4941
f 4932 4941 4940
f 4933 4934 4942
f 4933 4942 4941
f 4934 4935 4943
f 4934 4943 4942
f 4935 4936 4944
f 4935 4944 4943
f 4936 4929 4937
f 4936 4937 4944
f 4937 4938 4946
f 4937 4946 4945
f 4938 4939 4947
f 4938 4947 4946
f 4939 4940 4948
f 4939 4948 4947
f 4940 4941 4949
f 4940 4949 4948
f 4941 4942 4950
f 4941 4950 4949
f 4942 4943 4951
f 4942 4951 4950
f 4943 4944 4952
f 4943 4952 4951
f 4944 4937 4945
f 4944 4945 4952
f 4945 4946 4954
f 4945 4954 4953
f 4946 4947 4955
f 4946 4955 4954
f 4947 4948 4956
f 4947 4956 4955
f 4948 4949 4957
f 4948 4957 4956
f 4949 4950 4958
f 4949 4958 4957
f 4950 4951 4959
f 4950 4959 4958
f 4951 4952 4960
f 4951 4960 4959
f 4952 4945 4953
f 4952 4953 4960
f 4953 4954 4962
f 4953 4962 4961
f 4954 4955 4963
f 4954 4963 4962
f 4955 4956 4964
f 4955 4964 4963
f 4956 4957 4965
f 4956 4965 4964
f 4957 4958 4966
f 4957 4966 4965
f 4958 4959 4967
f 4958 4967 4966
f 4959 4960 4968
f 4959 4968 4967
f 4960 4953 4961
f 4960 4961 4968
f 4961 4962 4970
f 4961 4970 4969
f 4962 4963 4971
f 4962 4971 4970
f 4963 4964 4972
f 4963 4972 4971
f 4964 4965 4973
f 4964 4973 4972
f 4965 4966 4974
f 4965 4974 4973
f 4966 4967 4975
f 4966 4975 4974
f 4967 4968 4976
f 4967 4976 4975
f 4968 4961 4969
f 4968 4969 4976
f 4969 4970 4978
f 4969 4978 4977
f 4970 4971 4979
f 4970 4979 4978
f 4971 4972 4980
f 4971 4980 4979
f 4972 4973 4981
f 4972 4981 4980
f 4973 4974 4982
f 4973 4982 4981
f 4974 4975 4983
f 4974 4983 4982
f 4975 4976 4984
f 4975 4984 4983
f 4976 4969 4977
f 4976 4977 4984
f 4977 4978 4986
f 4977 4986 4985
f 4978 4979 4987
f 4978 4987 4986
f 4979 4980 4988
f 4979 4988 4987
f 4980 4981 4989
f 4980 4989 4988
f 4981 4982 4990
f 4981 4990 4989
f 4982 4983 4991
f 4982 4991 4990
f 4983 4984 4992
f 4983 4992 4991
f 4984 4977 4985
f 4984 4985 4992
f 4985 4986 4994
f 4985 4994 4993
f 4986 4987 4995
f 4986 4995 4994
f 4987 4988 4996
f 4987 4996 4995
f 4988 4989 4997
f 4988 4997 4996
f 4989 4990 4998
f 4989 4998 4997
f 4990 4991 4999
f 4990 4999 4998
f 4991 4992 5000
f 4991 5000 4999
f 4992 4985 4993
f 4992 4993 5000
f 4993 4994 5002
f 4993 5002 5001
f 4994 4995 5003
f 4994 5003 5002
f 4995 4996 5004
f 4995 5004 5003
f 4996 4997 5005
f 4996 5005 5004
f 4997 4998 5006
f 4997 5006 5005
f 4998 4999 5007
f 4998 5007 5006
f 4999 5000 5008
f 4999 5008 5007
f 5000 4993 5001
f 5000 5001 5008
f 5001 5002 5010
f 5001 5010 5009
f 5002 5003 5011
f 5002 5011 5010
f 5003 5004 5012
f 5003 5012 5011
f 5004 5005 5013
f 5004 5013 5012
f 5005 5006 5014
f 5005 5014 5013
f 5006 5007 5015
f 5006 5015 5014
f 5007 5008 5016
f 5007 5016 5015
f 5008 5001 5009
f 5008 5009 5016
f 5009 5010 5018
f 5009 5018 5017
f 5010 5011 5019
f 5010 5019 5018
f 5011 5012 5020
f 5011 5020 5019
f 5012 5013 5021
f 5012 5021 5020
f 5013 5014 5022
f 5013 5022 5021
f 5014 5015 5023
f 5014 5023 5022
f 5015 5016 5024
f 5015 5024 5023
f 5016 5009 5017
f 5016 5017 5024
f 5017 5018 5026
f 5017 5026 5025
f 5018 5019 5027
f 5018 5027 5026
f 5019 5020 5028
f 5019 5028 5027
f 5020 5021 5029
f 5020 5029 5028
f 5021 5022 5030
f 5021 5030 5029
f 5022 5023 5031
f 5022 5031 5030
f 5023 5024 5032
f 5023 5032 5031
f 5024 5017 5025
f 5024 5025 5032
f 5025 5026 5034
f 5025 5034 5033
f 5026 5027 5035
f 5026 5035 5034
f 5027 5028 5036
f 5027 5036 5035
f 5028 5029 5037
f 5028 5037 5036
f 5029 5030 5038
f 5029 5038 5037
f 5030 5031 5039
f 5030 5039 5038
f 5031 5032 5040
f 5031 5040 5039
f 5032 5025 5033
f 5032 5033 5040
f 5033 5034 5042
f 5033 5042 5041
f 5034 5035 5043
f 5034 5043 5042
f 5035 5036 5044
f 5035 5044 5043
f 5036 5037 5045
f 5036 5045 5044
f 5037 5038 5046
f 5037 5046 5045
f 5038 5039 5047
f 5038 5047 5046
f 5039 5040 5048
f 5039 5048 5047
f 5040 5033 5041
f 5040 5041 5048
f 5041 5042 5050
f 5041 5050 5049
f 5042 5043 5051
f 5042 5051 5050
f 5043 5044 5052
f 5043 5052 5051
f 5044 5045 5053
f 5044 5053 5052
f 5045 5046 5054
f 5045 5054 5053
f 5046 5047 5055
f 5046 5055 5054
f 5047 5048 5056
f 5047 5056 5055
f 5048 5041 5049
f 5048 5049 5056
f 5049 5050 5058
f 5049 5058 5057
f 5050 5051 5059
f 5050 5059 5058
f 5051 5052 5060
f 5051 5060 5059
f 5052 5053 5061
f 5052 5061 5060
f 5053 5054 5062
f 5053 5062 5061
f 5054 5055 5063
f 5054 5063 5062
f 5055 5056 5064
f 5055 5064 5063
f 5056 5049 5057
f 5056 5057 5064
f 5057 5058 5066
f 5057 5066 5065
f 5058 5059 5067
f 5058 5067 5066
f 5059 5060 5068
f 5059 5068 5067
f 5060 5061 5069
f 5060 5069 5068
f 5061 5062 5070
f 5061 5070 5069
f 5062 5063 5071
f 5062 5071 5070
f 5063 5064 5072
f 5063 5072 5071
f 5064 5057 5065
f 5064 5065 5072
f 5065 5066 5074
f 5065 5074 5073
f 5066 5067 5075
f 5066 5075 5074
f 5067 5068 5076
f 5067 5076 5075
f 5068 5069 5077
f 5068 5077 5076
f 5069 5070 5078
f 5069 5078 5077
f 5070 5071 5079
f 5070 5079 5078
f 5071 5072 5080
f 5071 5080 5079
f 5072 5065 5073
f 5072 5073 5080
f 5073 5074 5082
f 5073 5082 5081
f 5074 5075 5083
f 5074 5083 5082
f 5075 5076 5084
f 5075 5084 5083
f 5076 5077 5085
f 5076 5085 5084
f 5077 5078 5086
f 5077 5086 5085
f 5078 5079 5087
f 5078 5087 5086
f 5079 5080 5088
f 5079 5088 5087
f 5080 5073 5081
f 5080 5081 5088
f 5081 5082 5090
f 5081 5090 5089
f 5082 5083 5091
f 5082 5091 5090
f 5083 5084 5092
f 5083 5092 5091
f 5084 5085 5093
f 5084 5093 5092
f 5085 5086 5094
f 5085 5094 5093
f 5086 5087 5095
f 5086 5095 5094
f 5087 5088 5096
f 5087 5096 5095
f 5088 5081 5089
f 5088 5089 5096
f 5089 5090 5098
f 5089 5098 5097
f 5090 5091 5099
f 5090 5099 5098
f 5091 5092 5100
f 5091 5100 5099
f 5092 5093 5101
f 5092 5101 5100
f 5093 5094 5102
f 5093 5102 5101
f 5094 5095 5103
f 5094 5103 5102
f 5095 5096 5104
f 5095 5104 5103
f 5096 5089 5097
f 5096 5097 5104
f 5097 5098 5106
f 5097 5106 5105
f 5098 5099 5107
f 5098 5107 5106
f 5099 5100 5108
f 5099 5108 5107
f 5100 5101 5109
f 5100 5109 5108
f 5101 5102 5110
f 5101 5110 5109
f 5102 5103 5111
f 5102 5111 5110
f 5103 5104 5112
f 5103 5112 5111
f 5104 5097 5105
f 5104 5105 5112
f 5105 5106 5114
f 5105 5114 5113
f 5106 5107 5115
f 5106 5115 5114
f 5107 5108 5116
f 5107 5116 5115
f 5108 5109 5117
f 5108 5117 5116
f 5109 5110 5118
f 5109 5118 5117
f 5110 5111 5119
f 5110 5119 5118
f 5111 5112 5120
f 5111 5120 5119
f 5112 5105 5113
f 5112 5113 5120
f 5113 5114 5122
f 5113 5122 5121
f 5114 5115 5123
f 5114 5123 5122
f 5115 5116 5124
f 5115 5124 5123
f 5116 5117 5125
f 5116 5125 5124
f 5117 5118 5126
f 5117 5126 5125
f 5118 5119 5127
f 5118 5127 5126
f 5119 5120 5128
f 5119 5128 5127
f 5120 5113 5121
f 5120 5121 5128
f 5121 5122 5130
f 5121 5130 5129
f 5122 5123 5131
f 5122 5131 5130
f 5123 5124 5132
f 5123 5132 5131
f 5124 5125 5133
f 5124 5133 5132
f 5125 5126 5134
f 5125 5134 5133
f 5126 5127 5135
f 5126 5135 5134
f 5127 5128 5136
f 5127 5136 5135
f 5128 5121 5129
f 5128 5129 5136
f 5129 5130 5138
f 5129 5138 5137
f 5130 5131 5139
f 5130 5139 5138
f 5131 5132 5140
f 5131 5140 5139
f 5132 5133 5141
f 5132 5141 5140
f 5133 5134 5142
f 5133 5142 5141
f 5134 5135 5143
f 5134 5143 5142
f 5135 5136 5144
f 5135 5144 5143
f 5136 5129 5137
f 5136 5137 5144
f 5137 5138 5146
f 5137 5146 5145
f 5138 5139 5147
f 5138 5147 5146
f 5139 5140 5148
f 5139 5148 5147
f 5140 5141 5149
f 5140 5149 5148
f 5141 5142 5150
f 5141 5150 5149
f 5142 5143 5151
f 5142 5151 5150
f 5143 5144 5152
f 5143 5152 5151
f 5144 5137 5145
f 5144 5145 5152
f 5145 5146 5154
f 5145 5154 5153
f 5146 5147 5155
f 5146 5155 5154
f 5147 5148 5156
f 5147 5156 5155
f 5148 5149 5157
f 5148 5157 5156
f 5149 5150 5158
f 5149 5158 5157
f 5150 5151 5159
f 5150 5159 5158
f 5151 5152 5160
f 5151 5160 5159
f 5152 5145 5153
f 5152 5153 5160
f 5153 5154 5162
f 5153 5162 5161
f 5154 5155 5163
f 5154 5163 5162
f 5155 5156 5164
f 5155 5164 5163
f 5156 5157 5165
f 5156 5165 5164
f 5157 5158 5166
f 5157 5166 5165
f 5158 5159 5167
f 5158 5167 5166
f 5159 5160 5168
f 5159 5168 5167
f 5160 5153 5161
f 5160 5161 5168
f 5161 5162 5170
f 5161 5170 5169
f 5162 5163 5171
f 5162 5171 5170
f 5163 5164 5172
f 5163 5172 5171
f 5164 5165 5173
f 5164 5173 5172
f 5165 5166 5174
f 5165 5174 5173
f 5166 5167 5175
f 5166 5175 5174
f 5167 5168 5176
f 5167 5176 5175
f 5168 5161 5169
f 5168 5169 5176
f 5169 5170 5178
f 5169 5178 5177
f 5170 5171 5179
f 5170 5179 5178
f 5171 5172 5180
f 5171 5180 5179
f 5172 5173 5181
f 5172 5181 5180
f 5173 5174 5182
f 5173 5182 5181
f 5174 5175 5183
f 5174 5183 5182
f 5175 5176 5184
f 5175 5184 5183
f 5176 5169 5177
f 5176 5177 5184
f 5177 5178 5186
f 5177 5186 5185
f 5178 5179 5187
f 5178 5187 5186
f 5179 5180 5188
f 5179 5188 5187
f 5180 5181 5189
f 5180 5189 5188
f 5181 5182 5190
f 5181 5190 5189
f 5182 5183 5191
f 5182 5191 5190
f 5183 5184 5192
f 5183 5192 5191
f 5184 5177 5185
f 5184 5185 5192
f 5185 5186 5194
f 5185 5194 5193
f 5186 5187 5195
f 5186 5195 5194
f 5187 5188 5196
f 5187 5196 5195
f 5188 5189 5197
f 5188 5197 5196
f 5189 5190 5198
f 5189 5198 5197
f 5190 5191 5199
f 5190 5199 5198
f 5191 5192 5200
f 5191 5200 5199
f 5192 5185 5193
f 5192 5193 5200
f 5193 5194 5202
f 5193 5202 5201
f 5194 5195 5203
f 5194 5203 5202
f 5195 5196 5204
f 5195 5204 5203
f 5196 5197 5205
f 5196 5205 5204
f 5197 5198 5206
f 5197 5206 5205
f 5198 5199 5207
f 5198 5207 5206
f 5199 5200 5208
f 5199 5208 5207
f 5200 5193 5201
f 5200 5201 5208
f 5201 5202 5210
f 5201 5210 5209
f 5202 5203 5211
f 5202 5211 5210
f 5203 5204 5212
f 5203 5212 5211
f 5204 5205 5213
f 5204 5213 5212
f 5205 5206 5214
f 5205 5214 5213
f 5206 5207 5215
f 5206 5215 5214
f 5207 5208 5216
f 5207 5216 5215
f 5208 5201 5209
f 5208 5209 5216
f 5209 5210 5218
f 5209 5218 5217
f 5210 5211 5219
f 5210 5219 5218
f 5211 5212 5220
f 5211 5220 5219
f 5212 5213 5221
f 5212 5221 5220
f 5213 5214 5222
f 5213 5222 5221
f 5214 5215 5223
f 5214 5223 5222
f 5215 5216 5224
f 5215 5224 5223
f 5216 5209 5217
f 5216 5217 5224
f 5217 5218 5226
f 5217 5226 5225
f 5218 5219 5227
f 5218 5227 5226
f 5219 5220 5228
f 5219 5228 5227
f 5220 5221 5229
f 5220 5229 5228
f 5221 5222 5230
f 5221 5230 5229
f 5222 5223 5231
f 5222 5231 5230
f 5223 5224 5232
f 5223 5232 5231
f 5224 5217 5225
f 5224 5225 5232
f 5225 5226 5234
f 5225 5234 5233
f 5226 5227 5235
f 5226 5235 5234
f 5227 5228 5236
f 5227 5236 5235
f 5228 5229 5237
f 5228 5237 5236
f 5229 5230 5238
f 5229 5238 5237
f 5230 5231 5239
f 5230 5239 5238
f 5231 5232 5240
f 5231 5240 5239
f 5232 5225 5233
f 5232 5233 5240
f 5233 5234 5242
f 5233 5242 5241
f 5234 5235 5243
f 5234 5243 5242
f 5235 5236 5244
f 5235 5244 5243
f 5236 5237 5245
f 5236 5245 5244
f 5237 5238 5246
f 5237 5246 5245
f 5238 5239 5247
f 5238 5247 5246
f 5239 5240 5248
f 5239 5248 5247
f 5240 5233 5241
f 5240 5241 5248
f 5241 5242 5250
f 5241 5250 5249
f 5242 5243 5251
f 5242 5251 5250
f 5243 5244 5252
f 5243 5252 5251
f 5244 5245 5253
f 5244 5253 5252
f 5245 5246 5254
f 5245 5254 5253
f 5246 5247 5255
f 5246 5255 5254
f 5247 5248 5256
f 5247 5256 5255
f 5248 5241 5249
f 5248 5249 5256
f 5249 5250 5258
f 5249 5258 5257
f 5250 5251 5259
f 5250 5259 5258
f 5251 5252 5260
f 5251 5260 5259
f 5252 5253 5261
f 5252 5261 5260
f 5253 5254 5262
f 5253 5262 5261
f 5254 5255 5263
f 5254 5263 5262
f 5255 5256 5264
f 5255 5264 5263
f 5256 5249 5257
f 5256 5257 5264
f 5257 5258 5266
f 5257 5266 5265
f 5258 5259 5267
f 5258 5267 5266
f 5259 5260 5268
f 5259 5268 5267
f 5260 5261 5269
f 5260 5269 5268
f 5261 5262 5270
f 5261 5270 5269
f 5262 5263 5271
f 5262 5271 5270
f 5263 5264 5272
f 5263 5272 5271
f 5264 5257 5265
f 5264 5265 5272
f 5265 5266 5274
f 5265 5274 5273
f 5266 5267 5275
f 5266 5275 5274
f 5267 5268 5276
f 5267 5276 5275
f 5268 5269 5277
f 5268 5277 5276
f 5269 5270 5278
f 5269 5278 5277
f 5270 5271 5279
f 5270 5279 5278
f 5271 5272 5280
f 5271 5280 5279
f 5272 5265 5273
f 5272 5273 5280
f 5273 5274 5282
f 5273 5282 5281
f 5274 5275 5283
f 5274 5283 5282
f 5275 5276 5284
f 5275 5284 5283
f 5276 5277 5285
f 5276 5285 5284
f 5277 5278 5286
f 5277 5286 5285
f 5278 5279 5287
f 5278 5287 5286
f 5279 5280 5288
f 5279 5288 5287
f 5280 5273 5281
f 5280 5281 5288
f 5281 5282 5290
f 5281 5290 5289
f 5282 5283 5291
f 5282 5291 5290
f 5283 5284 5292
f 5283 5292 5291
f 5284 5285 5293
f 5284 5293 5292
f 5285 5286 5294
f 5285 5294 5293
f 5286 5287 5295
f 5286 5295 5294
f 5287 5288 5296
f 5287 5296 5295
f 5288 5281 5289
f 5288 5289 5296
f 5289 5290 5298
f 5289 5298 5297
f 5290 5291 5299
f 5290 5299 5298
f 5291 5292 5300
f 5291 5300 5299
f 5292 5293 5301
f 5292 5301 5300
f 5293 5294 5302
f 5293 5302 5301
f 5294 5295 5303
f 5294 5303 5302
f 5295 5296 5304
f 5295 5304 5303
f 5296 5289 5297
f 5296 5297 5304
f 5297 5298 5306
f 5297 5306 5305
f 5298 5299 5307
f 5298 5307 5306
f 5299 5300 5308
f 5299 5308 5307
f 5300 5301 5309
f 5300 5309 5308
f 5301 5302 5310
f 5301 5310 5309
f 5302 5303 5311
f 5302 5311 5310
f 5303 5304 5312
f 5303 5312 5311
f 5304 5297 5305
f 5304 5305 5312
f 5305 5306 5314
f 5305 5314 5313
f 5306 5307 5315
f 5306 5315 5314
f 5307 5308 5316
f 5307 5316 5315
f 5308 5309 5317
f 5308 5317 5316
f 5309 5310 5318
f 5309 5318 5317
f 5310 5311 5319
f 5310 5319 5318
f 5311 5312 5320
f 5311 5320 5319
f 5312 5305 5313
f 5312 5313 5320
f 5313 5314 5322
f 5313 5322 5321
f 5314 5315 5323
f 5314 5323 5322
f 5315 5316 5324
f 5315 5324 5323
f 5316 5317 5325
f 5316 5325 5324
f 5317 5318 5326
f 5317 5326 5325
f 5318 5319 5327
f 5318 5327 5326
f 5319 5320 5328
f 5319 5328 5327
f 5320 5313 5321
f 5320 5321 5328
f 5321 5322 5330
f 5321 5330 5329
f 5322 5323 5331
f 5322 5331 5330
f 5323 5324 5332
f 5323 5332 5331
f 5324 5325 5333
f 5324 5333 5332
f 5325 5326 5334
f 5325 5334 5333
f 5326 5327 5335
f 5326 5335 5334
f 5327 5328 5336
f 5327 5336 5335
f 5328 5321 5329
f 5328 5329 5336
f 5329 5330 5338
f 5329 5338 5337
f 5330 5331 5339
f 5330 5339 5338
f 5331 5332 5340
f 5331 5340 5339
f 5332 5333 5341
f 5332 5341 5340
f 5333 5334 5342
f 5333 5342 5341
f 5334 5335 5343
f 5334 5343 5342
f 5335 5336 5344
f 5335 5344 5343
f 5336 5329 5337
f 5336 5337 5344
f 5337 5338 5346
f 5337 5346 5345
f 5338 5339 5347
f 5338 5347 5346
f 5339 5340 5348
f 5339 5348 5347
f 5340 5341 5349
f 5340 5349 5348
f 5341 5342 5350
f 5341 5350 5349
f 5342 5343 5351
f 5342 5351 5350
f 5343 5344 5352
f 5343 5352 5351
f 5344 5337 5345
f 5344 5345 5352
f 5345 5346 5354
f 5345 5354 5353
f 5346 5347 5355
f 5346 5355 5354
f 5347 5348 5356
f 5347 5356 5355
f 5348 5349 5357
f 5348 5357 5356
f 5349 5350 5358
f 5349 5358 5357
f 5350 5351 5359
f 5350 5359 5358
f 5351 5352 5360
f 5351 5360 5359
f 5352 5345 5353
f 5352 5353 5360
f 5353 5354 5362
f 5353 5362 5361
f 5354 5355 5363
f 5354 5363 5362
f 5355 5356 5364
f 5355 5364 5363
f 5356 5357 5365
f 5356 5365 5364
f 5357 5358 5366
f 5357 5366 5365
f 5358 5359 5367
f 5358 5367 5366
f 5359 5360 5368
f 5359 5368 5367
f 5360 5353 5361
f 5360 5361 5368
f 5361 5362 5370
f 5361 5370 5369
f 5362 5363 5371
f 5362 5371 5370
f 5363 5364 5372
f 5363 5372 5371
f 5364 5365 5373
f 5364 5373 5372
f 5365 5366 5374
f 5365 5374 5373
f 5366 5367 5375
f 5366 5375 5374
f 5367 5368 5376
f 5367 5376 5375
f 5368 5361 5369
f 5368 5369 5376
f 5369 5370 5378
f 5369 5378 5377
f 5370 5371 5379
f 5370 5379 5378
f 5371 5372 5380
f 5371 5380 5379
f 5372 5373 5381
f 5372 5381 5380
f 5373 5374 5382
f 5373 5382 5381
f 5374 5375 5383
f 5374 5383 5382
f 5375 5376 5384
f 5375 5384 5383
f 5376 5369 5377
f 5376 5377 5384
f 5377 5378 5386
f 5377 5386 5385
f 5378 5379 5387
f 5378 5387 5386
f 5379 5380 5388
f 5379 5388 5387
f 5380 5381 5389
f 5380 5389 5388
f 5381 5382 5390
f 5381 5390 5389
f 5382 5383 5391
f 5382 5391 5390
f 5383 5384 5392
f 5383 5392 5391
f 5384 5377 5385
f 5384 5385 5392
f 5385 5386 5394
f 5385 5394 5393
f 5386 5387 5395
f 5386 5395 5394
f 5387 5388 5396
f 5387 5396 5395
f 5388 5389 5397
f 5388 5397 5396
f 5389 5390 5398
f 5389 5398 5397
f 5390 5391 5399
f 5390 5399 5398
f 5391 5392 5400
f 5391 5400 5399
f 5392 5385 5393
f 5392 5393 5400
f 5393 5394 5402
f 5393 5402 5401
f 5394 5395 5403
f 5394 5403 5402
f 5395 5396 5404
f 5395 5404 5403
f 5396 5397 5405
f 5396 5405 5404
f 5397 5398 5406
f 5397 5406 5405
f 5398 5399 5407
f 5398 5407 5406
f 5399 5400 5408
f 5399 5408 5407
f 5400 5393 5401
f 5400 5401 5408
f 5401 5402 5410
f 5401 5410 5409
f 5402 5403 5411
f 5402 5411 5410
f 5403 5404 5412
f 5403 5412 5411
f 5404 5405 5413
f 5404 5413 5412
f 5405 5406 5414
f 5405 5414 5413
f 5406 5407 5415
f 5406 5415 5414
f 5407 5408 5416
f 5407 5416 5415
f 5408 5401 5409
f 5408 5409 5416
f 5409 5410 5418
f 5409 5418 5417
f 5410 5411 5419
f 5410 5419 5418
f 5411 5412 5420
f 5411 5420 5419
f 5412 5413 5421
f 5412 5421 5420
f 5413 5414 5422
f 5413 5422 5421
f 5414 5415 5423
f 5414 5423 5422
f 5415 5416 5424
f 5415 5424 5423
f 5416 5409 5417
f 5416 5417 5424
f 5417 5418 5426
f 5417 5426 5425
f 5418 5419 5427
f 5418 5427 5426
f 5419 5420 5428
f 5419 5428 5427
f 5420 5421 5429
f 5420 5429 5428
f 5421 5422 5430
f 5421 5430 5429
f 5422 5423 5431
f 5422 5431 5430
f 5423 5424 5432
f 5423 5432 5431
f 5424 5417 5425
f 5424 5425 5432
f 5425 5426 5434
f 5425 5434 5433
f 5426 5427 5435
f 5426 5435 5434
f 5427 5428 5436
f 5427 5436 5435
f 5428 5429 5437
f 5428 5437 5436
f 5429 5430 5438
f 5429 5438 5437
f 5430 5431 5439
f 5430 5439 5438
f 5431 5432 5440
f 5431 5440 5439
f 5432 5425 5433
f 5432 5433 5440
f 5433 5434 5442
f 5433 5442 5441
f 5434 5435 5443
f 5434 5443 5442
f 5435 5436 5444
f 5435 5444 5443
f 5436 5437 5445
f 5436 5445 5444
f 5437 5438 5446
f 5437 5446 5445
f 5438 5439 5447
f 5438 5447 5446
f 5439 5440 5448
f 5439 5448 5447
f 5440 5433 5441
f 5440 5441 5448
f 5441 5442 5450
f 5441 5450 5449
f 5442 5443 5451
f 5442 5451 5450
f 5443 5444 5452
f 5443 5452 5451
f 5444 5445 5453
f 5444 5453 5452
f 5445 5446 5454
f 5445 5454 5453
f 5446 5447 5455
f 5446 5455 5454
f 5447 5448 5456
f 5447 5456 5455
f 5448 5441 5449
f 5448 5449 5456
f 5449 5450 5458
f 5449 5458 5457
f 5450 5451 5459
f 5450 5459 5458
f 5451 5452 5460
f 5451 5460 5459
f 5452 5453 5461
f 5452 5461 5460
f 5453 5454 5462
f 5453 5462 5461
f 5454 5455 5463
f 5454 5463 5462
f 5455 5456 5464
f 5455 5464 5463
f 5456 5449 5457
f 5456 5457 5464
f 5457 5458 5466
f 5457 5466 5465
f 5458 5459 5467
f 5458 5467 5466
f 5459 5460 5468
f 5459 5468 5467
f 5460 5461 5469
f 5460 5469 5468
f 5461 5462 5470
f 5461 5470 5469
f 5462 5463 5471
f 5462 5471 5470
f 5463 5464 5472
f 5463 5472 5471
f 5464 5457 5465
f 5464 5465 5472
f 5465 5466 5474
f 5465 5474 5473
f 5466 5467 5475
f 5466 5475 5474
f 5467 5468 5476
f 5467 5476 5475
f 5468 5469 5477
f 5468 5477 5476
f 5469 5470 5478
f 5469 5478 5477
f 5470 5471 5479
f 5470 5479 5478
f 5471 5472 5480
f 5471 5480 5479
f 5472 5465 5473
f 5472 5473 5480
f 5473 5474 5482
f 5473 5482 5481
f 5474 5475 5483
f 5474 5483 5482
f 5475 5476 5484
f 5475 5484 5483
f 5476 5477 5485
f 5476 5485 5484
f 5477 5478 5486
f 5477 5486 5485
f 5478 5479 5487
f 5478 5487 5486
f 5479 5480 5488
f 5479 5488 5487
f 5480 5473 5481
f 5480 5481 5488
f 5481 5482 5490
f 5481 5490 5489
f 5482 5483 5491
f 5482 5491 5490
f 5483 5484 5492
f 5483 5492 5491
f 5484 5485 5493
f 5484 5493 5492
f 5485 5486 5494
f 5485 5494 5493
f 5486 5487 5495
f 5486 5495 5494
f 5487 5488 5496
f 5487 5496 5495
f 5488 5481 5489
f 5488 5489 5496
f 5489 5490 5498
f 5489 5498 5497
f 5490 5491 5499
f 5490 5499 5498
f 5491 5492 5500
f 5491 5500 5499
f 5492 5493 5501
f 5492 5501 5500
f 5493 5494 5502
f 5493 5502 5501
f 5494 5495 5503
f 5494 5503 5502
f 5495 5496 5504
f 5495 5504 5503
f 5496 5489 5497
f 5496 5497 5504
f 5497 5498 5506
f 5497 5506 5505
f 5498 5499 5507
f 5498 5507 5506
f 5499 5500 5508
f 5499 5508 5507
f 5500 5501 5509
f 5500 5509 5508
f 5501 5502 5510
f 5501 5510 5509
f 5502 5503 5511
f 5502 5511 5510
f 5503 5504 5512
f 5503 5512 5511
f 5504 5497 5505
f 5504 5505 5512
f 5505 5506 5514
f 5505 5514 5513
f 5506 5507 5515
f 5506 5515 5514
f 5507 5508 5516
f 5507 5516 5515
f 5508 5509 5517
f 5508 5517 5516
f 5509 5510 5518
f 5509 5518 5517
f 5510 5511 5519
f 5510 5519 5518
f 5511 5512 5520
f 5511 5520 5519
f 5512 5505 5513
f 5512 5513 5520
f 5513 5514 5522
f 5513 5522 5521
f 5514 5515 5523
f 5514 5523 5522
f 5515 5516 5524
f 5515 5524 5523
f 5516 5517 5525
f 5516 5525 5524
f 5517 5518 5526
f 5517 5526 5525
f 5518 5519 5527
f 5518 5527 5526
f 5519 5520 5528
f 5519 5528 5527
f 5520 5513 5521
f 5520 5521 5528
f 5521 5522 5530
f 5521 5530 5529
f 5522 5523 5531
f 5522 5531 5530
f 5523 5524 5532
f 5523 5532 5531
f 5524 5525 5533
f 5524 5533 5532
f 5525 5526 5534
f 5525 5534 5533
f 5526 5527 5535
f 5526 5535 5534
f 5527 5528 5536
f 5527 5536 5535
f 5528 5521 5529
f 5528 5529 5536
f 5529 5530 5538
f 5529 5538 5537
f 5530 5531 5539
f 5530 5539 5538
f 5531 5532 5540
f 5531 5540 5539
f 5532 5533 5541
f 5532 5541 5540
f 5533 5534 5542
f 5533 5542 5541
f 5534 5535 5543
f 5534 5543 5542
f 5535 5536 5544
f 5535 5544 5543
f 5536 5529 5537
f 5536 5537 5544
f 5537 5538 5546
f 5537 5546 5545
f 5538 5539 5547
f 5538 5547 5546
f 5539 5540 5548
f 5539 5548 5547
f 5540 5541 5549
f 5540 5549 5548
f 5541 5542 5550
f 5541 5550 5549
f 5542 5543 5551
f 5542 5551 5550
f 5543 5544 5552
f 5543 5552 5551
f 5544 5537 5545
f 5544 5545 5552
f 5545 5546 5554
f 5545 5554 5553
f 5546 5547 5555
f 5546 5555 5554
f 5547 5548 5556
f 5547 5556 5555
f 5548 5549 5557
f 5548 5557 5556
f 5549 5550 5558
f 5549 5558 5557
f 5550 5551 5559
f 5550 5559 5558
f 5551 5552 5560
f 5551 5560 5559
f 5552 5545 5553
f 5552 5553 5560
f 5553 5554 5562
f 5553 5562 5561
f 5554 5555 5563
f 5554 5563 5562
f 5555 5556 5564
f 5555 5564 5563
f 5556 5557 5565
f 5556 5565 5564
f 5557 5558 5566
f 5557 5566 5565
f 5558 5559 5567
f 5558 5567 5566
f 5559 5560 5568
f 5559 5568 5567
f 5560 5553 5561
f 5560 5561 5568
f 5561 5562 5570
f 5561 5570 5569
f 5562 5563 5571
f 5562 5571 5570
f 5563 5564 5572
f 5563 5572 5571
f 5564 5565 5573
f 5564 5573 5572
f 5565 5566 5574
f 5565 5574 5573
f 5566 5567 5575
f 5566 5575 5574
f 5567 5568 5576
f 5567 5576 5575
f 5568 5561 5569
f 5568 5569 5576
f 5569 5570 5578
f 5569 5578 5577
f 5570 5571 5579
f 5570 5579 5578
f 5571 5572 5580
f 5571 5580 5579
f 5572 5573 5581
f 5572 5581 5580
f 5573 5574 5582
f 5573 5582 5581
f 5574 5575 5583
f 5574 5583 5582
f 5575 5576 5584
f 5575 5584 5583
f 5576 5569 5577
f 5576 5577 5584
f 5577 5578 5586
f 5577 5586 5585
f 5578 5579 5587
f 5578 5587 5586
f 5579 5580 5588
f 5579 5588 5587
f 5580 5581 5589
f 5580 5589 5588
f 5581 5582 5590
f 5581 5590 5589
f 5582 5583 5591
f 5582 5591 5590
f 5583 5584 5592
f 5583 5592 5591
f 5584 5577 5585
f 5584 5585 5592
f 5585 5586 5594
f 5585 5594 5593
f 5586 5587 5595
f 5586 5595 5594
f 5587 5588 5596
f 5587 5596 5595
f 5588 5589 5597
f 5588 5597 5596
f 5589 5590 5598
f 5589 5598 5597
f 5590 5591 5599
f 5590 5599 5598
f 5591 5592 5600
f 5591 5600 5599
f 5592 5585 5593
f 5592 5593 5600
f 5593 5594 5602
f 5593 5602 5601
f 5594 5595 5603
f 5594 5603 5602
f 5595 5596 5604
f 5595 5604 5603
f 5596 5597 5605
f 5596 5605 5604
f 5597 5598 5606
f 5597 5606 5605
f 5598 5599 5607
f 5598 5607 5606
f 5599 5600 5608
f 5599 5608 5607
f 5600 5593 5601
f 5600 5601 5608
f 5601 5602 5610
f 5601 5610 5609
f 5602 5603 5611
f 5602 5611 5610
f 5603 5604 5612
f 5603 5612 5611
f 5604 5605 5613
f 5604 5613 5612
f 5605 5606 5614
f 5605 5614 5613
f 5606 5607 5615
f 5606 5615 5614
f 5607 5608 5616
f 5607 5616 5615
f 5608 5601 5609
f 5608 5609 5616
f 5609 5610 5618
f 5609 5618 5617
f 5610 5611 5619
f 5610 5619 5618
f 5611 5612 5620
f 5611 5620 5619
f 5612 5613 5621
f 5612 5621 5620
f 5613 5614 5622
f 5613 5622 5621
f 5614 5615 5623
f 5614 5623 5622
f 5615 5616 5624
f 5615 5624 5623
f 5616 5609 5617
f 5616 5617 5624
f 5617 5618 5626
f 5617 5626 5625
f 5618 5619 5627
f 5618 5627 5626
f 5619 5620 5628
f 5619 5628 5627
f 5620 5621 5629
f 5620 5629 5628
f 5621 5622 5630
f 5621 5630 5629
f 5622 5623 5631
f 5622 5631 5630
f 5623 5624 5632
f 5623 5632 5631
f 5624 5617 5625
f 5624 5625 5632
f 5625 5626 5634
f 5625 5634 5633
f 5626 5627 5635
f 5626 5635 5634
f 5627 5628 5636
f 5627 5636 5635
f 5628 5629 5637
f 5628 5637 5636
f 5629 5630 5638
f 5629 5638 5637
f 5630 5631 5639
f 5630 5639 5638
f 5631 5632 5640
f 5631 5640 5639
f 5632 5625 5633
f 5632 5633 5640
f 5633 5634 5642
f 5633 5642 5641
f 5634 5635 5643
f 5634 5643 5642
f 5635 5636 5644
f 5635 5644 5643
f 5636 5637 5645
f 5636 5645 5644
f 5637 5638 5646
f 5637 5646 5645
f 5638 5639 5647
f 5638 5647 5646
f 5639 5640 5648
f 5639 5648 5647
f 5640 5633 5641
f 5640 5641 5648
f 5641 5642 5650
f 5641 5650 5649
f 5642 5643 5651
f 5642 5651 5650
f 5643 5644 5652
f 5643 5652 5651
f 5644 5645 5653
f 5644 5653 5652
f 5645 5646 5654
f 5645 5654 5653
f 5646 5647 5655
f 5646 5655 5654
f 5647 5648 5656
f 5647 5656 5655
f 5648 5641 5649
f 5648 5649 5656
f 5649 5650 5658
f 5649 5658 5657
f 5650 5651 5659
f 5650 5659 5658
f 5651 5652 5660
f 5651 5660 5659
f 5652 5653 5661
f 5652 5661 5660
f 5653 5654 5662
f 5653 5662 5661
f 5654 5655 5663
f 5654 5663 5662
f 5655 5656 5664
f 5655 5664 5663
f 5656 5649 5657
f 5656 5657 5664
f 5657 5658 5666
f 5657 5666 5665
f 5658 5659 5667
f 5658 5667 5666
f 5659 5660 5668
f 5659 5668 5667
f 5660 5661 5669
f 5660 5669 5668
f 5661 5662 5670
f 5661 5670 5669
f 5662 5663 5671
f 5662 5671 5670
f 5663 5664 5672
f 5663 5672 5671
f 5664 5657 5665
f 5664 5665 5672
f 5665 5666 5674
f 5665 5674 5673
f 5666 5667 5675
f 5666 5675 5674
f 5667 5668 5676
f 5667 5676 5675
f 5668 5669 5677
f 5668 5677 5676
f 5669 5670 5678
f 5669 5678 5677
f 5670 5671 5679
f 5670 5679 5678
f 5671 5672 5680
f 5671 5680 5679
f 5672 5665 5673
f 5672 5673 5680
f 5673 5674 5682
f 5673 5682 5681
f 5674 5675 5683
f 5674 5683 5682
f 5675 5676 5684
f 5675 5684 5683
f 5676 5677 5685
f 5676 5685 5684
f 5677 5678 5686
f 5677 5686 5685
f 5678 5679 5687
f 5678 5687 5686
f 5679 5680 5688
f 5679 5688 5687
f 5680 5673 5681
f 5680 5681 5688
f 5681 5682 5690
f 5681 5690 5689
f 5682 5683 5691
f 5682 5691 5690
f 5683 5684 5692
f 5683 5692 5691
f 5684 5685 5693
f 5684 5693 5692
f 5685 5686 5694
f 5685 5694 5693
f 5686 5687 5695
f 5686 5695 5694
f 5687 5688 5696
f 5687 5696 5695
f 5688 5681 5689
f 5688 5689 5696
f 5689 5690 5698
f 5689 5698 5697
f 5690 5691 5699
f 5690 5699 5698
f 5691 5692 5700
f 5691 5700 5699
f 5692 5693 5701
f 5692 5701 5700
f 5693 5694 5702
f 5693 5702 5701
f 5694 5695 5703
f 5694 5703 5702
f 5695 5696 5704
f 5695 5704 5703
f 5696 5689 5697
f 5696 5697 5704
f 5697 5698 5706
f 5697 5706 5705
f 5698 5699 5707
f 5698 5707 5706
f 5699 5700 5708
f 5699 5708 5707
f 5700 5701 5709
f 5700 5709 5708
f 5701 5702 5710
f 5701 5710 5709
f 5702 5703 5711
f 5702 5711 5710
f 5703 5704 5712
f 5703 5712 5711
f 5704 5697 5705
f 5704 5705 5712
f 5705 5706 5714
f 5705 5714 5713
f 5706 5707 5715
f 5706 5715 5714
f 5707 5708 5716
f 5707 5716 5715
f 5708 5709 5717
f 5708 5717 5716
f 5709 5710 5718
f 5709 5718 5717
f 5710 5711 5719
f 5710 5719 5718
f 5711 5712 5720
f 5711 5720 5719
f 5712 5705 5713
f 5712 5713 5720
f 5713 5714 5722
f 5713 5722 5721
f 5714 5715 5723
f 5714 5723 5722
f 5715 5716 5724
f 5715 5724 5723
f 5716 5717 5725
f 5716 5725 5724
f 5717 5718 5726
f 5717 5726 5725
f 5718 5719 5727
f 5718 5727 5726
f 5719 5720 5728
f 5719 5728 5727
f 5720 5713 5721
f 5720 5721 5728
f 5721 5722 5730
f 5721 5730 5729
f 5722 5723 5731
f 5722 5731 5730
f 5723 5724 5732
f 5723 5732 5731
f 5724 5725 5733
f 5724 5733 5732
f 5725 5726 5734
f 5725 5734 5733
f 5726 5727 5735
f 5726 5735 5734
f 5727 5728 5736
f 5727 5736 5735
f 5728 5721 5729
f 5728 5729 5736
f 5729 5730 5738
f 5729 5738 5737
f 5730 5731 5739
f 5730 5739 5738
f 5731 5732 5740
f 5731 5740 5739
f 5732 5733 5741
f 5732 5741 5740
f 5733 5734 5742
f 5733 5742 5741
f 5734 5735 5743
f 5734 5743 5742
f 5735 5736 5744
f 5735 5744 5743
f 5736 5729 5737
f 5736 5737 5744
f 5737 5738 5746
f 5737 5746 5745
f 5738 5739 5747
f 5738 5747 5746
f 5739 5740 5748
f 5739 5748 5747
f 5740 5741 5749
f 5740 5749 5748
f 5741 5742 5750
f 5741 5750 5749
f 5742 5743 5751
f 5742 5751 5750
f 5743 5744 5752
f 5743 5752 5751
f 5744 5737 5745
f 5744 5745 5752
f 5745 5746 5754
f 5745 5754 5753
f 5746 5747 5755
f 5746 5755 5754
f 5747 5748 5756
f 5747 5756 5755
f 5748 5749 5757
f 5748 5757 5756
f 5749 5750 5758
f 5749 5758 5757
f 5750 5751 5759
f 5750 5759 5758
f 5751 5752 5760
f 5751 5760 5759
f 5752 5745 5753
f 5752 5753 5760
f 5753 5754 5762
f 5753 5762 5761
f 5754 5755 5763
f 5754 5763 5762
f 5755 5756 5764
f 5755 5764 5763
f 5756 5757 5765
f 5756 5765 5764
f 5757 5758 5766
f 5757 5766 5765
f 5758 5759 5767
f 5758 5767 5766
f 5759 5760 5768
f 5759 5768 5767
f 5760 5753 5761
f 5760 5761 5768
f 5761 5762 5770
f 5761 5770 5769
f 5762 5763 5771
f 5762 5771 5770
f 5763 5764 5772
f 5763 5772 5771
f 5764 5765 5773
f 5764 5773 5772
f 5765 5766 5774
f 5765 5774 5773
f 5766 5767 5775
f 5766 5775 5774
f 5767 5768 5776
f 5767 5776 5775
f 5768 5761 5769
f 5768 5769 5776
f 5769 5770 5778
f 5769 5778 5777
f 5770 5771 5779
f 5770 5779 5778
f 5771 5772 5780
f 5771 5780 5779
f 5772 5773 5781
f 5772 5781 5780
f 5773 5774 5782
f 5773 5782 5781
f 5774 5775 5783
f 5774 5783 5782
f 5775 5776 5784
f 5775 5784 5783
f 5776 5769 5777
f 5776 5777 5784
f 5777 5778 5786
f 5777 5786 5785
f 5778 5779 5787
f 5778 5787 5786
f 5779 5780 5788
f 5779 5788 5787
f 5780 5781 5789
f 5780 5789 5788
f 5781 5782 5790
f 5781 5790 5789
f 5782 5783 5791
f 5782 5791 5790
f 5783 5784 5792
f 5783 5792 5791
f 5784 5777 5785
f 5784 5785 5792
f 5785 5786 5794
f 5785 5794 5793
f 5786 5787 5795
f 5786 5795 5794
f 5787 5788 5796
f 5787 5796 5795
f 5788 5789 5797
f 5788 5797 5796
f 5789 5790 5798
f 5789 5798 5797
f 5790 5791 5799
f 5790 5799 5798
f 5791 5792 5800
f 5791 5800 5799
f 5792 5785 5793
f 5792 5793 5800
f 5793 5794 5802
f 5793 5802 5801
f 5794 5795 5803
f 5794 5803 5802
f 5795 5796 5804
f 5795 5804 5803
f 5796 5797 5805
f 5796 5805 5804
f 5797 5798 5806
f 5797 5806 5805
f 5798 5799 5807
f 5798 5807 5806
f 5799 5800 5808
f 5799 5808 5807
f 5800 5793 5801
f 5800 5801 5808
f 5801 5802 5810
f 5801 5810 5809
f 5802 5803 5811
f 5802 5811 5810
f 5803 5804 5812
f 5803 5812 5811
f 5804 5805 5813
f 5804 5813 5812
f 5805 5806 5814
f 5805 5814 5813
f 5806 5807 5815
f 5806 5815 5814
f 5807 5808 5816
f 5807 5816 5815
f 5808 5801 5809
f 5808 5809 5816
f 5809 5810 5818
f 5809 5818 5817
f 5810 5811 5819
f 5810 5819 5818
f 5811 5812 5820
f 5811 5820 5819
f 5812 5813 5821
f 5812 5821 5820
f 5813 5814 5822
f 5813 5822 5821
f 5814 5815 5823
f 5814 5823 5822
f 5815 5816 5824
f 5815 5824 5823
f 5816 5809 5817
f 5816 5817 5824
f 5817 5818 5826
f 5817 5826 5825
f 5818 5819 5827
f 5818 5827 5826
f 5819 5820 5828
f 5819 5828 5827
f 5820 5821 5829
f 5820 5829 5828
f 5821 5822 5830
f 5821 5830 5829
f 5822 5823 5831
f 5822 5831 5830
f 5823 5824 5832
f 5823 5832 5831
f 5824 5817 5825
f 5824 5825 5832
f 5825 5826 5834
f 5825 5834 5833
f 5826 5827 5835
f 5826 5835 5834
f 5827 5828 5836
f 5827 5836 5835
f 5828 5829 5837
f 5828 5837 5836
f 5829 5830 5838
f 5829 5838 5837
f 5830 5831 5839
f 5830 5839 5838
f 5831 5832 5840
f 5831 5840 5839
f 5832 5825 5833
f 5832 5833 5840
f 5833 5834 5842
f 5833 5842 5841
f 5834 5835 5843
f 5834 5843 5842
f 5835 5836 5844
f 5835 5844 5843
f 5836 5837 5845
f 5836 5845 5844
f 5837 5838 5846
f 5837 5846 5845
f 5838 5839 5847
f 5838 5847 5846
f 5839 5840 5848
f 5839 5848 5847
f 5840 5833 5841
f 5840 5841 5848
f 5841 5842 5850
f 5841 5850 5849
f 5842 5843 5851
f 5842 5851 5850
f 5843 5844 5852
f 5843 5852 5851
f 5844 5845 5853
f 5844 5853 5852
f 5845 5846 5854
f 5845 5854 5853
f 5846 5847 5855
f 5846 5855 5854
f 5847 5848 5856
f 5847 5856 5855
f 5848 5841 5849
f 5848 5849 5856
f 5849 5850 5858
f 5849 5858 5857
f 5850 5851 5859
f 5850 5859 5858
f 5851 5852 5860
f 5851 5860 5859
f 5852 5853 5861
f 5852 5861 5860
f 5853 5854 5862
f 5853 5862 5861
f 5854 5855 5863
f 5854 5863 5862
f 5855 5856 5864
f 5855 5864 5863
f 5856 5849 5857
f 5856 5857 5864
f 5857 5858 5866
f 5857 5866 5865
f 5858 5859 5867
f 5858 5867 5866
f 5859 5860 5868
f 5859 5868 5867
f 5860 5861 5869
f 5860 5869 5868
f 5861 5862 5870
f 5861 5870 5869
f 5862 5863 5871
f 5862 5871 5870
f 5863 5864 5872
f 5863 5872 5871
f 5864 5857 5865
f 5864 5865 5872
f 5865 5866 5874
f 5865 5874 5873
f 5866 5867 5875
f 5866 5875 5874
f 5867 5868 5876
f 5867 5876 5875
f 5868 5869 5877
f 5868 5877 5876
f 5869 5870 5878
f 5869 5878 5877
f 5870 5871 5879
f 5870 5879 5878
f 5871 5872 5880
f 5871 5880 5879
f 5872 5865 5873
f 5872 5873 5880
f 5873 5874 5882
f 5873 5882 5881
f 5874 5875 5883
f 5874 5883 5882
f 5875 5876 5884
f 5875 5884 5883
f 5876 5877 5885
f 5876 5885 5884
f 5877 5878 5886
f 5877 5886 5885
f 5878 5879 5887
f 5878 5887 5886
f 5879 5880 5888
f 5879 5888 5887
f 5880 5873 5881
f 5880 5881 5888
f 5881 5882 5890
f 5881 5890 5889
f 5882 5883 5891
f 5882 5891 5890
f 5883 5884 5892
f 5883 5892 5891
f 5884 5885 5893
f 5884 5893 5892
f 5885 5886 5894
f 5885 5894 5893
f 5886 5887 5895
f 5886 5895 5894
f 5887 5888 5896
f 5887 5896 5895
f 5888 5881 5889
f 5888 5889 5896
f 5889 5890 5898
f 5889 5898 5897
f 5890 5891 5899
f 5890 5899 5898
f 5891 5892 5900
f 5891 5900 5899
f 5892 5893 5901
f 5892 5901 5900
f 5893 5894 5902
f 5893 5902 5901
f 5894 5895 5903
f 5894 5903 5902
f 5895 5896 5904
f 5895 5904 5903
f 5896 5889 5897
f 5896 5897 5904
f 5897 5898 5906
f 5897 5906 5905
f 5898 5899 5907
f 5898 5907 5906
f 5899 5900 5908
f 5899 5908 5907
f 5900 5901 5909
f 5900 5909 5908
f 5901 5902 5910
f 5901 5910 5909
f 5902 5903 5911
f 5902 5911 5910
f 5903 5904 5912
f 5903 5912 5911
f 5904 5897 5905
f 5904 5905 5912
f 5905 5906 5914
f 5905 5914 5913
f 5906 5907 5915
f 5906 5915 5914
f 5907 5908 5916
f 5907 5916 5915
f 5908 5909 5917
f 5908 5917 5916
f 5909 5910 5918
f 5909 5918 5917
f 5910 5911 5919
f 5910 5919 5918
f 5911 5912 5920
f 5911 5920 5919
f 5912 5905 5913
f 5912 5913 5920
f 5913 5914 5922
f 5913 5922 5921
f 5914 5915 5923
f 5914 5923 5922
f 5915 5916 5924
f 5915 5924 5923
f 5916 5917 5925
f 5916 5925 5924
f 5917 5918 5926
f 5917 5926 5925
f 5918 5919 5927
f 5918 5927 5926
f 5919 5920 5928
f 5919 5928 5927
f 5920 5913 5921
f 5920 5921 5928
f 5921 5922 5930
f 5921 5930 5929
f 5922 5923 5931
f 5922 5931 5930
f 5923 5924 5932
f 5923 5932 5931
f 5924 5925 5933
f 5924 5933 5932
f 5925 5926 5934
f 5925 5934 5933
f 5926 5927 5935
f 5926 5935 5934
f 5927 5928 5936
f 5927 5936 5935
f 5928 5921 5929
f 5928 5929 5936
f 5929 5930 5938
f 5929 5938 5937
f 5930 5931 5939
f 5930 5939 5938
f 5931 5932 5940
f 5931 5940 5939
f 5932 5933 5941
f 5932 5941 5940
f 5933 5934 5942
f 5933 5942 5941
f 5934 5935 5943
f 5934 5943 5942
f 5935 5936 5944
f 5935 5944 5943
f 5936 5929 5937
f 5936 5937 5944
f 5937 5938 5946
f 5937 5946 5945
f 5938 5939 5947
f 5938 5947 5946
f 5939 5940 5948
f 5939 5948 5947
f 5940 5941 5949
f 5940 5949 5948
f 5941 5942 5950
f 5941 5950 5949
f 5942 5943 5951
f 5942 5951 5950
f 5943 5944 5952
f 5943 5952 5951
f 5944 5937 5945
f 5944 5945 5952
f 5945 5946 5954
f 5945 5954 5953
f 5946 5947 5955
f 5946 5955 5954
f 5947 5948 5956
f 5947 5956 5955
f 5948 5949 5957
f 5948 5957 5956
f 5949 5950 5958
f 5949 5958 5957
f 5950 5951 5959
f 5950 5959 5958
f 5951 5952 5960
f 5951 5960 5959
f 5952 5945 5953
f 5952 5953 5960
f 5953 5954 5962
f 5953 5962 5961
f 5954 5955 5963
f 5954 5963 5962
f 5955 5956 5964
f 5955 5964 5963
f 5956 5957 5965
f 5956 5965 5964
f 5957 5958 5966
f 5957 5966 5965
f 5958 5959 5967
f 5958 5967 5966
f 5959 5960 5968
f 5959 5968 5967
f 5960 5953 5961
f 5960 5961 5968
f 5961 5962 5970
f 5961 5970 5969
f 5962 5963 5971
f 5962 5971 5970
f 5963 5964 5972
f 5963 5972 5971
f 5964 5965 5973
f 5964 5973 5972
f 5965 5966 5974
f 5965 5974 5973
f 5966 5967 5975
f 5966 5975 5974
f 5967 5968 5976
f 5967 5976 5975
f 5968 5961 5969
f 5968 5969 5976
f 5969 5970 5978
f 5969 5978 5977
f 5970 5971 5979
f 5970 5979 5978
f 5971 5972 5980
f 5971 5980 5979
f 5972 5973 5981
f 5972 5981 5980
f 5973 5974 5982
f 5973 5982 5981
f 5974 5975 5983
f 5974 5983 5982
f 5975 5976 5984
f 5975 5984 5983
f 5976 5969 5977
f 5976 5977 5984
f 5977 5978 5986
f 5977 5986 5985
f 5978 5979 5987
f 5978 5987 5986
f 5979 5980 5988
f 5979 5988 5987
f 5980 5981 5989
f 5980 5989 5988
f 5981 5982 5990
f 5981 5990 5989
f 5982 5983 5991
f 5982 5991 5990
f 5983 5984 5992
f 5983 5992 5991
f 5984 5977 5985
f 5984 5985 5992
f 5985 5986 5994
f 5985 5994 5993
f 5986 5987 5995
f 5986 5995 5994
f 5987 5988 5996
f 5987 5996 5995
f 5988 5989 5997
f 5988 5997 5996
f 5989 5990 5998
f 5989 5998 5997
f 5990 5991 5999
f 5990 5999 5998
f 5991 5992 6000
f 5991 6000 5999
f 5992 5985 5993
f 5992 5993 6000
f 5993 5994 6002
f 5993 6002 6001
f 5994 5995 6003
f 5994 6003 6002
f 5995 5996 6004
f 5995 6004 6003
f 5996 5997 6005
f 5996 6005 6004
f 5997 5998 6006
f 5997 6006 6005
f 5998 5999 6007
f 5998 6007 6006
f 5999 6000 6008
f 5999 6008 6007
f 6000 5993 6001
f 6000 6001 6008
f 6001 6002 6010
f 6001 6010 6009
f 6002 6003 6011
f 6002 6011 6010
f 6003 6004 6012
f 6003 6012 6011
f 6004 6005 6013
f 6004 6013 6012
f 6005 6006 6014
f 6005 6014 6013
f 6006 6007 6015
f 6006 6015 6014
f 6007 6008 6016
f 6007 6016 6015
f 6008 6001 6009
f 6008 6009 6016
f 6009 6010 6018
f 6009 6018 6017
f 6010 6011 6019
f 6010 6019 6018
f 6011 6012 6020
f 6011 6020 6019
f 6012 6013 6021
f 6012 6021 6020
f 6013 6014 6022
f 6013 6022 6021
f 6014 6015 6023
f 6014 6023 6022
f 6015 6016 6024
f 6015 6024 6023
f 6016 6009 6017
f 6016 6017 6024
f 6017 6018 6026
f 6017 6026 6025
f 6018 6019 6027
f 6018 6027 6026
f 6019 6020 6028
f 6019 6028 6027
f 6020 6021 6029
f 6020 6029 6028
f 6021 6022 6030
f 6021 6030 6029
f 6022 6023 6031
f 6022 6031 6030
f 6023 6024 6032
f 6023 6032 6031
f 6024 6017 6025
f 6024 6025 6032
f 6025 6026 6034
f 6025 6034 6033
f 6026 6027 6035
f 6026 6035 6034
f 6027 6028 6036
f 6027 6036 6035
f 6028 6029 6037
f 6028 6037 6036
f 6029 6030 6038
f 6029 6038 6037
f 6030 6031 6039
f 6030 6039 6038
f 6031 6032 6040
f 6031 6040 6039
f 6032 6025 6033
f 6032 6033 6040
f 6033 6034 6042
f 6033 6042 6041
f 6034 6035 6043
f 6034 6043 6042
f 6035 6036 6044
f 6035 6044 6043
f 6036 6037 6045
f 6036 6045 6044
f 6037 6038 6046
f 6037 6046 6045
f 6038 6039 6047
f 6038 6047 6046
f 6039 6040 6048
f 6039 6048 6047
f 6040 6033 6041
f 6040 6041 6048
f 6041 6042 6050
f 6041 6050 6049
f 6042 6043 6051
f 6042 6051 6050
f 6043 6044 6052
f 6043 6052 6051
f 6044 6045 6053
f 6044 6053 6052
f 6045 6046 6054
f 6045 6054 6053
f 6046 6047 6055
f 6046 6055 6054
f 6047 6048 6056
f 6047 6056 6055
f 6048 6041 6049
f 6048 6049 6056
f 6049 6050 6058
f 6049 6058 6057
f 6050 6051 6059
f 6050 6059 6058
f 6051 6052 6060
f 6051 6060 6059
f 6052 6053 6061
f 6052 6061 6060
f 6053 6054 6062
f 6053 6062 6061
f 6054 6055 6063
f 6054 6063 6062
f 6055 6056 6064
f 6055 6064 6063
f 6056 6049 6057
f 6056 6057 6064
f 6057 6058 6066
f 6057 6066 6065
f 6058 6059 6067
f 6058 6067 6066
f 6059 6060 6068
f 6059 6068 6067
f 6060 6061 6069
f 6060 6069 6068
f 6061 6062 6070
f 6061 6070 6069
f 6062 6063 6071
f 6062 6071 6070
f 6063 6064 6072
f 6063 6072 6071
f 6064 6057 6065
f 6064 6065 6072
f 6065 6066 6074
f 6065 6074 6073
f 6066 6067 6075
f 6066 6075 6074
f 6067 6068 6076
f 6067 6076 6075
f 6068 6069 6077
f 6068 6077 6076
f 6069 6070 6078
f 6069 6078 6077
f 6070 6071 6079
f 6070 6079 6078
f 6071 6072 6080
f 6071 6080 6079
f 6072 6065 6073
f 6072 6073 6080
f 6073 6074 6082
f 6073 6082 6081
f 6074 6075 6083
f 6074 6083 6082
f 6075 6076 6084
f 6075 6084 6083
f 6076 6077 6085
f 6076 6085 6084
f 6077 6078 6086
f 6077 6086 6085
f 6078 6079 6087
f 6078 6087 6086
f 6079 6080 6088
f 6079 6088 6087
f 6080 6073 6081
f 6080 6081 6088
f 6081 6082 6090
f 6081 6090 6089
f 6082 6083 6091
f 6082 6091 6090
f 6083 6084 6092
f 6083 6092 6091
f 6084 6085 6093
f 6084 6093 6092
f 6085 6086 6094
f 6085 6094 6093
f 6086 6087 6095
f 6086 6095 6094
f 6087 6088 6096
f 6087 6096 6095
f 6088 6081 6089
f 6088 6089 6096
f 6089 6090 6098
f 6089 6098 6097
f 6090 6091 6099
f 6090 6099 6098
f 6091 6092 6100
f 6091 6100 6099
f 6092 6093 6101
f 6092 6101 6100
f 6093 6094 6102
f 6093 6102 6101
f 6094 6095 6103
f 6094 6103 6102
f 6095 6096 6104
f 6095 6104 6103
f 6096 6089 6097
f 6096 6097 6104
f 6097 6098 6106
f 6097 6106 6105
f 6098 6099 6107
f 6098 6107 6106
f 6099 6100 6108
f 6099 6108 6107
f 6100 6101 6109
f 6100 6109 6108
f 6101 6102 6110
f 6101 6110 6109
f 6102 6103 6111
f 6102 6111 6110
f 6103 6104 6112
f 6103 6112 6111
f 6104 6097 6105
f 6104 6105 6112
f 6105 6106 6114
f 6105 6114 6113
f 6106 6107 6115
f 6106 6115 6114
f 6107 6108 6116
f 6107 6116 6115
f 6108 6109 6117
f 6108 6117 6116
f 6109 6110 6118
f 6109 6118 6117
f 6110 6111 6119
f 6110 6119 6118
f 6111 6112 6120
f 6111 6120 6119
f 6112 6105 6113
f 6112 6113 6120
f 6113 6114 6122
f 6113 6122 6121
f 6114 6115 6123
f 6114 6123 6122
f 6115 6116 6124
f 6115 6124 6123
f 6116 6117 6125
f 6116 6125 6124
f 6117 6118 6126
f 6117 6126 6125
f 6118 6119 6127
f 6118 6127 6126
f 6119 6120 6128
f 6119 6128 6127
f 6120 6113 6121
f 6120 6121 6128
f 6121 6122 6130
f 6121 6130 6129
f 6122 6123 6131
f 6122 6131 6130
f 6123 6124 6132
f 6123 6132 6131
f 6124 6125 6133
f 6124 6133 6132
f 6125 6126 6134
f 6125 6134 6133
f 6126 6127 6135
f 6126 6135 6134
f 6127 6128 6136
f 6127 6136 6135
f 6128 6121 6129
f 6128 6129 6136
f 6129 6130 6138
f 6129 6138 6137
f 6130 6131 6139
f 6130 6139 6138
f 6131 6132 6140
f 6131 6140 6139
f 6132 6133 6141
f 6132 6141 6140
f 6133 6134 6142
f 6133 6142 6141
f 6134 6135 6143
f 6134 6143 6142
f 6135 6136 6144
f 6135 6144 6143
f 6136 6129 6137
f 6136 6137 6144
f 6137 6138 6146
f 6137 6146 6145
f 6138 6139 6147
f 6138 6147 6146
f 6139 6140 6148
f 6139 6148 6147
f 6140 6141 6149
f 6140 6149 6148
f 6141 6142 6150
f 6141 6150 6149
f 6142 6143 6151
f 6142 6151 6150
f 6143 6144 6152
f 6143 6152 6151
f 6144 6137 6145
f 6144 6145 6152
f 6145 6146 6154
f 6145 6154 6153
f 6146 6147 6155
f 6146 6155 6154
f 6147 6148 6156
f 6147 6156 6155
f 6148 6149 6157
f 6148 6157 6156
f 6149 6150 6158
f 6149 6158 6157
f 6150 6151 6159
f 6150 6159 6158
f 6151 6152 6160
f 6151 6160 6159
f 6152 6145 6153
f 6152 6153 6160
f 6153 6154 6162
f 6153 6162 6161
f 6154 6155 6163
f 6154 6163 6162
f 6155 6156 6164
f 6155 6164 6163
f 6156 6157 6165
f 6156 6165 6164
f 6157 6158 6166
f 6157 6166 6165
f 6158 6159 6167
f 6158 6167 6166
f 6159 6160 6168
f 6159 6168 6167
f 6160 6153 6161
f 6160 6161 6168
f 6161 6162 6170
f 6161 6170 6169
f 6162 6163 6171
f 6162 6171 6170
f 6163 6164 6172
f 6163 6172 6171
f 6164 6165 6173
f 6164 6173 6172
f 6165 6166 6174
f 6165 6174 6173
f 6166 6167 6175
f 6166 6175 6174
f 6167 6168 6176
f 6167 6176 6175
f 6168 6161 6169
f 6168 6169 6176
f 6169 6170 6178
f 6169 6178 6177
f 6170 6171 6179
f 6170 6179 6178
f 6171 6172 6180
f 6171 6180 6179
f 6172 6173 6181
f 6172 6181 6180
f 6173 6174 6182
f 6173 6182 6181
f 6174 6175 6183
f 6174 6183 6182
f 6175 6176 6184
f 6175 6184 6183
f 6176 6169 6177
f 6176 6177 6184
f 6177 6178 6186
f 6177 6186 6185
f 6178 6179 6187
f 6178 6187 6186
f 6179 6180 6188
f 6179 6188 6187
f 6180 6181 6189
f 6180 6189 6188
f 6181 6182 6190
f 6181 6190 6189
f 6182 6183 6191
f 6182 6191 6190
f 6183 6184 6192
f 6183 6192 6191
f 6184 6177 6185
f 6184 6185 6192
f 6185 6186 6194
f 6185 6194 6193
f 6186 6187 6195
f 6186 6195 6194
f 6187 6188 6196
f 6187 6196 6195
f 6188 6189 6197
f 6188 6197 6196
f 6189 6190 6198
f 6189 6198 6197
f 6190 6191 6199
f 6190 6199 6198
f 6191 6192 6200
f 6191 6200 6199
f 6192 6185 6193
f 6192 6193 6200
f 6193 6194 6202
f 6193 6202 6201
f 6194 6195 6203
f 6194 6203 6202
f 6195 6196 6204
f 6195 6204 6203
f 6196 6197 6205
f 6196 6205 6204
f 6197 6198 6206
f 6197 6206 6205
f 6198 6199 6207
f 6198 6207 6206
f 6199 6200 6208
f 6199 6208 6207
f 6200 6193 6201
f 6200 6201 6208
f 6201 6202 6210
f 6201 6210 6209
f 6202 6203 6211
f 6202 6211 6210
f 6203 6204 6212
f 6203 6212 6211
f 6204 6205 6213
f 6204 6213 6212
f 6205 6206 6214
f 6205 6214 6213
f 6206 6207 6215
f 6206 6215 6214
f 6207 6208 6216
f 6207 6216 6215
f 6208 6201 6209
f 6208 6209 6216
f 6209 6210 6218
f 6209 6218 6217
f 6210 6211 6219
f 6210 6219 6218
f 6211 6212 6220
f 6211 6220 6219
f 6212 6213 6221
f 6212 6221 6220
f 6213 6214 6222
f 6213 6222 6221
f 6214 6215 6223
f 6214 6223 6222
f 6215 6216 6224
f 6215 6224 6223
f 6216 6209 6217
f 6216 6217 6224
f 6217 6218 6226
f 6217 6226 6225
f 6218 6219 6227
f 6218 6227 6226
f 6219 6220 6228
f 6219 6228 6227
f 6220 6221 6229
f 6220 6229 6228
f 6221 6222 6230
f 6221 6230 6229
f 6222 6223 6231
f 6222 6231 6230
f 6223 6224 6232
f 6223 6232 6231
f 6224 6217 6225
f 6224 6225 6232
f 6225 6226 6234
f 6225 6234 6233
f 6226 6227 6235
f 6226 6235 6234
f 6227 6228 6236
f 6227 6236 6235
f 6228 6229 6237
f 6228 6237 6236
f 6229 6230 6238
f 6229 6238 6237
f 6230 6231 6239
f 6230 6239 6238
f 6231 6232 6240
f 6231 6240 6239
f 6232 6225 6233
f 6232 6233 6240
f 6233 6234 6242
f 6233 6242 6241
f 6234 6235 6243
f 6234 6243 6242
f 6235 6236 6244
f 6235 6244 6243
f 6236 6237 6245
f 6236 6245 6244
f 6237 6238 6246
f 6237 6246 6245
f 6238 6239 6247
f 6238 6247 6246
f 6239 6240 6248
f 6239 6248 6247
f 6240 6233 6241
f 6240 6241 6248
f 6241 6242 6250
f 6241 6250 6249
f 6242 6243 6251
f 6242 6251 6250
f 6243 6244 6252
f 6243 6252 6251
f 6244 6245 6253
f 6244 6253 6252
f 6245 6246 6254
f 6245 6254 6253
f 6246 6247 6255
f 6246 6255 6254
f 6247 6248 6256
f 6247 6256 6255
f 6248 6241 6249
f 6248 6249 6256
f 6249 6250 6258
f 6249 6258 6257
f 6250 6251 6259
f 6250 6259 6258
f 6251 6252 6260
f 6251 6260 6259
f 6252 6253 6261
f 6252 6261 6260
f 6253 6254 6262
f 6253 6262 6261
f 6254 6255 6263
f 6254 6263 6262
f 6255 6256 6264
f 6255 6264 6263
f 6256 6249 6257
f 6256 6257 6264
f 6257 6258 6266
f 6257 6266 6265
f 6258 6259 6267
f 6258 6267 6266
f 6259 6260 6268
f 6259 6268 6267
f 6260 6261 6269
f 6260 6269 6268
f 6261 6262 6270
f 6261 6270 6269
f 6262 6263 6271
f 6262 6271 6270
f 6263 6264 6272
f 6263 6272 6271
f 6264 6257 6265
f 6264 6265 6272
f 6265 6266 6274
f 6265 6274 6273
f 6266 6267 6275
f 6266 6275 6274
f 6267 6268 6276
f 6267 6276 6275
f 6268 6269 6277
f 6268 6277 6276
f 6269 6270 6278
f 6269 6278 6277
f 6270 6271 6279
f 6270 6279 6278
f 6271 6272 6280
f 6271 6280 6279
f 6272 6265 6273
f 6272 6273 6280
f 6273 6274 6282
f 6273 6282 6281
f 6274 6275 6283
f 6274 6283 6282
f 6275 6276 6284
f 6275 6284 6283
f 6276 6277 6285
f 6276 6285 6284
f 6277 6278 6286
f 6277 6286 6285
f 6278 6279 6287
f 6278 6287 6286
f 6279 6280 6288
f 6279 6288 6287
f 6280 6273 6281
f 6280 6281 6288
f 6281 6282 6290
f 6281 6290 6289
f 6282 6283 6291
f 6282 6291 6290
f 6283 6284 6292
f 6283 6292 6291
f 6284 6285 6293
f 6284 6293 6292
f 6285 6286 6294
f 6285 6294 6293
f 6286 6287 6295
f 6286 6295 6294
f 6287 6288 6296
f 6287 6296 6295
f 6288 6281 6289
f 6288 6289 6296
f 6289 6290 6298
f 6289 6298 6297
f 6290 6291 6299
f 6290 6299 6298
f 6291 6292 6300
f 6291 6300 6299
f 6292 6293 6301
f 6292 6301 6300
f 6293 6294 6302
f 6293 6302 6301
f 6294 6295 6303
f 6294 6303 6302
f 6295 6296 6304
f 6295 6304 6303
f 6296 6289 6297
f 6296 6297 6304
f 6297 6298 6306
f 6297 6306 6305
f 6298 6299 6307
f 6298 6307 6306
f 6299 6300 6308
f 6299 6308 6307
f 6300 6301 6309
f 6300 6309 6308
f 6301 6302 6310
f 6301 6310 6309
f 6302 6303 6311
f 6302 6311 6310
f 6303 6304 6312
f 6303 6312 6311
f 6304 6297 6305
f 6304 6305 6312
f 6305 6306 6314
f 6305 6314 6313
f 6306 6307 6315
f 6306 6315 6314
f 6307 6308 6316
f 6307 6316 6315
f 6308 6309 6317
f 6308 6317 6316
f 6309 6310 6318
f 6309 6318 6317
f 6310 6311 6319
f 6310 6319 6318
f 6311 6312 6320
f 6311 6320 6319
f 6312 6305 6313
f 6312 6313 6320
f 6313 6314 6322
f 6313 6322 6321
f 6314 6315 6323
f 6314 6323 6322
f 6315 6316 6324
f 6315 6324 6323
f 6316 6317 6325
f 6316 6325 6324
f 6317 6318 6326
f 6317 6326 6325
f 6318 6319 6327
f 6318 6327 6326
f 6319 6320 6328
f 6319 6328 6327
f 6320 6313 6321
f 6320 6321 6328
f 4905 4907 4906
f 6321 6322 6323
f 4905 4908 4907
f 6321 6323 6324
f 4905 4909 4908
f 6321 6324 6325
f 4905 4910 4909
f 6321 6325 6326
f 4905 4911 4910
f 6321 6326 6327
f 4905 4912 4911
f 6321 6327 6328
