scene,view,control,channel,grid,components,ink_pixels,long_component_ink_fraction
chair,1,density,E_occ,95_70,36,9969,0.9857558431136523
chair,1,density,E_occ,90_60,46,14503,0.9534579052609805
chair,1,density,E_layer,95_70,36,9969,0.9857558431136523
chair,1,density,E_layer,90_60,46,14503,0.9534579052609805
chair,1,density,E_shape_ridge,95_70,36,9969,0.9857558431136523
chair,1,density,E_shape_ridge,90_60,46,14503,0.9534579052609805
chair,1,density,E_shape_valley,95_70,36,9969,0.9857558431136523
chair,1,density,E_shape_valley,90_60,46,14503,0.9534579052609805
chair,1,expected_depth,E_occ,95_70,105,22692,0.9716640225630178
chair,1,expected_depth,E_occ,90_60,125,42217,0.9836795603666769
chair,1,expected_depth,E_layer,95_70,105,22692,0.9716640225630178
chair,1,expected_depth,E_layer,90_60,125,42217,0.9836795603666769
chair,1,expected_depth,E_shape_ridge,95_70,105,22692,0.9716640225630178
chair,1,expected_depth,E_shape_ridge,90_60,125,42217,0.9836795603666769
chair,1,expected_depth,E_shape_valley,95_70,105,22692,0.9716640225630178
chair,1,expected_depth,E_shape_valley,90_60,125,42217,0.9836795603666769
chair,1,front_depth,E_occ,95_70,15,35693,0.9995797495307203
chair,1,front_depth,E_occ,90_60,27,46304,0.998855390463027
chair,1,front_depth,E_layer,95_70,15,35693,0.9995797495307203
chair,1,front_depth,E_layer,90_60,27,46304,0.998855390463027
chair,1,front_depth,E_shape_ridge,95_70,15,35693,0.9995797495307203
chair,1,front_depth,E_shape_ridge,90_60,27,46304,0.998855390463027
chair,1,front_depth,E_shape_valley,95_70,15,35693,0.9995797495307203
chair,1,front_depth,E_shape_valley,90_60,27,46304,0.998855390463027
chair,1,full,E_occ,95_70,625,16503,0.750287826455796
chair,1,full,E_occ,90_60,510,26393,0.871632629863979
chair,1,full,E_layer,95_70,96,1346,0.6359583952451708
chair,1,full,E_layer,90_60,140,2094,0.6012416427889207
chair,1,full,E_shape_ridge,95_70,418,15509,0.8271971113546973
chair,1,full,E_shape_ridge,90_60,589,23476,0.840475379110581
chair,1,full,E_shape_valley,95_70,180,15868,0.9369800857070835
chair,1,full,E_shape_valley,90_60,449,25893,0.8861468350519446
chair,1,k16,E_occ,95_70,630,9264,0.5294689119170984
chair,1,k16,E_occ,90_60,876,15662,0.6315923892223215
chair,1,k16,E_layer,95_70,6,131,0.48854961832061067
chair,1,k16,E_layer,90_60,9,195,0.3282051282051282
chair,1,k16,E_shape_ridge,95_70,359,12524,0.7723570744171191
chair,1,k16,E_shape_ridge,90_60,444,18085,0.8230024882499308
chair,1,k16,E_shape_valley,95_70,197,10563,0.9100634289501088
chair,1,k16,E_shape_valley,90_60,452,19633,0.8668568226964805
chair,1,k4,E_occ,95_70,138,304,0.0
chair,1,k4,E_occ,90_60,287,642,0.0
chair,1,k4,E_layer,95_70,0,0,0.0
chair,1,k4,E_layer,90_60,0,0,0.0
chair,1,k4,E_shape_ridge,95_70,155,938,0.15245202558635396
chair,1,k4,E_shape_ridge,90_60,374,1712,0.06542056074766354
chair,1,k4,E_shape_valley,95_70,116,393,0.0
chair,1,k4,E_shape_valley,90_60,229,653,0.0
chair,1,k8,E_occ,95_70,469,2462,0.14337936636880586
chair,1,k8,E_occ,90_60,790,4261,0.22177892513494485
chair,1,k8,E_layer,95_70,2,24,0.0
chair,1,k8,E_layer,90_60,2,29,0.0
chair,1,k8,E_shape_ridge,95_70,384,4248,0.413135593220339
chair,1,k8,E_shape_ridge,90_60,640,7132,0.4510656197420079
chair,1,k8,E_shape_valley,95_70,347,3161,0.4425814615627966
chair,1,k8,E_shape_valley,90_60,696,6557,0.4848253774592039
chair,1,median_depth,E_occ,95_70,90,28618,0.989132713676707
chair,1,median_depth,E_occ,90_60,95,46490,0.9767261776726177
chair,1,median_depth,E_layer,95_70,90,28618,0.989132713676707
chair,1,median_depth,E_layer,90_60,95,46490,0.9767261776726177
chair,1,median_depth,E_shape_ridge,95_70,90,28618,0.989132713676707
chair,1,median_depth,E_shape_ridge,90_60,95,46490,0.9767261776726177
chair,1,median_depth,E_shape_valley,95_70,90,28618,0.989132713676707
chair,1,median_depth,E_shape_valley,90_60,95,46490,0.9767261776726177
chair,1,no_ids,E_occ,95_70,532,8398,0.5534651107406525
chair,1,no_ids,E_occ,90_60,681,19581,0.8038915275011491
chair,1,no_ids,E_layer,95_70,96,1346,0.6359583952451708
chair,1,no_ids,E_layer,90_60,140,2094,0.6012416427889207
chair,1,no_ids,E_shape_ridge,95_70,625,14349,0.7479963760540804
chair,1,no_ids,E_shape_ridge,90_60,743,23438,0.788079187643997
chair,1,no_ids,E_shape_valley,95_70,197,15804,0.9320425208807896
chair,1,no_ids,E_shape_valley,90_60,494,24887,0.8705749989954594
chair,1,rgb_canny,E_occ,95_70,465,21516,0.8531325525190556
chair,1,rgb_canny,E_occ,90_60,465,21516,0.8531325525190556
chair,1,rgb_canny,E_layer,95_70,465,21516,0.8531325525190556
chair,1,rgb_canny,E_layer,90_60,465,21516,0.8531325525190556
chair,1,rgb_canny,E_shape_ridge,95_70,465,21516,0.8531325525190556
chair,1,rgb_canny,E_shape_ridge,90_60,465,21516,0.8531325525190556
chair,1,rgb_canny,E_shape_valley,95_70,465,21516,0.8531325525190556
chair,1,rgb_canny,E_shape_valley,90_60,465,21516,0.8531325525190556
chair,1,shuffled_depths,E_occ,95_70,2053,9051,0.03148823334438183
chair,1,shuffled_depths,E_occ,90_60,2911,16976,0.1541588124410933
chair,1,shuffled_depths,E_layer,95_70,336,493,0.0
chair,1,shuffled_depths,E_layer,90_60,637,972,0.0
chair,1,shuffled_depths,E_shape_ridge,95_70,3306,15184,0.15424130663856692
chair,1,shuffled_depths,E_shape_ridge,90_60,4379,27213,0.3407195090581707
chair,1,shuffled_depths,E_shape_valley,95_70,3211,12835,0.08009349435138294
chair,1,shuffled_depths,E_shape_valley,90_60,4124,23803,0.2570264252405159
chair,1,shuffled_ids,E_occ,95_70,555,7290,0.43209876543209874
chair,1,shuffled_ids,E_occ,90_60,759,15593,0.6762008593599692
chair,1,shuffled_ids,E_layer,95_70,96,987,0.47720364741641336
chair,1,shuffled_ids,E_layer,90_60,135,1703,0.4908984145625367
chair,1,shuffled_ids,E_shape_ridge,95_70,958,3209,0.058273605484574637
chair,1,shuffled_ids,E_shape_ridge,90_60,1527,5758,0.0963876345953456
chair,1,shuffled_ids,E_shape_valley,95_70,912,3721,0.11824778285407149
chair,1,shuffled_ids,E_shape_valley,90_60,1555,6670,0.17481259370314842
chair,1,tau90_32,E_occ,95_70,675,15055,0.6904018598472268
chair,1,tau90_32,E_occ,90_60,553,25016,0.8587304125359769
chair,1,tau90_32,E_layer,95_70,57,824,0.5351941747572816
chair,1,tau90_32,E_layer,90_60,76,1249,0.5212169735788631
chair,1,tau90_32,E_shape_ridge,95_70,406,15725,0.8249920508744039
chair,1,tau90_32,E_shape_ridge,90_60,518,22797,0.8602447690485591
chair,1,tau90_32,E_shape_valley,95_70,180,15219,0.9302845127800775
chair,1,tau90_32,E_shape_valley,90_60,400,25381,0.8806981600409756
chair,1,tau90_64,E_occ,95_70,629,16460,0.7482989064398542
chair,1,tau90_64,E_occ,90_60,519,26575,0.8753715898400752
chair,1,tau90_64,E_layer,95_70,107,1361,0.5745775165319618
chair,1,tau90_64,E_layer,90_60,138,2059,0.6046624575036426
chair,1,tau90_64,E_shape_ridge,95_70,415,15411,0.8236324703134125
chair,1,tau90_64,E_shape_ridge,90_60,582,23379,0.8387869455494247
chair,1,tau90_64,E_shape_valley,95_70,180,15727,0.9402301774019203
chair,1,tau90_64,E_shape_valley,90_60,449,26017,0.8857285620940154
chair,1,tau95_128,E_occ,95_70,644,16281,0.7463914992936552
chair,1,tau95_128,E_occ,90_60,539,27215,0.871320962704391
chair,1,tau95_128,E_layer,95_70,106,1576,0.608502538071066
chair,1,tau95_128,E_layer,90_60,146,2434,0.657354149548069
chair,1,tau95_128,E_shape_ridge,95_70,451,15864,0.8107665153807363
chair,1,tau95_128,E_shape_ridge,90_60,630,23642,0.8185432704508925
chair,1,tau95_128,E_shape_valley,95_70,193,15462,0.9230371232699521
chair,1,tau95_128,E_shape_valley,90_60,458,25937,0.8921617766125612
chair,1,tau95_32,E_occ,95_70,711,15280,0.6893979057591623
chair,1,tau95_32,E_occ,90_60,581,25466,0.8598916201994816
chair,1,tau95_32,E_layer,95_70,54,763,0.5399737876802096
chair,1,tau95_32,E_layer,90_60,81,1331,0.5837716003005259
chair,1,tau95_32,E_shape_ridge,95_70,443,15829,0.8023880219849643
chair,1,tau95_32,E_shape_ridge,90_60,536,22961,0.8399024432733766
chair,1,tau95_32,E_shape_valley,95_70,183,15179,0.930298438632321
chair,1,tau95_32,E_shape_valley,90_60,428,25153,0.888363217111279
chair,1,tau95_64,E_occ,95_70,645,16294,0.7407634712163986
chair,1,tau95_64,E_occ,90_60,545,27216,0.8714359200470312
chair,1,tau95_64,E_layer,95_70,111,1701,0.5955320399764844
chair,1,tau95_64,E_layer,90_60,143,2358,0.628498727735369
chair,1,tau95_64,E_shape_ridge,95_70,458,15791,0.8067253498828446
chair,1,tau95_64,E_shape_ridge,90_60,644,23499,0.8147580748116942
chair,1,tau95_64,E_shape_valley,95_70,194,15581,0.9229189397342917
chair,1,tau95_64,E_shape_valley,90_60,474,26081,0.8929872320846594
chair,1,uniform,E_occ,95_70,590,11168,0.660458452722063
chair,1,uniform,E_occ,90_60,723,21122,0.8074519458384622
chair,1,uniform,E_layer,95_70,124,1588,0.5869017632241813
chair,1,uniform,E_layer,90_60,175,2568,0.6429127725856698
chair,1,uniform,E_shape_ridge,95_70,567,15692,0.75070099413714
chair,1,uniform,E_shape_ridge,90_60,728,24275,0.8114109165808445
chair,1,uniform,E_shape_valley,95_70,281,15468,0.8666278769071631
chair,1,uniform,E_shape_valley,90_60,592,25935,0.8302679776363987
chair,27,density,E_occ,95_70,56,8400,0.9160714285714285
chair,27,density,E_occ,90_60,61,11970,0.9346700083542189
chair,27,density,E_layer,95_70,56,8400,0.9160714285714285
chair,27,density,E_layer,90_60,61,11970,0.9346700083542189
chair,27,density,E_shape_ridge,95_70,56,8400,0.9160714285714285
chair,27,density,E_shape_ridge,90_60,61,11970,0.9346700083542189
chair,27,density,E_shape_valley,95_70,56,8400,0.9160714285714285
chair,27,density,E_shape_valley,90_60,61,11970,0.9346700083542189
chair,27,expected_depth,E_occ,95_70,55,13329,0.9846200015004877
chair,27,expected_depth,E_occ,90_60,74,36593,0.9939605935561446
chair,27,expected_depth,E_layer,95_70,55,13329,0.9846200015004877
chair,27,expected_depth,E_layer,90_60,74,36593,0.9939605935561446
chair,27,expected_depth,E_shape_ridge,95_70,55,13329,0.9846200015004877
chair,27,expected_depth,E_shape_ridge,90_60,74,36593,0.9939605935561446
chair,27,expected_depth,E_shape_valley,95_70,55,13329,0.9846200015004877
chair,27,expected_depth,E_shape_valley,90_60,74,36593,0.9939605935561446
chair,27,front_depth,E_occ,95_70,49,15599,0.9898711455862556
chair,27,front_depth,E_occ,90_60,54,35506,0.9975215456542557
chair,27,front_depth,E_layer,95_70,49,15599,0.9898711455862556
chair,27,front_depth,E_layer,90_60,54,35506,0.9975215456542557
chair,27,front_depth,E_shape_ridge,95_70,49,15599,0.9898711455862556
chair,27,front_depth,E_shape_ridge,90_60,54,35506,0.9975215456542557
chair,27,front_depth,E_shape_valley,95_70,49,15599,0.9898711455862556
chair,27,front_depth,E_shape_valley,90_60,54,35506,0.9975215456542557
chair,27,full,E_occ,95_70,300,12921,0.8749322807832212
chair,27,full,E_occ,90_60,322,20931,0.9198318283885146
chair,27,full,E_layer,95_70,48,366,0.0
chair,27,full,E_layer,90_60,78,900,0.46111111111111114
chair,27,full,E_shape_ridge,95_70,346,13542,0.795303500221533
chair,27,full,E_shape_ridge,90_60,471,19802,0.8183011816988183
chair,27,full,E_shape_valley,95_70,73,10797,0.98110586273965
chair,27,full,E_shape_valley,90_60,177,22456,0.9663341645885287
chair,27,k16,E_occ,95_70,472,8553,0.6659651584239448
chair,27,k16,E_occ,90_60,728,14863,0.7124402879633991
chair,27,k16,E_layer,95_70,32,537,0.6852886405959032
chair,27,k16,E_layer,90_60,56,780,0.541025641025641
chair,27,k16,E_shape_ridge,95_70,264,10724,0.7927079447967177
chair,27,k16,E_shape_ridge,90_60,434,16173,0.817906387188524
chair,27,k16,E_shape_valley,95_70,145,8016,0.9200349301397206
chair,27,k16,E_shape_valley,90_60,343,15699,0.8581438308172495
chair,27,k4,E_occ,95_70,48,266,0.13533834586466165
chair,27,k4,E_occ,90_60,103,514,0.1264591439688716
chair,27,k4,E_layer,95_70,2,9,0.0
chair,27,k4,E_layer,90_60,4,18,0.0
chair,27,k4,E_shape_ridge,95_70,62,726,0.2809917355371901
chair,27,k4,E_shape_ridge,90_60,90,1178,0.41935483870967744
chair,27,k4,E_shape_valley,95_70,43,209,0.2822966507177033
chair,27,k4,E_shape_valley,90_60,62,442,0.3167420814479638
chair,27,k8,E_occ,95_70,302,2379,0.4241277847835225
chair,27,k8,E_occ,90_60,535,4441,0.4989867147038955
chair,27,k8,E_layer,95_70,26,331,0.4108761329305136
chair,27,k8,E_layer,90_60,42,565,0.6
chair,27,k8,E_shape_ridge,95_70,181,4613,0.5770648168220247
chair,27,k8,E_shape_ridge,90_60,296,7546,0.6632653061224489
chair,27,k8,E_shape_valley,95_70,149,1871,0.4911811865312667
chair,27,k8,E_shape_valley,90_60,363,3928,0.440173116089613
chair,27,median_depth,E_occ,95_70,48,12298,0.9842250772483331
chair,27,median_depth,E_occ,90_60,77,35769,0.9906902625178227
chair,27,median_depth,E_layer,95_70,48,12298,0.9842250772483331
chair,27,median_depth,E_layer,90_60,77,35769,0.9906902625178227
chair,27,median_depth,E_shape_ridge,95_70,48,12298,0.9842250772483331
chair,27,median_depth,E_shape_ridge,90_60,77,35769,0.9906902625178227
chair,27,median_depth,E_shape_valley,95_70,48,12298,0.9842250772483331
chair,27,median_depth,E_shape_valley,90_60,77,35769,0.9906902625178227
chair,27,no_ids,E_occ,95_70,378,9559,0.71900826446281
chair,27,no_ids,E_occ,90_60,509,17240,0.8455916473317865
chair,27,no_ids,E_layer,95_70,48,366,0.0
chair,27,no_ids,E_layer,90_60,78,900,0.46111111111111114
chair,27,no_ids,E_shape_ridge,95_70,491,13943,0.7672667288244998
chair,27,no_ids,E_shape_ridge,90_60,533,20373,0.8387080940460413
chair,27,no_ids,E_shape_valley,95_70,58,11068,0.9840079508492953
chair,27,no_ids,E_shape_valley,90_60,241,23004,0.9487480438184663
chair,27,rgb_canny,E_occ,95_70,286,9384,0.8402600170502984
chair,27,rgb_canny,E_occ,90_60,286,9384,0.8402600170502984
chair,27,rgb_canny,E_layer,95_70,286,9384,0.8402600170502984
chair,27,rgb_canny,E_layer,90_60,286,9384,0.8402600170502984
chair,27,rgb_canny,E_shape_ridge,95_70,286,9384,0.8402600170502984
chair,27,rgb_canny,E_shape_ridge,90_60,286,9384,0.8402600170502984
chair,27,rgb_canny,E_shape_valley,95_70,286,9384,0.8402600170502984
chair,27,rgb_canny,E_shape_valley,90_60,286,9384,0.8402600170502984
chair,27,shuffled_depths,E_occ,95_70,1431,6892,0.1286999419616947
chair,27,shuffled_depths,E_occ,90_60,1907,13708,0.3550481470674059
chair,27,shuffled_depths,E_layer,95_70,184,216,0.0
chair,27,shuffled_depths,E_layer,90_60,357,431,0.0
chair,27,shuffled_depths,E_shape_ridge,95_70,1447,7314,0.32936833470057425
chair,27,shuffled_depths,E_shape_ridge,90_60,1788,12649,0.5054154478614911
chair,27,shuffled_depths,E_shape_valley,95_70,1933,6561,0.12696235329980185
chair,27,shuffled_depths,E_shape_valley,90_60,2654,11904,0.34038978494623656
chair,27,shuffled_ids,E_occ,95_70,411,6540,0.4896024464831804
chair,27,shuffled_ids,E_occ,90_60,591,12110,0.6081750619322873
chair,27,shuffled_ids,E_layer,95_70,46,290,0.0
chair,27,shuffled_ids,E_layer,90_60,75,727,0.22420907840440166
chair,27,shuffled_ids,E_shape_ridge,95_70,814,3011,0.13118565260710727
chair,27,shuffled_ids,E_shape_ridge,90_60,1222,5362,0.17791868705706826
chair,27,shuffled_ids,E_shape_valley,95_70,298,3718,0.6742872512103282
chair,27,shuffled_ids,E_shape_valley,90_60,775,6792,0.5618374558303887
chair,27,tau90_32,E_occ,95_70,371,12904,0.8113763174209547
chair,27,tau90_32,E_occ,90_60,419,20608,0.8790760869565217
chair,27,tau90_32,E_layer,95_70,44,564,0.524822695035461
chair,27,tau90_32,E_layer,90_60,64,955,0.6272251308900524
chair,27,tau90_32,E_shape_ridge,95_70,357,13115,0.7697293175752955
chair,27,tau90_32,E_shape_ridge,90_60,449,19788,0.8315140489185365
chair,27,tau90_32,E_shape_valley,95_70,91,10708,0.9716100112065745
chair,27,tau90_32,E_shape_valley,90_60,207,21795,0.9639366827253958
chair,27,tau90_64,E_occ,95_70,300,12920,0.8763931888544891
chair,27,tau90_64,E_occ,90_60,329,20907,0.9203137705074855
chair,27,tau90_64,E_layer,95_70,49,364,0.0
chair,27,tau90_64,E_layer,90_60,75,901,0.5194228634850167
chair,27,tau90_64,E_shape_ridge,95_70,343,13495,0.798443868099296
chair,27,tau90_64,E_shape_ridge,90_60,469,19900,0.8235678391959799
chair,27,tau90_64,E_shape_valley,95_70,74,10978,0.9732191656039352
chair,27,tau90_64,E_shape_valley,90_60,177,22574,0.9683706919464871
chair,27,tau95_128,E_occ,95_70,292,13271,0.8734835355285961
chair,27,tau95_128,E_occ,90_60,305,21179,0.9211010907030549
chair,27,tau95_128,E_layer,95_70,43,336,0.17261904761904762
chair,27,tau95_128,E_layer,90_60,73,859,0.41443538998835855
chair,27,tau95_128,E_shape_ridge,95_70,367,13481,0.8020176544766708
chair,27,tau95_128,E_shape_ridge,90_60,486,19426,0.83686811489756
chair,27,tau95_128,E_shape_valley,95_70,59,10568,0.9675435276305829
chair,27,tau95_128,E_shape_valley,90_60,185,22582,0.9660348950491542
chair,27,tau95_32,E_occ,95_70,376,12980,0.8031587057010786
chair,27,tau95_32,E_occ,90_60,414,20955,0.8928656645192078
chair,27,tau95_32,E_layer,95_70,41,575,0.6104347826086957
chair,27,tau95_32,E_layer,90_60,67,1023,0.5630498533724341
chair,27,tau95_32,E_shape_ridge,95_70,349,12937,0.7752183659271856
chair,27,tau95_32,E_shape_ridge,90_60,454,19373,0.8351313683993187
chair,27,tau95_32,E_shape_valley,95_70,97,10763,0.9513146892130447
chair,27,tau95_32,E_shape_valley,90_60,200,21711,0.963336557505412
chair,27,tau95_64,E_occ,95_70,294,13227,0.870794586829969
chair,27,tau95_64,E_occ,90_60,289,21165,0.9263879045594141
chair,27,tau95_64,E_layer,95_70,47,311,0.0
chair,27,tau95_64,E_layer,90_60,76,882,0.41383219954648526
chair,27,tau95_64,E_shape_ridge,95_70,360,13423,0.8081650897712881
chair,27,tau95_64,E_shape_ridge,90_60,497,19497,0.8258193568241268
chair,27,tau95_64,E_shape_valley,95_70,71,10763,0.9671095419492707
chair,27,tau95_64,E_shape_valley,90_60,183,22529,0.9659993785787208
chair,27,uniform,E_occ,95_70,358,11563,0.797024993513794
chair,27,uniform,E_occ,90_60,470,18614,0.859406898033738
chair,27,uniform,E_layer,95_70,54,438,0.1004566210045662
chair,27,uniform,E_layer,90_60,98,886,0.3261851015801354
chair,27,uniform,E_shape_ridge,95_70,471,13659,0.7756058276594187
chair,27,uniform,E_shape_ridge,90_60,573,20328,0.822215663124754
chair,27,uniform,E_shape_valley,95_70,88,10648,0.9704169797145004
chair,27,uniform,E_shape_valley,90_60,270,21824,0.952300219941349
chair,53,density,E_occ,95_70,31,7601,0.969346138665965
chair,53,density,E_occ,90_60,50,11905,0.9737085258294834
chair,53,density,E_layer,95_70,31,7601,0.969346138665965
chair,53,density,E_layer,90_60,50,11905,0.9737085258294834
chair,53,density,E_shape_ridge,95_70,31,7601,0.969346138665965
chair,53,density,E_shape_ridge,90_60,50,11905,0.9737085258294834
chair,53,density,E_shape_valley,95_70,31,7601,0.969346138665965
chair,53,density,E_shape_valley,90_60,50,11905,0.9737085258294834
chair,53,expected_depth,E_occ,95_70,70,17897,0.9860311784097894
chair,53,expected_depth,E_occ,90_60,80,29641,0.9917006848621841
chair,53,expected_depth,E_layer,95_70,70,17897,0.9860311784097894
chair,53,expected_depth,E_layer,90_60,80,29641,0.9917006848621841
chair,53,expected_depth,E_shape_ridge,95_70,70,17897,0.9860311784097894
chair,53,expected_depth,E_shape_ridge,90_60,80,29641,0.9917006848621841
chair,53,expected_depth,E_shape_valley,95_70,70,17897,0.9860311784097894
chair,53,expected_depth,E_shape_valley,90_60,80,29641,0.9917006848621841
chair,53,front_depth,E_occ,95_70,57,16177,0.9888730914260988
chair,53,front_depth,E_occ,90_60,39,35645,0.9980081357834198
chair,53,front_depth,E_layer,95_70,57,16177,0.9888730914260988
chair,53,front_depth,E_layer,90_60,39,35645,0.9980081357834198
chair,53,front_depth,E_shape_ridge,95_70,57,16177,0.9888730914260988
chair,53,front_depth,E_shape_ridge,90_60,39,35645,0.9980081357834198
chair,53,front_depth,E_shape_valley,95_70,57,16177,0.9888730914260988
chair,53,front_depth,E_shape_valley,90_60,39,35645,0.9980081357834198
chair,53,full,E_occ,95_70,413,13579,0.7999116282495029
chair,53,full,E_occ,90_60,350,21758,0.8913503079327144
chair,53,full,E_layer,95_70,94,1071,0.4098972922502334
chair,53,full,E_layer,90_60,118,1705,0.5155425219941349
chair,53,full,E_shape_ridge,95_70,253,10746,0.862925739810162
chair,53,full,E_shape_ridge,90_60,368,16495,0.8502576538344953
chair,53,full,E_shape_valley,95_70,84,14129,0.9754405831976786
chair,53,full,E_shape_valley,90_60,151,22387,0.9747174699602448
chair,53,k16,E_occ,95_70,567,7554,0.535477892507281
chair,53,k16,E_occ,90_60,846,12765,0.6074422248335292
chair,53,k16,E_layer,95_70,12,185,0.4702702702702703
chair,53,k16,E_layer,90_60,33,483,0.5652173913043478
chair,53,k16,E_shape_ridge,95_70,196,6916,0.8230190861769809
chair,53,k16,E_shape_ridge,90_60,317,12133,0.8215610318964807
chair,53,k16,E_shape_valley,95_70,159,8622,0.8973556019485038
chair,53,k16,E_shape_valley,90_60,260,14602,0.9199424736337488
chair,53,k4,E_occ,95_70,80,179,0.0
chair,53,k4,E_occ,90_60,155,349,0.0
chair,53,k4,E_layer,95_70,1,13,0.0
chair,53,k4,E_layer,90_60,1,15,0.0
chair,53,k4,E_shape_ridge,95_70,64,436,0.0
chair,53,k4,E_shape_ridge,90_60,132,799,0.0
chair,53,k4,E_shape_valley,95_70,58,178,0.0
chair,53,k4,E_shape_valley,90_60,123,407,0.0
chair,53,k8,E_occ,95_70,341,1536,0.13346354166666666
chair,53,k8,E_occ,90_60,603,2732,0.1478770131771596
chair,53,k8,E_layer,95_70,10,52,0.0
chair,53,k8,E_layer,90_60,16,167,0.38922155688622756
chair,53,k8,E_shape_ridge,95_70,181,2722,0.6495224099926524
chair,53,k8,E_shape_ridge,90_60,272,4069,0.62202015237159
chair,53,k8,E_shape_valley,95_70,216,1713,0.35785172212492705
chair,53,k8,E_shape_valley,90_60,384,3395,0.4385861561119293
chair,53,median_depth,E_occ,95_70,68,21719,0.9898706201942999
chair,53,median_depth,E_occ,90_60,50,33067,0.9979133274866181
chair,53,median_depth,E_layer,95_70,68,21719,0.9898706201942999
chair,53,median_depth,E_layer,90_60,50,33067,0.9979133274866181
chair,53,median_depth,E_shape_ridge,95_70,68,21719,0.9898706201942999
chair,53,median_depth,E_shape_ridge,90_60,50,33067,0.9979133274866181
chair,53,median_depth,E_shape_valley,95_70,68,21719,0.9898706201942999
chair,53,median_depth,E_shape_valley,90_60,50,33067,0.9979133274866181
chair,53,no_ids,E_occ,95_70,533,8208,0.5653021442495126
chair,53,no_ids,E_occ,90_60,478,17160,0.836013986013986
chair,53,no_ids,E_layer,95_70,94,1071,0.4098972922502334
chair,53,no_ids,E_layer,90_60,118,1705,0.5155425219941349
chair,53,no_ids,E_shape_ridge,95_70,372,9914,0.8161186201331451
chair,53,no_ids,E_shape_ridge,90_60,505,16729,0.8293382748520534
chair,53,no_ids,E_shape_valley,95_70,92,14030,0.9788310762651461
chair,53,no_ids,E_shape_valley,90_60,185,22598,0.9687140454907514
chair,53,rgb_canny,E_occ,95_70,362,14945,0.8368685178989629
chair,53,rgb_canny,E_occ,90_60,362,14945,0.8368685178989629
chair,53,rgb_canny,E_layer,95_70,362,14945,0.8368685178989629
chair,53,rgb_canny,E_layer,90_60,362,14945,0.8368685178989629
chair,53,rgb_canny,E_shape_ridge,95_70,362,14945,0.8368685178989629
chair,53,rgb_canny,E_shape_ridge,90_60,362,14945,0.8368685178989629
chair,53,rgb_canny,E_shape_valley,95_70,362,14945,0.8368685178989629
chair,53,rgb_canny,E_shape_valley,90_60,362,14945,0.8368685178989629
chair,53,shuffled_depths,E_occ,95_70,1769,6637,0.010245592888353172
chair,53,shuffled_depths,E_occ,90_60,2497,13803,0.1556907918568427
chair,53,shuffled_depths,E_layer,95_70,63,82,0.0
chair,53,shuffled_depths,E_layer,90_60,118,150,0.0
chair,53,shuffled_depths,E_shape_ridge,95_70,1735,7606,0.08992900341835393
chair,53,shuffled_depths,E_shape_ridge,90_60,2333,13611,0.28058188230108
chair,53,shuffled_depths,E_shape_valley,95_70,1954,5513,0.04063123526210775
chair,53,shuffled_depths,E_shape_valley,90_60,2958,10201,0.08097245368101166
chair,53,shuffled_ids,E_occ,95_70,527,6638,0.4456161494426032
chair,53,shuffled_ids,E_occ,90_60,540,13085,0.707756973633932
chair,53,shuffled_ids,E_layer,95_70,91,726,0.11570247933884298
chair,53,shuffled_ids,E_layer,90_60,122,1392,0.33836206896551724
chair,53,shuffled_ids,E_shape_ridge,95_70,648,2406,0.10972568578553615
chair,53,shuffled_ids,E_shape_ridge,90_60,1109,4486,0.11413285777975925
chair,53,shuffled_ids,E_shape_valley,95_70,536,3474,0.36557282671272306
chair,53,shuffled_ids,E_shape_valley,90_60,951,6023,0.3579611489291051
chair,53,tau90_32,E_occ,95_70,461,12662,0.7547780761333123
chair,53,tau90_32,E_occ,90_60,469,20550,0.851727493917275
chair,53,tau90_32,E_layer,95_70,53,679,0.5228276877761414
chair,53,tau90_32,E_layer,90_60,72,1001,0.5214785214785215
chair,53,tau90_32,E_shape_ridge,95_70,253,10297,0.833155287947946
chair,53,tau90_32,E_shape_ridge,90_60,344,16104,0.8263785394932935
chair,53,tau90_32,E_shape_valley,95_70,94,13730,0.9814275309541151
chair,53,tau90_32,E_shape_valley,90_60,157,21547,0.9653780108599805
chair,53,tau90_64,E_occ,95_70,427,13599,0.800352967129936
chair,53,tau90_64,E_occ,90_60,367,21768,0.8877710400588019
chair,53,tau90_64,E_layer,95_70,88,968,0.42458677685950413
chair,53,tau90_64,E_layer,90_60,105,1644,0.5261557177615572
chair,53,tau90_64,E_shape_ridge,95_70,258,10701,0.8515092047472199
chair,53,tau90_64,E_shape_ridge,90_60,376,16444,0.8448066163950377
chair,53,tau90_64,E_shape_valley,95_70,84,13935,0.9750986724076067
chair,53,tau90_64,E_shape_valley,90_60,153,22362,0.9744208925856364
chair,53,tau95_128,E_occ,95_70,402,13696,0.8087762850467289
chair,53,tau95_128,E_occ,90_60,337,22471,0.8998264429709403
chair,53,tau95_128,E_layer,95_70,94,1116,0.40770609318996415
chair,53,tau95_128,E_layer,90_60,135,1928,0.5663900414937759
chair,53,tau95_128,E_shape_ridge,95_70,256,10568,0.8376230128690386
chair,53,tau95_128,E_shape_ridge,90_60,385,16504,0.8530659234125061
chair,53,tau95_128,E_shape_valley,95_70,76,13437,0.9730594626776811
chair,53,tau95_128,E_shape_valley,90_60,172,22743,0.972079321109792
chair,53,tau95_32,E_occ,95_70,480,12342,0.7375627937125263
chair,53,tau95_32,E_occ,90_60,471,20840,0.8562380038387716
chair,53,tau95_32,E_layer,95_70,59,697,0.406025824964132
chair,53,tau95_32,E_layer,90_60,72,1060,0.4216981132075472
chair,53,tau95_32,E_shape_ridge,95_70,241,10237,0.8101983002832861
chair,53,tau95_32,E_shape_ridge,90_60,358,16049,0.8201757118823603
chair,53,tau95_32,E_shape_valley,95_70,87,13774,0.9750254101931175
chair,53,tau95_32,E_shape_valley,90_60,153,22044,0.963119216113228
chair,53,tau95_64,E_occ,95_70,416,13863,0.8058861718242805
chair,53,tau95_64,E_occ,90_60,366,22635,0.892865032030042
chair,53,tau95_64,E_layer,95_70,88,1088,0.36764705882352944
chair,53,tau95_64,E_layer,90_60,131,1898,0.5326659641728135
chair,53,tau95_64,E_shape_ridge,95_70,252,10454,0.8411134493973599
chair,53,tau95_64,E_shape_ridge,90_60,380,16341,0.8496420047732697
chair,53,tau95_64,E_shape_valley,95_70,81,13248,0.9723731884057971
chair,53,tau95_64,E_shape_valley,90_60,172,22623,0.9760862838703974
chair,53,uniform,E_occ,95_70,463,9971,0.7107612075017551
chair,53,uniform,E_occ,90_60,488,18586,0.8493489723447757
chair,53,uniform,E_layer,95_70,81,852,0.2476525821596244
chair,53,uniform,E_layer,90_60,165,2069,0.4606089898501692
chair,53,uniform,E_shape_ridge,95_70,275,10361,0.8510761509506805
chair,53,uniform,E_shape_ridge,90_60,434,16435,0.823243078795254
chair,53,uniform,E_shape_valley,95_70,89,13676,0.9669494004094764
chair,53,uniform,E_shape_valley,90_60,197,21235,0.9444784553802684
chair,79,density,E_occ,95_70,29,7026,0.9255621975519499
chair,79,density,E_occ,90_60,47,11899,0.930162198504076
chair,79,density,E_layer,95_70,29,7026,0.9255621975519499
chair,79,density,E_layer,90_60,47,11899,0.930162198504076
chair,79,density,E_shape_ridge,95_70,29,7026,0.9255621975519499
chair,79,density,E_shape_ridge,90_60,47,11899,0.930162198504076
chair,79,density,E_shape_valley,95_70,29,7026,0.9255621975519499
chair,79,density,E_shape_valley,90_60,47,11899,0.930162198504076
chair,79,expected_depth,E_occ,95_70,43,17788,0.9898808185293456
chair,79,expected_depth,E_occ,90_60,65,27382,0.9887517347162369
chair,79,expected_depth,E_layer,95_70,43,17788,0.9898808185293456
chair,79,expected_depth,E_layer,90_60,65,27382,0.9887517347162369
chair,79,expected_depth,E_shape_ridge,95_70,43,17788,0.9898808185293456
chair,79,expected_depth,E_shape_ridge,90_60,65,27382,0.9887517347162369
chair,79,expected_depth,E_shape_valley,95_70,43,17788,0.9898808185293456
chair,79,expected_depth,E_shape_valley,90_60,65,27382,0.9887517347162369
chair,79,front_depth,E_occ,95_70,19,25359,0.9952679522063173
chair,79,front_depth,E_occ,90_60,19,32170,0.9986633509480883
chair,79,front_depth,E_layer,95_70,19,25359,0.9952679522063173
chair,79,front_depth,E_layer,90_60,19,32170,0.9986633509480883
chair,79,front_depth,E_shape_ridge,95_70,19,25359,0.9952679522063173
chair,79,front_depth,E_shape_ridge,90_60,19,32170,0.9986633509480883
chair,79,front_depth,E_shape_valley,95_70,19,25359,0.9952679522063173
chair,79,front_depth,E_shape_valley,90_60,19,32170,0.9986633509480883
chair,79,full,E_occ,95_70,487,11487,0.7211630538870027
chair,79,full,E_occ,90_60,381,20681,0.8893670518833712
chair,79,full,E_layer,95_70,90,972,0.4876543209876543
chair,79,full,E_layer,90_60,127,1533,0.4292237442922374
chair,79,full,E_shape_ridge,95_70,355,10189,0.7716164491117872
chair,79,full,E_shape_ridge,90_60,488,16020,0.7799001248439451
chair,79,full,E_shape_valley,95_70,53,14418,0.9811346927451796
chair,79,full,E_shape_valley,90_60,73,18815,0.984321020462397
chair,79,k16,E_occ,95_70,521,6833,0.5141226401287867
chair,79,k16,E_occ,90_60,781,11303,0.5576395647173317
chair,79,k16,E_layer,95_70,7,57,0.0
chair,79,k16,E_layer,90_60,16,119,0.0
chair,79,k16,E_shape_ridge,95_70,280,8050,0.6954037267080745
chair,79,k16,E_shape_ridge,90_60,362,12620,0.7583993660855785
chair,79,k16,E_shape_valley,95_70,115,9935,0.963059889280322
chair,79,k16,E_shape_valley,90_60,170,13198,0.9519624185482649
chair,79,k4,E_occ,95_70,81,234,0.0
chair,79,k4,E_occ,90_60,161,428,0.0
chair,79,k4,E_layer,95_70,1,1,0.0
chair,79,k4,E_layer,90_60,1,1,0.0
chair,79,k4,E_shape_ridge,95_70,95,509,0.0
chair,79,k4,E_shape_ridge,90_60,209,1165,0.0
chair,79,k4,E_shape_valley,95_70,70,415,0.10361445783132531
chair,79,k4,E_shape_valley,90_60,143,677,0.06646971935007386
chair,79,k8,E_occ,95_70,288,1422,0.11322081575246132
chair,79,k8,E_occ,90_60,559,2665,0.1324577861163227
chair,79,k8,E_layer,95_70,2,13,0.0
chair,79,k8,E_layer,90_60,2,18,0.0
chair,79,k8,E_shape_ridge,95_70,203,2594,0.49036237471087124
chair,79,k8,E_shape_ridge,90_60,332,4329,0.4389004389004389
chair,79,k8,E_shape_valley,95_70,224,2845,0.6393673110720562
chair,79,k8,E_shape_valley,90_60,388,4108,0.5791139240506329
chair,79,median_depth,E_occ,95_70,51,22323,0.9899207095820455
chair,79,median_depth,E_occ,90_60,41,30796,0.9970125990388362
chair,79,median_depth,E_layer,95_70,51,22323,0.9899207095820455
chair,79,median_depth,E_layer,90_60,41,30796,0.9970125990388362
chair,79,median_depth,E_shape_ridge,95_70,51,22323,0.9899207095820455
chair,79,median_depth,E_shape_ridge,90_60,41,30796,0.9970125990388362
chair,79,median_depth,E_shape_valley,95_70,51,22323,0.9899207095820455
chair,79,median_depth,E_shape_valley,90_60,41,30796,0.9970125990388362
chair,79,no_ids,E_occ,95_70,352,6284,0.5802036919159771
chair,79,no_ids,E_occ,90_60,559,14946,0.7756590392078148
chair,79,no_ids,E_layer,95_70,90,972,0.4876543209876543
chair,79,no_ids,E_layer,90_60,128,1550,0.4541935483870968
chair,79,no_ids,E_shape_ridge,95_70,483,8988,0.6880284824210058
chair,79,no_ids,E_shape_ridge,90_60,544,15367,0.7863603826381207
chair,79,no_ids,E_shape_valley,95_70,46,14736,0.9930103148751357
chair,79,no_ids,E_shape_valley,90_60,70,19633,0.9798808129170274
chair,79,rgb_canny,E_occ,95_70,355,14329,0.82266731802638
chair,79,rgb_canny,E_occ,90_60,355,14329,0.82266731802638
chair,79,rgb_canny,E_layer,95_70,355,14329,0.82266731802638
chair,79,rgb_canny,E_layer,90_60,355,14329,0.82266731802638
chair,79,rgb_canny,E_shape_ridge,95_70,355,14329,0.82266731802638
chair,79,rgb_canny,E_shape_ridge,90_60,355,14329,0.82266731802638
chair,79,rgb_canny,E_shape_valley,95_70,355,14329,0.82266731802638
chair,79,rgb_canny,E_shape_valley,90_60,355,14329,0.82266731802638
chair,79,shuffled_depths,E_occ,95_70,1677,6194,0.0169518889247659
chair,79,shuffled_depths,E_occ,90_60,2405,11836,0.0971612031091585
chair,79,shuffled_depths,E_layer,95_70,49,60,0.0
chair,79,shuffled_depths,E_layer,90_60,98,116,0.0
chair,79,shuffled_depths,E_shape_ridge,95_70,1889,8057,0.1270944520292913
chair,79,shuffled_depths,E_shape_ridge,90_60,2492,14669,0.28263685322789556
chair,79,shuffled_depths,E_shape_valley,95_70,1955,5555,0.0077407740774077406
chair,79,shuffled_depths,E_shape_valley,90_60,2887,10360,0.05386100386100386
chair,79,shuffled_ids,E_occ,95_70,357,5384,0.5143016344725111
chair,79,shuffled_ids,E_occ,90_60,604,11936,0.6446883378016086
chair,79,shuffled_ids,E_layer,95_70,85,738,0.3021680216802168
chair,79,shuffled_ids,E_layer,90_60,121,1299,0.4064665127020785
chair,79,shuffled_ids,E_shape_ridge,95_70,779,2855,0.047635726795096325
chair,79,shuffled_ids,E_shape_ridge,90_60,1222,5088,0.14504716981132076
chair,79,shuffled_ids,E_shape_valley,95_70,429,4135,0.5724304715840387
chair,79,shuffled_ids,E_shape_valley,90_60,770,6563,0.546701203717812
chair,79,tau90_32,E_occ,95_70,536,11460,0.6468586387434555
chair,79,tau90_32,E_occ,90_60,481,19403,0.8233778281709014
chair,79,tau90_32,E_layer,95_70,44,575,0.40869565217391307
chair,79,tau90_32,E_layer,90_60,66,899,0.48053392658509453
chair,79,tau90_32,E_shape_ridge,95_70,336,10620,0.7772128060263653
chair,79,tau90_32,E_shape_ridge,90_60,416,15530,0.7795235028976175
chair,79,tau90_32,E_shape_valley,95_70,66,13951,0.9761307433158913
chair,79,tau90_32,E_shape_valley,90_60,83,17531,0.9839142091152815
chair,79,tau90_64,E_occ,95_70,494,11600,0.7213793103448276
chair,79,tau90_64,E_occ,90_60,391,20687,0.8842268091071688
chair,79,tau90_64,E_layer,95_70,85,931,0.4833512352309345
chair,79,tau90_64,E_layer,90_60,118,1515,0.48514851485148514
chair,79,tau90_64,E_shape_ridge,95_70,352,10182,0.7590846592025142
chair,79,tau90_64,E_shape_ridge,90_60,492,16103,0.7751350679997516
chair,79,tau90_64,E_shape_valley,95_70,53,14355,0.9801462904911181
chair,79,tau90_64,E_shape_valley,90_60,71,18759,0.9845940615171385
chair,79,tau95_128,E_occ,95_70,465,11701,0.7342962139988035
chair,79,tau95_128,E_occ,90_60,401,21096,0.881067500948047
chair,79,tau95_128,E_layer,95_70,111,1364,0.5850439882697948
chair,79,tau95_128,E_layer,90_60,142,1851,0.548892490545651
chair,79,tau95_128,E_shape_ridge,95_70,370,10087,0.7311390899177159
chair,79,tau95_128,E_shape_ridge,90_60,481,16337,0.7971475791148925
chair,79,tau95_128,E_shape_valley,95_70,48,14330,0.9827634333565946
chair,79,tau95_128,E_shape_valley,90_60,79,18272,0.9830888791593695
chair,79,tau95_32,E_occ,95_70,552,11476,0.661990240501917
chair,79,tau95_32,E_occ,90_60,519,19687,0.8292782038908925
chair,79,tau95_32,E_layer,95_70,48,617,0.3841166936790924
chair,79,tau95_32,E_layer,90_60,69,935,0.4823529411764706
chair,79,tau95_32,E_shape_ridge,95_70,343,10529,0.7455598822300313
chair,79,tau95_32,E_shape_ridge,90_60,400,15754,0.7907198171892853
chair,79,tau95_32,E_shape_valley,95_70,64,14030,0.9750534568781183
chair,79,tau95_32,E_shape_valley,90_60,82,18031,0.9811990460872941
chair,79,tau95_64,E_occ,95_70,486,11704,0.726161995898838
chair,79,tau95_64,E_occ,90_60,408,21252,0.8808112177677395
chair,79,tau95_64,E_layer,95_70,108,1256,0.5079617834394905
chair,79,tau95_64,E_layer,90_60,133,1881,0.5491759702286018
chair,79,tau95_64,E_shape_ridge,95_70,379,10207,0.7268541197217596
chair,79,tau95_64,E_shape_ridge,90_60,492,16420,0.7791717417783192
chair,79,tau95_64,E_shape_valley,95_70,48,14269,0.9834606489592823
chair,79,tau95_64,E_shape_valley,90_60,74,18093,0.9831979218482286
chair,79,uniform,E_occ,95_70,456,8861,0.7046608734905767
chair,79,uniform,E_occ,90_60,519,16109,0.8130858526289652
chair,79,uniform,E_layer,95_70,113,1237,0.4349232012934519
chair,79,uniform,E_layer,90_60,171,2274,0.4700967458223395
chair,79,uniform,E_shape_ridge,95_70,449,11386,0.7334445810644651
chair,79,uniform,E_shape_ridge,90_60,603,17189,0.7881784862412008
chair,79,uniform,E_shape_valley,95_70,70,14049,0.9681827888105915
chair,79,uniform,E_shape_valley,90_60,94,18284,0.9753883176547802
drums,1,density,E_occ,95_70,51,10511,0.9157073542003615
drums,1,density,E_occ,90_60,69,15116,0.9285525271235777
drums,1,density,E_layer,95_70,51,10511,0.9157073542003615
drums,1,density,E_layer,90_60,69,15116,0.9285525271235777
drums,1,density,E_shape_ridge,95_70,51,10511,0.9157073542003615
drums,1,density,E_shape_ridge,90_60,69,15116,0.9285525271235777
drums,1,density,E_shape_valley,95_70,51,10511,0.9157073542003615
drums,1,density,E_shape_valley,90_60,69,15116,0.9285525271235777
drums,1,expected_depth,E_occ,95_70,79,31713,0.9906978210828367
drums,1,expected_depth,E_occ,90_60,37,53130,0.9981366459627329
drums,1,expected_depth,E_layer,95_70,79,31713,0.9906978210828367
drums,1,expected_depth,E_layer,90_60,37,53130,0.9981366459627329
drums,1,expected_depth,E_shape_ridge,95_70,79,31713,0.9906978210828367
drums,1,expected_depth,E_shape_ridge,90_60,37,53130,0.9981366459627329
drums,1,expected_depth,E_shape_valley,95_70,79,31713,0.9906978210828367
drums,1,expected_depth,E_shape_valley,90_60,37,53130,0.9981366459627329
drums,1,front_depth,E_occ,95_70,61,36327,0.9915214578688029
drums,1,front_depth,E_occ,90_60,33,52755,0.9972893564591034
drums,1,front_depth,E_layer,95_70,61,36327,0.9915214578688029
drums,1,front_depth,E_layer,90_60,33,52755,0.9972893564591034
drums,1,front_depth,E_shape_ridge,95_70,61,36327,0.9915214578688029
drums,1,front_depth,E_shape_ridge,90_60,33,52755,0.9972893564591034
drums,1,front_depth,E_shape_valley,95_70,61,36327,0.9915214578688029
drums,1,front_depth,E_shape_valley,90_60,33,52755,0.9972893564591034
drums,1,full,E_occ,95_70,281,10816,0.8324704142011834
drums,1,full,E_occ,90_60,309,15827,0.8968218866493965
drums,1,full,E_layer,95_70,26,119,0.0
drums,1,full,E_layer,90_60,47,442,0.5656108597285068
drums,1,full,E_shape_ridge,95_70,438,15654,0.72332950044717
drums,1,full,E_shape_ridge,90_60,533,23801,0.7914793496071594
drums,1,full,E_shape_valley,95_70,83,20596,0.9610118469605748
drums,1,full,E_shape_valley,90_60,113,29310,0.968474923234391
drums,1,k16,E_occ,95_70,400,5249,0.5401028767384264
drums,1,k16,E_occ,90_60,635,8767,0.5794456484544314
drums,1,k16,E_layer,95_70,8,46,0.0
drums,1,k16,E_layer,90_60,14,86,0.0
drums,1,k16,E_shape_ridge,95_70,414,10863,0.6603148301574151
drums,1,k16,E_shape_ridge,90_60,535,17325,0.7188455988455988
drums,1,k16,E_shape_valley,95_70,234,8634,0.8472318739865647
drums,1,k16,E_shape_valley,90_60,462,15121,0.8359235500297599
drums,1,k4,E_occ,95_70,38,141,0.0
drums,1,k4,E_occ,90_60,79,242,0.16115702479338842
drums,1,k4,E_layer,95_70,1,1,0.0
drums,1,k4,E_layer,90_60,1,1,0.0
drums,1,k4,E_shape_ridge,95_70,55,343,0.0
drums,1,k4,E_shape_ridge,90_60,81,511,0.0
drums,1,k4,E_shape_valley,95_70,70,199,0.0
drums,1,k4,E_shape_valley,90_60,118,383,0.0
drums,1,k8,E_occ,95_70,228,989,0.1506572295247725
drums,1,k8,E_occ,90_60,403,1891,0.195134849286092
drums,1,k8,E_layer,95_70,3,4,0.0
drums,1,k8,E_layer,90_60,6,9,0.0
drums,1,k8,E_shape_ridge,95_70,211,2445,0.3169734151329243
drums,1,k8,E_shape_ridge,90_60,321,4363,0.3279853311941325
drums,1,k8,E_shape_valley,95_70,127,1501,0.4596935376415723
drums,1,k8,E_shape_valley,90_60,233,2367,0.4148711449091677
drums,1,median_depth,E_occ,95_70,62,29952,0.9888488247863247
drums,1,median_depth,E_occ,90_60,59,49519,0.9955774551182375
drums,1,median_depth,E_layer,95_70,62,29952,0.9888488247863247
drums,1,median_depth,E_layer,90_60,59,49519,0.9955774551182375
drums,1,median_depth,E_shape_ridge,95_70,62,29952,0.9888488247863247
drums,1,median_depth,E_shape_ridge,90_60,59,49519,0.9955774551182375
drums,1,median_depth,E_shape_valley,95_70,62,29952,0.9888488247863247
drums,1,median_depth,E_shape_valley,90_60,59,49519,0.9955774551182375
drums,1,no_ids,E_occ,95_70,405,7263,0.5371058791133141
drums,1,no_ids,E_occ,90_60,607,13070,0.7026778882938026
drums,1,no_ids,E_layer,95_70,26,119,0.0
drums,1,no_ids,E_layer,90_60,47,442,0.5656108597285068
drums,1,no_ids,E_shape_ridge,95_70,495,15368,0.6507027589796981
drums,1,no_ids,E_shape_ridge,90_60,585,24123,0.7693073000870538
drums,1,no_ids,E_shape_valley,95_70,75,22595,0.9817216198273955
drums,1,no_ids,E_shape_valley,90_60,97,30881,0.9792105177941128
drums,1,rgb_canny,E_occ,95_70,1024,11519,0.6163729490407154
drums,1,rgb_canny,E_occ,90_60,1024,11519,0.6163729490407154
drums,1,rgb_canny,E_layer,95_70,1024,11519,0.6163729490407154
drums,1,rgb_canny,E_layer,90_60,1024,11519,0.6163729490407154
drums,1,rgb_canny,E_shape_ridge,95_70,1024,11519,0.6163729490407154
drums,1,rgb_canny,E_shape_ridge,90_60,1024,11519,0.6163729490407154
drums,1,rgb_canny,E_shape_valley,95_70,1024,11519,0.6163729490407154
drums,1,rgb_canny,E_shape_valley,90_60,1024,11519,0.6163729490407154
drums,1,shuffled_depths,E_occ,95_70,1706,11014,0.2507717450517523
drums,1,shuffled_depths,E_occ,90_60,2186,20573,0.483206143975113
drums,1,shuffled_depths,E_layer,95_70,494,659,0.0
drums,1,shuffled_depths,E_layer,90_60,932,1286,0.0
drums,1,shuffled_depths,E_shape_ridge,95_70,3386,13528,0.05366646954464814
drums,1,shuffled_depths,E_shape_ridge,90_60,4303,24741,0.2495048704579443
drums,1,shuffled_depths,E_shape_valley,95_70,3971,13243,0.03360265800800423
drums,1,shuffled_depths,E_shape_valley,90_60,5270,24352,0.13916721419185282
drums,1,shuffled_ids,E_occ,95_70,397,5490,0.2821493624772313
drums,1,shuffled_ids,E_occ,90_60,619,9919,0.45891722955943137
drums,1,shuffled_ids,E_layer,95_70,26,118,0.0
drums,1,shuffled_ids,E_layer,90_60,46,324,0.42901234567901236
drums,1,shuffled_ids,E_shape_ridge,95_70,842,2907,0.09425524595803234
drums,1,shuffled_ids,E_shape_ridge,90_60,1384,5294,0.13468077068379297
drums,1,shuffled_ids,E_shape_valley,95_70,597,5395,0.5091751621872104
drums,1,shuffled_ids,E_shape_valley,90_60,904,8562,0.546367671104882
drums,1,tau90_32,E_occ,95_70,304,9033,0.8007306542676852
drums,1,tau90_32,E_occ,90_60,368,14378,0.8597857838364168
drums,1,tau90_32,E_layer,95_70,32,184,0.28804347826086957
drums,1,tau90_32,E_layer,90_60,39,468,0.49786324786324787
drums,1,tau90_32,E_shape_ridge,95_70,436,15022,0.7548928238583411
drums,1,tau90_32,E_shape_ridge,90_60,561,23615,0.7913190768579292
drums,1,tau90_32,E_shape_valley,95_70,115,19870,0.9673880221439356
drums,1,tau90_32,E_shape_valley,90_60,145,26679,0.9690018366505492
drums,1,tau90_64,E_occ,95_70,257,10515,0.8582976699952449
drums,1,tau90_64,E_occ,90_60,327,15581,0.8711250882485078
drums,1,tau90_64,E_layer,95_70,23,322,0.717391304347826
drums,1,tau90_64,E_layer,90_60,29,388,0.7061855670103093
drums,1,tau90_64,E_shape_ridge,95_70,441,15648,0.714340490797546
drums,1,tau90_64,E_shape_ridge,90_60,538,23717,0.7890542648732977
drums,1,tau90_64,E_shape_valley,95_70,75,21165,0.9620127569099929
drums,1,tau90_64,E_shape_valley,90_60,124,28388,0.971114555445963
drums,1,tau95_128,E_occ,95_70,266,10792,0.8459970348406227
drums,1,tau95_128,E_occ,90_60,278,15949,0.9073923129976801
drums,1,tau95_128,E_layer,95_70,20,142,0.0
drums,1,tau95_128,E_layer,90_60,56,245,0.0
drums,1,tau95_128,E_shape_ridge,95_70,459,16204,0.7148852135275241
drums,1,tau95_128,E_shape_ridge,90_60,565,24067,0.7743798562346782
drums,1,tau95_128,E_shape_valley,95_70,75,21533,0.9806343751451261
drums,1,tau95_128,E_shape_valley,90_60,111,29697,0.9733643128935583
drums,1,tau95_32,E_occ,95_70,300,8993,0.795618814633604
drums,1,tau95_32,E_occ,90_60,361,14586,0.8591114767585356
drums,1,tau95_32,E_layer,95_70,34,174,0.0
drums,1,tau95_32,E_layer,90_60,39,459,0.49673202614379086
drums,1,tau95_32,E_shape_ridge,95_70,418,15373,0.7303714304299747
drums,1,tau95_32,E_shape_ridge,90_60,547,23618,0.7860106698280972
drums,1,tau95_32,E_shape_valley,95_70,109,20034,0.9748926824398523
drums,1,tau95_32,E_shape_valley,90_60,149,26592,0.9678098676293622
drums,1,tau95_64,E_occ,95_70,245,10332,0.854239256678281
drums,1,tau95_64,E_occ,90_60,302,15676,0.8892574636386833
drums,1,tau95_64,E_layer,95_70,25,113,0.0
drums,1,tau95_64,E_layer,90_60,37,406,0.6527093596059114
drums,1,tau95_64,E_shape_ridge,95_70,453,15731,0.7082830080732312
drums,1,tau95_64,E_shape_ridge,90_60,557,23924,0.7863233572981106
drums,1,tau95_64,E_shape_valley,95_70,81,21615,0.9771917649780245
drums,1,tau95_64,E_shape_valley,90_60,111,29011,0.9717348591913412
drums,1,uniform,E_occ,95_70,306,10088,0.8076923076923077
drums,1,uniform,E_occ,90_60,377,14865,0.8517995290951901
drums,1,uniform,E_layer,95_70,29,252,0.0
drums,1,uniform,E_layer,90_60,48,385,0.0
drums,1,uniform,E_shape_ridge,95_70,543,16991,0.7409805190983462
drums,1,uniform,E_shape_ridge,90_60,672,25440,0.7976808176100629
drums,1,uniform,E_shape_valley,95_70,100,20449,0.983226563646144
drums,1,uniform,E_shape_valley,90_60,144,28938,0.9727002557191237
drums,27,density,E_occ,95_70,49,10912,0.9403409090909091
drums,27,density,E_occ,90_60,72,16876,0.9490993126333255
drums,27,density,E_layer,95_70,49,10912,0.9403409090909091
drums,27,density,E_layer,90_60,72,16876,0.9490993126333255
drums,27,density,E_shape_ridge,95_70,49,10912,0.9403409090909091
drums,27,density,E_shape_ridge,90_60,72,16876,0.9490993126333255
drums,27,density,E_shape_valley,95_70,49,10912,0.9403409090909091
drums,27,density,E_shape_valley,90_60,72,16876,0.9490993126333255
drums,27,expected_depth,E_occ,95_70,66,31600,0.984746835443038
drums,27,expected_depth,E_occ,90_60,52,50541,0.9955679547298233
drums,27,expected_depth,E_layer,95_70,66,31600,0.984746835443038
drums,27,expected_depth,E_layer,90_60,52,50541,0.9955679547298233
drums,27,expected_depth,E_shape_ridge,95_70,66,31600,0.984746835443038
drums,27,expected_depth,E_shape_ridge,90_60,52,50541,0.9955679547298233
drums,27,expected_depth,E_shape_valley,95_70,66,31600,0.984746835443038
drums,27,expected_depth,E_shape_valley,90_60,52,50541,0.9955679547298233
drums,27,front_depth,E_occ,95_70,71,32728,0.99120019555121
drums,27,front_depth,E_occ,90_60,37,50665,0.9983617882167176
drums,27,front_depth,E_layer,95_70,71,32728,0.99120019555121
drums,27,front_depth,E_layer,90_60,37,50665,0.9983617882167176
drums,27,front_depth,E_shape_ridge,95_70,71,32728,0.99120019555121
drums,27,front_depth,E_shape_ridge,90_60,37,50665,0.9983617882167176
drums,27,front_depth,E_shape_valley,95_70,71,32728,0.99120019555121
drums,27,front_depth,E_shape_valley,90_60,37,50665,0.9983617882167176
drums,27,full,E_occ,95_70,301,11084,0.8021472392638037
drums,27,full,E_occ,90_60,358,16803,0.8512765577575433
drums,27,full,E_layer,95_70,19,84,0.0
drums,27,full,E_layer,90_60,34,154,0.0
drums,27,full,E_shape_ridge,95_70,459,14214,0.7431405656395104
drums,27,full,E_shape_ridge,90_60,593,23324,0.7931744126221917
drums,27,full,E_shape_valley,95_70,59,17238,0.9642069845689755
drums,27,full,E_shape_valley,90_60,109,25810,0.9645486245641224
drums,27,k16,E_occ,95_70,430,5432,0.5143593519882179
drums,27,k16,E_occ,90_60,731,9285,0.5715670436187399
drums,27,k16,E_layer,95_70,7,48,0.0
drums,27,k16,E_layer,90_60,8,58,0.5
drums,27,k16,E_shape_ridge,95_70,379,10728,0.6596756152125279
drums,27,k16,E_shape_ridge,90_60,524,15739,0.7050003176821907
drums,27,k16,E_shape_valley,95_70,219,8286,0.8072652667149408
drums,27,k16,E_shape_valley,90_60,429,15312,0.8253657262277951
drums,27,k4,E_occ,95_70,68,158,0.0
drums,27,k4,E_occ,90_60,115,279,0.0
drums,27,k4,E_layer,95_70,0,0,0.0
drums,27,k4,E_layer,90_60,0,0,0.0
drums,27,k4,E_shape_ridge,95_70,59,374,0.1657754010695187
drums,27,k4,E_shape_ridge,90_60,94,637,0.11459968602825746
drums,27,k4,E_shape_valley,95_70,43,215,0.0
drums,27,k4,E_shape_valley,90_60,86,374,0.0
drums,27,k8,E_occ,95_70,274,1101,0.0
drums,27,k8,E_occ,90_60,482,2101,0.08043788672060924
drums,27,k8,E_layer,95_70,1,1,0.0
drums,27,k8,E_layer,90_60,1,1,0.0
drums,27,k8,E_shape_ridge,95_70,229,2437,0.2199425523184243
drums,27,k8,E_shape_ridge,90_60,385,4726,0.3133728311468472
drums,27,k8,E_shape_valley,95_70,150,1531,0.4160679294578707
drums,27,k8,E_shape_valley,90_60,307,3205,0.3644305772230889
drums,27,median_depth,E_occ,95_70,49,32244,0.990013645949634
drums,27,median_depth,E_occ,90_60,48,46393,0.9976073976677516
drums,27,median_depth,E_layer,95_70,49,32244,0.990013645949634
drums,27,median_depth,E_layer,90_60,48,46393,0.9976073976677516
drums,27,median_depth,E_shape_ridge,95_70,49,32244,0.990013645949634
drums,27,median_depth,E_shape_ridge,90_60,48,46393,0.9976073976677516
drums,27,median_depth,E_shape_valley,95_70,49,32244,0.990013645949634
drums,27,median_depth,E_shape_valley,90_60,48,46393,0.9976073976677516
drums,27,no_ids,E_occ,95_70,450,8376,0.5744985673352435
drums,27,no_ids,E_occ,90_60,638,14156,0.6761090703588585
drums,27,no_ids,E_layer,95_70,19,84,0.0
drums,27,no_ids,E_layer,90_60,34,154,0.0
drums,27,no_ids,E_shape_ridge,95_70,467,13360,0.698502994011976
drums,27,no_ids,E_shape_ridge,90_60,608,22794,0.7751162586645608
drums,27,no_ids,E_shape_valley,95_70,63,17952,0.9737633689839572
drums,27,no_ids,E_shape_valley,90_60,109,28521,0.9752813716209109
drums,27,rgb_canny,E_occ,95_70,1047,12339,0.6518356430829079
drums,27,rgb_canny,E_occ,90_60,1047,12339,0.6518356430829079
drums,27,rgb_canny,E_layer,95_70,1047,12339,0.6518356430829079
drums,27,rgb_canny,E_layer,90_60,1047,12339,0.6518356430829079
drums,27,rgb_canny,E_shape_ridge,95_70,1047,12339,0.6518356430829079
drums,27,rgb_canny,E_shape_ridge,90_60,1047,12339,0.6518356430829079
drums,27,rgb_canny,E_shape_valley,95_70,1047,12339,0.6518356430829079
drums,27,rgb_canny,E_shape_valley,90_60,1047,12339,0.6518356430829079
drums,27,shuffled_depths,E_occ,95_70,1942,9631,0.14546776035717993
drums,27,shuffled_depths,E_occ,90_60,2605,18538,0.3424857050382997
drums,27,shuffled_depths,E_layer,95_70,428,593,0.0
drums,27,shuffled_depths,E_layer,90_60,825,1155,0.0
drums,27,shuffled_depths,E_shape_ridge,95_70,3196,12118,0.053391648786928536
drums,27,shuffled_depths,E_shape_ridge,90_60,4144,22871,0.23536356084124
drums,27,shuffled_depths,E_shape_valley,95_70,3520,13264,0.03166465621230398
drums,27,shuffled_depths,E_shape_valley,90_60,4769,23955,0.17098726779378
drums,27,shuffled_ids,E_occ,95_70,458,6059,0.31110744347252023
drums,27,shuffled_ids,E_occ,90_60,687,10885,0.4840606338998622
drums,27,shuffled_ids,E_layer,95_70,19,76,0.0
drums,27,shuffled_ids,E_layer,90_60,33,140,0.0
drums,27,shuffled_ids,E_shape_ridge,95_70,726,2531,0.017779533781114184
drums,27,shuffled_ids,E_shape_ridge,90_60,1238,4518,0.09628154050464807
drums,27,shuffled_ids,E_shape_valley,95_70,404,4525,0.6464088397790055
drums,27,shuffled_ids,E_shape_valley,90_60,685,7176,0.5979654403567447
drums,27,tau90_32,E_occ,95_70,340,9721,0.759489764427528
drums,27,tau90_32,E_occ,90_60,478,15086,0.8012064165451412
drums,27,tau90_32,E_layer,95_70,11,92,0.0
drums,27,tau90_32,E_layer,90_60,19,158,0.6265822784810127
drums,27,tau90_32,E_shape_ridge,95_70,432,14083,0.7512603848611802
drums,27,tau90_32,E_shape_ridge,90_60,556,22273,0.7915862254747901
drums,27,tau90_32,E_shape_valley,95_70,87,16040,0.9664588528678304
drums,27,tau90_32,E_shape_valley,90_60,177,23884,0.9694774744598895
drums,27,tau90_64,E_occ,95_70,308,11021,0.7938481081571546
drums,27,tau90_64,E_occ,90_60,378,16642,0.8426871770219926
drums,27,tau90_64,E_layer,95_70,14,71,0.0
drums,27,tau90_64,E_layer,90_60,17,208,0.5673076923076923
drums,27,tau90_64,E_shape_ridge,95_70,450,14180,0.7535966149506347
drums,27,tau90_64,E_shape_ridge,90_60,593,23124,0.7784120394395433
drums,27,tau90_64,E_shape_valley,95_70,63,17235,0.9664055700609225
drums,27,tau90_64,E_shape_valley,90_60,119,25609,0.9663009098363856
drums,27,tau95_128,E_occ,95_70,279,11330,0.8105913503971757
drums,27,tau95_128,E_occ,90_60,348,17119,0.8720719668204918
drums,27,tau95_128,E_layer,95_70,22,102,0.0
drums,27,tau95_128,E_layer,90_60,32,163,0.0
drums,27,tau95_128,E_shape_ridge,95_70,461,13635,0.7044371103777044
drums,27,tau95_128,E_shape_ridge,90_60,569,23247,0.7869402503548845
drums,27,tau95_128,E_shape_valley,95_70,52,17525,0.9613124108416548
drums,27,tau95_128,E_shape_valley,90_60,110,26322,0.9642884279310083
drums,27,tau95_32,E_occ,95_70,331,9774,0.7763454061796603
drums,27,tau95_32,E_occ,90_60,463,15131,0.8263829224770339
drums,27,tau95_32,E_layer,95_70,13,98,0.0
drums,27,tau95_32,E_layer,90_60,22,211,0.6872037914691943
drums,27,tau95_32,E_shape_ridge,95_70,429,14109,0.7557587355588631
drums,27,tau95_32,E_shape_ridge,90_60,558,22240,0.8035971223021583
drums,27,tau95_32,E_shape_valley,95_70,87,15887,0.9636180524957513
drums,27,tau95_32,E_shape_valley,90_60,183,23872,0.9683729892761395
drums,27,tau95_64,E_occ,95_70,262,10908,0.8172900623395672
drums,27,tau95_64,E_occ,90_60,375,16834,0.8572531780919568
drums,27,tau95_64,E_layer,95_70,16,84,0.0
drums,27,tau95_64,E_layer,90_60,21,220,0.5363636363636364
drums,27,tau95_64,E_shape_ridge,95_70,460,13728,0.7125582750582751
drums,27,tau95_64,E_shape_ridge,90_60,574,23073,0.776101937329346
drums,27,tau95_64,E_shape_valley,95_70,59,17444,0.9704196285255675
drums,27,tau95_64,E_shape_valley,90_60,120,26135,0.960512722402908
drums,27,uniform,E_occ,95_70,336,10246,0.7826468865898888
drums,27,uniform,E_occ,90_60,453,16074,0.8400522583053378
drums,27,uniform,E_layer,95_70,29,194,0.0
drums,27,uniform,E_layer,90_60,46,405,0.11358024691358025
drums,27,uniform,E_shape_ridge,95_70,585,15280,0.7145942408376963
drums,27,uniform,E_shape_ridge,90_60,708,23630,0.7726195514176893
drums,27,uniform,E_shape_valley,95_70,60,17417,0.9702015272434977
drums,27,uniform,E_shape_valley,90_60,140,25958,0.9682949379767316
drums,53,density,E_occ,95_70,51,8846,0.8806240108523626
drums,53,density,E_occ,90_60,80,14489,0.9264269445786458
drums,53,density,E_layer,95_70,51,8846,0.8806240108523626
drums,53,density,E_layer,90_60,80,14489,0.9264269445786458
drums,53,density,E_shape_ridge,95_70,51,8846,0.8806240108523626
drums,53,density,E_shape_ridge,90_60,80,14489,0.9264269445786458
drums,53,density,E_shape_valley,95_70,51,8846,0.8806240108523626
drums,53,density,E_shape_valley,90_60,80,14489,0.9264269445786458
drums,53,expected_depth,E_occ,95_70,133,20077,0.936594112666235
drums,53,expected_depth,E_occ,90_60,106,34996,0.9814550234312492
drums,53,expected_depth,E_layer,95_70,133,20077,0.936594112666235
drums,53,expected_depth,E_layer,90_60,106,34996,0.9814550234312492
drums,53,expected_depth,E_shape_ridge,95_70,133,20077,0.936594112666235
drums,53,expected_depth,E_shape_ridge,90_60,106,34996,0.9814550234312492
drums,53,expected_depth,E_shape_valley,95_70,133,20077,0.936594112666235
drums,53,expected_depth,E_shape_valley,90_60,106,34996,0.9814550234312492
drums,53,front_depth,E_occ,95_70,123,22935,0.9672988881621976
drums,53,front_depth,E_occ,90_60,97,35049,0.9859054466603897
drums,53,front_depth,E_layer,95_70,123,22935,0.9672988881621976
drums,53,front_depth,E_layer,90_60,97,35049,0.9859054466603897
drums,53,front_depth,E_shape_ridge,95_70,123,22935,0.9672988881621976
drums,53,front_depth,E_shape_ridge,90_60,97,35049,0.9859054466603897
drums,53,front_depth,E_shape_valley,95_70,123,22935,0.9672988881621976
drums,53,front_depth,E_shape_valley,90_60,97,35049,0.9859054466603897
drums,53,full,E_occ,95_70,357,9090,0.6749174917491749
drums,53,full,E_occ,90_60,407,16458,0.821788795722445
drums,53,full,E_layer,95_70,40,240,0.0
drums,53,full,E_layer,90_60,73,437,0.0
drums,53,full,E_shape_ridge,95_70,435,9939,0.6294395814468257
drums,53,full,E_shape_ridge,90_60,624,16935,0.6786536758193091
drums,53,full,E_shape_valley,95_70,64,18176,0.9815140845070423
drums,53,full,E_shape_valley,90_60,101,24342,0.9776107139922767
drums,53,k16,E_occ,95_70,422,5002,0.3782487005197921
drums,53,k16,E_occ,90_60,648,8741,0.5415856309346757
drums,53,k16,E_layer,95_70,21,81,0.0
drums,53,k16,E_layer,90_60,30,151,0.0
drums,53,k16,E_shape_ridge,95_70,311,7121,0.6496278612554417
drums,53,k16,E_shape_ridge,90_60,458,12114,0.677893346541192
drums,53,k16,E_shape_valley,95_70,106,10168,0.9374508261211645
drums,53,k16,E_shape_valley,90_60,185,13766,0.9046927211971524
drums,53,k4,E_occ,95_70,72,258,0.17054263565891473
drums,53,k4,E_occ,90_60,134,451,0.12195121951219512
drums,53,k4,E_layer,95_70,1,2,0.0
drums,53,k4,E_layer,90_60,1,2,0.0
drums,53,k4,E_shape_ridge,95_70,79,609,0.08702791461412152
drums,53,k4,E_shape_ridge,90_60,130,1231,0.21039805036555645
drums,53,k4,E_shape_valley,95_70,117,618,0.0
drums,53,k4,E_shape_valley,90_60,204,1113,0.15992812219227315
drums,53,k8,E_occ,95_70,244,1293,0.09667440061871617
drums,53,k8,E_occ,90_60,422,2341,0.1845365228534814
drums,53,k8,E_layer,95_70,4,23,0.0
drums,53,k8,E_layer,90_60,6,27,0.0
drums,53,k8,E_shape_ridge,95_70,189,2690,0.3736059479553903
drums,53,k8,E_shape_ridge,90_60,313,4427,0.33634515473232435
drums,53,k8,E_shape_valley,95_70,180,3017,0.6668876367252238
drums,53,k8,E_shape_valley,90_60,281,4474,0.6282968261063925
drums,53,median_depth,E_occ,95_70,119,21807,0.9480442059889026
drums,53,median_depth,E_occ,90_60,111,33094,0.9769746781893999
drums,53,median_depth,E_layer,95_70,119,21807,0.9480442059889026
drums,53,median_depth,E_layer,90_60,111,33094,0.9769746781893999
drums,53,median_depth,E_shape_ridge,95_70,119,21807,0.9480442059889026
drums,53,median_depth,E_shape_ridge,90_60,111,33094,0.9769746781893999
drums,53,median_depth,E_shape_valley,95_70,119,21807,0.9480442059889026
drums,53,median_depth,E_shape_valley,90_60,111,33094,0.9769746781893999
drums,53,no_ids,E_occ,95_70,423,7564,0.5038339502908514
drums,53,no_ids,E_occ,90_60,490,13441,0.7306004017558217
drums,53,no_ids,E_layer,95_70,40,240,0.0
drums,53,no_ids,E_layer,90_60,73,437,0.0
drums,53,no_ids,E_shape_ridge,95_70,470,9289,0.5687372160620088
drums,53,no_ids,E_shape_ridge,90_60,677,16260,0.626629766297663
drums,53,no_ids,E_shape_valley,95_70,64,17915,0.9783979905107452
drums,53,no_ids,E_shape_valley,90_60,99,24532,0.9814527963476276
drums,53,rgb_canny,E_occ,95_70,1080,16991,0.6722970984638926
drums,53,rgb_canny,E_occ,90_60,1080,16991,0.6722970984638926
drums,53,rgb_canny,E_layer,95_70,1080,16991,0.6722970984638926
drums,53,rgb_canny,E_layer,90_60,1080,16991,0.6722970984638926
drums,53,rgb_canny,E_shape_ridge,95_70,1080,16991,0.6722970984638926
drums,53,rgb_canny,E_shape_ridge,90_60,1080,16991,0.6722970984638926
drums,53,rgb_canny,E_shape_valley,95_70,1080,16991,0.6722970984638926
drums,53,rgb_canny,E_shape_valley,90_60,1080,16991,0.6722970984638926
drums,53,shuffled_depths,E_occ,95_70,1526,9705,0.1482740855229263
drums,53,shuffled_depths,E_occ,90_60,1750,17843,0.4195482822395337
drums,53,shuffled_depths,E_layer,95_70,223,340,0.0
drums,53,shuffled_depths,E_layer,90_60,434,636,0.0
drums,53,shuffled_depths,E_shape_ridge,95_70,3311,9193,0.014685086478842597
drums,53,shuffled_depths,E_shape_ridge,90_60,4668,17552,0.11542844120328168
drums,53,shuffled_depths,E_shape_valley,95_70,3060,11497,0.097590675828477
drums,53,shuffled_depths,E_shape_valley,90_60,4096,21125,0.23540828402366865
drums,53,shuffled_ids,E_occ,95_70,426,5594,0.31712549159814085
drums,53,shuffled_ids,E_occ,90_60,529,10171,0.5023104906105594
drums,53,shuffled_ids,E_layer,95_70,41,221,0.0
drums,53,shuffled_ids,E_layer,90_60,70,402,0.0
drums,53,shuffled_ids,E_shape_ridge,95_70,416,1003,0.0
drums,53,shuffled_ids,E_shape_ridge,90_60,693,1816,0.0
drums,53,shuffled_ids,E_shape_valley,95_70,524,2576,0.12383540372670808
drums,53,shuffled_ids,E_shape_valley,90_60,788,4271,0.2245375790213065
drums,53,tau90_32,E_occ,95_70,391,8623,0.5968920329351733
drums,53,tau90_32,E_occ,90_60,512,14394,0.7644157287758788
drums,53,tau90_32,E_layer,95_70,41,205,0.0
drums,53,tau90_32,E_layer,90_60,68,446,0.24663677130044842
drums,53,tau90_32,E_shape_ridge,95_70,402,9504,0.6203703703703703
drums,53,tau90_32,E_shape_ridge,90_60,580,16217,0.6823086884133933
drums,53,tau90_32,E_shape_valley,95_70,60,16268,0.9892426850258176
drums,53,tau90_32,E_shape_valley,90_60,115,21535,0.9697701416299048
drums,53,tau90_64,E_occ,95_70,370,9009,0.6514596514596515
drums,53,tau90_64,E_occ,90_60,426,16230,0.8248921749845964
drums,53,tau90_64,E_layer,95_70,44,257,0.0
drums,53,tau90_64,E_layer,90_60,76,425,0.0
drums,53,tau90_64,E_shape_ridge,95_70,440,9908,0.6384739604360113
drums,53,tau90_64,E_shape_ridge,90_60,629,16857,0.67995491487216
drums,53,tau90_64,E_shape_valley,95_70,64,18008,0.9868391825855175
drums,53,tau90_64,E_shape_valley,90_60,103,24504,0.9760039177277179
drums,53,tau95_128,E_occ,95_70,339,9393,0.6804002980943256
drums,53,tau95_128,E_occ,90_60,389,16742,0.8239756301517143
drums,53,tau95_128,E_layer,95_70,39,289,0.0
drums,53,tau95_128,E_layer,90_60,67,478,0.0
drums,53,tau95_128,E_shape_ridge,95_70,422,10002,0.6206758648270346
drums,53,tau95_128,E_shape_ridge,90_60,603,17115,0.7069821793748174
drums,53,tau95_128,E_shape_valley,95_70,52,18107,0.993704092339979
drums,53,tau95_128,E_shape_valley,90_60,90,24145,0.9780078691240423
drums,53,tau95_32,E_occ,95_70,404,8830,0.6129105322763307
drums,53,tau95_32,E_occ,90_60,505,14709,0.7673533210959277
drums,53,tau95_32,E_layer,95_70,41,214,0.0
drums,53,tau95_32,E_layer,90_60,69,344,0.0
drums,53,tau95_32,E_shape_ridge,95_70,412,9152,0.626638986013986
drums,53,tau95_32,E_shape_ridge,90_60,573,16313,0.72169435419604
drums,53,tau95_32,E_shape_valley,95_70,60,16085,0.9898041653714641
drums,53,tau95_32,E_shape_valley,90_60,114,21414,0.9672177080414682
drums,53,tau95_64,E_occ,95_70,339,9290,0.6871905274488698
drums,53,tau95_64,E_occ,90_60,408,16580,0.8141133896260555
drums,53,tau95_64,E_layer,95_70,43,259,0.0
drums,53,tau95_64,E_layer,90_60,75,459,0.0
drums,53,tau95_64,E_shape_ridge,95_70,418,9973,0.6402286172666198
drums,53,tau95_64,E_shape_ridge,90_60,598,17126,0.7090972789910078
drums,53,tau95_64,E_shape_valley,95_70,50,17513,0.9963455718609033
drums,53,tau95_64,E_shape_valley,90_60,92,24113,0.9823746526769792
drums,53,uniform,E_occ,95_70,413,8241,0.622739958742871
drums,53,uniform,E_occ,90_60,498,14696,0.779735982580294
drums,53,uniform,E_layer,95_70,47,445,0.0
drums,53,uniform,E_layer,90_60,83,1012,0.20652173913043478
drums,53,uniform,E_shape_ridge,95_70,413,10069,0.6692819545138544
drums,53,uniform,E_shape_ridge,90_60,600,17548,0.7263505812628219
drums,53,uniform,E_shape_valley,95_70,57,17693,0.9797094896286667
drums,53,uniform,E_shape_valley,90_60,97,24112,0.9763603185136032
drums,79,density,E_occ,95_70,56,12788,0.9418986549890522
drums,79,density,E_occ,90_60,81,18807,0.9105652150794917
drums,79,density,E_layer,95_70,56,12788,0.9418986549890522
drums,79,density,E_layer,90_60,81,18807,0.9105652150794917
drums,79,density,E_shape_ridge,95_70,56,12788,0.9418986549890522
drums,79,density,E_shape_ridge,90_60,81,18807,0.9105652150794917
drums,79,density,E_shape_valley,95_70,56,12788,0.9418986549890522
drums,79,density,E_shape_valley,90_60,81,18807,0.9105652150794917
drums,79,expected_depth,E_occ,95_70,83,33889,0.9917672401074095
drums,79,expected_depth,E_occ,90_60,70,62183,0.9959313638775871
drums,79,expected_depth,E_layer,95_70,83,33889,0.9917672401074095
drums,79,expected_depth,E_layer,90_60,70,62183,0.9959313638775871
drums,79,expected_depth,E_shape_ridge,95_70,83,33889,0.9917672401074095
drums,79,expected_depth,E_shape_ridge,90_60,70,62183,0.9959313638775871
drums,79,expected_depth,E_shape_valley,95_70,83,33889,0.9917672401074095
drums,79,expected_depth,E_shape_valley,90_60,70,62183,0.9959313638775871
drums,79,front_depth,E_occ,95_70,98,36492,0.9909843253315795
drums,79,front_depth,E_occ,90_60,43,53585,0.9982644396752822
drums,79,front_depth,E_layer,95_70,98,36492,0.9909843253315795
drums,79,front_depth,E_layer,90_60,43,53585,0.9982644396752822
drums,79,front_depth,E_shape_ridge,95_70,98,36492,0.9909843253315795
drums,79,front_depth,E_shape_ridge,90_60,43,53585,0.9982644396752822
drums,79,front_depth,E_shape_valley,95_70,98,36492,0.9909843253315795
drums,79,front_depth,E_shape_valley,90_60,43,53585,0.9982644396752822
drums,79,full,E_occ,95_70,321,14031,0.8351507376523413
drums,79,full,E_occ,90_60,360,21867,0.8839804271276352
drums,79,full,E_layer,95_70,29,490,0.5591836734693878
drums,79,full,E_layer,90_60,56,820,0.5548780487804879
drums,79,full,E_shape_ridge,95_70,506,17269,0.744223753546818
drums,79,full,E_shape_ridge,90_60,646,26720,0.7909056886227545
drums,79,full,E_shape_valley,95_70,129,23650,0.9456236786469344
drums,79,full,E_shape_valley,90_60,200,36479,0.9570986046766633
drums,79,k16,E_occ,95_70,458,6594,0.5617227782832879
drums,79,k16,E_occ,90_60,716,10551,0.6219315704672543
drums,79,k16,E_layer,95_70,22,165,0.3212121212121212
drums,79,k16,E_layer,90_60,31,247,0.2874493927125506
drums,79,k16,E_shape_ridge,95_70,469,10038,0.6052002390914525
drums,79,k16,E_shape_ridge,90_60,633,15832,0.6555709954522486
drums,79,k16,E_shape_valley,95_70,338,9572,0.7620142081069787
drums,79,k16,E_shape_valley,90_60,618,17160,0.7646270396270396
drums,79,k4,E_occ,95_70,52,126,0.0
drums,79,k4,E_occ,90_60,111,292,0.0
drums,79,k4,E_layer,95_70,1,4,0.0
drums,79,k4,E_layer,90_60,1,5,0.0
drums,79,k4,E_shape_ridge,95_70,42,258,0.0
drums,79,k4,E_shape_ridge,90_60,76,414,0.0
drums,79,k4,E_shape_valley,95_70,62,314,0.0
drums,79,k4,E_shape_valley,90_60,89,452,0.0
drums,79,k8,E_occ,95_70,274,983,0.0
drums,79,k8,E_occ,90_60,479,1912,0.032426778242677826
drums,79,k8,E_layer,95_70,5,18,0.0
drums,79,k8,E_layer,90_60,5,20,0.0
drums,79,k8,E_shape_ridge,95_70,217,1933,0.13243662700465597
drums,79,k8,E_shape_ridge,90_60,385,3642,0.1543108182317408
drums,79,k8,E_shape_valley,95_70,109,1475,0.5877966101694915
drums,79,k8,E_shape_valley,90_60,210,2468,0.5583468395461912
drums,79,median_depth,E_occ,95_70,77,32520,0.9845940959409594
drums,79,median_depth,E_occ,90_60,85,56380,0.992160340546293
drums,79,median_depth,E_layer,95_70,77,32520,0.9845940959409594
drums,79,median_depth,E_layer,90_60,85,56380,0.992160340546293
drums,79,median_depth,E_shape_ridge,95_70,77,32520,0.9845940959409594
drums,79,median_depth,E_shape_ridge,90_60,85,56380,0.992160340546293
drums,79,median_depth,E_shape_valley,95_70,77,32520,0.9845940959409594
drums,79,median_depth,E_shape_valley,90_60,85,56380,0.992160340546293
drums,79,no_ids,E_occ,95_70,426,10922,0.6930965024720747
drums,79,no_ids,E_occ,90_60,639,18191,0.7624649551976252
drums,79,no_ids,E_layer,95_70,29,490,0.5591836734693878
drums,79,no_ids,E_layer,90_60,56,820,0.5548780487804879
drums,79,no_ids,E_shape_ridge,95_70,567,17412,0.7106018837583276
drums,79,no_ids,E_shape_ridge,90_60,706,26845,0.7895697522816167
drums,79,no_ids,E_shape_valley,95_70,118,24430,0.9579615227179697
drums,79,no_ids,E_shape_valley,90_60,200,38027,0.9576090672416967
drums,79,rgb_canny,E_occ,95_70,1339,14945,0.6252927400468384
drums,79,rgb_canny,E_occ,90_60,1339,14945,0.6252927400468384
drums,79,rgb_canny,E_layer,95_70,1339,14945,0.6252927400468384
drums,79,rgb_canny,E_layer,90_60,1339,14945,0.6252927400468384
drums,79,rgb_canny,E_shape_ridge,95_70,1339,14945,0.6252927400468384
drums,79,rgb_canny,E_shape_ridge,90_60,1339,14945,0.6252927400468384
drums,79,rgb_canny,E_shape_valley,95_70,1339,14945,0.6252927400468384
drums,79,rgb_canny,E_shape_valley,90_60,1339,14945,0.6252927400468384
drums,79,shuffled_depths,E_occ,95_70,1060,19652,0.6891410543456137
drums,79,shuffled_depths,E_occ,90_60,817,30696,0.8532056293979672
drums,79,shuffled_depths,E_layer,95_70,598,866,0.0
drums,79,shuffled_depths,E_layer,90_60,1132,1665,0.0
drums,79,shuffled_depths,E_shape_ridge,95_70,3989,15877,0.05359954651382503
drums,79,shuffled_depths,E_shape_ridge,90_60,4927,28991,0.30333551791935426
drums,79,shuffled_depths,E_shape_valley,95_70,3508,20463,0.3242437570248742
drums,79,shuffled_depths,E_shape_valley,90_60,4827,35729,0.40695233563771727
drums,79,shuffled_ids,E_occ,95_70,485,7644,0.44296180010465724
drums,79,shuffled_ids,E_occ,90_60,719,13665,0.5633369923161361
drums,79,shuffled_ids,E_layer,95_70,30,434,0.5092165898617511
drums,79,shuffled_ids,E_layer,90_60,53,668,0.47754491017964074
drums,79,shuffled_ids,E_shape_ridge,95_70,1052,3335,0.034182908545727135
drums,79,shuffled_ids,E_shape_ridge,90_60,1630,6168,0.06566147859922179
drums,79,shuffled_ids,E_shape_valley,95_70,707,5888,0.4860733695652174
drums,79,shuffled_ids,E_shape_valley,90_60,1125,9562,0.5328383183434428
drums,79,tau90_32,E_occ,95_70,361,13081,0.8192798715694519
drums,79,tau90_32,E_occ,90_60,458,20669,0.8343896656829067
drums,79,tau90_32,E_layer,95_70,32,490,0.6265306122448979
drums,79,tau90_32,E_layer,90_60,52,948,0.6613924050632911
drums,79,tau90_32,E_shape_ridge,95_70,484,16725,0.7625112107623319
drums,79,tau90_32,E_shape_ridge,90_60,617,26444,0.7875510512781727
drums,79,tau90_32,E_shape_valley,95_70,179,20641,0.9372123443631607
drums,79,tau90_32,E_shape_valley,90_60,294,34449,0.9340184040175331
drums,79,tau90_64,E_occ,95_70,330,13988,0.8266371175293108
drums,79,tau90_64,E_occ,90_60,381,21769,0.8682070834673159
drums,79,tau90_64,E_layer,95_70,26,480,0.5708333333333333
drums,79,tau90_64,E_layer,90_60,54,822,0.6192214111922141
drums,79,tau90_64,E_shape_ridge,95_70,494,17263,0.7411226322191972
drums,79,tau90_64,E_shape_ridge,90_60,650,26353,0.7950138504155124
drums,79,tau90_64,E_shape_valley,95_70,135,23151,0.9401753703943674
drums,79,tau90_64,E_shape_valley,90_60,205,36122,0.9501965561153868
drums,79,tau95_128,E_occ,95_70,316,14363,0.8426512567012463
drums,79,tau95_128,E_occ,90_60,341,21988,0.8876205202837911
drums,79,tau95_128,E_layer,95_70,37,474,0.5822784810126582
drums,79,tau95_128,E_layer,90_60,67,845,0.5420118343195266
drums,79,tau95_128,E_shape_ridge,95_70,529,17629,0.7588632367122355
drums,79,tau95_128,E_shape_ridge,90_60,633,26871,0.7871311078858249
drums,79,tau95_128,E_shape_valley,95_70,122,24001,0.9495437690096246
drums,79,tau95_128,E_shape_valley,90_60,209,36801,0.9535882177114753
drums,79,tau95_32,E_occ,95_70,366,13090,0.8151260504201681
drums,79,tau95_32,E_occ,90_60,464,20730,0.8362276893391221
drums,79,tau95_32,E_layer,95_70,34,505,0.6237623762376238
drums,79,tau95_32,E_layer,90_60,58,972,0.6718106995884774
drums,79,tau95_32,E_shape_ridge,95_70,483,16362,0.7348734873487349
drums,79,tau95_32,E_shape_ridge,90_60,611,26705,0.7869687324471073
drums,79,tau95_32,E_shape_valley,95_70,177,20737,0.9354294256642716
drums,79,tau95_32,E_shape_valley,90_60,279,34349,0.930332760779062
drums,79,tau95_64,E_occ,95_70,311,14294,0.8323072617881628
drums,79,tau95_64,E_occ,90_60,367,21710,0.8733302625518194
drums,79,tau95_64,E_layer,95_70,33,582,0.6735395189003437
drums,79,tau95_64,E_layer,90_60,59,863,0.5955967555040557
drums,79,tau95_64,E_shape_ridge,95_70,523,17454,0.7596539475191934
drums,79,tau95_64,E_shape_ridge,90_60,632,26689,0.7847053093034584
drums,79,tau95_64,E_shape_valley,95_70,127,23841,0.947317646071893
drums,79,tau95_64,E_shape_valley,90_60,213,36055,0.9561503258909999
drums,79,uniform,E_occ,95_70,349,13604,0.8236548074095854
drums,79,uniform,E_occ,90_60,447,20961,0.8514860932207433
drums,79,uniform,E_layer,95_70,43,521,0.5124760076775432
drums,79,uniform,E_layer,90_60,70,924,0.46320346320346323
drums,79,uniform,E_shape_ridge,95_70,554,17333,0.7709571337910345
drums,79,uniform,E_shape_ridge,90_60,758,28209,0.8004892055726895
drums,79,uniform,E_shape_valley,95_70,151,24029,0.950476507553373
drums,79,uniform,E_shape_valley,90_60,244,36642,0.9592816985972381
ficus,1,density,E_occ,95_70,64,6223,0.6432588783544914
ficus,1,density,E_occ,90_60,96,10901,0.675626089349601
ficus,1,density,E_layer,95_70,64,6223,0.6432588783544914
ficus,1,density,E_layer,90_60,96,10901,0.675626089349601
ficus,1,density,E_shape_ridge,95_70,64,6223,0.6432588783544914
ficus,1,density,E_shape_ridge,90_60,96,10901,0.675626089349601
ficus,1,density,E_shape_valley,95_70,64,6223,0.6432588783544914
ficus,1,density,E_shape_valley,90_60,96,10901,0.675626089349601
ficus,1,expected_depth,E_occ,95_70,300,6697,0.5175451694788711
ficus,1,expected_depth,E_occ,90_60,309,12830,0.7752922837100545
ficus,1,expected_depth,E_layer,95_70,300,6697,0.5175451694788711
ficus,1,expected_depth,E_layer,90_60,309,12830,0.7752922837100545
ficus,1,expected_depth,E_shape_ridge,95_70,300,6697,0.5175451694788711
ficus,1,expected_depth,E_shape_ridge,90_60,309,12830,0.7752922837100545
ficus,1,expected_depth,E_shape_valley,95_70,300,6697,0.5175451694788711
ficus,1,expected_depth,E_shape_valley,90_60,309,12830,0.7752922837100545
ficus,1,front_depth,E_occ,95_70,180,13245,0.8302755756889392
ficus,1,front_depth,E_occ,90_60,159,20993,0.9213547372933835
ficus,1,front_depth,E_layer,95_70,180,13245,0.8302755756889392
ficus,1,front_depth,E_layer,90_60,159,20993,0.9213547372933835
ficus,1,front_depth,E_shape_ridge,95_70,180,13245,0.8302755756889392
ficus,1,front_depth,E_shape_ridge,90_60,159,20993,0.9213547372933835
ficus,1,front_depth,E_shape_valley,95_70,180,13245,0.8302755756889392
ficus,1,front_depth,E_shape_valley,90_60,159,20993,0.9213547372933835
ficus,1,full,E_occ,95_70,233,7175,0.6486411149825784
ficus,1,full,E_occ,90_60,277,11204,0.7718671902891824
ficus,1,full,E_layer,95_70,69,1059,0.2776203966005666
ficus,1,full,E_layer,90_60,101,1585,0.42397476340694007
ficus,1,full,E_shape_ridge,95_70,239,3434,0.24519510774606873
ficus,1,full,E_shape_ridge,90_60,359,7921,0.5379371291503598
ficus,1,full,E_shape_valley,95_70,46,11793,0.9284321207495972
ficus,1,full,E_shape_valley,90_60,42,17083,0.9635895334543113
ficus,1,k16,E_occ,95_70,229,897,0.08138238573021182
ficus,1,k16,E_occ,90_60,410,1733,0.1321407963069821
ficus,1,k16,E_layer,95_70,5,9,0.0
ficus,1,k16,E_layer,90_60,8,18,0.0
ficus,1,k16,E_shape_ridge,95_70,157,1088,0.15073529411764705
ficus,1,k16,E_shape_ridge,90_60,247,2017,0.2751611303916708
ficus,1,k16,E_shape_valley,95_70,177,2582,0.3470178156467854
ficus,1,k16,E_shape_valley,90_60,263,3733,0.344495044200375
ficus,1,k4,E_occ,95_70,9,16,0.0
ficus,1,k4,E_occ,90_60,18,30,0.0
ficus,1,k4,E_layer,95_70,0,0,0.0
ficus,1,k4,E_layer,90_60,0,0,0.0
ficus,1,k4,E_shape_ridge,95_70,8,25,0.0
ficus,1,k4,E_shape_ridge,90_60,13,45,0.0
ficus,1,k4,E_shape_valley,95_70,12,38,0.0
ficus,1,k4,E_shape_valley,90_60,22,95,0.0
ficus,1,k8,E_occ,95_70,46,116,0.0
ficus,1,k8,E_occ,90_60,87,228,0.0
ficus,1,k8,E_layer,95_70,0,0,0.0
ficus,1,k8,E_layer,90_60,0,0,0.0
ficus,1,k8,E_shape_ridge,95_70,41,158,0.0
ficus,1,k8,E_shape_ridge,90_60,73,356,0.0
ficus,1,k8,E_shape_valley,95_70,46,340,0.0
ficus,1,k8,E_shape_valley,90_60,78,555,0.0
ficus,1,median_depth,E_occ,95_70,193,12276,0.8244542196155099
ficus,1,median_depth,E_occ,90_60,184,20276,0.9129019530479384
ficus,1,median_depth,E_layer,95_70,193,12276,0.8244542196155099
ficus,1,median_depth,E_layer,90_60,184,20276,0.9129019530479384
ficus,1,median_depth,E_shape_ridge,95_70,193,12276,0.8244542196155099
ficus,1,median_depth,E_shape_ridge,90_60,184,20276,0.9129019530479384
ficus,1,median_depth,E_shape_valley,95_70,193,12276,0.8244542196155099
ficus,1,median_depth,E_shape_valley,90_60,184,20276,0.9129019530479384
ficus,1,no_ids,E_occ,95_70,291,4565,0.3095290251916758
ficus,1,no_ids,E_occ,90_60,352,8090,0.5428924598269469
ficus,1,no_ids,E_layer,95_70,69,1061,0.2770970782280867
ficus,1,no_ids,E_layer,90_60,101,1585,0.42397476340694007
ficus,1,no_ids,E_shape_ridge,95_70,250,3564,0.2833894500561167
ficus,1,no_ids,E_shape_ridge,90_60,383,6893,0.4652546061221529
ficus,1,no_ids,E_shape_valley,95_70,45,11481,0.9292744534448218
ficus,1,no_ids,E_shape_valley,90_60,43,17158,0.9683529548898473
ficus,1,rgb_canny,E_occ,95_70,1074,10265,0.44987822698490015
ficus,1,rgb_canny,E_occ,90_60,1074,10265,0.44987822698490015
ficus,1,rgb_canny,E_layer,95_70,1074,10265,0.44987822698490015
ficus,1,rgb_canny,E_layer,90_60,1074,10265,0.44987822698490015
ficus,1,rgb_canny,E_shape_ridge,95_70,1074,10265,0.44987822698490015
ficus,1,rgb_canny,E_shape_ridge,90_60,1074,10265,0.44987822698490015
ficus,1,rgb_canny,E_shape_valley,95_70,1074,10265,0.44987822698490015
ficus,1,rgb_canny,E_shape_valley,90_60,1074,10265,0.44987822698490015
ficus,1,shuffled_depths,E_occ,95_70,1108,4148,0.0313404050144648
ficus,1,shuffled_depths,E_occ,90_60,1680,8062,0.10171173406102704
ficus,1,shuffled_depths,E_layer,95_70,74,96,0.0
ficus,1,shuffled_depths,E_layer,90_60,151,191,0.0
ficus,1,shuffled_depths,E_shape_ridge,95_70,953,3325,0.011127819548872181
ficus,1,shuffled_depths,E_shape_ridge,90_60,1503,5857,0.07358716066245519
ficus,1,shuffled_depths,E_shape_valley,95_70,1165,5864,0.24062073669849932
ficus,1,shuffled_depths,E_shape_valley,90_60,1433,9893,0.4480946123521682
ficus,1,shuffled_ids,E_occ,95_70,316,3507,0.11491303108069575
ficus,1,shuffled_ids,E_occ,90_60,394,6293,0.3119338948037502
ficus,1,shuffled_ids,E_layer,95_70,68,813,0.06150061500615006
ficus,1,shuffled_ids,E_layer,90_60,105,1286,0.21539657853810265
ficus,1,shuffled_ids,E_shape_ridge,95_70,277,664,0.0
ficus,1,shuffled_ids,E_shape_ridge,90_60,507,1344,0.0
ficus,1,shuffled_ids,E_shape_valley,95_70,444,3230,0.3284829721362229
ficus,1,shuffled_ids,E_shape_valley,90_60,576,5100,0.4811764705882353
ficus,1,tau90_32,E_occ,95_70,368,4199,0.2950702548225768
ficus,1,tau90_32,E_occ,90_60,588,7495,0.4341561040693796
ficus,1,tau90_32,E_layer,95_70,33,237,0.0
ficus,1,tau90_32,E_layer,90_60,55,397,0.0
ficus,1,tau90_32,E_shape_ridge,95_70,270,3129,0.2943432406519655
ficus,1,tau90_32,E_shape_ridge,90_60,379,6824,0.5400058616647128
ficus,1,tau90_32,E_shape_valley,95_70,119,9883,0.9176363452392998
ficus,1,tau90_32,E_shape_valley,90_60,147,13218,0.9269178393100318
ficus,1,tau90_64,E_occ,95_70,285,6175,0.537004048582996
ficus,1,tau90_64,E_occ,90_60,333,10398,0.7055202923639161
ficus,1,tau90_64,E_layer,95_70,70,930,0.23225806451612904
ficus,1,tau90_64,E_layer,90_60,97,1393,0.36683417085427134
ficus,1,tau90_64,E_shape_ridge,95_70,240,3383,0.22790422701744015
ficus,1,tau90_64,E_shape_ridge,90_60,358,7975,0.5352978056426332
ficus,1,tau90_64,E_shape_valley,95_70,54,12259,0.929276449955135
ficus,1,tau90_64,E_shape_valley,90_60,42,16955,0.9637864936596874
ficus,1,tau95_128,E_occ,95_70,215,7807,0.6601767644421673
ficus,1,tau95_128,E_occ,90_60,251,12058,0.7945762149610217
ficus,1,tau95_128,E_layer,95_70,71,1281,0.32474629195940674
ficus,1,tau95_128,E_layer,90_60,110,1914,0.34743991640543365
ficus,1,tau95_128,E_shape_ridge,95_70,239,3432,0.24155011655011654
ficus,1,tau95_128,E_shape_ridge,90_60,365,8290,0.4718938480096502
ficus,1,tau95_128,E_shape_valley,95_70,49,11883,0.9253555499453
ficus,1,tau95_128,E_shape_valley,90_60,49,17152,0.9595382462686567
ficus,1,tau95_32,E_occ,95_70,381,4239,0.31186600613352206
ficus,1,tau95_32,E_occ,90_60,601,7582,0.4235030335003957
ficus,1,tau95_32,E_layer,95_70,35,278,0.1366906474820144
ficus,1,tau95_32,E_layer,90_60,54,416,0.125
ficus,1,tau95_32,E_shape_ridge,95_70,260,3164,0.3189001264222503
ficus,1,tau95_32,E_shape_ridge,90_60,387,6820,0.5269794721407625
ficus,1,tau95_32,E_shape_valley,95_70,121,9904,0.9169022617124394
ficus,1,tau95_32,E_shape_valley,90_60,148,13254,0.925531914893617
ficus,1,tau95_64,E_occ,95_70,269,6429,0.539430704619692
ficus,1,tau95_64,E_occ,90_60,330,10656,0.7116178678678678
ficus,1,tau95_64,E_layer,95_70,73,1049,0.23355576739752146
ficus,1,tau95_64,E_layer,90_60,105,1523,0.33420879842416285
ficus,1,tau95_64,E_shape_ridge,95_70,232,3329,0.24181435866626613
ficus,1,tau95_64,E_shape_ridge,90_60,376,8174,0.5157817470026914
ficus,1,tau95_64,E_shape_valley,95_70,53,11919,0.9256649047738904
ficus,1,tau95_64,E_shape_valley,90_60,47,17026,0.964231175848702
ficus,1,uniform,E_occ,95_70,308,6178,0.5305924247329232
ficus,1,uniform,E_occ,90_60,355,10130,0.6890424481737414
ficus,1,uniform,E_layer,95_70,75,1373,0.33648943918426805
ficus,1,uniform,E_layer,90_60,109,2130,0.49483568075117373
ficus,1,uniform,E_shape_ridge,95_70,249,3666,0.2479541734860884
ficus,1,uniform,E_shape_ridge,90_60,398,8655,0.5388792605430387
ficus,1,uniform,E_shape_valley,95_70,52,12356,0.9579961152476529
ficus,1,uniform,E_shape_valley,90_60,45,16813,0.9611015285790757
ficus,27,density,E_occ,95_70,78,7608,0.6844111461619348
ficus,27,density,E_occ,90_60,101,11588,0.7354159475319296
ficus,27,density,E_layer,95_70,78,7608,0.6844111461619348
ficus,27,density,E_layer,90_60,101,11588,0.7354159475319296
ficus,27,density,E_shape_ridge,95_70,78,7608,0.6844111461619348
ficus,27,density,E_shape_ridge,90_60,101,11588,0.7354159475319296
ficus,27,density,E_shape_valley,95_70,78,7608,0.6844111461619348
ficus,27,density,E_shape_valley,90_60,101,11588,0.7354159475319296
ficus,27,expected_depth,E_occ,95_70,315,9861,0.5258087415069466
ficus,27,expected_depth,E_occ,90_60,384,15340,0.6848109517601043
ficus,27,expected_depth,E_layer,95_70,315,9861,0.5258087415069466
ficus,27,expected_depth,E_layer,90_60,384,15340,0.6848109517601043
ficus,27,expected_depth,E_shape_ridge,95_70,315,9861,0.5258087415069466
ficus,27,expected_depth,E_shape_ridge,90_60,384,15340,0.6848109517601043
ficus,27,expected_depth,E_shape_valley,95_70,315,9861,0.5258087415069466
ficus,27,expected_depth,E_shape_valley,90_60,384,15340,0.6848109517601043
ficus,27,front_depth,E_occ,95_70,279,12097,0.6572703976192444
ficus,27,front_depth,E_occ,90_60,282,19569,0.8278399509428177
ficus,27,front_depth,E_layer,95_70,279,12097,0.6572703976192444
ficus,27,front_depth,E_layer,90_60,282,19569,0.8278399509428177
ficus,27,front_depth,E_shape_ridge,95_70,279,12097,0.6572703976192444
ficus,27,front_depth,E_shape_ridge,90_60,282,19569,0.8278399509428177
ficus,27,front_depth,E_shape_valley,95_70,279,12097,0.6572703976192444
ficus,27,front_depth,E_shape_valley,90_60,282,19569,0.8278399509428177
ficus,27,full,E_occ,95_70,269,6890,0.6365747460087082
ficus,27,full,E_occ,90_60,321,11672,0.7757882111034955
ficus,27,full,E_layer,95_70,50,550,0.34
ficus,27,full,E_layer,90_60,93,1061,0.20452403393025448
ficus,27,full,E_shape_ridge,95_70,288,5572,0.46679827709978466
ficus,27,full,E_shape_ridge,90_60,410,9211,0.5412007382477473
ficus,27,full,E_shape_valley,95_70,98,11119,0.7933267380160086
ficus,27,full,E_shape_valley,90_60,138,16545,0.84744635841644
ficus,27,k16,E_occ,95_70,308,1194,0.09547738693467336
ficus,27,k16,E_occ,90_60,519,2162,0.10037002775208141
ficus,27,k16,E_layer,95_70,4,12,0.0
ficus,27,k16,E_layer,90_60,6,15,0.0
ficus,27,k16,E_shape_ridge,95_70,169,1444,0.3074792243767313
ficus,27,k16,E_shape_ridge,90_60,260,2291,0.2693147097337407
ficus,27,k16,E_shape_valley,95_70,180,3016,0.33255968169761274
ficus,27,k16,E_shape_valley,90_60,285,4736,0.39315878378378377
ficus,27,k4,E_occ,95_70,10,14,0.0
ficus,27,k4,E_occ,90_60,18,26,0.0
ficus,27,k4,E_layer,95_70,0,0,0.0
ficus,27,k4,E_layer,90_60,0,0,0.0
ficus,27,k4,E_shape_ridge,95_70,5,24,0.0
ficus,27,k4,E_shape_ridge,90_60,9,32,0.0
ficus,27,k4,E_shape_valley,95_70,13,57,0.0
ficus,27,k4,E_shape_valley,90_60,26,96,0.0
ficus,27,k8,E_occ,95_70,60,137,0.0
ficus,27,k8,E_occ,90_60,106,255,0.0
ficus,27,k8,E_layer,95_70,0,0,0.0
ficus,27,k8,E_layer,90_60,0,0,0.0
ficus,27,k8,E_shape_ridge,95_70,37,172,0.0
ficus,27,k8,E_shape_ridge,90_60,65,306,0.0
ficus,27,k8,E_shape_valley,95_70,52,353,0.0
ficus,27,k8,E_shape_valley,90_60,95,638,0.0
ficus,27,median_depth,E_occ,95_70,292,10836,0.5972683647102252
ficus,27,median_depth,E_occ,90_60,315,19178,0.7924705391594535
ficus,27,median_depth,E_layer,95_70,292,10836,0.5972683647102252
ficus,27,median_depth,E_layer,90_60,315,19178,0.7924705391594535
ficus,27,median_depth,E_shape_ridge,95_70,292,10836,0.5972683647102252
ficus,27,median_depth,E_shape_ridge,90_60,315,19178,0.7924705391594535
ficus,27,median_depth,E_shape_valley,95_70,292,10836,0.5972683647102252
ficus,27,median_depth,E_shape_valley,90_60,315,19178,0.7924705391594535
ficus,27,no_ids,E_occ,95_70,319,5581,0.42662605267873144
ficus,27,no_ids,E_occ,90_60,399,9749,0.6052928505487742
ficus,27,no_ids,E_layer,95_70,50,550,0.34
ficus,27,no_ids,E_layer,90_60,93,1061,0.20452403393025448
ficus,27,no_ids,E_shape_ridge,95_70,318,4834,0.3063715349606951
ficus,27,no_ids,E_shape_ridge,90_60,463,8724,0.46801925722145804
ficus,27,no_ids,E_shape_valley,95_70,99,11056,0.8237156295224313
ficus,27,no_ids,E_shape_valley,90_60,146,17195,0.8403024134922943
ficus,27,rgb_canny,E_occ,95_70,1546,12822,0.32982374044610824
ficus,27,rgb_canny,E_occ,90_60,1546,12822,0.32982374044610824
ficus,27,rgb_canny,E_layer,95_70,1546,12822,0.32982374044610824
ficus,27,rgb_canny,E_layer,90_60,1546,12822,0.32982374044610824
ficus,27,rgb_canny,E_shape_ridge,95_70,1546,12822,0.32982374044610824
ficus,27,rgb_canny,E_shape_ridge,90_60,1546,12822,0.32982374044610824
ficus,27,rgb_canny,E_shape_valley,95_70,1546,12822,0.32982374044610824
ficus,27,rgb_canny,E_shape_valley,90_60,1546,12822,0.32982374044610824
ficus,27,shuffled_depths,E_occ,95_70,1006,5670,0.07848324514991181
ficus,27,shuffled_depths,E_occ,90_60,1459,10315,0.2262724188075618
ficus,27,shuffled_depths,E_layer,95_70,17,21,0.0
ficus,27,shuffled_depths,E_layer,90_60,37,43,0.0
ficus,27,shuffled_depths,E_shape_ridge,95_70,1351,6282,0.061127029608404965
ficus,27,shuffled_depths,E_shape_ridge,90_60,1887,11043,0.1182649642307344
ficus,27,shuffled_depths,E_shape_valley,95_70,1459,7281,0.027194066749072928
ficus,27,shuffled_depths,E_shape_valley,90_60,1892,12801,0.14217639246933833
ficus,27,shuffled_ids,E_occ,95_70,344,4200,0.18333333333333332
ficus,27,shuffled_ids,E_occ,90_60,457,7568,0.33985200845665964
ficus,27,shuffled_ids,E_layer,95_70,48,407,0.08845208845208845
ficus,27,shuffled_ids,E_layer,90_60,90,794,0.1297229219143577
ficus,27,shuffled_ids,E_shape_ridge,95_70,272,686,0.0
ficus,27,shuffled_ids,E_shape_ridge,90_60,489,1302,0.0
ficus,27,shuffled_ids,E_shape_valley,95_70,461,2120,0.1721698113207547
ficus,27,shuffled_ids,E_shape_valley,90_60,717,3647,0.18453523443926514
ficus,27,tau90_32,E_occ,95_70,358,4924,0.3643379366368806
ficus,27,tau90_32,E_occ,90_60,530,8477,0.5428807361094727
ficus,27,tau90_32,E_layer,95_70,32,176,0.0
ficus,27,tau90_32,E_layer,90_60,49,339,0.0
ficus,27,tau90_32,E_shape_ridge,95_70,295,4727,0.4960863126718849
ficus,27,tau90_32,E_shape_ridge,90_60,393,7681,0.5335242806926181
ficus,27,tau90_32,E_shape_valley,95_70,181,9978,0.7941471236720786
ficus,27,tau90_32,E_shape_valley,90_60,251,14535,0.8189886480908153
ficus,27,tau90_64,E_occ,95_70,281,6464,0.6019492574257426
ficus,27,tau90_64,E_occ,90_60,373,11181,0.750737858867722
ficus,27,tau90_64,E_layer,95_70,52,503,0.23061630218687873
ficus,27,tau90_64,E_layer,90_60,96,977,0.2671443193449335
ficus,27,tau90_64,E_shape_ridge,95_70,284,5440,0.4672794117647059
ficus,27,tau90_64,E_shape_ridge,90_60,413,9090,0.5523652365236523
ficus,27,tau90_64,E_shape_valley,95_70,103,11250,0.8194666666666667
ficus,27,tau90_64,E_shape_valley,90_60,140,16754,0.8698221320281724
ficus,27,tau95_128,E_occ,95_70,266,7529,0.6473635276929207
ficus,27,tau95_128,E_occ,90_60,317,12320,0.7573051948051948
ficus,27,tau95_128,E_layer,95_70,54,712,0.2893258426966292
ficus,27,tau95_128,E_layer,90_60,102,1264,0.28560126582278483
ficus,27,tau95_128,E_shape_ridge,95_70,288,5565,0.4296495956873315
ficus,27,tau95_128,E_shape_ridge,90_60,429,9341,0.4966277700460336
ficus,27,tau95_128,E_shape_valley,95_70,102,11258,0.7988985610232724
ficus,27,tau95_128,E_shape_valley,90_60,136,16513,0.8404893114515836
ficus,27,tau95_32,E_occ,95_70,363,5015,0.37387836490528414
ficus,27,tau95_32,E_occ,90_60,545,8760,0.5341324200913242
ficus,27,tau95_32,E_layer,95_70,33,199,0.0
ficus,27,tau95_32,E_layer,90_60,52,356,0.0
ficus,27,tau95_32,E_shape_ridge,95_70,290,4754,0.4945309213294068
ficus,27,tau95_32,E_shape_ridge,90_60,393,7733,0.5361437993016941
ficus,27,tau95_32,E_shape_valley,95_70,180,10120,0.8055335968379447
ficus,27,tau95_32,E_shape_valley,90_60,258,14753,0.8146817596421067
ficus,27,tau95_64,E_occ,95_70,269,6750,0.6616296296296297
ficus,27,tau95_64,E_occ,90_60,350,11358,0.7608733932030287
ficus,27,tau95_64,E_layer,95_70,59,611,0.2078559738134206
ficus,27,tau95_64,E_layer,90_60,100,1060,0.27358490566037735
ficus,27,tau95_64,E_shape_ridge,95_70,296,5457,0.4460326186549386
ficus,27,tau95_64,E_shape_ridge,90_60,421,9176,0.5202702702702703
ficus,27,tau95_64,E_shape_valley,95_70,111,11784,0.8219619823489477
ficus,27,tau95_64,E_shape_valley,90_60,133,16904,0.8520468528159015
ficus,27,uniform,E_occ,95_70,333,6345,0.4884160756501182
ficus,27,uniform,E_occ,90_60,386,10725,0.7168298368298368
ficus,27,uniform,E_layer,95_70,61,850,0.2788235294117647
ficus,27,uniform,E_layer,90_60,106,1609,0.3729024238657551
ficus,27,uniform,E_shape_ridge,95_70,307,5516,0.3052936910804931
ficus,27,uniform,E_shape_ridge,90_60,420,9328,0.5100771869639794
ficus,27,uniform,E_shape_valley,95_70,99,10571,0.7848831709393624
ficus,27,uniform,E_shape_valley,90_60,150,16811,0.8175599309975611
ficus,53,density,E_occ,95_70,48,5667,0.702841009352391
ficus,53,density,E_occ,90_60,70,8473,0.726071049215154
ficus,53,density,E_layer,95_70,48,5667,0.702841009352391
ficus,53,density,E_layer,90_60,70,8473,0.726071049215154
ficus,53,density,E_shape_ridge,95_70,48,5667,0.702841009352391
ficus,53,density,E_shape_ridge,90_60,70,8473,0.726071049215154
ficus,53,density,E_shape_valley,95_70,48,5667,0.702841009352391
ficus,53,density,E_shape_valley,90_60,70,8473,0.726071049215154
ficus,53,expected_depth,E_occ,95_70,261,4390,0.35353075170842824
ficus,53,expected_depth,E_occ,90_60,285,7808,0.5495645491803278
ficus,53,expected_depth,E_layer,95_70,261,4390,0.35353075170842824
ficus,53,expected_depth,E_layer,90_60,285,7808,0.5495645491803278
ficus,53,expected_depth,E_shape_ridge,95_70,261,4390,0.35353075170842824
ficus,53,expected_depth,E_shape_ridge,90_60,285,7808,0.5495645491803278
ficus,53,expected_depth,E_shape_valley,95_70,261,4390,0.35353075170842824
ficus,53,expected_depth,E_shape_valley,90_60,285,7808,0.5495645491803278
ficus,53,front_depth,E_occ,95_70,196,11007,0.7363495957118198
ficus,53,front_depth,E_occ,90_60,194,18116,0.8384853168469861
ficus,53,front_depth,E_layer,95_70,196,11007,0.7363495957118198
ficus,53,front_depth,E_layer,90_60,194,18116,0.8384853168469861
ficus,53,front_depth,E_shape_ridge,95_70,196,11007,0.7363495957118198
ficus,53,front_depth,E_shape_ridge,90_60,194,18116,0.8384853168469861
ficus,53,front_depth,E_shape_valley,95_70,196,11007,0.7363495957118198
ficus,53,front_depth,E_shape_valley,90_60,194,18116,0.8384853168469861
ficus,53,full,E_occ,95_70,255,6519,0.5703328731400522
ficus,53,full,E_occ,90_60,315,11863,0.7143218410182922
ficus,53,full,E_layer,95_70,56,906,0.4359823399558499
ficus,53,full,E_layer,90_60,80,1596,0.5175438596491229
ficus,53,full,E_shape_ridge,95_70,106,3042,0.5249835634451019
ficus,53,full,E_shape_ridge,90_60,184,5208,0.5251536098310292
ficus,53,full,E_shape_valley,95_70,61,10463,0.8775685749784956
ficus,53,full,E_shape_valley,90_60,71,14534,0.8656254300261456
ficus,53,k16,E_occ,95_70,245,1062,0.0
ficus,53,k16,E_occ,90_60,440,1958,0.04851889683350358
ficus,53,k16,E_layer,95_70,9,18,0.0
ficus,53,k16,E_layer,90_60,18,47,0.0
ficus,53,k16,E_shape_ridge,95_70,96,740,0.06756756756756757
ficus,53,k16,E_shape_ridge,90_60,168,1152,0.1076388888888889
ficus,53,k16,E_shape_valley,95_70,121,2843,0.5103763629968343
ficus,53,k16,E_shape_valley,90_60,204,4588,0.496512641673932
ficus,53,k4,E_occ,95_70,11,20,0.0
ficus,53,k4,E_occ,90_60,21,34,0.0
ficus,53,k4,E_layer,95_70,0,0,0.0
ficus,53,k4,E_layer,90_60,0,0,0.0
ficus,53,k4,E_shape_ridge,95_70,9,24,0.0
ficus,53,k4,E_shape_ridge,90_60,14,52,0.0
ficus,53,k4,E_shape_valley,95_70,17,66,0.0
ficus,53,k4,E_shape_valley,90_60,28,93,0.0
ficus,53,k8,E_occ,95_70,73,164,0.0
ficus,53,k8,E_occ,90_60,141,331,0.0
ficus,53,k8,E_layer,95_70,1,1,0.0
ficus,53,k8,E_layer,90_60,1,1,0.0
ficus,53,k8,E_shape_ridge,95_70,44,168,0.0
ficus,53,k8,E_shape_ridge,90_60,75,284,0.0
ficus,53,k8,E_shape_valley,95_70,68,539,0.0
ficus,53,k8,E_shape_valley,90_60,127,993,0.05337361530715005
ficus,53,median_depth,E_occ,95_70,194,9597,0.7504428467229343
ficus,53,median_depth,E_occ,90_60,214,14558,0.8001785959609836
ficus,53,median_depth,E_layer,95_70,194,9597,0.7504428467229343
ficus,53,median_depth,E_layer,90_60,214,14558,0.8001785959609836
ficus,53,median_depth,E_shape_ridge,95_70,194,9597,0.7504428467229343
ficus,53,median_depth,E_shape_ridge,90_60,214,14558,0.8001785959609836
ficus,53,median_depth,E_shape_valley,95_70,194,9597,0.7504428467229343
ficus,53,median_depth,E_shape_valley,90_60,214,14558,0.8001785959609836
ficus,53,no_ids,E_occ,95_70,338,4086,0.2173274596182085
ficus,53,no_ids,E_occ,90_60,390,7710,0.4683527885862516
ficus,53,no_ids,E_layer,95_70,56,906,0.4359823399558499
ficus,53,no_ids,E_layer,90_60,80,1596,0.5175438596491229
ficus,53,no_ids,E_shape_ridge,95_70,122,3036,0.5131752305665349
ficus,53,no_ids,E_shape_ridge,90_60,190,4963,0.5839210155148096
ficus,53,no_ids,E_shape_valley,95_70,58,10613,0.8580985583718082
ficus,53,no_ids,E_shape_valley,90_60,71,14569,0.8776854966023749
ficus,53,rgb_canny,E_occ,95_70,1097,9709,0.3872695437223195
ficus,53,rgb_canny,E_occ,90_60,1097,9709,0.3872695437223195
ficus,53,rgb_canny,E_layer,95_70,1097,9709,0.3872695437223195
ficus,53,rgb_canny,E_layer,90_60,1097,9709,0.3872695437223195
ficus,53,rgb_canny,E_shape_ridge,95_70,1097,9709,0.3872695437223195
ficus,53,rgb_canny,E_shape_ridge,90_60,1097,9709,0.3872695437223195
ficus,53,rgb_canny,E_shape_valley,95_70,1097,9709,0.3872695437223195
ficus,53,rgb_canny,E_shape_valley,90_60,1097,9709,0.3872695437223195
ficus,53,shuffled_depths,E_occ,95_70,685,5461,0.2327412561801868
ficus,53,shuffled_depths,E_occ,90_60,926,9603,0.399146100177028
ficus,53,shuffled_depths,E_layer,95_70,172,212,0.0
ficus,53,shuffled_depths,E_layer,90_60,299,388,0.0
ficus,53,shuffled_depths,E_shape_ridge,95_70,1262,3504,0.0
ficus,53,shuffled_depths,E_shape_ridge,90_60,1903,6634,0.06346095869761834
ficus,53,shuffled_depths,E_shape_valley,95_70,801,7713,0.4974718008556982
ficus,53,shuffled_depths,E_shape_valley,90_60,1127,11769,0.6208683830401903
ficus,53,shuffled_ids,E_occ,95_70,339,3303,0.11777172267635483
ficus,53,shuffled_ids,E_occ,90_60,438,6050,0.2190082644628099
ficus,53,shuffled_ids,E_layer,95_70,45,712,0.3553370786516854
ficus,53,shuffled_ids,E_layer,90_60,81,1357,0.45541635961680177
ficus,53,shuffled_ids,E_shape_ridge,95_70,130,326,0.0
ficus,53,shuffled_ids,E_shape_ridge,90_60,253,621,0.0
ficus,53,shuffled_ids,E_shape_valley,95_70,309,1471,0.15431679129843645
ficus,53,shuffled_ids,E_shape_valley,90_60,517,2432,0.18503289473684212
ficus,53,tau90_32,E_occ,95_70,320,4134,0.38243831640058057
ficus,53,tau90_32,E_occ,90_60,454,7381,0.5442351984825904
ficus,53,tau90_32,E_layer,95_70,45,318,0.0
ficus,53,tau90_32,E_layer,90_60,95,581,0.0
ficus,53,tau90_32,E_shape_ridge,95_70,123,2295,0.39215686274509803
ficus,53,tau90_32,E_shape_ridge,90_60,196,3709,0.4173631706659477
ficus,53,tau90_32,E_shape_valley,95_70,118,8052,0.8111028315946349
ficus,53,tau90_32,E_shape_valley,90_60,150,12341,0.8783729033303622
ficus,53,tau90_64,E_occ,95_70,279,6073,0.5218178824304298
ficus,53,tau90_64,E_occ,90_60,339,10971,0.6833470057424118
ficus,53,tau90_64,E_layer,95_70,51,808,0.3118811881188119
ficus,53,tau90_64,E_layer,90_60,98,1348,0.2959940652818991
ficus,53,tau90_64,E_shape_ridge,95_70,109,3024,0.5492724867724867
ficus,53,tau90_64,E_shape_ridge,90_60,179,5112,0.5424491392801252
ficus,53,tau90_64,E_shape_valley,95_70,68,10285,0.8763247447739426
ficus,53,tau90_64,E_shape_valley,90_60,73,14462,0.9126676808186973
ficus,53,tau95_128,E_occ,95_70,238,7073,0.5949384985154814
ficus,53,tau95_128,E_occ,90_60,297,12385,0.7169156237383932
ficus,53,tau95_128,E_layer,95_70,50,1104,0.6105072463768116
ficus,53,tau95_128,E_layer,90_60,79,1752,0.5422374429223744
ficus,53,tau95_128,E_shape_ridge,95_70,107,3079,0.5073075673920104
ficus,53,tau95_128,E_shape_ridge,90_60,198,5309,0.5424750423808626
ficus,53,tau95_128,E_shape_valley,95_70,64,10535,0.8366397721879449
ficus,53,tau95_128,E_shape_valley,90_60,77,14630,0.8791524265208476
ficus,53,tau95_32,E_occ,95_70,316,4255,0.408930669800235
ficus,53,tau95_32,E_occ,90_60,453,7510,0.551797603195739
ficus,53,tau95_32,E_layer,95_70,47,322,0.0
ficus,53,tau95_32,E_layer,90_60,96,594,0.0
ficus,53,tau95_32,E_shape_ridge,95_70,121,2304,0.4110243055555556
ficus,53,tau95_32,E_shape_ridge,90_60,195,3714,0.42945611200861605
ficus,53,tau95_32,E_shape_valley,95_70,113,8107,0.810410756136672
ficus,53,tau95_32,E_shape_valley,90_60,152,12498,0.8768602976476236
ficus,53,tau95_64,E_occ,95_70,263,6247,0.534496558348007
ficus,53,tau95_64,E_occ,90_60,319,11305,0.6929677134011499
ficus,53,tau95_64,E_layer,95_70,50,843,0.3760379596678529
ficus,53,tau95_64,E_layer,90_60,99,1448,0.2879834254143646
ficus,53,tau95_64,E_shape_ridge,95_70,111,3001,0.5308230589803399
ficus,53,tau95_64,E_shape_ridge,90_60,185,5106,0.5278104191147669
ficus,53,tau95_64,E_shape_valley,95_70,70,10429,0.8811966631508295
ficus,53,tau95_64,E_shape_valley,90_60,78,14556,0.9010030228084639
ficus,53,uniform,E_occ,95_70,299,5994,0.5131798465131798
ficus,53,uniform,E_occ,90_60,364,10364,0.6873793901968352
ficus,53,uniform,E_layer,95_70,41,1243,0.6468222043443282
ficus,53,uniform,E_layer,90_60,65,1924,0.6382536382536382
ficus,53,uniform,E_shape_ridge,95_70,108,3357,0.5886207923741436
ficus,53,uniform,E_shape_ridge,90_60,185,5747,0.5987471724377936
ficus,53,uniform,E_shape_valley,95_70,66,10647,0.8244575936883629
ficus,53,uniform,E_shape_valley,90_60,76,14548,0.8603244432224361
ficus,79,density,E_occ,95_70,81,7359,0.6080989264845768
ficus,79,density,E_occ,90_60,95,11408,0.7359747545582047
ficus,79,density,E_layer,95_70,81,7359,0.6080989264845768
ficus,79,density,E_layer,90_60,95,11408,0.7359747545582047
ficus,79,density,E_shape_ridge,95_70,81,7359,0.6080989264845768
ficus,79,density,E_shape_ridge,90_60,95,11408,0.7359747545582047
ficus,79,density,E_shape_valley,95_70,81,7359,0.6080989264845768
ficus,79,density,E_shape_valley,90_60,95,11408,0.7359747545582047
ficus,79,expected_depth,E_occ,95_70,304,9763,0.5348765748233125
ficus,79,expected_depth,E_occ,90_60,348,16628,0.7516237671397642
ficus,79,expected_depth,E_layer,95_70,304,9763,0.5348765748233125
ficus,79,expected_depth,E_layer,90_60,348,16628,0.7516237671397642
ficus,79,expected_depth,E_shape_ridge,95_70,304,9763,0.5348765748233125
ficus,79,expected_depth,E_shape_ridge,90_60,348,16628,0.7516237671397642
ficus,79,expected_depth,E_shape_valley,95_70,304,9763,0.5348765748233125
ficus,79,expected_depth,E_shape_valley,90_60,348,16628,0.7516237671397642
ficus,79,front_depth,E_occ,95_70,260,11491,0.6277086415455574
ficus,79,front_depth,E_occ,90_60,268,18496,0.8307742214532872
ficus,79,front_depth,E_layer,95_70,260,11491,0.6277086415455574
ficus,79,front_depth,E_layer,90_60,268,18496,0.8307742214532872
ficus,79,front_depth,E_shape_ridge,95_70,260,11491,0.6277086415455574
ficus,79,front_depth,E_shape_ridge,90_60,268,18496,0.8307742214532872
ficus,79,front_depth,E_shape_valley,95_70,260,11491,0.6277086415455574
ficus,79,front_depth,E_shape_valley,90_60,268,18496,0.8307742214532872
ficus,79,full,E_occ,95_70,272,6708,0.6474358974358975
ficus,79,full,E_occ,90_60,365,11835,0.7555555555555555
ficus,79,full,E_layer,95_70,63,656,0.06097560975609756
ficus,79,full,E_layer,90_60,106,909,0.10121012101210121
ficus,79,full,E_shape_ridge,95_70,310,6137,0.4440280267231546
ficus,79,full,E_shape_ridge,90_60,451,9443,0.5072540506195065
ficus,79,full,E_shape_valley,95_70,76,9306,0.8524607779926929
ficus,79,full,E_shape_valley,90_60,129,14648,0.8537001638448936
ficus,79,k16,E_occ,95_70,339,1252,0.08146964856230032
ficus,79,k16,E_occ,90_60,609,2390,0.06694560669456066
ficus,79,k16,E_layer,95_70,4,4,0.0
ficus,79,k16,E_layer,90_60,7,11,0.0
ficus,79,k16,E_shape_ridge,95_70,144,1436,0.15250696378830084
ficus,79,k16,E_shape_ridge,90_60,253,2713,0.18761518614080352
ficus,79,k16,E_shape_valley,95_70,168,2776,0.4538904899135447
ficus,79,k16,E_shape_valley,90_60,288,4670,0.45310492505353317
ficus,79,k4,E_occ,95_70,10,16,0.0
ficus,79,k4,E_occ,90_60,20,31,0.0
ficus,79,k4,E_layer,95_70,0,0,0.0
ficus,79,k4,E_layer,90_60,0,0,0.0
ficus,79,k4,E_shape_ridge,95_70,7,26,0.0
ficus,79,k4,E_shape_ridge,90_60,12,32,0.0
ficus,79,k4,E_shape_valley,95_70,15,61,0.0
ficus,79,k4,E_shape_valley,90_60,23,76,0.0
ficus,79,k8,E_occ,95_70,59,142,0.0
ficus,79,k8,E_occ,90_60,123,271,0.0
ficus,79,k8,E_layer,95_70,0,0,0.0
ficus,79,k8,E_layer,90_60,0,0,0.0
ficus,79,k8,E_shape_ridge,95_70,35,173,0.0
ficus,79,k8,E_shape_ridge,90_60,61,285,0.0
ficus,79,k8,E_shape_valley,95_70,59,345,0.0
ficus,79,k8,E_shape_valley,90_60,113,628,0.10191082802547771
ficus,79,median_depth,E_occ,95_70,293,10537,0.601024959665939
ficus,79,median_depth,E_occ,90_60,296,18854,0.8005197836002971
ficus,79,median_depth,E_layer,95_70,293,10537,0.601024959665939
ficus,79,median_depth,E_layer,90_60,296,18854,0.8005197836002971
ficus,79,median_depth,E_shape_ridge,95_70,293,10537,0.601024959665939
ficus,79,median_depth,E_shape_ridge,90_60,296,18854,0.8005197836002971
ficus,79,median_depth,E_shape_valley,95_70,293,10537,0.601024959665939
ficus,79,median_depth,E_shape_valley,90_60,296,18854,0.8005197836002971
ficus,79,no_ids,E_occ,95_70,379,5733,0.3936856793999651
ficus,79,no_ids,E_occ,90_60,448,10054,0.6116968370797693
ficus,79,no_ids,E_layer,95_70,63,656,0.06097560975609756
ficus,79,no_ids,E_layer,90_60,106,909,0.10121012101210121
ficus,79,no_ids,E_shape_ridge,95_70,342,4917,0.29225137278828556
ficus,79,no_ids,E_shape_ridge,90_60,517,9341,0.4481318916604218
ficus,79,no_ids,E_shape_valley,95_70,78,9535,0.8573675930781332
ficus,79,no_ids,E_shape_valley,90_60,121,14970,0.8464261857047428
ficus,79,rgb_canny,E_occ,95_70,1510,11274,0.29989356040447046
ficus,79,rgb_canny,E_occ,90_60,1510,11274,0.29989356040447046
ficus,79,rgb_canny,E_layer,95_70,1510,11274,0.29989356040447046
ficus,79,rgb_canny,E_layer,90_60,1510,11274,0.29989356040447046
ficus,79,rgb_canny,E_shape_ridge,95_70,1510,11274,0.29989356040447046
ficus,79,rgb_canny,E_shape_ridge,90_60,1510,11274,0.29989356040447046
ficus,79,rgb_canny,E_shape_valley,95_70,1510,11274,0.29989356040447046
ficus,79,rgb_canny,E_shape_valley,90_60,1510,11274,0.29989356040447046
ficus,79,shuffled_depths,E_occ,95_70,1138,4133,0.017178804742317928
ficus,79,shuffled_depths,E_occ,90_60,1614,8179,0.1062477075437095
ficus,79,shuffled_depths,E_layer,95_70,134,168,0.0
ficus,79,shuffled_depths,E_layer,90_60,244,316,0.0
ficus,79,shuffled_depths,E_shape_ridge,95_70,927,2284,0.0
ficus,79,shuffled_depths,E_shape_ridge,90_60,1529,3995,0.009011264080100126
ficus,79,shuffled_depths,E_shape_valley,95_70,1383,7106,0.1446664790318041
ficus,79,shuffled_depths,E_shape_valley,90_60,1538,11640,0.4011168384879725
ficus,79,shuffled_ids,E_occ,95_70,393,4358,0.1351537402478201
ficus,79,shuffled_ids,E_occ,90_60,498,7917,0.3820891751926235
ficus,79,shuffled_ids,E_layer,95_70,59,488,0.0
ficus,79,shuffled_ids,E_layer,90_60,103,829,0.061519903498190594
ficus,79,shuffled_ids,E_shape_ridge,95_70,349,987,0.0
ficus,79,shuffled_ids,E_shape_ridge,90_60,635,1916,0.0
ficus,79,shuffled_ids,E_shape_valley,95_70,401,2343,0.2283397353819889
ficus,79,shuffled_ids,E_shape_valley,90_60,672,3946,0.2536746071971617
ficus,79,tau90_32,E_occ,95_70,444,5007,0.32574395845815857
ficus,79,tau90_32,E_occ,90_60,594,9013,0.5118162653944303
ficus,79,tau90_32,E_layer,95_70,18,147,0.0
ficus,79,tau90_32,E_layer,90_60,37,233,0.0
ficus,79,tau90_32,E_shape_ridge,95_70,291,5179,0.4593550878547982
ficus,79,tau90_32,E_shape_ridge,90_60,426,8333,0.5731429257170286
ficus,79,tau90_32,E_shape_valley,95_70,162,7687,0.7156237804084818
ficus,79,tau90_32,E_shape_valley,90_60,216,12861,0.7806546924811445
ficus,79,tau90_64,E_occ,95_70,337,6411,0.5699578848853533
ficus,79,tau90_64,E_occ,90_60,405,11564,0.7417848495330336
ficus,79,tau90_64,E_layer,95_70,60,562,0.0711743772241993
ficus,79,tau90_64,E_layer,90_60,97,839,0.04767580452920143
ficus,79,tau90_64,E_shape_ridge,95_70,299,6205,0.4362610797743755
ficus,79,tau90_64,E_shape_ridge,90_60,464,9411,0.48294548932100734
ficus,79,tau90_64,E_shape_valley,95_70,80,9290,0.8396124865446717
ficus,79,tau90_64,E_shape_valley,90_60,124,14937,0.8618196424984936
ficus,79,tau95_128,E_occ,95_70,247,6841,0.6825025581055402
ficus,79,tau95_128,E_occ,90_60,317,11589,0.7717663301406507
ficus,79,tau95_128,E_layer,95_70,70,776,0.05283505154639175
ficus,79,tau95_128,E_layer,90_60,113,1090,0.13577981651376148
ficus,79,tau95_128,E_shape_ridge,95_70,298,6213,0.38322871398680186
ficus,79,tau95_128,E_shape_ridge,90_60,463,9914,0.4420012104095219
ficus,79,tau95_128,E_shape_valley,95_70,76,9160,0.8781659388646288
ficus,79,tau95_128,E_shape_valley,90_60,129,14819,0.8424320129563398
ficus,79,tau95_32,E_occ,95_70,451,5107,0.3156451928725279
ficus,79,tau95_32,E_occ,90_60,605,9163,0.4925242824402488
ficus,79,tau95_32,E_layer,95_70,18,147,0.0
ficus,79,tau95_32,E_layer,90_60,39,244,0.0
ficus,79,tau95_32,E_shape_ridge,95_70,293,5014,0.4397686477861986
ficus,79,tau95_32,E_shape_ridge,90_60,423,8303,0.5508852222088402
ficus,79,tau95_32,E_shape_valley,95_70,168,8198,0.7329836545498902
ficus,79,tau95_32,E_shape_valley,90_60,215,13000,0.7836923076923077
ficus,79,tau95_64,E_occ,95_70,323,6468,0.6079158936301794
ficus,79,tau95_64,E_occ,90_60,392,11514,0.7483932603786695
ficus,79,tau95_64,E_layer,95_70,63,620,0.06612903225806452
ficus,79,tau95_64,E_layer,90_60,106,954,0.0429769392033543
ficus,79,tau95_64,E_shape_ridge,95_70,314,6335,0.4088397790055249
ficus,79,tau95_64,E_shape_ridge,90_60,463,9829,0.4657645742191474
ficus,79,tau95_64,E_shape_valley,95_70,86,9527,0.8406633777684476
ficus,79,tau95_64,E_shape_valley,90_60,130,15056,0.8465727948990436
ficus,79,uniform,E_occ,95_70,326,6283,0.5702689797867261
ficus,79,uniform,E_occ,90_60,394,10834,0.7105408897913974
ficus,79,uniform,E_layer,95_70,67,790,0.12658227848101267
ficus,79,uniform,E_layer,90_60,109,1234,0.08265802269043761
ficus,79,uniform,E_shape_ridge,95_70,319,6082,0.31420585333771783
ficus,79,uniform,E_shape_ridge,90_60,477,10121,0.44560814148799527
ficus,79,uniform,E_shape_valley,95_70,90,8790,0.8100113765642776
ficus,79,uniform,E_shape_valley,90_60,133,14140,0.8094766619519095
lego,1,density,E_occ,95_70,43,11118,0.9168015830185285
lego,1,density,E_occ,90_60,57,16572,0.9297006999758629
lego,1,density,E_layer,95_70,43,11118,0.9168015830185285
lego,1,density,E_layer,90_60,57,16572,0.9297006999758629
lego,1,density,E_shape_ridge,95_70,43,11118,0.9168015830185285
lego,1,density,E_shape_ridge,90_60,57,16572,0.9297006999758629
lego,1,density,E_shape_valley,95_70,43,11118,0.9168015830185285
lego,1,density,E_shape_valley,90_60,57,16572,0.9297006999758629
lego,1,expected_depth,E_occ,95_70,89,24826,0.9919842101023121
lego,1,expected_depth,E_occ,90_60,141,48053,0.9943812040871538
lego,1,expected_depth,E_layer,95_70,89,24826,0.9919842101023121
lego,1,expected_depth,E_layer,90_60,141,48053,0.9943812040871538
lego,1,expected_depth,E_shape_ridge,95_70,89,24826,0.9919842101023121
lego,1,expected_depth,E_shape_ridge,90_60,141,48053,0.9943812040871538
lego,1,expected_depth,E_shape_valley,95_70,89,24826,0.9919842101023121
lego,1,expected_depth,E_shape_valley,90_60,141,48053,0.9943812040871538
lego,1,front_depth,E_occ,95_70,91,25566,0.9910427912070718
lego,1,front_depth,E_occ,90_60,128,53706,0.9930733996201542
lego,1,front_depth,E_layer,95_70,91,25566,0.9910427912070718
lego,1,front_depth,E_layer,90_60,128,53706,0.9930733996201542
lego,1,front_depth,E_shape_ridge,95_70,91,25566,0.9910427912070718
lego,1,front_depth,E_shape_ridge,90_60,128,53706,0.9930733996201542
lego,1,front_depth,E_shape_valley,95_70,91,25566,0.9910427912070718
lego,1,front_depth,E_shape_valley,90_60,128,53706,0.9930733996201542
lego,1,full,E_occ,95_70,672,17831,0.6659749873815266
lego,1,full,E_occ,90_60,682,29034,0.8373630915478405
lego,1,full,E_layer,95_70,56,252,0.0
lego,1,full,E_layer,90_60,102,529,0.1266540642722117
lego,1,full,E_shape_ridge,95_70,655,14741,0.6564005155688216
lego,1,full,E_shape_ridge,90_60,858,24528,0.728310502283105
lego,1,full,E_shape_valley,95_70,195,20898,0.892334194659776
lego,1,full,E_shape_valley,90_60,367,31367,0.8800969171422195
lego,1,k16,E_occ,95_70,882,11716,0.4155855240696483
lego,1,k16,E_occ,90_60,1151,19890,0.6007038712921066
lego,1,k16,E_layer,95_70,28,153,0.0
lego,1,k16,E_layer,90_60,47,241,0.0
lego,1,k16,E_shape_ridge,95_70,646,12659,0.48732127340232245
lego,1,k16,E_shape_ridge,90_60,932,21305,0.569490729875616
lego,1,k16,E_shape_valley,95_70,200,15637,0.8663426488456865
lego,1,k16,E_shape_valley,90_60,363,22572,0.8067517278043593
lego,1,k4,E_occ,95_70,233,832,0.09134615384615384
lego,1,k4,E_occ,90_60,425,1528,0.061518324607329845
lego,1,k4,E_layer,95_70,2,3,0.0
lego,1,k4,E_layer,90_60,2,3,0.0
lego,1,k4,E_shape_ridge,95_70,171,1517,0.06262359920896507
lego,1,k4,E_shape_ridge,90_60,312,3028,0.15554821664464993
lego,1,k4,E_shape_valley,95_70,185,2006,0.4097706879361914
lego,1,k4,E_shape_valley,90_60,313,3172,0.3634930643127364
lego,1,k8,E_occ,95_70,712,3789,0.11612562681446292
lego,1,k8,E_occ,90_60,1190,7097,0.18486684514583626
lego,1,k8,E_layer,95_70,5,28,0.0
lego,1,k8,E_layer,90_60,10,64,0.0
lego,1,k8,E_shape_ridge,95_70,436,5545,0.23336339044183949
lego,1,k8,E_shape_ridge,90_60,697,9687,0.3007122948281202
lego,1,k8,E_shape_valley,95_70,234,7126,0.7053045186640472
lego,1,k8,E_shape_valley,90_60,384,11101,0.6879560399963968
lego,1,median_depth,E_occ,95_70,72,25018,0.988648173315213
lego,1,median_depth,E_occ,90_60,121,47193,0.9958680312758248
lego,1,median_depth,E_layer,95_70,72,25018,0.988648173315213
lego,1,median_depth,E_layer,90_60,121,47193,0.9958680312758248
lego,1,median_depth,E_shape_ridge,95_70,72,25018,0.988648173315213
lego,1,median_depth,E_shape_ridge,90_60,121,47193,0.9958680312758248
lego,1,median_depth,E_shape_valley,95_70,72,25018,0.988648173315213
lego,1,median_depth,E_shape_valley,90_60,121,47193,0.9958680312758248
lego,1,no_ids,E_occ,95_70,760,13820,0.5395803183791607
lego,1,no_ids,E_occ,90_60,913,24282,0.7386953298739807
lego,1,no_ids,E_layer,95_70,56,252,0.0
lego,1,no_ids,E_layer,90_60,102,529,0.1266540642722117
lego,1,no_ids,E_shape_ridge,95_70,832,14034,0.5573606954538977
lego,1,no_ids,E_shape_ridge,90_60,1080,23500,0.6812340425531915
lego,1,no_ids,E_shape_valley,95_70,238,21955,0.8781598724664086
lego,1,no_ids,E_shape_valley,90_60,365,32730,0.8843568591506263
lego,1,rgb_canny,E_occ,95_70,740,15981,0.735873850197109
lego,1,rgb_canny,E_occ,90_60,740,15981,0.735873850197109
lego,1,rgb_canny,E_layer,95_70,740,15981,0.735873850197109
lego,1,rgb_canny,E_layer,90_60,740,15981,0.735873850197109
lego,1,rgb_canny,E_shape_ridge,95_70,740,15981,0.735873850197109
lego,1,rgb_canny,E_shape_ridge,90_60,740,15981,0.735873850197109
lego,1,rgb_canny,E_shape_valley,95_70,740,15981,0.735873850197109
lego,1,rgb_canny,E_shape_valley,90_60,740,15981,0.735873850197109
lego,1,shuffled_depths,E_occ,95_70,1795,14780,0.3124492557510149
lego,1,shuffled_depths,E_occ,90_60,1945,27376,0.6054573348918761
lego,1,shuffled_depths,E_layer,95_70,562,887,0.0
lego,1,shuffled_depths,E_layer,90_60,1068,1706,0.0
lego,1,shuffled_depths,E_shape_ridge,95_70,4130,13824,0.06850405092592593
lego,1,shuffled_depths,E_shape_ridge,90_60,5621,25925,0.2077145612343298
lego,1,shuffled_depths,E_shape_valley,95_70,4104,16511,0.1595300102961662
lego,1,shuffled_depths,E_shape_valley,90_60,5768,30334,0.2697633019054526
lego,1,shuffled_ids,E_occ,95_70,763,10643,0.2862914591750446
lego,1,shuffled_ids,E_occ,90_60,1019,18821,0.5118750332075873
lego,1,shuffled_ids,E_layer,95_70,56,217,0.0
lego,1,shuffled_ids,E_layer,90_60,102,455,0.0
lego,1,shuffled_ids,E_shape_ridge,95_70,462,947,0.0
lego,1,shuffled_ids,E_shape_ridge,90_60,867,1903,0.0
lego,1,shuffled_ids,E_shape_valley,95_70,510,1811,0.10767531750414136
lego,1,shuffled_ids,E_shape_valley,90_60,841,3154,0.1436271401395054
lego,1,tau90_32,E_occ,95_70,661,17264,0.673887859128823
lego,1,tau90_32,E_occ,90_60,717,27883,0.814582362012696
lego,1,tau90_32,E_layer,95_70,49,307,0.20195439739413681
lego,1,tau90_32,E_layer,90_60,79,492,0.12804878048780488
lego,1,tau90_32,E_shape_ridge,95_70,655,14283,0.6247286984527061
lego,1,tau90_32,E_shape_ridge,90_60,861,24475,0.7168130745658835
lego,1,tau90_32,E_shape_valley,95_70,209,20020,0.8889110889110889
lego,1,tau90_32,E_shape_valley,90_60,386,29932,0.860183081651744
lego,1,tau90_64,E_occ,95_70,673,17925,0.6727475592747559
lego,1,tau90_64,E_occ,90_60,670,28953,0.8403274272096156
lego,1,tau90_64,E_layer,95_70,57,251,0.0
lego,1,tau90_64,E_layer,90_60,103,528,0.12878787878787878
lego,1,tau90_64,E_shape_ridge,95_70,658,14701,0.6535609822461057
lego,1,tau90_64,E_shape_ridge,90_60,854,24475,0.7327068437180797
lego,1,tau90_64,E_shape_valley,95_70,191,20840,0.896017274472169
lego,1,tau90_64,E_shape_valley,90_60,362,31236,0.8751760788833397
lego,1,tau95_128,E_occ,95_70,629,18331,0.7012710708635644
lego,1,tau95_128,E_occ,90_60,627,29958,0.8549969957941117
lego,1,tau95_128,E_layer,95_70,62,261,0.0
lego,1,tau95_128,E_layer,90_60,127,613,0.11582381729200653
lego,1,tau95_128,E_shape_ridge,95_70,695,14555,0.5968395740295431
lego,1,tau95_128,E_shape_ridge,90_60,895,24459,0.7150333210679095
lego,1,tau95_128,E_shape_valley,95_70,196,21039,0.8994248776082513
lego,1,tau95_128,E_shape_valley,90_60,361,31505,0.8751626725916521
lego,1,tau95_32,E_occ,95_70,651,17549,0.6830588637529204
lego,1,tau95_32,E_occ,90_60,699,28097,0.831868170979108
lego,1,tau95_32,E_layer,95_70,50,329,0.1945288753799392
lego,1,tau95_32,E_layer,90_60,83,510,0.12745098039215685
lego,1,tau95_32,E_shape_ridge,95_70,672,14267,0.6013878180416345
lego,1,tau95_32,E_shape_ridge,90_60,897,24356,0.699211693217277
lego,1,tau95_32,E_shape_valley,95_70,198,19989,0.8933413377357546
lego,1,tau95_32,E_shape_valley,90_60,386,30143,0.8455362770792555
lego,1,tau95_64,E_occ,95_70,627,18376,0.7061384414453635
lego,1,tau95_64,E_occ,90_60,608,29890,0.8526597524255604
lego,1,tau95_64,E_layer,95_70,64,261,0.0
lego,1,tau95_64,E_layer,90_60,126,610,0.11639344262295082
lego,1,tau95_64,E_shape_ridge,95_70,689,14549,0.5959859784177607
lego,1,tau95_64,E_shape_ridge,90_60,887,24371,0.7146608674243978
lego,1,tau95_64,E_shape_valley,95_70,194,21035,0.9047777513667696
lego,1,tau95_64,E_shape_valley,90_60,362,31441,0.8715689704525937
lego,1,uniform,E_occ,95_70,784,15790,0.6069664344521849
lego,1,uniform,E_occ,90_60,856,26900,0.7763940520446097
lego,1,uniform,E_layer,95_70,79,651,0.0706605222734255
lego,1,uniform,E_layer,90_60,141,1244,0.08440514469453377
lego,1,uniform,E_shape_ridge,95_70,690,16258,0.6725304465493911
lego,1,uniform,E_shape_ridge,90_60,925,26087,0.7464637558937401
lego,1,uniform,E_shape_valley,95_70,220,21521,0.8981924631755029
lego,1,uniform,E_shape_valley,90_60,423,31180,0.8745028864656831
lego,27,density,E_occ,95_70,37,12617,0.9400808433066498
lego,27,density,E_occ,90_60,56,18789,0.9582202352440258
lego,27,density,E_layer,95_70,37,12617,0.9400808433066498
lego,27,density,E_layer,90_60,56,18789,0.9582202352440258
lego,27,density,E_shape_ridge,95_70,37,12617,0.9400808433066498
lego,27,density,E_shape_ridge,90_60,56,18789,0.9582202352440258
lego,27,density,E_shape_valley,95_70,37,12617,0.9400808433066498
lego,27,density,E_shape_valley,90_60,56,18789,0.9582202352440258
lego,27,expected_depth,E_occ,95_70,70,32501,0.9962155010615058
lego,27,expected_depth,E_occ,90_60,79,51113,0.9955197307925576
lego,27,expected_depth,E_layer,95_70,70,32501,0.9962155010615058
lego,27,expected_depth,E_layer,90_60,79,51113,0.9955197307925576
lego,27,expected_depth,E_shape_ridge,95_70,70,32501,0.9962155010615058
lego,27,expected_depth,E_shape_ridge,90_60,79,51113,0.9955197307925576
lego,27,expected_depth,E_shape_valley,95_70,70,32501,0.9962155010615058
lego,27,expected_depth,E_shape_valley,90_60,79,51113,0.9955197307925576
lego,27,front_depth,E_occ,95_70,79,32455,0.9959944538591896
lego,27,front_depth,E_occ,90_60,127,59974,0.9966318738119851
lego,27,front_depth,E_layer,95_70,79,32455,0.9959944538591896
lego,27,front_depth,E_layer,90_60,127,59974,0.9966318738119851
lego,27,front_depth,E_shape_ridge,95_70,79,32455,0.9959944538591896
lego,27,front_depth,E_shape_ridge,90_60,127,59974,0.9966318738119851
lego,27,front_depth,E_shape_valley,95_70,79,32455,0.9959944538591896
lego,27,front_depth,E_shape_valley,90_60,127,59974,0.9966318738119851
lego,27,full,E_occ,95_70,705,16052,0.5959382008472465
lego,27,full,E_occ,90_60,773,27536,0.7464410226612435
lego,27,full,E_layer,95_70,57,253,0.0
lego,27,full,E_layer,90_60,105,523,0.0
lego,27,full,E_shape_ridge,95_70,699,16616,0.591177178623014
lego,27,full,E_shape_ridge,90_60,986,28857,0.691201441591295
lego,27,full,E_shape_valley,95_70,82,24436,0.9829759371419218
lego,27,full,E_shape_valley,90_60,132,33658,0.970943015033573
lego,27,k16,E_occ,95_70,941,10169,0.3204838233847969
lego,27,k16,E_occ,90_60,1383,18475,0.4864411366711773
lego,27,k16,E_layer,95_70,29,96,0.0
lego,27,k16,E_layer,90_60,37,163,0.0
lego,27,k16,E_shape_ridge,95_70,539,13699,0.5144901087670632
lego,27,k16,E_shape_ridge,90_60,839,23595,0.6165713074803983
lego,27,k16,E_shape_valley,95_70,174,16648,0.922573282075925
lego,27,k16,E_shape_valley,90_60,256,25236,0.9307734981772071
lego,27,k4,E_occ,95_70,211,758,0.0
lego,27,k4,E_occ,90_60,409,1375,0.0
lego,27,k4,E_layer,95_70,1,3,0.0
lego,27,k4,E_layer,90_60,1,4,0.0
lego,27,k4,E_shape_ridge,95_70,220,2266,0.08296557811120918
lego,27,k4,E_shape_ridge,90_60,331,3430,0.10699708454810496
lego,27,k4,E_shape_valley,95_70,174,1734,0.3633217993079585
lego,27,k4,E_shape_valley,90_60,327,2769,0.23546406644998194
lego,27,k8,E_occ,95_70,717,3520,0.055965909090909094
lego,27,k8,E_occ,90_60,1238,6270,0.11818181818181818
lego,27,k8,E_layer,95_70,2,15,0.0
lego,27,k8,E_layer,90_60,6,23,0.0
lego,27,k8,E_shape_ridge,95_70,389,6185,0.29377526273241716
lego,27,k8,E_shape_ridge,90_60,679,11199,0.31029556210375925
lego,27,k8,E_shape_valley,95_70,218,7302,0.6965215009586415
lego,27,k8,E_shape_valley,90_60,400,11577,0.6982810745443552
lego,27,median_depth,E_occ,95_70,69,33606,0.9944950306492888
lego,27,median_depth,E_occ,90_60,75,50418,0.9964893490420088
lego,27,median_depth,E_layer,95_70,69,33606,0.9944950306492888
lego,27,median_depth,E_layer,90_60,75,50418,0.9964893490420088
lego,27,median_depth,E_shape_ridge,95_70,69,33606,0.9944950306492888
lego,27,median_depth,E_shape_ridge,90_60,75,50418,0.9964893490420088
lego,27,median_depth,E_shape_valley,95_70,69,33606,0.9944950306492888
lego,27,median_depth,E_shape_valley,90_60,75,50418,0.9964893490420088
lego,27,no_ids,E_occ,95_70,819,13306,0.4650533593867428
lego,27,no_ids,E_occ,90_60,1029,24207,0.6645185276985995
lego,27,no_ids,E_layer,95_70,57,253,0.0
lego,27,no_ids,E_layer,90_60,105,523,0.0
lego,27,no_ids,E_shape_ridge,95_70,768,14995,0.6259419806602201
lego,27,no_ids,E_shape_ridge,90_60,1071,27572,0.6634629334107065
lego,27,no_ids,E_shape_valley,95_70,75,25382,0.9858561185091798
lego,27,no_ids,E_shape_valley,90_60,158,35178,0.9751833532321337
lego,27,rgb_canny,E_occ,95_70,768,18415,0.7064892750475156
lego,27,rgb_canny,E_occ,90_60,768,18415,0.7064892750475156
lego,27,rgb_canny,E_layer,95_70,768,18415,0.7064892750475156
lego,27,rgb_canny,E_layer,90_60,768,18415,0.7064892750475156
lego,27,rgb_canny,E_shape_ridge,95_70,768,18415,0.7064892750475156
lego,27,rgb_canny,E_shape_ridge,90_60,768,18415,0.7064892750475156
lego,27,rgb_canny,E_shape_valley,95_70,768,18415,0.7064892750475156
lego,27,rgb_canny,E_shape_valley,90_60,768,18415,0.7064892750475156
lego,27,shuffled_depths,E_occ,95_70,2568,14823,0.1111111111111111
lego,27,shuffled_depths,E_occ,90_60,3204,27835,0.3900844260822705
lego,27,shuffled_depths,E_layer,95_70,220,307,0.0
lego,27,shuffled_depths,E_layer,90_60,434,601,0.0
lego,27,shuffled_depths,E_shape_ridge,95_70,4534,15502,0.03412462908011869
lego,27,shuffled_depths,E_shape_ridge,90_60,5913,29337,0.18597675290588678
lego,27,shuffled_depths,E_shape_valley,95_70,4066,18651,0.0758136292960163
lego,27,shuffled_depths,E_shape_valley,90_60,5348,33305,0.23149677225641796
lego,27,shuffled_ids,E_occ,95_70,852,10113,0.22416691387323248
lego,27,shuffled_ids,E_occ,90_60,1170,18575,0.4052220726783311
lego,27,shuffled_ids,E_layer,95_70,55,232,0.0
lego,27,shuffled_ids,E_layer,90_60,102,470,0.0
lego,27,shuffled_ids,E_shape_ridge,95_70,451,959,0.0
lego,27,shuffled_ids,E_shape_ridge,90_60,829,1790,0.0
lego,27,shuffled_ids,E_shape_valley,95_70,499,1952,0.13575819672131148
lego,27,shuffled_ids,E_shape_valley,90_60,851,3453,0.21141036779611933
lego,27,tau90_32,E_occ,95_70,754,15696,0.523381753312946
lego,27,tau90_32,E_occ,90_60,892,26068,0.682560994322541
lego,27,tau90_32,E_layer,95_70,44,231,0.0
lego,27,tau90_32,E_layer,90_60,83,467,0.0
lego,27,tau90_32,E_shape_ridge,95_70,650,16604,0.5952782462057336
lego,27,tau90_32,E_shape_ridge,90_60,958,28474,0.6846245697829599
lego,27,tau90_32,E_shape_valley,95_70,98,23540,0.9756159728122344
lego,27,tau90_32,E_shape_valley,90_60,143,32096,0.9751370887337986
lego,27,tau90_64,E_occ,95_70,699,15975,0.5914241001564945
lego,27,tau90_64,E_occ,90_60,774,27312,0.7434094903339191
lego,27,tau90_64,E_layer,95_70,57,246,0.0
lego,27,tau90_64,E_layer,90_60,108,561,0.0
lego,27,tau90_64,E_shape_ridge,95_70,702,16572,0.590031378228337
lego,27,tau90_64,E_shape_ridge,90_60,986,28801,0.6827193500225687
lego,27,tau90_64,E_shape_valley,95_70,80,24037,0.9825269376378084
lego,27,tau90_64,E_shape_valley,90_60,134,33448,0.9709100693613968
lego,27,tau95_128,E_occ,95_70,640,16611,0.640960809102402
lego,27,tau95_128,E_occ,90_60,693,28556,0.7896063874492226
lego,27,tau95_128,E_layer,95_70,61,301,0.0
lego,27,tau95_128,E_layer,90_60,123,618,0.0
lego,27,tau95_128,E_shape_ridge,95_70,751,16819,0.5797609846007492
lego,27,tau95_128,E_shape_ridge,90_60,1032,29150,0.6742024013722127
lego,27,tau95_128,E_shape_valley,95_70,77,24650,0.9836511156186613
lego,27,tau95_128,E_shape_valley,90_60,129,33525,0.9706189410887397
lego,27,tau95_32,E_occ,95_70,703,16101,0.5669834171790572
lego,27,tau95_32,E_occ,90_60,854,26415,0.7113003975014196
lego,27,tau95_32,E_layer,95_70,51,272,0.0
lego,27,tau95_32,E_layer,90_60,92,543,0.0
lego,27,tau95_32,E_shape_ridge,95_70,683,16783,0.6065065840433772
lego,27,tau95_32,E_shape_ridge,90_60,968,28644,0.6835637480798771
lego,27,tau95_32,E_shape_valley,95_70,108,23410,0.9709525843656557
lego,27,tau95_32,E_shape_valley,90_60,148,32004,0.9730658667666542
lego,27,tau95_64,E_occ,95_70,646,16696,0.6312889314805942
lego,27,tau95_64,E_occ,90_60,717,28382,0.7825382284546544
lego,27,tau95_64,E_layer,95_70,64,298,0.0
lego,27,tau95_64,E_layer,90_60,123,608,0.0
lego,27,tau95_64,E_shape_ridge,95_70,745,16796,0.5748987854251012
lego,27,tau95_64,E_shape_ridge,90_60,1031,29085,0.6734399174832388
lego,27,tau95_64,E_shape_valley,95_70,76,24202,0.9831418891000744
lego,27,tau95_64,E_shape_valley,90_60,135,33480,0.9680406212664278
lego,27,uniform,E_occ,95_70,885,14854,0.5126565234953547
lego,27,uniform,E_occ,90_60,992,25804,0.7195396062625949
lego,27,uniform,E_layer,95_70,72,573,0.0
lego,27,uniform,E_layer,90_60,153,1399,0.13080771979985703
lego,27,uniform,E_shape_ridge,95_70,673,18102,0.6830184509998896
lego,27,uniform,E_shape_ridge,90_60,1009,30043,0.7369437140099191
lego,27,uniform,E_shape_valley,95_70,103,25323,0.9810843896852663
lego,27,uniform,E_shape_valley,90_60,170,33944,0.975489040773038
lego,53,density,E_occ,95_70,39,9718,0.9352747478905125
lego,53,density,E_occ,90_60,58,15994,0.953232462173315
lego,53,density,E_layer,95_70,39,9718,0.9352747478905125
lego,53,density,E_layer,90_60,58,15994,0.953232462173315
lego,53,density,E_shape_ridge,95_70,39,9718,0.9352747478905125
lego,53,density,E_shape_ridge,90_60,58,15994,0.953232462173315
lego,53,density,E_shape_valley,95_70,39,9718,0.9352747478905125
lego,53,density,E_shape_valley,90_60,58,15994,0.953232462173315
lego,53,expected_depth,E_occ,95_70,100,18020,0.9468923418423973
lego,53,expected_depth,E_occ,90_60,117,47994,0.9849147810142934
lego,53,expected_depth,E_layer,95_70,100,18020,0.9468923418423973
lego,53,expected_depth,E_layer,90_60,117,47994,0.9849147810142934
lego,53,expected_depth,E_shape_ridge,95_70,100,18020,0.9468923418423973
lego,53,expected_depth,E_shape_ridge,90_60,117,47994,0.9849147810142934
lego,53,expected_depth,E_shape_valley,95_70,100,18020,0.9468923418423973
lego,53,expected_depth,E_shape_valley,90_60,117,47994,0.9849147810142934
lego,53,front_depth,E_occ,95_70,85,19272,0.9568285595682856
lego,53,front_depth,E_occ,90_60,71,49646,0.9904524030133344
lego,53,front_depth,E_layer,95_70,85,19272,0.9568285595682856
lego,53,front_depth,E_layer,90_60,71,49646,0.9904524030133344
lego,53,front_depth,E_shape_ridge,95_70,85,19272,0.9568285595682856
lego,53,front_depth,E_shape_ridge,90_60,71,49646,0.9904524030133344
lego,53,front_depth,E_shape_valley,95_70,85,19272,0.9568285595682856
lego,53,front_depth,E_shape_valley,90_60,71,49646,0.9904524030133344
lego,53,full,E_occ,95_70,491,12110,0.6142031379025599
lego,53,full,E_occ,90_60,567,20860,0.7749760306807286
lego,53,full,E_layer,95_70,47,211,0.0
lego,53,full,E_layer,90_60,85,473,0.0
lego,53,full,E_shape_ridge,95_70,675,11808,0.5030487804878049
lego,53,full,E_shape_ridge,90_60,834,22316,0.6799157555117404
lego,53,full,E_shape_valley,95_70,206,19885,0.8841337691727432
lego,53,full,E_shape_valley,90_60,339,32404,0.8909393901987409
lego,53,k16,E_occ,95_70,598,7599,0.35991577839189365
lego,53,k16,E_occ,90_60,851,13529,0.5488949663685416
lego,53,k16,E_layer,95_70,19,99,0.0
lego,53,k16,E_layer,90_60,29,163,0.0
lego,53,k16,E_shape_ridge,95_70,595,11049,0.5173318852384832
lego,53,k16,E_shape_ridge,90_60,800,18024,0.6377052818464269
lego,53,k16,E_shape_valley,95_70,250,13944,0.7936029833620195
lego,53,k16,E_shape_valley,90_60,438,22107,0.7572714524811146
lego,53,k4,E_occ,95_70,176,562,0.0
lego,53,k4,E_occ,90_60,346,1037,0.0
lego,53,k4,E_layer,95_70,0,0,0.0
lego,53,k4,E_layer,90_60,0,0,0.0
lego,53,k4,E_shape_ridge,95_70,190,1538,0.09752925877763328
lego,53,k4,E_shape_ridge,90_60,295,2518,0.0726767275615568
lego,53,k4,E_shape_valley,95_70,205,1554,0.05019305019305019
lego,53,k4,E_shape_valley,90_60,393,3011,0.06841580870142809
lego,53,k8,E_occ,95_70,516,2453,0.06930289441500204
lego,53,k8,E_occ,90_60,914,4630,0.10151187904967603
lego,53,k8,E_layer,95_70,4,8,0.0
lego,53,k8,E_layer,90_60,8,18,0.0
lego,53,k8,E_shape_ridge,95_70,396,5084,0.3326121164437451
lego,53,k8,E_shape_ridge,90_60,619,8460,0.3432624113475177
lego,53,k8,E_shape_valley,95_70,249,6034,0.5251905866755054
lego,53,k8,E_shape_valley,90_60,468,10731,0.5182182462025906
lego,53,median_depth,E_occ,95_70,84,18236,0.9500438692695766
lego,53,median_depth,E_occ,90_60,130,45793,0.9812198370930055
lego,53,median_depth,E_layer,95_70,84,18236,0.9500438692695766
lego,53,median_depth,E_layer,90_60,130,45793,0.9812198370930055
lego,53,median_depth,E_shape_ridge,95_70,84,18236,0.9500438692695766
lego,53,median_depth,E_shape_ridge,90_60,130,45793,0.9812198370930055
lego,53,median_depth,E_shape_valley,95_70,84,18236,0.9500438692695766
lego,53,median_depth,E_shape_valley,90_60,130,45793,0.9812198370930055
lego,53,no_ids,E_occ,95_70,514,9899,0.513991312253763
lego,53,no_ids,E_occ,90_60,689,18319,0.680986953436323
lego,53,no_ids,E_layer,95_70,47,211,0.0
lego,53,no_ids,E_layer,90_60,85,473,0.0
lego,53,no_ids,E_shape_ridge,95_70,741,10621,0.5145466528575464
lego,53,no_ids,E_shape_ridge,90_60,994,21336,0.6263592050993626
lego,53,no_ids,E_shape_valley,95_70,221,21215,0.897195380626915
lego,53,no_ids,E_shape_valley,90_60,319,33602,0.9098565561573716
lego,53,rgb_canny,E_occ,95_70,887,18170,0.7057237204182719
lego,53,rgb_canny,E_occ,90_60,887,18170,0.7057237204182719
lego,53,rgb_canny,E_layer,95_70,887,18170,0.7057237204182719
lego,53,rgb_canny,E_layer,90_60,887,18170,0.7057237204182719
lego,53,rgb_canny,E_shape_ridge,95_70,887,18170,0.7057237204182719
lego,53,rgb_canny,E_shape_ridge,90_60,887,18170,0.7057237204182719
lego,53,rgb_canny,E_shape_valley,95_70,887,18170,0.7057237204182719
lego,53,rgb_canny,E_shape_valley,90_60,887,18170,0.7057237204182719
lego,53,shuffled_depths,E_occ,95_70,2118,11647,0.10595003005065683
lego,53,shuffled_depths,E_occ,90_60,2588,21893,0.34001735714611975
lego,53,shuffled_depths,E_layer,95_70,185,261,0.0
lego,53,shuffled_depths,E_layer,90_60,359,518,0.0
lego,53,shuffled_depths,E_shape_ridge,95_70,3677,11634,0.04065669589135293
lego,53,shuffled_depths,E_shape_ridge,90_60,5023,22361,0.16027905728724118
lego,53,shuffled_depths,E_shape_valley,95_70,3422,14287,0.041156295933366
lego,53,shuffled_depths,E_shape_valley,90_60,4423,25732,0.20876729364215763
lego,53,shuffled_ids,E_occ,95_70,559,7622,0.28286538966150615
lego,53,shuffled_ids,E_occ,90_60,782,14309,0.4724998252847858
lego,53,shuffled_ids,E_layer,95_70,48,190,0.0
lego,53,shuffled_ids,E_layer,90_60,85,419,0.0
lego,53,shuffled_ids,E_shape_ridge,95_70,373,798,0.0
lego,53,shuffled_ids,E_shape_ridge,90_60,677,1614,0.0
lego,53,shuffled_ids,E_shape_valley,95_70,475,1762,0.08683314415437003
lego,53,shuffled_ids,E_shape_valley,90_60,879,3320,0.07771084337349397
lego,53,tau90_32,E_occ,95_70,498,11898,0.5866532190284082
lego,53,tau90_32,E_occ,90_60,584,20015,0.7572820384711466
lego,53,tau90_32,E_layer,95_70,42,213,0.0
lego,53,tau90_32,E_layer,90_60,70,433,0.0
lego,53,tau90_32,E_shape_ridge,95_70,644,13420,0.5783904619970194
lego,53,tau90_32,E_shape_ridge,90_60,803,22180,0.6788548241659152
lego,53,tau90_32,E_shape_valley,95_70,228,18929,0.866131332875482
lego,53,tau90_32,E_shape_valley,90_60,412,30286,0.8661757907944264
lego,53,tau90_64,E_occ,95_70,486,12202,0.6162924110801508
lego,53,tau90_64,E_occ,90_60,571,20666,0.7777025065324688
lego,53,tau90_64,E_layer,95_70,47,211,0.0
lego,53,tau90_64,E_layer,90_60,85,472,0.0
lego,53,tau90_64,E_shape_ridge,95_70,678,11892,0.5062226707029936
lego,53,tau90_64,E_shape_ridge,90_60,844,22389,0.679351467238376
lego,53,tau90_64,E_shape_valley,95_70,210,19840,0.8795362903225806
lego,53,tau90_64,E_shape_valley,90_60,352,31998,0.8892430776923558
lego,53,tau95_128,E_occ,95_70,482,12570,0.6021479713603819
lego,53,tau95_128,E_occ,90_60,553,21477,0.7989942729431485
lego,53,tau95_128,E_layer,95_70,57,273,0.0
lego,53,tau95_128,E_layer,90_60,88,509,0.08447937131630648
lego,53,tau95_128,E_shape_ridge,95_70,686,12026,0.4722268418426742
lego,53,tau95_128,E_shape_ridge,90_60,845,22091,0.6531619211443574
lego,53,tau95_128,E_shape_valley,95_70,194,20183,0.8864886290442452
lego,53,tau95_128,E_shape_valley,90_60,349,32776,0.8956553575787162
lego,53,tau95_32,E_occ,95_70,488,12107,0.601883208061452
lego,53,tau95_32,E_occ,90_60,561,20341,0.7661865198367829
lego,53,tau95_32,E_layer,95_70,43,243,0.0
lego,53,tau95_32,E_layer,90_60,69,501,0.13373253493013973
lego,53,tau95_32,E_shape_ridge,95_70,637,13318,0.5489562997447064
lego,53,tau95_32,E_shape_ridge,90_60,797,22259,0.6719978435688935
lego,53,tau95_32,E_shape_valley,95_70,232,19066,0.8486835204028113
lego,53,tau95_32,E_shape_valley,90_60,411,30071,0.8613946992118653
lego,53,tau95_64,E_occ,95_70,476,12469,0.6130403400433074
lego,53,tau95_64,E_occ,90_60,560,21292,0.7918467029870374
lego,53,tau95_64,E_layer,95_70,57,272,0.0
lego,53,tau95_64,E_layer,90_60,86,510,0.08431372549019608
lego,53,tau95_64,E_shape_ridge,95_70,677,12057,0.48021895994028363
lego,53,tau95_64,E_shape_ridge,90_60,853,22268,0.6559188072570504
lego,53,tau95_64,E_shape_valley,95_70,209,19912,0.8806749698674167
lego,53,tau95_64,E_shape_valley,90_60,356,32223,0.8899543804115073
lego,53,uniform,E_occ,95_70,592,11497,0.5336174654257633
lego,53,uniform,E_occ,90_60,737,20239,0.7361035624289738
lego,53,uniform,E_layer,95_70,62,624,0.08493589743589744
lego,53,uniform,E_layer,90_60,123,1116,0.16666666666666666
lego,53,uniform,E_shape_ridge,95_70,685,12225,0.5231083844580777
lego,53,uniform,E_shape_ridge,90_60,856,22812,0.6983166754339821
lego,53,uniform,E_shape_valley,95_70,212,21251,0.9048985930073878
lego,53,uniform,E_shape_valley,90_60,376,32750,0.8988091603053435
lego,79,density,E_occ,95_70,38,13571,0.9560828236681158
lego,79,density,E_occ,90_60,59,20143,0.96435486273147
lego,79,density,E_layer,95_70,38,13571,0.9560828236681158
lego,79,density,E_layer,90_60,59,20143,0.96435486273147
lego,79,density,E_shape_ridge,95_70,38,13571,0.9560828236681158
lego,79,density,E_shape_ridge,90_60,59,20143,0.96435486273147
lego,79,density,E_shape_valley,95_70,38,13571,0.9560828236681158
lego,79,density,E_shape_valley,90_60,59,20143,0.96435486273147
lego,79,expected_depth,E_occ,95_70,119,37598,0.9900260652162349
lego,79,expected_depth,E_occ,90_60,102,60567,0.992008849703634
lego,79,expected_depth,E_layer,95_70,119,37598,0.9900260652162349
lego,79,expected_depth,E_layer,90_60,102,60567,0.992008849703634
lego,79,expected_depth,E_shape_ridge,95_70,119,37598,0.9900260652162349
lego,79,expected_depth,E_shape_ridge,90_60,102,60567,0.992008849703634
lego,79,expected_depth,E_shape_valley,95_70,119,37598,0.9900260652162349
lego,79,expected_depth,E_shape_valley,90_60,102,60567,0.992008849703634
lego,79,front_depth,E_occ,95_70,95,42272,0.995505299015897
lego,79,front_depth,E_occ,90_60,110,65268,0.9963075320218178
lego,79,front_depth,E_layer,95_70,95,42272,0.995505299015897
lego,79,front_depth,E_layer,90_60,110,65268,0.9963075320218178
lego,79,front_depth,E_shape_ridge,95_70,95,42272,0.995505299015897
lego,79,front_depth,E_shape_ridge,90_60,110,65268,0.9963075320218178
lego,79,front_depth,E_shape_valley,95_70,95,42272,0.995505299015897
lego,79,front_depth,E_shape_valley,90_60,110,65268,0.9963075320218178
lego,79,full,E_occ,95_70,701,14566,0.5603460112590966
lego,79,full,E_occ,90_60,791,25865,0.772008505702687
lego,79,full,E_layer,95_70,40,260,0.0
lego,79,full,E_layer,90_60,62,426,0.0
lego,79,full,E_shape_ridge,95_70,857,18721,0.5828748464291438
lego,79,full,E_shape_ridge,90_60,989,30116,0.7259264178509762
lego,79,full,E_shape_valley,95_70,108,28973,0.9615158941083077
lego,79,full,E_shape_valley,90_60,146,39801,0.9766840029144996
lego,79,k16,E_occ,95_70,916,8950,0.2851396648044693
lego,79,k16,E_occ,90_60,1388,16577,0.4074923086203776
lego,79,k16,E_layer,95_70,15,87,0.0
lego,79,k16,E_layer,90_60,25,166,0.0
lego,79,k16,E_shape_ridge,95_70,695,14049,0.5126343511993736
lego,79,k16,E_shape_ridge,90_60,1001,24932,0.5823840847104124
lego,79,k16,E_shape_valley,95_70,236,20803,0.8975147815218959
lego,79,k16,E_shape_valley,90_60,316,28016,0.9174043403769274
lego,79,k4,E_occ,95_70,201,631,0.0
lego,79,k4,E_occ,90_60,392,1132,0.0
lego,79,k4,E_layer,95_70,1,2,0.0
lego,79,k4,E_layer,90_60,2,5,0.0
lego,79,k4,E_shape_ridge,95_70,197,2191,0.0
lego,79,k4,E_shape_ridge,90_60,342,3651,0.020542317173377157
lego,79,k4,E_shape_valley,95_70,223,2071,0.15306615161757606
lego,79,k4,E_shape_valley,90_60,367,2993,0.20147009689274975
lego,79,k8,E_occ,95_70,675,2944,0.028872282608695652
lego,79,k8,E_occ,90_60,1181,5462,0.07048700109849872
lego,79,k8,E_layer,95_70,5,8,0.0
lego,79,k8,E_layer,90_60,7,19,0.0
lego,79,k8,E_shape_ridge,95_70,478,5973,0.19688598694123555
lego,79,k8,E_shape_ridge,90_60,843,11024,0.16645500725689405
lego,79,k8,E_shape_valley,95_70,298,8217,0.6658147742485092
lego,79,k8,E_shape_valley,90_60,455,12184,0.6684175968483257
lego,79,median_depth,E_occ,95_70,89,40216,0.9952755122339367
lego,79,median_depth,E_occ,90_60,98,61296,0.9903908901070216
lego,79,median_depth,E_layer,95_70,89,40216,0.9952755122339367
lego,79,median_depth,E_layer,90_60,98,61296,0.9903908901070216
lego,79,median_depth,E_shape_ridge,95_70,89,40216,0.9952755122339367
lego,79,median_depth,E_shape_ridge,90_60,98,61296,0.9903908901070216
lego,79,median_depth,E_shape_valley,95_70,89,40216,0.9952755122339367
lego,79,median_depth,E_shape_valley,90_60,98,61296,0.9903908901070216
lego,79,no_ids,E_occ,95_70,782,11959,0.4377456309055941
lego,79,no_ids,E_occ,90_60,939,21702,0.6056584646576353
lego,79,no_ids,E_layer,95_70,40,260,0.0
lego,79,no_ids,E_layer,90_60,62,426,0.0
lego,79,no_ids,E_shape_ridge,95_70,886,15790,0.5274857504749841
lego,79,no_ids,E_shape_ridge,90_60,1121,29308,0.6610481779718849
lego,79,no_ids,E_shape_valley,95_70,116,29419,0.9626431897753153
lego,79,no_ids,E_shape_valley,90_60,116,42112,0.9922349924012158
lego,79,rgb_canny,E_occ,95_70,708,21628,0.6719067874976882
lego,79,rgb_canny,E_occ,90_60,708,21628,0.6719067874976882
lego,79,rgb_canny,E_layer,95_70,708,21628,0.6719067874976882
lego,79,rgb_canny,E_layer,90_60,708,21628,0.6719067874976882
lego,79,rgb_canny,E_shape_ridge,95_70,708,21628,0.6719067874976882
lego,79,rgb_canny,E_shape_ridge,90_60,708,21628,0.6719067874976882
lego,79,rgb_canny,E_shape_valley,95_70,708,21628,0.6719067874976882
lego,79,rgb_canny,E_shape_valley,90_60,708,21628,0.6719067874976882
lego,79,shuffled_depths,E_occ,95_70,3167,13504,0.036803909952606635
lego,79,shuffled_depths,E_occ,90_60,4472,25240,0.1741283676703645
lego,79,shuffled_depths,E_layer,95_70,528,804,0.0
lego,79,shuffled_depths,E_layer,90_60,1036,1571,0.0
lego,79,shuffled_depths,E_shape_ridge,95_70,4870,16966,0.07379464811976895
lego,79,shuffled_depths,E_shape_ridge,90_60,6101,31886,0.25889104936335694
lego,79,shuffled_depths,E_shape_valley,95_70,4597,20210,0.08396833250865908
lego,79,shuffled_depths,E_shape_valley,90_60,6170,36051,0.22781614934398492
lego,79,shuffled_ids,E_occ,95_70,791,9511,0.24802859846493533
lego,79,shuffled_ids,E_occ,90_60,1023,17366,0.3914545663941034
lego,79,shuffled_ids,E_layer,95_70,42,234,0.0
lego,79,shuffled_ids,E_layer,90_60,60,402,0.0
lego,79,shuffled_ids,E_shape_ridge,95_70,326,660,0.0
lego,79,shuffled_ids,E_shape_ridge,90_60,628,1288,0.0
lego,79,shuffled_ids,E_shape_valley,95_70,441,1564,0.1815856777493606
lego,79,shuffled_ids,E_shape_valley,90_60,765,2741,0.21050711419190077
lego,79,tau90_32,E_occ,95_70,715,13817,0.5085763914018963
lego,79,tau90_32,E_occ,90_60,879,23953,0.6957374859099069
lego,79,tau90_32,E_layer,95_70,26,166,0.0
lego,79,tau90_32,E_layer,90_60,62,439,0.0
lego,79,tau90_32,E_shape_ridge,95_70,794,18408,0.6233702737940026
lego,79,tau90_32,E_shape_ridge,90_60,1007,29845,0.7385826771653543
lego,79,tau90_32,E_shape_valley,95_70,121,28434,0.9597664767531828
lego,79,tau90_32,E_shape_valley,90_60,149,37569,0.9629481753573425
lego,79,tau90_64,E_occ,95_70,691,14498,0.5592495516622983
lego,79,tau90_64,E_occ,90_60,790,25768,0.7673082893511332
lego,79,tau90_64,E_layer,95_70,37,244,0.0
lego,79,tau90_64,E_layer,90_60,61,437,0.0
lego,79,tau90_64,E_shape_ridge,95_70,848,18703,0.5942896861466075
lego,79,tau90_64,E_shape_ridge,90_60,1002,30104,0.7226282221631677
lego,79,tau90_64,E_shape_valley,95_70,113,28640,0.9596368715083798
lego,79,tau90_64,E_shape_valley,90_60,152,39402,0.9805339830465458
lego,79,tau95_128,E_occ,95_70,646,15421,0.6015174113222229
lego,79,tau95_128,E_occ,90_60,720,26627,0.7979494498065873
lego,79,tau95_128,E_layer,95_70,52,330,0.0
lego,79,tau95_128,E_layer,90_60,76,508,0.0
lego,79,tau95_128,E_shape_ridge,95_70,830,18815,0.5956949242625564
lego,79,tau95_128,E_shape_ridge,90_60,1014,30634,0.7334334399686623
lego,79,tau95_128,E_shape_valley,95_70,111,29238,0.9611122511799712
lego,79,tau95_128,E_shape_valley,90_60,126,39409,0.9749803344413712
lego,79,tau95_32,E_occ,95_70,708,14029,0.5485066647658422
lego,79,tau95_32,E_occ,90_60,856,24385,0.6972729136764404
lego,79,tau95_32,E_layer,95_70,31,171,0.0
lego,79,tau95_32,E_layer,90_60,68,475,0.0
lego,79,tau95_32,E_shape_ridge,95_70,776,18486,0.6234988640051932
lego,79,tau95_32,E_shape_ridge,90_60,1020,30171,0.7248351065592787
lego,79,tau95_32,E_shape_valley,95_70,127,27789,0.9502680916909568
lego,79,tau95_32,E_shape_valley,90_60,153,37236,0.9740842195724567
lego,79,tau95_64,E_occ,95_70,632,15358,0.6124495377002214
lego,79,tau95_64,E_occ,90_60,719,26470,0.7919531545145447
lego,79,tau95_64,E_layer,95_70,49,313,0.0
lego,79,tau95_64,E_layer,90_60,75,487,0.0
lego,79,tau95_64,E_shape_ridge,95_70,830,18734,0.603661791395324
lego,79,tau95_64,E_shape_ridge,90_60,1013,30640,0.7369778067885118
lego,79,tau95_64,E_shape_valley,95_70,115,28841,0.9540237855830241
lego,79,tau95_64,E_shape_valley,90_60,131,38964,0.9732573657735345
lego,79,uniform,E_occ,95_70,845,14326,0.5247103169063242
lego,79,uniform,E_occ,90_60,904,24816,0.7061976144422953
lego,79,uniform,E_layer,95_70,58,556,0.0
lego,79,uniform,E_layer,90_60,119,1272,0.17688679245283018
lego,79,uniform,E_shape_ridge,95_70,822,18854,0.6161026837806302
lego,79,uniform,E_shape_ridge,90_60,1031,31008,0.7198464912280702
lego,79,uniform,E_shape_valley,95_70,115,28394,0.9736916249911953
lego,79,uniform,E_shape_valley,90_60,143,40356,0.9836951134899395
