pcak,k,mode,opa,q,nms,nsel,prec,rec,nvis
12,4,crease,0.10,0.25,off,42663,0.4101,0.9479,23786
12,4,crease,0.10,0.25,0.9,34765,0.4102,0.9357,19362
12,4,crease,0.10,0.25,0.7,23970,0.4042,0.9093,13364
12,4,crease,0.10,0.40,off,34130,0.4349,0.9127,19142
12,4,crease,0.10,0.40,0.9,28513,0.4346,0.9027,15977
12,4,crease,0.10,0.40,0.7,20218,0.4298,0.8771,11340
12,4,crease,0.10,0.55,off,25598,0.4452,0.8581,14426
12,4,crease,0.10,0.55,0.9,22060,0.4449,0.8488,12409
12,4,crease,0.10,0.55,0.7,16337,0.4424,0.8203,9192
12,4,crease,0.10,0.65,off,19910,0.4460,0.8052,11251
12,4,crease,0.10,0.65,0.9,17496,0.4469,0.7944,9877
12,4,crease,0.10,0.65,0.7,13472,0.4460,0.7657,7601
12,4,crease,0.10,0.75,off,14221,0.4470,0.7487,8050
12,4,crease,0.10,0.75,0.9,12770,0.4481,0.7327,7224
12,4,crease,0.10,0.75,0.7,10285,0.4464,0.7095,5824
12,4,crease,0.30,0.25,off,23979,0.4546,0.8864,13137
12,4,crease,0.30,0.25,0.9,21087,0.4521,0.8795,11545
12,4,crease,0.30,0.25,0.7,16522,0.4424,0.8559,9073
12,4,crease,0.30,0.40,off,19184,0.4669,0.8403,10572
12,4,crease,0.30,0.40,0.9,17139,0.4651,0.8334,9436
12,4,crease,0.30,0.40,0.7,13742,0.4582,0.8077,7574
12,4,crease,0.30,0.55,off,14388,0.4715,0.7828,7953
12,4,crease,0.30,0.55,0.9,13116,0.4702,0.7779,7248
12,4,crease,0.30,0.55,0.7,10834,0.4668,0.7518,5993
12,4,crease,0.30,0.65,off,11191,0.4697,0.7301,6204
12,4,crease,0.30,0.65,0.9,10322,0.4686,0.7228,5720
12,4,crease,0.30,0.65,0.7,8736,0.4666,0.6981,4854
12,4,crease,0.30,0.75,off,7993,0.4687,0.6620,4420
12,4,crease,0.30,0.75,0.9,7486,0.4684,0.6551,4141
12,4,crease,0.30,0.75,0.7,6536,0.4665,0.6381,3631
12,4,crease,0.50,0.25,off,15342,0.4930,0.8096,8359
12,4,crease,0.50,0.25,0.9,13936,0.4903,0.8013,7575
12,4,crease,0.50,0.25,0.7,11526,0.4800,0.7824,6278
12,4,crease,0.50,0.40,off,12273,0.4980,0.7580,6724
12,4,crease,0.50,0.40,0.9,11290,0.4951,0.7506,6177
12,4,crease,0.50,0.40,0.7,9539,0.4879,0.7312,5222
12,4,crease,0.50,0.55,off,9205,0.4963,0.6855,5063
12,4,crease,0.50,0.55,0.9,8594,0.4950,0.6793,4711
12,4,crease,0.50,0.55,0.7,7417,0.4907,0.6614,4077
12,4,crease,0.50,0.65,off,7160,0.4973,0.6341,3967
12,4,crease,0.50,0.65,0.9,6752,0.4961,0.6270,3731
12,4,crease,0.50,0.65,0.7,5941,0.4925,0.6121,3301
12,4,crease,0.50,0.75,off,5114,0.4959,0.5497,2824
12,4,crease,0.50,0.75,0.9,4890,0.4946,0.5451,2697
12,4,crease,0.50,0.75,0.7,4404,0.4924,0.5348,2444
12,4,crease,0.60,0.25,off,12285,0.5135,0.7613,6685
12,4,crease,0.60,0.25,0.9,11271,0.5107,0.7526,6123
12,4,crease,0.60,0.25,0.7,9526,0.5023,0.7355,5178
12,4,crease,0.60,0.40,off,9828,0.5166,0.7031,5373
12,4,crease,0.60,0.40,0.9,9119,0.5140,0.6951,4973
12,4,crease,0.60,0.40,0.7,7869,0.5076,0.6778,4295
12,4,crease,0.60,0.55,off,7371,0.5155,0.6422,4053
12,4,crease,0.60,0.55,0.9,6942,0.5150,0.6361,3806
12,4,crease,0.60,0.55,0.7,6102,0.5110,0.6230,3357
12,4,crease,0.60,0.65,off,5733,0.5128,0.5873,3167
12,4,crease,0.60,0.65,0.9,5451,0.5122,0.5834,3003
12,4,crease,0.60,0.65,0.7,4873,0.5083,0.5716,2697
12,4,crease,0.60,0.75,off,4095,0.5143,0.5050,2261
12,4,crease,0.60,0.75,0.9,3939,0.5139,0.5021,2171
12,4,crease,0.60,0.75,0.7,3603,0.5093,0.4957,1998
12,4,crease,0.70,0.25,off,9835,0.5324,0.7107,5344
12,4,crease,0.70,0.25,0.9,9102,0.5292,0.7015,4930
12,4,crease,0.70,0.25,0.7,7855,0.5198,0.6819,4242
12,4,crease,0.70,0.40,off,7868,0.5330,0.6519,4287
12,4,crease,0.70,0.40,0.9,7367,0.5303,0.6453,4004
12,4,crease,0.70,0.40,0.7,6485,0.5231,0.6267,3523
12,4,crease,0.70,0.55,off,5901,0.5320,0.5904,3224
12,4,crease,0.70,0.55,0.9,5596,0.5308,0.5844,3049
12,4,crease,0.70,0.55,0.7,5008,0.5253,0.5710,2737
12,4,crease,0.70,0.65,off,4590,0.5282,0.5337,2516
12,4,crease,0.70,0.65,0.9,4386,0.5273,0.5294,2396
12,4,crease,0.70,0.65,0.7,3978,0.5225,0.5188,2180
12,4,crease,0.70,0.75,off,3279,0.5289,0.4579,1808
12,4,crease,0.70,0.75,0.9,3162,0.5270,0.4547,1740
12,4,crease,0.70,0.75,0.7,2927,0.5233,0.4478,1623
12,4,crease,0.80,0.25,off,7674,0.5501,0.6408,4154
12,4,crease,0.80,0.25,0.9,7177,0.5485,0.6353,3878
12,4,crease,0.80,0.25,0.7,6290,0.5406,0.6206,3390
12,4,crease,0.80,0.40,off,6140,0.5471,0.5867,3338
12,4,crease,0.80,0.40,0.9,5788,0.5458,0.5822,3137
12,4,crease,0.80,0.40,0.7,5157,0.5404,0.5673,2793
12,4,crease,0.80,0.55,off,4605,0.5483,0.5271,2510
12,4,crease,0.80,0.55,0.9,4391,0.5486,0.5229,2384
12,4,crease,0.80,0.55,0.7,3963,0.5452,0.5117,2162
12,4,crease,0.80,0.65,off,3582,0.5407,0.4743,1964
12,4,crease,0.80,0.65,0.9,3443,0.5410,0.4717,1880
12,4,crease,0.80,0.65,0.7,3146,0.5375,0.4627,1728
12,4,crease,0.80,0.75,off,2558,0.5419,0.4013,1430
12,4,crease,0.80,0.75,0.9,2480,0.5418,0.3997,1385
12,4,crease,0.80,0.75,0.7,2322,0.5400,0.3945,1305
12,4,l1,0.10,0.25,off,42663,0.4138,0.9491,23804
12,4,l1,0.10,0.25,0.9,34768,0.4137,0.9386,19372
12,4,l1,0.10,0.25,0.7,23812,0.4072,0.9098,13273
12,4,l1,0.10,0.40,off,34130,0.4366,0.9100,19157
12,4,l1,0.10,0.40,0.9,28517,0.4368,0.9000,15976
12,4,l1,0.10,0.40,0.7,20023,0.4321,0.8740,11215
12,4,l1,0.10,0.55,off,25598,0.4447,0.8479,14438
12,4,l1,0.10,0.55,0.9,21936,0.4454,0.8373,12338
12,4,l1,0.10,0.55,0.7,16046,0.4437,0.8109,9017
12,4,l1,0.10,0.65,off,19910,0.4448,0.7921,11279
12,4,l1,0.10,0.65,0.9,17380,0.4454,0.7785,9825
12,4,l1,0.10,0.65,0.7,13105,0.4428,0.7476,7397
12,4,l1,0.10,0.75,off,14221,0.4450,0.7346,8054
12,4,l1,0.10,0.75,0.9,12673,0.4455,0.7204,7171
12,4,l1,0.10,0.75,0.7,9962,0.4436,0.6934,5637
12,4,l1,0.30,0.25,off,23979,0.4570,0.8846,13158
12,4,l1,0.30,0.25,0.9,21028,0.4544,0.8762,11522
12,4,l1,0.30,0.25,0.7,16381,0.4447,0.8527,9015
12,4,l1,0.30,0.40,off,19184,0.4683,0.8346,10612
12,4,l1,0.30,0.40,0.9,17107,0.4663,0.8266,9438
12,4,l1,0.30,0.40,0.7,13622,0.4590,0.8037,7531
12,4,l1,0.30,0.55,off,14388,0.4698,0.7719,7986
12,4,l1,0.30,0.55,0.9,13044,0.4683,0.7650,7221
12,4,l1,0.30,0.55,0.7,10659,0.4629,0.7397,5909
12,4,l1,0.30,0.65,off,11191,0.4702,0.7198,6203
12,4,l1,0.30,0.65,0.9,10260,0.4678,0.7131,5676
12,4,l1,0.30,0.65,0.7,8563,0.4621,0.6866,4748
12,4,l1,0.30,0.75,off,7993,0.4712,0.6500,4412
12,4,l1,0.30,0.75,0.9,7424,0.4701,0.6438,4084
12,4,l1,0.30,0.75,0.7,6404,0.4659,0.6223,3538
12,4,l1,0.50,0.25,off,15342,0.4943,0.8070,8380
12,4,l1,0.50,0.25,0.9,13898,0.4912,0.7983,7562
12,4,l1,0.50,0.25,0.7,11449,0.4825,0.7767,6248
12,4,l1,0.50,0.40,off,12273,0.4979,0.7499,6752
12,4,l1,0.50,0.40,0.9,11256,0.4950,0.7400,6171
12,4,l1,0.50,0.40,0.7,9451,0.4871,0.7203,5185
12,4,l1,0.50,0.55,off,9205,0.4944,0.6788,5090
12,4,l1,0.50,0.55,0.9,8557,0.4928,0.6701,4712
12,4,l1,0.50,0.55,0.7,7308,0.4879,0.6512,4031
12,4,l1,0.50,0.65,off,7160,0.4968,0.6232,3948
12,4,l1,0.50,0.65,0.9,6702,0.4935,0.6144,3682
12,4,l1,0.50,0.65,0.7,5835,0.4882,0.5966,3217
12,4,l1,0.50,0.75,off,5114,0.4933,0.5438,2836
12,4,l1,0.50,0.75,0.9,4847,0.4910,0.5379,2678
12,4,l1,0.50,0.75,0.7,4319,0.4873,0.5243,2396
12,4,l1,0.60,0.25,off,12285,0.5149,0.7580,6694
12,4,l1,0.60,0.25,0.9,11253,0.5117,0.7479,6112
12,4,l1,0.60,0.25,0.7,9483,0.5038,0.7304,5161
12,4,l1,0.60,0.40,off,9828,0.5146,0.6970,5395
12,4,l1,0.60,0.40,0.9,9096,0.5123,0.6890,4976
12,4,l1,0.60,0.40,0.7,7799,0.5067,0.6719,4270
12,4,l1,0.60,0.55,off,7371,0.5130,0.6299,4070
12,4,l1,0.60,0.55,0.9,6898,0.5106,0.6242,3791
12,4,l1,0.60,0.55,0.7,6008,0.5061,0.6088,3309
12,4,l1,0.60,0.65,off,5733,0.5148,0.5744,3157
12,4,l1,0.60,0.65,0.9,5417,0.5102,0.5697,2971
12,4,l1,0.60,0.65,0.7,4805,0.5050,0.5567,2638
12,4,l1,0.60,0.75,off,4095,0.5149,0.4989,2278
12,4,l1,0.60,0.75,0.9,3907,0.5135,0.4956,2165
12,4,l1,0.60,0.75,0.7,3548,0.5074,0.4849,1976
12,4,l1,0.70,0.25,off,9835,0.5325,0.7077,5346
12,4,l1,0.70,0.25,0.9,9104,0.5290,0.6991,4926
12,4,l1,0.70,0.25,0.7,7843,0.5200,0.6814,4247
12,4,l1,0.70,0.40,off,7868,0.5295,0.6463,4307
12,4,l1,0.70,0.40,0.9,7351,0.5265,0.6398,4005
12,4,l1,0.70,0.40,0.7,6422,0.5212,0.6225,3500
12,4,l1,0.70,0.55,off,5901,0.5271,0.5799,3235
12,4,l1,0.70,0.55,0.9,5556,0.5234,0.5736,3030
12,4,l1,0.70,0.55,0.7,4918,0.5183,0.5594,2686
12,4,l1,0.70,0.65,off,4590,0.5305,0.5239,2515
12,4,l1,0.70,0.65,0.9,4355,0.5259,0.5189,2374
12,4,l1,0.70,0.65,0.7,3908,0.5200,0.5067,2135
12,4,l1,0.70,0.75,off,3279,0.5292,0.4532,1810
12,4,l1,0.70,0.75,0.9,3146,0.5264,0.4498,1729
12,4,l1,0.70,0.75,0.7,2889,0.5209,0.4398,1594
12,4,l1,0.80,0.25,off,7674,0.5507,0.6374,4166
12,4,l1,0.80,0.25,0.9,7176,0.5488,0.6323,3882
12,4,l1,0.80,0.25,0.7,6290,0.5404,0.6207,3403
12,4,l1,0.80,0.40,off,6140,0.5461,0.5864,3352
12,4,l1,0.80,0.40,0.9,5777,0.5445,0.5814,3140
12,4,l1,0.80,0.40,0.7,5113,0.5400,0.5690,2784
12,4,l1,0.80,0.55,off,4605,0.5424,0.5205,2518
12,4,l1,0.80,0.55,0.9,4363,0.5396,0.5158,2376
12,4,l1,0.80,0.55,0.7,3908,0.5349,0.5039,2135
12,4,l1,0.80,0.65,off,3582,0.5439,0.4667,1959
12,4,l1,0.80,0.65,0.9,3419,0.5420,0.4634,1861
12,4,l1,0.80,0.65,0.7,3112,0.5372,0.4559,1702
12,4,l1,0.80,0.75,off,2558,0.5398,0.3973,1424
12,4,l1,0.80,0.75,0.9,2463,0.5386,0.3943,1367
12,4,l1,0.80,0.75,0.7,2286,0.5350,0.3885,1279
12,5,crease,0.10,0.25,off,42663,0.4133,0.9489,23792
12,5,crease,0.10,0.25,0.9,33300,0.4131,0.9343,18551
12,5,crease,0.10,0.25,0.7,21437,0.4047,0.9027,11919
12,5,crease,0.10,0.40,off,34130,0.4371,0.9069,19143
12,5,crease,0.10,0.40,0.9,27465,0.4360,0.8938,15391
12,5,crease,0.10,0.40,0.7,18303,0.4316,0.8610,10207
12,5,crease,0.10,0.55,off,25598,0.4471,0.8579,14437
12,5,crease,0.10,0.55,0.9,21400,0.4461,0.8427,12038
12,5,crease,0.10,0.55,0.7,15045,0.4430,0.8121,8434
12,5,crease,0.10,0.65,off,19910,0.4458,0.8085,11266
12,5,crease,0.10,0.65,0.9,17057,0.4458,0.7911,9628
12,5,crease,0.10,0.65,0.7,12592,0.4431,0.7627,7100
12,5,crease,0.10,0.75,off,14221,0.4470,0.7440,8068
12,5,crease,0.10,0.75,0.9,12580,0.4473,0.7252,7119
12,5,crease,0.10,0.75,0.7,9797,0.4445,0.7044,5556
12,5,crease,0.30,0.25,off,23979,0.4561,0.8851,13145
12,5,crease,0.30,0.25,0.9,20521,0.4523,0.8720,11258
12,5,crease,0.30,0.25,0.7,15273,0.4419,0.8503,8376
12,5,crease,0.30,0.40,off,19184,0.4681,0.8373,10566
12,5,crease,0.30,0.40,0.9,16799,0.4646,0.8253,9247
12,5,crease,0.30,0.40,0.7,12871,0.4557,0.8008,7065
12,5,crease,0.30,0.55,off,14388,0.4715,0.7851,7989
12,5,crease,0.30,0.55,0.9,12885,0.4679,0.7736,7145
12,5,crease,0.30,0.55,0.7,10251,0.4611,0.7494,5676
12,5,crease,0.30,0.65,off,11191,0.4704,0.7330,6193
12,5,crease,0.30,0.65,0.9,10183,0.4681,0.7217,5641
12,5,crease,0.30,0.65,0.7,8369,0.4639,0.6971,4641
12,5,crease,0.30,0.75,off,7993,0.4712,0.6547,4440
12,5,crease,0.30,0.75,0.9,7400,0.4679,0.6441,4112
12,5,crease,0.30,0.75,0.7,6317,0.4654,0.6247,3514
12,5,crease,0.50,0.25,off,15342,0.4931,0.7992,8370
12,5,crease,0.50,0.25,0.9,13672,0.4881,0.7888,7453
12,5,crease,0.50,0.25,0.7,10922,0.4729,0.7649,5948
12,5,crease,0.50,0.40,off,12273,0.4986,0.7516,6744
12,5,crease,0.50,0.40,0.9,11144,0.4945,0.7427,6114
12,5,crease,0.50,0.40,0.7,9127,0.4825,0.7210,4992
12,5,crease,0.50,0.55,off,9205,0.4944,0.6871,5091
12,5,crease,0.50,0.55,0.9,8494,0.4912,0.6781,4690
12,5,crease,0.50,0.55,0.7,7146,0.4816,0.6576,3942
12,5,crease,0.50,0.65,off,7160,0.4946,0.6361,3954
12,5,crease,0.50,0.65,0.9,6684,0.4912,0.6278,3686
12,5,crease,0.50,0.65,0.7,5781,0.4849,0.6092,3183
12,5,crease,0.50,0.75,off,5114,0.4959,0.5468,2836
12,5,crease,0.50,0.75,0.9,4848,0.4921,0.5399,2686
12,5,crease,0.50,0.75,0.7,4292,0.4873,0.5276,2382
12,5,crease,0.60,0.25,off,12285,0.5150,0.7557,6701
12,5,crease,0.60,0.25,0.9,11089,0.5097,0.7468,6036
12,5,crease,0.60,0.25,0.7,9112,0.4955,0.7275,4941
12,5,crease,0.60,0.40,off,9828,0.5161,0.7011,5403
12,5,crease,0.60,0.40,0.9,9038,0.5123,0.6946,4954
12,5,crease,0.60,0.40,0.7,7596,0.5019,0.6751,4147
12,5,crease,0.60,0.55,off,7371,0.5112,0.6418,4079
12,5,crease,0.60,0.55,0.9,6866,0.5071,0.6346,3792
12,5,crease,0.60,0.55,0.7,5914,0.4964,0.6170,3258
12,5,crease,0.60,0.65,off,5733,0.5124,0.5866,3164
12,5,crease,0.60,0.65,0.9,5391,0.5070,0.5797,2970
12,5,crease,0.60,0.65,0.7,4751,0.5000,0.5646,2610
12,5,crease,0.60,0.75,off,4095,0.5207,0.5041,2273
12,5,crease,0.60,0.75,0.9,3905,0.5167,0.4989,2165
12,5,crease,0.60,0.75,0.7,3523,0.5105,0.4884,1951
12,5,crease,0.70,0.25,off,9835,0.5321,0.7057,5344
12,5,crease,0.70,0.25,0.9,9008,0.5263,0.6961,4871
12,5,crease,0.70,0.25,0.7,7562,0.5108,0.6769,4067
12,5,crease,0.70,0.40,off,7868,0.5321,0.6514,4309
12,5,crease,0.70,0.40,0.9,7325,0.5276,0.6454,3996
12,5,crease,0.70,0.40,0.7,6254,0.5139,0.6277,3395
12,5,crease,0.70,0.55,off,5901,0.5262,0.5920,3251
12,5,crease,0.70,0.55,0.9,5559,0.5226,0.5861,3053
12,5,crease,0.70,0.55,0.7,4854,0.5108,0.5705,2655
12,5,crease,0.70,0.65,off,4590,0.5302,0.5337,2534
12,5,crease,0.70,0.65,0.9,4346,0.5242,0.5267,2391
12,5,crease,0.70,0.65,0.7,3863,0.5174,0.5157,2123
12,5,crease,0.70,0.75,off,3279,0.5373,0.4577,1821
12,5,crease,0.70,0.75,0.9,3144,0.5338,0.4521,1741
12,5,crease,0.70,0.75,0.7,2860,0.5291,0.4429,1582
12,5,crease,0.80,0.25,off,7674,0.5504,0.6391,4177
12,5,crease,0.80,0.25,0.9,7082,0.5456,0.6313,3837
12,5,crease,0.80,0.25,0.7,6061,0.5328,0.6127,3268
12,5,crease,0.80,0.40,off,6140,0.5472,0.5905,3364
12,5,crease,0.80,0.40,0.9,5753,0.5436,0.5857,3139
12,5,crease,0.80,0.40,0.7,5004,0.5316,0.5687,2721
12,5,crease,0.80,0.55,off,4605,0.5401,0.5289,2527
12,5,crease,0.80,0.55,0.9,4360,0.5358,0.5242,2386
12,5,crease,0.80,0.55,0.7,3873,0.5262,0.5084,2117
12,5,crease,0.80,0.65,off,3582,0.5429,0.4748,1983
12,5,crease,0.80,0.65,0.9,3420,0.5372,0.4701,1888
12,5,crease,0.80,0.65,0.7,3089,0.5295,0.4602,1709
12,5,crease,0.80,0.75,off,2558,0.5455,0.3987,1423
12,5,crease,0.80,0.75,0.9,2466,0.5411,0.3939,1369
12,5,crease,0.80,0.75,0.7,2277,0.5344,0.3857,1264
12,5,l1,0.10,0.25,off,42663,0.4169,0.9482,23812
12,5,l1,0.10,0.25,0.9,33240,0.4176,0.9346,18525
12,5,l1,0.10,0.25,0.7,21283,0.4109,0.8996,11827
12,5,l1,0.10,0.40,off,34130,0.4407,0.9011,19179
12,5,l1,0.10,0.40,0.9,27368,0.4409,0.8880,15360
12,5,l1,0.10,0.40,0.7,18077,0.4361,0.8529,10085
12,5,l1,0.10,0.55,off,25598,0.4468,0.8369,14489
12,5,l1,0.10,0.55,0.9,21215,0.4470,0.8171,11975
12,5,l1,0.10,0.55,0.7,14728,0.4447,0.7857,8277
12,5,l1,0.10,0.65,off,19910,0.4472,0.7882,11295
12,5,l1,0.10,0.65,0.9,16830,0.4491,0.7682,9533
12,5,l1,0.10,0.65,0.7,12153,0.4478,0.7411,6863
12,5,l1,0.10,0.75,off,14221,0.4442,0.7204,8073
12,5,l1,0.10,0.75,0.9,12409,0.4450,0.7026,7039
12,5,l1,0.10,0.75,0.7,9460,0.4430,0.6781,5350
12,5,l1,0.30,0.25,off,23979,0.4600,0.8833,13164
12,5,l1,0.30,0.25,0.9,20469,0.4558,0.8709,11242
12,5,l1,0.30,0.25,0.7,15167,0.4447,0.8460,8326
12,5,l1,0.30,0.40,off,19184,0.4697,0.8322,10616
12,5,l1,0.30,0.40,0.9,16680,0.4673,0.8188,9226
12,5,l1,0.30,0.40,0.7,12700,0.4568,0.7949,7003
12,5,l1,0.30,0.55,off,14388,0.4714,0.7681,7987
12,5,l1,0.30,0.55,0.9,12774,0.4697,0.7524,7077
12,5,l1,0.30,0.55,0.7,10051,0.4617,0.7253,5568
12,5,l1,0.30,0.65,off,11191,0.4705,0.7124,6220
12,5,l1,0.30,0.65,0.9,10073,0.4666,0.6989,5589
12,5,l1,0.30,0.65,0.7,8163,0.4621,0.6746,4537
12,5,l1,0.30,0.75,off,7993,0.4726,0.6425,4440
12,5,l1,0.30,0.75,0.9,7330,0.4687,0.6300,4064
12,5,l1,0.30,0.75,0.7,6206,0.4657,0.6098,3434
12,5,l1,0.50,0.25,off,15342,0.4964,0.7987,8386
12,5,l1,0.50,0.25,0.9,13627,0.4910,0.7878,7443
12,5,l1,0.50,0.25,0.7,10813,0.4758,0.7622,5901
12,5,l1,0.50,0.40,off,12273,0.4977,0.7456,6773
12,5,l1,0.50,0.40,0.9,11079,0.4940,0.7355,6095
12,5,l1,0.50,0.40,0.7,8991,0.4802,0.7111,4928
12,5,l1,0.50,0.55,off,9205,0.4928,0.6697,5092
12,5,l1,0.50,0.55,0.9,8430,0.4892,0.6588,4650
12,5,l1,0.50,0.55,0.7,7005,0.4793,0.6340,3865
12,5,l1,0.50,0.65,off,7160,0.4942,0.6131,3965
12,5,l1,0.50,0.65,0.9,6627,0.4881,0.6026,3662
12,5,l1,0.50,0.65,0.7,5671,0.4796,0.5863,3130
12,5,l1,0.50,0.75,off,5114,0.4984,0.5366,2850
12,5,l1,0.50,0.75,0.9,4808,0.4936,0.5295,2673
12,5,l1,0.50,0.75,0.7,4234,0.4877,0.5156,2351
12,5,l1,0.60,0.25,off,12285,0.5182,0.7505,6712
12,5,l1,0.60,0.25,0.9,11074,0.5125,0.7403,6039
12,5,l1,0.60,0.25,0.7,9045,0.4969,0.7192,4918
12,5,l1,0.60,0.40,off,9828,0.5137,0.6913,5415
12,5,l1,0.60,0.40,0.9,8980,0.5095,0.6831,4929
12,5,l1,0.60,0.40,0.7,7461,0.4953,0.6612,4081
12,5,l1,0.60,0.55,off,7371,0.5094,0.6246,4078
12,5,l1,0.60,0.55,0.9,6806,0.5044,0.6154,3755
12,5,l1,0.60,0.55,0.7,5810,0.4920,0.5952,3198
12,5,l1,0.60,0.65,off,5733,0.5103,0.5648,3180
12,5,l1,0.60,0.65,0.9,5351,0.5034,0.5559,2959
12,5,l1,0.60,0.65,0.7,4680,0.4904,0.5400,2581
12,5,l1,0.60,0.75,off,4095,0.5182,0.4944,2290
12,5,l1,0.60,0.75,0.9,3884,0.5124,0.4894,2168
12,5,l1,0.60,0.75,0.7,3484,0.5027,0.4776,1940
12,5,l1,0.70,0.25,off,9835,0.5334,0.6989,5357
12,5,l1,0.70,0.25,0.9,8992,0.5274,0.6911,4881
12,5,l1,0.70,0.25,0.7,7501,0.5134,0.6724,4064
12,5,l1,0.70,0.40,off,7868,0.5273,0.6403,4337
12,5,l1,0.70,0.40,0.9,7278,0.5222,0.6320,3988
12,5,l1,0.70,0.40,0.7,6151,0.5092,0.6131,3365
12,5,l1,0.70,0.55,off,5901,0.5265,0.5735,3250
12,5,l1,0.70,0.55,0.9,5505,0.5198,0.5648,3015
12,5,l1,0.70,0.55,0.7,4775,0.5079,0.5491,2616
12,5,l1,0.70,0.65,off,4590,0.5251,0.5191,2535
12,5,l1,0.70,0.65,0.9,4321,0.5186,0.5113,2374
12,5,l1,0.70,0.65,0.7,3828,0.5057,0.4980,2102
12,5,l1,0.70,0.75,off,3279,0.5285,0.4462,1820
12,5,l1,0.70,0.75,0.9,3133,0.5238,0.4416,1733
12,5,l1,0.70,0.75,0.7,2844,0.5144,0.4316,1570
12,5,l1,0.80,0.25,off,7674,0.5483,0.6350,4176
12,5,l1,0.80,0.25,0.9,7075,0.5425,0.6282,3837
12,5,l1,0.80,0.25,0.7,6026,0.5299,0.6097,3262
12,5,l1,0.80,0.40,off,6140,0.5437,0.5830,3373
12,5,l1,0.80,0.40,0.9,5723,0.5393,0.5757,3129
12,5,l1,0.80,0.40,0.7,4918,0.5278,0.5587,2688
12,5,l1,0.80,0.55,off,4605,0.5388,0.5121,2538
12,5,l1,0.80,0.55,0.9,4328,0.5320,0.5053,2375
12,5,l1,0.80,0.55,0.7,3809,0.5215,0.4930,2100
12,5,l1,0.80,0.65,off,3582,0.5394,0.4598,1995
12,5,l1,0.80,0.65,0.9,3393,0.5324,0.4541,1882
12,5,l1,0.80,0.65,0.7,3045,0.5208,0.4426,1689
12,5,l1,0.80,0.75,off,2558,0.5377,0.3842,1430
12,5,l1,0.80,0.75,0.9,2458,0.5317,0.3811,1370
12,5,l1,0.80,0.75,0.7,2261,0.5219,0.3722,1259
12,6,crease,0.10,0.25,off,42663,0.4144,0.9472,23779
12,6,crease,0.10,0.25,0.9,31747,0.4141,0.9326,17693
12,6,crease,0.10,0.25,0.7,19180,0.4074,0.8914,10671
12,6,crease,0.10,0.40,off,34130,0.4378,0.9076,19164
12,6,crease,0.10,0.40,0.9,26433,0.4365,0.8913,14796
12,6,crease,0.10,0.40,0.7,16640,0.4334,0.8532,9294
12,6,crease,0.10,0.55,off,25598,0.4456,0.8571,14408
12,6,crease,0.10,0.55,0.9,20760,0.4442,0.8383,11653
12,6,crease,0.10,0.55,0.7,13956,0.4423,0.8037,7836
12,6,crease,0.10,0.65,off,19910,0.4480,0.8072,11257
12,6,crease,0.10,0.65,0.9,16626,0.4471,0.7871,9386
12,6,crease,0.10,0.65,0.7,11798,0.4470,0.7564,6659
12,6,crease,0.10,0.75,off,14221,0.4469,0.7399,8045
12,6,crease,0.10,0.75,0.9,12329,0.4465,0.7209,6976
12,6,crease,0.10,0.75,0.7,9343,0.4477,0.6954,5286
12,6,crease,0.30,0.25,off,23979,0.4573,0.8915,13165
12,6,crease,0.30,0.25,0.9,19809,0.4513,0.8741,10890
12,6,crease,0.30,0.25,0.7,13988,0.4392,0.8412,7698
12,6,crease,0.30,0.40,off,19184,0.4703,0.8441,10583
12,6,crease,0.30,0.40,0.9,16301,0.4658,0.8300,8980
12,6,crease,0.30,0.40,0.7,11885,0.4566,0.7985,6543
12,6,crease,0.30,0.55,off,14388,0.4748,0.7877,7953
12,6,crease,0.30,0.55,0.9,12596,0.4714,0.7722,6960
12,6,crease,0.30,0.55,0.7,9598,0.4647,0.7430,5310
12,6,crease,0.30,0.65,off,11191,0.4764,0.7358,6209
12,6,crease,0.30,0.65,0.9,10003,0.4728,0.7199,5557
12,6,crease,0.30,0.65,0.7,7914,0.4700,0.6914,4404
12,6,crease,0.30,0.75,off,7993,0.4720,0.6529,4420
12,6,crease,0.30,0.75,0.9,7318,0.4706,0.6404,4054
12,6,crease,0.30,0.75,0.7,6063,0.4684,0.6203,3375
12,6,crease,0.50,0.25,off,15342,0.4954,0.8039,8384
12,6,crease,0.50,0.25,0.9,13319,0.4895,0.7911,7281
12,6,crease,0.50,0.25,0.7,10173,0.4737,0.7577,5563
12,6,crease,0.50,0.40,off,12273,0.4971,0.7555,6723
12,6,crease,0.50,0.40,0.9,10904,0.4927,0.7441,5981
12,6,crease,0.50,0.40,0.7,8561,0.4789,0.7126,4696
12,6,crease,0.50,0.55,off,9205,0.4992,0.6895,5066
12,6,crease,0.50,0.55,0.9,8341,0.4966,0.6766,4594
12,6,crease,0.50,0.55,0.7,6791,0.4867,0.6498,3748
12,6,crease,0.50,0.65,off,7160,0.5021,0.6298,3966
12,6,crease,0.50,0.65,0.9,6606,0.4981,0.6180,3661
12,6,crease,0.50,0.65,0.7,5528,0.4905,0.5927,3071
12,6,crease,0.50,0.75,off,5114,0.4975,0.5481,2836
12,6,crease,0.50,0.75,0.9,4803,0.4956,0.5397,2664
12,6,crease,0.50,0.75,0.7,4162,0.4916,0.5241,2318
12,6,crease,0.60,0.25,off,12285,0.5164,0.7520,6717
12,6,crease,0.60,0.25,0.9,10856,0.5111,0.7395,5935
12,6,crease,0.60,0.25,0.7,8612,0.4917,0.7078,4689
12,6,crease,0.60,0.40,off,9828,0.5152,0.7043,5397
12,6,crease,0.60,0.40,0.9,8861,0.5108,0.6934,4866
12,6,crease,0.60,0.40,0.7,7180,0.4949,0.6631,3938
12,6,crease,0.60,0.55,off,7371,0.5197,0.6378,4059
12,6,crease,0.60,0.55,0.9,6762,0.5172,0.6269,3718
12,6,crease,0.60,0.55,0.7,5658,0.5045,0.6022,3104
12,6,crease,0.60,0.65,off,5733,0.5205,0.5772,3168
12,6,crease,0.60,0.65,0.9,5342,0.5170,0.5698,2955
12,6,crease,0.60,0.65,0.7,4577,0.5070,0.5504,2530
12,6,crease,0.60,0.75,off,4095,0.5170,0.5017,2277
12,6,crease,0.60,0.75,0.9,3886,0.5153,0.4969,2162
12,6,crease,0.60,0.75,0.7,3445,0.5082,0.4849,1918
12,6,crease,0.70,0.25,off,9835,0.5354,0.7098,5371
12,6,crease,0.70,0.25,0.9,8828,0.5306,0.6978,4810
12,6,crease,0.70,0.25,0.7,7194,0.5122,0.6723,3896
12,6,crease,0.70,0.40,off,7868,0.5336,0.6547,4319
12,6,crease,0.70,0.40,0.9,7197,0.5292,0.6450,3942
12,6,crease,0.70,0.40,0.7,5989,0.5128,0.6227,3273
12,6,crease,0.70,0.55,off,5901,0.5348,0.5857,3252
12,6,crease,0.70,0.55,0.9,5484,0.5318,0.5767,3013
12,6,crease,0.70,0.55,0.7,4677,0.5198,0.5563,2565
12,6,crease,0.70,0.65,off,4590,0.5338,0.5233,2520
12,6,crease,0.70,0.65,0.9,4314,0.5312,0.5168,2367
12,6,crease,0.70,0.65,0.7,3771,0.5223,0.5014,2070
12,6,crease,0.70,0.75,off,3279,0.5364,0.4540,1820
12,6,crease,0.70,0.75,0.9,3130,0.5339,0.4484,1735
12,6,crease,0.70,0.75,0.7,2799,0.5285,0.4388,1552
12,6,crease,0.80,0.25,off,7674,0.5503,0.6431,4184
12,6,crease,0.80,0.25,0.9,6957,0.5461,0.6339,3783
12,6,crease,0.80,0.25,0.7,5825,0.5297,0.6118,3147
12,6,crease,0.80,0.40,off,6140,0.5460,0.5877,3364
12,6,crease,0.80,0.40,0.9,5669,0.5432,0.5809,3099
12,6,crease,0.80,0.40,0.7,4815,0.5290,0.5606,2628
12,6,crease,0.80,0.55,off,4605,0.5457,0.5231,2553
12,6,crease,0.80,0.55,0.9,4312,0.5434,0.5168,2384
12,6,crease,0.80,0.55,0.7,3748,0.5336,0.4978,2070
12,6,crease,0.80,0.65,off,3582,0.5430,0.4640,1983
12,6,crease,0.80,0.65,0.9,3395,0.5415,0.4598,1881
12,6,crease,0.80,0.65,0.7,3025,0.5334,0.4433,1677
12,6,crease,0.80,0.75,off,2558,0.5389,0.3977,1431
12,6,crease,0.80,0.75,0.9,2451,0.5362,0.3930,1371
12,6,crease,0.80,0.75,0.7,2229,0.5308,0.3830,1245
12,6,l1,0.10,0.25,off,42663,0.4192,0.9471,23810
12,6,l1,0.10,0.25,0.9,31738,0.4198,0.9323,17711
12,6,l1,0.10,0.25,0.7,18953,0.4130,0.8876,10559
12,6,l1,0.10,0.40,off,34130,0.4430,0.8991,19192
12,6,l1,0.10,0.40,0.9,26275,0.4431,0.8849,14746
12,6,l1,0.10,0.40,0.7,16313,0.4377,0.8398,9124
12,6,l1,0.10,0.55,off,25598,0.4485,0.8368,14488
12,6,l1,0.10,0.55,0.9,20402,0.4490,0.8175,11522
12,6,l1,0.10,0.55,0.7,13409,0.4432,0.7756,7552
12,6,l1,0.10,0.65,off,19910,0.4481,0.7799,11303
12,6,l1,0.10,0.65,0.9,16330,0.4511,0.7590,9261
12,6,l1,0.10,0.65,0.7,11234,0.4457,0.7252,6355
12,6,l1,0.10,0.75,off,14221,0.4489,0.7225,8046
12,6,l1,0.10,0.75,0.9,12079,0.4484,0.7007,6819
12,6,l1,0.10,0.75,0.7,8905,0.4423,0.6709,5016
12,6,l1,0.30,0.25,off,23979,0.4616,0.8848,13187
12,6,l1,0.30,0.25,0.9,19775,0.4567,0.8696,10884
12,6,l1,0.30,0.25,0.7,13929,0.4436,0.8359,7681
12,6,l1,0.30,0.40,off,19184,0.4710,0.8364,10616
12,6,l1,0.30,0.40,0.9,16223,0.4680,0.8230,8959
12,6,l1,0.30,0.40,0.7,11724,0.4578,0.7868,6475
12,6,l1,0.30,0.55,off,14388,0.4732,0.7669,7991
12,6,l1,0.30,0.55,0.9,12449,0.4701,0.7510,6917
12,6,l1,0.30,0.55,0.7,9366,0.4640,0.7179,5213
12,6,l1,0.30,0.65,off,11191,0.4706,0.7038,6242
12,6,l1,0.30,0.65,0.9,9882,0.4687,0.6899,5517
12,6,l1,0.30,0.65,0.7,7710,0.4629,0.6643,4307
12,6,l1,0.30,0.75,off,7993,0.4726,0.6343,4440
12,6,l1,0.30,0.75,0.9,7245,0.4684,0.6193,4025
12,6,l1,0.30,0.75,0.7,5924,0.4655,0.5959,3295
12,6,l1,0.50,0.25,off,15342,0.4983,0.8006,8412
12,6,l1,0.50,0.25,0.9,13311,0.4924,0.7876,7297
12,6,l1,0.50,0.25,0.7,10157,0.4740,0.7555,5576
12,6,l1,0.50,0.40,off,12273,0.4971,0.7404,6750
12,6,l1,0.50,0.40,0.9,10844,0.4946,0.7279,5965
12,6,l1,0.50,0.40,0.7,8465,0.4783,0.6982,4666
12,6,l1,0.50,0.55,off,9205,0.4988,0.6715,5095
12,6,l1,0.50,0.55,0.9,8290,0.4947,0.6568,4590
12,6,l1,0.50,0.55,0.7,6694,0.4822,0.6297,3725
12,6,l1,0.50,0.65,off,7160,0.4966,0.6093,3976
12,6,l1,0.50,0.65,0.9,6539,0.4927,0.5947,3626
12,6,l1,0.50,0.65,0.7,5438,0.4818,0.5723,3023
12,6,l1,0.50,0.75,off,5114,0.4972,0.5352,2839
12,6,l1,0.50,0.75,0.9,4775,0.4946,0.5262,2651
12,6,l1,0.50,0.75,0.7,4098,0.4876,0.5110,2282
12,6,l1,0.60,0.25,off,12285,0.5183,0.7419,6720
12,6,l1,0.60,0.25,0.9,10827,0.5132,0.7309,5920
12,6,l1,0.60,0.25,0.7,8551,0.4934,0.6995,4672
12,6,l1,0.60,0.40,off,9828,0.5162,0.6916,5412
12,6,l1,0.60,0.40,0.9,8805,0.5128,0.6804,4842
12,6,l1,0.60,0.40,0.7,7072,0.4954,0.6509,3895
12,6,l1,0.60,0.55,off,7371,0.5137,0.6161,4079
12,6,l1,0.60,0.55,0.9,6728,0.5102,0.6062,3721
12,6,l1,0.60,0.55,0.7,5577,0.4956,0.5833,3089
12,6,l1,0.60,0.65,off,5733,0.5096,0.5613,3185
12,6,l1,0.60,0.65,0.9,5299,0.5051,0.5516,2940
12,6,l1,0.60,0.65,0.7,4513,0.4913,0.5335,2506
12,6,l1,0.60,0.75,off,4095,0.5119,0.4876,2283
12,6,l1,0.60,0.75,0.9,3867,0.5087,0.4823,2155
12,6,l1,0.60,0.75,0.7,3388,0.5008,0.4704,1892
12,6,l1,0.70,0.25,off,9835,0.5335,0.6975,5366
12,6,l1,0.70,0.25,0.9,8805,0.5294,0.6876,4791
12,6,l1,0.70,0.25,0.7,7123,0.5085,0.6615,3870
12,6,l1,0.70,0.40,off,7868,0.5291,0.6443,4334
12,6,l1,0.70,0.40,0.9,7144,0.5261,0.6339,3925
12,6,l1,0.70,0.40,0.7,5887,0.5083,0.6087,3236
12,6,l1,0.70,0.55,off,5901,0.5282,0.5650,3247
12,6,l1,0.70,0.55,0.9,5441,0.5254,0.5564,2989
12,6,l1,0.70,0.55,0.7,4603,0.5094,0.5373,2531
12,6,l1,0.70,0.65,off,4590,0.5253,0.5132,2533
12,6,l1,0.70,0.65,0.9,4280,0.5215,0.5044,2359
12,6,l1,0.70,0.65,0.7,3715,0.5092,0.4901,2049
12,6,l1,0.70,0.75,off,3279,0.5263,0.4417,1814
12,6,l1,0.70,0.75,0.9,3122,0.5236,0.4371,1727
12,6,l1,0.70,0.75,0.7,2769,0.5155,0.4275,1538
12,6,l1,0.80,0.25,off,7674,0.5491,0.6361,4186
12,6,l1,0.80,0.25,0.9,6951,0.5462,0.6274,3785
12,6,l1,0.80,0.25,0.7,5746,0.5271,0.6061,3123
12,6,l1,0.80,0.40,off,6140,0.5442,0.5779,3383
12,6,l1,0.80,0.40,0.9,5640,0.5423,0.5704,3101
12,6,l1,0.80,0.40,0.7,4745,0.5255,0.5500,2607
12,6,l1,0.80,0.55,off,4605,0.5389,0.4995,2551
12,6,l1,0.80,0.55,0.9,4288,0.5358,0.4941,2375
12,6,l1,0.80,0.55,0.7,3700,0.5199,0.4786,2050
12,6,l1,0.80,0.65,off,3582,0.5344,0.4490,1975
12,6,l1,0.80,0.65,0.9,3374,0.5299,0.4434,1864
12,6,l1,0.80,0.65,0.7,2985,0.5186,0.4310,1649
12,6,l1,0.80,0.75,off,2558,0.5362,0.3853,1425
12,6,l1,0.80,0.75,0.9,2443,0.5325,0.3807,1361
12,6,l1,0.80,0.75,0.7,2202,0.5248,0.3726,1231
12,8,crease,0.10,0.25,off,42663,0.4154,0.9474,23744
12,8,crease,0.10,0.25,0.9,29261,0.4124,0.9221,16290
12,8,crease,0.10,0.25,0.7,15830,0.4037,0.8496,8753
12,8,crease,0.10,0.40,off,34130,0.4369,0.9108,19134
12,8,crease,0.10,0.40,0.9,24673,0.4335,0.8889,13815
12,8,crease,0.10,0.40,0.7,14112,0.4249,0.8244,7866
12,8,crease,0.10,0.55,off,25598,0.4441,0.8547,14473
12,8,crease,0.10,0.55,0.9,19579,0.4413,0.8307,11076
12,8,crease,0.10,0.55,0.7,12148,0.4381,0.7752,6842
12,8,crease,0.10,0.65,off,19910,0.4443,0.8053,11260
12,8,crease,0.10,0.65,0.9,15898,0.4438,0.7874,8991
12,8,crease,0.10,0.65,0.7,10508,0.4412,0.7344,5939
12,8,crease,0.10,0.75,off,14221,0.4445,0.7421,8070
12,8,crease,0.10,0.75,0.9,11894,0.4459,0.7278,6752
12,8,crease,0.10,0.75,0.7,8490,0.4459,0.6851,4822
12,8,crease,0.30,0.25,off,23979,0.4592,0.8882,13137
12,8,crease,0.30,0.25,0.9,18736,0.4516,0.8658,10304
12,8,crease,0.30,0.25,0.7,12196,0.4373,0.8125,6740
12,8,crease,0.30,0.40,off,19184,0.4690,0.8456,10581
12,8,crease,0.30,0.40,0.9,15549,0.4623,0.8252,8592
12,8,crease,0.30,0.40,0.7,10624,0.4513,0.7781,5887
12,8,crease,0.30,0.55,off,14388,0.4722,0.7859,7959
12,8,crease,0.30,0.55,0.9,12109,0.4688,0.7666,6728
12,8,crease,0.30,0.55,0.7,8826,0.4617,0.7228,4930
12,8,crease,0.30,0.65,off,11191,0.4718,0.7252,6202
12,8,crease,0.30,0.65,0.9,9687,0.4703,0.7107,5386
12,8,crease,0.30,0.65,0.7,7376,0.4643,0.6718,4115
12,8,crease,0.30,0.75,off,7993,0.4690,0.6581,4456
12,8,crease,0.30,0.75,0.9,7150,0.4690,0.6430,4001
12,8,crease,0.30,0.75,0.7,5728,0.4665,0.6141,3216
12,8,crease,0.50,0.25,off,15342,0.4943,0.8074,8368
12,8,crease,0.50,0.25,0.9,12838,0.4856,0.7885,7015
12,8,crease,0.50,0.25,0.7,9257,0.4627,0.7407,5093
12,8,crease,0.50,0.40,off,12273,0.4996,0.7593,6743
12,8,crease,0.50,0.40,0.9,10550,0.4930,0.7396,5816
12,8,crease,0.50,0.40,0.7,7933,0.4734,0.6990,4385
12,8,crease,0.50,0.55,off,9205,0.4984,0.6862,5062
12,8,crease,0.50,0.55,0.9,8116,0.4947,0.6708,4478
12,8,crease,0.50,0.55,0.7,6407,0.4810,0.6372,3541
12,8,crease,0.50,0.65,off,7160,0.4958,0.6291,3958
12,8,crease,0.50,0.65,0.9,6463,0.4934,0.6151,3574
12,8,crease,0.50,0.65,0.7,5264,0.4815,0.5848,2915
12,8,crease,0.50,0.75,off,5114,0.4928,0.5488,2841
12,8,crease,0.50,0.75,0.9,4717,0.4916,0.5372,2622
12,8,crease,0.50,0.75,0.7,3988,0.4857,0.5181,2222
12,8,crease,0.60,0.25,off,12285,0.5146,0.7572,6681
12,8,crease,0.60,0.25,0.9,10529,0.5072,0.7397,5732
12,8,crease,0.60,0.25,0.7,7872,0.4800,0.6964,4309
12,8,crease,0.60,0.40,off,9828,0.5183,0.7062,5379
12,8,crease,0.60,0.40,0.9,8583,0.5118,0.6887,4709
12,8,crease,0.60,0.40,0.7,6659,0.4909,0.6512,3664
12,8,crease,0.60,0.55,off,7371,0.5130,0.6296,4046
12,8,crease,0.60,0.55,0.9,6600,0.5091,0.6164,3625
12,8,crease,0.60,0.55,0.7,5362,0.4927,0.5862,2954
12,8,crease,0.60,0.65,off,5733,0.5101,0.5772,3161
12,8,crease,0.60,0.65,0.9,5268,0.5070,0.5670,2908
12,8,crease,0.60,0.65,0.7,4405,0.4933,0.5416,2437
12,8,crease,0.60,0.75,off,4095,0.5054,0.4962,2274
12,8,crease,0.60,0.75,0.9,3823,0.5052,0.4876,2120
12,8,crease,0.60,0.75,0.7,3311,0.4976,0.4687,1835
12,8,crease,0.70,0.25,off,9835,0.5311,0.7073,5329
12,8,crease,0.70,0.25,0.9,8577,0.5248,0.6904,4653
12,8,crease,0.70,0.25,0.7,6601,0.5024,0.6516,3605
12,8,crease,0.70,0.40,off,7868,0.5334,0.6578,4295
12,8,crease,0.70,0.40,0.9,6981,0.5283,0.6414,3816
12,8,crease,0.70,0.40,0.7,5576,0.5104,0.6084,3059
12,8,crease,0.70,0.55,off,5901,0.5291,0.5687,3237
12,8,crease,0.70,0.55,0.9,5355,0.5262,0.5574,2936
12,8,crease,0.70,0.55,0.7,4450,0.5091,0.5296,2443
12,8,crease,0.70,0.65,off,4590,0.5249,0.5242,2526
12,8,crease,0.70,0.65,0.9,4252,0.5239,0.5160,2343
12,8,crease,0.70,0.65,0.7,3621,0.5110,0.4931,1997
12,8,crease,0.70,0.75,off,3279,0.5190,0.4528,1810
12,8,crease,0.70,0.75,0.9,3083,0.5199,0.4445,1701
12,8,crease,0.70,0.75,0.7,2702,0.5116,0.4270,1486
12,8,crease,0.80,0.25,off,7674,0.5486,0.6387,4158
12,8,crease,0.80,0.25,0.9,6765,0.5429,0.6256,3673
12,8,crease,0.80,0.25,0.7,5378,0.5204,0.5911,2921
12,8,crease,0.80,0.40,off,6140,0.5457,0.5873,3350
12,8,crease,0.80,0.40,0.9,5500,0.5420,0.5748,3009
12,8,crease,0.80,0.40,0.7,4527,0.5267,0.5442,2477
12,8,crease,0.80,0.55,off,4605,0.5406,0.5071,2534
12,8,crease,0.80,0.55,0.9,4231,0.5396,0.5003,2326
12,8,crease,0.80,0.55,0.7,3603,0.5244,0.4760,1983
12,8,crease,0.80,0.65,off,3582,0.5328,0.4609,1974
12,8,crease,0.80,0.65,0.9,3343,0.5323,0.4542,1845
12,8,crease,0.80,0.65,0.7,2895,0.5202,0.4340,1596
12,8,crease,0.80,0.75,off,2558,0.5261,0.3914,1414
12,8,crease,0.80,0.75,0.9,2418,0.5284,0.3857,1335
12,8,crease,0.80,0.75,0.7,2156,0.5224,0.3706,1185
12,8,l1,0.10,0.25,off,42663,0.4219,0.9454,23789
12,8,l1,0.10,0.25,0.9,29262,0.4201,0.9197,16271
12,8,l1,0.10,0.25,0.7,15512,0.4146,0.8458,8594
12,8,l1,0.10,0.40,off,34130,0.4437,0.8923,19273
12,8,l1,0.10,0.40,0.9,24534,0.4415,0.8705,13782
12,8,l1,0.10,0.40,0.7,13629,0.4368,0.8058,7629
12,8,l1,0.10,0.55,off,25598,0.4517,0.8328,14571
12,8,l1,0.10,0.55,0.9,19087,0.4516,0.8103,10822
12,8,l1,0.10,0.55,0.7,11340,0.4487,0.7488,6418
12,8,l1,0.10,0.65,off,19910,0.4522,0.7854,11334
12,8,l1,0.10,0.65,0.9,15389,0.4515,0.7639,8722
12,8,l1,0.10,0.65,0.7,9722,0.4502,0.7057,5523
12,8,l1,0.10,0.75,off,14221,0.4469,0.7147,8109
12,8,l1,0.10,0.75,0.9,11596,0.4455,0.6972,6589
12,8,l1,0.10,0.75,0.7,7948,0.4446,0.6509,4518
12,8,l1,0.30,0.25,off,23979,0.4642,0.8849,13193
12,8,l1,0.30,0.25,0.9,18775,0.4568,0.8647,10342
12,8,l1,0.30,0.25,0.7,12128,0.4425,0.8149,6727
12,8,l1,0.30,0.40,off,19184,0.4751,0.8252,10672
12,8,l1,0.30,0.40,0.9,15452,0.4707,0.8052,8598
12,8,l1,0.30,0.40,0.7,10305,0.4583,0.7518,5767
12,8,l1,0.30,0.55,off,14388,0.4773,0.7580,8051
12,8,l1,0.30,0.55,0.9,11917,0.4741,0.7393,6676
12,8,l1,0.30,0.55,0.7,8366,0.4640,0.6893,4709
12,8,l1,0.30,0.65,off,11191,0.4723,0.7075,6244
12,8,l1,0.30,0.65,0.9,9509,0.4703,0.6866,5305
12,8,l1,0.30,0.65,0.7,7017,0.4618,0.6437,3943
12,8,l1,0.30,0.75,off,7993,0.4681,0.6305,4461
12,8,l1,0.30,0.75,0.9,7026,0.4662,0.6164,3929
12,8,l1,0.30,0.75,0.7,5524,0.4623,0.5861,3103
12,8,l1,0.50,0.25,off,15342,0.4985,0.7936,8417
12,8,l1,0.50,0.25,0.9,12841,0.4899,0.7757,7043
12,8,l1,0.50,0.25,0.7,9191,0.4668,0.7329,5082
12,8,l1,0.50,0.40,off,12273,0.5026,0.7356,6806
12,8,l1,0.50,0.40,0.9,10450,0.4961,0.7155,5795
12,8,l1,0.50,0.40,0.7,7689,0.4756,0.6731,4296
12,8,l1,0.50,0.55,off,9205,0.4977,0.6614,5107
12,8,l1,0.50,0.55,0.9,8025,0.4950,0.6438,4446
12,8,l1,0.50,0.55,0.7,6128,0.4793,0.6097,3423
12,8,l1,0.50,0.65,off,7160,0.4935,0.6040,3971
12,8,l1,0.50,0.65,0.9,6377,0.4903,0.5887,3538
12,8,l1,0.50,0.65,0.7,5085,0.4779,0.5598,2839
12,8,l1,0.50,0.75,off,5114,0.4923,0.5207,2837
12,8,l1,0.50,0.75,0.9,4665,0.4904,0.5119,2590
12,8,l1,0.50,0.75,0.7,3884,0.4825,0.4907,2166
12,8,l1,0.60,0.25,off,12285,0.5178,0.7436,6732
12,8,l1,0.60,0.25,0.9,10508,0.5089,0.7264,5740
12,8,l1,0.60,0.25,0.7,7809,0.4819,0.6862,4290
12,8,l1,0.60,0.40,off,9828,0.5173,0.6820,5434
12,8,l1,0.60,0.40,0.9,8549,0.5093,0.6640,4719
12,8,l1,0.60,0.40,0.7,6510,0.4867,0.6280,3614
12,8,l1,0.60,0.55,off,7371,0.5114,0.6137,4079
12,8,l1,0.60,0.55,0.9,6549,0.5068,0.5999,3616
12,8,l1,0.60,0.55,0.7,5165,0.4881,0.5707,2880
12,8,l1,0.60,0.65,off,5733,0.5044,0.5471,3185
12,8,l1,0.60,0.65,0.9,5188,0.5004,0.5364,2875
12,8,l1,0.60,0.65,0.7,4261,0.4859,0.5137,2376
12,8,l1,0.60,0.75,off,4095,0.5044,0.4732,2271
12,8,l1,0.60,0.75,0.9,3783,0.5016,0.4655,2094
12,8,l1,0.60,0.75,0.7,3239,0.4920,0.4456,1800
12,8,l1,0.70,0.25,off,9835,0.5333,0.6965,5392
12,8,l1,0.70,0.25,0.9,8568,0.5259,0.6791,4686
12,8,l1,0.70,0.25,0.7,6546,0.5022,0.6428,3592
12,8,l1,0.70,0.40,off,7868,0.5290,0.6283,4335
12,8,l1,0.70,0.40,0.9,6947,0.5225,0.6123,3813
12,8,l1,0.70,0.40,0.7,5437,0.5013,0.5768,2993
12,8,l1,0.70,0.55,off,5901,0.5227,0.5584,3254
12,8,l1,0.70,0.55,0.9,5318,0.5186,0.5459,2924
12,8,l1,0.70,0.55,0.7,4294,0.5018,0.5192,2381
12,8,l1,0.70,0.65,off,4590,0.5134,0.4980,2536
12,8,l1,0.70,0.65,0.9,4199,0.5101,0.4883,2312
12,8,l1,0.70,0.65,0.7,3507,0.4967,0.4668,1948
12,8,l1,0.70,0.75,off,3279,0.5170,0.4336,1811
12,8,l1,0.70,0.75,0.9,3057,0.5135,0.4252,1685
12,8,l1,0.70,0.75,0.7,2654,0.5068,0.4093,1472
12,8,l1,0.80,0.25,off,7674,0.5490,0.6300,4204
12,8,l1,0.80,0.25,0.9,6758,0.5431,0.6169,3695
12,8,l1,0.80,0.25,0.7,5316,0.5212,0.5831,2904
12,8,l1,0.80,0.40,off,6140,0.5447,0.5635,3383
12,8,l1,0.80,0.40,0.9,5506,0.5399,0.5542,3026
12,8,l1,0.80,0.40,0.7,4424,0.5214,0.5254,2436
12,8,l1,0.80,0.55,off,4605,0.5312,0.4972,2541
12,8,l1,0.80,0.55,0.9,4185,0.5275,0.4872,2307
12,8,l1,0.80,0.55,0.7,3469,0.5131,0.4654,1929
12,8,l1,0.80,0.65,off,3582,0.5242,0.4333,1985
12,8,l1,0.80,0.65,0.9,3301,0.5205,0.4247,1828
12,8,l1,0.80,0.65,0.7,2812,0.5083,0.4059,1567
12,8,l1,0.80,0.75,off,2558,0.5298,0.3745,1416
12,8,l1,0.80,0.75,0.9,2395,0.5259,0.3665,1325
12,8,l1,0.80,0.75,0.7,2117,0.5184,0.3528,1175
16,4,crease,0.10,0.25,off,42663,0.4131,0.9473,23823
16,4,crease,0.10,0.25,0.9,34465,0.4136,0.9370,19251
16,4,crease,0.10,0.25,0.7,23868,0.4086,0.9075,13285
16,4,crease,0.10,0.40,off,34130,0.4392,0.9110,19224
16,4,crease,0.10,0.40,0.9,28259,0.4395,0.9000,15894
16,4,crease,0.10,0.40,0.7,20084,0.4351,0.8717,11252
16,4,crease,0.10,0.55,off,25598,0.4507,0.8451,14514
16,4,crease,0.10,0.55,0.9,21795,0.4517,0.8361,12325
16,4,crease,0.10,0.55,0.7,16157,0.4486,0.8082,9110
16,4,crease,0.10,0.65,off,19910,0.4459,0.7833,11322
16,4,crease,0.10,0.65,0.9,17330,0.4482,0.7743,9822
16,4,crease,0.10,0.65,0.7,13278,0.4461,0.7450,7514
16,4,crease,0.10,0.75,off,14221,0.4429,0.7193,8093
16,4,crease,0.10,0.75,0.9,12688,0.4457,0.7091,7202
16,4,crease,0.10,0.75,0.7,10142,0.4461,0.6821,5752
16,4,crease,0.30,0.25,off,23979,0.4579,0.8895,13175
16,4,crease,0.30,0.25,0.9,20896,0.4535,0.8770,11485
16,4,crease,0.30,0.25,0.7,16426,0.4459,0.8558,9056
16,4,crease,0.30,0.40,off,19184,0.4699,0.8346,10614
16,4,crease,0.30,0.40,0.9,16954,0.4674,0.8223,9379
16,4,crease,0.30,0.40,0.7,13583,0.4619,0.8034,7528
16,4,crease,0.30,0.55,off,14388,0.4714,0.7592,7996
16,4,crease,0.30,0.55,0.9,12987,0.4705,0.7491,7203
16,4,crease,0.30,0.55,0.7,10720,0.4659,0.7274,5967
16,4,crease,0.30,0.65,off,11191,0.4710,0.7069,6230
16,4,crease,0.30,0.65,0.9,10253,0.4717,0.7001,5701
16,4,crease,0.30,0.65,0.7,8672,0.4662,0.6780,4833
16,4,crease,0.30,0.75,off,7993,0.4661,0.6263,4433
16,4,crease,0.30,0.75,0.9,7460,0.4682,0.6201,4132
16,4,crease,0.30,0.75,0.7,6459,0.4654,0.6012,3590
16,4,crease,0.50,0.25,off,15342,0.4959,0.8041,8387
16,4,crease,0.50,0.25,0.9,13845,0.4908,0.7930,7565
16,4,crease,0.50,0.25,0.7,11552,0.4827,0.7729,6309
16,4,crease,0.50,0.40,off,12273,0.5010,0.7459,6739
16,4,crease,0.50,0.40,0.9,11192,0.4980,0.7350,6135
16,4,crease,0.50,0.40,0.7,9502,0.4913,0.7156,5204
16,4,crease,0.50,0.55,off,9205,0.4998,0.6717,5084
16,4,crease,0.50,0.55,0.9,8545,0.4985,0.6643,4708
16,4,crease,0.50,0.55,0.7,7436,0.4926,0.6451,4102
16,4,crease,0.50,0.65,off,7160,0.4959,0.6119,3961
16,4,crease,0.50,0.65,0.9,6715,0.4954,0.6064,3707
16,4,crease,0.50,0.65,0.7,5951,0.4905,0.5886,3291
16,4,crease,0.50,0.75,off,5114,0.4923,0.5207,2819
16,4,crease,0.50,0.75,0.9,4851,0.4928,0.5161,2669
16,4,crease,0.50,0.75,0.7,4392,0.4906,0.5052,2422
16,4,crease,0.60,0.25,off,12285,0.5151,0.7518,6705
16,4,crease,0.60,0.25,0.9,11220,0.5100,0.7406,6119
16,4,crease,0.60,0.25,0.7,9596,0.5040,0.7243,5235
16,4,crease,0.60,0.40,off,9828,0.5171,0.6945,5395
16,4,crease,0.60,0.40,0.9,9052,0.5140,0.6847,4957
16,4,crease,0.60,0.40,0.7,7850,0.5087,0.6703,4295
16,4,crease,0.60,0.55,off,7371,0.5133,0.6175,4080
16,4,crease,0.60,0.55,0.9,6900,0.5112,0.6096,3811
16,4,crease,0.60,0.55,0.7,6110,0.5057,0.5948,3381
16,4,crease,0.60,0.65,off,5733,0.5112,0.5614,3178
16,4,crease,0.60,0.65,0.9,5416,0.5104,0.5562,2994
16,4,crease,0.60,0.65,0.7,4875,0.5085,0.5454,2700
16,4,crease,0.60,0.75,off,4095,0.5085,0.4716,2258
16,4,crease,0.60,0.75,0.9,3907,0.5090,0.4661,2150
16,4,crease,0.60,0.75,0.7,3586,0.5076,0.4583,1974
16,4,crease,0.70,0.25,off,9835,0.5347,0.7040,5363
16,4,crease,0.70,0.25,0.9,9064,0.5320,0.6943,4930
16,4,crease,0.70,0.25,0.7,7929,0.5256,0.6789,4301
16,4,crease,0.70,0.40,off,7868,0.5328,0.6434,4312
16,4,crease,0.70,0.40,0.9,7316,0.5323,0.6348,3995
16,4,crease,0.70,0.40,0.7,6479,0.5275,0.6215,3524
16,4,crease,0.70,0.55,off,5901,0.5283,0.5720,3252
16,4,crease,0.70,0.55,0.9,5578,0.5281,0.5649,3065
16,4,crease,0.70,0.55,0.7,5033,0.5238,0.5498,2765
16,4,crease,0.70,0.65,off,4590,0.5252,0.5104,2524
16,4,crease,0.70,0.65,0.9,4366,0.5271,0.5051,2394
16,4,crease,0.70,0.65,0.7,3998,0.5255,0.4940,2192
16,4,crease,0.70,0.75,off,3279,0.5275,0.4294,1802
16,4,crease,0.70,0.75,0.9,3147,0.5286,0.4246,1726
16,4,crease,0.70,0.75,0.7,2929,0.5268,0.4170,1600
16,4,crease,0.80,0.25,off,7674,0.5477,0.6294,4185
16,4,crease,0.80,0.25,0.9,7133,0.5441,0.6217,3879
16,4,crease,0.80,0.25,0.7,6329,0.5385,0.6092,3426
16,4,crease,0.80,0.40,off,6140,0.5446,0.5665,3361
16,4,crease,0.80,0.40,0.9,5762,0.5435,0.5607,3145
16,4,crease,0.80,0.40,0.7,5164,0.5396,0.5485,2805
16,4,crease,0.80,0.55,off,4605,0.5417,0.5074,2538
16,4,crease,0.80,0.55,0.9,4387,0.5413,0.5036,2411
16,4,crease,0.80,0.55,0.7,3993,0.5377,0.4913,2188
16,4,crease,0.80,0.65,off,3582,0.5325,0.4384,1964
16,4,crease,0.80,0.65,0.9,3432,0.5334,0.4348,1874
16,4,crease,0.80,0.65,0.7,3168,0.5331,0.4268,1729
16,4,crease,0.80,0.75,off,2558,0.5384,0.3651,1400
16,4,crease,0.80,0.75,0.9,2475,0.5398,0.3625,1348
16,4,crease,0.80,0.75,0.7,2322,0.5387,0.3561,1259
16,4,l1,0.10,0.25,off,42663,0.4161,0.9492,23842
16,4,l1,0.10,0.25,0.9,34462,0.4173,0.9390,19250
16,4,l1,0.10,0.25,0.7,23722,0.4120,0.9085,13180
16,4,l1,0.10,0.40,off,34130,0.4425,0.9017,19240
16,4,l1,0.10,0.40,0.9,28207,0.4439,0.8907,15861
16,4,l1,0.10,0.40,0.7,19867,0.4376,0.8638,11109
16,4,l1,0.10,0.55,off,25598,0.4512,0.8360,14554
16,4,l1,0.10,0.55,0.9,21686,0.4530,0.8254,12292
16,4,l1,0.10,0.55,0.7,15824,0.4495,0.7982,8932
16,4,l1,0.10,0.65,off,19910,0.4471,0.7780,11351
16,4,l1,0.10,0.65,0.9,17191,0.4491,0.7669,9765
16,4,l1,0.10,0.65,0.7,12945,0.4479,0.7391,7322
16,4,l1,0.10,0.75,off,14221,0.4429,0.7148,8096
16,4,l1,0.10,0.75,0.9,12543,0.4456,0.7024,7120
16,4,l1,0.10,0.75,0.7,9801,0.4452,0.6751,5549
16,4,l1,0.30,0.25,off,23979,0.4606,0.8876,13194
16,4,l1,0.30,0.25,0.9,20878,0.4565,0.8762,11484
16,4,l1,0.30,0.25,0.7,16341,0.4487,0.8537,8996
16,4,l1,0.30,0.40,off,19184,0.4721,0.8296,10633
16,4,l1,0.30,0.40,0.9,16913,0.4690,0.8171,9359
16,4,l1,0.30,0.40,0.7,13428,0.4619,0.7935,7426
16,4,l1,0.30,0.55,off,14388,0.4728,0.7505,8003
16,4,l1,0.30,0.55,0.9,12922,0.4712,0.7392,7172
16,4,l1,0.30,0.55,0.7,10540,0.4658,0.7165,5858
16,4,l1,0.30,0.65,off,11191,0.4682,0.6964,6243
16,4,l1,0.30,0.65,0.9,10187,0.4682,0.6872,5667
16,4,l1,0.30,0.65,0.7,8491,0.4639,0.6636,4725
16,4,l1,0.30,0.75,off,7993,0.4650,0.6107,4437
16,4,l1,0.30,0.75,0.9,7390,0.4665,0.6005,4089
16,4,l1,0.30,0.75,0.7,6305,0.4643,0.5816,3498
16,4,l1,0.50,0.25,off,15342,0.4974,0.8013,8398
16,4,l1,0.50,0.25,0.9,13824,0.4921,0.7905,7557
16,4,l1,0.50,0.25,0.7,11477,0.4836,0.7682,6263
16,4,l1,0.50,0.40,off,12273,0.5025,0.7464,6764
16,4,l1,0.50,0.40,0.9,11177,0.4988,0.7359,6147
16,4,l1,0.50,0.40,0.7,9432,0.4909,0.7165,5175
16,4,l1,0.50,0.55,off,9205,0.4997,0.6644,5104
16,4,l1,0.50,0.55,0.9,8521,0.4975,0.6550,4714
16,4,l1,0.50,0.55,0.7,7329,0.4892,0.6345,4050
16,4,l1,0.50,0.65,off,7160,0.4950,0.6028,3954
16,4,l1,0.50,0.65,0.9,6676,0.4939,0.5965,3682
16,4,l1,0.50,0.65,0.7,5841,0.4900,0.5783,3225
16,4,l1,0.50,0.75,off,5114,0.4891,0.5120,2811
16,4,l1,0.50,0.75,0.9,4837,0.4891,0.5037,2652
16,4,l1,0.50,0.75,0.7,4329,0.4867,0.4915,2376
16,4,l1,0.60,0.25,off,12285,0.5164,0.7492,6720
16,4,l1,0.60,0.25,0.9,11215,0.5114,0.7378,6123
16,4,l1,0.60,0.25,0.7,9542,0.5046,0.7199,5206
16,4,l1,0.60,0.40,off,9828,0.5181,0.6890,5405
16,4,l1,0.60,0.40,0.9,9040,0.5134,0.6786,4958
16,4,l1,0.60,0.40,0.7,7792,0.5067,0.6636,4272
16,4,l1,0.60,0.55,off,7371,0.5134,0.6116,4087
16,4,l1,0.60,0.55,0.9,6887,0.5109,0.6046,3810
16,4,l1,0.60,0.55,0.7,6019,0.5055,0.5886,3327
16,4,l1,0.60,0.65,off,5733,0.5065,0.5428,3172
16,4,l1,0.60,0.65,0.9,5394,0.5040,0.5370,2979
16,4,l1,0.60,0.65,0.7,4792,0.5026,0.5253,2642
16,4,l1,0.60,0.75,off,4095,0.5015,0.4662,2256
16,4,l1,0.60,0.75,0.9,3899,0.5020,0.4611,2144
16,4,l1,0.60,0.75,0.7,3540,0.5023,0.4519,1939
16,4,l1,0.70,0.25,off,9835,0.5319,0.6979,5357
16,4,l1,0.70,0.25,0.9,9056,0.5281,0.6873,4917
16,4,l1,0.70,0.25,0.7,7880,0.5216,0.6731,4263
16,4,l1,0.70,0.40,off,7868,0.5313,0.6364,4316
16,4,l1,0.70,0.40,0.9,7316,0.5287,0.6279,3998
16,4,l1,0.70,0.40,0.7,6422,0.5221,0.6130,3494
16,4,l1,0.70,0.55,off,5901,0.5251,0.5642,3250
16,4,l1,0.70,0.55,0.9,5551,0.5241,0.5579,3048
16,4,l1,0.70,0.55,0.7,4943,0.5183,0.5424,2700
16,4,l1,0.70,0.65,off,4590,0.5224,0.4953,2519
16,4,l1,0.70,0.65,0.9,4345,0.5225,0.4892,2379
16,4,l1,0.70,0.65,0.7,3924,0.5202,0.4770,2137
16,4,l1,0.70,0.75,off,3279,0.5206,0.4218,1796
16,4,l1,0.70,0.75,0.9,3135,0.5213,0.4170,1711
16,4,l1,0.70,0.75,0.7,2887,0.5218,0.4082,1566
16,4,l1,0.80,0.25,off,7674,0.5467,0.6252,4183
16,4,l1,0.80,0.25,0.9,7133,0.5417,0.6172,3871
16,4,l1,0.80,0.25,0.7,6302,0.5358,0.6061,3404
16,4,l1,0.80,0.40,off,6140,0.5439,0.5684,3357
16,4,l1,0.80,0.40,0.9,5767,0.5405,0.5627,3143
16,4,l1,0.80,0.40,0.7,5133,0.5343,0.5509,2780
16,4,l1,0.80,0.55,off,4605,0.5363,0.4970,2529
16,4,l1,0.80,0.55,0.9,4371,0.5359,0.4922,2392
16,4,l1,0.80,0.55,0.7,3943,0.5311,0.4800,2144
16,4,l1,0.80,0.65,off,3582,0.5343,0.4259,1964
16,4,l1,0.80,0.65,0.9,3421,0.5342,0.4217,1867
16,4,l1,0.80,0.65,0.7,3131,0.5324,0.4139,1699
16,4,l1,0.80,0.75,off,2558,0.5307,0.3581,1395
16,4,l1,0.80,0.75,0.9,2466,0.5323,0.3556,1339
16,4,l1,0.80,0.75,0.7,2294,0.5341,0.3485,1236
16,5,crease,0.10,0.25,off,42663,0.4165,0.9475,23837
16,5,crease,0.10,0.25,0.9,33084,0.4169,0.9332,18456
16,5,crease,0.10,0.25,0.7,21424,0.4146,0.8968,11879
16,5,crease,0.10,0.40,off,34130,0.4403,0.9000,19235
16,5,crease,0.10,0.40,0.9,27291,0.4396,0.8851,15345
16,5,crease,0.10,0.40,0.7,18306,0.4386,0.8530,10220
16,5,crease,0.10,0.55,off,25598,0.4492,0.8352,14569
16,5,crease,0.10,0.55,0.9,21177,0.4506,0.8206,12005
16,5,crease,0.10,0.55,0.7,14945,0.4500,0.7828,8395
16,5,crease,0.10,0.65,off,19910,0.4465,0.7898,11389
16,5,crease,0.10,0.65,0.9,16890,0.4485,0.7744,9631
16,5,crease,0.10,0.65,0.7,12420,0.4501,0.7392,7014
16,5,crease,0.10,0.75,off,14221,0.4432,0.7248,8110
16,5,crease,0.10,0.75,0.9,12432,0.4446,0.7089,7092
16,5,crease,0.10,0.75,0.7,9602,0.4447,0.6765,5440
16,5,crease,0.30,0.25,off,23979,0.4619,0.8903,13200
16,5,crease,0.30,0.25,0.9,20309,0.4573,0.8761,11180
16,5,crease,0.30,0.25,0.7,15219,0.4504,0.8436,8370
16,5,crease,0.30,0.40,off,19184,0.4707,0.8300,10640
16,5,crease,0.30,0.40,0.9,16599,0.4675,0.8152,9194
16,5,crease,0.30,0.40,0.7,12748,0.4645,0.7832,7033
16,5,crease,0.30,0.55,off,14388,0.4739,0.7659,8028
16,5,crease,0.30,0.55,0.9,12748,0.4729,0.7551,7104
16,5,crease,0.30,0.55,0.7,10165,0.4705,0.7206,5650
16,5,crease,0.30,0.65,off,11191,0.4694,0.7099,6255
16,5,crease,0.30,0.65,0.9,10109,0.4693,0.6979,5647
16,5,crease,0.30,0.65,0.7,8294,0.4670,0.6698,4620
16,5,crease,0.30,0.75,off,7993,0.4652,0.6262,4434
16,5,crease,0.30,0.75,0.9,7369,0.4655,0.6166,4093
16,5,crease,0.30,0.75,0.7,6227,0.4623,0.5904,3457
16,5,crease,0.50,0.25,off,15342,0.4984,0.7979,8406
16,5,crease,0.50,0.25,0.9,13536,0.4925,0.7829,7410
16,5,crease,0.50,0.25,0.7,10894,0.4860,0.7599,5949
16,5,crease,0.50,0.40,off,12273,0.5020,0.7477,6777
16,5,crease,0.50,0.40,0.9,10991,0.4983,0.7336,6055
16,5,crease,0.50,0.40,0.7,9047,0.4945,0.7094,4963
16,5,crease,0.50,0.55,off,9205,0.4976,0.6729,5127
16,5,crease,0.50,0.55,0.9,8413,0.4960,0.6620,4682
16,5,crease,0.50,0.55,0.7,7137,0.4948,0.6406,3957
16,5,crease,0.50,0.65,off,7160,0.4983,0.6157,3971
16,5,crease,0.50,0.65,0.9,6644,0.4962,0.6065,3686
16,5,crease,0.50,0.65,0.7,5752,0.4948,0.5876,3186
16,5,crease,0.50,0.75,off,5114,0.4857,0.5296,2825
16,5,crease,0.50,0.75,0.9,4817,0.4851,0.5220,2663
16,5,crease,0.50,0.75,0.7,4279,0.4825,0.5060,2365
16,5,crease,0.60,0.25,off,12285,0.5172,0.7488,6711
16,5,crease,0.60,0.25,0.9,10992,0.5120,0.7368,5999
16,5,crease,0.60,0.25,0.7,9090,0.5069,0.7151,4959
16,5,crease,0.60,0.40,off,9828,0.5162,0.6917,5419
16,5,crease,0.60,0.40,0.9,8918,0.5127,0.6809,4907
16,5,crease,0.60,0.40,0.7,7536,0.5102,0.6618,4135
16,5,crease,0.60,0.55,off,7371,0.5135,0.6208,4086
16,5,crease,0.60,0.55,0.9,6814,0.5113,0.6110,3774
16,5,crease,0.60,0.55,0.7,5897,0.5109,0.5935,3258
16,5,crease,0.60,0.65,off,5733,0.5119,0.5614,3179
16,5,crease,0.60,0.65,0.9,5374,0.5109,0.5534,2984
16,5,crease,0.60,0.65,0.7,4731,0.5113,0.5390,2624
16,5,crease,0.60,0.75,off,4095,0.5002,0.4742,2255
16,5,crease,0.60,0.75,0.9,3888,0.4999,0.4696,2145
16,5,crease,0.60,0.75,0.7,3493,0.4975,0.4557,1921
16,5,crease,0.70,0.25,off,9835,0.5325,0.6991,5376
16,5,crease,0.70,0.25,0.9,8905,0.5274,0.6898,4850
16,5,crease,0.70,0.25,0.7,7533,0.5221,0.6715,4087
16,5,crease,0.70,0.40,off,7868,0.5304,0.6429,4315
16,5,crease,0.70,0.40,0.9,7214,0.5258,0.6331,3941
16,5,crease,0.70,0.40,0.7,6225,0.5233,0.6155,3382
16,5,crease,0.70,0.55,off,5901,0.5272,0.5689,3253
16,5,crease,0.70,0.55,0.9,5509,0.5222,0.5595,3029
16,5,crease,0.70,0.55,0.7,4860,0.5221,0.5454,2664
16,5,crease,0.70,0.65,off,4590,0.5257,0.5121,2521
16,5,crease,0.70,0.65,0.9,4331,0.5223,0.5044,2375
16,5,crease,0.70,0.65,0.7,3888,0.5224,0.4916,2123
16,5,crease,0.70,0.75,off,3279,0.5167,0.4261,1789
16,5,crease,0.70,0.75,0.9,3131,0.5157,0.4225,1706
16,5,crease,0.70,0.75,0.7,2864,0.5159,0.4126,1554
16,5,crease,0.80,0.25,off,7674,0.5491,0.6295,4196
16,5,crease,0.80,0.25,0.9,7033,0.5437,0.6213,3842
16,5,crease,0.80,0.25,0.7,6054,0.5381,0.6076,3298
16,5,crease,0.80,0.40,off,6140,0.5428,0.5712,3373
16,5,crease,0.80,0.40,0.9,5704,0.5380,0.5629,3130
16,5,crease,0.80,0.40,0.7,4993,0.5347,0.5467,2727
16,5,crease,0.80,0.55,off,4605,0.5379,0.5001,2540
16,5,crease,0.80,0.55,0.9,4339,0.5332,0.4934,2388
16,5,crease,0.80,0.55,0.7,3887,0.5318,0.4809,2132
16,5,crease,0.80,0.65,off,3582,0.5353,0.4405,1965
16,5,crease,0.80,0.65,0.9,3416,0.5332,0.4347,1872
16,5,crease,0.80,0.65,0.7,3107,0.5307,0.4247,1696
16,5,crease,0.80,0.75,off,2558,0.5296,0.3629,1386
16,5,crease,0.80,0.75,0.9,2460,0.5290,0.3581,1329
16,5,crease,0.80,0.75,0.7,2279,0.5265,0.3501,1224
16,5,l1,0.10,0.25,off,42663,0.4197,0.9483,23855
16,5,l1,0.10,0.25,0.9,33045,0.4207,0.9330,18453
16,5,l1,0.10,0.25,0.7,21199,0.4181,0.8942,11760
16,5,l1,0.10,0.40,off,34130,0.4441,0.8878,19267
16,5,l1,0.10,0.40,0.9,27270,0.4435,0.8736,15375
16,5,l1,0.10,0.40,0.7,17968,0.4418,0.8362,10041
16,5,l1,0.10,0.55,off,25598,0.4514,0.8263,14570
16,5,l1,0.10,0.55,0.9,21088,0.4527,0.8129,11961
16,5,l1,0.10,0.55,0.7,14547,0.4528,0.7718,8178
16,5,l1,0.10,0.65,off,19910,0.4484,0.7826,11413
16,5,l1,0.10,0.65,0.9,16719,0.4498,0.7670,9564
16,5,l1,0.10,0.65,0.7,11914,0.4518,0.7309,6752
16,5,l1,0.10,0.75,off,14221,0.4457,0.7044,8110
16,5,l1,0.10,0.75,0.9,12255,0.4474,0.6920,6983
16,5,l1,0.10,0.75,0.7,9107,0.4507,0.6564,5156
16,5,l1,0.30,0.25,off,23979,0.4641,0.8890,13202
16,5,l1,0.30,0.25,0.9,20340,0.4598,0.8743,11198
16,5,l1,0.30,0.25,0.7,15178,0.4532,0.8387,8347
16,5,l1,0.30,0.40,off,19184,0.4741,0.8253,10681
16,5,l1,0.30,0.40,0.9,16563,0.4700,0.8113,9203
16,5,l1,0.30,0.40,0.7,12650,0.4653,0.7766,6997
16,5,l1,0.30,0.55,off,14388,0.4750,0.7561,8065
16,5,l1,0.30,0.55,0.9,12708,0.4745,0.7459,7104
16,5,l1,0.30,0.55,0.7,9988,0.4705,0.7084,5572
16,5,l1,0.30,0.65,off,11191,0.4717,0.6983,6274
16,5,l1,0.30,0.65,0.9,10036,0.4716,0.6860,5615
16,5,l1,0.30,0.65,0.7,8060,0.4681,0.6535,4506
16,5,l1,0.30,0.75,off,7993,0.4708,0.6167,4450
16,5,l1,0.30,0.75,0.9,7304,0.4708,0.6082,4064
16,5,l1,0.30,0.75,0.7,6062,0.4683,0.5788,3379
16,5,l1,0.50,0.25,off,15342,0.4994,0.7957,8404
16,5,l1,0.50,0.25,0.9,13527,0.4940,0.7791,7417
16,5,l1,0.50,0.25,0.7,10863,0.4867,0.7506,5937
16,5,l1,0.50,0.40,off,12273,0.5035,0.7346,6771
16,5,l1,0.50,0.40,0.9,10978,0.4997,0.7210,6057
16,5,l1,0.50,0.40,0.7,8971,0.4935,0.6927,4918
16,5,l1,0.50,0.55,off,9205,0.4980,0.6685,5126
16,5,l1,0.50,0.55,0.9,8362,0.4967,0.6560,4657
16,5,l1,0.50,0.55,0.7,7004,0.4938,0.6307,3884
16,5,l1,0.50,0.65,off,7160,0.4963,0.5917,3978
16,5,l1,0.50,0.65,0.9,6595,0.4952,0.5825,3668
16,5,l1,0.50,0.65,0.7,5639,0.4928,0.5650,3133
16,5,l1,0.50,0.75,off,5114,0.4946,0.5151,2840
16,5,l1,0.50,0.75,0.9,4778,0.4939,0.5085,2655
16,5,l1,0.50,0.75,0.7,4196,0.4922,0.4937,2336
16,5,l1,0.60,0.25,off,12285,0.5182,0.7446,6721
16,5,l1,0.60,0.25,0.9,10978,0.5131,0.7324,6005
16,5,l1,0.60,0.25,0.7,9051,0.5069,0.7097,4945
16,5,l1,0.60,0.40,off,9828,0.5162,0.6877,5417
16,5,l1,0.60,0.40,0.9,8914,0.5137,0.6774,4914
16,5,l1,0.60,0.40,0.7,7476,0.5103,0.6568,4107
16,5,l1,0.60,0.55,off,7371,0.5117,0.6139,4098
16,5,l1,0.60,0.55,0.9,6779,0.5108,0.6047,3769
16,5,l1,0.60,0.55,0.7,5782,0.5099,0.5872,3202
16,5,l1,0.60,0.65,off,5733,0.5079,0.5390,3176
16,5,l1,0.60,0.65,0.9,5335,0.5076,0.5327,2955
16,5,l1,0.60,0.65,0.7,4651,0.5056,0.5187,2570
16,5,l1,0.60,0.75,off,4095,0.5043,0.4660,2263
16,5,l1,0.60,0.75,0.9,3868,0.5031,0.4609,2139
16,5,l1,0.60,0.75,0.7,3465,0.5015,0.4495,1914
16,5,l1,0.70,0.25,off,9835,0.5343,0.6987,5383
16,5,l1,0.70,0.25,0.9,8894,0.5291,0.6892,4856
16,5,l1,0.70,0.25,0.7,7518,0.5242,0.6691,4089
16,5,l1,0.70,0.40,off,7868,0.5283,0.6348,4321
16,5,l1,0.70,0.40,0.9,7220,0.5260,0.6271,3965
16,5,l1,0.70,0.40,0.7,6183,0.5227,0.6076,3382
16,5,l1,0.70,0.55,off,5901,0.5259,0.5591,3265
16,5,l1,0.70,0.55,0.9,5469,0.5233,0.5505,3025
16,5,l1,0.70,0.55,0.7,4773,0.5211,0.5355,2625
16,5,l1,0.70,0.65,off,4590,0.5222,0.4925,2531
16,5,l1,0.70,0.65,0.9,4300,0.5217,0.4879,2369
16,5,l1,0.70,0.65,0.7,3835,0.5209,0.4771,2106
16,5,l1,0.70,0.75,off,3279,0.5184,0.4177,1801
16,5,l1,0.70,0.75,0.9,3118,0.5166,0.4130,1713
16,5,l1,0.70,0.75,0.7,2860,0.5152,0.4044,1562
16,5,l1,0.80,0.25,off,7674,0.5504,0.6276,4200
16,5,l1,0.80,0.25,0.9,7016,0.5452,0.6194,3838
16,5,l1,0.80,0.25,0.7,6031,0.5415,0.6031,3291
16,5,l1,0.80,0.40,off,6140,0.5433,0.5648,3368
16,5,l1,0.80,0.40,0.9,5699,0.5399,0.5582,3130
16,5,l1,0.80,0.40,0.7,4961,0.5369,0.5418,2714
16,5,l1,0.80,0.55,off,4605,0.5368,0.4906,2543
16,5,l1,0.80,0.55,0.9,4315,0.5336,0.4821,2382
16,5,l1,0.80,0.55,0.7,3829,0.5307,0.4691,2107
16,5,l1,0.80,0.65,off,3582,0.5341,0.4274,1966
16,5,l1,0.80,0.65,0.9,3386,0.5331,0.4225,1859
16,5,l1,0.80,0.65,0.7,3053,0.5322,0.4120,1673
16,5,l1,0.80,0.75,off,2558,0.5291,0.3546,1399
16,5,l1,0.80,0.75,0.9,2448,0.5281,0.3495,1340
16,5,l1,0.80,0.75,0.7,2272,0.5272,0.3425,1237
16,6,crease,0.10,0.25,off,42663,0.4187,0.9478,23871
16,6,crease,0.10,0.25,0.9,31610,0.4179,0.9304,17645
16,6,crease,0.10,0.25,0.7,19334,0.4119,0.8818,10714
16,6,crease,0.10,0.40,off,34130,0.4413,0.8975,19259
16,6,crease,0.10,0.40,0.9,26280,0.4391,0.8788,14783
16,6,crease,0.10,0.40,0.7,16732,0.4361,0.8359,9344
16,6,crease,0.10,0.55,off,25598,0.4499,0.8360,14606
16,6,crease,0.10,0.55,0.9,20523,0.4495,0.8199,11687
16,6,crease,0.10,0.55,0.7,13815,0.4495,0.7793,7795
16,6,crease,0.10,0.65,off,19910,0.4488,0.7877,11326
16,6,crease,0.10,0.65,0.9,16467,0.4489,0.7715,9361
16,6,crease,0.10,0.65,0.7,11586,0.4474,0.7309,6536
16,6,crease,0.10,0.75,off,14221,0.4475,0.7196,8092
16,6,crease,0.10,0.75,0.9,12173,0.4468,0.7035,6911
16,6,crease,0.10,0.75,0.7,9051,0.4490,0.6673,5119
16,6,crease,0.30,0.25,off,23979,0.4609,0.8888,13216
16,6,crease,0.30,0.25,0.9,19769,0.4540,0.8710,10897
16,6,crease,0.30,0.25,0.7,14152,0.4416,0.8266,7805
16,6,crease,0.30,0.40,off,19184,0.4720,0.8287,10645
16,6,crease,0.30,0.40,0.9,16255,0.4661,0.8128,9007
16,6,crease,0.30,0.40,0.7,12008,0.4575,0.7713,6656
16,6,crease,0.30,0.55,off,14388,0.4751,0.7664,8054
16,6,crease,0.30,0.55,0.9,12489,0.4722,0.7543,7003
16,6,crease,0.30,0.55,0.7,9615,0.4664,0.7136,5386
16,6,crease,0.30,0.65,off,11191,0.4719,0.7109,6260
16,6,crease,0.30,0.65,0.9,9915,0.4704,0.6977,5548
16,6,crease,0.30,0.65,0.7,7870,0.4659,0.6612,4403
16,6,crease,0.30,0.75,off,7993,0.4716,0.6291,4447
16,6,crease,0.30,0.75,0.9,7261,0.4689,0.6163,4038
16,6,crease,0.30,0.75,0.7,5979,0.4673,0.5879,3331
16,6,crease,0.50,0.25,off,15342,0.4988,0.7963,8412
16,6,crease,0.50,0.25,0.9,13247,0.4908,0.7804,7261
16,6,crease,0.50,0.25,0.7,10332,0.4750,0.7530,5648
16,6,crease,0.50,0.40,off,12273,0.5024,0.7406,6775
16,6,crease,0.50,0.40,0.9,10798,0.4966,0.7279,5956
16,6,crease,0.50,0.40,0.7,8619,0.4843,0.7004,4746
16,6,crease,0.50,0.55,off,9205,0.5050,0.6783,5107
16,6,crease,0.50,0.55,0.9,8276,0.5021,0.6661,4598
16,6,crease,0.50,0.55,0.7,6813,0.4930,0.6403,3777
16,6,crease,0.50,0.65,off,7160,0.4994,0.6060,3964
16,6,crease,0.50,0.65,0.9,6531,0.4983,0.5964,3623
16,6,crease,0.50,0.65,0.7,5499,0.4917,0.5752,3052
16,6,crease,0.50,0.75,off,5114,0.4955,0.5268,2825
16,6,crease,0.50,0.75,0.9,4751,0.4920,0.5162,2630
16,6,crease,0.50,0.75,0.7,4140,0.4861,0.5030,2305
16,6,crease,0.60,0.25,off,12285,0.5188,0.7549,6723
16,6,crease,0.60,0.25,0.9,10814,0.5117,0.7419,5914
16,6,crease,0.60,0.25,0.7,8686,0.4971,0.7160,4738
16,6,crease,0.60,0.40,off,9828,0.5171,0.6927,5426
16,6,crease,0.60,0.40,0.9,8800,0.5121,0.6811,4860
16,6,crease,0.60,0.40,0.7,7225,0.5014,0.6580,3980
16,6,crease,0.60,0.55,off,7371,0.5210,0.6246,4078
16,6,crease,0.60,0.55,0.9,6740,0.5185,0.6155,3735
16,6,crease,0.60,0.55,0.7,5671,0.5100,0.5924,3132
16,6,crease,0.60,0.65,off,5733,0.5170,0.5567,3179
16,6,crease,0.60,0.65,0.9,5304,0.5156,0.5489,2944
16,6,crease,0.60,0.65,0.7,4548,0.5109,0.5304,2524
16,6,crease,0.60,0.75,off,4095,0.5109,0.4700,2251
16,6,crease,0.60,0.75,0.9,3850,0.5087,0.4632,2120
16,6,crease,0.60,0.75,0.7,3412,0.5032,0.4505,1884
16,6,crease,0.70,0.25,off,9835,0.5353,0.7031,5368
16,6,crease,0.70,0.25,0.9,8787,0.5284,0.6912,4784
16,6,crease,0.70,0.25,0.7,7244,0.5153,0.6689,3919
16,6,crease,0.70,0.40,off,7868,0.5336,0.6434,4334
16,6,crease,0.70,0.40,0.9,7140,0.5289,0.6329,3937
16,6,crease,0.70,0.40,0.7,6005,0.5199,0.6101,3292
16,6,crease,0.70,0.55,off,5901,0.5336,0.5718,3257
16,6,crease,0.70,0.55,0.9,5457,0.5307,0.5638,3011
16,6,crease,0.70,0.55,0.7,4696,0.5235,0.5434,2577
16,6,crease,0.70,0.65,off,4590,0.5307,0.5036,2529
16,6,crease,0.70,0.65,0.9,4281,0.5278,0.4970,2358
16,6,crease,0.70,0.65,0.7,3761,0.5226,0.4826,2071
16,6,crease,0.70,0.75,off,3279,0.5269,0.4258,1800
16,6,crease,0.70,0.75,0.9,3109,0.5247,0.4204,1707
16,6,crease,0.70,0.75,0.7,2807,0.5183,0.4094,1542
16,6,crease,0.80,0.25,off,7674,0.5495,0.6292,4195
16,6,crease,0.80,0.25,0.9,6966,0.5442,0.6195,3810
16,6,crease,0.80,0.25,0.7,5847,0.5317,0.6007,3176
16,6,crease,0.80,0.40,off,6140,0.5474,0.5671,3376
16,6,crease,0.80,0.40,0.9,5651,0.5437,0.5582,3116
16,6,crease,0.80,0.40,0.7,4847,0.5336,0.5387,2658
16,6,crease,0.80,0.55,off,4605,0.5424,0.4932,2542
16,6,crease,0.80,0.55,0.9,4307,0.5401,0.4866,2382
16,6,crease,0.80,0.55,0.7,3785,0.5325,0.4710,2087
16,6,crease,0.80,0.65,off,3582,0.5406,0.4266,1973
16,6,crease,0.80,0.65,0.9,3382,0.5377,0.4205,1865
16,6,crease,0.80,0.65,0.7,3031,0.5327,0.4134,1674
16,6,crease,0.80,0.75,off,2558,0.5381,0.3548,1400
16,6,crease,0.80,0.75,0.9,2446,0.5345,0.3505,1337
16,6,crease,0.80,0.75,0.7,2237,0.5303,0.3441,1229
16,6,l1,0.10,0.25,off,42663,0.4220,0.9461,23858
16,6,l1,0.10,0.25,0.9,31659,0.4222,0.9277,17647
16,6,l1,0.10,0.25,0.7,19112,0.4207,0.8788,10602
16,6,l1,0.10,0.40,off,34130,0.4468,0.8887,19304
16,6,l1,0.10,0.40,0.9,26246,0.4451,0.8713,14756
16,6,l1,0.10,0.40,0.7,16382,0.4452,0.8274,9171
16,6,l1,0.10,0.55,off,25598,0.4506,0.8244,14629
16,6,l1,0.10,0.55,0.9,20384,0.4521,0.8067,11601
16,6,l1,0.10,0.55,0.7,13332,0.4533,0.7679,7553
16,6,l1,0.10,0.65,off,19910,0.4497,0.7705,11392
16,6,l1,0.10,0.65,0.9,16242,0.4509,0.7514,9251
16,6,l1,0.10,0.65,0.7,11051,0.4519,0.7070,6279
16,6,l1,0.10,0.75,off,14221,0.4495,0.6926,8134
16,6,l1,0.10,0.75,0.9,11965,0.4519,0.6763,6810
16,6,l1,0.10,0.75,0.7,8584,0.4557,0.6413,4880
16,6,l1,0.30,0.25,off,23979,0.4637,0.8811,13220
16,6,l1,0.30,0.25,0.9,19750,0.4582,0.8623,10885
16,6,l1,0.30,0.25,0.7,14044,0.4468,0.8182,7749
16,6,l1,0.30,0.40,off,19184,0.4753,0.8181,10688
16,6,l1,0.30,0.40,0.9,16139,0.4691,0.8006,8973
16,6,l1,0.30,0.40,0.7,11796,0.4604,0.7601,6557
16,6,l1,0.30,0.55,off,14388,0.4746,0.7539,8066
16,6,l1,0.30,0.55,0.9,12392,0.4729,0.7378,6934
16,6,l1,0.30,0.55,0.7,9358,0.4649,0.6993,5241
16,6,l1,0.30,0.65,off,11191,0.4724,0.6904,6264
16,6,l1,0.30,0.65,0.9,9802,0.4719,0.6764,5483
16,6,l1,0.30,0.65,0.7,7606,0.4660,0.6414,4268
16,6,l1,0.30,0.75,off,7993,0.4726,0.6015,4454
16,6,l1,0.30,0.75,0.9,7185,0.4725,0.5907,4002
16,6,l1,0.30,0.75,0.7,5801,0.4687,0.5635,3248
16,6,l1,0.50,0.25,off,15342,0.4998,0.7972,8415
16,6,l1,0.50,0.25,0.9,13211,0.4926,0.7779,7242
16,6,l1,0.50,0.25,0.7,10267,0.4791,0.7493,5620
16,6,l1,0.50,0.40,off,12273,0.5052,0.7356,6810
16,6,l1,0.50,0.40,0.9,10757,0.5002,0.7210,5971
16,6,l1,0.50,0.40,0.7,8498,0.4871,0.6922,4701
16,6,l1,0.50,0.55,off,9205,0.4995,0.6605,5117
16,6,l1,0.50,0.55,0.9,8218,0.4967,0.6462,4575
16,6,l1,0.50,0.55,0.7,6672,0.4862,0.6204,3715
16,6,l1,0.50,0.65,off,7160,0.4965,0.5848,3992
16,6,l1,0.50,0.65,0.9,6469,0.4952,0.5743,3616
16,6,l1,0.50,0.65,0.7,5374,0.4881,0.5535,3019
16,6,l1,0.50,0.75,off,5114,0.4952,0.5068,2824
16,6,l1,0.50,0.75,0.9,4720,0.4936,0.4990,2613
16,6,l1,0.50,0.75,0.7,4050,0.4859,0.4834,2256
16,6,l1,0.60,0.25,off,12285,0.5194,0.7471,6749
16,6,l1,0.60,0.25,0.9,10789,0.5123,0.7300,5930
16,6,l1,0.60,0.25,0.7,8634,0.4988,0.7020,4735
16,6,l1,0.60,0.40,off,9828,0.5175,0.6850,5439
16,6,l1,0.60,0.40,0.9,8767,0.5142,0.6715,4861
16,6,l1,0.60,0.40,0.7,7114,0.5008,0.6457,3926
16,6,l1,0.60,0.55,off,7371,0.5146,0.6025,4089
16,6,l1,0.60,0.55,0.9,6677,0.5122,0.5905,3714
16,6,l1,0.60,0.55,0.7,5543,0.5024,0.5664,3076
16,6,l1,0.60,0.65,off,5733,0.5109,0.5315,3196
16,6,l1,0.60,0.65,0.9,5260,0.5086,0.5225,2942
16,6,l1,0.60,0.65,0.7,4455,0.5016,0.5010,2496
16,6,l1,0.60,0.75,off,4095,0.5099,0.4582,2266
16,6,l1,0.60,0.75,0.9,3841,0.5079,0.4522,2133
16,6,l1,0.60,0.75,0.7,3359,0.5014,0.4371,1870
16,6,l1,0.70,0.25,off,9835,0.5355,0.6964,5403
16,6,l1,0.70,0.25,0.9,8755,0.5291,0.6824,4810
16,6,l1,0.70,0.25,0.7,7188,0.5164,0.6592,3930
16,6,l1,0.70,0.40,off,7868,0.5325,0.6372,4349
16,6,l1,0.70,0.40,0.9,7115,0.5292,0.6259,3940
16,6,l1,0.70,0.40,0.7,5936,0.5168,0.6026,3268
16,6,l1,0.70,0.55,off,5901,0.5281,0.5489,3266
16,6,l1,0.70,0.55,0.9,5411,0.5246,0.5401,3004
16,6,l1,0.70,0.55,0.7,4607,0.5157,0.5194,2545
16,6,l1,0.70,0.65,off,4590,0.5235,0.4807,2550
16,6,l1,0.70,0.65,0.9,4265,0.5214,0.4746,2377
16,6,l1,0.70,0.65,0.7,3710,0.5150,0.4578,2061
16,6,l1,0.70,0.75,off,3279,0.5250,0.4103,1815
16,6,l1,0.70,0.75,0.9,3103,0.5221,0.4060,1720
16,6,l1,0.70,0.75,0.7,2782,0.5178,0.3960,1545
16,6,l1,0.80,0.25,off,7674,0.5497,0.6218,4211
16,6,l1,0.80,0.25,0.9,6955,0.5443,0.6108,3830
16,6,l1,0.80,0.25,0.7,5815,0.5331,0.5929,3181
16,6,l1,0.80,0.40,off,6140,0.5431,0.5624,3381
16,6,l1,0.80,0.40,0.9,5634,0.5391,0.5530,3110
16,6,l1,0.80,0.40,0.7,4794,0.5273,0.5344,2630
16,6,l1,0.80,0.55,off,4605,0.5403,0.4771,2547
16,6,l1,0.80,0.55,0.9,4288,0.5382,0.4707,2382
16,6,l1,0.80,0.55,0.7,3720,0.5296,0.4549,2057
16,6,l1,0.80,0.65,off,3582,0.5392,0.4097,1985
16,6,l1,0.80,0.65,0.9,3371,0.5351,0.4046,1876
16,6,l1,0.80,0.65,0.7,2979,0.5295,0.3904,1653
16,6,l1,0.80,0.75,off,2558,0.5390,0.3484,1418
16,6,l1,0.80,0.75,0.9,2444,0.5360,0.3449,1356
16,6,l1,0.80,0.75,0.7,2209,0.5324,0.3380,1227
16,8,crease,0.10,0.25,off,42663,0.4187,0.9479,23852
16,8,crease,0.10,0.25,0.9,29198,0.4184,0.9228,16333
16,8,crease,0.10,0.25,0.7,15935,0.4142,0.8583,8851
16,8,crease,0.10,0.40,off,34130,0.4405,0.8934,19315
16,8,crease,0.10,0.40,0.9,24599,0.4393,0.8704,13928
16,8,crease,0.10,0.40,0.7,14148,0.4346,0.8159,7917
16,8,crease,0.10,0.55,off,25598,0.4464,0.8340,14631
16,8,crease,0.10,0.55,0.9,19381,0.4460,0.8077,11085
16,8,crease,0.10,0.55,0.7,11996,0.4438,0.7566,6787
16,8,crease,0.10,0.65,off,19910,0.4454,0.7894,11431
16,8,crease,0.10,0.65,0.9,15672,0.4457,0.7627,9000
16,8,crease,0.10,0.65,0.7,10270,0.4452,0.7156,5836
16,8,crease,0.10,0.75,off,14221,0.4482,0.7178,8156
16,8,crease,0.10,0.75,0.9,11712,0.4498,0.6979,6713
16,8,crease,0.10,0.75,0.7,8225,0.4504,0.6590,4692
16,8,crease,0.30,0.25,off,23979,0.4605,0.8776,13205
16,8,crease,0.30,0.25,0.9,18759,0.4527,0.8568,10362
16,8,crease,0.30,0.25,0.7,12258,0.4391,0.7986,6760
16,8,crease,0.30,0.40,off,19184,0.4693,0.8302,10664
16,8,crease,0.30,0.40,0.9,15527,0.4632,0.8108,8660
16,8,crease,0.30,0.40,0.7,10593,0.4501,0.7575,5904
16,8,crease,0.30,0.55,off,14388,0.4732,0.7633,8061
16,8,crease,0.30,0.55,0.9,12059,0.4691,0.7427,6777
16,8,crease,0.30,0.55,0.7,8718,0.4606,0.6951,4888
16,8,crease,0.30,0.65,off,11191,0.4705,0.7091,6279
16,8,crease,0.30,0.65,0.9,9618,0.4682,0.6890,5414
16,8,crease,0.30,0.65,0.7,7244,0.4605,0.6441,4064
16,8,crease,0.30,0.75,off,7993,0.4700,0.6330,4480
16,8,crease,0.30,0.75,0.9,7070,0.4679,0.6171,3969
16,8,crease,0.30,0.75,0.7,5604,0.4636,0.5853,3147
16,8,crease,0.50,0.25,off,15342,0.4961,0.7929,8408
16,8,crease,0.50,0.25,0.9,12807,0.4853,0.7735,7043
16,8,crease,0.50,0.25,0.7,9248,0.4657,0.7293,5093
16,8,crease,0.50,0.40,off,12273,0.4993,0.7375,6801
16,8,crease,0.50,0.40,0.9,10469,0.4916,0.7209,5821
16,8,crease,0.50,0.40,0.7,7827,0.4732,0.6776,4372
16,8,crease,0.50,0.55,off,9205,0.4991,0.6655,5121
16,8,crease,0.50,0.55,0.9,8095,0.4940,0.6461,4519
16,8,crease,0.50,0.55,0.7,6315,0.4810,0.6113,3531
16,8,crease,0.50,0.65,off,7160,0.4970,0.5994,3991
16,8,crease,0.50,0.65,0.9,6415,0.4938,0.5856,3590
16,8,crease,0.50,0.65,0.7,5177,0.4828,0.5555,2909
16,8,crease,0.50,0.75,off,5114,0.4907,0.5184,2831
16,8,crease,0.50,0.75,0.9,4696,0.4874,0.5101,2609
16,8,crease,0.50,0.75,0.7,3957,0.4832,0.4893,2216
16,8,crease,0.60,0.25,off,12285,0.5159,0.7518,6729
16,8,crease,0.60,0.25,0.9,10488,0.5073,0.7341,5770
16,8,crease,0.60,0.25,0.7,7878,0.4864,0.6921,4327
16,8,crease,0.60,0.40,off,9828,0.5165,0.6887,5439
16,8,crease,0.60,0.40,0.9,8550,0.5107,0.6733,4751
16,8,crease,0.60,0.40,0.7,6637,0.4912,0.6332,3683
16,8,crease,0.60,0.55,off,7371,0.5143,0.6088,4106
16,8,crease,0.60,0.55,0.9,6595,0.5110,0.5958,3685
16,8,crease,0.60,0.55,0.7,5294,0.4973,0.5627,2953
16,8,crease,0.60,0.65,off,5733,0.5116,0.5406,3182
16,8,crease,0.60,0.65,0.9,5218,0.5090,0.5299,2906
16,8,crease,0.60,0.65,0.7,4308,0.4986,0.4997,2402
16,8,crease,0.60,0.75,off,4095,0.5056,0.4648,2251
16,8,crease,0.60,0.75,0.9,3807,0.5020,0.4560,2101
16,8,crease,0.60,0.75,0.7,3290,0.4979,0.4373,1819
16,8,crease,0.70,0.25,off,9835,0.5315,0.7034,5372
16,8,crease,0.70,0.25,0.9,8533,0.5240,0.6879,4673
16,8,crease,0.70,0.25,0.7,6617,0.5042,0.6492,3606
16,8,crease,0.70,0.40,off,7868,0.5324,0.6370,4334
16,8,crease,0.70,0.40,0.9,6974,0.5256,0.6257,3856
16,8,crease,0.70,0.40,0.7,5591,0.5083,0.5888,3074
16,8,crease,0.70,0.55,off,5901,0.5311,0.5487,3267
16,8,crease,0.70,0.55,0.9,5334,0.5270,0.5390,2963
16,8,crease,0.70,0.55,0.7,4416,0.5129,0.5108,2439
16,8,crease,0.70,0.65,off,4590,0.5238,0.4919,2537
16,8,crease,0.70,0.65,0.9,4228,0.5210,0.4855,2345
16,8,crease,0.70,0.65,0.7,3609,0.5126,0.4617,2001
16,8,crease,0.70,0.75,off,3279,0.5198,0.4126,1792
16,8,crease,0.70,0.75,0.9,3076,0.5166,0.4058,1687
16,8,crease,0.70,0.75,0.7,2730,0.5094,0.3893,1493
16,8,crease,0.80,0.25,off,7674,0.5472,0.6309,4184
16,8,crease,0.80,0.25,0.9,6761,0.5421,0.6163,3703
16,8,crease,0.80,0.25,0.7,5381,0.5230,0.5850,2937
16,8,crease,0.80,0.40,off,6140,0.5456,0.5656,3379
16,8,crease,0.80,0.40,0.9,5514,0.5409,0.5541,3045
16,8,crease,0.80,0.40,0.7,4525,0.5247,0.5289,2491
16,8,crease,0.80,0.55,off,4605,0.5399,0.4793,2546
16,8,crease,0.80,0.55,0.9,4224,0.5379,0.4702,2344
16,8,crease,0.80,0.55,0.7,3571,0.5248,0.4490,1975
16,8,crease,0.80,0.65,off,3582,0.5348,0.4243,1978
16,8,crease,0.80,0.65,0.9,3346,0.5316,0.4191,1850
16,8,crease,0.80,0.65,0.7,2925,0.5263,0.4031,1622
16,8,crease,0.80,0.75,off,2558,0.5330,0.3505,1389
16,8,crease,0.80,0.75,0.9,2424,0.5282,0.3443,1319
16,8,crease,0.80,0.75,0.7,2186,0.5227,0.3325,1185
16,8,l1,0.10,0.25,off,42663,0.4240,0.9450,23864
16,8,l1,0.10,0.25,0.9,29166,0.4238,0.9189,16300
16,8,l1,0.10,0.25,0.7,15701,0.4176,0.8501,8727
16,8,l1,0.10,0.40,off,34130,0.4481,0.8849,19355
16,8,l1,0.10,0.40,0.9,24447,0.4466,0.8629,13841
16,8,l1,0.10,0.40,0.7,13714,0.4394,0.8035,7706
16,8,l1,0.10,0.55,off,25598,0.4521,0.8208,14713
16,8,l1,0.10,0.55,0.9,19031,0.4532,0.7961,10914
16,8,l1,0.10,0.55,0.7,11358,0.4470,0.7374,6472
16,8,l1,0.10,0.65,off,19910,0.4544,0.7619,11478
16,8,l1,0.10,0.65,0.9,15246,0.4557,0.7393,8769
16,8,l1,0.10,0.65,0.7,9566,0.4510,0.6809,5466
16,8,l1,0.10,0.75,off,14221,0.4505,0.6870,8190
16,8,l1,0.10,0.75,0.9,11383,0.4521,0.6674,6539
16,8,l1,0.10,0.75,0.7,7721,0.4468,0.6190,4417
16,8,l1,0.30,0.25,off,23979,0.4648,0.8740,13208
16,8,l1,0.30,0.25,0.9,18763,0.4556,0.8543,10365
16,8,l1,0.30,0.25,0.7,12137,0.4400,0.7917,6687
16,8,l1,0.30,0.40,off,19184,0.4755,0.8153,10747
16,8,l1,0.30,0.40,0.9,15411,0.4687,0.7977,8660
16,8,l1,0.30,0.40,0.7,10314,0.4546,0.7399,5777
16,8,l1,0.30,0.55,off,14388,0.4754,0.7438,8119
16,8,l1,0.30,0.55,0.9,11845,0.4706,0.7245,6695
16,8,l1,0.30,0.55,0.7,8309,0.4613,0.6704,4688
16,8,l1,0.30,0.65,off,11191,0.4743,0.6732,6324
16,8,l1,0.30,0.65,0.9,9433,0.4724,0.6597,5335
16,8,l1,0.30,0.65,0.7,6873,0.4633,0.6097,3884
16,8,l1,0.30,0.75,off,7993,0.4718,0.5936,4494
16,8,l1,0.30,0.75,0.9,6932,0.4695,0.5794,3901
16,8,l1,0.30,0.75,0.7,5358,0.4615,0.5419,3017
16,8,l1,0.50,0.25,off,15342,0.5002,0.7892,8443
16,8,l1,0.50,0.25,0.9,12793,0.4882,0.7700,7060
16,8,l1,0.50,0.25,0.7,9150,0.4683,0.7246,5045
16,8,l1,0.50,0.40,off,12273,0.5028,0.7258,6837
16,8,l1,0.50,0.40,0.9,10385,0.4941,0.7076,5797
16,8,l1,0.50,0.40,0.7,7657,0.4759,0.6647,4280
16,8,l1,0.50,0.55,off,9205,0.5029,0.6461,5176
16,8,l1,0.50,0.55,0.9,7947,0.4962,0.6310,4478
16,8,l1,0.50,0.55,0.7,6052,0.4805,0.5920,3427
16,8,l1,0.50,0.65,off,7160,0.4978,0.5840,4008
16,8,l1,0.50,0.65,0.9,6287,0.4927,0.5725,3530
16,8,l1,0.50,0.65,0.7,4956,0.4798,0.5381,2802
16,8,l1,0.50,0.75,off,5114,0.4907,0.5062,2840
16,8,l1,0.50,0.75,0.9,4607,0.4889,0.4983,2574
16,8,l1,0.50,0.75,0.7,3799,0.4798,0.4717,2131
16,8,l1,0.60,0.25,off,12285,0.5184,0.7467,6754
16,8,l1,0.60,0.25,0.9,10450,0.5089,0.7286,5767
16,8,l1,0.60,0.25,0.7,7771,0.4872,0.6837,4280
16,8,l1,0.60,0.40,off,9828,0.5173,0.6740,5483
16,8,l1,0.60,0.40,0.9,8477,0.5111,0.6576,4736
16,8,l1,0.60,0.40,0.7,6484,0.4925,0.6186,3625
16,8,l1,0.60,0.55,off,7371,0.5161,0.5831,4133
16,8,l1,0.60,0.55,0.9,6490,0.5117,0.5731,3646
16,8,l1,0.60,0.55,0.7,5105,0.4957,0.5397,2874
16,8,l1,0.60,0.65,off,5733,0.5076,0.5242,3205
16,8,l1,0.60,0.65,0.9,5129,0.5041,0.5141,2876
16,8,l1,0.60,0.65,0.7,4169,0.4914,0.4878,2346
16,8,l1,0.60,0.75,off,4095,0.5044,0.4515,2270
16,8,l1,0.60,0.75,0.9,3745,0.5024,0.4449,2087
16,8,l1,0.60,0.75,0.7,3181,0.4937,0.4255,1770
16,8,l1,0.70,0.25,off,9835,0.5337,0.6915,5409
16,8,l1,0.70,0.25,0.9,8503,0.5251,0.6752,4683
16,8,l1,0.70,0.25,0.7,6551,0.5051,0.6336,3592
16,8,l1,0.70,0.40,off,7868,0.5294,0.6197,4363
16,8,l1,0.70,0.40,0.9,6907,0.5233,0.6072,3825
16,8,l1,0.70,0.40,0.7,5457,0.5056,0.5726,3016
16,8,l1,0.70,0.55,off,5901,0.5302,0.5298,3290
16,8,l1,0.70,0.55,0.9,5261,0.5253,0.5206,2933
16,8,l1,0.70,0.55,0.7,4262,0.5108,0.4910,2376
16,8,l1,0.70,0.65,off,4590,0.5220,0.4691,2553
16,8,l1,0.70,0.65,0.9,4155,0.5193,0.4591,2317
16,8,l1,0.70,0.65,0.7,3466,0.5046,0.4349,1928
16,8,l1,0.70,0.75,off,3279,0.5171,0.3995,1807
16,8,l1,0.70,0.75,0.9,3031,0.5137,0.3929,1677
16,8,l1,0.70,0.75,0.7,2630,0.5018,0.3766,1452
16,8,l1,0.80,0.25,off,7674,0.5484,0.6207,4226
16,8,l1,0.80,0.25,0.9,6728,0.5398,0.6070,3714
16,8,l1,0.80,0.25,0.7,5317,0.5215,0.5733,2921
16,8,l1,0.80,0.40,off,6140,0.5426,0.5456,3417
16,8,l1,0.80,0.40,0.9,5462,0.5363,0.5336,3038
16,8,l1,0.80,0.40,0.7,4418,0.5191,0.5043,2448
16,8,l1,0.80,0.55,off,4605,0.5427,0.4619,2559
16,8,l1,0.80,0.55,0.9,4163,0.5377,0.4526,2315
16,8,l1,0.80,0.55,0.7,3446,0.5241,0.4265,1920
16,8,l1,0.80,0.65,off,3582,0.5333,0.4076,1980
16,8,l1,0.80,0.65,0.9,3282,0.5294,0.3993,1817
16,8,l1,0.80,0.65,0.7,2804,0.5164,0.3782,1554
16,8,l1,0.80,0.75,off,2558,0.5309,0.3453,1402
16,8,l1,0.80,0.75,0.9,2381,0.5270,0.3394,1310
16,8,l1,0.80,0.75,0.7,2105,0.5160,0.3251,1158
24,4,crease,0.10,0.25,off,42663,0.4164,0.9488,23902
24,4,crease,0.10,0.25,0.9,34477,0.4167,0.9359,19302
24,4,crease,0.10,0.25,0.7,23639,0.4112,0.9041,13198
24,4,crease,0.10,0.40,off,34130,0.4434,0.9090,19355
24,4,crease,0.10,0.40,0.9,28215,0.4431,0.8948,15994
24,4,crease,0.10,0.40,0.7,19835,0.4406,0.8618,11207
24,4,crease,0.10,0.55,off,25598,0.4504,0.8407,14711
24,4,crease,0.10,0.55,0.9,21715,0.4513,0.8269,12475
24,4,crease,0.10,0.55,0.7,15866,0.4502,0.7977,9091
24,4,crease,0.10,0.65,off,19910,0.4500,0.7801,11549
24,4,crease,0.10,0.65,0.9,17219,0.4514,0.7701,9984
24,4,crease,0.10,0.65,0.7,12917,0.4498,0.7373,7462
24,4,crease,0.10,0.75,off,14221,0.4520,0.6840,8316
24,4,crease,0.10,0.75,0.9,12575,0.4541,0.6750,7339
24,4,crease,0.10,0.75,0.7,9790,0.4521,0.6465,5699
24,4,crease,0.30,0.25,off,23979,0.4617,0.8896,13219
24,4,crease,0.30,0.25,0.9,20916,0.4563,0.8743,11545
24,4,crease,0.30,0.25,0.7,16316,0.4475,0.8496,9015
24,4,crease,0.30,0.40,off,19184,0.4767,0.8294,10719
24,4,crease,0.30,0.40,0.9,16946,0.4729,0.8137,9476
24,4,crease,0.30,0.40,0.7,13463,0.4668,0.7921,7527
24,4,crease,0.30,0.55,off,14388,0.4745,0.7525,8130
24,4,crease,0.30,0.55,0.9,12944,0.4729,0.7409,7317
24,4,crease,0.30,0.55,0.7,10538,0.4677,0.7190,5949
24,4,crease,0.30,0.65,off,11191,0.4745,0.6824,6414
24,4,crease,0.30,0.65,0.9,10190,0.4735,0.6723,5827
24,4,crease,0.30,0.65,0.7,8435,0.4687,0.6503,4816
24,4,crease,0.30,0.75,off,7993,0.4757,0.5899,4610
24,4,crease,0.30,0.75,0.9,7390,0.4743,0.5827,4247
24,4,crease,0.30,0.75,0.7,6273,0.4684,0.5650,3598
24,4,crease,0.50,0.25,off,15342,0.4999,0.8031,8442
24,4,crease,0.50,0.25,0.9,13848,0.4947,0.7941,7625
24,4,crease,0.50,0.25,0.7,11464,0.4859,0.7762,6324
24,4,crease,0.50,0.40,off,12273,0.5052,0.7449,6848
24,4,crease,0.50,0.40,0.9,11216,0.5004,0.7356,6261
24,4,crease,0.50,0.40,0.7,9438,0.4936,0.7178,5276
24,4,crease,0.50,0.55,off,9205,0.5014,0.6566,5218
24,4,crease,0.50,0.55,0.9,8526,0.4989,0.6491,4832
24,4,crease,0.50,0.55,0.7,7308,0.4912,0.6324,4141
24,4,crease,0.50,0.65,off,7160,0.5024,0.5751,4082
24,4,crease,0.50,0.65,0.9,6683,0.5001,0.5661,3800
24,4,crease,0.50,0.65,0.7,5809,0.4949,0.5516,3300
24,4,crease,0.50,0.75,off,5114,0.5052,0.4982,2922
24,4,crease,0.50,0.75,0.9,4836,0.5043,0.4944,2758
24,4,crease,0.50,0.75,0.7,4266,0.4977,0.4798,2423
24,4,crease,0.60,0.25,off,12285,0.5202,0.7520,6768
24,4,crease,0.60,0.25,0.9,11222,0.5150,0.7431,6185
24,4,crease,0.60,0.25,0.7,9482,0.5054,0.7259,5229
24,4,crease,0.60,0.40,off,9828,0.5201,0.6875,5498
24,4,crease,0.60,0.40,0.9,9077,0.5159,0.6789,5077
24,4,crease,0.60,0.40,0.7,7786,0.5060,0.6611,4360
24,4,crease,0.60,0.55,off,7371,0.5140,0.5967,4182
24,4,crease,0.60,0.55,0.9,6880,0.5106,0.5889,3900
24,4,crease,0.60,0.55,0.7,5994,0.4998,0.5746,3398
24,4,crease,0.60,0.65,off,5733,0.5170,0.5233,3273
24,4,crease,0.60,0.65,0.9,5399,0.5161,0.5162,3074
24,4,crease,0.60,0.65,0.7,4772,0.5078,0.5034,2707
24,4,crease,0.60,0.75,off,4095,0.5194,0.4417,2347
24,4,crease,0.60,0.75,0.9,3906,0.5172,0.4379,2227
24,4,crease,0.60,0.75,0.7,3494,0.5071,0.4250,1983
24,4,crease,0.70,0.25,off,9835,0.5345,0.6991,5414
24,4,crease,0.70,0.25,0.9,9075,0.5302,0.6896,4993
24,4,crease,0.70,0.25,0.7,7847,0.5208,0.6740,4315
24,4,crease,0.70,0.40,off,7868,0.5330,0.6306,4409
24,4,crease,0.70,0.40,0.9,7326,0.5297,0.6212,4101
24,4,crease,0.70,0.40,0.7,6426,0.5202,0.6076,3595
24,4,crease,0.70,0.55,off,5901,0.5292,0.5462,3353
24,4,crease,0.70,0.55,0.9,5553,0.5264,0.5391,3146
24,4,crease,0.70,0.55,0.7,4935,0.5153,0.5248,2794
24,4,crease,0.70,0.65,off,4590,0.5325,0.4717,2618
24,4,crease,0.70,0.65,0.9,4355,0.5311,0.4662,2478
24,4,crease,0.70,0.65,0.7,3923,0.5203,0.4541,2222
24,4,crease,0.70,0.75,off,3279,0.5335,0.3956,1871
24,4,crease,0.70,0.75,0.9,3151,0.5314,0.3925,1791
24,4,crease,0.70,0.75,0.7,2871,0.5218,0.3805,1622
24,4,crease,0.80,0.25,off,7674,0.5512,0.6341,4225
24,4,crease,0.80,0.25,0.9,7144,0.5476,0.6287,3936
24,4,crease,0.80,0.25,0.7,6275,0.5394,0.6178,3456
24,4,crease,0.80,0.40,off,6140,0.5501,0.5609,3445
24,4,crease,0.80,0.40,0.9,5760,0.5473,0.5558,3236
24,4,crease,0.80,0.40,0.7,5127,0.5374,0.5456,2880
24,4,crease,0.80,0.55,off,4605,0.5459,0.4796,2623
24,4,crease,0.80,0.55,0.9,4365,0.5431,0.4754,2484
24,4,crease,0.80,0.55,0.7,3919,0.5311,0.4640,2228
24,4,crease,0.80,0.65,off,3582,0.5441,0.4114,2049
24,4,crease,0.80,0.65,0.9,3422,0.5428,0.4082,1954
24,4,crease,0.80,0.65,0.7,3109,0.5307,0.3978,1767
24,4,crease,0.80,0.75,off,2558,0.5461,0.3468,1470
24,4,crease,0.80,0.75,0.9,2463,0.5449,0.3446,1410
24,4,crease,0.80,0.75,0.7,2269,0.5348,0.3354,1290
24,4,l1,0.10,0.25,off,42663,0.4193,0.9493,23913
24,4,l1,0.10,0.25,0.9,34425,0.4207,0.9375,19261
24,4,l1,0.10,0.25,0.7,23482,0.4170,0.9029,13125
24,4,l1,0.10,0.40,off,34130,0.4452,0.9071,19391
24,4,l1,0.10,0.40,0.9,28180,0.4453,0.8930,15992
24,4,l1,0.10,0.40,0.7,19711,0.4440,0.8581,11161
24,4,l1,0.10,0.55,off,25598,0.4509,0.8326,14718
24,4,l1,0.10,0.55,0.9,21656,0.4517,0.8177,12445
24,4,l1,0.10,0.55,0.7,15700,0.4517,0.7851,9001
24,4,l1,0.10,0.65,off,19910,0.4500,0.7674,11548
24,4,l1,0.10,0.65,0.9,17148,0.4509,0.7556,9941
24,4,l1,0.10,0.65,0.7,12751,0.4511,0.7208,7379
24,4,l1,0.10,0.75,off,14221,0.4525,0.6734,8291
24,4,l1,0.10,0.75,0.9,12519,0.4547,0.6636,7280
24,4,l1,0.10,0.75,0.7,9634,0.4569,0.6365,5604
24,4,l1,0.30,0.25,off,23979,0.4638,0.8861,13232
24,4,l1,0.30,0.25,0.9,20881,0.4598,0.8718,11521
24,4,l1,0.30,0.25,0.7,16260,0.4525,0.8459,8971
24,4,l1,0.30,0.40,off,19184,0.4778,0.8252,10738
24,4,l1,0.30,0.40,0.9,16941,0.4751,0.8127,9480
24,4,l1,0.30,0.40,0.7,13453,0.4691,0.7910,7525
24,4,l1,0.30,0.55,off,14388,0.4761,0.7462,8158
24,4,l1,0.30,0.55,0.9,12928,0.4747,0.7350,7331
24,4,l1,0.30,0.55,0.7,10483,0.4700,0.7130,5934
24,4,l1,0.30,0.65,off,11191,0.4755,0.6716,6419
24,4,l1,0.30,0.65,0.9,10160,0.4734,0.6615,5811
24,4,l1,0.30,0.65,0.7,8350,0.4708,0.6388,4768
24,4,l1,0.30,0.75,off,7993,0.4743,0.5812,4589
24,4,l1,0.30,0.75,0.9,7344,0.4718,0.5722,4201
24,4,l1,0.30,0.75,0.7,6199,0.4702,0.5544,3543
24,4,l1,0.50,0.25,off,15342,0.5010,0.8020,8453
24,4,l1,0.50,0.25,0.9,13828,0.4963,0.7931,7621
24,4,l1,0.50,0.25,0.7,11470,0.4888,0.7770,6340
24,4,l1,0.50,0.40,off,12273,0.5040,0.7430,6858
24,4,l1,0.50,0.40,0.9,11196,0.4999,0.7343,6252
24,4,l1,0.50,0.40,0.7,9418,0.4946,0.7162,5278
24,4,l1,0.50,0.55,off,9205,0.5021,0.6507,5219
24,4,l1,0.50,0.55,0.9,8495,0.4990,0.6423,4807
24,4,l1,0.50,0.55,0.7,7267,0.4925,0.6254,4118
24,4,l1,0.50,0.65,off,7160,0.5040,0.5690,4082
24,4,l1,0.50,0.65,0.9,6669,0.5018,0.5606,3795
24,4,l1,0.50,0.65,0.7,5794,0.4971,0.5455,3293
24,4,l1,0.50,0.75,off,5114,0.5073,0.4859,2926
24,4,l1,0.50,0.75,0.9,4805,0.5048,0.4795,2738
24,4,l1,0.50,0.75,0.7,4255,0.5023,0.4670,2414
24,4,l1,0.60,0.25,off,12285,0.5205,0.7489,6769
24,4,l1,0.60,0.25,0.9,11202,0.5162,0.7397,6172
24,4,l1,0.60,0.25,0.7,9487,0.5073,0.7226,5236
24,4,l1,0.60,0.40,off,9828,0.5184,0.6820,5500
24,4,l1,0.60,0.40,0.9,9043,0.5144,0.6738,5057
24,4,l1,0.60,0.40,0.7,7752,0.5070,0.6570,4346
24,4,l1,0.60,0.55,off,7371,0.5185,0.5891,4190
24,4,l1,0.60,0.55,0.9,6860,0.5150,0.5804,3887
24,4,l1,0.60,0.55,0.7,5964,0.5065,0.5666,3386
24,4,l1,0.60,0.65,off,5733,0.5163,0.5153,3269
24,4,l1,0.60,0.65,0.9,5377,0.5143,0.5067,3057
24,4,l1,0.60,0.65,0.7,4761,0.5074,0.4951,2701
24,4,l1,0.60,0.75,off,4095,0.5191,0.4347,2351
24,4,l1,0.60,0.75,0.9,3876,0.5179,0.4306,2218
24,4,l1,0.60,0.75,0.7,3489,0.5119,0.4191,1988
24,4,l1,0.70,0.25,off,9835,0.5354,0.6984,5435
24,4,l1,0.70,0.25,0.9,9060,0.5314,0.6901,5000
24,4,l1,0.70,0.25,0.7,7847,0.5232,0.6744,4332
24,4,l1,0.70,0.40,off,7868,0.5322,0.6231,4415
24,4,l1,0.70,0.40,0.9,7310,0.5296,0.6156,4096
24,4,l1,0.70,0.40,0.7,6426,0.5232,0.6042,3599
24,4,l1,0.70,0.55,off,5901,0.5338,0.5367,3358
24,4,l1,0.70,0.55,0.9,5539,0.5313,0.5290,3139
24,4,l1,0.70,0.55,0.7,4920,0.5225,0.5167,2784
24,4,l1,0.70,0.65,off,4590,0.5307,0.4662,2614
24,4,l1,0.70,0.65,0.9,4329,0.5292,0.4583,2458
24,4,l1,0.70,0.65,0.7,3899,0.5210,0.4480,2207
24,4,l1,0.70,0.75,off,3279,0.5336,0.3904,1886
24,4,l1,0.70,0.75,0.9,3122,0.5324,0.3859,1789
24,4,l1,0.70,0.75,0.7,2848,0.5271,0.3754,1620
24,4,l1,0.80,0.25,off,7674,0.5507,0.6284,4244
24,4,l1,0.80,0.25,0.9,7130,0.5481,0.6231,3940
24,4,l1,0.80,0.25,0.7,6286,0.5402,0.6132,3475
24,4,l1,0.80,0.40,off,6140,0.5478,0.5531,3457
24,4,l1,0.80,0.40,0.9,5739,0.5452,0.5480,3232
24,4,l1,0.80,0.40,0.7,5124,0.5369,0.5393,2884
24,4,l1,0.80,0.55,off,4605,0.5489,0.4698,2625
24,4,l1,0.80,0.55,0.9,4342,0.5460,0.4639,2469
24,4,l1,0.80,0.55,0.7,3909,0.5367,0.4532,2217
24,4,l1,0.80,0.65,off,3582,0.5441,0.4118,2048
24,4,l1,0.80,0.65,0.9,3396,0.5424,0.4059,1937
24,4,l1,0.80,0.65,0.7,3098,0.5339,0.3967,1758
24,4,l1,0.80,0.75,off,2558,0.5454,0.3410,1473
24,4,l1,0.80,0.75,0.9,2444,0.5458,0.3380,1401
24,4,l1,0.80,0.75,0.7,2252,0.5391,0.3306,1279
24,5,crease,0.10,0.25,off,42663,0.4198,0.9488,23910
24,5,crease,0.10,0.25,0.9,32924,0.4206,0.9349,18406
24,5,crease,0.10,0.25,0.7,21208,0.4148,0.8955,11892
24,5,crease,0.10,0.40,off,34130,0.4458,0.9033,19386
24,5,crease,0.10,0.40,0.9,27134,0.4447,0.8866,15376
24,5,crease,0.10,0.40,0.7,17983,0.4417,0.8477,10201
24,5,crease,0.10,0.55,off,25598,0.4478,0.8264,14705
24,5,crease,0.10,0.55,0.9,21037,0.4478,0.8122,12036
24,5,crease,0.10,0.55,0.7,14522,0.4479,0.7765,8321
24,5,crease,0.10,0.65,off,19910,0.4493,0.7625,11572
24,5,crease,0.10,0.65,0.9,16771,0.4491,0.7484,9700
24,5,crease,0.10,0.65,0.7,11981,0.4493,0.7148,6934
24,5,crease,0.10,0.75,off,14221,0.4491,0.6676,8297
24,5,crease,0.10,0.75,0.9,12237,0.4513,0.6538,7101
24,5,crease,0.10,0.75,0.7,9180,0.4502,0.6238,5341
24,5,crease,0.30,0.25,off,23979,0.4636,0.8894,13237
24,5,crease,0.30,0.25,0.9,20313,0.4572,0.8747,11220
24,5,crease,0.30,0.25,0.7,15109,0.4472,0.8427,8373
24,5,crease,0.30,0.40,off,19184,0.4768,0.8299,10712
24,5,crease,0.30,0.40,0.9,16574,0.4718,0.8147,9246
24,5,crease,0.30,0.40,0.7,12586,0.4663,0.7867,7037
24,5,crease,0.30,0.55,off,14388,0.4718,0.7570,8168
24,5,crease,0.30,0.55,0.9,12704,0.4690,0.7456,7191
24,5,crease,0.30,0.55,0.7,9941,0.4646,0.7228,5637
24,5,crease,0.30,0.65,off,11191,0.4750,0.6721,6416
24,5,crease,0.30,0.65,0.9,10014,0.4722,0.6619,5713
24,5,crease,0.30,0.65,0.7,8040,0.4676,0.6372,4596
24,5,crease,0.30,0.75,off,7993,0.4741,0.5786,4589
24,5,crease,0.30,0.75,0.9,7272,0.4718,0.5694,4154
24,5,crease,0.30,0.75,0.7,6016,0.4649,0.5459,3434
24,5,crease,0.50,0.25,off,15342,0.5027,0.8020,8451
24,5,crease,0.50,0.25,0.9,13583,0.4959,0.7907,7503
24,5,crease,0.50,0.25,0.7,10823,0.4851,0.7712,5992
24,5,crease,0.50,0.40,off,12273,0.5025,0.7371,6841
24,5,crease,0.50,0.40,0.9,11024,0.4991,0.7272,6156
24,5,crease,0.50,0.40,0.7,8932,0.4908,0.7064,4998
24,5,crease,0.50,0.55,off,9205,0.5012,0.6560,5216
24,5,crease,0.50,0.55,0.9,8403,0.4994,0.6468,4760
24,5,crease,0.50,0.55,0.7,6961,0.4933,0.6279,3955
24,5,crease,0.50,0.65,off,7160,0.5037,0.5730,4078
24,5,crease,0.50,0.65,0.9,6613,0.5018,0.5654,3757
24,5,crease,0.50,0.65,0.7,5602,0.4957,0.5479,3192
24,5,crease,0.50,0.75,off,5114,0.5029,0.4944,2940
24,5,crease,0.50,0.75,0.9,4772,0.5021,0.4885,2736
24,5,crease,0.50,0.75,0.7,4142,0.4966,0.4709,2377
24,5,crease,0.60,0.25,off,12285,0.5205,0.7527,6785
24,5,crease,0.60,0.25,0.9,11041,0.5135,0.7416,6105
24,5,crease,0.60,0.25,0.7,9036,0.5020,0.7229,5020
24,5,crease,0.60,0.40,off,9828,0.5162,0.6865,5493
24,5,crease,0.60,0.40,0.9,8940,0.5122,0.6775,4993
24,5,crease,0.60,0.40,0.7,7426,0.5016,0.6599,4171
24,5,crease,0.60,0.55,off,7371,0.5171,0.6035,4189
24,5,crease,0.60,0.55,0.9,6810,0.5151,0.5938,3863
24,5,crease,0.60,0.55,0.7,5766,0.5058,0.5771,3281
24,5,crease,0.60,0.65,off,5733,0.5194,0.5220,3268
24,5,crease,0.60,0.65,0.9,5354,0.5179,0.5161,3040
24,5,crease,0.60,0.65,0.7,4601,0.5099,0.5004,2622
24,5,crease,0.60,0.75,off,4095,0.5146,0.4398,2360
24,5,crease,0.60,0.75,0.9,3861,0.5141,0.4347,2216
24,5,crease,0.60,0.75,0.7,3413,0.5057,0.4220,1958
24,5,crease,0.70,0.25,off,9835,0.5353,0.7010,5439
24,5,crease,0.70,0.25,0.9,8974,0.5300,0.6914,4967
24,5,crease,0.70,0.25,0.7,7536,0.5186,0.6733,4182
24,5,crease,0.70,0.40,off,7868,0.5303,0.6284,4391
24,5,crease,0.70,0.40,0.9,7257,0.5266,0.6210,4047
24,5,crease,0.70,0.40,0.7,6174,0.5176,0.6053,3454
24,5,crease,0.70,0.55,off,5901,0.5299,0.5414,3355
24,5,crease,0.70,0.55,0.9,5512,0.5270,0.5351,3128
24,5,crease,0.70,0.55,0.7,4778,0.5196,0.5203,2720
24,5,crease,0.70,0.65,off,4590,0.5307,0.4688,2607
24,5,crease,0.70,0.65,0.9,4324,0.5289,0.4645,2452
24,5,crease,0.70,0.65,0.7,3804,0.5204,0.4509,2151
24,5,crease,0.70,0.75,off,3279,0.5266,0.3963,1883
24,5,crease,0.70,0.75,0.9,3120,0.5249,0.3929,1789
24,5,crease,0.70,0.75,0.7,2813,0.5172,0.3832,1609
24,5,crease,0.80,0.25,off,7674,0.5522,0.6303,4242
24,5,crease,0.80,0.25,0.9,7040,0.5478,0.6236,3903
24,5,crease,0.80,0.25,0.7,6048,0.5378,0.6124,3355
24,5,crease,0.80,0.40,off,6140,0.5451,0.5527,3443
24,5,crease,0.80,0.40,0.9,5703,0.5424,0.5460,3202
24,5,crease,0.80,0.40,0.7,4965,0.5336,0.5347,2787
24,5,crease,0.80,0.55,off,4605,0.5476,0.4694,2621
24,5,crease,0.80,0.55,0.9,4334,0.5452,0.4634,2467
24,5,crease,0.80,0.55,0.7,3824,0.5374,0.4494,2171
24,5,crease,0.80,0.65,off,3582,0.5450,0.4080,2036
24,5,crease,0.80,0.65,0.9,3390,0.5437,0.4050,1925
24,5,crease,0.80,0.65,0.7,3025,0.5359,0.3933,1705
24,5,crease,0.80,0.75,off,2558,0.5403,0.3483,1468
24,5,crease,0.80,0.75,0.9,2440,0.5394,0.3457,1398
24,5,crease,0.80,0.75,0.7,2230,0.5315,0.3373,1270
24,5,l1,0.10,0.25,off,42663,0.4236,0.9506,23906
24,5,l1,0.10,0.25,0.9,32918,0.4236,0.9349,18378
24,5,l1,0.10,0.25,0.7,21060,0.4179,0.8958,11786
24,5,l1,0.10,0.40,off,34130,0.4483,0.8956,19402
24,5,l1,0.10,0.40,0.9,27100,0.4465,0.8804,15360
24,5,l1,0.10,0.40,0.7,17811,0.4437,0.8400,10096
24,5,l1,0.10,0.55,off,25598,0.4497,0.8194,14743
24,5,l1,0.10,0.55,0.9,20967,0.4495,0.8055,12028
24,5,l1,0.10,0.55,0.7,14345,0.4484,0.7658,8242
24,5,l1,0.10,0.65,off,19910,0.4505,0.7446,11572
24,5,l1,0.10,0.65,0.9,16661,0.4498,0.7288,9646
24,5,l1,0.10,0.65,0.7,11743,0.4506,0.6947,6796
24,5,l1,0.10,0.75,off,14221,0.4493,0.6590,8296
24,5,l1,0.10,0.75,0.9,12142,0.4498,0.6445,7051
24,5,l1,0.10,0.75,0.7,8916,0.4516,0.6142,5184
24,5,l1,0.30,0.25,off,23979,0.4671,0.8819,13256
24,5,l1,0.30,0.25,0.9,20323,0.4603,0.8658,11221
24,5,l1,0.30,0.25,0.7,15073,0.4506,0.8382,8334
24,5,l1,0.30,0.40,off,19184,0.4781,0.8197,10732
24,5,l1,0.30,0.40,0.9,16558,0.4719,0.8024,9232
24,5,l1,0.30,0.40,0.7,12512,0.4658,0.7772,6982
24,5,l1,0.30,0.55,off,14388,0.4741,0.7470,8174
24,5,l1,0.30,0.55,0.9,12676,0.4694,0.7330,7172
24,5,l1,0.30,0.55,0.7,9851,0.4646,0.7087,5571
24,5,l1,0.30,0.65,off,11191,0.4740,0.6530,6405
24,5,l1,0.30,0.65,0.9,9953,0.4691,0.6411,5660
24,5,l1,0.30,0.65,0.7,7900,0.4639,0.6147,4491
24,5,l1,0.30,0.75,off,7993,0.4731,0.5665,4597
24,5,l1,0.30,0.75,0.9,7230,0.4678,0.5538,4134
24,5,l1,0.30,0.75,0.7,5902,0.4628,0.5264,3370
24,5,l1,0.50,0.25,off,15342,0.5041,0.7967,8466
24,5,l1,0.50,0.25,0.9,13576,0.4969,0.7839,7502
24,5,l1,0.50,0.25,0.7,10810,0.4848,0.7626,5981
24,5,l1,0.50,0.40,off,12273,0.5044,0.7301,6858
24,5,l1,0.50,0.40,0.9,10996,0.4991,0.7195,6143
24,5,l1,0.50,0.40,0.7,8910,0.4903,0.6967,4986
24,5,l1,0.50,0.55,off,9205,0.5021,0.6432,5222
24,5,l1,0.50,0.55,0.9,8383,0.4976,0.6323,4747
24,5,l1,0.50,0.55,0.7,6912,0.4908,0.6105,3915
24,5,l1,0.50,0.65,off,7160,0.5021,0.5625,4079
24,5,l1,0.50,0.65,0.9,6576,0.4988,0.5534,3733
24,5,l1,0.50,0.65,0.7,5527,0.4923,0.5320,3143
24,5,l1,0.50,0.75,off,5114,0.5033,0.4765,2941
24,5,l1,0.50,0.75,0.9,4752,0.4988,0.4659,2722
24,5,l1,0.50,0.75,0.7,4098,0.4938,0.4481,2342
24,5,l1,0.60,0.25,off,12285,0.5215,0.7485,6791
24,5,l1,0.60,0.25,0.9,11045,0.5149,0.7365,6101
24,5,l1,0.60,0.25,0.7,9026,0.5032,0.7179,5004
24,5,l1,0.60,0.40,off,9828,0.5176,0.6782,5506
24,5,l1,0.60,0.40,0.9,8942,0.5127,0.6695,5000
24,5,l1,0.60,0.40,0.7,7416,0.5026,0.6518,4169
24,5,l1,0.60,0.55,off,7371,0.5174,0.5852,4191
24,5,l1,0.60,0.55,0.9,6794,0.5137,0.5769,3847
24,5,l1,0.60,0.55,0.7,5726,0.5052,0.5590,3256
24,5,l1,0.60,0.65,off,5733,0.5170,0.5112,3274
24,5,l1,0.60,0.65,0.9,5336,0.5138,0.5047,3030
24,5,l1,0.60,0.65,0.7,4565,0.5059,0.4864,2596
24,5,l1,0.60,0.75,off,4095,0.5133,0.4265,2366
24,5,l1,0.60,0.75,0.9,3847,0.5102,0.4209,2210
24,5,l1,0.60,0.75,0.7,3366,0.5030,0.4060,1929
24,5,l1,0.70,0.25,off,9835,0.5359,0.6918,5432
24,5,l1,0.70,0.25,0.9,8965,0.5303,0.6816,4949
24,5,l1,0.70,0.25,0.7,7500,0.5188,0.6644,4151
24,5,l1,0.70,0.40,off,7868,0.5304,0.6243,4409
24,5,l1,0.70,0.40,0.9,7258,0.5268,0.6165,4061
24,5,l1,0.70,0.40,0.7,6158,0.5167,0.6003,3454
24,5,l1,0.70,0.55,off,5901,0.5304,0.5262,3352
24,5,l1,0.70,0.55,0.9,5500,0.5271,0.5199,3113
24,5,l1,0.70,0.55,0.7,4744,0.5191,0.5056,2691
24,5,l1,0.70,0.65,off,4590,0.5275,0.4570,2621
24,5,l1,0.70,0.65,0.9,4315,0.5245,0.4529,2459
24,5,l1,0.70,0.65,0.7,3780,0.5179,0.4381,2147
24,5,l1,0.70,0.75,off,3279,0.5247,0.3844,1901
24,5,l1,0.70,0.75,0.9,3107,0.5224,0.3808,1794
24,5,l1,0.70,0.75,0.7,2783,0.5168,0.3712,1595
24,5,l1,0.80,0.25,off,7674,0.5536,0.6269,4246
24,5,l1,0.80,0.25,0.9,7037,0.5493,0.6193,3893
24,5,l1,0.80,0.25,0.7,6024,0.5395,0.6079,3334
24,5,l1,0.80,0.40,off,6140,0.5445,0.5479,3451
24,5,l1,0.80,0.40,0.9,5706,0.5411,0.5409,3206
24,5,l1,0.80,0.40,0.7,4939,0.5328,0.5288,2769
24,5,l1,0.80,0.55,off,4605,0.5471,0.4606,2616
24,5,l1,0.80,0.55,0.9,4317,0.5443,0.4547,2446
24,5,l1,0.80,0.55,0.7,3795,0.5369,0.4403,2144
24,5,l1,0.80,0.65,off,3582,0.5395,0.4026,2050
24,5,l1,0.80,0.65,0.9,3385,0.5375,0.3990,1934
24,5,l1,0.80,0.65,0.7,3016,0.5319,0.3866,1710
24,5,l1,0.80,0.75,off,2558,0.5364,0.3332,1485
24,5,l1,0.80,0.75,0.9,2428,0.5332,0.3305,1402
24,5,l1,0.80,0.75,0.7,2205,0.5281,0.3205,1262
24,6,crease,0.10,0.25,off,42663,0.4216,0.9474,23880
24,6,crease,0.10,0.25,0.9,31499,0.4198,0.9264,17618
24,6,crease,0.10,0.25,0.7,19046,0.4151,0.8802,10646
24,6,crease,0.10,0.40,off,34130,0.4462,0.8997,19387
24,6,crease,0.10,0.40,0.9,26106,0.4446,0.8799,14779
24,6,crease,0.10,0.40,0.7,16310,0.4419,0.8329,9221
24,6,crease,0.10,0.55,off,25598,0.4482,0.8237,14737
24,6,crease,0.10,0.55,0.9,20327,0.4468,0.8079,11653
24,6,crease,0.10,0.55,0.7,13330,0.4449,0.7613,7626
24,6,crease,0.10,0.65,off,19910,0.4521,0.7554,11562
24,6,crease,0.10,0.65,0.9,16259,0.4516,0.7401,9408
24,6,crease,0.10,0.65,0.7,11118,0.4498,0.6995,6425
24,6,crease,0.10,0.75,off,14221,0.4520,0.6798,8333
24,6,crease,0.10,0.75,0.9,11950,0.4533,0.6655,6978
24,6,crease,0.10,0.75,0.7,8632,0.4512,0.6244,5033
24,6,crease,0.30,0.25,off,23979,0.4649,0.8832,13248
24,6,crease,0.30,0.25,0.9,19759,0.4564,0.8667,10913
24,6,crease,0.30,0.25,0.7,13986,0.4457,0.8318,7748
24,6,crease,0.30,0.40,off,19184,0.4765,0.8234,10720
24,6,crease,0.30,0.40,0.9,16172,0.4699,0.8091,9010
24,6,crease,0.30,0.40,0.7,11736,0.4619,0.7754,6547
24,6,crease,0.30,0.55,off,14388,0.4758,0.7525,8163
24,6,crease,0.30,0.55,0.9,12444,0.4693,0.7370,7027
24,6,crease,0.30,0.55,0.7,9367,0.4614,0.7077,5286
24,6,crease,0.30,0.65,off,11191,0.4780,0.6740,6396
24,6,crease,0.30,0.65,0.9,9844,0.4716,0.6612,5601
24,6,crease,0.30,0.65,0.7,7625,0.4660,0.6351,4332
24,6,crease,0.30,0.75,off,7993,0.4730,0.5842,4620
24,6,crease,0.30,0.75,0.9,7199,0.4688,0.5741,4146
24,6,crease,0.30,0.75,0.7,5808,0.4615,0.5482,3337
24,6,crease,0.50,0.25,off,15342,0.5034,0.8013,8464
24,6,crease,0.50,0.25,0.9,13304,0.4942,0.7871,7343
24,6,crease,0.50,0.25,0.7,10270,0.4790,0.7616,5679
24,6,crease,0.50,0.40,off,12273,0.5037,0.7367,6841
24,6,crease,0.50,0.40,0.9,10816,0.4951,0.7237,6019
24,6,crease,0.50,0.40,0.7,8527,0.4832,0.6987,4748
24,6,crease,0.50,0.55,off,9205,0.5020,0.6489,5192
24,6,crease,0.50,0.55,0.9,8270,0.4953,0.6381,4658
24,6,crease,0.50,0.55,0.7,6679,0.4831,0.6141,3766
24,6,crease,0.50,0.65,off,7160,0.5049,0.5825,4071
24,6,crease,0.50,0.65,0.9,6531,0.4998,0.5732,3703
24,6,crease,0.50,0.65,0.7,5397,0.4891,0.5474,3062
24,6,crease,0.50,0.75,off,5114,0.5038,0.4922,2936
24,6,crease,0.50,0.75,0.9,4736,0.4991,0.4824,2710
24,6,crease,0.50,0.75,0.7,4049,0.4893,0.4630,2315
24,6,crease,0.60,0.25,off,12285,0.5211,0.7463,6773
24,6,crease,0.60,0.25,0.9,10833,0.5120,0.7338,5962
24,6,crease,0.60,0.25,0.7,8592,0.4989,0.7111,4745
24,6,crease,0.60,0.40,off,9828,0.5187,0.6864,5482
24,6,crease,0.60,0.40,0.9,8805,0.5103,0.6749,4892
24,6,crease,0.60,0.40,0.7,7132,0.4970,0.6520,3971
24,6,crease,0.60,0.55,off,7371,0.5187,0.5986,4162
24,6,crease,0.60,0.55,0.9,6708,0.5119,0.5881,3771
24,6,crease,0.60,0.55,0.7,5553,0.4982,0.5679,3131
24,6,crease,0.60,0.65,off,5733,0.5160,0.5305,3258
24,6,crease,0.60,0.65,0.9,5292,0.5116,0.5214,2994
24,6,crease,0.60,0.65,0.7,4479,0.5015,0.5000,2536
24,6,crease,0.60,0.75,off,4095,0.5163,0.4422,2359
24,6,crease,0.60,0.75,0.9,3817,0.5123,0.4331,2189
24,6,crease,0.60,0.75,0.7,3322,0.5025,0.4182,1903
24,6,crease,0.70,0.25,off,9835,0.5358,0.6992,5426
24,6,crease,0.70,0.25,0.9,8816,0.5272,0.6872,4854
24,6,crease,0.70,0.25,0.7,7214,0.5149,0.6662,3980
24,6,crease,0.70,0.40,off,7868,0.5303,0.6280,4398
24,6,crease,0.70,0.40,0.9,7146,0.5216,0.6188,3978
24,6,crease,0.70,0.40,0.7,5943,0.5100,0.5998,3309
24,6,crease,0.70,0.55,off,5901,0.5310,0.5447,3334
24,6,crease,0.70,0.55,0.9,5439,0.5229,0.5360,3063
24,6,crease,0.70,0.55,0.7,4612,0.5120,0.5173,2597
24,6,crease,0.70,0.65,off,4590,0.5277,0.4822,2622
24,6,crease,0.70,0.65,0.9,4277,0.5222,0.4741,2437
24,6,crease,0.70,0.65,0.7,3707,0.5128,0.4555,2109
24,6,crease,0.70,0.75,off,3279,0.5308,0.4020,1887
24,6,crease,0.70,0.75,0.9,3087,0.5253,0.3948,1773
24,6,crease,0.70,0.75,0.7,2748,0.5175,0.3829,1576
24,6,crease,0.80,0.25,off,7674,0.5544,0.6239,4246
24,6,crease,0.80,0.25,0.9,6960,0.5463,0.6163,3848
24,6,crease,0.80,0.25,0.7,5829,0.5352,0.6015,3229
24,6,crease,0.80,0.40,off,6140,0.5455,0.5498,3429
24,6,crease,0.80,0.40,0.9,5648,0.5379,0.5428,3146
24,6,crease,0.80,0.40,0.7,4791,0.5277,0.5280,2670
24,6,crease,0.80,0.55,off,4605,0.5455,0.4745,2602
24,6,crease,0.80,0.55,0.9,4292,0.5384,0.4678,2418
24,6,crease,0.80,0.55,0.7,3719,0.5292,0.4541,2098
24,6,crease,0.80,0.65,off,3582,0.5401,0.4152,2043
24,6,crease,0.80,0.65,0.9,3364,0.5346,0.4106,1915
24,6,crease,0.80,0.65,0.7,2981,0.5251,0.3982,1696
24,6,crease,0.80,0.75,off,2558,0.5410,0.3500,1475
24,6,crease,0.80,0.75,0.9,2420,0.5359,0.3455,1393
24,6,crease,0.80,0.75,0.7,2195,0.5281,0.3375,1260
24,6,l1,0.10,0.25,off,42663,0.4262,0.9456,23906
24,6,l1,0.10,0.25,0.9,31505,0.4257,0.9241,17652
24,6,l1,0.10,0.25,0.7,18810,0.4211,0.8750,10504
24,6,l1,0.10,0.40,off,34130,0.4498,0.8895,19409
24,6,l1,0.10,0.40,0.9,26062,0.4486,0.8671,14779
24,6,l1,0.10,0.40,0.7,16051,0.4463,0.8203,9073
24,6,l1,0.10,0.55,off,25598,0.4510,0.8119,14760
24,6,l1,0.10,0.55,0.9,20284,0.4501,0.7928,11657
24,6,l1,0.10,0.55,0.7,13093,0.4491,0.7496,7501
24,6,l1,0.10,0.65,off,19910,0.4526,0.7415,11560
24,6,l1,0.10,0.65,0.9,16133,0.4537,0.7223,9339
24,6,l1,0.10,0.65,0.7,10763,0.4530,0.6778,6209
24,6,l1,0.10,0.75,off,14221,0.4511,0.6636,8317
24,6,l1,0.10,0.75,0.9,11825,0.4517,0.6465,6892
24,6,l1,0.10,0.75,0.7,8238,0.4539,0.6038,4794
24,6,l1,0.30,0.25,off,23979,0.4695,0.8824,13248
24,6,l1,0.30,0.25,0.9,19730,0.4616,0.8659,10898
24,6,l1,0.30,0.25,0.7,13923,0.4537,0.8297,7706
24,6,l1,0.30,0.40,off,19184,0.4788,0.8204,10737
24,6,l1,0.30,0.40,0.9,16101,0.4720,0.8024,8987
24,6,l1,0.30,0.40,0.7,11657,0.4676,0.7715,6522
24,6,l1,0.30,0.55,off,14388,0.4770,0.7316,8173
24,6,l1,0.30,0.55,0.9,12367,0.4711,0.7148,6982
24,6,l1,0.30,0.55,0.7,9218,0.4677,0.6869,5210
24,6,l1,0.30,0.65,off,11191,0.4767,0.6575,6389
24,6,l1,0.30,0.65,0.9,9781,0.4704,0.6423,5554
24,6,l1,0.30,0.65,0.7,7489,0.4684,0.6146,4252
24,6,l1,0.30,0.75,off,7993,0.4753,0.5707,4612
24,6,l1,0.30,0.75,0.9,7105,0.4706,0.5565,4086
24,6,l1,0.30,0.75,0.7,5598,0.4690,0.5317,3217
24,6,l1,0.50,0.25,off,15342,0.5059,0.7915,8466
24,6,l1,0.50,0.25,0.9,13293,0.4975,0.7769,7333
24,6,l1,0.50,0.25,0.7,10232,0.4861,0.7528,5654
24,6,l1,0.50,0.40,off,12273,0.5029,0.7263,6861
24,6,l1,0.50,0.40,0.9,10802,0.4952,0.7135,6016
24,6,l1,0.50,0.40,0.7,8495,0.4858,0.6880,4730
24,6,l1,0.50,0.55,off,9205,0.5032,0.6329,5204
24,6,l1,0.50,0.55,0.9,8237,0.4966,0.6204,4639
24,6,l1,0.50,0.55,0.7,6599,0.4897,0.5963,3716
24,6,l1,0.50,0.65,off,7160,0.5031,0.5626,4092
24,6,l1,0.50,0.65,0.9,6497,0.4970,0.5509,3704
24,6,l1,0.50,0.65,0.7,5302,0.4892,0.5259,3018
24,6,l1,0.50,0.75,off,5114,0.5001,0.4746,2932
24,6,l1,0.50,0.75,0.9,4714,0.4945,0.4647,2697
24,6,l1,0.50,0.75,0.7,3962,0.4906,0.4482,2265
24,6,l1,0.60,0.25,off,12285,0.5238,0.7421,6775
24,6,l1,0.60,0.25,0.9,10829,0.5155,0.7284,5957
24,6,l1,0.60,0.25,0.7,8594,0.5050,0.7019,4740
24,6,l1,0.60,0.40,off,9828,0.5184,0.6743,5501
24,6,l1,0.60,0.40,0.9,8785,0.5104,0.6619,4893
24,6,l1,0.60,0.40,0.7,7091,0.4996,0.6402,3956
24,6,l1,0.60,0.55,off,7371,0.5192,0.5783,4171
24,6,l1,0.60,0.55,0.9,6678,0.5122,0.5668,3755
24,6,l1,0.60,0.55,0.7,5470,0.5024,0.5430,3075
24,6,l1,0.60,0.65,off,5733,0.5159,0.5138,3287
24,6,l1,0.60,0.65,0.9,5249,0.5100,0.5018,2997
24,6,l1,0.60,0.65,0.7,4384,0.5000,0.4801,2491
24,6,l1,0.60,0.75,off,4095,0.5150,0.4276,2351
24,6,l1,0.60,0.75,0.9,3799,0.5093,0.4207,2175
24,6,l1,0.60,0.75,0.7,3255,0.5041,0.4060,1853
24,6,l1,0.70,0.25,off,9835,0.5372,0.6930,5437
24,6,l1,0.70,0.25,0.9,8801,0.5291,0.6819,4852
24,6,l1,0.70,0.25,0.7,7181,0.5193,0.6574,3965
24,6,l1,0.70,0.40,off,7868,0.5315,0.6199,4410
24,6,l1,0.70,0.40,0.9,7132,0.5240,0.6107,3979
24,6,l1,0.70,0.40,0.7,5900,0.5145,0.5906,3293
24,6,l1,0.70,0.55,off,5901,0.5315,0.5295,3343
24,6,l1,0.70,0.55,0.9,5423,0.5246,0.5206,3057
24,6,l1,0.70,0.55,0.7,4565,0.5156,0.5002,2566
24,6,l1,0.70,0.65,off,4590,0.5278,0.4628,2627
24,6,l1,0.70,0.65,0.9,4249,0.5218,0.4539,2429
24,6,l1,0.70,0.65,0.7,3638,0.5143,0.4388,2067
24,6,l1,0.70,0.75,off,3279,0.5319,0.3917,1884
24,6,l1,0.70,0.75,0.9,3076,0.5271,0.3858,1767
24,6,l1,0.70,0.75,0.7,2697,0.5211,0.3745,1538
24,6,l1,0.80,0.25,off,7674,0.5532,0.6189,4250
24,6,l1,0.80,0.25,0.9,6951,0.5464,0.6103,3841
24,6,l1,0.80,0.25,0.7,5800,0.5374,0.5935,3211
24,6,l1,0.80,0.40,off,6140,0.5451,0.5310,3435
24,6,l1,0.80,0.40,0.9,5632,0.5393,0.5247,3142
24,6,l1,0.80,0.40,0.7,4737,0.5287,0.5079,2643
24,6,l1,0.80,0.55,off,4605,0.5452,0.4574,2608
24,6,l1,0.80,0.55,0.9,4272,0.5388,0.4504,2408
24,6,l1,0.80,0.55,0.7,3681,0.5296,0.4353,2067
24,6,l1,0.80,0.65,off,3582,0.5395,0.4020,2052
24,6,l1,0.80,0.65,0.9,3345,0.5349,0.3970,1914
24,6,l1,0.80,0.65,0.7,2928,0.5266,0.3871,1669
24,6,l1,0.80,0.75,off,2558,0.5456,0.3358,1477
24,6,l1,0.80,0.75,0.9,2418,0.5403,0.3324,1394
24,6,l1,0.80,0.75,0.7,2160,0.5340,0.3247,1236
24,8,crease,0.10,0.25,off,42663,0.4234,0.9468,23883
24,8,crease,0.10,0.25,0.9,29074,0.4222,0.9196,16261
24,8,crease,0.10,0.25,0.7,15769,0.4184,0.8427,8776
24,8,crease,0.10,0.40,off,34130,0.4439,0.8930,19460
24,8,crease,0.10,0.40,0.9,24383,0.4416,0.8662,13853
24,8,crease,0.10,0.40,0.7,13823,0.4388,0.7938,7786
24,8,crease,0.10,0.55,off,25598,0.4473,0.8232,14868
24,8,crease,0.10,0.55,0.9,19223,0.4439,0.7969,11119
24,8,crease,0.10,0.55,0.7,11616,0.4415,0.7290,6658
24,8,crease,0.10,0.65,off,19910,0.4487,0.7602,11588
24,8,crease,0.10,0.65,0.9,15498,0.4464,0.7366,8990
24,8,crease,0.10,0.65,0.7,9826,0.4457,0.6722,5652
24,8,crease,0.10,0.75,off,14221,0.4460,0.6736,8352
24,8,crease,0.10,0.75,0.9,11547,0.4452,0.6514,6741
24,8,crease,0.10,0.75,0.7,7835,0.4464,0.5982,4539
24,8,crease,0.30,0.25,off,23979,0.4672,0.8797,13246
24,8,crease,0.30,0.25,0.9,18737,0.4601,0.8543,10382
24,8,crease,0.30,0.25,0.7,12243,0.4481,0.8059,6790
24,8,crease,0.30,0.40,off,19184,0.4765,0.8244,10784
24,8,crease,0.30,0.40,0.9,15462,0.4700,0.8005,8680
24,8,crease,0.30,0.40,0.7,10494,0.4602,0.7560,5880
24,8,crease,0.30,0.55,off,14388,0.4737,0.7423,8214
24,8,crease,0.30,0.55,0.9,11980,0.4678,0.7220,6821
24,8,crease,0.30,0.55,0.7,8517,0.4625,0.6806,4846
24,8,crease,0.30,0.65,off,11191,0.4735,0.6781,6440
24,8,crease,0.30,0.65,0.9,9529,0.4681,0.6568,5473
24,8,crease,0.30,0.65,0.7,7077,0.4614,0.6162,4053
24,8,crease,0.30,0.75,off,7993,0.4691,0.5870,4618
24,8,crease,0.30,0.75,0.9,7008,0.4642,0.5719,4034
24,8,crease,0.30,0.75,0.7,5449,0.4595,0.5376,3138
24,8,crease,0.50,0.25,off,15342,0.5025,0.7914,8469
24,8,crease,0.50,0.25,0.9,12786,0.4933,0.7702,7085
24,8,crease,0.50,0.25,0.7,9230,0.4734,0.7307,5109
24,8,crease,0.50,0.40,off,12273,0.5027,0.7301,6900
24,8,crease,0.50,0.40,0.9,10464,0.4945,0.7125,5879
24,8,crease,0.50,0.40,0.7,7788,0.4789,0.6755,4368
24,8,crease,0.50,0.55,off,9205,0.5018,0.6488,5219
24,8,crease,0.50,0.55,0.9,8053,0.4951,0.6314,4565
24,8,crease,0.50,0.55,0.7,6256,0.4819,0.5974,3541
24,8,crease,0.50,0.65,off,7160,0.5006,0.5774,4093
24,8,crease,0.50,0.65,0.9,6368,0.4950,0.5602,3639
24,8,crease,0.50,0.65,0.7,5102,0.4845,0.5334,2897
24,8,crease,0.50,0.75,off,5114,0.4962,0.4895,2939
24,8,crease,0.50,0.75,0.9,4668,0.4909,0.4807,2682
24,8,crease,0.50,0.75,0.7,3878,0.4824,0.4599,2222
24,8,crease,0.60,0.25,off,12285,0.5223,0.7490,6800
24,8,crease,0.60,0.25,0.9,10468,0.5122,0.7258,5793
24,8,crease,0.60,0.25,0.7,7824,0.4947,0.6898,4320
24,8,crease,0.60,0.40,off,9828,0.5176,0.6812,5525
24,8,crease,0.60,0.40,0.9,8533,0.5093,0.6623,4787
24,8,crease,0.60,0.40,0.7,6538,0.4941,0.6272,3659
24,8,crease,0.60,0.55,off,7371,0.5172,0.5979,4179
24,8,crease,0.60,0.55,0.9,6522,0.5097,0.5785,3693
24,8,crease,0.60,0.55,0.7,5224,0.4964,0.5446,2946
24,8,crease,0.60,0.65,off,5733,0.5131,0.5195,3270
24,8,crease,0.60,0.65,0.9,5158,0.5087,0.5039,2934
24,8,crease,0.60,0.65,0.7,4250,0.4962,0.4801,2402
24,8,crease,0.60,0.75,off,4095,0.5117,0.4384,2342
24,8,crease,0.60,0.75,0.9,3758,0.5043,0.4289,2146
24,8,crease,0.60,0.75,0.7,3194,0.4964,0.4093,1814
24,8,crease,0.70,0.25,off,9835,0.5371,0.6932,5446
24,8,crease,0.70,0.25,0.9,8549,0.5285,0.6742,4726
24,8,crease,0.70,0.25,0.7,6619,0.5083,0.6438,3646
24,8,crease,0.70,0.40,off,7868,0.5299,0.6213,4429
24,8,crease,0.70,0.40,0.9,6964,0.5216,0.6054,3907
24,8,crease,0.70,0.40,0.7,5546,0.5049,0.5780,3092
24,8,crease,0.70,0.55,off,5901,0.5308,0.5477,3345
24,8,crease,0.70,0.55,0.9,5313,0.5228,0.5318,3004
24,8,crease,0.70,0.55,0.7,4366,0.5103,0.5054,2453
24,8,crease,0.70,0.65,off,4590,0.5257,0.4735,2609
24,8,crease,0.70,0.65,0.9,4186,0.5205,0.4632,2373
24,8,crease,0.70,0.65,0.7,3532,0.5084,0.4416,1982
24,8,crease,0.70,0.75,off,3279,0.5262,0.4002,1872
24,8,crease,0.70,0.75,0.9,3038,0.5192,0.3941,1732
24,8,crease,0.70,0.75,0.7,2632,0.5108,0.3791,1493
24,8,crease,0.80,0.25,off,7674,0.5533,0.6228,4269
24,8,crease,0.80,0.25,0.9,6781,0.5465,0.6090,3758
24,8,crease,0.80,0.25,0.7,5386,0.5262,0.5861,2967
24,8,crease,0.80,0.40,off,6140,0.5439,0.5505,3454
24,8,crease,0.80,0.40,0.9,5505,0.5376,0.5393,3087
24,8,crease,0.80,0.40,0.7,4498,0.5208,0.5205,2505
24,8,crease,0.80,0.55,off,4605,0.5466,0.4742,2610
24,8,crease,0.80,0.55,0.9,4201,0.5404,0.4657,2377
24,8,crease,0.80,0.55,0.7,3522,0.5279,0.4474,1974
24,8,crease,0.80,0.65,off,3582,0.5390,0.4096,2026
24,8,crease,0.80,0.65,0.9,3298,0.5347,0.4047,1862
24,8,crease,0.80,0.65,0.7,2825,0.5233,0.3914,1578
24,8,crease,0.80,0.75,off,2558,0.5381,0.3453,1453
24,8,crease,0.80,0.75,0.9,2388,0.5315,0.3411,1352
24,8,crease,0.80,0.75,0.7,2090,0.5224,0.3303,1177
24,8,l1,0.10,0.25,off,42663,0.4278,0.9432,23893
24,8,l1,0.10,0.25,0.9,29073,0.4281,0.9162,16321
24,8,l1,0.10,0.25,0.7,15463,0.4245,0.8450,8662
24,8,l1,0.10,0.40,off,34130,0.4483,0.8864,19501
24,8,l1,0.10,0.40,0.9,24392,0.4459,0.8564,13904
24,8,l1,0.10,0.40,0.7,13564,0.4423,0.7899,7702
24,8,l1,0.10,0.55,off,25598,0.4530,0.7995,14858
24,8,l1,0.10,0.55,0.9,19048,0.4508,0.7710,11044
24,8,l1,0.10,0.55,0.7,11159,0.4476,0.7026,6437
24,8,l1,0.10,0.65,off,19910,0.4530,0.7392,11604
24,8,l1,0.10,0.65,0.9,15287,0.4517,0.7096,8903
24,8,l1,0.10,0.65,0.7,9346,0.4519,0.6463,5425
24,8,l1,0.10,0.75,off,14221,0.4499,0.6509,8357
24,8,l1,0.10,0.75,0.9,11325,0.4467,0.6241,6655
24,8,l1,0.10,0.75,0.7,7415,0.4471,0.5776,4335
24,8,l1,0.30,0.25,off,23979,0.4709,0.8728,13261
24,8,l1,0.30,0.25,0.9,18713,0.4624,0.8461,10394
24,8,l1,0.30,0.25,0.7,12024,0.4503,0.7981,6692
24,8,l1,0.30,0.40,off,19184,0.4770,0.8149,10804
24,8,l1,0.30,0.40,0.9,15404,0.4694,0.7913,8675
24,8,l1,0.30,0.40,0.7,10276,0.4593,0.7463,5781
24,8,l1,0.30,0.55,off,14388,0.4773,0.7238,8215
24,8,l1,0.30,0.55,0.9,11866,0.4700,0.7016,6777
24,8,l1,0.30,0.55,0.7,8188,0.4619,0.6549,4673
24,8,l1,0.30,0.65,off,11191,0.4770,0.6532,6439
24,8,l1,0.30,0.65,0.9,9415,0.4687,0.6288,5416
24,8,l1,0.30,0.65,0.7,6717,0.4635,0.5856,3863
24,8,l1,0.30,0.75,off,7993,0.4762,0.5608,4619
24,8,l1,0.30,0.75,0.9,6907,0.4702,0.5436,3984
24,8,l1,0.30,0.75,0.7,5163,0.4651,0.5132,2991
24,8,l1,0.50,0.25,off,15342,0.5061,0.7893,8492
24,8,l1,0.50,0.25,0.9,12787,0.4956,0.7686,7110
24,8,l1,0.50,0.25,0.7,9152,0.4769,0.7306,5081
24,8,l1,0.50,0.40,off,12273,0.5040,0.7160,6905
24,8,l1,0.50,0.40,0.9,10429,0.4953,0.6978,5878
24,8,l1,0.50,0.40,0.7,7674,0.4805,0.6616,4316
24,8,l1,0.50,0.55,off,9205,0.5019,0.6264,5249
24,8,l1,0.50,0.55,0.9,7958,0.4948,0.6091,4540
24,8,l1,0.50,0.55,0.7,6045,0.4828,0.5770,3433
24,8,l1,0.50,0.65,off,7160,0.5054,0.5532,4104
24,8,l1,0.50,0.65,0.9,6291,0.4972,0.5360,3615
24,8,l1,0.50,0.65,0.7,4892,0.4841,0.5128,2806
24,8,l1,0.50,0.75,off,5114,0.5005,0.4681,2943
24,8,l1,0.50,0.75,0.9,4585,0.4952,0.4579,2642
24,8,l1,0.50,0.75,0.7,3708,0.4846,0.4368,2142
24,8,l1,0.60,0.25,off,12285,0.5241,0.7451,6815
24,8,l1,0.60,0.25,0.9,10456,0.5138,0.7232,5808
24,8,l1,0.60,0.25,0.7,7761,0.4972,0.6869,4301
24,8,l1,0.60,0.40,off,9828,0.5207,0.6585,5530
24,8,l1,0.60,0.40,0.9,8492,0.5118,0.6390,4775
24,8,l1,0.60,0.40,0.7,6427,0.4978,0.6064,3607
24,8,l1,0.60,0.55,off,7371,0.5178,0.5725,4191
24,8,l1,0.60,0.55,0.9,6463,0.5097,0.5554,3667
24,8,l1,0.60,0.55,0.7,5042,0.4976,0.5241,2846
24,8,l1,0.60,0.65,off,5733,0.5197,0.5057,3288
24,8,l1,0.60,0.65,0.9,5110,0.5101,0.4893,2928
24,8,l1,0.60,0.65,0.7,4085,0.4964,0.4654,2330
24,8,l1,0.60,0.75,off,4095,0.5145,0.4219,2351
24,8,l1,0.60,0.75,0.9,3723,0.5077,0.4130,2131
24,8,l1,0.60,0.75,0.7,3091,0.4977,0.3934,1768
24,8,l1,0.70,0.25,off,9835,0.5378,0.6925,5462
24,8,l1,0.70,0.25,0.9,8524,0.5277,0.6725,4737
24,8,l1,0.70,0.25,0.7,6576,0.5112,0.6439,3646
24,8,l1,0.70,0.40,off,7868,0.5332,0.6040,4424
24,8,l1,0.70,0.40,0.9,6905,0.5242,0.5853,3880
24,8,l1,0.70,0.40,0.7,5415,0.5106,0.5591,3029
24,8,l1,0.70,0.55,off,5901,0.5333,0.5235,3360
24,8,l1,0.70,0.55,0.9,5254,0.5245,0.5092,2986
24,8,l1,0.70,0.55,0.7,4232,0.5117,0.4844,2386
24,8,l1,0.70,0.65,off,4590,0.5276,0.4583,2621
24,8,l1,0.70,0.65,0.9,4140,0.5191,0.4448,2367
24,8,l1,0.70,0.65,0.7,3414,0.5099,0.4247,1940
24,8,l1,0.70,0.75,off,3279,0.5241,0.3791,1881
24,8,l1,0.70,0.75,0.9,3011,0.5182,0.3722,1727
24,8,l1,0.70,0.75,0.7,2557,0.5086,0.3573,1466
24,8,l1,0.80,0.25,off,7674,0.5505,0.6121,4272
24,8,l1,0.80,0.25,0.9,6756,0.5420,0.5983,3759
24,8,l1,0.80,0.25,0.7,5370,0.5259,0.5786,2970
24,8,l1,0.80,0.40,off,6140,0.5467,0.5324,3451
24,8,l1,0.80,0.40,0.9,5463,0.5395,0.5183,3068
24,8,l1,0.80,0.40,0.7,4400,0.5255,0.4980,2451
24,8,l1,0.80,0.55,off,4605,0.5459,0.4510,2618
24,8,l1,0.80,0.55,0.9,4154,0.5390,0.4421,2361
24,8,l1,0.80,0.55,0.7,3422,0.5243,0.4241,1923
24,8,l1,0.80,0.65,off,3582,0.5412,0.3922,2033
24,8,l1,0.80,0.65,0.9,3261,0.5347,0.3855,1855
24,8,l1,0.80,0.65,0.7,2748,0.5224,0.3715,1550
24,8,l1,0.80,0.75,off,2558,0.5386,0.3314,1466
24,8,l1,0.80,0.75,0.9,2366,0.5324,0.3271,1356
24,8,l1,0.80,0.75,0.7,2046,0.5200,0.3166,1168
