# Fixed world centers; Z up; paths immutable
v -0.381089807 -0.554459929 1.00217295
v -0.379344493 -0.561505556 0.998514473
v -0.380419463 -0.569503844 0.997385681
v -0.381507576 -0.577520669 0.996250808
v -0.378234744 -0.579908848 0.997098923
v -0.361697972 -0.580911696 0.995360732
v -0.34720096 -0.578721464 0.996841192
v -0.329589009 -0.579172552 0.995593905
v -0.326741248 -0.581690133 0.996298671
v -0.32194975 -0.583895266 0.990621865
v -0.322717547 -0.58824861 0.986396015
v -0.284040689 -0.575678706 0.993659019
v -0.255099744 -0.570978105 0.996957779
v -0.247060597 -0.571414828 0.996167481
v -0.236349761 -0.570661783 0.996421993
v -0.21276933 -0.568144023 0.99782449
v -0.204797223 -0.56855011 0.997067153
v -0.194449112 -0.571541548 0.996879935
v -0.190937862 -0.573913455 0.9943977
v -0.166993812 -0.57103622 0.996118367
v -0.158596784 -0.571178377 0.995595038
v -0.137861371 -0.569635153 0.996156812
v -0.127310172 -0.568753123 0.996537387
v -0.122266613 -0.573976278 0.994355321
v -0.108319372 -0.571500003 0.996130109
v -0.0991465375 -0.571190834 0.996006906
v -0.079215616 -0.569794178 0.9964481
v -0.0683524832 -0.568654239 0.997058988
v -0.0611529797 -0.572767437 0.995819151
v -0.0469014421 -0.570004046 0.997849584
v -0.0352991074 -0.572319925 0.995040059
v -0.0245643985 -0.571146965 0.995681405
v -0.00764735695 -0.570894182 0.995132506
v 0.00508509157 -0.568721712 0.996656835
v 0.0120694954 -0.572780669 0.995427608
v 0.0238261018 -0.571021974 0.996584594
v 0.0397542268 -0.571077526 0.995770514
v 0.0466263108 -0.571611106 0.994921505
v 0.0578929596 -0.570014894 0.995943129
v 0.066303201 -0.573269784 0.995391667
v 0.0842092708 -0.572215021 0.995555401
v 0.0947837755 -0.570872366 0.99635464
v 0.104157045 -0.570098162 0.996657133
v 0.122381143 -0.568756461 0.997085571
v 0.129912853 -0.568840981 0.996638894
v 0.136954933 -0.572601259 0.995607793
v 0.14797464 -0.570923865 0.996703982
v 0.163618177 -0.570700288 0.9961555
v 0.172965199 -0.569805026 0.996570766
v 0.19041495 -0.568589509 0.996901333
v 0.187230065 -0.573607266 0.995108008
v 0.202906981 -0.573224425 0.994702876
v 0.207208887 -0.574810386 0.992943466
v 0.231017321 -0.570202649 0.996252656
v 0.233776882 -0.572545648 0.993831873
v 0.247036129 -0.569498122 0.996144116
v 0.252501369 -0.573808312 0.994571447
v 0.266692072 -0.573963284 0.993706822
v 0.274855137 -0.573468328 0.993778408
v 0.284048051 -0.572422266 0.994334996
v 0.300534397 -0.571272731 0.994625509
v 0.307503998 -0.571344078 0.994205475
v 0.318238437 -0.572754979 0.995145261
v 0.321360439 -0.577771366 0.995805621
v 0.334507048 -0.577841222 0.997889578
v 0.339047492 -0.579139829 0.996388078
v 0.348707646 -0.577695191 0.997280598
v 0.354544312 -0.581594825 0.996009409
v 0.369801313 -0.580800056 0.995964348
v 0.375596523 -0.581374407 0.995096624
v 0.37721312 -0.584207118 0.992260456
v 0.376963526 -0.588467062 0.98532325
v 0.377646208 -0.591818452 0.982031763
v 0.376049191 -0.596836686 0.974417269
v 0.37803784 -0.603232026 0.968096912
v 0.364260614 -0.614573121 0.957792699
v -0.231343657 -0.947262108 0.665518999
v -0.225277781 -0.953078449 0.659548581
v -0.220123112 -0.954806268 0.657599866
v -0.199772999 -0.952631891 0.658650517
v -0.194239393 -0.954116464 0.656918466
v -0.193185419 -0.954591393 0.649528563
v 0.387200654 -0.630062699 0.930151939
v 0.382079393 -0.636746287 0.923891544
v 0.378809124 -0.642856717 0.915230334
v -0.124102347 -0.934964538 0.658342779
v -0.126609236 -0.943844199 0.659986258
v -0.125602901 -0.947272301 0.659986258
v -0.116621494 -0.95068723 0.65957737
v -0.103319265 -0.947602689 0.661870241
v -0.09865693 -0.953447819 0.659312665
v -0.0808025002 -0.952205718 0.659562767
v -0.0752141327 -0.953498721 0.658008635
v -0.0673048794 -0.953433156 0.657648981
v -0.0660012215 -0.953797996 0.650530159
v -0.0666255578 -0.955288351 0.642403245
v -0.0654335544 -0.95572257 0.635196805
v -0.0661613122 -0.94818306 0.63585484
v 0.378452897 -0.687517345 0.86006546
v 0.376137465 -0.693269193 0.851629317
v 0.37593779 -0.69731921 0.84767437
v 0.378803402 -0.700077534 0.841920018
v 0.379668295 -0.703518033 0.838511229
v 0.382722735 -0.706174433 0.832843661
v 0.385280699 -0.708627164 0.830325961
v 0.0677069575 -0.9039042 0.656311095
v 0.0639660656 -0.91328609 0.657100856
v 0.0663801357 -0.919588029 0.657357037
v 0.063169077 -0.928678572 0.658434153
v 0.0641369373 -0.931975603 0.658434153
v 0.0668996051 -0.938071609 0.658875167
v 0.0640440136 -0.946972549 0.660145044
v 0.0732527599 -0.949748337 0.660200834
v 0.084528096 -0.947361469 0.661896646
v 0.0892671272 -0.952811003 0.659590244
v 0.0931712091 -0.954894006 0.657355964
v 0.108010948 -0.95472002 0.656701744
v 0.120470099 -0.951501846 0.659128308
v 0.124038465 -0.953757465 0.656745493
v 0.124300838 -0.954813838 0.649275362
v 0.125387564 -0.955362201 0.642240286
v 0.124907047 -0.953017294 0.634857237
v 0.123319067 -0.946268797 0.635040641
v 0.124801956 -0.938237965 0.633090794
v 0.12438485 -0.930779994 0.633919537
v 0.123798326 -0.927878201 0.630299687
v 0.110438965 -0.928883374 0.620137632
v 0.371367961 -0.767252326 0.76154685
v 0.378264248 -0.767683029 0.757847726
v 0.194463387 -0.887079298 0.654360235
v 0.192778811 -0.89508152 0.656131446
v 0.195043162 -0.901252389 0.656345129
v 0.190953478 -0.91075331 0.65678072
v 0.192245618 -0.913743675 0.656975746
v 0.194366857 -0.920009851 0.657108426
v 0.191691637 -0.928661287 0.65833509
v 0.193576187 -0.935081065 0.65833509
v 0.191332623 -0.943480492 0.659805417
v 0.192275614 -0.946692884 0.659805417
v 0.194339067 -0.953005195 0.659904003
v 0.212245554 -0.950500011 0.661311567
v 0.218546703 -0.950910985 0.660556614
v 0.230036929 -0.952413559 0.658451319
v 0.23817645 -0.951613724 0.658763349
v 0.244282782 -0.952106416 0.657940328
v 0.250245094 -0.952681959 0.657045364
v 0.250428557 -0.953846514 0.649651527
v 0.252675116 -0.953681171 0.643421173
v 0.251499385 -0.955729783 0.635215223
v 0.251658559 -0.94805038 0.636381924
v 0.253116339 -0.94018364 0.634527922
v 0.251984894 -0.933348179 0.63495189
v 0.251942277 -0.926449418 0.632236123
v 0.237927973 -0.9322052 0.620914161
v 0.237885147 -0.925271153 0.618184507
v 0.237572342 -0.917889059 0.619088709
v 0.237906262 -0.910108924 0.620365322
v 0.253087699 -0.893054366 0.630210221
v 0.390638798 -0.804022789 0.706531465
v 0.379603922 -0.819271088 0.691899955
v 0.367308736 -0.831193984 0.680598259
v 0.321136475 -0.867603064 0.652626753
v 0.319185346 -0.875615716 0.654123604
v 0.320959151 -0.881880462 0.654091597
v 0.31716758 -0.887380719 0.655053377
v 0.318998277 -0.893616974 0.655053377
v 0.321013182 -0.899734795 0.655160606
v 0.319291532 -0.907633245 0.656797111
v 0.320943981 -0.913989067 0.656692863
v 0.318295419 -0.922503531 0.65779382
v 0.319533914 -0.925416946 0.65798074
v 0.321457714 -0.931603074 0.658033311
v 0.319176495 -0.939898849 0.659350574
v 0.321167707 -0.946045935 0.659441471
v 0.323863119 -0.951726317 0.659941614
v 0.341496795 -0.948802769 0.661742926
v 0.346690118 -0.949726701 0.660549164
v 0.351183265 -0.951110482 0.658951819
v 0.364896417 -0.950689852 0.65856272
v 0.373287797 -0.95312947 0.658758104
v 0.378247142 -0.954161406 0.65747112
v 0.378705174 -0.950827062 0.654592395
v 0.378321528 -0.952437222 0.646972716
v 0.378231764 -0.953852773 0.639508486
v 0.378592223 -0.950575471 0.636559427
v 0.378797084 -0.94369185 0.634063005
v 0.378864199 -0.936234117 0.635197282
v 0.379731506 -0.932616949 0.63255465
v 0.364561439 -0.935973287 0.62078172
v 0.364519745 -0.929223835 0.618124783
v 0.364396155 -0.921873152 0.619153976
v 0.364512086 -0.914373934 0.620326459
v 0.381083459 -0.896102905 0.631424427
v 0.379524708 -0.889760554 0.63157779
v 0.379483342 -0.883064687 0.628941894
v 0.378576875 -0.879976749 0.628941894
v 0.379018307 -0.872344136 0.630301774
v 0.376722574 -0.867105067 0.626305997
v 0.363673121 -0.872440338 0.615247726
v 0.36557883 -0.864464164 0.613779187
v 0.363758117 -0.858261883 0.613779187
v 0.373802513 -0.844524503 0.620962799
v 0.380223542 -0.83314085 0.625944734
v 0.378797889 -0.826742351 0.626175761
v 0.378374606 -0.82030654 0.623316526
v 0.377848417 -0.813347995 0.624092042
v 0.380359113 -0.805086255 0.623011827
v 0.37945652 -0.802011549 0.623011827
v 0.364498466 -0.804573417 0.611334682
v 0.365364462 -0.800961614 0.608695984
v 0.36354962 -0.794779301 0.608695984
v 0.38008225 -0.777360916 0.619836688
v 0.378279269 -0.771219015 0.619836688
v 0.37864393 -0.763760865 0.621151209
v 0.378602833 -0.75710696 0.618531823
v 0.37932992 -0.749446988 0.620066643
v 0.379511923 -0.742665231 0.617585182
v 0.36358574 -0.745508313 0.605297208
v 0.362709016 -0.742408395 0.605314434
v 0.36266771 -0.735723257 0.602682769
v 0.361079246 -0.729426265 0.602817774
v 0.37924993 -0.711500168 0.614981234
v 0.378510863 -0.704758584 0.615624905
v 0.359222174 -0.708333671 0.608689547
v 0.354166687 -0.707163751 0.609871566
v 0.351495951 -0.704602897 0.61250025
v 0.380221486 -0.679809511 0.638219833
v 0.365877956 -0.681437492 0.62701875
v 0.36498028 -0.678379595 0.62701875
v 0.363282263 -0.672695577 0.623410404
v 0.363892019 -0.665207326 0.624858737
v 0.379517525 -0.6492275 0.635337472
v 0.377733797 -0.643151224 0.635337472
v 0.377693087 -0.636563301 0.632744074
v 0.376801252 -0.633525133 0.632744074
v 0.377431393 -0.626102865 0.634195983
v 0.377390742 -0.619520664 0.63160485
v 0.3740412 -0.61476779 0.627017319
v 0.363828987 -0.613777339 0.618277013
v 0.362933576 -0.610727191 0.618277013
v 0.362892717 -0.604113162 0.615673363
v 0.378304482 -0.58821243 0.629710674
v 0.377415121 -0.585182846 0.629710674
v 0.378656209 -0.577920556 0.627898693
v 0.37755847 -0.574578226 0.631404579
v 0.364030927 -0.573984563 0.631608725
v 0.361398339 -0.571460307 0.634199858
v 0.379971415 -0.554964185 0.642757595
v 0.380254954 -0.551739275 0.639846861
v 0.377182007 -0.545582056 0.64628464
v 0.375166327 -0.54276067 0.649213254
v 0.343409806 -0.551665962 0.63863343
v 0.340771973 -0.549136639 0.641229749
v 0.341291904 -0.544562101 0.649307489
v 0.331067771 -0.545986414 0.647443593
v 0.314736038 -0.546642065 0.64618665
v 0.301788896 -0.549414992 0.642796695
v 0.299128741 -0.546864271 0.645415008
v 0.286262363 -0.545626819 0.646288037
v 0.27021572 -0.549902141 0.641195714
v 0.25604859 -0.549237907 0.641415179
v 0.264981419 -0.544320405 0.650194347
v 0.249107331 -0.544498622 0.649472058
v 0.246207699 -0.542028606 0.651996613
v 0.229920924 -0.542342305 0.65111661
v 0.223032147 -0.541850269 0.651407599
v 0.215902269 -0.54146713 0.65157485
v 0.186862558 -0.547993004 0.643672228
v 0.184135363 -0.545378029 0.646356463
v 0.172914892 -0.542983711 0.648521245
v 0.153639883 -0.548477292 0.642042339
v 0.155316949 -0.543323755 0.650894046
v 0.124779321 -0.55060482 0.638814688
v 0.124039613 -0.547670841 0.635191858
v 0.124933697 -0.543942034 0.632467628
v 0.181426898 -0.517265975 0.656319678
v 0.179170042 -0.522291839 0.650875866
v 0.183696315 -0.524374902 0.645513237
v 0.185582846 -0.520215392 0.643395305
v 0.185918495 -0.513566792 0.637234509
v 0.186798617 -0.509896159 0.634552836
v 0.186665043 -0.507053792 0.627597809
v 0.186269537 -0.503993571 0.624190748
v 0.188032225 -0.496642172 0.618820012
v 0.188913569 -0.492966503 0.616134584
v 0.188772842 -0.486520112 0.609675825
v 0.186885625 -0.484155625 0.605402887
v 0.186986834 -0.480844051 0.602264881
v 0.186300412 -0.474634439 0.595471919
v 0.187184095 -0.470948994 0.592779398
v 0.188951463 -0.463578075 0.587394416
v 0.188025519 -0.460423857 0.587394416
v 0.189792886 -0.453052968 0.582009375
v 0.19067657 -0.449367493 0.579316854
v 0.222236723 -0.431806177 0.590805292
v 0.250897825 -0.419156194 0.600193977
v 0.249191552 -0.423768699 0.594965518
v 0.251839966 -0.419622302 0.589670241
v 0.251888394 -0.420202971 0.582291901
v 0.251460493 -0.417174041 0.578869462
v 0.250103951 -0.411041558 0.575434625
v 0.242945865 -0.406971276 0.575980008
v 0.229483008 -0.409289181 0.572261214
v 0.250292331 -0.396863461 0.577716827
v 0.252963185 -0.392419457 0.576140106
v 0.250272751 -0.389839739 0.578788221
v 0.19141002 -0.409868509 0.537347734
v 0.192297176 -0.40616852 0.534644604
v 0.183692276 -0.403405994 0.523014009
v 0.183584124 -0.40013808 0.51970166
v 0.184434682 -0.396441758 0.516964078
v 0.186215818 -0.38901341 0.511537135
v 0.187106386 -0.385299206 0.508823633
v 0.188887522 -0.377870858 0.50339663
v 0.189778104 -0.374156684 0.500683129
v 0.190668672 -0.37044251 0.497969657
v 0.192187116 -0.363128304 0.49238196
v 0.193077773 -0.359413803 0.48966825
v 0.193608239 -0.352524132 0.483471543
v 0.187467009 -0.35183236 0.476424187
v 0.188555121 -0.344681323 0.470549941
v 0.189448461 -0.340955585 0.467828035
v 0.190497145 -0.337163746 0.465202481
v 0.19196631 -0.329847068 0.459561229
v 0.192859694 -0.326121151 0.456839144
v 0.194646463 -0.318669289 0.451395005
v 0.251308441 -0.291586518 0.483644962
v 0.209584787 -0.312856734 0.453040928
v 0.221068069 -0.315380841 0.455242723
v 0.229597315 -0.315801561 0.452343017
v 0.234156728 -0.317899913 0.446941108
v 0.236987397 -0.316935062 0.444887221
v 0.236841202 -0.321040362 0.436476201
v 0.233327538 -0.319452763 0.42707175
v 0.247129917 -0.310260296 0.432673007
v 0.250597894 -0.30926308 0.427174002
v 0.252385318 -0.312538803 0.419980794
v 0.250545025 -0.313805372 0.411013067
v 0.250896275 -0.310329795 0.40795657
v 0.251841336 -0.306601167 0.405287296
v 0.251798868 -0.299726218 0.402580887
v 0.251945585 -0.292771935 0.399998575
v 0.0646490082 -0.375344634 0.27234441
v 0.0663683414 -0.382210255 0.27217114
v 0.0676775649 -0.389507592 0.267565578
v 0.067196779 -0.393516541 0.266593575
v 0.066980049 -0.401225597 0.26513949
v 0.0699296892 -0.407846808 0.261602581
v 0.0866672695 -0.404953986 0.263709128
v 0.0905721188 -0.40733245 0.261483729
v 0.103682958 -0.409763873 0.260592192
v 0.110724308 -0.406962097 0.261151403
v 0.121998377 -0.41014865 0.259093434
v 0.122937374 -0.406232506 0.256232381
v 0.121136405 -0.403793037 0.247349545
v 0.124988094 -0.402662367 0.241618663
v -0.620173693 -0.734060168 -0.27157411
v -0.618450284 -0.742749274 -0.272074014
v -0.633559525 -0.758557022 -0.278840959
v -0.63489306 -0.758424163 -0.269303083
v -0.632837474 -0.761524737 -0.258324325
v -0.630157948 -0.765068114 -0.257343531
v -0.628911436 -0.773989797 -0.258164644
v -0.635779679 -0.786199689 -0.259269893
v -0.633235753 -0.794559002 -0.25921616
v -0.629362643 -0.802311659 -0.258262455
v -0.633420527 -0.813297033 -0.257462174
v -0.630954325 -0.821698248 -0.257462174
v -0.628220916 -0.829975545 -0.257281274
v -0.636814296 -0.83833015 -0.258708149
v -0.631508112 -0.845422268 -0.256790727
v -0.6266644 -0.8527174 -0.255183756
v -0.633217156 -0.864951432 -0.256062388
v -0.630330026 -0.873174369 -0.255781502
v -0.626874149 -0.881123781 -0.255115449
v -0.635314405 -0.894325018 -0.257264227
v -0.633375406 -0.898205876 -0.256790549
v -0.628857076 -0.905652761 -0.255409122
v -0.622869313 -0.912375152 -0.253031373
v -0.633827806 -0.926886082 -0.256881475
v -0.62659055 -0.93299669 -0.253663749
v -0.620740056 -0.93976742 -0.251380295
v -0.634150624 -0.95558399 -0.256884247
v -0.626989841 -0.961710513 -0.25372079
v -0.623771191 -0.969788313 -0.253220916
v -0.635251701 -0.984754026 -0.257412255
v -0.633446395 -0.98870647 -0.257032514
v -0.631221294 -0.997309804 -0.25720939
v -0.628844142 -1.00583696 -0.257283598
v -0.619275391 -1.0112108 -0.257742137
v -0.604910076 -1.00976503 -0.25932759
v -0.596197844 -1.01067126 -0.259479344
v -0.619247794 -1.03178144 -0.271648079
v -0.61375922 -1.03381944 -0.268751472
v -0.621566236 -1.04710913 -0.270495266
v -0.618839681 -1.05547762 -0.270335674
v -0.635311127 -1.07396019 -0.283279538
v -0.633869231 -1.08305621 -0.284005612
v -0.631049037 -1.09142447 -0.283790648
v -0.622061253 -1.09590447 -0.27405268
v -0.62088871 -1.10453725 -0.269658208
v -0.620754421 -1.10939372 -0.270418495
v -0.619231224 -1.11843657 -0.271084577
v -0.634327233 -1.13651669 -0.283097148
v -0.61643666 -1.13791144 -0.283219635
v -0.609879673 -1.13989425 -0.284897357
v -0.595742822 -1.13832879 -0.286655188
v -0.585219741 -1.1381011 -0.285556078
v -0.576393247 -1.13942111 -0.290923357
v -0.574125409 -1.13943017 -0.299983978
v -0.575923502 -1.13611746 -0.305698305
v -0.545990288 -1.1257571 -0.296228766
v -0.534214497 -1.13030303 -0.300296217
v -0.526089847 -1.13131785 -0.300736368
v -0.52050215 -1.13373864 -0.302960604
v -0.506792068 -1.13713717 -0.305583626
v -0.4950023 -1.13115215 -0.30247581
v -0.482546628 -1.13519192 -0.305914432
v -0.47891596 -1.13867331 -0.309487939
v -0.450895071 -1.12893951 -0.300755739
v -0.447286338 -1.1323998 -0.304307699
v -0.437986851 -1.13812625 -0.309897393
v -0.419968009 -1.13329685 -0.302940875
v -0.408725291 -1.13783944 -0.307039857
v -0.391065747 -1.12830257 -0.299353093
v -0.383920103 -1.13515425 -0.306386262
v -0.374829561 -1.13536346 -0.305824667
v -0.361366838 -1.13849556 -0.308147758
v -0.345209092 -1.12971234 -0.301382869
v -0.338115215 -1.13651443 -0.308365107
v -0.324190259 -1.13378239 -0.304079831
v -0.300837189 -1.13089204 -0.298785061
v -0.297317266 -1.13426709 -0.302249581
v -0.289995074 -1.13607812 -0.30806163
v -0.282959074 -1.1373446 -0.308852553
v -0.262697816 -1.1361165 -0.305673063
v -0.246560782 -1.13184392 -0.29945302
v -0.235715449 -1.13145339 -0.302440643
v -0.228702143 -1.13264978 -0.303150535
v -0.229066581 -1.13832664 -0.309542656
v -0.213513032 -1.13975167 -0.309741288
v -0.185910299 -1.12900758 -0.299579233
v -0.178030297 -1.12959254 -0.299520522
v -0.174582586 -1.13289833 -0.302913994
v -0.159585714 -1.13448393 -0.303331912
v -0.140401751 -1.12873232 -0.299467593
v -0.136976361 -1.13201678 -0.3028391
v -0.133550957 -1.13530123 -0.306210577
v -0.12324594 -1.13969803 -0.31020081
v -0.111262046 -1.13758075 -0.306729585
v -0.0526053086 -1.10668314 -0.270941734
v -0.0484523475 -1.11323202 -0.269432545
v -0.0525923371 -1.12506175 -0.27458334
v -0.0480918437 -1.13216281 -0.277892828
v -0.0379475057 -1.13102698 -0.275726736
v -0.0343536027 -1.13409042 -0.278836131
v -0.0174090359 -1.12930548 -0.276199818
v -0.00688335672 -1.13322151 -0.27964586
v 0.000195484594 -1.13398659 -0.279871732
v 0.00428794837 -1.13668978 -0.282533139
v 0.01783094 -1.13857019 -0.283431619
v 0.0211580135 -1.14176035 -0.286706358
v 0.0365733281 -1.13777566 -0.285053611
v 0.0453539751 -1.1373384 -0.283774704
v 0.0584878214 -1.13935387 -0.284852147
v 0.0606734045 -1.13871229 -0.288104057
v 0.0582622215 -1.13738501 -0.299365371
v 0.0626413599 -1.13609946 -0.305881053
v 0.0828762203 -1.12879729 -0.299918294
v 0.0920766965 -1.12800431 -0.29814744
v 0.0992225334 -1.13392603 -0.304133564
v 0.11053656 -1.13166571 -0.300508708
v 0.121828742 -1.13474393 -0.302897274
v 0.126561597 -1.13236737 -0.303910613
v 0.133982986 -1.13804018 -0.309588909
v 0.147165954 -1.13440108 -0.304219753
v 0.153297514 -1.13555813 -0.304933608
v 0.178276151 -1.12460029 -0.294279963
v 0.193219677 -1.12495041 -0.293224961
v 0.197467536 -1.12733543 -0.295502424
v 0.202222243 -1.12936485 -0.297329724
v 0.212264523 -1.12856483 -0.299531579
v 0.222846061 -1.13183331 -0.302185029
v 0.22668682 -1.13447404 -0.304789394
v 0.230869129 -1.13687205 -0.307086527
v 0.255722314 -1.12999475 -0.296894193
v 0.259034157 -1.12852526 -0.298957348
v 0.265832454 -1.13434541 -0.304859817
v 0.275293738 -1.13293123 -0.30232963
v 0.275401175 -1.14352047 -0.314278007
v 0.291776478 -1.132671 -0.30443722
v 0.298124135 -1.13875747 -0.310685009
v 0.301297992 -1.14180076 -0.313808918
v 0.31658414 -1.14139414 -0.311829567
v 0.337293565 -1.12725019 -0.297775835
v 0.343580067 -1.13327813 -0.303963423
v 0.346723318 -1.13629198 -0.307057202
v 0.352772951 -1.13808799 -0.312473536
v 0.358137727 -1.13946426 -0.313489258
v 0.377716333 -1.13564062 -0.307183564
v 0.389030814 -1.13255882 -0.302552372
v 0.40639168 -1.13023138 -0.298164129
v 0.409812659 -1.12860763 -0.299922675
v 0.414800942 -1.13546741 -0.307184786
v 0.419114351 -1.13753259 -0.309084743
v 0.432971835 -1.13769448 -0.307856977
v 0.44154796 -1.13215494 -0.304632783
v 0.447719336 -1.13807237 -0.310707033
v 0.455822825 -1.13720667 -0.308893979
v 0.470594764 -1.13122571 -0.300598294
v 0.486101776 -1.12559056 -0.296505809
v 0.492211461 -1.13144886 -0.302519351
v 0.495266289 -1.13437808 -0.305526108
v 0.498321116 -1.13730717 -0.308532864
v 0.504430771 -1.14316547 -0.314546376
v 0.519444942 -1.13774252 -0.310715824
v 0.532647967 -1.13270891 -0.303625226
v 0.535754144 -1.13555741 -0.306535184
v 0.57323879 -1.11658859 -0.281093866
v 0.581146777 -1.11883891 -0.275211245
v 0.576258421 -1.13122749 -0.282130897
v 0.583449244 -1.13501537 -0.281888068
v 0.592364132 -1.13314152 -0.278875262
v 0.595350146 -1.13600469 -0.281814307
v 0.601177454 -1.13759041 -0.286815315
v 0.608910322 -1.13661849 -0.284934074
v 0.617709041 -1.1400274 -0.287903547
v 0.624079168 -1.14011931 -0.287364036
v 0.631664932 -1.14023125 -0.29049772
v 0.630254388 -1.13816226 -0.29585588
v 0.634107471 -1.13707232 -0.301787466
v 0.629483402 -1.13864374 -0.315454483
v 0.632641137 -1.13812721 -0.322139204
v 0.633222699 -1.13544929 -0.330463648
v 0.631291032 -1.13481283 -0.341434181
v 0.631318033 -1.13154733 -0.345361292
v 0.631847858 -1.12258124 -0.342686355
v 0.636934042 -1.11097097 -0.340248257
v 0.636678398 -1.10692561 -0.339458495
v 0.634660065 -1.10005009 -0.339458495
v 0.634613991 -1.0925957 -0.342393011
v 0.637752354 -1.08162057 -0.336992979
v 0.638241529 -1.07375741 -0.339360535
v 0.638873637 -1.06903195 -0.337643027
v 0.6369735 -1.06208801 -0.337525398
v 0.636927545 -1.05465543 -0.3404513
v 0.635673046 -1.04720831 -0.339657485
v 0.634869277 -1.04036748 -0.343377203
v 0.63419342 -1.03247702 -0.341976881
v 0.632727683 -1.02520466 -0.34140572
v 0.631804764 -1.02265203 -0.346303105
v 0.631603777 -1.01440811 -0.344405472
v 0.635396421 -1.00312793 -0.338330567
v 0.635350645 -0.995717645 -0.341247678
v 0.638113856 -0.98527211 -0.336253703
v 0.635743201 -0.98380059 -0.342653275
v 0.638063431 -0.973714948 -0.338121206
v 0.636061609 -0.966895759 -0.338121206
v 0.636015952 -0.959502339 -0.3410317
v 0.6354478 -0.951618016 -0.339530349
v 0.635095477 -0.944455743 -0.342760682
v 0.633401453 -0.937413454 -0.342439204
v 0.631400764 -0.93059814 -0.342439204
v 0.632355452 -0.926616549 -0.34534803
v 0.630354822 -0.919801235 -0.34534803
v 0.635864258 -0.90753603 -0.337487906
v 0.63449204 -0.901127517 -0.341778189
v 0.638036251 -0.890342712 -0.335978299
v 0.634775877 -0.889403641 -0.343288392
v 0.636995077 -0.879595637 -0.338873714
v 0.638080299 -0.870622039 -0.335653126
v 0.635293245 -0.865219116 -0.341418058
v 0.636045873 -0.856500208 -0.338545024
v 0.633811831 -0.850691855 -0.343731135
v 0.635006011 -0.845766187 -0.341436952
v 0.635389805 -0.837334692 -0.338952601
v 0.632971585 -0.831644297 -0.344328851
v 0.633357346 -0.823226035 -0.341841787
v 0.633311987 -0.815886736 -0.344731003
v 0.633224964 -0.807814717 -0.342740417
v 0.638023257 -0.796421289 -0.335639179
v 0.63218683 -0.797098756 -0.345627457
v 0.636543095 -0.786035478 -0.3389844
v 0.637713313 -0.777162373 -0.335686505
v 0.63496238 -0.77167362 -0.341397822
v 0.635689914 -0.763117015 -0.338562757
v 0.633481681 -0.761283457 -0.344744056
v 0.632020772 -0.754190922 -0.344199449
v 0.632677436 -0.745702147 -0.341439009
v 0.630384505 -0.739874899 -0.346670836
v 0.633649051 -0.729695499 -0.341179013
v 0.634790361 -0.721624196 -0.342808187
v 0.638332725 -0.711316645 -0.33702907
v 0.636362076 -0.704603434 -0.33702907
v 0.637302458 -0.700681508 -0.339894325
v 0.63533175 -0.693968356 -0.339894325
v 0.635286808 -0.686689854 -0.342759579
v 0.6333161 -0.679976642 -0.342759579
v 0.631670475 -0.673058033 -0.342419297
v 0.632285774 -0.669341564 -0.345624834
v 0.630315125 -0.662628353 -0.345624834
v 0.631102979 -0.654192567 -0.342737377
v 0.628624916 -0.648434401 -0.348149091
v 0.635734081 -0.636106789 -0.338642657
v 0.635689259 -0.628855228 -0.341497302
v 0.635613382 -0.6210109 -0.339520544
v 0.635568619 -0.613764703 -0.342373073
v 0.634587646 -0.610423028 -0.342373073
v 0.632625699 -0.603739679 -0.342373073
v 0.632580936 -0.596493483 -0.345225573
v 0.630841315 -0.589676976 -0.344992727
v 0.630798221 -0.581850946 -0.342984498
v 0.630559504 -0.578647792 -0.3470653
v 0.63641119 -0.567346036 -0.338882238
v 0.634322226 -0.561328173 -0.343868375
v 0.634750426 -0.553266168 -0.341369748
v 0.634418547 -0.545661509 -0.339670688
v 0.633728385 -0.542716324 -0.344212025
v 0.633397162 -0.535118401 -0.342511147
v 0.635233223 -0.526284337 -0.33854425
v 0.635188699 -0.519079626 -0.341380477
v 0.633299053 -0.512399673 -0.341316491
v 0.633254588 -0.505195081 -0.344152659
v 0.63783145 -0.49487412 -0.337315977
v 0.637423456 -0.487891793 -0.340526044
v 0.636814237 -0.484374106 -0.340144813
v 0.639282823 -0.47529313 -0.335522056
v 0.637593865 -0.46902889 -0.340070158
v 0.637296259 -0.461503237 -0.338346004
v 0.635353982 -0.454886883 -0.338346004
v 0.636280775 -0.451021552 -0.341169924
v 0.634338558 -0.444405168 -0.341169924
v 0.634294212 -0.43723166 -0.343993843
v 0.632903337 -0.430319428 -0.343416154
v 0.637102723 -0.42042774 -0.33698678
v 0.632776916 -0.415545523 -0.344290465
v 0.635121405 -0.406674236 -0.339803249
v 0.634042978 -0.400062472 -0.343703866
v 0.63524121 -0.395627409 -0.341432869
v 0.635435343 -0.387922823 -0.339202106
v 0.633356035 -0.381830722 -0.344148219
v 0.635625064 -0.373071194 -0.339743704
v 0.633692026 -0.36648643 -0.339743704
v 0.634614468 -0.362639546 -0.342554152
v 0.632681429 -0.356054753 -0.342554152
v 0.632637322 -0.348915488 -0.3453646
v 0.632246196 -0.341557562 -0.343749434
v 0.637223125 -0.331533015 -0.336517453
v 0.629693747 -0.331899017 -0.348175049
v 0.636215866 -0.321136057 -0.339318544
v 0.634289324 -0.314573199 -0.339318544
v 0.634245336 -0.307457685 -0.342119634
v 0.636138678 -0.299040586 -0.338120371
v 0.63732338 -0.291342884 -0.33962962
v 0.636539221 -0.284246922 -0.3384372
v 0.636495411 -0.277148783 -0.341231436
v 0.635534465 -0.273875356 -0.341231436
v 0.633612633 -0.267328501 -0.341231436
v 0.633568764 -0.260230333 -0.344025701
v 0.636608839 -0.251367867 -0.338828385
v 0.63693893 -0.243791223 -0.336475253
v 0.632247031 -0.242569789 -0.345137835
v 0.635937035 -0.233449116 -0.339261591
v 0.635716021 -0.226452097 -0.342233777
v 0.633976936 -0.219842881 -0.3420479
v 0.632060528 -0.213314638 -0.3420479
v 0.632016778 -0.206236646 -0.344834208
v 0.632166922 -0.198788539 -0.342670321
v 0.630056679 -0.192630425 -0.347620547
v 0.635753095 -0.186432451 -0.340647787
v 0.635181725 -0.179334417 -0.339244783
v 0.635138094 -0.172278717 -0.34202233
v 0.633689225 -0.165571541 -0.341539055
v 0.633645594 -0.158517137 -0.344316095
v 0.632690609 -0.155263886 -0.344316095
v 0.630780578 -0.148757368 -0.344316095
v 0.630737007 -0.14170295 -0.347093135
v 0.636183858 -0.132110298 -0.33938694
v 0.63427937 -0.12562263 -0.33938694
v 0.634235919 -0.118588656 -0.342155933
v 0.63244617 -0.112053834 -0.3420358
v 0.633240223 -0.108310848 -0.344924927
v 0.631682038 -0.10168232 -0.344562113
v 0.635607779 -0.0928408727 -0.338458836
v 0.635564446 -0.0858240128 -0.341221094
v 0.634576142 -0.078989096 -0.340266556
v 0.633621216 -0.072335273 -0.343983352
v 0.632691979 -0.0690912008 -0.343961716
v 0.631814837 -0.0622192807 -0.342890888
v 0.631771505 -0.0552053042 -0.345652014
v 0.632966757 -0.0475428998 -0.342411131
v 0.632923484 -0.0405374765 -0.345168889
v 0.63749516 -0.035201367 -0.339383721
v 0.636446834 -0.0284344628 -0.338499516
v 0.63640368 -0.0214466173 -0.34125036
v 0.634511709 -0.015001501 -0.34125036
v 0.632860899 -0.0084670987 -0.340997875
v 0.632576525 -0.00156853988 -0.344001174
v 0.63499397 0.00644777808 -0.339489073
v 0.630641401 0.011864421 -0.346752018
v 0.631259561 0.0156507604 -0.345113218
v 0.632508993 0.0232149474 -0.341825575
v 0.635106504 0.0311269183 -0.341803968
v 0.63650316 0.0387092978 -0.338365823
v 0.636460125 0.0456679091 -0.341105133
v 0.635518134 0.0488769859 -0.341105133
v 0.636092424 0.0561436042 -0.338530928
v 0.633591056 0.0622537509 -0.343844473
v 0.635596812 0.0699928626 -0.339770287
v 0.635141373 0.0768813714 -0.338278085
v 0.634095788 0.0834904462 -0.342062145
v 0.635051072 0.0908372924 -0.33909291
v 0.635947645 0.0945762619 -0.341824532
v 0.634068847 0.10097634 -0.341824532
v 0.63760978 0.109134533 -0.336151183
v 0.632147193 0.114315428 -0.344556153
v 0.635692239 0.122445107 -0.338876963
v 0.631164968 0.124454476 -0.347287744
v 0.6347121 0.132562488 -0.341602713
v 0.634181857 0.1393684 -0.34019509
v 0.634139061 0.146288902 -0.342919409
v 0.634228051 0.153273568 -0.340863913
v 0.634185314 0.16018872 -0.343586147
v 0.633249164 0.163377747 -0.343586147
v 0.635310829 0.170934826 -0.339466691
v 0.631334126 0.176670969 -0.346308351
v 0.633398771 0.184207425 -0.342184663
v 0.635683894 0.191786677 -0.337836266
v 0.631486714 0.197480023 -0.344902664
v 0.636673331 0.20586665 -0.337515354
v 0.632114232 0.208025455 -0.345938116
v 0.63601166 0.216015384 -0.339897931
v 0.637943685 0.223425165 -0.335924059
v 0.634330928 0.229311898 -0.342371434
v 0.636040032 0.23663941 -0.33863011
v 0.635997593 0.243513495 -0.341336161
v 0.635066986 0.246683583 -0.341336161
v 0.633205831 0.253023744 -0.341336161
v 0.633163333 0.259897828 -0.344042212
v 0.636159956 0.267509073 -0.338954598
v 0.636137664 0.2743752 -0.341634393
v 0.634280026 0.280703187 -0.341634393
v 0.632539093 0.287060738 -0.341512263
v 0.633308887 0.290728033 -0.344335228
v 0.631567955 0.297085136 -0.344212979
v 0.636250556 0.305027217 -0.337367356
v 0.62971133 0.310283929 -0.346868366
v 0.636182845 0.318622708 -0.338147938
v 0.636140585 0.325460643 -0.340839744
v 0.635214865 0.328614056 -0.340839744
v 0.634488642 0.335185051 -0.339661807
v 0.634058535 0.341929942 -0.342758954
v 0.637592137 0.349470198 -0.337120473
v 0.632165432 0.355070859 -0.345449984
v 0.635750592 0.359240025 -0.340723634
v 0.636526287 0.366118133 -0.337976873
v 0.636484146 0.372934848 -0.340660334
v 0.634638488 0.379222125 -0.340660334
v 0.638178229 0.386807889 -0.339588642
v 0.636335194 0.393086284 -0.339588642
v 0.63615948 0.399713874 -0.33784318
v 0.635371625 0.403032541 -0.342268318
v 0.640019834 0.410644501 -0.335468531
v 0.640161276 0.417308301 -0.333396196
v 0.640119374 0.42409265 -0.336066902
v 0.638282478 0.430350065 -0.336066902
v 0.639158964 0.434005678 -0.338737637
v 0.637322128 0.440263093 -0.338737637
v 0.637470305 0.446899474 -0.336659372
v 0.637428403 0.453678489 -0.339328021
v 0.636746228 0.460145056 -0.338120252
v 0.636704385 0.466920972 -0.340787649
v 0.634869814 0.473170638 -0.340787649
v 0.633208573 0.47945112 -0.340606183
v 0.633910596 0.483071387 -0.343455076
v 0.632076025 0.489321053 -0.343455076
v 0.632034123 0.496096998 -0.346122473
v 0.631057203 0.502491176 -0.345223963
v 0.64028734 0.51057452 -0.333640724
v 0.629240394 0.512247384 -0.348789901
v 0.639332652 0.520428836 -0.336295605
v 0.637506664 0.526649117 -0.336295605
v 0.637465 0.533393264 -0.338950515
v 0.635639012 0.539613545 -0.338950515
v 0.635597348 0.546357691 -0.341605395
v 0.636331141 0.552959204 -0.338924378
v 0.635228217 0.559541285 -0.342689246
v 0.635377407 0.562803566 -0.341576576
v 0.633553267 0.569017589 -0.341576576
v 0.633511662 0.575754881 -0.344228774
v 0.631687462 0.581968904 -0.344228774
v 0.631343424 0.588382304 -0.342679411
v 0.630733788 0.591813266 -0.346881002
v 0.630390286 0.598220885 -0.345330089
v 0.628868043 0.604764581 -0.3495332
v 0.636339664 0.612145662 -0.339793831
v 0.637387395 0.618689477 -0.336794078
v 0.636889458 0.622136414 -0.340863794
v 0.636438251 0.628486693 -0.339433581
v 0.634736717 0.634684265 -0.339314401
v 0.634581447 0.641376019 -0.342073113
v 0.632974148 0.647583544 -0.341855168
v 0.632724583 0.654265404 -0.344712615
v 0.631201744 0.660480797 -0.344406158
v 0.631121874 0.666844368 -0.342589855
v 0.629960001 0.670246959 -0.347352147
v 0.639000237 0.67751497 -0.335982919
v 0.635457516 0.683851063 -0.342281848
v 0.63748914 0.690381229 -0.338257283
v 0.635681689 0.69653827 -0.338257283
v 0.636544168 0.700135291 -0.340885162
v 0.634736776 0.706292331 -0.340885162
v 0.632929325 0.712449372 -0.340885162
v 0.632888079 0.719124913 -0.343513042
v 0.631080687 0.725281954 -0.343513042
v 0.631039441 0.731957436 -0.346140921
v 0.629726946 0.738151908 -0.345622569
v 0.637094617 0.745366573 -0.340483218
v 0.636193693 0.748435557 -0.340483218
v 0.634940743 0.754611433 -0.339908481
v 0.634899676 0.761264682 -0.342527598
v 0.63748616 0.767682672 -0.337931454
v 0.639469564 0.774041891 -0.333973169
v 0.637433767 0.777440965 -0.339615613
v 0.638530791 0.783732116 -0.336583883
v 0.636735201 0.789848924 -0.336583883
v 0.636694193 0.796480775 -0.339194566
v 0.634898603 0.802597523 -0.339194566
v 0.63575542 0.806171 -0.341805279
v 0.63395983 0.812287807 -0.341805279
v 0.63216424 0.818404555 -0.341805279
v 0.632123232 0.825036407 -0.344415963
v 0.630327642 0.831153214 -0.344415963
v 0.630286694 0.837785065 -0.347026676
v 0.628491044 0.843901873 -0.347026676
v 0.635359406 0.850291252 -0.337959141
v 0.628085554 0.853608131 -0.349078536
v 0.63444829 0.859949172 -0.340535313
v 0.634383023 0.866557717 -0.343162715
v 0.636285543 0.872737169 -0.339295328
v 0.64116025 0.878958762 -0.332322299
v 0.635654926 0.882386029 -0.341575146
v 0.640841126 0.888586581 -0.334271848
v 0.639461696 0.894661784 -0.333850741
v 0.639421046 0.901241422 -0.336440861
v 0.637639582 0.907310009 -0.336440861
v 0.637598932 0.913889647 -0.339031011
v 0.635817468 0.919958293 -0.339031011
v 0.635776818 0.926537871 -0.341621131
v 0.634886086 0.929572225 -0.341621131
v 0.633104622 0.935640812 -0.341621131
v 0.633063972 0.942220449 -0.34421128
v 0.631282508 0.948289037 -0.34421128
v 0.631241858 0.954868674 -0.34680143
v 0.630351126 0.957902968 -0.34680143
v 0.633028805 0.963911951 -0.342131525
v 0.628529012 0.970551252 -0.34939155
v 0.633433104 0.976497173 -0.342388213
v 0.637995064 0.982418478 -0.335752845
v 0.637954593 0.988964379 -0.338329703
v 0.636899054 0.994983494 -0.337579161
v 0.636858642 1.00152755 -0.340155303
v 0.635972738 1.00454545 -0.340155303
v 0.634200871 1.01058125 -0.340155303
v 0.634160459 1.01712537 -0.342731446
v 0.633949339 1.02310383 -0.341096997
v 0.63234818 1.02970529 -0.345307589
v 0.631462276 1.03272319 -0.345307589
v 0.633478403 1.03859663 -0.341341019
v 0.629649997 1.04530299 -0.347883731
v 0.631668866 1.05115771 -0.343913317
v 0.629712164 1.05778849 -0.348494709
v 0.630743921 1.06070542 -0.346485615
v 0.634705961 1.06642354 -0.340483189
v 0.634665728 1.07294309 -0.343049675
v 0.632900536 1.07895637 -0.343049675
v 0.631506741 1.08494687 -0.342660844
v 0.631466448 1.09146547 -0.345226973
v 0.630103469 1.09745121 -0.344806105
v 0.633547902 1.10372996 -0.343719482
v 0.632666767 1.10673153 -0.343719482
v 0.630904496 1.11273456 -0.343719482
v 0.630864322 1.11924326 -0.346281648
v 0.631587982 1.12505519 -0.343678206
v 0.629970014 1.13104105 -0.343529016
v 0.630667567 1.13455606 -0.346237898
v 0.630995274 1.14038014 -0.344051093
v 0.633201778 1.14538479 -0.335554719
v 0.634145916 1.14756703 -0.329315186
v 0.632000089 1.14645231 -0.322888821
v 0.632454932 1.14802217 -0.312871665
v 0.632981062 1.14668202 -0.303717226
v 0.632705927 1.14830875 -0.294517308
v 0.631110668 1.14779949 -0.291872114
v 0.625961304 1.14694822 -0.288587302
v 0.618658245 1.14627802 -0.287487417
v 0.612757921 1.14548552 -0.284935415
v 0.602282941 1.14798594 -0.286113977
v 0.594547033 1.14734435 -0.285368681
v 0.586436689 1.14672995 -0.284971535
v 0.577884436 1.14614773 -0.284986496
v 0.545414507 1.14754426 -0.308875799
v 0.533538401 1.14721394 -0.312055886
v 0.519560456 1.14704752 -0.317267865
v 0.515439451 1.14606762 -0.312655389
v 0.508748591 1.14828312 -0.309687674
v 0.50353986 1.14805019 -0.310474455
v 0.496603489 1.14729619 -0.308598608
v 0.491000623 1.14643109 -0.305396318
v 0.481034547 1.14591444 -0.306433588
v 0.462792218 1.14907384 -0.314587265
v 0.453528315 1.14849162 -0.314835846
v 0.44829753 1.14758122 -0.31115675
v 0.443227589 1.14665627 -0.30731228
v 0.436791539 1.1458379 -0.30476734
v 0.425964922 1.14840424 -0.305524439
v 0.421235859 1.14811337 -0.305670381
v 0.407315701 1.14787948 -0.310173422
v 0.391669363 1.14777088 -0.316245466
v 0.388062656 1.14671206 -0.310879052
v 0.382649451 1.14579332 -0.307211816
v 0.372617364 1.14830875 -0.306995898
v 0.364877164 1.14756727 -0.305467308
v 0.353783906 1.14708054 -0.307034194
v 0.340948611 1.14672017 -0.31017074
v 0.329870552 1.14621723 -0.311625212
v 0.319134891 1.14880049 -0.311854988
v 0.314161032 1.14782619 -0.307614505
v 0.305914253 1.1470989 -0.30636093
v 0.295504123 1.14653039 -0.307052076
v 0.281209052 1.14624655 -0.311233044
v 0.269126594 1.14894187 -0.312487215
v 0.261610538 1.14882553 -0.314857334
v 0.254144281 1.1480186 -0.312728882
v 0.247542694 1.14714384 -0.309801161
v 0.242057547 1.14618397 -0.305856764
v 0.234231845 1.14539421 -0.303989261
v 0.214223415 1.14868104 -0.312075049
v 0.203589171 1.14808953 -0.312610358
v 0.199297115 1.14702797 -0.30750671
v 0.187824249 1.14648759 -0.308716118
v 0.18028982 1.14565575 -0.306426942
v 0.166974306 1.14845741 -0.308321685
v 0.161665112 1.14815128 -0.30849421
v 0.150078654 1.14760411 -0.309649974
v 0.142134771 1.14678872 -0.307605267
v 0.130370021 1.14624155 -0.308833539
v 0.122291751 1.14867818 -0.306005836
v 0.122548878 1.14726949 -0.29685092
v 0.122791372 1.14586544 -0.287732333
v 0.109117232 1.14869833 -0.289650768
v 0.10141246 1.14785612 -0.287280709
v 0.0905577987 1.14723265 -0.287549466
v 0.0838899463 1.14630914 -0.284252048
v 0.0791159198 1.14525115 -0.279348999
v 0.0547884591 1.14883661 -0.289967775
v 0.0498615392 1.14848113 -0.289604366
v 0.0402963609 1.14774609 -0.28861165
v 0.0362416245 1.1466248 -0.283019066
v 0.0323767476 1.14549029 -0.277268559
v 0.0285118707 1.14435565 -0.271518052
v -0.00342682563 1.14845514 -0.287977964
v -0.00732499454 1.14731085 -0.282177925
v -0.0127450954 1.14627004 -0.277617306
v -0.0295720454 1.14599836 -0.28230527
v -0.048480235 1.1492151 -0.287789941
v -0.0519650988 1.14874101 -0.28608948
v -0.0637399331 1.14811504 -0.286540419
v -0.103845023 1.14597321 -0.310471863
v -0.107834741 1.14480197 -0.304535598
v -0.137416452 1.14873397 -0.318155974
v -0.141436055 1.14755404 -0.312175244
v -0.145455658 1.14637399 -0.306194544
v -0.154868364 1.14554393 -0.304461509
v -0.160205171 1.14444649 -0.29949978
v -0.193763301 1.1493566 -0.320403099
v -0.19782792 1.14816344 -0.314355403
v -0.20189254 1.14697027 -0.308307737
v -0.205957144 1.14577699 -0.302260041
v -0.210021764 1.14458382 -0.296212345
v -0.247173473 1.14898801 -0.314820468
v -0.253618956 1.14793277 -0.310511261
v -0.258080065 1.14674997 -0.304673463
v -0.261830807 1.14552212 -0.298292965
v -0.26962477 1.14454699 -0.29498139
v -0.311593771 1.14924181 -0.316678911
v -0.313670903 1.14863205 -0.313588381
v -0.317825168 1.14741254 -0.30740726
v -0.327178925 1.14651513 -0.305120409
v -0.337818712 1.14569247 -0.303765714
v -0.35664916 1.14536488 -0.308467686
v -0.374215603 1.14854348 -0.311359137
v -0.378415793 1.1473105 -0.305109769
v -0.382615954 1.14607751 -0.298860371
v -0.392067909 1.14516199 -0.296459913
v -0.404109806 1.14439738 -0.295923322
v -0.435546905 1.14917099 -0.313374609
v -0.442909122 1.1481117 -0.309313267
v -0.453659862 1.14725316 -0.307687461
v -0.457920104 1.14600253 -0.301348656
v -0.47261402 1.14536917 -0.302504748
v -0.499060273 1.14909804 -0.311231703
v -0.506052017 1.14799654 -0.30675903
v -0.514473081 1.14697695 -0.303287864
v -0.534846127 1.14665329 -0.308255374
v -0.545434058 1.1457479 -0.306239516
v -0.566312969 1.14915729 -0.310641319
v -0.57617259 1.1482017 -0.308027089
v -0.576415539 1.14668512 -0.298678219
v -0.581544757 1.14918017 -0.291972131
v -0.583711028 1.14854109 -0.288729399
v -0.593407035 1.14757323 -0.285949469
v -0.607513189 1.14685428 -0.286178291
v -0.626983941 1.15019035 -0.289268047
v -0.634183109 1.14530551 -0.285435081
v -0.633489251 1.14150453 -0.285728216
v -0.633437991 1.13320994 -0.282462955
v -0.619419694 1.12419915 -0.269674629
v -0.616444707 1.11654055 -0.269171566
v -0.611870468 1.10880911 -0.267576158
v -0.61769557 1.10155833 -0.273081958
v -0.630509734 1.09457839 -0.283370942
v -0.634707451 1.08644521 -0.283000737
v -0.633006454 1.08258641 -0.282608122
v -0.63041836 1.07490349 -0.282378227
v -0.617374003 1.06612098 -0.270239174
v -0.621631205 1.0579797 -0.269913077
v -0.618678033 1.05409372 -0.268665612
v -0.615090132 1.04640424 -0.267749727
v -0.62924242 1.03923035 -0.278940439
v -0.632299602 1.03169394 -0.282567531
v -0.630397499 1.02401328 -0.282810211
v -0.635150492 1.01578391 -0.282806844
v -0.631086349 1.0080471 -0.281575084
v -0.618589997 0.999474406 -0.269802868
v -0.617464066 0.995638907 -0.269802868
v -0.621672273 0.987386525 -0.269431055
v -0.178665474 0.973324835 0.0352770127
v -0.173377514 0.972067058 0.0472893193
v -0.182975292 0.974968672 0.0456670262
v -0.171062738 0.973620892 0.0621016696
v -0.176117137 0.972500026 0.0670637339
v -0.180665106 0.971372008 0.0723705292
v -0.194319814 0.973724127 0.072272785
v -0.19869037 0.972590744 0.0777243823
v -0.269267708 0.972271383 0.0393915847
v -0.275008738 0.97517693 0.0405233763
v -0.27703625 0.982083797 0.0405233763
v -0.279063761 0.988990605 0.0405233763
v -0.280429661 0.996504486 0.0367045328
v -0.28055191 1.00337338 0.0379617922
v -0.276876092 1.01014626 0.0417213589
v -0.281183779 1.01772952 0.0359659307
v -0.271805108 1.02431953 0.0434896499
v -0.2747024 1.02844918 0.0380021371
v -0.278530657 1.03539217 0.0368093438
v -0.283959478 1.03427613 0.0417213589
v -0.270887643 1.03260696 0.0587663129
v -0.276205987 1.03489316 0.0643771738
v -0.28179121 1.03378725 0.0691614747
v -0.289942473 1.03275645 0.0722912848
v -0.29585436 1.02888262 0.072023131
v -0.289920658 1.02593911 0.0709975287
v -0.297823936 1.01868689 0.0687858611
v -0.295800656 1.01179445 0.0687858611
v -0.293346316 1.00489259 0.069065243
v -0.290821403 0.997991204 0.0693907365
v -0.296822429 0.994058788 0.0690708309
v -0.294796735 0.987158179 0.0690708309
v -0.292771012 0.980257511 0.0690708309
v -0.302360803 0.972288072 0.0700134188
v -0.296865791 0.965336859 0.0722538233
v -0.302368999 0.96134156 0.0722746551
v -0.138346419 0.955432653 0.185601041
v -0.149996892 0.958245695 0.182766125
v -0.15378508 0.95713371 0.188402504
v -0.161420226 0.956051767 0.191588089
v -0.184282571 0.95839709 0.185747355
v -0.184510425 0.957248569 0.193687022
v -0.188319504 0.956130385 0.1993545
v -0.222309068 0.958578169 0.18670769
v -0.233094603 0.957506478 0.188087046
v -0.25215289 0.956494093 0.184351519
v -0.267146945 0.952648818 0.178499669
v -0.252044231 0.946396768 0.182570547
v -0.237849072 0.939615846 0.190182656
v -0.253116786 0.935712636 0.184138417
v -0.26295495 0.928389072 0.180878639
v -0.235635564 0.926169395 0.189101309
v -0.212306947 0.9273175 0.195554435
v -0.224614426 0.925075352 0.179075986
v -0.199301124 0.925671339 0.190942451
v -0.182460129 0.926807821 0.19347477
v -0.164691195 0.927936196 0.196659163
v -0.162994191 0.925736785 0.189047739
v -0.146626174 0.926864803 0.191432253
v -0.137794286 0.927979767 0.189036757
v -0.149452224 0.925217867 0.176877275
v -0.298241854 0.922699332 0.0719577372
v -0.290673882 0.915793955 0.0755373687
v -0.242594078 0.912011504 0.11016462
v -0.243996397 0.910877168 0.117600091
v -0.23877275 0.909783781 0.129269913
v -0.214406133 0.908816218 0.153117493
v -0.240742147 0.910930812 0.14521201
v -0.242426738 0.910361171 0.148272291
v -0.197898954 0.909513593 0.184672639
v -0.193463251 0.908440709 0.195588812
v -0.215741023 0.910551667 0.190322354
v -0.197721407 0.909555435 0.209706813
v -0.19824481 0.908454835 0.217444882
v -0.244462088 0.910980046 0.193373576
v -0.196908668 0.910148263 0.230938092
v -0.200716987 0.909030318 0.236604452
v -0.226197794 0.911116302 0.229567766
v -0.230029479 0.909991503 0.235268891
v -0.151955277 0.915901363 0.292014688
v -0.145800069 0.915388167 0.299669236
v -0.147663251 0.914302588 0.306345016
v -0.168942273 0.916388452 0.301886439
v -0.160092533 0.915344596 0.315018028
v -0.162388489 0.914256215 0.32142669
v -0.1731067 0.910401464 0.31834659
v -0.172176227 0.903340578 0.321657568
v -0.172653571 0.902803063 0.325267434
v -0.167044342 0.901784956 0.33636719
v -0.187306315 0.900545776 0.332152575
v -0.189280972 0.896721244 0.334314287
v -0.144904122 0.889653385 0.367025793
v -0.146751702 0.889111042 0.369774789
v -0.156424612 0.891187966 0.372335523
v -0.154815406 0.89016521 0.380928814
v 0.12321648 0.898936987 0.547070444
v 0.122241125 0.904837966 0.547508061
v 0.123066649 0.908280849 0.544992745
v 0.120027147 0.910242796 0.55072087
v 0.123682044 0.90929848 0.55979991
v 0.127604067 0.908360541 0.569000065
v 0.101321623 0.910648704 0.557918489
v 0.121697694 0.90981096 0.576507628
v 0.129466921 0.908900797 0.587832391
v 0.113967635 0.91076678 0.586437523
v 0.12258096 0.909858465 0.598185718
v 0.123959877 0.908907592 0.605823457
v 0.114345744 0.910807192 0.607779443
v 0.121117741 0.909890115 0.618395627
v 0.123101845 0.908946335 0.626314819
v 0.11909575 0.910874784 0.631376565
v 0.121773027 0.910413265 0.636248112
v 0.120562457 0.909450114 0.642363787
v -0.0635723248 0.91027528 0.549106479
v 0.115680307 0.910413265 0.653691411
v -0.0665940344 0.911305904 0.562258184
v -0.068096064 0.910791039 0.565014362
v 0.102317736 0.910844624 0.663798332
v 0.104430564 0.909903049 0.671666622
v -0.0634401292 0.91085428 0.589308918
v 0.0668729618 0.910660803 0.665589392
v 0.0625064224 0.909669101 0.670047641
v -0.0564093515 0.91093117 0.614638507
v 0.0334076136 0.910489857 0.668747187
v 0.0256506968 0.909469068 0.671490252
v -0.0652508512 0.911414564 0.627976418
v -0.00891865697 0.910755217 0.664190292
v -0.0112417415 0.909759521 0.66983664
v -0.057830222 0.911490262 0.653155208
v -0.0404268391 0.910600722 0.668991089
v -0.0505281277 0.909549356 0.670705795
v -0.0634442121 0.908475161 0.671018898
v -0.0751530901 0.910925388 0.668977976
v -0.0832313672 0.909879863 0.671803832
v -0.0967227444 0.90879637 0.671928823
v -0.11601501 0.91072011 0.669640839
v -0.124643132 0.909662187 0.672285318
v -0.128026932 0.903017461 0.673186541
v -0.127130255 0.899962842 0.673186541
v -0.107997186 0.893551588 0.685278356
v -0.112104878 0.886911869 0.685813189
v -0.110608436 0.880826056 0.685669839
v -0.172730252 0.876287997 0.657916844
v -0.186320126 0.872450233 0.654271305
v -0.190402925 0.865628242 0.654889762
v -0.189372092 0.859384596 0.654496074
v -0.187752277 0.8531515 0.654393017
v -0.184104308 0.846967816 0.65529263
v -0.190597519 0.843185663 0.655175567
v -0.188824609 0.836948276 0.655147135
v -0.186967894 0.830713153 0.65516001
v -0.1844403 0.82449919 0.655504584
v -0.190013781 0.817551672 0.655394256
v -0.189180151 0.81127131 0.65490061
v -0.187443018 0.805020869 0.654852867
v -0.178011909 0.802679121 0.65551585
v -0.104733087 0.799741983 0.687448144
v -0.102085941 0.79720372 0.684842646
v -0.123348318 0.79011941 0.673359931
v -0.184496775 0.783452153 0.649575114
v -0.165736794 0.783381283 0.665955901
v -0.170410514 0.782285511 0.670716345
v -0.18320173 0.784432113 0.668416679
v -0.190750256 0.78320837 0.671799958
v -0.187840134 0.777014017 0.672326624
v -0.190550342 0.770116031 0.673647463
v -0.172357336 0.764244139 0.685157359
v -0.171435922 0.76113826 0.685162008
v -0.176821679 0.754116952 0.685172856
v -0.174145475 0.747940361 0.685586393
v -0.172335118 0.741718173 0.685578644
v -0.170508817 0.735496879 0.685578644
v -0.18484205 0.728722274 0.674154043
v -0.189506367 0.721648753 0.674527407
v -0.188923329 0.718495786 0.674363315
v -0.18891634 0.712112725 0.673468769
v -0.186938033 0.705854356 0.67353642
v -0.173903272 0.699551344 0.686085343
v -0.174286515 0.69634068 0.685452878
v -0.178006127 0.689302266 0.686288774
v -0.17647773 0.683030486 0.686139882
v -0.174045354 0.676826 0.686430752
v -0.167624354 0.67132026 0.685127199
v -0.188987136 0.663233638 0.673803091
v -0.00987292267 0.67137289 0.760393322
v -0.012357872 0.667758048 0.762130022
v -0.0186868496 0.660760462 0.761572778
v -0.0169344172 0.654790759 0.761572778
v -0.0145816747 0.648874104 0.761865318
v -0.17676957 0.630962193 0.685938418
v -0.176432729 0.62455374 0.685206532
v -0.173042566 0.618424177 0.685960412
v -0.171476632 0.612127006 0.68582648
v -0.164954394 0.606663167 0.684557676
v -0.18602249 0.598130524 0.673361301
v -0.191038579 0.594031334 0.674038231
v -0.189066246 0.587726414 0.674095809
v -0.188052058 0.581322372 0.673685551
v -0.171625391 0.576207638 0.684370816
v -0.174479544 0.569077969 0.685644567
v -0.174147755 0.562618434 0.684906423
v -0.177414089 0.558675706 0.686434448
v -0.175567672 0.552375078 0.686432958
v -0.16698271 0.547170997 0.686147511
v -0.189171046 0.538074195 0.674418628
v -0.190529227 0.531355858 0.672847271
v -0.18410188 0.529158413 0.671940088
v -0.167345271 0.528525114 0.672527373
v -0.152139261 0.530980468 0.672860622
v -0.13701354 0.530176103 0.672747433
v -0.127608955 0.528383672 0.673396647
v -0.125771984 0.522125959 0.673396647
v -0.189130694 0.507359922 0.64456445
v -0.190300554 0.50359869 0.647149563
v -0.190213382 0.496688634 0.649894059
v -0.190610528 0.489715278 0.652399063
v -0.190653652 0.482787251 0.655079484
v -0.189717278 0.479597449 0.655079484
v -0.189860716 0.472655326 0.657710552
v -0.190754414 0.468928128 0.66043359
v -0.188171983 0.462647021 0.660782814
v -0.179689884 0.461076349 0.657259762
v -0.18385455 0.457730234 0.647471726
v -0.123938859 0.463177681 0.673205495
v -0.127369612 0.45587042 0.674158633
v -0.124965213 0.44966653 0.674436867
v -0.108644359 0.445261061 0.685204625
v -0.113420494 0.441026658 0.685940146
v -0.112698443 0.434597373 0.685386658
v -0.109448306 0.428550422 0.686087251
v -0.107475065 0.422311187 0.686154544
v -0.0982930511 0.417449057 0.68624568
v -0.121550821 0.410506696 0.674204409
v -0.123142742 0.403660953 0.672490001
v -0.0961929858 0.405174136 0.678330362
v -0.0907199755 0.40325436 0.673471928
v -0.0880065709 0.400652587 0.670801222
v -0.0568996109 0.406175911 0.679396152
v -0.0412847064 0.405938447 0.67977041
v -0.0386035666 0.403367609 0.677131474
v -0.0341488011 0.401317418 0.671853542
v -0.00685353717 0.403058052 0.678333461
v 0.0065439702 0.405505478 0.681716561
v 0.0109506957 0.403477401 0.676495612
v 0.0153574217 0.401449323 0.671274602
v 0.0197641477 0.399421245 0.666053653
v 0.038701307 0.402830839 0.67244947
v 0.058040414 0.403346568 0.675132334
v 0.0648367032 0.401753634 0.671252489
v 0.0740339905 0.403532714 0.672626257
v 0.0891069323 0.403366208 0.673186183
v 0.0976208225 0.402091116 0.670289516
v 0.111967944 0.401831567 0.670547605
v 0.1200995 0.403443754 0.671446919
v 0.12227086 0.404232979 0.665669143
v 0.125699148 0.405239373 0.660568237
v 0.124236092 0.40225783 0.652320683
v 0.124590434 0.402732462 0.645522654
v 0.122982234 0.402868181 0.63763082
v 0.12642622 0.403879195 0.632506549
v 0.125098154 0.4040654 0.624735177
v 0.122271262 0.403994083 0.616106749
v 0.125727773 0.405008763 0.610963821
v 0.123827927 0.401720643 0.605862319
v 0.127289578 0.402736813 0.600711823
v 0.128838643 0.403421611 0.594479978
v 0.130871162 0.40419066 0.588513613
v 0.126222685 0.403804362 0.578732133
v 0.12741603 0.404430062 0.572256267
v -0.147972658 0.353810787 0.406243622
v -0.146148205 0.351101458 0.398892462
v -0.150081798 0.347375691 0.388186663
v -0.148176238 0.347935081 0.38535139
v -0.144502833 0.355781853 0.384680092
v 0.157330126 0.411480516 0.557291687
v -0.141003132 0.357075393 0.374889344
v -0.169307128 0.348884881 0.353751451
v -0.164831609 0.34284988 0.351235211
v -0.170594022 0.334548503 0.350682616
v -0.167683035 0.331757277 0.347817451
v -0.151203811 0.335150898 0.34955579
v -0.146385476 0.332933396 0.343847156
v -0.14675878 0.329559833 0.339043885
v -0.251673907 0.303716034 0.267098606
v -0.249903038 0.296749681 0.266943008
v -0.248272941 0.289755851 0.26670289
v -0.253164768 0.281317353 0.26670301
v -0.252147675 0.277852595 0.26670301
v -0.250373483 0.270872921 0.266547382
v -0.248339146 0.263942897 0.266547382
v -0.252894223 0.255522043 0.266753167
v -0.252637178 0.248227894 0.265687972
v -0.251255542 0.241152644 0.26529485
v -0.249217018 0.234208316 0.26529485
v -0.0368595049 0.273828059 0.395851761
v -0.0350016207 0.273877263 0.404741377
v -0.0376183949 0.273010552 0.41094929
v -0.0327745192 0.273673832 0.42155984
v -0.0364921615 0.272582531 0.427091271
v -0.0333262607 0.272904038 0.436656564
v -0.0460107774 0.269972056 0.436938256
v -0.0323817581 0.272444487 0.452556908
v -0.0274891499 0.273124605 0.463035733
v -0.0321208201 0.275257826 0.468527555
v -0.0358108915 0.274174601 0.474017978
v -0.0395009592 0.273091376 0.47950837
v -0.0373468287 0.273205608 0.488325089
v -0.0391279683 0.272514313 0.494883657
v -0.0383726917 0.272343606 0.502864957
v -0.0360167064 0.272502303 0.511725128
v -0.0420585163 0.270938098 0.515856385
v -0.0518965572 0.265193045 0.517357886
v -0.0563646667 0.260704756 0.518108904
v -0.045248583 0.255911112 0.530752599
v -0.0443098284 0.252713203 0.530752599
v -0.0485803634 0.244860098 0.531093299
v -0.0470814817 0.238373727 0.530882061
v -0.0448944643 0.232035235 0.531052172
v -0.0367543958 0.227139995 0.530777812
v -0.0301075131 0.225334167 0.530206978
v -0.0440823175 0.215551198 0.517598629
v -0.038179785 0.213576943 0.516603291
v -0.0268728603 0.212949127 0.514886439
v -0.0231989883 0.214027599 0.509420156
v -0.0325852484 0.212177053 0.49654299
v -0.0288963225 0.21325995 0.491054296
v -0.0260415468 0.214155897 0.485088319
v -0.0228179898 0.215134606 0.479330212
v -0.0191275608 0.21621795 0.473839283
v -0.0193113796 0.216433957 0.466103792
v -0.0189406928 0.216774687 0.458672285
v -0.0387966223 0.212591067 0.439409286
v -0.0281535387 0.215231702 0.437922448
v -0.0264196564 0.212295219 0.434523523
v -0.0313450284 0.21144554 0.423885971
v -0.0299182404 0.212023363 0.416971982
v -0.0261861235 0.213118941 0.411419034
v -0.0224540047 0.214214519 0.405866057
v -0.0221263375 0.214546606 0.398270071
v -0.0241849404 0.214344263 0.389219522
v -0.0204420425 0.215443015 0.383650512
v -0.0330541246 0.212877885 0.36814642
v -0.287736744 0.148411199 0.207911149
v -0.284253567 0.141643822 0.208765909
v -0.29077217 0.132448435 0.207793891
v -0.288642347 0.125360921 0.20782198
v -0.286604732 0.118251927 0.207793891
v -0.284521013 0.11115367 0.207793891
v -0.28337568 0.103830799 0.207221448
v -0.281291395 0.0967306122 0.207221448
v -0.285261482 0.088053003 0.207802966
v -0.285222441 0.084252812 0.207190633
v -0.284528553 0.0767979473 0.206340507
v -0.282440394 0.0696845502 0.206340507
v -0.281516016 0.062278416 0.205629647
v -0.283215612 0.0542012565 0.20331414
v -0.28417334 0.0462971926 0.201449543
v -0.292924017 0.0362949446 0.199119523
v -0.304498434 0.0293768067 0.195724651
v -0.293619365 0.0244364813 0.205378354
v -0.292953104 0.0169721823 0.200202242
v -0.291902959 0.0133948075 0.200202242
v -0.290975213 0.00592681207 0.199485883
v -0.293083102 -0.00236414955 0.196912974
v -0.224103361 0.0123343673 0.246901467
v -0.226796493 0.0152975796 0.254323602
v -0.228802979 0.0184399374 0.262147695
v -0.221867025 0.0202507023 0.270526856
v -0.226901278 0.0225675739 0.276491344
v -0.240825534 0.022517845 0.277147263
v -0.238223091 0.0231557619 0.282885611
v -0.245426536 0.0249020681 0.28757444
v -0.251865804 0.0268548001 0.292725921
v -0.252509147 0.0303349365 0.301292986
v -0.223714069 0.0378477499 0.322353154
v -0.22049956 0.0422964841 0.33306551
v -0.227872208 0.0439655185 0.337577492
v -0.220991954 0.0456960164 0.345676243
v -0.230221421 0.046878159 0.349107653
v -0.237843111 0.0485543422 0.349390775
v -0.193031669 0.0600154623 0.383300036
v -0.198521703 0.0621285848 0.388793051
v -0.216971442 0.0609156117 0.386916041
v -0.254784346 0.0548548996 0.37006405
v -0.199980602 0.0687191412 0.409187973
v -0.208538607 0.0700425729 0.412935168
v -0.252660751 0.0624318719 0.392733157
v -0.19879882 0.0759371296 0.430929482
v -0.208524674 0.0769596398 0.434017092
v -0.243573338 0.0716208592 0.423103452
v -0.24892579 0.0738696307 0.424707651
v -0.208558127 0.0838169381 0.454926938
v -0.221549809 0.0840322003 0.456250936
v -0.238271043 0.0834248811 0.451613396
v -0.246727839 0.0848016664 0.455489337
v -0.251955241 0.0833278149 0.460589737
v -0.255656838 0.0750035346 0.461472124
v -0.25465551 0.0715924799 0.461472124
v -0.301900476 0.0521527231 0.442866743
v -0.302868783 0.0481144302 0.445817053
v -0.296072513 0.0423495248 0.45239222
v -0.300672114 0.0373841524 0.453389287
v -0.316698641 0.0257256106 0.447735071
v -0.317352831 0.0180198029 0.450321943
v -0.315315694 0.0110801887 0.450321943
v -0.28677243 0.011189823 0.464501798
v -0.252276421 0.013009375 0.481884599
v -0.254191875 0.00876552518 0.484283477
v -0.295852005 -0.00999401603 0.468951344
v -0.296228886 -0.0138661098 0.472211152
v -0.298422486 -0.0220018514 0.477965206
v -0.298083693 -0.0256743357 0.481601
v -0.284864277 -0.0257786065 0.492026031
v -0.293106645 -0.0281262267 0.495634347
v -0.299609244 -0.0373838991 0.491157591
v -0.289962411 -0.0384144038 0.495694578
v -0.288915128 -0.0456135422 0.503124595
v -0.28662324 -0.0487073362 0.507759035
v -0.292147338 -0.0540348776 0.512272596
v -0.293110073 -0.0580499768 0.51520592
v -0.290529877 -0.0647842363 0.523403645
v -0.291068375 -0.0686720014 0.526551604
v -0.290917128 -0.0760875419 0.53347671
v -0.291463107 -0.079973422 0.5366171
v -0.291912645 -0.0838301554 0.539806068
v -0.291576147 -0.0911756381 0.54681164
v -0.291415185 -0.0948468894 0.550307333
v -0.291094124 -0.102182426 0.557291746
v -0.291771293 -0.106097445 0.560356379
v -0.296297491 -0.111154921 0.565390825
v -0.297256798 -0.115155861 0.568313777
v -0.296711534 -0.122409329 0.575395286
v -0.28524071 -0.122618742 0.584536433
v -0.294337213 -0.12162827 0.588273764
v -0.294703066 -0.125436857 0.591481268
v -0.295019418 -0.132975191 0.590327263
v -0.291061491 -0.139141545 0.599066913
v -0.291206449 -0.142874062 0.602378011
v -0.292161465 -0.146856934 0.60528779
v -0.294071466 -0.154822677 0.611107409
v -0.294708103 -0.158705458 0.614173353
v -0.287085354 -0.159939304 0.625137091
v -0.291981965 -0.157685772 0.63093847
v -0.301755697 -0.160717562 0.630044818
v -0.251255035 -0.148425862 0.661648512
v -0.254776657 -0.14579007 0.668003321
v -0.241024107 -0.141388327 0.682143748
v -0.248640105 -0.140094504 0.682736993
v -0.242257044 -0.138020337 0.693289042
v -0.247054845 -0.135812268 0.698973358
v -0.249942452 -0.133043468 0.701815546
v -0.250845641 -0.133257717 0.708868384
v -0.251091123 -0.129641995 0.71667093
v -0.251755476 -0.12616542 0.724258006
v -0.251058489 -0.125921085 0.728295743
v -0.246709242 -0.120913237 0.738165081
v -0.250503689 -0.122027114 0.743810773
v -0.254047573 -0.130309686 0.744989872
v -0.254006207 -0.137488946 0.747814298
v -0.251828671 -0.140421957 0.748365879
v -0.252253473 -0.147745594 0.750976503
v -0.254425555 -0.152006239 0.753234506
v -0.254536986 -0.159235224 0.75598985
v -0.254649252 -0.166465133 0.758745134
v -0.254666626 -0.173665106 0.761543691
v -0.253415018 -0.176885918 0.761670411
v -0.253496617 -0.184106544 0.764439702
v -0.253614813 -0.191339672 0.767192721
v -0.243679851 -0.191770926 0.767565012
v -0.22684221 -0.189978451 0.767420352
v -0.22316806 -0.19244571 0.764983177
v -0.213493884 -0.19660002 0.76118201
v -0.232098833 -0.206351846 0.755891919
v -0.219370574 -0.209414929 0.757153571
v -0.216351226 -0.208480269 0.754858792
v -0.212430164 -0.2109451 0.74884969
v -0.20768024 -0.213131115 0.743222058
v -0.207818717 -0.216977984 0.735310376
v -0.206362978 -0.216570899 0.732287288
v -0.171057045 -0.197558343 0.742384613
v -0.161039129 -0.19784312 0.742981255
v -0.16677779 -0.206887186 0.74304384
v -0.167693183 -0.210704863 0.74583298
v -0.168525189 -0.217996582 0.751878381
v -0.164976716 -0.22027269 0.756750405
v -0.165890604 -0.224084124 0.759534955
v -0.169455975 -0.232312113 0.764297903
v -0.168656066 -0.235526726 0.767877579
v -0.164748058 -0.233953461 0.776972294
v -0.170905247 -0.243189514 0.776898265
v -0.165555015 -0.24501197 0.775278211
v -0.166107386 -0.252174377 0.781425536
v -0.164092094 -0.254938722 0.785547554
v -0.163288757 -0.261603445 0.792301834
v -0.164199695 -0.265402585 0.795077384
v -0.164037198 -0.268815517 0.798340797
v -0.164856911 -0.276048899 0.804343462
v -0.164965451 -0.279554695 0.807479382
v -0.163987324 -0.286125034 0.814284205
v -0.164896712 -0.289917707 0.817055047
v -0.166182473 -0.297306836 0.822834909
v -0.167076692 -0.30109337 0.825612009
v -0.16781579 -0.304822415 0.828458071
v -0.166590914 -0.311273336 0.835346878
v -0.167499274 -0.315061718 0.83811456
v -0.168581694 -0.3223629 0.843973279
v -0.169489861 -0.326150477 0.846740365
v -0.170767605 -0.330077529 0.849345505
v -0.171640694 -0.337295473 0.855292022
v -0.16185987 -0.333265841 0.866687596
v -0.16203849 -0.336761385 0.869757533
v -0.170526832 -0.347022831 0.868822575
v -0.169943869 -0.350232035 0.872227252
v -0.169861943 -0.353630871 0.875413358
v -0.170140564 -0.360593528 0.881590307
v -0.170330092 -0.364091963 0.884655178
v -0.175951719 -0.373127401 0.888548017
v -0.221202835 -0.390580565 0.872873783
v -0.224962488 -0.391684234 0.878467739
v -0.228328139 -0.392634451 0.884227395
v -0.226835445 -0.391693324 0.892018557
v -0.230575159 -0.392789811 0.897608876
v -0.252213836 -0.397187978 0.896183908
v -0.252709329 -0.393366963 0.903543651
v -0.251964122 -0.39290303 0.907426596
v -0.25378415 -0.393256158 0.913822711
v -0.251764327 -0.399419159 0.920990348
v -0.253410161 -0.399701476 0.927437186
v -0.253131568 -0.403060108 0.930714309
v -0.254783839 -0.410635531 0.936373413
v -0.25382337 -0.413907468 0.936373413
v -0.252068102 -0.420516789 0.936306715
v -0.252859265 -0.42833221 0.931660771
v -0.253058463 -0.435732663 0.930803299
v -0.231345177 -0.434751242 0.9317168
v -0.218514308 -0.43343848 0.93300575
v -0.381730527 -0.506562948 0.869403124
v -0.38402909 -0.507275701 0.872175634
v -0.378698915 -0.508492231 0.881325006
v -0.376714647 -0.511273742 0.885412514
v -0.35972321 -0.503926754 0.899586082
v -0.363601446 -0.505065262 0.905356467
v -0.364765912 -0.505101323 0.912202716
v -0.367163271 -0.509418249 0.918160558
v -0.361590207 -0.510481417 0.92724514
v -0.362533987 -0.514417589 0.930120826
v -0.379851311 -0.52484268 0.93024528
v -0.379349142 -0.528199017 0.93369633
v -0.379079551 -0.527632833 0.941073358
v -0.3770971 -0.53014344 0.948711455
v -0.361609846 -0.52330935 0.961877465
v -0.365436256 -0.524429977 0.967612445
v -0.365275264 -0.527666032 0.974484682
v -0.369120717 -0.528794885 0.980206192
v -0.366076678 -0.531064034 0.984563828
v -0.359928578 -0.535553634 0.993279755
v -0.380870074 -0.547786593 0.988667011
v -0.37914449 -0.550359786 0.996106505
v -0.382799834 -0.551408887 1.00190508
v -0.23003 0.734125793 0.410646796
v 0.187256888 0.763647079 0.648552358
v 0.186287269 0.769447088 0.648954988
v 0.18624869 0.775691926 0.646496654
v 0.185668513 0.781506956 0.647116899
v 0.18180643 0.7838341 0.648813546
v 0.116334744 0.784444511 0.605903089
v 0.119714715 0.78543669 0.600874066
v 0.120631926 0.782908082 0.597437859
v -0.227355003 0.759906888 0.396615326
v -0.229488745 0.752209187 0.402063876
v -0.228063956 0.748945892 0.402322441
v -0.227075338 0.741869867 0.405659169
v -0.229108974 0.737967014 0.40784052
v -0.0172334686 -0.0032790585 0.436078697
v -0.211958572 -0.0527888723 0.326695859
v -0.200866818 -0.0420328677 0.326158315
v -0.198879361 -0.0414494388 0.323201209
v -0.193887472 -0.0437468104 0.317286938
v -0.19506532 -0.0478436165 0.311841577
v -0.235483393 -0.0672207177 0.290763527
v 0.00232552248 -0.00464014336 0.430899888
v 0.000451212836 -0.00519035431 0.433688641
v 0.00612268597 2.88510419e-05 0.445395678
v 0.0824126527 0.529298663 0.585781157
v 0.190412462 0.549112022 0.650614977
v 0.189682573 0.555076241 0.651164234
v 0.189643472 0.561406314 0.648672342
v 0.187929586 0.567244709 0.648672342
v 0.191893116 0.573762655 0.651840687
v 0.191854089 0.580080628 0.649353564
v 0.190998778 0.582994282 0.649353564
v 0.189429611 0.588837743 0.64943254
v 0.192471728 0.595199525 0.652084887
v 0.187680036 0.600982428 0.646945536
v 0.190724939 0.607324839 0.649601877
v 0.194668278 0.613743603 0.652756751
v 0.193063065 0.619560659 0.652812183
v 0.19387643 0.622952819 0.650333881
v 0.192171916 0.628759325 0.650333881
v 0.190467402 0.634565771 0.650333881
v 0.189096496 0.640404701 0.650520086
v 0.188723996 0.646667719 0.647855639
v 0.187019482 0.652474165 0.647855639
v 0.186576933 0.658395648 0.648560047
v 0.185276076 0.664576113 0.645377398
v 0.184097931 0.670428336 0.645671487
v -0.210319176 0.643249393 0.422542483
v -0.210986659 0.646560729 0.42270875
v -0.211327925 0.653661966 0.41973719
v -0.213862106 0.657223165 0.414993197
v -0.213270143 0.664406657 0.412542462
v -0.211375996 0.671686947 0.41082561
v -0.215350986 0.675159037 0.405259401
v -0.215108559 0.682318389 0.402611077
v -0.216030031 0.68603158 0.398758471
v -0.216074154 0.69317323 0.395947099
v -0.215151444 0.697021425 0.393135697
v -0.215195566 0.704163134 0.390324295
v -0.215239689 0.711304784 0.387512892
v -0.214316979 0.715152979 0.38470149
v -0.214361101 0.722294688 0.381890118
v -0.214101166 0.729454398 0.379252523
v -0.213482529 0.733284533 0.376267314
v -0.214534149 0.740369737 0.372878134
v -0.216911465 0.747387707 0.368725955
v -0.21620892 0.751227975 0.365784615
v -0.220136434 0.751933277 0.355702311
v -0.218998343 0.755805254 0.353004366
v -0.200078249 0.763445318 0.365066856
v 0.121078126 0.786189497 0.544740021
v 0.124353468 0.789353609 0.547146082
v 0.124179736 0.79535979 0.548055768
v 0.195484757 0.802280664 0.583008051
v 0.190220177 0.799945235 0.572539151
v 0.190331131 0.800785065 0.56567955
v 0.192939967 0.801734388 0.56027627
v 0.195065022 0.802663386 0.55458349
v 0.186924264 0.79977411 0.54577291
v 0.190279946 0.800759137 0.540780067
v 0.193635628 0.801744223 0.535787165
v 0.194957823 0.802642226 0.529574692
v 0.184704572 0.800071239 0.515863061
v 0.190184429 0.801152885 0.512115538
v 0.193556383 0.802142739 0.507098436
v 0.173371971 0.799126804 0.48719582
v 0.175071806 0.799625814 0.484666646
v 0.183189347 0.80082792 0.482501119
v 0.162383765 0.797763288 0.462015331
v 0.186140627 0.799656868 0.469491601
v 0.190562755 0.800699234 0.465067744
v 0.193961278 0.801696897 0.460011125
v 0.184283718 0.799121022 0.446230978
v 0.185867697 0.800043583 0.44000113
v -0.435079128 0.770370424 0.0406566225
v -0.421136826 0.771501601 0.0450839959
v -0.421174556 0.768886268 0.0356468074
v -0.404160172 0.770672321 0.0377153009
v -0.401052594 0.767692626 0.0346566215
v -0.382767677 0.769540012 0.037620537
v -0.372320116 0.763300002 0.0386236906
v -0.378338784 0.758393407 0.0428006388
v -0.392300308 0.756712019 0.0425945632
v -0.398262113 0.755416691 0.0475179218
v -0.410058469 0.757973611 0.0450618677
v -0.422331601 0.7563712 0.0460336134
v -0.441254795 0.758100212 0.0435289927
v -0.440388352 0.753976166 0.0477871522
v -0.445015728 0.749582112 0.0485987589
v -0.442896426 0.742362678 0.0485987589
v -0.443823457 0.734482467 0.051069323
v -0.441310048 0.72728318 0.0513158999
v -0.438582718 0.720097899 0.0516968556
v -0.438941717 0.716889977 0.0464230366
v -0.307261318 0.720195234 0.136962771
v -0.305008084 0.719402254 0.146795243
v -0.303681582 0.718556166 0.156021819
v -0.266814172 0.719886899 0.187215477
v -0.312708706 0.719684243 0.167825907
v -0.31460759 0.718642712 0.175020725
v -0.300550252 0.718574762 0.191961423
v -0.318547159 0.720076144 0.189912692
v -0.313325942 0.719928265 0.197244838
v -0.308776528 0.719281137 0.208290741
v -0.310843706 0.718235731 0.215307102
v -0.278795511 0.719276905 0.242801577
v -0.317996293 0.719465256 0.228111789
v -0.288832158 0.720314741 0.253707975
v -0.288507134 0.719424844 0.262038857
v -0.308650225 0.720765114 0.258847862
v -0.310611606 0.720189333 0.261766195
v -0.311569393 0.716194808 0.264684498
v -0.317482382 0.708402693 0.264100552
v -0.296690494 0.702785075 0.275145561
v -0.298892438 0.695246935 0.27673322
v -0.30266574 0.691070557 0.277990341
v -0.300932914 0.684229195 0.277832031
v -0.299663246 0.677352965 0.277401716
v -0.291504115 0.671417177 0.276959509
v -0.318747193 0.665440679 0.264425814
v -0.316731125 0.658572972 0.264425814
v -0.315590024 0.651635289 0.263911247
v -0.317695051 0.644010901 0.265579909
v -0.30128324 0.638347208 0.274038225
v -0.30224213 0.634348094 0.276959866
v -0.303582162 0.626805365 0.279069662
v -0.30249238 0.619875073 0.278530151
v -0.300481588 0.613025188 0.278530151
v -0.294872999 0.606904507 0.276566654
v -0.31696707 0.597368181 0.266489446
v -0.315955728 0.593922973 0.266489446
v -0.314768285 0.586950302 0.265998572
v -0.31350562 0.579981804 0.265551388
v -0.29874897 0.57401824 0.277131081
v -0.301087648 0.569865048 0.279253691
v -0.302958876 0.562586427 0.276973933
v -0.300940722 0.555711567 0.276973933
v -0.297210217 0.54902494 0.277979374
v -0.31371972 0.540078759 0.267094582
v -0.314515769 0.532848477 0.265434444
v -0.316816956 0.525079727 0.267007291
v -0.314854413 0.518153131 0.266967118
v -0.294193715 0.513475716 0.277915984
v -0.299247712 0.505390108 0.277860016
v -0.303329378 0.500978768 0.278975785
v -0.302818388 0.493890613 0.278088301
v -0.300065458 0.487082541 0.278514802
v -0.294683397 0.480942667 0.276380152
v -0.318580538 0.470308423 0.265263528
v -0.317476094 0.466847539 0.265313566
v -0.303419083 0.465755671 0.264727026
v -0.289600372 0.464647204 0.264045566
v -0.2747114 0.467279136 0.264647752
v -0.26971814 0.464687318 0.262905121
v -0.259853661 0.466646105 0.26057145
v -0.257492661 0.467589855 0.253756195
v -0.255585104 0.464896888 0.246050254
v -0.265542716 0.464169174 0.231750116
v 0.214236841 0.526704013 0.514845908
v 0.212744296 0.523136437 0.516985714
v 0.212784156 0.516682386 0.519526422
v 0.213657886 0.513706028 0.519526422
v -0.252904475 0.443776339 0.24400726
v -0.252535969 0.443231165 0.252487779
v -0.25054875 0.442918152 0.261918545
v -0.251960099 0.438842237 0.264579952
v 0.19763653 0.496936619 0.53635025
v 0.197072625 0.499709547 0.54010272
v 0.194335386 0.50191009 0.546115756
v 0.190043181 0.503885508 0.551201046
v 0.190168157 0.503646374 0.55482626
v 0.198257715 0.507382095 0.567184389
v 0.193545476 0.512372911 0.572496951
v 0.191844955 0.511873722 0.575027108
v 0.188169226 0.513922513 0.580433607
v 0.185003191 0.516304255 0.58261764
v 0.122608453 0.513946176 0.54746002
v 0.122567937 0.520504117 0.544878423
v 0.120792352 0.526552677 0.544878423
v 0.10567262 0.527142644 0.543825388
v 0.103931427 0.526631474 0.546416104
v 0.0995581225 0.528644145 0.551597476
v 0.0914821476 0.530175686 0.554663062
v 0.0879955664 0.529152155 0.559850693
v 0.0667610168 0.529275835 0.551884353
v 0.0674941763 0.528794885 0.559501231
v 0.0648316741 0.527875543 0.565186262
v 0.0728216842 0.52833879 0.576841533
v 0.20967491 -0.167129204 0.602672815
v -0.13155356 -0.285929739 0.410651743
v -0.129635081 -0.277928621 0.404806316
v -0.128675848 -0.273928046 0.401883572
v -0.12857157 -0.270238757 0.398464411
v -0.126652598 -0.262235582 0.392617464
v -0.126254067 -0.258436352 0.389366478
v -0.1326188 -0.253401875 0.378664434
v -0.131656736 -0.249389529 0.375733107
v -0.130747199 -0.245519608 0.368678451
v -0.129784554 -0.241504788 0.365745306
v -0.127859235 -0.233475164 0.359879047
v -0.12689659 -0.229460359 0.356945902
v -0.12593393 -0.225445539 0.354012787
v -0.12488503 -0.217721388 0.347623527
v -0.125966087 -0.214415625 0.343467653
v -0.133624241 -0.209687516 0.331845492
v -0.132657915 -0.205657437 0.328901231
v -0.132214725 -0.198106408 0.322114289
v -0.131247967 -0.194074512 0.319168657
v -0.130281225 -0.190042615 0.316223055
v -0.102425411 -0.176998258 0.325467527
v -0.0969002247 -0.178978279 0.324100435
v -0.0878273174 -0.176077321 0.321405888
v -0.0823532268 -0.174398571 0.316527247
v -0.0828425363 -0.174746156 0.307979047
v -0.0799226612 -0.170174763 0.302141011
v -0.0657630563 -0.157980472 0.308028132
v -0.064809218 -0.154002458 0.305121869
v -0.061902117 -0.149451062 0.299309373
v -0.0416843519 -0.1464919 0.307190746
v -0.0311153568 -0.150452569 0.308458716
v 0.281527698 -0.0514088385 0.510599375
v 0.281539172 -0.0546742529 0.513739884
v 0.281290621 -0.0580266938 0.516716719
v 0.280588776 -0.0647980049 0.522539496
v 0.279964298 -0.0682765171 0.525279939
v 0.279738605 -0.0748759955 0.531390488
v 0.280241579 -0.0779582784 0.534822524
v 0.280694544 -0.0810550228 0.538220823
v 0.279218465 -0.088079147 0.543550253
v 0.279081166 -0.0913784355 0.546581864
v 0.27761057 -0.0983977392 0.551911891
v 0.278260499 -0.101412587 0.555418849
v 0.276558638 -0.108510263 0.560604274
v 0.278237283 -0.111147739 0.564727068
v 0.277387112 -0.114693478 0.567317486
v 0.276588649 -0.121456981 0.573041022
v 0.276412785 -0.124755733 0.5760355
v 0.284172148 -0.121678606 0.587935567
v 0.278678834 -0.123435147 0.591886461
v 0.278490365 -0.130202264 0.590716362
v 0.276933283 -0.13399829 0.592876852
v 0.276085496 -0.137534082 0.595459998
v 0.274389893 -0.144605666 0.600626349
v 0.274928093 -0.147625208 0.604028106
v 0.271442741 -0.155364335 0.608138263
v 0.199755535 -0.178641766 0.570178866
v 0.216881305 -0.17196317 0.587558568
v 0.213437855 -0.169553906 0.593388319
v 0.207765281 -0.167973876 0.59792161
v -0.060535267 -0.422222614 0.598307252
v -0.131881639 -0.444272578 0.565389037
v -0.129988313 -0.436376363 0.559620202
v -0.129041657 -0.432428241 0.556735814
v -0.132905275 -0.430462658 0.551284611
v -0.131009191 -0.42255491 0.545507371
v -0.13006115 -0.418601066 0.542618752
v -0.132437378 -0.412431031 0.534539819
v -0.131488115 -0.408472031 0.531647444
v -0.129589573 -0.400554061 0.525862753
v -0.128640294 -0.396595061 0.522970378
v -0.127691031 -0.392636061 0.520078063
v -0.12662369 -0.38504985 0.513839483
v -0.126809284 -0.381541699 0.510325491
v -0.133691832 -0.37709567 0.499714971
v 0.226119831 -0.231449798 0.694236159
v 0.230530456 -0.233441368 0.689088225
v 0.233313665 -0.232517168 0.687080801
v 0.236634523 -0.234940365 0.68132937
v 0.238806427 -0.237824291 0.674930155
v 0.233560339 -0.23670508 0.668927491
v 0.254082918 -0.222163618 0.674321949
v 0.25581488 -0.22165519 0.671745002
v 0.25177905 -0.226984173 0.661843896
v 0.216286004 -0.24467136 0.637627661
v 0.216209725 -0.251557052 0.636561811
v 0.228084877 -0.250599682 0.635573506
v 0.232832849 -0.252494305 0.630539954
v 0.235416904 -0.255262583 0.624262273
v 0.237174153 -0.254746735 0.621647716
v 0.236564234 -0.258815169 0.613506734
v 0.139025509 -0.302331179 0.548896909
v 0.138135985 -0.306040972 0.551607192
v 0.142384648 -0.307648987 0.557298541
v 0.137987286 -0.316134036 0.561194718
v 0.136092022 -0.320472211 0.559560299
v 0.130759135 -0.329366028 0.56293416
v 0.130200028 -0.332942694 0.565838575
v 0.12879476 -0.340213835 0.571480811
v 0.127904311 -0.343927473 0.574193895
v 0.135154992 -0.344220787 0.581553936
v 0.144907817 -0.343211025 0.594048858
v 0.13948223 -0.348583728 0.597892523
v 0.139669105 -0.35182178 0.601195574
v 0.14487794 -0.356472343 0.606807172
v 0.133643076 -0.364572823 0.603668571
v 0.128436044 -0.373439133 0.607143283
v 0.12754862 -0.377140164 0.609847188
v 0.125773787 -0.384542227 0.615254939
v 0.12564455 -0.387914807 0.618381083
v 0.126034752 -0.391060174 0.621794343
v 0.145396635 -0.389232755 0.638902366
v 0.0765648559 -0.415387124 0.605071068
v 0.114786819 -0.394666165 0.634112954
v 0.112902634 -0.391658634 0.637290239
v 0.106045276 -0.386978567 0.641952217
v 0.116741076 -0.378578603 0.651973546
v 0.0654969439 -0.39284876 0.632571101
v 0.10001456 -0.377890289 0.654947519
v 0.0708626658 -0.38265714 0.647627354
v 0.0673067719 -0.380339831 0.649925053
v -0.0533471368 -0.423401505 0.593946874
v -0.0552446432 -0.42395854 0.596770167
v -0.243974596 -0.169037551 0.597232461
v -0.279408634 -0.172969431 0.580425978
v -0.277489632 -0.168669611 0.577992737
v -0.275575191 -0.160685375 0.572159588
v -0.27461797 -0.15669325 0.569243073
v -0.277614921 -0.157726049 0.559891105
v -0.274389863 -0.153013036 0.558123589
v -0.272717237 -0.145020247 0.55999881
v -0.28248018 -0.140657246 0.548192263
v -0.282500297 -0.136953726 0.544762433
v -0.282870203 -0.133355886 0.541151047
v -0.281301945 -0.125445381 0.535109878
v -0.280340463 -0.121435471 0.532180369
v -0.279524088 -0.113750681 0.525747716
v -0.27876094 -0.109799415 0.522714078
v -0.2783463 -0.105952479 0.519498706
v -0.278464705 -0.0985378623 0.512569666
v -0.277782321 -0.0946067348 0.509490192
v -0.276245385 -0.0866918489 0.503419995
v -0.275869578 -0.0828492418 0.500177681
v -0.280632496 -0.0805100054 0.490241945
v -0.279667407 -0.0764851198 0.487301439
v -0.280452341 -0.0692220479 0.479977518
v -0.279486507 -0.0651939958 0.477034718
v -0.278845489 -0.0612593442 0.473918617
v -0.271293074 -0.0590638183 0.469959319
v -0.27753669 -0.0570906959 0.459138453
v -0.276335299 -0.049265936 0.460874438
v -0.27536872 -0.0452347323 0.457929343
v -0.224250033 -0.0270544421 0.482048899
v -0.214903802 -0.0280497409 0.478655457
v -0.212900907 -0.0311229806 0.471284747
v -0.208003998 -0.0333766453 0.46548298
v -0.171420604 -0.026567867 0.481031328
v -0.163384303 -0.0278939754 0.480973691
v -0.152561054 -0.0283950511 0.478543162
v -0.147729114 -0.0306188129 0.472818404
v -0.153958514 -0.0360592529 0.460927725
v -0.111796863 -0.0274017099 0.479984581
v -0.0986748263 -0.0271664802 0.482881695
v -0.0910154954 -0.0285163336 0.478846014
v -0.088143684 -0.0312699899 0.476019412
v -0.0828333646 -0.0297086202 0.471221983
v -0.0843061805 -0.0337532721 0.462019384
v -0.0369754247 -0.0268460531 0.48399803
v -0.0341379233 -0.0295668133 0.481205195
v -0.0255162194 -0.0305613726 0.477864325
v -0.0217666924 -0.0294606835 0.47228545
v -0.0189326592 -0.0321781188 0.469496012
v -0.0243387446 -0.0374103673 0.458040744
v 0.024404645 -0.0296959635 0.481420487
v 0.0346402712 -0.0301299877 0.479167044
v 0.0378409624 -0.0291730426 0.477204561
v -0.187644631 -0.105837703 0.339672655
v -0.187942266 -0.109673701 0.343021721
v -0.18988128 -0.117760494 0.348929733
v -0.189124838 -0.117487825 0.353483856
v -0.172748715 -0.119813196 0.370036423
v -0.175670072 -0.12440569 0.375916123
v -0.174344063 -0.127699256 0.380175352
v -0.177596942 -0.132441789 0.381787121
v -0.188665494 -0.143453091 0.378317535
v -0.190598756 -0.151515886 0.384208053
v -0.191565394 -0.155547291 0.387153298
v -0.189301029 -0.158531129 0.391947031
v -0.17419228 -0.161023721 0.407545209
v -0.174273133 -0.164675787 0.415016919
v -0.17908819 -0.166185975 0.416327685
v -0.178158984 -0.173260242 0.423791945
v -0.17425932 -0.175729498 0.425425947
v -0.174213469 -0.183153346 0.428348422
v -0.186629236 -0.19098182 0.424823552
v -0.187888861 -0.198785916 0.431061536
v -0.18882978 -0.202791855 0.43400538
v -0.185776711 -0.209127441 0.442644596
v -0.176903337 -0.206023216 0.451603949
v -0.173823833 -0.208549544 0.460764259
v -0.232741058 -0.224620327 0.436803013
v -0.238140374 -0.222457141 0.442501545
v -0.237253755 -0.222068131 0.447037518
v -0.24472332 -0.220605314 0.45160231
v -0.235375345 -0.217280939 0.464757919
v -0.246296778 -0.217071503 0.463413328
v -0.24796699 -0.213664696 0.471112609
v -0.22905767 -0.207171425 0.489296943
v -0.236011848 -0.205640599 0.490101337
v -0.229915753 -0.203449234 0.501326799
v -0.240836039 -0.203162417 0.504009247
v -0.24835667 -0.201735675 0.508516788
v -0.254506439 -0.1998505 0.513757646
v -0.254540473 -0.199789628 0.517710268
v -0.260237008 -0.197754815 0.5231902
v -0.263417006 -0.194893345 0.529981196
v -0.244958565 -0.188775256 0.543504596
v -0.249165013 -0.186276332 0.549705148
v -0.229159921 -0.179612637 0.567823052
v -0.234046429 -0.177363753 0.573612452
v -0.244229391 -0.176832855 0.576707363
v -0.234220654 -0.173526525 0.585676193
v -0.239097625 -0.171282038 0.591454327
v -0.237172648 -0.170602292 0.596292436
v -0.372177899 -0.50534606 0.695857167
v -0.20260638 -0.429163903 0.774192333
v -0.203234896 -0.429835796 0.766487539
v -0.202541769 -0.42997551 0.759372354
v -0.204582393 -0.431219369 0.750977397
v -0.215663835 -0.436114758 0.738350034
v -0.193491057 -0.423859775 0.741659582
v -0.19599779 -0.425078213 0.736748338
v -0.213521868 -0.432557672 0.721007586
v -0.219665989 -0.43545568 0.710553467
v -0.216348708 -0.434541494 0.704550385
v -0.210215777 -0.428731561 0.700360298
v -0.209613413 -0.428908825 0.693059087
v -0.205751806 -0.427775234 0.687313437
v -0.210200176 -0.429986984 0.677545547
v -0.209506676 -0.430130243 0.670240462
v -0.203666076 -0.424218714 0.669742882
v -0.203010529 -0.424374044 0.662412763
v -0.21393542 -0.429184169 0.649372518
v -0.191337094 -0.427636057 0.65951395
v -0.18935816 -0.430388629 0.663825631
v -0.17687358 -0.432402253 0.676602304
v -0.172521338 -0.434158146 0.682046652
v -0.175379068 -0.43863222 0.687760413
v -0.176316693 -0.442542672 0.690617263
v -0.172834188 -0.448153436 0.698919117
v -0.174991444 -0.452792913 0.697402775
v -0.186066121 -0.46443367 0.698685348
v -0.187005699 -0.468352258 0.701548219
v 0.154163361 -0.332706928 0.867936492
v 0.149571761 -0.337801099 0.868715465
v 0.148038492 -0.345229417 0.867133796
v 0.146933153 -0.348867595 0.869587719
v -0.339945138 -0.546574235 0.645893574
v -0.358392298 -0.55013144 0.641578794
v -0.375749588 -0.548982203 0.642274678
v -0.376174867 -0.544952869 0.646523833
v -0.378535062 -0.541732728 0.64985919
v -0.36686486 -0.53246671 0.663688421
v -0.370137215 -0.529645145 0.666575134
v -0.381393999 -0.525933206 0.670169711
v -0.371431261 -0.517459452 0.683084249
v -0.373894751 -0.514318228 0.686331868
v -0.369151473 -0.508247972 0.692878366
v -0.213961735 -0.38421762 0.800584793
v -0.153725922 -0.353406459 0.831969082
v -0.156072482 -0.347426713 0.824567199
v -0.155778393 -0.343868017 0.8215186
v -0.154868349 -0.340072602 0.818745732
v -0.153297052 -0.332576334 0.813087702
v -0.152386934 -0.328780651 0.810314655
v -0.152691841 -0.32199046 0.803802907
v -0.151781142 -0.318192333 0.801028073
v -0.152315363 -0.311476827 0.794401228
v -0.152841076 -0.308211803 0.790965915
v -0.152448758 -0.304602444 0.787949443
v -0.152299955 -0.297615588 0.781620145
v -0.154731393 -0.295043379 0.777295232
v -0.152904868 -0.287425756 0.771729946
v -0.151991606 -0.28361693 0.768947303
v -0.151304543 -0.279890567 0.766059279
v -0.149477884 -0.272272408 0.760493577
v -0.150064096 -0.269005179 0.757007718
v -0.149727628 -0.265527338 0.75028652
v -0.149090677 -0.269034535 0.74646455
v -0.140816882 -0.258963615 0.747610748
v -0.154858947 -0.256899178 0.73819685
v -0.153942361 -0.253076494 0.735404074
v -0.152109191 -0.24543114 0.729818523
v -0.147844017 -0.240426511 0.728625476
v -0.146928355 -0.236607686 0.725835562
v -0.145097032 -0.228970051 0.720255673
v -0.144181371 -0.225151226 0.717465699
v -0.13897267 -0.223541602 0.712591529
v -0.136760473 -0.222977191 0.706267238
v -0.134885326 -0.222426742 0.703477263
v -0.131135017 -0.22132583 0.697897255
v -0.128344193 -0.216956452 0.692317188
v -0.158154249 -0.227534637 0.670164406
v -0.217085183 -0.251961857 0.632923663
v -0.21416676 -0.254760206 0.630051136
v -0.210305586 -0.253626734 0.624306142
v -0.209536999 -0.257292688 0.616512001
v -0.207104638 -0.256661862 0.61003691
v -0.199080274 -0.246533424 0.611237407
v -0.197151154 -0.24596712 0.608367085
v -0.192856222 -0.248390019 0.602346361
v -0.190569028 -0.25140813 0.599154472
v -0.221253827 -0.269813627 0.578585565
v -0.216356829 -0.272067338 0.572783709
v -0.21182327 -0.274328172 0.570700347
v -0.206928581 -0.276580811 0.564901233
v -0.206850767 -0.27680254 0.557115078
v -0.20583196 -0.280322969 0.55320549
v 0.142908871 -0.161967054 0.734141767
v 0.146820784 -0.167180762 0.738764286
v 0.126013249 -0.181282327 0.734057784
v 0.127929404 -0.18397826 0.734584928
v 0.128715158 -0.190486446 0.734057784
v 0.130648121 -0.19657369 0.73412621
v 0.1560224 -0.19391346 0.746384799
v 0.19242619 -0.187007114 0.764396906
v 0.151169151 -0.209125176 0.745512545
v 0.150314435 -0.212689832 0.748116791
v -0.177262276 -0.340153456 0.585544229
v -0.171624601 -0.341594636 0.591821492
v -0.176483452 -0.34685865 0.596563518
v -0.178374201 -0.354744136 0.602324486
v -0.16963774 -0.354959548 0.610143721
v 0.151541144 -0.234535247 0.777007699
v -0.249858826 -0.385302067 0.581050754
v -0.253929049 -0.382681102 0.58736974
v -0.252930582 -0.381943315 0.595721841
v -0.252506793 -0.385422409 0.599347055
v -0.2271851 -0.379117489 0.6192981
v -0.225820139 -0.37823233 0.627726436
v -0.193836227 -0.369472712 0.646946967
v -0.214176193 -0.376973867 0.644566059
v -0.22036317 -0.379004002 0.649208188
v -0.226826385 -0.381140351 0.653725743
v -0.232866615 -0.383112788 0.658460736
v -0.196606234 -0.37248677 0.683209479
v -0.201653346 -0.374080777 0.688349307
v -0.207012832 -0.375795364 0.693344712
v -0.212616026 -0.377603918 0.698230445
v -0.218606457 -0.379561841 0.702940047
v -0.199688092 -0.375603914 0.718980193
v -0.203821629 -0.376846164 0.724529922
v -0.208335504 -0.378235698 0.729902685
v -0.214302808 -0.380188107 0.734600365
v -0.227522463 -0.384948522 0.735939741
v -0.204753518 -0.379474074 0.75350219
v -0.2066596 -0.380033612 0.756338239
v -0.210402265 -0.381125718 0.762042224
v -0.214755341 -0.382454664 0.767467022
v -0.219899908 -0.384090483 0.77253443
v -0.222294822 -0.384659827 0.778851688
v -0.227528304 -0.38632983 0.783884645
v -0.212064907 -0.383660793 0.797762513
v -0.346656114 -0.468876541 0.763867497
v -0.155967355 -0.385546744 0.852324367
v -0.152304709 -0.377244949 0.84760505
v -0.151397079 -0.373459607 0.844839573
v -0.152334809 -0.370397002 0.84125632
v -0.146769807 -0.368582129 0.836544216
v -0.155000508 -0.368367285 0.82970047
v -0.210227907 -0.390313983 0.797715783
v -0.215044707 -0.392566442 0.788190901
v -0.216474563 -0.393496394 0.780162096
v -0.20729053 -0.38658163 0.777382314
v -0.205942646 -0.386423081 0.770603299
v -0.2060211 -0.386821717 0.763158441
v -0.214743003 -0.390595466 0.751707971
v -0.211878389 -0.389847517 0.745574415
v -0.19898738 -0.381296217 0.748284817
v -0.202998728 -0.383224756 0.738962531
v -0.208593532 -0.38577202 0.728862882
v -0.21421212 -0.388330579 0.718710124
v -0.2163679 -0.389541149 0.710154951
v -0.21251975 -0.388411492 0.704429328
v -0.201706737 -0.380835831 0.702502191
v -0.203401983 -0.381862313 0.694133103
v -0.201959774 -0.381668836 0.687252462
v -0.210945487 -0.385535747 0.675307751
v -0.211576104 -0.386151701 0.667372704
v -0.190093488 -0.374418765 0.670714319
v -0.19902952 -0.378256172 0.658711731
v -0.210777655 -0.383189291 0.645263255
v -0.210609064 -0.383493066 0.637651742
v -0.208845839 -0.383177549 0.630817473
v -0.23793073 -0.398673177 0.608036339
v -0.227534816 -0.398611009 0.608844161
v -0.242746398 -0.408192098 0.604618907
v -0.252361864 -0.407747924 0.60814029
v -0.255720764 -0.412698448 0.609877884
v -0.188937262 -0.394413829 0.634423137
v -0.174688578 -0.39234516 0.644883692
v -0.176264375 -0.400071353 0.650769234
v -0.213117555 -0.418315738 0.635825038
v -0.225044116 -0.422660977 0.637654364
v -0.208860099 -0.419580191 0.652845502
v -0.212741867 -0.420719713 0.658621132
v -0.216623619 -0.421859205 0.664396763
v -0.220505372 -0.422998726 0.670172393
v -0.213605657 -0.423603177 0.68067199
v -0.215540946 -0.424171299 0.68355149
v -0.220231071 -0.425635427 0.688917637
v -0.224917486 -0.427097857 0.694289267
v -0.227152601 -0.427579939 0.700828314
v -0.212585077 -0.425095648 0.714834094
v -0.214798093 -0.425569773 0.721333861
v -0.218646914 -0.426699609 0.727060437
v -0.225497127 -0.429031432 0.731388509
v -0.230214417 -0.430508614 0.736718953
v -0.200677022 -0.422198474 0.7536906
v -0.204495668 -0.423319459 0.759372354
v -0.208314329 -0.424440444 0.765054047
v -0.213829115 -0.426241636 0.769962072
v -0.224803448 -0.430231154 0.772398889
v -0.217124254 -0.430460632 0.782853544
v -0.376007617 -0.490207344 0.715383649
v -0.364188164 -0.481174707 0.728872061
v -0.373443305 -0.476705343 0.733335614
v -0.378866851 -0.474780321 0.7352193
v -0.381828547 -0.479417205 0.741141021
v -0.381389827 -0.482908517 0.744724989
g path_000000
l 11 10 9 8 7 6 5 4 3 2 1 1596 1595 1594
g path_000001
l 13 14 15
g path_000002
l 16 17 18 19
g path_000003
l 20 21
g path_000004
l 22 23 24 25 26
g path_000005
l 27 28 29 30 31 32 33 34 35 36 37 38 39 40 41 42 43 44 45 46 47 48 49 50 51 52 53
g path_000006
l 54 55 56 57 58 59 60 61 62 63 64 65 66 67 68 69 70 71 72 73 74 75
g path_000007
l 77 78 79 80 81 82
g path_000008
l 83 84 85
g path_000009
l 86 87 88 89 90 91 92 93 94 95 96 97 98
g path_000010
l 99 100 101 102 103 104 105
g path_000011
l 106 107 108 109 110 111 112 113 114 115 116 117 118 119 120 121 122 123 124 125 126 127
g path_000012
l 128 129
g path_000013
l 130 131 132 133 134 135 136 137 138 139 140 141 142 143 144 145 146 147 148 149 150 151 152 153 154 155 156 157
g path_000014
l 162 163 164 165 166 167 168 169 170 171 172 173 174 175 176 177 178 179 180 181 182 183 184 185 186 187 188
g path_000015
l 189 190 191 192
g path_000016
l 193 194 195 196 197 198 199 200 201 202 203 204 205 206 207 208 209 210 211
g path_000017
l 212 213 214 215 216 217
g path_000018
l 218 219 220 221
g path_000019
l 222 223
g path_000020
l 224 225 226
g path_000021
l 227 228 229 230 231
g path_000022
l 232 233 234 235 236 237 238 239 240 241
g path_000023
l 242 243 244 245 246 247
g path_000024
l 248 249 250 251
g path_000025
l 252 253 254 255 256 257 258 259 260 261 262 263 264 265 266 267
g path_000026
l 268 269 270
g path_000027
l 271 272
g path_000028
l 273 274 275
g path_000029
l 276 277 278 279 280 281 282 283 284 285 286 287 288 289 290 291 292 293 294
g path_000030
l 296 297 298 299 300 301 302 303
g path_000031
l 304 305 306
g path_000032
l 307 308 309 310 311 312 313 314 315 316 317 318 319 320 321 322 323 324 325 326
g path_000033
l 328 329 330 331 332 333 334 335 336 337 338 339 340 341 342
g path_000034
l 343 344 345 346 347 348 349 350 351 352 353 354 355 356
g path_000035
l 357 358 359 360 361 362 363 364 365 366 367 368 369 370 371 372 373 374 375 376 377 378 379 380 381 382 383 384 385 386 387 388 389 390 391 392
g path_000036
l 393 394 395 396
g path_000037
l 397 398 399 400 401 402 403 404 405 406 407 408 409 410 411
g path_000038
l 412 413 414 415 416 417 418 419
g path_000039
l 420 421 422 423 424 425 426 427 428 429 430 431 432 433 434 435 436 437 438 439 440 441
g path_000040
l 442 443 444 445 446 447 448 449 450
g path_000041
l 451 452 453 454 455 456 457 458 459 460 461 462 463 464 465 466 467 468 469 470 471 472 473 474 475 476 477
g path_000042
l 478 479 480 481 482 483 484 485
g path_000043
l 486 487 488 489 490 491 492 493 494
g path_000044
l 495 496 497 498 499 500 501 502 503 504 505 506 507 508 509 510 511 512 513 514 515 516 517 518
g path_000045
l 519 520 521 522 523 524 525 526 527 528 529 530 531 532 533 534 535 536 537 538 539 540 541 542 543 544 545 546 547 548 549 550 551 552 553 554 555 556 557 558 559 560 561 562 563 564 565 566 567 568 569 570 571 572 573 574 575 576 577 578 579 580 581 582 583 584 585 586 587 588 589 590 591 592 593 594 595 596 597 598 599 600 601 602 603 604 605 606 607 608 609 610 611 612 613 614 615 616 617 618 619 620 621 622 623 624 625 626 627 628 629 630 631 632 633 634 635 636 637 638 639 640 641 642 643 644 645 646 647 648 649 650 651 652 653 654 655 656 657 658 659 660 661 662 663 664 665 666 667 668 669 670 671 672 673 674 675 676 677 678 679 680 681 682 683 684 685 686 687 688 689 690 691 692 693 694 695 696 697 698 699 700 701 702 703 704 705 706 707 708 709 710 711 712 713 714 715 716 717 718 719 720 721 722 723 724 725 726 727 728 729 730 731 732 733 734 735 736 737 738 739 740 741 742 743 744 745 746 747 748 749 750 751 752 753 754 755 756 757 758 759 760 761 762 763 764 765 766 767 768 769 770 771 772 773 774 775 776 777 778 779 780 781 782 783 784 785 786 787 788 789 790 791 792 793 794 795 796 797 798 799 800 801 802 803 804 805 806 807 808 809 810 811 812 813 814 815 816 817 818 819 820 821 822 823 824 825 826 827 828 829 830 831 832 833 834 835 836 837 838 839 840 841 842 843 844 845 846 847 848 849 850 851 852 853 854 855 856 857 858 859 860 861 862 863 864 865 866 867 868 869 870 871 872 873 874 875 876 877 878 879 880 881 882 883 884 885 886 887 888 889 890 891 892 893 894 895 896 897 898 899 900 901
g path_000046
l 902 903 904 905 906 907 908 909 910
g path_000047
l 911 912 913 914 915 916 917 918 919 920 921 922 923 924 925 926 927 928 929 930 931 932 933 934 935 936 937
g path_000048
l 938 939 940 941 942 943 944 945 946 947 948 949 950 951 952 953 954 955
g path_000049
l 956 957 958 959 960 961
g path_000050
l 962 963 964 965 966 967 968
g path_000051
l 969 970
g path_000052
l 971 972 973 974 975
g path_000053
l 976 977 978 979 980
g path_000054
l 981 982 983 984 985
g path_000055
l 986 987 988 989 990 991 992 993 994 995 996
g path_000056
l 997 998 999 1000 1001
g path_000057
l 1002 1003 1004 1005 1006 1007 1008 1009 1010 1011 1012 1013 1014 1015 1016 1017 1018 1019 1020 1021 1022 1023 1024 1025 1026 1027 1028 1029 1030 1031 1032 1033 1034 1035 1036 1037
g path_000058
l 1038 1039 1040 1041 1042 1043 1044 1045
g path_000059
l 1046 1047 1048 1049 1050 1051 1052 1053 1054 1055 1056 1057 1058 1059 1060 1061 1062 1063 1064 1065 1066 1067 1068 1069 1070 1071 1072 1073
g path_000060
l 1074 1075 1076 1077
g path_000061
l 1078 1079 1080
g path_000062
l 1081 1082 1083 1084 1085 1086 1087 1088
g path_000063
l 1090 1091
g path_000064
l 1092 1093 1094 1095 1096 1097 1098
g path_000065
l 1099 1100
g path_000066
l 1101 1102 1103
g path_000067
l 1105 1106
g path_000068
l 1107 1108
g path_000069
l 1110 1111
g path_000070
l 1113 1114
g path_000071
l 1115 1116
g path_000072
l 1117 1118 1119
g path_000073
l 1120 1121 1122 1123 1124 1125 1126
g path_000074
l 1127 1128
g path_000075
l 1129 1130 1131 1132
g path_000076
l 1133 1134 1135 1136 1137 1138
g path_000077
l 1140 1141 1142 1143 1144 1145 1146 1147 1148 1149 1150
g path_000078
l 1153 1154
g path_000079
l 1155 1156
g path_000080
l 1158 1159
g path_000081
l 1161 1162
g path_000082
l 1164 1165
g path_000083
l 1167 1168 1169 1170 1171 1172
g path_000084
l 1173 1174 1175 1176
g path_000085
l 1177 1178 1179
g path_000086
l 1180 1181 1182 1183 1184 1185 1186 1187 1188 1189 1190 1191 1192 1193
g path_000087
l 1194 1195
g path_000088
l 1198 1199 1200 1201 1202 1203
g path_000089
l 1204 1205 1206 1207 1208 1209 1210 1211 1212 1213 1214 1215 1216 1217 1218 1219 1220
g path_000090
l 1222 1223 1224 1225 1226
g path_000091
l 1227 1228 1229 1230 1231
g path_000092
l 1232 1233 1234 1235
g path_000093
l 1236 1237 1238 1239 1240 1241
g path_000094
l 1242 1243 1244 1245 1246 1247 1248 1249
g path_000095
l 1250 1251 1252 1253 1254 1255 1256 1257 1258 1259 1260
g path_000096
l 1261 1262 1263
g path_000097
l 1264 1265 1266 1267 1268 1269
g path_000098
l 1270 1271
g path_000099
l 1272 1273 1274
g path_000100
l 1275 1276 1277 1278
g path_000101
l 1279 1280 1281 1282 1283
g path_000102
l 1285 1286 1287 1288 1289 1290 1291 1292 1293 1294 1295 1296 1297 1298 1299 1300 1301 1302 1303 1304 1305 1306
g path_000103
l 1307 1308 1309 1310 1311
g path_000104
l 1314 1315 1316 1317 1318 1319 1320
g path_000105
l 1321 1322 1323 1324 1325 1326 1327 1328 1329 1330 1331
g path_000106
l 1332 1333 1334 1335 1336 1337 1338
g path_000107
l 1339 1340 1341 1342 1343 1344 1345 1346 1347 1348 1349 1350 1351 1352 1353 1354 1355 1356 1357
g path_000108
l 1358 1359 1360 1361 1362 1363 1364 1365 1366 1367 1368
g path_000109
l 1369 1370 1371 1372 1373 1374 1375 1376 1377 1378 1379
g path_000110
l 1380 1381 1382 1383 1384 1385 1386 1387 1388 1389 1390 1391 1392 1393 1394 1395 1396 1397 1398 1399 1400 1401
g path_000111
l 1402 1403 1404 1405 1406 1407 1408 1409 1410 1411
g path_000112
l 1412 1413 1414 1415 1416 1417
g path_000113
l 1418 1419 1420
g path_000114
l 1422 1423
g path_000115
l 1425 1426
g path_000116
l 1427 1428
g path_000117
l 1429 1430 1431 1432 1433 1434 1435
g path_000118
l 1436 1437 1438 1439 1440 1441 1442
g path_000119
l 1444 1445
g path_000120
l 1446 1447 1448 1449 1450 1451 1452 1453 1454 1455 1456 1457 1458 1459 1460 1461 1462 1463 1464 1465 1466 1467 1468 1469 1470 1471 1472 1473 1474 1475 1476 1477 1478 1479 1480 1481
g path_000121
l 1482 1483 1484 1485 1486 1487 1488 1489 1490 1491 1492 1493 1494 1495 1496 1497 1498 1499 1500 1501 1502 1503 1504 1505 1506 1507 1508 1509
g path_000122
l 1510 1511 1512 1513 1514 1515 1516
g path_000123
l 1517 1518 1519 1520 1521 1522 1523 1524 1525 1526 1527 1528 1529 1530 1531 1532 1533 1534 1535 1536 1537 1538 1539 1540 1541 1542 1543 1544 1545 1546 1547 1548 1549 1550 1551 1552 1553 1554
g path_000124
l 1555 1556 1557 1558 1559
g path_000125
l 1560 1561 1562 1563 1564 1565 1566 1567 1568 1569 1570 1571
g path_000126
l 1572 1573
g path_000127
l 1574 1575 1576 1577
g path_000128
l 1578 1579 1580 1581 1582 1583 1584 1585 1586 1587
g path_000129
l 1588 1589 1590 1591 1592 1593
g path_000130
l 1597 1610 1609 1608 1607 1606
g path_000131
l 1598 1599 1600 1601 1602
g path_000132
l 1603 1604 1605
g path_000133
l 1612 1613 1614 1615 1616
g path_000134
l 1618 1619 1620
g path_000135
l 1621 1804 1803 1802 1801
g path_000136
l 1622 1623 1624 1625 1626 1627 1628 1629 1630 1631 1632 1633 1634 1635 1636 1637 1638 1639 1640 1641 1642 1643
g path_000137
l 1644 1645 1646 1647 1648 1649 1650 1651 1652 1653 1654 1655 1656 1657 1658 1659 1660 1661 1662 1663 1664 1665
g path_000138
l 1667 1668 1669
g path_000139
l 1670 1671 1672 1673 1674 1675 1676 1677 1678 1679 1680 1681
g path_000140
l 1682 1683 1684
g path_000141
l 1686 1687 1688 1689 1690
g path_000142
l 1691 1692 1693 1694 1695 1696 1697 1698 1699 1700 1701 1702 1703 1704 1705 1706 1707 1708 1709 1710
g path_000143
l 1711 1712 1713
g path_000144
l 1715 1716
g path_000145
l 1717 1718 1719 1720 1721
g path_000146
l 1724 1725 1726 1727 1728 1729
g path_000147
l 1730 1731 1732 1733 1734 1735
g path_000148
l 1736 1737 1738 1739 1740 1741 1742 1743 1744 1745
g path_000149
l 1746 1747 1748 1749 1750 1751 1752 1753 1754
g path_000150
l 1755 1756 1757 1758
g path_000151
l 1759 1760 1761 1762 1763 1764
g path_000152
l 1765 1766 1767 1768 1769 1770 1771 1772 1773 1774
g path_000153
l 1775 1776 1777 1778
g path_000154
l 1779 1780 1781 1782
g path_000155
l 1783 1784 1785 1786 1787 1788 1789 1790 1791 1792
g path_000156
l 1793 1794 1795 1796 1797 1798 1799 1800
g path_000157
l 1805 1865 1864 1863
g path_000158
l 1806 1807 1808 1809 1810 1811 1812 1813 1814 1815 1816 1817 1818 1819 1820 1821 1822 1823 1824 1825
g path_000159
l 1826 1827 1828 1829 1830 1831 1832 1833 1834
g path_000160
l 1835 1836
g path_000161
l 1837 1838 1839 1840 1841 1842 1843 1844 1845 1846 1847 1848 1849 1850 1851 1852 1853 1854 1855 1856 1857 1858 1859 1860 1861
g path_000162
l 1866 1928 1927
g path_000163
l 1867 1868 1869 1870 1871 1872 1873 1874 1875 1876 1877 1878 1879 1880
g path_000164
l 1881 1882 1883 1884 1885 1886
g path_000165
l 1887 1888 1889
g path_000166
l 1890 1891 1892 1893 1894 1895 1896
g path_000167
l 1897 1898 1899 1900 1901 1902 1903 1904 1905 1906 1907 1908 1909 1910 1911 1912 1913 1914 1915 1916
g path_000168
l 1919 1920 1921 1922
g path_000169
l 1925 1926
g path_000170
l 1929 2029 2028 2027 2026 2025 2024
g path_000171
l 1930 1931 1932 1933 1934 1935 1936 1937 1938 1939 1940 1941 1942 1943 1944 1945 1946 1947 1948 1949 1950 1951 1952 1953 1954 1955 1956 1957
g path_000172
l 1958 1959 1960 1961
g path_000173
l 1962 1963 1964 1965 1966
g path_000174
l 1967 1968 1969 1970 1971 1972
g path_000175
l 1973 1974 1975 1976 1977 1978
g path_000176
l 1979 1980 1981
g path_000177
l 1982 1983 1984 1985
g path_000178
l 1986 1987 1988 1989 1990 1991 1992 1993
g path_000179
l 1994 1995 1996 1997 1998 1999 2000 2001 2002 2003 2004 2005
g path_000180
l 2006 2007 2008 2009 2010 2011 2012
g path_000181
l 2013 2014 2015 2016 2017 2018 2019 2020 2021
g path_000182
l 2022 2023
g path_000183
l 2030 2073 2072 2071 2070 2069 2068 2067 2066 2065 2064 2063
g path_000184
l 2031 2032 2033 2034 2035
g path_000185
l 2036 2037
g path_000186
l 2038 2039 2040 2041 2042 2043 2044 2045 2046 2047 2048
g path_000187
l 2049 2050 2051 2052 2053 2054 2055 2056 2057 2058
g path_000188
l 2059 2060 2061 2062
g path_000189
l 2074 2168
g path_000190
l 2075 2076 2077 2078 2079 2080 2081 2082 2083 2084 2085 2086 2087 2088 2089 2090 2091 2092 2093 2094 2095 2096 2097 2098 2099 2100 2101 2102 2103 2104 2105 2106 2107
g path_000191
l 2109 2110 2111 2112 2113 2114 2115 2116 2117
g path_000192
l 2118 2119 2120 2121 2122 2123
g path_000193
l 2124 2125
g path_000194
l 2126 2127 2128 2129
g path_000195
l 2132 2133
g path_000196
l 2134 2135 2136 2137 2138
g path_000197
l 2140 2141 2142 2143
g path_000198
l 2144 2145
g path_000199
l 2147 2148 2149 2150
g path_000200
l 2151 2152 2153 2154 2155
g path_000201
l 2156 2157 2158 2159 2160
g path_000202
l 2161 2162 2163 2164 2165 2166 2167
g path_000203
l 2170 2171 2172 2173 2174 2175
g path_000204
l 2176 2177 2178 2179 2180 2181 2182 2183 2184 2185 2186 2187 2188 2189 2190 2191 2192 2193 2194
g path_000205
l 2195 2196 2197 2198 2199
g path_000206
l 2200 2201 2202 2203 2204
g path_000207
l 2205 2206 2207
g path_000208
l 2208 2209
g path_000209
l 2210 2211 2212 2213 2214 2215 2216 2217 2218 2219 2220 2221 2222 2223
g path_000210
l 2224 2225 2226 2227 2228 2229
g path_000211
l 2230 2231 2232 2233 2234 2235
