index,frame,split,timestamp,ink_3d,ink_gs_rgb,ink_depth2d,visible_ids,projection_unknown_samples,projection_samples,edit_changed_pixels,gs_psnr,sensor_zero_fraction,predicted_visible_known,visible_consistent,false_visible_occluded,visible_contradiction,unknown_sensor,known_sensor,all_controls,predicted_hidden_known,hidden_sensor_occluded,false_hidden_sensor_visible
0,frame_0017,F,1305031453.359684,0.03195963541666667,0.034580078125,0.003369140625,80,1968,4942,598,26.111989148422868,0.16930338541666667,425,335,58,32,4042,560,4602,135,95,39
1,frame_0018,C,1305031453.39169,0.02998046875,0.036171875,0.0031412760416666668,76,1954,4778,581,23.956472152618737,0.17119140625,435,350,60,25,4038,564,4602,129,91,38
2,frame_0019,C,1305031453.423683,0.028610026041666667,0.036962890625,0.0032161458333333334,73,2062,4726,569,23.816712581454173,0.17322265625,448,338,69,41,4016,586,4602,138,102,36
3,frame_0020,C,1305031453.459685,0.027076822916666667,0.03635416666666667,0.0035546875,68,2022,4512,555,24.041566752522012,0.17666015625,447,296,107,44,4027,575,4602,128,101,26
4,frame_0021,C,1305031453.491698,0.025309244791666668,0.035452473958333335,0.004205729166666667,65,1899,4260,536,24.776133009589575,0.178330078125,432,258,122,52,4040,562,4602,130,98,32
5,frame_0022,C,1305031453.523684,0.023629557291666665,0.03519205729166667,0.004231770833333333,65,1840,4107,520,25.56259935046253,0.18248372395833334,426,268,125,33,4058,544,4602,118,81,37
6,frame_0023,F,1305031453.559753,0.023098958333333332,0.034407552083333334,0.0050227864583333335,63,1831,4081,518,26.050403748493196,0.18538736979166667,424,267,131,26,4058,544,4602,120,88,32
7,frame_0024,C,1305031453.59164,0.022796223958333334,0.034169921875,0.005162760416666667,64,1771,4083,500,22.343474685440903,0.1871484375,432,292,116,24,4059,543,4602,111,78,33
8,frame_0025,C,1305031453.627706,0.023092447916666668,0.03418619791666667,0.005615234375,65,1877,4294,504,22.23857418555629,0.183896484375,449,317,104,28,4020,582,4602,133,92,40
9,frame_0026,C,1305031453.6596,0.02443359375,0.03260091145833333,0.005074869791666666,70,1944,4635,482,21.19143263151311,0.18280598958333333,481,320,119,42,3965,637,4602,156,105,51
10,frame_0027,C,1305031453.691678,0.02654296875,0.03158203125,0.004772135416666667,81,2042,5092,476,20.841388309734295,0.182548828125,516,376,97,43,3902,700,4602,184,114,68
11,frame_0028,C,1305031453.727652,0.029069010416666666,0.03169921875,0.004801432291666667,83,2188,5624,467,21.927799286788222,0.180888671875,560,414,96,50,3819,783,4602,223,133,88
12,frame_0029,F,1305031453.759694,0.0295703125,0.030787760416666667,0.00513671875,88,2240,5969,463,23.16572773421804,0.18084309895833334,590,416,129,45,3755,847,4602,257,149,108
13,frame_0030,C,1305031453.791716,0.030048828125,0.032486979166666666,0.0056803385416666664,94,2409,6321,453,22.5064047148673,0.18491536458333332,623,436,123,64,3715,887,4602,264,136,126
14,frame_0031,C,1305031453.827773,0.030149739583333335,0.032822265625,0.005104166666666667,99,2384,6657,440,21.700748052693825,0.19899088541666668,621,434,111,76,3685,917,4602,296,156,131
15,frame_0032,C,1305031453.859705,0.030384114583333333,0.031614583333333335,0.005458984375,104,2379,6969,436,21.770980197242565,0.209931640625,594,405,114,75,3678,924,4602,330,170,148
16,frame_0033,C,1305031453.89171,0.030423177083333332,0.03099609375,0.004951171875,110,2425,7288,428,21.932251735533043,0.228349609375,643,363,168,112,3631,971,4602,328,161,152
17,frame_0034,C,1305031453.927723,0.03173828125,0.029091796875,0.004466145833333333,120,2630,8069,422,21.103302111125636,0.24098307291666668,669,400,177,92,3586,1016,4602,347,165,171
18,frame_0035,F,1305031453.959641,0.031181640625,0.027581380208333332,0.00421875,129,2759,8561,422,21.26426010497866,0.24520833333333333,669,427,165,77,3517,1085,4602,416,220,172
19,frame_0036,C,1305031453.991624,0.031858723958333335,0.02623046875,0.004593098958333333,134,2789,8969,425,20.448119769494856,0.253505859375,647,465,126,56,3512,1090,4602,443,244,196
20,frame_0037,C,1305031454.027662,0.033369140625,0.027216796875,0.005107421875,151,2882,9415,416,20.48597531133105,0.258076171875,669,458,140,71,3405,1197,4602,528,292,220
21,frame_0038,C,1305031454.059654,0.03424153645833333,0.027809244791666667,0.004827473958333333,165,2973,9905,433,21.076782043311646,0.26326822916666665,679,455,154,70,3359,1243,4602,564,302,249
22,frame_0039,C,1305031454.091651,0.037477213541666665,0.027864583333333335,0.0047786458333333335,170,3093,10665,420,20.468761369025373,0.26370442708333336,748,450,219,79,3246,1356,4602,608,305,289
23,frame_0040,C,1305031454.127701,0.040126953125,0.0277734375,0.004873046875,176,3319,11816,432,20.45765064266434,0.26701171875,729,447,180,102,3226,1376,4602,647,330,299
24,frame_0041,F,1305031454.159672,0.04230143229166667,0.0289453125,0.005013020833333334,190,3153,12618,435,19.44205733698218,0.26296549479166664,803,555,167,81,3072,1530,4602,727,386,317
25,frame_0042,C,1305031454.191658,0.045354817708333335,0.02919921875,0.005289713541666667,199,3192,13989,438,20.01096678772695,0.26857096354166665,765,486,153,126,2934,1668,4602,903,521,356
26,frame_0043,C,1305031454.227671,0.047744140625,0.028082682291666668,0.006178385416666667,214,3127,16212,451,18.830541640191303,0.271484375,835,501,213,121,2719,1883,4602,1048,592,416
27,frame_0044,C,1305031454.259627,0.04853515625,0.028818359375,0.006324869791666667,215,3048,17262,453,20.23897331347834,0.262294921875,877,656,172,49,2517,2085,4602,1208,624,527
28,frame_0045,C,1305031454.291639,0.048896484375,0.029306640625,0.006376953125,226,3015,18088,453,19.67060384608097,0.25572265625,991,682,236,73,2271,2331,4602,1340,660,603
29,frame_0046,C,1305031454.327699,0.048701171875,0.029827473958333333,0.006842447916666667,231,2813,19447,113,20.001932935478436,0.264140625,930,667,145,118,2157,2445,4602,1515,809,662
30,frame_0047,F,1305031454.359636,0.048004557291666666,0.030244140625,0.006722005208333334,244,2996,20159,0,21.88506901535036,0.26632486979166664,971,764,136,71,2057,2545,4602,1574,855,696
31,frame_0048,C,1305031454.391677,0.04893880208333334,0.03144856770833333,0.006748046875,244,3747,21457,0,21.586231013122095,0.27280598958333335,1029,770,150,109,1932,2670,4602,1641,727,877
32,frame_0049,C,1305031454.427465,0.050556640625,0.03327799479166667,0.007796223958333333,262,4609,24360,0,20.4604787576438,0.2724381510416667,1130,777,174,179,1675,2927,4602,1797,895,847
33,frame_0050,C,1305031454.459913,0.050657552083333335,0.034189453125,0.007369791666666667,258,4823,25055,0,19.869315776743875,0.26897786458333334,1178,809,164,205,1554,3048,4602,1870,785,1021
34,frame_0051,C,1305031454.491617,0.051181640625,0.033948567708333335,0.007809244791666667,267,4713,25646,0,19.897028117858135,0.2749153645833333,1153,798,152,203,1504,3098,4602,1945,747,1069
35,frame_0052,C,1305031454.5277,0.052884114583333336,0.034765625,0.008151041666666666,267,4507,26405,0,21.158678832071374,0.2661263020833333,1209,827,217,165,1274,3328,4602,2119,779,1127
36,frame_0053,F,1305031454.559575,0.05310872395833333,0.03392903645833333,0.00783203125,265,4495,26696,0,21.937546705861163,0.26636393229166666,1195,819,202,174,1169,3433,4602,2238,756,1036
37,frame_0054,C,1305031454.591635,0.05262369791666666,0.035146484375,0.008626302083333334,265,4417,26957,0,20.858032726596814,0.2724251302083333,1125,744,209,172,1188,3414,4602,2289,924,1085
38,frame_0055,C,1305031454.62758,0.05087890625,0.03619466145833333,0.008264973958333333,272,4443,27381,0,20.14686459500092,0.279130859375,1073,698,204,171,1124,3478,4602,2405,1075,1042
39,frame_0056,C,1305031454.659528,0.048121744791666664,0.03662109375,0.008792317708333334,263,4219,27292,0,19.491524735306342,0.26483723958333333,1005,590,251,164,1048,3554,4602,2549,1261,1019
40,frame_0057,C,1305031454.691884,0.04652018229166666,0.03525716145833333,0.007796223958333333,257,3821,26886,0,20.03138969939705,0.26171223958333334,928,570,225,133,1118,3484,4602,2556,1507,850
41,frame_0058,C,1305031454.727659,0.04421223958333333,0.034951171875,0.007620442708333334,251,3741,26595,0,22.361730650550413,0.250400390625,919,552,295,72,1107,3495,4602,2576,1839,700
42,frame_0059,F,1305031454.759732,0.0427734375,0.03460286458333333,0.006328125,243,3536,26298,0,21.95583869258631,0.252890625,895,544,342,9,1144,3458,4602,2563,1825,730
43,frame_0060,C,1305031454.791641,0.04184895833333333,0.0334375,0.0061328125,247,3427,26227,0,21.774861399482653,0.256103515625,873,527,331,15,1157,3445,4602,2572,1882,680
44,frame_0061,C,1305031454.82757,0.04122395833333333,0.03289388020833333,0.006080729166666667,240,3284,26232,0,22.659115068552822,0.2513151041666667,831,498,311,22,1190,3412,4602,2581,1603,937
45,frame_0062,C,1305031454.85962,0.041487630208333334,0.032985026041666664,0.0064095052083333335,239,3288,26369,0,22.676583268316687,0.2521614583333333,832,495,281,56,1156,3446,4602,2614,1608,924
46,frame_0063,C,1305031454.891764,0.04192708333333333,0.03281575520833333,0.006220703125,243,3192,26560,0,22.539434136863676,0.25433268229166667,830,517,273,40,1134,3468,4602,2638,1685,898
47,frame_0064,C,1305031454.927567,0.042428385416666665,0.031888020833333336,0.006090494791666666,241,3144,26616,0,22.604985839895008,0.258388671875,787,491,242,54,1197,3405,4602,2618,1488,1033
48,frame_0065,F,1305031454.959648,0.04265625,0.03208333333333333,0.00591796875,235,3180,26724,0,22.814759725965207,0.25189778645833333,814,576,221,17,1126,3476,4602,2662,1740,897
49,frame_0066,C,1305031454.991937,0.04248046875,0.031969401041666665,0.00529296875,236,3169,26827,0,21.178343110677794,0.25975911458333334,775,599,169,7,1171,3431,4602,2656,1886,761
50,frame_0067,C,1305031455.027799,0.04133138020833333,0.03177734375,0.005296223958333333,228,3166,26937,0,21.2917660723854,0.250849609375,708,553,147,8,1215,3387,4602,2679,1639,1028
51,frame_0068,C,1305031455.059636,0.041005859375,0.03163411458333333,0.005455729166666667,229,3023,27121,0,20.85904055813524,0.255634765625,708,570,135,3,1206,3396,4602,2688,1801,866
52,frame_0070,C,1305031455.127695,0.040651041666666665,0.03257486979166667,0.006057942708333333,227,2955,27330,0,22.357462840663423,0.2576985677083333,689,590,94,5,1237,3365,4602,2676,1749,909
53,frame_0071,C,1305031455.15972,0.041044921875,0.032587890625,0.005911458333333334,218,2902,27438,0,21.154754335498055,0.25365234375,647,559,77,11,1293,3309,4602,2662,1653,997
54,frame_0072,F,1305031455.191655,0.04109049479166667,0.03322265625,0.006048177083333333,223,2903,27542,0,22.426439256656195,0.2505859375,641,567,72,2,1299,3303,4602,2662,1602,1041
55,frame_0073,C,1305031455.227581,0.041451822916666665,0.033356119791666666,0.005286458333333333,223,2972,27693,0,21.322904283837403,0.2616796875,635,555,78,2,1323,3279,4602,2644,1588,1036
56,frame_0074,C,1305031455.259631,0.04170247395833333,0.033515625,0.006350911458333333,226,2993,27591,0,21.42014783165945,0.25015950520833335,592,497,54,41,1420,3182,4602,2590,1085,1293
57,frame_0075,C,1305031455.291831,0.041555989583333335,0.034856770833333335,0.006337890625,229,2949,27240,0,21.563790270748086,0.2503352864583333,596,519,60,17,1462,3140,4602,2544,1588,915
58,frame_0076,C,1305031455.327766,0.041178385416666664,0.03495768229166667,0.006162109375,219,2913,26876,0,20.477460093700422,0.2550390625,552,480,41,31,1526,3076,4602,2524,1282,1162
59,frame_0077,C,1305031455.35963,0.04020833333333333,0.036217447916666666,0.006702473958333333,214,1783,25277,0,20.475076539102695,0.25248046875,505,401,38,66,1603,2999,4602,2494,799,1169
60,frame_0079,F,1305031455.427642,0.036822916666666664,0.038424479166666664,0.005589192708333334,200,1663,22625,0,21.439267097706917,0.24660807291666667,491,463,14,14,1691,2911,4602,2420,1250,1077
61,frame_0080,C,1305031455.459589,0.036796875,0.039290364583333334,0.005048828125,201,1714,22372,0,20.671287078741866,0.2564290364583333,500,453,19,28,1738,2864,4602,2364,1432,895
62,frame_0081,C,1305031455.491637,0.03611328125,0.040556640625,0.00494140625,191,1782,21981,0,20.873316621935047,0.253984375,485,436,15,34,1766,2836,4602,2351,1500,785
63,frame_0082,C,1305031455.52761,0.036080729166666665,0.0409765625,0.005299479166666667,194,1935,22196,0,20.935652572129197,0.2505078125,531,461,37,33,1758,2844,4602,2313,1808,480
64,frame_0083,C,1305031455.559669,0.037682291666666666,0.042451171875,0.006438802083333334,194,2424,23154,0,20.80786742942088,0.245224609375,551,483,26,42,1725,2877,4602,2326,1774,510
65,frame_0084,C,1305031455.591645,0.03728841145833333,0.0424609375,0.006497395833333333,199,2577,22940,0,20.52898527810361,0.24180989583333334,542,463,26,53,1716,2886,4602,2344,1561,719
66,frame_0085,F,1305031455.627617,0.03707356770833333,0.04320638020833333,0.006028645833333333,201,2640,23447,0,21.447236749698675,0.24891927083333334,588,470,47,71,1702,2900,4602,2312,1844,449
67,frame_0086,C,1305031455.659615,0.03766927083333333,0.04479166666666667,0.0064908854166666665,214,3174,24695,0,21.629383076576246,0.243349609375,596,485,45,66,1670,2932,4602,2336,1819,485
68,frame_0087,C,1305031455.691605,0.03852864583333333,0.044833984375,0.005953776041666667,226,3278,24991,0,21.27793484260433,0.25010091145833335,619,530,40,49,1671,2931,4602,2312,1519,764
69,frame_0088,C,1305031455.727628,0.037994791666666666,0.04638997395833333,0.005875651041666667,222,3319,25180,0,20.98618148093703,0.2577083333333333,615,531,39,45,1702,2900,4602,2285,1317,954
70,frame_0089,C,1305031455.759683,0.038548177083333336,0.04666015625,0.005032552083333333,228,3435,25296,0,21.086095567362108,0.26761067708333336,614,521,58,35,1720,2882,4602,2268,1696,553
71,frame_0090,C,1305031455.791666,0.038033854166666665,0.047373046875,0.00638671875,234,3942,26019,0,22.088564704841648,0.25609375,619,520,58,41,1650,2952,4602,2333,1887,424
72,frame_0091,F,1305031455.82759,0.038287760416666664,0.048365885416666664,0.0061328125,234,4301,26124,0,22.389621590743186,0.260185546875,680,581,51,48,1627,2975,4602,2295,1755,510
73,frame_0092,C,1305031455.859526,0.03893229166666667,0.049140625,0.005934244791666667,237,4452,26177,0,21.326036407834167,0.265078125,682,579,65,38,1618,2984,4602,2302,1672,610
74,frame_0093,C,1305031455.891657,0.039111328125,0.05017578125,0.0054361979166666664,253,4712,26187,0,22.068671345585415,0.269990234375,697,574,79,44,1665,2937,4602,2240,1569,652
75,frame_0094,C,1305031455.927955,0.03924153645833333,0.051220703125,0.005530598958333333,245,4864,26193,0,22.28376936268254,0.27445638020833335,702,587,73,42,1692,2910,4602,2208,1426,762
76,frame_0095,C,1305031455.959716,0.039397786458333334,0.052272135416666664,0.0053092447916666665,255,4756,26154,0,22.348575721670535,0.274892578125,682,583,62,37,1696,2906,4602,2224,1176,1032
77,frame_0096,C,1305031455.991694,0.040296223958333335,0.05236328125,0.005042317708333333,248,4202,25577,0,22.555459231660834,0.27590494791666664,635,548,71,16,1795,2807,4602,2172,717,1393
78,frame_0097,F,1305031456.02777,0.041419270833333334,0.05384440104166666,0.006373697916666666,248,3101,23855,0,22.697294820239144,0.25443359375,657,497,100,60,1759,2843,4602,2186,474,1016
79,frame_0098,C,1305031456.059713,0.042425130208333335,0.05455403645833334,0.005852864583333333,248,2555,22415,0,22.39526907928365,0.2540234375,638,514,94,30,1774,2828,4602,2190,648,1241
80,frame_0099,C,1305031456.091707,0.042392578125,0.054661458333333336,0.0050227864583333335,242,2321,21751,0,22.187964638345292,0.2624641927083333,566,471,76,19,1914,2688,4602,2122,1059,1047
81,frame_0100,C,1305031456.127645,0.04259765625,0.05461263020833333,0.004720052083333333,251,2178,21669,0,22.03733010823143,0.26523763020833335,550,460,53,37,1957,2645,4602,2095,1156,924
82,frame_0101,C,1305031456.159731,0.04236328125,0.054983723958333335,0.00552734375,250,1855,21369,0,21.135652001329483,0.24841145833333333,647,462,63,122,1820,2782,4602,2135,1449,612
83,frame_0102,C,1305031456.191658,0.041875,0.05503580729166667,0.006233723958333334,248,1569,21565,0,21.116215205370832,0.24519856770833334,683,411,75,197,1767,2835,4602,2152,1343,697
84,frame_0103,F,1305031456.227678,0.041904296875,0.055615234375,0.005725911458333333,252,1241,21107,0,22.890026197550007,0.24735026041666666,697,486,79,132,1774,2828,4602,2131,753,1251
85,frame_0104,C,1305031456.259614,0.041839192708333334,0.05560546875,0.005836588541666667,245,1127,20829,0,22.128469144997837,0.24833658854166665,722,383,91,248,1806,2796,4602,2074,940,991
86,frame_0106,C,1305031456.327718,0.044280598958333334,0.05821940104166667,0.0054361979166666664,245,1187,21163,0,20.29917591605766,0.252861328125,821,417,150,254,1899,2703,4602,1882,1031,751
87,frame_0107,C,1305031456.359846,0.045530598958333335,0.059248046875,0.005462239583333334,244,1235,20655,0,21.687793970951866,0.26085286458333334,760,427,124,209,2048,2554,4602,1794,530,1128
88,frame_0109,C,1305031456.427662,0.048121744791666664,0.0622265625,0.0038248697916666665,244,2094,20526,261,20.221371730187453,0.27573567708333335,715,538,131,46,2273,2329,4602,1614,649,942
89,frame_0110,C,1305031456.45961,0.04758463541666667,0.06322916666666667,0.0042578125,242,1766,19588,274,21.55076794092432,0.2820963541666667,698,531,104,63,2327,2275,4602,1577,261,1239
90,frame_0112,F,1305031456.527641,0.045247395833333336,0.06256510416666666,0.00455078125,233,1025,18011,99,23.705418874225703,0.2648828125,727,621,62,44,2293,2309,4602,1582,332,1204
91,frame_0113,C,1305031456.559608,0.046318359375,0.06296223958333333,0.0040234375,230,1129,17989,94,20.562036693155555,0.26446614583333333,735,590,94,51,2301,2301,4602,1566,594,947
92,frame_0115,C,1305031456.627612,0.046614583333333334,0.06442057291666667,0.005735677083333333,215,774,15436,167,21.47788626448405,0.241923828125,680,468,50,162,2524,2078,4602,1398,214,674
93,frame_0116,C,1305031456.659665,0.04638020833333333,0.06512369791666667,0.004267578125,208,798,14990,230,21.942086301363947,0.23290690104166667,719,586,79,54,2529,2073,4602,1354,450,874
94,frame_0118,C,1305031456.727693,0.04726236979166667,0.06355143229166667,0.004775390625,201,652,14468,159,22.060871036018867,0.223076171875,727,586,36,105,2529,2073,4602,1346,211,997
95,frame_0119,C,1305031456.759615,0.048125,0.06390299479166667,0.004638671875,202,550,14654,26,18.909099888032124,0.2225,697,538,46,113,2517,2085,4602,1388,707,614
96,frame_0121,F,1305031456.827603,0.05175455729166667,0.06254231770833334,0.004720052083333333,207,534,14933,0,24.37968149041175,0.21926432291666667,727,620,22,85,2518,2084,4602,1357,192,1092
97,frame_0122,C,1305031456.859634,0.05234375,0.061279296875,0.0044140625,202,461,14490,0,22.53875326303151,0.22156575520833333,662,577,29,56,2597,2005,4602,1343,256,1053
98,frame_0124,C,1305031456.92769,0.05490234375,0.061279296875,0.003583984375,205,508,14171,0,20.154825818549106,0.21712565104166667,706,631,39,36,2674,1928,4602,1222,326,872
99,frame_0126,C,1305031456.991709,0.055478515625,0.061015625,0.0038053385416666665,193,488,12549,0,20.995306138827175,0.21217447916666668,734,619,77,38,2738,1864,4602,1130,349,755
100,frame_0127,C,1305031457.027648,0.056448567708333335,0.06182942708333333,0.0034700520833333332,188,500,12349,0,22.101876441772816,0.21432291666666667,713,604,54,55,2764,1838,4602,1125,332,764
101,frame_0128,C,1305031457.059621,0.05737955729166667,0.061376953125,0.004313151041666667,185,443,12048,0,23.276424615420623,0.20086263020833334,764,581,58,125,2787,1815,4602,1051,245,693
102,frame_0130,F,1305031457.127632,0.058678385416666666,0.061376953125,0.0030891927083333335,181,390,11639,0,22.17775655423834,0.20762369791666666,750,654,78,18,2884,1718,4602,968,615,347
103,frame_0132,C,1305031457.191735,0.05987955729166667,0.060615234375,0.003310546875,184,422,11463,0,22.56945177140684,0.20686197916666665,769,650,101,18,2877,1725,4602,956,648,303
104,frame_0133,C,1305031457.227543,0.06043294270833333,0.05994791666666666,0.003128255208333333,187,419,11305,0,21.913939145715773,0.20302408854166668,771,633,125,13,2894,1708,4602,937,672,256
105,frame_0134,C,1305031457.259691,0.059124348958333336,0.060504557291666664,0.0038216145833333335,184,381,11498,0,19.743516018430523,0.19783854166666667,726,545,171,10,2898,1704,4602,978,766,203
106,frame_0136,C,1305031457.327548,0.055556640625,0.061474609375,0.0037858072916666665,189,337,11281,0,21.28097396048746,0.201689453125,668,565,92,11,2950,1652,4602,984,694,277
107,frame_0137,C,1305031457.359712,0.05523763020833333,0.0627734375,0.0037369791666666667,180,275,11187,0,20.77476063383847,0.19747395833333334,714,531,175,8,2896,1706,4602,992,716,263
108,frame_0139,F,1305031457.427641,0.053277994791666665,0.063828125,0.003134765625,187,286,11533,0,20.817241304551185,0.21004557291666667,718,530,175,13,2868,1734,4602,1016,791,220
109,frame_0140,C,1305031457.459614,0.05213541666666666,0.064287109375,0.0036783854166666666,181,273,11719,0,20.178028877505305,0.21244140625,697,502,176,19,2847,1755,4602,1058,827,219
110,frame_0142,C,1305031457.527638,0.052649739583333334,0.06511067708333333,0.003893229166666667,182,423,12563,30,19.827371405736503,0.2107421875,719,526,186,7,2776,1826,4602,1107,856,239
111,frame_0144,C,1305031457.591678,0.0517578125,0.06618815104166667,0.0037109375,195,506,13186,106,19.992045966113437,0.21798828125,719,534,183,2,2778,1824,4602,1105,851,241
112,frame_0145,C,1305031457.627526,0.052578125,0.06549479166666666,0.004036458333333334,201,621,13688,140,19.92927853471646,0.21975260416666667,737,548,177,12,2718,1884,4602,1147,842,280
113,frame_0146,C,1305031457.659632,0.051839192708333336,0.06511393229166666,0.00369140625,205,636,13902,140,19.296271054774145,0.22571940104166666,742,517,192,33,2728,1874,4602,1132,618,491
114,frame_0148,F,1305031457.727669,0.051285807291666666,0.06687174479166667,0.004501953125,201,598,14045,138,19.968733485791365,0.21883138020833334,709,533,162,14,2662,1940,4602,1231,903,310
115,frame_0149,C,1305031457.759556,0.05140625,0.0670703125,0.0045735677083333336,207,765,14475,200,19.520310620143206,0.215439453125,733,533,185,15,2575,2027,4602,1294,909,361
116,frame_0150,C,1305031457.791567,0.052041015625,0.069306640625,0.005361328125,217,1113,15140,198,18.301158459436042,0.21658203125,792,550,229,13,2469,2133,4602,1341,947,366
117,frame_0151,C,1305031457.827699,0.051494140625,0.07098958333333333,0.00453125,222,1235,15121,191,18.177500103483773,0.22456705729166668,846,568,265,13,2437,2165,4602,1319,901,390
118,frame_0152,C,1305031457.859623,0.050869140625,0.07076171875,0.005006510416666667,219,1285,15061,184,18.93797191550845,0.22919921875,949,554,330,65,2335,2267,4602,1318,889,393
119,frame_0153,C,1305031457.891593,0.050579427083333336,0.07097981770833334,0.006471354166666667,226,1377,15213,186,18.04148082675448,0.22731119791666668,1007,546,401,60,2236,2366,4602,1359,882,430
120,frame_0154,F,1305031457.927633,0.05152018229166667,0.070634765625,0.006051432291666666,228,2063,16102,177,18.645221282679664,0.23442708333333334,986,528,399,59,2221,2381,4602,1395,852,493
121,frame_0156,C,1305031457.991644,0.05104817708333333,0.07198893229166667,0.005325520833333333,232,2658,16799,173,18.735300253009783,0.243857421875,993,563,363,67,2211,2391,4602,1398,784,571
122,frame_0157,C,1305031458.027845,0.04875,0.072939453125,0.00587890625,228,2923,16715,171,18.106519072755777,0.24591471354166666,973,494,424,55,2225,2377,4602,1404,831,527
123,frame_0159,C,1305031458.09169,0.04869791666666667,0.07233723958333334,0.004990234375,232,2918,16537,171,18.729871674953905,0.2600455729166667,950,623,279,48,2283,2319,4602,1369,619,722
124,frame_0160,C,1305031458.127605,0.049397786458333336,0.07266276041666667,0.00505859375,234,2913,16500,173,18.67879979776881,0.27294596354166667,891,588,256,47,2338,2264,4602,1373,620,717
125,frame_0162,C,1305031458.191646,0.05011393229166667,0.06936848958333333,0.00515625,232,2989,16670,160,18.942253898298908,0.26059895833333335,931,612,247,72,2255,2347,4602,1416,567,789
126,frame_0163,F,1305031458.227611,0.050690104166666666,0.06720052083333333,0.0057584635416666665,236,2888,17110,167,18.97239770631811,0.24306315104166668,890,621,119,150,2111,2491,4602,1601,561,880
127,frame_0165,C,1305031458.291664,0.052841796875,0.06570638020833333,0.005654296875,227,3039,17807,166,18.953084059798428,0.242958984375,937,447,355,135,2056,2546,4602,1609,815,688
128,frame_0166,C,1305031458.327628,0.0547265625,0.06473307291666666,0.006341145833333333,223,3041,18056,137,18.501059489060914,0.24360677083333335,965,531,291,143,1896,2706,4602,1741,764,860
129,frame_0168,C,1305031458.391626,0.05082682291666667,0.05984700520833333,0.0061686197916666664,220,3051,17571,46,19.62903899274059,0.23722981770833335,923,369,427,127,1990,2612,4602,1689,911,708
130,frame_0169,C,1305031458.427598,0.047320963541666664,0.056279296875,0.005413411458333333,208,3016,16887,29,19.560842339266376,0.2610904947916667,802,388,326,88,2279,2323,4602,1521,871,627
131,frame_0171,C,1305031458.491696,0.04499674479166667,0.05105794270833333,0.006995442708333333,195,3090,15319,0,18.605633778351873,0.256298828125,781,266,426,89,2437,2165,4602,1384,896,453
132,frame_0172,F,1305031458.527737,0.04350260416666667,0.04980143229166667,0.005602213541666666,193,3017,14615,5,21.99828415498783,0.27844401041666667,736,452,216,68,2696,1906,4602,1170,718,444
133,frame_0174,C,1305031458.591641,0.039986979166666665,0.053902994791666665,0.005540364583333333,181,2953,13380,25,18.539193465061544,0.2839225260416667,705,425,187,93,2763,1839,4602,1134,734,389
134,frame_0175,C,1305031458.627659,0.039033203125,0.05213216145833333,0.006110026041666667,191,2872,13068,26,16.15247023410355,0.28307942708333333,706,230,125,351,2743,1859,4602,1153,624,345
135,frame_0177,C,1305031458.691674,0.03978841145833333,0.049453125,0.006956380208333333,190,2850,13312,48,17.089993654680978,0.26705078125,673,178,134,361,2727,1875,4602,1202,543,366
136,frame_0178,C,1305031458.72765,0.038212890625,0.04603841145833333,0.006201171875,174,2845,13106,36,18.456742864359313,0.26943033854166665,630,295,231,104,2983,1619,4602,989,494,401
137,frame_0179,C,1305031458.759945,0.03703776041666667,0.043821614583333335,0.006761067708333333,165,2843,12456,24,18.864777368054348,0.270517578125,633,217,201,215,3050,1552,4602,919,346,441
138,frame_0181,F,1305031458.827564,0.038938802083333335,0.04262369791666667,0.005133463541666667,158,2821,11340,44,21.960274251068526,0.27811848958333335,582,343,166,73,3159,1443,4602,861,421,408
139,frame_0182,C,1305031458.859887,0.037607421875,0.042861328125,0.00462890625,156,2867,10901,76,21.616271286303977,0.28302408854166666,588,297,244,47,3202,1400,4602,812,456,343
140,frame_0184,C,1305031458.927621,0.03759765625,0.04255533854166667,0.004899088541666667,153,2862,10982,80,19.292714630457734,0.28167643229166667,597,255,122,220,3234,1368,4602,771,343,394
141,frame_0186,C,1305031458.991647,0.039287109375,0.04247721354166667,0.005166015625,153,2919,11080,92,20.692176644467565,0.27984049479166667,639,357,208,74,3166,1436,4602,797,454,335
142,frame_0187,C,1305031459.027665,0.03666015625,0.04063151041666667,0.004951171875,157,2973,10615,89,20.927074322787572,0.28442057291666667,579,159,325,95,3200,1402,4602,823,569,227
143,frame_0188,C,1305031459.059631,0.034899088541666665,0.0406640625,0.005393880208333333,147,3003,10039,84,20.63523951971615,0.27736328125,586,191,290,105,3358,1244,4602,658,428,192
144,frame_0190,F,1305031459.127618,0.03259765625,0.03626302083333333,0.006051432291666666,117,3236,8529,0,21.627859014110655,0.2629264322916667,490,139,228,123,3542,1060,4602,570,390,128
145,frame_0191,C,1305031459.159639,0.03757486979166667,0.03472981770833333,0.0061328125,112,3644,8862,0,21.43265457250015,0.2508723958333333,569,201,216,152,3498,1104,4602,535,328,170
146,frame_0192,C,1305031459.191674,0.03933919270833333,0.034912109375,0.006442057291666667,106,4084,9094,0,19.435050465030525,0.26224934895833335,593,297,182,114,3481,1121,4602,528,329,171
147,frame_0193,C,1305031459.227607,0.038531901041666664,0.03351236979166667,0.005257161458333334,105,4361,9166,0,18.876450285724463,0.30094075520833335,612,305,164,143,3602,1000,4602,388,220,167
148,frame_0194,C,1305031459.25976,0.039641927083333334,0.03288736979166667,0.004563802083333333,106,4458,9103,0,17.64536868960358,0.3163932291666667,585,297,184,104,3655,947,4602,362,195,163
149,frame_0196,C,1305031459.327632,0.04099283854166667,0.034410807291666665,0.005559895833333333,108,3699,8360,0,18.848310574702882,0.30346354166666667,563,275,159,129,3674,928,4602,365,173,185
150,frame_0197,F,1305031459.359651,0.03886393229166667,0.03673177083333334,0.004622395833333333,121,3380,8367,0,20.612533085543568,0.298134765625,481,288,121,72,3754,848,4602,367,224,143
151,frame_0198,C,1305031459.391667,0.03380859375,0.03916341145833333,0.005537109375,129,3155,8764,113,16.140169573162922,0.3026888020833333,505,66,48,391,3581,1021,4602,516,103,229
152,frame_0199,C,1305031459.427646,0.03303059895833333,0.04080729166666667,0.005830078125,143,3019,9636,132,15.595996075773952,0.29322916666666665,580,127,85,368,3381,1221,4602,641,223,196
153,frame_0200,C,1305031459.459679,0.037965494791666665,0.043307291666666664,0.0047819010416666665,155,2929,10653,111,17.87562566035716,0.3025032552083333,520,177,71,272,3432,1170,4602,650,243,227
154,frame_0202,C,1305031459.527594,0.053411458333333335,0.042607421875,0.006106770833333333,178,2560,12640,102,16.821436526451766,0.28806640625,500,180,83,237,3193,1409,4602,909,466,295
155,frame_0204,C,1305031459.591695,0.059417317708333334,0.042119140625,0.0047786458333333335,182,2408,13263,93,18.687944430411832,0.31371744791666667,492,203,155,134,3125,1477,4602,985,588,292
156,frame_0205,F,1305031459.627608,0.058466796875,0.041650390625,0.004508463541666666,188,2323,13339,99,20.905923257316633,0.31953125,527,250,179,98,3087,1515,4602,988,616,279
157,frame_0206,C,1305031459.659641,0.059449869791666665,0.04090494791666666,0.0038444010416666665,191,2208,13477,93,20.095296526075614,0.3252669270833333,469,237,120,112,3090,1512,4602,1043,726,275
158,frame_0208,C,1305031459.727551,0.0616015625,0.03933919270833333,0.003232421875,193,2013,14151,86,18.998468598364727,0.338203125,500,217,251,32,3000,1602,4602,1102,903,188
159,frame_0210,C,1305031459.79165,0.0576171875,0.03771484375,0.0037662760416666665,191,1981,13925,77,20.01582093327544,0.33702473958333334,463,188,225,50,3063,1539,4602,1076,845,208
160,frame_0211,C,1305031459.827664,0.0548828125,0.038359375,0.0036588541666666666,185,2061,13659,48,19.37265750826712,0.33564453125,478,215,191,72,3071,1531,4602,1053,785,222
161,frame_0212,C,1305031459.85966,0.053056640625,0.038818359375,0.0033626302083333334,186,2060,13436,39,21.456824708591228,0.331015625,448,190,156,102,3179,1423,4602,975,691,220
162,frame_0213,F,1305031459.891596,0.05302408854166667,0.038505859375,0.003798828125,179,2112,13191,0,21.096767658011224,0.321806640625,530,245,194,91,3183,1419,4602,889,616,207
163,frame_0214,C,1305031459.927607,0.049358723958333336,0.038193359375,0.0035416666666666665,176,2275,12806,0,20.68502667031715,0.31500651041666666,557,297,195,65,3211,1391,4602,834,628,181
164,frame_0216,C,1305031459.991725,0.049248046875,0.038834635416666666,0.0033561197916666665,171,2325,12105,0,21.45882377480893,0.3049544270833333,571,310,172,89,3245,1357,4602,786,585,171
165,frame_0217,C,1305031460.027565,0.04694661458333333,0.038697916666666665,0.0029134114583333334,170,2367,11905,0,21.071587935231733,0.308310546875,560,275,223,62,3281,1321,4602,761,610,145
166,frame_0218,C,1305031460.059659,0.04625325520833334,0.03816080729166667,0.00291015625,170,2387,11674,16,21.288397206272343,0.3021875,531,257,223,51,3290,1312,4602,781,647,129
167,frame_0219,C,1305031460.091717,0.047210286458333334,0.03765625,0.0028580729166666667,168,2374,11262,13,22.205363304063134,0.2989225260416667,558,273,249,36,3333,1269,4602,711,577,134
168,frame_0220,F,1305031460.12769,0.048108723958333335,0.0366796875,0.0036263020833333334,166,2490,11014,6,22.441461959182647,0.2844010416666667,499,214,238,47,3465,1137,4602,638,519,110
169,frame_0221,C,1305031460.159678,0.050553385416666666,0.03693033854166667,0.003424479166666667,164,2611,10991,0,21.82257149274911,0.28043294270833335,455,192,212,51,3587,1015,4602,560,448,103
170,frame_0222,C,1305031460.191559,0.050198567708333336,0.037884114583333336,0.0031901041666666666,162,2722,10648,0,21.344096685338837,0.277734375,492,267,133,92,3581,1021,4602,529,375,138
171,frame_0223,C,1305031460.227761,0.0475390625,0.0384375,0.0025227864583333335,161,2695,10415,0,19.759882981415966,0.28994140625,437,250,152,35,3746,856,4602,419,342,77
172,frame_0225,C,1305031460.291689,0.04416015625,0.038518880208333335,0.002395833333333333,158,2517,10485,36,17.574547742345928,0.288701171875,440,230,153,57,3700,902,4602,462,361,98
173,frame_0226,C,1305031460.327512,0.044417317708333334,0.03822591145833333,0.0025846354166666665,161,2468,10396,38,20.99219596334666,0.29660481770833336,506,265,174,67,3603,999,4602,493,367,123
174,frame_0228,F,1305031460.391611,0.04272135416666667,0.039602864583333335,0.0028092447916666665,165,2401,10531,22,21.729399512359123,0.296787109375,523,312,132,79,3590,1012,4602,489,362,123
175,frame_0229,C,1305031460.427477,0.04272135416666667,0.04027669270833333,0.002890625,168,2311,10790,24,21.419823303585645,0.304677734375,436,269,94,73,3589,1013,4602,577,446,126
176,frame_0231,C,1305031460.491504,0.04761393229166667,0.041663411458333334,0.003583984375,181,2169,11518,18,21.261504951749753,0.30377604166666666,501,248,74,179,3481,1121,4602,620,396,194
177,frame_0232,C,1305031460.52757,0.05043294270833333,0.04205078125,0.003411458333333333,186,2037,11598,18,21.28128979736072,0.30520182291666664,497,273,71,153,3403,1199,4602,702,469,162
178,frame_0234,C,1305031460.591855,0.05345703125,0.043779296875,0.002998046875,194,1855,12225,23,23.009859207706526,0.312998046875,508,325,113,70,3340,1262,4602,754,620,122
179,frame_0235,C,1305031460.627625,0.053753255208333336,0.045152994791666665,0.0028125,189,1735,12762,34,22.741567399936997,0.317197265625,487,335,108,44,3359,1243,4602,756,624,121
180,frame_0236,F,1305031460.659764,0.05438151041666667,0.04552083333333334,0.003199869791666667,186,1739,12763,35,23.79404634970267,0.321083984375,480,330,122,28,3369,1233,4602,753,640,111
181,frame_0237,C,1305031460.691671,0.053557942708333334,0.04621419270833333,0.0027571614583333333,186,1633,12709,31,22.70480799277392,0.34076822916666666,430,306,104,20,3410,1192,4602,762,655,103
182,frame_0238,C,1305031460.727675,0.054482421875,0.044475911458333336,0.0025227864583333335,188,1585,12462,37,23.286443107263697,0.3409114583333333,411,253,111,47,3468,1134,4602,723,597,108
183,frame_0239,C,1305031460.759667,0.053232421875,0.04426432291666667,0.002486979166666667,191,1585,12483,32,22.750003717531992,0.338310546875,416,297,97,22,3441,1161,4602,745,659,84
184,frame_0240,C,1305031460.79166,0.05352864583333333,0.04384440104166667,0.0026627604166666666,187,1581,12248,21,22.637988564869747,0.34429361979166667,391,278,95,18,3460,1142,4602,751,645,101
185,frame_0241,C,1305031460.82766,0.052734375,0.0438671875,0.0027701822916666665,186,1541,11927,25,23.050701210696623,0.33333658854166665,368,232,83,53,3492,1110,4602,742,618,118
186,frame_0243,F,1305031460.891774,0.05249348958333333,0.04264973958333333,0.002578125,180,1254,11547,0,23.08217525951815,0.336767578125,356,257,73,26,3538,1064,4602,708,602,103
187,frame_0244,C,1305031460.927562,0.05149088541666667,0.04223307291666667,0.0022493489583333332,178,1166,11311,0,22.560046289622182,0.3430989583333333,326,214,88,24,3606,996,4602,670,535,114
188,frame_0246,C,1305031460.991668,0.04732747395833333,0.041416015625,0.0022395833333333334,174,1176,10900,0,21.840133770434118,0.33284830729166665,312,216,79,17,3621,981,4602,669,602,62
189,frame_0247,C,1305031461.02762,0.044938151041666666,0.041171875,0.0032063802083333332,164,1165,10723,0,20.882155923792492,0.32430338541666665,285,184,78,23,3688,914,4602,629,578,42
190,frame_0249,C,1305031461.091728,0.042288411458333335,0.041276041666666666,0.0031575520833333334,162,1207,9997,0,20.77116803251185,0.3331803385416667,273,175,70,28,3698,904,4602,631,528,89
191,frame_0250,C,1305031461.127586,0.04080078125,0.04179361979166667,0.002916666666666667,160,1262,9667,0,20.840466673276353,0.33544270833333334,274,184,58,32,3740,862,4602,588,530,50
192,frame_0251,F,1305031461.15972,0.04042643229166667,0.041380208333333335,0.002998046875,159,1367,9546,39,21.216153901698256,0.33801106770833333,291,177,82,32,3746,856,4602,565,503,55
193,frame_0252,C,1305031461.192013,0.039521484375,0.04224609375,0.0032454427083333333,160,1494,9327,50,21.914131145299457,0.332880859375,306,179,96,31,3768,834,4602,528,473,46
194,frame_0253,C,1305031461.227607,0.03874348958333333,0.04304361979166667,0.0031022135416666667,162,1514,9188,43,21.29913865560937,0.353798828125,294,184,81,29,3783,819,4602,525,486,36
195,frame_0254,C,1305031461.259642,0.035768229166666665,0.043118489583333336,0.0027897135416666665,156,1574,9382,48,19.731242092758706,0.3548990885416667,294,167,86,41,3803,799,4602,505,471,33
196,frame_0255,C,1305031461.291656,0.03429036458333334,0.043720703125,0.0036783854166666666,150,1561,9239,52,21.364001140748524,0.3465657552083333,310,166,105,39,3783,819,4602,509,460,28
197,frame_0256,C,1305031461.327751,0.03391276041666667,0.04352213541666667,0.0031119791666666665,154,1605,9200,53,21.976700601507645,0.35375,291,182,82,27,3840,762,4602,471,431,29
198,frame_0257,F,1305031461.359709,0.03331705729166667,0.043232421875,0.0028157552083333333,156,1518,9073,76,20.971867576285778,0.372939453125,229,160,55,14,3922,680,4602,451,409,41
199,frame_0258,C,1305031461.391708,0.033186848958333334,0.04282552083333333,0.0034212239583333334,154,1441,8641,76,20.786141896644516,0.359599609375,238,126,45,67,3911,691,4602,453,387,50
200,frame_0259,C,1305031461.427624,0.03284830729166666,0.04352864583333333,0.0026529947916666668,153,1406,8724,60,21.10426115718587,0.36913411458333334,232,179,43,10,3926,676,4602,444,405,31
201,frame_0260,C,1305031461.459781,0.0315625,0.04296875,0.0025455729166666665,157,1210,8321,0,19.920049845732557,0.3827180989583333,199,135,45,19,3977,625,4602,426,367,42
202,frame_0261,C,1305031461.491677,0.03190755208333333,0.04343424479166667,0.0032096354166666666,152,1228,8373,42,20.38396313811637,0.36730794270833333,234,148,61,25,3940,662,4602,428,381,38
203,frame_0262,C,1305031461.527705,0.032376302083333336,0.04392578125,0.0028873697916666666,153,1392,8671,62,20.382134656217342,0.3676529947916667,234,134,79,21,3928,674,4602,440,401,31
204,frame_0263,F,1305031461.559677,0.032659505208333335,0.044326171875,0.0026692708333333334,156,1319,8657,58,22.19825896735823,0.38972330729166665,229,155,63,11,3945,657,4602,428,389,31
205,frame_0264,C,1305031461.59169,0.035113932291666664,0.04552408854166667,0.002890625,162,1314,9009,49,22.71212751049896,0.37739908854166665,223,127,76,20,3920,682,4602,459,423,30
206,frame_0265,C,1305031461.627541,0.03537760416666667,0.044736328125,0.0030208333333333333,158,1207,9268,50,22.4382469674386,0.38628255208333334,204,111,56,37,3973,629,4602,425,371,46
207,frame_0266,C,1305031461.659622,0.0366015625,0.04419596354166667,0.00333984375,168,1177,9551,53,23.125590402607145,0.38671223958333334,222,126,60,36,3902,700,4602,478,398,66
208,frame_0267,C,1305031461.691563,0.036513671875,0.04359375,0.0032421875,168,1125,9636,56,22.62714351880726,0.389658203125,198,100,61,37,3878,724,4602,526,409,88
209,frame_0268,C,1305031461.727602,0.035345052083333335,0.042942708333333336,0.00392578125,163,1042,9675,74,22.306359715319157,0.3951953125,201,105,44,52,3895,707,4602,506,335,123
210,frame_0269,F,1305031461.759684,0.03596028645833333,0.04201497395833333,0.0035677083333333333,162,1017,9735,58,24.322319370254082,0.39889322916666664,211,123,43,45,3886,716,4602,505,389,93
211,frame_0270,C,1305031461.791612,0.03611002604166667,0.041448567708333335,0.00400390625,150,871,9761,0,23.4109737223241,0.3886848958333333,237,122,52,63,3817,785,4602,548,364,135
212,frame_0271,C,1305031461.827615,0.03788736979166667,0.039853515625,0.004309895833333333,157,833,10493,0,22.692896103670627,0.38385416666666666,268,152,69,47,3779,823,4602,555,400,123
213,frame_0272,C,1305031461.859767,0.035498046875,0.03864583333333333,0.004195963541666667,150,706,10479,0,20.669203910288342,0.38244466145833333,308,160,86,62,3626,976,4602,668,476,145
214,frame_0273,C,1305031461.891723,0.03527018229166667,0.038330078125,0.004381510416666666,156,634,10375,0,20.499698987675274,0.37573567708333333,288,136,51,101,3597,1005,4602,717,404,177
215,frame_0274,C,1305031461.927758,0.03859700520833333,0.038177083333333334,0.00474609375,166,665,10490,0,22.73509938401304,0.3608626302083333,277,115,59,103,3607,995,4602,718,428,115
216,frame_0275,F,1305031461.959703,0.042919921875,0.039140625,0.0044921875,172,613,10926,0,24.40600889790367,0.34124348958333334,284,170,71,43,3523,1079,4602,795,523,187
217,frame_0276,C,1305031461.99159,0.047255859375,0.040436197916666666,0.004130859375,184,576,10992,0,19.56990193774203,0.33669921875,290,124,73,93,3587,1015,4602,725,397,176
218,frame_0277,C,1305031462.027675,0.049371744791666665,0.04095052083333333,0.0040494791666666665,170,613,10711,0,19.64156829803852,0.31907552083333335,309,140,70,99,3741,861,4602,552,218,99
219,frame_0278,C,1305031462.059837,0.05217447916666667,0.039156901041666664,0.00361328125,154,624,8923,0,19.972787970238535,0.30228515625,301,170,54,77,3776,826,4602,525,206,98
220,frame_0279,C,1305031462.091777,0.05416015625,0.038902994791666666,0.0028776041666666668,139,668,7543,0,20.762761939959802,0.29466796875,295,170,66,59,3815,787,4602,492,220,96
221,frame_0280,C,1305031462.127739,0.057874348958333335,0.03772786458333333,0.002679036458333333,130,631,7316,0,23.297248424899394,0.28441731770833334,302,171,65,66,3805,797,4602,495,238,92
222,frame_0281,F,1305031462.159646,0.060791015625,0.03767252604166667,0.0019856770833333332,132,620,7460,0,25.186806355990118,0.27509114583333333,347,200,75,72,3800,802,4602,455,250,117
223,frame_0282,C,1305031462.191641,0.06505208333333333,0.03686848958333333,0.0017415364583333334,134,647,7593,0,25.130840288479416,0.2684244791666667,374,249,112,13,3792,810,4602,436,342,74
224,frame_0283,C,1305031462.227633,0.068828125,0.036181640625,0.001884765625,125,685,7788,0,24.922241083655216,0.25818359375,418,289,105,24,3762,840,4602,422,287,96
225,frame_0284,C,1305031462.259765,0.07267903645833333,0.035439453125,0.001494140625,128,737,7887,0,23.7625333732083,0.24776692708333334,420,281,110,29,3802,800,4602,380,251,96
226,frame_0285,C,1305031462.291629,0.075927734375,0.03430989583333333,0.00166015625,126,832,7810,0,23.203125478696535,0.23341145833333332,459,312,122,25,3828,774,4602,315,198,97
227,frame_0286,C,1305031462.32754,0.07966145833333334,0.033567708333333335,0.0013411458333333333,128,817,7869,0,23.712082382459883,0.22180989583333333,455,320,107,28,3823,779,4602,324,209,93
228,frame_0287,F,1305031462.359732,0.08410807291666667,0.032526041666666665,0.001240234375,126,863,7820,0,23.499436137308653,0.21900390625,487,373,88,26,3822,780,4602,293,196,92
229,frame_0288,C,1305031462.391695,0.08854817708333333,0.030725911458333335,0.0013216145833333333,125,972,7291,0,23.12515283763648,0.21013346354166668,487,367,110,10,3831,771,4602,284,176,99
230,frame_0289,C,1305031462.427635,0.08771809895833334,0.029134114583333332,0.001279296875,107,995,6524,0,21.891008365467563,0.20610677083333334,489,361,124,4,3853,749,4602,260,158,94
231,frame_0290,C,1305031462.459897,0.08857421875,0.02739908854166667,0.0010677083333333333,89,969,5882,0,21.68241766525515,0.202548828125,472,355,108,9,3871,731,4602,259,160,97
232,frame_0291,C,1305031462.492008,0.09046223958333334,0.026204427083333332,0.0009537760416666667,89,996,5641,0,22.731463289108447,0.19469075520833334,465,350,112,3,3903,699,4602,234,138,94
233,frame_0292,C,1305031462.52767,0.08982747395833333,0.025475260416666666,0.0009733072916666667,84,1031,5367,0,23.129703305745373,0.19377278645833335,463,322,136,5,3923,679,4602,216,135,81
234,frame_0293,F,1305031462.559862,0.09079427083333333,0.024111328125,0.0007649739583333333,83,1046,5265,0,25.949827441004786,0.19861002604166667,426,291,130,5,3927,675,4602,249,182,67
235,frame_0294,C,1305031462.591862,0.09215494791666666,0.023876953125,0.00033203125,84,1051,5308,0,24.797852398274646,0.20204427083333334,430,259,165,6,3928,674,4602,244,187,57
236,frame_0295,C,1305031462.627851,0.09487630208333334,0.024264322916666668,0.000234375,86,1118,5453,0,24.985426965022995,0.21199544270833334,425,253,170,2,3921,681,4602,256,203,53
237,frame_0296,C,1305031462.65966,0.09337239583333333,0.024697265625,0.000146484375,89,1116,5601,0,23.982524243630667,0.2178125,439,244,190,5,3901,701,4602,262,218,44
238,frame_0297,C,1305031462.692548,0.093056640625,0.02455078125,3.2552083333333335e-06,86,1181,5606,0,24.892004486308522,0.222568359375,451,237,212,2,3883,719,4602,268,241,27
239,frame_0298,C,1305031462.727652,0.09631184895833333,0.024651692708333332,0.0004166666666666667,88,1258,5705,0,25.430244810673628,0.21987955729166667,463,245,216,2,3851,751,4602,288,244,44
240,frame_0299,F,1305031462.759782,0.09982096354166667,0.024417317708333334,0.0007161458333333333,90,1309,5834,0,26.56367263988797,0.21918294270833333,471,232,227,12,3823,779,4602,308,253,54
241,frame_0300,C,1305031462.791943,0.10070963541666667,0.023974609375,0.0006022135416666667,85,1325,5888,0,25.80255524117561,0.223193359375,489,220,245,24,3815,787,4602,298,243,54
242,frame_0301,C,1305031462.827816,0.101328125,0.023033854166666666,0.000634765625,88,1354,5932,0,24.819008603942784,0.221669921875,454,213,222,19,3798,804,4602,350,291,58
243,frame_0302,C,1305031462.859782,0.096943359375,0.022571614583333333,0.0006966145833333334,88,1318,6032,0,24.652554654087382,0.221494140625,410,196,190,24,3804,798,4602,388,315,73
244,frame_0303,C,1305031462.891847,0.09752604166666666,0.022565104166666666,0.0005501302083333334,87,1325,6225,0,24.500915768495283,0.22282552083333335,422,194,205,23,3818,784,4602,362,307,55
245,frame_0304,C,1305031462.927607,0.096435546875,0.022639973958333334,0.0003352864583333333,94,1301,6373,0,25.29803109637452,0.22039713541666667,416,167,226,23,3807,795,4602,379,326,53
246,frame_0305,F,1305031462.959676,0.09686848958333333,0.021956380208333334,0.0002766927083333333,96,1229,6442,0,26.50732880319833,0.218740234375,411,172,226,13,3782,820,4602,409,369,38
247,frame_0306,C,1305031462.99555,0.09411458333333333,0.022796223958333334,0.00028645833333333333,99,1206,6576,0,23.592894484417304,0.21801106770833334,419,142,259,18,3782,820,4602,401,375,24
248,frame_0307,C,1305031463.027667,0.092138671875,0.022236328125,0.00032877604166666667,102,1185,6784,0,23.77790566385294,0.21793294270833333,434,121,293,20,3737,865,4602,431,397,32
249,frame_0308,C,1305031463.05981,0.09030924479166667,0.022184244791666665,0.000380859375,104,1195,6931,0,24.782086159727378,0.21993489583333334,417,136,270,11,3704,898,4602,481,460,19
250,frame_0309,C,1305031463.095809,0.08989908854166667,0.02244140625,0.000380859375,109,1202,7219,0,24.27874454167469,0.21939453125,417,163,238,16,3690,912,4602,495,464,31
251,frame_0310,C,1305031463.12755,0.09082356770833333,0.022174479166666667,0.0003255208333333333,121,1165,7780,0,23.951553691012588,0.21998372395833332,399,125,246,28,3671,931,4602,532,504,28
252,frame_0311,F,1305031463.159787,0.08994140625,0.023167317708333333,0.00037434895833333336,126,1166,8401,0,24.893502000086514,0.21848307291666666,405,143,244,18,3632,970,4602,565,540,25
253,frame_0312,C,1305031463.195657,0.09203450520833334,0.022923177083333333,0.00043294270833333336,134,1273,8821,0,22.876006146856554,0.2208203125,379,176,191,12,3609,993,4602,614,562,52
254,frame_0313,C,1305031463.227784,0.09094075520833333,0.022233072916666666,0.0007389322916666667,131,1212,9172,0,23.536150302574434,0.218369140625,395,171,214,10,3612,990,4602,595,534,61
255,frame_0314,C,1305031463.260034,0.08837890625,0.02310546875,0.0005891927083333334,134,1189,9787,0,24.3977875187069,0.211708984375,403,146,239,18,3576,1026,4602,623,577,46
256,frame_0315,C,1305031463.295737,0.08861653645833334,0.023333333333333334,0.0006282552083333333,135,1231,9926,0,23.23576283990848,0.21229817708333334,419,195,210,14,3516,1086,4602,667,609,58
257,frame_0316,C,1305031463.327739,0.08670572916666666,0.022223307291666668,0.0008854166666666666,135,1129,10011,0,24.144065983753148,0.220341796875,406,197,201,8,3502,1100,4602,694,612,82
258,frame_0317,F,1305031463.35975,0.08561848958333333,0.022054036458333332,0.0007942708333333334,143,1098,10147,0,24.65452120720859,0.21866536458333333,384,162,211,11,3466,1136,4602,752,702,50
259,frame_0318,C,1305031463.39563,0.08299153645833333,0.020771484375,0.00107421875,139,1023,10213,0,22.57612990851936,0.21739908854166667,401,190,200,11,3449,1153,4602,752,677,73
260,frame_0319,C,1305031463.427716,0.083408203125,0.0209375,0.0007877604166666666,137,1037,10340,0,22.64440535442754,0.22331705729166668,399,210,180,9,3425,1177,4602,778,634,144
261,frame_0320,C,1305031463.459756,0.0837109375,0.020224609375,0.00087890625,142,1039,10598,0,22.552851559885237,0.21676106770833334,437,218,208,11,3357,1245,4602,808,653,153
262,frame_0321,C,1305031463.495629,0.08380533854166666,0.019680989583333332,0.0010091145833333334,140,1032,10804,0,22.35357643922172,0.208076171875,527,274,243,10,3229,1373,4602,846,590,254
263,frame_0322,C,1305031463.52767,0.079951171875,0.020390625,0.0015885416666666667,153,940,11016,0,23.43296819842255,0.199755859375,556,229,294,33,3051,1551,4602,995,770,219
264,frame_0323,F,1305031463.559751,0.07883138020833333,0.021481119791666666,0.0017252604166666666,155,927,11230,0,24.435625122152558,0.20143880208333334,585,234,337,14,2945,1657,4602,1072,898,169
265,frame_0324,C,1305031463.5956,0.07725260416666667,0.019599609375,0.00125,156,870,11256,0,21.92374497283421,0.20908528645833332,570,242,326,2,2964,1638,4602,1068,910,158
266,frame_0325,C,1305031463.627588,0.07677734375,0.019085286458333333,0.0013411458333333333,161,804,11556,0,21.1095895897189,0.21081705729166667,573,215,355,3,2946,1656,4602,1083,957,124
267,frame_0326,C,1305031463.659766,0.07479817708333333,0.02064453125,0.0017415364583333334,180,791,12386,0,20.49403979876077,0.20689778645833334,563,204,350,9,2876,1726,4602,1163,1053,106
268,frame_0327,C,1305031463.69564,0.07207682291666667,0.020582682291666668,0.0023111979166666667,185,759,12609,0,19.60878298205089,0.21133138020833334,572,230,340,2,2828,1774,4602,1202,1067,131
269,frame_0328,C,1305031463.727588,0.06940755208333334,0.022047526041666668,0.002190755208333333,187,721,12998,0,21.134909514010076,0.21899739583333333,586,243,343,0,2814,1788,4602,1202,1013,183
270,frame_0329,F,1305031463.759674,0.07038736979166667,0.023697916666666666,0.0026106770833333333,196,654,13950,0,23.37920421385587,0.212119140625,612,270,342,0,2765,1837,4602,1225,1083,138
271,frame_0330,C,1305031463.795647,0.06754231770833333,0.02650390625,0.0032682291666666667,193,650,14406,0,20.853560390569925,0.210078125,642,326,315,1,2668,1934,4602,1292,1079,213
272,frame_0331,C,1305031463.827761,0.06256510416666666,0.028811848958333334,0.003219401041666667,196,625,14143,0,20.62141818384832,0.212900390625,655,369,283,3,2661,1941,4602,1286,1015,269
273,frame_0332,C,1305031463.85991,0.058811848958333336,0.03197591145833333,0.003430989583333333,200,631,13927,0,18.66137267285585,0.21389322916666667,687,362,322,3,2640,1962,4602,1275,1027,240
274,frame_0333,C,1305031463.895648,0.054208984375,0.03498046875,0.003948567708333333,199,760,13702,0,20.329818435727525,0.21801106770833334,646,334,311,1,2649,1953,4602,1307,1077,226
275,frame_0334,C,1305031463.927664,0.053359375,0.03615234375,0.003958333333333334,198,927,13864,0,20.984274185339263,0.22275065104166666,674,310,350,14,2603,1999,4602,1325,1131,185
276,frame_0335,F,1305031463.95968,0.05252604166666667,0.039375,0.004270833333333333,197,936,14197,0,20.835051376310382,0.22797526041666666,657,329,323,5,2596,2006,4602,1349,1169,169
277,frame_0336,C,1305031463.995821,0.0515625,0.041311848958333335,0.005035807291666666,205,940,14530,0,20.376016484779317,0.22678385416666666,686,321,349,16,2472,2130,4602,1444,1227,206
278,frame_0337,C,1305031464.027703,0.05019205729166667,0.04077799479166667,0.005035807291666666,209,898,14632,0,20.910010483741907,0.23631184895833332,645,328,307,10,2486,2116,4602,1471,1220,239
279,frame_0338,C,1305031464.059652,0.04722981770833334,0.042708333333333334,0.004840494791666667,194,876,14535,0,19.95170456532575,0.24233723958333334,644,364,268,12,2498,2104,4602,1460,1200,244
280,frame_0339,C,1305031464.095634,0.04701822916666667,0.044951171875,0.005322265625,201,926,14538,0,19.29495865478789,0.243623046875,731,385,335,11,2394,2208,4602,1477,1169,283
281,frame_0340,C,1305031464.127681,0.046416015625,0.045751953125,0.005602213541666666,208,946,14988,16,21.36790750959515,0.246181640625,708,388,309,11,2413,2189,4602,1481,1207,256
282,frame_0341,F,1305031464.159817,0.04736002604166667,0.04739908854166667,0.0054720052083333335,219,1007,16037,61,21.63799590695482,0.2523828125,691,355,313,23,2393,2209,4602,1518,1236,275
283,frame_0342,C,1305031464.195585,0.049225260416666666,0.050673828125,0.0055533854166666665,229,1313,17559,49,18.924286493591353,0.265888671875,720,341,324,55,2160,2442,4602,1722,1427,263
284,frame_0343,C,1305031464.227624,0.05277994791666667,0.05365234375,0.005979817708333333,243,1966,19177,80,18.944507093169197,0.27052734375,706,382,258,66,2013,2589,4602,1883,1444,398
285,frame_0344,C,1305031464.259644,0.05559244791666667,0.054521484375,0.005859375,249,2414,20186,95,19.065631063975555,0.26341796875,803,411,310,82,1760,2842,4602,2039,1424,562
286,frame_0345,C,1305031464.295667,0.05720052083333333,0.05538411458333333,0.0059765625,255,2590,20539,104,18.810255273611055,0.256513671875,862,433,328,101,1610,2992,4602,2130,1268,747
287,frame_0346,C,1305031464.327866,0.058932291666666664,0.0560546875,0.00626953125,256,2765,20799,80,21.062241305158025,0.2552083333333333,838,480,302,56,1674,2928,4602,2090,1341,706
288,frame_0347,F,1305031464.359684,0.05822265625,0.057223307291666664,0.0056803385416666664,260,2933,20875,68,22.253240318291702,0.263681640625,791,476,258,57,1718,2884,4602,2093,1414,663
289,frame_0348,C,1305031464.395611,0.0510546875,0.05775390625,0.00544921875,242,3082,20632,72,19.468891274438572,0.2630924479166667,744,400,284,60,1782,2820,4602,2076,1389,673
290,frame_0349,C,1305031464.427634,0.049612630208333335,0.05873372395833333,0.005263671875,235,3089,20657,84,20.00770137752399,0.2765299479166667,758,512,218,28,1880,2722,4602,1964,1085,846
291,frame_0350,C,1305031464.459689,0.048349609375,0.05922200520833333,0.005035807291666666,239,3153,20564,71,20.756754520307986,0.28596354166666665,800,554,221,25,1800,2802,4602,2002,1141,837
292,frame_0351,C,1305031464.495633,0.04635416666666667,0.058929036458333334,0.005179036458333334,240,3178,20345,32,17.480343320304076,0.2808561197916667,845,448,354,43,1771,2831,4602,1986,1223,734
293,frame_0352,C,1305031464.527574,0.04524088541666667,0.058447265625,0.005159505208333333,239,3131,20380,14,19.49477862365275,0.28083984375,856,545,284,27,1735,2867,4602,2011,1112,853
294,frame_0353,F,1305031464.559703,0.045042317708333335,0.0589453125,0.0051888020833333335,240,3114,20600,31,21.280793590109145,0.28289388020833334,905,609,252,44,1603,2999,4602,2094,1123,945
295,frame_0354,C,1305031464.595698,0.0425390625,0.05945638020833333,0.006220703125,235,3099,20152,37,17.717630497678474,0.27619791666666665,946,553,346,47,1614,2988,4602,2042,1069,891
296,frame_0355,C,1305031464.627672,0.038896484375,0.0595703125,0.00814453125,228,3084,19443,28,18.64489092702233,0.25001953125,985,423,432,130,1683,2919,4602,1934,969,848
297,frame_0356,C,1305031464.659749,0.03722330729166667,0.05904622395833333,0.008629557291666666,225,3057,18717,41,18.39763078962545,0.24499348958333333,931,510,342,79,1835,2767,4602,1836,853,876
298,frame_0357,C,1305031464.695663,0.034749348958333336,0.05789388020833333,0.008779296875,207,3080,16692,64,18.200438175740516,0.24756184895833333,899,397,402,100,2088,2514,4602,1615,868,661
299,frame_0358,C,1305031464.727652,0.032200520833333336,0.054873046875,0.007412109375,199,3127,15861,102,20.304562563037713,0.24878580729166666,887,362,462,63,2235,2367,4602,1480,823,587
300,frame_0359,F,1305031464.75974,0.030677083333333334,0.052464192708333336,0.007102864583333333,191,3153,15010,132,22.078182239782418,0.257138671875,881,528,339,14,2362,2240,4602,1359,744,581
301,frame_0360,C,1305031464.796021,0.029280598958333334,0.05317708333333333,0.00611328125,186,3186,14669,128,19.738675848901035,0.2852018229166667,859,538,263,58,2439,2163,4602,1304,654,617
302,frame_0361,C,1305031464.827759,0.0282421875,0.05193033854166667,0.0058203125,188,3208,13946,141,18.217761349059174,0.2887727864583333,843,505,267,71,2501,2101,4602,1258,592,617
303,frame_0362,C,1305031464.859654,0.026565755208333333,0.050335286458333336,0.0056770833333333335,180,3183,13936,135,17.27576222587073,0.287216796875,864,509,206,149,2541,2061,4602,1197,421,697
304,frame_0363,C,1305031464.895817,0.025589192708333333,0.05074869791666667,0.005348307291666667,179,3206,13929,154,16.613393103638366,0.2863639322916667,827,389,105,333,2514,2088,4602,1261,396,676
305,frame_0364,C,1305031464.927799,0.0232421875,0.050413411458333335,0.0046875,178,3157,13527,155,20.40616712421867,0.27778971354166665,804,406,137,261,2546,2056,4602,1252,445,685
306,frame_0365,F,1305031464.959763,0.021702473958333333,0.049547526041666665,0.004095052083333333,159,3195,13065,157,21.727989160276806,0.28568684895833335,735,507,202,26,2710,1892,4602,1157,508,626
307,frame_0366,C,1305031464.995687,0.021656901041666666,0.0501953125,0.0035709635416666667,161,3154,12528,169,20.33603594681342,0.29949869791666667,719,475,200,44,2801,1801,4602,1082,474,579
308,frame_0367,C,1305031465.027823,0.02130859375,0.04980794270833333,0.0034928385416666667,153,3175,11894,172,18.83017641477759,0.31140625,722,447,202,73,2885,1717,4602,995,456,480
309,frame_0368,C,1305031465.059749,0.0215625,0.0499609375,0.0035026041666666665,152,3220,11613,175,17.425473516270642,0.31708658854166666,699,454,188,57,3023,1579,4602,880,376,483
310,frame_0369,C,1305031465.0957,0.023948567708333333,0.050927734375,0.004449869791666667,163,3309,12783,179,16.47706610330204,0.31363606770833335,775,343,58,374,2848,1754,4602,979,343,396
311,frame_0370,C,1305031465.127664,0.02886393229166667,0.05088216145833333,0.006022135416666667,185,3544,14038,191,17.3028335583577,0.30200846354166666,832,322,37,473,2648,1954,4602,1122,327,436
312,frame_0371,F,1305031465.159842,0.03417643229166667,0.04942708333333334,0.006663411458333333,194,3809,15388,192,18.691046059742796,0.2746940104166667,826,335,43,448,2509,2093,4602,1267,324,514
313,frame_0372,C,1305031465.195564,0.03930989583333333,0.052057291666666665,0.0059244791666666664,200,4114,16806,202,18.97022169403878,0.2613606770833333,839,430,50,359,2364,2238,4602,1399,376,661
314,frame_0373,C,1305031465.227907,0.04536458333333333,0.05462239583333333,0.0062467447916666665,209,4211,18003,202,18.329067750312568,0.24787109375,883,516,44,323,2142,2460,4602,1577,453,773
315,frame_0374,C,1305031465.259807,0.051484375,0.054742838541666665,0.006917317708333333,226,4433,19090,216,19.330771073905048,0.24062825520833334,956,570,68,318,1937,2665,4602,1709,457,908
316,frame_0375,C,1305031465.295623,0.057666015625,0.05523763020833333,0.005966796875,239,4546,19881,222,19.425831412362612,0.24331380208333334,1009,723,116,170,1913,2689,4602,1680,478,1084
317,frame_0376,C,1305031465.327674,0.06466796875,0.05294270833333333,0.0066959635416666665,237,4680,20745,29,19.831742896000996,0.23789713541666666,1079,753,120,206,1803,2799,4602,1720,454,1095
318,frame_0377,F,1305031465.359948,0.06606770833333334,0.052041015625,0.0069140625,241,4690,21106,0,22.868702062131177,0.2359765625,1099,763,151,185,1798,2804,4602,1705,469,1104
319,frame_0378,C,1305031465.395586,0.06693684895833334,0.053313802083333334,0.007265625,245,4885,21317,0,21.5091471906479,0.238466796875,960,620,231,109,2083,2519,4602,1559,584,890
320,frame_0379,C,1305031465.427697,0.065146484375,0.05457356770833333,0.006595052083333333,235,4928,21108,0,20.277837898417822,0.24903971354166668,909,603,267,39,2156,2446,4602,1537,652,873
321,frame_0380,C,1305031465.460125,0.06324869791666667,0.05524088541666667,0.005989583333333334,225,4961,20133,0,20.013701818889817,0.2569401041666667,892,587,259,46,2176,2426,4602,1534,750,774
322,frame_0381,C,1305031465.495703,0.061630859375,0.0559765625,0.005725911458333333,226,4946,19924,0,19.449634087762604,0.25207682291666667,872,572,210,90,2164,2438,4602,1566,516,1014
323,frame_0382,C,1305031465.527622,0.06048828125,0.05556640625,0.005162760416666667,231,4925,19875,0,19.668843727566895,0.252734375,895,634,216,45,2139,2463,4602,1568,558,971
324,frame_0383,F,1305031465.559812,0.058544921875,0.055579427083333334,0.004599609375,228,4922,19927,0,20.07672749068039,0.263427734375,900,600,247,53,2099,2503,4602,1603,1005,574
325,frame_0384,C,1305031465.595599,0.05950846354166667,0.05604166666666666,0.004619140625,223,4941,20228,0,19.25686801928153,0.2586393229166667,886,587,258,41,2108,2494,4602,1608,919,667
326,frame_0385,C,1305031465.627688,0.0587890625,0.056341145833333335,0.004814453125,231,4994,20469,0,19.16913193760205,0.258349609375,934,608,278,48,2074,2528,4602,1594,883,694
327,frame_0386,C,1305031465.66006,0.056936848958333335,0.055989583333333336,0.004599609375,217,5116,20619,0,19.42406762768939,0.2652669270833333,971,639,298,34,2010,2592,4602,1621,949,657
328,frame_0387,C,1305031465.695668,0.057356770833333334,0.05580078125,0.005348307291666667,224,5054,20951,0,19.47441153968507,0.26177734375,945,636,269,40,2007,2595,4602,1650,949,684
329,frame_0388,C,1305031465.727682,0.05729817708333333,0.056070963541666664,0.005589192708333334,224,5021,21211,0,19.93922427687368,0.25085286458333333,937,654,225,58,1955,2647,4602,1710,1004,685
330,frame_0389,F,1305031465.759766,0.059853515625,0.05677408854166666,0.005904947916666667,233,5000,21633,0,20.45090286815531,0.25140625,935,652,243,40,1929,2673,4602,1738,1023,687
331,frame_0390,C,1305031465.795937,0.063056640625,0.054495442708333335,0.00587890625,249,4862,22465,0,20.23102082764106,0.261201171875,952,667,236,49,1873,2729,4602,1777,909,838
332,frame_0391,C,1305031465.827996,0.06376627604166667,0.052783203125,0.006432291666666667,249,4733,23156,0,20.506450733148867,0.26021484375,976,704,216,56,1855,2747,4602,1771,1032,710
333,frame_0392,C,1305031465.859861,0.0625,0.05242513020833333,0.007454427083333334,250,4600,23952,0,20.575165990127665,0.25673828125,989,668,253,68,1796,2806,4602,1817,1083,700
334,frame_0393,C,1305031465.895494,0.06134114583333333,0.05294270833333333,0.008424479166666667,256,4328,24306,0,19.59858050885792,0.2599609375,1013,679,199,135,1714,2888,4602,1875,551,1115
335,frame_0394,C,1305031465.927495,0.058020833333333334,0.051809895833333335,0.009192708333333334,254,3882,24155,0,20.872248333898767,0.26999348958333336,1119,841,191,87,1522,3080,4602,1961,625,1221
336,frame_0395,F,1305031465.95971,0.054912109375,0.05001627604166667,0.009329427083333333,249,3565,23820,0,21.767417460312878,0.27209635416666667,1120,758,263,99,1301,3301,4602,2181,902,1134
337,frame_0396,C,1305031465.995753,0.052119140625,0.05298502604166667,0.009625651041666667,241,3170,23709,36,20.379085825227314,0.279765625,1041,782,192,67,1329,3273,4602,2232,716,1294
338,frame_0397,C,1305031466.027644,0.050455729166666664,0.053466796875,0.0083984375,233,2990,23765,97,18.19901492300233,0.28826497395833334,1043,797,182,64,1338,3264,4602,2221,881,1248
339,frame_0398,C,1305031466.059757,0.049264322916666665,0.055817057291666666,0.008896484375,231,2845,24021,148,17.996454892988357,0.28673177083333334,966,698,98,170,1405,3197,4602,2231,565,1123
340,frame_0399,C,1305031466.09584,0.04777994791666667,0.056064453125,0.009186197916666666,226,2759,24202,144,18.84189237585157,0.28192708333333333,978,729,105,144,1367,3235,4602,2257,582,1277
341,frame_0400,C,1305031466.12764,0.04443359375,0.057073567708333335,0.008232421875,223,2334,24317,149,18.635617431199062,0.2844466145833333,904,661,104,139,1388,3214,4602,2310,600,1206
342,frame_0401,F,1305031466.160428,0.042607421875,0.05698567708333333,0.00853515625,220,2229,24461,138,19.778072815106235,0.282607421875,859,633,108,118,1412,3190,4602,2331,637,1271
343,frame_0402,C,1305031466.195833,0.042073567708333336,0.055826822916666664,0.008277994791666667,227,2081,24782,57,18.883189328627484,0.279423828125,863,587,135,141,1397,3205,4602,2342,709,1201
344,frame_0403,C,1305031466.227951,0.042919921875,0.05474934895833333,0.009671223958333334,221,2055,24993,16,19.887129383899225,0.261640625,914,464,177,273,1302,3300,4602,2386,607,841
345,frame_0404,C,1305031466.259815,0.04094075520833333,0.053343098958333335,0.008815104166666667,221,2003,25180,23,19.867091448291028,0.2631705729166667,944,674,210,60,1225,3377,4602,2433,948,1323
346,frame_0405,C,1305031466.295737,0.04048828125,0.05302408854166667,0.007789713541666667,219,2127,25478,127,19.744451833616303,0.27521158854166666,907,650,195,62,1300,3302,4602,2395,971,1177
347,frame_0406,C,1305031466.327702,0.040625,0.053984375,0.00875,217,1951,25305,154,20.853587849278476,0.274404296875,935,450,221,264,1340,3262,4602,2327,637,540
348,frame_0407,F,1305031466.359829,0.041064453125,0.05400065104166667,0.008854166666666666,226,1829,25263,161,22.525090662762057,0.2717057291666667,910,544,191,175,1376,3226,4602,2316,631,737
349,frame_0408,C,1305031466.395784,0.040022786458333334,0.05427408854166667,0.008125,233,1888,25377,156,19.32529787420332,0.27054036458333336,971,705,218,48,1326,3276,4602,2305,1189,1004
350,frame_0409,C,1305031466.427819,0.03935221354166667,0.053274739583333335,0.006787109375,233,1987,25637,147,19.631819199250366,0.281396484375,921,645,202,74,1347,3255,4602,2334,1871,447
351,frame_0410,C,1305031466.45979,0.03910807291666667,0.05297200520833333,0.006796875,229,2110,25925,152,20.223454775286868,0.29445963541666664,1010,738,206,66,1291,3311,4602,2301,1043,1222
352,frame_0411,C,1305031466.495809,0.03822916666666667,0.05119791666666667,0.0071484375,227,2023,26010,148,20.173563765730627,0.289765625,975,718,143,114,1295,3307,4602,2332,745,1384
353,frame_0412,C,1305031466.527538,0.037119140625,0.052161458333333334,0.007151692708333333,234,1882,25941,139,20.320573397411437,0.27960286458333333,936,640,161,135,1353,3249,4602,2313,688,1050
354,frame_0413,F,1305031466.560353,0.036497395833333335,0.051080729166666665,0.007822265625,225,1761,25724,139,22.134612672867938,0.27927083333333336,888,655,150,83,1403,3199,4602,2311,725,1174
355,frame_0414,C,1305031466.595936,0.03603515625,0.04998046875,0.007890625,232,1574,25280,137,18.632311544040462,0.27216471354166666,916,529,156,231,1429,3173,4602,2257,530,746
356,frame_0415,C,1305031466.627549,0.03720703125,0.049518229166666664,0.007229817708333333,233,1680,24943,139,20.194342272340542,0.26980143229166664,886,577,152,157,1585,3017,4602,2131,533,709
357,frame_0416,C,1305031466.659688,0.036923828125,0.04997395833333333,0.007356770833333333,226,1692,24866,125,20.701034927691097,0.275146484375,917,634,173,110,1563,3039,4602,2122,1382,688
358,frame_0417,C,1305031466.695822,0.036181640625,0.047770182291666664,0.00609375,229,1788,24767,128,19.309654419129746,0.2810416666666667,884,653,146,85,1643,2959,4602,2075,804,1172
359,frame_0418,C,1305031466.728074,0.0356640625,0.047135416666666666,0.00654296875,225,1848,24718,136,20.529669209850905,0.27258463541666667,916,460,139,317,1694,2908,4602,1992,397,503
360,frame_0419,F,1305031466.759637,0.035208333333333335,0.04578776041666666,0.006126302083333333,230,1904,24737,124,22.41818221218733,0.2740299479166667,885,638,131,116,1651,2951,4602,2066,1005,1026
361,frame_0420,C,1305031466.795604,0.035032552083333335,0.046630859375,0.0057194010416666665,222,1834,24947,128,20.250913479866185,0.27763997395833334,877,642,119,116,1655,2947,4602,2070,1545,518
362,frame_0421,C,1305031466.827879,0.033844401041666666,0.0460546875,0.0055143229166666665,225,1946,24922,126,19.436025282182104,0.2879459635416667,953,651,132,170,1560,3042,4602,2089,718,1170
363,frame_0422,C,1305031466.859665,0.03352213541666667,0.04557942708333333,0.005582682291666667,221,1974,25246,123,20.092146900247457,0.2802604166666667,927,712,129,86,1535,3067,4602,2140,1042,1029
364,frame_0423,C,1305031466.895694,0.033056640625,0.045113932291666665,0.005833333333333334,227,2008,26420,122,19.69231991986256,0.289384765625,907,694,93,120,1428,3174,4602,2267,1777,457
365,frame_0424,C,1305031466.927756,0.032333984375,0.044248046875,0.006888020833333334,232,2113,27107,122,20.395813429297895,0.28021484375,981,668,131,182,1155,3447,4602,2466,1730,616
366,frame_0425,F,1305031466.959728,0.03197591145833333,0.043932291666666665,0.006803385416666667,235,2216,27606,116,21.242474231277434,0.28540364583333333,950,815,76,59,1186,3416,4602,2466,2018,435
367,frame_0426,C,1305031466.995712,0.031119791666666667,0.043059895833333334,0.005221354166666667,227,2055,27644,121,20.624037524217137,0.29295247395833335,927,737,96,94,1224,3378,4602,2451,1557,892
368,frame_0427,C,1305031467.027843,0.030856119791666668,0.042981770833333335,0.005377604166666667,232,2239,27868,110,20.17385305419686,0.2992805989583333,953,768,103,82,1218,3384,4602,2431,1254,1167
369,frame_0428,C,1305031467.0597,0.030777994791666666,0.042802734375,0.004928385416666667,229,2173,27919,113,19.466234045731685,0.30740234375,878,680,109,89,1333,3269,4602,2391,1078,1230
370,frame_0429,C,1305031467.095687,0.03029296875,0.04206380208333333,0.006100260416666667,229,2196,27932,112,19.587904175673778,0.29746419270833335,929,701,113,115,1247,3355,4602,2426,758,1289
371,frame_0430,C,1305031467.128974,0.03060546875,0.04220703125,0.005862630208333333,234,2230,28497,111,21.228856570599916,0.3012109375,945,763,91,91,1216,3386,4602,2441,986,1308
372,frame_0431,F,1305031467.15966,0.029690755208333332,0.042776692708333335,0.0054329427083333335,231,2649,28816,108,22.449510449380526,0.3043619791666667,920,751,86,83,1190,3412,4602,2492,1514,972
373,frame_0432,C,1305031467.195663,0.0294140625,0.04267903645833333,0.005442708333333333,231,3366,29383,104,21.816270724846348,0.3094921875,922,741,94,87,1214,3388,4602,2466,1455,1005
374,frame_0433,C,1305031467.227704,0.029479166666666667,0.04268880208333333,0.006533203125,234,4011,29938,103,20.154213460435738,0.30328776041666666,1012,731,97,184,1111,3491,4602,2479,1222,1185
375,frame_0434,C,1305031467.259694,0.02910807291666667,0.04271484375,0.005934244791666667,238,4231,30103,102,19.892289548343992,0.3039453125,1007,814,102,91,1116,3486,4602,2479,1477,990
376,frame_0435,C,1305031467.295846,0.028251953125,0.041907552083333334,0.006419270833333333,231,4378,30162,102,19.50913305120781,0.3051627604166667,1031,807,95,129,1062,3540,4602,2509,1260,1192
377,frame_0436,C,1305031467.328008,0.027649739583333333,0.04185546875,0.006663411458333333,231,4449,30212,36,19.596152878875188,0.300576171875,1037,808,126,103,1034,3568,4602,2531,1076,1303
378,frame_0437,F,1305031467.359654,0.026861979166666668,0.04087565104166667,0.006194661458333334,228,4329,30076,0,19.69391289491255,0.31116861979166666,1013,786,119,108,1146,3456,4602,2443,939,1330
379,frame_0438,C,1305031467.395756,0.025667317708333335,0.039658203125,0.007516276041666666,226,4235,29960,0,20.534031954825824,0.28110677083333335,1022,617,133,272,919,3683,4602,2661,845,974
380,frame_0439,C,1305031467.427783,0.02521484375,0.038668619791666664,0.006669921875,221,4232,29933,0,20.971115383090986,0.2898404947916667,995,704,125,166,1061,3541,4602,2546,1009,1138
381,frame_0442,C,1305031467.527663,0.0219921875,0.03448893229166667,0.0076171875,216,3978,29526,0,22.655627490748994,0.27372395833333335,952,672,118,162,1061,3541,4602,2589,943,984
382,frame_0443,C,1305031467.559763,0.021966145833333332,0.0342578125,0.006178385416666667,212,4132,29627,0,22.316051093541105,0.28393229166666667,845,687,110,48,1186,3416,4602,2571,1656,876
383,frame_0444,C,1305031467.595989,0.021214192708333333,0.034677734375,0.004990234375,212,4161,29584,0,21.52889049852177,0.28761393229166665,851,676,113,62,1164,3438,4602,2587,1800,773
384,frame_0445,F,1305031467.627532,0.021022135416666667,0.03448567708333333,0.004609375,209,4121,29659,0,24.102228621466768,0.29291341145833333,841,705,94,42,1240,3362,4602,2521,1913,607
385,frame_0446,C,1305031467.659626,0.020690104166666667,0.037119140625,0.0064485677083333335,208,4288,29780,0,18.37178150166183,0.27370768229166664,928,661,134,133,1021,3581,4602,2653,2468,163
386,frame_0447,C,1305031467.695886,0.020322265625,0.03718424479166667,0.007057291666666667,211,4236,29728,0,19.813730456290028,0.27301432291666666,918,787,67,64,1021,3581,4602,2663,2262,386
387,frame_0448,C,1305031467.727535,0.02031901041666667,0.03735677083333333,0.0062044270833333335,211,4329,29748,0,20.196595269012974,0.26861328125,903,736,55,112,1060,3542,4602,2639,2229,389
388,frame_0449,C,1305031467.759907,0.019983723958333335,0.037301432291666665,0.006813151041666667,212,4356,29755,0,21.251327609561127,0.26380859375,949,683,105,161,968,3634,4602,2685,2360,262
389,frame_0450,C,1305031467.796075,0.02007486979166667,0.03712890625,0.006722005208333334,212,4444,29729,0,20.942952736126937,0.26884114583333335,959,752,73,134,1010,3592,4602,2633,2159,451
390,frame_0451,F,1305031467.8278,0.020078125,0.038238932291666666,0.006575520833333333,204,4419,29719,0,21.772004692531134,0.27118489583333333,978,787,64,127,1002,3600,4602,2622,2193,380
391,frame_0452,C,1305031467.859729,0.020244140625,0.03888997395833333,0.007376302083333334,207,4418,29742,0,19.655619672120736,0.25887369791666665,1042,695,114,233,878,3724,4602,2682,2367,250
392,frame_0453,C,1305031467.895947,0.020305989583333333,0.039114583333333335,0.007737630208333333,208,4371,29742,0,19.079553701178046,0.27254557291666665,1016,729,90,197,898,3704,4602,2688,2364,296
393,frame_0454,C,1305031467.927754,0.020013020833333332,0.04122721354166667,0.007265625,209,4252,29673,0,18.396558629193084,0.26585286458333335,987,734,72,181,978,3624,4602,2637,2185,418
394,frame_0455,C,1305031467.959826,0.020491536458333334,0.04228190104166667,0.007600911458333333,209,4110,29639,0,19.75766197185408,0.25572591145833334,970,715,87,168,990,3612,4602,2642,2192,373
395,frame_0456,C,1305031467.995754,0.020052083333333335,0.04126627604166667,0.007591145833333333,206,3987,29621,0,21.278468762260946,0.2518489583333333,956,784,85,87,850,3752,4602,2796,1817,902
396,frame_0457,F,1305031468.028107,0.0196875,0.04091796875,0.006858723958333333,206,3938,29622,0,23.262524993701696,0.26306315104166667,917,807,77,33,912,3690,4602,2773,1183,1493
397,frame_0458,C,1305031468.05985,0.019820963541666667,0.04289388020833333,0.006634114583333333,202,3781,29566,0,21.57590838102369,0.2553483072916667,921,773,92,56,875,3727,4602,2806,2009,734
398,frame_0459,C,1305031468.095867,0.019759114583333334,0.04279622395833333,0.007392578125,203,3624,29471,0,20.530750841465448,0.25181640625,902,780,82,40,844,3758,4602,2856,1759,1061
399,frame_0460,C,1305031468.127816,0.019833984375,0.04267903645833333,0.006497395833333333,201,3501,29446,0,21.683941327298974,0.25787760416666666,878,742,76,60,924,3678,4602,2800,1008,1608
400,frame_0461,C,1305031468.159864,0.0196484375,0.043118489583333336,0.007080078125,205,3239,29431,0,21.287479976052577,0.25119140625,884,775,76,33,798,3804,4602,2920,1497,1370
401,frame_0462,C,1305031468.195985,0.019710286458333334,0.04166015625,0.0066927083333333335,203,3055,29415,0,21.479342276231044,0.2591015625,873,759,70,44,920,3682,4602,2809,1079,1559
402,frame_0463,F,1305031468.228158,0.019996744791666667,0.04062825520833333,0.007486979166666667,202,3057,29415,0,21.834872880259248,0.242548828125,912,683,157,72,761,3841,4602,2929,1085,1495
403,frame_0464,C,1305031468.259754,0.020071614583333335,0.0420703125,0.0083203125,205,2973,29433,0,21.64513666807008,0.24113606770833335,886,654,147,85,803,3799,4602,2913,1249,1454
404,frame_0465,C,1305031468.29583,0.020719401041666665,0.04223307291666667,0.007926432291666667,207,2963,29493,0,20.472352269848887,0.238544921875,908,699,117,92,820,3782,4602,2874,1072,1463
405,frame_0466,C,1305031468.327847,0.02181640625,0.043577473958333335,0.008375651041666666,214,2963,29604,0,21.06952326537509,0.23029947916666665,959,686,170,103,706,3896,4602,2937,1591,1152
406,frame_0467,C,1305031468.359787,0.022477213541666666,0.043414713541666664,0.009322916666666667,212,2951,29611,0,20.915293871080756,0.228193359375,961,714,167,80,722,3880,4602,2919,1683,1055
407,frame_0468,C,1305031468.39586,0.023212890625,0.042952473958333334,0.008291015625,216,2978,29620,0,19.82206002392884,0.237841796875,994,789,143,62,664,3938,4602,2944,1045,1581
408,frame_0469,F,1305031468.428025,0.02392578125,0.04311197916666667,0.007604166666666667,220,3010,29628,0,21.60490339305325,0.23460611979166668,1034,844,150,40,554,4048,4602,3014,1124,1679
409,frame_0470,C,1305031468.459759,0.024576822916666668,0.042779947916666665,0.007998046875,216,2997,29635,0,20.69131042721542,0.23452799479166667,1026,876,121,29,641,3961,4602,2935,1328,1578
410,frame_0471,C,1305031468.495809,0.026142578125,0.04175455729166667,0.007705078125,224,3132,29646,0,19.18727406453861,0.23219075520833332,1046,771,146,129,584,4018,4602,2972,1035,1384
411,frame_0472,C,1305031468.527756,0.026845703125,0.04194661458333333,0.007779947916666667,225,3054,29678,0,19.941581475014438,0.230205078125,1054,859,134,61,625,3977,4602,2923,1058,1615
412,frame_0473,C,1305031468.559739,0.027786458333333333,0.04310221354166666,0.0078125,230,3217,29682,0,20.07659280731266,0.228125,1080,837,169,74,509,4093,4602,3013,1469,1474
413,frame_0474,C,1305031468.595768,0.028818359375,0.042734375,0.007822265625,236,3424,29655,0,19.578246618056934,0.226650390625,1071,887,126,58,548,4054,4602,2983,1157,1750
414,frame_0475,F,1305031468.627626,0.02994140625,0.041904296875,0.006145833333333333,250,3412,29665,0,18.833674919370708,0.24025390625,1073,785,157,131,641,3961,4602,2888,962,1292
415,frame_0476,C,1305031468.659579,0.029430338541666667,0.04272786458333333,0.00736328125,244,3909,29478,0,19.158245686423093,0.23463216145833332,1095,878,141,76,578,4024,4602,2929,1278,1619
416,frame_0477,C,1305031468.695835,0.029674479166666667,0.042421875,0.008834635416666667,241,4051,29264,0,20.53343144319859,0.228828125,1095,827,155,113,578,4024,4602,2929,1747,1138
417,frame_0478,C,1305031468.727785,0.03001953125,0.042080078125,0.0092578125,240,4050,29129,0,19.906020975881116,0.22887044270833334,1165,895,191,79,588,4014,4602,2849,1595,1236
418,frame_0479,C,1305031468.759628,0.029879557291666668,0.041533203125,0.008307291666666666,241,4053,29037,0,19.25414481033793,0.23447265625,1151,936,172,43,607,3995,4602,2844,1336,1485
419,frame_0480,C,1305031468.795796,0.031097005208333334,0.03989908854166667,0.008333333333333333,242,4261,28901,0,22.131046873756137,0.23331705729166666,1152,891,187,74,584,4018,4602,2866,1400,1381
420,frame_0481,F,1305031468.829247,0.03230143229166667,0.03962565104166667,0.009127604166666666,248,4295,28800,0,22.464344681638217,0.22970377604166667,1170,910,208,52,617,3985,4602,2815,1444,1284
421,frame_0482,C,1305031468.859659,0.033447265625,0.039879557291666666,0.008681640625,254,4232,28810,0,19.674491537779385,0.233583984375,1182,881,208,93,640,3962,4602,2780,960,1651
422,frame_0483,C,1305031468.895873,0.03532877604166667,0.040406901041666665,0.008466796875,257,4554,28929,0,18.908088492461093,0.24226888020833334,1207,748,263,196,656,3946,4602,2739,772,1177
423,frame_0484,C,1305031468.928141,0.035732421875,0.04066080729166666,0.008313802083333334,257,4885,28842,0,18.91287736608579,0.24394205729166665,1225,814,264,147,699,3903,4602,2678,729,1442
424,frame_0485,C,1305031468.959594,0.0360546875,0.04181315104166667,0.008502604166666667,259,5016,28842,0,20.223527960491673,0.23689778645833334,1234,700,276,258,736,3866,4602,2632,682,1021
425,frame_0486,C,1305031468.995711,0.037412109375,0.04179361979166667,0.010152994791666667,263,5245,28937,0,20.272155270446834,0.23504557291666667,1219,614,240,365,738,3864,4602,2645,632,653
426,frame_0487,F,1305031469.027699,0.037965494791666665,0.0392578125,0.009700520833333334,260,5497,28951,0,22.02584087213141,0.23255533854166666,1215,531,273,411,733,3869,4602,2654,634,584
427,frame_0488,C,1305031469.059832,0.0394140625,0.03955078125,0.009163411458333333,265,5629,28901,0,21.94121699730885,0.23836263020833334,1163,638,261,264,803,3799,4602,2636,656,857
428,frame_0489,C,1305031469.095723,0.040511067708333334,0.040810546875,0.008857421875,269,5613,28699,0,21.216908352786035,0.23768880208333334,1169,560,244,365,792,3810,4602,2641,633,668
429,frame_0490,C,1305031469.127679,0.04297200520833333,0.040852864583333336,0.008483072916666667,265,5675,28794,0,20.911039166635508,0.23862630208333332,1082,493,220,369,916,3686,4602,2604,663,448
430,frame_0491,C,1305031469.159703,0.044065755208333335,0.040680338541666666,0.00837890625,262,5544,28392,0,19.288452146632633,0.23752278645833333,1040,446,173,421,1065,3537,4602,2497,562,353
431,frame_0492,C,1305031469.19554,0.043919270833333336,0.04009765625,0.007376302083333334,258,4971,27226,0,20.632210286727563,0.24062825520833334,985,585,166,234,1260,3342,4602,2357,528,733
432,frame_0493,F,1305031469.227754,0.04457682291666667,0.03930013020833333,0.006767578125,255,4810,26759,0,19.26411580508413,0.244345703125,895,665,117,113,1429,3173,4602,2278,665,1473
433,frame_0494,C,1305031469.259586,0.04477864583333333,0.039020182291666664,0.00576171875,254,4121,26060,0,21.44147229807457,0.2550553385416667,797,620,89,88,1612,2990,4602,2193,513,1463
434,frame_0495,C,1305031469.296754,0.04491861979166667,0.037395833333333336,0.0057161458333333335,235,2918,24444,0,21.692600921313176,0.2527311197916667,760,531,82,147,1720,2882,4602,2122,482,1266
435,frame_0496,C,1305031469.327618,0.04390950520833333,0.03672526041666667,0.005875651041666667,231,2650,22983,0,22.554412548568727,0.25427734375,725,574,64,87,1783,2819,4602,2094,518,1413
436,frame_0497,C,1305031469.359592,0.04251627604166667,0.035751953125,0.005582682291666667,221,2157,21165,0,22.516867686112324,0.255234375,634,347,33,254,1995,2607,4602,1973,416,636
437,frame_0498,C,1305031469.395695,0.039892578125,0.033665364583333336,0.0051888020833333335,210,2006,19228,0,20.56551211924402,0.250908203125,622,316,57,249,2428,2174,4602,1552,377,614
438,frame_0499,F,1305031469.427651,0.04073567708333333,0.031451822916666664,0.005325520833333333,202,1885,18410,86,21.935101708911056,0.24567057291666666,642,389,39,214,2818,1784,4602,1142,352,400
439,frame_0500,C,1305031469.459668,0.040364583333333336,0.030592447916666668,0.004954427083333333,195,1762,16441,241,21.169714027776706,0.24876627604166668,667,340,82,245,2983,1619,4602,952,309,283
440,frame_0501,C,1305031469.495744,0.040081380208333336,0.029049479166666666,0.004195963541666667,187,1648,15124,228,21.206915506980994,0.25293294270833333,625,461,35,129,3063,1539,4602,914,349,439
441,frame_0502,C,1305031469.527622,0.04068359375,0.027985026041666666,0.0038053385416666665,194,1287,13048,110,21.84561585105469,0.255283203125,566,458,14,94,3152,1450,4602,884,324,445
442,frame_0503,C,1305031469.559645,0.040511067708333334,0.027412109375,0.004358723958333333,186,1059,11320,14,22.13572117504129,0.24347981770833332,592,393,22,177,3168,1434,4602,842,269,315
443,frame_0504,C,1305031469.595755,0.03958984375,0.026253255208333333,0.004391276041666667,176,1025,10795,0,23.825507069265946,0.23543294270833334,580,410,18,152,3240,1362,4602,782,233,359
444,frame_0505,F,1305031469.627752,0.03890625,0.025322265625,0.004606119791666667,175,893,9854,0,25.11831889050733,0.22200520833333334,568,405,17,146,3304,1298,4602,730,193,348
445,frame_0506,C,1305031469.65959,0.03890625,0.023763020833333332,0.004231770833333333,159,750,9486,0,23.808963796990604,0.22278971354166666,565,428,15,122,3338,1264,4602,699,194,387
446,frame_0507,C,1305031469.695613,0.039632161458333336,0.022545572916666666,0.0040625,162,644,8946,0,25.33281164780211,0.22545247395833334,551,432,17,102,3389,1213,4602,662,190,391
447,frame_0508,C,1305031469.727679,0.03920572916666667,0.021181640625,0.004248046875,152,570,8205,0,24.85652795272967,0.21715494791666667,545,440,12,93,3440,1162,4602,617,167,358
448,frame_0509,C,1305031469.759599,0.0399609375,0.018850911458333335,0.0036067708333333334,139,556,7735,0,25.090710605701947,0.21679036458333334,525,389,7,129,3546,1056,4602,531,123,279
449,frame_0510,C,1305031469.795621,0.040569661458333336,0.016477864583333335,0.0035611979166666665,138,469,7391,0,25.137652458348295,0.20505533854166666,509,413,15,81,3615,987,4602,478,117,311
450,frame_0511,F,1305031469.827526,0.040908203125,0.015423177083333333,0.003544921875,138,450,7250,0,25.501951346350257,0.20128255208333334,490,441,12,37,3671,931,4602,441,97,317
451,frame_0512,C,1305031469.859574,0.03864908854166667,0.014931640625,0.0036197916666666666,130,360,6570,0,25.023696382846786,0.194384765625,431,305,20,106,3727,875,4602,444,112,254
452,frame_0513,C,1305031469.895755,0.0371484375,0.01581380208333333,0.002916666666666667,112,326,5985,0,24.804062893365405,0.19213541666666667,429,362,23,44,3771,831,4602,402,111,277
453,frame_0514,C,1305031469.927854,0.034921875,0.015735677083333333,0.00232421875,110,338,5830,0,23.538751645913997,0.19063151041666668,385,278,36,71,3829,773,4602,388,99,267
454,frame_0515,C,1305031469.959805,0.034710286458333336,0.015126953125,0.002428385416666667,104,301,5633,0,23.156145435179596,0.18526041666666668,381,317,24,40,3844,758,4602,377,99,257
455,frame_0516,C,1305031469.995551,0.034752604166666666,0.0144921875,0.0021647135416666668,99,287,5429,0,23.52050421548201,0.18536458333333333,329,279,17,33,3884,718,4602,389,103,275
456,frame_0517,F,1305031470.027694,0.034339192708333334,0.014361979166666667,0.0022005208333333334,95,297,5281,0,24.7877259351717,0.18088216145833333,324,264,13,47,3908,694,4602,370,95,260
457,frame_0518,C,1305031470.059638,0.033841145833333336,0.014645182291666666,0.0017643229166666666,90,244,5175,0,24.694947433056505,0.18323567708333333,317,278,13,26,3933,669,4602,352,90,260
458,frame_0519,C,1305031470.095944,0.03556966145833333,0.014469401041666666,0.001435546875,90,196,5102,0,24.436733612772798,0.18193684895833334,287,262,12,13,3970,632,4602,345,112,227
459,frame_0520,C,1305031470.127633,0.033642578125,0.014964192708333334,0.0014420572916666666,84,149,4919,0,24.567315324312183,0.18518229166666667,248,210,12,26,4097,505,4602,257,67,182
460,frame_0521,C,1305031470.159626,0.03239583333333333,0.014820963541666666,0.0011751302083333334,87,104,4772,0,24.554395373130244,0.19125651041666666,212,181,14,17,4150,452,4602,240,61,172
461,frame_0522,C,1305031470.196092,0.032141927083333334,0.014765625,0.000947265625,79,94,4649,0,24.79431365535759,0.19599283854166666,179,150,13,16,4202,400,4602,221,56,158
462,frame_0523,F,1305031470.227618,0.03072265625,0.014156901041666666,0.0010481770833333333,79,75,4469,0,26.033129766996698,0.19649739583333334,160,133,13,14,4265,337,4602,177,43,126
463,frame_0524,C,1305031470.259965,0.025263671875,0.014251302083333334,0.0007584635416666666,68,56,3705,0,25.309144227058084,0.20046875,122,102,11,9,4344,258,4602,136,36,90
464,frame_0525,C,1305031470.295718,0.023375651041666667,0.014895833333333334,0.000751953125,65,86,3039,0,24.352225716645613,0.202626953125,112,83,17,12,4416,186,4602,74,20,46
465,frame_0526,C,1305031470.327644,0.0223828125,0.015735677083333333,0.0005794270833333334,54,98,2521,0,24.878604754076846,0.209736328125,70,50,12,8,4486,116,4602,46,15,21
466,frame_0527,C,1305031470.359624,0.020026041666666668,0.01568033854166667,0.000439453125,47,117,2077,0,25.24140066730528,0.21914388020833334,57,35,13,9,4509,93,4602,36,9,16
467,frame_0528,C,1305031470.395823,0.019527994791666666,0.015003255208333333,0.0003515625,48,90,1794,0,25.44749072029211,0.21361979166666667,50,31,9,10,4515,87,4602,37,15,11
468,frame_0529,F,1305031470.427641,0.021028645833333335,0.015188802083333333,0.0003125,48,130,1731,0,27.13433325859102,0.21169596354166667,55,36,12,7,4518,84,4602,29,13,9
469,frame_0530,C,1305031470.459721,0.021796875,0.016136067708333333,0.00022786458333333334,48,111,1745,0,26.41870659965964,0.21234700520833333,56,41,5,10,4513,89,4602,33,14,11
470,frame_0531,C,1305031470.495686,0.022841796875,0.017067057291666667,0.000224609375,55,143,1768,0,25.939591950045475,0.23220377604166667,34,22,3,9,4527,75,4602,41,20,12
471,frame_0532,C,1305031470.527689,0.022262369791666667,0.018154296875,0.00025065104166666665,55,163,1766,0,26.23978204153712,0.21694010416666668,66,52,7,7,4469,133,4602,67,48,10
472,frame_0533,C,1305031470.559677,0.022239583333333333,0.018004557291666667,0.00023763020833333335,50,163,1666,0,26.11422914780325,0.22261067708333335,72,49,19,4,4470,132,4602,60,42,10
473,frame_0534,C,1305031470.59576,0.021468098958333334,0.018004557291666667,0.000224609375,52,155,1671,0,25.813737675433806,0.217744140625,91,60,25,6,4439,163,4602,72,58,8
474,frame_0535,F,1305031470.627729,0.020846354166666668,0.018063151041666666,0.00024739583333333335,51,233,1541,0,26.29898312244668,0.22200520833333334,74,49,22,3,4443,159,4602,85,73,8
475,frame_0536,C,1305031470.65969,0.02076171875,0.018714192708333334,0.00017252604166666667,50,224,1488,0,25.6220903490769,0.25367838541666665,52,20,29,3,4469,133,4602,81,73,7
476,frame_0537,C,1305031470.69563,0.019576822916666667,0.018642578125,0.00015950520833333333,49,254,1357,0,24.344224628924454,0.258740234375,43,14,29,0,4469,133,4602,90,84,6
477,frame_0538,C,1305031470.727654,0.019739583333333335,0.019378255208333334,0.0001953125,48,239,1416,0,23.682144233085154,0.261865234375,44,16,25,3,4452,150,4602,106,97,8
478,frame_0539,C,1305031470.759682,0.018304036458333332,0.021263020833333333,0.00013346354166666666,43,263,1264,0,22.60346486990276,0.27764322916666667,40,12,28,0,4470,132,4602,92,87,5
479,frame_0540,C,1305031470.795615,0.018697916666666668,0.02142903645833333,0.00015625,40,265,1228,0,23.724015007842787,0.29021809895833334,39,13,26,0,4476,126,4602,87,84,3
480,frame_0541,F,1305031470.827831,0.0205078125,0.022766927083333333,0.000126953125,51,300,1392,0,23.84248519793967,0.2819596354166667,52,17,35,0,4462,140,4602,88,85,3
481,frame_0542,C,1305031470.859645,0.022194010416666667,0.023655598958333333,0.00013997395833333334,57,300,1587,0,24.214763358206813,0.276806640625,64,23,41,0,4447,155,4602,91,86,4
482,frame_0543,C,1305031470.895722,0.024456380208333333,0.024638671875,0.00016927083333333334,63,348,1819,0,23.05900732637362,0.27033854166666665,92,34,56,2,4425,177,4602,85,82,2
483,frame_0544,C,1305031470.927684,0.028017578125,0.026044921875,0.0001171875,66,399,2255,0,22.0866309019651,0.26741861979166665,104,39,56,9,4370,232,4602,128,114,5
484,frame_0545,C,1305031470.959647,0.031240234375,0.027249348958333332,0.00011067708333333333,79,379,3037,0,22.306594816117613,0.2681477864583333,104,46,56,2,4322,280,4602,176,152,14
485,frame_0546,C,1305031470.995996,0.03398111979166667,0.028037109375,9.765625e-05,90,390,3898,0,22.431130748350917,0.2542805989583333,150,90,60,0,4274,328,4602,178,160,12
486,frame_0547,F,1305031471.027644,0.03742838541666667,0.028649088541666666,2.604166666666667e-05,98,376,4775,0,22.558564720896996,0.2511751302083333,196,110,86,0,4209,393,4602,197,173,21
487,frame_0548,C,1305031471.059636,0.04453450520833333,0.030113932291666666,7.161458333333333e-05,114,393,5725,0,22.740293529810938,0.24648763020833334,239,124,114,1,4124,478,4602,239,201,33
488,frame_0549,C,1305031471.095777,0.04731770833333333,0.03204427083333333,0.00011393229166666667,121,417,6119,0,22.25969878649684,0.24318033854166668,261,138,122,1,4027,575,4602,314,280,32
489,frame_0550,C,1305031471.127663,0.048977864583333336,0.034195963541666666,0.000283203125,122,377,6477,0,21.609893621571807,0.24163411458333334,268,139,128,1,3955,647,4602,379,343,34
490,frame_0551,C,1305031471.159649,0.048447265625,0.03533203125,0.0004296875,126,344,6971,0,22.779187711483466,0.24476236979166666,276,166,110,0,3899,703,4602,427,390,36
491,frame_0552,C,1305031471.195703,0.049248046875,0.036848958333333334,0.0005631510416666667,129,384,7489,0,22.26181069357102,0.24799479166666666,303,190,108,5,3854,748,4602,445,375,65
492,frame_0553,F,1305031471.227569,0.051217447916666665,0.03770833333333334,0.00047200520833333334,133,437,7518,0,23.990069928968673,0.25103515625,325,206,117,2,3871,731,4602,406,327,79
493,frame_0554,C,1305031471.259722,0.05227864583333333,0.038603515625,0.0004069010416666667,135,451,7584,0,23.18310108850867,0.25125,343,222,121,0,3847,755,4602,412,334,78
494,frame_0555,C,1305031471.296068,0.05227864583333333,0.03974934895833333,0.000390625,138,380,8146,0,22.692070776554583,0.2512890625,358,230,127,1,3801,801,4602,443,356,86
495,frame_0556,C,1305031471.327642,0.05232421875,0.03985677083333333,0.00056640625,141,400,8540,0,22.562786091270898,0.248740234375,343,227,110,6,3769,833,4602,490,399,85
496,frame_0557,C,1305031471.359615,0.05310546875,0.0408984375,0.0007389322916666667,134,435,8326,0,23.278697077077325,0.246748046875,328,245,80,3,3791,811,4602,483,362,120
497,frame_0558,C,1305031471.39573,0.051748046875,0.04171223958333333,0.000703125,134,463,8683,0,22.456615809246337,0.24153971354166667,370,271,92,7,3692,910,4602,540,420,118
498,frame_0559,F,1305031471.427704,0.05262369791666666,0.042018229166666664,0.0007682291666666666,136,431,9020,0,23.349387798071085,0.24212565104166667,374,255,117,2,3633,969,4602,595,507,83
499,frame_0560,C,1305031471.459647,0.05318359375,0.042490234375,0.0007389322916666667,141,410,9073,0,23.90042990374136,0.24047526041666667,388,277,111,0,3605,997,4602,609,489,120
500,frame_0561,C,1305031471.496491,0.054280598958333336,0.042978515625,0.0006705729166666666,137,429,9046,0,24.163978152927807,0.249091796875,394,278,114,2,3628,974,4602,580,456,123
501,frame_0562,C,1305031471.527624,0.052412109375,0.042698567708333336,0.000771484375,132,444,9085,0,23.39988792119385,0.248798828125,388,271,115,2,3593,1009,4602,621,506,114
502,frame_0563,C,1305031471.559671,0.0531640625,0.043238932291666664,0.0005891927083333334,135,452,9044,0,24.25195421408208,0.25140299479166667,409,294,115,0,3576,1026,4602,617,501,116
503,frame_0564,C,1305031471.595702,0.053206380208333334,0.04445638020833333,0.0006608072916666666,131,466,9008,0,23.31960019249631,0.250185546875,389,283,106,0,3584,1018,4602,629,504,124
504,frame_0565,F,1305031471.627621,0.052750651041666666,0.044814453125,0.0007063802083333334,129,392,8942,0,23.905557308627582,0.24615234375,398,304,94,0,3553,1049,4602,651,522,126
505,frame_0566,C,1305031471.659642,0.0509765625,0.04552083333333334,0.0006770833333333334,130,389,8967,0,23.903732540916174,0.206025390625,444,349,95,0,3462,1140,4602,696,569,125
506,frame_0567,C,1305031471.695609,0.05144856770833333,0.046337890625,0.0008463541666666667,129,359,8940,0,24.136939770942142,0.20350260416666666,452,350,102,0,3466,1136,4602,684,558,123
507,frame_0568,C,1305031471.727501,0.051188151041666664,0.045071614583333336,0.0007486979166666667,131,399,8783,0,24.763725103630986,0.20692708333333334,454,374,79,1,3519,1083,4602,629,484,143
508,frame_0569,C,1305031471.759702,0.05068359375,0.045074869791666666,0.00091796875,134,374,8647,0,24.198896763325276,0.20292643229166665,445,369,75,1,3532,1070,4602,625,456,167
509,frame_0570,C,1305031471.795801,0.04972981770833333,0.04530924479166667,0.0009049479166666666,132,317,8384,0,24.07531372970842,0.19545247395833334,426,349,63,14,3574,1028,4602,602,402,193
510,frame_0571,F,1305031471.827639,0.050172526041666665,0.04455078125,0.0010481770833333333,130,297,8029,0,25.288112283470554,0.192890625,444,385,57,2,3617,985,4602,541,342,181
511,frame_0572,C,1305031471.859665,0.05049153645833333,0.04404947916666667,0.00072265625,125,277,7728,0,26.060219866871908,0.19832356770833334,422,365,54,3,3654,948,4602,526,344,177
512,frame_0573,C,1305031471.895604,0.04991861979166667,0.042822265625,0.0006803385416666667,122,220,7341,0,25.541738603034297,0.19722005208333335,402,358,42,2,3784,818,4602,416,263,150
513,frame_0574,C,1305031471.927651,0.049541015625,0.041666666666666664,0.0007291666666666667,116,190,6924,0,24.566737274419026,0.19559244791666666,364,319,41,4,3906,696,4602,332,179,144
514,frame_0575,C,1305031471.959643,0.04982421875,0.041474609375,0.0005143229166666666,108,197,6969,0,25.240627138102436,0.19201171875,344,303,36,5,3918,684,4602,340,195,145
515,frame_0576,C,1305031471.995573,0.04973958333333333,0.040856119791666666,0.0003938802083333333,105,210,6615,0,24.820438355297746,0.18997721354166666,342,293,41,8,3981,621,4602,279,139,140
516,frame_0577,F,1305031472.027638,0.05151041666666667,0.04041015625,0.0005403645833333333,101,244,6053,0,24.468733718626872,0.188427734375,314,278,33,3,4107,495,4602,181,73,107
517,frame_0578,C,1305031472.059668,0.05104817708333333,0.040813802083333336,0.00031901041666666666,100,212,6074,0,22.92400364806887,0.19669921875,293,263,29,1,4111,491,4602,198,98,99
518,frame_0579,C,1305031472.095601,0.05151692708333333,0.04081705729166667,0.000361328125,99,205,5726,0,25.550062144311795,0.19603515625,286,262,23,1,4140,462,4602,176,84,92
519,frame_0580,C,1305031472.127594,0.049547526041666665,0.04101888020833333,0.0002799479166666667,97,231,5063,0,26.05406974546362,0.18763997395833334,249,214,34,1,4209,393,4602,144,61,81
520,frame_0581,C,1305031472.159645,0.04743815104166667,0.04126953125,0.00029296875,94,266,4817,0,24.360970296113532,0.19644205729166667,253,213,40,0,4224,378,4602,125,68,57
521,frame_0582,C,1305031472.195682,0.04931315104166667,0.0416015625,0.0001953125,95,275,5326,0,24.460327453342142,0.196611328125,253,222,30,1,4196,406,4602,153,93,59
522,frame_0583,F,1305031472.227626,0.050384114583333334,0.041669921875,0.00018880208333333333,95,274,5416,0,25.080310165111705,0.20173177083333332,277,241,35,1,4168,434,4602,157,95,62
523,frame_0584,C,1305031472.26384,0.05152018229166667,0.04157877604166667,0.00029622395833333334,102,233,5914,0,22.32465828590373,0.199384765625,293,269,24,0,4108,494,4602,201,118,83
524,frame_0585,C,1305031472.295671,0.05181640625,0.041901041666666666,0.0005696614583333334,110,246,6314,0,23.230904036521665,0.18871744791666667,320,278,40,2,4005,597,4602,277,178,98
525,frame_0586,C,1305031472.327678,0.051083984375,0.04234049479166667,0.000478515625,110,210,6628,0,23.687695514759582,0.19235026041666667,336,297,39,0,3922,680,4602,344,238,106
526,frame_0587,C,1305031472.363577,0.051038411458333335,0.042047526041666665,0.00033203125,108,231,6502,0,24.627742168309354,0.1996875,338,294,44,0,3935,667,4602,329,228,101
527,frame_0588,C,1305031472.395599,0.050807291666666664,0.04320963541666667,0.00032877604166666667,106,228,6693,0,24.063653447222976,0.19692708333333334,343,299,44,0,3898,704,4602,361,267,94
528,frame_0589,F,1305031472.427686,0.05200846354166667,0.044169921875,0.0004654947916666667,109,205,7000,0,23.429381269684157,0.1921875,358,306,52,0,3858,744,4602,386,286,100
529,frame_0590,C,1305031472.463603,0.05131510416666667,0.044244791666666665,0.00042643229166666665,104,216,7100,0,25.405388927136503,0.19579427083333334,369,331,38,0,3834,768,4602,399,288,111
530,frame_0591,C,1305031472.495626,0.05129231770833333,0.044296875,0.0004166666666666667,106,232,6998,0,24.60022489251554,0.19803059895833333,367,333,34,0,3839,763,4602,396,273,123
531,frame_0592,C,1305031472.527625,0.051904296875,0.044905598958333334,0.0006282552083333333,106,232,7162,0,24.546374343682743,0.19180013020833334,383,341,42,0,3789,813,4602,430,305,125
532,frame_0593,C,1305031472.563587,0.050266927083333336,0.046061197916666664,0.0005826822916666667,109,162,7477,0,22.094295282833443,0.18975260416666667,398,335,63,0,3694,908,4602,510,399,110
533,frame_0594,C,1305031472.595675,0.04984375,0.04600911458333334,0.000546875,109,171,7503,0,25.0722661012008,0.19162434895833333,381,349,32,0,3677,925,4602,544,417,127
534,frame_0595,F,1305031472.627701,0.050133463541666666,0.04587565104166667,0.0003841145833333333,115,157,7494,0,25.348331529093777,0.1989453125,397,368,29,0,3664,938,4602,541,392,149
535,frame_0596,C,1305031472.663575,0.050302734375,0.045947265625,0.0004427083333333333,117,151,7520,0,25.178844427413548,0.19832682291666667,377,351,26,0,3649,953,4602,576,434,142
536,frame_0597,C,1305031472.695755,0.0500390625,0.046455078125,0.0007194010416666667,115,154,7580,0,25.065248749570404,0.193359375,393,358,33,2,3620,982,4602,589,444,145
537,frame_0598,C,1305031472.727628,0.050322265625,0.046953125,0.0007454427083333333,110,147,7680,0,25.093171309926248,0.1941015625,385,348,33,4,3571,1031,4602,646,483,161
538,frame_0599,C,1305031472.763578,0.049788411458333334,0.046669921875,0.000556640625,113,138,7721,0,25.10205607985581,0.19908854166666667,400,366,31,3,3556,1046,4602,646,489,155
539,frame_0600,C,1305031472.79564,0.04921549479166667,0.047255859375,0.00076171875,122,130,7785,0,24.597092366659254,0.19658854166666667,419,383,33,3,3488,1114,4602,695,506,187
540,frame_0601,F,1305031472.827627,0.04895833333333333,0.04726236979166667,0.0008723958333333333,122,130,7801,0,24.73128837533732,0.19510416666666666,416,377,36,3,3475,1127,4602,711,525,184
541,frame_0602,C,1305031472.863598,0.048776041666666665,0.047268880208333336,0.0008463541666666667,122,132,7821,0,23.983977548825965,0.19764973958333334,406,372,30,4,3471,1131,4602,725,523,199
542,frame_0603,C,1305031472.895713,0.049020182291666665,0.04795572916666667,0.0011263020833333333,118,135,7787,0,24.15830983451083,0.201298828125,407,379,23,5,3481,1121,4602,714,468,242
543,frame_0604,C,1305031472.927685,0.048642578125,0.048287760416666665,0.0006315104166666666,117,123,7769,0,24.42509162924336,0.20703776041666666,405,377,24,4,3501,1101,4602,696,450,238
544,frame_0605,C,1305031472.963756,0.04916015625,0.04704752604166667,0.0006998697916666667,118,143,7749,0,23.955737593657634,0.2053125,394,366,24,4,3511,1091,4602,697,446,244
545,frame_0606,C,1305031472.995704,0.048919270833333334,0.0473828125,0.00064453125,121,125,7747,0,23.955162893084065,0.20807291666666666,402,375,19,8,3526,1076,4602,674,419,248
546,frame_0607,F,1305031473.027638,0.04953776041666667,0.047109375,0.0006901041666666667,118,143,7753,0,23.84028417424944,0.206357421875,401,366,27,8,3522,1080,4602,679,415,256
547,frame_0608,C,1305031473.063684,0.049576822916666666,0.04743815104166667,0.0006608072916666666,117,120,7748,0,24.37205410744557,0.20794921875,411,379,24,8,3528,1074,4602,663,414,243
548,frame_0609,C,1305031473.095695,0.04838541666666667,0.047783203125,0.000517578125,119,123,7739,0,24.144324901070956,0.20882161458333334,403,373,27,3,3534,1068,4602,665,442,219
549,frame_0610,C,1305031473.127744,0.0496875,0.04785481770833333,0.0005208333333333333,121,120,7734,0,24.27292844829017,0.2039453125,410,379,27,4,3534,1068,4602,658,419,233
550,frame_0611,C,1305031473.16706,0.048955078125,0.047766927083333334,0.0006770833333333334,119,138,7795,0,22.989502375892062,0.208251953125,398,368,23,7,3519,1083,4602,685,478,197
551,frame_0612,C,1305031473.196069,0.04858723958333333,0.047727864583333335,0.0007259114583333333,121,139,7802,0,23.960690867585683,0.20367513020833333,403,368,29,6,3505,1097,4602,694,477,211
