# PCA glyphs only; endpoints are visualization of direction, not graph nodes.
v -0.48995819762771781 0.64133180795989464 0.77604182170534874
v -0.48901054188186471 0.64173720658936073 0.77785996986722206
l 1 2
v 0.59712170736846382 -0.53069099149470844 -0.95992936791326156
v 0.58789361340942925 -0.51482943334812603 -0.96170065699671159
l 3 4
v 0.42295470412926611 -0.5327926130309435 -0.16464856663143718
v 0.43291661564154688 -0.52961225795599498 -0.1654836197813741
l 5 6
v -0.068965854194569187 0.63696874863500785 1.0318944165790416
v -0.063633574101519985 0.63793144934778023 1.0331042101299428
l 7 8
v -0.51040189071147701 0.51538287056912513 -0.96294281702058093
v -0.50139804081470707 0.50970377074252038 -0.966413519573047
l 9 10
v 0.38153003829918319 0.48728794829309918 -0.60256169174760643
v 0.3818819604495961 0.48786245806752704 -0.59704663421064552
l 11 12
v 0.45804847144506733 0.56490918340523555 -0.92368005819485344
v 0.46345280743219097 0.56771448908011601 -0.92316902570559822
l 13 14
v 0.59962493072169398 -0.09793622364734432 -0.18022842264801087
v 0.59865206589085485 -0.09755175242687443 -0.17473961853355346
l 15 16
v 0.4846254367781726 -0.066267916872204735 0.33043522693474336
v 0.48734184313286866 -0.068804999873934791 0.33286600254218535
l 17 18
v -0.54519950594040989 0.50620178977867769 -0.35435346157887032
v -0.54411757741835476 0.50629468162635161 -0.34714129178187797
l 19 20
v 0.59957498245733032 -0.031476427051501991 -0.38560580069000605
v 0.59886080092890015 -0.02900758367471146 -0.38548744863097784
l 21 22
v -0.14127818135503065 0.66060015836384434 1.0123258027736466
v -0.13867258640047778 0.66108956655833584 1.013399561911412
l 23 24
v 0.014023346856510892 0.65717927201874871 1.0382484965197261
v 0.015454268052899584 0.65715392843596321 1.0374389119275396
l 25 26
v -0.53817144211592882 0.4829090282467815 -0.27306337216344528
v -0.54003354731735975 0.47562312631330761 -0.25971816918405838
l 27 28
v 0.50317852114821326 0.51832657688707828 -0.46083276094480796
v 0.50296850586747277 0.52255350715070248 -0.46436209855989174
l 29 30
v -0.53985246067236214 0.51410707207188455 -0.31936217579976495
v -0.53697613830377311 0.51802972583308371 -0.31896536316736762
l 31 32
v 0.45914901929033336 0.5690561848077117 -0.90603671214011483
v 0.46587948365079823 0.57220646568209543 -0.9073152766523046
l 33 34
v 0.38128005726493319 0.48582513264946331 -0.76602036775109028
v 0.38025588528954068 0.4847580678052486 -0.75703506647589947
l 35 36
v 0.61460213841776101 -0.10822521950814448 -0.36844070360828612
v 0.61415071306844504 -0.10982108805563726 -0.36433075263332154
l 37 38
v 0.4687886440017604 0.49964063086315152 -0.6271753564594168
v 0.46586892969819077 0.50707013688282021 -0.62317929117699677
l 39 40
v 0.48825521402544969 0.51256444423691849 -0.56491862286196892
v 0.48577486343197829 0.51603291065199752 -0.56284142981900032
l 41 42
v 0.49591891663957521 -0.064626426096977538 0.34300381420820669
v 0.49997408491682127 -0.063623874787269288 0.34372108699113413
l 43 44
v 0.57989860142866922 -0.48524239224627608 -0.95585998637336367
v 0.57537757788499044 -0.47747150498196489 -0.95672777550560362
l 45 46
v -0.56553074964567995 0.52506618203492628 -0.47190545324047428
v -0.56428375593140745 0.52971525488523974 -0.47631670709888119
l 47 48
v 0.053386962375180168 0.66300478665835738 1.0241628306365911
v 0.056886510589583474 0.6628973177193892 1.0218481404327449
l 49 50
v 0.60243473717039731 -0.079614029446759049 -0.20930102606714129
v 0.60202242664033268 -0.085112838825068649 -0.20247098664343
l 51 52
v -0.54155674360150008 0.53537629342385584 -0.96375741094203149
v -0.53627655126696916 0.53204585814169592 -0.96579275995640601
l 53 54
v -0.50870085887597849 0.61978798287831682 0.67538009743617955
v -0.50775121517492483 0.62215466124094587 0.6835445298678976
l 55 56
v -0.12760843241060682 0.64856951668979623 1.0111573481322524
v -0.12852124965344958 0.64990002676723502 1.0115536904572251
l 57 58
v -0.53170040349842995 0.57407775614997114 -0.90184330867850815
v -0.53303071756480247 0.57489523197869097 -0.89877212119972671
l 59 60
v 0.59023093814828564 -0.0048118265954313257 -0.38570051727721932
v 0.58772218589804004 0.002649836442759393 -0.38320804299881217
l 61 62
v -0.51252359300942951 0.54000340465967178 0.36807804122752852
v -0.51310318559317059 0.54496146674688339 0.39501739725284868
l 63 64
v -0.53444284394028108 0.53532007236896184 -0.53153283873426938
v -0.52926260039565642 0.53806027869762751 -0.53319685181748844
l 65 66
v -0.57959693017413738 0.52013797312979848 -0.87737346508570357
v -0.5788779920060384 0.52825217694039195 -0.87756156108311967
l 67 68
v 0.37725397797726856 0.47966142741714679 -0.73568325606710527
v 0.37690422085619701 0.47911248358215131 -0.72766203316324141
l 69 70
v 0.5413182659506891 0.17106501986705933 0.31689730085447926
v 0.5415531711220648 0.18035442898547974 0.307657869681562
l 71 72
v -0.52593712999383424 0.51669997671257695 0.16552068182295429
v -0.5254599551959851 0.51771204969275753 0.16963772586518658
l 73 74
v 0.3782806233084669 0.46341941765350186 -0.67303969189242008
v 0.37880601132745839 0.46599896737533725 -0.65769742206021664
l 75 76
v -0.53992183072583788 0.51842701144642123 -0.31044740985953045
v -0.53764860765917188 0.52152717403941862 -0.31013379980004596
l 77 78
v 0.54958933296298962 0.026784889834361052 0.28216586301735458
v 0.54950267372035999 0.027399725777668978 0.28337379505225602
l 79 80
v 0.49428430072370416 0.48183426100933169 -0.35786592212887114
v 0.49431124456819647 0.48214230101383115 -0.35213632138995821
l 81 82
v -0.52104858153631883 0.50857619710914514 -0.12801910589471688
v -0.51928766972253126 0.50880988172538855 -0.1120733802483953
l 83 84
v -0.54683934091673514 0.46636038435307192 -0.26861921382504522
v -0.54449178338898996 0.46377820359858823 -0.2544932024423498
l 85 86
v -0.48663274348066998 0.64414179545161232 0.78047717447616816
v -0.48378028571320819 0.64373278397801414 0.78450786237380743
l 87 88
v -0.57960824788818766 0.54790578563628423 -0.89241510400733959
v -0.57581491647948813 0.5536675624090649 -0.8942275666240691
l 89 90
v 0.50088420876472672 0.47349459275677686 -0.32911909382349291
v 0.49976297846824441 0.47707616940066333 -0.32937955100530347
l 91 92
v 0.086161301946951652 0.65121075194634104 1.0048495102274067
v 0.084549783253358102 0.65205732304297781 1.0067614745748394
l 93 94
v 0.59082268779293001 -0.48907659726412678 -0.96905623160869669
v 0.58716882164463102 -0.48279620928494549 -0.96975757397144247
l 95 96
v -0.55767780503573972 0.48604515740079768 -0.33054099458488378
v -0.55733686724361819 0.48338826945619695 -0.3273627958890542
l 97 98
v 0.60469531392154341 -0.056568838497235048 -0.39149066964984441
v 0.6036803784460103 -0.052471451620028746 -0.39183041294216608
l 99 100
v 0.46333380753651815 0.5631882742130363 -0.92772616544960518
v 0.46828482334955973 0.56575826852683186 -0.9272579987883709
l 101 102
v -0.5507324611781178 0.49183872974309434 -0.33076154994182982
v -0.55068603400010485 0.48968257867899428 -0.32776540709323487
l 103 104
v 0.61003729020939457 -0.078713601289744431 -0.38288743406082165
v 0.60885242307795895 -0.073921764434819168 -0.38383476824020374
l 105 106
v 0.37725522761375752 0.48301694622015867 -0.67635757696291143
v 0.37810060734717998 0.48507483968758669 -0.65708236921171015
l 107 108
v 0.46833960991038814 0.52990324356380558 -0.57830045569220045
v 0.47355229873524174 0.52634172580417538 -0.57378437173089525
l 109 110
v -0.53811542139133972 0.54018564562352611 -0.50764827599035878
v -0.53754504575648743 0.54153542180506276 -0.50440640578759532
l 111 112
v 0.47708721926494507 -0.012538010952881772 0.32412219976356971
v 0.47685800025180908 -0.0064698320348940304 0.32514577175208581
l 113 114
v -0.54782619493698992 0.54669938949757868 -0.46462583708049165
v -0.54660198671126448 0.54731287093943304 -0.46529418063877714
l 115 116
v -0.50517186437529382 0.48984232715592446 -0.77851272472241173
v -0.50276485170441809 0.49075272508635459 -0.758456340943787
l 117 118
v -0.53186999769931431 0.48912113687936321 -0.16540870157788659
v -0.53016413239712123 0.49148488261755452 -0.16080248268534278
l 119 120
v -0.51042732540421509 0.50083068285302379 -0.044130056204379979
v -0.5094924276704309 0.50029465284033559 -0.039313510952411708
l 121 122
v -0.51465292173776123 0.50307378958019944 0.044598476649808177
v -0.51553921502676514 0.50374951173510818 0.049455492137385121
l 123 124
v -0.50283219948648616 0.5720953431409197 0.41875350488354207
v -0.50298056468129948 0.57427566382471751 0.42667686926196574
l 125 126
v -0.51096554633762858 0.60004641665589997 0.5673098697641582
v -0.51092986229274251 0.60051272259580901 0.56983409977166943
l 127 128
v -0.47021775505084928 0.63069423169126682 0.81248846770035743
v -0.46695054510097567 0.62699321776399441 0.81793138264906884
l 129 130
v -0.11110768151816296 0.66354079816105016 1.0289192930027593
v -0.10933471786442829 0.6633340540194308 1.029351161403979
l 131 132
v -0.44625634471919179 0.62073034885184053 0.84095520793661271
v -0.44344526012394786 0.62106411812051054 0.84343700588479842
l 133 134
v 0.56650583494208406 -0.1264779204436145 -0.010021824833688336
v 0.56829602968193937 -0.10031919833938265 -0.012225253063502712
l 135 136
v -0.43901740860234406 0.52920442523969924 -0.40165732890564915
v -0.43513167548884246 0.52916270790086473 -0.39464880436461452
l 137 138
v 0.46520143404963371 0.5309063991248304 -0.97938773802967383
v 0.46541333540913704 0.53361682093742546 -0.97494234867839502
l 139 140
v 0.53524907332480665 0.20916299318500969 0.34256579256281861
v 0.53436056870400195 0.21619366312793281 0.34502123021855347
l 141 142
v 0.58669549759060946 -0.40523204847508876 -0.17569539423742381
v 0.58715968791811857 -0.40034999803370031 -0.17616521839342031
l 143 144
v 0.62107744651198471 -0.15066347520342199 -0.33545722315851428
v 0.62035235924363052 -0.14491723973760279 -0.33715502669271252
l 145 146
v 0.4486748390535803 0.51941802833076323 -0.96727491693245182
v 0.44275661179023074 0.52588078644279634 -0.95009301824821224
l 147 148
v -0.063102571633736865 0.64525347683655099 1.0118848506235656
v -0.050742553206999517 0.65709263350738212 1.0188017662740174
l 149 150
v -0.50140676054451572 0.63180048691319013 0.73342206915004704
v -0.49852588620688804 0.63316027892543292 0.74333664934055355
l 151 152
v 0.072830513133673294 0.65911375548837203 1.0099894809510801
v 0.075665876255364792 0.65883732769491654 1.0097725582334902
l 153 154
v 0.47299201204814345 0.48481815613420909 -0.17338769985634864
v 0.47291140840015977 0.48290789567319448 -0.16878945277731836
l 155 156
v -0.51416972223572754 0.49903285775498607 -0.041461206080497685
v -0.51323482450194335 0.49849682774229787 -0.036644660828529414
l 157 158
v -0.26147592706804812 0.64141597319508681 0.9496078010749418
v -0.25615822629804075 0.64170799683665147 0.9523777250099581
l 159 160
v -0.48365251877502696 0.62219230424566974 0.78842800068097607
v -0.47998769423766835 0.62162156809167157 0.79589492870134815
l 161 162
v 0.6358399255340238 -0.52527743600998222 -0.88594674909124715
v 0.64323700832675501 -0.53983730054702461 -0.87102091467370646
l 163 164
v 0.49603424899628151 0.50548960997816961 -0.56493899591069674
v 0.49811221725890648 0.5047112481379803 -0.55794992678064848
l 165 166
v 0.54018596419165721 0.20076435643029431 0.32268119188551886
v 0.53945692769219289 0.20075869721579334 0.32967662481064813
l 167 168
v -0.51309169923298004 0.50811221221745384 -0.096657750604153936
v -0.51259063089855073 0.50800285717188942 -0.09084955096483105
l 169 170
v 0.47526062266636893 0.035969359317766486 0.3424268363205395
v 0.47359364493082956 0.04069223489428872 0.34309107082209966
l 171 172
v 0.55250828280876241 -0.020157591322810895 0.27898154062273339
v 0.5532057999091331 -0.013183432748167268 0.27405520874021216
l 173 174
v -0.4248483456392575 0.62805714176077154 0.85635363803707809
v -0.41900220739647859 0.62932131721597406 0.86054957164920121
l 175 176
v -0.51030041454098118 0.53766926220134981 0.28793264847078437
v -0.50930724861362087 0.54159180232806914 0.2978176929446209
l 177 178
v 0.59119047343053077 -0.14177144506194272 -0.024404664737895577
v 0.59103141606531884 -0.14216803571961245 -0.023970718281551749
l 179 180
v 0.46956788687229478 0.53430769566567549 -0.97278930733796742
v 0.4697571477460829 0.53672852393118731 -0.9688188831985316
l 181 182
v 0.38248963539780079 0.52208055425735889 -0.4443220960913602
v 0.38170574719726147 0.5240528447523457 -0.43505836846247281
l 183 184
v 0.6183241469096683 -0.12714009354424818 -0.3485298056091215
v 0.61765636380200162 -0.12163954605745926 -0.35272027068482381
l 185 186
v 0.48236049606109049 -0.062483949533967902 0.33066077491033413
v 0.48209600256180379 -0.059779981204004358 0.33024953345071933
l 187 188
v -0.51749365151958038 0.53073914535705435 -0.60073257616511977
v -0.51881332575245331 0.53231768123443735 -0.59521137544163072
l 189 190
v 0.6182515961381414 -0.14068128765778415 -0.34603174604219189
v 0.61794146473679756 -0.13879928885741361 -0.34648756109434375
l 191 192
v -0.0030788853794981291 0.65207146484624545 1.0412739427528868
v -0.0012026340670238684 0.65140355746973355 1.0413287965812197
l 193 194
v -0.43724267326854271 0.46871492582476126 -0.69012815938696381
v -0.43734730638004737 0.46911921781384958 -0.68430130495324615
l 195 196
v 0.48076623240350702 -0.047072599030000516 0.32938781845836496
v 0.48113513430715582 -0.045060185396211795 0.32920768391819144
l 197 198
v 0.6188254043785848 -0.15235562015498888 -0.33147115324390442
v 0.61837604787666423 -0.14942266654049147 -0.33168481971370667
l 199 200
v 0.50247141358908043 0.5024723071480518 -0.52180981028073847
v 0.49774459364358559 0.51010701471321529 -0.52190936219698369
l 201 202
v -0.50932351884300509 0.56581143424014013 0.43054490893840119
v -0.50969966116492949 0.56728657200833399 0.43839717298985198
l 203 204
v 0.53772760174281919 0.19421041415024018 0.34025278129774877
v 0.53764771678440249 0.19655957414817596 0.33793566188615015
l 205 206
v 0.58718801232998408 -0.39617469761951385 -0.17633228990628574
v 0.58775579241092168 -0.39174971129314484 -0.17619970944330837
l 207 208
v -0.58918896359655959 0.52638236486369205 -0.88754948631496056
v -0.58693847018029588 0.53403051889485287 -0.88996032222538368
l 209 210
v -0.45463816726360701 0.44240444847653193 -0.61861676629680107
v -0.45668710863437273 0.4414540534346314 -0.60496335569721749
l 211 212
v 0.54494631304057273 0.094572948074341301 0.31539633873570849
v 0.54498100267140237 0.095783634328841682 0.31522163745295118
l 213 214
v -0.21111999751105665 0.64865235110099273 0.96920727407402885
v -0.2085023939512694 0.64908822755043549 0.97036720598273385
l 215 216
v -0.51827215376411839 0.50410021052034437 -0.15366047523081494
v -0.51607681092704372 0.50728499188749254 -0.13836735584676074
l 217 218
v 0.5845208236855749 -0.39542469237430511 -0.17283313963010166
v 0.58508860376651251 -0.3909997060479361 -0.17270055916712429
l 219 220
v 0.46754297562645719 0.57246061410512172 -0.90851253922587261
v 0.4714313452620621 0.57452908907328404 -0.90445523802632466
l 221 222
v -0.19613708969300264 0.64717554027278068 0.97868425247172963
v -0.1908651697998715 0.64709771698277352 0.98039775493641246
l 223 224
v 0.10477589509509176 0.64527194564150259 0.98615077345684643
v 0.1072530553577128 0.64471287663175181 0.98451456219836597
l 225 226
v -0.41097934588099633 0.62831736806539029 0.86823490367623668
v -0.40952746526097145 0.62850760217997104 0.86903867019919057
l 227 228
v 0.60088094598739361 -0.12154867673724051 -0.10828495103881892
v 0.59424654119522358 -0.12020399247796182 -0.094949095658797653
l 229 230
v -0.46209701670444026 0.44878873730611346 -0.55170890228640901
v -0.46247300730907903 0.45046671723413922 -0.53992584807980193
l 231 232
v -0.5135798089105752 0.5238113663035544 -0.96739923987519238
v -0.5076374180715415 0.52006325508774198 -0.96968984570372607
l 233 234
v -0.52038198335557317 0.52189735009760296 -0.98296104904038284
v -0.51170570032210017 0.51642486021428669 -0.9863054848112407
l 235 236
v 0.50301487438464187 -0.081956576069635328 0.32977895089504849
v 0.50492994792675949 -0.080296133199888292 0.33083184412600863
l 237 238
v 0.56431663862349357 -0.45874341811613406 -0.17310054431337801
v 0.56673871644852791 -0.45479420338197385 -0.17331566085439237
l 239 240
v 0.59545362380723088 -0.098565833236940195 -0.15641180242498151
v 0.59825157734175594 -0.10222016129278393 -0.15090420280496844
l 241 242
v -0.5219209606390004 0.50514576739350847 0.035538655882886377
v -0.52357848336887314 0.50644125634153792 0.041592272752710852
l 243 244
v -0.53380246095752892 0.48446142684433596 -0.18418944105550125
v -0.53267149991893592 0.48602855194594724 -0.18113559260920212
l 245 246
v -0.47097758715306492 0.64879483591191489 0.8088851129449488
v -0.4692461662992361 0.64775090803034585 0.81260465031493889
l 247 248
v -0.52432363034160157 0.56661325502597726 -0.92651372380651909
v -0.52699453829853515 0.56928664636409843 -0.91931325964532418
l 249 250
v -0.067090250624050426 0.65866538008420839 1.0321158338113359
v -0.061311297046313953 0.6554797081115924 1.0322846006826827
l 251 252
v -0.28046409234364772 0.6448308944960891 0.9382578543154767
v -0.27752759113947606 0.64517264363562477 0.9398774692089984
l 253 254
v 0.5459312731551359 0.035231192787555161 0.3326458675585946
v 0.54521889144905111 0.043694811681839522 0.33384164741409217
l 255 256
v 0.25866716395529121 0.6662676134480422 0.93996426274427247
v 0.26901472319451958 0.66306247326002665 0.93243625948778319
l 257 258
v 0.6104789780708092 -0.11421570005951188 -0.12578779717949815
v 0.6096661282448036 -0.11584253785075881 -0.11934289077254349
l 259 260
v -0.35712773767548173 0.62972444160406327 0.88940689989849531
v -0.35382233890456588 0.6299366368490007 0.8906696038551668
l 261 262
v 0.54815055415199543 -0.0013326066495532004 0.32455463699689868
v 0.54802332833244061 0.0031570052910277454 0.32479731746324536
l 263 264
v -0.40169127158571977 0.62696242621472498 0.87504903304667159
v -0.39749781914304 0.6271156043715177 0.87708838951497392
l 265 266
v -0.45395059050158487 0.49012772983058916 -0.84078075646711792
v -0.44714783965512289 0.48739029222980512 -0.83037779570268189
l 267 268
v 0.31463632669248709 0.64740410464806997 0.89970827302927825
v 0.32854821596345773 0.64937302452520884 0.89528786935811189
l 269 270
v 0.54924800591598921 -0.48260229530612514 -0.18068872191653745
v 0.55449435515273637 -0.47539133128841832 -0.18059648773922427
l 271 272
v 0.48239198510618986 0.55967444442015346 -0.93147151459582322
v 0.49369641954926669 0.55291753746766392 -0.93119282733075148
l 273 274
v 0.48877913227311875 -0.072085216283730894 0.33412946007263511
v 0.49129455814130996 -0.073313042879171939 0.33573436000335366
l 275 276
v 0.60234591402755766 -0.065347193418066829 -0.38591971150857857
v 0.60051992497695894 -0.056766697527844578 -0.38689569481390068
l 277 278
v -0.11750929649509466 0.65538062229662064 1.0084737672170716
v -0.11050497893653834 0.65849612578840133 1.0139113531747741
l 279 280
v 0.55283612621240896 0.021629747277659789 0.2689710177868096
v 0.5522144375998469 0.026040546321707353 0.27763665538137278
l 281 282
v 0.33213871274928269 -0.57382014262616066 -0.17333633428780054
v 0.33934694971104445 -0.57275936138690087 -0.17370965355666662
l 283 284
v -0.55490908853665988 0.56489153823419125 -0.90732915194891883
v -0.54653336770876249 0.56946960964636295 -0.90756767002678917
l 285 286
v -0.50580916674240983 0.62150303482107994 0.71230854196152782
v -0.50468852250472152 0.622711380729152 0.71806155043043995
l 287 288
v 0.61039989083845936 -0.074752206133511911 -0.38654125615719986
v 0.60956270605485119 -0.07098569519648229 -0.38741462543841171
l 289 290
v -0.53601605822168097 0.54881183959921975 -0.48686506919078837
v -0.53544812272466913 0.54965479515114646 -0.4849055153924941
l 291 292
v -0.56763387660492548 0.5036847190903021 -0.41652441083853126
v -0.56424211521636358 0.50640241336361635 -0.41019272745187402
l 293 294
v 0.47743722990517495 -0.057942170137505307 0.32458619850293402
v 0.47729411527152182 -0.056940127676387058 0.32435662967547174
l 295 296
v -0.011631781046125191 0.65969630972402438 1.0348229604367611
v -0.0083261394902736964 0.65759685739023344 1.0345101160402896
l 297 298
v 0.5957323597292884 -0.37363115981352291 -0.179453250044493
v 0.59657272831392449 -0.3702745036767725 -0.17959055674681254
l 299 300
v 0.61781211976631556 -0.1162056497243493 -0.14037454424782209
v 0.61661580915824499 -0.11462053442920753 -0.13651746214942523
l 301 302
v 0.38747741290212179 0.54409608988159774 -0.4086181511260501
v 0.38542602948069071 0.54436232896453263 -0.39972174269185151
l 303 304
v -0.48993898071051795 0.62231479754079899 0.78129406545806057
v -0.48873125873802942 0.63031567464242855 0.78164450551819675
l 305 306
v -0.17465557912800206 0.64960011311332067 0.9841614509277451
v -0.17216891785647975 0.64995220832070033 0.98522202723692776
l 307 308
v -0.504604238382238 0.50500257816311322 0.026516441778463788
v -0.50690768350039139 0.50658718738559283 0.033611677064376407
l 309 310
v 0.62355868052483687 -0.48610764585996924 -0.91387624500636178
v 0.63007386494635453 -0.49249351180528345 -0.91127603294011039
l 311 312
v 0.60385991624865587 -0.14079918705411365 -0.1849081329822562
v 0.60177133985485975 -0.12421745813898633 -0.17182074861526273
l 313 314
v 0.41331580391734529 0.6400903783130113 0.83117678330267197
v 0.40469410905033659 0.64226814887052142 0.84074196650659316
l 315 316
v -0.44518122925008524 0.45260627108396229 -0.73760820238743008
v -0.44483562455927145 0.45021062058626476 -0.71681999356593906
l 317 318
v -0.51658045667398766 0.48193585585824117 -0.71805175162942725
v -0.51565421205770179 0.48640227604636088 -0.70174233101217431
l 319 320
v -0.49227530516572643 0.63676276494929718 0.76507762230667342
v -0.48979412756971669 0.63848242471745087 0.77267357550826798
l 321 322
v 0.60438467742228907 -0.4988754117978571 -0.97227591535537017
v 0.59730587719654638 -0.48670813197960872 -0.9736346576503061
l 323 324
v -0.56656519868813415 0.5162374562730172 -0.46037503169171312
v -0.5668195059017096 0.51173667245012733 -0.44778219773180983
l 325 326
v -0.46620672231591981 0.61462161942009286 0.81783418959946375
v -0.46303404087148864 0.6155047615003173 0.82203597717910071
l 327 328
v 0.60975380500012422 -0.087763809564529061 -0.37377625386725016
v 0.60786299149340606 -0.078117451664986015 -0.37705648262490682
l 329 330
v 0.61484290671679664 -0.10586281863629261 -0.37814998269215006
v 0.61379609989788841 -0.10119774194777569 -0.38146794199809653
l 331 332
v -0.50777146559984676 0.51994861404148895 -0.6191740818939141
v -0.50864699143140324 0.52132807930262726 -0.61467246332550729
l 333 334
v 0.49142261392697351 0.50766284802976258 -0.57659247532042424
v 0.49183062665835364 0.50851373335298888 -0.57302185878602108
l 335 336
v 0.55162584683848037 0.035372106019597047 0.29754353627363178
v 0.55109095671223984 0.03560193103160382 0.30259101525148419
l 337 338
v -0.50004763173900424 0.49118449773056655 -0.0082967166912432822
v -0.50061719846882047 0.49173704300658555 -0.0017685147810105172
l 339 340
v 0.46936843856471527 0.47776490765642132 -0.1560486861211938
v 0.46877254978519928 0.47644787711072956 -0.14660155692270574
l 341 342
v 0.4766322502291796 -0.026725688527531072 0.31555619319984568
v 0.47601388605469491 -0.0173330441608959 0.31613097110679494
l 343 344
v 0.61190295493453128 -0.41661175790036725 -0.33797707347220945
v 0.61110627377182858 -0.4195009797552724 -0.33301947327309084
l 345 346
v -0.44688448068364028 0.48758102329442582 -0.5847699067824963
v -0.44792297724024888 0.4883323225193254 -0.5728531458145496
l 347 348
v 0.58714197295912784 -0.37582144667997602 -0.17580640208706558
v 0.5889281211494537 -0.37028225729570147 -0.17607620465770066
l 349 350
v -0.17390900693794892 0.65508719157797657 0.99169401662413581
v -0.16862160123923614 0.65597240257638134 0.99476428492005364
l 351 352
v -0.56412794696165547 0.502607238617373 -0.40443958271399066
v -0.56391188992188945 0.50165532794909429 -0.40260772477731183
l 353 354
v -0.53586636404671084 0.54132952506253962 -0.51093028951813069
v -0.53706826348624814 0.54156968777467962 -0.50759042333434734
l 355 356
v -0.50483481868211166 0.49675882916336411 -0.016157567539913688
v -0.50505943314131363 0.49706934828872329 -0.0075547452627586966
l 357 358
v -0.57214464228791106 0.55046858488701012 -0.87854280759120829
v -0.5673919768984903 0.55725393594123696 -0.8816932172653591
l 359 360
v 0.57205438595704061 -0.48855282495728886 -0.96923629494627628
v 0.5699220897585966 -0.48488776256331051 -0.96964557913819638
l 361 362
v -0.50190535368335443 0.51170420512747938 -0.65459561130610677
v -0.50206312356579108 0.51306045189308946 -0.65092313506993082
l 363 364
v 0.34964416259687287 -0.56074561647228427 -0.16713557936880616
v 0.35240056282121796 -0.56003234811969571 -0.16710578105714294
l 365 366
v 0.49184026547771509 0.51428561536067396 -0.54560786137784256
v 0.4925299065460581 0.51421315344578356 -0.54262882818972336
l 367 368
v -0.52046318497503186 0.50258146092837397 0.042042950457574883
v -0.52114479098474598 0.50310112669522222 0.04577825003242298
l 369 370
v -0.34809387746854781 0.63666016202067355 0.89567694302667444
v -0.3409860032458687 0.63688760657216092 0.89812233809362585
l 371 372
v 0.37539745572433258 0.53929063704979419 -0.37165061928492849
v 0.38181864020004486 0.54225435825812818 -0.37798132203358348
l 373 374
v 0.44959385167891414 0.55951017323759578 -0.91659421412997877
v 0.45618670213883489 0.56202441271516301 -0.92211668999142016
l 375 376
v 0.53891079294408883 0.11071905050878797 0.35086663844577004
v 0.53854580056939994 0.11422208394403185 0.3535608422518618
l 377 378
v -0.55353478813369805 0.45222382446921705 -0.30757014718029013
v -0.54953523254196113 0.46029676297508837 -0.30313457284000406
l 379 380
v 0.62640981688054698 -0.49273856305881925 -0.92312552051206798
v 0.6324817656084667 -0.49868999099925571 -0.92070220394471913
l 381 382
v 0.55625383629841185 -0.047064023881542218 0.32902746228798141
v 0.55651898608165407 -0.045641538829219806 0.32860906095878373
l 383 384
v -0.44090843883981706 0.51469179859946113 -0.44110727469443389
v -0.4374003938055992 0.51545181998421807 -0.42903846343041352
l 385 386
v 0.5843952985420322 -0.085333041848230221 -0.030210509043732681
v 0.58470510524367336 -0.085721693931532048 -0.022856117147406541
l 387 388
v 0.38671169050571308 0.62135970520555728 0.84773273098902768
v 0.38533904782894268 0.62136459422528989 0.84913747679753238
l 389 390
v 0.57284402737060913 -0.43745697632481628 -0.17431389961909205
v 0.573698164134823 -0.43432741269419617 -0.17415619220067113
l 391 392
v -0.50311132509247269 0.49867539844869635 -0.70024194977192877
v -0.50264111917480025 0.5007562712633703 -0.69466588237376214
l 393 394
v 0.54569282338627478 0.026063233260021568 0.32882761355660511
v 0.54550085260859826 0.027809236552610039 0.32915712002493785
l 395 396
v -0.5201642080768385 0.50618456170504633 0.043313926375152627
v -0.52084581408655262 0.50670422747189459 0.047049225950000724
l 397 398
v -0.52279316937406251 0.50835060389772246 -0.17302133168888245
v -0.51962817156832031 0.51273620812162568 -0.16447512779521789
l 399 400
v 0.54129491249582484 0.15021986011078373 0.33790376343222117
v 0.5407962997768192 0.15856209155509457 0.3389759405663445
l 401 402
v 0.45183605162428608 0.56279626555519446 -0.90991166682532021
v 0.45401102097703228 0.56369873814506188 -0.91157921700188926
l 403 404
v -0.55529284330980477 0.52559805782270774 -0.42168393700521745
v -0.55529272702558341 0.52464615432786599 -0.41910067231256209
l 405 406
v -0.078598240708340678 0.64709462407532825 1.034377574005638
v -0.076666792536745992 0.64746628519591198 1.0356693276972428
l 407 408
v 0.48462843318932403 -0.021760189066860527 0.32981581531846171
v 0.48440540412909638 -0.017787731160190254 0.33005373634016866
l 409 410
v -0.29431435837128622 0.63589855956900887 0.92802877469002831
v -0.28205063567778604 0.63700631332527824 0.93487648921072852
l 411 412
v 0.48157975987372659 0.57348369937599086 -0.89854922162560324
v 0.48853923960747458 0.57180071491539097 -0.89695439470740457
l 413 414
v 0.595971572236206 -0.11226340230788251 -0.067289095138308899
v 0.59586478488049321 -0.11230472627793292 -0.063446004177334411
l 415 416
v 0.59054971217980079 -0.082431100043258945 0.0079711194214838587
v 0.58941220760474511 -0.083166368571319302 0.026003353011844768
l 417 418
v 0.3422809206648435 0.52310132699542999 -0.36073670850139389
v 0.35352301963132959 0.52640462202495575 -0.36361636652607193
l 419 420
v 0.095953376700483456 0.65201129464394247 0.99696284589827455
v 0.094128204772867069 0.6525265976976713 0.99926954450547301
l 421 422
v -0.57357098064918033 0.55460432591071307 -0.88992492281254687
v -0.56980012454491147 0.55880710063347638 -0.89200635827723584
l 423 424
v 0.40465831376718525 0.50684830821915294 -0.87853495628745237
v 0.40103173635793682 0.5031451257331786 -0.86947448699562868
l 425 426
v 0.60893172167107723 -0.071092851291165451 -0.38694636682642475
v 0.60810333348944523 -0.067200176586642166 -0.38738913675176129
l 427 428
v -0.54635077872387772 0.53211657380413424 -0.53308723643860134
v -0.5417032822120964 0.53577752733874906 -0.53468038364806858
l 429 430
v -0.52723818710003134 0.51451874679600151 0.12575950932657787
v -0.52721101353015665 0.51494597488368599 0.12866574811780385
l 431 432
v 0.37496614070988543 -0.54689109450411011 -0.16540752591448549
v 0.38057738927744977 -0.54584181183744263 -0.16550348458928343
l 433 434
v 0.49555195408430935 0.51587932768119737 -0.54551007190974998
v 0.49614863557252048 0.51583880719886854 -0.54266284068790627
l 435 436
v -0.40063015950679426 0.62590869322509035 0.86959821674214954
v -0.39788992868900652 0.62600878819733397 0.87093084362161999
l 437 438
v -0.5222675009027179 0.50328306961121927 -0.1110990528199249
v -0.52101596162169617 0.50309069347319235 -0.098997947182936127
l 439 440
v -0.52492452893800989 0.4920037837194226 -0.18164669382205331
v -0.52212725843839392 0.49587984369528076 -0.17409343612560904
l 441 442
v 0.29240180836629043 -0.57954299961168221 -0.16616396964985122
v 0.29471562518168321 -0.57872676338117668 -0.16633455096286545
l 443 444
v 0.46200574763355662 0.49431944721568433 -0.63856279770771951
v 0.46072410218181203 0.5025601900256792 -0.63000989039500266
l 445 446
v 0.57877819097825489 -0.48497678097047831 -0.97042129744923511
v 0.57535846673658886 -0.47909884397230124 -0.9710776973780354
l 447 448
v -0.58481042879587386 0.50730607497359115 -0.87877680508300648
v -0.58392889005178239 0.51725544941758317 -0.87900744231536998
l 449 450
v -0.31409239561413893 0.64371019391500128 0.92254579791001423
v -0.30784785955096117 0.64460367174661981 0.92702996007033245
l 451 452
v 0.53944412117194085 0.17330615370755778 0.34605527999175806
v 0.53929742927361579 0.17878146321291341 0.34424882052170019
l 453 454
v -0.35740170796948051 0.63774131657550359 0.89653057389694157
v -0.34911384264392281 0.63827336905529475 0.89969664282363948
l 455 456
v 0.61512323801726154 -0.42191307099597286 -0.36512004170829881
v 0.61462095792084881 -0.42241634575588871 -0.35926188196723829
l 457 458
v 0.5857045664905608 -0.088838218111073772 -0.047668340470994414
v 0.58244979237326977 -0.082738654356920918 -0.037455630633627474
l 459 460
v 0.63966417956180899 -0.49844144826179543 -0.8966421218929036
v 0.63397466492824228 -0.49211115593666038 -0.90239247359659835
l 461 462
v 0.53437899974711156 0.23524508832643376 0.34580165370517041
v 0.53362453552357936 0.24334915520002498 0.34445392862744068
l 463 464
v 0.38365662070811107 0.62094151491251659 0.85002490856402468
v 0.38507020500600025 0.62076271062764454 0.8486731352592175
l 465 466
v -0.044147205294167241 0.66363129831663314 1.0411011404091077
v -0.042829628347361842 0.66898896478303727 1.042340355486278
l 467 468
v 0.010066200219747827 0.6523961615873779 1.0416977935351897
v 0.013535104519965842 0.65446917292342532 1.0411853260479402
l 469 470
v 0.55972280355839132 -0.46407309053909634 -0.17181457194855437
v 0.56271944192500711 -0.45995429278838779 -0.17176188912818208
l 471 472
v 0.61745138281977141 -0.14677221364283599 -0.3266553934379679
v 0.61705903893315828 -0.14230876379704438 -0.32798343340910852
l 473 474
v 0.54149108510320498 0.076298985192322893 0.33339271097218198
v 0.54101640600855039 0.093164232066130476 0.33408799619639712
l 475 476
v 0.57359069778841265 -0.4305719657788547 -0.17269730502912084
v 0.57475024268705122 -0.42683274308344998 -0.172434122020516
l 477 478
v -0.50690168471902886 0.49977812509747449 -0.038280873697792199
v -0.50525301365285835 0.49883284826067981 -0.029787004786933753
l 479 480
v -0.55292804143247121 0.45426672504484367 -0.29350873299949587
v -0.55096750357332713 0.45352941944062997 -0.28447410992271482
l 481 482
v -0.49297620136866782 0.61613193146985545 0.77352125157093155
v -0.49139403025975015 0.61280152209002003 0.77877634059215439
l 483 484
v 0.50100574950761845 0.46539215538262413 -0.3803489027718952
v 0.50079359550886104 0.46652604844809487 -0.37897880690294
l 485 486
v -0.53130094457076837 0.49736101628745327 -0.85530422118070915
v -0.52581520628524969 0.49433742760216465 -0.847270627948014
l 487 488
v -0.53894265704214572 0.48667065027929307 -0.31480128550628478
v -0.53406051583230496 0.49425216790460585 -0.3113284013261432
l 489 490
v -0.53462434940433678 0.48323512088272708 -0.18748817071362808
v -0.53349338836574378 0.48480224598433835 -0.18443432226732895
l 491 492
v 0.53679522754786724 0.21588262573363873 0.34686506167022485
v 0.53633871791722065 0.22324511751053241 0.34551071748169165
l 493 494
v -0.48946246039310531 0.61704499653555234 0.77658757200635975
v -0.48921344149669571 0.62339572974466007 0.77568367490373547
l 495 496
v 0.64896790771283552 -0.51151978802033948 -0.88772643707605037
v 0.65185244293413713 -0.51719749141386462 -0.88190602161077825
l 497 498
v -0.51564401756163314 0.54448213991142069 -0.5498649370375458
v -0.51729470123414323 0.54348716321968282 -0.54580981615154112
l 499 500
v 0.54759386793563358 0.0082589032632865694 0.32523789979185164
v 0.54645832761337765 0.015897784517928146 0.32552239321504534
l 501 502
v 0.541510448177971 0.18958509074463209 0.29535959949680796
v 0.54040123490460956 0.19872033489928881 0.30039496431163321
l 503 504
v 0.019318730235286519 0.64425136029644103 1.0284517163632523
v 0.018546997904590801 0.64575456202106385 1.0301689749361862
l 505 506
v -0.44589096144603518 0.53402887550598144 -0.43294314574471227
v -0.4410383121593115 0.53508020671600343 -0.41624846030005702
l 507 508
v -0.44695764332654142 0.48531435129254719 -0.79381022834898496
v -0.44517690390704012 0.48443527820498089 -0.78385474300263858
l 509 510
v -0.50447677447081685 0.61578235554444116 0.69321518584667452
v -0.50365687535523296 0.61779358458769995 0.70420677021564237
l 511 512
v 0.41314667059461108 0.50380748087240701 -0.88369134497866253
v 0.40931582854708204 0.4996729535453176 -0.87490567135587116
l 513 514
v -0.53042141535217957 0.4995795120026475 0.2585357961415306
v -0.52699943444793029 0.50936321127158346 0.25206745293149796
l 515 516
v -0.54613468958026068 0.51091422734962733 -0.31551519691015872
v -0.54411854432934625 0.51472781004203527 -0.31296535671685544
l 517 518
v -0.5563312084117632 0.52906726890870237 -0.42969036013009504
v -0.55647535019724559 0.52709842628172732 -0.42651522248861834
l 519 520
v 0.46932300659533022 0.51475514752579532 -0.61138230251965953
v 0.47366395858411314 0.51165531294631161 -0.60723227572741079
l 521 522
v 0.033085949949098206 0.66033294184787095 1.0223911886951857
v 0.034742444523500823 0.66133639828579605 1.0232702607371873
l 523 524
v 0.48421322707058112 -0.083896327679630581 0.32217838901479884
v 0.47885037060855706 -0.07698975139332169 0.32032207113305883
l 525 526
v -0.55016596246670513 0.46422667222104286 -0.31132499092207494
v -0.55044488977481099 0.46952419562258507 -0.31573744899644313
l 527 528
v -0.041889685074416351 0.6476110027246843 1.0414921486583906
v -0.039108534475239563 0.64840616722770827 1.0426636492999835
l 529 530
v 0.33858486884854821 -0.56242656521926881 -0.16791146762908146
v 0.34513154751039954 -0.56019389815200804 -0.16714880101143673
l 531 532
v -0.18891406384017662 0.65476367410777192 0.97502971108819791
v -0.18269773992988869 0.65486910405995269 0.97659849707220248
l 533 534
v 0.25065141211660713 0.65650425342454366 0.93616422822126222
v 0.2609989713558355 0.65329911323652812 0.92863622496477294
l 535 536
v -0.44114049143863387 0.48093819637216595 -0.76020557491926266
v -0.44100568823742203 0.47999757509313556 -0.75593858153673099
l 537 538
v 0.58289175005494709 -0.08265986098012755 -0.018104723048368888
v 0.58293552426756268 -0.082714775669957899 -0.017065582471927208
l 539 540
v -0.50550332079932803 0.51377474728147421 -0.6578421537983079
v -0.50558373917534238 0.51446605262239542 -0.65597022127035665
l 541 542
v 0.50163998442898627 0.421428494697492 -0.43269934465329291
v 0.50576279324282769 0.4452239940110041 -0.41898009965975641
l 543 544
v 0.38541003963771575 0.46728238093774405 -0.73798637760728225
v 0.38475874164280183 0.46626016867239389 -0.72304970847517624
l 545 546
v -0.53824246897649219 0.54899234835036992 -0.47119281693622095
v -0.54212259278345654 0.54819934304825069 -0.46683617428616064
l 547 548
v 0.46336970212934048 0.48477991974499934 -0.66571622446593892
v 0.46547188875200718 0.48854682290407903 -0.65359527512970317
l 549 550
v 0.061437732459421655 0.64961620652271901 1.0096662327850834
v 0.064180546520833479 0.65049949801371898 1.0100755408202633
l 551 552
v -0.49921027588687722 0.49111920084221511 -0.0017743165029835022
v -0.49977984261669334 0.49167174611823411 0.0047538854072492632
l 553 554
v 0.46778804614314207 0.48291562833574664 -0.16282498125663467
v 0.46732264206639162 0.48188699445935834 -0.15544653649696641
l 555 556
v -0.58577877792790323 0.53241054541225319 -0.90868796594294632
v -0.57385235515162558 0.54887946122532005 -0.9155343603357402
l 557 558
v -0.51477226186906211 0.50348126152069261 0.039733664502311909
v -0.51606110166395791 0.50448859474151442 0.044440774808715618
l 559 560
v -0.52470184337886194 0.5329724400174547 -0.57819853886068728
v -0.52538858878819128 0.53473867486596816 -0.57299484149514768
l 561 562
v 0.5995278111960467 -0.089370204764303268 -0.1841226119518706
v 0.59880914768914617 -0.082199872774187027 -0.18474180512424024
l 563 564
v 0.58119559764733009 -0.092933281990490238 0.019337768020989285
v 0.58005809307227441 -0.093668550518550595 0.037370001611350193
l 565 566
v 0.48660285387302965 0.44399627955196203 -0.27004916475991575
v 0.48370330419276625 0.44028702466251551 -0.26056074095984133
l 567 568
v 0.39243067453003017 -0.5438972581128978 -0.16099579720491602
v 0.39901958753967198 -0.54228569381428726 -0.16107956976896093
l 569 570
v 0.39524159155816685 0.54511978588390042 -0.45576624645064656
v 0.39516916550665249 0.54627785720539401 -0.4519881747834843
l 571 572
v 0.60946234568174273 -0.38021517478992062 -0.31869839797379973
v 0.60918441907350629 -0.37374877250622196 -0.31715930332777498
l 573 574
v -0.078817306495735984 0.65805594321881 1.0312476841071103
v -0.077208624743392129 0.65906615856494244 1.03219430769892
l 575 576
v -0.49664511238918618 0.6269145837013651 0.74857384903034452
v -0.49525855029239341 0.62730065677715052 0.75710492389598605
l 577 578
v -0.41616443654435925 0.63022962625577816 0.86600816633513
v -0.41211446264845081 0.63076027814790836 0.86825024697968933
l 579 580
v -0.51142868739397518 0.52008641998020966 -0.62226273498153006
v -0.51230421322553166 0.52146588524134796 -0.61776111641312326
l 581 582
v 0.38670839987882349 0.53939424900091937 -0.42677710956880116
v 0.38543228186479833 0.54000569435082624 -0.41717125468901134
l 583 584
v 0.39060230336158636 0.50806226332563242 -0.56282030226922741
v 0.39118419804603694 0.51332579056841054 -0.54035140393041858
l 585 586
v -0.51400676878136708 0.49829413210238849 -0.071324234795087163
v -0.51290997354346202 0.4970999189725932 -0.062582517076021846
l 587 588
v -0.52676059923044161 0.56735996719791493 -0.91488598707915492
v -0.52799580373891875 0.56859632018611828 -0.91155601617096715
l 589 590
v 0.54561799613602469 0.11477895863741726 0.30693566686768692
v 0.54528898151747873 0.11714716963082462 0.30923473947386582
l 591 592
v 0.55361396997308487 -0.046541119220419987 0.33044927276709868
v 0.55415063173437362 -0.043662016985253231 0.32960243068596529
l 593 594
v 0.55093340668330271 -0.0035613465082991592 0.30949533876345053
v 0.5503628989731304 -0.0044196921440612805 0.31521170440747842
l 595 596
v 0.49117779262777478 -0.074145572365638804 0.33754651072482694
v 0.49434590808633655 -0.073505638061645437 0.33919389721889864
l 597 598
v 0.3199900898708799 -0.56860899357059547 -0.17032790493309874
v 0.32517237331729149 -0.56788790794155053 -0.17097583103835207
l 599 600
v -0.52601068015027297 0.48872904876673173 -0.15010843129796173
v -0.52356727128100145 0.49227369924581099 -0.13308724312144135
l 601 602
v 0.59306572598971119 -0.36514728037234545 -0.18062256311416325
v 0.59367252665005932 -0.36164296897534132 -0.18089811469078365
l 603 604
v -0.54827055115499534 0.4803901087786106 -0.30927899607160503
v -0.54812875609598122 0.4816959131215664 -0.31006333104631489
l 605 606
v 0.55406261978282845 -0.022632464376640384 0.27842404685352728
v 0.55360506477222526 -0.02484951207284921 0.28408864893580987
l 607 608
v 0.54553265482340318 0.056513420623127114 0.3213156629833942
v 0.54520552247609633 0.064065233487304557 0.32314596879150814
l 609 610
v -0.38774134757056133 0.6282005384464785 0.88172145175422956
v -0.38473776934609516 0.62863122672838723 0.88322822762046527
l 611 612
v -0.54178745610730761 0.51594137854999789 -0.30816312145315838
v -0.53951423304064161 0.51904154114299528 -0.30784951139367389
l 613 614
v 0.5409802015708961 0.15430044754745631 0.32676888299094037
v 0.54112412372359853 0.16898239032028051 0.31772213387383624
l 615 616
v 0.48117656342216725 -0.04006955613796756 0.32378975584951175
v 0.48168616660407787 -0.038142421939920929 0.32399298712763058
l 617 618
v 0.61187971222783222 -0.46447420598779759 -0.31095495757475478
v 0.61426126372431622 -0.45023560045446315 -0.31938037338837999
l 619 620
v 0.48263451879761143 -0.012894319602009957 0.3263728376092872
v 0.48249670440414028 -0.0092459206947115014 0.32698824446773916
l 621 622
v -0.10669722679414939 0.65435311277668629 1.024428779995832
v -0.10388568517408181 0.65353622953135815 1.0229936290617851
l 623 624
v 0.57970314708638349 -0.42853610133768394 -0.1744543030425279
v 0.58175188812327228 -0.42325683021901772 -0.17433208082473589
l 625 626
v -0.32301387215926147 0.53000006253064369 -0.35887926352251309
v -0.31792333697007202 0.53097119754015709 -0.35884416568052036
l 627 628
v 0.55056639863459755 -0.022530455980302247 0.30798106197070285
v 0.55114094065220665 -0.024136564787624923 0.31631619926739529
l 629 630
v -0.51286868034474398 0.52780988376998772 -0.61028059446256366
v -0.51425953925974821 0.52961668807602058 -0.60425511873323712
l 631 632
v 0.36416789850986547 -0.55772572038339341 -0.16729751677704507
v 0.36817124524318628 -0.55603343965841567 -0.16727080492781943
l 633 634
v -0.52805643624287935 0.5338426938098545 -0.95982005621298583
v -0.5176512663938394 0.52727972364009668 -0.96383092378274171
l 635 636
v -0.5101813704160626 0.48824220340849456 -0.79856016883687331
v -0.51066499646626162 0.48865831453202668 -0.79023275127573656
l 637 638
v -0.51331836478440129 0.53044577605653764 0.24214322589639778
v -0.51264649136336482 0.53258887760709761 0.24011962391134148
l 639 640
v 0.60990036272228454 -0.17015886980872028 -0.21383905750127605
v 0.60921370244800355 -0.16585230153222211 -0.21030953187135884
l 641 642
v -0.44067793440114167 0.52534079256071364 -0.39483566671807285
v -0.43679220128764007 0.52529907522187913 -0.38782714217703823
l 643 644
v 0.60835047686925159 -0.12996272936391573 -0.11537621988796362
v 0.60170678173670544 -0.13250417813730497 -0.10343654380298486
l 645 646
v 0.48316750756927723 -0.039896006038833115 0.32364530399289859
v 0.48367711075118786 -0.037968871840786483 0.32384853527101742
l 647 648
v 0.02013169338289281 0.65938301064105664 1.0308490926789846
v 0.018338608394231595 0.66038339160351123 1.0331367319059763
l 649 650
v 0.53815599136746706 0.17546268586024213 0.35778639542478397
v 0.53799537963473021 0.18145755644932818 0.35580851805788205
l 651 652
v 0.58855939370056742 -0.094523340040999021 -0.032917558803872704
v 0.58779668349364644 -0.092844918792886172 -0.030333176598234531
l 653 654
v 0.58238513043979134 -0.36069358932300427 -0.19577348455338262
v 0.5799363178863195 -0.34056596410946033 -0.20242622271628596
l 655 656
v -0.48231100400580906 0.64245255985718464 0.78775818367108597
v -0.48058379331932521 0.64283374747771527 0.78961663226977097
l 657 658
v 0.61996949507503829 -0.12380664117521077 -0.14334224133044976
v 0.61980687783450761 -0.12433843247705668 -0.13428880305736762
l 659 660
v -0.55744141677835102 0.5334579684605375 -0.43967526806796842
v -0.55805605312368756 0.5305066368708834 -0.43460107193981357
l 661 662
v 0.35633117814353377 -0.55840804590196924 -0.16892907752359373
v 0.36024110655495256 -0.55674431310681982 -0.16914229856168764
l 663 664
v 0.66187022748556235 -0.50685000465908248 -0.52753516159120628
v 0.65386237081918619 -0.48332202388248247 -0.47226969280179903
l 665 666
v -0.51063729810673431 0.51211577148371557 -0.64818980296934936
v -0.51155136537593171 0.51518232135838649 -0.63841388622437623
l 667 668
v 0.49876137617727012 0.48159610569822409 -0.35273084149075995
v 0.49877683278421669 0.4816166824067869 -0.3501200963525628
l 669 670
v 0.61500281877114371 -0.12747414356011563 -0.34248669711986507
v 0.61459498815939828 -0.12230597490530795 -0.34646264942249333
l 671 672
v -0.52228445058616735 0.49264202949631952 0.019531358483226371
v -0.52679913992133998 0.49574782016646124 0.033437825289575979
l 673 674
v -0.5157588748692099 0.50146274561463233 -0.063241999910214619
v -0.5145462723018106 0.50049037938536767 -0.054488096072336949
l 675 676
v 0.39495401717539325 0.49404395546122587 -0.83959366451129025
v 0.39325416945104108 0.49252634321049654 -0.83335159649029666
l 677 678
v 0.6136266888244496 -0.17916349877923823 -0.27513770213546168
v 0.61239901174470324 -0.18243982086568974 -0.25048287758408178
l 679 680
v -0.18701352943052305 0.64724032222751759 0.98156802894936213
v -0.18274084459672915 0.64733799159999705 0.98281521556510321
l 681 682
v 0.35960885102262063 -0.54610092339595195 -0.15659368768888612
v 0.36646971886644797 -0.54321973624149922 -0.15746187433046202
l 683 684
v 0.48496963838803031 0.55795541636909829 -0.91916288127864887
v 0.4902931823326423 0.55726286537681236 -0.91482733497653912
l 685 686
v 0.46568101365100878 0.56539518086728147 -0.91835018066561547
v 0.46601945441234571 0.56751292498293826 -0.91271320911252174
l 687 688
v -0.55228327577030933 0.5154702211116271 -0.86247401936471857
v -0.53831423456752026 0.50762443297162485 -0.85326487319051825
l 689 690
v 0.57822857689283702 -0.42277972427959198 -0.17404345096378615
v 0.57955910373307851 -0.41810233863239532 -0.17404043256015489
l 691 692
v -0.072264877765562355 0.65014269377639666 1.0345125461961944
v -0.073883669764611901 0.65293750737259015 1.033753845557956
l 693 694
v -0.0172585922494739 0.65743377231954025 1.0341223600852427
v -0.020690604744830757 0.65840003467203689 1.0379568215858999
l 695 696
v 0.55499794169762395 -0.064362809343867483 0.32820538242055386
v 0.55930207089087702 -0.053064815418190782 0.32519080679224521
l 697 698
v 0.50749785717025364 0.48009166628086181 -0.41598279814032546
v 0.50736921016678249 0.48446532577312379 -0.41768287082406053
l 699 700
v -0.10593270479478598 0.66515093779990675 1.0283102069844621
v -0.10241272331438303 0.66570610069801806 1.02809104576212
l 701 702
v 0.44294781824766943 0.5566532859236859 -0.88861125797987306
v 0.44920836547196558 0.56040022283485902 -0.8910686364674536
l 703 704
v -0.55640306752766056 0.54004736804458242 -0.44023487884792828
v -0.55631932932292538 0.53802386856583018 -0.43389757554736591
l 705 706
v 0.50505116065961142 -0.065769399151539176 0.33829865857734392
v 0.50940666118639688 -0.0679846009161717 0.33746274307594587
l 707 708
v -0.52955079414908168 0.57109719090329469 -0.90493010686184572
v -0.53124379775460484 0.57213753886355101 -0.90102160765384032
l 709 710
v 0.32090538867840485 -0.57027339394243826 -0.16543373903607675
v 0.32498592010608002 -0.56970561091748606 -0.16594391623163871
l 711 712
v -0.51369990714808111 0.50173563754805328 0.031465551530486108
v -0.51502881637791986 0.50277428829423187 0.036319003725880622
l 713 714
v 0.50122162826403771 0.48679508597900151 -0.38665715550007945
v 0.50046482555523719 0.48622475235412838 -0.38397588635859364
l 715 716
v 0.49576545742294031 0.48720207346248273 -0.33159003160299322
v 0.49497007343033117 0.4897427903337514 -0.33177479602991083
l 717 718
v 0.32734334435631118 -0.57217874717468953 -0.16513305743304885
v 0.33282542261909165 -0.57180235195403362 -0.16550138751896226
l 719 720
v -0.41135625585223351 0.62755508426335782 0.86967262731286388
v -0.40990437523220863 0.62774531837793857 0.87047639383581776
l 721 722
v -0.21117268451821913 0.66330395293471611 0.99386845625302789
v -0.19681607237684617 0.66287400173905098 0.99683333837130073
l 723 724
v 0.53704896065376262 0.21105342356215043 0.33293923664164826
v 0.53681061175682088 0.21141956003655868 0.33659878444599822
l 725 726
v 0.45068181650806505 0.56420558801813814 -0.89868133133098849
v 0.45583998067211073 0.56729274877385405 -0.90070600444629423
l 727 728
v -0.147387871060461 0.66094590381492668 1.0061206601411732
v -0.14518286892405133 0.66000031276832527 1.0067148424833385
l 729 730
v 0.50770514819198931 0.47911538274948362 -0.40218074112572716
v 0.50503236439651167 0.47640167085464236 -0.39887093514761879
l 731 732
v -0.51953750245992225 0.50612716295652838 0.25972498297643865
v -0.51589805490549523 0.51653261563844233 0.25284557700204646
l 733 734
v 0.50774480843867797 0.51511461006346593 -0.43369721361870689
v 0.50792429899845581 0.51491015685853114 -0.43040979913001137
l 735 736
v 0.4097211280576295 -0.5434082592503171 -0.16699013631509374
v 0.4170378526934081 -0.5410723840220828 -0.16760345775915553
l 737 738
v 0.34272018511117724 -0.56887423106541501 -0.16802165266242938
v 0.34772291343389722 -0.56673158100733889 -0.16753196362289471
l 739 740
v 0.40489972436376831 0.50377607765294796 -0.86640028305649885
v 0.40030121004632691 0.49899994907282108 -0.853479701799153
l 741 742
v -0.54553320527218585 0.47209503601079472 -0.28544066225974218
v -0.54306182741976972 0.46937665988916866 -0.27056958401711328
l 743 744
v -0.53870743504751184 0.56986166616267808 -0.90917951642559003
v -0.53249472388040564 0.57038973192386977 -0.91084366262867023
l 745 746
v -0.4407748050238724 0.46148941006468291 -0.7150147140188392
v -0.44087379507759855 0.46091124329759126 -0.69590364096925894
l 747 748
v 0.043262837867830105 0.66563204135362175 1.0298159986868385
v 0.043725514371301823 0.66556855831678841 1.029743823395681
l 749 750
v 0.46842001967460667 0.48596463360089287 -0.14225648503350533
v 0.46809310622184719 0.48524209104281441 -0.13707364935827934
l 751 752
v 0.4972074725266819 0.56712767497481187 -0.90856556975343439
v 0.50200222948824114 0.56458798035203139 -0.90677292264005926
l 753 754
v 0.53867246875571506 0.19909301842346225 0.35121769314316681
v 0.53829739322853787 0.2050509110580441 0.34788369531127045
l 755 756
v -0.20003738138859201 0.65209858904422868 0.97587893582338858
v -0.19724948074634147 0.65248245706020247 0.97693266295438241
l 757 758
v 0.54329399617083962 0.12423673542629952 0.33366870227378198
v 0.54211540667645042 0.13291060654032949 0.34194690641838721
l 759 760
v 0.059796879847211923 0.65425043720757803 1.012800874520781
v 0.062569064240293418 0.65516800265753428 1.0137413122162795
l 761 762
v 0.59487786491608885 -0.10355968859024639 -0.050478411661913788
v 0.59389505187773439 -0.10092730734519367 -0.044174412441918456
l 763 764
v -0.019569431195962567 0.64423313109375691 1.0283853970462709
v -0.020796022613537173 0.6469127896597221 1.0315322913234801
l 765 766
v 0.60051809424632874 -0.034297973040581159 -0.40117751995327888
v 0.59825827008014831 -0.026145674165248465 -0.40095216592547478
l 767 768
v 0.48364237373611851 -0.010190851286706631 0.32869318682574838
v 0.48350455934264736 -0.0065424523794081757 0.32930859368420035
l 769 770
v -0.48858999376880902 0.6132930472735818 0.78248713924749891
v -0.48644626969707233 0.61287808862882298 0.7870333342327257
l 771 772
v 0.3863546058461545 0.49078415281951399 -0.54808540844183207
v 0.38680239469553251 0.49611605756104021 -0.52562956310052633
l 773 774
v -0.097774400577485793 0.66265054872657314 1.0217991440331529
v -0.098907516136228807 0.66418424913261875 1.0229396254980971
l 775 776
v -0.16994650125978378 0.65104227431916228 0.99447510223170266
v -0.16489400505544755 0.65229327312804231 0.99780287761906639
l 777 778
v -0.41881160205083867 0.6330643102163126 0.86912345325274365
v -0.41457422310632686 0.63318761143743496 0.87146914566235645
l 779 780
v 0.57995148835400545 -0.40729969903924623 -0.17600431509460632
v 0.58050946059008635 -0.40323799684545836 -0.17632455162559327
l 781 782
v 0.60922246545684811 -0.50573012907830561 -0.95368219693724365
v 0.59958190351593021 -0.4891596070972315 -0.95553265730317383
l 783 784
v 0.43982006451308081 0.55887045950004088 -0.89528763384580934
v 0.44608061173737695 0.562617396411214 -0.89774501233338988
l 785 786
v 0.54157108344650229 0.058675243877133104 0.33243232315000476
v 0.54136424980545084 0.068652675129214552 0.32986826355043469
l 787 788
v 0.46290674348376976 0.56216608407811408 -0.92089152475704616
v 0.46846405128933205 0.56449199793024774 -0.92191338399539524
l 789 790
v 0.3740215095177824 -0.55121382824287457 -0.16778477396286978
v 0.37635376132572346 -0.55055251964225727 -0.16782424483977304
l 791 792
v -0.43545037012362536 0.53041319137603926 -0.38252238468929622
v -0.42344391841626111 0.53060944789855791 -0.37007429166034367
l 793 794
v -0.070453345507376822 0.64768638439124493 1.0346731096768584
v -0.066230938106781809 0.64499733619743915 1.0342024415468964
l 795 796
v 0.39324184881797164 0.61670336651143587 0.84043815144263234
v 0.39932820571312577 0.61594631744089567 0.83461365691460643
l 797 798
v 0.27851488998852458 -0.58574969751020289 -0.16191730843173704
v 0.28150734492816243 -0.58459560888628148 -0.1622584666193799
l 799 800
v -0.48196379559355768 0.51928755190296483 -0.89602954771691268
v -0.48212607485932318 0.51732770059184718 -0.89379970643347795
l 801 802
v 0.0355229218002657 0.66670605373812997 1.0305002304590349
v 0.039329194605698198 0.66753474044369376 1.0319601920568342
l 803 804
v 0.54504867103391119 0.096377373744433364 0.3149449542249918
v 0.54511944744295648 0.098847507427746811 0.31458851545197963
l 805 806
v 0.51766169288007302 0.54649596913575149 -0.89954218180207557
v 0.5143245436921926 0.55041975275755906 -0.89914682595701867
l 807 808
v 0.28710750823611675 -0.57803344003743473 -0.16566818840697231
v 0.28891809696560444 -0.5773217750351971 -0.16584965698525486
l 809 810
v -0.51518060040740421 0.53338694775201279 0.23121280643774664
v -0.51505731272430966 0.53325533664129776 0.2360899331824621
l 811 812
v -0.53591707132214217 0.53756920790978724 -0.96630694001765405
v -0.53063687898761125 0.53423877262762731 -0.96834228903202857
l 813 814
v -0.51538376785573858 0.47393864455351148 -0.76627229139967379
v -0.51456089042368036 0.47474855122438159 -0.75446797921495024
l 815 816
v 0.48109580671557745 0.030719302377649835 0.34767988823641499
v 0.47942541444531123 0.035451852002194834 0.34834548331509868
l 817 818
v -0.51260419596746254 0.50517189842514587 0.027824503952581823
v -0.51415614376947594 0.50623953002639221 0.032604923820178565
l 819 820
v -0.51776467553688821 0.48376755570072377 -0.79804420486587235
v -0.51646782167838279 0.4831856026778773 -0.78981423362594894
l 821 822
v -0.53835997734471031 0.47750048907971832 -0.18984473498706902
v -0.53640069808558755 0.48021537987017182 -0.18455424157733832
l 823 824
v -0.46655492645316887 0.62141262457824331 0.82401203122030497
v -0.46484000820106697 0.62141204907440561 0.82633341345895528
l 825 826
v -0.47727954843775872 0.62516731625900746 0.80164643305876204
v -0.47418117067082283 0.62651186579360485 0.80714026909730485
l 827 828
v -0.51992787304662924 0.53757291575781707 -0.58032993045657422
v -0.52057813224054117 0.53924531201012726 -0.57540270122677539
l 829 830
v 0.071007170398423206 0.65670900960843637 1.0103300713854202
v 0.073801867048552502 0.65688962320406363 1.0097645617169968
l 831 832
v 0.52903395729383729 -0.076086809174509662 0.34062371014531517
v 0.53223627967515685 -0.073264802558926923 0.34164043904368019
l 833 834
v -0.54742416344254163 0.53392148509717774 -0.51252066895577997
v -0.54598048724562975 0.53696763023637939 -0.50620305731680304
l 835 836
v -0.19034834984532004 0.64868998130476463 0.9790435288521675
v -0.18603221293696756 0.64876318374955666 0.98013277310400926
l 837 838
v 0.59277994189724914 -0.53360310536298217 -0.29675479073936056
v 0.60081236805453309 -0.48737153071489869 -0.32671813826149393
l 839 840
v 0.53667726044990083 0.1997749606527206 0.35571378629212613
v 0.53603432650230864 0.20656516157017979 0.35619598467345004
l 841 842
v 0.16816813274391271 0.64864410889197821 0.96966374324093019
v 0.16995483116142177 0.6485299872155047 0.96889102055301513
l 843 844
v 0.61323252096909153 -0.18919447055128744 -0.12301792413511026
v 0.6110081396983279 -0.20183682450982401 -0.099487183386900546
l 845 846
v -0.48430932196640702 0.61680991547628861 0.78391743159364191
v -0.4824419554803398 0.61644845110848923 0.7878775551312116
l 847 848
v -0.018727419330628992 0.64918491437938253 1.0322315388676588
v -0.020118577973095297 0.65193429395649394 1.0359456843379076
l 849 850
v 0.2946194565689888 -0.58422241193091451 -0.16767903204697029
v 0.3002940857016716 -0.58247461336815776 -0.16788480643493278
l 851 852
v 0.59648619984118989 -0.019991657369638566 -0.38060154674105318
v 0.59517623092205474 -0.016341635353063461 -0.38023284914441435
l 853 854
v 0.47118601653830233 0.48380416338778598 -0.65120715699319487
v 0.47197117950661954 0.48512763077877896 -0.64717941679830904
l 855 856
v -0.50492906628660494 0.58936473836228043 0.51346484086029354
v -0.50492238940187162 0.59289899359420151 0.53216370680816349
l 857 858
v 0.49296543860268816 0.48825286636512472 -0.32992948928385207
v 0.49243035054373518 0.48996211280662821 -0.33005378803700974
l 859 860
v 0.3805403348964117 0.48921199706708984 -0.61909967772321495
v 0.38099608449522038 0.49051878782594605 -0.6132382739369413
l 861 862
v 0.46875191169629588 0.56844912414038062 -0.92100792141390031
v 0.47008072895159231 0.5702638780645144 -0.91786153106260115
l 863 864
v 0.59563922264291447 -0.34511868616070351 -0.17627311388816089
v 0.59402871749685604 -0.33723904232058921 -0.17917906602059155
l 865 866
v -0.50589035101259039 0.49400761396614645 -0.0070788131604673163
v -0.50667251996671869 0.49462345569404031 -0.00043194903556687632
l 867 868
v 0.53573976429282344 0.17351692815789746 0.36263557215890363
v 0.53544808952034795 0.17979255417814685 0.36199704865255877
l 869 870
v -0.30580681241748248 0.63698307820320643 0.92238953622069109
v -0.30385530315640058 0.63726230315207921 0.92379090277467024
l 871 872
v -0.52451507946788556 0.53060082070900916 -0.57164929949174681
v -0.52524907687366718 0.53284534342215539 -0.56388307965864382
l 873 874
v -0.25365538492565048 0.64784662233946977 0.95250486011135249
v -0.25010948285694229 0.64790804875733199 0.95445085888278813
l 875 876
v 0.48221578816127164 -0.0055648995663032021 0.32829805250969107
v 0.48210338136006015 -0.0025891229410663161 0.32880000237617318
l 877 878
v 0.33112739434051031 0.64959120118001012 0.89545571265766133
v 0.34933377394867426 0.65190935767313929 0.88871765674999248
l 879 880
v 0.36805886785292941 -0.55621806620219161 -0.16851498954843902
v 0.37211196859574003 -0.55464895726582597 -0.16847518808293915
l 881 882
v -0.56470196468081713 0.56531799204012156 -0.89073838900885882
v -0.55725962894711256 0.56893324487546681 -0.89537165451683698
l 883 884
v 0.51663006699140834 0.55071474886202121 -0.90237368974512844
v 0.51310657107774449 0.5544807734463284 -0.90207205381566258
l 885 886
v -0.46130065836260647 0.50124481999475934 -0.86139684371122882
v -0.45852006755520969 0.49768736279408954 -0.85372478314271405
l 887 888
v 0.023224087656556845 0.64725559273854094 1.0185824297611279
v 0.027105146794498682 0.64929241618022127 1.0160009003932911
l 889 890
v 0.55301226345064503 -0.042138363081287551 0.33166358584711481
v 0.55270003112790722 -0.037811701339412522 0.33097984677007269
l 891 892
v -0.50181900436425131 0.61588990572765423 0.68237312412585405
v -0.50134373729682047 0.61808431264087604 0.68885855102215621
l 893 894
v -0.54912274550959261 0.52976476402512673 -0.54136189985815431
v -0.55155784416631071 0.52745438365706321 -0.53769400548394775
l 895 896
v 0.61603492039491714 -0.11121850637660365 -0.36211750750345084
v 0.61577374201963364 -0.11333668800129552 -0.35952814574438241
l 897 898
v 0.59854684873242714 -0.0235888406128348 -0.39135309253942313
v 0.59690202669481895 -0.019024293175274026 -0.39025012458551583
l 899 900
v -0.06107534819431628 0.65453297959075363 1.0355026671432253
v -0.057266932193562138 0.65433304442658036 1.0358965447403197
l 901 902
v 0.38524610721681257 0.50972428684185744 -0.51210390851278387
v 0.38529740846540789 0.51090571517993211 -0.50863409712533869
l 903 904
v 0.55055680941678975 -0.024392472387134777 0.32884165399782711
v 0.55036291409395244 -0.023527143716037525 0.32874152309186405
l 905 906
v 0.32052004013346008 -0.56226233778590984 -0.16841164395421335
v 0.32530975665761658 -0.56159587563877278 -0.16901048853785208
l 907 908
v 0.53949876131492214 0.13865222857130097 0.35418297051884601
v 0.53930430112404271 0.14394507481920196 0.35452728271983197
l 909 910
v -0.51957630944130384 0.53353331142188631 -0.58362724748450889
v -0.52047562766196764 0.53516306823967374 -0.57872495683830605
l 911 912
v 0.17057685908964856 0.64855918658098743 0.96824532290115628
v 0.17388130369492785 0.64828040826001598 0.96675330857619968
l 913 914
v -0.56055271671449103 0.52889062175726664 -0.43141881554787564
v -0.55989098502958856 0.53109465827965963 -0.43235214621359896
l 915 916
v -0.55403575089842538 0.47829053968766549 -0.3234785211676055
v -0.55347076269715567 0.48371692329069754 -0.32695311182799996
l 917 918
v 0.30828605113220886 -0.57163821673778281 -0.16682636027704675
v 0.31394656481551453 -0.56926775955768838 -0.16694698447812598
l 919 920
v 0.55369028542259036 0.0031525801210165755 0.26427685946861268
v 0.55349114444038572 0.01243930856748812 0.26317465572914123
l 921 922
v 0.00074800660276495628 0.65929654032278751 1.0433074348563709
v 0.0049697570744744613 0.65904364198159482 1.043608773410841
l 923 924
v 0.60262152641748068 -0.047835033671693242 -0.3811331667025169
v 0.60233023673559549 -0.04626327352063235 -0.381184550372831
l 925 926
v -0.44031067566910376 0.47106519594749058 -0.73704579419370286
v -0.44020031018218408 0.47028729066292202 -0.73067447596315749
l 927 928
v -0.12789384707805898 0.65284261093818108 1.0142503980905706
v -0.13072227254512522 0.65696528567589363 1.0154784913747614
l 929 930
v 0.065416791456214402 0.652509512016065 1.0136557537745372
v 0.068794689161308792 0.65343803017448676 1.0146843474675282
l 931 932
v -0.44262464459917689 0.46550319189339556 -0.64845747456329705
v -0.44520507637479162 0.46194889550894819 -0.63547533049804328
l 933 934
v -0.4838118420527604 0.52191904497606278 -0.89474365938270317
v -0.48771555557983848 0.5266095070792961 -0.898648045176623
l 935 936
v 0.6021675666072781 -0.053789532288752238 -0.38270630079054235
v 0.60109726588936496 -0.049119287625111897 -0.38305114073014856
l 937 938
v -0.51799158815412061 0.52783146470731235 0.21323653263591671
v -0.51622064348192676 0.5300217571859982 0.22439587908245182
l 939 940
v -0.46428713264684862 0.43905694110355736 -0.60915111287207391
v -0.46618345317621046 0.43852125780620216 -0.59545315520196174
l 941 942
v -0.48945750180229197 0.62942503635661207 0.73958892193090331
v -0.48740141209617605 0.63108707721455493 0.74828379783380616
l 943 944
v -0.54495658203474795 0.53936404014147066 -0.50050396001996633
v -0.54436324313767637 0.54081124042951323 -0.49708306514559147
l 945 946
v 0.57131232103040441 -0.45124004404528673 -0.17754505748402385
v 0.5729241243965365 -0.44777597863690322 -0.17783810024607868
l 947 948
v -0.48112962239985124 0.63831755202530216 0.78461981405723158
v -0.47993483549352034 0.6384789081263702 0.78614472756874498
l 949 950
v 0.55444864631427893 0.0234641262623277 0.31508195122700705
v 0.55367978214488855 0.016589051362613173 0.3247998384572886
l 951 952
v -0.56064667096293341 0.50623809418534593 -0.39841600114892883
v -0.55938420901143182 0.50514913478041334 -0.39169107025075989
l 953 954
v 0.39770297236511531 -0.54657922840347617 -0.16958318127408029
v 0.40188982062270817 -0.54559637450942666 -0.16962372289881705
l 955 956
v -0.43283686225107992 0.6280149611836543 0.85462888058668818
v -0.42753943617650186 0.62869544893444873 0.85876778784745489
l 957 958
v -0.56652165965512158 0.53044134973303758 -0.46365506476970547
v -0.56330262108370899 0.53706853986962355 -0.46744578056720859
l 959 960
v 0.61830386230661039 -0.11732059885778794 -0.12386669419550142
v 0.61614397456930514 -0.11742232571324936 -0.11772696472860136
l 961 962
v -0.56519204991762428 0.51118470374236713 -0.42700466247528907
v -0.56372016054685326 0.51360427197327008 -0.42744311956435327
l 963 964
v 0.37993223653184854 0.48892751674214868 -0.6981162303757793
v 0.38017033352506674 0.48982908983667822 -0.68968744336842236
l 965 966
v -0.54173052242889552 0.55188712692227471 -0.48032096067896601
v -0.54302954741821141 0.55189671897921455 -0.47578713258275274
l 967 968
v -0.57277819580572442 0.4811523090841669 -0.40692877749892181
v -0.57230654292565986 0.48768250832534848 -0.40934073944596344
l 969 970
v 0.50042377198935772 0.4754386684076104 -0.33892379291525637
v 0.49963583265541761 0.47528766187269356 -0.33479680530556882
l 971 972
v -0.54338270564895863 0.50673492943034015 -0.34626315771935551
v -0.54166251281875377 0.50934485400929608 -0.3416771417916003
l 973 974
v 0.088280259885481396 0.65132680649039676 1.0016770319440849
v 0.090848789296456775 0.65098616367104123 0.99939108329029014
l 975 976
v -0.43566601218217044 0.51769734469694506 -0.40909148574904602
v -0.43023176251417966 0.51813076885896314 -0.39727579235001403
l 977 978
v -0.12408302199424552 0.66504327172391176 1.0222652739649762
v -0.12146565843044473 0.66553422099001647 1.0236119442814837
l 979 980
v -0.27727625498462877 0.64023189980174444 0.93971978976579795
v -0.27506562342952529 0.64045435946796991 0.94092214749006142
l 981 982
v -0.0097866145272169844 0.65537159957125546 1.0386873622749386
v -0.008176636571773456 0.65492338619992374 1.0397327999259891
l 983 984
v 0.47652211110856552 0.56868094733384333 -0.92101378744955131
v 0.47713462192747574 0.57079749771925725 -0.9179771392930024
l 985 986
v 0.27026897295299573 0.6371880677257028 0.91064676306705683
v 0.28195691482242541 0.6343958470310721 0.90350154377956182
l 987 988
v 0.075896502386393755 0.65782675351911879 1.0156742887882069
v 0.077388434756932051 0.65789761934465074 1.0152023477169201
l 989 990
v 0.38006691070148607 0.53727196051655024 -0.39986010972821195
v 0.37752558855464796 0.53601874516429693 -0.39453378732836764
l 991 992
v 0.13911873129436908 0.6636285137011334 0.98709158073669889
v 0.14930444928577008 0.66207272302372011 0.98233135570281527
l 993 994
v -0.53444919808788505 0.52475192002837068 -0.31461772664425619
v -0.53239907995776925 0.52754781790192717 -0.31433489576937906
l 995 996
v 0.2976406223580389 -0.57378548531996121 -0.16677187827352066
v 0.30032521416692448 -0.57286804766191135 -0.16689805242296676
l 997 998
v 0.49576794790210565 0.44783311941782095 -0.43347683458293457
v 0.50089991403637091 0.47286486766179942 -0.42524603099857788
l 999 1000
v -0.092980808631918779 0.65148769235295378 1.0172232128885224
v -0.091199868305184492 0.65040005827265657 1.0181693099233673
l 1001 1002
v -0.52625802304869485 0.53424316172597341 -0.97374377801896794
v -0.52103146765107322 0.53094655747416086 -0.97575845167158382
l 1003 1004
v -0.12813983762110182 0.64996647074939706 1.0118830942870376
v -0.12905265486394457 0.65129698082683585 1.0122794366120103
l 1005 1006
v 0.48613695421486358 -0.033966117325578631 0.32823320926487409
v 0.48639299354285737 -0.030386894222940504 0.32854333816707171
l 1007 1008
v -0.24302537120327339 0.65037364777930917 0.96176345320990075
v -0.23747666799083367 0.65055983248344718 0.96437137154290686
l 1009 1010
v -0.55337713562059621 0.50046475680234848 -0.34933927334521153
v -0.55400313533735057 0.49754862038728781 -0.34287676535870693
l 1011 1012
v -0.52064505426482488 0.48786918647591065 -0.82244817073958743
v -0.51880976350708674 0.4866526293009143 -0.81781538669449461
l 1013 1014
v 0.15876798006774742 0.64979037074876378 0.97329114192044119
v 0.16178582933662575 0.64951399536299159 0.97209884411776681
l 1015 1016
v -0.20089642298783486 0.65388259533796256 0.97960209621968186
v -0.19792478191290672 0.65379360076036508 0.9802157901328572
l 1017 1018
v -0.56581999809250494 0.50028645216644241 -0.40569192278107274
v -0.56502852886214594 0.50143397630035447 -0.40495669734755885
l 1019 1020
v 0.4827330514581829 -0.044427500199093806 0.33073898816075975
v 0.48393716367166939 -0.03969552265523435 0.33121916985544508
l 1021 1022
v 0.58839488958569586 -0.14071124996458617 -0.01555493516090811
v 0.58609472776202143 -0.13884246144975099 -0.01257096002635061
l 1023 1024
v 0.61649659892270725 -0.30877354912142424 -0.34169030774661635
v 0.61819907406618435 -0.26886513658185335 -0.33832847486904527
l 1025 1026
v 0.37803606256316946 -0.55606771415711664 -0.16772671579160078
v 0.38268866077591135 -0.554389825401294 -0.16733569861612932
l 1027 1028
v -0.47317742796877055 0.64074219160299029 0.795628739226941
v -0.47146297005674215 0.64183639592905317 0.79869108117711174
l 1029 1030
v 0.45891299088373322 0.53251467880265324 -0.6018845932246828
v 0.45990291993245941 0.53369726005537899 -0.59705675675853254
l 1031 1032
v 0.2638621382397654 -0.58915589104589583 -0.16364063720044059
v 0.26700186208066917 -0.58794500578943132 -0.16399858494463998
l 1033 1034
v -0.50324166861852393 0.49458699549252366 -0.74157158010270596
v -0.50150619896570459 0.49894303952639724 -0.72701116926405429
l 1035 1036
v -0.55541374474145333 0.4722085410052197 -0.31204507366678486
v -0.5545528909625872 0.46766211453143192 -0.30692645295598736
l 1037 1038
v 0.13290022665808615 0.55567029748268593 -0.36098027110174846
v 0.13913909738709512 0.55456420149497521 -0.36081957936211873
l 1039 1040
v 0.61809192744430475 -0.1870167119618093 -0.33147884853754389
v 0.61670304688278266 -0.17223231362145791 -0.32557468167867315
l 1041 1042
v -0.50604359013396938 0.62659221405463505 0.69112123256958979
v -0.50539156096618931 0.6281916547350378 0.69986234897337896
l 1043 1044
v -0.52895158182953705 0.49425300331641059 0.26676030068536799
v -0.52782088864470611 0.49796739844750543 0.26314406485418279
l 1045 1046
v 0.55592202826073422 -0.035944915749766007 0.32604902269172947
v 0.55480504350135074 -0.031635039112828597 0.32591927765083034
l 1047 1048
v 0.52068274130537573 -0.079655312532146832 0.33693830411861098
v 0.52404219994828638 -0.081530145770351031 0.33669419843723619
l 1049 1050
v 0.32473372448225785 -0.56443793774518247 -0.16691691670471628
v 0.32944698106507492 -0.56324701308336977 -0.16725020613616506
l 1051 1052
v 0.35890388279941482 -0.56119870931564031 -0.16692367537902117
v 0.36277753323528367 -0.55945253580154719 -0.16713982478691816
l 1053 1054
v 0.13268722280555117 0.65294241646545681 0.98261058226543829
v 0.13353465810722959 0.65311897059661594 0.98255980118793085
l 1055 1056
v 0.44209592999593295 0.55405591951260413 -0.91319952462683107
v 0.44796985922678434 0.5580709077273861 -0.91700603510369871
l 1057 1058
v -0.47751767123541738 0.61882397456316118 0.79998169792017004
v -0.47658168589272593 0.61914685444684858 0.80155529129186609
l 1059 1060
v 0.55141177494091898 -0.030228602117386764 0.27827977730795889
v 0.55097541492419333 -0.028250017785939271 0.28403366015389414
l 1061 1062
v -0.511565634568661 0.52184495897064986 -0.97603092880394393
v -0.50458126370099232 0.51743962793578324 -0.97872318534705705
l 1063 1064
v 0.474346367129589 0.03529196564554879 0.33753084530503391
v 0.4727620804221383 0.039780561286213906 0.33816213021605374
l 1065 1066
v -0.5127889883028216 0.48526330107882443 -0.68988644151203116
v -0.51113786583078435 0.49012480860516605 -0.6796594950724415
l 1067 1068
v -0.074563783393797226 0.651634124853394 1.0401527329055995
v -0.073370325578752213 0.65537604894421342 1.0414743976028233
l 1069 1070
v -0.56998209521822407 0.55978863235230458 -0.88862688648266264
v -0.56574697925992534 0.56277866367583262 -0.8916827906413608
l 1071 1072
v 0.60548534553550026 -0.1644094167910084 -0.13210335203736123
v 0.61091861564614036 -0.14737809908766897 -0.13441026380927268
l 1073 1074
v -0.46545728696429511 0.49477410774917585 -0.85637636435062003
v -0.46199468122875909 0.4914548351219179 -0.84887699830501961
l 1075 1076
v -0.02119631404498196 0.6510372617690886 1.0366908256142864
v -0.021976075223893162 0.65406580181428542 1.0391393955618611
l 1077 1078
v -0.55932034921377216 0.45496609345562672 -0.30905746629802844
v -0.55978808927804913 0.46052918299548412 -0.31336445400150159
l 1079 1080
v 0.53838037019281848 0.18980689021274436 0.35490391200330368
v 0.53821922773808972 0.19283388880565774 0.35467579418871292
l 1081 1082
v 0.50406313843692108 0.4725977009045304 -0.37877726252143767
v 0.50464974932705597 0.47832925861008752 -0.38112402265007111
l 1083 1084
v -0.50105321057495233 0.51206789135759712 -0.67072295446098373
v -0.50116217486205938 0.51280441165143609 -0.66870511274635269
l 1085 1086
v 0.60126850845574509 -0.036597819238466583 -0.38941104871717719
v 0.60038890598059524 -0.032261892050939239 -0.39042047994645807
l 1087 1088
v -0.51899409147851427 0.50468465847192323 -0.085879717507795231
v -0.518394114049745 0.50465479331793273 -0.081339995822473629
l 1089 1090
v 0.38861803436658876 0.51792331833630323 -0.49323606342708609
v 0.3891426501236151 0.52423874240130663 -0.47849202304447153
l 1091 1092
v -0.55487216744303902 0.45918073842728807 -0.3125918311935435
v -0.55533574786305229 0.46469435503279494 -0.31686051656188863
l 1093 1094
v 0.31726667845735257 -0.57164038190059629 -0.16586043646848789
v 0.32091476952543552 -0.57130514612979921 -0.16634870359384427
l 1095 1096
v -0.31437266755103899 0.64019200433619494 0.91640217732844242
v -0.30988370490074324 0.64094522367589002 0.91965572405400386
l 1097 1098
v 0.54168176512480115 -0.07052804036239177 0.33650526305409695
v 0.54243493218660022 -0.069716458486523331 0.33625814417628025
l 1099 1100
v -0.47472816208428531 0.62289103070192475 0.81004604531239688
v -0.47204781075888486 0.623805441466044 0.81381073760081113
l 1101 1102
v 0.54795221239330139 0.0025608487452199167 0.3268705320888689
v 0.54779311269519959 0.0066772881870339213 0.32755878443182201
l 1103 1104
v -0.14429365686912252 0.65562817721449262 1.0047072491432785
v -0.14136506028633403 0.65470412106431597 1.0062359252189041
l 1105 1106
v 0.38083679779133067 0.48023125111140841 -0.7730824422504492
v 0.37982349292674794 0.47892502368412382 -0.76412754538993166
l 1107 1108
v -0.53740874069202904 0.48331092807091186 -0.30349690553421377
v -0.53452727062236305 0.49251956728660157 -0.30402009847884776
l 1109 1110
v 0.38651866976335308 0.49624447619991413 -0.63043867756223326
v 0.38704179461881855 0.4977444549791325 -0.62371075938845033
l 1111 1112
v 0.50324911998133182 0.4908799370143706 -0.4061546297331442
v 0.50366478039403439 0.49431867996713574 -0.40802675769132479
l 1113 1114
v -0.36802184995410742 0.52407596005909585 -0.36099880278421764
v -0.35850125137569605 0.52513792620189048 -0.36010111033605213
l 1115 1116
v 0.59042251843419113 -0.041875567005312302 -0.34318501347574198
v 0.58867680293116531 -0.038906019462907455 -0.33160858756032979
l 1117 1118
v -0.52391504876046813 0.52551151458946199 0.18084563587557331
v -0.52357316382498109 0.52623664195808439 0.18379540468801006
l 1119 1120
v -0.47903792042151033 0.61959730918156009 0.80301296010704348
v -0.47692479711160124 0.62003100579036374 0.80670572027473142
l 1121 1122
v 0.50691618466701049 0.51624715791884312 -0.43071194478745384
v 0.50709567522678833 0.51604270471390834 -0.42742453029875832
l 1123 1124
v -0.081747913201388564 0.65953712736492853 1.0333251112159381
v -0.080152785937252793 0.66089458192462225 1.0340515024010053
l 1125 1126
v 0.077383423359342396 0.65730670989232221 1.0084425087014304
v 0.080101331560663402 0.65613492428583942 1.0068580036124124
l 1127 1128
v 0.065062077663573262 0.65633953181788829 1.0101117982270351
v 0.066121472098198894 0.65668069752171132 1.0102698908446202
l 1129 1130
v 0.53522192055702722 0.21843514554983273 0.33335583614901093
v 0.53390146677970374 0.22635068780893192 0.33973092627927276
l 1131 1132
v 0.53700952296762927 0.18771309825107443 0.35317835753705612
v 0.53684838051290051 0.19074009684398782 0.35295023972246536
l 1133 1134
v 0.41796274384819826 -0.54145419075405032 -0.16586093999889692
v 0.42683886089957396 -0.5386204771765527 -0.16660497687312761
l 1135 1136
v 0.54034389906152447 0.14325289347274375 0.34925138358998314
v 0.54008398599401752 0.15113894722359109 0.34909672136378272
l 1137 1138
v 0.42746983795530569 0.52793086947798362 -0.90593215997126131
v 0.43030745954148997 0.53176055966019997 -0.90711369936559172
l 1139 1140
v -0.47729519032920065 0.64273263801769887 0.79170579599353441
v -0.47495540953194437 0.64324901710315074 0.79422335935619703
l 1141 1142
v 0.59374367572976749 -0.35259731074299416 -0.17996149401034564
v 0.59213317058370907 -0.34471766690287986 -0.18286744614277631
l 1143 1144
v 0.3105380721407236 0.63602394597748846 0.89592484101490022
v 0.31784812733361112 0.63605885965605646 0.89282401934429168
l 1145 1146
v 0.5837780342790222 -0.42113091464662172 -0.17523561687593153
v 0.58485125439437868 -0.41699038032865904 -0.17560623316641161
l 1147 1148
v -0.45643570399341882 0.48292209411790571 -0.82885129594702389
v -0.45252648615779578 0.4818007776624898 -0.82175450182061527
l 1149 1150
v 0.53008778752989882 -0.064434516120800339 0.34359222164660147
v 0.53604142008118516 -0.062578407239070571 0.34274918326825449
l 1151 1152
v 0.29352544011907239 -0.57732423708555292 -0.16637159438319885
v 0.29587455330057483 -0.57660070493104865 -0.16645677833370484
l 1153 1154
v 0.50853915431400687 0.49093660081690799 -0.40687244989283056
v 0.50897745869258493 0.49303684269124021 -0.40891415022008448
l 1155 1156
v 0.6411419759263598 -0.49854094302070195 -0.91306598197223199
v 0.63801613946060309 -0.4950630613623852 -0.9162252425074433
l 1157 1158
v -0.50687872422639968 0.60363415355690342 0.57057645883777275
v -0.50688649164731858 0.60441943531028408 0.57502171430370674
l 1159 1160
v 0.034881769781390078 0.66092295478448926 1.0253945309159913
v 0.036751114661416166 0.66169600654973926 1.0263580363752685
l 1161 1162
v 0.61574702274159487 -0.1554743404214744 -0.31049172456511459
v 0.61149675834818784 -0.13910012890645224 -0.29915769521943131
l 1163 1164
v 0.3847096091897752 0.49400518930034748 -0.63672368933057433
v 0.38523273404524067 0.49550516807956585 -0.6299957711567914
l 1165 1166
v 0.59413590923349446 -0.016744034469340828 -0.38255228297295757
v 0.59330627426107341 -0.014432387321974252 -0.38231877787527851
l 1167 1168
v -0.095484523478657463 0.65916807374900588 1.0202863667814925
v -0.091570587452739022 0.65665142812782518 1.0182423140198991
l 1169 1170
v -0.043900314440433637 0.64222357011769104 1.0321550936724035
v -0.037687141726310595 0.63998272680308532 1.0316676526044519
l 1171 1172
v -0.54716724419436069 0.49842633609047216 -0.32808653501478885
v -0.5449643704906979 0.50270913239249904 -0.32480027290375973
l 1173 1174
v 0.55124525737915753 -0.013880971335458535 0.3271494387135887
v 0.55067665862883808 -0.009149250126791221 0.32574547543664933
l 1175 1176
v -0.5585115380657405 0.52597341072556003 -0.41847908166168507
v -0.55851145311467942 0.52527800071242825 -0.4165918860125703
l 1177 1178
v -0.55122809481091384 0.52361757865281744 -0.52326015244841062
v -0.55102796483569261 0.52482859978346186 -0.51878520239472903
l 1179 1180
v 0.57805273226120757 -0.43323730672463823 -0.17279922751641372
v 0.57932820626876069 -0.4291242436064775 -0.17250973196768662
l 1181 1182
v 0.49487631500571527 0.5674221267181484 -0.90050977376841757
v 0.50059379159599982 0.56399026017607767 -0.89925748201466349
l 1183 1184
v -0.11074160089635687 0.66710634976413219 1.0234971357790084
v -0.10426680693483514 0.6674411699197057 1.0219528363737016
l 1185 1186
v 0.35303331818551281 0.53188243803495128 -0.35342295937717816
v 0.36018364224463245 0.53398343625551503 -0.35525451130687336
l 1187 1188
v -0.52951897618181043 0.5405297376103293 -0.52840937086078399
v -0.52786766055219836 0.54141556249190459 -0.52962373785045869
l 1189 1190
v 0.58542355910978339 -0.076726138858705176 -0.015724479397239192
v 0.58564117534913995 -0.075197636814207422 -0.0068802263686041981
l 1191 1192
v 0.58072045810046824 -0.40176567516215239 -0.1768538760708801
v 0.58102389805492727 -0.3975841692935666 -0.1769695771170624
l 1193 1194
v 0.38435670178634096 0.6269972766922961 0.85488531567347126
v 0.38786033350723814 0.62656100139150517 0.85144116900670452
l 1195 1196
v 0.61922960038629438 -0.1410357163161714 -0.095096001135353533
v 0.6107022309735689 -0.1449651016979735 -0.061832225216384443
l 1197 1198
v -0.56970558064167698 0.49292509715735044 -0.41399862681954841
v -0.56901850802714626 0.4947674973708478 -0.41370949829489251
l 1199 1200
v -0.47981219147007731 0.61520976227025648 0.79929159358374602
v -0.47824568893153402 0.61588197547693591 0.80274106785424226
l 1201 1202
v 0.47796535815427516 0.50707271712292146 -0.59999698113705713
v 0.48083877239992406 0.50638946873675872 -0.5957775740692417
l 1203 1204
v 0.51172697454119753 0.49541344500153661 -0.42639793575403212
v 0.51147222608899046 0.49652377509505152 -0.42631445705297472
l 1205 1206
v 0.35607574538330611 0.53098142201437759 -0.36181244133726292
v 0.35964472933669511 0.53213036005959702 -0.36329487086519069
l 1207 1208
v 0.5459679962566677 0.093999737656116966 0.31575000289548327
v 0.54600268588749734 0.095210423910617348 0.31557530161272596
l 1209 1210
v -0.063775105681741134 0.64257130180226218 1.0343836677602076
v -0.063113810214674576 0.64347877945078957 1.0346950160929418
l 1211 1212
v 0.022709020767093694 0.56617958855198847 -0.35816082580710018
v 0.025502207335351908 0.56609205890131964 -0.35811760799264347
l 1213 1214
v 0.020047517093648073 0.6517711551484886 1.0311614699016844
v 0.019770110425721053 0.65379920884992448 1.0323253445972169
l 1215 1216
v -0.53774533018508752 0.52205769243123357 -0.31097752155559638
v -0.53567793622574011 0.52487715063212093 -0.31069230733615777
l 1217 1218
v 0.57312152472129785 -0.44701201430875315 -0.17326138178602715
v 0.57456304940589942 -0.44230645187777029 -0.17319773872598151
l 1219 1220
v 0.50679871637594176 0.51057465513968026 -0.42529147421296093
v 0.50747576158273744 0.50822858372903312 -0.42265356029097584
l 1221 1222
v 0.54520810190432889 -0.065905692601235813 0.33752970146916017
v 0.54666947778469699 -0.061297324871985005 0.33730317902781859
l 1223 1224
v 0.57822037436928209 -0.43622183795449171 -0.17600767607255127
v 0.57938682339225356 -0.43192714457038012 -0.17606039052443359
l 1225 1226
v -0.52604906375362337 0.50473543206213112 -0.16324151765096501
v -0.52497644608066618 0.50643602808954125 -0.15886639345895931
l 1227 1228
v 0.4866854598821968 0.56696903276068633 -0.9058094871658029
v 0.49022078010422288 0.56573498678582246 -0.90470424765170199
l 1229 1230
v -0.44821208999179668 0.4666117483665555 -0.56739533293476219
v -0.44920563414074116 0.46873974260787077 -0.55003285062084084
l 1231 1232
v 0.58554379076922236 -0.38797683610255035 -0.17284790866762778
v 0.58627601532971563 -0.38427476988499848 -0.17285918004124978
l 1233 1234
v 0.45174354965438462 0.52349355467723879 -0.98024872523854745
v 0.45017474239120864 0.52610692730976072 -0.97429164665628898
l 1235 1236
v 0.038915729863049524 0.66627839298227665 1.0275736617107907
v 0.040920556741354926 0.66671487598439816 1.0283426476458988
l 1237 1238
v 0.45955955482190164 0.52162768760667366 -0.6154344808752733
v 0.45885080599123923 0.52284262260450798 -0.61488442304776136
l 1239 1240
v -0.51672629740055964 0.48073666742874727 -0.7326782986558904
v -0.5158879337090595 0.48331821509765044 -0.72071229964122874
l 1241 1242
v 0.46756445443117611 0.039725843823930518 0.34067399485152072
v 0.46592939818418033 0.044358279549101098 0.3413255097146719
l 1243 1244
v -0.14127224280066866 0.65811370613740017 1.0139806404313008
v -0.13884348080925565 0.65901471373869847 1.0151934490004619
l 1245 1246
v 0.28760164865207016 -0.57742789292847196 -0.16748845447239746
v 0.28943979851055801 -0.5767794558950754 -0.16762396823229919
l 1247 1248
v 0.34700227730848249 -0.56532753923564272 -0.16953036480084771
v 0.35162918812654559 -0.56367789289326353 -0.16899272508486396
l 1249 1250
v -0.54637916004611342 0.53864708702313779 -0.49705503839104159
v -0.5457112082247606 0.54015418727648379 -0.49367399555594937
l 1251 1252
v 0.022993217413307166 0.65406567083395184 1.0331663637492938
v 0.02254284619820025 0.65735822690927326 1.0350559205677228
l 1253 1254
v 0.38597789430461832 0.4875727644466043 -0.80654330384738537
v 0.38424167013324789 0.4863388189770102 -0.79530732500545886
l 1255 1256
v -0.20722847793488491 0.65759991319180022 0.98024688936409454
v -0.20113385107131015 0.65904344408511628 0.98271859906974335
l 1257 1258
v -0.53631899032666741 0.51639850604782278 -0.31245814901105456
v -0.5335829528801197 0.52012984287490671 -0.31208068985231824
l 1259 1260
v -0.065469871217170544 0.65922501098547248 1.0426088430884184
v -0.064096053188881091 0.65825686443414422 1.0424739263055025
l 1261 1262
v -0.55978971350368623 0.48532553098802289 -0.33381169978900216
v -0.55986363065067168 0.4824692449748067 -0.33079302366451957
l 1263 1264
v -0.44173725091479821 0.47186872678911673 -0.68813343034491059
v -0.44184188402630287 0.47227301877820504 -0.68230657591119293
l 1265 1266
v -0.38676839115157025 0.62562770395474876 0.8797437696405821
v -0.38376481292710407 0.62605839223665749 0.88125054550681781
l 1267 1268
v 0.59816881511860087 -0.10220088990572176 -0.16378812525079739
v 0.59773067142314718 -0.10276240674611845 -0.16003425386144626
l 1269 1270
v 0.43953613762847737 0.55110808123587907 -0.90941113880452185
v 0.4424216913700883 0.5551106144046849 -0.90815299102488489
l 1271 1272
v -0.58995373422146846 0.5105657693418183 -0.89164561339489956
v -0.59033207720278691 0.5197074297396026 -0.89670234612353306
l 1273 1274
v 0.29975723364982459 0.63558775574083903 0.90154767066826935
v 0.30565185210075524 0.63598674148206136 0.89897179573187713
l 1275 1276
v 0.44564874499889134 0.55468692964883948 -0.92370388158826289
v 0.45260970264820338 0.55734154992727136 -0.9295347010228211
l 1277 1278
v 0.16948543576457151 0.66218714040998894 0.97634703618564211
v 0.18219618411801211 0.66000290590043587 0.97003906267605222
l 1279 1280
v -0.16460177310560203 0.65367209233695767 0.98588468032300935
v -0.16102159015085243 0.65455854616707065 0.98824273151933684
l 1281 1282
v -0.50303148873504755 0.51218584894960761 -0.66988717813194321
v -0.5031404530221546 0.51292236924344659 -0.66786933641731216
l 1283 1284
v 0.49262354788755081 0.54033982819152626 -0.47153322421698107
v 0.49555315556551316 0.53896391326355186 -0.46621634043069349
l 1285 1286
v 0.49606127087021779 0.47091311336347819 -0.32450283961810622
v 0.49396377261733104 0.4776132094781661 -0.32499007982693162
l 1287 1288
v 0.2709996222580956 -0.58660386564535527 -0.16652231217025545
v 0.27688913354024425 -0.58433248040872188 -0.16719375252128812
l 1289 1290
v 0.54685685669456152 0.026844548928102747 0.32996267408929653
v 0.54670133555855127 0.028610982996860251 0.33018511205114537
l 1291 1292
v -0.48100588040725223 0.52217600581810664 -0.90706463765772949
v -0.48453047556503781 0.52574290993048955 -0.91007999468174805
l 1293 1294
v 0.27159790255257737 -0.57914452094421898 -0.16592928745006535
v 0.27848579428961623 -0.57648809414519753 -0.16671454928661372
l 1295 1296
v 0.5106876791511038 0.49543773225338689 -0.41784500920717782
v 0.50958302607197969 0.49480027862994441 -0.41392278826291495
l 1297 1298
v 0.36161965257273854 -0.54665089311979109 -0.15308963214674851
v 0.35815811031712352 -0.54324673947908586 -0.14738384926995377
l 1299 1300
v 0.50626955206619406 0.47231319832972124 -0.4036723165433847
v 0.50271560971511697 0.46737166952916548 -0.39825679970569977
l 1301 1302
v -0.13661541261476789 0.65528920880754282 1.0105097576041207
v -0.13373605690198626 0.65385850676099966 1.010635824594976
l 1303 1304
v -0.51009807738118673 0.58335439583440374 0.50328603576019948
v -0.51009645310587381 0.58421416858057429 0.50783487965270335
l 1305 1306
v 0.60417304299580388 -0.053183438826790032 -0.39377538603390405
v 0.60340108610881038 -0.049099815438995185 -0.39458914357577612
l 1307 1308
v 0.42787292905436264 0.53192717547000701 -0.91823102696510417
v 0.43685456804646744 0.54434364324032014 -0.91984723345664876
l 1309 1310
v 0.50329530971272918 -0.063321714603389576 0.3427905049918496
v 0.50858127338663606 -0.065280998743091748 0.34266547292486793
l 1311 1312
v -0.50308626302211845 0.4893711960964075 -0.75430349593245716
v -0.50202054373294747 0.4913990938015112 -0.74208267445481091
l 1313 1314
v 0.31432094274434796 -0.56773838852832714 -0.17205625716609826
v 0.32000366748895892 -0.56721618319561085 -0.17281684335308203
l 1315 1316
v 0.5841667464887903 -0.41328193545837655 -0.17496210615307142
v 0.58472718680741331 -0.4095713913391088 -0.17541134078830431
l 1317 1318
v -0.091610159175461531 0.65302296758297618 1.0167290978216246
v -0.089598972899848223 0.65202442526217763 1.0171849913812563
l 1319 1320
v -0.44232589695716773 0.47302486361667817 -0.61355356114946125
v -0.44557052161430444 0.46980075178935821 -0.58780988317884686
l 1321 1322
v -0.019629972731819972 0.66195537186619913 1.0402431921372342
v -0.017125391656407491 0.66237340830805624 1.0378419919600559
l 1323 1324
v 0.58409585879793491 -0.38458928155427857 -0.17476030678921778
v 0.58477149082669888 -0.38195935202116088 -0.17491230873888891
l 1325 1326
v -0.22851306275461286 0.6497810019823026 0.96474096823354216
v -0.21964797302152544 0.65092085463085658 0.96827640485147981
l 1327 1328
v 0.61090021222670399 -0.073205100523141275 -0.38293481752042008
v 0.61006302744309582 -0.069438589586111654 -0.38380818680163192
l 1329 1330
v 0.54710126081420007 -0.47873517929511 -0.17014720764003727
v 0.55079305013703284 -0.47366091550393175 -0.17008230362094906
l 1331 1332
v 0.5460096883033736 0.050280547127630804 0.32681824420073913
v 0.54589209087143109 0.054362484827134516 0.3273119166078241
l 1333 1334
v 0.57658598509422265 -0.44716242662984385 -0.17675412456289788
v 0.57802750977882422 -0.44245686419886099 -0.17669048150285224
l 1335 1336
v 0.55004001266676006 -0.016583247530195452 0.30515132943024348
v 0.54962455623430195 -0.015140359801318906 0.31126822432647039
l 1337 1338
v -0.5170661849476611 0.49068966204418868 -0.68106002936654697
v -0.5164493876002515 0.49525019829974443 -0.67058281769461026
l 1339 1340
v -0.042072567172575175 0.66526165850085073 1.045192451872347
v -0.036637698285054983 0.66310617082196421 1.0453493877272624
l 1341 1342
v -0.54299712996252469 0.50865672085029812 -0.31170882574027919
v -0.54004382271997042 0.51268436458366184 -0.31130139240318394
l 1343 1344
v -0.50451638709113711 0.51374613705198202 -0.65610616851922465
v -0.50459680546715147 0.51443744239290323 -0.65423423599127339
l 1345 1346
v 0.60798758656507967 -0.16223730590181729 -0.21118717901273279
v 0.6064396461772299 -0.15226567838353733 -0.20538527257875891
l 1347 1348
v -0.55443124842114333 0.52027179112764044 -0.52353820811628782
v -0.5542311184459221 0.52148281225828486 -0.51906325806260623
l 1349 1350
v -0.58421324996653412 0.53444540203778423 -0.87800300604403358
v -0.58130586834248688 0.54311514197619282 -0.87939071172177452
l 1351 1352
v 0.54106470791673167 0.15675475395415883 0.34312775384324612
v 0.54047718794966237 0.16505990230347056 0.34442016829115329
l 1353 1354
v 0.50269920316874894 0.52477239041555801 -0.45797646748485477
v 0.50244253190815535 0.52364946932565293 -0.45625858796176999
l 1355 1356
v -0.073334961782020563 0.66289580387544589 1.0383356399876018
v -0.07204382156320191 0.66305434184598966 1.0394570045131306
l 1357 1358
v 0.61704698475966846 -0.13436475529669756 -0.34483257130474543
v 0.61578783121933545 -0.1279937611579991 -0.34554633303790594
l 1359 1360
v 0.60051135109099718 -0.20526099262229872 -0.081136444342961703
v 0.59956618263092665 -0.2053796345234685 -0.072520932423243131
l 1361 1362
v 0.5463378544530294 -0.0063573305485853018 0.31365302843008663
v 0.54573200982004189 -0.0026041430430403891 0.31804456668938968
l 1363 1364
v -0.12138973912770086 0.66480162791636921 1.0210011159859584
v -0.11877105393832392 0.66508158989521526 1.0224044168509556
l 1365 1366
v 0.11734861927137144 0.65772689543074125 0.99399498309418077
v 0.13228519959345095 0.66234027185136324 0.99575182591155653
l 1367 1368
v -0.26905245102116626 0.64334590343140752 0.93960460182003935
v -0.2641403623752876 0.64406542869902461 0.94225875381655733
l 1369 1370
v -0.51009589353730067 0.56905657239610274 0.42451262419935437
v -0.51017040094206945 0.57015150598829667 0.42849165255311755
l 1371 1372
v 0.47323100008293983 0.56967430168024824 -0.91841612751263102
v 0.47372867427542809 0.57170326656468584 -0.91466929023486654
l 1373 1374
v 0.4716394704693791 0.48845403880555605 -0.1938964306835079
v 0.47158966838178668 0.48727375774900938 -0.19105533962212565
l 1375 1376
v 0.46735127954006517 0.5305561793235124 -0.97442432234880116
v 0.46754054041385329 0.53297700758902422 -0.97045389820936534
l 1377 1378
v -0.54697320497242086 0.5692687579263046 -0.89329858883972435
v -0.53841295206340678 0.57271439350954745 -0.8949020279968235
l 1379 1380
v 0.54423580114644521 0.049263640849969169 0.33070611526118948
v 0.54421463067728526 0.052844316155531625 0.33044833372486399
l 1381 1382
v 0.58493016319602742 -0.40764470830984917 -0.17969377654662116
v 0.58559860629707561 -0.40277884468011055 -0.18007741552720086
l 1383 1384
v 0.60039619124728016 -0.21536168175028025 -0.075533974019189765
v 0.59994765602750011 -0.21541798395826162 -0.071445432456831048
l 1385 1386
v -0.52406633502307465 0.56927551128575316 -0.91156078963331966
v -0.52564513081249664 0.57096205852320681 -0.90693579525895329
l 1387 1388
v 0.61397981801580892 -0.13033466079317255 -0.33547881091543996
v 0.61358392080712809 -0.12559957764066534 -0.33838853394082224
l 1389 1390
v 0.46689932620012753 0.039912167943498389 0.33576683385412998
v 0.46526426995313175 0.044544603668668969 0.33641834871728116
l 1391 1392
v 0.45349593976020236 0.47630093258223088 -0.73344755167824394
v 0.46868435523033719 0.47741141158738581 -0.7185690403475129
l 1393 1394
v -0.33091728803616982 0.63344624602070132 0.90328667035309684
v -0.3258122313310482 0.6344476643873187 0.90654614100249398
l 1395 1396
v -0.5783383533200207 0.50861455584701987 -0.88184675019036129
v -0.57352021487150762 0.5058690152055314 -0.87950912673224613
l 1397 1398
v 0.61492198420432909 -0.40156476658524837 -0.37254149773632295
v 0.61387914704414503 -0.39643962222395573 -0.35578136584247344
l 1399 1400
v -0.43981254368592959 0.47976452382923868 -0.70733079380732433
v -0.43988674611280698 0.47933113304255698 -0.69300523333806141
l 1401 1402
v -0.53820643171706994 0.52136717262151067 -0.30756938757198432
v -0.53613903775772254 0.52418663082239803 -0.30728417335254571
l 1403 1404
v 0.35379084658691679 -0.56412361505587227 -0.16629886968888555
v 0.35892370629241671 -0.56244625207822196 -0.16655417935095515
l 1405 1406
v 0.0068804426986767246 0.56645936885786397 -0.35964282361955824
v 0.01842668364457355 0.56603746494340557 -0.35969100387601671
l 1407 1408
v -0.082643825151852854 0.65381899782947661 1.0301455486455446
v -0.08114798035389971 0.65525445035167573 1.0314017307123655
l 1409 1410
v -0.51665230913945703 0.52736487601577364 -0.97310358319413159
v -0.51070991830042334 0.52361676479996122 -0.97539418902266528
l 1411 1412
v 0.45168578831480732 0.56196829743461951 -0.90715167374899575
v 0.45386075766755352 0.56287077002448693 -0.9088192239255648
l 1413 1414
v 0.48736417970807944 -0.073160798583503467 0.33675110070777658
v 0.48980408229677286 -0.074421106543068188 0.33844495088981863
l 1415 1416
v -0.55527747020932094 0.5653310748683954 -0.8914909493039811
v -0.54693424358157261 0.56903162273292296 -0.89359282144797203
l 1417 1418
v -0.52664528668712385 0.54611746923543059 -0.5455124457716275
v -0.52725650488544695 0.5451972041883365 -0.54307102361924164
l 1419 1420
v 0.55823718510058284 -0.04541923457631563 0.32598069970052601
v 0.55796123542401432 -0.041917454657464277 0.32564177449304699
l 1421 1422
v 0.49949954115131884 0.47695418121549499 -0.33102320011338454
v 0.4986559931161067 0.47964874980714906 -0.33121915284910936
l 1423 1424
v 0.61438962040801504 -0.13366446752484784 -0.33568191605322734
v 0.61410585822205088 -0.13506125550333514 -0.33279168528802022
l 1425 1426
v -0.16358299000090351 0.64860400483933323 0.9873892480544163
v -0.16050188796693096 0.64936688615950711 0.98941858466347921
l 1427 1428
v -0.5069274054368883 0.5350116888945059 0.2784063214498973
v -0.50501140491162244 0.53912623720717867 0.28807514961180924
l 1429 1430
v 0.58672796495031143 -0.096044590268580643 -0.0092196892509881431
v 0.58810092203546738 -0.093330616559536728 -0.010417558296519143
l 1431 1432
v 0.39717877910593347 0.631266887964537 0.84300259226796836
v 0.40424012138387366 0.63257068794793858 0.83691545849802285
l 1433 1434
v 0.54950356345955054 -0.016783021447861882 0.31583704382081396
v 0.54884719986137231 -0.011416977214013841 0.31260506481032008
l 1435 1436
v -0.0044229366222290041 0.65728335446090447 1.0357285860088594
v -0.00019231481832585311 0.65566582614212288 1.0364030477496855
l 1437 1438
v 0.6113856267225759 -0.11979959966246909 -0.14470882292618029
v 0.60918076522230935 -0.11687815128262216 -0.13760002378593214
l 1439 1440
v 0.20015924760725418 0.54213938354691638 -0.359939798149992
v 0.20748868992898545 0.54049899936476575 -0.35996808167941474
l 1441 1442
v 0.05379999784400806 0.56708041427682732 -0.36058670240078489
v 0.056819867513867764 0.56669338943411018 -0.36052435678805789
l 1443 1444
v 0.50436466131829383 0.50745884875191816 -0.42143668235413656
v 0.50353605355597375 0.51040800114737384 -0.42331735788710489
l 1445 1446
v 0.55957646891054957 -0.46935062151767382 -0.17172645924405675
v 0.56265084222378881 -0.46512497920177809 -0.17167240979357143
l 1447 1448
v -0.47772839782968024 0.61862148712753673 0.79811145144382067
v -0.47697147609457513 0.61894629527450185 0.79977821034511976
l 1449 1450
v 0.51154109394083291 0.49981541522838863 -0.43730115670302538
v 0.51260522449483603 0.4946041595091602 -0.43148195963761182
l 1451 1452
v -0.059426791942373096 0.64928652402903297 1.0340317385490272
v -0.057473301911100567 0.65127430799458763 1.0348645550911095
l 1453 1454
v 0.50458811712897433 0.51891602968822237 -0.42861065847528063
v 0.5045799117025076 0.51881871724476103 -0.42459967153417982
l 1455 1456
v 0.49651407142423093 0.51803253459156295 -0.53897900462603243
v 0.4973901019499451 0.51808799935161332 -0.53550748943829862
l 1457 1458
v 0.53976475080866115 0.15639447900319797 0.35401689925226298
v 0.53918660798650486 0.1653192367885043 0.35527402243581685
l 1459 1460
v -0.44021237579813005 0.51758494845221381 -0.42887267629622527
v -0.43670433076391219 0.51834496983697076 -0.4168038650322049
l 1461 1462
v -0.54799416441717186 0.47912011261238135 -0.31008592375257427
v -0.54785236935815773 0.48042591695533715 -0.31087025872728413
l 1463 1464
v 0.50721991057459725 0.49205375917732119 -0.39642890822686339
v 0.50587499146397696 0.49044679395378232 -0.38921240437231874
l 1465 1466
v 0.61290700564146561 -0.11943490315364609 -0.34055985843724607
v 0.61286525597810226 -0.12268071364475479 -0.33660964334421756
l 1467 1468
v -0.48419065068375622 0.62901144977455281 0.78934851299221276
v -0.48296230246413197 0.635059061089705 0.78964433063571693
l 1469 1470
v 0.48345308013849553 -0.059596344948273233 0.33170165973969612
v 0.48294563583440486 -0.0565595327611155 0.33101246398619499
l 1471 1472
v 0.38322502879382186 -0.54742517352357434 -0.16802337235562614
v 0.38917618485211319 -0.5463232767556615 -0.16800272994883247
l 1473 1474
v 0.61354055179920208 -0.1131811534688926 -0.13169879545616048
v 0.61314044223461139 -0.11402410811920402 -0.12870296011520488
l 1475 1476
v 0.53294056085474706 0.24335571585843907 0.34626001342349316
v 0.53218609663121486 0.25145978273203029 0.34491228834576343
l 1477 1478
v -0.43985643290923748 0.48275141207411965 -0.72141840099919374
v -0.4396197567041048 0.481110828240364 -0.70718226790797178
l 1479 1480
v 0.60610908767547922 -0.43872524869370472 -0.31492304132366516
v 0.60469859340819998 -0.44940619099211682 -0.30214316322421692
l 1481 1482
v 0.61948570141906389 -0.16799297591671561 -0.32866595671446819
v 0.61920205225830427 -0.15957314113154794 -0.32997061326233845
l 1483 1484
v 0.13699293488810477 0.55458799634285438 -0.35626315951422405
v 0.14323180561711374 0.55348190035514366 -0.35610246777459431
l 1485 1486
v -0.063401656875479426 0.56733380669935951 -0.36124432796612732
v -0.04619293408645371 0.56790507918015709 -0.36128961330279358
l 1487 1488
v -0.54077269633406999 0.53697189973436565 -0.95362424889405506
v -0.53282878796463606 0.53196134878553181 -0.9566863771359132
l 1489 1490
v 0.59714820478611186 -0.098723957260877709 -0.16257646713064206
v 0.59671006109065816 -0.09928547410127439 -0.15882259574129093
l 1491 1492
v -0.52688549573375643 0.50092383423803444 -0.16042081724393681
v -0.52581287806079924 0.50262443026544457 -0.15604569305193111
l 1493 1494
v -0.52895331382892163 0.57022878455234438 -0.91375406185454444
v -0.53010177612163989 0.57145562840389341 -0.91038970550232812
l 1495 1496
v -0.56290881864219555 0.50186533812267675 -0.40582126089904474
v -0.56195206411689869 0.50370733853595362 -0.40735101988937689
l 1497 1498
v -0.54658909430018898 0.52830504029542058 -0.53328612045268753
v -0.54828504930027488 0.5266777411147967 -0.52962491317768357
l 1499 1500
v -0.44888556636628091 0.62552904727964265 0.8425422943683335
v -0.444632523881827 0.6260340249249472 0.84629714120905908
l 1501 1502
v -0.44129755450495201 0.45668728658933649 -0.6767654163904252
v -0.44373879479161782 0.45397768905382146 -0.65272452997493124
l 1503 1504
v 0.61540413093068014 -0.1400054739777308 -0.33799319314288678
v 0.6147578935673057 -0.13600623142082877 -0.341730188853268
l 1505 1506
v 0.47662724428659781 0.57726155413666935 -0.90718588834641922
v 0.4799173933934559 0.57708538876494198 -0.90524735445143234
l 1507 1508
v -0.56745343889360988 0.51070876405872379 -0.42807824562635455
v -0.56644458089703953 0.51282696439586606 -0.4289039259091374
l 1509 1510
v 0.4830226493286362 0.56366578826882607 -0.92224467265427235
v 0.48883913036115262 0.56304772605917686 -0.91858362686812756
l 1511 1512
v -0.50739117943355261 0.59369586282741516 0.53759919494075981
v -0.50765660918644251 0.59676326936710389 0.55706621319370064
l 1513 1514
v -0.5278591237760748 0.54278456193474311 -0.54110617616475065
v -0.52830061094987735 0.54219640272590142 -0.53807525655924837
l 1515 1516
v 0.42910078447647926 -0.53742644833833098 -0.17482781769487921
v 0.4418571861427224 -0.53335394812315584 -0.175897117836737
l 1517 1518
v 0.37894715778576638 0.63092906720248476 0.8602855142466711
v 0.38326201923144554 0.63080923312100157 0.85609675084427128
l 1519 1520
v 0.61517445601660747 -0.42671973661359042 -0.35416560989663814
v 0.61462779484551411 -0.42726748033587247 -0.34778982776357914
l 1521 1522
v -0.52244978143731569 0.51467514732491215 0.16691370197599995
v -0.52197260663946654 0.51568722030509273 0.17103074601823223
l 1523 1524
v 0.60863051338947327 -0.37748983781702128 -0.33055087257225924
v 0.60830977038585632 -0.37236317712896261 -0.32892582487265654
l 1525 1526
v -0.4735863607143086 0.4632829771644339 -0.81360547250405713
v -0.4536820251728374 0.46544578212435395 -0.82169230276449756
l 1527 1528
v -0.57673814742173579 0.50528664971527548 -0.87709476988564328
v -0.5719200089732227 0.50254110907378702 -0.87475714642752811
l 1529 1530
v 0.63783098839749885 -0.11710818528468005 -0.11211192724558131
v 0.63880906916628288 -0.1302104699677766 -0.082869156028306329
l 1531 1532
v 0.64611873799024733 -0.51034602044687682 -0.89459128939713173
v 0.64815165824235765 -0.51434746862783021 -0.89048926270400353
l 1533 1534
v 0.38927348999914002 0.61560749299229456 0.8440979922435542
v 0.39098188729349304 0.61519444697199988 0.84240374916574756
l 1535 1536
v -0.45592169558589241 0.46423216565349129 -0.52122844837056104
v -0.45201726162846306 0.48294023768208 -0.47609178640498212
l 1537 1538
v -0.5611492035161586 0.50312661157656546 -0.40332950073355239
v -0.55937258031257675 0.50557757390927438 -0.40497767013436753
l 1539 1540
v 0.47642668382720044 0.51490273063100755 -0.58708667375111545
v 0.46816930873795459 0.52534923966013014 -0.58619583033061062
l 1541 1542
v -0.026530442566579725 0.56822743965960421 -0.35818879270517462
v -0.023267133354240511 0.56823059962414824 -0.35816760396993524
l 1543 1544
v 0.19078576976342654 0.54388098270591745 -0.35956092560836123
v 0.19288214629606748 0.54346259086433402 -0.35956196104935362
l 1545 1546
v -0.50348751110118983 0.61987202495350491 0.72046393040728873
v -0.50068529087024571 0.62163097530589451 0.73110574599194222
l 1547 1548
v -0.54550334262515043 0.53205717646461703 -0.52551366258537202
v -0.53919759941433931 0.53668581402915738 -0.52597843240821929
l 1549 1550
v 0.38926053694636054 0.49173598742007668 -0.82734185342507782
v 0.38862406560033136 0.49121559405804222 -0.82453531141562042
l 1551 1552
v -0.47106492195764382 0.61662215176708834 0.81642947109305342
v -0.46797210301717918 0.6166536193739639 0.82059147445595781
l 1553 1554
v -0.54608856503880299 0.5040334010814147 -0.87560122712076105
v -0.53211952383601391 0.49618761294141245 -0.86639208094656073
l 1555 1556
v -0.10081260783335488 0.6542724867537435 1.0236641056262561
v -0.097238233855754919 0.65443987648935953 1.022936474589198
l 1557 1558
v 0.56860546449514426 -0.45406963937028505 -0.17252861559697028
v 0.57097967287210427 -0.44918093569532774 -0.17320973574809198
l 1559 1560
v 0.39286383114942286 0.54640661624945452 -0.42409156269380116
v 0.3915877131353977 0.54701806159936139 -0.41448570781401134
l 1561 1562
v 0.544676637099204 0.045706301539323112 0.33050828744517996
v 0.54465546663004405 0.049286976844885567 0.33025050590885446
l 1563 1564
v 0.60792817609293226 -0.42554913954031792 -0.32931401934010662
v 0.60679541094320055 -0.43412698312508735 -0.3190505245746883
l 1565 1566
v 0.38291953528641087 0.64321199987058464 0.86423846926850156
v 0.39315016543151515 0.64237209226961312 0.85492471012908144
l 1567 1568
v 0.50371066828974798 0.51769486000140874 -0.48187405785788961
v 0.50085385540715144 0.52367505500713618 -0.48607521334419779
l 1569 1570
v 0.50401696689471398 0.48697077066947697 -0.38616476152958995
v 0.50326016418591346 0.48640043704460384 -0.38348349238810414
l 1571 1572
v -0.3966347055931036 0.52174392546738824 -0.36492938167860622
v -0.38806598610687809 0.5221916118708686 -0.3629913293618906
l 1573 1574
v 0.54612472485048624 0.0174003830857253 0.32941637369405979
v 0.54554578830258993 0.02370907080102206 0.32861246732461696
l 1575 1576
v 0.53872653820351524 0.11379646963602752 0.35424735181805211
v 0.53852370402976113 0.11789453320973664 0.35592899686816615
l 1577 1578
v 0.58561704943651616 0.015142185215341544 -0.37079910600628824
v 0.57916523625379146 0.034901356722724937 -0.36414344942126303
l 1579 1580
v -0.14771985925375061 0.65388060237184087 1.0041551392178787
v -0.14525917254747314 0.65502011154875239 1.0067157943148362
l 1581 1582
v -0.068272716006889583 0.65981858181077746 1.0406296139794935
v -0.065849715271339176 0.65843302799146863 1.0411517733496081
l 1583 1584
v -0.52632395529783149 0.52150678468428369 0.15680410163929917
v -0.5261340925689898 0.52236151861466651 0.16167478067347549
l 1585 1586
v 0.47644389380232344 -0.04783114205751416 0.32334975662334448
v 0.47753857861741533 -0.042240819226169617 0.32328839836017603
l 1587 1588
v -0.46661127212936071 0.62890441691462107 0.81831278519669659
v -0.46248459216659876 0.62864570343907766 0.82438741011580341
l 1589 1590
v 0.49185423565797337 0.56726401595561071 -0.90692169464872707
v 0.49669535445280544 0.56551903934987025 -0.9044373532409824
l 1591 1592
v -0.51607048879500106 0.54584714588142191 -0.55412094709308779
v -0.51772117246751115 0.54485216918968404 -0.55006582620708311
l 1593 1594
v 0.61364114123286306 -0.10468561381221114 -0.37499060404931184
v 0.61317622822819651 -0.10632916360974015 -0.37075785624350432
l 1595 1596
v 0.54423031738776351 0.069292926870065483 0.32386479182785882
v 0.54423585006218766 0.07487731269769117 0.32204415993147956
l 1597 1598
v 0.38819312601026368 0.61732815987767053 0.84545143491246899
v 0.38990152330461669 0.61691511385737585 0.84375719183466236
l 1599 1600
v 0.47312216387177036 0.57667875181936712 -0.90800017303750602
v 0.47587646617507412 0.57685327637887507 -0.90535491519644173
l 1601 1602
v -0.0035830036409377321 0.65098802213933293 1.0362744860967674
v -0.0021779058828771845 0.65079959268305476 1.0366501278558693
l 1603 1604
v -0.50994059060874264 0.59520239568317679 0.58072860119798841
v -0.50968733812508304 0.59735231661235544 0.59231560351392565
l 1605 1606
v -0.086329618959913659 0.65211279832604463 1.0311923707345285
v -0.083471958965768409 0.65356235063788359 1.0330559527060232
l 1607 1608
v 0.23854158341053275 0.6693158112942883 0.95328185469240445
v 0.25704004348155707 0.66839993367794071 0.94397511571317416
l 1609 1610
v 0.53662183963846588 0.029260846002593585 0.30414994731951306
v 0.53411659515309906 0.031280087159380368 0.32080642208051136
l 1611 1612
v 0.47361043085620969 0.49590339688967644 -0.63076037076365898
v 0.47489634166194827 0.5000548717527491 -0.62296277376759102
l 1613 1614
v -0.58392956324581979 0.51533462317426149 -0.88780139647045897
v -0.5830623858356011 0.52512191025774535 -0.88802827634295656
l 1615 1616
v -0.47901454200536286 0.5188044057000667 -0.89480470187333672
v -0.48021915922373259 0.52087965153565108 -0.89656020634504707
l 1617 1618
v 0.015158541255977155 0.661536643618858 1.0381800870304563
v 0.017829627043220997 0.66091411340781436 1.0358822603816531
l 1619 1620
v -0.51103799035379693 0.5827331795702746 0.49021642529678988
v -0.51100106547048285 0.58323356962100958 0.49290258562850309
l 1621 1622
v 0.51298956348271829 0.48830213267244388 -0.41052832654188176
v 0.51149316356806296 0.49269811194501828 -0.41063753315736751
l 1623 1624
v -0.39334452782370977 0.62749298562757538 0.87880832866030623
v -0.38845598067543574 0.62775806436784698 0.88102631851834368
l 1625 1626
v 0.50566457844459223 0.50981615903654354 -0.46758391876825128
v 0.50767720603264166 0.50000573274812443 -0.45559278706899847
l 1627 1628
v -0.44741918136501624 0.47928266325811347 -0.55579832676522933
v -0.44696436832523034 0.48510827025552788 -0.53792485114462174
l 1629 1630
v 0.05692320774534268 0.56433720978710045 -0.35921186996190402
v 0.059048879041881136 0.56406478491809975 -0.35916798519404081
l 1631 1632
v 0.51413720776350058 0.54092567334310815 -0.92412457133677905
v 0.52207964728563272 0.53376156916482642 -0.92159774635883862
l 1633 1634
v -0.52500792876865798 0.49709925606705652 0.26661918708551557
v -0.52332523926112717 0.50149365708373084 0.26416762521993487
l 1635 1636
v 0.46461077253899929 0.48625580864616014 -0.67906937287392266
v 0.46568755586065891 0.48816157979301833 -0.67085006548819892
l 1637 1638
v -0.58066354824903998 0.52759299556191219 -0.87298582079142173
v -0.57890952990647759 0.53603019436423527 -0.87379815099507729
l 1639 1640
v -0.55927603269154103 0.52508162509051803 -0.41507749692886187
v -0.56009466623729198 0.52228487481029984 -0.41093159778625654
l 1641 1642
v 0.50393585750694958 0.51411941638410708 -0.44326893766815056
v 0.50500758102301868 0.51377579578935484 -0.43680693427627693
l 1643 1644
v 0.49287525677514299 0.48710044036071493 -0.3313031975319905
v 0.49234016871619002 0.48880968680221842 -0.33142749628514817
l 1645 1646
v 0.5027460555718265 0.50569695963583949 -0.53621527077537567
v 0.50287001326820036 0.50625627503670689 -0.53188398955482452
l 1647 1648
v 0.48747489359992446 0.56979798841101592 -0.90323718911587614
v 0.49101021382195054 0.56856394243615205 -0.90213194960177523
l 1649 1650
v -0.53056191416507359 0.49325471899453655 -0.16871278075288201
v -0.52885604886288051 0.49561846473272786 -0.1641065618603382
l 1651 1652
v -0.46551697116905022 0.61889867947555166 0.82497768607031108
v -0.46380205291694832 0.61889810397171396 0.82729906830896138
l 1653 1654
v 0.48137372338089141 -0.076185617470577907 0.32551314085267963
v 0.47834134495941011 -0.068547722077533055 0.32387964278913556
l 1655 1656
v 0.39012313895470208 0.54242454574037691 -0.43694596364028593
v 0.38916998095267707 0.54433752491544585 -0.42625046895019869
l 1657 1658
v -0.10703076494310709 0.65493022492783082 1.0260454318249543
v -0.10938799309159902 0.6577710003529309 1.0274723866259734
l 1659 1660
v 0.092843635302862104 0.65136264797379262 0.9973867024648343
v 0.091433750170389239 0.6517785883314442 0.99902247531531707
l 1661 1662
v -0.57083675759022434 0.49267615835844603 -0.41238351976006965
v -0.57014968497569363 0.49451855857194338 -0.41209439123541375
l 1663 1664
v -0.54038926273400245 0.54728678585772561 -0.4908723835783162
v -0.53898898452704491 0.54933162806744529 -0.48697471572588302
l 1665 1666
v -0.51078769616920261 0.55708445907876181 0.33322065596305012
v -0.51076772756736966 0.55767892001822306 0.33615613456047894
l 1667 1668
v 0.54133785654410604 0.092903047958401486 0.34124272583906634
v 0.54052244733467814 0.1061549185123169 0.34837586165483014
l 1669 1670
v -0.10206486388527464 0.66489202612260723 1.0304712584515634
v -0.099160401975282919 0.66452031499525166 1.0292168328265128
l 1671 1672
v 0.60570164666443715 -0.15648165864790911 -0.19612811559350957
v 0.6030919934722816 -0.13972389178429609 -0.1892300093778802
l 1673 1674
v -0.53429372137429143 0.52085679896208747 -0.31868409441194423
v -0.53270344907401179 0.52302557103302971 -0.31846470310011021
l 1675 1676
v 0.4807958692541498 0.52690623155905747 -0.56414845319066143
v 0.48567413387390196 0.52270486005471206 -0.56153533129420186
l 1677 1678
v 0.58776542833983725 -0.49695765342875237 -0.96518219997590482
v 0.58333494969666178 -0.48934239778355842 -0.96603260944181979
l 1679 1680
v -0.0062744753068097832 0.65298489475285082 1.0353237755688141
v -0.0076056685665837525 0.65443082904780836 1.0352145068255951
l 1681 1682
v 0.062405682551995877 0.65288413685096602 1.0123616014141124
v 0.065278880846365323 0.65380941707359452 1.012790366588207
l 1683 1684
v 0.54389432600516463 0.064603285573201927 0.32034421368187799
v 0.54389985867958879 0.070187671400827614 0.31852358178549872
l 1685 1686
v -0.1004119576443752 0.65809427433063616 1.0226178818619764
v -0.10207111523255503 0.65939439601848493 1.0244182890974962
l 1687 1688
v 0.48552978668655628 0.50885480127212357 -0.58571422567039022
v 0.48732947673354871 0.50913662233474899 -0.58266067037910929
l 1689 1690
v 0.61276697100977151 -0.10472592767092906 -0.37044803903270934
v 0.61231554566045554 -0.10632179621842183 -0.36633808805774476
l 1691 1692
v -0.56645397655504937 0.51474490552982044 -0.43108658378337861
v -0.56319065578442817 0.52080640405575085 -0.43220390493656158
l 1693 1694
v -0.44265886029024337 0.48364317182505834 -0.64533025689157564
v -0.44300762931089188 0.48311430450474513 -0.64179723792043608
l 1695 1696
v -0.0073956527680617097 0.66063379639903386 1.0355772466666062
v -0.0036677516132134673 0.65875578528126399 1.0374601392739455
l 1697 1698
v -0.51520395438986366 0.47754530303795167 -0.74217279277972081
v -0.51466524440926964 0.47920413620155028 -0.73448376334973475
l 1699 1700
v 0.61224872147887333 -0.42239176931584882 -0.33779814032859373
v 0.61145204031617062 -0.42528099117075396 -0.33284054012947512
l 1701 1702
v -0.57045178770108618 0.48813884074044966 -0.40780274681030482
v -0.56905955911593042 0.4934390324895308 -0.40733279176772863
l 1703 1704
v -0.34999948751694265 0.62968599230114031 0.89085692926592797
v -0.34187084424727854 0.62996221154865217 0.89342802003674537
l 1705 1706
v 0.49724890321886361 0.47064705020720032 -0.52278480465563049
v 0.50084440379941642 0.46450160616105529 -0.4794250971540619
l 1707 1708
v -0.064687901593435085 0.64451009354320532 1.0314285009453745
v -0.062559417032015049 0.64743667521747583 1.0320506841589956
l 1709 1710
v 0.5466562786062924 -0.072718386826095202 0.33283242280778458
v 0.54840240097439608 -0.070836837115707776 0.33225950901213119
l 1711 1712
v 0.33156046551158008 -0.56194963185578128 -0.16718206877160741
v 0.33831491786549511 -0.56045077116698483 -0.16643624430250453
l 1713 1714
v 0.15746490136730665 0.65135334839395909 0.97503901392550341
v 0.15913473590266711 0.65120042453237148 0.9743792924252046
l 1715 1716
v 0.50495674321968353 0.56169138058922319 -0.89767667831524023
v 0.51237259199302398 0.55523338213660689 -0.89687767444507471
l 1717 1718
v 0.24849902758119927 0.64158202473524095 0.92518855602299876
v 0.25143442383290904 0.64067279036638258 0.92305301158869557
l 1719 1720
v 0.17667809253503292 0.64972621494603533 0.96542543830558925
v 0.18606823558043034 0.64993804401087385 0.96200197277381749
l 1721 1722
v -0.3398946519866497 0.63306023076869378 0.89919894147230428
v -0.33708584346623116 0.63332246347569099 0.90033287596391398
l 1723 1724
v -0.53539346555805511 0.57611540265131633 -0.91080977947962882
v -0.53772808214091949 0.57755002074193318 -0.90542004077183602
l 1725 1726
v -0.51849803673946704 0.48077314475248928 -0.30831096986812112
v -0.51767280352389966 0.4994602265052927 -0.31024314542728904
l 1727 1728
v 0.59420846073602229 -0.1152819710232396 -0.036075935222053206
v 0.592679518771424 -0.10583111472352554 -0.033150992833233202
l 1729 1730
v -0.054783085050763562 0.65618583625983395 1.038216491569889
v -0.053646637437162921 0.65537157588768802 1.0372978249889488
l 1731 1732
v 0.32810739128390337 0.52290514383837094 -0.36205406169194415
v 0.33426937015255903 0.52352210607007632 -0.36260335465174481
l 1733 1734
v 0.61674484955272424 -0.11239357737439552 -0.13127957088764519
v 0.61635663760700476 -0.11234926732641777 -0.12844778793040901
l 1735 1736
v 0.55420167876563464 -0.031813384086047558 0.32629631234658091
v 0.5531193451754054 -0.027535135805452915 0.32569243238913687
l 1737 1738
v -0.4366962634654083 0.47259250510313056 -0.75277867807033283
v -0.43647399314927676 0.47129997383974054 -0.74474713312504071
l 1739 1740
v 0.63767381280044788 -0.49143700071280288 -0.90409681138838716
v 0.63216404349227673 -0.4853066974073143 -0.90966549577866607
l 1741 1742
v -0.019718419087370393 0.6593314866781842 1.0467214725849006
v -0.018636733966628554 0.66304297640317567 1.0454292155864862
l 1743 1744
v -0.07523223082756629 0.66000721935867035 1.0323706047524361
v -0.073369867398980951 0.66002501960159576 1.033491335631475
l 1745 1746
v 0.57580268576067217 -0.43113391836979709 -0.17588899964639226
v 0.57696223065931074 -0.42739469567439237 -0.17562581663778742
l 1747 1748
v -0.13693024677811841 0.65368728117626962 1.0140158244672945
v -0.13366929727019092 0.65138299985247794 1.0139919212755033
l 1749 1750
v 0.49665171677471953 0.48711919771859025 -0.35189051839419533
v 0.49602382605670137 0.48844128859809066 -0.34470175293377708
l 1751 1752
v -0.4597739454234247 0.44058648580315929 -0.59586367368822901
v -0.46173841991776182 0.44003154999014515 -0.58167340993756445
l 1753 1754
v -0.53334434537274755 0.57598309477911336 -0.89879257990308747
v -0.53500585051195704 0.57602508107080119 -0.89680580781511321
l 1755 1756
v -0.547736059664786 0.53551415218194209 -0.50478314888546683
v -0.54678105211347328 0.53792675720373906 -0.49989235866000442
l 1757 1758
v 0.53805042529080671 0.21062372236377427 0.31002647913421572
v 0.5369484303000136 0.21139704079502394 0.31883947812591612
l 1759 1760
v 0.5246901769829041 -0.066217204661554105 0.34194854312858125
v 0.52996561334607539 -0.065463805465513461 0.34216215795555571
l 1761 1762
v 0.50164322978151821 -0.083163648742600335 0.33183944523507286
v 0.504172037781348 -0.082406610351637946 0.33259123265570473
l 1763 1764
v 0.46860166365248784 0.56985433360332494 -0.9243846077673048
v 0.47108511155503169 0.57127635220294948 -0.92178283741549549
l 1765 1766
v 0.61192462391271729 -0.4122233776643523 -0.34687780964151077
v 0.61141481452569824 -0.41184385732862866 -0.34210920703634567
l 1767 1768
v 0.62390300867011861 -0.47763848198181924 -0.90396113421636437
v 0.63158741357872172 -0.48454970227950278 -0.89855389569086219
l 1769 1770
v -0.52149388401107122 0.48523397572342347 -0.82676628883498537
v -0.51965859325333308 0.48401741854842711 -0.82213350478989256
l 1771 1772
v 0.51949637575467555 -0.069550198454877712 0.33922509379328974
v 0.52238554315248997 -0.069174352149942539 0.33947809510288945
l 1773 1774
v 0.61596329063381927 -0.12024043056492914 -0.13194026614278348
v 0.61534338146243317 -0.11872214522833716 -0.12848777507692782
l 1775 1776
v 0.49448841513375102 0.48069348450774052 -0.37150256778142088
v 0.49316728411933125 0.48167291764145992 -0.36486155842402346
l 1777 1778
v -0.021287248886825687 0.65451617197435363 1.0404699712044545
v -0.021142846487758511 0.65659861608106629 1.0404993624442271
l 1779 1780
v -0.38757608698143914 0.52230124920647747 -0.3649881334507673
v -0.37847651674017951 0.5227766707535445 -0.36293001459000418
l 1781 1782
v -0.46985675256579856 0.61971213623122567 0.81243536028033081
v -0.4670736654487278 0.62007746890946036 0.81679537740582642
l 1783 1784
v -0.45963512122232691 0.62476501456653 0.83072493095058175
v -0.457004147175958 0.62477352627361893 0.8337724445376995
l 1785 1786
v -0.3596136650730869 0.63201783016310464 0.89204111363452887
v -0.35567467597229274 0.63237204238785971 0.89343974326091791
l 1787 1788
v -0.56197737407563542 0.42439690628419396 -0.3160554242008618
v -0.56373561668516781 0.44530865153898719 -0.332245461953313
l 1789 1790
v 0.38396602052650863 0.48277992979944684 -0.60470960472673241
v 0.38431794267692154 0.48335443957387469 -0.5991945471897715
l 1791 1792
v 0.50334256817609824 0.54260247120992944 -0.92533108855632251
v 0.51128500769823038 0.53543836703164771 -0.92280426357838208
l 1793 1794
v 0.5030086716413712 0.52103041386387705 -0.45568355122113763
v 0.50296168720720058 0.51999975466944814 -0.45326421460604133
l 1795 1796
v -0.54331227690483785 0.51283238679544563 -0.32290684177051227
v -0.54108372777198099 0.51674784868581658 -0.32103050754894574
l 1797 1798
v 0.39089894942194647 0.48971023416041787 -0.82867020253854218
v 0.3902624780759173 0.4891898407983834 -0.82586366052908478
l 1799 1800
v 0.49330959163318033 0.53167767139540334 -0.45283651677551012
v 0.49139150537838583 0.53166847614182811 -0.44368451508102674
l 1801 1802
v -0.17171414883273406 0.64736288407480369 0.98440084712220011
v -0.1678337237106009 0.64791232725942483 0.98605587227629843
l 1803 1804
v -0.53941718128248173 0.53760352083666751 -0.54243740072660207
v -0.53650566551164669 0.53972909501568844 -0.54440942773409129
l 1805 1806
v 0.52480826959558691 -0.082938610984664721 0.33769388324289307
v 0.52857734575322901 -0.082940519378799635 0.33803032511205688
l 1807 1808
v -0.0064378402411173034 0.64852036510346922 1.0341936634388764
v -0.0084310841531326126 0.65068541492582765 1.0340300513896148
l 1809 1810
v 0.61722694300822101 -0.10434222156246563 -0.35955979075836197
v 0.61595453358479657 -0.10441795056621174 -0.35592709335876449
l 1811 1812
v 0.55127870139895929 0.026729792594543202 0.30151004837036482
v 0.55093646946133124 0.026338666439422863 0.30513589336394914
l 1813 1814
v -0.46704358185976474 0.65156633758396765 0.81151921483690326
v -0.46648090754300625 0.6499087104812179 0.81342153814619
l 1815 1816
v 0.49627803068581056 0.5361214856558163 -0.47691361496665685
v 0.49850149650153686 0.53507721620270421 -0.4728782932975033
l 1817 1818
v -0.5801873236689512 0.52481086164459534 -0.88766094261228401
v -0.57849907579088766 0.53346126169219665 -0.88814774936617058
l 1819 1820
v 0.50066263543659939 0.47007569585416709 -0.37331206680312928
v 0.50028555525248752 0.47327855314638223 -0.37208567975982848
l 1821 1822
v 0.63223425902135655 -0.51132599771846399 -0.93348878998003393
v 0.64060910187952236 -0.5278104120410575 -0.91659003120221705
l 1823 1824
v 0.31597723659042154 0.52295953654145211 -0.36243538999553204
v 0.3233606011056539 0.52329605199004203 -0.36287106132511615
l 1825 1826
v 0.49836869107777365 0.46751844797704611 -0.3736327099896985
v 0.4979916108936619 0.47072130526926126 -0.37240632294639769
l 1827 1828
v -0.063429636468179743 0.65715968492023979 1.0449843412086528
v -0.060917603264562574 0.6553543817759272 1.0438220495536763
l 1829 1830
v 0.54020422745367214 0.19320560521329846 0.34212219873242489
v 0.54015368174890355 0.1957189636782268 0.33998340210146794
l 1831 1832
v 0.24496027437482412 0.64241739984546364 0.927229036246215
v 0.2482030132647938 0.64165130380596458 0.92497135266217123
l 1833 1834
v 0.18166067118254189 0.54628966865152606 -0.3564728058110504
v 0.18268371706399436 0.54608549061208478 -0.35647331111323549
l 1835 1836
v 0.53058378091017122 0.52296080405189671 -0.90559273773453686
v 0.5273799479945529 0.52620194142387233 -0.90618652290083912
l 1837 1838
v 0.41449300887731916 0.51579513167821434 -0.89082754725866475
v 0.40887351391168231 0.50924513721979592 -0.88141952877588114
l 1839 1840
v 0.59076998648170798 -0.010891341015302619 -0.38904779998636696
v 0.58997013154502542 -0.0088224165443544778 -0.38841784151219871
l 1841 1842
v -0.44378423625383534 0.46504369458953687 -0.62915409178186588
v -0.44539415901746593 0.46295031824310473 -0.62233936219762631
l 1843 1844
v 0.16631217174274177 0.64910842046454453 0.97007081616363244
v 0.16808177657383233 0.64888047113701797 0.96928408038177771
l 1845 1846
v 0.58201972997971974 -0.48579223211565042 -0.96446285952961841
v 0.5786000057380537 -0.47991429511747336 -0.9651192594584187
l 1847 1848
v -0.54015380847657812 0.53619128346833267 -0.52200695590965895
v -0.54224377167021143 0.53635257601347885 -0.51445654315955491
l 1849 1850
v 0.45909988479437086 0.5269920259996399 -0.97344432526420321
v 0.45930970115838793 0.52967577871837768 -0.96904267615486417
l 1851 1852
v -0.096623771119579177 0.64692954274142245 1.0153754351555087
v -0.091147087287441392 0.64565404204403898 1.0145809056342863
l 1853 1854
v 0.37860592428821654 0.61220510759362889 0.86013143541647918
v 0.37265978034358888 0.61525277338018702 0.86609954354928009
l 1855 1856
v 0.4825465007728037 -0.054959140961588146 0.32541080368015202
v 0.48202616730275782 -0.050723515207349537 0.3247465287401971
l 1857 1858
v 0.49911795079256405 -0.066794098805169136 0.34159338467824729
v 0.50255646288846623 -0.066731496263762444 0.34187537438165871
l 1859 1860
v 0.60115400831478383 -0.098519509328957353 -0.19031455331985853
v 0.60014756639224742 -0.098796049462203231 -0.18467713183219531
l 1861 1862
v -0.56477994359536876 0.50261133255657975 -0.40617733793586341
v -0.5646158989568163 0.50188857970538314 -0.40478647155434044
l 1863 1864
v 0.54613521480166594 -0.073607792434272387 0.33525210316476395
v 0.54788133716976961 -0.071726242723884961 0.33467918936911056
l 1865 1866
v 0.5284175059080588 -0.071433828309963365 0.34075612592212917
v 0.53148051292891629 -0.069259687229205946 0.34110342693813084
l 1867 1868
v 0.5813804895683039 -0.41882443553232857 -0.17227807806515011
v 0.5825144021705877 -0.41514235609746269 -0.17272782160258976
l 1869 1870
v 0.5876306524910484 0.002290353186606398 -0.38072875662487932
v 0.58467588513712543 0.010876877225757607 -0.37632527427035384
l 1871 1872
v -0.32960196960021515 0.53035405560795024 -0.3578959323490718
v -0.32658955824326019 0.53085252360042379 -0.3577950380717656
l 1873 1874
v -0.2650239126798925 0.54171737953302035 -0.3598330927981373
v -0.26245210002686409 0.54223063663366666 -0.35987517107591666
l 1875 1876
v 0.45905896241322713 0.55957670957680583 -0.92758865753410835
v 0.46400997822626872 0.5621467038906014 -0.92712049087287407
l 1877 1878
v -0.0057684151088603737 0.65164557838474779 1.0339728958996246
v -0.007099608368634343 0.65309151267970533 1.0338636271564057
l 1879 1880
v -0.51995832816202514 0.54335043574971276 -0.54063820018390663
v -0.52198414906423218 0.54195728157359047 -0.53646434173961632
l 1881 1882
v -0.18649326232799782 0.65360576156188188 0.98089425271524455
v -0.18040023776164757 0.65312701221894087 0.98230059439168904
l 1883 1884
v 0.48616419594549104 -0.040788588377139473 0.32173514520006646
v 0.48710383612848357 -0.037235210386612511 0.32210987652463446
l 1885 1886
v 0.47312317600768089 0.5711963528901588 -0.92196918099777991
v 0.47499926576096535 0.57286580855545888 -0.91918181807143395
l 1887 1888
v 0.59846655377574753 -0.20713330286948808 -0.067475544713205479
v 0.59745498648456741 -0.20354067307503096 -0.061999631621175624
l 1889 1890
v 0.20606828390665094 0.65933924921084452 0.96416353014626954
v 0.22623434008054694 0.6596032976336379 0.95498050423941161
l 1891 1892
v 0.60875044940834233 -0.11516625933289433 -0.13165782469025328
v 0.60803700805778316 -0.11666934438109493 -0.12631590587386415
l 1893 1894
v -0.021256416381303416 0.65459081727255763 1.0428878360918383
v -0.021153752415474309 0.65545859736214696 1.0431040233441968
l 1895 1896
v 0.50601652414520415 0.50132779844714837 -0.4057101845877224
v 0.50669869630615083 0.50434608689831062 -0.40610716341566505
l 1897 1898
v 0.57226644123938342 -0.4516101078958818 -0.16939644663630612
v 0.57457031642052869 -0.44665865135475907 -0.16981531531514041
l 1899 1900
v -0.14009854308992686 0.65823478692502146 1.0106950603571239
v -0.13779979832738576 0.65864019400149221 1.0124468006047902
l 1901 1902
v -0.41453544410742771 0.52666487611719404 -0.36422287087942795
v -0.40745373455010403 0.52661976896337237 -0.35994149584267898
l 1903 1904
v 0.50528382254279269 0.51595445370326753 -0.42599481923234545
v 0.50527561711632596 0.5158571412598062 -0.42198383229124464
l 1905 1906
v 0.60700281272614853 -0.21983987872966268 -0.091684313080726346
v 0.60655824531828506 -0.21989568287960551 -0.087631939389290134
l 1907 1908
v 0.59671538668797308 -0.049349724691424485 -0.1990044225076964
v 0.59646231335475153 -0.050685346681561355 -0.19661872497994398
l 1909 1910
v -0.49097028714577162 0.63595153151879025 0.75636343808244511
v -0.4889645840509752 0.63737963379493046 0.76454396395612911
l 1911 1912
v 0.49908457507500076 0.51911983364810599 -0.44504033189223402
v 0.50053109417548758 0.51712217456112253 -0.43896241325928576
l 1913 1914
v 0.48992610589131946 -0.070549830317084949 0.33807474454354514
v 0.4919484792603529 -0.07092849957984193 0.33977061430502664
l 1915 1916
v -0.54484296939191335 0.4587289969736309 -0.29436400004737795
v -0.54288243153276927 0.4579916913694172 -0.2853293769705969
l 1917 1918
v 0.58528409224611766 -0.48887504981427504 -0.97425407073267445
v 0.58235206383603566 -0.48383538080782579 -0.97481685974828258
l 1919 1920
v 0.55162218198895097 -0.026115950605244301 0.32817240557476918
v 0.55144700422168136 -0.025324754008679725 0.32787982621386608
l 1921 1922
v 0.57356165178950291 -0.43527253524791037 -0.17666960719698049
v 0.57430531255070705 -0.43212232931126321 -0.17640172478086374
l 1923 1924
v -0.55321654441829948 0.53898152870779037 -0.43309029981256697
v -0.55367484924319954 0.5367808623826027 -0.42930671528219011
l 1925 1926
v 0.48924521921489406 0.5218508018956225 -0.53094443847736261
v 0.49037529708530736 0.52081420283460211 -0.52718666026989081
l 1927 1928
v -0.52645614842220823 0.54862424669402776 -0.55119405471744765
v -0.52432641287997683 0.54967740239960017 -0.55319442070064317
l 1929 1930
v 0.47311673612867933 0.53216721274432877 -0.9770477404547484
v 0.4733439877482738 0.53507397911968491 -0.97228032446376966
l 1931 1932
v -0.52625907693453089 0.50048173977601751 -0.17914799260726297
v -0.52346180643491491 0.50435779975187556 -0.1715947349108187
l 1933 1934
v -0.45360368872261686 0.49054244306683842 -0.81866060011594122
v -0.45177042102240877 0.4893871233165234 -0.80982555634768183
l 1935 1936
v -0.50846538721196199 0.52679314773940911 -0.60568901025693622
v -0.50985624612696623 0.52859995204544197 -0.59966353452760968
l 1937 1938
v 0.19125806374863782 0.64762496324366259 0.95863434770700284
v 0.19540498571081957 0.64733732370549513 0.9566560079753702
l 1939 1940
v -0.5042302559479126 0.60714697038592969 0.6212973001832931
v -0.50439715875545654 0.60844314897594776 0.62849837509441686
l 1941 1942
v 0.01774974258059395 0.653294076694377 1.0274200643824756
v 0.01722621081954109 0.65530563377010054 1.0297748838139356
l 1943 1944
v -0.47725596435901957 0.51034977724995922 -0.89589601475780056
v -0.47685936681392355 0.50344965168986011 -0.88452095072681858
l 1945 1946
v -0.53372902696968938 0.52320736773344978 -0.3174855046101559
v -0.53213875466940974 0.52537613980439202 -0.31726611329832188
l 1947 1948
v 0.48137903773314739 0.45597241170404512 -0.2490062494849897
v 0.47851764595978474 0.46405991070272368 -0.22870465320589775
l 1949 1950
v -0.45416080970736622 0.6195201850391856 0.83790018111992481
v -0.44888788442639233 0.61999809975848286 0.84255562275122997
l 1951 1952
v 0.38013958325025954 -0.55175190540756658 -0.16550351270835437
v 0.38518560538652025 -0.55027825263534114 -0.16524370423157178
l 1953 1954
v 0.53201466062966951 -0.088288887458607912 0.32541419694572898
v 0.53638047715719572 -0.086819291991427183 0.32493857910483864
l 1955 1956
v 0.62889473262395956 -0.50411075399913985 -0.57830007991853782
v 0.62088687595758341 -0.48058277322253984 -0.52303461112913063
l 1957 1958
v 0.50615230646676157 0.51446080651784931 -0.45182747830385606
v 0.50709756764822866 0.51247453245614971 -0.44520633231168349
l 1959 1960
v 0.39239194023493362 0.5163027150491909 -0.51120468443985356
v 0.39251265895482468 0.51908277441461526 -0.50303975277785884
l 1961 1962
v 0.5213196946236307 0.49798418457235472 -0.41292733717978131
v 0.52153366078408414 0.50581990306650026 -0.41916685532510151
l 1963 1964
v 0.59871003800479661 -0.03612775233084177 -0.39336107930160741
v 0.5976255161181282 -0.031738945576606045 -0.39375491181396266
l 1965 1966
v 0.49309706884192761 -0.084048314220448977 0.33375570490479556
v 0.49725651544762317 -0.087864221804598325 0.33182474658369931
l 1967 1968
v -0.51459969674579742 0.50270309070408714 -0.098227960464955633
v -0.51409862841136811 0.50259373565852272 -0.092419760825632746
l 1969 1970
v -0.56416861670684715 0.53845839389080974 -0.46922737722016872
v -0.5604342971496592 0.54340071789507893 -0.46831106777571141
l 1971 1972
v -0.09008517948683728 0.65469993540273064 1.0173835417301151
v -0.087691857537660706 0.65434561780466682 1.0189996102779415
l 1973 1974
v 0.50288356900969766 0.51427296859034755 -0.42306885005496137
v 0.50366173624237753 0.51157649296513341 -0.42003694294430621
l 1975 1976
v 0.55756609215778685 -0.047053704827415478 0.32828806666954269
v 0.55783124194102907 -0.045631219775093067 0.32786966534034501
l 1977 1978
v -0.56901528591400974 0.51050563074480482 -0.42602226320857622
v -0.56779501682036526 0.51245562814343981 -0.42696818526630781
l 1979 1980
v -0.44248512977797122 0.62659473362051954 0.84728867735519398
v -0.43806859260362058 0.62732844409859667 0.85066037450180065
l 1981 1982
v 0.29732564161272335 -0.574742199473251 -0.16942708638432999
v 0.30001023342160893 -0.57382476181520115 -0.16955326053377609
l 1983 1984
v -0.54095965366413634 0.48031275979343752 -0.19771767038362487
v -0.53841907043406922 0.48383313902553221 -0.19085752588254945
l 1985 1986
v -0.57458039813741746 0.54606900327727959 -0.88726325951024754
v -0.57100358909860549 0.55170562154724434 -0.88977471866205471
l 1987 1988
v 0.48259841361858796 -0.030531377225124626 0.3276830558842509
v 0.48226470789096404 -0.025894052655494423 0.32745215844451497
l 1989 1990
v -0.56487740717865464 0.52639877996646434 -0.46404752593647819
v -0.56415878094695571 0.52638399400509328 -0.45928087372172494
l 1991 1992
v -0.56273139896340341 0.4995345413134486 -0.40087824941135314
v -0.56305705127768546 0.49789846545000965 -0.39882630228542421
l 1993 1994
v -0.4853306867250412 0.63977163727912501 0.7836258855362318
v -0.48358984216366119 0.63952201907005712 0.78608579964443226
l 1995 1996
v 0.54406553374703615 0.20958841194787911 0.29200599817938178
v 0.54278749359671385 0.21654355178197929 0.29834528537088068
l 1997 1998
v 0.38737595967651706 0.48667471580210242 -0.79329112115205935
v 0.38577287502883573 0.48553539343175378 -0.78291675505338498
l 1999 2000
v 0.58333511177687558 -0.40950442532907239 -0.17536811689994639
v 0.58387820895524112 -0.40555100460638294 -0.17567981620170767
l 2001 2002
v 0.53552536969354692 0.20963486382763558 0.35906709072914661
v 0.53511567110845504 0.21490625193316765 0.35737144114646374
l 2003 2004
v -0.55902896463478491 0.53281196670658348 -0.43241546764215016
v -0.55906893670951441 0.53143397254817726 -0.43034996376196361
l 2005 2006
v 0.5064546148949437 0.49221046625556863 -0.40841188858532818
v 0.50669464657966568 0.49443046392021262 -0.41035756637072651
l 2007 2008
v 0.49543874015216655 0.54252438315370377 -0.47873927447480352
v 0.49687911520595723 0.54184789887449447 -0.4761251678736767
l 2009 2010
v -0.53706842592849879 0.55259087896313774 -0.4804338518761706
v -0.53836745091781468 0.55260047102007759 -0.47590002377995733
l 2011 2012
v 0.54248750071287488 -0.070462996793780625 0.33570930262776638
v 0.54324066777467395 -0.069651414917912186 0.33546218374994968
l 2013 2014
v 0.50589075622458546 0.50287911947143449 -0.40925169514088788
v 0.50597962799172314 0.50508739893066512 -0.41037791444392047
l 2015 2016
v 0.50973103965770761 0.51346976903654562 -0.41870610891283194
v 0.51135338817584952 0.50968985410951151 -0.40969289363920053
l 2017 2018
v -0.063086695500957093 0.64744830255741803 1.0378546956363452
v -0.05951014952982752 0.65059757108454974 1.0389435049709546
l 2019 2020
v -0.54899221011412069 0.49267026111716811 -0.32570566728048717
v -0.54680520943391397 0.4978319771564525 -0.32410309717721547
l 2021 2022
v -0.56962024535149436 0.50728099599074261 -0.42625111289857348
v -0.57014799748450418 0.50321395144272907 -0.4212528472340254
l 2023 2024
v -0.55715609520752307 0.52582690893003681 -0.43098190606939696
v -0.55658089190642956 0.52783527197053692 -0.43220802961480714
l 2025 2026
v 0.49625507520891571 0.52737299911551661 -0.45808024732090374
v 0.49507966113828278 0.52419586666054541 -0.45142875584148029
l 2027 2028
v -0.27836022372189739 0.6468932463596494 0.94392409657286613
v -0.27099754815157673 0.64763416510122707 0.94792863990021736
l 2029 2030
v -0.37151114087067161 0.63712716379777823 0.89389448836525132
v -0.36312904019393411 0.63825022897108163 0.89703113362113784
l 2031 2032
v 0.5954399584094543 -0.10923255082453748 -0.06959426007151355
v 0.59533317105374151 -0.10927387479458789 -0.065751169110539062
l 2033 2034
v 0.33769056733728492 0.63383310911586854 0.88119230021731709
v 0.34646018806814111 0.63085764768192198 0.87624814758999492
l 2035 2036
v 0.19665897942842639 0.64808242661025517 0.9556564522017037
v 0.19791506670652234 0.64799530166122921 0.95505722043623575
l 2037 2038
v -0.57673021755016685 0.54310253328239599 -0.87675737438989287
v -0.57298639812671304 0.5508148365601333 -0.8790063947598874
l 2039 2040
v 0.612638937776953 -0.12125367480326626 -0.12214164186017841
v 0.60885263746413587 -0.12367340368222263 -0.11495293926698834
l 2041 2042
v -0.56337209071143246 0.48076347149979748 -0.39340930198318497
v -0.55950562630669498 0.48475708924162708 -0.38569016243331894
l 2043 2044
v -0.52309170199616617 0.5471137131395023 -0.54013591306411168
v -0.52479562329069906 0.5461625491438229 -0.53648347360886195
l 2045 2046
v -0.44498805183923573 0.62030182139837697 0.84449099245249526
v -0.44206084828817516 0.62036754829919383 0.84685744104207261
l 2047 2048
v 0.49288238404605555 0.5233887805447619 -0.5318815427025213
v 0.49401246191646886 0.52235218148374152 -0.5281237644950495
l 2049 2050
v -0.075579792693515016 0.66137272270093617 1.0345130730870851
v -0.074864923521618651 0.66168373672594372 1.0349766443964354
l 2051 2052
v 0.59054426454546416 -0.15958984694991102 -0.023163233878166451
v 0.58703919149396455 -0.14904869594063769 -0.015562879858463035
l 2053 2054
v -0.18135200736046761 0.55692034603627705 -0.35934726448332949
v -0.17989758852004081 0.5571237242075584 -0.35933472661698179
l 2055 2056
v -0.080110491779353643 0.6582232178347609 1.0329934054067669
v -0.078595472905132746 0.6591746150357225 1.0338849133798542
l 2057 2058
v 0.49955531629021027 0.47324932953535492 -0.39723096993350593
v 0.49815336195533416 0.46959327319444244 -0.39085544440365227
l 2059 2060
v 0.38640172756807134 0.52353477857079644 -0.45262056798630812
v 0.38607732974394038 0.52616035559210639 -0.4434924700767412
l 2061 2062
v -0.10145669534288954 0.66764063471177959 1.0289803078671518
v -0.098552233432897818 0.66726892358442402 1.0277258822421012
l 2063 2064
v 0.5749601123898409 -0.48987664411775028 -0.9664165184112421
v 0.57282781619139689 -0.48621158172377194 -0.9668258026031622
l 2065 2066
v -0.17933528011184202 0.64815518685659435 0.98417361168514894
v -0.17551149541992678 0.64804902247110341 0.98630933375705077
l 2067 2068
v 0.10891356878030395 0.65329557582491637 0.98723602485748951
v 0.11272791214239503 0.65352612808591126 0.98633551406768138
l 2069 2070
v -0.5677441367299022 0.4814605331968152 -0.40511318048580858
v -0.56573188217573744 0.47887668842565184 -0.39793215194598464
l 2071 2072
v 0.45226446179794616 0.56478097034809338 -0.90545856603195485
v 0.45565291853500062 0.56679091857555164 -0.9065380131382722
l 2073 2074
v 0.58785623209809046 -0.38671499582809854 -0.17765284688570557
v 0.58843702180053015 -0.38508593944030356 -0.17773624150655212
l 2075 2076
v -0.42800858705138861 0.62325254490785587 0.85924118790532422
v -0.42571696550751031 0.62388166377134335 0.86098843779658008
l 2077 2078
v 0.63377199624538572 -0.10157869993813623 -0.3718735417901039
v 0.63200058485507815 -0.10784095288149725 -0.3557459273756981
l 2079 2080
v -0.56534276421829532 0.49600692049839218 -0.4004970822484098
v -0.56442751471236874 0.49843786700389664 -0.40099316500119347
l 2081 2082
v 0.47387875867384338 0.50506643875381496 -0.61368621031136983
v 0.47608934092027283 0.50558872596481297 -0.60846494992880351
l 2083 2084
v 0.51064514892563551 0.47666836440012122 -0.40647876250592452
v 0.50968730670943529 0.47636716902807091 -0.40445721161516923
l 2085 2086
v 0.50538932291862293 0.53329446507810307 -0.46290857671054964
v 0.50428713353279309 0.53717872904421138 -0.46547316433635588
l 2087 2088
v -0.090994952339428822 0.64249051155625925 1.0248049872481959
v -0.086311163287859996 0.6415824836295928 1.0306454522049291
l 2089 2090
v -0.51735922165721715 0.50511194607197019 0.066569456605387045
v -0.51926807097583949 0.50696633914531497 0.086711785049962686
l 2091 2092
v -0.46055308962839248 0.61911957618306923 0.82567187478377124
v -0.45649351691228746 0.6193727934687252 0.83071748087571362
l 2093 2094
v 0.50520509802013147 0.50402697866902202 -0.40800837955072383
v 0.50567620672077429 0.50639095956339986 -0.40742321529790898
l 2095 2096
v 0.023637014416258324 0.64164059977567267 1.0262600920114793
v 0.030142762723166953 0.64349359650576043 1.0208647706594192
l 2097 2098
v 0.51090927237175976 0.49635330968423508 -0.42625427319429454
v 0.51079552060461964 0.49723299211935379 -0.42697393820859852
l 2099 2100
v -0.023587129907465115 0.63818408609191957 1.0306422233705841
v -0.01753434921636568 0.63956724046905455 1.0295722961301483
l 2101 2102
v -0.00921710450784133 0.65698914243612871 1.0401928350053007
v -0.0072843221889360129 0.6564510612305583 1.041447885362131
l 2103 2104
v -0.55659929301736222 0.53725430444651634 -0.46068168870769044
v -0.55827578518393173 0.53404083772725075 -0.45742874153294066
l 2105 2106
v 0.59220997542319354 -0.13529239775931723 -0.029881665859640749
v 0.59111638814034406 -0.13801912782394998 -0.026898098733006803
l 2107 2108
v -0.53750723523039912 0.57712831276810028 -0.89734988753685474
v -0.53541141825776006 0.57724294882857941 -0.89886779244056225
l 2109 2110
v 0.48250877241314949 0.50594569328708205 -0.59615731428937613
v 0.48457945009051262 0.50548862334804978 -0.5933073740117103
l 2111 2112
v 0.5909463085418647 -0.52355816325908222 -0.97576828898336043
v 0.58171821458283013 -0.50769660511249981 -0.97753957806681047
l 2113 2114
v -0.44840235230460784 0.51315180250119063 -0.45355035046056441
v -0.44555341485008576 0.51682778410006669 -0.44018321057840654
l 2115 2116
v 0.47986098360613733 -0.051974779225367855 0.32315158160807034
v 0.48022101092740149 -0.047691212736588169 0.32273448196767429
l 2117 2118
v -0.43614667845009353 0.62256149489502399 0.84964245935425609
v -0.43320476817847703 0.6227455930032304 0.85194319108977468
l 2119 2120
v 0.48232029193224807 0.51027915303563942 -0.58725905373877629
v 0.48476852661786179 0.50975706751489769 -0.58473396345787898
l 2121 2122
v 0.54161799035598535 0.13317748219764824 0.34632165628710276
v 0.54155397333572608 0.1415200897952259 0.34565238755902761
l 2123 2124
v -0.021436634209520279 0.65704910498239044 1.0421044344661434
v -0.020914444032543243 0.65884084958456512 1.0414805894138615
l 2125 2126
v 0.58418625548933012 -0.39960070633215694 -0.17634585154745516
v 0.5846548680916025 -0.39543304658608647 -0.17630753266122404
l 2127 2128
v 0.59845819939336964 -0.082111576954514334 -0.18550619187985315
v 0.59802803527154735 -0.075599809726088693 -0.18706843551959143
l 2129 2130
v -0.065122985778272718 0.6438042526045118 1.0379665852138553
v -0.066545626582681566 0.64833885385605949 1.0396081447055783
l 2131 2132
v -0.24444011950323591 0.64648043520249454 0.95725871089744086
v -0.23947857713868609 0.64689481847487362 0.95983754631233698
l 2133 2134
v 0.022720469510898855 0.65169970656965193 1.0166190837049056
v 0.020003502839460108 0.65204198692705218 1.0209263588762711
l 2135 2136
v 0.39469659622478953 -0.54755298745410752 -0.16632621586360341
v 0.39656853381824025 -0.54709513533336807 -0.16635001599751109
l 2137 2138
v 0.53003434538570648 0.52800781254411544 -0.89862514569547469
v 0.52282174229892486 0.53594606395124589 -0.89847861693117326
l 2139 2140
v 0.5073976369916926 0.51302093695390882 -0.42983787745327584
v 0.50739087142352957 0.51294070054303942 -0.42653072386889823
l 2141 2142
v -0.071267837159849856 0.64920773000309517 1.0378180250535265
v -0.072451761491082456 0.65313456564357231 1.0384108319868788
l 2143 2144
v 0.59423895528974768 -0.05846222910191283 -0.18154925092885324
v 0.59404544183549646 -0.052129979700787213 -0.18506184235384635
l 2145 2146
v 0.4992363568423131 0.47677891375753295 -0.33383579428872329
v 0.49839280880710096 0.47947348234918702 -0.3340317470244481
l 2147 2148
v 0.60395288900409616 -0.044726128416925248 -0.38503005492093795
v 0.60377299352611624 -0.043523927492231551 -0.38531187785265214
l 2149 2150
v -0.53523158299359574 0.53588378670947934 -0.97428767750705636
v -0.52851475012865767 0.53164720293743228 -0.97687680651699149
l 2151 2152
v 0.49736964431547892 -0.087498221104721205 0.33020891429496074
v 0.50323474678254354 -0.087867673928161485 0.33033583877968525
l 2153 2154
v 0.51214096520041019 -0.075538485614350476 0.33612784527976536
v 0.51726939704324215 -0.077763856085249744 0.33506241656105495
l 2155 2156
v -0.54375104730325396 0.54681460288239947 -0.48063559762002267
v -0.54459531481069867 0.54682083699034223 -0.47768895396231376
l 2157 2158
v 0.55130460844158768 -0.026540931722492837 0.3288512428741161
v 0.55112943067431808 -0.02574973512592826 0.328558663513213
l 2159 2160
v 0.54446254121365378 -0.056252325044013299 0.33851343077706714
v 0.54708876264987161 -0.053178412749432288 0.33684754687262158
l 2161 2162
v 0.40300165229726403 0.62212313124599161 0.83191685424230177
v 0.40581329053949744 0.62264226964054403 0.82949311985590379
l 2163 2164
v 0.32487310316220602 0.63338788933425538 0.88699844112465431
v 0.33490459773882547 0.63466516547531493 0.88328585395743797
l 2165 2166
v 0.54378888028544814 0.040876638522461248 0.34173264954046312
v 0.5437257586153087 0.051552746066734004 0.34096405055566725
l 2167 2168
v -0.56229436547439082 0.50145045632711072 -0.40496565048163075
v -0.56199705450851933 0.5010848868430553 -0.40291391666467052
l 2169 2170
v 0.59656425169172522 -0.062299747495906208 -0.1872360406799061
v 0.596370738237474 -0.055967498094780591 -0.1907486321048992
l 2171 2172
v -0.14253165062987283 0.6555014288993859 1.0124284512100432
v -0.14102907243645713 0.65576642388381723 1.0135734790267732
l 2173 2174
v 0.51198648594516372 0.5006841010439379 -0.4179523155570205
v 0.51086879588467027 0.50301567846656015 -0.41539470697639624
l 2175 2176
v 0.49959870578291699 0.47385227172674804 -0.3759275019066714
v 0.49958304165360645 0.47645450145898194 -0.37599999309607518
l 2177 2178
v -0.099012612566888564 0.66132541826392666 1.0230827896630357
v -0.10014572812563158 0.66285911866997227 1.02422327112798
l 2179 2180
v 0.54320615527274752 0.20181329724785099 0.29519562388117088
v 0.54181987049934721 0.20709977867606869 0.30296255683248269
l 2181 2182
v -0.038226354888920747 0.65735774391579771 1.0429415567790832
v -0.031849879749770202 0.65782482272696352 1.0430469647968446
l 2183 2184
v 0.60831006653043007 -0.34990551496093392 -0.32410076066661203
v 0.6085048090722921 -0.3390539643710363 -0.3245248515922991
l 2185 2186
v 0.59968221121328125 -0.029600572022872688 -0.38736333304817561
v 0.59896802968485108 -0.027131728646082161 -0.38724498098914739
l 2187 2188
v -0.55197948356014703 0.52478579442088835 -0.54612521660320357
v -0.5459787235702851 0.52976330359394319 -0.54943879115589067
l 2189 2190
v 0.5896118476948583 -0.089987450508929423 -0.017624438278672317
v 0.58964196890975595 -0.090025237531803914 -0.016909401394131562
l 2191 2192
v -0.54323090848887645 0.53129783853551993 -0.53942230888699416
v -0.53820620241200245 0.53506811872461191 -0.53997608474398728
l 2193 2194
v -0.12658128847781236 0.65213801599926824 1.009787014723742
v -0.12506496200856154 0.65161977075152522 1.0094989025583625
l 2195 2196
v -0.47958543534072984 0.61352543400070125 0.80428661183698358
v -0.47700348859039199 0.61405535175064152 0.80879865809099494
l 2197 2198
v -0.10879011163966226 0.66415886777391864 1.0294599187749645
v -0.10585858216031027 0.66547222239026593 1.0300641405206898
l 2199 2200
v 0.48417617552864228 -0.06639999211161178 0.33027600042198435
v 0.48242650753867949 -0.063289373513769689 0.32842786319877371
l 2201 2202
v 0.61611208687496866 -0.13137136497094262 -0.13745074083310152
v 0.61433997382449423 -0.12913407288000953 -0.12803457568186735
l 2203 2204
v 0.61323157300407083 -0.3543188003317459 -0.37291760211698827
v 0.61356171618049948 -0.33151900493940278 -0.37101100916154567
l 2205 2206
v 0.6147753352583899 -0.41540984197404468 -0.34467249738946609
v 0.61426552587137084 -0.41503032163832104 -0.339903894784301
l 2207 2208
v 0.33416320408049049 0.51853979599325872 -0.36711796865744628
v 0.34203641092118797 0.5200537346616485 -0.36820236100869141
l 2209 2210
v 0.5831747882222208 -0.38594126390939637 -0.17693283648663599
v 0.58385042025098477 -0.38331133437627868 -0.17708483843630712
l 2211 2212
v 0.60073212724923786 -0.10786167324634249 -0.18544839171879957
v 0.59974511522054974 -0.11124702750591581 -0.1769944295454674
l 2213 2214
v 0.0449370251138453 0.66454267273887169 1.0306460605017289
v 0.046771418945049811 0.66419196356789101 1.0302706017144576
l 2215 2216
v 0.34932999100927536 -0.54115502243476454 -0.1439729252759864
v 0.35344918284173782 -0.52836533183617052 -0.13181237187939385
l 2217 2218
v 0.18444548696960958 0.54643196202242383 -0.3599352119358164
v 0.18751148729835002 0.54582005404508105 -0.35993672629279078
l 2219 2220
v 0.61445896120079324 -0.26211884285894027 -0.30022404078572162
v 0.61612017660133078 -0.21572849486383808 -0.3268695127573692
l 2221 2222
v 0.59511324659387654 -0.017875613749240425 -0.38451464669289775
v 0.59428361162145549 -0.01556396660187385 -0.3842811415952187
l 2223 2224
v 0.56953391122305053 -0.4521292095253695 -0.18073624074566286
v 0.5711949200681482 -0.44870904635689368 -0.18121275603664
l 2225 2226
v -0.50535971838745353 0.54936268351567707 -0.92876425781422489
v -0.489608457500608 0.53378818013178386 -0.92160972556895382
l 2227 2228
v -0.56123831149409265 0.52857653977916352 -0.48290712027064892
v -0.56416199330021888 0.52613551733448394 -0.47760414691456227
l 2229 2230
v 0.50616178093529007 -0.072945140535318406 0.34034802084608989
v 0.50915136756324508 -0.073809407418287246 0.34020374650315327
l 2231 2232
v 0.50604184696961174 0.52086652833812419 -0.47842697204284768
v 0.50465790202330818 0.52853666227466878 -0.47751726805038353
l 2233 2234
v 0.4943744941290939 0.51382570925010607 -0.5438187305096035
v 0.49497117561730503 0.51378518876777723 -0.54097149928775978
l 2235 2236
v -0.097206976700128442 0.66272179990498603 1.0255840676508265
v -0.099186975073515052 0.66499681562693536 1.0279721361913365
l 2237 2238
v -0.52481629999788115 0.54389172653798212 -0.54423540299465323
v -0.52658519593565156 0.54311007399912725 -0.54238039786289072
l 2239 2240
v 0.423431708621684 0.5255615624960347 -0.90636123970292837
v 0.42599313039809139 0.52924288181701462 -0.90836165591932505
l 2241 2242
v -0.56098048405643419 0.52498461078944936 -0.46119958507058301
v -0.56021447463039442 0.52496884990391002 -0.45611863983633838
l 2243 2244
v 0.51117116110005278 -0.068464171450969821 0.34395022278161008
v 0.5174674402030478 -0.068072218138339871 0.3439826261487488
l 2245 2246
v 0.616220105253377 -0.11162316470448469 -0.14233001595889189
v 0.61536492053397651 -0.11049004227812792 -0.13957277411068819
l 2247 2248
v 0.50790052226783766 -0.074100682623163106 0.34283402901913163
v 0.51083703228233324 -0.075022956245168804 0.34235265511249069
l 2249 2250
v -0.44449397474171781 0.48316172954648395 -0.80342022562147641
v -0.44271323532221651 0.48228265645891766 -0.79346474027513003
l 2251 2252
v 0.36870787742957856 0.53270986703407763 -0.37022371389132802
v 0.37512906190529083 0.53567358824241162 -0.37655441663998301
l 2253 2254
v -0.53674715224032188 0.54664468422796786 -0.4868192847805185
v -0.53607792195553994 0.54762196883294523 -0.48495648540685943
l 2255 2256
v -0.24061184845469505 0.64334146392624547 0.95980732013979231
v -0.23559794105984658 0.64350970375258754 0.96216388175687517
l 2257 2258
v 0.59819518520240356 -0.021911707460534332 -0.38654807975728744
v 0.59671164558525513 -0.017794735044586899 -0.38555326292078262
l 2259 2260
v 0.50709935650267457 0.50808896225744815 -0.44898149547466792
v 0.5082161761816516 0.50628636676019101 -0.44233456077685795
l 2261 2262
v 0.5021748009478112 0.48568014849338287 -0.38950135763116556
v 0.50142782299170297 0.48590983401623017 -0.3866145366864614
l 2263 2264
v 0.18865840548558688 0.54383329899009714 -0.35935624325820253
v 0.19075478201822782 0.5434149071485137 -0.35935727869919493
l 2265 2266
v -0.50833629543328207 0.61599177006557537 0.68452175236071733
v -0.50786102836585123 0.61818617697879719 0.69100717925701949
l 2267 2268
v -0.04126853389534111 0.64783761958412034 1.0384421789852338
v -0.038487383296164322 0.64863278408714431 1.0396136796268267
l 2269 2270
v -0.52474456119926505 0.5191144834911221 0.17275841980829226
v -0.52438242148963876 0.51988257060891452 0.17588294595823301
l 2271 2272
v 0.55014575848128155 0.019798465089821724 0.28919870621055432
v 0.54889927974198505 0.021929681284403892 0.29423390859275989
l 2273 2274
v -0.44466274084720492 0.51240068963016883 -0.47923538391456522
v -0.4430574863943112 0.51652103373561487 -0.46790048177375876
l 2275 2276
v -0.51933769503302651 0.524646680901522 0.1687625920306125
v -0.51861246308617515 0.52618487541866843 0.1750198626984677
l 2277 2278
v -0.5091692373447454 0.56393929410791954 0.40750070403025768
v -0.50962732580375314 0.56594590257787147 0.4152312081058202
l 2279 2280
v 0.53628289735070522 -0.090414732669011719 0.32664076383081803
v 0.54029369318731968 -0.088113650705202454 0.3263861746075975
l 2281 2282
v 0.596409436046341 -0.046826578121695633 -0.2000434655765822
v 0.59615636271311945 -0.048162200111832504 -0.19765776804882979
l 2283 2284
v 0.53146852734556926 -0.070679673941771909 0.33937499339479893
v 0.53509400603303181 -0.069723790494759158 0.33896061365705044
l 2285 2286
v -0.020861629465291902 0.64232188455720474 1.0258796323870301
v -0.017537031254102782 0.64497715242247056 1.0265757928754211
l 2287 2288
v 0.5861243698522669 -0.14246519114290801 -0.012479930605623133
v 0.58382420802859247 -0.14059640262807283 -0.009495955471065633
l 2289 2290
v 0.18155370802368673 0.54540372229540357 -0.36053113917428076
v 0.18461970835242716 0.54479181431806079 -0.36053265353125513
l 2291 2292
v -0.52581784274702859 0.52818148856160574 -0.97604719951631291
v -0.52059128734940696 0.52488488430979319 -0.97806187316892879
l 2293 2294
v -0.54465650163287127 0.54458432448425464 -0.48128253971015938
v -0.54659701742535627 0.54401356923065014 -0.47897946085060111
l 2295 2296
v -0.5812541233102323 0.50687573177696632 -0.41932774486377772
v -0.57915949954590784 0.50085141437171532 -0.4077705055253214
l 2297 2298
v -0.17442265905008614 0.65021018101192896 0.98150488656603008
v -0.17189323150052727 0.65022262023471411 0.98252180296338887
l 2299 2300
v -0.25379114663155455 0.64308974902341054 0.95224805529606071
v -0.25266689742056947 0.64310922463229014 0.95286504570949349
l 2301 2302
v -0.51096612135102137 0.57228547521287521 0.42209312265630933
v -0.51104062875579015 0.57338040880506913 0.42607215101007251
l 2303 2304
v -0.45867904968165601 0.46034941870604662 -0.55207961751983392
v -0.45935431175328051 0.46179570954407545 -0.54027921007110846
l 2305 2306
v -0.27871694556580945 0.64183089364797441 0.93838501743464364
v -0.27649847277296619 0.64203145872324141 0.93957673736424552
l 2307 2308
v 0.3002783024175692 0.63325869604666263 0.89554547166495813
v 0.30616003633899208 0.63376248315255612 0.89295853281349646
l 2309 2310
v -0.54824022781368176 0.56306249495445937 -0.9137371630324902
v -0.54028220642093738 0.56625562314093858 -0.91428650907139164
l 2311 2312
v -0.44670298630151906 0.47027137956420728 -0.63334537119318179
v -0.44831290906514965 0.46817800321777514 -0.62653064160894223
l 2313 2314
v -0.50144784879552806 0.50475313564557744 -0.69366793321042308
v -0.50116843748224293 0.50696120361070918 -0.68693466497988454
l 2315 2316
v 0.34732085751051928 0.63243287866566211 0.87625966395718591
v 0.35522299720292067 0.62987106973674267 0.87134136829989417
l 2317 2318
v 0.51109966283217045 0.47995320968552796 -0.41358547307879007
v 0.51075533384904293 0.48271973915175231 -0.41410006187528098
l 2319 2320
v -0.56998324833718128 0.49828660786583245 -0.41880883444625211
v -0.5670220807948988 0.49878221451804816 -0.41424344311875033
l 2321 2322
v 0.45963477332964081 0.53161739048020451 -0.5969489710094118
v 0.460624702378367 0.53279997173293026 -0.59212113454326154
l 2323 2324
v 0.1272658208224105 0.55610945368359233 -0.36126183758137037
v 0.13001178709537514 0.5556504473631606 -0.36124128808620165
l 2325 2326
v 0.50213969977319628 0.48500512087859121 -0.38414662598707167
v 0.50112174717962354 0.48301960980378184 -0.38114428997896227
l 2327 2328
v 0.60910417447770493 -0.21684927528270223 -0.089877919815002164
v 0.60865960706984146 -0.21690507943264506 -0.085825546123565952
l 2329 2330
v 0.54747773447854897 -0.061496324193790509 0.33687389002208595
v 0.55015991887228111 -0.058425196158573077 0.33522087230320091
l 2331 2332
v -0.10033207246019583 0.56541024403139961 -0.35804227453733523
v -0.09555148474023599 0.56578661246731865 -0.35812064546083372
l 2333 2334
v -0.110416056093566 0.56440213229532066 -0.3602540776985883
v -0.10798349839747709 0.56459364388113198 -0.36029395601570613
l 2335 2336
v -0.49998329093542199 0.56472069264139779 0.38178631673372126
v -0.50071253368768598 0.56745368003163688 0.39365008463346624
l 2337 2338
v -0.14832101534866815 0.66388761875538893 1.0088034860319337
v -0.14578102756476874 0.66361773135752611 1.0104941137605468
l 2339 2340
v -0.4034262750062092 0.52261872174532842 -0.366139970289376
v -0.39866532350453299 0.52256326792447139 -0.36413029624352194
l 2341 2342
v 0.52373461823410217 -0.079237235167431128 0.33930575645363431
v 0.52669615645461854 -0.080267789384914148 0.33923202955329318
l 2343 2344
v -0.58600782695224407 0.5234447196126476 -0.88116271116800948
v -0.58528888878414509 0.53155892342324107 -0.88135080716542558
l 2345 2346
v 0.51133054550149237 0.48739647080658494 -0.42783064826289696
v 0.51145189945242608 0.49271417448760452 -0.43239437357624488
l 2347 2348
v -0.5112477086455619 0.61329236144040189 0.64561546211401055
v -0.51110093370368126 0.61387309914614596 0.6497335397704499
l 2349 2350
v 0.47363438844006717 0.46805106000322089 -0.16657216215933224
v 0.47319749355990232 0.46708543701750055 -0.15964569782411198
l 2351 2352
v -0.16673875791853657 0.64849892185059421 0.98533413950720561
v -0.16365765588456402 0.64926180317076809 0.98736347611626851
l 2353 2354
v 0.59206821984268865 -0.10945944469194405 -0.084852670824819953
v 0.59112474852584163 -0.10803903658170708 -0.080638612115090935
l 2355 2356
v 0.58628676165032301 -0.3869426950217672 -0.17812749645031689
v 0.58671405088019457 -0.38526945269094032 -0.17825311520777942
l 2357 2358
v 0.22704949622529508 0.64374466222567372 0.93890725168408684
v 0.2273221647225046 0.64373116213040538 0.93877006974993416
l 2359 2360
v -0.56375754634664199 0.55853865195556729 -0.90122170539833557
v -0.55443715294077256 0.56275489281371982 -0.90600733665488709
l 2361 2362
v 0.54186645563909663 0.18488537337330332 0.31433179232141339
v 0.54023918095758305 0.19185925457927236 0.32612685111501849
l 2363 2364
v 0.38933409538232655 0.54559017070641092 -0.39467043404644175
v 0.38592241916692882 0.54390775314460227 -0.38751994843417958
l 2365 2366
v -0.50049902321905015 0.50554751105943796 -0.70055907880682111
v -0.49994050143152352 0.50801922134717825 -0.69393569315057635
l 2367 2368
v 0.51270788686737745 0.47734860240862037 -0.40709295856801253
v 0.51175004465117724 0.47704740703657006 -0.40507140767725724
l 2369 2370
v -0.55847784917232146 0.52390949286215249 -0.43150448612827708
v -0.55876257975223909 0.52142329655892905 -0.42809319682460378
l 2371 2372
v 0.53628209164385965 0.22954714430190573 0.33316513207378162
v 0.53516992995495627 0.23722392188690652 0.340181447001078
l 2373 2374
v 0.36144125233411678 0.64071465511099146 0.87843117458844122
v 0.37077862252473942 0.63793860893472387 0.87141266124224726
l 2375 2376
v 0.50746533117335091 0.49812134863696372 -0.41723153495495219
v 0.50620761671025505 0.49847010014691079 -0.41344186163241964
l 2377 2378
v 0.61770930740516561 -0.1528709768148781 -0.32876218174350769
v 0.61725995090324504 -0.14993802320038069 -0.32897584821330994
l 2379 2380
v -0.51089134864646701 0.55619998575493979 0.33608033780776142
v -0.51087138004463406 0.55679444669440104 0.33901581640519024
l 2381 2382
v 0.58944769589023083 -0.37111322163061766 -0.17985965526608697
v 0.59065667899532825 -0.36763729573769899 -0.18022630893679389
l 2383 2384
v -0.0095122025385089761 0.65969081375777383 1.0313509292167773
v -0.011684797979932224 0.66344122435868125 1.0316647701698194
l 2385 2386
v -0.4845210462454867 0.52635924226245501 -0.90868308882570303
v -0.48828141394814734 0.53055472963848493 -0.91026279587888681
l 2387 2388
v 0.51226141332248909 0.50599030495712072 -0.40023494324016939
v 0.51609823824306267 0.51766129492691249 -0.40289318004321684
l 2389 2390
v 0.23984178281517579 0.53400959883144128 -0.35885788025337695
v 0.24505356573371337 0.53296766366550696 -0.35878639398139478
l 2391 2392
v 0.16055206301505881 0.54861779478050055 -0.35998727899780936
v 0.17344161030952615 0.54609982702278315 -0.36005244630584055
l 2393 2394
v -0.25715450024505099 0.5433489369333282 -0.36040946780285132
v -0.2510184290419058 0.54455480108852239 -0.36057791174808251
l 2395 2396
v 0.49582961223026845 0.51287358752819967 -0.53247134730637302
v 0.49393489935496715 0.51540857799914408 -0.53175706818282376
l 2397 2398
v 0.53392402520338411 0.51985266024543919 -0.90504109674714062
v 0.53072019228776579 0.52309379761741481 -0.90563488191344288
l 2399 2400
v 0.50574715462596753 0.48004128519508993 -0.4084695913132031
v 0.50359050902454516 0.47936312373664225 -0.40391793472210574
l 2401 2402
v 0.48941506200419937 0.51773067221876834 -0.55896156841661504
v 0.49164305872333969 0.51708916916611936 -0.5531587023124499
l 2403 2404
v 0.25201839873312337 0.64103396002653124 0.92404074937855907
v 0.25495379498483317 0.64012472565767287 0.92190520494425587
l 2405 2406
v 0.08382193152640692 0.65754089198522492 1.0087986453309339
v 0.086279562070623719 0.65590813316888885 1.0069565312132556
l 2407 2408
v 0.51494120816502265 -0.070849888412097953 0.33894379034632405
v 0.51903141279902765 -0.070573143275638558 0.33863322839146892
l 2409 2410
v -0.54894349610393189 0.50333747173853349 -0.34440424311434537
v -0.5461865898411975 0.50811007712773848 -0.34375307690823764
l 2411 2412
v 0.58250223370133991 -0.08169826669654677 -0.018013298836509185
v 0.5825460079139555 -0.081753181386377119 -0.016974158260067505
l 2413 2414
v -0.52916278884983037 0.57148860957233949 -0.92057546029213733
v -0.5311581845464709 0.57348586056621031 -0.91519610037680799
l 2415 2416
v 0.47665526746138193 -0.068662787165612207 0.3228405250018021
v 0.47627965332642935 -0.061081235919028289 0.32336567512103115
l 2417 2418
v 0.61333662005271639 -0.12017372957293493 -0.34120732726625491
v 0.61283904580269133 -0.11625062712605494 -0.34444814739652585
l 2419 2420
v -0.43937244815455218 0.48395443775172686 -0.6732321899876349
v -0.4403309543646739 0.48345785520557905 -0.65362871470596862
l 2421 2422
v 0.60051844909134555 -0.060101987683702764 -0.21057969807178228
v 0.59852625534591031 -0.058547651505540553 -0.19963138820141108
l 2423 2424
v 0.5089401001581112 0.49235508223122021 -0.41260455036059507
v 0.50806319764767494 0.49547990779334644 -0.41161861038311831
l 2425 2426
v 0.58655398704926376 -0.38487418791434852 -0.17888508989520477
v 0.58733135840972062 -0.38232699731209191 -0.17916871354870392
l 2427 2428
v 0.51373692402757787 -0.073480510176341385 0.34071321676646921
v 0.51588503470502711 -0.074030137597401291 0.34027318765247611
l 2429 2430
v 0.48151107181995451 -0.048857606927478481 0.32858535157807039
v 0.4816822851708597 -0.046820528825199437 0.32838699711196256
l 2431 2432
v -0.34184305190263775 0.63086483634360402 0.89866146381302558
v -0.3389693665582082 0.63095679127327831 0.89965012733535088
l 2433 2434
v -0.5655687961823197 0.50629168280285164 -0.40528785393036243
v -0.56519354245598596 0.50463837853748039 -0.40210623338424328
l 2435 2436
v -0.21823192071981881 0.5504111653571504 -0.35814798774251322
v -0.21316614317826774 0.55134469211050097 -0.35818969307413717
l 2437 2438
v -0.55768729383367266 0.5023164867711376 -0.38612370731924772
v -0.55641447370630537 0.50155137783762704 -0.38174582478905916
l 2439 2440
v 0.47463721350924382 0.50857253201773811 -0.59598857192793497
v 0.47780799551709285 0.507435368220299 -0.59209245414933553
l 2441 2442
v 0.5515679136843783 -0.47616165934996535 -0.17372598972164127
v 0.55525970300721106 -0.47108739555878709 -0.17366108570255306
l 2443 2444
v 0.35346014822555671 0.52192064026697105 -0.36805010677513311
v 0.36323271666931023 0.52506665488378579 -0.37210928558173945
l 2445 2446
v 0.60386326998208639 -0.047133017616109288 -0.38185646906686627
v 0.60357198030020121 -0.045561257465048396 -0.38190785273718036
l 2447 2448
v 0.56481933298501641 -0.46291231981336517 -0.17144930922510765
v 0.56763410863485664 -0.45924794801652985 -0.17184736764905312
l 2449 2450
v -0.21833079634314723 0.64496630390027354 0.96925002615926492
v -0.21496081771248632 0.64576882164141347 0.97077578026773703
l 2451 2452
v -0.54109374704998503 0.54218183431812861 -0.48025030362349669
v -0.54245396432239046 0.54219187822154424 -0.47550290358322939
l 2453 2454
v -0.50555930634192692 0.6137236132493028 0.63723432187345397
v -0.50542356471367611 0.61426069594716937 0.64104283686372865
l 2455 2456
v 0.03455562405595964 0.65323767839550451 1.0214793410898675
v 0.04116100556840712 0.65539290727496669 1.0233500275014411
l 2457 2458
v -0.36946194503227375 0.62900858577490126 0.88940446228309833
v -0.36694491770347454 0.62942082229852403 0.89034040122703351
l 2459 2460
v -0.52213116053022612 0.56189210134849432 -0.93246804558157059
v -0.5265784704359604 0.56353574079170343 -0.92575563109994796
l 2461 2462
v 0.55156401961308499 0.0043239780835832324 0.29981732531796046
v 0.55194385678309421 0.013991786060479763 0.29682326153506688
l 2463 2464
v -0.55846999645824591 0.52536139917757019 -0.42422780216994588
v -0.5582839393556579 0.52447654771421448 -0.42063656626877483
l 2465 2466
v 0.55763400014268671 -0.041949623264833952 0.33020538460056786
v 0.55653273646009649 -0.037700406275227999 0.33007746566493507
l 2467 2468
v 0.61824827644510061 -0.11802758592127771 -0.1290607439358378
v 0.61698002364950388 -0.11808731836319952 -0.12545558940576071
l 2469 2470
v 0.53603157348910824 0.21162305136832901 0.35338072537616289
v 0.5355383460970734 0.2171254072555571 0.35282267571255171
l 2471 2472
v -0.053689562751747959 0.65604456152363777 1.0366441668863964
v -0.052108555064700253 0.65643862996653557 1.0370231209401417
l 2473 2474
v -0.50972932446119767 0.55326028050066567 0.3335360727674524
v -0.50970417392137068 0.55400900660870933 0.33723332067660888
l 2475 2476
v 0.37930147070329795 0.46861593585420547 -0.6879015131503583
v 0.37973852735120645 0.47027088541578355 -0.67242942614254941
l 2477 2478
v -0.37437069436936121 0.62893985599085622 0.88187539604044518
v -0.36786043623061437 0.62980450302556223 0.88434553119801917
l 2479 2480
v -0.23302305884130639 0.64237359386416759 0.96335371073048248
v -0.23138343148462134 0.64245065826443348 0.96403519574839935
l 2481 2482
v 0.042958543592978411 0.56586133230118163 -0.3592692750145336
v 0.049698202913712568 0.56563140165420167 -0.35920159643398325
l 2483 2484
v 0.18468698355227162 0.54538180655766477 -0.35699831178481178
v 0.18775496390790294 0.54476950340937624 -0.35699982711975975
l 2485 2486
v -0.13428129826075375 0.56217831850620159 -0.35917023540873722
v -0.1286425384473151 0.56275814294246784 -0.35926827071766659
l 2487 2488
v -0.40693274237519078 0.5207705123036539 -0.36549533699872927
v -0.40481093428725429 0.52075699738567716 -0.36421255971071287
l 2489 2490
v 0.50014914698667368 0.50825629307509645 -0.53868961755213696
v 0.50063632302217642 0.50898959563492552 -0.53441023405613941
l 2491 2492
v -0.56622191283655443 0.49476119502491228 -0.39223669462366079
v -0.56475547936010084 0.49444309250407942 -0.38699908561544444
l 2493 2494
v 0.60331923202548898 -0.045683114516406831 -0.3845404325664305
v 0.60313933654750906 -0.044480913591713134 -0.38482225549814469
l 2495 2496
v 0.38264837714337574 0.48484378305946552 -0.73271554080373857
v 0.38229862002230419 0.48429483922447003 -0.72469431789987471
l 2497 2498
v -0.52009264178974901 0.49690380702686787 -0.083313480699838405
v -0.51910897545115675 0.49583277096080303 -0.075473427092252965
l 2499 2500
v 0.53071347506417221 -0.082064126009791433 0.33460520756211226
v 0.5328185197554689 -0.078084703211934031 0.33751607883009965
l 2501 2502
v -0.43971016628416559 0.61770480592445443 0.84607716612169992
v -0.4349648095878742 0.61849314253135612 0.84969989247967947
l 2503 2504
v -0.55366841469999895 0.53782156367930667 -0.42871005263651968
v -0.55389508093598738 0.53484758476582273 -0.42547391924534678
l 2505 2506
v -0.5190975456614163 0.52262111912520248 0.18747715139422425
v -0.51867892452290987 0.52346042384354752 0.19126542425122253
l 2507 2508
v 0.45619049267591688 0.52708888354739991 -0.97770426922630038
v 0.45640030903993395 0.52977263626613769 -0.97330262011696134
l 2509 2510
v 0.39343101428828786 0.54156652231579083 -0.45604878513221836
v 0.39339666916050364 0.54281028966541034 -0.45229751022453213
l 2511 2512
v -0.51065395462993934 0.48348075441857608 -0.74435945422593341
v -0.50979437243457482 0.48512392945746152 -0.73669628231581463
l 2513 2514
v 0.49456840159828652 -0.017894006099736504 0.30085024945114114
v 0.50202018616263877 0.016263857947847061 0.28877773173477195
l 2515 2516
v -0.50849022146148448 0.51874305538206633 -0.64029927636216577
v -0.51026950601654286 0.52124987312287752 -0.63048307513166968
l 2517 2518
v -0.56201363739446464 0.50787005471085467 -0.40703355209860947
v -0.55980860057398019 0.51576068354750715 -0.40923167331185195
l 2519 2520
v -0.076554357004954846 0.66268495888353118 1.0364250645340065
v -0.074360267328426807 0.66341431765913239 1.0385127559005638
l 2521 2522
v -0.073847358678650943 0.66235901337172631 1.039862090493054
v -0.07249001636617175 0.66213522929642554 1.0408902822486452
l 2523 2524
v -0.23391684539087457 0.64386168342562999 0.96297230060856476
v -0.23227721803418952 0.64393874782589589 0.96365378562648163
l 2525 2526
v 0.022640505307820646 0.65854463600149593 1.0245820189421133
v 0.029344639307352694 0.66058888412484684 1.0208028649385019
l 2527 2528
v 0.50723947073405284 0.48867505929393174 -0.39882184486740097
v 0.50795434926564198 0.49368089296894668 -0.40170066136962906
l 2529 2530
v 0.5040603513140629 0.52660130438302621 -0.46531216605976305
v 0.50317815595675008 0.53123928132559195 -0.46984793440028944
l 2531 2532
v -0.076605105999979037 0.64850336755691018 1.0340413373421025
v -0.074496542807546598 0.64797824178757224 1.0349443632651973
l 2533 2534
v 0.065046849105659554 0.65919048679614101 1.0153805568933267
v 0.071323109414276054 0.65948526965832677 1.0152531310796957
l 2535 2536
v 0.59650224604503055 -0.13712354129450993 -0.040443262173926804
v 0.59737616620167355 -0.13149495297772212 -0.043021293268406417
l 2537 2538
v 0.49789566196186902 0.48712298639687623 -0.33563374580139405
v 0.49629914366023181 0.49160483113852416 -0.33664811550384277
l 2539 2540
v 0.38321683079045454 0.48472952822196003 -0.59397676328264848
v 0.38399383157450517 0.48599797507775311 -0.58180019518292769
l 2541 2542
v -0.50847519462665824 0.4879725692869567 -0.030433720296046816
v -0.50827192241588326 0.48818068522201546 -0.015740496719458021
l 2543 2544
v 0.062917252068801818 0.66328407844642556 1.0172849351827709
v 0.058505634779647882 0.66586850562950217 1.0217344110544118
l 2545 2546
v -0.51971867023592833 0.47704143071029259 -0.80178770790685305
v -0.51948366226071474 0.4769484922900431 -0.80036392440210691
l 2547 2548
v 0.48987851672358507 0.51101961105362992 -0.56909899462329094
v 0.48739816613011366 0.51448807746870895 -0.56702180158032234
l 2549 2550
v 0.39578026827145091 -0.54854141127841782 -0.16757642328776723
v 0.39765220586490163 -0.54808355915767837 -0.16760022342167491
l 2551 2552
v 0.53836842867515544 0.20764660088072343 0.33245372700763032
v 0.5381300797782137 0.20801273735513168 0.33611327481198028
l 2553 2554
v 0.06127031046282818 0.6525209792812029 1.0095953032578007
v 0.064013124524240003 0.65340427077220287 1.0100046112929806
l 2555 2556
v 0.43379543700563988 0.52592086177503516 -0.93054503827090163
v 0.44367904982221046 0.53801882881486962 -0.93436794848446947
l 2557 2558
v 0.37909528289287181 0.62773574729562309 0.85397365386347579
v 0.38064578499348073 0.62769268612265083 0.85246846382756425
l 2559 2560
v 0.081668262693595423 0.65285872219575325 1.0071462201119679
v 0.083396355297852026 0.65171064139830193 1.0058509303091747
l 2561 2562
v 0.53489115369054541 0.21957205438651836 0.35425677025876867
v 0.53408858645227686 0.22819281911812031 0.35282311713136805
l 2563 2564
v -0.023559363028137503 0.65942087471875677 1.0383606532152365
v -0.0231611044797017 0.66349420249071589 1.0402972123090555
l 2565 2566
v 0.5465705321529658 0.10925223154964238 0.30836341539939494
v 0.54638565318791554 0.11368953959999294 0.31001349528709798
l 2567 2568
v 0.53790981575013586 0.18733935903640048 0.35732666253022299
v 0.53795831398008875 0.19022736597923978 0.3560050368411149
l 2569 2570
v 0.5987814151352433 -0.067884911872065981 -0.19404634752616964
v 0.59806697735132897 -0.060168947004162351 -0.19587341031684793
l 2571 2572
v 0.37034613604113009 -0.54924723871773273 -0.16845983640482531
v 0.37395989184812162 -0.54767027131492108 -0.16850807889172925
l 2573 2574
v 0.50725742493011616 0.4815273276494445 -0.40089785733619193
v 0.50585047092101909 0.48374283397927864 -0.39758652767738839
l 2575 2576
v 0.47347664595534888 0.031308788400885551 0.34006735076577305
v 0.47189235924789819 0.035797384041550667 0.34069863567679287
l 2577 2578
v 0.31445206817950422 -0.57193029291325226 -0.16362788926223318
v 0.31806968036328143 -0.57120144002742157 -0.16383040298363169
l 2579 2580
v -0.55986606264164851 0.54440521809970355 -0.46733738273504072
v -0.55390132284113958 0.54768968012417341 -0.47036825328943438
l 2581 2582
v 0.45600224860192451 0.46875534957120712 -0.71504871473871456
v 0.4661723243427166 0.47154630715181534 -0.69655354394353641
l 2583 2584
v 0.12029267504420696 0.55740575580372609 -0.36000497361389477
v 0.1216185723284203 0.55720992298350536 -0.36001430729659717
l 2585 2586
v -0.3582268910240049 0.5244628353070131 -0.36050217391318468
v -0.34909069968949608 0.52548192310820907 -0.35964072703057143
l 2587 2588
v -0.079836142369604124 0.56684573861634469 -0.36201016255723267
v -0.073022442749643313 0.56721845892393852 -0.36202098778380126
l 2589 2590
v 0.38939512583331826 0.48538996422532366 -0.61759852579591812
v 0.39020352748317955 0.48752067839857771 -0.60893417188169419
l 2591 2592
v -0.56581504679143657 0.48787523566050794 -0.39254541813323407
v -0.56533114575922261 0.49313698949055407 -0.39387355626633258
l 2593 2594
v 0.50447232221752081 0.52230800230313346 -0.45820496426596274
v 0.50443070436328974 0.52071391504000619 -0.45653589619622598
l 2595 2596
v -0.55321930518395346 0.48931888957035802 -0.33264263539220273
v -0.55275834927313883 0.48759033064830043 -0.32941345305536807
l 2597 2598
v 0.54646935430657972 0.11734203517926155 0.30659480811546674
v 0.54630217584478746 0.12056027829157891 0.30738053797294268
l 2599 2600
v 0.50956521853465075 0.50838429974162525 -0.43641286791345768
v 0.50860788002949719 0.5112904782429939 -0.43163150845983334
l 2601 2602
v 0.6207853553004925 -0.16277760673566133 -0.33889755702791224
v 0.62082624462168767 -0.1593988199134323 -0.34037354492368688
l 2603 2604
v 0.49519347268395891 0.50766931984324171 -0.57208456974256783
v 0.49367172402090559 0.51061631229024218 -0.56709632892381401
l 2605 2606
v 0.53901833020164647 0.20554163451755175 0.31838516551176121
v 0.53817218817756496 0.20675078634655347 0.32526190918764064
l 2607 2608
v -0.44338026452054935 0.62794638679373238 0.84178260188694154
v -0.43902239394197506 0.62804423763406303 0.84530564922695006
l 2609 2610
v 0.64255502324004998 -0.50089586293113286 -0.90813596259356988
v 0.63942918677429328 -0.49741798127281611 -0.9112952231287812
l 2611 2612
v 0.55016197681267454 -0.023654559444086801 0.32855193473102295
v 0.55000160217444705 -0.022801662047011603 0.32834394119976318
l 2613 2614
v -0.1099159313493626 0.66226150367023595 1.0283573404118169
v -0.10814296769562794 0.66205475952861659 1.0287892088130366
l 2615 2616
v 0.30114763793096688 -0.57357253833690802 -0.16675059914358639
v 0.30515557709588859 -0.57236967281421502 -0.16676260113946414
l 2617 2618
v 0.6145978405489736 -0.26443750017045514 -0.22533789660072415
v 0.61555190539218851 -0.25644987470747455 -0.2278497180786124
l 2619 2620
v -0.4754599764799301 0.61887751639423161 0.81190170146197815
v -0.47282590122469026 0.61934162556591243 0.81577979229717712
l 2621 2622
v 0.60055472687685119 -0.095200096874982404 -0.18859992592033409
v 0.5993708150008954 -0.090803603023737384 -0.18511580260101296
l 2623 2624
v 0.099286340691873448 0.55910801493525242 -0.35934473985743964
v 0.11367867090480624 0.55727219975590969 -0.35956440454411065
l 2625 2626
v 0.50075368688057664 0.48423218807106855 -0.37424243951372188
v 0.4995721121077657 0.48091715494269488 -0.37005315756269413
l 2627 2628
v 0.35910929397682723 0.52980715090765762 -0.3594304311157816
v 0.36267827793021623 0.53095608895287705 -0.36091286064370937
l 2629 2630
v -0.33278109294955655 0.52841551177470969 -0.35688436492852388
v -0.32921801345760898 0.52900509960682107 -0.35676502719946684
l 2631 2632
v -0.10817985373436648 0.5650182059037191 -0.35949548938453191
v -0.10574729603827757 0.56520971748953042 -0.35953536770164973
l 2633 2634
v 0.4981063208597461 0.51332227280128395 -0.53563741236428364
v 0.49943927907769287 0.51167746493827904 -0.53338619679709331
l 2635 2636
v -0.17343407867256014 0.55772209522905736 -0.35968621137394485
v -0.15909546615776213 0.55947780253705592 -0.35942546961055222
l 2637 2638
v -0.56094005862831098 0.53351942480696779 -0.47416715885729155
v -0.55633339126945514 0.53766985951767821 -0.47498817180066744
l 2639 2640
v 0.4626389912851846 0.47868205505080796 -0.68240085528435357
v 0.46371577460684421 0.48058782619766616 -0.67418154789862983
l 2641 2642
v 0.50224794138428386 0.51788532863891301 -0.42060543723377714
v 0.5005227209234554 0.52274834979736629 -0.42330913119044772
l 2643 2644
v 0.49935704223265687 0.52662563861393097 -0.48318640877634605
v 0.49752635010132751 0.53243088184810516 -0.4805944115933744
l 2645 2646
v 0.49363137773447763 0.51223503363572298 -0.55920340589813355
v 0.49474720665044059 0.51246858822859587 -0.55343447156616088
l 2647 2648
v -0.19978418085758615 0.65089087973178972 0.97861890173906851
v -0.19699628021533561 0.6512747477477635 0.97967262887006235
l 2649 2650
v 0.49255000424223672 -0.06623548188997827 0.33861417304735397
v 0.49532354998749961 -0.066378102509245057 0.34028040636319901
l 2651 2652
v -0.064888332580710431 0.6422150460549173 1.0341215977227238
v -0.063766251707886676 0.6425217064551535 1.0341898551428768
l 2653 2654
v 0.59066853060072455 -0.362057712133457 -0.1782518284735079
v 0.59092154966050592 -0.35865089649386234 -0.17841521330505655
l 2655 2656
v 0.5379507249219132 -0.065937766905518322 0.33811957611309867
v 0.54114571157863611 -0.063562711600569935 0.33696799503100533
l 2657 2658
v 0.50874178430340578 0.52019923884592578 -0.42801382271821026
v 0.5087327478239746 0.52009207051076367 -0.42359659941618916
l 2659 2660
v 0.48110431054782254 -0.0028347862285554495 0.32895450826492484
v 0.48099190374661105 0.00014099039668143674 0.32945645813140695
l 2661 2662
v 0.47998260144616417 0.50340815404691797 -0.60482961744205122
v 0.48298550959204384 0.50287906309327979 -0.59964840799435015
l 2663 2664
v -0.51233829554362409 0.53586343207031184 0.24798893906440833
v -0.51191256943898089 0.53518637738555974 0.25433027766380212
l 2665 2666
v 0.50310517624567752 0.48056199710494457 -0.40264016917161416
v 0.50205062552739377 0.48513696033829273 -0.40294992396421958
l 2667 2668
v -0.53967725648504539 0.51327232208057971 -0.31450307121892762
v -0.53678775415795998 0.51721295032695203 -0.31410444030145812
l 2669 2670
v 0.49519441494568794 0.47784209886486628 -0.33030063118306568
v 0.49422093263045341 0.48095172008578679 -0.33052676711710521
l 2671 2672
v 0.37477738582050152 -0.55336919180259747 -0.16697154309071555
v 0.37710963762844257 -0.55270788320198017 -0.1670110139676188
l 2673 2674
v 0.59669351775352253 -0.10511050774918636 -0.043412778733130312
v 0.59553050797279583 -0.10102066741122166 -0.037976201417092466
l 2675 2676
v 0.58429167491060741 -0.48821045802502944 -0.97998863360651478
v 0.58135964650052541 -0.48317078901858018 -0.98055142262212291
l 2677 2678
v 0.36375498032290099 0.61674217271385867 0.86770818255210869
v 0.37033862614911439 0.61435087633551877 0.86212244012092598
l 2679 2680
v 0.59000824169423338 -0.094889528907795534 -0.015903554120694715
v 0.5889967851230884 -0.091855473957995787 -0.012861204138363284
l 2681 2682
v -0.55803335658059761 0.51638408643568068 -0.40253264230716113
v -0.5568660403157647 0.52319423216020555 -0.40812837558758375
l 2683 2684
v -0.15192494237943979 0.65089705714395563 0.99898768864295018
v -0.14979245817140249 0.6514897035677143 1.0013546804366398
l 2685 2686
v -0.55490680124476244 0.53643091449419855 -0.44996373631590447
v -0.55430774305150221 0.5364841627152741 -0.44503177426225105
l 2687 2688
v 0.53720686749807756 -0.071017313053829759 0.34287952460274451
v 0.54019953890451033 -0.070520055243747146 0.34182620965018518
l 2689 2690
v 0.27810972741566387 -0.58404661399503566 -0.16462626503097258
v 0.28110218235530171 -0.58289252537111425 -0.16496742321861543
l 2691 2692
v 0.0061839343427248557 0.65177485007603841 1.0430766275495569
v 0.010123745593564932 0.6525866125170402 1.0424345800310095
l 2693 2694
v 0.49836258652949345 0.50235623260404505 -0.551151726273309
v 0.49972821709370602 0.50386625389192663 -0.54162278411029696
l 2695 2696
v 0.49911643976588677 0.48852431558978804 -0.37511937866680389
v 0.4978304315147834 0.4869268558083748 -0.37065870513446564
l 2697 2698
v 0.47478476773675932 0.51020581478349136 -0.6037674750978953
v 0.47627481211248385 0.51150040870436264 -0.59774164298224386
l 2699 2700
v 0.56589914129776053 0.070008887632925371 -0.40405280777159114
v 0.56151127053695626 0.089621679202478072 -0.40108947566804509
l 2701 2702
v -0.49369517120812051 0.63154371010349775 0.72642829855068181
v -0.49081429687049277 0.63290350211574053 0.73634287874118831
l 2703 2704
v -0.52693576447862378 0.50863028577630021 0.10600103155812098
v -0.5271537817249895 0.50933562704260849 0.11046913548270391
l 2705 2706
v 0.33097679467054186 -0.56798603090803257 -0.17001122623925755
v 0.33402924685625257 -0.5676135822816647 -0.16993900745863369
l 2707 2708
v 0.54992037716007214 0.025502197878794645 0.28186629007271347
v 0.54983371791744251 0.026117033822102571 0.2830742221076149
l 2709 2710
v 0.39947437420448256 -0.54445309155432176 -0.16605575187983834
v 0.40389753207603502 -0.54341476447137405 -0.16609858171162284
l 2711 2712
v 0.59316986064896637 -0.3711086890384151 -0.17955933920030642
v 0.59430188674941009 -0.36785402086530194 -0.17990265377874326
l 2713 2714
v -0.44945232234591426 0.48460468307243504 -0.82384916289708776
v -0.44777025617962896 0.4835976098467239 -0.8159081126842721
l 2715 2716
v 0.60976525917786228 -0.21324104061392476 -0.1343410557559942
v 0.60754087790709865 -0.22588339457246134 -0.11081031500778449
l 2717 2718
v 0.038488725913168924 0.66463813276270267 1.0261849926968136
v 0.040493552791474326 0.66507461576482418 1.0269539786319217
l 2719 2720
v -0.44381991258573911 0.47214207280256293 -0.74887016309383136
v -0.44359764226960757 0.47084954153917291 -0.74083861814853924
l 2721 2722
v 0.38355068347031712 0.48762405079090515 -0.70491565432969794
v 0.38341828206007839 0.48713898498332581 -0.69787334236677423
l 2723 2724
v 0.49176346067646237 0.51644906487044329 -0.54338703577448955
v 0.49238051172038821 0.51640716109696394 -0.54044260556767354
l 2725 2726
v 0.5272596079176729 -0.080113413789411642 0.33941451185477078
v 0.52910170971690962 -0.077750918409685038 0.3403437388585776
l 2727 2728
v -0.54801213052142661 0.52467105459470598 -0.54047389362972265
v -0.54953015539776284 0.523214482552816 -0.53719679976779933
l 2729 2730
v 0.40409932065721227 -0.54518438472989739 -0.16489970925329933
v 0.40866097282652186 -0.54348610744234382 -0.16480004546166649
l 2731 2732
v 0.58355769319674267 -0.41549542445267762 -0.17200029900404554
v 0.58423057393887745 -0.41179314356718932 -0.17235298940804858
l 2733 2734
v 0.61590478628277889 -0.1621540117286342 -0.32603827221076898
v 0.61479129583239445 -0.15475139736903731 -0.32195934551078864
l 2735 2736
v -0.073801435130445445 0.66078762807204106 1.0368197430260089
v -0.071665488583238637 0.66022081576035641 1.0384845267646405
l 2737 2738
v 0.56847197526830562 0.055693174961615501 -0.36056153262109603
v 0.5673261213884937 0.059887108143757882 -0.35999889885931169
l 2739 2740
v 0.60399079524027699 -0.07519284278941088 -0.22927910554806058
v 0.60256147183430797 -0.063087504200220773 -0.22970681917270358
l 2741 2742
v -0.56624182932049205 0.53019084491542079 -0.46041790092809182
v -0.56602588422626088 0.5284169717807462 -0.45594080840723533
l 2743 2744
v 0.057638415962486228 0.65473176096389618 1.0086959180115773
v 0.059934010833473245 0.655491580024263 1.0094746771574901
l 2745 2746
v -0.021775325133115399 0.65550099319314081 1.0422621095173707
v -0.021620242552250278 0.65681184822226446 1.0425886785990843
l 2747 2748
v 0.47911475775924695 -0.03686642196823247 0.32342302471988604
v 0.47981466175827014 -0.031742502778280897 0.32390278905040815
l 2749 2750
v 0.47368377088826358 0.4611024697245954 -0.16747430826033016
v 0.47324687600809873 0.46013684673887506 -0.1605478439251099
l 2751 2752
v -0.088324527899073413 0.65731899386212422 1.0190589177970324
v -0.085401449640942761 0.65699811333849834 1.0217681181068983
l 2753 2754
v -0.36891689035812519 0.63143521007299697 0.88831095547004901
v -0.36639986302932598 0.63184744659661973 0.88924689441398419
l 2755 2756
v 0.36008604932785343 0.65462071038910485 0.8880004772375879
v 0.37305221389770199 0.65150683782866858 0.87886203439723876
l 2757 2758
v 0.50253178132818566 -0.070092933112787151 0.3400104179429147
v 0.50668381200982704 -0.070837972825361348 0.3401459917975333
l 2759 2760
v 0.61424330224448831 -0.33483788645425872 -0.36095745330564794
v 0.61457344542091696 -0.3120380910619156 -0.35905086035020534
l 2761 2762
v -0.04093783898152413 0.65136061855645799 1.0421326660285206
v -0.041198859085664133 0.65436435989050246 1.0432550407280712
l 2763 2764
v 0.52228139044817956 -0.06959546168859071 0.34022156819199206
v 0.52518941758099524 -0.069851735629486378 0.34004761353637097
l 2765 2766
v 0.59109867212751199 -0.0099032622562930037 -0.38690416038522074
v 0.59033691289446066 -0.0077674157185271334 -0.38648589431753805
l 2767 2768
v 0.54928718618479588 -0.017217103137877901 0.32988152692064571
v 0.54849828668507716 -0.012353150428029576 0.3292465429569788
l 2769 2770
v 0.052883323156151622 0.56407924108148533 -0.36141776801969128
v 0.054537404454436451 0.56386725492834133 -0.3613836192903368
l 2771 2772
v -0.15248083308139854 0.65629412876342108 1.0062881665868968
v -0.15011165306171365 0.65829167617584894 1.010153178627947
l 2773 2774
v 0.49330158966078019 0.52281952046828695 -0.52030947585908205
v 0.48959360582338118 0.5287318215422111 -0.5044094047942993
l 2775 2776
v 0.44239735058938467 0.5537604083432881 -0.90661172670789403
v 0.44491822071875131 0.55695366960623582 -0.90354938703111964
l 2777 2778
v -0.00845961923863588 0.65535761189363362 1.0378541197456095
v -0.0096393739882499156 0.6567172877798283 1.0370507989250448
l 2779 2780
v 0.48054765183830406 -0.060477742106750734 0.33092120772335865
v 0.48010571282005166 -0.057832947819396727 0.3303209792998042
l 2781 2782
v -0.45808359680849803 0.62330429207395444 0.83428599179827057
v -0.45529941024106252 0.62378044475008121 0.83715496717847504
l 2783 2784
v -0.54927768193141768 0.54631019723332341 -0.46431702945052428
v -0.54800508536441972 0.54698692667567317 -0.46481125977219301
l 2785 2786
v 0.065877424500617024 0.65561044780299571 1.0103713168503872
v 0.066936818935242656 0.65595161350681874 1.0105294094679722
l 2787 2788
v -0.018579490306184589 0.67560970409035126 1.039194731185259
v -0.0061831457443973451 0.67270315067649444 1.0344410853888377
l 2789 2790
v 0.043723594128472876 0.66564803070274869 1.0299468810902026
v 0.044178638876097132 0.66556103282721957 1.0298537437572095
l 2791 2792
v 0.60421166695347439 -0.083203052923094545 -0.21667133446588871
v 0.6039543362737595 -0.089324692443001952 -0.21038518671140316
l 2793 2794
v 0.61380697035015319 -0.17333377081732623 -0.21631574970098308
v 0.6131203100758722 -0.16902720254082806 -0.21278622407106587
l 2795 2796
v 0.48119328200519301 0.52154172515566721 -0.56847276817537828
v 0.48457624733745835 0.51860569858853445 -0.56736276019833998
l 2797 2798
v -0.52893361670744077 0.5409859917786457 -0.53879578092396696
v -0.52937510388124331 0.540397832569804 -0.53576486131846468
l 2799 2800
v 0.046543554731089204 0.66484771220176797 1.0297234755129021
v 0.048363892964642913 0.66456522496253867 1.0292381543546516
l 2801 2802
v -0.50942352782909672 0.58177265219495033 0.48441445996248783
v -0.50938793648059566 0.58253565736010338 0.48775678704297482
l 2803 2804
v 0.51015545515315797 0.4997197936979032 -0.41935824268177047
v 0.5097147068570349 0.49777013550131555 -0.41631991750881181
l 2805 2806
v 0.59628182987109313 -0.13247471497129845 -0.036234008294540668
v 0.59693270584210267 -0.12685171320367408 -0.038889041024249768
l 2807 2808
v -0.081076360189881555 0.66076859497845486 1.0358758953096594
v -0.078289040482077368 0.66198125815570041 1.0376833889005457
l 2809 2810
v 0.49843749223068179 0.51059100794454448 -0.55439229156420966
v 0.49827799381897031 0.51250400376657612 -0.54803674076153497
l 2811 2812
v -0.51991860710307169 0.51527833033187775 0.1377824521738355
v -0.5193798080809493 0.51648689221756072 0.14491206639229609
l 2813 2814
v -0.50730814704098681 0.5987615620214719 0.5744681651947634
v -0.50731108418307325 0.59905850538422878 0.57614907666467263
l 2815 2816
v -0.51736905839614378 0.47471040403001719 -0.777974620945446
v -0.51595720979996218 0.47524440372831411 -0.76621042143584062
l 2817 2818
v -0.52020887011084538 0.47744074349590759 -0.80048237967426361
v -0.51995297795739193 0.47735241169742126 -0.79906190705364166
l 2819 2820
v -0.44831635568038902 0.5154805788961393 -0.46787541092578833
v -0.44586722042663612 0.51864069605198082 -0.45638413249309595
l 2821 2822
v -0.46796951021402805 0.64982337856144567 0.81318891975099628
v -0.46740683589726956 0.64816575145869593 0.81509124306028302
l 2823 2824
v -0.002631444241683112 0.65009299879338567 1.0356078677495995
v -0.0012263464836225644 0.6499045693371075 1.0359835095087013
l 2825 2826
v -0.48450656107714102 0.64544707786119382 0.78661389427912731
v -0.48279415198514536 0.64567833889448245 0.78879945201146107
l 2827 2828
v -0.44085783429751302 0.47683897169989464 -0.78769115684173185
v -0.4384819202839384 0.47575238791543129 -0.77485056640961092
l 2829 2830
v -0.020510157817651992 0.65416867310080828 1.0429927831980572
v -0.020365657037446732 0.654995016512534 1.0433192723897113
l 2831 2832
v -0.55790044452860643 0.53306945094744562 -0.44786025859945855
v -0.5573013863353462 0.53312269916852117 -0.44292829654580512
l 2833 2834
v 0.28385929219829314 0.52552767113515708 -0.35894146092477236
v 0.2886004651297403 0.52488164588144448 -0.35931602589544859
l 2835 2836
v 0.48198868185456389 0.4816156339345859 -0.63146076857083233
v 0.48424528688017732 0.48890092852726713 -0.61777700723177997
l 2837 2838
v -0.21206197441592572 0.64756385107810455 0.97172026550240409
v -0.20944437085613848 0.64799972752754731 0.97288019741110909
l 2839 2840
v -0.54176836184923449 0.54790486126982174 -0.48655294065955029
v -0.54055054016645154 0.54971240729249515 -0.48235107774254932
l 2841 2842
v 0.49985811349386161 0.52352916883431788 -0.44834557447121548
v 0.49754348162180001 0.52769911600149755 -0.44172504272772861
l 2843 2844
v 0.54057073213980134 -0.068498798007807296 0.3399288318971283
v 0.54314339540078704 -0.069142438178220231 0.3383967615743988
l 2845 2846
v 0.4781118948793876 -0.057190808886627927 0.32434628980771307
v 0.47796878024573447 -0.056188766425509677 0.32411672098025079
l 2847 2848
v 0.40703884238853733 0.61986117702877475 0.82681615078724269
v 0.41416802530631741 0.62117750304782438 0.82067053591930028
l 2849 2850
v 0.61373640709675237 -0.41737924773596002 -0.36611169719541914
v 0.6133858997269781 -0.41565663855172919 -0.36047845935975664
l 2851 2852
v 0.51370333076820474 0.47928676295979422 -0.41320906521036727
v 0.51362563727989097 0.48192813705699045 -0.41423578618810075
l 2853 2854
v 0.071312825356101159 0.6534490122584411 1.0146651027593114
v 0.075467561211014625 0.65423445560654914 1.0144670250025294
l 2855 2856
v 0.3903601619690229 0.49310007478747414 -0.60796391544780348
v 0.39096607237164482 0.4940892181202407 -0.59846854629078294
l 2857 2858
v 0.59437177628455218 -0.1372891831616152 -0.032860277597130449
v 0.5932781890017027 -0.14001591322624796 -0.029876710470496504
l 2859 2860
v -0.18143861290932625 0.55646198631795429 -0.35795469136511965
v -0.17998419406889946 0.55666536448923565 -0.35794215349877195
l 2861 2862
v -0.24746473860924029 0.54468595851388102 -0.35710554913650033
v -0.23369855451400495 0.54739129673514242 -0.35748345061172965
l 2863 2864
v 0.5961964767535497 -0.1404497524758056 -0.043333905954229188
v 0.59385042971770274 -0.14629934224884955 -0.036933329682481933
l 2865 2866
v 0.38006171656957605 0.48528618821445446 -0.74260801451425107
v 0.37967118548044226 0.48467324963268299 -0.73365169389028995
l 2867 2868
v -0.2008327072317484 0.64429912293079705 0.97343731405410727
v -0.19447146599937648 0.6451750067460218 0.97584163663711587
l 2869 2870
v 0.59509235031605578 -0.36017651696090619 -0.18024844672364568
v 0.59552449576853894 -0.35435782532806476 -0.1805275008471551
l 2871 2872
v -0.131723267022546 0.66019525591392214 1.0163134518056574
v -0.12992219906670266 0.66087493833046262 1.0173934516519842
l 2873 2874
v 0.36488302319845539 0.62940531331048377 0.86514421665816255
v 0.37444041401544231 0.62753624362005822 0.85787359511704497
l 2875 2876
v -0.48796711000466081 0.61679507391973953 0.78635067200730768
v -0.48609974351859359 0.61643360955194015 0.79031079554487738
l 2877 2878
v 0.61288384872185275 -0.41739709582172413 -0.3583164107315881
v 0.61231096309913113 -0.41458158288158398 -0.34910918359824589
l 2879 2880
v 0.51773691486563223 -0.073155486364592529 0.33339927545566334
v 0.52441811252389414 -0.075450873594056153 0.33381207832317578
l 2881 2882
v 0.35581633299730514 0.6323959989439385 0.87169083767592614
v 0.36332413703061844 0.63016389180313181 0.8660475332194596
l 2883 2884
v 0.60797321653274239 -0.072623040504103467 -0.36909222586328505
v 0.60307502889725029 -0.055705714993828974 -0.3529613019687462
l 2885 2886
v 0.54094464612289828 -0.066958042368578496 0.34092980919169297
v 0.54330580401137907 -0.065202829852414546 0.34007876815510879
l 2887 2888
v 0.49653962566456245 0.51515061776899351 -0.53793680726737347
v 0.4977682499686773 0.51396625120378481 -0.53510975778847369
l 2889 2890
v -0.54335532052896718 0.45166268048091662 -0.26693742143260191
v -0.54044165746785899 0.45057950320438611 -0.25272263420475771
l 2891 2892
v 0.54513844592761218 -0.061091621017890729 0.3385614326709333
v 0.54587021724987805 -0.05679824521498128 0.3389520475155291
l 2893 2894
v 0.15626954234321819 0.65269452238503989 0.97508984704782742
v 0.15796426736633076 0.65257305001791421 0.9744897494716428
l 2895 2896
v -0.17585283599048898 0.65304893403828135 0.98220064882106795
v -0.17289611615985587 0.65306347459971914 0.98338935133151995
l 2897 2898
v -0.55328496088492951 0.55729664190171346 -0.91032279341682032
v -0.54609481702339568 0.55904602186324015 -0.91468965203300878
l 2899 2900
v 0.46755029850036656 0.48081523932713494 -0.14272344272183693
v 0.46722338504760708 0.48009269676905647 -0.13754060704661095
l 2901 2902
v 0.19758086956800616 0.64709686380889408 0.95600746395478597
v 0.19883695684610211 0.64700973885986812 0.95540823218931803
l 2903 2904
v 0.38536034181233642 0.53804679370270037 -0.38910143468274921
v 0.38008375809077027 0.5357014372314427 -0.37962056305513531
l 2905 2906
v -0.043730419584092184 0.67029398691319186 1.0445406750453501
v -0.038139897875014261 0.67007714498378079 1.0453624411808462
l 2907 2908
v 0.089884917255228347 0.65333305309006806 0.99873823403997952
v 0.091519732956105881 0.65311624100020294 0.9972832751305527
l 2909 2910
v 0.50268698464397121 0.52272569523705903 -0.45728502668235926
v 0.50236129034992527 0.52184534682379302 -0.45544197164680333
l 2911 2912
v 0.34614209859480893 -0.56009191543683212 -0.16158680741568845
v 0.35154552729020083 -0.5561681362904628 -0.15899576122978884
l 2913 2914
v 0.39127110137095722 0.48782609924280973 -0.81598205314550942
v 0.38940663443455426 0.48624504581486849 -0.80620913757409507
l 2915 2916
v -0.56168782984420706 0.48315750165387011 -0.40112404834272442
v -0.56254291261032174 0.48930795387820386 -0.40599573839662495
l 2917 2918
v 0.49478386393242679 0.48497544088149891 -0.33055748520763406
v 0.49400938996619381 0.48744936428283825 -0.33073739232151023
l 2919 2920
v 0.50506737981009164 0.4863507563469659 -0.40221448539711752
v 0.50400718893838248 0.48610814267418279 -0.39813159109137736
l 2921 2922
v 0.38526440864526346 0.51059796021447235 -0.50272653013596325
v 0.3853861569789736 0.51340173079504914 -0.49449195951094838
l 2923 2924
v 0.12152239751054425 0.55713324781344709 -0.35955305573145363
v 0.1228474669532619 0.55693168405605975 -0.35955099585851219
l 2925 2926
v -0.34493266218018231 0.5261931006653866 -0.35850020381140035
v -0.34239478237319293 0.52647618606251867 -0.35826090840173441
l 2927 2928
v 0.60838231488727057 -0.47535303195998618 -0.92009263607013247
v 0.61787536695934808 -0.4792152945132499 -0.91058761505138852
l 2929 2930
v -0.53789309644424288 0.53259671933540598 -0.99035036831309409
v -0.52357848501480253 0.52356790297141775 -0.99586820334980874
l 2931 2932
v -0.57076429269745876 0.50885111019919271 -0.42745279757299337
v -0.5696638927654929 0.51111334635903483 -0.42883188040933695
l 2933 2934
v -0.56207916212132614 0.53986246985515807 -0.4740206175837724
v -0.55716743993708451 0.54367248612323549 -0.47471366586349323
l 2935 2936
v 0.46678873382738334 0.53559193910425806 -0.57511022625108976
v 0.46897236026593941 0.5342650622003684 -0.57271644534925203
l 2937 2938
v -0.50984742280628703 0.59906890048158357 0.56521589898855396
v -0.50981173876140096 0.59953520642149261 0.56774012899606519
l 2939 2940
v 0.5405510989417488 0.13346974723435806 0.35440991835717944
v 0.54051050269704515 0.13876019246481491 0.35398550314779492
l 2941 2942
v 0.40111086604901575 -0.54940966709224082 -0.1698767315613314
v 0.40549214842013098 -0.54838117019566202 -0.16991915590891396
l 2943 2944
v -0.53494484681135501 0.5386545114409822 -0.54187158162816473
v -0.53304748278611813 0.53987770749212327 -0.54196890775934747
l 2945 2946
v 0.59383268530567446 -0.10241721544261216 -0.069476799089090019
v 0.59363846604625425 -0.10162173237805129 -0.067418589275701851
l 2947 2948
v -0.02263465605655076 0.65822115959207128 1.0444489515017421
v -0.022519051209303122 0.65880593238790919 1.0445198023129552
l 2949 2950
v 0.61514679283575169 -0.12003724800839453 -0.35530115944387103
v 0.61479457526727566 -0.11601590586409539 -0.35857842582224225
l 2951 2952
v -0.43867799256116408 0.47611854741015841 -0.63186477671208308
v -0.43995854642122728 0.47579844525417875 -0.62073303212580755
l 2953 2954
v 0.024135969772317748 0.65181153164146588 1.018349792482387
v 0.028276435837766786 0.65462166919471576 1.0174358825664411
l 2955 2956
v 0.64379058056532057 -0.50592347501383239 -0.89112837874497108
v 0.6458235008174309 -0.50992492319478577 -0.88702635205184288
l 2957 2958
v 0.50030940283108694 0.47972889679920944 -0.35186040738130586
v 0.50039655458163279 0.47971479159342972 -0.34925102850889189
l 2959 2960
v 0.49628368473229334 0.48107104243866472 -0.36509915796012704
v 0.49594786310019567 0.48257364092238875 -0.3584330418994921
l 2961 2962
v 0.32761556355753924 0.51726207409426084 -0.36461652497548297
v 0.3337775424261949 0.51787903632596621 -0.36516581793528363
l 2963 2964
v 0.03493067867172682 0.6607498688803346 1.0232777494136904
v 0.036787134939303759 0.66148452328580309 1.0240109068210508
l 2965 2966
v -0.14053719290503061 0.65633931685325142 1.0073381101047565
v -0.14013243666879141 0.65639349888924126 1.0076567495906781
l 2967 2968
v -0.51534533354394396 0.50219664138970888 -0.084668819346860782
v -0.51474535611517469 0.50216677623571837 -0.080129097661539181
l 2969 2970
v -0.30213855760327712 0.64220945484942205 0.92503454464875623
v -0.29923434002169236 0.6425114428251385 0.92706749659575061
l 2971 2972
v -0.02271320194733201 0.65115504784649747 1.0415515337379209
v -0.02324646442401351 0.65322620348864657 1.04322605987475
l 2973 2974
v -0.43940234964712577 0.62203429397711141 0.85147296965034835
v -0.43645577842370553 0.62252380195489543 0.85372245729056961
l 2975 2976
v -0.47630822681516627 0.64274001289862703 0.79493973565945275
v -0.47447121120363256 0.64355301688652922 0.79777588533511512
l 2977 2978
v -0.50419726211563554 0.49540086827634833 -0.69536938927083014
v -0.5037270561979631 0.49748174109102228 -0.68979332187266351
l 2979 2980
v -0.55726293996698562 0.52480068933960422 -0.41953304079292592
v -0.55726285501592454 0.52410527932647244 -0.41764584514381115
l 2981 2982
v -0.43851496415629793 0.47713838402254544 -0.73612719696091966
v -0.43840895456776213 0.47640355046765842 -0.72975069362593337
l 2983 2984
v 0.60130262192181161 -0.054348661873496192 -0.22070757937568214
v 0.59893500987597892 -0.048077829804264886 -0.21133266496521447
l 2985 2986
v 0.48383137070292098 0.5291124478139243 -0.55480551317930171
v 0.48696694291478532 0.52890635578257228 -0.53989041253328374
l 2987 2988
v 0.38088581880335109 0.49333637090883287 -0.60752597770458883
v 0.38135357776876194 0.49409998325147597 -0.60019561329119975
l 2989 2990
v -0.22331226301260446 0.55029916822961744 -0.35899231733807901
v -0.21824648547105338 0.55123269498296801 -0.35903402266970297
l 2991 2992
v -0.53131689068681531 0.54160059465836397 -0.52918846317264312
v -0.52966557505720324 0.54248641953993926 -0.53040283016231782
l 2993 2994
v -0.51202867034575239 0.54360065575081074 0.25421263526928184
v -0.51113727089265093 0.54413201694053448 0.26245693613040688
l 2995 2996
v 0.079608288481255285 0.65822857365162746 1.0106183214257278
v 0.082467618510703333 0.65746516242472752 1.0090333299567185
l 2997 2998
v -0.42050240780398679 0.62205112763201653 0.86386619900176476
v -0.41970135425045657 0.62217866591656745 0.8644145836978202
l 2999 3000
v -0.52320649717446854 0.52407526755081224 0.18435566077560664
v -0.52310380842092941 0.5242930672193904 0.1852416550126624
l 3001 3002
v 0.1410701530782868 0.65260477586670163 0.98068725977466209
v 0.14222112719133601 0.65263311342315433 0.98035526360943215
l 3003 3004
v 0.61774074799699374 -0.11111082869572313 -0.13991893353670359
v 0.6173195862086337 -0.11106275779204695 -0.13684680042058706
l 3005 3006
v 0.48336382305392583 0.027028348079868845 0.34506011508692463
v 0.48169343078365962 0.031760897704413843 0.34572571016560832
l 3007 3008
v 0.5368352030973933 0.16162901821612127 0.36069684916814304
v 0.53630506046004078 0.17052907046796076 0.36213696306864285
l 3009 3010
v 0.55143295478823917 -0.022856455688262979 0.32795926031900169
v 0.55109669017788632 -0.021068147922967871 0.32752315106558083
l 3011 3012
v -0.30289948452942289 0.63875334215547985 0.92535973776699676
v -0.30002742539413058 0.63905198621366077 0.92737017880557404
l 3013 3014
v 0.53578528880758536 0.19386853126111017 0.34423413281594767
v 0.53568449497537363 0.19683255406794561 0.34131053681219564
l 3015 3016
v -0.47271830974215778 0.64431168379406323 0.80455433421092304
v -0.47100322307949749 0.64462814984698902 0.80793381638569561
l 3017 3018
v 0.60226338167786064 -0.091440681062005799 -0.19998793965830614
v 0.60144991616607246 -0.095878731765485961 -0.19303322666630934
l 3019 3020
v -0.082895589119256111 0.65235139397470343 1.0237755657350345
v -0.080133738869368462 0.65385697814138544 1.0278737663114743
l 3021 3022
v -0.53542086599094385 0.55307137214711322 -0.47380892803463348
v -0.53805258753078467 0.55262435234019147 -0.46856118867602936
l 3023 3024
v -0.084961141036468776 0.65666333618957529 1.0337986055543764
v -0.081734766675513951 0.65809675273101798 1.0352099832365171
l 3025 3026
v -0.5347192505944145 0.53764774614154187 -0.54351760751980494
v -0.53308949669715044 0.53894124216259631 -0.54439876668673803
l 3027 3028
v 0.15001071539581873 0.65131744595168417 0.97674812621303642
v 0.15476249608336828 0.65068784503342325 0.9749609058456794
l 3029 3030
v 0.48687538561877031 -0.06293959180791045 0.33370476127661319
v 0.48457565846387129 -0.06042926748316621 0.33139521717034726
l 3031 3032
v 0.29965325017343153 0.62122201808215949 0.89728577179120905
v 0.31059400419821154 0.62215912453411248 0.89247374492479437
l 3033 3034
v 0.39685959549049016 0.53803442163788906 -0.47558146974116622
v 0.39706700115105037 0.54320074872649082 -0.46158307531803788
l 3035 3036
v -0.074811203091528236 0.65062662388732806 1.0365835691835601
v -0.076429995090577782 0.65342143748352155 1.0358248685453217
l 3037 3038
v 0.59501095380299429 -0.36479995567831991 -0.17759561157643258
v 0.59527532492167612 -0.36124028842415812 -0.17776632690012992
l 3039 3040
v -0.5595514270671117 0.52547494350263813 -0.43090275110113524
v -0.55897622376601819 0.52748330654313824 -0.43212887464654542
l 3041 3042
v -0.48225939067025925 0.61670080084398071 0.80212134967783522
v -0.4803223034558699 0.61736902337476929 0.80537801136037279
l 3043 3044
v 0.38393084140369554 0.54184089495716303 -0.39908974949681242
v 0.38138951925685743 0.54058767960490972 -0.3937634270969681
l 3045 3046
v 0.51468960507896433 -0.073930338840736576 0.34273899929043378
v 0.51681133047554006 -0.074535622377143673 0.34224705560687457
l 3047 3048
v 0.55760598184251331 -0.47223722206713142 -0.17657924966519653
v 0.56102490423536755 -0.46753800643323479 -0.17651914282137574
l 3049 3050
v -0.14015372642286814 0.6562635593497419 1.0076779757892658
v -0.13974897018662893 0.65631774138573173 1.0079966152751874
l 3051 3052
v 0.01772822367710673 0.65676388916470441 1.0301886269836786
v 0.016539268915228018 0.65884222808383075 1.0321163466186163
l 3053 3054
v -0.51170555824667363 0.53553960854506055 0.25432916337812472
v -0.51112552409738155 0.53565957015061816 0.26069323366319608
l 3055 3056
v 0.50195833341556262 0.53133993262585399 -0.47741850248677747
v 0.49989191396755506 0.53556055908862354 -0.47693441280024035
l 3057 3058
v -0.32412980485532722 0.63320610946565825 0.90245810968216233
v -0.32055945705797234 0.63389172130674165 0.90510471838180251
l 3059 3060
v -0.55217815579186158 0.50137013777066719 -0.35624947499194232
v -0.55162321387519164 0.50041490213106621 -0.34921816636166486
l 3061 3062
v 0.45648980570326447 0.52432222710077969 -0.62318222865534023
v 0.45600020455827117 0.5266021932559708 -0.62102074280309483
l 3063 3064
v 0.047993794539943908 0.66328878353451048 1.0227618002870251
v 0.050541847487911011 0.66299824763919557 1.0216191029569934
l 3065 3066
v 0.18120440851561218 0.54771716176203011 -0.35735108583030645
v 0.18280825008042664 0.54739706934758903 -0.35735187799873408
l 3067 3068
v -0.20331449673591528 0.55341602736804119 -0.36111919507928075
v -0.20241217448295679 0.55357514446881184 -0.36112780942969142
l 3069 3070
v -0.52510504508610112 0.54108283048510497 -0.55074431650179767
v -0.52052242969874996 0.54334893697857911 -0.5550485635564909
l 3071 3072
v 0.49276347823448668 0.51117349617034347 -0.5629772197380809
v 0.49335793785743226 0.51125632770508378 -0.56097683795540054
l 3073 3074
v -0.50575796415435437 0.62543674770599811 0.7086951312063029
v -0.50515445421112415 0.6262894028066972 0.71236614618322347
l 3075 3076
v -0.44345840821660598 0.4845683995850788 -0.76267011160954956
v -0.44305738796793381 0.48360760768573419 -0.75799088482752319
l 3077 3078
v 0.38826916358934721 0.48813243566824444 -0.78291710084594945
v 0.3869206533624045 0.48712323249505513 -0.77249316507659693
l 3079 3080
v -0.50834890828692525 0.56442804620312037 0.39442535180404098
v -0.50862327589428813 0.56562988474322973 0.3990554616992244
l 3081 3082
v 0.59236288323023178 -0.37231942337377377 -0.17514670599938853
v 0.59382438407323501 -0.368117488209173 -0.17558994184492605
l 3083 3084
v -0.0023982315002517508 0.65666687787311817 1.0415237580966645
v 0.001679361067204337 0.65687131582957958 1.0426680410671538
l 3085 3086
v -0.065035597813758908 0.65918789390425347 1.0441165516323037
v -0.063571749793853702 0.65835525509019233 1.0441986968570762
l 3087 3088
v 0.31150826329040893 0.52078267644825138 -0.35700828451044359
v 0.31889990454864137 0.52085009504375301 -0.35742806774251662
l 3089 3090
v 0.27616783304469056 0.52660185186657482 -0.35611431820368372
v 0.27740351037724548 0.52642804296222157 -0.35615999476933874
l 3091 3092
v 0.49735052950988984 0.51073665547231073 -0.5301421453980204
v 0.49564276568282867 0.51349501681467657 -0.53017811274254356
l 3093 3094
v -0.15671625261330654 0.65538153132012122 0.9963738724086012
v -0.15390077705359409 0.6566417507309652 0.99942161594894274
l 3095 3096
v -0.50860471780694594 0.57397571961992777 0.43092265854656842
v -0.50882987920843492 0.57485874731427633 0.43562307824313495
l 3097 3098
v 0.39115712386476542 0.62585173721535925 0.84475544674622216
v 0.39774480122220968 0.62425900821463343 0.83822234885466895
l 3099 3100
v 0.31618921831420077 0.63453168409089178 0.89054981335834504
v 0.32349927350708829 0.63456659776945978 0.8874489916877365
l 3101 3102
v 0.396612248195367 0.49461207713290251 -0.84600330959185666
v 0.39491240047101484 0.49309446488217318 -0.83976124157086307
l 3103 3104
v 0.35084972413659898 -0.55834527975627701 -0.16674266741459037
v 0.35349502531408461 -0.55731765263965805 -0.16651083543117379
l 3105 3106
v -0.10862710500476851 0.6589923246561965 1.0266225819584265
v -0.11068973516704546 0.66107174318437967 1.0266937727931604
l 3107 3108
v -0.51020040096181163 0.58466819761108468 0.48672941310187517
v -0.51017497001749745 0.58521338464904715 0.48911759274224104
l 3109 3110
v 0.55193746731963267 -0.010127949116473601 0.28735149471690996
v 0.55146252466950307 -0.0046710208452292231 0.29390113980838911
l 3111 3112
v -0.069487390832902021 0.66216173685682989 1.0421330808763691
v -0.06905858425617116 0.66201195203171992 1.0424258828992656
l 3113 3114
v -0.50690357491070193 0.62301622488302744 0.68380869470611538
v -0.50640137389606077 0.62533499143319571 0.6906616584204105
l 3115 3116
v -0.13752594246709871 0.66015272796217039 1.0127853232164128
v -0.13387713179742766 0.66068238556322023 1.0142289323072688
l 3117 3118
v 0.49198554821320067 0.51257933132201583 -0.56431146971137802
v 0.49258000783614625 0.51266216285675614 -0.56231108792869766
l 3119 3120
v -0.44077669461984847 0.48063674334491002 -0.64588016934427339
v -0.44112546364049698 0.48010787602459681 -0.64234715037313384
l 3121 3122
v 0.54432444095269283 0.17085455485249595 0.30315756121627713
v 0.54441471577032963 0.18175323180293007 0.29588252982147312
l 3123 3124
v 0.49240131725673503 0.54274116524675187 -0.47904412243050726
v 0.49384169231052572 0.54206468096754257 -0.47643001582938044
l 3125 3126
v 0.58967897428816352 -0.36260416751675778 -0.17502393893569662
v 0.58993199334794488 -0.35919735187716312 -0.17518732376724527
l 3127 3128
v -0.55232204181267697 0.52465380826911734 -0.5328489035465227
v -0.5548502089350037 0.52222798666038706 -0.52739112674217359
l 3129 3130
v 0.57114130228570925 0.058811535267896099 -0.35898169679688136
v 0.56996578008123411 0.062999765248232448 -0.35843810634566625
l 3131 3132
v 0.49922298407729065 0.51620225002754128 -0.53573194533089741
v 0.50055594229523737 0.51455744216453636 -0.53348072976370708
l 3133 3134
v -0.55974331030547075 0.53531454522231225 -0.45711523576957158
v -0.55933055749238081 0.53439439814469214 -0.45235061362999507
l 3135 3136
v 0.22713012640851499 0.64382393640322499 0.93919108900250725
v 0.22740279490572451 0.64381043630795665 0.93905390706835457
l 3137 3138
v 0.60090095647392239 -0.20413607133062917 -0.061601586640093624
v 0.60009103170814548 -0.19970780836907787 -0.057709738611962498
l 3139 3140
v -0.5531672511117639 0.50725613231833389 -0.41088070815793964
v -0.55260798597167116 0.50460197334115098 -0.40326402240999248
l 3141 3142
v 0.012808698531386982 0.64933533915179953 1.0317967328631168
v 0.016167108598949782 0.64674751511913553 1.0288579073346371
l 3143 3144
v -0.44005476303172775 0.4787923993579295 -0.75655496924070431
v -0.43991995983051591 0.47785177807889911 -0.75228797585817264
l 3145 3146
v 0.60385673304199639 -0.096790630064271729 -0.20611699587359239
v 0.6030432675302082 -0.10122868076775189 -0.1991622828815956
l 3147 3148
v -0.5491241147743563 0.5256511933733925 -0.53687275980632787
v -0.55064213965069253 0.52419462133150252 -0.53359566594440455
l 3149 3150
v -0.50852820472200744 0.53934823529834008 0.23252076001976341
v -0.5079720298818744 0.53846372110729956 0.2408051779666105
l 3151 3152
v 0.058186227351455649 0.65233327005813446 1.009328919339092
v 0.060481822222442666 0.65309308911850128 1.0101076784850047
l 3153 3154
v 0.49319870018358353 0.51811669064397559 -0.53972268396224432
v 0.49317043281202194 0.51830997275476709 -0.53920399850998468
l 3155 3156
v 0.55570372256942335 0.0095534423056278014 0.26888406207559912
v 0.55518142071060594 0.018274533965882321 0.27222585747243555
l 3157 3158
v 0.4593298087186149 0.52201249519334358 -0.61399222728564318
v 0.45862105988795249 0.5232274301911779 -0.61344216945813124
l 3159 3160
v -0.14422671860317007 0.65676167366088689 1.0099467192360048
v -0.14314151936908945 0.65684268119751155 1.0111671532920714
l 3161 3162
v -0.54092562586798831 0.53544163772960152 -0.53325253259330441
v -0.53629481404290036 0.5378336899528936 -0.5364733384928162
l 3163 3164
v 0.49943130268548458 0.54315485818311993 -0.46933900962615815
v 0.50100238070990111 0.5406654848344582 -0.46682238926147612
l 3165 3166
v 0.48585210384169619 0.51560807490160121 -0.57103581188580532
v 0.48556568084916074 0.51753413415143834 -0.56685190440752964
l 3167 3168
v 0.6030257097561913 -0.21346862333105265 -0.078068236855169226
v 0.60257717453641124 -0.21352492553903402 -0.07397969529281051
l 3169 3170
v -0.05695412775291063 0.65126060210557524 1.0352676724676926
v -0.055800768530239089 0.65235782898573336 1.0363327646966141
l 3171 3172
v 0.4923652532814185 -0.073855261089048899 0.34138505250057621
v 0.49595605103987056 -0.073375349162377798 0.34224267214694576
l 3173 3174
v 0.1379860181698099 0.65823370536265857 0.9979922855172062
v 0.14939709116132108 0.65793794075550549 0.99379002210761069
l 3175 3176
v -0.53972202597956342 0.57244949979855986 -0.90259790525830053
v -0.53447347820897417 0.57224649743959932 -0.90559279813372828
l 3177 3178
v -0.35601471034126847 0.62921100719396805 0.89273295828625165
v -0.35270931157035262 0.62942320243890548 0.89399566224292315
l 3179 3180
v 0.61445359848293979 -0.11038895197679784 -0.13057961884714853
v 0.61408908702578824 -0.11115690819452022 -0.12785032566807975
l 3181 3182
v -0.50658800826632588 0.56644321963833155 0.39839975971534164
v -0.50686237587368876 0.56764505817844091 0.40302986961052506
l 3183 3184
v 0.59655474347628346 -0.36588819590922594 -0.18057635461330113
v 0.59716154413663158 -0.36238388451222181 -0.18085190618992153
l 3185 3186
v -0.099734148748793258 0.6566722674599571 1.0210328320887607
v -0.09664901458414589 0.65558955237952043 1.019407012042709
l 3187 3188
v -0.55430049242252788 0.53042526247953714 -0.5123441724586798
v -0.55230539499049702 0.53385560509706198 -0.50611884309765565
l 3189 3190
v -0.26285305068714537 0.54235588680789482 -0.35811419966001373
v -0.260844146750141 0.54275680411770333 -0.35814706800203461
l 3191 3192
v 0.55199342943895224 -0.0049181657573102227 0.29546567037878552
v 0.55175787232648965 0.0035766110718144289 0.29629317685784778
l 3193 3194
v -0.5290182774791905 0.48966978327605487 -0.86171293580351571
v -0.52344048564336809 0.48687543137696027 -0.8536597458142211
l 3195 3196
v -0.11367516764223075 0.66420231109283545 1.0249288736014486
v -0.11178646437109017 0.66416706795074365 1.0260202230782389
l 3197 3198
v 0.62123381766631303 -0.14296816649768487 -0.33752923794919981
v 0.62011576023743453 -0.13720599946644171 -0.33932549170320497
l 3199 3200
v 0.44718747191026154 0.41859823702753562 -0.24070576995213969
v 0.4434168452780014 0.43938535214482766 -0.19403507143656271
l 3201 3202
v 0.54801331072891246 -0.019278800323773167 0.29355391119193674
v 0.54767205208694447 -0.017731433525513866 0.29805377866554617
l 3203 3204
v 0.39382157693735287 0.49518332356719619 -0.81947165946408329
v 0.3930999242223151 0.49444153433533067 -0.81580573101595821
l 3205 3206
v 0.26701421066942238 -0.59035805712637068 -0.16390797893341941
v 0.27015393451032615 -0.58914717186990617 -0.1642659266776188
l 3207 3208
v 0.043945591441183936 0.66336347409506591 1.0296295252187266
v 0.045738075384110559 0.66282163313607423 1.0287959012644277
l 3209 3210
v 0.61500049307615601 -0.20572116386593117 -0.27737650316497531
v 0.61569427773683227 -0.18382061112224327 -0.28920808393219266
l 3211 3212
v 0.50037997073471729 0.51088300675677678 -0.5284426457781547
v 0.49857104712188061 0.51380476027203181 -0.52848074365665976
l 3213 3214
v -0.55816351612294424 0.49479388513521011 -0.38111553517167523
v -0.55642605582987559 0.49495405635877793 -0.37501414689238116
l 3215 3216
v 0.49909011572632328 -0.077723667661540416 0.33377406758661693
v 0.5024482801553295 -0.080277352889187428 0.33240845041875416
l 3217 3218
v 0.49524487862876809 0.50647009398326315 -0.58209273967562469
v 0.4956216632337197 0.50809585068836771 -0.5777883752840921
l 3219 3220
v -0.5241368259399205 0.54417108785969914 -0.53736437563322925
v -0.5247230087311 0.54339016187327205 -0.53334008451081372
l 3221 3222
v 0.61642870728697563 -0.13999036551670901 -0.34624522007745495
v 0.61611857588563179 -0.13810836671633847 -0.34670103512960682
l 3223 3224
v 0.59572079926888799 -0.15334968268481214 -0.036443667774736038
v 0.59338161200125361 -0.14631481469067614 -0.031371405059755691
l 3225 3226
v 0.5119843449632393 0.48583313836307163 -0.42056398386124344
v 0.51199663018782271 0.48307314501552945 -0.41608108287688522
l 3227 3228
v 0.49943046217455572 0.43859206360783631 -0.37039692602045682
v 0.49879230613217646 0.446137917814588 -0.34700636663548801
l 3229 3230
v -0.0025854891738852082 0.65321310823856416 1.0397864481995933
v -0.00069238118687667272 0.65327099496425567 1.0404046872069008
l 3231 3232
v 0.079846290868287678 0.65782972682521801 1.0149119269794449
v 0.083499165255064373 0.65793589245273609 1.0129434692913071
l 3233 3234
v 0.48620451607971649 -0.030744257170115412 0.32984181941807234
v 0.48646055540771027 -0.027165034067477285 0.33015194832026995
l 3235 3236
v -0.48641735551376319 0.61064369477397762 0.79299821993953379
v -0.48302763464431786 0.61201291285389103 0.80043611386173574
l 3237 3238
v 0.51143472322303385 0.47973669541375119 -0.41180285526637267
v 0.5098671423546639 0.47864138113959354 -0.40774837421055604
l 3239 3240
v -0.079888218608405615 0.65981144319944596 1.0318003588369427
v -0.078373199734184718 0.66076284040040756 1.03269186681003
l 3241 3242
v 0.21754697998722333 0.53776413056857941 -0.35790509115767083
v 0.22200902262965899 0.53680545237056854 -0.3578134166090528
l 3243 3244
v 0.49439105060144978 0.48986083169411265 -0.33069196432946268
v 0.49365541670277996 0.4922106872038976 -0.33086284905554708
l 3245 3246
v 0.62178386604663427 -0.15907919082448077 -0.33843751621243623
v 0.62161098563793604 -0.15595525827601361 -0.34038881587984893
l 3247 3248
v 0.38247784081976255 0.47459348171758792 -0.70194491017868998
v 0.38251558836419741 0.47474417954873899 -0.69105390440413472
l 3249 3250
v -0.25695314044729378 0.64614629939777346 0.94661512187593322
v -0.25209991102441642 0.64673340126293211 0.94932971187955995
l 3251 3252
v -0.14374479518147334 0.65653146106425186 1.0115520196538261
v -0.14251828326968327 0.6567109743910704 1.0126183790583321
l 3253 3254
v -0.084377652884238236 0.64188544721384799 1.0263246259870624
v -0.077633910893685348 0.6382804635069772 1.0283209123430157
l 3255 3256
v 0.60087956786811281 -0.031289166928797164 -0.36665573353025704
v 0.59869359134972167 -0.034165137289495072 -0.34790715938356132
l 3257 3258
v 0.095082393041803603 0.64947638773823213 0.99869003790432209
v 0.093083286532209153 0.6500661585340457 1.0010094354767203
l 3259 3260
v 0.38309069469158219 0.49166972421457222 -0.61426575562159269
v 0.38363413021381332 0.49310206390569755 -0.60844127753575594
l 3261 3262
v 0.49875488930041778 0.45706115413016696 -0.37369081722301895
v 0.4988851243943454 0.46325071406059842 -0.37764551891284531
l 3263 3264
v 0.61182661654384485 -0.10144993530021201 -0.35462942965580907
v 0.6111874997433866 -0.10410422219528664 -0.34654441229746852
l 3265 3266
v 0.49810697189381237 0.47576490131004889 -0.37522680533661018
v 0.49787478097865467 0.47835740360633294 -0.37518077122436394
l 3267 3268
v 0.56052519010054691 0.090563333231754306 -0.36135945509483119
v 0.55877624823105709 0.098380708497219083 -0.3601783137459586
l 3269 3270
v 0.59544865782065359 -0.17330392250250487 -0.12141520871523701
v 0.59694178407387766 -0.1555814241485724 -0.12434636459942974
l 3271 3272
v 0.61352832430994475 -0.14604362136626281 -0.32422254045449317
v 0.61313598042333162 -0.1415801715204712 -0.32555058042563378
l 3273 3274
v 0.60737639288286027 -0.096082737096900808 -0.34648741220883572
v 0.60701924939771834 -0.10158018266284956 -0.33784442210741794
l 3275 3276
v 0.45133238078670712 0.47479048114541395 -0.77019631175770686
v 0.47491402386112003 0.47315505403753894 -0.74728298874125554
l 3277 3278
v -0.52082538767132835 0.50506495056488021 0.094231441540234204
v -0.52133607701983375 0.50578178348205582 0.099287092762477283
l 3279 3280
v 0.081631226654451328 0.65508023516738811 1.0133854704124308
v 0.08463174272020535 0.65373512490188679 1.0107777757423544
l 3281 3282
v -0.42269073943602337 0.51605505952810526 -0.38445716582446759
v -0.42200667639268147 0.5160662411692214 -0.38374794043392474
l 3283 3284
v -0.10880932403573083 0.65263075879234356 1.0235153942392121
v -0.10637976037493659 0.65103988596778828 1.0220328063680877
l 3285 3286
v -0.42893374152755842 0.62139618500116856 0.85711533870100831
v -0.42668831161880388 0.62206172839757412 0.85890846405625487
l 3287 3288
v 0.24935760016441616 0.62857693941433823 0.92834587897613718
v 0.26035855298042027 0.62557917325656021 0.92081324253722951
l 3289 3290
v -0.5204527061917642 0.52694708497196707 0.18460781568649004
v -0.52014032187677828 0.52760964243739572 0.18730305438873579
l 3291 3292
v -0.50435062489841209 0.63041660423017165 0.70954484829587905
v -0.50392702974941506 0.63087334995531419 0.7117194425137523
l 3293 3294
v 0.095663847503120944 0.65533687955974962 0.99647089966595015
v 0.093583671274726346 0.65592417829394911 0.99909987918079057
l 3295 3296
v 0.32817235469148376 -0.56812317855715799 -0.16869702271574596
v 0.33114758253767274 -0.56737141124844503 -0.168907410582365
l 3297 3298
v 0.050067650933650565 0.66453352251146325 1.0252411676902839
v 0.052852672676655221 0.66444799623395912 1.023399083469384
l 3299 3300
v -0.11827647256641093 0.56363386718596731 -0.3580974468807494
v -0.11555114817829427 0.56384842785034861 -0.35814212469060069
l 3301 3302
v 0.41716059932631849 0.51847998499805925 -0.89556588593707498
v 0.42325750103073717 0.52682860493724348 -0.9004282766224343
l 3303 3304
v -0.50816197450555434 0.57432190339678324 0.43567749987423565
v -0.50838713590704332 0.5752049310911318 0.44037791957080219
l 3305 3306
v -0.023530611781278882 0.56934981822616992 -0.35882813395646124
v -0.02026731705864307 0.56932646751754346 -0.35882525978896113
l 3307 3308
v -0.51612379137190656 0.52624894366262365 -0.60432502323447801
v -0.51739583429185076 0.52790139927866053 -0.59881428188026808
l 3309 3310
v 0.59418970542348115 -0.05184412288672062 -0.18520166396891244
v 0.59447544617258818 -0.046286349117692985 -0.19057802438939445
l 3311 3312
v -0.14894455330295944 0.66283818247868198 1.0067319639750629
v -0.1467050348051033 0.66187778946803433 1.0073354474476666
l 3313 3314
v 0.56066259474601787 0.080034318527634499 -0.3827973159510511
v 0.56006124882850605 0.082722199001853111 -0.38239119923525872
l 3315 3316
v -0.52512887608639469 0.51436219459592469 0.13327598475374966
v -0.52501412737735043 0.5150705789941632 0.13742262221417637
l 3317 3318
v -0.064037041910390155 0.64785000045195262 1.033013885737895
v -0.061865670434733143 0.65080896656617482 1.0331239049420367
l 3319 3320
v 0.046087187239900802 0.66466624687526976 1.0242948317506482
v 0.048635240187867905 0.66437571097995485 1.0231521344206165
l 3321 3322
v -0.51011556867031371 0.61097169800029005 0.64961141230099495
v -0.51002627131076539 0.61132501678242479 0.65211683629519646
l 3323 3324
v 0.54991730865852806 0.023048210037277535 0.28497518051666682
v 0.54959801021201637 0.0253135905737416 0.28942584048705633
l 3325 3326
v 0.53786708281513829 -0.074054615611940017 0.34146308464351927
v 0.54082368447306972 -0.073178423528761277 0.34056663947757448
l 3327 3328
v 0.59800874783441027 -0.20023015479756648 -0.056255160262333286
v 0.59757292674139539 -0.19784730334566777 -0.054160954067958463
l 3329 3330
v -0.08312599664189313 0.65590874086897233 1.0292516909254836
v -0.081562352128248472 0.65746828187425277 1.0302511491166306
l 3331 3332
v 0.61463181443081416 -0.42263819986135215 -0.38938681400458153
v 0.61382396750583135 -0.42344764656275063 -0.37996478759606545
l 3333 3334
v 0.37856558939988255 0.48283153932773987 -0.70633960929338202
v 0.37843318798964382 0.48234647352016052 -0.69929729733045831
l 3335 3336
v -0.13710493905645957 0.65723506097057216 1.0099064856589546
v -0.13437276022332559 0.65824862833759434 1.0112708062111626
l 3337 3338
v -0.44412857052548294 0.47707039983937821 -0.57971185662685665
v -0.44516706708209153 0.47782169906427779 -0.56779509565890995
l 3339 3340
v -0.062609806421975611 0.65396145813841144 1.0429045950773286
v -0.05967378639819193 0.65127905375581463 1.0405056679841949
l 3341 3342
v -0.069080387966633863 0.66240885771406866 1.042388665593166
v -0.068651581389903002 0.66225907288895869 1.0426814676160625
l 3343 3344
v -0.020376279223547161 0.66055449891692086 1.0427361769513581
v -0.019448877107515156 0.66373661112183646 1.0416282372637298
l 3345 3346
v -0.085841698733796143 0.64622279204562139 1.0289476686353454
v -0.084955485375891662 0.65089706383511592 1.0303637212877503
l 3347 3348
v -0.20679116596694083 0.5534157760578049 -0.36061638433901283
v -0.20505517373566537 0.55372190399590604 -0.36063295762570885
l 3349 3350
v -0.040492567315748643 0.64382492978414418 1.0368896018538263
v -0.035587583586522628 0.64421642344156382 1.0374721992936347
l 3351 3352
v -0.13305425397734771 0.64754134320804468 1.0105738573849603
v -0.12936339028496613 0.6456691632311643 1.0108578271090582
l 3353 3354
v -0.068226924757376101 0.65190707819902871 1.0353179637010197
v -0.069759675641641233 0.65640056950604941 1.0360354718153377
l 3355 3356
v -0.40311248434543256 0.62636913910598024 0.87130726072179432
v -0.40037225352764483 0.62646923407822386 0.87263988760126476
l 3357 3358
v 0.50239737516454352 0.52804709314316833 -0.46228027020470264
v 0.50161914342829095 0.52561174989729798 -0.45877707327826855
l 3359 3360
v 0.59119047245942269 -0.010595435176238219 -0.35944070893407515
v 0.59265111365355339 -0.021857606347456773 -0.3440918080222542
l 3361 3362
v 0.49868504225756038 -0.069418550919274361 0.34379148476827415
v 0.50212355435346256 -0.069355948377867668 0.34407347447168557
l 3363 3364
v -0.074928057500219358 0.56644525500809884 -0.35728619643555909
v -0.068114357880258547 0.56681797531569267 -0.35729702166212768
l 3365 3366
v -0.12892001463551814 0.56303011400690439 -0.35756831094442421
v -0.12327477739672367 0.56355179326543448 -0.35759211853326744
l 3367 3368
v -0.52046399878432403 0.51182594325104103 0.1311505231714665
v -0.52043575478623261 0.51288065884551659 0.13646196390624651
l 3369 3370
v -0.52323813566408406 0.50949993330483845 0.097597046786824446
v -0.52353398671903362 0.50991520684713909 0.10052587181898
l 3371 3372
v 0.61599242736434301 -0.098482040283311589 -0.37747546415104
v 0.61674022625351588 -0.10235667455471636 -0.37319812793956669
l 3373 3374
v 0.21239398186735833 0.53952734361803467 -0.35866580003338017
v 0.21530576283402716 0.53890497793042724 -0.35860928303165279
l 3375 3376
v 0.59974740699840656 -0.076483965736733661 -0.19807897038285402
v 0.59823836131976971 -0.068383081930769696 -0.19553028516943785
l 3377 3378
v 0.61438880629406489 -0.42640032583028525 -0.38067648924032982
v 0.61358095936908208 -0.42720977253168374 -0.37125446283181374
l 3379 3380
v 0.61373448507318373 -0.186789418226814 -0.21441275595677703
v 0.61273860795965318 -0.17711398505535153 -0.20896767855631501
l 3381 3382
v -0.3270019672481892 0.52897840581479294 -0.35874681796524505
v -0.32399549264026906 0.52951640047487991 -0.35867650185134431
l 3383 3384
v 0.052052322649273723 0.56444604806543308 -0.36001884700681286
v 0.053706403947558552 0.56423406191228909 -0.35998469827745838
l 3385 3386
v 0.47231978965484361 0.48206321492355075 -0.18444553353017709
v 0.47223650621689101 0.48008944496948514 -0.17969441078477957
l 3387 3388
v 0.54799101177405751 0.0013247406570427115 0.33096333587606996
v 0.54781320270348155 0.0054687066474743192 0.3314532414631024
l 3389 3390
v 0.59225827010788812 -0.10099519501618512 -0.068815972797270336
v 0.59204465595564948 -0.10025157321997516 -0.066740367420319996
l 3391 3392
v 0.59540965622879705 -0.10684210043172829 -0.086480645036989601
v 0.59446618491195002 -0.10542169232149132 -0.082266586327260582
l 3393 3394
v 0.54792876601142737 0.081977691034844397 -0.37031033961570414
v 0.54436401963310388 0.097911302466818811 -0.36790290148460714
l 3395 3396
v 0.59524635844695661 -0.47332608045944197 -0.9161141228371017
v 0.60509522385132219 -0.47479099689117449 -0.90630420926281285
l 3397 3398
v -0.50985770380494078 0.5892058544506108 0.49493847381576761
v -0.5097687944174103 0.59041071602210649 0.50140633094802634
l 3399 3400
v 0.49263063651539413 0.46068283125320664 -0.28837432922837025
v 0.48968502300761613 0.45304016069015274 -0.26920465169432872
l 3401 3402
v -0.12677913814525849 0.65205192434042147 1.0094833372704108
v -0.12767362684268707 0.6533557189777548 1.0098717213996331
l 3403 3404
v 0.61949136489195811 -0.20004407351611145 -0.33991258620288722
v 0.61912224060730947 -0.18372320348622315 -0.33853847504589207
l 3405 3406
v 0.1785834500733241 0.54763061684407643 -0.35987285912103822
v 0.18167518878547106 0.54701357203684398 -0.35987438619069884
l 3407 3408
v -0.14755814079380544 0.56116977231441301 -0.35805033125256114
v -0.13681377168559519 0.56238374216617781 -0.35799194894458242
l 3409 3410
v 0.55092947788361535 0.029466309687671381 0.3035411490702023
v 0.55057508640166297 0.029646611669483465 0.30718240601784091
l 3411 3412
v 0.61440066956690631 -0.10194144332846065 -0.36059405055450455
v 0.61312826014348187 -0.10201717233220677 -0.35696135315490707
l 3413 3414
v 0.47170884805938229 0.5083573880655744 -0.60817612531388687
v 0.47526054185608402 0.50686492295432306 -0.60398338911329819
l 3415 3416
v 0.55495635131015109 0.093080317845857449 -0.39101947440000373
v 0.54668125054226591 0.11848738206335276 -0.38934098588136834
l 3417 3418
v 0.56374615798925354 0.081319275069011002 -0.36717947000744888
v 0.56175368656183289 0.090225172472225876 -0.36583386188265732
l 3419 3420
v -0.51539457337586247 0.53264125354219438 0.24205103241209144
v -0.514722699954826 0.53478435509275435 0.24002743042703514
l 3421 3422
v 0.58485965735982681 -0.096122217867819992 -0.0065384665067020819
v 0.58623261444498276 -0.093408244158776077 -0.0077363355522330835
l 3423 3424
v -0.25286307251007933 0.64397118251034902 0.95216592009556023
v -0.25173882329909425 0.64399065811922862 0.952782910508993
l 3425 3426
v -0.055510618740449921 0.65149425231309477 1.036504707265361
v -0.054357259517778381 0.65259147919325289 1.0375697994942825
l 3427 3428
v 0.4712752158857263 0.47772159018305194 -0.16689655964008041
v 0.47080981180897585 0.47669295630666364 -0.15951811488041215
l 3429 3430
v 0.47735292258126472 0.50030441427757977 -0.61894237291537146
v 0.47837173400061395 0.50275235032508137 -0.61274409997738977
l 3431 3432
v 0.49569510506913539 0.25894517185177629 -0.34571577232700001
v 0.49237317753508214 0.27109562871966536 -0.3422855623402058
l 3433 3434
v -0.48410340508117222 0.64377965727310871 0.78902645130261673
v -0.48237619439468837 0.64416084489363934 0.79088489990130173
l 3435 3436
v -0.52770781209621664 0.51163805431400688 0.12542701971685954
v -0.52768063852634195 0.51206528240169136 0.12833325850808552
l 3437 3438
v -0.52374068030800924 0.51077486828999574 0.1044820126805979
v -0.52383968105826273 0.5109138314322943 0.10546208650725306
l 3439 3440
v 0.45775554013739228 0.52307905302469937 -0.62054359063577846
v 0.45726593899239898 0.52535901917989047 -0.61838210478353306
l 3441 3442
v 0.48603042584605605 0.44943930913693436 -0.26260217479155401
v 0.48365465182118028 0.44903145025485031 -0.25228784033372065
l 3443 3444
v -0.1487270534622962 0.65870148074186485 1.0042709259416536
v -0.14680803412315302 0.65898483860933144 1.0059457870100066
l 3445 3446
v 0.28864786975490325 0.52583928421804282 -0.35884770281854067
v 0.29338904268635041 0.52519325896433022 -0.3592222677892169
l 3447 3448
v -0.092611715048858664 0.65590127179289925 1.0252894176630312
v -0.087479144483497598 0.65543369582032096 1.0304075466008848
l 3449 3450
v 0.61160581933685298 -0.12389122938030621 -0.31334195371066198
v 0.60946697367004399 -0.11518307531959156 -0.29639657501782313
l 3451 3452
v -0.21573284871008511 0.64376846289545742 0.96679304143672951
v -0.21234970682237034 0.64446779751866612 0.96834029653781883
l 3453 3454
v 0.61918701861227499 -0.13497357878468397 -0.33851749975461232
v 0.61813531186257853 -0.13170517173030016 -0.33805810134630931
l 3455 3456
v 0.48494567782948483 -0.025732548390976055 0.32990155506967883
v 0.48468432514597903 -0.021762731070169346 0.33014448594213147
l 3457 3458
v -0.1526314213328013 0.65364262589624444 0.99741794071814549
v -0.150498937124764 0.65423527232000311 0.99978493251183498
l 3459 3460
v 0.068933711464011685 0.56263070681192517 -0.35959763143162732
v 0.072410567586815341 0.56218511483571887 -0.35952585127253528
l 3461 3462
v -0.074736799850819241 0.6615127141964493 1.0342692758678076
v -0.073959682330729831 0.66152014179109953 1.0347369287372949
l 3463 3464
v -0.5632738110791774 0.50320672021914359 -0.40061662512892288
v -0.56149718787559555 0.50565768255185251 -0.40226479452973801
l 3465 3466
v -0.051604693990910895 0.66914333365437317 1.0394260180426196
v -0.045574793356691949 0.67119000889781189 1.0410307156609937
l 3467 3468
v -0.53132280474207949 0.53789528138913589 -0.54053429697088873
v -0.52797666425206113 0.53973237745485825 -0.54060002233453119
l 3469 3470
v -0.040574184604470598 0.6529305506839348 1.0448922446849844
v -0.039861501208956374 0.655915088544886 1.0458591648456552
l 3471 3472
v -0.50481819837717767 0.62929365422551597 0.71433106027152349
v -0.50361204416127447 0.62994876120264565 0.71875533499214839
l 3473 3474
v 0.52257342350021319 0.20075906526846096 -0.32176734948209301
v 0.51065843093856855 0.24039359677034214 -0.31275479054399952
l 3475 3476
v 0.53713236406965803 0.14429425116411393 -0.36514615525355659
v 0.52668561383561541 0.16913149837621505 -0.36491936932453789
l 3477 3478
v 0.12936025204437923 0.64963645490266608 0.98087880494485835
v 0.13294009027701664 0.65051751581571771 0.98099055407156011
l 3479 3480
v 0.28212085079206495 0.63595686243755922 0.90346511459628309
v 0.29471615243898364 0.63553323460833921 0.89741221809109484
l 3481 3482
v 0.38070863080527961 0.62784550862638067 0.85252937112148675
v 0.38224393534157097 0.62765433115633418 0.85102013315860359
l 3483 3484
v 0.58793186153624721 -0.091170750328769812 -0.032326278418425933
v 0.5872562030389481 -0.090146161845455042 -0.029398555725689512
l 3485 3486
v 0.59349743376761155 -0.078891444247997447 -0.051003620291999251
v 0.59151562203378005 -0.075450044828616933 -0.039327710603424638
l 3487 3488
v 0.20961643947057254 0.54055305242425267 -0.35833208091211016
v 0.21252314554758542 0.53990749597662624 -0.35827447645712202
l 3489 3490
v 0.54778177035949571 -0.0096868394090048587 0.32669935089762381
v 0.54718940960266249 -0.0038601573409326761 0.32618948357884714
l 3491 3492
v -0.11618130224733057 0.5639950117286614 -0.35981653424303883
v -0.11345597785921392 0.5642095723930427 -0.35986121205289012
l 3493 3494
v -0.48658179687938458 0.63624898715198719 0.78617713428798452
v -0.48473138165989155 0.63844819741069592 0.78807797454532846
l 3495 3496
v 0.61283347259110299 -0.11338047908048368 -0.35521734607395444
v 0.61292770256453666 -0.11671827508707308 -0.35123162615123477
l 3497 3498
v 0.49715773150884274 0.53601480830721515 -0.43648916923745212
v 0.49926962568796512 0.53351246010251385 -0.43209677493826809
l 3499 3500
v 0.019891242161579892 0.64659114062709899 1.0284943932889115
v 0.019119509830884174 0.64809434235172181 1.0302116518618454
l 3501 3502
v -0.05677462085783299 0.64747011281418354 1.0365491920679879
v -0.054318021091820635 0.64980614565444439 1.0371071285039115
l 3503 3504
v -0.5547163312036294 0.50293998927552797 -0.38253098430806554
v -0.55349435166532812 0.50220544128935241 -0.37832796869104945
l 3505 3506
v 0.074347342532336491 0.65768122274633634 1.0152967111140887
v 0.075884912926495296 0.65764427583459628 1.0149998529880842
l 3507 3508
v 0.48414772757958574 0.0028918490533485003 0.33528442425792482
v 0.482491850762852 0.015757261517201464 0.33907614903385375
l 3509 3510
v 0.4010139864056167 0.622429797143361 0.83507983432195265
v 0.4038256246478501 0.62294893553791342 0.83265609993555467
l 3511 3512
v 0.51392024758220456 0.48381320587968007 -0.40919699156946238
v 0.51203018424152591 0.48192091830397471 -0.40477417027288382
l 3513 3514
v 0.098954720607636576 0.65009855455022059 0.98965045638445659
v 0.10190214384472548 0.64939428144831457 0.9868343191587563
l 3515 3516
v 0.49168795920074909 -0.069220001800803219 0.33941807236143684
v 0.49397134208022625 -0.069337417380066838 0.3407898357920971
l 3517 3518
v 0.49995330844087088 0.5435310747476132 -0.47336185841521994
v 0.50177606072264225 0.54267500378174471 -0.47005378336944803
l 3519 3520
v 0.024882913920761144 0.56633575272129999 -0.359910460549837
v 0.027676100489019358 0.56624822307063116 -0.35986724273538029
l 3521 3522
v 0.011960992816261251 0.66182250382289343 1.0396810558404199
v 0.013849878457017939 0.66238039134159632 1.0383979293738135
l 3523 3524
v -0.47261156781359803 0.64807447785703809 0.80364075834565174
v -0.47080717341259826 0.64823344355256884 0.8069846278924464
l 3525 3526
v 0.54605213703100786 0.12158589158726263 -0.37500931679934341
v 0.53677161632592574 0.14538235868739557 -0.37467203676968736
l 3527 3528
v -0.52655712335533289 0.51745218049771435 0.13582711535970907
v -0.52642294199043127 0.51802629221194141 0.13999388497789164
l 3529 3530
v 0.49687107406697051 0.53587479675879246 -0.44232254831310036
v 0.49769077695765718 0.53524975692162746 -0.43694180639271019
l 3531 3532
v -0.50150599312287847 0.62770088433739268 0.70522812269422674
v -0.50072941947477778 0.62879804850104726 0.70995184518602228
l 3533 3534
v -0.48203428485898381 0.63986278241614647 0.78360453081325188
v -0.4809151699254095 0.63970231348534279 0.78518590497776375
l 3535 3536
v 0.59531255819865292 -0.074604689868253832 -0.17634690198378383
v 0.59532705686024601 -0.070853620974260206 -0.17878740635438145
l 3537 3538
v -0.20473407176382377 0.55379156834462107 -0.36122292273206091
v -0.2038537416135566 0.55394680731913626 -0.36123132712679529
l 3539 3540
v 0.0042983903301543457 0.65887401746110885 1.0409350084822784
v 0.0088816411109977501 0.65985133005781205 1.040057213349997
l 3541 3542
v -0.5112255430726077 0.60761989682370154 0.64615105571393672
v -0.51113561625203829 0.60797570616549523 0.6486741405522376
l 3543 3544
v -0.42009629155680966 0.62226576395785271 0.86300151442000816
v -0.41929523800327945 0.62239330224240363 0.86354989911606361
l 3545 3546
v -0.52358617876168778 0.52332848095642137 0.18398000250190974
v -0.52348349000814864 0.52354628062499953 0.1848659967389655
l 3547 3548
v -0.30352651772204325 0.63666956699523158 0.92308870776702479
v -0.30155217948254659 0.63687486373749547 0.92447074428985998
l 3549 3550
v 0.46567947296186313 0.53721757939874115 -0.57257412266815255
v 0.467666917762319 0.53634826132238922 -0.56982578444396903
l 3551 3552
v -0.50390305305529681 0.58792803128267046 0.48938484763316298
v -0.5038047811884776 0.58925976912473921 0.49653379345723009
l 3553 3554
v -0.51559088626986238 0.53656761541401699 0.22439296944703602
v -0.51501895984524992 0.53721065626109288 0.22946516768370129
l 3555 3556
v -0.52440322334802181 0.53836873518008965 -0.57700537040365218
v -0.52484726016485661 0.54011854185085517 -0.57176984951364518
l 3557 3558
v -0.5226916206761385 0.50737633902078083 0.099604449266473036
v -0.52298747173108806 0.50779161256308147 0.10253327429862859
l 3559 3560
v -0.5086893119694853 0.61229456687662842 0.63397878314622402
v -0.5085681400416231 0.61277400230672119 0.63737851475111484
l 3561 3562
v 0.12576426045632896 0.65181717520158744 0.98192827973837482
v 0.12970181329512062 0.65221908444959664 0.98138220037942303
l 3563 3564
v 0.49591119524706745 0.54330736935816015 -0.4752051009802773
v 0.49783848288785076 0.54240220248021875 -0.47170730689478374
l 3565 3566
v -0.10719975196757894 0.66101813843061219 1.0294456584925527
v -0.10371854043564219 0.6622606463212799 1.0294589893345958
l 3567 3568
v -0.53097844239628622 0.55141823648362109 -0.48054082601165932
v -0.53264355543696573 0.55143053175063184 -0.47472928554916222
l 3569 3570
v 0.11023869561507682 0.64867271880564359 0.98414214050297288
v 0.11188692403481026 0.6488715221458945 0.98399357402797194
l 3571 3572
v 0.59374783128646202 -0.098159624180389066 -0.023393642827177822
v 0.59172918706986122 -0.094311924734520297 -0.017397775576209248
l 3573 3574
v -0.26788569009968799 0.64134181646012456 0.94473423715405425
v -0.26297360145380932 0.64206134172774165 0.94738838915057222
l 3575 3576
v -0.4111313712008911 0.62413986746872685 0.86982175948199858
v -0.40794838553586427 0.62434450562392452 0.87155607102337251
l 3577 3578
v 0.55274820229960098 0.030634248290400498 0.29609129890600178
v 0.55221331217336045 0.030864073302407272 0.30113877788385418
l 3579 3580
v -0.13345130665982949 0.66189088604905744 1.0156332963318921
v -0.13131005183969749 0.66142354228041034 1.0158956534056567
l 3581 3582
v 0.24498786175043907 0.53289629928606108 -0.35809026956137852
v 0.25020946419446144 0.53190217502576753 -0.35809255838814541
l 3583 3584
v 0.47150312991846421 0.48626298850935062 -0.16914962963541527
v 0.47131694225560805 0.48514251762468258 -0.16430098577062111
l 3585 3586
v -0.16182280805095828 0.65507910334363406 0.98896550912142511
v -0.15831093761936033 0.65560653126940305 0.99152529459714178
l 3587 3588
v 0.49437362918480843 0.48099807539875605 -0.33048683609334401
v 0.4934001468695739 0.48410769661967656 -0.33071297202738353
l 3589 3590
v 0.49711033520124354 0.49159658977993137 -0.3782031891580685
v 0.4955556708870133 0.4901491301297366 -0.37377699635065953
l 3591 3592
v 0.27684991879717774 0.52603978006634289 -0.35699637753939234
v 0.27808559612973266 0.52586597116198963 -0.35704205410504736
l 3593 3594
v 0.054110925473478885 0.56586465833734367 -0.35781207638416807
v 0.057130795143338589 0.56547763349462654 -0.35774973077144107
l 3595 3596
v 0.60869053526676209 -0.37823313753969279 -0.32521512437661104
v 0.60836979226314514 -0.37310647685163412 -0.32359007667700834
l 3597 3598
v 0.49365402172900746 0.49914338399786129 -0.58571861487195587
v 0.49590705920360972 0.50036517570596561 -0.57831289071276093
l 3599 3600
v -0.55403777377368324 0.49974401598851492 -0.37916388351185182
v -0.55282262547253258 0.49985603684504221 -0.37489668291347167
l 3601 3602
v 0.61373284000628026 -0.42305146447884767 -0.34953792180548299
v 0.61305222373731105 -0.42254478939307005 -0.3431716433571757
l 3603 3604
v -0.040643973075190618 0.65510438331200527 1.040933379409229
v -0.041718775607308314 0.65973152271674229 1.0415229709173091
l 3605 3606
v 0.6194546792122847 -0.15597329622279166 -0.33899463676552194
v 0.61926371125249802 -0.15252252334584238 -0.34115009046455008
l 3607 3608
v 0.60321253355434945 -0.060883141431964057 -0.23000654471057441
v 0.60084492150851676 -0.054612309362732751 -0.22063163030010674
l 3609 3610
v 0.60050887122178709 -0.048975288091528464 -0.34423471083150448
v 0.59832018361067141 -0.045552492918145608 -0.33286046395792424
l 3611 3612
v -8.3660253940590935e-05 0.65380947363329256 1.0375812124060932
v 0.0040430408098385421 0.65491159188794767 1.0383627344322857
l 3613 3614
v -0.52258114745880824 0.51905923861630876 0.15896510166485975
v -0.52242047855590124 0.51993948441378157 0.1638322861735039
l 3615 3616
v 0.46143538084316466 0.52730750530118231 -0.5995411460750939
v 0.46226864728641298 0.52879429371004816 -0.59465150185886606
l 3617 3618
v 0.4849691131752184 0.33551033025861793 -0.30423044614875511
v 0.48396953552549571 0.34511498922227807 -0.30050302095329567
l 3619 3620
v -0.51514358592299869 0.53796780312158066 0.22952957126928961
v -0.51502029823990414 0.53783619201086563 0.23440669801400507
l 3621 3622
v -0.50794609555401782 0.59966081729719822 0.57316508845068381
v -0.50794903269610425 0.5999577606599551 0.57484599992059304
l 3623 3624
v -0.52163526234410795 0.52505964429050955 0.18629304761054705
v -0.52132287802912203 0.5257222017559382 0.1889882863127928
l 3625 3626
v 0.62188331371538841 -0.48691996814600819 -0.92479704753652958
v 0.62788756603009499 -0.48936280725606091 -0.91878522499307247
l 3627 3628
v -0.50444598462295887 0.55109131961688285 0.32539725188032537
v -0.50428538058089856 0.55221545070782418 0.33227580901368708
l 3629 3630
v 0.019397828308834034 0.65089104634937467 1.0265245471041744
v 0.018837634893165631 0.65256680982890902 1.0291213955838139
l 3631 3632
v -0.52656803317306777 0.51325390173465824 0.13788425601095441
v -0.52631249241592148 0.51394667790859128 0.14256981336503741
l 3633 3634
v 0.59060616909779762 -0.14160054364421049 -0.024388109547809213
v 0.59044711173258568 -0.14199713430188021 -0.023954163091465384
l 3635 3636
v 0.59595487481459619 -0.091891720781725986 -0.16326730138640713
v 0.5959224902977085 -0.086725458612042325 -0.16803227179665256
l 3637 3638
v 0.22282849665265861 0.53720862280743886 -0.3577795046233474
v 0.22581971768755135 0.53656595337969493 -0.35771804872519386
l 3639 3640
v -0.14812978497514148 0.66106177524437004 1.0084755204469593
v -0.14592478283873181 0.66011618419776863 1.0090697027891247
l 3641 3642
v -0.1046306895229091 0.56522029833659904 -0.36012006050292023
v -0.099889834025217117 0.56559353871479257 -0.36019778007325165
l 3643 3644
v -0.47871749132813313 0.63986617087781339 0.79032929958445042
v -0.47637374669371746 0.64038342476427645 0.79285112796681911
l 3645 3646
v 0.61273715728540812 -0.11181094038799247 -0.36095062399383071
v 0.61289431816320028 -0.11393494617626229 -0.3583576331091356
l 3647 3648
v 0.47795067333668606 -0.027460353021461263 0.32473394845548442
v 0.47750540471583469 -0.020696944053333506 0.32514783169206807
l 3649 3650
v 0.10186296520316111 0.65223222043733375 0.9875340651797514
v 0.1049371975890447 0.6513577196337722 0.9849076080990572
l 3651 3652
v 0.045697083139500119 0.6622925961469962 1.0287559261652546
v 0.047907861506858371 0.66194951887375575 1.0281665095952435
l 3653 3654
v -0.50151007819434001 0.55421224967878213 0.33991301283796882
v -0.50148529362420247 0.55495008094865927 0.34355646147767449
l 3655 3656
v -0.50884722593192888 0.60675561241448583 0.65380723781249972
v -0.50841797468300032 0.60780799575506983 0.66179995231964139
l 3657 3658
v -0.3457033800394505 0.52491321012812464 -0.36058493586706442
v -0.34316550023246112 0.52519629552525671 -0.36034564045739848
l 3659 3660
v -0.26110728144591155 0.54268783948119581 -0.3591230350933885
v -0.25909767985398469 0.5430827675134331 -0.35917820153609759
l 3661 3662
v 0.2516739591356783 0.53072946488870054 -0.35763412216878498
v 0.26026330149206828 0.52909416735159487 -0.3576378872039262
l 3663 3664
v 0.50277510713640561 0.46624017147520497 -0.39646497425130317
v 0.50126358438428531 0.46316432567140148 -0.38981410804697564
l 3665 3666
v -0.02320911444702508 0.65804759086648534 1.0444636142443569
v -0.023093509599777441 0.65863236366232325 1.0445344650555699
l 3667 3668
v -0.12063892925675873 0.65971116560292975 1.0175192352744153
v -0.11571345483366485 0.6607307956855224 1.0203807357338854
l 3669 3670
v -0.54949656479977504 0.53094188204438986 -0.53118048351596237
v -0.55175801760531529 0.52876468667356669 -0.52816809970547318
l 3671 3672
v -0.31845644998550249 0.64101806510813708 0.91266800593790898
v -0.31396748733520674 0.64177128444783216 0.91592155266347042
l 3673 3674
v 0.49693687643560697 0.51396400950756849 -0.52637871234358058
v 0.49516276631799411 0.51718323208483874 -0.5287171986824204
l 3675 3676
v 0.6156044739935671 -0.13455018220130069 -0.33604786932219671
v 0.61526005084774149 -0.13202554168518918 -0.33802082002411676
l 3677 3678
v 0.54016682748984246 0.17723880856519331 0.35021169068588037
v 0.5400201355915174 0.18271411807054888 0.34840523121582251
l 3679 3680
v 0.02224883397184765 0.65131976917360457 1.0318650431286132
v 0.02197142730392063 0.65334782287504045 1.0330289178241456
l 3681 3682
v 0.49346059782089075 0.51809906858105315 -0.54015258036471347
v 0.49359619396148841 0.51810765367846834 -0.53961524285458584
l 3683 3684
v 0.60875751859875893 -0.3390589895302546 -0.32445657059359873
v 0.60895226114062095 -0.32820743894035698 -0.3248806615192858
l 3685 3686
v -0.50497903303995084 0.55401734814777903 0.33322503889771332
v -0.50495205445394564 0.55482049479350515 0.33719101821211944
l 3687 3688
v 0.49505617267712609 0.5072808418613971 -0.57713201656493107
v 0.49546418540850623 0.50813172718462341 -0.57356140003052791
l 3689 3690
v 0.48381590644491212 0.3369934977648858 -0.31368173570438923
v 0.48341387709009154 0.34708018883484565 -0.31139277010158001
l 3691 3692
v 0.57874483753354011 0.10075344621427522 -0.34855318549180603
v 0.57068782161562981 0.12503364206068052 -0.35256647583937073
l 3693 3694
v 0.0080787704629412625 0.65271629863319924 1.0380744449903523
v 0.01115090611152735 0.65455220169486472 1.0376205928514446
l 3695 3696
v 0.048189272119741396 0.66097235710850311 1.028188422645657
v 0.051200280950326964 0.66062903373011994 1.0268381085738254
l 3697 3698
v -0.52741119364544431 0.54659435091155706 -0.54904608213367689
v -0.52528145810321292 0.54764750661712946 -0.55104644811687242
l 3699 3700
v 0.14042029853746191 0.65168012901230099 0.98028916035220726
v 0.14157127265051112 0.6517084665687537 0.97995716418697731
l 3701 3702
v -0.50946155937963034 0.58782873770375799 0.50228288958862966
v -0.50945993510431742 0.58868851044992854 0.50683173348113353
l 3703 3704
v 0.058507904966163655 0.56528808773170069 -0.3577761140245001
v 0.059966727535438517 0.56510112583031102 -0.35774599643768862
l 3705 3706
v -0.52601996137455487 0.5127241502499793 0.10247440391452851
v -0.52634915636226154 0.5131862272524621 0.10573332256404815
l 3707 3708
v -0.51112527135280883 0.60910505933985915 0.64823078991406258
v -0.51103597399326051 0.60945837812199388 0.65073621390826408
l 3709 3710
v 0.4601988076947563 0.049757360736970867 0.33289447313585907
v 0.4589824199892647 0.053787217219228779 0.33359381669720978
l 3711 3712
v 0.5982911544536289 -0.10240398886201674 -0.17819245928765079
v 0.59765041296733057 -0.10322515127660936 -0.1727027965164111
l 3713 3714
v 0.132299628701738 0.65319609383362087 0.98187756434399054
v 0.13314706400341642 0.65337264796478001 0.98182678326648309
l 3715 3716
v 0.49761057112197493 0.54207591851309633 -0.46589913192952642
v 0.49927466895599748 0.53943915526314878 -0.46323350843225947
l 3717 3718
v 0.051342661357499708 0.66589819934737937 1.0305632687399882
v 0.055829790555857073 0.66576040241348489 1.0275953673531515
l 3719 3720
v -0.50792767853554466 0.61087538156981658 0.63775058066681756
v -0.50786242633048317 0.61113356198792268 0.63958136761351692
l 3721 3722
v -0.52296005773933463 0.51978384365194974 0.17014092653646457
v -0.52259791802970834 0.52055193076974215 0.17326545268640531
l 3723 3724
v 0.47887971502364424 -0.044363709455402418 0.3282625791598508
v 0.47953317064224932 -0.040089485878078417 0.32840447453964261
l 3725 3726
v 0.10457772093723698 0.64794061772709444 0.98760269283264024
v 0.106885879459873 0.64744140513057158 0.98571874500305312
l 3727 3728
v 0.071997643525207058 0.56386243679620862 -0.35841975424389844
v 0.075474499648010715 0.56341684482000232 -0.3583479740848064
l 3729 3730
v 0.55271619720911225 -0.021652263512718185 0.29059455139549162
v 0.55230551795507232 -0.019790123293293015 0.29600980537025545
l 3731 3732
v 0.22502872760873618 0.53583747755902578 -0.35615372833245384
v 0.22801994864362893 0.53519480813128184 -0.35609227243430031
l 3733 3734
v 0.46400843286330001 0.48661099829008725 -0.64899718407977602
v 0.46525545692628129 0.48871297679612491 -0.64260018225323179
l 3735 3736
v -0.49562174164725309 0.63433907753022267 0.74451293151867959
v -0.49392938530968661 0.63493611091582225 0.75297640163409141
l 3737 3738
v 0.47196068926809925 0.48615037985077802 -0.64509570759354418
v 0.47214404181481701 0.48645943813094195 -0.64415514308394606
l 3739 3740
v 0.48815751699436866 0.50108553548253942 -0.59684489012623709
v 0.49116652580271997 0.50053940634332728 -0.59328987359141427
l 3741 3742
v 0.51419064911510692 0.19819935805605893 -0.3621170023898061
v 0.51163199035022511 0.20593560092640872 -0.36053394279680889
l 3743 3744
v 0.61202696314859539 -0.13590497234041027 -0.32332095206971878
v 0.61146148690175861 -0.12848963877981373 -0.32840088306669479
l 3745 3746
v 0.00236512784638316 0.64929225775873578 1.0371411762985916
v 0.0075391654970416375 0.64985189106786334 1.0379892863478928
l 3747 3748
v 0.39216215382448361 0.49244156951217299 -0.82153058270855961
v 0.39144050110944584 0.49169978028030747 -0.81786465426043453
l 3749 3750
v -0.27783985717945486 0.53913232272856249 -0.35754231913540196
v -0.27185038940257639 0.54029623085267531 -0.35758401648547816
l 3751 3752
v -0.3239457755145832 0.63572273677736479 0.90618030053909593
v -0.32037542771722832 0.63640834861844819 0.9088269092387361
l 3753 3754
v 0.61128556065238948 -0.40184970623860172 -0.33343861960156834
v 0.60993290610633855 -0.3848362373649139 -0.32619567252413356
l 3755 3756
v 0.61053456010576068 -0.1010906246918319 -0.30791510418392087
v 0.60950778780225934 -0.10193827771962898 -0.28878973647617434
l 3757 3758
v 0.49953139854728601 0.26447647894575776 -0.31472856130151916
v 0.49427454637230017 0.29960817014024077 -0.31064456377477478
l 3759 3760
v 0.48878580672862698 0.28332422054859119 -0.36358259858267783
v 0.48625170843479465 0.30025967084316296 -0.36161388216835977
l 3761 3762
v 0.11339148408921626 0.64686754675089975 0.98330861730533869
v 0.11871491842714879 0.64722022085011344 0.98229115800899236
l 3763 3764
v -0.27177806639595842 0.5403279704535745 -0.35918756623671133
v -0.26638219809607649 0.54137652688376681 -0.35922513107850473
l 3765 3766
v 0.062120823379752117 0.566075099977559 -0.35907600210070528
v 0.064965473297837306 0.56571053120225057 -0.35901727392315946
l 3767 3768
v 0.12074584823309047 0.64539712890536904 0.98290109566043971
v 0.12768412072004218 0.64649361148922324 0.98210573264766576
l 3769 3770
v 0.27073765559631996 0.52752754905391119 -0.35743746906068574
v 0.27491801218550987 0.5268540599091015 -0.35753258318159331
l 3771 3772
v 0.59613887784488884 -0.084161676292779 -0.17232506421618518
v 0.59586699488155159 -0.078644164080260245 -0.17459405514187756
l 3773 3774
v 0.56004648566515824 0.084557077013200047 -0.35438457025315034
v 0.55922824978558638 0.088214406646544216 -0.35383197771285307
l 3775 3776
v 0.48722510337543956 0.50242731208040692 -0.59181505501869569
v 0.49048562050151356 0.50283673172757648 -0.58653420149680724
l 3777 3778
v 0.47084697698300065 0.48582054326998481 -0.18563779664024391
v 0.47080800319964705 0.48489688684476129 -0.18341443467155419
l 3779 3780
v 0.48846575958850552 0.28817711151691394 -0.34704615415709494
v 0.48593166129467319 0.30511256181148572 -0.34507743774277688
l 3781 3782
v -0.52388268884798783 0.50962465591274742 0.10458968688093907
v -0.52397101941922408 0.5097486417785978 0.10546412955678218
l 3783 3784
v -0.11243608100789104 0.66319874570974979 1.0263488669328387
v -0.11044292645079579 0.66261812402596798 1.0270194630689924
l 3785 3786
v 0.38676036321733137 0.51059803132961989 -0.50888186023016058
v 0.38681166446592669 0.51177945966769456 -0.5054120488427154
l 3787 3788
v -0.40744626619225316 0.51882495709354037 -0.36694408749463991
v -0.40532445810431666 0.51881144217556363 -0.36566131020662351
l 3789 3790
v 0.47125076814650196 0.48622297830811445 -0.64580601614533251
v 0.47143412069321972 0.48653203658827837 -0.64486545163573439
l 3791 3792
v 0.060492695083281728 0.56399179318784765 -0.35904273667187819
v 0.062545693705418376 0.56372868200899073 -0.35900035224108567
l 3793 3794
v 0.56016360879214189 0.085088430069630863 -0.35813355339791048
v 0.55934537291257003 0.088745759702975033 -0.35758096085761321
l 3795 3796
v 0.61430069679250798 -0.26484958068333458 -0.21688915496095829
v 0.61529103046426692 -0.25688984259165931 -0.21947439307943173
l 3797 3798
v 0.54743681460464488 -0.014680218160320063 0.29242240641784312
v 0.54709555596267689 -0.013132851362060766 0.29692227389145254
l 3799 3800
v 0.58727599935353825 -0.13566372215809611 -0.016832908911835802
v 0.58420012636362484 -0.13316469967303488 -0.012842612044680464
l 3801 3802
v 0.55302306270333801 -0.027001760253349411 0.29444608520469312
v 0.55253938579824891 -0.024808627268632782 0.30082389284172412
l 3803 3804
v -0.52205127824484121 0.50790600687459431 0.10370603222622085
v -0.52228909384073008 0.50823981851145306 0.10606032591090989
l 3805 3806
v 0.086668551404721711 0.65997867260783161 1.0097714807257159
v 0.0891783084080148 0.65897472228199994 1.0076597784295576
l 3807 3808
v 0.1090519892842392 0.64771954197672066 0.98401252983230969
v 0.11062484804085693 0.6476609311601812 0.98346395732741931
l 3809 3810
v 0.60167487847181444 -0.18993893598740322 -0.049583793434373337
v 0.59961155665544386 -0.17153638268286961 -0.038321591165789169
l 3811 3812
v 0.4995415018040662 0.46642251107453392 -0.3803961394528797
v 0.4993293478053088 0.46755640414000466 -0.3790260435839245
l 3813 3814
v 0.18252173478212838 0.54570482787698993 -0.35640321738827513
v 0.18354478066358085 0.54550064983754865 -0.35640372269046022
l 3815 3816
v 0.5102965584626411 0.20410160369681363 -0.35776937999524433
v 0.50773789969775929 0.21183784656716342 -0.35618632040224713
l 3817 3818
v -0.10439789622881264 0.65867177902830953 1.0260989672060596
v -0.10207406848809868 0.65806658805237894 1.0247139924649609
l 3819 3820
v -0.50809584440750744 0.61078173559949789 0.62716201691775619
v -0.50816346822219227 0.61200421410753336 0.63284286112637222
l 3821 3822
v -0.11921437694363642 0.66485435654779956 1.0241575303463055
v -0.11523360894389105 0.66421704600194409 1.0261692938419269
l 3823 3824
v 0.059410315562772771 0.56415804327140406 -0.35750652221618101
v 0.060869138132047633 0.56397108137001439 -0.35747640462936953
l 3825 3826
v 0.46134876010640791 0.046155075798873867 0.33091720825472504
v 0.46013237240091631 0.050184932281131779 0.33161655181607574
l 3827 3828
v 0.0832208742592285 0.66046856171123525 1.0102306532726568
v 0.0859494457747986 0.65913070910938243 1.0086397004260736
l 3829 3830
v 0.59622707552754606 -0.20269924822807234 -0.056551390772529624
v 0.59569427781260287 -0.20062440213203508 -0.05417131494932554
l 3831 3832
v -0.51013090991029586 0.58542810863121075 0.49059777228108326
v -0.51012072182645951 0.58556617313758808 0.49133892091044507
l 3833 3834
v 0.47275956733879732 0.48831404430554898 -0.20274017655541096
v 0.47211901084723784 0.4889087559492728 -0.19587420022796001
l 3835 3836
v 0.59725859024592465 -0.076721049638551836 -0.17977629992441951
v 0.59727308890751774 -0.07296998074455821 -0.18221680429501713
l 3837 3838
v -0.50863250346001365 0.61180765781874846 0.63918472802475823
v -0.50856725125495217 0.61206583823685456 0.64101551497145759
l 3839 3840
v -0.48998134645031755 0.6424080441970158 0.77422116938790331
v -0.48927611795855697 0.64285811676795002 0.77613641079703322
l 3841 3842
v -0.50378214764853313 0.55318776504438272 0.33715477809866523
v -0.50375736307839558 0.55392559631425986 0.3407982267383709
l 3843 3844
v -0.50853664920694919 0.59916136212341531 0.56775095338473014
v -0.50850014640920072 0.5996383672238137 0.57033310060849496
l 3845 3846
v 0.47135688484849897 0.48626082629640077 -0.19175696666277883
v 0.47130708276090655 0.48508054523985411 -0.18891587560139658
l 3847 3848
v 0.015591483583574621 0.65788769640578437 1.0377499127609549
v 0.016752470264310509 0.65744519315110039 1.0366729235427561
l 3849 3850
v -0.4230411253403355 0.51614708909963847 -0.38354074441104596
v -0.4223570622969936 0.5161582707407546 -0.38283151902050311
l 3851 3852
v 0.5977041803473524 -0.091359297713182602 -0.17346446170391561
v 0.59738468302545034 -0.084875513831235733 -0.17613081679759501
l 3853 3854
v 0.051683157772768794 0.56971305649842341 -0.35647948616510011
v 0.056018657891999425 0.56915742117796819 -0.35638997918600462
l 3855 3856
v 0.49705778645799037 0.25524169685330217 -0.35816014927249562
v 0.49373585892393712 0.26739215372119124 -0.3547299392857014
l 3857 3858
v 0.096706879684276159 0.65335063490331313 0.9996744317338957
v 0.094707402041607325 0.65394051518976548 1.0019942599012361
l 3859 3860
v 0.59345574959817415 -0.085796763115905769 -0.16670467116332813
v 0.59339205637869352 -0.080945040172554009 -0.1701863243391438
l 3861 3862
v 0.010736788849703272 0.65991205574855261 1.0390670087899438
v 0.012625674490459959 0.6604699432672555 1.0377838823233374
l 3863 3864
v 0.079376629200091905 0.6521796104199874 1.0082003895788376
v 0.081618734989056044 0.65161906511712198 1.0073998148889358
l 3865 3866
v 0.0055032129110418639 0.65315877129565159 1.0349979818476531
v 0.008953988674131743 0.65417052577008328 1.0352861463414338
l 3867 3868
v -0.20393475857622459 0.55405084854939401 -0.36091792576474524
v -0.20305442842595742 0.55420608752390921 -0.36092633015947961
l 3869 3870
v 0.58916747667301328 -0.008022022815557044 -0.31770691187210115
v 0.59322488210689395 -0.02809550109305807 -0.27632090537719695
l 3871 3872
v 0.50437835174266388 0.53326608905389994 -0.46811284294311989
v 0.5024464992934079 0.5374490999262026 -0.46939728984649193
l 3873 3874
v 0.12500761826708903 0.55725618092292162 -0.36012436782225021
v 0.12775958697125325 0.55683533461815504 -0.36009280050889603
l 3875 3876
v 0.56167509884681743 0.08026314820950782 -0.38021396123951851
v 0.56107375292930561 0.082951028683726433 -0.37980784452372612
l 3877 3878
v 0.59352217660049345 -0.0143245884193777 -0.39768807356759761
v 0.59084369196792696 -0.0068290273682476126 -0.39571042592123296
l 3879 3880
v 0.46989115689938249 0.48742065976130255 -0.18716227483734169
v 0.46985218311602889 0.48649700333607904 -0.18493891286865197
l 3881 3882
v -0.50554891667697655 0.62913117046094558 0.71096916088743178
v -0.50512532152797951 0.62958791618608811 0.71314375510530503
l 3883 3884
v -0.50870932790565848 0.57186796356058678 0.40846075604365489
v -0.50916741636466623 0.57387457203053871 0.41619126011921742
l 3885 3886
v 0.55221485225760436 0.10326232265391908 -0.36269677980145915
v 0.54484690101540589 0.12358133245548644 -0.35874717132845418
l 3887 3888
v -0.022289859957814798 0.64859675688809293 1.0407428179176084
v -0.022823122434496298 0.65066791253024203 1.0424173440544375
l 3889 3890
v -0.51046767615327682 0.58542632049186749 0.48992319671383777
v -0.51045748806944047 0.58556438499824481 0.49066434534319958
l 3891 3892
v 0.58908226042602896 -0.089724348156310252 -0.017219558827874282
v 0.58911238164092661 -0.089762135179184743 -0.016504521943333527
l 3893 3894
v 0.48483073095501961 0.50360877397937331 -0.59748625944928824
v 0.48690140863238274 0.50315170404034104 -0.59463631917162241
l 3895 3896
v 0.087402280888364478 0.65227731904708397 1.0067962153326704
v 0.085961270609094934 0.6532373742131089 1.0087889687646197
l 3897 3898
v 0.1086233877194117 0.65027149006294871 0.98549694995788628
v 0.11058634290574089 0.64997284129691457 0.98454217929931587
l 3899 3900
v 0.52164366652276795 0.18454627835170931 -0.36742474757102578
v 0.51676556657049377 0.19731329238994413 -0.36555091418358238
l 3901 3902
v 0.38269947408379584 0.51060616855837715 -0.47756900224580096
v 0.3829816138869378 0.51746404285214531 -0.45883504715071394
l 3903 3904
v -0.52388990101000565 0.51009076423489097 0.10383436192118413
v -0.5239782315812419 0.51021475010074135 0.10470880459702724
l 3905 3906
